id	agency	fmt	sclass	workload	lane	rc	wall_ms
nasa-epub-0001	nasa	epub	1-10MiB	text_once	v	0	35
nasa-epub-0001	nasa	epub	1-10MiB	text_once	a0	0	38
nasa-epub-0001	nasa	epub	1-10MiB	text_once	a1	0	2
nasa-epub-0001	nasa	epub	1-10MiB	heading	v	0	57
nasa-epub-0001	nasa	epub	1-10MiB	heading	a0	0	38
nasa-epub-0001	nasa	epub	1-10MiB	heading	a1	0	2
nasa-epub-0001	nasa	epub	1-10MiB	table	v	0	21
nasa-epub-0001	nasa	epub	1-10MiB	table	a0	0	37
nasa-epub-0001	nasa	epub	1-10MiB	table	a1	0	1
nasa-epub-0001	nasa	epub	1-10MiB	resource	v	0	9
nasa-epub-0001	nasa	epub	1-10MiB	resource	a0	0	37
nasa-epub-0001	nasa	epub	1-10MiB	resource	a1	0	2
nasa-epub-0001	nasa	epub	1-10MiB	metadata	v	0	10
nasa-epub-0001	nasa	epub	1-10MiB	metadata	a0	0	36
nasa-epub-0001	nasa	epub	1-10MiB	metadata	a1	0	1
nasa-epub-0001	nasa	epub	1-10MiB	text_repeat	v	0	46
nasa-epub-0001	nasa	epub	1-10MiB	text_repeat	a0	0	185
nasa-epub-0001	nasa	epub	1-10MiB	text_repeat	a1	0	6
nasa-epub-0001	nasa	epub	1-10MiB	text_repeat	v_r	0	10
nasa-epub-0001	nasa	epub	1-10MiB	session_mixed	v_r	0	10
nasa-epub-0001	nasa	epub	1-10MiB	exact	v	0	17
nasa-epub-0001	nasa	epub	1-10MiB	exact	a1	0	2
nasa-epub-0001	nasa	epub	1-10MiB	exact	a0	0	1
nasa-epub-0002	nasa	epub	10-50MiB	text_once	v	0	320
nasa-epub-0002	nasa	epub	10-50MiB	text_once	a0	0	40
nasa-epub-0002	nasa	epub	10-50MiB	text_once	a1	0	2
nasa-epub-0002	nasa	epub	10-50MiB	heading	v	0	37
nasa-epub-0002	nasa	epub	10-50MiB	heading	a0	0	39
nasa-epub-0002	nasa	epub	10-50MiB	heading	a1	0	1
nasa-epub-0002	nasa	epub	10-50MiB	table	v	6	2567
nasa-epub-0002	nasa	epub	10-50MiB	table	a0	0	39
nasa-epub-0002	nasa	epub	10-50MiB	table	a1	0	2
nasa-epub-0002	nasa	epub	10-50MiB	resource	v	0	36
nasa-epub-0002	nasa	epub	10-50MiB	resource	a0	0	39
nasa-epub-0002	nasa	epub	10-50MiB	resource	a1	0	2
nasa-epub-0002	nasa	epub	10-50MiB	metadata	v	0	36
nasa-epub-0002	nasa	epub	10-50MiB	metadata	a0	0	38
nasa-epub-0002	nasa	epub	10-50MiB	metadata	a1	0	2
nasa-epub-0002	nasa	epub	10-50MiB	text_repeat	v	0	175
nasa-epub-0002	nasa	epub	10-50MiB	text_repeat	a0	0	185
nasa-epub-0002	nasa	epub	10-50MiB	text_repeat	a1	0	8
nasa-epub-0002	nasa	epub	10-50MiB	text_repeat	v_r	0	36
nasa-epub-0002	nasa	epub	10-50MiB	session_mixed	v_r	0	38
nasa-epub-0002	nasa	epub	10-50MiB	exact	v	0	133
nasa-epub-0002	nasa	epub	10-50MiB	exact	a1	0	7
nasa-epub-0002	nasa	epub	10-50MiB	exact	a0	0	4
nasa-epub-0003	nasa	epub	1-10MiB	text_once	v	0	46
nasa-epub-0003	nasa	epub	1-10MiB	text_once	a0	0	25
nasa-epub-0003	nasa	epub	1-10MiB	text_once	a1	0	2
nasa-epub-0003	nasa	epub	1-10MiB	heading	v	0	17
nasa-epub-0003	nasa	epub	1-10MiB	heading	a0	0	24
nasa-epub-0003	nasa	epub	1-10MiB	heading	a1	0	1
nasa-epub-0003	nasa	epub	1-10MiB	table	v	0	31
nasa-epub-0003	nasa	epub	1-10MiB	table	a0	0	25
nasa-epub-0003	nasa	epub	1-10MiB	table	a1	0	2
nasa-epub-0003	nasa	epub	1-10MiB	resource	v	0	8
nasa-epub-0003	nasa	epub	1-10MiB	resource	a0	0	25
nasa-epub-0003	nasa	epub	1-10MiB	resource	a1	0	1
nasa-epub-0003	nasa	epub	1-10MiB	metadata	v	0	8
nasa-epub-0003	nasa	epub	1-10MiB	metadata	a0	0	24
nasa-epub-0003	nasa	epub	1-10MiB	metadata	a1	0	1
nasa-epub-0003	nasa	epub	1-10MiB	text_repeat	v	0	39
nasa-epub-0003	nasa	epub	1-10MiB	text_repeat	a0	0	123
nasa-epub-0003	nasa	epub	1-10MiB	text_repeat	a1	0	7
nasa-epub-0003	nasa	epub	1-10MiB	text_repeat	v_r	0	8
nasa-epub-0003	nasa	epub	1-10MiB	session_mixed	v_r	0	9
nasa-epub-0003	nasa	epub	1-10MiB	exact	v	0	15
nasa-epub-0003	nasa	epub	1-10MiB	exact	a1	0	3
nasa-epub-0003	nasa	epub	1-10MiB	exact	a0	0	1
nasa-epub-0004	nasa	epub	1-10MiB	text_once	v	0	45
nasa-epub-0004	nasa	epub	1-10MiB	text_once	a0	0	25
nasa-epub-0004	nasa	epub	1-10MiB	text_once	a1	0	1
nasa-epub-0004	nasa	epub	1-10MiB	heading	v	0	18
nasa-epub-0004	nasa	epub	1-10MiB	heading	a0	0	25
nasa-epub-0004	nasa	epub	1-10MiB	heading	a1	0	1
nasa-epub-0004	nasa	epub	1-10MiB	table	v	0	34
nasa-epub-0004	nasa	epub	1-10MiB	table	a0	0	26
nasa-epub-0004	nasa	epub	1-10MiB	table	a1	0	2
nasa-epub-0004	nasa	epub	1-10MiB	resource	v	0	10
nasa-epub-0004	nasa	epub	1-10MiB	resource	a0	0	25
nasa-epub-0004	nasa	epub	1-10MiB	resource	a1	0	2
nasa-epub-0004	nasa	epub	1-10MiB	metadata	v	0	10
nasa-epub-0004	nasa	epub	1-10MiB	metadata	a0	0	24
nasa-epub-0004	nasa	epub	1-10MiB	metadata	a1	0	1
nasa-epub-0004	nasa	epub	1-10MiB	text_repeat	v	0	53
nasa-epub-0004	nasa	epub	1-10MiB	text_repeat	a0	0	125
nasa-epub-0004	nasa	epub	1-10MiB	text_repeat	a1	0	6
nasa-epub-0004	nasa	epub	1-10MiB	text_repeat	v_r	0	11
nasa-epub-0004	nasa	epub	1-10MiB	session_mixed	v_r	0	10
nasa-epub-0004	nasa	epub	1-10MiB	exact	v	0	18
nasa-epub-0004	nasa	epub	1-10MiB	exact	a1	0	3
nasa-epub-0004	nasa	epub	1-10MiB	exact	a0	0	2
nasa-epub-0005	nasa	epub	1-10MiB	text_once	v	0	119
nasa-epub-0005	nasa	epub	1-10MiB	text_once	a0	0	26
nasa-epub-0005	nasa	epub	1-10MiB	text_once	a1	0	2
nasa-epub-0005	nasa	epub	1-10MiB	heading	v	0	36
nasa-epub-0005	nasa	epub	1-10MiB	heading	a0	0	25
nasa-epub-0005	nasa	epub	1-10MiB	heading	a1	0	2
nasa-epub-0005	nasa	epub	1-10MiB	table	v	0	327
nasa-epub-0005	nasa	epub	1-10MiB	table	a0	0	26
nasa-epub-0005	nasa	epub	1-10MiB	table	a1	0	1
nasa-epub-0005	nasa	epub	1-10MiB	resource	v	0	10
nasa-epub-0005	nasa	epub	1-10MiB	resource	a0	0	25
nasa-epub-0005	nasa	epub	1-10MiB	resource	a1	0	1
nasa-epub-0005	nasa	epub	1-10MiB	metadata	v	0	10
nasa-epub-0005	nasa	epub	1-10MiB	metadata	a0	0	25
nasa-epub-0005	nasa	epub	1-10MiB	metadata	a1	0	1
nasa-epub-0005	nasa	epub	1-10MiB	text_repeat	v	0	52
nasa-epub-0005	nasa	epub	1-10MiB	text_repeat	a0	0	123
nasa-epub-0005	nasa	epub	1-10MiB	text_repeat	a1	0	8
nasa-epub-0005	nasa	epub	1-10MiB	text_repeat	v_r	0	11
nasa-epub-0005	nasa	epub	1-10MiB	session_mixed	v_r	0	11
nasa-epub-0005	nasa	epub	1-10MiB	exact	v	0	37
nasa-epub-0005	nasa	epub	1-10MiB	exact	a1	0	3
nasa-epub-0005	nasa	epub	1-10MiB	exact	a0	0	1
nasa-epub-0006	nasa	epub	10-50MiB	text_once	v	0	173
nasa-epub-0006	nasa	epub	10-50MiB	text_once	a0	0	37
nasa-epub-0006	nasa	epub	10-50MiB	text_once	a1	0	1
nasa-epub-0006	nasa	epub	10-50MiB	heading	v	0	72
nasa-epub-0006	nasa	epub	10-50MiB	heading	a0	0	37
nasa-epub-0006	nasa	epub	10-50MiB	heading	a1	0	2
nasa-epub-0006	nasa	epub	10-50MiB	table	v	0	267
nasa-epub-0006	nasa	epub	10-50MiB	table	a0	0	38
nasa-epub-0006	nasa	epub	10-50MiB	table	a1	0	1
nasa-epub-0006	nasa	epub	10-50MiB	resource	v	0	21
nasa-epub-0006	nasa	epub	10-50MiB	resource	a0	0	39
nasa-epub-0006	nasa	epub	10-50MiB	resource	a1	0	2
nasa-epub-0006	nasa	epub	10-50MiB	metadata	v	0	22
nasa-epub-0006	nasa	epub	10-50MiB	metadata	a0	0	38
nasa-epub-0006	nasa	epub	10-50MiB	metadata	a1	0	2
nasa-epub-0006	nasa	epub	10-50MiB	text_repeat	v	0	109
nasa-epub-0006	nasa	epub	10-50MiB	text_repeat	a0	0	187
nasa-epub-0006	nasa	epub	10-50MiB	text_repeat	a1	0	6
nasa-epub-0006	nasa	epub	10-50MiB	text_repeat	v_r	0	22
nasa-epub-0006	nasa	epub	10-50MiB	session_mixed	v_r	0	21
nasa-epub-0006	nasa	epub	10-50MiB	exact	v	0	77
nasa-epub-0006	nasa	epub	10-50MiB	exact	a1	0	5
nasa-epub-0006	nasa	epub	10-50MiB	exact	a0	0	2
nasa-epub-0007	nasa	epub	10-50MiB	text_once	v	0	876
nasa-epub-0007	nasa	epub	10-50MiB	text_once	a0	0	50
nasa-epub-0007	nasa	epub	10-50MiB	text_once	a1	0	2
nasa-epub-0007	nasa	epub	10-50MiB	heading	v	6	17707
nasa-epub-0007	nasa	epub	10-50MiB	heading	a0	0	50
nasa-epub-0007	nasa	epub	10-50MiB	heading	a1	0	2
nasa-epub-0007	nasa	epub	10-50MiB	table	v	0	98
nasa-epub-0007	nasa	epub	10-50MiB	table	a0	0	51
nasa-epub-0007	nasa	epub	10-50MiB	table	a1	0	1
nasa-epub-0007	nasa	epub	10-50MiB	resource	v	0	89
nasa-epub-0007	nasa	epub	10-50MiB	resource	a0	0	52
nasa-epub-0007	nasa	epub	10-50MiB	resource	a1	0	2
nasa-epub-0007	nasa	epub	10-50MiB	metadata	v	0	88
nasa-epub-0007	nasa	epub	10-50MiB	metadata	a0	0	50
nasa-epub-0007	nasa	epub	10-50MiB	metadata	a1	0	2
nasa-epub-0007	nasa	epub	10-50MiB	text_repeat	v	0	431
nasa-epub-0007	nasa	epub	10-50MiB	text_repeat	a0	0	244
nasa-epub-0007	nasa	epub	10-50MiB	text_repeat	a1	0	6
nasa-epub-0007	nasa	epub	10-50MiB	text_repeat	v_r	0	88
nasa-epub-0007	nasa	epub	10-50MiB	session_mixed	v_r	0	108
nasa-epub-0007	nasa	epub	10-50MiB	exact	v	0	324
nasa-epub-0007	nasa	epub	10-50MiB	exact	a1	0	13
nasa-epub-0007	nasa	epub	10-50MiB	exact	a0	0	6
nasa-epub-0008	nasa	epub	10-50MiB	text_once	v	0	386
nasa-epub-0008	nasa	epub	10-50MiB	text_once	a0	0	39
nasa-epub-0008	nasa	epub	10-50MiB	text_once	a1	0	2
nasa-epub-0008	nasa	epub	10-50MiB	heading	v	6	9315
nasa-epub-0008	nasa	epub	10-50MiB	heading	a0	0	43
nasa-epub-0008	nasa	epub	10-50MiB	heading	a1	0	2
nasa-epub-0008	nasa	epub	10-50MiB	table	v	0	57
nasa-epub-0008	nasa	epub	10-50MiB	table	a0	0	42
nasa-epub-0008	nasa	epub	10-50MiB	table	a1	0	2
nasa-epub-0008	nasa	epub	10-50MiB	resource	v	0	50
nasa-epub-0008	nasa	epub	10-50MiB	resource	a0	0	44
nasa-epub-0008	nasa	epub	10-50MiB	resource	a1	0	2
nasa-epub-0008	nasa	epub	10-50MiB	metadata	v	0	51
nasa-epub-0008	nasa	epub	10-50MiB	metadata	a0	0	45
nasa-epub-0008	nasa	epub	10-50MiB	metadata	a1	0	2
nasa-epub-0008	nasa	epub	10-50MiB	text_repeat	v	0	252
nasa-epub-0008	nasa	epub	10-50MiB	text_repeat	a0	0	206
nasa-epub-0008	nasa	epub	10-50MiB	text_repeat	a1	0	6
nasa-epub-0008	nasa	epub	10-50MiB	text_repeat	v_r	0	50
nasa-epub-0008	nasa	epub	10-50MiB	session_mixed	v_r	0	65
nasa-epub-0008	nasa	epub	10-50MiB	exact	v	0	181
nasa-epub-0008	nasa	epub	10-50MiB	exact	a1	0	9
nasa-epub-0008	nasa	epub	10-50MiB	exact	a0	0	4
nasa-epub-0009	nasa	epub	10-50MiB	text_once	v	0	601
nasa-epub-0009	nasa	epub	10-50MiB	text_once	a0	0	49
nasa-epub-0009	nasa	epub	10-50MiB	text_once	a1	0	2
nasa-epub-0009	nasa	epub	10-50MiB	heading	v	6	14602
nasa-epub-0009	nasa	epub	10-50MiB	heading	a0	0	49
nasa-epub-0009	nasa	epub	10-50MiB	heading	a1	0	2
nasa-epub-0009	nasa	epub	10-50MiB	table	v	0	84
nasa-epub-0009	nasa	epub	10-50MiB	table	a0	0	47
nasa-epub-0009	nasa	epub	10-50MiB	table	a1	0	2
nasa-epub-0009	nasa	epub	10-50MiB	resource	v	0	76
nasa-epub-0009	nasa	epub	10-50MiB	resource	a0	0	49
nasa-epub-0009	nasa	epub	10-50MiB	resource	a1	0	2
nasa-epub-0009	nasa	epub	10-50MiB	metadata	v	0	78
nasa-epub-0009	nasa	epub	10-50MiB	metadata	a0	0	47
nasa-epub-0009	nasa	epub	10-50MiB	metadata	a1	0	2
nasa-epub-0009	nasa	epub	10-50MiB	text_repeat	v	0	387
nasa-epub-0009	nasa	epub	10-50MiB	text_repeat	a0	0	240
nasa-epub-0009	nasa	epub	10-50MiB	text_repeat	a1	0	6
nasa-epub-0009	nasa	epub	10-50MiB	text_repeat	v_r	0	77
nasa-epub-0009	nasa	epub	10-50MiB	session_mixed	v_r	0	91
nasa-epub-0009	nasa	epub	10-50MiB	exact	v	0	279
nasa-epub-0009	nasa	epub	10-50MiB	exact	a1	0	14
nasa-epub-0009	nasa	epub	10-50MiB	exact	a0	0	6
nasa-epub-0010	nasa	epub	10-50MiB	text_once	v	0	864
nasa-epub-0010	nasa	epub	10-50MiB	text_once	a0	1	25
nasa-epub-0010	nasa	epub	10-50MiB	text_once	a1	1	2
nasa-epub-0010	nasa	epub	10-50MiB	heading	v	0	458
nasa-epub-0010	nasa	epub	10-50MiB	heading	a0	1	24
nasa-epub-0010	nasa	epub	10-50MiB	heading	a1	1	2
nasa-epub-0010	nasa	epub	10-50MiB	table	v	19	626
nasa-epub-0010	nasa	epub	10-50MiB	table	a0	1	23
nasa-epub-0010	nasa	epub	10-50MiB	table	a1	1	1
nasa-epub-0010	nasa	epub	10-50MiB	resource	v	0	85
nasa-epub-0010	nasa	epub	10-50MiB	resource	a0	1	25
nasa-epub-0010	nasa	epub	10-50MiB	resource	a1	1	1
nasa-epub-0010	nasa	epub	10-50MiB	metadata	v	0	84
nasa-epub-0010	nasa	epub	10-50MiB	metadata	a0	1	23
nasa-epub-0010	nasa	epub	10-50MiB	metadata	a1	1	2
nasa-epub-0010	nasa	epub	10-50MiB	text_repeat	v	0	434
nasa-epub-0010	nasa	epub	10-50MiB	text_repeat	a0	1	118
nasa-epub-0010	nasa	epub	10-50MiB	text_repeat	a1	1	6
nasa-epub-0010	nasa	epub	10-50MiB	text_repeat	v_r	0	87
nasa-epub-0010	nasa	epub	10-50MiB	session_mixed	v_r	0	87
nasa-epub-0010	nasa	epub	10-50MiB	exact	v	0	319
nasa-epub-0010	nasa	epub	10-50MiB	exact	a1	1	2
nasa-epub-0010	nasa	epub	10-50MiB	exact	a0	0	7
nasa-epub-0011	nasa	epub	1-10MiB	text_once	v	0	170
nasa-epub-0011	nasa	epub	1-10MiB	text_once	a0	0	44
nasa-epub-0011	nasa	epub	1-10MiB	text_once	a1	0	1
nasa-epub-0011	nasa	epub	1-10MiB	heading	v	0	69
nasa-epub-0011	nasa	epub	1-10MiB	heading	a0	0	45
nasa-epub-0011	nasa	epub	1-10MiB	heading	a1	0	2
nasa-epub-0011	nasa	epub	1-10MiB	table	v	0	408
nasa-epub-0011	nasa	epub	1-10MiB	table	a0	0	44
nasa-epub-0011	nasa	epub	1-10MiB	table	a1	0	2
nasa-epub-0011	nasa	epub	1-10MiB	resource	v	0	22
nasa-epub-0011	nasa	epub	1-10MiB	resource	a0	0	44
nasa-epub-0011	nasa	epub	1-10MiB	resource	a1	0	2
nasa-epub-0011	nasa	epub	1-10MiB	metadata	v	0	21
nasa-epub-0011	nasa	epub	1-10MiB	metadata	a0	0	45
nasa-epub-0011	nasa	epub	1-10MiB	metadata	a1	0	1
nasa-epub-0011	nasa	epub	1-10MiB	text_repeat	v	0	108
nasa-epub-0011	nasa	epub	1-10MiB	text_repeat	a0	0	217
nasa-epub-0011	nasa	epub	1-10MiB	text_repeat	a1	0	8
nasa-epub-0011	nasa	epub	1-10MiB	text_repeat	v_r	0	22
nasa-epub-0011	nasa	epub	1-10MiB	session_mixed	v_r	0	21
nasa-epub-0011	nasa	epub	1-10MiB	exact	v	0	76
nasa-epub-0011	nasa	epub	1-10MiB	exact	a1	0	5
nasa-epub-0011	nasa	epub	1-10MiB	exact	a0	0	2
nasa-epub-0012	nasa	epub	10-50MiB	text_once	v	0	506
nasa-epub-0012	nasa	epub	10-50MiB	text_once	a0	0	45
nasa-epub-0012	nasa	epub	10-50MiB	text_once	a1	0	2
nasa-epub-0012	nasa	epub	10-50MiB	heading	v	0	337
nasa-epub-0012	nasa	epub	10-50MiB	heading	a0	0	43
nasa-epub-0012	nasa	epub	10-50MiB	heading	a1	0	2
nasa-epub-0012	nasa	epub	10-50MiB	table	v	0	1032
nasa-epub-0012	nasa	epub	10-50MiB	table	a0	0	46
nasa-epub-0012	nasa	epub	10-50MiB	table	a1	0	2
nasa-epub-0012	nasa	epub	10-50MiB	resource	v	0	65
nasa-epub-0012	nasa	epub	10-50MiB	resource	a0	0	50
nasa-epub-0012	nasa	epub	10-50MiB	resource	a1	0	2
nasa-epub-0012	nasa	epub	10-50MiB	metadata	v	0	64
nasa-epub-0012	nasa	epub	10-50MiB	metadata	a0	0	45
nasa-epub-0012	nasa	epub	10-50MiB	metadata	a1	0	1
nasa-epub-0012	nasa	epub	10-50MiB	text_repeat	v	0	323
nasa-epub-0012	nasa	epub	10-50MiB	text_repeat	a0	0	229
nasa-epub-0012	nasa	epub	10-50MiB	text_repeat	a1	0	7
nasa-epub-0012	nasa	epub	10-50MiB	text_repeat	v_r	0	65
nasa-epub-0012	nasa	epub	10-50MiB	session_mixed	v_r	0	66
nasa-epub-0012	nasa	epub	10-50MiB	exact	v	0	240
nasa-epub-0012	nasa	epub	10-50MiB	exact	a1	0	12
nasa-epub-0012	nasa	epub	10-50MiB	exact	a0	0	6
nasa-epub-0013	nasa	epub	1-10MiB	text_once	v	0	44
nasa-epub-0013	nasa	epub	1-10MiB	text_once	a0	0	25
nasa-epub-0013	nasa	epub	1-10MiB	text_once	a1	0	1
nasa-epub-0013	nasa	epub	1-10MiB	heading	v	0	18
nasa-epub-0013	nasa	epub	1-10MiB	heading	a0	0	25
nasa-epub-0013	nasa	epub	1-10MiB	heading	a1	0	2
nasa-epub-0013	nasa	epub	1-10MiB	table	v	0	110
nasa-epub-0013	nasa	epub	1-10MiB	table	a0	0	26
nasa-epub-0013	nasa	epub	1-10MiB	table	a1	0	2
nasa-epub-0013	nasa	epub	1-10MiB	resource	v	0	11
nasa-epub-0013	nasa	epub	1-10MiB	resource	a0	0	26
nasa-epub-0013	nasa	epub	1-10MiB	resource	a1	0	1
nasa-epub-0013	nasa	epub	1-10MiB	metadata	v	0	10
nasa-epub-0013	nasa	epub	1-10MiB	metadata	a0	0	25
nasa-epub-0013	nasa	epub	1-10MiB	metadata	a1	0	1
nasa-epub-0013	nasa	epub	1-10MiB	text_repeat	v	0	53
nasa-epub-0013	nasa	epub	1-10MiB	text_repeat	a0	0	125
nasa-epub-0013	nasa	epub	1-10MiB	text_repeat	a1	0	6
nasa-epub-0013	nasa	epub	1-10MiB	text_repeat	v_r	0	11
nasa-epub-0013	nasa	epub	1-10MiB	session_mixed	v_r	0	12
nasa-epub-0013	nasa	epub	1-10MiB	exact	v	0	19
nasa-epub-0013	nasa	epub	1-10MiB	exact	a1	0	4
nasa-epub-0013	nasa	epub	1-10MiB	exact	a0	0	1
nasa-epub-0014	nasa	epub	1-10MiB	text_once	v	0	76
nasa-epub-0014	nasa	epub	1-10MiB	text_once	a0	0	35
nasa-epub-0014	nasa	epub	1-10MiB	text_once	a1	0	2
nasa-epub-0014	nasa	epub	1-10MiB	heading	v	6	545
nasa-epub-0014	nasa	epub	1-10MiB	heading	a0	0	34
nasa-epub-0014	nasa	epub	1-10MiB	heading	a1	0	1
nasa-epub-0014	nasa	epub	1-10MiB	table	v	0	9
nasa-epub-0014	nasa	epub	1-10MiB	table	a0	0	35
nasa-epub-0014	nasa	epub	1-10MiB	table	a1	0	3
nasa-epub-0014	nasa	epub	1-10MiB	resource	v	0	10
nasa-epub-0014	nasa	epub	1-10MiB	resource	a0	0	37
nasa-epub-0014	nasa	epub	1-10MiB	resource	a1	0	1
nasa-epub-0014	nasa	epub	1-10MiB	metadata	v	0	9
nasa-epub-0014	nasa	epub	1-10MiB	metadata	a0	0	34
nasa-epub-0014	nasa	epub	1-10MiB	metadata	a1	0	1
nasa-epub-0014	nasa	epub	1-10MiB	text_repeat	v	0	44
nasa-epub-0014	nasa	epub	1-10MiB	text_repeat	a0	0	172
nasa-epub-0014	nasa	epub	1-10MiB	text_repeat	a1	0	6
nasa-epub-0014	nasa	epub	1-10MiB	text_repeat	v_r	0	10
nasa-epub-0014	nasa	epub	1-10MiB	session_mixed	v_r	0	11
nasa-epub-0014	nasa	epub	1-10MiB	exact	v	0	31
nasa-epub-0014	nasa	epub	1-10MiB	exact	a1	0	4
nasa-epub-0014	nasa	epub	1-10MiB	exact	a0	0	1
nasa-epub-0015	nasa	epub	1-10MiB	text_once	v	0	48
nasa-epub-0015	nasa	epub	1-10MiB	text_once	a0	0	27
nasa-epub-0015	nasa	epub	1-10MiB	text_once	a1	0	2
nasa-epub-0015	nasa	epub	1-10MiB	heading	v	0	19
nasa-epub-0015	nasa	epub	1-10MiB	heading	a0	0	26
nasa-epub-0015	nasa	epub	1-10MiB	heading	a1	0	1
nasa-epub-0015	nasa	epub	1-10MiB	table	v	0	83
nasa-epub-0015	nasa	epub	1-10MiB	table	a0	0	28
nasa-epub-0015	nasa	epub	1-10MiB	table	a1	0	2
nasa-epub-0015	nasa	epub	1-10MiB	resource	v	0	11
nasa-epub-0015	nasa	epub	1-10MiB	resource	a0	0	26
nasa-epub-0015	nasa	epub	1-10MiB	resource	a1	0	1
nasa-epub-0015	nasa	epub	1-10MiB	metadata	v	0	10
nasa-epub-0015	nasa	epub	1-10MiB	metadata	a0	0	26
nasa-epub-0015	nasa	epub	1-10MiB	metadata	a1	0	2
nasa-epub-0015	nasa	epub	1-10MiB	text_repeat	v	0	54
nasa-epub-0015	nasa	epub	1-10MiB	text_repeat	a0	0	133
nasa-epub-0015	nasa	epub	1-10MiB	text_repeat	a1	0	7
nasa-epub-0015	nasa	epub	1-10MiB	text_repeat	v_r	0	11
nasa-epub-0015	nasa	epub	1-10MiB	session_mixed	v_r	0	11
nasa-epub-0015	nasa	epub	1-10MiB	exact	v	0	20
nasa-epub-0015	nasa	epub	1-10MiB	exact	a1	0	3
nasa-epub-0015	nasa	epub	1-10MiB	exact	a0	0	2
nasa-pdf-eb-01	nasa	pdf	1-10MiB	text_once	v	6	1
nasa-pdf-eb-01	nasa	pdf	1-10MiB	text_once	a0	0	9
nasa-pdf-eb-01	nasa	pdf	1-10MiB	text_once	a1	0	2
nasa-pdf-eb-01	nasa	pdf	1-10MiB	heading	v	3	0
nasa-pdf-eb-01	nasa	pdf	1-10MiB	heading	a0	3	0
nasa-pdf-eb-01	nasa	pdf	1-10MiB	heading	a1	3	0
nasa-pdf-eb-01	nasa	pdf	1-10MiB	table	v	3	0
nasa-pdf-eb-01	nasa	pdf	1-10MiB	table	a0	3	0
nasa-pdf-eb-01	nasa	pdf	1-10MiB	table	a1	3	0
nasa-pdf-eb-01	nasa	pdf	1-10MiB	resource	v	3	0
nasa-pdf-eb-01	nasa	pdf	1-10MiB	resource	a0	3	0
nasa-pdf-eb-01	nasa	pdf	1-10MiB	resource	a1	3	0
nasa-pdf-eb-01	nasa	pdf	1-10MiB	metadata	v	0	10
nasa-pdf-eb-01	nasa	pdf	1-10MiB	metadata	a0	0	7
nasa-pdf-eb-01	nasa	pdf	1-10MiB	metadata	a1	0	1
nasa-pdf-eb-01	nasa	pdf	1-10MiB	text_repeat	v	6	5
nasa-pdf-eb-01	nasa	pdf	1-10MiB	text_repeat	a0	0	40
nasa-pdf-eb-01	nasa	pdf	1-10MiB	text_repeat	a1	0	7
nasa-pdf-eb-01	nasa	pdf	1-10MiB	text_repeat	v_r	70	9
nasa-pdf-eb-01	nasa	pdf	1-10MiB	session_mixed	v_r	0	9
nasa-pdf-eb-01	nasa	pdf	1-10MiB	exact	v	0	36
nasa-pdf-eb-01	nasa	pdf	1-10MiB	exact	a1	0	3
nasa-pdf-eb-01	nasa	pdf	1-10MiB	exact	a0	0	1
nasa-pdf-eb-02	nasa	pdf	10-50MiB	text_once	v	6	1
nasa-pdf-eb-02	nasa	pdf	10-50MiB	text_once	a0	0	4
nasa-pdf-eb-02	nasa	pdf	10-50MiB	text_once	a1	0	1
nasa-pdf-eb-02	nasa	pdf	10-50MiB	heading	v	3	0
nasa-pdf-eb-02	nasa	pdf	10-50MiB	heading	a0	3	0
nasa-pdf-eb-02	nasa	pdf	10-50MiB	heading	a1	3	0
nasa-pdf-eb-02	nasa	pdf	10-50MiB	table	v	3	0
nasa-pdf-eb-02	nasa	pdf	10-50MiB	table	a0	3	0
nasa-pdf-eb-02	nasa	pdf	10-50MiB	table	a1	3	0
nasa-pdf-eb-02	nasa	pdf	10-50MiB	resource	v	3	0
nasa-pdf-eb-02	nasa	pdf	10-50MiB	resource	a0	3	0
nasa-pdf-eb-02	nasa	pdf	10-50MiB	resource	a1	3	0
nasa-pdf-eb-02	nasa	pdf	10-50MiB	metadata	v	0	45
nasa-pdf-eb-02	nasa	pdf	10-50MiB	metadata	a0	0	5
nasa-pdf-eb-02	nasa	pdf	10-50MiB	metadata	a1	0	2
nasa-pdf-eb-02	nasa	pdf	10-50MiB	text_repeat	v	6	157
nasa-pdf-eb-02	nasa	pdf	10-50MiB	text_repeat	a0	0	129
nasa-pdf-eb-02	nasa	pdf	10-50MiB	text_repeat	a1	0	16
nasa-pdf-eb-02	nasa	pdf	10-50MiB	text_repeat	v_r	70	45
nasa-pdf-eb-02	nasa	pdf	10-50MiB	session_mixed	v_r	0	45
nasa-pdf-eb-02	nasa	pdf	10-50MiB	exact	v	0	541
nasa-pdf-eb-02	nasa	pdf	10-50MiB	exact	a1	0	7
nasa-pdf-eb-02	nasa	pdf	10-50MiB	exact	a0	0	3
nasa-pdf-eb-03	nasa	pdf	1-10MiB	text_once	v	0	1131
nasa-pdf-eb-03	nasa	pdf	1-10MiB	text_once	a0	0	8
nasa-pdf-eb-03	nasa	pdf	1-10MiB	text_once	a1	0	2
nasa-pdf-eb-03	nasa	pdf	1-10MiB	heading	v	3	0
nasa-pdf-eb-03	nasa	pdf	1-10MiB	heading	a0	3	0
nasa-pdf-eb-03	nasa	pdf	1-10MiB	heading	a1	3	0
nasa-pdf-eb-03	nasa	pdf	1-10MiB	table	v	3	0
nasa-pdf-eb-03	nasa	pdf	1-10MiB	table	a0	3	0
nasa-pdf-eb-03	nasa	pdf	1-10MiB	table	a1	3	0
nasa-pdf-eb-03	nasa	pdf	1-10MiB	resource	v	3	0
nasa-pdf-eb-03	nasa	pdf	1-10MiB	resource	a0	3	0
nasa-pdf-eb-03	nasa	pdf	1-10MiB	resource	a1	3	0
nasa-pdf-eb-03	nasa	pdf	1-10MiB	metadata	v	0	6
nasa-pdf-eb-03	nasa	pdf	1-10MiB	metadata	a0	0	6
nasa-pdf-eb-03	nasa	pdf	1-10MiB	metadata	a1	0	2
nasa-pdf-eb-03	nasa	pdf	1-10MiB	text_repeat	v	0	8
nasa-pdf-eb-03	nasa	pdf	1-10MiB	text_repeat	a0	0	34
nasa-pdf-eb-03	nasa	pdf	1-10MiB	text_repeat	a1	0	10
nasa-pdf-eb-03	nasa	pdf	1-10MiB	text_repeat	v_r	0	6
nasa-pdf-eb-03	nasa	pdf	1-10MiB	session_mixed	v_r	0	6
nasa-pdf-eb-03	nasa	pdf	1-10MiB	exact	v	0	68
nasa-pdf-eb-03	nasa	pdf	1-10MiB	exact	a1	0	5
nasa-pdf-eb-03	nasa	pdf	1-10MiB	exact	a0	0	2
nasa-pdf-eb-04	nasa	pdf	1-10MiB	text_once	v	0	66
nasa-pdf-eb-04	nasa	pdf	1-10MiB	text_once	a0	0	11
nasa-pdf-eb-04	nasa	pdf	1-10MiB	text_once	a1	0	2
nasa-pdf-eb-04	nasa	pdf	1-10MiB	heading	v	3	0
nasa-pdf-eb-04	nasa	pdf	1-10MiB	heading	a0	3	0
nasa-pdf-eb-04	nasa	pdf	1-10MiB	heading	a1	3	0
nasa-pdf-eb-04	nasa	pdf	1-10MiB	table	v	3	0
nasa-pdf-eb-04	nasa	pdf	1-10MiB	table	a0	3	0
nasa-pdf-eb-04	nasa	pdf	1-10MiB	table	a1	3	0
nasa-pdf-eb-04	nasa	pdf	1-10MiB	resource	v	3	0
nasa-pdf-eb-04	nasa	pdf	1-10MiB	resource	a0	3	0
nasa-pdf-eb-04	nasa	pdf	1-10MiB	resource	a1	3	0
nasa-pdf-eb-04	nasa	pdf	1-10MiB	metadata	v	0	9
nasa-pdf-eb-04	nasa	pdf	1-10MiB	metadata	a0	0	3
nasa-pdf-eb-04	nasa	pdf	1-10MiB	metadata	a1	0	1
nasa-pdf-eb-04	nasa	pdf	1-10MiB	text_repeat	v	0	5
nasa-pdf-eb-04	nasa	pdf	1-10MiB	text_repeat	a0	0	51
nasa-pdf-eb-04	nasa	pdf	1-10MiB	text_repeat	a1	0	7
nasa-pdf-eb-04	nasa	pdf	1-10MiB	text_repeat	v_r	0	9
nasa-pdf-eb-04	nasa	pdf	1-10MiB	session_mixed	v_r	0	9
nasa-pdf-eb-04	nasa	pdf	1-10MiB	exact	v	0	16
nasa-pdf-eb-04	nasa	pdf	1-10MiB	exact	a1	0	3
nasa-pdf-eb-04	nasa	pdf	1-10MiB	exact	a0	0	1
nasa-pdf-eb-05	nasa	pdf	1-10MiB	text_once	v	0	22
nasa-pdf-eb-05	nasa	pdf	1-10MiB	text_once	a0	0	4
nasa-pdf-eb-05	nasa	pdf	1-10MiB	text_once	a1	0	1
nasa-pdf-eb-05	nasa	pdf	1-10MiB	heading	v	3	0
nasa-pdf-eb-05	nasa	pdf	1-10MiB	heading	a0	3	0
nasa-pdf-eb-05	nasa	pdf	1-10MiB	heading	a1	3	0
nasa-pdf-eb-05	nasa	pdf	1-10MiB	table	v	3	0
nasa-pdf-eb-05	nasa	pdf	1-10MiB	table	a0	3	0
nasa-pdf-eb-05	nasa	pdf	1-10MiB	table	a1	3	0
nasa-pdf-eb-05	nasa	pdf	1-10MiB	resource	v	3	0
nasa-pdf-eb-05	nasa	pdf	1-10MiB	resource	a0	3	0
nasa-pdf-eb-05	nasa	pdf	1-10MiB	resource	a1	3	0
nasa-pdf-eb-05	nasa	pdf	1-10MiB	metadata	v	0	5
nasa-pdf-eb-05	nasa	pdf	1-10MiB	metadata	a0	0	4
nasa-pdf-eb-05	nasa	pdf	1-10MiB	metadata	a1	0	2
nasa-pdf-eb-05	nasa	pdf	1-10MiB	text_repeat	v	0	6
nasa-pdf-eb-05	nasa	pdf	1-10MiB	text_repeat	a0	0	18
nasa-pdf-eb-05	nasa	pdf	1-10MiB	text_repeat	a1	0	5
nasa-pdf-eb-05	nasa	pdf	1-10MiB	text_repeat	v_r	0	4
nasa-pdf-eb-05	nasa	pdf	1-10MiB	session_mixed	v_r	0	4
nasa-pdf-eb-05	nasa	pdf	1-10MiB	exact	v	0	9
nasa-pdf-eb-05	nasa	pdf	1-10MiB	exact	a1	0	3
nasa-pdf-eb-05	nasa	pdf	1-10MiB	exact	a0	0	1
nasa-pdf-eb-06	nasa	pdf	1-10MiB	text_once	v	6	2
nasa-pdf-eb-06	nasa	pdf	1-10MiB	text_once	a0	0	8
nasa-pdf-eb-06	nasa	pdf	1-10MiB	text_once	a1	0	1
nasa-pdf-eb-06	nasa	pdf	1-10MiB	heading	v	3	0
nasa-pdf-eb-06	nasa	pdf	1-10MiB	heading	a0	3	0
nasa-pdf-eb-06	nasa	pdf	1-10MiB	heading	a1	3	0
nasa-pdf-eb-06	nasa	pdf	1-10MiB	table	v	3	0
nasa-pdf-eb-06	nasa	pdf	1-10MiB	table	a0	3	0
nasa-pdf-eb-06	nasa	pdf	1-10MiB	table	a1	3	0
nasa-pdf-eb-06	nasa	pdf	1-10MiB	resource	v	3	0
nasa-pdf-eb-06	nasa	pdf	1-10MiB	resource	a0	3	0
nasa-pdf-eb-06	nasa	pdf	1-10MiB	resource	a1	3	0
nasa-pdf-eb-06	nasa	pdf	1-10MiB	metadata	v	0	12
nasa-pdf-eb-06	nasa	pdf	1-10MiB	metadata	a0	0	7
nasa-pdf-eb-06	nasa	pdf	1-10MiB	metadata	a1	0	1
nasa-pdf-eb-06	nasa	pdf	1-10MiB	text_repeat	v	6	6
nasa-pdf-eb-06	nasa	pdf	1-10MiB	text_repeat	a0	0	37
nasa-pdf-eb-06	nasa	pdf	1-10MiB	text_repeat	a1	0	7
nasa-pdf-eb-06	nasa	pdf	1-10MiB	text_repeat	v_r	70	12
nasa-pdf-eb-06	nasa	pdf	1-10MiB	session_mixed	v_r	0	12
nasa-pdf-eb-06	nasa	pdf	1-10MiB	exact	v	0	45
nasa-pdf-eb-06	nasa	pdf	1-10MiB	exact	a1	0	4
nasa-pdf-eb-06	nasa	pdf	1-10MiB	exact	a0	0	1
nasa-pdf-eb-07	nasa	pdf	10-50MiB	text_once	v	6	1
nasa-pdf-eb-07	nasa	pdf	10-50MiB	text_once	a0	0	5
nasa-pdf-eb-07	nasa	pdf	10-50MiB	text_once	a1	0	2
nasa-pdf-eb-07	nasa	pdf	10-50MiB	heading	v	3	0
nasa-pdf-eb-07	nasa	pdf	10-50MiB	heading	a0	3	0
nasa-pdf-eb-07	nasa	pdf	10-50MiB	heading	a1	3	0
nasa-pdf-eb-07	nasa	pdf	10-50MiB	table	v	3	0
nasa-pdf-eb-07	nasa	pdf	10-50MiB	table	a0	3	0
nasa-pdf-eb-07	nasa	pdf	10-50MiB	table	a1	3	0
nasa-pdf-eb-07	nasa	pdf	10-50MiB	resource	v	3	0
nasa-pdf-eb-07	nasa	pdf	10-50MiB	resource	a0	3	0
nasa-pdf-eb-07	nasa	pdf	10-50MiB	resource	a1	3	0
nasa-pdf-eb-07	nasa	pdf	10-50MiB	metadata	v	0	78
nasa-pdf-eb-07	nasa	pdf	10-50MiB	metadata	a0	0	5
nasa-pdf-eb-07	nasa	pdf	10-50MiB	metadata	a1	0	1
nasa-pdf-eb-07	nasa	pdf	10-50MiB	text_repeat	v	6	7
nasa-pdf-eb-07	nasa	pdf	10-50MiB	text_repeat	a0	0	22
nasa-pdf-eb-07	nasa	pdf	10-50MiB	text_repeat	a1	0	6
nasa-pdf-eb-07	nasa	pdf	10-50MiB	text_repeat	v_r	70	77
nasa-pdf-eb-07	nasa	pdf	10-50MiB	session_mixed	v_r	0	79
nasa-pdf-eb-07	nasa	pdf	10-50MiB	exact	v	0	301
nasa-pdf-eb-07	nasa	pdf	10-50MiB	exact	a1	0	15
nasa-pdf-eb-07	nasa	pdf	10-50MiB	exact	a0	0	8
nasa-pdf-eb-08	nasa	pdf	10-50MiB	text_once	v	6	2
nasa-pdf-eb-08	nasa	pdf	10-50MiB	text_once	a0	0	7
nasa-pdf-eb-08	nasa	pdf	10-50MiB	text_once	a1	0	2
nasa-pdf-eb-08	nasa	pdf	10-50MiB	heading	v	3	0
nasa-pdf-eb-08	nasa	pdf	10-50MiB	heading	a0	3	0
nasa-pdf-eb-08	nasa	pdf	10-50MiB	heading	a1	3	0
nasa-pdf-eb-08	nasa	pdf	10-50MiB	table	v	3	0
nasa-pdf-eb-08	nasa	pdf	10-50MiB	table	a0	3	0
nasa-pdf-eb-08	nasa	pdf	10-50MiB	table	a1	3	0
nasa-pdf-eb-08	nasa	pdf	10-50MiB	resource	v	3	0
nasa-pdf-eb-08	nasa	pdf	10-50MiB	resource	a0	3	0
nasa-pdf-eb-08	nasa	pdf	10-50MiB	resource	a1	3	0
nasa-pdf-eb-08	nasa	pdf	10-50MiB	metadata	v	0	82
nasa-pdf-eb-08	nasa	pdf	10-50MiB	metadata	a0	0	6
nasa-pdf-eb-08	nasa	pdf	10-50MiB	metadata	a1	0	2
nasa-pdf-eb-08	nasa	pdf	10-50MiB	text_repeat	v	6	7
nasa-pdf-eb-08	nasa	pdf	10-50MiB	text_repeat	a0	0	30
nasa-pdf-eb-08	nasa	pdf	10-50MiB	text_repeat	a1	0	6
nasa-pdf-eb-08	nasa	pdf	10-50MiB	text_repeat	v_r	70	82
nasa-pdf-eb-08	nasa	pdf	10-50MiB	session_mixed	v_r	0	81
nasa-pdf-eb-08	nasa	pdf	10-50MiB	exact	v	0	125
nasa-pdf-eb-08	nasa	pdf	10-50MiB	exact	a1	0	13
nasa-pdf-eb-08	nasa	pdf	10-50MiB	exact	a0	0	6
nasa-pdf-eb-09	nasa	pdf	10-50MiB	text_once	v	0	77
nasa-pdf-eb-09	nasa	pdf	10-50MiB	text_once	a0	0	6
nasa-pdf-eb-09	nasa	pdf	10-50MiB	text_once	a1	0	1
nasa-pdf-eb-09	nasa	pdf	10-50MiB	heading	v	3	0
nasa-pdf-eb-09	nasa	pdf	10-50MiB	heading	a0	3	0
nasa-pdf-eb-09	nasa	pdf	10-50MiB	heading	a1	3	0
nasa-pdf-eb-09	nasa	pdf	10-50MiB	table	v	3	0
nasa-pdf-eb-09	nasa	pdf	10-50MiB	table	a0	3	0
nasa-pdf-eb-09	nasa	pdf	10-50MiB	table	a1	3	0
nasa-pdf-eb-09	nasa	pdf	10-50MiB	resource	v	3	0
nasa-pdf-eb-09	nasa	pdf	10-50MiB	resource	a0	3	0
nasa-pdf-eb-09	nasa	pdf	10-50MiB	resource	a1	3	0
nasa-pdf-eb-09	nasa	pdf	10-50MiB	metadata	v	0	28
nasa-pdf-eb-09	nasa	pdf	10-50MiB	metadata	a0	0	4
nasa-pdf-eb-09	nasa	pdf	10-50MiB	metadata	a1	0	2
nasa-pdf-eb-09	nasa	pdf	10-50MiB	text_repeat	v	0	7
nasa-pdf-eb-09	nasa	pdf	10-50MiB	text_repeat	a0	0	22
nasa-pdf-eb-09	nasa	pdf	10-50MiB	text_repeat	a1	0	7
nasa-pdf-eb-09	nasa	pdf	10-50MiB	text_repeat	v_r	0	28
nasa-pdf-eb-09	nasa	pdf	10-50MiB	session_mixed	v_r	0	27
nasa-pdf-eb-09	nasa	pdf	10-50MiB	exact	v	0	42
nasa-pdf-eb-09	nasa	pdf	10-50MiB	exact	a1	0	6
nasa-pdf-eb-09	nasa	pdf	10-50MiB	exact	a0	0	3
nasa-pdf-eb-10	nasa	pdf	10-50MiB	text_once	v	6	1
nasa-pdf-eb-10	nasa	pdf	10-50MiB	text_once	a0	0	4
nasa-pdf-eb-10	nasa	pdf	10-50MiB	text_once	a1	0	1
nasa-pdf-eb-10	nasa	pdf	10-50MiB	heading	v	3	0
nasa-pdf-eb-10	nasa	pdf	10-50MiB	heading	a0	3	0
nasa-pdf-eb-10	nasa	pdf	10-50MiB	heading	a1	3	0
nasa-pdf-eb-10	nasa	pdf	10-50MiB	table	v	3	0
nasa-pdf-eb-10	nasa	pdf	10-50MiB	table	a0	3	0
nasa-pdf-eb-10	nasa	pdf	10-50MiB	table	a1	3	0
nasa-pdf-eb-10	nasa	pdf	10-50MiB	resource	v	3	0
nasa-pdf-eb-10	nasa	pdf	10-50MiB	resource	a0	3	0
nasa-pdf-eb-10	nasa	pdf	10-50MiB	resource	a1	3	0
nasa-pdf-eb-10	nasa	pdf	10-50MiB	metadata	v	0	34
nasa-pdf-eb-10	nasa	pdf	10-50MiB	metadata	a0	0	4
nasa-pdf-eb-10	nasa	pdf	10-50MiB	metadata	a1	0	1
nasa-pdf-eb-10	nasa	pdf	10-50MiB	text_repeat	v	6	7
nasa-pdf-eb-10	nasa	pdf	10-50MiB	text_repeat	a0	0	18
nasa-pdf-eb-10	nasa	pdf	10-50MiB	text_repeat	a1	0	8
nasa-pdf-eb-10	nasa	pdf	10-50MiB	text_repeat	v_r	70	34
nasa-pdf-eb-10	nasa	pdf	10-50MiB	session_mixed	v_r	0	33
nasa-pdf-eb-10	nasa	pdf	10-50MiB	exact	v	0	57
nasa-pdf-eb-10	nasa	pdf	10-50MiB	exact	a1	0	7
nasa-pdf-eb-10	nasa	pdf	10-50MiB	exact	a0	0	3
nasa-pdf-0001	nasa	pdf	>100MiB	text_once	v	2	1
nasa-pdf-0001	nasa	pdf	>100MiB	text_once	a0	0	8
nasa-pdf-0001	nasa	pdf	>100MiB	text_once	a1	0	2
nasa-pdf-0001	nasa	pdf	>100MiB	heading	v	3	0
nasa-pdf-0001	nasa	pdf	>100MiB	heading	a0	3	0
nasa-pdf-0001	nasa	pdf	>100MiB	heading	a1	3	0
nasa-pdf-0001	nasa	pdf	>100MiB	table	v	3	0
nasa-pdf-0001	nasa	pdf	>100MiB	table	a0	3	0
nasa-pdf-0001	nasa	pdf	>100MiB	table	a1	3	0
nasa-pdf-0001	nasa	pdf	>100MiB	resource	v	3	0
nasa-pdf-0001	nasa	pdf	>100MiB	resource	a0	3	0
nasa-pdf-0001	nasa	pdf	>100MiB	resource	a1	3	0
nasa-pdf-0001	nasa	pdf	>100MiB	metadata	v	2	1
nasa-pdf-0001	nasa	pdf	>100MiB	metadata	a0	0	8
nasa-pdf-0001	nasa	pdf	>100MiB	metadata	a1	0	2
nasa-pdf-0001	nasa	pdf	>100MiB	text_repeat	v	2	5
nasa-pdf-0001	nasa	pdf	>100MiB	text_repeat	a0	0	39
nasa-pdf-0001	nasa	pdf	>100MiB	text_repeat	a1	0	9
nasa-pdf-0001	nasa	pdf	>100MiB	text_repeat	v_r	3	0
nasa-pdf-0001	nasa	pdf	>100MiB	session_mixed	v_r	3	0
nasa-pdf-0001	nasa	pdf	>100MiB	exact	v	3	0
nasa-pdf-0001	nasa	pdf	>100MiB	exact	a1	0	184
nasa-pdf-0001	nasa	pdf	>100MiB	exact	a0	0	1357
nasa-pdf-0002	nasa	pdf	>100MiB	text_once	v	2	2
nasa-pdf-0002	nasa	pdf	>100MiB	text_once	a0	0	8
nasa-pdf-0002	nasa	pdf	>100MiB	text_once	a1	0	1
nasa-pdf-0002	nasa	pdf	>100MiB	heading	v	3	0
nasa-pdf-0002	nasa	pdf	>100MiB	heading	a0	3	0
nasa-pdf-0002	nasa	pdf	>100MiB	heading	a1	3	0
nasa-pdf-0002	nasa	pdf	>100MiB	table	v	3	0
nasa-pdf-0002	nasa	pdf	>100MiB	table	a0	3	0
nasa-pdf-0002	nasa	pdf	>100MiB	table	a1	3	0
nasa-pdf-0002	nasa	pdf	>100MiB	resource	v	3	0
nasa-pdf-0002	nasa	pdf	>100MiB	resource	a0	3	0
nasa-pdf-0002	nasa	pdf	>100MiB	resource	a1	3	0
nasa-pdf-0002	nasa	pdf	>100MiB	metadata	v	2	1
nasa-pdf-0002	nasa	pdf	>100MiB	metadata	a0	0	7
nasa-pdf-0002	nasa	pdf	>100MiB	metadata	a1	0	1
nasa-pdf-0002	nasa	pdf	>100MiB	text_repeat	v	2	5
nasa-pdf-0002	nasa	pdf	>100MiB	text_repeat	a0	0	38
nasa-pdf-0002	nasa	pdf	>100MiB	text_repeat	a1	0	6
nasa-pdf-0002	nasa	pdf	>100MiB	text_repeat	v_r	3	0
nasa-pdf-0002	nasa	pdf	>100MiB	session_mixed	v_r	3	0
nasa-pdf-0002	nasa	pdf	>100MiB	exact	v	3	0
nasa-pdf-0002	nasa	pdf	>100MiB	exact	a1	0	391
nasa-pdf-0002	nasa	pdf	>100MiB	exact	a0	0	102
nasa-pdf-0003	nasa	pdf	>100MiB	text_once	v	2	1
nasa-pdf-0003	nasa	pdf	>100MiB	text_once	a0	0	10
nasa-pdf-0003	nasa	pdf	>100MiB	text_once	a1	0	2
nasa-pdf-0003	nasa	pdf	>100MiB	heading	v	3	0
nasa-pdf-0003	nasa	pdf	>100MiB	heading	a0	3	0
nasa-pdf-0003	nasa	pdf	>100MiB	heading	a1	3	0
nasa-pdf-0003	nasa	pdf	>100MiB	table	v	3	0
nasa-pdf-0003	nasa	pdf	>100MiB	table	a0	3	0
nasa-pdf-0003	nasa	pdf	>100MiB	table	a1	3	0
nasa-pdf-0003	nasa	pdf	>100MiB	resource	v	3	0
nasa-pdf-0003	nasa	pdf	>100MiB	resource	a0	3	0
nasa-pdf-0003	nasa	pdf	>100MiB	resource	a1	3	0
nasa-pdf-0003	nasa	pdf	>100MiB	metadata	v	2	2
nasa-pdf-0003	nasa	pdf	>100MiB	metadata	a0	0	10
nasa-pdf-0003	nasa	pdf	>100MiB	metadata	a1	0	2
nasa-pdf-0003	nasa	pdf	>100MiB	text_repeat	v	2	8
nasa-pdf-0003	nasa	pdf	>100MiB	text_repeat	a0	0	43
nasa-pdf-0003	nasa	pdf	>100MiB	text_repeat	a1	0	8
nasa-pdf-0003	nasa	pdf	>100MiB	text_repeat	v_r	3	0
nasa-pdf-0003	nasa	pdf	>100MiB	session_mixed	v_r	3	0
nasa-pdf-0003	nasa	pdf	>100MiB	exact	v	3	0
nasa-pdf-0003	nasa	pdf	>100MiB	exact	a1	0	75
nasa-pdf-0003	nasa	pdf	>100MiB	exact	a0	0	55
nasa-pdf-0004	nasa	pdf	50-100MiB	text_once	v	0	474
nasa-pdf-0004	nasa	pdf	50-100MiB	text_once	a0	0	8
nasa-pdf-0004	nasa	pdf	50-100MiB	text_once	a1	0	2
nasa-pdf-0004	nasa	pdf	50-100MiB	heading	v	3	0
nasa-pdf-0004	nasa	pdf	50-100MiB	heading	a0	3	0
nasa-pdf-0004	nasa	pdf	50-100MiB	heading	a1	3	0
nasa-pdf-0004	nasa	pdf	50-100MiB	table	v	3	0
nasa-pdf-0004	nasa	pdf	50-100MiB	table	a0	3	0
nasa-pdf-0004	nasa	pdf	50-100MiB	table	a1	3	0
nasa-pdf-0004	nasa	pdf	50-100MiB	resource	v	3	0
nasa-pdf-0004	nasa	pdf	50-100MiB	resource	a0	3	0
nasa-pdf-0004	nasa	pdf	50-100MiB	resource	a1	3	0
nasa-pdf-0004	nasa	pdf	50-100MiB	metadata	v	0	152
nasa-pdf-0004	nasa	pdf	50-100MiB	metadata	a0	0	8
nasa-pdf-0004	nasa	pdf	50-100MiB	metadata	a1	0	2
nasa-pdf-0004	nasa	pdf	50-100MiB	text_repeat	v	0	6
nasa-pdf-0004	nasa	pdf	50-100MiB	text_repeat	a0	0	36
nasa-pdf-0004	nasa	pdf	50-100MiB	text_repeat	a1	0	7
nasa-pdf-0004	nasa	pdf	50-100MiB	text_repeat	v_r	0	151
nasa-pdf-0004	nasa	pdf	50-100MiB	session_mixed	v_r	0	148
nasa-pdf-0004	nasa	pdf	50-100MiB	exact	v	0	552
nasa-pdf-0004	nasa	pdf	50-100MiB	exact	a1	0	25
nasa-pdf-0004	nasa	pdf	50-100MiB	exact	a0	0	13
nasa-pdf-0005	nasa	pdf	50-100MiB	text_once	v	0	377
nasa-pdf-0005	nasa	pdf	50-100MiB	text_once	a0	0	4
nasa-pdf-0005	nasa	pdf	50-100MiB	text_once	a1	0	2
nasa-pdf-0005	nasa	pdf	50-100MiB	heading	v	3	0
nasa-pdf-0005	nasa	pdf	50-100MiB	heading	a0	3	0
nasa-pdf-0005	nasa	pdf	50-100MiB	heading	a1	3	0
nasa-pdf-0005	nasa	pdf	50-100MiB	table	v	3	0
nasa-pdf-0005	nasa	pdf	50-100MiB	table	a0	3	0
nasa-pdf-0005	nasa	pdf	50-100MiB	table	a1	3	0
nasa-pdf-0005	nasa	pdf	50-100MiB	resource	v	3	0
nasa-pdf-0005	nasa	pdf	50-100MiB	resource	a0	3	0
nasa-pdf-0005	nasa	pdf	50-100MiB	resource	a1	3	0
nasa-pdf-0005	nasa	pdf	50-100MiB	metadata	v	0	118
nasa-pdf-0005	nasa	pdf	50-100MiB	metadata	a0	0	4
nasa-pdf-0005	nasa	pdf	50-100MiB	metadata	a1	0	2
nasa-pdf-0005	nasa	pdf	50-100MiB	text_repeat	v	0	6
nasa-pdf-0005	nasa	pdf	50-100MiB	text_repeat	a0	0	16
nasa-pdf-0005	nasa	pdf	50-100MiB	text_repeat	a1	0	8
nasa-pdf-0005	nasa	pdf	50-100MiB	text_repeat	v_r	0	125
nasa-pdf-0005	nasa	pdf	50-100MiB	session_mixed	v_r	0	117
nasa-pdf-0005	nasa	pdf	50-100MiB	exact	v	0	451
nasa-pdf-0005	nasa	pdf	50-100MiB	exact	a1	0	25
nasa-pdf-0005	nasa	pdf	50-100MiB	exact	a0	0	11
nasa-pdf-0006	nasa	pdf	10-50MiB	text_once	v	0	13
nasa-pdf-0006	nasa	pdf	10-50MiB	text_once	a0	0	5
nasa-pdf-0006	nasa	pdf	10-50MiB	text_once	a1	0	2
nasa-pdf-0006	nasa	pdf	10-50MiB	heading	v	3	0
nasa-pdf-0006	nasa	pdf	10-50MiB	heading	a0	3	0
nasa-pdf-0006	nasa	pdf	10-50MiB	heading	a1	3	0
nasa-pdf-0006	nasa	pdf	10-50MiB	table	v	3	0
nasa-pdf-0006	nasa	pdf	10-50MiB	table	a0	3	0
nasa-pdf-0006	nasa	pdf	10-50MiB	table	a1	3	0
nasa-pdf-0006	nasa	pdf	10-50MiB	resource	v	3	0
nasa-pdf-0006	nasa	pdf	10-50MiB	resource	a0	3	0
nasa-pdf-0006	nasa	pdf	10-50MiB	resource	a1	3	0
nasa-pdf-0006	nasa	pdf	10-50MiB	metadata	v	0	40
nasa-pdf-0006	nasa	pdf	10-50MiB	metadata	a0	0	5
nasa-pdf-0006	nasa	pdf	10-50MiB	metadata	a1	0	2
nasa-pdf-0006	nasa	pdf	10-50MiB	text_repeat	v	0	6
nasa-pdf-0006	nasa	pdf	10-50MiB	text_repeat	a0	0	20
nasa-pdf-0006	nasa	pdf	10-50MiB	text_repeat	a1	0	8
nasa-pdf-0006	nasa	pdf	10-50MiB	text_repeat	v_r	0	40
nasa-pdf-0006	nasa	pdf	10-50MiB	session_mixed	v_r	0	39
nasa-pdf-0006	nasa	pdf	10-50MiB	exact	v	0	144
nasa-pdf-0006	nasa	pdf	10-50MiB	exact	a1	0	9
nasa-pdf-0006	nasa	pdf	10-50MiB	exact	a0	0	4
nasa-pdf-0007	nasa	pdf	1-10MiB	text_once	v	0	80
nasa-pdf-0007	nasa	pdf	1-10MiB	text_once	a0	0	5
nasa-pdf-0007	nasa	pdf	1-10MiB	text_once	a1	0	2
nasa-pdf-0007	nasa	pdf	1-10MiB	heading	v	3	0
nasa-pdf-0007	nasa	pdf	1-10MiB	heading	a0	3	0
nasa-pdf-0007	nasa	pdf	1-10MiB	heading	a1	3	0
nasa-pdf-0007	nasa	pdf	1-10MiB	table	v	3	0
nasa-pdf-0007	nasa	pdf	1-10MiB	table	a0	3	0
nasa-pdf-0007	nasa	pdf	1-10MiB	table	a1	3	0
nasa-pdf-0007	nasa	pdf	1-10MiB	resource	v	3	0
nasa-pdf-0007	nasa	pdf	1-10MiB	resource	a0	3	0
nasa-pdf-0007	nasa	pdf	1-10MiB	resource	a1	3	0
nasa-pdf-0007	nasa	pdf	1-10MiB	metadata	v	0	20
nasa-pdf-0007	nasa	pdf	1-10MiB	metadata	a0	0	5
nasa-pdf-0007	nasa	pdf	1-10MiB	metadata	a1	0	2
nasa-pdf-0007	nasa	pdf	1-10MiB	text_repeat	v	0	6
nasa-pdf-0007	nasa	pdf	1-10MiB	text_repeat	a0	0	22
nasa-pdf-0007	nasa	pdf	1-10MiB	text_repeat	a1	0	7
nasa-pdf-0007	nasa	pdf	1-10MiB	text_repeat	v_r	0	20
nasa-pdf-0007	nasa	pdf	1-10MiB	session_mixed	v_r	0	20
nasa-pdf-0007	nasa	pdf	1-10MiB	exact	v	0	80
nasa-pdf-0007	nasa	pdf	1-10MiB	exact	a1	0	5
nasa-pdf-0007	nasa	pdf	1-10MiB	exact	a0	0	2
nasa-pdf-0008	nasa	pdf	1-10MiB	text_once	v	0	238
nasa-pdf-0008	nasa	pdf	1-10MiB	text_once	a0	0	5
nasa-pdf-0008	nasa	pdf	1-10MiB	text_once	a1	0	2
nasa-pdf-0008	nasa	pdf	1-10MiB	heading	v	3	0
nasa-pdf-0008	nasa	pdf	1-10MiB	heading	a0	3	0
nasa-pdf-0008	nasa	pdf	1-10MiB	heading	a1	3	0
nasa-pdf-0008	nasa	pdf	1-10MiB	table	v	3	0
nasa-pdf-0008	nasa	pdf	1-10MiB	table	a0	3	0
nasa-pdf-0008	nasa	pdf	1-10MiB	table	a1	3	0
nasa-pdf-0008	nasa	pdf	1-10MiB	resource	v	3	0
nasa-pdf-0008	nasa	pdf	1-10MiB	resource	a0	3	0
nasa-pdf-0008	nasa	pdf	1-10MiB	resource	a1	3	0
nasa-pdf-0008	nasa	pdf	1-10MiB	metadata	v	0	12
nasa-pdf-0008	nasa	pdf	1-10MiB	metadata	a0	0	3
nasa-pdf-0008	nasa	pdf	1-10MiB	metadata	a1	0	1
nasa-pdf-0008	nasa	pdf	1-10MiB	text_repeat	v	0	6
nasa-pdf-0008	nasa	pdf	1-10MiB	text_repeat	a0	0	90
nasa-pdf-0008	nasa	pdf	1-10MiB	text_repeat	a1	0	25
nasa-pdf-0008	nasa	pdf	1-10MiB	text_repeat	v_r	0	10
nasa-pdf-0008	nasa	pdf	1-10MiB	session_mixed	v_r	0	11
nasa-pdf-0008	nasa	pdf	1-10MiB	exact	v	0	154
nasa-pdf-0008	nasa	pdf	1-10MiB	exact	a1	0	4
nasa-pdf-0008	nasa	pdf	1-10MiB	exact	a0	0	1
nasa-pdf-0009	nasa	pdf	1-10MiB	text_once	v	0	251
nasa-pdf-0009	nasa	pdf	1-10MiB	text_once	a0	0	4
nasa-pdf-0009	nasa	pdf	1-10MiB	text_once	a1	0	2
nasa-pdf-0009	nasa	pdf	1-10MiB	heading	v	3	0
nasa-pdf-0009	nasa	pdf	1-10MiB	heading	a0	3	0
nasa-pdf-0009	nasa	pdf	1-10MiB	heading	a1	3	0
nasa-pdf-0009	nasa	pdf	1-10MiB	table	v	3	0
nasa-pdf-0009	nasa	pdf	1-10MiB	table	a0	3	0
nasa-pdf-0009	nasa	pdf	1-10MiB	table	a1	3	0
nasa-pdf-0009	nasa	pdf	1-10MiB	resource	v	3	0
nasa-pdf-0009	nasa	pdf	1-10MiB	resource	a0	3	0
nasa-pdf-0009	nasa	pdf	1-10MiB	resource	a1	3	0
nasa-pdf-0009	nasa	pdf	1-10MiB	metadata	v	0	7
nasa-pdf-0009	nasa	pdf	1-10MiB	metadata	a0	0	4
nasa-pdf-0009	nasa	pdf	1-10MiB	metadata	a1	0	2
nasa-pdf-0009	nasa	pdf	1-10MiB	text_repeat	v	0	6
nasa-pdf-0009	nasa	pdf	1-10MiB	text_repeat	a0	0	77
nasa-pdf-0009	nasa	pdf	1-10MiB	text_repeat	a1	0	17
nasa-pdf-0009	nasa	pdf	1-10MiB	text_repeat	v_r	0	8
nasa-pdf-0009	nasa	pdf	1-10MiB	session_mixed	v_r	0	6
nasa-pdf-0009	nasa	pdf	1-10MiB	exact	v	0	124
nasa-pdf-0009	nasa	pdf	1-10MiB	exact	a1	0	3
nasa-pdf-0009	nasa	pdf	1-10MiB	exact	a0	0	1
nasa-pdf-0010	nasa	pdf	1-10MiB	text_once	v	0	15
nasa-pdf-0010	nasa	pdf	1-10MiB	text_once	a0	0	4
nasa-pdf-0010	nasa	pdf	1-10MiB	text_once	a1	0	1
nasa-pdf-0010	nasa	pdf	1-10MiB	heading	v	3	0
nasa-pdf-0010	nasa	pdf	1-10MiB	heading	a0	3	0
nasa-pdf-0010	nasa	pdf	1-10MiB	heading	a1	3	0
nasa-pdf-0010	nasa	pdf	1-10MiB	table	v	3	0
nasa-pdf-0010	nasa	pdf	1-10MiB	table	a0	3	0
nasa-pdf-0010	nasa	pdf	1-10MiB	table	a1	3	0
nasa-pdf-0010	nasa	pdf	1-10MiB	resource	v	3	0
nasa-pdf-0010	nasa	pdf	1-10MiB	resource	a0	3	0
nasa-pdf-0010	nasa	pdf	1-10MiB	resource	a1	3	0
nasa-pdf-0010	nasa	pdf	1-10MiB	metadata	v	0	6
nasa-pdf-0010	nasa	pdf	1-10MiB	metadata	a0	0	3
nasa-pdf-0010	nasa	pdf	1-10MiB	metadata	a1	0	1
nasa-pdf-0010	nasa	pdf	1-10MiB	text_repeat	v	0	5
nasa-pdf-0010	nasa	pdf	1-10MiB	text_repeat	a0	0	15
nasa-pdf-0010	nasa	pdf	1-10MiB	text_repeat	a1	0	7
nasa-pdf-0010	nasa	pdf	1-10MiB	text_repeat	v_r	0	5
nasa-pdf-0010	nasa	pdf	1-10MiB	session_mixed	v_r	0	5
nasa-pdf-0010	nasa	pdf	1-10MiB	exact	v	0	69
nasa-pdf-0010	nasa	pdf	1-10MiB	exact	a1	0	3
nasa-pdf-0010	nasa	pdf	1-10MiB	exact	a0	0	1
nasa-pdf-0011	nasa	pdf	1-10MiB	text_once	v	0	17
nasa-pdf-0011	nasa	pdf	1-10MiB	text_once	a0	0	3
nasa-pdf-0011	nasa	pdf	1-10MiB	text_once	a1	0	1
nasa-pdf-0011	nasa	pdf	1-10MiB	heading	v	3	0
nasa-pdf-0011	nasa	pdf	1-10MiB	heading	a0	3	0
nasa-pdf-0011	nasa	pdf	1-10MiB	heading	a1	3	0
nasa-pdf-0011	nasa	pdf	1-10MiB	table	v	3	0
nasa-pdf-0011	nasa	pdf	1-10MiB	table	a0	3	0
nasa-pdf-0011	nasa	pdf	1-10MiB	table	a1	3	0
nasa-pdf-0011	nasa	pdf	1-10MiB	resource	v	3	0
nasa-pdf-0011	nasa	pdf	1-10MiB	resource	a0	3	0
nasa-pdf-0011	nasa	pdf	1-10MiB	resource	a1	3	0
nasa-pdf-0011	nasa	pdf	1-10MiB	metadata	v	0	6
nasa-pdf-0011	nasa	pdf	1-10MiB	metadata	a0	0	3
nasa-pdf-0011	nasa	pdf	1-10MiB	metadata	a1	0	2
nasa-pdf-0011	nasa	pdf	1-10MiB	text_repeat	v	0	6
nasa-pdf-0011	nasa	pdf	1-10MiB	text_repeat	a0	0	15
nasa-pdf-0011	nasa	pdf	1-10MiB	text_repeat	a1	0	6
nasa-pdf-0011	nasa	pdf	1-10MiB	text_repeat	v_r	0	6
nasa-pdf-0011	nasa	pdf	1-10MiB	session_mixed	v_r	0	5
nasa-pdf-0011	nasa	pdf	1-10MiB	exact	v	0	22
nasa-pdf-0011	nasa	pdf	1-10MiB	exact	a1	0	3
nasa-pdf-0011	nasa	pdf	1-10MiB	exact	a0	0	1
nasa-pdf-0012	nasa	pdf	50-100MiB	text_once	v	0	15
nasa-pdf-0012	nasa	pdf	50-100MiB	text_once	a0	0	9
nasa-pdf-0012	nasa	pdf	50-100MiB	text_once	a1	0	2
nasa-pdf-0012	nasa	pdf	50-100MiB	heading	v	3	0
nasa-pdf-0012	nasa	pdf	50-100MiB	heading	a0	3	0
nasa-pdf-0012	nasa	pdf	50-100MiB	heading	a1	3	0
nasa-pdf-0012	nasa	pdf	50-100MiB	table	v	3	0
nasa-pdf-0012	nasa	pdf	50-100MiB	table	a0	3	0
nasa-pdf-0012	nasa	pdf	50-100MiB	table	a1	3	0
nasa-pdf-0012	nasa	pdf	50-100MiB	resource	v	3	0
nasa-pdf-0012	nasa	pdf	50-100MiB	resource	a0	3	0
nasa-pdf-0012	nasa	pdf	50-100MiB	resource	a1	3	0
nasa-pdf-0012	nasa	pdf	50-100MiB	metadata	v	0	144
nasa-pdf-0012	nasa	pdf	50-100MiB	metadata	a0	0	8
nasa-pdf-0012	nasa	pdf	50-100MiB	metadata	a1	0	1
nasa-pdf-0012	nasa	pdf	50-100MiB	text_repeat	v	0	5
nasa-pdf-0012	nasa	pdf	50-100MiB	text_repeat	a0	0	35
nasa-pdf-0012	nasa	pdf	50-100MiB	text_repeat	a1	0	7
nasa-pdf-0012	nasa	pdf	50-100MiB	text_repeat	v_r	0	140
nasa-pdf-0012	nasa	pdf	50-100MiB	session_mixed	v_r	0	140
nasa-pdf-0012	nasa	pdf	50-100MiB	exact	v	0	563
nasa-pdf-0012	nasa	pdf	50-100MiB	exact	a1	0	28
nasa-pdf-0012	nasa	pdf	50-100MiB	exact	a0	0	13
nasa-pdf-0013	nasa	pdf	50-100MiB	text_once	v	0	546
nasa-pdf-0013	nasa	pdf	50-100MiB	text_once	a0	0	5
nasa-pdf-0013	nasa	pdf	50-100MiB	text_once	a1	0	1
nasa-pdf-0013	nasa	pdf	50-100MiB	heading	v	3	0
nasa-pdf-0013	nasa	pdf	50-100MiB	heading	a0	3	0
nasa-pdf-0013	nasa	pdf	50-100MiB	heading	a1	3	0
nasa-pdf-0013	nasa	pdf	50-100MiB	table	v	3	0
nasa-pdf-0013	nasa	pdf	50-100MiB	table	a0	3	0
nasa-pdf-0013	nasa	pdf	50-100MiB	table	a1	3	0
nasa-pdf-0013	nasa	pdf	50-100MiB	resource	v	3	0
nasa-pdf-0013	nasa	pdf	50-100MiB	resource	a0	3	0
nasa-pdf-0013	nasa	pdf	50-100MiB	resource	a1	3	0
nasa-pdf-0013	nasa	pdf	50-100MiB	metadata	v	0	177
nasa-pdf-0013	nasa	pdf	50-100MiB	metadata	a0	0	8
nasa-pdf-0013	nasa	pdf	50-100MiB	metadata	a1	0	3
nasa-pdf-0013	nasa	pdf	50-100MiB	text_repeat	v	0	11
nasa-pdf-0013	nasa	pdf	50-100MiB	text_repeat	a0	0	30
nasa-pdf-0013	nasa	pdf	50-100MiB	text_repeat	a1	0	11
nasa-pdf-0013	nasa	pdf	50-100MiB	text_repeat	v_r	0	176
nasa-pdf-0013	nasa	pdf	50-100MiB	session_mixed	v_r	0	169
nasa-pdf-0013	nasa	pdf	50-100MiB	exact	v	0	633
nasa-pdf-0013	nasa	pdf	50-100MiB	exact	a1	0	26
nasa-pdf-0013	nasa	pdf	50-100MiB	exact	a0	0	13
nasa-pdf-0014	nasa	pdf	50-100MiB	text_once	v	0	16
nasa-pdf-0014	nasa	pdf	50-100MiB	text_once	a0	0	15
nasa-pdf-0014	nasa	pdf	50-100MiB	text_once	a1	0	2
nasa-pdf-0014	nasa	pdf	50-100MiB	heading	v	3	0
nasa-pdf-0014	nasa	pdf	50-100MiB	heading	a0	3	0
nasa-pdf-0014	nasa	pdf	50-100MiB	heading	a1	3	0
nasa-pdf-0014	nasa	pdf	50-100MiB	table	v	3	0
nasa-pdf-0014	nasa	pdf	50-100MiB	table	a0	3	0
nasa-pdf-0014	nasa	pdf	50-100MiB	table	a1	3	0
nasa-pdf-0014	nasa	pdf	50-100MiB	resource	v	3	0
nasa-pdf-0014	nasa	pdf	50-100MiB	resource	a0	3	0
nasa-pdf-0014	nasa	pdf	50-100MiB	resource	a1	3	0
nasa-pdf-0014	nasa	pdf	50-100MiB	metadata	v	0	116
nasa-pdf-0014	nasa	pdf	50-100MiB	metadata	a0	0	15
nasa-pdf-0014	nasa	pdf	50-100MiB	metadata	a1	0	2
nasa-pdf-0014	nasa	pdf	50-100MiB	text_repeat	v	0	5
nasa-pdf-0014	nasa	pdf	50-100MiB	text_repeat	a0	0	69
nasa-pdf-0014	nasa	pdf	50-100MiB	text_repeat	a1	0	7
nasa-pdf-0014	nasa	pdf	50-100MiB	text_repeat	v_r	0	123
nasa-pdf-0014	nasa	pdf	50-100MiB	session_mixed	v_r	0	124
nasa-pdf-0014	nasa	pdf	50-100MiB	exact	v	0	503
nasa-pdf-0014	nasa	pdf	50-100MiB	exact	a1	0	24
nasa-pdf-0014	nasa	pdf	50-100MiB	exact	a0	0	11
nasa-pdf-0015	nasa	pdf	10-50MiB	text_once	v	0	270
nasa-pdf-0015	nasa	pdf	10-50MiB	text_once	a0	0	4
nasa-pdf-0015	nasa	pdf	10-50MiB	text_once	a1	0	1
nasa-pdf-0015	nasa	pdf	10-50MiB	heading	v	3	0
nasa-pdf-0015	nasa	pdf	10-50MiB	heading	a0	3	0
nasa-pdf-0015	nasa	pdf	10-50MiB	heading	a1	3	0
nasa-pdf-0015	nasa	pdf	10-50MiB	table	v	3	0
nasa-pdf-0015	nasa	pdf	10-50MiB	table	a0	3	0
nasa-pdf-0015	nasa	pdf	10-50MiB	table	a1	3	0
nasa-pdf-0015	nasa	pdf	10-50MiB	resource	v	3	0
nasa-pdf-0015	nasa	pdf	10-50MiB	resource	a0	3	0
nasa-pdf-0015	nasa	pdf	10-50MiB	resource	a1	3	0
nasa-pdf-0015	nasa	pdf	10-50MiB	metadata	v	0	79
nasa-pdf-0015	nasa	pdf	10-50MiB	metadata	a0	0	5
nasa-pdf-0015	nasa	pdf	10-50MiB	metadata	a1	0	2
nasa-pdf-0015	nasa	pdf	10-50MiB	text_repeat	v	0	7
nasa-pdf-0015	nasa	pdf	10-50MiB	text_repeat	a0	0	16
nasa-pdf-0015	nasa	pdf	10-50MiB	text_repeat	a1	0	7
nasa-pdf-0015	nasa	pdf	10-50MiB	text_repeat	v_r	0	79
nasa-pdf-0015	nasa	pdf	10-50MiB	session_mixed	v_r	0	78
nasa-pdf-0015	nasa	pdf	10-50MiB	exact	v	0	315
nasa-pdf-0015	nasa	pdf	10-50MiB	exact	a1	0	17
nasa-pdf-0015	nasa	pdf	10-50MiB	exact	a0	0	8
nasa-pdf-0016	nasa	pdf	10-50MiB	text_once	v	0	16
nasa-pdf-0016	nasa	pdf	10-50MiB	text_once	a0	0	9
nasa-pdf-0016	nasa	pdf	10-50MiB	text_once	a1	0	2
nasa-pdf-0016	nasa	pdf	10-50MiB	heading	v	3	0
nasa-pdf-0016	nasa	pdf	10-50MiB	heading	a0	3	0
nasa-pdf-0016	nasa	pdf	10-50MiB	heading	a1	3	0
nasa-pdf-0016	nasa	pdf	10-50MiB	table	v	3	0
nasa-pdf-0016	nasa	pdf	10-50MiB	table	a0	3	0
nasa-pdf-0016	nasa	pdf	10-50MiB	table	a1	3	0
nasa-pdf-0016	nasa	pdf	10-50MiB	resource	v	3	0
nasa-pdf-0016	nasa	pdf	10-50MiB	resource	a0	3	0
nasa-pdf-0016	nasa	pdf	10-50MiB	resource	a1	3	0
nasa-pdf-0016	nasa	pdf	10-50MiB	metadata	v	0	41
nasa-pdf-0016	nasa	pdf	10-50MiB	metadata	a0	0	9
nasa-pdf-0016	nasa	pdf	10-50MiB	metadata	a1	0	2
nasa-pdf-0016	nasa	pdf	10-50MiB	text_repeat	v	0	7
nasa-pdf-0016	nasa	pdf	10-50MiB	text_repeat	a0	0	38
nasa-pdf-0016	nasa	pdf	10-50MiB	text_repeat	a1	0	7
nasa-pdf-0016	nasa	pdf	10-50MiB	text_repeat	v_r	0	43
nasa-pdf-0016	nasa	pdf	10-50MiB	session_mixed	v_r	0	43
nasa-pdf-0016	nasa	pdf	10-50MiB	exact	v	0	165
nasa-pdf-0016	nasa	pdf	10-50MiB	exact	a1	0	9
nasa-pdf-0016	nasa	pdf	10-50MiB	exact	a0	0	4
nasa-pdf-0017	nasa	pdf	10-50MiB	text_once	v	0	14
nasa-pdf-0017	nasa	pdf	10-50MiB	text_once	a0	0	6
nasa-pdf-0017	nasa	pdf	10-50MiB	text_once	a1	0	1
nasa-pdf-0017	nasa	pdf	10-50MiB	heading	v	3	0
nasa-pdf-0017	nasa	pdf	10-50MiB	heading	a0	3	0
nasa-pdf-0017	nasa	pdf	10-50MiB	heading	a1	3	0
nasa-pdf-0017	nasa	pdf	10-50MiB	table	v	3	0
nasa-pdf-0017	nasa	pdf	10-50MiB	table	a0	3	0
nasa-pdf-0017	nasa	pdf	10-50MiB	table	a1	3	0
nasa-pdf-0017	nasa	pdf	10-50MiB	resource	v	3	0
nasa-pdf-0017	nasa	pdf	10-50MiB	resource	a0	3	0
nasa-pdf-0017	nasa	pdf	10-50MiB	resource	a1	3	0
nasa-pdf-0017	nasa	pdf	10-50MiB	metadata	v	0	29
nasa-pdf-0017	nasa	pdf	10-50MiB	metadata	a0	0	5
nasa-pdf-0017	nasa	pdf	10-50MiB	metadata	a1	0	1
nasa-pdf-0017	nasa	pdf	10-50MiB	text_repeat	v	0	6
nasa-pdf-0017	nasa	pdf	10-50MiB	text_repeat	a0	0	25
nasa-pdf-0017	nasa	pdf	10-50MiB	text_repeat	a1	0	7
nasa-pdf-0017	nasa	pdf	10-50MiB	text_repeat	v_r	0	29
nasa-pdf-0017	nasa	pdf	10-50MiB	session_mixed	v_r	0	29
nasa-pdf-0017	nasa	pdf	10-50MiB	exact	v	0	116
nasa-pdf-0017	nasa	pdf	10-50MiB	exact	a1	0	6
nasa-pdf-0017	nasa	pdf	10-50MiB	exact	a0	0	2
nasa-pdf-0018	nasa	pdf	1-10MiB	text_once	v	0	15
nasa-pdf-0018	nasa	pdf	1-10MiB	text_once	a0	0	4
nasa-pdf-0018	nasa	pdf	1-10MiB	text_once	a1	0	1
nasa-pdf-0018	nasa	pdf	1-10MiB	heading	v	3	0
nasa-pdf-0018	nasa	pdf	1-10MiB	heading	a0	3	0
nasa-pdf-0018	nasa	pdf	1-10MiB	heading	a1	3	0
nasa-pdf-0018	nasa	pdf	1-10MiB	table	v	3	0
nasa-pdf-0018	nasa	pdf	1-10MiB	table	a0	3	0
nasa-pdf-0018	nasa	pdf	1-10MiB	table	a1	3	0
nasa-pdf-0018	nasa	pdf	1-10MiB	resource	v	3	0
nasa-pdf-0018	nasa	pdf	1-10MiB	resource	a0	3	0
nasa-pdf-0018	nasa	pdf	1-10MiB	resource	a1	3	0
nasa-pdf-0018	nasa	pdf	1-10MiB	metadata	v	0	11
nasa-pdf-0018	nasa	pdf	1-10MiB	metadata	a0	0	4
nasa-pdf-0018	nasa	pdf	1-10MiB	metadata	a1	0	1
nasa-pdf-0018	nasa	pdf	1-10MiB	text_repeat	v	0	5
nasa-pdf-0018	nasa	pdf	1-10MiB	text_repeat	a0	0	20
nasa-pdf-0018	nasa	pdf	1-10MiB	text_repeat	a1	0	7
nasa-pdf-0018	nasa	pdf	1-10MiB	text_repeat	v_r	0	11
nasa-pdf-0018	nasa	pdf	1-10MiB	session_mixed	v_r	0	10
nasa-pdf-0018	nasa	pdf	1-10MiB	exact	v	0	42
nasa-pdf-0018	nasa	pdf	1-10MiB	exact	a1	0	3
nasa-pdf-0018	nasa	pdf	1-10MiB	exact	a0	0	1
nasa-pdf-0019	nasa	pdf	50-100MiB	text_once	v	0	14
nasa-pdf-0019	nasa	pdf	50-100MiB	text_once	a0	0	6
nasa-pdf-0019	nasa	pdf	50-100MiB	text_once	a1	0	1
nasa-pdf-0019	nasa	pdf	50-100MiB	heading	v	3	0
nasa-pdf-0019	nasa	pdf	50-100MiB	heading	a0	3	0
nasa-pdf-0019	nasa	pdf	50-100MiB	heading	a1	3	0
nasa-pdf-0019	nasa	pdf	50-100MiB	table	v	3	0
nasa-pdf-0019	nasa	pdf	50-100MiB	table	a0	3	0
nasa-pdf-0019	nasa	pdf	50-100MiB	table	a1	3	0
nasa-pdf-0019	nasa	pdf	50-100MiB	resource	v	3	0
nasa-pdf-0019	nasa	pdf	50-100MiB	resource	a0	3	0
nasa-pdf-0019	nasa	pdf	50-100MiB	resource	a1	3	0
nasa-pdf-0019	nasa	pdf	50-100MiB	metadata	v	0	172
nasa-pdf-0019	nasa	pdf	50-100MiB	metadata	a0	0	5
nasa-pdf-0019	nasa	pdf	50-100MiB	metadata	a1	0	1
nasa-pdf-0019	nasa	pdf	50-100MiB	text_repeat	v	0	7
nasa-pdf-0019	nasa	pdf	50-100MiB	text_repeat	a0	0	24
nasa-pdf-0019	nasa	pdf	50-100MiB	text_repeat	a1	0	7
nasa-pdf-0019	nasa	pdf	50-100MiB	text_repeat	v_r	0	172
nasa-pdf-0019	nasa	pdf	50-100MiB	session_mixed	v_r	0	173
nasa-pdf-0019	nasa	pdf	50-100MiB	exact	v	0	270
nasa-pdf-0019	nasa	pdf	50-100MiB	exact	a1	0	31
nasa-pdf-0019	nasa	pdf	50-100MiB	exact	a0	0	15
nasa-pdf-0020	nasa	pdf	>100MiB	text_once	v	0	619
nasa-pdf-0020	nasa	pdf	>100MiB	text_once	a0	0	5
nasa-pdf-0020	nasa	pdf	>100MiB	text_once	a1	0	1
nasa-pdf-0020	nasa	pdf	>100MiB	heading	v	3	0
nasa-pdf-0020	nasa	pdf	>100MiB	heading	a0	3	0
nasa-pdf-0020	nasa	pdf	>100MiB	heading	a1	3	0
nasa-pdf-0020	nasa	pdf	>100MiB	table	v	3	0
nasa-pdf-0020	nasa	pdf	>100MiB	table	a0	3	0
nasa-pdf-0020	nasa	pdf	>100MiB	table	a1	3	0
nasa-pdf-0020	nasa	pdf	>100MiB	resource	v	3	0
nasa-pdf-0020	nasa	pdf	>100MiB	resource	a0	3	0
nasa-pdf-0020	nasa	pdf	>100MiB	resource	a1	3	0
nasa-pdf-0020	nasa	pdf	>100MiB	metadata	v	0	376
nasa-pdf-0020	nasa	pdf	>100MiB	metadata	a0	0	6
nasa-pdf-0020	nasa	pdf	>100MiB	metadata	a1	0	2
nasa-pdf-0020	nasa	pdf	>100MiB	text_repeat	v	0	54
nasa-pdf-0020	nasa	pdf	>100MiB	text_repeat	a0	0	28
nasa-pdf-0020	nasa	pdf	>100MiB	text_repeat	a1	0	6
nasa-pdf-0020	nasa	pdf	>100MiB	text_repeat	v_r	0	381
nasa-pdf-0020	nasa	pdf	>100MiB	session_mixed	v_r	0	385
nasa-pdf-0020	nasa	pdf	>100MiB	exact	v	0	2995
nasa-pdf-0020	nasa	pdf	>100MiB	exact	a1	0	251
nasa-pdf-0020	nasa	pdf	>100MiB	exact	a0	0	2516
nasa-pdf-0021	nasa	pdf	10-50MiB	text_once	v	0	622
nasa-pdf-0021	nasa	pdf	10-50MiB	text_once	a0	0	4
nasa-pdf-0021	nasa	pdf	10-50MiB	text_once	a1	0	1
nasa-pdf-0021	nasa	pdf	10-50MiB	heading	v	3	0
nasa-pdf-0021	nasa	pdf	10-50MiB	heading	a0	3	0
nasa-pdf-0021	nasa	pdf	10-50MiB	heading	a1	3	0
nasa-pdf-0021	nasa	pdf	10-50MiB	table	v	3	0
nasa-pdf-0021	nasa	pdf	10-50MiB	table	a0	3	0
nasa-pdf-0021	nasa	pdf	10-50MiB	table	a1	3	0
nasa-pdf-0021	nasa	pdf	10-50MiB	resource	v	3	0
nasa-pdf-0021	nasa	pdf	10-50MiB	resource	a0	3	0
nasa-pdf-0021	nasa	pdf	10-50MiB	resource	a1	3	0
nasa-pdf-0021	nasa	pdf	10-50MiB	metadata	v	0	69
nasa-pdf-0021	nasa	pdf	10-50MiB	metadata	a0	0	4
nasa-pdf-0021	nasa	pdf	10-50MiB	metadata	a1	0	1
nasa-pdf-0021	nasa	pdf	10-50MiB	text_repeat	v	0	5
nasa-pdf-0021	nasa	pdf	10-50MiB	text_repeat	a0	0	15
nasa-pdf-0021	nasa	pdf	10-50MiB	text_repeat	a1	0	5
nasa-pdf-0021	nasa	pdf	10-50MiB	text_repeat	v_r	0	68
nasa-pdf-0021	nasa	pdf	10-50MiB	session_mixed	v_r	0	69
nasa-pdf-0021	nasa	pdf	10-50MiB	exact	v	0	880
nasa-pdf-0021	nasa	pdf	10-50MiB	exact	a1	0	15
nasa-pdf-0021	nasa	pdf	10-50MiB	exact	a0	0	6
nasa-pdf-0022	nasa	pdf	10-50MiB	text_once	v	0	14
nasa-pdf-0022	nasa	pdf	10-50MiB	text_once	a0	0	5
nasa-pdf-0022	nasa	pdf	10-50MiB	text_once	a1	0	1
nasa-pdf-0022	nasa	pdf	10-50MiB	heading	v	3	0
nasa-pdf-0022	nasa	pdf	10-50MiB	heading	a0	3	0
nasa-pdf-0022	nasa	pdf	10-50MiB	heading	a1	3	0
nasa-pdf-0022	nasa	pdf	10-50MiB	table	v	3	0
nasa-pdf-0022	nasa	pdf	10-50MiB	table	a0	3	0
nasa-pdf-0022	nasa	pdf	10-50MiB	table	a1	3	0
nasa-pdf-0022	nasa	pdf	10-50MiB	resource	v	3	0
nasa-pdf-0022	nasa	pdf	10-50MiB	resource	a0	3	0
nasa-pdf-0022	nasa	pdf	10-50MiB	resource	a1	3	0
nasa-pdf-0022	nasa	pdf	10-50MiB	metadata	v	0	37
nasa-pdf-0022	nasa	pdf	10-50MiB	metadata	a0	0	6
nasa-pdf-0022	nasa	pdf	10-50MiB	metadata	a1	0	1
nasa-pdf-0022	nasa	pdf	10-50MiB	text_repeat	v	0	6
nasa-pdf-0022	nasa	pdf	10-50MiB	text_repeat	a0	0	25
nasa-pdf-0022	nasa	pdf	10-50MiB	text_repeat	a1	0	6
nasa-pdf-0022	nasa	pdf	10-50MiB	text_repeat	v_r	0	36
nasa-pdf-0022	nasa	pdf	10-50MiB	session_mixed	v_r	0	36
nasa-pdf-0022	nasa	pdf	10-50MiB	exact	v	0	149
nasa-pdf-0022	nasa	pdf	10-50MiB	exact	a1	0	13
nasa-pdf-0022	nasa	pdf	10-50MiB	exact	a0	0	5
nasa-pdf-0023	nasa	pdf	1-10MiB	text_once	v	0	15
nasa-pdf-0023	nasa	pdf	1-10MiB	text_once	a0	0	7
nasa-pdf-0023	nasa	pdf	1-10MiB	text_once	a1	0	2
nasa-pdf-0023	nasa	pdf	1-10MiB	heading	v	3	0
nasa-pdf-0023	nasa	pdf	1-10MiB	heading	a0	3	0
nasa-pdf-0023	nasa	pdf	1-10MiB	heading	a1	3	0
nasa-pdf-0023	nasa	pdf	1-10MiB	table	v	3	0
nasa-pdf-0023	nasa	pdf	1-10MiB	table	a0	3	0
nasa-pdf-0023	nasa	pdf	1-10MiB	table	a1	3	0
nasa-pdf-0023	nasa	pdf	1-10MiB	resource	v	3	0
nasa-pdf-0023	nasa	pdf	1-10MiB	resource	a0	3	0
nasa-pdf-0023	nasa	pdf	1-10MiB	resource	a1	3	0
nasa-pdf-0023	nasa	pdf	1-10MiB	metadata	v	0	18
nasa-pdf-0023	nasa	pdf	1-10MiB	metadata	a0	0	7
nasa-pdf-0023	nasa	pdf	1-10MiB	metadata	a1	0	3
nasa-pdf-0023	nasa	pdf	1-10MiB	text_repeat	v	0	8
nasa-pdf-0023	nasa	pdf	1-10MiB	text_repeat	a0	0	23
nasa-pdf-0023	nasa	pdf	1-10MiB	text_repeat	a1	0	9
nasa-pdf-0023	nasa	pdf	1-10MiB	text_repeat	v_r	0	18
nasa-pdf-0023	nasa	pdf	1-10MiB	session_mixed	v_r	0	18
nasa-pdf-0023	nasa	pdf	1-10MiB	exact	v	0	67
nasa-pdf-0023	nasa	pdf	1-10MiB	exact	a1	0	7
nasa-pdf-0023	nasa	pdf	1-10MiB	exact	a0	0	2
nasa-pdf-0024	nasa	pdf	>100MiB	text_once	v	0	1022
nasa-pdf-0024	nasa	pdf	>100MiB	text_once	a0	0	13
nasa-pdf-0024	nasa	pdf	>100MiB	text_once	a1	0	2
nasa-pdf-0024	nasa	pdf	>100MiB	heading	v	3	0
nasa-pdf-0024	nasa	pdf	>100MiB	heading	a0	3	0
nasa-pdf-0024	nasa	pdf	>100MiB	heading	a1	3	0
nasa-pdf-0024	nasa	pdf	>100MiB	table	v	3	0
nasa-pdf-0024	nasa	pdf	>100MiB	table	a0	3	0
nasa-pdf-0024	nasa	pdf	>100MiB	table	a1	3	0
nasa-pdf-0024	nasa	pdf	>100MiB	resource	v	3	0
nasa-pdf-0024	nasa	pdf	>100MiB	resource	a0	3	0
nasa-pdf-0024	nasa	pdf	>100MiB	resource	a1	3	0
nasa-pdf-0024	nasa	pdf	>100MiB	metadata	v	0	327
nasa-pdf-0024	nasa	pdf	>100MiB	metadata	a0	0	12
nasa-pdf-0024	nasa	pdf	>100MiB	metadata	a1	0	2
nasa-pdf-0024	nasa	pdf	>100MiB	text_repeat	v	0	5
nasa-pdf-0024	nasa	pdf	>100MiB	text_repeat	a0	0	57
nasa-pdf-0024	nasa	pdf	>100MiB	text_repeat	a1	0	8
nasa-pdf-0024	nasa	pdf	>100MiB	text_repeat	v_r	0	326
nasa-pdf-0024	nasa	pdf	>100MiB	session_mixed	v_r	0	328
nasa-pdf-0024	nasa	pdf	>100MiB	exact	v	0	1208
nasa-pdf-0024	nasa	pdf	>100MiB	exact	a1	0	67
nasa-pdf-0024	nasa	pdf	>100MiB	exact	a0	0	33
nasa-pdf-0025	nasa	pdf	50-100MiB	text_once	v	0	18
nasa-pdf-0025	nasa	pdf	50-100MiB	text_once	a0	0	8
nasa-pdf-0025	nasa	pdf	50-100MiB	text_once	a1	0	2
nasa-pdf-0025	nasa	pdf	50-100MiB	heading	v	3	0
nasa-pdf-0025	nasa	pdf	50-100MiB	heading	a0	3	0
nasa-pdf-0025	nasa	pdf	50-100MiB	heading	a1	3	0
nasa-pdf-0025	nasa	pdf	50-100MiB	table	v	3	0
nasa-pdf-0025	nasa	pdf	50-100MiB	table	a0	3	0
nasa-pdf-0025	nasa	pdf	50-100MiB	table	a1	3	0
nasa-pdf-0025	nasa	pdf	50-100MiB	resource	v	3	0
nasa-pdf-0025	nasa	pdf	50-100MiB	resource	a0	3	0
nasa-pdf-0025	nasa	pdf	50-100MiB	resource	a1	3	0
nasa-pdf-0025	nasa	pdf	50-100MiB	metadata	v	0	138
nasa-pdf-0025	nasa	pdf	50-100MiB	metadata	a0	0	10
nasa-pdf-0025	nasa	pdf	50-100MiB	metadata	a1	0	2
nasa-pdf-0025	nasa	pdf	50-100MiB	text_repeat	v	0	9
nasa-pdf-0025	nasa	pdf	50-100MiB	text_repeat	a0	0	35
nasa-pdf-0025	nasa	pdf	50-100MiB	text_repeat	a1	0	6
nasa-pdf-0025	nasa	pdf	50-100MiB	text_repeat	v_r	0	133
nasa-pdf-0025	nasa	pdf	50-100MiB	session_mixed	v_r	0	139
nasa-pdf-0025	nasa	pdf	50-100MiB	exact	v	0	574
nasa-pdf-0025	nasa	pdf	50-100MiB	exact	a1	0	29
nasa-pdf-0025	nasa	pdf	50-100MiB	exact	a0	0	14
nasa-pdf-0026	nasa	pdf	10-50MiB	text_once	v	0	151
nasa-pdf-0026	nasa	pdf	10-50MiB	text_once	a0	0	4
nasa-pdf-0026	nasa	pdf	10-50MiB	text_once	a1	0	2
nasa-pdf-0026	nasa	pdf	10-50MiB	heading	v	3	0
nasa-pdf-0026	nasa	pdf	10-50MiB	heading	a0	3	0
nasa-pdf-0026	nasa	pdf	10-50MiB	heading	a1	3	0
nasa-pdf-0026	nasa	pdf	10-50MiB	table	v	3	0
nasa-pdf-0026	nasa	pdf	10-50MiB	table	a0	3	0
nasa-pdf-0026	nasa	pdf	10-50MiB	table	a1	3	0
nasa-pdf-0026	nasa	pdf	10-50MiB	resource	v	3	0
nasa-pdf-0026	nasa	pdf	10-50MiB	resource	a0	3	0
nasa-pdf-0026	nasa	pdf	10-50MiB	resource	a1	3	0
nasa-pdf-0026	nasa	pdf	10-50MiB	metadata	v	0	43
nasa-pdf-0026	nasa	pdf	10-50MiB	metadata	a0	0	4
nasa-pdf-0026	nasa	pdf	10-50MiB	metadata	a1	0	1
nasa-pdf-0026	nasa	pdf	10-50MiB	text_repeat	v	0	6
nasa-pdf-0026	nasa	pdf	10-50MiB	text_repeat	a0	0	17
nasa-pdf-0026	nasa	pdf	10-50MiB	text_repeat	a1	0	7
nasa-pdf-0026	nasa	pdf	10-50MiB	text_repeat	v_r	0	42
nasa-pdf-0026	nasa	pdf	10-50MiB	session_mixed	v_r	0	43
nasa-pdf-0026	nasa	pdf	10-50MiB	exact	v	0	163
nasa-pdf-0026	nasa	pdf	10-50MiB	exact	a1	0	9
nasa-pdf-0026	nasa	pdf	10-50MiB	exact	a0	0	4
nasa-pdf-0027	nasa	pdf	1-10MiB	text_once	v	0	77
nasa-pdf-0027	nasa	pdf	1-10MiB	text_once	a0	0	8
nasa-pdf-0027	nasa	pdf	1-10MiB	text_once	a1	0	2
nasa-pdf-0027	nasa	pdf	1-10MiB	heading	v	3	0
nasa-pdf-0027	nasa	pdf	1-10MiB	heading	a0	3	0
nasa-pdf-0027	nasa	pdf	1-10MiB	heading	a1	3	0
nasa-pdf-0027	nasa	pdf	1-10MiB	table	v	3	0
nasa-pdf-0027	nasa	pdf	1-10MiB	table	a0	3	0
nasa-pdf-0027	nasa	pdf	1-10MiB	table	a1	3	0
nasa-pdf-0027	nasa	pdf	1-10MiB	resource	v	3	0
nasa-pdf-0027	nasa	pdf	1-10MiB	resource	a0	3	0
nasa-pdf-0027	nasa	pdf	1-10MiB	resource	a1	3	0
nasa-pdf-0027	nasa	pdf	1-10MiB	metadata	v	0	18
nasa-pdf-0027	nasa	pdf	1-10MiB	metadata	a0	0	7
nasa-pdf-0027	nasa	pdf	1-10MiB	metadata	a1	0	2
nasa-pdf-0027	nasa	pdf	1-10MiB	text_repeat	v	0	6
nasa-pdf-0027	nasa	pdf	1-10MiB	text_repeat	a0	0	35
nasa-pdf-0027	nasa	pdf	1-10MiB	text_repeat	a1	0	6
nasa-pdf-0027	nasa	pdf	1-10MiB	text_repeat	v_r	0	17
nasa-pdf-0027	nasa	pdf	1-10MiB	session_mixed	v_r	0	17
nasa-pdf-0027	nasa	pdf	1-10MiB	exact	v	0	70
nasa-pdf-0027	nasa	pdf	1-10MiB	exact	a1	0	4
nasa-pdf-0027	nasa	pdf	1-10MiB	exact	a0	0	3
nasa-pdf-0028	nasa	pdf	100KiB-1MiB	text_once	v	0	21
nasa-pdf-0028	nasa	pdf	100KiB-1MiB	text_once	a0	0	5
nasa-pdf-0028	nasa	pdf	100KiB-1MiB	text_once	a1	0	2
nasa-pdf-0028	nasa	pdf	100KiB-1MiB	heading	v	3	0
nasa-pdf-0028	nasa	pdf	100KiB-1MiB	heading	a0	3	0
nasa-pdf-0028	nasa	pdf	100KiB-1MiB	heading	a1	3	0
nasa-pdf-0028	nasa	pdf	100KiB-1MiB	table	v	3	0
nasa-pdf-0028	nasa	pdf	100KiB-1MiB	table	a0	3	0
nasa-pdf-0028	nasa	pdf	100KiB-1MiB	table	a1	3	0
nasa-pdf-0028	nasa	pdf	100KiB-1MiB	resource	v	3	0
nasa-pdf-0028	nasa	pdf	100KiB-1MiB	resource	a0	3	0
nasa-pdf-0028	nasa	pdf	100KiB-1MiB	resource	a1	3	0
nasa-pdf-0028	nasa	pdf	100KiB-1MiB	metadata	v	0	3
nasa-pdf-0028	nasa	pdf	100KiB-1MiB	metadata	a0	0	3
nasa-pdf-0028	nasa	pdf	100KiB-1MiB	metadata	a1	0	1
nasa-pdf-0028	nasa	pdf	100KiB-1MiB	text_repeat	v	0	7
nasa-pdf-0028	nasa	pdf	100KiB-1MiB	text_repeat	a0	0	16
nasa-pdf-0028	nasa	pdf	100KiB-1MiB	text_repeat	a1	0	8
nasa-pdf-0028	nasa	pdf	100KiB-1MiB	text_repeat	v_r	0	3
nasa-pdf-0028	nasa	pdf	100KiB-1MiB	session_mixed	v_r	0	2
nasa-pdf-0028	nasa	pdf	100KiB-1MiB	exact	v	0	6
nasa-pdf-0028	nasa	pdf	100KiB-1MiB	exact	a1	0	2
nasa-pdf-0028	nasa	pdf	100KiB-1MiB	exact	a0	0	1
nasa-pdf-0029	nasa	pdf	50-100MiB	text_once	v	0	110
nasa-pdf-0029	nasa	pdf	50-100MiB	text_once	a0	0	6
nasa-pdf-0029	nasa	pdf	50-100MiB	text_once	a1	0	2
nasa-pdf-0029	nasa	pdf	50-100MiB	heading	v	3	0
nasa-pdf-0029	nasa	pdf	50-100MiB	heading	a0	3	0
nasa-pdf-0029	nasa	pdf	50-100MiB	heading	a1	3	0
nasa-pdf-0029	nasa	pdf	50-100MiB	table	v	3	0
nasa-pdf-0029	nasa	pdf	50-100MiB	table	a0	3	0
nasa-pdf-0029	nasa	pdf	50-100MiB	table	a1	3	0
nasa-pdf-0029	nasa	pdf	50-100MiB	resource	v	3	0
nasa-pdf-0029	nasa	pdf	50-100MiB	resource	a0	3	0
nasa-pdf-0029	nasa	pdf	50-100MiB	resource	a1	3	0
nasa-pdf-0029	nasa	pdf	50-100MiB	metadata	v	0	102
nasa-pdf-0029	nasa	pdf	50-100MiB	metadata	a0	0	4
nasa-pdf-0029	nasa	pdf	50-100MiB	metadata	a1	0	2
nasa-pdf-0029	nasa	pdf	50-100MiB	text_repeat	v	0	7
nasa-pdf-0029	nasa	pdf	50-100MiB	text_repeat	a0	0	23
nasa-pdf-0029	nasa	pdf	50-100MiB	text_repeat	a1	0	6
nasa-pdf-0029	nasa	pdf	50-100MiB	text_repeat	v_r	0	102
nasa-pdf-0029	nasa	pdf	50-100MiB	session_mixed	v_r	0	100
nasa-pdf-0029	nasa	pdf	50-100MiB	exact	v	0	174
nasa-pdf-0029	nasa	pdf	50-100MiB	exact	a1	0	17
nasa-pdf-0029	nasa	pdf	50-100MiB	exact	a0	0	11
nasa-pdf-0030	nasa	pdf	1-10MiB	text_once	v	0	35
nasa-pdf-0030	nasa	pdf	1-10MiB	text_once	a0	0	4
nasa-pdf-0030	nasa	pdf	1-10MiB	text_once	a1	0	1
nasa-pdf-0030	nasa	pdf	1-10MiB	heading	v	3	0
nasa-pdf-0030	nasa	pdf	1-10MiB	heading	a0	3	0
nasa-pdf-0030	nasa	pdf	1-10MiB	heading	a1	3	0
nasa-pdf-0030	nasa	pdf	1-10MiB	table	v	3	0
nasa-pdf-0030	nasa	pdf	1-10MiB	table	a0	3	0
nasa-pdf-0030	nasa	pdf	1-10MiB	table	a1	3	0
nasa-pdf-0030	nasa	pdf	1-10MiB	resource	v	3	0
nasa-pdf-0030	nasa	pdf	1-10MiB	resource	a0	3	0
nasa-pdf-0030	nasa	pdf	1-10MiB	resource	a1	3	0
nasa-pdf-0030	nasa	pdf	1-10MiB	metadata	v	0	20
nasa-pdf-0030	nasa	pdf	1-10MiB	metadata	a0	0	4
nasa-pdf-0030	nasa	pdf	1-10MiB	metadata	a1	0	2
nasa-pdf-0030	nasa	pdf	1-10MiB	text_repeat	v	0	5
nasa-pdf-0030	nasa	pdf	1-10MiB	text_repeat	a0	0	18
nasa-pdf-0030	nasa	pdf	1-10MiB	text_repeat	a1	0	6
nasa-pdf-0030	nasa	pdf	1-10MiB	text_repeat	v_r	0	19
nasa-pdf-0030	nasa	pdf	1-10MiB	session_mixed	v_r	0	20
nasa-pdf-0030	nasa	pdf	1-10MiB	exact	v	0	33
nasa-pdf-0030	nasa	pdf	1-10MiB	exact	a1	0	5
nasa-pdf-0030	nasa	pdf	1-10MiB	exact	a0	0	2
nist-pdf-0001	nist	pdf	100KiB-1MiB	text_once	v	0	20
nist-pdf-0001	nist	pdf	100KiB-1MiB	text_once	a0	0	5
nist-pdf-0001	nist	pdf	100KiB-1MiB	text_once	a1	0	2
nist-pdf-0001	nist	pdf	100KiB-1MiB	heading	v	3	0
nist-pdf-0001	nist	pdf	100KiB-1MiB	heading	a0	3	0
nist-pdf-0001	nist	pdf	100KiB-1MiB	heading	a1	3	0
nist-pdf-0001	nist	pdf	100KiB-1MiB	table	v	3	0
nist-pdf-0001	nist	pdf	100KiB-1MiB	table	a0	3	0
nist-pdf-0001	nist	pdf	100KiB-1MiB	table	a1	3	0
nist-pdf-0001	nist	pdf	100KiB-1MiB	resource	v	3	0
nist-pdf-0001	nist	pdf	100KiB-1MiB	resource	a0	3	0
nist-pdf-0001	nist	pdf	100KiB-1MiB	resource	a1	3	0
nist-pdf-0001	nist	pdf	100KiB-1MiB	metadata	v	0	2
nist-pdf-0001	nist	pdf	100KiB-1MiB	metadata	a0	0	3
nist-pdf-0001	nist	pdf	100KiB-1MiB	metadata	a1	0	1
nist-pdf-0001	nist	pdf	100KiB-1MiB	text_repeat	v	0	8
nist-pdf-0001	nist	pdf	100KiB-1MiB	text_repeat	a0	0	20
nist-pdf-0001	nist	pdf	100KiB-1MiB	text_repeat	a1	0	7
nist-pdf-0001	nist	pdf	100KiB-1MiB	text_repeat	v_r	0	2
nist-pdf-0001	nist	pdf	100KiB-1MiB	session_mixed	v_r	0	3
nist-pdf-0001	nist	pdf	100KiB-1MiB	exact	v	0	5
nist-pdf-0001	nist	pdf	100KiB-1MiB	exact	a1	0	2
nist-pdf-0001	nist	pdf	100KiB-1MiB	exact	a0	0	1
nist-pdf-0002	nist	pdf	100KiB-1MiB	text_once	v	0	19
nist-pdf-0002	nist	pdf	100KiB-1MiB	text_once	a0	0	5
nist-pdf-0002	nist	pdf	100KiB-1MiB	text_once	a1	0	1
nist-pdf-0002	nist	pdf	100KiB-1MiB	heading	v	3	0
nist-pdf-0002	nist	pdf	100KiB-1MiB	heading	a0	3	0
nist-pdf-0002	nist	pdf	100KiB-1MiB	heading	a1	3	0
nist-pdf-0002	nist	pdf	100KiB-1MiB	table	v	3	0
nist-pdf-0002	nist	pdf	100KiB-1MiB	table	a0	3	0
nist-pdf-0002	nist	pdf	100KiB-1MiB	table	a1	3	0
nist-pdf-0002	nist	pdf	100KiB-1MiB	resource	v	3	0
nist-pdf-0002	nist	pdf	100KiB-1MiB	resource	a0	3	0
nist-pdf-0002	nist	pdf	100KiB-1MiB	resource	a1	3	0
nist-pdf-0002	nist	pdf	100KiB-1MiB	metadata	v	0	2
nist-pdf-0002	nist	pdf	100KiB-1MiB	metadata	a0	0	3
nist-pdf-0002	nist	pdf	100KiB-1MiB	metadata	a1	0	1
nist-pdf-0002	nist	pdf	100KiB-1MiB	text_repeat	v	0	6
nist-pdf-0002	nist	pdf	100KiB-1MiB	text_repeat	a0	0	20
nist-pdf-0002	nist	pdf	100KiB-1MiB	text_repeat	a1	0	7
nist-pdf-0002	nist	pdf	100KiB-1MiB	text_repeat	v_r	0	2
nist-pdf-0002	nist	pdf	100KiB-1MiB	session_mixed	v_r	0	1
nist-pdf-0002	nist	pdf	100KiB-1MiB	exact	v	0	4
nist-pdf-0002	nist	pdf	100KiB-1MiB	exact	a1	0	1
nist-pdf-0002	nist	pdf	100KiB-1MiB	exact	a0	0	0
nist-pdf-0003	nist	pdf	100KiB-1MiB	text_once	v	0	59
nist-pdf-0003	nist	pdf	100KiB-1MiB	text_once	a0	0	8
nist-pdf-0003	nist	pdf	100KiB-1MiB	text_once	a1	0	2
nist-pdf-0003	nist	pdf	100KiB-1MiB	heading	v	3	0
nist-pdf-0003	nist	pdf	100KiB-1MiB	heading	a0	3	0
nist-pdf-0003	nist	pdf	100KiB-1MiB	heading	a1	3	0
nist-pdf-0003	nist	pdf	100KiB-1MiB	table	v	3	0
nist-pdf-0003	nist	pdf	100KiB-1MiB	table	a0	3	0
nist-pdf-0003	nist	pdf	100KiB-1MiB	table	a1	3	0
nist-pdf-0003	nist	pdf	100KiB-1MiB	resource	v	3	0
nist-pdf-0003	nist	pdf	100KiB-1MiB	resource	a0	3	0
nist-pdf-0003	nist	pdf	100KiB-1MiB	resource	a1	3	0
nist-pdf-0003	nist	pdf	100KiB-1MiB	metadata	v	0	3
nist-pdf-0003	nist	pdf	100KiB-1MiB	metadata	a0	0	4
nist-pdf-0003	nist	pdf	100KiB-1MiB	metadata	a1	0	1
nist-pdf-0003	nist	pdf	100KiB-1MiB	text_repeat	v	0	6
nist-pdf-0003	nist	pdf	100KiB-1MiB	text_repeat	a0	0	31
nist-pdf-0003	nist	pdf	100KiB-1MiB	text_repeat	a1	0	7
nist-pdf-0003	nist	pdf	100KiB-1MiB	text_repeat	v_r	0	3
nist-pdf-0003	nist	pdf	100KiB-1MiB	session_mixed	v_r	0	2
nist-pdf-0003	nist	pdf	100KiB-1MiB	exact	v	0	6
nist-pdf-0003	nist	pdf	100KiB-1MiB	exact	a1	0	2
nist-pdf-0003	nist	pdf	100KiB-1MiB	exact	a0	0	1
nist-pdf-0004	nist	pdf	1-10MiB	text_once	v	0	21
nist-pdf-0004	nist	pdf	1-10MiB	text_once	a0	0	5
nist-pdf-0004	nist	pdf	1-10MiB	text_once	a1	0	2
nist-pdf-0004	nist	pdf	1-10MiB	heading	v	3	0
nist-pdf-0004	nist	pdf	1-10MiB	heading	a0	3	0
nist-pdf-0004	nist	pdf	1-10MiB	heading	a1	3	0
nist-pdf-0004	nist	pdf	1-10MiB	table	v	3	0
nist-pdf-0004	nist	pdf	1-10MiB	table	a0	3	0
nist-pdf-0004	nist	pdf	1-10MiB	table	a1	3	0
nist-pdf-0004	nist	pdf	1-10MiB	resource	v	3	0
nist-pdf-0004	nist	pdf	1-10MiB	resource	a0	3	0
nist-pdf-0004	nist	pdf	1-10MiB	resource	a1	3	0
nist-pdf-0004	nist	pdf	1-10MiB	metadata	v	0	4
nist-pdf-0004	nist	pdf	1-10MiB	metadata	a0	0	4
nist-pdf-0004	nist	pdf	1-10MiB	metadata	a1	0	1
nist-pdf-0004	nist	pdf	1-10MiB	text_repeat	v	0	7
nist-pdf-0004	nist	pdf	1-10MiB	text_repeat	a0	0	16
nist-pdf-0004	nist	pdf	1-10MiB	text_repeat	a1	0	6
nist-pdf-0004	nist	pdf	1-10MiB	text_repeat	v_r	0	4
nist-pdf-0004	nist	pdf	1-10MiB	session_mixed	v_r	0	4
nist-pdf-0004	nist	pdf	1-10MiB	exact	v	0	7
nist-pdf-0004	nist	pdf	1-10MiB	exact	a1	0	2
nist-pdf-0004	nist	pdf	1-10MiB	exact	a0	0	1
nist-pdf-0005	nist	pdf	1-10MiB	text_once	v	0	23
nist-pdf-0005	nist	pdf	1-10MiB	text_once	a0	0	5
nist-pdf-0005	nist	pdf	1-10MiB	text_once	a1	0	2
nist-pdf-0005	nist	pdf	1-10MiB	heading	v	3	0
nist-pdf-0005	nist	pdf	1-10MiB	heading	a0	3	0
nist-pdf-0005	nist	pdf	1-10MiB	heading	a1	3	0
nist-pdf-0005	nist	pdf	1-10MiB	table	v	3	0
nist-pdf-0005	nist	pdf	1-10MiB	table	a0	3	0
nist-pdf-0005	nist	pdf	1-10MiB	table	a1	3	0
nist-pdf-0005	nist	pdf	1-10MiB	resource	v	3	0
nist-pdf-0005	nist	pdf	1-10MiB	resource	a0	3	0
nist-pdf-0005	nist	pdf	1-10MiB	resource	a1	3	0
nist-pdf-0005	nist	pdf	1-10MiB	metadata	v	0	4
nist-pdf-0005	nist	pdf	1-10MiB	metadata	a0	0	4
nist-pdf-0005	nist	pdf	1-10MiB	metadata	a1	0	1
nist-pdf-0005	nist	pdf	1-10MiB	text_repeat	v	0	5
nist-pdf-0005	nist	pdf	1-10MiB	text_repeat	a0	0	20
nist-pdf-0005	nist	pdf	1-10MiB	text_repeat	a1	0	7
nist-pdf-0005	nist	pdf	1-10MiB	text_repeat	v_r	0	5
nist-pdf-0005	nist	pdf	1-10MiB	session_mixed	v_r	0	4
nist-pdf-0005	nist	pdf	1-10MiB	exact	v	0	8
nist-pdf-0005	nist	pdf	1-10MiB	exact	a1	0	2
nist-pdf-0005	nist	pdf	1-10MiB	exact	a0	0	1
nist-pdf-0006	nist	pdf	10-50MiB	text_once	v	0	96
nist-pdf-0006	nist	pdf	10-50MiB	text_once	a0	0	6
nist-pdf-0006	nist	pdf	10-50MiB	text_once	a1	0	2
nist-pdf-0006	nist	pdf	10-50MiB	heading	v	3	0
nist-pdf-0006	nist	pdf	10-50MiB	heading	a0	3	0
nist-pdf-0006	nist	pdf	10-50MiB	heading	a1	3	0
nist-pdf-0006	nist	pdf	10-50MiB	table	v	3	0
nist-pdf-0006	nist	pdf	10-50MiB	table	a0	3	0
nist-pdf-0006	nist	pdf	10-50MiB	table	a1	3	0
nist-pdf-0006	nist	pdf	10-50MiB	resource	v	3	0
nist-pdf-0006	nist	pdf	10-50MiB	resource	a0	3	0
nist-pdf-0006	nist	pdf	10-50MiB	resource	a1	3	0
nist-pdf-0006	nist	pdf	10-50MiB	metadata	v	0	26
nist-pdf-0006	nist	pdf	10-50MiB	metadata	a0	0	4
nist-pdf-0006	nist	pdf	10-50MiB	metadata	a1	0	2
nist-pdf-0006	nist	pdf	10-50MiB	text_repeat	v	0	6
nist-pdf-0006	nist	pdf	10-50MiB	text_repeat	a0	0	21
nist-pdf-0006	nist	pdf	10-50MiB	text_repeat	a1	0	7
nist-pdf-0006	nist	pdf	10-50MiB	text_repeat	v_r	0	26
nist-pdf-0006	nist	pdf	10-50MiB	session_mixed	v_r	0	25
nist-pdf-0006	nist	pdf	10-50MiB	exact	v	0	96
nist-pdf-0006	nist	pdf	10-50MiB	exact	a1	0	5
nist-pdf-0006	nist	pdf	10-50MiB	exact	a0	0	2
nist-pdf-0007	nist	pdf	100KiB-1MiB	text_once	v	0	19
nist-pdf-0007	nist	pdf	100KiB-1MiB	text_once	a0	0	4
nist-pdf-0007	nist	pdf	100KiB-1MiB	text_once	a1	0	1
nist-pdf-0007	nist	pdf	100KiB-1MiB	heading	v	3	0
nist-pdf-0007	nist	pdf	100KiB-1MiB	heading	a0	3	0
nist-pdf-0007	nist	pdf	100KiB-1MiB	heading	a1	3	0
nist-pdf-0007	nist	pdf	100KiB-1MiB	table	v	3	0
nist-pdf-0007	nist	pdf	100KiB-1MiB	table	a0	3	0
nist-pdf-0007	nist	pdf	100KiB-1MiB	table	a1	3	0
nist-pdf-0007	nist	pdf	100KiB-1MiB	resource	v	3	0
nist-pdf-0007	nist	pdf	100KiB-1MiB	resource	a0	3	0
nist-pdf-0007	nist	pdf	100KiB-1MiB	resource	a1	3	0
nist-pdf-0007	nist	pdf	100KiB-1MiB	metadata	v	0	2
nist-pdf-0007	nist	pdf	100KiB-1MiB	metadata	a0	0	3
nist-pdf-0007	nist	pdf	100KiB-1MiB	metadata	a1	0	2
nist-pdf-0007	nist	pdf	100KiB-1MiB	text_repeat	v	0	6
nist-pdf-0007	nist	pdf	100KiB-1MiB	text_repeat	a0	0	17
nist-pdf-0007	nist	pdf	100KiB-1MiB	text_repeat	a1	0	5
nist-pdf-0007	nist	pdf	100KiB-1MiB	text_repeat	v_r	0	2
nist-pdf-0007	nist	pdf	100KiB-1MiB	session_mixed	v_r	0	2
nist-pdf-0007	nist	pdf	100KiB-1MiB	exact	v	0	6
nist-pdf-0007	nist	pdf	100KiB-1MiB	exact	a1	0	2
nist-pdf-0007	nist	pdf	100KiB-1MiB	exact	a0	0	1
nist-pdf-0008	nist	pdf	1-10MiB	text_once	v	0	58
nist-pdf-0008	nist	pdf	1-10MiB	text_once	a0	0	4
nist-pdf-0008	nist	pdf	1-10MiB	text_once	a1	0	1
nist-pdf-0008	nist	pdf	1-10MiB	heading	v	3	0
nist-pdf-0008	nist	pdf	1-10MiB	heading	a0	3	0
nist-pdf-0008	nist	pdf	1-10MiB	heading	a1	3	0
nist-pdf-0008	nist	pdf	1-10MiB	table	v	3	0
nist-pdf-0008	nist	pdf	1-10MiB	table	a0	3	0
nist-pdf-0008	nist	pdf	1-10MiB	table	a1	3	0
nist-pdf-0008	nist	pdf	1-10MiB	resource	v	3	0
nist-pdf-0008	nist	pdf	1-10MiB	resource	a0	3	0
nist-pdf-0008	nist	pdf	1-10MiB	resource	a1	3	0
nist-pdf-0008	nist	pdf	1-10MiB	metadata	v	0	7
nist-pdf-0008	nist	pdf	1-10MiB	metadata	a0	0	2
nist-pdf-0008	nist	pdf	1-10MiB	metadata	a1	0	1
nist-pdf-0008	nist	pdf	1-10MiB	text_repeat	v	0	5
nist-pdf-0008	nist	pdf	1-10MiB	text_repeat	a0	0	19
nist-pdf-0008	nist	pdf	1-10MiB	text_repeat	a1	0	6
nist-pdf-0008	nist	pdf	1-10MiB	text_repeat	v_r	0	7
nist-pdf-0008	nist	pdf	1-10MiB	session_mixed	v_r	0	6
nist-pdf-0008	nist	pdf	1-10MiB	exact	v	0	13
nist-pdf-0008	nist	pdf	1-10MiB	exact	a1	0	3
nist-pdf-0008	nist	pdf	1-10MiB	exact	a0	0	1
nist-pdf-0009	nist	pdf	1-10MiB	text_once	v	0	56
nist-pdf-0009	nist	pdf	1-10MiB	text_once	a0	0	5
nist-pdf-0009	nist	pdf	1-10MiB	text_once	a1	0	2
nist-pdf-0009	nist	pdf	1-10MiB	heading	v	3	0
nist-pdf-0009	nist	pdf	1-10MiB	heading	a0	3	0
nist-pdf-0009	nist	pdf	1-10MiB	heading	a1	3	0
nist-pdf-0009	nist	pdf	1-10MiB	table	v	3	0
nist-pdf-0009	nist	pdf	1-10MiB	table	a0	3	0
nist-pdf-0009	nist	pdf	1-10MiB	table	a1	3	0
nist-pdf-0009	nist	pdf	1-10MiB	resource	v	3	0
nist-pdf-0009	nist	pdf	1-10MiB	resource	a0	3	0
nist-pdf-0009	nist	pdf	1-10MiB	resource	a1	3	0
nist-pdf-0009	nist	pdf	1-10MiB	metadata	v	0	8
nist-pdf-0009	nist	pdf	1-10MiB	metadata	a0	0	3
nist-pdf-0009	nist	pdf	1-10MiB	metadata	a1	0	1
nist-pdf-0009	nist	pdf	1-10MiB	text_repeat	v	0	5
nist-pdf-0009	nist	pdf	1-10MiB	text_repeat	a0	0	19
nist-pdf-0009	nist	pdf	1-10MiB	text_repeat	a1	0	6
nist-pdf-0009	nist	pdf	1-10MiB	text_repeat	v_r	0	8
nist-pdf-0009	nist	pdf	1-10MiB	session_mixed	v_r	0	7
nist-pdf-0009	nist	pdf	1-10MiB	exact	v	0	15
nist-pdf-0009	nist	pdf	1-10MiB	exact	a1	0	2
nist-pdf-0009	nist	pdf	1-10MiB	exact	a0	0	1
nist-pdf-0010	nist	pdf	1-10MiB	text_once	v	0	30
nist-pdf-0010	nist	pdf	1-10MiB	text_once	a0	0	5
nist-pdf-0010	nist	pdf	1-10MiB	text_once	a1	0	1
nist-pdf-0010	nist	pdf	1-10MiB	heading	v	3	0
nist-pdf-0010	nist	pdf	1-10MiB	heading	a0	3	0
nist-pdf-0010	nist	pdf	1-10MiB	heading	a1	3	0
nist-pdf-0010	nist	pdf	1-10MiB	table	v	3	0
nist-pdf-0010	nist	pdf	1-10MiB	table	a0	3	0
nist-pdf-0010	nist	pdf	1-10MiB	table	a1	3	0
nist-pdf-0010	nist	pdf	1-10MiB	resource	v	3	0
nist-pdf-0010	nist	pdf	1-10MiB	resource	a0	3	0
nist-pdf-0010	nist	pdf	1-10MiB	resource	a1	3	0
nist-pdf-0010	nist	pdf	1-10MiB	metadata	v	0	14
nist-pdf-0010	nist	pdf	1-10MiB	metadata	a0	0	5
nist-pdf-0010	nist	pdf	1-10MiB	metadata	a1	0	1
nist-pdf-0010	nist	pdf	1-10MiB	text_repeat	v	0	6
nist-pdf-0010	nist	pdf	1-10MiB	text_repeat	a0	0	22
nist-pdf-0010	nist	pdf	1-10MiB	text_repeat	a1	0	7
nist-pdf-0010	nist	pdf	1-10MiB	text_repeat	v_r	0	13
nist-pdf-0010	nist	pdf	1-10MiB	session_mixed	v_r	0	13
nist-pdf-0010	nist	pdf	1-10MiB	exact	v	0	22
nist-pdf-0010	nist	pdf	1-10MiB	exact	a1	0	4
nist-pdf-0010	nist	pdf	1-10MiB	exact	a0	0	2
nist-pdf-0011	nist	pdf	50-100MiB	text_once	v	0	541
nist-pdf-0011	nist	pdf	50-100MiB	text_once	a0	0	8
nist-pdf-0011	nist	pdf	50-100MiB	text_once	a1	0	4
nist-pdf-0011	nist	pdf	50-100MiB	heading	v	3	0
nist-pdf-0011	nist	pdf	50-100MiB	heading	a0	3	0
nist-pdf-0011	nist	pdf	50-100MiB	heading	a1	3	0
nist-pdf-0011	nist	pdf	50-100MiB	table	v	3	0
nist-pdf-0011	nist	pdf	50-100MiB	table	a0	3	0
nist-pdf-0011	nist	pdf	50-100MiB	table	a1	3	0
nist-pdf-0011	nist	pdf	50-100MiB	resource	v	3	0
nist-pdf-0011	nist	pdf	50-100MiB	resource	a0	3	0
nist-pdf-0011	nist	pdf	50-100MiB	resource	a1	3	0
nist-pdf-0011	nist	pdf	50-100MiB	metadata	v	0	207
nist-pdf-0011	nist	pdf	50-100MiB	metadata	a0	0	9
nist-pdf-0011	nist	pdf	50-100MiB	metadata	a1	0	3
nist-pdf-0011	nist	pdf	50-100MiB	text_repeat	v	0	11
nist-pdf-0011	nist	pdf	50-100MiB	text_repeat	a0	0	44
nist-pdf-0011	nist	pdf	50-100MiB	text_repeat	a1	0	10
nist-pdf-0011	nist	pdf	50-100MiB	text_repeat	v_r	0	179
nist-pdf-0011	nist	pdf	50-100MiB	session_mixed	v_r	0	177
nist-pdf-0011	nist	pdf	50-100MiB	exact	v	0	650
nist-pdf-0011	nist	pdf	50-100MiB	exact	a1	0	30
nist-pdf-0011	nist	pdf	50-100MiB	exact	a0	0	15
nist-pdf-0012	nist	pdf	1-10MiB	text_once	v	0	23
nist-pdf-0012	nist	pdf	1-10MiB	text_once	a0	0	4
nist-pdf-0012	nist	pdf	1-10MiB	text_once	a1	0	1
nist-pdf-0012	nist	pdf	1-10MiB	heading	v	3	0
nist-pdf-0012	nist	pdf	1-10MiB	heading	a0	3	0
nist-pdf-0012	nist	pdf	1-10MiB	heading	a1	3	0
nist-pdf-0012	nist	pdf	1-10MiB	table	v	3	0
nist-pdf-0012	nist	pdf	1-10MiB	table	a0	3	0
nist-pdf-0012	nist	pdf	1-10MiB	table	a1	3	0
nist-pdf-0012	nist	pdf	1-10MiB	resource	v	3	0
nist-pdf-0012	nist	pdf	1-10MiB	resource	a0	3	0
nist-pdf-0012	nist	pdf	1-10MiB	resource	a1	3	0
nist-pdf-0012	nist	pdf	1-10MiB	metadata	v	0	8
nist-pdf-0012	nist	pdf	1-10MiB	metadata	a0	0	3
nist-pdf-0012	nist	pdf	1-10MiB	metadata	a1	0	1
nist-pdf-0012	nist	pdf	1-10MiB	text_repeat	v	0	7
nist-pdf-0012	nist	pdf	1-10MiB	text_repeat	a0	0	21
nist-pdf-0012	nist	pdf	1-10MiB	text_repeat	a1	0	18
nist-pdf-0012	nist	pdf	1-10MiB	text_repeat	v_r	0	9
nist-pdf-0012	nist	pdf	1-10MiB	session_mixed	v_r	0	8
nist-pdf-0012	nist	pdf	1-10MiB	exact	v	0	20
nist-pdf-0012	nist	pdf	1-10MiB	exact	a1	0	3
nist-pdf-0012	nist	pdf	1-10MiB	exact	a0	0	1
nist-pdf-0013	nist	pdf	50-100MiB	text_once	v	0	172
nist-pdf-0013	nist	pdf	50-100MiB	text_once	a0	0	14
nist-pdf-0013	nist	pdf	50-100MiB	text_once	a1	0	1
nist-pdf-0013	nist	pdf	50-100MiB	heading	v	3	0
nist-pdf-0013	nist	pdf	50-100MiB	heading	a0	3	0
nist-pdf-0013	nist	pdf	50-100MiB	heading	a1	3	0
nist-pdf-0013	nist	pdf	50-100MiB	table	v	3	0
nist-pdf-0013	nist	pdf	50-100MiB	table	a0	3	0
nist-pdf-0013	nist	pdf	50-100MiB	table	a1	3	0
nist-pdf-0013	nist	pdf	50-100MiB	resource	v	3	0
nist-pdf-0013	nist	pdf	50-100MiB	resource	a0	3	0
nist-pdf-0013	nist	pdf	50-100MiB	resource	a1	3	0
nist-pdf-0013	nist	pdf	50-100MiB	metadata	v	0	49
nist-pdf-0013	nist	pdf	50-100MiB	metadata	a0	0	13
nist-pdf-0013	nist	pdf	50-100MiB	metadata	a1	0	2
nist-pdf-0013	nist	pdf	50-100MiB	text_repeat	v	0	6
nist-pdf-0013	nist	pdf	50-100MiB	text_repeat	a0	0	68
nist-pdf-0013	nist	pdf	50-100MiB	text_repeat	a1	0	5
nist-pdf-0013	nist	pdf	50-100MiB	text_repeat	v_r	0	48
nist-pdf-0013	nist	pdf	50-100MiB	session_mixed	v_r	0	48
nist-pdf-0013	nist	pdf	50-100MiB	exact	v	0	14978
nist-pdf-0013	nist	pdf	50-100MiB	exact	a1	0	31
nist-pdf-0013	nist	pdf	50-100MiB	exact	a0	0	14
nist-pdf-0014	nist	pdf	1-10MiB	text_once	v	0	65
nist-pdf-0014	nist	pdf	1-10MiB	text_once	a0	0	10
nist-pdf-0014	nist	pdf	1-10MiB	text_once	a1	0	1
nist-pdf-0014	nist	pdf	1-10MiB	heading	v	3	0
nist-pdf-0014	nist	pdf	1-10MiB	heading	a0	3	0
nist-pdf-0014	nist	pdf	1-10MiB	heading	a1	3	0
nist-pdf-0014	nist	pdf	1-10MiB	table	v	3	0
nist-pdf-0014	nist	pdf	1-10MiB	table	a0	3	0
nist-pdf-0014	nist	pdf	1-10MiB	table	a1	3	0
nist-pdf-0014	nist	pdf	1-10MiB	resource	v	3	0
nist-pdf-0014	nist	pdf	1-10MiB	resource	a0	3	0
nist-pdf-0014	nist	pdf	1-10MiB	resource	a1	3	0
nist-pdf-0014	nist	pdf	1-10MiB	metadata	v	0	15
nist-pdf-0014	nist	pdf	1-10MiB	metadata	a0	0	9
nist-pdf-0014	nist	pdf	1-10MiB	metadata	a1	0	2
nist-pdf-0014	nist	pdf	1-10MiB	text_repeat	v	0	6
nist-pdf-0014	nist	pdf	1-10MiB	text_repeat	a0	0	45
nist-pdf-0014	nist	pdf	1-10MiB	text_repeat	a1	0	7
nist-pdf-0014	nist	pdf	1-10MiB	text_repeat	v_r	0	15
nist-pdf-0014	nist	pdf	1-10MiB	session_mixed	v_r	0	15
nist-pdf-0014	nist	pdf	1-10MiB	exact	v	0	25
nist-pdf-0014	nist	pdf	1-10MiB	exact	a1	0	4
nist-pdf-0014	nist	pdf	1-10MiB	exact	a0	0	1
nist-pdf-0015	nist	pdf	1-10MiB	text_once	v	0	72
nist-pdf-0015	nist	pdf	1-10MiB	text_once	a0	0	6
nist-pdf-0015	nist	pdf	1-10MiB	text_once	a1	0	2
nist-pdf-0015	nist	pdf	1-10MiB	heading	v	3	0
nist-pdf-0015	nist	pdf	1-10MiB	heading	a0	3	0
nist-pdf-0015	nist	pdf	1-10MiB	heading	a1	3	0
nist-pdf-0015	nist	pdf	1-10MiB	table	v	3	0
nist-pdf-0015	nist	pdf	1-10MiB	table	a0	3	0
nist-pdf-0015	nist	pdf	1-10MiB	table	a1	3	0
nist-pdf-0015	nist	pdf	1-10MiB	resource	v	3	0
nist-pdf-0015	nist	pdf	1-10MiB	resource	a0	3	0
nist-pdf-0015	nist	pdf	1-10MiB	resource	a1	3	0
nist-pdf-0015	nist	pdf	1-10MiB	metadata	v	0	23
nist-pdf-0015	nist	pdf	1-10MiB	metadata	a0	0	6
nist-pdf-0015	nist	pdf	1-10MiB	metadata	a1	0	2
nist-pdf-0015	nist	pdf	1-10MiB	text_repeat	v	0	7
nist-pdf-0015	nist	pdf	1-10MiB	text_repeat	a0	0	28
nist-pdf-0015	nist	pdf	1-10MiB	text_repeat	a1	0	6
nist-pdf-0015	nist	pdf	1-10MiB	text_repeat	v_r	0	24
nist-pdf-0015	nist	pdf	1-10MiB	session_mixed	v_r	0	24
nist-pdf-0015	nist	pdf	1-10MiB	exact	v	0	38
nist-pdf-0015	nist	pdf	1-10MiB	exact	a1	0	6
nist-pdf-0015	nist	pdf	1-10MiB	exact	a0	0	2
nist-pdf-0016	nist	pdf	100KiB-1MiB	text_once	v	0	20
nist-pdf-0016	nist	pdf	100KiB-1MiB	text_once	a0	0	4
nist-pdf-0016	nist	pdf	100KiB-1MiB	text_once	a1	0	2
nist-pdf-0016	nist	pdf	100KiB-1MiB	heading	v	3	0
nist-pdf-0016	nist	pdf	100KiB-1MiB	heading	a0	3	0
nist-pdf-0016	nist	pdf	100KiB-1MiB	heading	a1	3	0
nist-pdf-0016	nist	pdf	100KiB-1MiB	table	v	3	0
nist-pdf-0016	nist	pdf	100KiB-1MiB	table	a0	3	0
nist-pdf-0016	nist	pdf	100KiB-1MiB	table	a1	3	0
nist-pdf-0016	nist	pdf	100KiB-1MiB	resource	v	3	0
nist-pdf-0016	nist	pdf	100KiB-1MiB	resource	a0	3	0
nist-pdf-0016	nist	pdf	100KiB-1MiB	resource	a1	3	0
nist-pdf-0016	nist	pdf	100KiB-1MiB	metadata	v	0	2
nist-pdf-0016	nist	pdf	100KiB-1MiB	metadata	a0	0	3
nist-pdf-0016	nist	pdf	100KiB-1MiB	metadata	a1	0	1
nist-pdf-0016	nist	pdf	100KiB-1MiB	text_repeat	v	0	6
nist-pdf-0016	nist	pdf	100KiB-1MiB	text_repeat	a0	0	16
nist-pdf-0016	nist	pdf	100KiB-1MiB	text_repeat	a1	0	5
nist-pdf-0016	nist	pdf	100KiB-1MiB	text_repeat	v_r	0	1
nist-pdf-0016	nist	pdf	100KiB-1MiB	session_mixed	v_r	0	2
nist-pdf-0016	nist	pdf	100KiB-1MiB	exact	v	0	4
nist-pdf-0016	nist	pdf	100KiB-1MiB	exact	a1	0	2
nist-pdf-0016	nist	pdf	100KiB-1MiB	exact	a0	0	1
nist-pdf-0017	nist	pdf	1-10MiB	text_once	v	0	14
nist-pdf-0017	nist	pdf	1-10MiB	text_once	a0	0	4
nist-pdf-0017	nist	pdf	1-10MiB	text_once	a1	0	1
nist-pdf-0017	nist	pdf	1-10MiB	heading	v	3	0
nist-pdf-0017	nist	pdf	1-10MiB	heading	a0	3	0
nist-pdf-0017	nist	pdf	1-10MiB	heading	a1	3	0
nist-pdf-0017	nist	pdf	1-10MiB	table	v	3	0
nist-pdf-0017	nist	pdf	1-10MiB	table	a0	3	0
nist-pdf-0017	nist	pdf	1-10MiB	table	a1	3	0
nist-pdf-0017	nist	pdf	1-10MiB	resource	v	3	0
nist-pdf-0017	nist	pdf	1-10MiB	resource	a0	3	0
nist-pdf-0017	nist	pdf	1-10MiB	resource	a1	3	0
nist-pdf-0017	nist	pdf	1-10MiB	metadata	v	0	4
nist-pdf-0017	nist	pdf	1-10MiB	metadata	a0	0	4
nist-pdf-0017	nist	pdf	1-10MiB	metadata	a1	0	1
nist-pdf-0017	nist	pdf	1-10MiB	text_repeat	v	0	6
nist-pdf-0017	nist	pdf	1-10MiB	text_repeat	a0	0	16
nist-pdf-0017	nist	pdf	1-10MiB	text_repeat	a1	0	6
nist-pdf-0017	nist	pdf	1-10MiB	text_repeat	v_r	0	4
nist-pdf-0017	nist	pdf	1-10MiB	session_mixed	v_r	0	4
nist-pdf-0017	nist	pdf	1-10MiB	exact	v	0	14
nist-pdf-0017	nist	pdf	1-10MiB	exact	a1	0	2
nist-pdf-0017	nist	pdf	1-10MiB	exact	a0	0	0
nist-pdf-0018	nist	pdf	1-10MiB	text_once	v	0	21
nist-pdf-0018	nist	pdf	1-10MiB	text_once	a0	0	4
nist-pdf-0018	nist	pdf	1-10MiB	text_once	a1	0	1
nist-pdf-0018	nist	pdf	1-10MiB	heading	v	3	0
nist-pdf-0018	nist	pdf	1-10MiB	heading	a0	3	0
nist-pdf-0018	nist	pdf	1-10MiB	heading	a1	3	0
nist-pdf-0018	nist	pdf	1-10MiB	table	v	3	0
nist-pdf-0018	nist	pdf	1-10MiB	table	a0	3	0
nist-pdf-0018	nist	pdf	1-10MiB	table	a1	3	0
nist-pdf-0018	nist	pdf	1-10MiB	resource	v	3	0
nist-pdf-0018	nist	pdf	1-10MiB	resource	a0	3	0
nist-pdf-0018	nist	pdf	1-10MiB	resource	a1	3	0
nist-pdf-0018	nist	pdf	1-10MiB	metadata	v	0	5
nist-pdf-0018	nist	pdf	1-10MiB	metadata	a0	0	5
nist-pdf-0018	nist	pdf	1-10MiB	metadata	a1	0	2
nist-pdf-0018	nist	pdf	1-10MiB	text_repeat	v	0	7
nist-pdf-0018	nist	pdf	1-10MiB	text_repeat	a0	0	23
nist-pdf-0018	nist	pdf	1-10MiB	text_repeat	a1	0	23
nist-pdf-0018	nist	pdf	1-10MiB	text_repeat	v_r	0	4
nist-pdf-0018	nist	pdf	1-10MiB	session_mixed	v_r	0	5
nist-pdf-0018	nist	pdf	1-10MiB	exact	v	0	10
nist-pdf-0018	nist	pdf	1-10MiB	exact	a1	0	2
nist-pdf-0018	nist	pdf	1-10MiB	exact	a0	0	1
nist-pdf-0019	nist	pdf	1-10MiB	text_once	v	0	30
nist-pdf-0019	nist	pdf	1-10MiB	text_once	a0	0	4
nist-pdf-0019	nist	pdf	1-10MiB	text_once	a1	0	1
nist-pdf-0019	nist	pdf	1-10MiB	heading	v	3	0
nist-pdf-0019	nist	pdf	1-10MiB	heading	a0	3	0
nist-pdf-0019	nist	pdf	1-10MiB	heading	a1	3	0
nist-pdf-0019	nist	pdf	1-10MiB	table	v	3	0
nist-pdf-0019	nist	pdf	1-10MiB	table	a0	3	0
nist-pdf-0019	nist	pdf	1-10MiB	table	a1	3	0
nist-pdf-0019	nist	pdf	1-10MiB	resource	v	3	0
nist-pdf-0019	nist	pdf	1-10MiB	resource	a0	3	0
nist-pdf-0019	nist	pdf	1-10MiB	resource	a1	3	0
nist-pdf-0019	nist	pdf	1-10MiB	metadata	v	0	5
nist-pdf-0019	nist	pdf	1-10MiB	metadata	a0	0	3
nist-pdf-0019	nist	pdf	1-10MiB	metadata	a1	0	2
nist-pdf-0019	nist	pdf	1-10MiB	text_repeat	v	0	5
nist-pdf-0019	nist	pdf	1-10MiB	text_repeat	a0	0	16
nist-pdf-0019	nist	pdf	1-10MiB	text_repeat	a1	0	7
nist-pdf-0019	nist	pdf	1-10MiB	text_repeat	v_r	0	5
nist-pdf-0019	nist	pdf	1-10MiB	session_mixed	v_r	0	5
nist-pdf-0019	nist	pdf	1-10MiB	exact	v	0	18
nist-pdf-0019	nist	pdf	1-10MiB	exact	a1	0	3
nist-pdf-0019	nist	pdf	1-10MiB	exact	a0	0	1
nist-pdf-0020	nist	pdf	1-10MiB	text_once	v	0	215
nist-pdf-0020	nist	pdf	1-10MiB	text_once	a0	0	6
nist-pdf-0020	nist	pdf	1-10MiB	text_once	a1	0	2
nist-pdf-0020	nist	pdf	1-10MiB	heading	v	3	0
nist-pdf-0020	nist	pdf	1-10MiB	heading	a0	3	0
nist-pdf-0020	nist	pdf	1-10MiB	heading	a1	3	0
nist-pdf-0020	nist	pdf	1-10MiB	table	v	3	0
nist-pdf-0020	nist	pdf	1-10MiB	table	a0	3	0
nist-pdf-0020	nist	pdf	1-10MiB	table	a1	3	0
nist-pdf-0020	nist	pdf	1-10MiB	resource	v	3	0
nist-pdf-0020	nist	pdf	1-10MiB	resource	a0	3	0
nist-pdf-0020	nist	pdf	1-10MiB	resource	a1	3	0
nist-pdf-0020	nist	pdf	1-10MiB	metadata	v	0	4
nist-pdf-0020	nist	pdf	1-10MiB	metadata	a0	0	4
nist-pdf-0020	nist	pdf	1-10MiB	metadata	a1	0	1
nist-pdf-0020	nist	pdf	1-10MiB	text_repeat	v	0	6
nist-pdf-0020	nist	pdf	1-10MiB	text_repeat	a0	0	19
nist-pdf-0020	nist	pdf	1-10MiB	text_repeat	a1	0	7
nist-pdf-0020	nist	pdf	1-10MiB	text_repeat	v_r	0	4
nist-pdf-0020	nist	pdf	1-10MiB	session_mixed	v_r	0	5
nist-pdf-0020	nist	pdf	1-10MiB	exact	v	0	53
nist-pdf-0020	nist	pdf	1-10MiB	exact	a1	0	3
nist-pdf-0020	nist	pdf	1-10MiB	exact	a0	0	1
nist-docx-0001	nist	docx	1-10MiB	text_once	v	0	439
nist-docx-0001	nist	docx	1-10MiB	text_once	a0	0	25
nist-docx-0001	nist	docx	1-10MiB	text_once	a1	0	2
nist-docx-0001	nist	docx	1-10MiB	heading	v	0	7
nist-docx-0001	nist	docx	1-10MiB	heading	a0	0	24
nist-docx-0001	nist	docx	1-10MiB	heading	a1	0	2
nist-docx-0001	nist	docx	1-10MiB	table	v	6	6
nist-docx-0001	nist	docx	1-10MiB	table	a0	0	23
nist-docx-0001	nist	docx	1-10MiB	table	a1	0	1
nist-docx-0001	nist	docx	1-10MiB	resource	v	6	6
nist-docx-0001	nist	docx	1-10MiB	resource	a0	0	24
nist-docx-0001	nist	docx	1-10MiB	resource	a1	0	1
nist-docx-0001	nist	docx	1-10MiB	metadata	v	0	7
nist-docx-0001	nist	docx	1-10MiB	metadata	a0	0	24
nist-docx-0001	nist	docx	1-10MiB	metadata	a1	0	2
nist-docx-0001	nist	docx	1-10MiB	text_repeat	v	0	31
nist-docx-0001	nist	docx	1-10MiB	text_repeat	a0	0	117
nist-docx-0001	nist	docx	1-10MiB	text_repeat	a1	0	6
nist-docx-0001	nist	docx	1-10MiB	text_repeat	v_r	0	7
nist-docx-0001	nist	docx	1-10MiB	session_mixed	v_r	0	6
nist-docx-0001	nist	docx	1-10MiB	exact	v	0	99
nist-docx-0001	nist	docx	1-10MiB	exact	a1	0	3
nist-docx-0001	nist	docx	1-10MiB	exact	a0	0	1
nist-docx-0002	nist	docx	1-10MiB	text_once	v	0	432
nist-docx-0002	nist	docx	1-10MiB	text_once	a0	0	24
nist-docx-0002	nist	docx	1-10MiB	text_once	a1	0	2
nist-docx-0002	nist	docx	1-10MiB	heading	v	0	7
nist-docx-0002	nist	docx	1-10MiB	heading	a0	0	23
nist-docx-0002	nist	docx	1-10MiB	heading	a1	0	1
nist-docx-0002	nist	docx	1-10MiB	table	v	6	6
nist-docx-0002	nist	docx	1-10MiB	table	a0	0	22
nist-docx-0002	nist	docx	1-10MiB	table	a1	0	1
nist-docx-0002	nist	docx	1-10MiB	resource	v	6	7
nist-docx-0002	nist	docx	1-10MiB	resource	a0	0	23
nist-docx-0002	nist	docx	1-10MiB	resource	a1	0	2
nist-docx-0002	nist	docx	1-10MiB	metadata	v	0	7
nist-docx-0002	nist	docx	1-10MiB	metadata	a0	0	23
nist-docx-0002	nist	docx	1-10MiB	metadata	a1	0	1
nist-docx-0002	nist	docx	1-10MiB	text_repeat	v	0	33
nist-docx-0002	nist	docx	1-10MiB	text_repeat	a0	0	116
nist-docx-0002	nist	docx	1-10MiB	text_repeat	a1	0	8
nist-docx-0002	nist	docx	1-10MiB	text_repeat	v_r	0	6
nist-docx-0002	nist	docx	1-10MiB	session_mixed	v_r	0	6
nist-docx-0002	nist	docx	1-10MiB	exact	v	0	74
nist-docx-0002	nist	docx	1-10MiB	exact	a1	0	2
nist-docx-0002	nist	docx	1-10MiB	exact	a0	0	1
nist-docx-0003	nist	docx	1-10MiB	text_once	v	0	400
nist-docx-0003	nist	docx	1-10MiB	text_once	a0	0	25
nist-docx-0003	nist	docx	1-10MiB	text_once	a1	0	1
nist-docx-0003	nist	docx	1-10MiB	heading	v	0	6
nist-docx-0003	nist	docx	1-10MiB	heading	a0	0	25
nist-docx-0003	nist	docx	1-10MiB	heading	a1	0	2
nist-docx-0003	nist	docx	1-10MiB	table	v	6	6
nist-docx-0003	nist	docx	1-10MiB	table	a0	0	24
nist-docx-0003	nist	docx	1-10MiB	table	a1	0	1
nist-docx-0003	nist	docx	1-10MiB	resource	v	6	6
nist-docx-0003	nist	docx	1-10MiB	resource	a0	0	24
nist-docx-0003	nist	docx	1-10MiB	resource	a1	0	1
nist-docx-0003	nist	docx	1-10MiB	metadata	v	0	7
nist-docx-0003	nist	docx	1-10MiB	metadata	a0	0	25
nist-docx-0003	nist	docx	1-10MiB	metadata	a1	0	2
nist-docx-0003	nist	docx	1-10MiB	text_repeat	v	0	35
nist-docx-0003	nist	docx	1-10MiB	text_repeat	a0	0	126
nist-docx-0003	nist	docx	1-10MiB	text_repeat	a1	0	6
nist-docx-0003	nist	docx	1-10MiB	text_repeat	v_r	0	6
nist-docx-0003	nist	docx	1-10MiB	session_mixed	v_r	0	6
nist-docx-0003	nist	docx	1-10MiB	exact	v	0	95
nist-docx-0003	nist	docx	1-10MiB	exact	a1	0	3
nist-docx-0003	nist	docx	1-10MiB	exact	a0	0	1
nist-docx-0004	nist	docx	1-10MiB	text_once	v	0	1507
nist-docx-0004	nist	docx	1-10MiB	text_once	a0	0	35
nist-docx-0004	nist	docx	1-10MiB	text_once	a1	0	3
nist-docx-0004	nist	docx	1-10MiB	heading	v	0	7
nist-docx-0004	nist	docx	1-10MiB	heading	a0	0	33
nist-docx-0004	nist	docx	1-10MiB	heading	a1	0	1
nist-docx-0004	nist	docx	1-10MiB	table	v	6	7
nist-docx-0004	nist	docx	1-10MiB	table	a0	0	25
nist-docx-0004	nist	docx	1-10MiB	table	a1	0	1
nist-docx-0004	nist	docx	1-10MiB	resource	v	6	5
nist-docx-0004	nist	docx	1-10MiB	resource	a0	0	25
nist-docx-0004	nist	docx	1-10MiB	resource	a1	0	2
nist-docx-0004	nist	docx	1-10MiB	metadata	v	0	7
nist-docx-0004	nist	docx	1-10MiB	metadata	a0	0	26
nist-docx-0004	nist	docx	1-10MiB	metadata	a1	0	2
nist-docx-0004	nist	docx	1-10MiB	text_repeat	v	0	30
nist-docx-0004	nist	docx	1-10MiB	text_repeat	a0	0	117
nist-docx-0004	nist	docx	1-10MiB	text_repeat	a1	0	6
nist-docx-0004	nist	docx	1-10MiB	text_repeat	v_r	0	6
nist-docx-0004	nist	docx	1-10MiB	session_mixed	v_r	0	6
nist-docx-0004	nist	docx	1-10MiB	exact	v	0	82
nist-docx-0004	nist	docx	1-10MiB	exact	a1	0	3
nist-docx-0004	nist	docx	1-10MiB	exact	a0	0	1
nist-docx-0005	nist	docx	<100KiB	text_once	v	0	269
nist-docx-0005	nist	docx	<100KiB	text_once	a0	0	39
nist-docx-0005	nist	docx	<100KiB	text_once	a1	0	2
nist-docx-0005	nist	docx	<100KiB	heading	v	6	3
nist-docx-0005	nist	docx	<100KiB	heading	a0	0	31
nist-docx-0005	nist	docx	<100KiB	heading	a1	0	1
nist-docx-0005	nist	docx	<100KiB	table	v	0	2
nist-docx-0005	nist	docx	<100KiB	table	a0	0	28
nist-docx-0005	nist	docx	<100KiB	table	a1	0	2
nist-docx-0005	nist	docx	<100KiB	resource	v	6	2
nist-docx-0005	nist	docx	<100KiB	resource	a0	0	31
nist-docx-0005	nist	docx	<100KiB	resource	a1	0	2
nist-docx-0005	nist	docx	<100KiB	metadata	v	0	2
nist-docx-0005	nist	docx	<100KiB	metadata	a0	0	30
nist-docx-0005	nist	docx	<100KiB	metadata	a1	0	2
nist-docx-0005	nist	docx	<100KiB	text_repeat	v	0	29
nist-docx-0005	nist	docx	<100KiB	text_repeat	a0	0	171
nist-docx-0005	nist	docx	<100KiB	text_repeat	a1	0	8
nist-docx-0005	nist	docx	<100KiB	text_repeat	v_r	0	2
nist-docx-0005	nist	docx	<100KiB	session_mixed	v_r	0	2
nist-docx-0005	nist	docx	<100KiB	exact	v	0	37
nist-docx-0005	nist	docx	<100KiB	exact	a1	0	2
nist-docx-0005	nist	docx	<100KiB	exact	a0	0	1
nist-docx-0006	nist	docx	<100KiB	text_once	v	0	375
nist-docx-0006	nist	docx	<100KiB	text_once	a0	0	26
nist-docx-0006	nist	docx	<100KiB	text_once	a1	0	1
nist-docx-0006	nist	docx	<100KiB	heading	v	6	2
nist-docx-0006	nist	docx	<100KiB	heading	a0	0	26
nist-docx-0006	nist	docx	<100KiB	heading	a1	0	2
nist-docx-0006	nist	docx	<100KiB	table	v	0	2
nist-docx-0006	nist	docx	<100KiB	table	a0	0	25
nist-docx-0006	nist	docx	<100KiB	table	a1	0	1
nist-docx-0006	nist	docx	<100KiB	resource	v	6	1
nist-docx-0006	nist	docx	<100KiB	resource	a0	0	26
nist-docx-0006	nist	docx	<100KiB	resource	a1	0	2
nist-docx-0006	nist	docx	<100KiB	metadata	v	0	2
nist-docx-0006	nist	docx	<100KiB	metadata	a0	0	26
nist-docx-0006	nist	docx	<100KiB	metadata	a1	0	1
nist-docx-0006	nist	docx	<100KiB	text_repeat	v	0	9
nist-docx-0006	nist	docx	<100KiB	text_repeat	a0	0	285
nist-docx-0006	nist	docx	<100KiB	text_repeat	a1	0	873
nist-docx-0006	nist	docx	<100KiB	text_repeat	v_r	0	2
nist-docx-0006	nist	docx	<100KiB	session_mixed	v_r	0	1
nist-docx-0006	nist	docx	<100KiB	exact	v	0	629
nist-docx-0006	nist	docx	<100KiB	exact	a1	0	2
nist-docx-0006	nist	docx	<100KiB	exact	a0	0	1
nist-docx-0007	nist	docx	<100KiB	text_once	v	0	885
nist-docx-0007	nist	docx	<100KiB	text_once	a0	0	26
nist-docx-0007	nist	docx	<100KiB	text_once	a1	0	1
nist-docx-0007	nist	docx	<100KiB	heading	v	6	1
nist-docx-0007	nist	docx	<100KiB	heading	a0	0	26
nist-docx-0007	nist	docx	<100KiB	heading	a1	0	2
nist-docx-0007	nist	docx	<100KiB	table	v	0	2
nist-docx-0007	nist	docx	<100KiB	table	a0	0	25
nist-docx-0007	nist	docx	<100KiB	table	a1	0	1
nist-docx-0007	nist	docx	<100KiB	resource	v	6	2
nist-docx-0007	nist	docx	<100KiB	resource	a0	0	25
nist-docx-0007	nist	docx	<100KiB	resource	a1	0	1
nist-docx-0007	nist	docx	<100KiB	metadata	v	0	1
nist-docx-0007	nist	docx	<100KiB	metadata	a0	0	24
nist-docx-0007	nist	docx	<100KiB	metadata	a1	0	1
nist-docx-0007	nist	docx	<100KiB	text_repeat	v	0	8
nist-docx-0007	nist	docx	<100KiB	text_repeat	a0	0	120
nist-docx-0007	nist	docx	<100KiB	text_repeat	a1	0	7
nist-docx-0007	nist	docx	<100KiB	text_repeat	v_r	0	2
nist-docx-0007	nist	docx	<100KiB	session_mixed	v_r	0	1
nist-docx-0007	nist	docx	<100KiB	exact	v	0	336
nist-docx-0007	nist	docx	<100KiB	exact	a1	0	1
nist-docx-0007	nist	docx	<100KiB	exact	a0	0	0
nist-docx-0008	nist	docx	<100KiB	text_once	v	0	2156
nist-docx-0008	nist	docx	<100KiB	text_once	a0	0	22
nist-docx-0008	nist	docx	<100KiB	text_once	a1	0	1
nist-docx-0008	nist	docx	<100KiB	heading	v	6	1
nist-docx-0008	nist	docx	<100KiB	heading	a0	0	22
nist-docx-0008	nist	docx	<100KiB	heading	a1	0	1
nist-docx-0008	nist	docx	<100KiB	table	v	0	1
nist-docx-0008	nist	docx	<100KiB	table	a0	0	22
nist-docx-0008	nist	docx	<100KiB	table	a1	0	2
nist-docx-0008	nist	docx	<100KiB	resource	v	6	1
nist-docx-0008	nist	docx	<100KiB	resource	a0	0	22
nist-docx-0008	nist	docx	<100KiB	resource	a1	0	2
nist-docx-0008	nist	docx	<100KiB	metadata	v	0	1
nist-docx-0008	nist	docx	<100KiB	metadata	a0	0	22
nist-docx-0008	nist	docx	<100KiB	metadata	a1	0	1
nist-docx-0008	nist	docx	<100KiB	text_repeat	v	0	36
nist-docx-0008	nist	docx	<100KiB	text_repeat	a0	0	112
nist-docx-0008	nist	docx	<100KiB	text_repeat	a1	0	5
nist-docx-0008	nist	docx	<100KiB	text_repeat	v_r	0	1
nist-docx-0008	nist	docx	<100KiB	session_mixed	v_r	0	1
nist-docx-0008	nist	docx	<100KiB	exact	v	0	39
nist-docx-0008	nist	docx	<100KiB	exact	a1	0	2
nist-docx-0008	nist	docx	<100KiB	exact	a0	0	0
nist-docx-0009	nist	docx	100KiB-1MiB	text_once	v	0	407
nist-docx-0009	nist	docx	100KiB-1MiB	text_once	a0	0	71
nist-docx-0009	nist	docx	100KiB-1MiB	text_once	a1	0	1
nist-docx-0009	nist	docx	100KiB-1MiB	heading	v	6	2
nist-docx-0009	nist	docx	100KiB-1MiB	heading	a0	0	71
nist-docx-0009	nist	docx	100KiB-1MiB	heading	a1	0	2
nist-docx-0009	nist	docx	100KiB-1MiB	table	v	0	2
nist-docx-0009	nist	docx	100KiB-1MiB	table	a0	0	69
nist-docx-0009	nist	docx	100KiB-1MiB	table	a1	0	1
nist-docx-0009	nist	docx	100KiB-1MiB	resource	v	6	2
nist-docx-0009	nist	docx	100KiB-1MiB	resource	a0	0	70
nist-docx-0009	nist	docx	100KiB-1MiB	resource	a1	0	2
nist-docx-0009	nist	docx	100KiB-1MiB	metadata	v	0	2
nist-docx-0009	nist	docx	100KiB-1MiB	metadata	a0	0	68
nist-docx-0009	nist	docx	100KiB-1MiB	metadata	a1	0	1
nist-docx-0009	nist	docx	100KiB-1MiB	text_repeat	v	0	10
nist-docx-0009	nist	docx	100KiB-1MiB	text_repeat	a0	0	349
nist-docx-0009	nist	docx	100KiB-1MiB	text_repeat	a1	0	5
nist-docx-0009	nist	docx	100KiB-1MiB	text_repeat	v_r	0	2
nist-docx-0009	nist	docx	100KiB-1MiB	session_mixed	v_r	0	1
nist-docx-0009	nist	docx	100KiB-1MiB	exact	v	0	69
nist-docx-0009	nist	docx	100KiB-1MiB	exact	a1	0	1
nist-docx-0009	nist	docx	100KiB-1MiB	exact	a0	0	1
nist-docx-0010	nist	docx	<100KiB	text_once	v	0	410
nist-docx-0010	nist	docx	<100KiB	text_once	a0	0	21
nist-docx-0010	nist	docx	<100KiB	text_once	a1	0	1
nist-docx-0010	nist	docx	<100KiB	heading	v	6	1
nist-docx-0010	nist	docx	<100KiB	heading	a0	0	21
nist-docx-0010	nist	docx	<100KiB	heading	a1	0	1
nist-docx-0010	nist	docx	<100KiB	table	v	6	1
nist-docx-0010	nist	docx	<100KiB	table	a0	0	22
nist-docx-0010	nist	docx	<100KiB	table	a1	0	2
nist-docx-0010	nist	docx	<100KiB	resource	v	0	2
nist-docx-0010	nist	docx	<100KiB	resource	a0	0	21
nist-docx-0010	nist	docx	<100KiB	resource	a1	0	1
nist-docx-0010	nist	docx	<100KiB	metadata	v	0	2
nist-docx-0010	nist	docx	<100KiB	metadata	a0	0	21
nist-docx-0010	nist	docx	<100KiB	metadata	a1	0	2
nist-docx-0010	nist	docx	<100KiB	text_repeat	v	0	7
nist-docx-0010	nist	docx	<100KiB	text_repeat	a0	0	120
nist-docx-0010	nist	docx	<100KiB	text_repeat	a1	0	6
nist-docx-0010	nist	docx	<100KiB	text_repeat	v_r	0	1
nist-docx-0010	nist	docx	<100KiB	session_mixed	v_r	0	1
nist-docx-0010	nist	docx	<100KiB	exact	v	0	39
nist-docx-0010	nist	docx	<100KiB	exact	a1	0	2
nist-docx-0010	nist	docx	<100KiB	exact	a0	0	1
nist-docx-0011	nist	docx	100KiB-1MiB	text_once	v	20	61
nist-docx-0011	nist	docx	100KiB-1MiB	text_once	a0	0	33
nist-docx-0011	nist	docx	100KiB-1MiB	text_once	a1	0	1
nist-docx-0011	nist	docx	100KiB-1MiB	heading	v	20	2
nist-docx-0011	nist	docx	100KiB-1MiB	heading	a0	0	33
nist-docx-0011	nist	docx	100KiB-1MiB	heading	a1	0	2
nist-docx-0011	nist	docx	100KiB-1MiB	table	v	20	1
nist-docx-0011	nist	docx	100KiB-1MiB	table	a0	0	33
nist-docx-0011	nist	docx	100KiB-1MiB	table	a1	0	2
nist-docx-0011	nist	docx	100KiB-1MiB	resource	v	20	2
nist-docx-0011	nist	docx	100KiB-1MiB	resource	a0	0	33
nist-docx-0011	nist	docx	100KiB-1MiB	resource	a1	0	2
nist-docx-0011	nist	docx	100KiB-1MiB	metadata	v	20	2
nist-docx-0011	nist	docx	100KiB-1MiB	metadata	a0	0	33
nist-docx-0011	nist	docx	100KiB-1MiB	metadata	a1	0	2
nist-docx-0011	nist	docx	100KiB-1MiB	text_repeat	v	20	12
nist-docx-0011	nist	docx	100KiB-1MiB	text_repeat	a0	0	168
nist-docx-0011	nist	docx	100KiB-1MiB	text_repeat	a1	0	6
nist-docx-0011	nist	docx	100KiB-1MiB	text_repeat	v_r	70	2
nist-docx-0011	nist	docx	100KiB-1MiB	session_mixed	v_r	70	1
nist-docx-0011	nist	docx	100KiB-1MiB	exact	v	0	57
nist-docx-0011	nist	docx	100KiB-1MiB	exact	a1	0	2
nist-docx-0011	nist	docx	100KiB-1MiB	exact	a0	0	0
nist-docx-0012	nist	docx	100KiB-1MiB	text_once	v	20	47
nist-docx-0012	nist	docx	100KiB-1MiB	text_once	a0	0	32
nist-docx-0012	nist	docx	100KiB-1MiB	text_once	a1	0	1
nist-docx-0012	nist	docx	100KiB-1MiB	heading	v	20	1
nist-docx-0012	nist	docx	100KiB-1MiB	heading	a0	0	31
nist-docx-0012	nist	docx	100KiB-1MiB	heading	a1	0	2
nist-docx-0012	nist	docx	100KiB-1MiB	table	v	20	2
nist-docx-0012	nist	docx	100KiB-1MiB	table	a0	0	31
nist-docx-0012	nist	docx	100KiB-1MiB	table	a1	0	2
nist-docx-0012	nist	docx	100KiB-1MiB	resource	v	20	2
nist-docx-0012	nist	docx	100KiB-1MiB	resource	a0	0	30
nist-docx-0012	nist	docx	100KiB-1MiB	resource	a1	0	1
nist-docx-0012	nist	docx	100KiB-1MiB	metadata	v	20	1
nist-docx-0012	nist	docx	100KiB-1MiB	metadata	a0	0	32
nist-docx-0012	nist	docx	100KiB-1MiB	metadata	a1	0	2
nist-docx-0012	nist	docx	100KiB-1MiB	text_repeat	v	20	8
nist-docx-0012	nist	docx	100KiB-1MiB	text_repeat	a0	0	157
nist-docx-0012	nist	docx	100KiB-1MiB	text_repeat	a1	0	6
nist-docx-0012	nist	docx	100KiB-1MiB	text_repeat	v_r	70	1
nist-docx-0012	nist	docx	100KiB-1MiB	session_mixed	v_r	70	2
nist-docx-0012	nist	docx	100KiB-1MiB	exact	v	0	70
nist-docx-0012	nist	docx	100KiB-1MiB	exact	a1	0	2
nist-docx-0012	nist	docx	100KiB-1MiB	exact	a0	0	1
nist-docx-0013	nist	docx	<100KiB	text_once	v	0	323
nist-docx-0013	nist	docx	<100KiB	text_once	a0	0	23
nist-docx-0013	nist	docx	<100KiB	text_once	a1	0	2
nist-docx-0013	nist	docx	<100KiB	heading	v	6	2
nist-docx-0013	nist	docx	<100KiB	heading	a0	0	22
nist-docx-0013	nist	docx	<100KiB	heading	a1	0	1
nist-docx-0013	nist	docx	<100KiB	table	v	0	1
nist-docx-0013	nist	docx	<100KiB	table	a0	0	21
nist-docx-0013	nist	docx	<100KiB	table	a1	0	2
nist-docx-0013	nist	docx	<100KiB	resource	v	6	1
nist-docx-0013	nist	docx	<100KiB	resource	a0	0	21
nist-docx-0013	nist	docx	<100KiB	resource	a1	0	2
nist-docx-0013	nist	docx	<100KiB	metadata	v	0	1
nist-docx-0013	nist	docx	<100KiB	metadata	a0	0	21
nist-docx-0013	nist	docx	<100KiB	metadata	a1	0	1
nist-docx-0013	nist	docx	<100KiB	text_repeat	v	0	7
nist-docx-0013	nist	docx	<100KiB	text_repeat	a0	0	125
nist-docx-0013	nist	docx	<100KiB	text_repeat	a1	0	6
nist-docx-0013	nist	docx	<100KiB	text_repeat	v_r	0	2
nist-docx-0013	nist	docx	<100KiB	session_mixed	v_r	0	1
nist-docx-0013	nist	docx	<100KiB	exact	v	0	46
nist-docx-0013	nist	docx	<100KiB	exact	a1	0	2
nist-docx-0013	nist	docx	<100KiB	exact	a0	0	0
nist-docx-0014	nist	docx	100KiB-1MiB	text_once	v	0	425
nist-docx-0014	nist	docx	100KiB-1MiB	text_once	a0	0	95
nist-docx-0014	nist	docx	100KiB-1MiB	text_once	a1	0	2
nist-docx-0014	nist	docx	100KiB-1MiB	heading	v	0	4
nist-docx-0014	nist	docx	100KiB-1MiB	heading	a0	0	101
nist-docx-0014	nist	docx	100KiB-1MiB	heading	a1	0	2
nist-docx-0014	nist	docx	100KiB-1MiB	table	v	0	3
nist-docx-0014	nist	docx	100KiB-1MiB	table	a0	0	98
nist-docx-0014	nist	docx	100KiB-1MiB	table	a1	0	1
nist-docx-0014	nist	docx	100KiB-1MiB	resource	v	0	4
nist-docx-0014	nist	docx	100KiB-1MiB	resource	a0	0	99
nist-docx-0014	nist	docx	100KiB-1MiB	resource	a1	0	2
nist-docx-0014	nist	docx	100KiB-1MiB	metadata	v	0	4
nist-docx-0014	nist	docx	100KiB-1MiB	metadata	a0	0	95
nist-docx-0014	nist	docx	100KiB-1MiB	metadata	a1	0	2
nist-docx-0014	nist	docx	100KiB-1MiB	text_repeat	v	0	16
nist-docx-0014	nist	docx	100KiB-1MiB	text_repeat	a0	0	501
nist-docx-0014	nist	docx	100KiB-1MiB	text_repeat	a1	0	7
nist-docx-0014	nist	docx	100KiB-1MiB	text_repeat	v_r	0	3
nist-docx-0014	nist	docx	100KiB-1MiB	session_mixed	v_r	0	4
nist-docx-0014	nist	docx	100KiB-1MiB	exact	v	0	48
nist-docx-0014	nist	docx	100KiB-1MiB	exact	a1	0	3
nist-docx-0014	nist	docx	100KiB-1MiB	exact	a0	0	1
nist-docx-0015	nist	docx	1-10MiB	text_once	v	0	410
nist-docx-0015	nist	docx	1-10MiB	text_once	a0	0	26
nist-docx-0015	nist	docx	1-10MiB	text_once	a1	0	2
nist-docx-0015	nist	docx	1-10MiB	heading	v	0	5
nist-docx-0015	nist	docx	1-10MiB	heading	a0	0	24
nist-docx-0015	nist	docx	1-10MiB	heading	a1	0	1
nist-docx-0015	nist	docx	1-10MiB	table	v	6	5
nist-docx-0015	nist	docx	1-10MiB	table	a0	0	25
nist-docx-0015	nist	docx	1-10MiB	table	a1	0	1
nist-docx-0015	nist	docx	1-10MiB	resource	v	0	4
nist-docx-0015	nist	docx	1-10MiB	resource	a0	0	24
nist-docx-0015	nist	docx	1-10MiB	resource	a1	0	2
nist-docx-0015	nist	docx	1-10MiB	metadata	v	0	5
nist-docx-0015	nist	docx	1-10MiB	metadata	a0	0	25
nist-docx-0015	nist	docx	1-10MiB	metadata	a1	0	2
nist-docx-0015	nist	docx	1-10MiB	text_repeat	v	0	23
nist-docx-0015	nist	docx	1-10MiB	text_repeat	a0	0	123
nist-docx-0015	nist	docx	1-10MiB	text_repeat	a1	0	8
nist-docx-0015	nist	docx	1-10MiB	text_repeat	v_r	0	5
nist-docx-0015	nist	docx	1-10MiB	session_mixed	v_r	0	4
nist-docx-0015	nist	docx	1-10MiB	exact	v	0	85
nist-docx-0015	nist	docx	1-10MiB	exact	a1	0	3
nist-docx-0015	nist	docx	1-10MiB	exact	a0	0	1
nist-epub-0001	nist	epub	100KiB-1MiB	text_once	v	0	217
nist-epub-0001	nist	epub	100KiB-1MiB	text_once	a0	0	26
nist-epub-0001	nist	epub	100KiB-1MiB	text_once	a1	0	1
nist-epub-0001	nist	epub	100KiB-1MiB	heading	v	0	707
nist-epub-0001	nist	epub	100KiB-1MiB	heading	a0	0	27
nist-epub-0001	nist	epub	100KiB-1MiB	heading	a1	0	1
nist-epub-0001	nist	epub	100KiB-1MiB	table	v	0	424
nist-epub-0001	nist	epub	100KiB-1MiB	table	a0	0	27
nist-epub-0001	nist	epub	100KiB-1MiB	table	a1	0	1
nist-epub-0001	nist	epub	100KiB-1MiB	resource	v	0	1
nist-epub-0001	nist	epub	100KiB-1MiB	resource	a0	0	26
nist-epub-0001	nist	epub	100KiB-1MiB	resource	a1	0	1
nist-epub-0001	nist	epub	100KiB-1MiB	metadata	v	0	1
nist-epub-0001	nist	epub	100KiB-1MiB	metadata	a0	0	26
nist-epub-0001	nist	epub	100KiB-1MiB	metadata	a1	0	2
nist-epub-0001	nist	epub	100KiB-1MiB	text_repeat	v	0	7
nist-epub-0001	nist	epub	100KiB-1MiB	text_repeat	a0	0	132
nist-epub-0001	nist	epub	100KiB-1MiB	text_repeat	a1	0	6
nist-epub-0001	nist	epub	100KiB-1MiB	text_repeat	v_r	0	2
nist-epub-0001	nist	epub	100KiB-1MiB	session_mixed	v_r	0	2
nist-epub-0001	nist	epub	100KiB-1MiB	exact	v	0	38
nist-epub-0001	nist	epub	100KiB-1MiB	exact	a1	0	2
nist-epub-0001	nist	epub	100KiB-1MiB	exact	a0	0	0
nist-epub-0002	nist	epub	100KiB-1MiB	text_once	v	0	196
nist-epub-0002	nist	epub	100KiB-1MiB	text_once	a0	0	27
nist-epub-0002	nist	epub	100KiB-1MiB	text_once	a1	0	2
nist-epub-0002	nist	epub	100KiB-1MiB	heading	v	0	824
nist-epub-0002	nist	epub	100KiB-1MiB	heading	a0	0	26
nist-epub-0002	nist	epub	100KiB-1MiB	heading	a1	0	2
nist-epub-0002	nist	epub	100KiB-1MiB	table	v	0	1145
nist-epub-0002	nist	epub	100KiB-1MiB	table	a0	0	27
nist-epub-0002	nist	epub	100KiB-1MiB	table	a1	0	2
nist-epub-0002	nist	epub	100KiB-1MiB	resource	v	0	2
nist-epub-0002	nist	epub	100KiB-1MiB	resource	a0	0	25
nist-epub-0002	nist	epub	100KiB-1MiB	resource	a1	0	1
nist-epub-0002	nist	epub	100KiB-1MiB	metadata	v	0	1
nist-epub-0002	nist	epub	100KiB-1MiB	metadata	a0	0	25
nist-epub-0002	nist	epub	100KiB-1MiB	metadata	a1	0	1
nist-epub-0002	nist	epub	100KiB-1MiB	text_repeat	v	0	7
nist-epub-0002	nist	epub	100KiB-1MiB	text_repeat	a0	0	125
nist-epub-0002	nist	epub	100KiB-1MiB	text_repeat	a1	0	6
nist-epub-0002	nist	epub	100KiB-1MiB	text_repeat	v_r	0	1
nist-epub-0002	nist	epub	100KiB-1MiB	session_mixed	v_r	0	2
nist-epub-0002	nist	epub	100KiB-1MiB	exact	v	0	60
nist-epub-0002	nist	epub	100KiB-1MiB	exact	a1	0	1
nist-epub-0002	nist	epub	100KiB-1MiB	exact	a0	0	0
nist-epub-0003	nist	epub	<100KiB	text_once	v	0	74
nist-epub-0003	nist	epub	<100KiB	text_once	a0	0	25
nist-epub-0003	nist	epub	<100KiB	text_once	a1	0	2
nist-epub-0003	nist	epub	<100KiB	heading	v	0	208
nist-epub-0003	nist	epub	<100KiB	heading	a0	0	25
nist-epub-0003	nist	epub	<100KiB	heading	a1	0	1
nist-epub-0003	nist	epub	<100KiB	table	v	0	287
nist-epub-0003	nist	epub	<100KiB	table	a0	0	25
nist-epub-0003	nist	epub	<100KiB	table	a1	0	2
nist-epub-0003	nist	epub	<100KiB	resource	v	0	2
nist-epub-0003	nist	epub	<100KiB	resource	a0	0	24
nist-epub-0003	nist	epub	<100KiB	resource	a1	0	1
nist-epub-0003	nist	epub	<100KiB	metadata	v	0	1
nist-epub-0003	nist	epub	<100KiB	metadata	a0	0	26
nist-epub-0003	nist	epub	<100KiB	metadata	a1	0	1
nist-epub-0003	nist	epub	<100KiB	text_repeat	v	0	7
nist-epub-0003	nist	epub	<100KiB	text_repeat	a0	0	124
nist-epub-0003	nist	epub	<100KiB	text_repeat	a1	0	8
nist-epub-0003	nist	epub	<100KiB	text_repeat	v_r	0	1
nist-epub-0003	nist	epub	<100KiB	session_mixed	v_r	0	2
nist-epub-0003	nist	epub	<100KiB	exact	v	0	13
nist-epub-0003	nist	epub	<100KiB	exact	a1	0	1
nist-epub-0003	nist	epub	<100KiB	exact	a0	0	1
nist-epub-0004	nist	epub	100KiB-1MiB	text_once	v	0	69
nist-epub-0004	nist	epub	100KiB-1MiB	text_once	a0	0	32
nist-epub-0004	nist	epub	100KiB-1MiB	text_once	a1	0	1
nist-epub-0004	nist	epub	100KiB-1MiB	heading	v	0	112
nist-epub-0004	nist	epub	100KiB-1MiB	heading	a0	0	32
nist-epub-0004	nist	epub	100KiB-1MiB	heading	a1	0	2
nist-epub-0004	nist	epub	100KiB-1MiB	table	v	0	2
nist-epub-0004	nist	epub	100KiB-1MiB	table	a0	0	31
nist-epub-0004	nist	epub	100KiB-1MiB	table	a1	0	1
nist-epub-0004	nist	epub	100KiB-1MiB	resource	v	0	2
nist-epub-0004	nist	epub	100KiB-1MiB	resource	a0	0	31
nist-epub-0004	nist	epub	100KiB-1MiB	resource	a1	0	2
nist-epub-0004	nist	epub	100KiB-1MiB	metadata	v	0	2
nist-epub-0004	nist	epub	100KiB-1MiB	metadata	a0	0	31
nist-epub-0004	nist	epub	100KiB-1MiB	metadata	a1	0	1
nist-epub-0004	nist	epub	100KiB-1MiB	text_repeat	v	0	8
nist-epub-0004	nist	epub	100KiB-1MiB	text_repeat	a0	0	155
nist-epub-0004	nist	epub	100KiB-1MiB	text_repeat	a1	0	5
nist-epub-0004	nist	epub	100KiB-1MiB	text_repeat	v_r	0	2
nist-epub-0004	nist	epub	100KiB-1MiB	session_mixed	v_r	0	3
nist-epub-0004	nist	epub	100KiB-1MiB	exact	v	0	8
nist-epub-0004	nist	epub	100KiB-1MiB	exact	a1	0	2
nist-epub-0004	nist	epub	100KiB-1MiB	exact	a0	0	0
nist-epub-0005	nist	epub	100KiB-1MiB	text_once	v	0	21
nist-epub-0005	nist	epub	100KiB-1MiB	text_once	a0	0	23
nist-epub-0005	nist	epub	100KiB-1MiB	text_once	a1	0	1
nist-epub-0005	nist	epub	100KiB-1MiB	heading	v	0	76
nist-epub-0005	nist	epub	100KiB-1MiB	heading	a0	0	24
nist-epub-0005	nist	epub	100KiB-1MiB	heading	a1	0	1
nist-epub-0005	nist	epub	100KiB-1MiB	table	v	0	39
nist-epub-0005	nist	epub	100KiB-1MiB	table	a0	0	24
nist-epub-0005	nist	epub	100KiB-1MiB	table	a1	0	2
nist-epub-0005	nist	epub	100KiB-1MiB	resource	v	0	2
nist-epub-0005	nist	epub	100KiB-1MiB	resource	a0	0	23
nist-epub-0005	nist	epub	100KiB-1MiB	resource	a1	0	1
nist-epub-0005	nist	epub	100KiB-1MiB	metadata	v	0	2
nist-epub-0005	nist	epub	100KiB-1MiB	metadata	a0	0	23
nist-epub-0005	nist	epub	100KiB-1MiB	metadata	a1	0	1
nist-epub-0005	nist	epub	100KiB-1MiB	text_repeat	v	0	5
nist-epub-0005	nist	epub	100KiB-1MiB	text_repeat	a0	0	118
nist-epub-0005	nist	epub	100KiB-1MiB	text_repeat	a1	0	7
nist-epub-0005	nist	epub	100KiB-1MiB	text_repeat	v_r	0	2
nist-epub-0005	nist	epub	100KiB-1MiB	session_mixed	v_r	0	2
nist-epub-0005	nist	epub	100KiB-1MiB	exact	v	0	4
nist-epub-0005	nist	epub	100KiB-1MiB	exact	a1	0	1
nist-epub-0005	nist	epub	100KiB-1MiB	exact	a0	0	1
nist-epub-0006	nist	epub	100KiB-1MiB	text_once	v	0	13
nist-epub-0006	nist	epub	100KiB-1MiB	text_once	a0	0	22
nist-epub-0006	nist	epub	100KiB-1MiB	text_once	a1	0	1
nist-epub-0006	nist	epub	100KiB-1MiB	heading	v	0	41
nist-epub-0006	nist	epub	100KiB-1MiB	heading	a0	0	21
nist-epub-0006	nist	epub	100KiB-1MiB	heading	a1	0	1
nist-epub-0006	nist	epub	100KiB-1MiB	table	v	0	15
nist-epub-0006	nist	epub	100KiB-1MiB	table	a0	0	21
nist-epub-0006	nist	epub	100KiB-1MiB	table	a1	0	2
nist-epub-0006	nist	epub	100KiB-1MiB	resource	v	0	1
nist-epub-0006	nist	epub	100KiB-1MiB	resource	a0	0	22
nist-epub-0006	nist	epub	100KiB-1MiB	resource	a1	0	1
nist-epub-0006	nist	epub	100KiB-1MiB	metadata	v	0	1
nist-epub-0006	nist	epub	100KiB-1MiB	metadata	a0	0	23
nist-epub-0006	nist	epub	100KiB-1MiB	metadata	a1	0	1
nist-epub-0006	nist	epub	100KiB-1MiB	text_repeat	v	0	7
nist-epub-0006	nist	epub	100KiB-1MiB	text_repeat	a0	0	110
nist-epub-0006	nist	epub	100KiB-1MiB	text_repeat	a1	0	6
nist-epub-0006	nist	epub	100KiB-1MiB	text_repeat	v_r	0	2
nist-epub-0006	nist	epub	100KiB-1MiB	session_mixed	v_r	0	1
nist-epub-0006	nist	epub	100KiB-1MiB	exact	v	0	3
nist-epub-0006	nist	epub	100KiB-1MiB	exact	a1	0	2
nist-epub-0006	nist	epub	100KiB-1MiB	exact	a0	0	0
nist-epub-0007	nist	epub	100KiB-1MiB	text_once	v	0	13
nist-epub-0007	nist	epub	100KiB-1MiB	text_once	a0	0	26
nist-epub-0007	nist	epub	100KiB-1MiB	text_once	a1	0	2
nist-epub-0007	nist	epub	100KiB-1MiB	heading	v	0	44
nist-epub-0007	nist	epub	100KiB-1MiB	heading	a0	0	26
nist-epub-0007	nist	epub	100KiB-1MiB	heading	a1	0	1
nist-epub-0007	nist	epub	100KiB-1MiB	table	v	0	2
nist-epub-0007	nist	epub	100KiB-1MiB	table	a0	0	27
nist-epub-0007	nist	epub	100KiB-1MiB	table	a1	0	2
nist-epub-0007	nist	epub	100KiB-1MiB	resource	v	0	2
nist-epub-0007	nist	epub	100KiB-1MiB	resource	a0	0	26
nist-epub-0007	nist	epub	100KiB-1MiB	resource	a1	0	1
nist-epub-0007	nist	epub	100KiB-1MiB	metadata	v	0	1
nist-epub-0007	nist	epub	100KiB-1MiB	metadata	a0	0	26
nist-epub-0007	nist	epub	100KiB-1MiB	metadata	a1	0	1
nist-epub-0007	nist	epub	100KiB-1MiB	text_repeat	v	0	7
nist-epub-0007	nist	epub	100KiB-1MiB	text_repeat	a0	0	131
nist-epub-0007	nist	epub	100KiB-1MiB	text_repeat	a1	0	6
nist-epub-0007	nist	epub	100KiB-1MiB	text_repeat	v_r	0	2
nist-epub-0007	nist	epub	100KiB-1MiB	session_mixed	v_r	0	1
nist-epub-0007	nist	epub	100KiB-1MiB	exact	v	0	3
nist-epub-0007	nist	epub	100KiB-1MiB	exact	a1	0	1
nist-epub-0007	nist	epub	100KiB-1MiB	exact	a0	0	0
nist-epub-0008	nist	epub	<100KiB	text_once	v	0	13
nist-epub-0008	nist	epub	<100KiB	text_once	a0	1	21
nist-epub-0008	nist	epub	<100KiB	text_once	a1	1	1
nist-epub-0008	nist	epub	<100KiB	heading	v	0	41
nist-epub-0008	nist	epub	<100KiB	heading	a0	1	21
nist-epub-0008	nist	epub	<100KiB	heading	a1	1	2
nist-epub-0008	nist	epub	<100KiB	table	v	0	1
nist-epub-0008	nist	epub	<100KiB	table	a0	1	20
nist-epub-0008	nist	epub	<100KiB	table	a1	1	1
nist-epub-0008	nist	epub	<100KiB	resource	v	0	1
nist-epub-0008	nist	epub	<100KiB	resource	a0	1	20
nist-epub-0008	nist	epub	<100KiB	resource	a1	1	1
nist-epub-0008	nist	epub	<100KiB	metadata	v	0	1
nist-epub-0008	nist	epub	<100KiB	metadata	a0	1	20
nist-epub-0008	nist	epub	<100KiB	metadata	a1	1	1
nist-epub-0008	nist	epub	<100KiB	text_repeat	v	0	6
nist-epub-0008	nist	epub	<100KiB	text_repeat	a0	1	100
nist-epub-0008	nist	epub	<100KiB	text_repeat	a1	1	6
nist-epub-0008	nist	epub	<100KiB	text_repeat	v_r	0	1
nist-epub-0008	nist	epub	<100KiB	session_mixed	v_r	0	1
nist-epub-0008	nist	epub	<100KiB	exact	v	0	3
nist-epub-0008	nist	epub	<100KiB	exact	a1	1	1
nist-epub-0008	nist	epub	<100KiB	exact	a0	0	1
nist-epub-0009	nist	epub	1-10MiB	text_once	v	0	21
nist-epub-0009	nist	epub	1-10MiB	text_once	a0	0	25
nist-epub-0009	nist	epub	1-10MiB	text_once	a1	0	1
nist-epub-0009	nist	epub	1-10MiB	heading	v	0	40
nist-epub-0009	nist	epub	1-10MiB	heading	a0	0	25
nist-epub-0009	nist	epub	1-10MiB	heading	a1	0	1
nist-epub-0009	nist	epub	1-10MiB	table	v	0	38
nist-epub-0009	nist	epub	1-10MiB	table	a0	0	25
nist-epub-0009	nist	epub	1-10MiB	table	a1	0	1
nist-epub-0009	nist	epub	1-10MiB	resource	v	0	4
nist-epub-0009	nist	epub	1-10MiB	resource	a0	0	25
nist-epub-0009	nist	epub	1-10MiB	resource	a1	0	1
nist-epub-0009	nist	epub	1-10MiB	metadata	v	0	4
nist-epub-0009	nist	epub	1-10MiB	metadata	a0	0	25
nist-epub-0009	nist	epub	1-10MiB	metadata	a1	0	1
nist-epub-0009	nist	epub	1-10MiB	text_repeat	v	0	15
nist-epub-0009	nist	epub	1-10MiB	text_repeat	a0	0	127
nist-epub-0009	nist	epub	1-10MiB	text_repeat	a1	0	6
nist-epub-0009	nist	epub	1-10MiB	text_repeat	v_r	0	4
nist-epub-0009	nist	epub	1-10MiB	session_mixed	v_r	0	4
nist-epub-0009	nist	epub	1-10MiB	exact	v	0	8
nist-epub-0009	nist	epub	1-10MiB	exact	a1	0	2
nist-epub-0009	nist	epub	1-10MiB	exact	a0	0	1
nist-epub-0010	nist	epub	100KiB-1MiB	text_once	v	0	14
nist-epub-0010	nist	epub	100KiB-1MiB	text_once	a0	0	29
nist-epub-0010	nist	epub	100KiB-1MiB	text_once	a1	0	1
nist-epub-0010	nist	epub	100KiB-1MiB	heading	v	0	22
nist-epub-0010	nist	epub	100KiB-1MiB	heading	a0	0	28
nist-epub-0010	nist	epub	100KiB-1MiB	heading	a1	0	1
nist-epub-0010	nist	epub	100KiB-1MiB	table	v	0	2
nist-epub-0010	nist	epub	100KiB-1MiB	table	a0	0	28
nist-epub-0010	nist	epub	100KiB-1MiB	table	a1	0	1
nist-epub-0010	nist	epub	100KiB-1MiB	resource	v	0	2
nist-epub-0010	nist	epub	100KiB-1MiB	resource	a0	0	29
nist-epub-0010	nist	epub	100KiB-1MiB	resource	a1	0	2
nist-epub-0010	nist	epub	100KiB-1MiB	metadata	v	0	1
nist-epub-0010	nist	epub	100KiB-1MiB	metadata	a0	0	28
nist-epub-0010	nist	epub	100KiB-1MiB	metadata	a1	0	1
nist-epub-0010	nist	epub	100KiB-1MiB	text_repeat	v	0	7
nist-epub-0010	nist	epub	100KiB-1MiB	text_repeat	a0	0	142
nist-epub-0010	nist	epub	100KiB-1MiB	text_repeat	a1	0	7
nist-epub-0010	nist	epub	100KiB-1MiB	text_repeat	v_r	0	1
nist-epub-0010	nist	epub	100KiB-1MiB	session_mixed	v_r	0	2
nist-epub-0010	nist	epub	100KiB-1MiB	exact	v	0	4
nist-epub-0010	nist	epub	100KiB-1MiB	exact	a1	0	1
nist-epub-0010	nist	epub	100KiB-1MiB	exact	a0	0	1
