id,depth,rep,vole_us,sqlite_us,ratio
nist-docx-0005,0,1,1367,1474,0.92741
nist-docx-0005,0,2,1398,1405,0.99502
nist-docx-0005,0,3,1297,1489,0.87105
nist-docx-0005,0,4,1491,1425,1.04632
nist-docx-0005,0,5,1332,1436,0.92758
nist-docx-0005,0,6,1389,1517,0.91562
nist-docx-0005,0,7,1359,1470,0.92449
nist-docx-0005,0,8,1460,1550,0.94194
nist-docx-0005,0,9,1370,1585,0.86435
nist-docx-0005,0,10,1438,1462,0.98358
nist-docx-0005,0,11,1440,1523,0.94550
nist-docx-0005,0,12,1551,1483,1.04585
nist-docx-0005,0,13,1468,1724,0.85151
nist-docx-0005,0,14,1584,1498,1.05741
nist-docx-0005,0,15,1393,1650,0.84424
nist-docx-0005,0,16,1530,1481,1.03309
nist-docx-0005,0,17,1428,1423,1.00351
nist-docx-0005,0,18,1545,1524,1.01378
nist-docx-0005,0,19,1343,1434,0.93654
nist-docx-0005,0,20,1446,1446,1.00000
nist-docx-0005,0,21,1368,1518,0.90119
nist-docx-0005,0,22,1444,1380,1.04638
nist-docx-0005,0,23,1344,1508,0.89125
nist-docx-0005,0,24,1456,1452,1.00275
nist-docx-0005,0,25,1408,1605,0.87726
nist-docx-0005,0,26,1484,1487,0.99798
nist-docx-0005,0,27,1313,1478,0.88836
nist-docx-0005,0,28,1504,1392,1.08046
nist-docx-0005,0,29,1418,1840,0.77065
nist-docx-0005,0,30,1575,1519,1.03687
nist-docx-0005,0,31,1504,1674,0.89845
nist-docx-0005,0,32,1654,1519,1.08887
nist-docx-0005,0,33,1426,2087,0.68328
nist-docx-0005,0,34,1557,1633,0.95346
nist-docx-0005,0,35,1438,1702,0.84489
nist-docx-0005,0,36,1601,1636,0.97861
nist-docx-0005,0,37,1387,1767,0.78495
nist-docx-0005,0,38,1599,1526,1.04784
nist-docx-0005,0,39,1385,1624,0.85283
nist-docx-0005,0,40,1577,1555,1.01415
nist-docx-0005,0,41,1449,1658,0.87394
nist-docx-0005,0,42,1595,1539,1.03639
nist-docx-0005,0,43,1446,1708,0.84660
nist-docx-0005,0,44,1618,1508,1.07294
nist-docx-0005,0,45,1370,1469,0.93261
nist-docx-0005,0,46,1536,1433,1.07188
nist-docx-0005,0,47,1392,2450,0.56816
nist-docx-0005,0,48,1612,1556,1.03599
nist-docx-0005,0,49,1452,1858,0.78149
nist-docx-0005,0,50,1557,1547,1.00646
nist-docx-0005,0,51,1439,1564,0.92008
nist-docx-0005,0,52,1813,1580,1.14747
nist-docx-0005,0,53,1342,2023,0.66337
nist-docx-0005,0,54,1534,1511,1.01522
nist-docx-0005,0,55,1366,1472,0.92799
nist-docx-0005,0,56,1402,1409,0.99503
nist-docx-0005,0,57,1480,1466,1.00955
nist-docx-0005,0,58,1527,1439,1.06115
nist-docx-0005,0,59,1419,2194,0.64676
nist-docx-0005,0,60,1602,1525,1.05049
nist-docx-0005,0,61,1387,1613,0.85989
nist-docx-0005,0,62,1592,1536,1.03646
nist-docx-0005,0,63,1387,1721,0.80593
nist-docx-0005,0,64,1526,1515,1.00726
nist-docx-0005,0,65,1428,1657,0.86180
nist-docx-0005,0,66,1483,1522,0.97438
nist-docx-0005,0,67,1355,1467,0.92365
nist-docx-0005,0,68,1380,1495,0.92308
nist-docx-0005,0,69,1373,1502,0.91411
nist-docx-0005,0,70,1357,1404,0.96652
nist-docx-0005,0,71,1317,1493,0.88212
nist-docx-0005,0,72,1414,1621,0.87230
nist-docx-0005,0,73,1291,1388,0.93012
nist-docx-0005,0,74,1297,1440,0.90069
nist-docx-0005,0,75,1295,1461,0.88638
nist-docx-0005,0,76,1401,1386,1.01082
nist-docx-0005,0,77,1363,1521,0.89612
nist-docx-0005,0,78,1446,1443,1.00208
nist-docx-0005,0,79,1350,1486,0.90848
nist-docx-0005,0,80,1537,1574,0.97649
nist-docx-0005,0,81,1359,1776,0.76520
nist-docx-0005,0,82,1615,1410,1.14539
nist-docx-0005,0,83,1408,1726,0.81576
nist-docx-0005,0,84,2107,1475,1.42847
nist-docx-0005,0,85,1469,1818,0.80803
nist-docx-0005,0,86,1571,1508,1.04178
nist-docx-0005,0,87,1475,1807,0.81627
nist-docx-0005,0,88,1509,1508,1.00066
nist-docx-0005,0,89,1410,1828,0.77133
nist-docx-0005,0,90,1535,1580,0.97152
nist-docx-0005,0,91,1478,1777,0.83174
nist-docx-0005,0,92,1657,1579,1.04940
nist-docx-0005,0,93,1353,1534,0.88201
nist-docx-0005,0,94,1578,1489,1.05977
nist-docx-0005,0,95,1435,1756,0.81720
nist-docx-0005,0,96,1631,1604,1.01683
nist-docx-0005,0,97,1446,1814,0.79713
nist-docx-0005,0,98,1549,1484,1.04380
nist-docx-0005,0,99,1467,1583,0.92672
nist-docx-0005,0,100,1548,1535,1.00847
nist-docx-0008,0,1,1268,1391,0.91157
nist-docx-0008,0,2,1199,1354,0.88552
nist-docx-0008,0,3,1174,1402,0.83738
nist-docx-0008,0,4,1189,1518,0.78327
nist-docx-0008,0,5,1078,1502,0.71771
nist-docx-0008,0,6,1200,1380,0.86957
nist-docx-0008,0,7,1086,1347,0.80624
nist-docx-0008,0,8,1249,1306,0.95636
nist-docx-0008,0,9,1075,1338,0.80344
nist-docx-0008,0,10,1193,1379,0.86512
nist-docx-0008,0,11,1049,1417,0.74030
nist-docx-0008,0,12,1186,1410,0.84113
nist-docx-0008,0,13,1074,1379,0.77883
nist-docx-0008,0,14,1186,1409,0.84173
nist-docx-0008,0,15,1100,1443,0.76230
nist-docx-0008,0,16,1297,1417,0.91531
nist-docx-0008,0,17,1140,1555,0.73312
nist-docx-0008,0,18,1323,1479,0.89452
nist-docx-0008,0,19,1135,1561,0.72710
nist-docx-0008,0,20,1343,1406,0.95519
nist-docx-0008,0,21,1087,1477,0.73595
nist-docx-0008,0,22,1168,1394,0.83788
nist-docx-0008,0,23,1128,1481,0.76165
nist-docx-0008,0,24,1248,1326,0.94118
nist-docx-0008,0,25,1096,1386,0.79076
nist-docx-0008,0,26,1287,1398,0.92060
nist-docx-0008,0,27,1083,1341,0.80761
nist-docx-0008,0,28,1261,1358,0.92857
nist-docx-0008,0,29,1044,1524,0.68504
nist-docx-0008,0,30,1291,1414,0.91301
nist-docx-0008,0,31,1153,1615,0.71393
nist-docx-0008,0,32,1337,1438,0.92976
nist-docx-0008,0,33,1295,1556,0.83226
nist-docx-0008,0,34,1395,1630,0.85583
nist-docx-0008,0,35,1135,1640,0.69207
nist-docx-0008,0,36,1322,1378,0.95936
nist-docx-0008,0,37,1140,1546,0.73739
nist-docx-0008,0,38,1361,1495,0.91037
nist-docx-0008,0,39,1232,1627,0.75722
nist-docx-0008,0,40,1297,1405,0.92313
nist-docx-0008,0,41,1071,1621,0.66070
nist-docx-0008,0,42,1449,1544,0.93847
nist-docx-0008,0,43,1206,1918,0.62878
nist-docx-0008,0,44,1442,1603,0.89956
nist-docx-0008,0,45,1285,1888,0.68061
nist-docx-0008,0,46,1330,1416,0.93927
nist-docx-0008,0,47,1125,1610,0.69876
nist-docx-0008,0,48,1295,1428,0.90686
nist-docx-0008,0,49,1063,1580,0.67278
nist-docx-0008,0,50,1371,1506,0.91036
nist-docx-0008,0,51,1237,1746,0.70848
nist-docx-0008,0,52,1322,1487,0.88904
nist-docx-0008,0,53,1195,1583,0.75490
nist-docx-0008,0,54,1269,1420,0.89366
nist-docx-0008,0,55,1176,1568,0.75000
nist-docx-0008,0,56,1284,1392,0.92241
nist-docx-0008,0,57,1183,1797,0.65832
nist-docx-0008,0,58,1473,1489,0.98925
nist-docx-0008,0,59,1096,1524,0.71916
nist-docx-0008,0,60,1340,1410,0.95035
nist-docx-0008,0,61,1121,1761,0.63657
nist-docx-0008,0,62,1272,1389,0.91577
nist-docx-0008,0,63,1238,1494,0.82865
nist-docx-0008,0,64,1305,1430,0.91259
nist-docx-0008,0,65,1163,1555,0.74791
nist-docx-0008,0,66,1279,1447,0.88390
nist-docx-0008,0,67,1308,1582,0.82680
nist-docx-0008,0,68,1346,1383,0.97325
nist-docx-0008,0,69,1136,1445,0.78616
nist-docx-0008,0,70,1374,1465,0.93788
nist-docx-0008,0,71,1232,1710,0.72047
nist-docx-0008,0,72,1336,1399,0.95497
nist-docx-0008,0,73,1097,1577,0.69562
nist-docx-0008,0,74,1340,1428,0.93838
nist-docx-0008,0,75,1191,1582,0.75284
nist-docx-0008,0,76,1448,1452,0.99725
nist-docx-0008,0,77,1133,1677,0.67561
nist-docx-0008,0,78,1748,1511,1.15685
nist-docx-0008,0,79,1193,1604,0.74377
nist-docx-0008,0,80,1310,1551,0.84462
nist-docx-0008,0,81,1169,1529,0.76455
nist-docx-0008,0,82,1286,1449,0.88751
nist-docx-0008,0,83,1197,1756,0.68166
nist-docx-0008,0,84,1335,1358,0.98306
nist-docx-0008,0,85,1189,1613,0.73714
nist-docx-0008,0,86,1280,1436,0.89136
nist-docx-0008,0,87,1110,1684,0.65914
nist-docx-0008,0,88,1645,1456,1.12981
nist-docx-0008,0,89,1093,1575,0.69397
nist-docx-0008,0,90,1380,1513,0.91210
nist-docx-0008,0,91,1226,1693,0.72416
nist-docx-0008,0,92,1377,2325,0.59226
nist-docx-0008,0,93,1105,1648,0.67051
nist-docx-0008,0,94,1323,1456,0.90865
nist-docx-0008,0,95,1094,1694,0.64581
nist-docx-0008,0,96,1377,1471,0.93610
nist-docx-0008,0,97,1136,1752,0.64840
nist-docx-0008,0,98,1376,1385,0.99350
nist-docx-0008,0,99,1197,1652,0.72458
nist-docx-0008,0,100,1362,1467,0.92843
nist-docx-0009,0,1,1985,1719,1.15474
nist-docx-0009,0,2,2186,1638,1.33455
nist-docx-0009,0,3,1923,1891,1.01692
nist-docx-0009,0,4,2157,1698,1.27032
nist-docx-0009,0,5,1976,1826,1.08215
nist-docx-0009,0,6,2231,1809,1.23328
nist-docx-0009,0,7,1925,2029,0.94874
nist-docx-0009,0,8,2032,1657,1.22631
nist-docx-0009,0,9,1995,2095,0.95227
nist-docx-0009,0,10,2214,1645,1.34590
nist-docx-0009,0,11,1827,1774,1.02988
nist-docx-0009,0,12,2101,1581,1.32891
nist-docx-0009,0,13,1838,1929,0.95283
nist-docx-0009,0,14,2188,1691,1.29391
nist-docx-0009,0,15,1879,1806,1.04042
nist-docx-0009,0,16,2111,1570,1.34459
nist-docx-0009,0,17,1917,1898,1.01001
nist-docx-0009,0,18,2024,1634,1.23868
nist-docx-0009,0,19,1851,1886,0.98144
nist-docx-0009,0,20,2100,1649,1.27350
nist-docx-0009,0,21,1916,2052,0.93372
nist-docx-0009,0,22,2113,1590,1.32893
nist-docx-0009,0,23,1868,1897,0.98471
nist-docx-0009,0,24,2209,1615,1.36780
nist-docx-0009,0,25,1847,1849,0.99892
nist-docx-0009,0,26,2171,1993,1.08931
nist-docx-0009,0,27,1842,1892,0.97357
nist-docx-0009,0,28,2062,1551,1.32946
nist-docx-0009,0,29,1909,1803,1.05879
nist-docx-0009,0,30,2162,1691,1.27853
nist-docx-0009,0,31,1882,1834,1.02617
nist-docx-0009,0,32,2013,1595,1.26207
nist-docx-0009,0,33,2047,2011,1.01790
nist-docx-0009,0,34,2093,1577,1.32720
nist-docx-0009,0,35,1895,2192,0.86451
nist-docx-0009,0,36,2086,1577,1.32276
nist-docx-0009,0,37,1996,1722,1.15912
nist-docx-0009,0,38,2219,1691,1.31224
nist-docx-0009,0,39,2093,1931,1.08389
nist-docx-0009,0,40,2099,1592,1.31847
nist-docx-0009,0,41,1927,1913,1.00732
nist-docx-0009,0,42,2179,1639,1.32947
nist-docx-0009,0,43,1896,1865,1.01662
nist-docx-0009,0,44,2103,1793,1.17289
nist-docx-0009,0,45,1883,1850,1.01784
nist-docx-0009,0,46,2013,1592,1.26445
nist-docx-0009,0,47,1813,1797,1.00890
nist-docx-0009,0,48,2161,1836,1.17702
nist-docx-0009,0,49,1890,1864,1.01395
nist-docx-0009,0,50,1953,1525,1.28066
nist-docx-0009,0,51,2264,1868,1.21199
nist-docx-0009,0,52,2240,1619,1.38357
nist-docx-0009,0,53,2050,1939,1.05725
nist-docx-0009,0,54,2063,1596,1.29261
nist-docx-0009,0,55,1817,1878,0.96752
nist-docx-0009,0,56,2043,1670,1.22335
nist-docx-0009,0,57,1889,1824,1.03564
nist-docx-0009,0,58,1954,1638,1.19292
nist-docx-0009,0,59,1806,1506,1.19920
nist-docx-0009,0,60,2044,1617,1.26407
nist-docx-0009,0,61,1913,2022,0.94609
nist-docx-0009,0,62,2094,1586,1.32030
nist-docx-0009,0,63,1871,1788,1.04642
nist-docx-0009,0,64,2246,1607,1.39764
nist-docx-0009,0,65,1934,1847,1.04710
nist-docx-0009,0,66,2107,1667,1.26395
nist-docx-0009,0,67,1967,1929,1.01970
nist-docx-0009,0,68,2194,1674,1.31063
nist-docx-0009,0,69,1931,1838,1.05060
nist-docx-0009,0,70,2072,1721,1.20395
nist-docx-0009,0,71,2056,1831,1.12288
nist-docx-0009,0,72,2141,1746,1.22623
nist-docx-0009,0,73,1954,1848,1.05736
nist-docx-0009,0,74,2127,1531,1.38929
nist-docx-0009,0,75,2123,1831,1.15948
nist-docx-0009,0,76,2062,1698,1.21437
nist-docx-0009,0,77,1902,1871,1.01657
nist-docx-0009,0,78,2142,1590,1.34717
nist-docx-0009,0,79,1955,1791,1.09157
nist-docx-0009,0,80,2098,1708,1.22834
nist-docx-0009,0,81,1849,1905,0.97060
nist-docx-0009,0,82,2026,1633,1.24066
nist-docx-0009,0,83,1924,1884,1.02123
nist-docx-0009,0,84,2150,1544,1.39249
nist-docx-0009,0,85,1876,1823,1.02907
nist-docx-0009,0,86,2065,1831,1.12780
nist-docx-0009,0,87,1786,1738,1.02762
nist-docx-0009,0,88,1997,1545,1.29256
nist-docx-0009,0,89,1974,1893,1.04279
nist-docx-0009,0,90,2213,1571,1.40866
nist-docx-0009,0,91,1866,1803,1.03494
nist-docx-0009,0,92,2191,1562,1.40269
nist-docx-0009,0,93,1949,1752,1.11244
nist-docx-0009,0,94,2017,1643,1.22763
nist-docx-0009,0,95,1901,1852,1.02646
nist-docx-0009,0,96,1976,1577,1.25301
nist-docx-0009,0,97,1905,1659,1.14828
nist-docx-0009,0,98,2223,1536,1.44727
nist-docx-0009,0,99,1925,1850,1.04054
nist-docx-0009,0,100,2081,1595,1.30470
nist-docx-0014,0,1,3960,2632,1.50456
nist-docx-0014,0,2,4317,2469,1.74848
nist-docx-0014,0,3,3950,2713,1.45595
nist-docx-0014,0,4,4237,2564,1.65250
nist-docx-0014,0,5,4010,2519,1.59190
nist-docx-0014,0,6,4091,2353,1.73863
nist-docx-0014,0,7,3864,2695,1.43377
nist-docx-0014,0,8,4138,2383,1.73647
nist-docx-0014,0,9,4031,2618,1.53972
nist-docx-0014,0,10,4177,2300,1.81609
nist-docx-0014,0,11,3981,2878,1.38325
nist-docx-0014,0,12,4156,2625,1.58324
nist-docx-0014,0,13,4018,2625,1.53067
nist-docx-0014,0,14,4223,2380,1.77437
nist-docx-0014,0,15,4061,2653,1.53072
nist-docx-0014,0,16,4116,2367,1.73891
nist-docx-0014,0,17,3904,2609,1.49636
nist-docx-0014,0,18,4146,2473,1.67651
nist-docx-0014,0,19,3731,2766,1.34888
nist-docx-0014,0,20,4815,2470,1.94939
nist-docx-0014,0,21,3900,2805,1.39037
nist-docx-0014,0,22,3976,2438,1.63084
nist-docx-0014,0,23,3733,2579,1.44746
nist-docx-0014,0,24,4229,2387,1.77168
nist-docx-0014,0,25,4208,2760,1.52464
nist-docx-0014,0,26,4065,2369,1.71591
nist-docx-0014,0,27,3858,2382,1.61965
nist-docx-0014,0,28,3952,2373,1.66540
nist-docx-0014,0,29,3763,2086,1.80393
nist-docx-0014,0,30,3795,2106,1.80199
nist-docx-0014,0,31,3911,2775,1.40937
nist-docx-0014,0,32,4070,2463,1.65246
nist-docx-0014,0,33,4051,2554,1.58614
nist-docx-0014,0,34,3892,2362,1.64776
nist-docx-0014,0,35,3940,2658,1.48232
nist-docx-0014,0,36,3886,2309,1.68298
nist-docx-0014,0,37,3962,2715,1.45930
nist-docx-0014,0,38,4002,2647,1.51190
nist-docx-0014,0,39,4020,2163,1.85853
nist-docx-0014,0,40,4014,2137,1.87833
nist-docx-0014,0,41,3660,2360,1.55085
nist-docx-0014,0,42,3828,2282,1.67748
nist-docx-0014,0,43,3784,2250,1.68178
nist-docx-0014,0,44,3936,2075,1.89687
nist-docx-0014,0,45,4058,2199,1.84538
nist-docx-0014,0,46,3722,2312,1.60986
nist-docx-0014,0,47,3928,2131,1.84327
nist-docx-0014,0,48,3765,2690,1.39963
nist-docx-0014,0,49,3754,2169,1.73075
nist-docx-0014,0,50,3931,2119,1.85512
nist-docx-0014,0,51,3792,2531,1.49822
nist-docx-0014,0,52,3805,2167,1.75588
nist-docx-0014,0,53,3979,2633,1.51120
nist-docx-0014,0,54,4051,2287,1.77132
nist-docx-0014,0,55,4209,2451,1.71726
nist-docx-0014,0,56,3767,2210,1.70452
nist-docx-0014,0,57,3635,2379,1.52795
nist-docx-0014,0,58,3832,2286,1.67629
nist-docx-0014,0,59,3758,2246,1.67320
nist-docx-0014,0,60,3970,1993,1.99197
nist-docx-0014,0,61,3847,2880,1.33576
nist-docx-0014,0,62,4519,2367,1.90917
nist-docx-0014,0,63,3912,3146,1.24348
nist-docx-0014,0,64,4248,2406,1.76559
nist-docx-0014,0,65,3894,2568,1.51636
nist-docx-0014,0,66,4107,2415,1.70062
nist-docx-0014,0,67,3792,2904,1.30579
nist-docx-0014,0,68,4063,2261,1.79699
nist-docx-0014,0,69,3933,2773,1.41832
nist-docx-0014,0,70,4136,2535,1.63156
nist-docx-0014,0,71,3910,2697,1.44976
nist-docx-0014,0,72,4282,2354,1.81903
nist-docx-0014,0,73,4120,2579,1.59752
nist-docx-0014,0,74,4394,2439,1.80156
nist-docx-0014,0,75,3889,2640,1.47311
nist-docx-0014,0,76,4010,2361,1.69843
nist-docx-0014,0,77,4011,2679,1.49720
nist-docx-0014,0,78,3964,2378,1.66695
nist-docx-0014,0,79,3949,2589,1.52530
nist-docx-0014,0,80,4530,2383,1.90097
nist-docx-0014,0,81,3899,2667,1.46194
nist-docx-0014,0,82,4267,2482,1.71918
nist-docx-0014,0,83,3774,2793,1.35124
nist-docx-0014,0,84,4220,2475,1.70505
nist-docx-0014,0,85,4200,2878,1.45935
nist-docx-0014,0,86,4167,2532,1.64573
nist-docx-0014,0,87,3839,2705,1.41922
nist-docx-0014,0,88,4151,2308,1.79853
nist-docx-0014,0,89,4264,2572,1.65785
nist-docx-0014,0,90,4029,2169,1.85754
nist-docx-0014,0,91,3909,2727,1.43344
nist-docx-0014,0,92,4227,2487,1.69964
nist-docx-0014,0,93,3930,2736,1.43640
nist-docx-0014,0,94,3927,2400,1.63625
nist-docx-0014,0,95,4027,3001,1.34189
nist-docx-0014,0,96,4035,2305,1.75054
nist-docx-0014,0,97,4057,2806,1.44583
nist-docx-0014,0,98,4076,2641,1.54335
nist-docx-0014,0,99,3967,2537,1.56366
nist-docx-0014,0,100,3967,2373,1.67172
nist-epub-0003,0,1,3279,2015,1.62730
nist-epub-0003,0,2,3253,1850,1.75838
nist-epub-0003,0,3,3126,2685,1.16425
nist-epub-0003,0,4,3400,1806,1.88261
nist-epub-0003,0,5,3291,2341,1.40581
nist-epub-0003,0,6,3522,1832,1.92249
nist-epub-0003,0,7,3146,2150,1.46326
nist-epub-0003,0,8,3349,1839,1.82110
nist-epub-0003,0,9,3200,2124,1.50659
nist-epub-0003,0,10,3433,1849,1.85668
nist-epub-0003,0,11,3160,2213,1.42793
nist-epub-0003,0,12,3238,1848,1.75216
nist-epub-0003,0,13,3190,2109,1.51257
nist-epub-0003,0,14,3244,1956,1.65849
nist-epub-0003,0,15,3108,2112,1.47159
nist-epub-0003,0,16,3528,1961,1.79908
nist-epub-0003,0,17,3218,2305,1.39610
nist-epub-0003,0,18,3251,1891,1.71920
nist-epub-0003,0,19,3316,2074,1.59884
nist-epub-0003,0,20,3425,2052,1.66910
nist-epub-0003,0,21,3229,2121,1.52240
nist-epub-0003,0,22,3185,2259,1.40992
nist-epub-0003,0,23,3092,2255,1.37118
nist-epub-0003,0,24,3339,1827,1.82759
nist-epub-0003,0,25,3084,2126,1.45061
nist-epub-0003,0,26,3177,1870,1.69893
nist-epub-0003,0,27,2978,2380,1.25126
nist-epub-0003,0,28,3575,1885,1.89655
nist-epub-0003,0,29,3199,2268,1.41049
nist-epub-0003,0,30,3450,1848,1.86688
nist-epub-0003,0,31,3186,2263,1.40787
nist-epub-0003,0,32,3281,1866,1.75831
nist-epub-0003,0,33,3098,2075,1.49301
nist-epub-0003,0,34,3172,1866,1.69989
nist-epub-0003,0,35,3135,2121,1.47808
nist-epub-0003,0,36,3375,1816,1.85848
nist-epub-0003,0,37,3564,2524,1.41204
nist-epub-0003,0,38,3416,1916,1.78288
nist-epub-0003,0,39,3094,2268,1.36420
nist-epub-0003,0,40,3361,1764,1.90533
nist-epub-0003,0,41,3187,1978,1.61122
nist-epub-0003,0,42,3321,1757,1.89015
nist-epub-0003,0,43,3264,2097,1.55651
nist-epub-0003,0,44,3306,1880,1.75851
nist-epub-0003,0,45,3299,2164,1.52449
nist-epub-0003,0,46,3482,1896,1.83650
nist-epub-0003,0,47,3247,2119,1.53233
nist-epub-0003,0,48,3567,1902,1.87539
nist-epub-0003,0,49,3204,2185,1.46636
nist-epub-0003,0,50,3800,1769,2.14811
nist-epub-0003,0,51,3242,2240,1.44732
nist-epub-0003,0,52,3355,1807,1.85667
nist-epub-0003,0,53,3052,2096,1.45611
nist-epub-0003,0,54,3833,1986,1.93001
nist-epub-0003,0,55,3169,2068,1.53240
nist-epub-0003,0,56,3293,1913,1.72138
nist-epub-0003,0,57,3271,2080,1.57260
nist-epub-0003,0,58,3403,1869,1.82076
nist-epub-0003,0,59,3123,2154,1.44986
nist-epub-0003,0,60,3668,1796,2.04232
nist-epub-0003,0,61,3112,2169,1.43476
nist-epub-0003,0,62,3229,1701,1.89830
nist-epub-0003,0,63,3210,2312,1.38841
nist-epub-0003,0,64,3331,1816,1.83425
nist-epub-0003,0,65,3011,2048,1.47021
nist-epub-0003,0,66,3324,1807,1.83951
nist-epub-0003,0,67,3117,2113,1.47515
nist-epub-0003,0,68,3482,1861,1.87104
nist-epub-0003,0,69,3400,2114,1.60833
nist-epub-0003,0,70,3462,1857,1.86430
nist-epub-0003,0,71,3173,2170,1.46221
nist-epub-0003,0,72,3284,1801,1.82343
nist-epub-0003,0,73,3124,2047,1.52614
nist-epub-0003,0,74,3290,1911,1.72161
nist-epub-0003,0,75,3509,2419,1.45060
nist-epub-0003,0,76,3284,1841,1.78381
nist-epub-0003,0,77,3238,2089,1.55002
nist-epub-0003,0,78,3469,1855,1.87008
nist-epub-0003,0,79,3131,2131,1.46926
nist-epub-0003,0,80,3433,1884,1.82219
nist-epub-0003,0,81,3200,2088,1.53257
nist-epub-0003,0,82,3317,1794,1.84894
nist-epub-0003,0,83,3279,2029,1.61607
nist-epub-0003,0,84,3304,2119,1.55923
nist-epub-0003,0,85,3204,2064,1.55233
nist-epub-0003,0,86,3247,1816,1.78800
nist-epub-0003,0,87,3363,2103,1.59914
nist-epub-0003,0,88,3182,2132,1.49250
nist-epub-0003,0,89,3070,2192,1.40055
nist-epub-0003,0,90,3342,1791,1.86600
nist-epub-0003,0,91,3111,2206,1.41024
nist-epub-0003,0,92,3251,1757,1.85031
nist-epub-0003,0,93,3262,2119,1.53941
nist-epub-0003,0,94,3283,1703,1.92777
nist-epub-0003,0,95,3068,2055,1.49294
nist-epub-0003,0,96,3695,1710,2.16082
nist-epub-0003,0,97,3056,2301,1.32812
nist-epub-0003,0,98,3447,1786,1.93001
nist-epub-0003,0,99,3306,2113,1.56460
nist-epub-0003,0,100,3319,1938,1.71259
nist-epub-0006,0,1,2476,1646,1.50425
nist-epub-0006,0,2,2599,1548,1.67894
nist-epub-0006,0,3,2509,1846,1.35915
nist-epub-0006,0,4,2906,1471,1.97553
nist-epub-0006,0,5,2594,1756,1.47722
nist-epub-0006,0,6,2670,1552,1.72036
nist-epub-0006,0,7,2432,1752,1.38813
nist-epub-0006,0,8,2718,2098,1.29552
nist-epub-0006,0,9,2495,1900,1.31316
nist-epub-0006,0,10,2604,1598,1.62954
nist-epub-0006,0,11,2521,1818,1.38669
nist-epub-0006,0,12,2766,1691,1.63572
nist-epub-0006,0,13,2527,1800,1.40389
nist-epub-0006,0,14,2736,1593,1.71751
nist-epub-0006,0,15,2384,1936,1.23140
nist-epub-0006,0,16,2627,1607,1.63472
nist-epub-0006,0,17,2624,1784,1.47085
nist-epub-0006,0,18,2691,1570,1.71401
nist-epub-0006,0,19,2466,1916,1.28706
nist-epub-0006,0,20,2596,1506,1.72377
nist-epub-0006,0,21,2492,1848,1.34848
nist-epub-0006,0,22,3022,1597,1.89230
nist-epub-0006,0,23,2975,1782,1.66947
nist-epub-0006,0,24,2729,1553,1.75724
nist-epub-0006,0,25,2581,1805,1.42992
nist-epub-0006,0,26,2633,1633,1.61237
nist-epub-0006,0,27,2583,1799,1.43580
nist-epub-0006,0,28,2762,1562,1.76825
nist-epub-0006,0,29,2610,2078,1.25602
nist-epub-0006,0,30,2796,1538,1.81795
nist-epub-0006,0,31,2575,1726,1.49189
nist-epub-0006,0,32,2766,1546,1.78913
nist-epub-0006,0,33,2481,1763,1.40726
nist-epub-0006,0,34,2668,1617,1.64997
nist-epub-0006,0,35,2543,1792,1.41908
nist-epub-0006,0,36,2634,1515,1.73861
nist-epub-0006,0,37,2541,1916,1.32620
nist-epub-0006,0,38,2776,1552,1.78866
nist-epub-0006,0,39,2414,1835,1.31553
nist-epub-0006,0,40,2646,1559,1.69724
nist-epub-0006,0,41,2489,1908,1.30451
nist-epub-0006,0,42,2749,1691,1.62567
nist-epub-0006,0,43,2495,1841,1.35524
nist-epub-0006,0,44,2585,1765,1.46459
nist-epub-0006,0,45,2639,1773,1.48844
nist-epub-0006,0,46,2730,1589,1.71806
nist-epub-0006,0,47,2639,1809,1.45882
nist-epub-0006,0,48,2680,1531,1.75049
nist-epub-0006,0,49,2464,1688,1.45972
nist-epub-0006,0,50,2584,1634,1.58140
nist-epub-0006,0,51,2465,1457,1.69183
nist-epub-0006,0,52,2602,1423,1.82853
nist-epub-0006,0,53,2397,1544,1.55246
nist-epub-0006,0,54,2454,1455,1.68660
nist-epub-0006,0,55,2441,1665,1.46607
nist-epub-0006,0,56,2531,1483,1.70668
nist-epub-0006,0,57,2491,1424,1.74930
nist-epub-0006,0,58,2474,1733,1.42758
nist-epub-0006,0,59,2461,1698,1.44935
nist-epub-0006,0,60,2468,1588,1.55416
nist-epub-0006,0,61,2485,1493,1.66443
nist-epub-0006,0,62,2569,1422,1.80661
nist-epub-0006,0,63,2435,1467,1.65985
nist-epub-0006,0,64,2633,1517,1.73566
nist-epub-0006,0,65,2324,1587,1.46440
nist-epub-0006,0,66,2387,1417,1.68454
nist-epub-0006,0,67,2573,1430,1.79930
nist-epub-0006,0,68,2528,1445,1.74948
nist-epub-0006,0,69,2447,1457,1.67948
nist-epub-0006,0,70,2393,1399,1.71051
nist-epub-0006,0,71,2424,1523,1.59160
nist-epub-0006,0,72,2500,1405,1.77936
nist-epub-0006,0,73,2396,1476,1.62331
nist-epub-0006,0,74,2428,1435,1.69199
nist-epub-0006,0,75,2598,1483,1.75185
nist-epub-0006,0,76,2682,1600,1.67625
nist-epub-0006,0,77,2379,1718,1.38475
nist-epub-0006,0,78,2593,1588,1.63287
nist-epub-0006,0,79,2461,1715,1.43499
nist-epub-0006,0,80,2527,1519,1.66359
nist-epub-0006,0,81,2414,1490,1.62013
nist-epub-0006,0,82,2444,1427,1.71268
nist-epub-0006,0,83,2421,1487,1.62811
nist-epub-0006,0,84,2436,1461,1.66735
nist-epub-0006,0,85,2366,1493,1.58473
nist-epub-0006,0,86,2672,1550,1.72387
nist-epub-0006,0,87,2471,1806,1.36822
nist-epub-0006,0,88,2744,1504,1.82447
nist-epub-0006,0,89,2394,1770,1.35254
nist-epub-0006,0,90,2693,1527,1.76359
nist-epub-0006,0,91,2375,1418,1.67489
nist-epub-0006,0,92,2638,1439,1.83322
nist-epub-0006,0,93,2420,1781,1.35879
nist-epub-0006,0,94,2672,1553,1.72054
nist-epub-0006,0,95,2472,1847,1.33839
nist-epub-0006,0,96,2701,1497,1.80428
nist-epub-0006,0,97,2516,1819,1.38318
nist-epub-0006,0,98,2596,1540,1.68571
nist-epub-0006,0,99,2609,1918,1.36027
nist-epub-0006,0,100,2634,1750,1.50514
nist-epub-0008,0,1,1680,1397,1.20258
nist-epub-0008,0,2,1603,1414,1.13366
nist-epub-0008,0,3,1507,1474,1.02239
nist-epub-0008,0,4,1788,1341,1.33333
nist-epub-0008,0,5,1614,1377,1.17211
nist-epub-0008,0,6,1583,1341,1.18046
nist-epub-0008,0,7,1502,1369,1.09715
nist-epub-0008,0,8,1593,1403,1.13542
nist-epub-0008,0,9,1535,1468,1.04564
nist-epub-0008,0,10,1546,1356,1.14012
nist-epub-0008,0,11,1525,1304,1.16948
nist-epub-0008,0,12,1681,1476,1.13889
nist-epub-0008,0,13,1588,1388,1.14409
nist-epub-0008,0,14,1581,1312,1.20503
nist-epub-0008,0,15,1567,1397,1.12169
nist-epub-0008,0,16,1859,1500,1.23933
nist-epub-0008,0,17,2204,1615,1.36471
nist-epub-0008,0,18,1774,1466,1.21010
nist-epub-0008,0,19,1817,1682,1.08026
nist-epub-0008,0,20,1782,1491,1.19517
nist-epub-0008,0,21,1601,1685,0.95015
nist-epub-0008,0,22,1976,1451,1.36182
nist-epub-0008,0,23,1725,1779,0.96965
nist-epub-0008,0,24,1999,1462,1.36731
nist-epub-0008,0,25,1693,1896,0.89293
nist-epub-0008,0,26,1944,1563,1.24376
nist-epub-0008,0,27,1582,1783,0.88727
nist-epub-0008,0,28,1828,1440,1.26944
nist-epub-0008,0,29,1577,1937,0.81415
nist-epub-0008,0,30,1882,1587,1.18589
nist-epub-0008,0,31,1646,1668,0.98681
nist-epub-0008,0,32,1744,1419,1.22903
nist-epub-0008,0,33,1528,1596,0.95739
nist-epub-0008,0,34,1737,1476,1.17683
nist-epub-0008,0,35,1665,1796,0.92706
nist-epub-0008,0,36,1771,1381,1.28240
nist-epub-0008,0,37,1622,1655,0.98006
nist-epub-0008,0,38,1790,1817,0.98514
nist-epub-0008,0,39,1659,1729,0.95951
nist-epub-0008,0,40,1837,1502,1.22304
nist-epub-0008,0,41,1584,1384,1.14451
nist-epub-0008,0,42,1657,1317,1.25816
nist-epub-0008,0,43,1582,1618,0.97775
nist-epub-0008,0,44,1668,1425,1.17053
nist-epub-0008,0,45,1531,1377,1.11184
nist-epub-0008,0,46,1724,1331,1.29527
nist-epub-0008,0,47,1548,1575,0.98286
nist-epub-0008,0,48,1670,1366,1.22255
nist-epub-0008,0,49,1586,1379,1.15011
nist-epub-0008,0,50,1568,1355,1.15720
nist-epub-0008,0,51,1630,1424,1.14466
nist-epub-0008,0,52,1584,1411,1.12261
nist-epub-0008,0,53,1534,1467,1.04567
nist-epub-0008,0,54,1553,2017,0.76996
nist-epub-0008,0,55,1533,1430,1.07203
nist-epub-0008,0,56,1566,1354,1.15657
nist-epub-0008,0,57,1536,1331,1.15402
nist-epub-0008,0,58,1758,1373,1.28041
nist-epub-0008,0,59,1523,1307,1.16526
nist-epub-0008,0,60,1623,1311,1.23799
nist-epub-0008,0,61,1649,1343,1.22785
nist-epub-0008,0,62,1643,1412,1.16360
nist-epub-0008,0,63,1618,1336,1.21108
nist-epub-0008,0,64,1645,1295,1.27027
nist-epub-0008,0,65,1587,1446,1.09751
nist-epub-0008,0,66,1511,1317,1.14730
nist-epub-0008,0,67,1514,1413,1.07148
nist-epub-0008,0,68,1619,1346,1.20282
nist-epub-0008,0,69,1505,1523,0.98818
nist-epub-0008,0,70,1631,1350,1.20815
nist-epub-0008,0,71,1549,1324,1.16994
nist-epub-0008,0,72,1569,1344,1.16741
nist-epub-0008,0,73,1542,1447,1.06565
nist-epub-0008,0,74,1834,1383,1.32610
nist-epub-0008,0,75,1633,1503,1.08649
nist-epub-0008,0,76,1808,1608,1.12438
nist-epub-0008,0,77,1626,1546,1.05175
nist-epub-0008,0,78,1662,1356,1.22566
nist-epub-0008,0,79,1708,1388,1.23055
nist-epub-0008,0,80,1574,1523,1.03349
nist-epub-0008,0,81,1615,1362,1.18576
nist-epub-0008,0,82,1651,1352,1.22115
nist-epub-0008,0,83,1562,1371,1.13931
nist-epub-0008,0,84,1605,1327,1.20950
nist-epub-0008,0,85,1572,1333,1.17929
nist-epub-0008,0,86,1638,2009,0.81533
nist-epub-0008,0,87,2147,1317,1.63022
nist-epub-0008,0,88,1707,1311,1.30206
nist-epub-0008,0,89,1496,1319,1.13419
nist-epub-0008,0,90,1562,1400,1.11571
nist-epub-0008,0,91,1540,1307,1.17827
nist-epub-0008,0,92,1568,1328,1.18072
nist-epub-0008,0,93,1557,1349,1.15419
nist-epub-0008,0,94,1534,1351,1.13546
nist-epub-0008,0,95,1589,1358,1.17010
nist-epub-0008,0,96,1916,1392,1.37644
nist-epub-0008,0,97,1546,1673,0.92409
nist-epub-0008,0,98,1896,1445,1.31211
nist-epub-0008,0,99,1664,1943,0.85641
nist-epub-0008,0,100,1790,1836,0.97495
nist-epub-0009,0,1,6021,3016,1.99635
nist-epub-0009,0,2,6523,2577,2.53124
nist-epub-0009,0,3,5818,3016,1.92905
nist-epub-0009,0,4,6061,2775,2.18414
nist-epub-0009,0,5,6222,3659,1.70046
nist-epub-0009,0,6,6262,2521,2.48393
nist-epub-0009,0,7,6517,3594,1.81330
nist-epub-0009,0,8,6023,2751,2.18939
nist-epub-0009,0,9,6132,2914,2.10432
nist-epub-0009,0,10,7383,2451,3.01224
nist-epub-0009,0,11,6061,3252,1.86378
nist-epub-0009,0,12,6606,2913,2.26777
nist-epub-0009,0,13,5919,3127,1.89287
nist-epub-0009,0,14,6253,2438,2.56481
nist-epub-0009,0,15,5787,3221,1.79665
nist-epub-0009,0,16,6384,2848,2.24157
nist-epub-0009,0,17,6034,3059,1.97254
nist-epub-0009,0,18,6322,3007,2.10243
nist-epub-0009,0,19,5786,3093,1.87068
nist-epub-0009,0,20,6273,2952,2.12500
nist-epub-0009,0,21,6040,3242,1.86305
nist-epub-0009,0,22,6380,2670,2.38951
nist-epub-0009,0,23,6755,2895,2.33333
nist-epub-0009,0,24,6263,2804,2.23359
nist-epub-0009,0,25,6201,3337,1.85826
nist-epub-0009,0,26,6321,2750,2.29855
nist-epub-0009,0,27,6271,3023,2.07443
nist-epub-0009,0,28,6239,3014,2.07001
nist-epub-0009,0,29,5937,3059,1.94083
nist-epub-0009,0,30,6787,2829,2.39908
nist-epub-0009,0,31,5864,2986,1.96383
nist-epub-0009,0,32,6551,2622,2.49847
nist-epub-0009,0,33,6123,3045,2.01084
nist-epub-0009,0,34,6796,2701,2.51611
nist-epub-0009,0,35,5926,2707,2.18914
nist-epub-0009,0,36,6168,2569,2.40093
nist-epub-0009,0,37,5684,2913,1.95125
nist-epub-0009,0,38,6486,2377,2.72865
nist-epub-0009,0,39,5722,2753,2.07846
nist-epub-0009,0,40,6024,2392,2.51839
nist-epub-0009,0,41,5791,2557,2.26476
nist-epub-0009,0,42,5783,2580,2.24147
nist-epub-0009,0,43,5836,2649,2.20310
nist-epub-0009,0,44,6210,2628,2.36301
nist-epub-0009,0,45,6339,2753,2.30258
nist-epub-0009,0,46,6717,2324,2.89028
nist-epub-0009,0,47,6208,2988,2.07764
nist-epub-0009,0,48,6011,2853,2.10691
nist-epub-0009,0,49,5742,2826,2.03185
nist-epub-0009,0,50,6128,2646,2.31595
nist-epub-0009,0,51,5644,2839,1.98802
nist-epub-0009,0,52,5980,2278,2.62511
nist-epub-0009,0,53,5736,2856,2.00840
nist-epub-0009,0,54,6092,2530,2.40791
nist-epub-0009,0,55,6007,3112,1.93027
nist-epub-0009,0,56,6185,2503,2.47103
nist-epub-0009,0,57,5822,3179,1.83139
nist-epub-0009,0,58,6024,2669,2.25703
nist-epub-0009,0,59,6183,3035,2.03723
nist-epub-0009,0,60,6113,2515,2.43062
nist-epub-0009,0,61,5713,2870,1.99059
nist-epub-0009,0,62,6044,2516,2.40223
nist-epub-0009,0,63,6039,3072,1.96582
nist-epub-0009,0,64,6046,2661,2.27208
nist-epub-0009,0,65,6714,2982,2.25151
nist-epub-0009,0,66,6091,2836,2.14774
nist-epub-0009,0,67,6335,3248,1.95043
nist-epub-0009,0,68,6941,2737,2.53599
nist-epub-0009,0,69,6008,3283,1.83003
nist-epub-0009,0,70,6506,2692,2.41679
nist-epub-0009,0,71,6182,3464,1.78464
nist-epub-0009,0,72,6321,2900,2.17966
nist-epub-0009,0,73,6512,3270,1.99144
nist-epub-0009,0,74,6395,2959,2.16120
nist-epub-0009,0,75,6171,3121,1.97725
nist-epub-0009,0,76,6070,2858,2.12386
nist-epub-0009,0,77,6001,3372,1.77966
nist-epub-0009,0,78,6633,2866,2.31438
nist-epub-0009,0,79,6054,2990,2.02475
nist-epub-0009,0,80,6453,2610,2.47241
nist-epub-0009,0,81,6562,2890,2.27059
nist-epub-0009,0,82,5993,2601,2.30411
nist-epub-0009,0,83,6309,4406,1.43191
nist-epub-0009,0,84,5862,2793,2.09882
nist-epub-0009,0,85,6241,2552,2.44553
nist-epub-0009,0,86,5862,2516,2.32989
nist-epub-0009,0,87,6053,2717,2.22782
nist-epub-0009,0,88,5836,2583,2.25939
nist-epub-0009,0,89,6247,2797,2.23346
nist-epub-0009,0,90,6593,2656,2.48230
nist-epub-0009,0,91,5843,2655,2.20075
nist-epub-0009,0,92,5876,2371,2.47828
nist-epub-0009,0,93,5986,2577,2.32286
nist-epub-0009,0,94,6128,2318,2.64366
nist-epub-0009,0,95,5669,2805,2.02103
nist-epub-0009,0,96,6101,2383,2.56022
nist-epub-0009,0,97,6438,3120,2.06346
nist-epub-0009,0,98,6471,3128,2.06873
nist-epub-0009,0,99,6390,2989,2.13784
nist-epub-0009,0,100,6338,2711,2.33788
nist-pdf-0002,0,1,1498,1693,0.88482
nist-pdf-0002,0,2,1738,1384,1.25578
nist-pdf-0002,0,3,1543,1771,0.87126
nist-pdf-0002,0,4,1663,1394,1.19297
nist-pdf-0002,0,5,1477,1979,0.74634
nist-pdf-0002,0,6,2653,1461,1.81588
nist-pdf-0002,0,7,1558,1782,0.87430
nist-pdf-0002,0,8,1760,1626,1.08241
nist-pdf-0002,0,9,1488,1660,0.89639
nist-pdf-0002,0,10,1688,1474,1.14518
nist-pdf-0002,0,11,1468,1770,0.82938
nist-pdf-0002,0,12,1593,1438,1.10779
nist-pdf-0002,0,13,1528,1641,0.93114
nist-pdf-0002,0,14,1657,1414,1.17185
nist-pdf-0002,0,15,1558,1833,0.84997
nist-pdf-0002,0,16,1693,1402,1.20756
nist-pdf-0002,0,17,1504,1703,0.88315
nist-pdf-0002,0,18,1796,1525,1.17770
nist-pdf-0002,0,19,1399,1935,0.72300
nist-pdf-0002,0,20,1725,1374,1.25546
nist-pdf-0002,0,21,1504,1654,0.90931
nist-pdf-0002,0,22,1687,1499,1.12542
nist-pdf-0002,0,23,1461,1802,0.81077
nist-pdf-0002,0,24,1678,1496,1.12166
nist-pdf-0002,0,25,1493,1795,0.83175
nist-pdf-0002,0,26,1633,1365,1.19634
nist-pdf-0002,0,27,1468,1891,0.77631
nist-pdf-0002,0,28,1660,1598,1.03880
nist-pdf-0002,0,29,1494,1899,0.78673
nist-pdf-0002,0,30,1901,2093,0.90827
nist-pdf-0002,0,31,1497,1549,0.96643
nist-pdf-0002,0,32,1561,1371,1.13858
nist-pdf-0002,0,33,1398,1595,0.87649
nist-pdf-0002,0,34,1604,1447,1.10850
nist-pdf-0002,0,35,1495,1801,0.83009
nist-pdf-0002,0,36,1692,1575,1.07429
nist-pdf-0002,0,37,1471,2158,0.68165
nist-pdf-0002,0,38,1659,1399,1.18585
nist-pdf-0002,0,39,1393,1751,0.79555
nist-pdf-0002,0,40,1638,1420,1.15352
nist-pdf-0002,0,41,1393,1633,0.85303
nist-pdf-0002,0,42,1571,1472,1.06726
nist-pdf-0002,0,43,1507,1712,0.88026
nist-pdf-0002,0,44,1729,1592,1.08606
nist-pdf-0002,0,45,1332,1504,0.88564
nist-pdf-0002,0,46,1556,1468,1.05995
nist-pdf-0002,0,47,1439,1569,0.91714
nist-pdf-0002,0,48,1779,1358,1.31001
nist-pdf-0002,0,49,1602,1812,0.88411
nist-pdf-0002,0,50,1597,1627,0.98156
nist-pdf-0002,0,51,1410,1678,0.84029
nist-pdf-0002,0,52,1651,1421,1.16186
nist-pdf-0002,0,53,1481,1534,0.96545
nist-pdf-0002,0,54,1556,1428,1.08964
nist-pdf-0002,0,55,1446,1567,0.92278
nist-pdf-0002,0,56,1589,1399,1.13581
nist-pdf-0002,0,57,1450,1669,0.86878
nist-pdf-0002,0,58,1687,1419,1.18887
nist-pdf-0002,0,59,1468,1609,0.91237
nist-pdf-0002,0,60,1665,1380,1.20652
nist-pdf-0002,0,61,1528,1535,0.99544
nist-pdf-0002,0,62,1771,1581,1.12018
nist-pdf-0002,0,63,1568,1888,0.83051
nist-pdf-0002,0,64,1812,1522,1.19054
nist-pdf-0002,0,65,1547,2128,0.72697
nist-pdf-0002,0,66,1673,1470,1.13810
nist-pdf-0002,0,67,1503,1712,0.87792
nist-pdf-0002,0,68,1651,1550,1.06516
nist-pdf-0002,0,69,1570,1828,0.85886
nist-pdf-0002,0,70,2065,1517,1.36124
nist-pdf-0002,0,71,1644,1669,0.98502
nist-pdf-0002,0,72,1865,1652,1.12893
nist-pdf-0002,0,73,1538,1862,0.82599
nist-pdf-0002,0,74,1670,1434,1.16457
nist-pdf-0002,0,75,1593,1996,0.79810
nist-pdf-0002,0,76,1687,1436,1.17479
nist-pdf-0002,0,77,1453,1732,0.83891
nist-pdf-0002,0,78,1755,1444,1.21537
nist-pdf-0002,0,79,1471,1962,0.74975
nist-pdf-0002,0,80,1537,1378,1.11538
nist-pdf-0002,0,81,1487,1501,0.99067
nist-pdf-0002,0,82,1615,1648,0.97998
nist-pdf-0002,0,83,1530,1638,0.93407
nist-pdf-0002,0,84,1729,1573,1.09917
nist-pdf-0002,0,85,1456,1704,0.85446
nist-pdf-0002,0,86,1651,1498,1.10214
nist-pdf-0002,0,87,1544,1579,0.97783
nist-pdf-0002,0,88,1710,1368,1.25000
nist-pdf-0002,0,89,1417,1571,0.90197
nist-pdf-0002,0,90,1661,1418,1.17137
nist-pdf-0002,0,91,1483,1671,0.88749
nist-pdf-0002,0,92,1601,1586,1.00946
nist-pdf-0002,0,93,1559,1710,0.91170
nist-pdf-0002,0,94,1710,1572,1.08779
nist-pdf-0002,0,95,1627,1779,0.91456
nist-pdf-0002,0,96,1536,1451,1.05858
nist-pdf-0002,0,97,1525,1594,0.95671
nist-pdf-0002,0,98,1594,1409,1.13130
nist-pdf-0002,0,99,1538,1639,0.93838
nist-pdf-0002,0,100,1634,1524,1.07218
nist-pdf-0004,0,1,3071,2363,1.29962
nist-pdf-0004,0,2,3296,2206,1.49411
nist-pdf-0004,0,3,3050,1996,1.52806
nist-pdf-0004,0,4,3083,1826,1.68839
nist-pdf-0004,0,5,2901,1798,1.61346
nist-pdf-0004,0,6,3134,1896,1.65295
nist-pdf-0004,0,7,3420,2490,1.37349
nist-pdf-0004,0,8,3496,2045,1.70954
nist-pdf-0004,0,9,3363,2346,1.43350
nist-pdf-0004,0,10,3321,1835,1.80981
nist-pdf-0004,0,11,3134,2200,1.42455
nist-pdf-0004,0,12,3276,2030,1.61379
nist-pdf-0004,0,13,3224,2575,1.25204
nist-pdf-0004,0,14,3325,2130,1.56103
nist-pdf-0004,0,15,3195,2360,1.35381
nist-pdf-0004,0,16,3450,2029,1.70034
nist-pdf-0004,0,17,3337,2377,1.40387
nist-pdf-0004,0,18,3282,1919,1.71027
nist-pdf-0004,0,19,3213,2358,1.36260
nist-pdf-0004,0,20,3435,2140,1.60514
nist-pdf-0004,0,21,3207,2271,1.41215
nist-pdf-0004,0,22,3365,1998,1.68418
nist-pdf-0004,0,23,3133,2313,1.35452
nist-pdf-0004,0,24,3500,2070,1.69082
nist-pdf-0004,0,25,3220,2379,1.35351
nist-pdf-0004,0,26,3300,2047,1.61212
nist-pdf-0004,0,27,3370,2276,1.48067
nist-pdf-0004,0,28,3404,2191,1.55363
nist-pdf-0004,0,29,3338,2292,1.45637
nist-pdf-0004,0,30,3352,2003,1.67349
nist-pdf-0004,0,31,3279,2288,1.43313
nist-pdf-0004,0,32,3517,2211,1.59068
nist-pdf-0004,0,33,3390,2660,1.27444
nist-pdf-0004,0,34,3508,2145,1.63543
nist-pdf-0004,0,35,3098,2466,1.25629
nist-pdf-0004,0,36,3367,2044,1.64726
nist-pdf-0004,0,37,3182,2500,1.27280
nist-pdf-0004,0,38,3433,2008,1.70966
nist-pdf-0004,0,39,3186,2539,1.25482
nist-pdf-0004,0,40,3595,2162,1.66281
nist-pdf-0004,0,41,3405,2391,1.42409
nist-pdf-0004,0,42,3287,2067,1.59023
nist-pdf-0004,0,43,3012,2249,1.33926
nist-pdf-0004,0,44,3914,1800,2.17444
nist-pdf-0004,0,45,3141,2188,1.43556
nist-pdf-0004,0,46,3339,1868,1.78747
nist-pdf-0004,0,47,3249,2199,1.47749
nist-pdf-0004,0,48,3712,1900,1.95368
nist-pdf-0004,0,49,3076,2528,1.21677
nist-pdf-0004,0,50,3379,2215,1.52551
nist-pdf-0004,0,51,3192,2485,1.28451
nist-pdf-0004,0,52,3458,1989,1.73856
nist-pdf-0004,0,53,3366,2202,1.52861
nist-pdf-0004,0,54,4228,2260,1.87080
nist-pdf-0004,0,55,3191,2738,1.16545
nist-pdf-0004,0,56,3419,2029,1.68507
nist-pdf-0004,0,57,3128,2736,1.14327
nist-pdf-0004,0,58,3503,1944,1.80195
nist-pdf-0004,0,59,3215,2249,1.42952
nist-pdf-0004,0,60,3304,2126,1.55409
nist-pdf-0004,0,61,3202,2349,1.36313
nist-pdf-0004,0,62,3289,2145,1.53333
nist-pdf-0004,0,63,3019,2406,1.25478
nist-pdf-0004,0,64,3521,2093,1.68227
nist-pdf-0004,0,65,3104,2274,1.36500
nist-pdf-0004,0,66,3429,1964,1.74593
nist-pdf-0004,0,67,3223,2709,1.18974
nist-pdf-0004,0,68,3518,2125,1.65553
nist-pdf-0004,0,69,3199,2306,1.38725
nist-pdf-0004,0,70,3360,2191,1.53355
nist-pdf-0004,0,71,3199,2352,1.36012
nist-pdf-0004,0,72,3475,1823,1.90620
nist-pdf-0004,0,73,3239,2731,1.18601
nist-pdf-0004,0,74,3307,1941,1.70376
nist-pdf-0004,0,75,3277,2275,1.44044
nist-pdf-0004,0,76,3276,1957,1.67399
nist-pdf-0004,0,77,3127,2397,1.30455
nist-pdf-0004,0,78,3433,1999,1.71736
nist-pdf-0004,0,79,3196,2566,1.24552
nist-pdf-0004,0,80,3497,1879,1.86110
nist-pdf-0004,0,81,3184,2249,1.41574
nist-pdf-0004,0,82,3292,2070,1.59034
nist-pdf-0004,0,83,3175,2317,1.37031
nist-pdf-0004,0,84,3705,2031,1.82422
nist-pdf-0004,0,85,3093,2561,1.20773
nist-pdf-0004,0,86,3268,2169,1.50669
nist-pdf-0004,0,87,3145,2286,1.37577
nist-pdf-0004,0,88,3449,1888,1.82680
nist-pdf-0004,0,89,3055,2292,1.33290
nist-pdf-0004,0,90,3257,1971,1.65246
nist-pdf-0004,0,91,3256,2363,1.37791
nist-pdf-0004,0,92,3282,1894,1.73284
nist-pdf-0004,0,93,3285,2193,1.49795
nist-pdf-0004,0,94,3454,1907,1.81122
nist-pdf-0004,0,95,3072,2346,1.30946
nist-pdf-0004,0,96,3379,2124,1.59087
nist-pdf-0004,0,97,3072,2298,1.33681
nist-pdf-0004,0,98,3313,2058,1.60982
nist-pdf-0004,0,99,3104,2589,1.19892
nist-pdf-0004,0,100,3311,2388,1.38652
nist-pdf-0016,0,1,1709,1559,1.09622
nist-pdf-0016,0,2,1744,1444,1.20776
nist-pdf-0016,0,3,1553,1802,0.86182
nist-pdf-0016,0,4,1656,1382,1.19826
nist-pdf-0016,0,5,1471,1785,0.82409
nist-pdf-0016,0,6,1741,1515,1.14917
nist-pdf-0016,0,7,1491,1698,0.87809
nist-pdf-0016,0,8,1652,1454,1.13618
nist-pdf-0016,0,9,1548,1694,0.91381
nist-pdf-0016,0,10,1693,1533,1.10437
nist-pdf-0016,0,11,1546,1651,0.93640
nist-pdf-0016,0,12,1696,1450,1.16966
nist-pdf-0016,0,13,1695,1691,1.00237
nist-pdf-0016,0,14,1731,1409,1.22853
nist-pdf-0016,0,15,1575,1664,0.94651
nist-pdf-0016,0,16,1679,1471,1.14140
nist-pdf-0016,0,17,1523,1589,0.95846
nist-pdf-0016,0,18,1711,1513,1.13087
nist-pdf-0016,0,19,2131,1770,1.20395
nist-pdf-0016,0,20,1740,1479,1.17647
nist-pdf-0016,0,21,1449,1557,0.93064
nist-pdf-0016,0,22,1673,1438,1.16342
nist-pdf-0016,0,23,1589,1645,0.96596
nist-pdf-0016,0,24,1823,1550,1.17613
nist-pdf-0016,0,25,1537,1762,0.87230
nist-pdf-0016,0,26,1672,1513,1.10509
nist-pdf-0016,0,27,1425,1537,0.92713
nist-pdf-0016,0,28,1685,1558,1.08151
nist-pdf-0016,0,29,1458,1644,0.88686
nist-pdf-0016,0,30,1708,1478,1.15562
nist-pdf-0016,0,31,1444,1612,0.89578
nist-pdf-0016,0,32,1644,1478,1.11231
nist-pdf-0016,0,33,1558,1644,0.94769
nist-pdf-0016,0,34,1628,1509,1.07886
nist-pdf-0016,0,35,1558,1797,0.86700
nist-pdf-0016,0,36,1653,1472,1.12296
nist-pdf-0016,0,37,1504,1704,0.88263
nist-pdf-0016,0,38,1691,1400,1.20786
nist-pdf-0016,0,39,1550,1701,0.91123
nist-pdf-0016,0,40,1667,1412,1.18059
nist-pdf-0016,0,41,1531,1723,0.88857
nist-pdf-0016,0,42,1800,1502,1.19840
nist-pdf-0016,0,43,1613,1652,0.97639
nist-pdf-0016,0,44,1657,1606,1.03176
nist-pdf-0016,0,45,1549,1687,0.91820
nist-pdf-0016,0,46,1734,1474,1.17639
nist-pdf-0016,0,47,1673,1830,0.91421
nist-pdf-0016,0,48,1647,1387,1.18745
nist-pdf-0016,0,49,1587,1667,0.95201
nist-pdf-0016,0,50,1771,1441,1.22901
nist-pdf-0016,0,51,1554,1651,0.94125
nist-pdf-0016,0,52,1785,1447,1.23359
nist-pdf-0016,0,53,1522,1634,0.93146
nist-pdf-0016,0,54,1781,1402,1.27033
nist-pdf-0016,0,55,1442,2136,0.67509
nist-pdf-0016,0,56,1680,1438,1.16829
nist-pdf-0016,0,57,1473,1766,0.83409
nist-pdf-0016,0,58,1706,1539,1.10851
nist-pdf-0016,0,59,1507,1619,0.93082
nist-pdf-0016,0,60,1707,1409,1.21150
nist-pdf-0016,0,61,1551,1856,0.83567
nist-pdf-0016,0,62,1819,1367,1.33065
nist-pdf-0016,0,63,1619,1657,0.97707
nist-pdf-0016,0,64,1717,1533,1.12003
nist-pdf-0016,0,65,1528,1681,0.90898
nist-pdf-0016,0,66,1685,1533,1.09915
nist-pdf-0016,0,67,1534,1871,0.81988
nist-pdf-0016,0,68,1859,1492,1.24598
nist-pdf-0016,0,69,1593,1853,0.85969
nist-pdf-0016,0,70,1717,1453,1.18169
nist-pdf-0016,0,71,1691,1648,1.02609
nist-pdf-0016,0,72,1579,1433,1.10188
nist-pdf-0016,0,73,1587,1642,0.96650
nist-pdf-0016,0,74,1795,1387,1.29416
nist-pdf-0016,0,75,1540,1656,0.92995
nist-pdf-0016,0,76,1765,1373,1.28551
nist-pdf-0016,0,77,1509,1633,0.92407
nist-pdf-0016,0,78,1608,1527,1.05305
nist-pdf-0016,0,79,1497,1650,0.90727
nist-pdf-0016,0,80,1722,1406,1.22475
nist-pdf-0016,0,81,1588,1844,0.86117
nist-pdf-0016,0,82,1694,1462,1.15869
nist-pdf-0016,0,83,1696,1841,0.92124
nist-pdf-0016,0,84,1631,1428,1.14216
nist-pdf-0016,0,85,1480,1560,0.94872
nist-pdf-0016,0,86,1835,1549,1.18464
nist-pdf-0016,0,87,1616,1683,0.96019
nist-pdf-0016,0,88,1638,1473,1.11202
nist-pdf-0016,0,89,1491,1569,0.95029
nist-pdf-0016,0,90,1704,1583,1.07644
nist-pdf-0016,0,91,1534,1572,0.97583
nist-pdf-0016,0,92,1705,1562,1.09155
nist-pdf-0016,0,93,1534,1646,0.93196
nist-pdf-0016,0,94,2197,1434,1.53208
nist-pdf-0016,0,95,1545,1949,0.79271
nist-pdf-0016,0,96,1711,1464,1.16872
nist-pdf-0016,0,97,1550,1669,0.92870
nist-pdf-0016,0,98,1677,1437,1.16701
nist-pdf-0016,0,99,1584,1623,0.97597
nist-pdf-0016,0,100,1740,1422,1.22363
nist-pdf-0017,0,1,4146,2416,1.71606
nist-pdf-0017,0,2,4259,2327,1.83025
nist-pdf-0017,0,3,4045,2783,1.45347
nist-pdf-0017,0,4,4194,2208,1.89946
nist-pdf-0017,0,5,3944,2479,1.59096
nist-pdf-0017,0,6,3897,2156,1.80751
nist-pdf-0017,0,7,3832,2215,1.73002
nist-pdf-0017,0,8,3968,2077,1.91045
nist-pdf-0017,0,9,3863,2404,1.60691
nist-pdf-0017,0,10,3935,2185,1.80092
nist-pdf-0017,0,11,3843,2254,1.70497
nist-pdf-0017,0,12,4039,1940,2.08196
nist-pdf-0017,0,13,3966,2380,1.66639
nist-pdf-0017,0,14,3914,2067,1.89357
nist-pdf-0017,0,15,3984,2314,1.72169
nist-pdf-0017,0,16,3905,2052,1.90302
nist-pdf-0017,0,17,3838,2327,1.64933
nist-pdf-0017,0,18,4030,2143,1.88054
nist-pdf-0017,0,19,3938,2303,1.70994
nist-pdf-0017,0,20,4083,2133,1.91421
nist-pdf-0017,0,21,3768,2488,1.51447
nist-pdf-0017,0,22,4005,2083,1.92271
nist-pdf-0017,0,23,3863,2466,1.56650
nist-pdf-0017,0,24,4031,1857,2.17071
nist-pdf-0017,0,25,3851,2197,1.75284
nist-pdf-0017,0,26,4101,2128,1.92716
nist-pdf-0017,0,27,3788,2220,1.70631
nist-pdf-0017,0,28,4204,1980,2.12323
nist-pdf-0017,0,29,3853,2336,1.64940
nist-pdf-0017,0,30,3948,2077,1.90082
nist-pdf-0017,0,31,3914,2354,1.66270
nist-pdf-0017,0,32,4310,2433,1.77148
nist-pdf-0017,0,33,4259,2841,1.49912
nist-pdf-0017,0,34,4157,2232,1.86246
nist-pdf-0017,0,35,4070,2742,1.48432
nist-pdf-0017,0,36,4200,2175,1.93103
nist-pdf-0017,0,37,4684,2466,1.89943
nist-pdf-0017,0,38,3992,2101,1.90005
nist-pdf-0017,0,39,4070,2423,1.67974
nist-pdf-0017,0,40,4258,2594,1.64148
nist-pdf-0017,0,41,4134,2629,1.57246
nist-pdf-0017,0,42,4324,2405,1.79792
nist-pdf-0017,0,43,3964,2404,1.64892
nist-pdf-0017,0,44,4187,2309,1.81334
nist-pdf-0017,0,45,3944,2401,1.64265
nist-pdf-0017,0,46,4219,2618,1.61154
nist-pdf-0017,0,47,4060,2498,1.62530
nist-pdf-0017,0,48,4217,2359,1.78762
nist-pdf-0017,0,49,3971,2421,1.64023
nist-pdf-0017,0,50,4208,2142,1.96452
nist-pdf-0017,0,51,4052,2771,1.46229
nist-pdf-0017,0,52,4547,2271,2.00220
nist-pdf-0017,0,53,4241,2716,1.56149
nist-pdf-0017,0,54,4144,2214,1.87173
nist-pdf-0017,0,55,3868,2796,1.38340
nist-pdf-0017,0,56,4265,2458,1.73515
nist-pdf-0017,0,57,4356,2850,1.52842
nist-pdf-0017,0,58,4154,2617,1.58731
nist-pdf-0017,0,59,4246,2878,1.47533
nist-pdf-0017,0,60,4258,2366,1.79966
nist-pdf-0017,0,61,4078,2613,1.56066
nist-pdf-0017,0,62,4137,2325,1.77935
nist-pdf-0017,0,63,4024,2569,1.56637
nist-pdf-0017,0,64,4070,2253,1.80648
nist-pdf-0017,0,65,4104,2618,1.56761
nist-pdf-0017,0,66,4241,2214,1.91554
nist-pdf-0017,0,67,4026,2546,1.58130
nist-pdf-0017,0,68,4278,2109,2.02845
nist-pdf-0017,0,69,4000,2697,1.48313
nist-pdf-0017,0,70,4151,2269,1.82944
nist-pdf-0017,0,71,4091,2898,1.41166
nist-pdf-0017,0,72,4208,2189,1.92234
nist-pdf-0017,0,73,4129,2904,1.42183
nist-pdf-0017,0,74,4365,2097,2.08155
nist-pdf-0017,0,75,4078,2762,1.47647
nist-pdf-0017,0,76,4142,2294,1.80558
nist-pdf-0017,0,77,3889,2662,1.46093
nist-pdf-0017,0,78,4217,2378,1.77334
nist-pdf-0017,0,79,3959,2615,1.51396
nist-pdf-0017,0,80,4241,2478,1.71146
nist-pdf-0017,0,81,4128,2551,1.61819
nist-pdf-0017,0,82,4252,2254,1.88642
nist-pdf-0017,0,83,3988,3010,1.32492
nist-pdf-0017,0,84,4337,2290,1.89389
nist-pdf-0017,0,85,4195,2643,1.58721
nist-pdf-0017,0,86,4015,2571,1.56165
nist-pdf-0017,0,87,4326,2590,1.67027
nist-pdf-0017,0,88,4832,2298,2.10270
nist-pdf-0017,0,89,3929,2717,1.44608
nist-pdf-0017,0,90,4301,2861,1.50332
nist-pdf-0017,0,91,3903,2467,1.58208
nist-pdf-0017,0,92,3948,1993,1.98093
nist-pdf-0017,0,93,3792,2388,1.58794
nist-pdf-0017,0,94,3895,2026,1.92251
nist-pdf-0017,0,95,3889,2307,1.68574
nist-pdf-0017,0,96,3943,2090,1.88660
nist-pdf-0017,0,97,3753,2418,1.55211
nist-pdf-0017,0,98,4014,2155,1.86265
nist-pdf-0017,0,99,3756,2213,1.69724
nist-pdf-0017,0,100,3892,2066,1.88383
nist-docx-0005,1,1,1293,1540,0.83961
nist-docx-0005,1,2,1380,1498,0.92123
nist-docx-0005,1,3,1343,1517,0.88530
nist-docx-0005,1,4,1401,1759,0.79648
nist-docx-0005,1,5,1412,1462,0.96580
nist-docx-0005,1,6,1377,1434,0.96025
nist-docx-0005,1,7,1385,1448,0.95649
nist-docx-0005,1,8,1351,1456,0.92788
nist-docx-0005,1,9,1322,1519,0.87031
nist-docx-0005,1,10,1362,1507,0.90378
nist-docx-0005,1,11,1312,1514,0.86658
nist-docx-0005,1,12,1430,1625,0.88000
nist-docx-0005,1,13,1390,1680,0.82738
nist-docx-0005,1,14,1469,1562,0.94046
nist-docx-0005,1,15,1443,1547,0.93277
nist-docx-0005,1,16,1355,1531,0.88504
nist-docx-0005,1,17,1341,1508,0.88926
nist-docx-0005,1,18,1515,1459,1.03838
nist-docx-0005,1,19,1323,1487,0.88971
nist-docx-0005,1,20,1326,1556,0.85219
nist-docx-0005,1,21,1319,1476,0.89363
nist-docx-0005,1,22,1371,1435,0.95540
nist-docx-0005,1,23,1335,1860,0.71774
nist-docx-0005,1,24,1373,1479,0.92833
nist-docx-0005,1,25,1769,1449,1.22084
nist-docx-0005,1,26,1417,1538,0.92133
nist-docx-0005,1,27,1314,1495,0.87893
nist-docx-0005,1,28,1450,1514,0.95773
nist-docx-0005,1,29,1346,1649,0.81625
nist-docx-0005,1,30,1471,1871,0.78621
nist-docx-0005,1,31,1421,1564,0.90857
nist-docx-0005,1,32,1481,1604,0.92332
nist-docx-0005,1,33,1409,1657,0.85033
nist-docx-0005,1,34,1472,1639,0.89811
nist-docx-0005,1,35,1428,1771,0.80632
nist-docx-0005,1,36,1429,1555,0.91897
nist-docx-0005,1,37,1463,1602,0.91323
nist-docx-0005,1,38,1526,1557,0.98009
nist-docx-0005,1,39,1405,1663,0.84486
nist-docx-0005,1,40,1468,1861,0.78882
nist-docx-0005,1,41,1386,1658,0.83595
nist-docx-0005,1,42,1483,1571,0.94398
nist-docx-0005,1,43,1457,1560,0.93397
nist-docx-0005,1,44,1444,1537,0.93949
nist-docx-0005,1,45,1482,1615,0.91765
nist-docx-0005,1,46,1551,1543,1.00518
nist-docx-0005,1,47,1419,1612,0.88027
nist-docx-0005,1,48,1535,1554,0.98777
nist-docx-0005,1,49,1397,1570,0.88981
nist-docx-0005,1,50,1512,1517,0.99670
nist-docx-0005,1,51,1402,1586,0.88398
nist-docx-0005,1,52,1539,1627,0.94591
nist-docx-0005,1,53,1372,1618,0.84796
nist-docx-0005,1,54,1356,1527,0.88802
nist-docx-0005,1,55,1363,1528,0.89202
nist-docx-0005,1,56,1400,1478,0.94723
nist-docx-0005,1,57,1406,1459,0.96367
nist-docx-0005,1,58,1383,1466,0.94338
nist-docx-0005,1,59,1435,1707,0.84066
nist-docx-0005,1,60,1480,2260,0.65487
nist-docx-0005,1,61,1459,1564,0.93286
nist-docx-0005,1,62,1433,1481,0.96759
nist-docx-0005,1,63,1360,1514,0.89828
nist-docx-0005,1,64,1519,1537,0.98829
nist-docx-0005,1,65,1393,1664,0.83714
nist-docx-0005,1,66,1461,1490,0.98054
nist-docx-0005,1,67,1338,1476,0.90650
nist-docx-0005,1,68,1360,1457,0.93342
nist-docx-0005,1,69,1319,1488,0.88642
nist-docx-0005,1,70,1271,1481,0.85820
nist-docx-0005,1,71,1404,1425,0.98526
nist-docx-0005,1,72,1352,1484,0.91105
nist-docx-0005,1,73,1389,1487,0.93410
nist-docx-0005,1,74,1317,1398,0.94206
nist-docx-0005,1,75,1393,1485,0.93805
nist-docx-0005,1,76,1288,1547,0.83258
nist-docx-0005,1,77,1304,1450,0.89931
nist-docx-0005,1,78,1325,1466,0.90382
nist-docx-0005,1,79,1427,1506,0.94754
nist-docx-0005,1,80,1425,1595,0.89342
nist-docx-0005,1,81,1339,2466,0.54298
nist-docx-0005,1,82,1446,1483,0.97505
nist-docx-0005,1,83,1400,1642,0.85262
nist-docx-0005,1,84,1385,1632,0.84865
nist-docx-0005,1,85,1450,2225,0.65169
nist-docx-0005,1,86,1522,1592,0.95603
nist-docx-0005,1,87,1434,1649,0.86962
nist-docx-0005,1,88,1810,1645,1.10030
nist-docx-0005,1,89,1523,1543,0.98704
nist-docx-0005,1,90,1528,1530,0.99869
nist-docx-0005,1,91,1490,1674,0.89008
nist-docx-0005,1,92,1440,1569,0.91778
nist-docx-0005,1,93,1379,1661,0.83022
nist-docx-0005,1,94,1386,1563,0.88676
nist-docx-0005,1,95,1467,1565,0.93738
nist-docx-0005,1,96,1407,1551,0.90716
nist-docx-0005,1,97,1570,1702,0.92244
nist-docx-0005,1,98,1388,1842,0.75353
nist-docx-0005,1,99,1359,1646,0.82564
nist-docx-0005,1,100,1432,1547,0.92566
nist-docx-0008,1,1,1126,1406,0.80085
nist-docx-0008,1,2,1108,1290,0.85891
nist-docx-0008,1,3,1095,1447,0.75674
nist-docx-0008,1,4,1064,1397,0.76163
nist-docx-0008,1,5,1115,1466,0.76057
nist-docx-0008,1,6,1058,1330,0.79549
nist-docx-0008,1,7,1090,1380,0.78986
nist-docx-0008,1,8,1194,1429,0.83555
nist-docx-0008,1,9,1046,1406,0.74395
nist-docx-0008,1,10,1231,1354,0.90916
nist-docx-0008,1,11,1073,1397,0.76807
nist-docx-0008,1,12,1107,1437,0.77035
nist-docx-0008,1,13,1056,1361,0.77590
nist-docx-0008,1,14,1082,1325,0.81660
nist-docx-0008,1,15,1102,1422,0.77496
nist-docx-0008,1,16,1142,1467,0.77846
nist-docx-0008,1,17,1121,1687,0.66449
nist-docx-0008,1,18,1257,1504,0.83577
nist-docx-0008,1,19,1215,1609,0.75513
nist-docx-0008,1,20,1139,1421,0.80155
nist-docx-0008,1,21,1118,1457,0.76733
nist-docx-0008,1,22,1266,1414,0.89533
nist-docx-0008,1,23,1155,1641,0.70384
nist-docx-0008,1,24,1145,1331,0.86026
nist-docx-0008,1,25,1101,1492,0.73794
nist-docx-0008,1,26,1128,1361,0.82880
nist-docx-0008,1,27,1083,1371,0.78993
nist-docx-0008,1,28,1141,1376,0.82922
nist-docx-0008,1,29,1110,1455,0.76289
nist-docx-0008,1,30,1116,1399,0.79771
nist-docx-0008,1,31,1095,1508,0.72613
nist-docx-0008,1,32,1251,1447,0.86455
nist-docx-0008,1,33,1204,1529,0.78744
nist-docx-0008,1,34,1234,1454,0.84869
nist-docx-0008,1,35,1120,1511,0.74123
nist-docx-0008,1,36,1108,1579,0.70171
nist-docx-0008,1,37,1096,1462,0.74966
nist-docx-0008,1,38,1207,1459,0.82728
nist-docx-0008,1,39,1117,1613,0.69250
nist-docx-0008,1,40,1109,1519,0.73009
nist-docx-0008,1,41,1161,1546,0.75097
nist-docx-0008,1,42,1221,1416,0.86229
nist-docx-0008,1,43,1299,1601,0.81137
nist-docx-0008,1,44,1302,1581,0.82353
nist-docx-0008,1,45,1250,1496,0.83556
nist-docx-0008,1,46,1210,1504,0.80452
nist-docx-0008,1,47,1091,1477,0.73866
nist-docx-0008,1,48,1184,1497,0.79092
nist-docx-0008,1,49,1193,1481,0.80554
nist-docx-0008,1,50,1117,1466,0.76194
nist-docx-0008,1,51,1218,1601,0.76077
nist-docx-0008,1,52,1145,1519,0.75379
nist-docx-0008,1,53,1167,1554,0.75097
nist-docx-0008,1,54,1144,1544,0.74093
nist-docx-0008,1,55,1167,1529,0.76324
nist-docx-0008,1,56,1167,1418,0.82299
nist-docx-0008,1,57,1107,1473,0.75153
nist-docx-0008,1,58,1226,1446,0.84786
nist-docx-0008,1,59,1166,1511,0.77167
nist-docx-0008,1,60,1571,1483,1.05934
nist-docx-0008,1,61,1163,1459,0.79712
nist-docx-0008,1,62,1308,1511,0.86565
nist-docx-0008,1,63,1164,1467,0.79346
nist-docx-0008,1,64,1139,1477,0.77116
nist-docx-0008,1,65,1173,1505,0.77940
nist-docx-0008,1,66,1149,1423,0.80745
nist-docx-0008,1,67,1174,1593,0.73697
nist-docx-0008,1,68,1161,1756,0.66116
nist-docx-0008,1,69,1141,1481,0.77043
nist-docx-0008,1,70,1255,1429,0.87824
nist-docx-0008,1,71,1185,1522,0.77858
nist-docx-0008,1,72,1321,1404,0.94088
nist-docx-0008,1,73,1147,1480,0.77500
nist-docx-0008,1,74,1142,1642,0.69549
nist-docx-0008,1,75,1165,1477,0.78876
nist-docx-0008,1,76,1251,1447,0.86455
nist-docx-0008,1,77,1134,1600,0.70875
nist-docx-0008,1,78,1220,1531,0.79686
nist-docx-0008,1,79,1140,1551,0.73501
nist-docx-0008,1,80,1149,1434,0.80126
nist-docx-0008,1,81,1216,1574,0.77255
nist-docx-0008,1,82,1228,1454,0.84457
nist-docx-0008,1,83,1301,1641,0.79281
nist-docx-0008,1,84,1306,1489,0.87710
nist-docx-0008,1,85,1123,1605,0.69969
nist-docx-0008,1,86,1405,1548,0.90762
nist-docx-0008,1,87,1079,1518,0.71080
nist-docx-0008,1,88,1199,1458,0.82236
nist-docx-0008,1,89,1248,1460,0.85479
nist-docx-0008,1,90,1224,1435,0.85296
nist-docx-0008,1,91,1190,1561,0.76233
nist-docx-0008,1,92,1098,1525,0.72000
nist-docx-0008,1,93,1139,1635,0.69664
nist-docx-0008,1,94,1310,1510,0.86755
nist-docx-0008,1,95,1131,1660,0.68133
nist-docx-0008,1,96,1214,1515,0.80132
nist-docx-0008,1,97,1241,1533,0.80952
nist-docx-0008,1,98,1204,1604,0.75062
nist-docx-0008,1,99,1111,1556,0.71401
nist-docx-0008,1,100,1183,1473,0.80312
nist-docx-0009,1,1,2230,1656,1.34662
nist-docx-0009,1,2,2066,1664,1.24159
nist-docx-0009,1,3,1851,1619,1.14330
nist-docx-0009,1,4,2004,1730,1.15838
nist-docx-0009,1,5,1987,1707,1.16403
nist-docx-0009,1,6,2121,1742,1.21757
nist-docx-0009,1,7,1963,1740,1.12816
nist-docx-0009,1,8,1975,1655,1.19335
nist-docx-0009,1,9,1947,1932,1.00776
nist-docx-0009,1,10,2059,1766,1.16591
nist-docx-0009,1,11,1947,1910,1.01937
nist-docx-0009,1,12,1995,1690,1.18047
nist-docx-0009,1,13,1835,1697,1.08132
nist-docx-0009,1,14,1887,1574,1.19886
nist-docx-0009,1,15,1879,1752,1.07249
nist-docx-0009,1,16,1922,1718,1.11874
nist-docx-0009,1,17,1874,1868,1.00321
nist-docx-0009,1,18,1845,1651,1.11750
nist-docx-0009,1,19,1886,1717,1.09843
nist-docx-0009,1,20,1916,1745,1.09799
nist-docx-0009,1,21,1908,1694,1.12633
nist-docx-0009,1,22,1908,1634,1.16769
nist-docx-0009,1,23,2078,1887,1.10122
nist-docx-0009,1,24,2298,1625,1.41415
nist-docx-0009,1,25,1881,1798,1.04616
nist-docx-0009,1,26,1985,1663,1.19363
nist-docx-0009,1,27,1896,1753,1.08157
nist-docx-0009,1,28,1941,1602,1.21161
nist-docx-0009,1,29,1923,1642,1.17113
nist-docx-0009,1,30,2141,1619,1.32242
nist-docx-0009,1,31,2190,1792,1.22210
nist-docx-0009,1,32,1980,1658,1.19421
nist-docx-0009,1,33,2003,1627,1.23110
nist-docx-0009,1,34,1942,1746,1.11226
nist-docx-0009,1,35,2032,1852,1.09719
nist-docx-0009,1,36,2089,1666,1.25390
nist-docx-0009,1,37,2033,1876,1.08369
nist-docx-0009,1,38,2036,1687,1.20688
nist-docx-0009,1,39,2034,1872,1.08654
nist-docx-0009,1,40,1898,1620,1.17160
nist-docx-0009,1,41,1897,1954,0.97083
nist-docx-0009,1,42,1941,1696,1.14446
nist-docx-0009,1,43,1864,1939,0.96132
nist-docx-0009,1,44,2042,1734,1.17762
nist-docx-0009,1,45,1950,1759,1.10858
nist-docx-0009,1,46,1881,1588,1.18451
nist-docx-0009,1,47,1811,1710,1.05906
nist-docx-0009,1,48,1847,1646,1.12211
nist-docx-0009,1,49,1892,1643,1.15155
nist-docx-0009,1,50,1884,1552,1.21392
nist-docx-0009,1,51,1901,1640,1.15915
nist-docx-0009,1,52,1990,1762,1.12940
nist-docx-0009,1,53,1948,1734,1.12341
nist-docx-0009,1,54,1838,1666,1.10324
nist-docx-0009,1,55,1842,1705,1.08035
nist-docx-0009,1,56,1858,1606,1.15691
nist-docx-0009,1,57,1921,1724,1.11427
nist-docx-0009,1,58,1851,1608,1.15112
nist-docx-0009,1,59,1841,1519,1.21198
nist-docx-0009,1,60,1960,1732,1.13164
nist-docx-0009,1,61,2008,1826,1.09967
nist-docx-0009,1,62,2031,1625,1.24985
nist-docx-0009,1,63,1923,1782,1.07912
nist-docx-0009,1,64,1937,1618,1.19716
nist-docx-0009,1,65,1959,1970,0.99442
nist-docx-0009,1,66,2111,1609,1.31200
nist-docx-0009,1,67,1947,1678,1.16031
nist-docx-0009,1,68,2068,1640,1.26098
nist-docx-0009,1,69,1791,1691,1.05914
nist-docx-0009,1,70,1819,1689,1.07697
nist-docx-0009,1,71,1843,1692,1.08924
nist-docx-0009,1,72,1893,1703,1.11157
nist-docx-0009,1,73,1974,1675,1.17851
nist-docx-0009,1,74,2057,2299,0.89474
nist-docx-0009,1,75,1846,1744,1.05849
nist-docx-0009,1,76,2438,1770,1.37740
nist-docx-0009,1,77,1932,1643,1.17590
nist-docx-0009,1,78,1946,1626,1.19680
nist-docx-0009,1,79,2030,1736,1.16935
nist-docx-0009,1,80,2031,1597,1.27176
nist-docx-0009,1,81,1847,1709,1.08075
nist-docx-0009,1,82,1998,1724,1.15893
nist-docx-0009,1,83,1925,1744,1.10378
nist-docx-0009,1,84,2146,1676,1.28043
nist-docx-0009,1,85,1892,1858,1.01830
nist-docx-0009,1,86,1951,1585,1.23091
nist-docx-0009,1,87,2102,1974,1.06484
nist-docx-0009,1,88,1957,1679,1.16557
nist-docx-0009,1,89,1997,1759,1.13530
nist-docx-0009,1,90,2128,1760,1.20909
nist-docx-0009,1,91,1841,1828,1.00711
nist-docx-0009,1,92,1892,1587,1.19219
nist-docx-0009,1,93,2000,1682,1.18906
nist-docx-0009,1,94,1980,1694,1.16883
nist-docx-0009,1,95,1808,1717,1.05300
nist-docx-0009,1,96,1818,1655,1.09849
nist-docx-0009,1,97,1902,1629,1.16759
nist-docx-0009,1,98,1983,1660,1.19458
nist-docx-0009,1,99,1901,1819,1.04508
nist-docx-0009,1,100,2010,1778,1.13048
nist-docx-0014,1,1,4500,2313,1.94553
nist-docx-0014,1,2,4065,2397,1.69587
nist-docx-0014,1,3,3989,2621,1.52194
nist-docx-0014,1,4,3954,2498,1.58287
nist-docx-0014,1,5,4001,2688,1.48847
nist-docx-0014,1,6,3984,2490,1.60000
nist-docx-0014,1,7,3952,2417,1.63508
nist-docx-0014,1,8,3938,2390,1.64770
nist-docx-0014,1,9,4165,2501,1.66533
nist-docx-0014,1,10,3972,2363,1.68091
nist-docx-0014,1,11,3756,2707,1.38751
nist-docx-0014,1,12,3960,2487,1.59228
nist-docx-0014,1,13,3874,2483,1.56021
nist-docx-0014,1,14,4045,2514,1.60899
nist-docx-0014,1,15,3876,2397,1.61702
nist-docx-0014,1,16,3927,2310,1.70000
nist-docx-0014,1,17,3801,2491,1.52589
nist-docx-0014,1,18,3834,2489,1.54038
nist-docx-0014,1,19,4082,2348,1.73850
nist-docx-0014,1,20,3975,2311,1.72003
nist-docx-0014,1,21,4058,2425,1.67340
nist-docx-0014,1,22,4185,2191,1.91009
nist-docx-0014,1,23,3650,2620,1.39313
nist-docx-0014,1,24,4418,2388,1.85008
nist-docx-0014,1,25,3826,2463,1.55339
nist-docx-0014,1,26,4721,2466,1.91444
nist-docx-0014,1,27,3712,2400,1.54667
nist-docx-0014,1,28,3824,2441,1.56657
nist-docx-0014,1,29,3713,2218,1.67403
nist-docx-0014,1,30,3790,1962,1.93170
nist-docx-0014,1,31,3742,2494,1.50040
nist-docx-0014,1,32,4442,2763,1.60767
nist-docx-0014,1,33,3807,2491,1.52830
nist-docx-0014,1,34,3858,2725,1.41578
nist-docx-0014,1,35,3885,2399,1.61942
nist-docx-0014,1,36,4011,2526,1.58789
nist-docx-0014,1,37,3724,3612,1.03101
nist-docx-0014,1,38,3823,2352,1.62543
nist-docx-0014,1,39,3769,2491,1.51305
nist-docx-0014,1,40,3672,2058,1.78426
nist-docx-0014,1,41,3652,2205,1.65624
nist-docx-0014,1,42,3929,2040,1.92598
nist-docx-0014,1,43,3629,2250,1.61289
nist-docx-0014,1,44,3778,2146,1.76048
nist-docx-0014,1,45,3728,2210,1.68688
nist-docx-0014,1,46,3681,2211,1.66486
nist-docx-0014,1,47,3726,2014,1.85005
nist-docx-0014,1,48,3717,2210,1.68190
nist-docx-0014,1,49,3709,2180,1.70138
nist-docx-0014,1,50,3843,2072,1.85473
nist-docx-0014,1,51,3777,2120,1.78160
nist-docx-0014,1,52,3865,2293,1.68556
nist-docx-0014,1,53,3736,2688,1.38988
nist-docx-0014,1,54,3855,2583,1.49245
nist-docx-0014,1,55,4011,2408,1.66570
nist-docx-0014,1,56,3747,2220,1.68784
nist-docx-0014,1,57,3887,2431,1.59893
nist-docx-0014,1,58,3823,2424,1.57715
nist-docx-0014,1,59,3950,2182,1.81027
nist-docx-0014,1,60,3978,2312,1.72059
nist-docx-0014,1,61,3787,2624,1.44322
nist-docx-0014,1,62,3981,2220,1.79324
nist-docx-0014,1,63,3866,2459,1.57218
nist-docx-0014,1,64,4440,2428,1.82867
nist-docx-0014,1,65,3864,2407,1.60532
nist-docx-0014,1,66,5288,2571,2.05679
nist-docx-0014,1,67,3928,2421,1.62247
nist-docx-0014,1,68,3764,2320,1.62241
nist-docx-0014,1,69,3932,2688,1.46280
nist-docx-0014,1,70,4031,2709,1.48800
nist-docx-0014,1,71,3894,2793,1.39420
nist-docx-0014,1,72,4615,2509,1.83938
nist-docx-0014,1,73,3991,2639,1.51232
nist-docx-0014,1,74,4132,2414,1.71168
nist-docx-0014,1,75,4066,2546,1.59701
nist-docx-0014,1,76,6034,2329,2.59081
nist-docx-0014,1,77,3969,2392,1.65928
nist-docx-0014,1,78,3943,2336,1.68793
nist-docx-0014,1,79,3970,2502,1.58673
nist-docx-0014,1,80,4141,2573,1.60941
nist-docx-0014,1,81,4042,2377,1.70046
nist-docx-0014,1,82,3992,2296,1.73868
nist-docx-0014,1,83,3952,2462,1.60520
nist-docx-0014,1,84,4047,2809,1.44073
nist-docx-0014,1,85,3876,2590,1.49653
nist-docx-0014,1,86,4087,2429,1.68259
nist-docx-0014,1,87,3840,2678,1.43391
nist-docx-0014,1,88,4065,2599,1.56406
nist-docx-0014,1,89,4020,2567,1.56603
nist-docx-0014,1,90,3882,2928,1.32582
nist-docx-0014,1,91,3787,2370,1.59789
nist-docx-0014,1,92,4054,2602,1.55803
nist-docx-0014,1,93,3935,2925,1.34530
nist-docx-0014,1,94,3920,2708,1.44756
nist-docx-0014,1,95,4029,2765,1.45714
nist-docx-0014,1,96,4023,2454,1.63936
nist-docx-0014,1,97,4074,2320,1.75603
nist-docx-0014,1,98,3824,2449,1.56145
nist-docx-0014,1,99,3930,2379,1.65195
nist-docx-0014,1,100,3995,2429,1.64471
nist-epub-0003,1,1,3379,1833,1.84343
nist-epub-0003,1,2,3324,1815,1.83140
nist-epub-0003,1,3,3128,1982,1.57820
nist-epub-0003,1,4,3333,1859,1.79290
nist-epub-0003,1,5,3100,1913,1.62049
nist-epub-0003,1,6,3218,1928,1.66909
nist-epub-0003,1,7,3034,1921,1.57939
nist-epub-0003,1,8,3109,1975,1.57418
nist-epub-0003,1,9,3075,2038,1.50883
nist-epub-0003,1,10,3193,1927,1.65698
nist-epub-0003,1,11,3510,1951,1.79908
nist-epub-0003,1,12,3271,1852,1.76620
nist-epub-0003,1,13,3041,2100,1.44810
nist-epub-0003,1,14,3270,1945,1.68123
nist-epub-0003,1,15,3141,2035,1.54349
nist-epub-0003,1,16,3185,1865,1.70777
nist-epub-0003,1,17,3036,2023,1.50074
nist-epub-0003,1,18,3006,1863,1.61353
nist-epub-0003,1,19,3091,2162,1.42969
nist-epub-0003,1,20,3156,1938,1.62848
nist-epub-0003,1,21,3202,1974,1.62209
nist-epub-0003,1,22,3220,1755,1.83476
nist-epub-0003,1,23,3256,1956,1.66462
nist-epub-0003,1,24,3018,1886,1.60021
nist-epub-0003,1,25,3334,1914,1.74190
nist-epub-0003,1,26,3177,1875,1.69440
nist-epub-0003,1,27,3063,2173,1.40957
nist-epub-0003,1,28,3140,2085,1.50600
nist-epub-0003,1,29,3254,1989,1.63600
nist-epub-0003,1,30,3174,1855,1.71105
nist-epub-0003,1,31,3032,1984,1.52823
nist-epub-0003,1,32,3196,1875,1.70453
nist-epub-0003,1,33,3102,1946,1.59404
nist-epub-0003,1,34,3412,1862,1.83244
nist-epub-0003,1,35,3164,1844,1.71584
nist-epub-0003,1,36,3306,1717,1.92545
nist-epub-0003,1,37,3204,2090,1.53301
nist-epub-0003,1,38,3294,2119,1.55451
nist-epub-0003,1,39,3269,1984,1.64768
nist-epub-0003,1,40,3208,1820,1.76264
nist-epub-0003,1,41,3187,1967,1.62023
nist-epub-0003,1,42,3694,1851,1.99568
nist-epub-0003,1,43,3265,2054,1.58958
nist-epub-0003,1,44,3493,1868,1.86991
nist-epub-0003,1,45,3143,2003,1.56915
nist-epub-0003,1,46,3095,1945,1.59126
nist-epub-0003,1,47,3074,2103,1.46172
nist-epub-0003,1,48,3201,1925,1.66286
nist-epub-0003,1,49,3186,2238,1.42359
nist-epub-0003,1,50,3253,1951,1.66735
nist-epub-0003,1,51,3200,1983,1.61372
nist-epub-0003,1,52,3360,1959,1.71516
nist-epub-0003,1,53,3221,1862,1.72986
nist-epub-0003,1,54,3101,1922,1.61342
nist-epub-0003,1,55,3091,2035,1.51892
nist-epub-0003,1,56,3258,1882,1.73114
nist-epub-0003,1,57,3188,1961,1.62570
nist-epub-0003,1,58,3238,2257,1.43465
nist-epub-0003,1,59,3200,1968,1.62602
nist-epub-0003,1,60,3199,1946,1.64388
nist-epub-0003,1,61,3060,2124,1.44068
nist-epub-0003,1,62,3239,1984,1.63256
nist-epub-0003,1,63,3227,1784,1.80886
nist-epub-0003,1,64,3151,1972,1.59787
nist-epub-0003,1,65,3163,2076,1.52360
nist-epub-0003,1,66,3259,1995,1.63358
nist-epub-0003,1,67,3236,2197,1.47292
nist-epub-0003,1,68,3071,1822,1.68551
nist-epub-0003,1,69,3075,1932,1.59161
nist-epub-0003,1,70,3406,1803,1.88907
nist-epub-0003,1,71,3140,2200,1.42727
nist-epub-0003,1,72,3719,1797,2.06956
nist-epub-0003,1,73,3175,1913,1.65970
nist-epub-0003,1,74,3429,1902,1.80284
nist-epub-0003,1,75,3090,2022,1.52819
nist-epub-0003,1,76,3115,1929,1.61483
nist-epub-0003,1,77,3167,2034,1.55703
nist-epub-0003,1,78,3275,1750,1.87143
nist-epub-0003,1,79,3200,2166,1.47738
nist-epub-0003,1,80,3219,1890,1.70317
nist-epub-0003,1,81,3296,2023,1.62926
nist-epub-0003,1,82,3234,1788,1.80872
nist-epub-0003,1,83,3364,1876,1.79318
nist-epub-0003,1,84,3433,1845,1.86070
nist-epub-0003,1,85,3291,2064,1.59448
nist-epub-0003,1,86,3177,1844,1.72289
nist-epub-0003,1,87,3156,1945,1.62262
nist-epub-0003,1,88,3153,1843,1.71080
nist-epub-0003,1,89,3118,1966,1.58596
nist-epub-0003,1,90,3354,1738,1.92980
nist-epub-0003,1,91,3321,1962,1.69266
nist-epub-0003,1,92,3173,1907,1.66387
nist-epub-0003,1,93,3136,1817,1.72592
nist-epub-0003,1,94,3161,1791,1.76494
nist-epub-0003,1,95,3168,1936,1.63636
nist-epub-0003,1,96,3236,1801,1.79678
nist-epub-0003,1,97,3479,2924,1.18981
nist-epub-0003,1,98,3184,1992,1.59839
nist-epub-0003,1,99,3301,1882,1.75399
nist-epub-0003,1,100,3094,1939,1.59567
nist-epub-0006,1,1,2548,1608,1.58458
nist-epub-0006,1,2,2559,1624,1.57574
nist-epub-0006,1,3,2544,1607,1.58307
nist-epub-0006,1,4,2534,1625,1.55938
nist-epub-0006,1,5,2442,1851,1.31929
nist-epub-0006,1,6,2548,1762,1.44608
nist-epub-0006,1,7,2655,1656,1.60326
nist-epub-0006,1,8,2542,1618,1.57108
nist-epub-0006,1,9,2511,1784,1.40751
nist-epub-0006,1,10,2498,1669,1.49670
nist-epub-0006,1,11,2418,1670,1.44790
nist-epub-0006,1,12,2812,1682,1.67182
nist-epub-0006,1,13,2445,1604,1.52431
nist-epub-0006,1,14,2533,1638,1.54640
nist-epub-0006,1,15,2545,1678,1.51669
nist-epub-0006,1,16,2491,1524,1.63451
nist-epub-0006,1,17,2581,1618,1.59518
nist-epub-0006,1,18,2491,1582,1.57459
nist-epub-0006,1,19,2450,1875,1.30667
nist-epub-0006,1,20,2588,1496,1.72995
nist-epub-0006,1,21,2446,1667,1.46731
nist-epub-0006,1,22,2532,1632,1.55147
nist-epub-0006,1,23,2643,1854,1.42557
nist-epub-0006,1,24,2495,1589,1.57017
nist-epub-0006,1,25,2619,1832,1.42959
nist-epub-0006,1,26,2452,1723,1.42310
nist-epub-0006,1,27,2484,1929,1.28771
nist-epub-0006,1,28,2447,1759,1.39113
nist-epub-0006,1,29,2597,1695,1.53215
nist-epub-0006,1,30,2534,1515,1.67261
nist-epub-0006,1,31,2453,1590,1.54277
nist-epub-0006,1,32,2531,1531,1.65317
nist-epub-0006,1,33,2663,1687,1.57854
nist-epub-0006,1,34,2560,1547,1.65482
nist-epub-0006,1,35,2595,1633,1.58910
nist-epub-0006,1,36,2680,1612,1.66253
nist-epub-0006,1,37,2470,1716,1.43939
nist-epub-0006,1,38,2561,1714,1.49417
nist-epub-0006,1,39,2481,1638,1.51465
nist-epub-0006,1,40,2510,1596,1.57268
nist-epub-0006,1,41,2551,1780,1.43315
nist-epub-0006,1,42,2631,1787,1.47230
nist-epub-0006,1,43,2805,1685,1.66469
nist-epub-0006,1,44,2515,1891,1.32998
nist-epub-0006,1,45,2626,1542,1.70298
nist-epub-0006,1,46,2625,1554,1.68919
nist-epub-0006,1,47,2507,1718,1.45925
nist-epub-0006,1,48,2526,1580,1.59873
nist-epub-0006,1,49,2474,1618,1.52905
nist-epub-0006,1,50,2488,1537,1.61874
nist-epub-0006,1,51,2414,1523,1.58503
nist-epub-0006,1,52,2398,1628,1.47297
nist-epub-0006,1,53,2328,1569,1.48375
nist-epub-0006,1,54,2483,1446,1.71715
nist-epub-0006,1,55,2391,1671,1.43088
nist-epub-0006,1,56,2459,1473,1.66938
nist-epub-0006,1,57,2385,1507,1.58261
nist-epub-0006,1,58,2447,1605,1.52461
nist-epub-0006,1,59,2447,1548,1.58075
nist-epub-0006,1,60,2476,1548,1.59948
nist-epub-0006,1,61,2359,1492,1.58110
nist-epub-0006,1,62,2409,1496,1.61029
nist-epub-0006,1,63,2467,1408,1.75213
nist-epub-0006,1,64,2357,1455,1.61993
nist-epub-0006,1,65,2335,1433,1.62945
nist-epub-0006,1,66,2539,1438,1.76565
nist-epub-0006,1,67,2601,1403,1.85388
nist-epub-0006,1,68,2482,1524,1.62861
nist-epub-0006,1,69,2373,1457,1.62869
nist-epub-0006,1,70,2341,1451,1.61337
nist-epub-0006,1,71,2582,1431,1.80433
nist-epub-0006,1,72,2449,1457,1.68085
nist-epub-0006,1,73,2466,1494,1.65060
nist-epub-0006,1,74,2411,1453,1.65933
nist-epub-0006,1,75,2409,1499,1.60707
nist-epub-0006,1,76,2845,1531,1.85826
nist-epub-0006,1,77,2423,1539,1.57440
nist-epub-0006,1,78,2516,1650,1.52485
nist-epub-0006,1,79,2689,1575,1.70730
nist-epub-0006,1,80,2499,1466,1.70464
nist-epub-0006,1,81,2469,1539,1.60429
nist-epub-0006,1,82,2435,1574,1.54701
nist-epub-0006,1,83,2388,1481,1.61242
nist-epub-0006,1,84,2486,2015,1.23375
nist-epub-0006,1,85,2301,1438,1.60014
nist-epub-0006,1,86,2546,1461,1.74264
nist-epub-0006,1,87,2578,1786,1.44345
nist-epub-0006,1,88,2606,1599,1.62977
nist-epub-0006,1,89,2483,1576,1.57551
nist-epub-0006,1,90,2488,1589,1.56576
nist-epub-0006,1,91,2444,1551,1.57576
nist-epub-0006,1,92,2651,1496,1.77206
nist-epub-0006,1,93,2460,1805,1.36288
nist-epub-0006,1,94,2564,1541,1.66385
nist-epub-0006,1,95,2516,1682,1.49584
nist-epub-0006,1,96,2613,1524,1.71457
nist-epub-0006,1,97,2619,1565,1.67348
nist-epub-0006,1,98,2502,1710,1.46316
nist-epub-0006,1,99,2708,1747,1.55009
nist-epub-0006,1,100,2561,1613,1.58772
nist-epub-0008,1,1,1602,1406,1.13940
nist-epub-0008,1,2,1571,1323,1.18745
nist-epub-0008,1,3,1517,1433,1.05862
nist-epub-0008,1,4,1762,1380,1.27681
nist-epub-0008,1,5,1513,1381,1.09558
nist-epub-0008,1,6,1872,1349,1.38769
nist-epub-0008,1,7,1516,1345,1.12714
nist-epub-0008,1,8,1532,1316,1.16413
nist-epub-0008,1,9,1531,1416,1.08121
nist-epub-0008,1,10,1491,1340,1.11269
nist-epub-0008,1,11,1577,1988,0.79326
nist-epub-0008,1,12,1529,1344,1.13765
nist-epub-0008,1,13,1578,1373,1.14931
nist-epub-0008,1,14,1505,1285,1.17121
nist-epub-0008,1,15,1522,1335,1.14007
nist-epub-0008,1,16,1680,1418,1.18477
nist-epub-0008,1,17,1598,1548,1.03230
nist-epub-0008,1,18,1713,1516,1.12995
nist-epub-0008,1,19,1624,1535,1.05798
nist-epub-0008,1,20,1716,1477,1.16181
nist-epub-0008,1,21,1597,1599,0.99875
nist-epub-0008,1,22,1708,1524,1.12073
nist-epub-0008,1,23,1605,1672,0.95993
nist-epub-0008,1,24,1637,1534,1.06714
nist-epub-0008,1,25,1619,1732,0.93476
nist-epub-0008,1,26,1663,1520,1.09408
nist-epub-0008,1,27,1679,1709,0.98245
nist-epub-0008,1,28,1923,1505,1.27774
nist-epub-0008,1,29,1755,1813,0.96801
nist-epub-0008,1,30,1845,1627,1.13399
nist-epub-0008,1,31,1689,1546,1.09250
nist-epub-0008,1,32,1597,1679,0.95116
nist-epub-0008,1,33,1595,2205,0.72336
nist-epub-0008,1,34,1738,1384,1.25578
nist-epub-0008,1,35,1552,1469,1.05650
nist-epub-0008,1,36,1663,1463,1.13671
nist-epub-0008,1,37,1681,1528,1.10013
nist-epub-0008,1,38,1564,1421,1.10063
nist-epub-0008,1,39,1664,1509,1.10272
nist-epub-0008,1,40,1612,1456,1.10714
nist-epub-0008,1,41,1624,1440,1.12778
nist-epub-0008,1,42,1630,1562,1.04353
nist-epub-0008,1,43,2209,1387,1.59265
nist-epub-0008,1,44,1569,1386,1.13203
nist-epub-0008,1,45,1566,1435,1.09129
nist-epub-0008,1,46,1567,1520,1.03092
nist-epub-0008,1,47,1576,1386,1.13709
nist-epub-0008,1,48,1651,1426,1.15778
nist-epub-0008,1,49,1616,1346,1.20059
nist-epub-0008,1,50,1528,1302,1.17358
nist-epub-0008,1,51,1651,1395,1.18351
nist-epub-0008,1,52,1509,1352,1.11612
nist-epub-0008,1,53,1488,1383,1.07592
nist-epub-0008,1,54,1604,1364,1.17595
nist-epub-0008,1,55,2321,1388,1.67219
nist-epub-0008,1,56,1610,1388,1.15994
nist-epub-0008,1,57,1503,1436,1.04666
nist-epub-0008,1,58,1626,1397,1.16392
nist-epub-0008,1,59,1614,1383,1.16703
nist-epub-0008,1,60,1506,1370,1.09927
nist-epub-0008,1,61,1547,1361,1.13666
nist-epub-0008,1,62,1603,1404,1.14174
nist-epub-0008,1,63,1596,1393,1.14573
nist-epub-0008,1,64,1559,1455,1.07148
nist-epub-0008,1,65,1498,1330,1.12632
nist-epub-0008,1,66,1549,1366,1.13397
nist-epub-0008,1,67,1480,1378,1.07402
nist-epub-0008,1,68,1613,1344,1.20015
nist-epub-0008,1,69,1512,1363,1.10932
nist-epub-0008,1,70,1497,1354,1.10561
nist-epub-0008,1,71,1653,1416,1.16737
nist-epub-0008,1,72,1577,1395,1.13047
nist-epub-0008,1,73,1512,1395,1.08387
nist-epub-0008,1,74,1679,1378,1.21843
nist-epub-0008,1,75,1500,1430,1.04895
nist-epub-0008,1,76,1700,1518,1.11989
nist-epub-0008,1,77,1620,1474,1.09905
nist-epub-0008,1,78,1517,1428,1.06232
nist-epub-0008,1,79,1537,1369,1.12272
nist-epub-0008,1,80,1500,1392,1.07759
nist-epub-0008,1,81,1533,1385,1.10686
nist-epub-0008,1,82,1579,1340,1.17836
nist-epub-0008,1,83,1494,1389,1.07559
nist-epub-0008,1,84,1546,1367,1.13094
nist-epub-0008,1,85,1562,1360,1.14853
nist-epub-0008,1,86,1561,1371,1.13858
nist-epub-0008,1,87,1534,1379,1.11240
nist-epub-0008,1,88,1587,1413,1.12314
nist-epub-0008,1,89,1513,1403,1.07840
nist-epub-0008,1,90,1626,1345,1.20892
nist-epub-0008,1,91,1519,1379,1.10152
nist-epub-0008,1,92,1544,1326,1.16440
nist-epub-0008,1,93,1508,1350,1.11704
nist-epub-0008,1,94,1602,1342,1.19374
nist-epub-0008,1,95,1572,1390,1.13094
nist-epub-0008,1,96,1598,1558,1.02567
nist-epub-0008,1,97,1599,1675,0.95463
nist-epub-0008,1,98,1658,1704,0.97300
nist-epub-0008,1,99,1869,1885,0.99151
nist-epub-0008,1,100,1666,1727,0.96468
nist-epub-0009,1,1,6220,2654,2.34363
nist-epub-0009,1,2,6728,2790,2.41147
nist-epub-0009,1,3,6089,3154,1.93056
nist-epub-0009,1,4,6016,2810,2.14093
nist-epub-0009,1,5,6602,2781,2.37397
nist-epub-0009,1,6,5934,3533,1.67959
nist-epub-0009,1,7,6794,2865,2.37138
nist-epub-0009,1,8,6362,2651,2.39985
nist-epub-0009,1,9,6373,2893,2.20290
nist-epub-0009,1,10,6124,2650,2.31094
nist-epub-0009,1,11,6006,3114,1.92871
nist-epub-0009,1,12,6367,2910,2.18797
nist-epub-0009,1,13,5987,2782,2.15205
nist-epub-0009,1,14,5957,2962,2.01114
nist-epub-0009,1,15,5714,2778,2.05688
nist-epub-0009,1,16,6240,2764,2.25760
nist-epub-0009,1,17,6156,2813,2.18841
nist-epub-0009,1,18,5906,2583,2.28649
nist-epub-0009,1,19,6157,2921,2.10784
nist-epub-0009,1,20,6180,2652,2.33032
nist-epub-0009,1,21,6227,2919,2.13326
nist-epub-0009,1,22,6321,2901,2.17890
nist-epub-0009,1,23,5909,2802,2.10885
nist-epub-0009,1,24,6398,2822,2.26719
nist-epub-0009,1,25,6202,3070,2.02020
nist-epub-0009,1,26,6143,2834,2.16761
nist-epub-0009,1,27,6083,2841,2.14115
nist-epub-0009,1,28,5772,2755,2.09510
nist-epub-0009,1,29,6613,3622,1.82579
nist-epub-0009,1,30,5880,2603,2.25893
nist-epub-0009,1,31,6526,3005,2.17171
nist-epub-0009,1,32,6097,2836,2.14986
nist-epub-0009,1,33,6228,2992,2.08155
nist-epub-0009,1,34,5934,2993,1.98263
nist-epub-0009,1,35,5810,2446,2.37531
nist-epub-0009,1,36,5773,2412,2.39345
nist-epub-0009,1,37,5591,2854,1.95900
nist-epub-0009,1,38,6269,2475,2.53293
nist-epub-0009,1,39,5748,2619,2.19473
nist-epub-0009,1,40,5731,2439,2.34973
nist-epub-0009,1,41,5832,2375,2.45558
nist-epub-0009,1,42,5797,3091,1.87544
nist-epub-0009,1,43,6007,3391,1.77145
nist-epub-0009,1,44,5760,2451,2.35006
nist-epub-0009,1,45,5629,2565,2.19454
nist-epub-0009,1,46,6748,2615,2.58050
nist-epub-0009,1,47,6048,2837,2.13183
nist-epub-0009,1,48,5900,2656,2.22139
nist-epub-0009,1,49,5866,2603,2.25355
nist-epub-0009,1,50,5850,2521,2.32051
nist-epub-0009,1,51,6162,2655,2.32090
nist-epub-0009,1,52,6243,2807,2.22408
nist-epub-0009,1,53,5885,2550,2.30784
nist-epub-0009,1,54,6345,2395,2.64927
nist-epub-0009,1,55,5729,2821,2.03084
nist-epub-0009,1,56,5879,2818,2.08623
nist-epub-0009,1,57,6029,3465,1.73997
nist-epub-0009,1,58,5989,2477,2.41784
nist-epub-0009,1,59,5934,2992,1.98329
nist-epub-0009,1,60,6084,3535,1.72107
nist-epub-0009,1,61,5924,2868,2.06555
nist-epub-0009,1,62,5918,2447,2.41847
nist-epub-0009,1,63,6407,2642,2.42506
nist-epub-0009,1,64,6554,2628,2.49391
nist-epub-0009,1,65,6016,3168,1.89899
nist-epub-0009,1,66,6076,2896,2.09807
nist-epub-0009,1,67,6614,3039,2.17637
nist-epub-0009,1,68,6764,3046,2.22062
nist-epub-0009,1,69,6151,3063,2.00816
nist-epub-0009,1,70,6307,2787,2.26301
nist-epub-0009,1,71,6167,3015,2.04544
nist-epub-0009,1,72,6282,3024,2.07738
nist-epub-0009,1,73,6413,3367,1.90466
nist-epub-0009,1,74,6774,2928,2.31352
nist-epub-0009,1,75,6224,2965,2.09916
nist-epub-0009,1,76,6059,2802,2.16238
nist-epub-0009,1,77,5728,2955,1.93841
nist-epub-0009,1,78,5925,2787,2.12594
nist-epub-0009,1,79,6581,2997,2.19586
nist-epub-0009,1,80,6266,2716,2.30707
nist-epub-0009,1,81,5724,2719,2.10519
nist-epub-0009,1,82,6349,2583,2.45799
nist-epub-0009,1,83,5750,2833,2.02965
nist-epub-0009,1,84,5664,2546,2.22467
nist-epub-0009,1,85,6221,2801,2.22099
nist-epub-0009,1,86,6131,2649,2.31446
nist-epub-0009,1,87,5959,2592,2.29900
nist-epub-0009,1,88,6288,2980,2.11007
nist-epub-0009,1,89,5639,2526,2.23238
nist-epub-0009,1,90,6089,2482,2.45326
nist-epub-0009,1,91,5724,2390,2.39498
nist-epub-0009,1,92,6269,2285,2.74354
nist-epub-0009,1,93,5728,3067,1.86762
nist-epub-0009,1,94,5945,2736,2.17288
nist-epub-0009,1,95,5868,2942,1.99456
nist-epub-0009,1,96,6167,2918,2.11343
nist-epub-0009,1,97,6204,3740,1.65882
nist-epub-0009,1,98,6244,3171,1.96909
nist-epub-0009,1,99,6359,2755,2.30817
nist-epub-0009,1,100,6089,2624,2.32050
nist-pdf-0002,1,1,1555,2341,0.66425
nist-pdf-0002,1,2,1553,1388,1.11888
nist-pdf-0002,1,3,1567,1445,1.08443
nist-pdf-0002,1,4,1537,1375,1.11782
nist-pdf-0002,1,5,1484,1593,0.93158
nist-pdf-0002,1,6,1539,1489,1.03358
nist-pdf-0002,1,7,1520,2014,0.75472
nist-pdf-0002,1,8,1505,1429,1.05318
nist-pdf-0002,1,9,1483,1547,0.95863
nist-pdf-0002,1,10,1519,1466,1.03615
nist-pdf-0002,1,11,1471,1564,0.94054
nist-pdf-0002,1,12,1524,1478,1.03112
nist-pdf-0002,1,13,1462,1703,0.85849
nist-pdf-0002,1,14,1471,1522,0.96649
nist-pdf-0002,1,15,1421,1475,0.96339
nist-pdf-0002,1,16,1516,1375,1.10255
nist-pdf-0002,1,17,1433,1557,0.92036
nist-pdf-0002,1,18,1579,1398,1.12947
nist-pdf-0002,1,19,1514,1571,0.96372
nist-pdf-0002,1,20,1527,1528,0.99935
nist-pdf-0002,1,21,1490,1481,1.00608
nist-pdf-0002,1,22,1427,1562,0.91357
nist-pdf-0002,1,23,1439,1616,0.89047
nist-pdf-0002,1,24,1415,1601,0.88382
nist-pdf-0002,1,25,1424,1594,0.89335
nist-pdf-0002,1,26,1501,1431,1.04892
nist-pdf-0002,1,27,1432,1740,0.82299
nist-pdf-0002,1,28,1578,1466,1.07640
nist-pdf-0002,1,29,1488,1582,0.94058
nist-pdf-0002,1,30,1623,1989,0.81599
nist-pdf-0002,1,31,1554,1553,1.00064
nist-pdf-0002,1,32,1417,1544,0.91775
nist-pdf-0002,1,33,1493,1428,1.04552
nist-pdf-0002,1,34,1545,1392,1.10991
nist-pdf-0002,1,35,1494,1568,0.95281
nist-pdf-0002,1,36,1522,1470,1.03537
nist-pdf-0002,1,37,1545,1667,0.92681
nist-pdf-0002,1,38,1552,1358,1.14286
nist-pdf-0002,1,39,1395,1474,0.94640
nist-pdf-0002,1,40,1474,1339,1.10082
nist-pdf-0002,1,41,1463,1448,1.01036
nist-pdf-0002,1,42,1457,1436,1.01462
nist-pdf-0002,1,43,1478,1634,0.90453
nist-pdf-0002,1,44,1515,1442,1.05062
nist-pdf-0002,1,45,1402,1497,0.93654
nist-pdf-0002,1,46,1511,1376,1.09811
nist-pdf-0002,1,47,1517,1453,1.04405
nist-pdf-0002,1,48,1557,1332,1.16892
nist-pdf-0002,1,49,1569,1568,1.00064
nist-pdf-0002,1,50,1515,1435,1.05575
nist-pdf-0002,1,51,1548,1565,0.98914
nist-pdf-0002,1,52,1628,1472,1.10598
nist-pdf-0002,1,53,1537,1522,1.00986
nist-pdf-0002,1,54,1447,1436,1.00766
nist-pdf-0002,1,55,1509,1424,1.05969
nist-pdf-0002,1,56,1573,1380,1.13986
nist-pdf-0002,1,57,1517,1685,0.90030
nist-pdf-0002,1,58,1533,1461,1.04928
nist-pdf-0002,1,59,1375,1470,0.93537
nist-pdf-0002,1,60,1509,1441,1.04719
nist-pdf-0002,1,61,1476,1514,0.97490
nist-pdf-0002,1,62,1704,1541,1.10578
nist-pdf-0002,1,63,1650,1571,1.05029
nist-pdf-0002,1,64,1665,1479,1.12576
nist-pdf-0002,1,65,1554,1657,0.93784
nist-pdf-0002,1,66,1567,1576,0.99429
nist-pdf-0002,1,67,1549,1480,1.04662
nist-pdf-0002,1,68,1513,1489,1.01612
nist-pdf-0002,1,69,1518,1587,0.95652
nist-pdf-0002,1,70,1569,1572,0.99809
nist-pdf-0002,1,71,1494,1776,0.84122
nist-pdf-0002,1,72,1599,1563,1.02303
nist-pdf-0002,1,73,1533,1643,0.93305
nist-pdf-0002,1,74,1649,1607,1.02614
nist-pdf-0002,1,75,1492,1492,1.00000
nist-pdf-0002,1,76,1540,1529,1.00719
nist-pdf-0002,1,77,1455,1684,0.86401
nist-pdf-0002,1,78,1522,1419,1.07259
nist-pdf-0002,1,79,1471,1479,0.99459
nist-pdf-0002,1,80,1412,1441,0.97988
nist-pdf-0002,1,81,1475,1472,1.00204
nist-pdf-0002,1,82,1473,1376,1.07049
nist-pdf-0002,1,83,1474,1761,0.83702
nist-pdf-0002,1,84,1516,1538,0.98570
nist-pdf-0002,1,85,1451,1416,1.02472
nist-pdf-0002,1,86,1478,1544,0.95725
nist-pdf-0002,1,87,1458,1503,0.97006
nist-pdf-0002,1,88,1442,1597,0.90294
nist-pdf-0002,1,89,1412,1505,0.93821
nist-pdf-0002,1,90,1465,1493,0.98125
nist-pdf-0002,1,91,1483,1604,0.92456
nist-pdf-0002,1,92,1531,1781,0.85963
nist-pdf-0002,1,93,1466,1735,0.84496
nist-pdf-0002,1,94,1522,1549,0.98257
nist-pdf-0002,1,95,1659,1644,1.00912
nist-pdf-0002,1,96,1607,1429,1.12456
nist-pdf-0002,1,97,1515,1447,1.04699
nist-pdf-0002,1,98,1491,1444,1.03255
nist-pdf-0002,1,99,1427,1610,0.88634
nist-pdf-0002,1,100,1532,1524,1.00525
nist-pdf-0004,1,1,3219,2514,1.28043
nist-pdf-0004,1,2,3170,2071,1.53066
nist-pdf-0004,1,3,3016,1789,1.68586
nist-pdf-0004,1,4,3153,1780,1.77135
nist-pdf-0004,1,5,2904,1793,1.61963
nist-pdf-0004,1,6,3325,1653,2.01149
nist-pdf-0004,1,7,3208,2031,1.57952
nist-pdf-0004,1,8,3464,1985,1.74509
nist-pdf-0004,1,9,3256,2190,1.48676
nist-pdf-0004,1,10,3201,1902,1.68297
nist-pdf-0004,1,11,3198,2145,1.49091
nist-pdf-0004,1,12,3197,2015,1.58660
nist-pdf-0004,1,13,3428,2281,1.50285
nist-pdf-0004,1,14,3281,1869,1.75548
nist-pdf-0004,1,15,3091,2263,1.36589
nist-pdf-0004,1,16,3425,1925,1.77922
nist-pdf-0004,1,17,3272,2193,1.49202
nist-pdf-0004,1,18,3109,1973,1.57577
nist-pdf-0004,1,19,3138,1973,1.59047
nist-pdf-0004,1,20,3263,2300,1.41870
nist-pdf-0004,1,21,3263,2348,1.38969
nist-pdf-0004,1,22,3108,1976,1.57287
nist-pdf-0004,1,23,3044,2001,1.52124
nist-pdf-0004,1,24,3167,1916,1.65292
nist-pdf-0004,1,25,3332,2344,1.42150
nist-pdf-0004,1,26,3554,2782,1.27750
nist-pdf-0004,1,27,3167,2167,1.46147
nist-pdf-0004,1,28,3348,2310,1.44935
nist-pdf-0004,1,29,3242,2161,1.50023
nist-pdf-0004,1,30,3091,2131,1.45049
nist-pdf-0004,1,31,3202,2503,1.27926
nist-pdf-0004,1,32,3538,2210,1.60090
nist-pdf-0004,1,33,3212,2210,1.45339
nist-pdf-0004,1,34,3552,2209,1.60797
nist-pdf-0004,1,35,3156,2410,1.30954
nist-pdf-0004,1,36,3204,2181,1.46905
nist-pdf-0004,1,37,3230,2241,1.44132
nist-pdf-0004,1,38,3190,2134,1.49485
nist-pdf-0004,1,39,3167,2216,1.42915
nist-pdf-0004,1,40,3310,2256,1.46720
nist-pdf-0004,1,41,3172,2225,1.42562
nist-pdf-0004,1,42,3391,2257,1.50244
nist-pdf-0004,1,43,3208,2175,1.47494
nist-pdf-0004,1,44,3264,2122,1.53817
nist-pdf-0004,1,45,3239,2078,1.55871
nist-pdf-0004,1,46,3199,1912,1.67312
nist-pdf-0004,1,47,3371,2106,1.60066
nist-pdf-0004,1,48,3396,2047,1.65901
nist-pdf-0004,1,49,3293,2459,1.33916
nist-pdf-0004,1,50,3473,2244,1.54768
nist-pdf-0004,1,51,3299,2015,1.63722
nist-pdf-0004,1,52,3232,2241,1.44221
nist-pdf-0004,1,53,3138,2232,1.40591
nist-pdf-0004,1,54,3392,2186,1.55169
nist-pdf-0004,1,55,3332,2256,1.47695
nist-pdf-0004,1,56,3464,2159,1.60445
nist-pdf-0004,1,57,3003,2207,1.36067
nist-pdf-0004,1,58,3209,2071,1.54949
nist-pdf-0004,1,59,3254,1975,1.64759
nist-pdf-0004,1,60,3646,1979,1.84234
nist-pdf-0004,1,61,3127,2177,1.43638
nist-pdf-0004,1,62,3816,2397,1.59199
nist-pdf-0004,1,63,3115,2123,1.46726
nist-pdf-0004,1,64,3366,2085,1.61439
nist-pdf-0004,1,65,3257,2846,1.14441
nist-pdf-0004,1,66,3237,1898,1.70548
nist-pdf-0004,1,67,3168,2125,1.49082
nist-pdf-0004,1,68,3195,2168,1.47371
nist-pdf-0004,1,69,3066,2066,1.48403
nist-pdf-0004,1,70,3205,2025,1.58272
nist-pdf-0004,1,71,3976,2186,1.81885
nist-pdf-0004,1,72,3238,2117,1.52952
nist-pdf-0004,1,73,3195,2056,1.55399
nist-pdf-0004,1,74,3184,2017,1.57858
nist-pdf-0004,1,75,3207,2139,1.49930
nist-pdf-0004,1,76,3185,2102,1.51522
nist-pdf-0004,1,77,3148,2091,1.50550
nist-pdf-0004,1,78,3268,1850,1.76649
nist-pdf-0004,1,79,3176,2030,1.56453
nist-pdf-0004,1,80,3172,2018,1.57185
nist-pdf-0004,1,81,3184,2165,1.47067
nist-pdf-0004,1,82,3326,1960,1.69694
nist-pdf-0004,1,83,3090,2107,1.46654
nist-pdf-0004,1,84,3339,2069,1.61382
nist-pdf-0004,1,85,3404,2674,1.27300
nist-pdf-0004,1,86,3237,1953,1.65745
nist-pdf-0004,1,87,3103,2325,1.33462
nist-pdf-0004,1,88,3195,1967,1.62430
nist-pdf-0004,1,89,3113,2175,1.43126
nist-pdf-0004,1,90,3299,2047,1.61163
nist-pdf-0004,1,91,3540,2204,1.60617
nist-pdf-0004,1,92,3248,1914,1.69697
nist-pdf-0004,1,93,3222,1946,1.65570
nist-pdf-0004,1,94,3204,2222,1.44194
nist-pdf-0004,1,95,3092,2195,1.40866
nist-pdf-0004,1,96,3139,2293,1.36895
nist-pdf-0004,1,97,3243,2242,1.44648
nist-pdf-0004,1,98,3067,1955,1.56880
nist-pdf-0004,1,99,3155,2287,1.37954
nist-pdf-0004,1,100,3070,2052,1.49610
nist-pdf-0016,1,1,1677,1573,1.06612
nist-pdf-0016,1,2,1638,1571,1.04265
nist-pdf-0016,1,3,1487,1507,0.98673
nist-pdf-0016,1,4,1624,1421,1.14286
nist-pdf-0016,1,5,1606,1681,0.95538
nist-pdf-0016,1,6,1567,1513,1.03569
nist-pdf-0016,1,7,1597,1511,1.05692
nist-pdf-0016,1,8,1579,1405,1.12384
nist-pdf-0016,1,9,1557,1609,0.96768
nist-pdf-0016,1,10,1556,2269,0.68576
nist-pdf-0016,1,11,1528,1511,1.01125
nist-pdf-0016,1,12,1584,1492,1.06166
nist-pdf-0016,1,13,1661,1638,1.01404
nist-pdf-0016,1,14,1701,1424,1.19452
nist-pdf-0016,1,15,1628,1488,1.09409
nist-pdf-0016,1,16,1576,1498,1.05207
nist-pdf-0016,1,17,1568,1461,1.07324
nist-pdf-0016,1,18,1602,1491,1.07445
nist-pdf-0016,1,19,1586,1641,0.96648
nist-pdf-0016,1,20,1685,1509,1.11663
nist-pdf-0016,1,21,1533,1487,1.03093
nist-pdf-0016,1,22,1615,1407,1.14783
nist-pdf-0016,1,23,1477,1848,0.79924
nist-pdf-0016,1,24,1651,1582,1.04362
nist-pdf-0016,1,25,1477,1537,0.96096
nist-pdf-0016,1,26,1577,1420,1.11056
nist-pdf-0016,1,27,1528,1565,0.97636
nist-pdf-0016,1,28,1514,1599,0.94684
nist-pdf-0016,1,29,1579,1516,1.04156
nist-pdf-0016,1,30,1576,1395,1.12975
nist-pdf-0016,1,31,1862,1434,1.29847
nist-pdf-0016,1,32,1564,1430,1.09371
nist-pdf-0016,1,33,1501,1667,0.90042
nist-pdf-0016,1,34,1631,1491,1.09390
nist-pdf-0016,1,35,1586,1571,1.00955
nist-pdf-0016,1,36,1503,1553,0.96780
nist-pdf-0016,1,37,1576,1474,1.06920
nist-pdf-0016,1,38,1651,1493,1.10583
nist-pdf-0016,1,39,1619,1510,1.07219
nist-pdf-0016,1,40,1541,1581,0.97470
nist-pdf-0016,1,41,1795,1611,1.11421
nist-pdf-0016,1,42,1596,1573,1.01462
nist-pdf-0016,1,43,1595,1420,1.12324
nist-pdf-0016,1,44,1493,1496,0.99799
nist-pdf-0016,1,45,1542,1460,1.05616
nist-pdf-0016,1,46,1536,1515,1.01386
nist-pdf-0016,1,47,1619,1618,1.00062
nist-pdf-0016,1,48,1577,1497,1.05344
nist-pdf-0016,1,49,1539,1499,1.02668
nist-pdf-0016,1,50,1610,1711,0.94097
nist-pdf-0016,1,51,1585,1597,0.99249
nist-pdf-0016,1,52,1665,1489,1.11820
nist-pdf-0016,1,53,1596,1645,0.97021
nist-pdf-0016,1,54,1490,1422,1.04782
nist-pdf-0016,1,55,1555,1472,1.05639
nist-pdf-0016,1,56,1628,1450,1.12276
nist-pdf-0016,1,57,1596,1576,1.01269
nist-pdf-0016,1,58,1595,1816,0.87830
nist-pdf-0016,1,59,1653,1513,1.09253
nist-pdf-0016,1,60,1675,1407,1.19048
nist-pdf-0016,1,61,1496,1500,0.99733
nist-pdf-0016,1,62,1573,1452,1.08333
nist-pdf-0016,1,63,1553,1537,1.01041
nist-pdf-0016,1,64,1684,1533,1.09850
nist-pdf-0016,1,65,1485,1518,0.97826
nist-pdf-0016,1,66,1592,1511,1.05361
nist-pdf-0016,1,67,1487,1656,0.89795
nist-pdf-0016,1,68,1611,1451,1.11027
nist-pdf-0016,1,69,1504,1435,1.04808
nist-pdf-0016,1,70,1662,1487,1.11769
nist-pdf-0016,1,71,1561,1475,1.05831
nist-pdf-0016,1,72,1502,1479,1.01555
nist-pdf-0016,1,73,1593,1458,1.09259
nist-pdf-0016,1,74,1615,1608,1.00435
nist-pdf-0016,1,75,1543,1582,0.97535
nist-pdf-0016,1,76,1580,1499,1.05404
nist-pdf-0016,1,77,1520,1476,1.02981
nist-pdf-0016,1,78,2458,1454,1.69051
nist-pdf-0016,1,79,1652,1480,1.11622
nist-pdf-0016,1,80,1647,1483,1.11059
nist-pdf-0016,1,81,1586,1624,0.97660
nist-pdf-0016,1,82,1645,1399,1.17584
nist-pdf-0016,1,83,1547,1493,1.03617
nist-pdf-0016,1,84,1528,1569,0.97387
nist-pdf-0016,1,85,1474,1697,0.86859
nist-pdf-0016,1,86,1598,1510,1.05828
nist-pdf-0016,1,87,1588,1530,1.03791
nist-pdf-0016,1,88,1539,1368,1.12500
nist-pdf-0016,1,89,1499,1646,0.91069
nist-pdf-0016,1,90,1561,1404,1.11182
nist-pdf-0016,1,91,1535,1416,1.08404
nist-pdf-0016,1,92,1552,1431,1.08456
nist-pdf-0016,1,93,1517,1626,0.93296
nist-pdf-0016,1,94,1577,1398,1.12804
nist-pdf-0016,1,95,1521,1680,0.90536
nist-pdf-0016,1,96,1507,1450,1.03931
nist-pdf-0016,1,97,1651,1558,1.05969
nist-pdf-0016,1,98,1578,1413,1.11677
nist-pdf-0016,1,99,1610,1516,1.06201
nist-pdf-0016,1,100,1534,1572,0.97583
nist-pdf-0017,1,1,3944,2331,1.69198
nist-pdf-0017,1,2,4085,2464,1.65787
nist-pdf-0017,1,3,4178,2727,1.53209
nist-pdf-0017,1,4,4113,2331,1.76448
nist-pdf-0017,1,5,3986,2184,1.82509
nist-pdf-0017,1,6,3862,2089,1.84873
nist-pdf-0017,1,7,3957,2033,1.94638
nist-pdf-0017,1,8,3771,1965,1.91908
nist-pdf-0017,1,9,3946,2025,1.94864
nist-pdf-0017,1,10,3870,1860,2.08065
nist-pdf-0017,1,11,3721,2184,1.70375
nist-pdf-0017,1,12,3919,2204,1.77813
nist-pdf-0017,1,13,3751,2212,1.69575
nist-pdf-0017,1,14,3849,2260,1.70310
nist-pdf-0017,1,15,3947,2003,1.97054
nist-pdf-0017,1,16,3729,1839,2.02773
nist-pdf-0017,1,17,3904,2192,1.78102
nist-pdf-0017,1,18,3868,2086,1.85427
nist-pdf-0017,1,19,3982,2336,1.70462
nist-pdf-0017,1,20,4047,1903,2.12664
nist-pdf-0017,1,21,3897,2389,1.63123
nist-pdf-0017,1,22,3939,1996,1.97345
nist-pdf-0017,1,23,3825,2104,1.81797
nist-pdf-0017,1,24,3963,1859,2.13179
nist-pdf-0017,1,25,3874,2292,1.69023
nist-pdf-0017,1,26,4027,2403,1.67582
nist-pdf-0017,1,27,3877,2123,1.82619
nist-pdf-0017,1,28,3991,1888,2.11388
nist-pdf-0017,1,29,3949,2319,1.70289
nist-pdf-0017,1,30,3896,2093,1.86144
nist-pdf-0017,1,31,3803,2344,1.62244
nist-pdf-0017,1,32,4017,2090,1.92201
nist-pdf-0017,1,33,4023,2760,1.45761
nist-pdf-0017,1,34,4049,2252,1.79796
nist-pdf-0017,1,35,4256,2492,1.70787
nist-pdf-0017,1,36,4319,2104,2.05276
nist-pdf-0017,1,37,4152,2544,1.63208
nist-pdf-0017,1,38,3990,2320,1.71983
nist-pdf-0017,1,39,3917,2313,1.69347
nist-pdf-0017,1,40,4055,2532,1.60150
nist-pdf-0017,1,41,4024,2606,1.54413
nist-pdf-0017,1,42,4177,2327,1.79502
nist-pdf-0017,1,43,4070,2294,1.77419
nist-pdf-0017,1,44,4035,2393,1.68617
nist-pdf-0017,1,45,3847,2763,1.39233
nist-pdf-0017,1,46,3918,2169,1.80636
nist-pdf-0017,1,47,3958,2369,1.67075
nist-pdf-0017,1,48,4030,2366,1.70330
nist-pdf-0017,1,49,4065,2677,1.51849
nist-pdf-0017,1,50,4080,2422,1.68456
nist-pdf-0017,1,51,4035,2445,1.65031
nist-pdf-0017,1,52,4205,2219,1.89500
nist-pdf-0017,1,53,3972,2559,1.55217
nist-pdf-0017,1,54,4146,2360,1.75678
nist-pdf-0017,1,55,4024,2384,1.68792
nist-pdf-0017,1,56,4143,2217,1.86874
nist-pdf-0017,1,57,4102,2356,1.74109
nist-pdf-0017,1,58,4328,2336,1.85274
nist-pdf-0017,1,59,3837,3139,1.22236
nist-pdf-0017,1,60,4376,2320,1.88621
nist-pdf-0017,1,61,4209,2840,1.48204
nist-pdf-0017,1,62,4362,2223,1.96221
nist-pdf-0017,1,63,4094,2619,1.56319
nist-pdf-0017,1,64,4109,2094,1.96227
nist-pdf-0017,1,65,4067,2400,1.69458
nist-pdf-0017,1,66,4535,2195,2.06606
nist-pdf-0017,1,67,4115,2923,1.40780
nist-pdf-0017,1,68,4078,2262,1.80283
nist-pdf-0017,1,69,4173,2346,1.77877
nist-pdf-0017,1,70,4059,2237,1.81448
nist-pdf-0017,1,71,4013,2503,1.60328
nist-pdf-0017,1,72,4135,2121,1.94955
nist-pdf-0017,1,73,3979,2469,1.61158
nist-pdf-0017,1,74,4392,2276,1.92970
nist-pdf-0017,1,75,3997,2488,1.60651
nist-pdf-0017,1,76,4135,2596,1.59284
nist-pdf-0017,1,77,4020,2347,1.71282
nist-pdf-0017,1,78,4088,2334,1.75150
nist-pdf-0017,1,79,3856,2514,1.53381
nist-pdf-0017,1,80,4085,2449,1.66803
nist-pdf-0017,1,81,4089,2523,1.62069
nist-pdf-0017,1,82,4189,2304,1.81814
nist-pdf-0017,1,83,4061,2243,1.81052
nist-pdf-0017,1,84,4175,2419,1.72592
nist-pdf-0017,1,85,4487,2583,1.73713
nist-pdf-0017,1,86,3984,2275,1.75121
nist-pdf-0017,1,87,3809,2257,1.68764
nist-pdf-0017,1,88,4208,2291,1.83675
nist-pdf-0017,1,89,4096,2373,1.72609
nist-pdf-0017,1,90,4124,2881,1.43145
nist-pdf-0017,1,91,4098,2147,1.90871
nist-pdf-0017,1,92,3936,1974,1.99392
nist-pdf-0017,1,93,3949,2244,1.75980
nist-pdf-0017,1,94,3900,2037,1.91458
nist-pdf-0017,1,95,3748,2256,1.66135
nist-pdf-0017,1,96,3848,1995,1.92882
nist-pdf-0017,1,97,3946,1984,1.98891
nist-pdf-0017,1,98,3840,1806,2.12625
nist-pdf-0017,1,99,3788,2498,1.51641
nist-pdf-0017,1,100,4001,2095,1.90979
nist-docx-0005,2,1,1343,1618,0.83004
nist-docx-0005,2,2,1416,1940,0.72990
nist-docx-0005,2,3,1421,1706,0.83294
nist-docx-0005,2,4,1328,1613,0.82331
nist-docx-0005,2,5,1338,1630,0.82086
nist-docx-0005,2,6,1433,1570,0.91274
nist-docx-0005,2,7,1291,1687,0.76526
nist-docx-0005,2,8,1301,1591,0.81772
nist-docx-0005,2,9,1389,1575,0.88190
nist-docx-0005,2,10,1336,1651,0.80921
nist-docx-0005,2,11,1292,1678,0.76996
nist-docx-0005,2,12,1371,1708,0.80269
nist-docx-0005,2,13,1405,1801,0.78012
nist-docx-0005,2,14,1403,1738,0.80725
nist-docx-0005,2,15,1501,1691,0.88764
nist-docx-0005,2,16,1421,1654,0.85913
nist-docx-0005,2,17,1473,1578,0.93346
nist-docx-0005,2,18,1348,1557,0.86577
nist-docx-0005,2,19,1367,1544,0.88536
nist-docx-0005,2,20,1339,1636,0.81846
nist-docx-0005,2,21,1434,1639,0.87492
nist-docx-0005,2,22,1352,1622,0.83354
nist-docx-0005,2,23,1329,1558,0.85302
nist-docx-0005,2,24,1332,1608,0.82836
nist-docx-0005,2,25,1404,1658,0.84680
nist-docx-0005,2,26,1388,1606,0.86426
nist-docx-0005,2,27,1384,1674,0.82676
nist-docx-0005,2,28,1424,1637,0.86988
nist-docx-0005,2,29,1441,1850,0.77892
nist-docx-0005,2,30,1570,1654,0.94921
nist-docx-0005,2,31,1468,1732,0.84758
nist-docx-0005,2,32,1371,1883,0.72809
nist-docx-0005,2,33,1442,1805,0.79889
nist-docx-0005,2,34,1430,1733,0.82516
nist-docx-0005,2,35,1364,1952,0.69877
nist-docx-0005,2,36,1447,1687,0.85774
nist-docx-0005,2,37,1449,1827,0.79310
nist-docx-0005,2,38,1471,1790,0.82179
nist-docx-0005,2,39,1465,1701,0.86126
nist-docx-0005,2,40,1412,1776,0.79505
nist-docx-0005,2,41,1417,1728,0.82002
nist-docx-0005,2,42,1433,1791,0.80011
nist-docx-0005,2,43,1432,1726,0.82966
nist-docx-0005,2,44,1440,1727,0.83382
nist-docx-0005,2,45,1403,1759,0.79761
nist-docx-0005,2,46,1392,1630,0.85399
nist-docx-0005,2,47,1368,1683,0.81283
nist-docx-0005,2,48,1486,1721,0.86345
nist-docx-0005,2,49,1494,1844,0.81020
nist-docx-0005,2,50,1395,1658,0.84138
nist-docx-0005,2,51,1406,1750,0.80343
nist-docx-0005,2,52,1493,1688,0.88448
nist-docx-0005,2,53,1374,1744,0.78784
nist-docx-0005,2,54,1376,1733,0.79400
nist-docx-0005,2,55,1339,1719,0.77894
nist-docx-0005,2,56,1337,1611,0.82992
nist-docx-0005,2,57,1392,1629,0.85451
nist-docx-0005,2,58,1382,2427,0.56943
nist-docx-0005,2,59,1376,1809,0.76064
nist-docx-0005,2,60,1396,1821,0.76661
nist-docx-0005,2,61,1438,1605,0.89595
nist-docx-0005,2,62,1370,1648,0.83131
nist-docx-0005,2,63,1302,1753,0.74273
nist-docx-0005,2,64,1437,1620,0.88704
nist-docx-0005,2,65,1399,1793,0.78026
nist-docx-0005,2,66,1425,1645,0.86626
nist-docx-0005,2,67,1363,1653,0.82456
nist-docx-0005,2,68,1382,1660,0.83253
nist-docx-0005,2,69,1509,1793,0.84161
nist-docx-0005,2,70,1290,1528,0.84424
nist-docx-0005,2,71,1297,1711,0.75804
nist-docx-0005,2,72,1316,1607,0.81892
nist-docx-0005,2,73,1357,1704,0.79636
nist-docx-0005,2,74,1324,1591,0.83218
nist-docx-0005,2,75,1339,1640,0.81646
nist-docx-0005,2,76,1261,1526,0.82634
nist-docx-0005,2,77,1362,1573,0.86586
nist-docx-0005,2,78,1295,1620,0.79938
nist-docx-0005,2,79,1383,1557,0.88825
nist-docx-0005,2,80,1435,2499,0.57423
nist-docx-0005,2,81,1371,1679,0.81656
nist-docx-0005,2,82,1395,1593,0.87571
nist-docx-0005,2,83,1402,1692,0.82861
nist-docx-0005,2,84,1335,1901,0.70226
nist-docx-0005,2,85,1394,1730,0.80578
nist-docx-0005,2,86,1464,1916,0.76409
nist-docx-0005,2,87,1373,1631,0.84181
nist-docx-0005,2,88,1551,1706,0.90914
nist-docx-0005,2,89,1453,1689,0.86027
nist-docx-0005,2,90,1495,1627,0.91887
nist-docx-0005,2,91,1436,1824,0.78728
nist-docx-0005,2,92,1481,1782,0.83109
nist-docx-0005,2,93,1422,1730,0.82197
nist-docx-0005,2,94,1377,1723,0.79919
nist-docx-0005,2,95,1374,1639,0.83832
nist-docx-0005,2,96,1492,1683,0.88651
nist-docx-0005,2,97,1381,1824,0.75713
nist-docx-0005,2,98,1362,1656,0.82246
nist-docx-0005,2,99,1377,1821,0.75618
nist-docx-0005,2,100,1342,1655,0.81088
nist-docx-0008,2,1,1139,1696,0.67158
nist-docx-0008,2,2,1170,1556,0.75193
nist-docx-0008,2,3,1071,1729,0.61943
nist-docx-0008,2,4,1032,1430,0.72168
nist-docx-0008,2,5,1139,1612,0.70658
nist-docx-0008,2,6,1078,1451,0.74294
nist-docx-0008,2,7,1052,1502,0.70040
nist-docx-0008,2,8,1120,1518,0.73781
nist-docx-0008,2,9,1080,1449,0.74534
nist-docx-0008,2,10,1119,1557,0.71869
nist-docx-0008,2,11,1045,1461,0.71526
nist-docx-0008,2,12,1124,1490,0.75436
nist-docx-0008,2,13,1056,1464,0.72131
nist-docx-0008,2,14,1129,1424,0.79284
nist-docx-0008,2,15,1037,1632,0.63542
nist-docx-0008,2,16,1137,1606,0.70797
nist-docx-0008,2,17,1151,1655,0.69547
nist-docx-0008,2,18,1223,1465,0.83481
nist-docx-0008,2,19,1106,1644,0.67275
nist-docx-0008,2,20,1229,1654,0.74305
nist-docx-0008,2,21,2820,1658,1.70084
nist-docx-0008,2,22,1205,1549,0.77792
nist-docx-0008,2,23,1059,1455,0.72784
nist-docx-0008,2,24,1133,1489,0.76091
nist-docx-0008,2,25,1133,1453,0.77977
nist-docx-0008,2,26,1133,1460,0.77603
nist-docx-0008,2,27,1098,1530,0.71765
nist-docx-0008,2,28,1110,1573,0.70566
nist-docx-0008,2,29,1085,1517,0.71523
nist-docx-0008,2,30,1098,1552,0.70747
nist-docx-0008,2,31,1091,1689,0.64594
nist-docx-0008,2,32,1195,1658,0.72075
nist-docx-0008,2,33,1158,1753,0.66058
nist-docx-0008,2,34,1274,1589,0.80176
nist-docx-0008,2,35,1163,1611,0.72191
nist-docx-0008,2,36,1189,1474,0.80665
nist-docx-0008,2,37,1127,1621,0.69525
nist-docx-0008,2,38,1197,1518,0.78854
nist-docx-0008,2,39,1209,1622,0.74538
nist-docx-0008,2,40,1131,1609,0.70292
nist-docx-0008,2,41,1123,1661,0.67610
nist-docx-0008,2,42,1172,1564,0.74936
nist-docx-0008,2,43,1139,1745,0.65272
nist-docx-0008,2,44,1357,1659,0.81796
nist-docx-0008,2,45,1209,1621,0.74584
nist-docx-0008,2,46,1181,1556,0.75900
nist-docx-0008,2,47,1208,1575,0.76698
nist-docx-0008,2,48,1163,1732,0.67148
nist-docx-0008,2,49,1225,1919,0.63835
nist-docx-0008,2,50,1128,1585,0.71167
nist-docx-0008,2,51,1147,1676,0.68437
nist-docx-0008,2,52,1203,1549,0.77663
nist-docx-0008,2,53,1135,1641,0.69165
nist-docx-0008,2,54,1224,1456,0.84066
nist-docx-0008,2,55,1107,1681,0.65854
nist-docx-0008,2,56,1248,1706,0.73154
nist-docx-0008,2,57,1159,1546,0.74968
nist-docx-0008,2,58,1201,1601,0.75016
nist-docx-0008,2,59,1121,1657,0.67652
nist-docx-0008,2,60,1178,1782,0.66105
nist-docx-0008,2,61,1099,1694,0.64876
nist-docx-0008,2,62,1253,1599,0.78361
nist-docx-0008,2,63,1205,1776,0.67849
nist-docx-0008,2,64,1156,1546,0.74774
nist-docx-0008,2,65,1177,1679,0.70101
nist-docx-0008,2,66,1136,1543,0.73623
nist-docx-0008,2,67,1073,1563,0.68650
nist-docx-0008,2,68,1176,1571,0.74857
nist-docx-0008,2,69,1085,1527,0.71054
nist-docx-0008,2,70,1276,1664,0.76683
nist-docx-0008,2,71,1131,1717,0.65871
nist-docx-0008,2,72,1237,1540,0.80325
nist-docx-0008,2,73,1664,1589,1.04720
nist-docx-0008,2,74,1109,1665,0.66607
nist-docx-0008,2,75,1103,1686,0.65421
nist-docx-0008,2,76,1170,1576,0.74239
nist-docx-0008,2,77,1251,1645,0.76049
nist-docx-0008,2,78,1108,1536,0.72135
nist-docx-0008,2,79,1223,1735,0.70490
nist-docx-0008,2,80,1135,1637,0.69334
nist-docx-0008,2,81,1119,1557,0.71869
nist-docx-0008,2,82,1182,1568,0.75383
nist-docx-0008,2,83,1152,1588,0.72544
nist-docx-0008,2,84,1186,1607,0.73802
nist-docx-0008,2,85,1121,1589,0.70548
nist-docx-0008,2,86,1206,1576,0.76523
nist-docx-0008,2,87,1056,1586,0.66583
nist-docx-0008,2,88,1185,1562,0.75864
nist-docx-0008,2,89,1154,1646,0.70109
nist-docx-0008,2,90,1179,1636,0.72066
nist-docx-0008,2,91,1165,1567,0.74346
nist-docx-0008,2,92,1281,1610,0.79565
nist-docx-0008,2,93,1127,1658,0.67973
nist-docx-0008,2,94,1223,1633,0.74893
nist-docx-0008,2,95,1055,1695,0.62242
nist-docx-0008,2,96,1227,1659,0.73960
nist-docx-0008,2,97,1145,1619,0.70723
nist-docx-0008,2,98,1150,1622,0.70900
nist-docx-0008,2,99,1243,1584,0.78472
nist-docx-0008,2,100,1676,1666,1.00600
nist-docx-0009,2,1,2000,1725,1.15942
nist-docx-0009,2,2,1978,1775,1.11437
nist-docx-0009,2,3,2149,1786,1.20325
nist-docx-0009,2,4,1919,1802,1.06493
nist-docx-0009,2,5,1880,1723,1.09112
nist-docx-0009,2,6,2081,1853,1.12304
nist-docx-0009,2,7,2012,1778,1.13161
nist-docx-0009,2,8,1835,1710,1.07310
nist-docx-0009,2,9,2121,1936,1.09556
nist-docx-0009,2,10,2298,1904,1.20693
nist-docx-0009,2,11,1950,1769,1.10232
nist-docx-0009,2,12,1930,1799,1.07282
nist-docx-0009,2,13,1970,1960,1.00510
nist-docx-0009,2,14,1847,1712,1.07886
nist-docx-0009,2,15,2240,1784,1.25561
nist-docx-0009,2,16,1901,1745,1.08940
nist-docx-0009,2,17,1905,1754,1.08609
nist-docx-0009,2,18,1927,1941,0.99279
nist-docx-0009,2,19,1969,1700,1.15824
nist-docx-0009,2,20,1939,1728,1.12211
nist-docx-0009,2,21,1893,1892,1.00053
nist-docx-0009,2,22,1841,1863,0.98819
nist-docx-0009,2,23,1998,1751,1.14106
nist-docx-0009,2,24,2058,1777,1.15813
nist-docx-0009,2,25,1969,1706,1.15416
nist-docx-0009,2,26,1940,1802,1.07658
nist-docx-0009,2,27,1888,1937,0.97470
nist-docx-0009,2,28,1880,1706,1.10199
nist-docx-0009,2,29,1919,1814,1.05788
nist-docx-0009,2,30,1919,1833,1.04692
nist-docx-0009,2,31,1861,1815,1.02534
nist-docx-0009,2,32,1991,1769,1.12549
nist-docx-0009,2,33,1952,1733,1.12637
nist-docx-0009,2,34,1865,1760,1.05966
nist-docx-0009,2,35,1861,1867,0.99679
nist-docx-0009,2,36,1900,1661,1.14389
nist-docx-0009,2,37,2032,1852,1.09719
nist-docx-0009,2,38,1887,1874,1.00694
nist-docx-0009,2,39,1929,1790,1.07765
nist-docx-0009,2,40,1919,1810,1.06022
nist-docx-0009,2,41,1994,2016,0.98909
nist-docx-0009,2,42,2459,1815,1.35482
nist-docx-0009,2,43,2020,2277,0.88713
nist-docx-0009,2,44,1951,1762,1.10726
nist-docx-0009,2,45,1914,1837,1.04192
nist-docx-0009,2,46,1909,1900,1.00474
nist-docx-0009,2,47,1929,1874,1.02935
nist-docx-0009,2,48,1901,1702,1.11692
nist-docx-0009,2,49,1842,1786,1.03135
nist-docx-0009,2,50,1872,1746,1.07216
nist-docx-0009,2,51,1930,1780,1.08427
nist-docx-0009,2,52,1817,1684,1.07898
nist-docx-0009,2,53,1821,1753,1.03879
nist-docx-0009,2,54,2013,1745,1.15358
nist-docx-0009,2,55,1998,1850,1.08000
nist-docx-0009,2,56,1911,1815,1.05289
nist-docx-0009,2,57,1770,1876,0.94350
nist-docx-0009,2,58,1818,1747,1.04064
nist-docx-0009,2,59,1842,1709,1.07782
nist-docx-0009,2,60,1838,1765,1.04136
nist-docx-0009,2,61,1880,1772,1.06095
nist-docx-0009,2,62,1938,1848,1.04870
nist-docx-0009,2,63,1930,2022,0.95450
nist-docx-0009,2,64,1946,1708,1.13934
nist-docx-0009,2,65,1828,1998,0.91491
nist-docx-0009,2,66,1938,1883,1.02921
nist-docx-0009,2,67,1900,1895,1.00264
nist-docx-0009,2,68,1903,1694,1.12338
nist-docx-0009,2,69,1830,1796,1.01893
nist-docx-0009,2,70,2181,1698,1.28445
nist-docx-0009,2,71,1883,1837,1.02504
nist-docx-0009,2,72,1782,1838,0.96953
nist-docx-0009,2,73,2061,1714,1.20245
nist-docx-0009,2,74,1948,1762,1.10556
nist-docx-0009,2,75,1908,1838,1.03808
nist-docx-0009,2,76,1983,1912,1.03713
nist-docx-0009,2,77,2165,1892,1.14429
nist-docx-0009,2,78,1826,1824,1.00110
nist-docx-0009,2,79,1951,1696,1.15035
nist-docx-0009,2,80,1873,1804,1.03825
nist-docx-0009,2,81,2018,1757,1.14855
nist-docx-0009,2,82,1871,1732,1.08025
nist-docx-0009,2,83,1906,1893,1.00687
nist-docx-0009,2,84,2091,1740,1.20172
nist-docx-0009,2,85,1974,1751,1.12736
nist-docx-0009,2,86,1813,1753,1.03423
nist-docx-0009,2,87,1844,1779,1.03654
nist-docx-0009,2,88,1857,1860,0.99839
nist-docx-0009,2,89,1893,1795,1.05460
nist-docx-0009,2,90,2104,1777,1.18402
nist-docx-0009,2,91,1936,1763,1.09813
nist-docx-0009,2,92,1900,1733,1.09636
nist-docx-0009,2,93,1894,1935,0.97881
nist-docx-0009,2,94,1932,1714,1.12719
nist-docx-0009,2,95,1901,1996,0.95240
nist-docx-0009,2,96,1841,1678,1.09714
nist-docx-0009,2,97,1881,1706,1.10258
nist-docx-0009,2,98,2204,1732,1.27252
nist-docx-0009,2,99,2145,1825,1.17534
nist-docx-0009,2,100,1941,1769,1.09723
nist-docx-0014,2,1,3985,2653,1.50207
nist-docx-0014,2,2,4089,2648,1.54418
nist-docx-0014,2,3,3824,2527,1.51326
nist-docx-0014,2,4,4106,2545,1.61336
nist-docx-0014,2,5,4004,2646,1.51323
nist-docx-0014,2,6,3863,2643,1.46160
nist-docx-0014,2,7,4189,2724,1.53781
nist-docx-0014,2,8,3976,2680,1.48358
nist-docx-0014,2,9,4081,2688,1.51823
nist-docx-0014,2,10,4125,2616,1.57683
nist-docx-0014,2,11,4151,2819,1.47251
nist-docx-0014,2,12,3937,2637,1.49298
nist-docx-0014,2,13,4001,2904,1.37775
nist-docx-0014,2,14,3844,2622,1.46606
nist-docx-0014,2,15,4005,2448,1.63603
nist-docx-0014,2,16,4117,2539,1.62150
nist-docx-0014,2,17,3828,2630,1.45551
nist-docx-0014,2,18,3997,2602,1.53613
nist-docx-0014,2,19,3854,2660,1.44887
nist-docx-0014,2,20,3928,2412,1.62852
nist-docx-0014,2,21,4507,2432,1.85321
nist-docx-0014,2,22,3658,2184,1.67491
nist-docx-0014,2,23,3964,2475,1.60162
nist-docx-0014,2,24,4203,2366,1.77642
nist-docx-0014,2,25,3897,2503,1.55693
nist-docx-0014,2,26,4055,2367,1.71314
nist-docx-0014,2,27,3696,2456,1.50489
nist-docx-0014,2,28,3710,2280,1.62719
nist-docx-0014,2,29,3819,2626,1.45430
nist-docx-0014,2,30,3812,2210,1.72489
nist-docx-0014,2,31,3738,2455,1.52261
nist-docx-0014,2,32,3992,2486,1.60579
nist-docx-0014,2,33,4014,2573,1.56005
nist-docx-0014,2,34,3848,2655,1.44934
nist-docx-0014,2,35,3932,2683,1.46552
nist-docx-0014,2,36,3896,2485,1.56781
nist-docx-0014,2,37,3829,2835,1.35062
nist-docx-0014,2,38,3944,2416,1.63245
nist-docx-0014,2,39,3916,2415,1.62153
nist-docx-0014,2,40,3730,2210,1.68778
nist-docx-0014,2,41,3611,2198,1.64286
nist-docx-0014,2,42,3738,2367,1.57921
nist-docx-0014,2,43,3739,2464,1.51745
nist-docx-0014,2,44,3721,2233,1.66637
nist-docx-0014,2,45,3593,2330,1.54206
nist-docx-0014,2,46,3971,2368,1.67694
nist-docx-0014,2,47,3660,2499,1.46459
nist-docx-0014,2,48,4086,2165,1.88730
nist-docx-0014,2,49,3671,2372,1.54764
nist-docx-0014,2,50,3888,2497,1.55707
nist-docx-0014,2,51,3632,2229,1.62943
nist-docx-0014,2,52,3805,2203,1.72719
nist-docx-0014,2,53,3901,2483,1.57108
nist-docx-0014,2,54,3966,2735,1.45009
nist-docx-0014,2,55,3725,2368,1.57306
nist-docx-0014,2,56,3926,2466,1.59205
nist-docx-0014,2,57,3714,2425,1.53155
nist-docx-0014,2,58,3794,2135,1.77705
nist-docx-0014,2,59,3631,2252,1.61234
nist-docx-0014,2,60,4038,2439,1.65560
nist-docx-0014,2,61,4042,2619,1.54334
nist-docx-0014,2,62,4125,2584,1.59636
nist-docx-0014,2,63,4128,2658,1.55305
nist-docx-0014,2,64,3950,2492,1.58507
nist-docx-0014,2,65,3998,2661,1.50244
nist-docx-0014,2,66,3886,2433,1.59721
nist-docx-0014,2,67,4068,2537,1.60347
nist-docx-0014,2,68,3829,2433,1.57378
nist-docx-0014,2,69,3787,2498,1.51601
nist-docx-0014,2,70,4453,2425,1.83629
nist-docx-0014,2,71,3972,2588,1.53478
nist-docx-0014,2,72,3912,2502,1.56355
nist-docx-0014,2,73,3990,2667,1.49606
nist-docx-0014,2,74,3891,2416,1.61051
nist-docx-0014,2,75,3861,2872,1.34436
nist-docx-0014,2,76,3998,2405,1.66237
nist-docx-0014,2,77,3775,2534,1.48974
nist-docx-0014,2,78,3970,2429,1.63442
nist-docx-0014,2,79,4035,2524,1.59865
nist-docx-0014,2,80,4004,2451,1.63362
nist-docx-0014,2,81,3887,2541,1.52971
nist-docx-0014,2,82,3969,2517,1.57688
nist-docx-0014,2,83,3961,2638,1.50152
nist-docx-0014,2,84,3855,2690,1.43309
nist-docx-0014,2,85,4149,2579,1.60876
nist-docx-0014,2,86,3759,2571,1.46208
nist-docx-0014,2,87,3857,2572,1.49961
nist-docx-0014,2,88,3852,2450,1.57224
nist-docx-0014,2,89,4004,2540,1.57638
nist-docx-0014,2,90,5203,2398,2.16972
nist-docx-0014,2,91,3998,2357,1.69622
nist-docx-0014,2,92,4029,2541,1.58560
nist-docx-0014,2,93,3881,2680,1.44813
nist-docx-0014,2,94,3952,2705,1.46100
nist-docx-0014,2,95,3926,2532,1.55055
nist-docx-0014,2,96,3948,2398,1.64637
nist-docx-0014,2,97,3932,2618,1.50191
nist-docx-0014,2,98,4356,2595,1.67861
nist-docx-0014,2,99,4069,2467,1.64937
nist-docx-0014,2,100,4057,2406,1.68620
nist-epub-0003,2,1,3102,2031,1.52733
nist-epub-0003,2,2,3317,1973,1.68120
nist-epub-0003,2,3,3192,2171,1.47029
nist-epub-0003,2,4,3276,2007,1.63229
nist-epub-0003,2,5,3003,2045,1.46846
nist-epub-0003,2,6,3427,2021,1.69570
nist-epub-0003,2,7,3082,2033,1.51599
nist-epub-0003,2,8,3611,2056,1.75632
nist-epub-0003,2,9,3140,2057,1.52649
nist-epub-0003,2,10,3304,2072,1.59459
nist-epub-0003,2,11,3041,2096,1.45086
nist-epub-0003,2,12,3675,1966,1.86928
nist-epub-0003,2,13,3119,2118,1.47262
nist-epub-0003,2,14,3126,2044,1.52935
nist-epub-0003,2,15,3499,2090,1.67416
nist-epub-0003,2,16,3183,2011,1.58279
nist-epub-0003,2,17,3056,2107,1.45040
nist-epub-0003,2,18,3366,1983,1.69743
nist-epub-0003,2,19,3211,2296,1.39852
nist-epub-0003,2,20,3201,2037,1.57143
nist-epub-0003,2,21,3094,2097,1.47544
nist-epub-0003,2,22,3124,2055,1.52019
nist-epub-0003,2,23,3490,2011,1.73545
nist-epub-0003,2,24,3154,1976,1.59615
nist-epub-0003,2,25,3235,2004,1.61427
nist-epub-0003,2,26,3143,2028,1.54980
nist-epub-0003,2,27,3252,1966,1.65412
nist-epub-0003,2,28,3146,2042,1.54065
nist-epub-0003,2,29,3235,2029,1.59438
nist-epub-0003,2,30,3199,2073,1.54317
nist-epub-0003,2,31,3205,2027,1.58115
nist-epub-0003,2,32,3121,2023,1.54276
nist-epub-0003,2,33,3141,2027,1.54958
nist-epub-0003,2,34,3332,2199,1.51523
nist-epub-0003,2,35,3114,2170,1.43502
nist-epub-0003,2,36,3077,1944,1.58282
nist-epub-0003,2,37,3141,2213,1.41934
nist-epub-0003,2,38,3195,2111,1.51350
nist-epub-0003,2,39,3239,2161,1.49884
nist-epub-0003,2,40,3177,1935,1.64186
nist-epub-0003,2,41,3137,2049,1.53099
nist-epub-0003,2,42,3246,2010,1.61493
nist-epub-0003,2,43,3104,2032,1.52756
nist-epub-0003,2,44,3173,2074,1.52989
nist-epub-0003,2,45,3172,2067,1.53459
nist-epub-0003,2,46,3102,2050,1.51317
nist-epub-0003,2,47,3203,2199,1.45657
nist-epub-0003,2,48,3375,2120,1.59198
nist-epub-0003,2,49,3314,2044,1.62133
nist-epub-0003,2,50,3151,2041,1.54385
nist-epub-0003,2,51,3172,2027,1.56487
nist-epub-0003,2,52,3052,1947,1.56754
nist-epub-0003,2,53,3158,2105,1.50024
nist-epub-0003,2,54,3159,1938,1.63003
nist-epub-0003,2,55,3094,2054,1.50633
nist-epub-0003,2,56,3099,2197,1.41056
nist-epub-0003,2,57,3144,2461,1.27753
nist-epub-0003,2,58,3090,2195,1.40774
nist-epub-0003,2,59,3129,2433,1.28607
nist-epub-0003,2,60,3365,2140,1.57243
nist-epub-0003,2,61,3134,2018,1.55302
nist-epub-0003,2,62,3155,1978,1.59505
nist-epub-0003,2,63,3279,2012,1.62972
nist-epub-0003,2,64,3971,2029,1.95712
nist-epub-0003,2,65,3056,2031,1.50468
nist-epub-0003,2,66,3073,2023,1.51903
nist-epub-0003,2,67,3172,2146,1.47810
nist-epub-0003,2,68,3035,2007,1.51221
nist-epub-0003,2,69,3194,2195,1.45513
nist-epub-0003,2,70,3085,1959,1.57478
nist-epub-0003,2,71,3074,2187,1.40558
nist-epub-0003,2,72,3206,2054,1.56086
nist-epub-0003,2,73,3122,2068,1.50967
nist-epub-0003,2,74,3252,2027,1.60434
nist-epub-0003,2,75,3078,2361,1.30368
nist-epub-0003,2,76,3336,2028,1.64497
nist-epub-0003,2,77,3425,2028,1.68886
nist-epub-0003,2,78,3088,2114,1.46074
nist-epub-0003,2,79,3103,2142,1.44865
nist-epub-0003,2,80,3174,2113,1.50213
nist-epub-0003,2,81,3153,2081,1.51514
nist-epub-0003,2,82,3069,2176,1.41039
nist-epub-0003,2,83,3170,2130,1.48826
nist-epub-0003,2,84,3423,2155,1.58840
nist-epub-0003,2,85,3168,1973,1.60568
nist-epub-0003,2,86,3241,2183,1.48465
nist-epub-0003,2,87,3093,2206,1.40209
nist-epub-0003,2,88,3584,2067,1.73391
nist-epub-0003,2,89,3144,2081,1.51081
nist-epub-0003,2,90,3434,1989,1.72650
nist-epub-0003,2,91,3108,2182,1.42438
nist-epub-0003,2,92,3046,2015,1.51166
nist-epub-0003,2,93,3070,2158,1.42261
nist-epub-0003,2,94,3410,1946,1.75231
nist-epub-0003,2,95,3112,2103,1.47979
nist-epub-0003,2,96,3385,2048,1.65283
nist-epub-0003,2,97,3227,2071,1.55818
nist-epub-0003,2,98,3151,2027,1.55451
nist-epub-0003,2,99,3189,2139,1.49088
nist-epub-0003,2,100,3137,2157,1.45433
nist-epub-0006,2,1,2510,1677,1.49672
nist-epub-0006,2,2,2555,1689,1.51273
nist-epub-0006,2,3,2439,1668,1.46223
nist-epub-0006,2,4,3063,1722,1.77875
nist-epub-0006,2,5,2699,1770,1.52486
nist-epub-0006,2,6,2451,1720,1.42500
nist-epub-0006,2,7,2476,1781,1.39023
nist-epub-0006,2,8,2571,1722,1.49303
nist-epub-0006,2,9,2451,1725,1.42087
nist-epub-0006,2,10,2551,1858,1.37298
nist-epub-0006,2,11,2532,1641,1.54296
nist-epub-0006,2,12,3135,1692,1.85284
nist-epub-0006,2,13,2829,2058,1.37464
nist-epub-0006,2,14,2432,1698,1.43227
nist-epub-0006,2,15,2654,1777,1.49353
nist-epub-0006,2,16,2640,1650,1.60000
nist-epub-0006,2,17,2537,1702,1.49060
nist-epub-0006,2,18,2496,1847,1.35138
nist-epub-0006,2,19,2471,1768,1.39762
nist-epub-0006,2,20,2481,1695,1.46372
nist-epub-0006,2,21,2755,1833,1.50300
nist-epub-0006,2,22,2492,1691,1.47368
nist-epub-0006,2,23,2436,1756,1.38724
nist-epub-0006,2,24,2722,1634,1.66585
nist-epub-0006,2,25,2531,1729,1.46385
nist-epub-0006,2,26,2704,1853,1.45926
nist-epub-0006,2,27,2589,1647,1.57195
nist-epub-0006,2,28,2511,1744,1.43979
nist-epub-0006,2,29,2531,1829,1.38382
nist-epub-0006,2,30,2560,1873,1.36679
nist-epub-0006,2,31,2471,1729,1.42915
nist-epub-0006,2,32,2593,1639,1.58206
nist-epub-0006,2,33,2527,1811,1.39536
nist-epub-0006,2,34,2707,1868,1.44914
nist-epub-0006,2,35,2599,1694,1.53424
nist-epub-0006,2,36,2470,1846,1.33803
nist-epub-0006,2,37,2545,1761,1.44520
nist-epub-0006,2,38,2523,1787,1.41186
nist-epub-0006,2,39,2673,1830,1.46066
nist-epub-0006,2,40,2493,1733,1.43855
nist-epub-0006,2,41,2540,1910,1.32984
nist-epub-0006,2,42,2539,1865,1.36139
nist-epub-0006,2,43,2426,1773,1.36830
nist-epub-0006,2,44,2455,1808,1.35785
nist-epub-0006,2,45,2519,1705,1.47742
nist-epub-0006,2,46,2543,1774,1.43348
nist-epub-0006,2,47,2517,1714,1.46849
nist-epub-0006,2,48,2922,1737,1.68221
nist-epub-0006,2,49,2499,1764,1.41667
nist-epub-0006,2,50,2401,1708,1.40574
nist-epub-0006,2,51,2532,1656,1.52899
nist-epub-0006,2,52,2359,1593,1.48085
nist-epub-0006,2,53,2399,1718,1.39639
nist-epub-0006,2,54,2439,1632,1.49449
nist-epub-0006,2,55,2444,1600,1.52750
nist-epub-0006,2,56,2476,1651,1.49970
nist-epub-0006,2,57,2369,1651,1.43489
nist-epub-0006,2,58,2449,1619,1.51266
nist-epub-0006,2,59,2464,1672,1.47368
nist-epub-0006,2,60,2466,1740,1.41724
nist-epub-0006,2,61,2426,1599,1.51720
nist-epub-0006,2,62,2471,1584,1.55997
nist-epub-0006,2,63,2388,1668,1.43165
nist-epub-0006,2,64,2345,1548,1.51486
nist-epub-0006,2,65,2305,1622,1.42109
nist-epub-0006,2,66,2409,1612,1.49442
nist-epub-0006,2,67,2375,1553,1.52930
nist-epub-0006,2,68,2407,1680,1.43274
nist-epub-0006,2,69,2448,1515,1.61584
nist-epub-0006,2,70,2370,1616,1.46658
nist-epub-0006,2,71,2406,1603,1.50094
nist-epub-0006,2,72,2381,1582,1.50506
nist-epub-0006,2,73,2365,1573,1.50350
nist-epub-0006,2,74,2473,1692,1.46158
nist-epub-0006,2,75,2368,1574,1.50445
nist-epub-0006,2,76,2522,1684,1.49762
nist-epub-0006,2,77,2430,1751,1.38778
nist-epub-0006,2,78,2509,1799,1.39466
nist-epub-0006,2,79,2560,1741,1.47042
nist-epub-0006,2,80,2464,1672,1.47368
nist-epub-0006,2,81,2423,1651,1.46760
nist-epub-0006,2,82,2460,1561,1.57591
nist-epub-0006,2,83,2345,1580,1.48418
nist-epub-0006,2,84,2445,1592,1.53580
nist-epub-0006,2,85,2423,1575,1.53841
nist-epub-0006,2,86,2488,1716,1.44988
nist-epub-0006,2,87,2479,1790,1.38492
nist-epub-0006,2,88,2534,1668,1.51918
nist-epub-0006,2,89,2542,1687,1.50682
nist-epub-0006,2,90,2498,1554,1.60746
nist-epub-0006,2,91,2551,1590,1.60440
nist-epub-0006,2,92,2593,1561,1.66111
nist-epub-0006,2,93,2536,1859,1.36417
nist-epub-0006,2,94,2491,1662,1.49880
nist-epub-0006,2,95,2503,1786,1.40146
nist-epub-0006,2,96,2545,1763,1.44356
nist-epub-0006,2,97,2533,1789,1.41587
nist-epub-0006,2,98,2605,1775,1.46761
nist-epub-0006,2,99,2487,1798,1.38320
nist-epub-0006,2,100,2580,1829,1.41061
nist-epub-0008,2,1,1605,1472,1.09035
nist-epub-0008,2,2,1548,1523,1.01641
nist-epub-0008,2,3,1588,1491,1.06506
nist-epub-0008,2,4,1573,1550,1.01484
nist-epub-0008,2,5,1584,1414,1.12023
nist-epub-0008,2,6,1514,1499,1.01001
nist-epub-0008,2,7,1485,1426,1.04137
nist-epub-0008,2,8,1588,1471,1.07954
nist-epub-0008,2,9,1665,1568,1.06186
nist-epub-0008,2,10,1487,1543,0.96371
nist-epub-0008,2,11,1521,1445,1.05260
nist-epub-0008,2,12,1508,1450,1.04000
nist-epub-0008,2,13,1536,1452,1.05785
nist-epub-0008,2,14,1509,1417,1.06493
nist-epub-0008,2,15,1591,1430,1.11259
nist-epub-0008,2,16,1592,1678,0.94875
nist-epub-0008,2,17,1538,1702,0.90364
nist-epub-0008,2,18,1640,1586,1.03405
nist-epub-0008,2,19,1561,1866,0.83655
nist-epub-0008,2,20,1711,1545,1.10744
nist-epub-0008,2,21,1541,1623,0.94948
nist-epub-0008,2,22,1660,1656,1.00242
nist-epub-0008,2,23,1914,1683,1.13725
nist-epub-0008,2,24,1562,1615,0.96718
nist-epub-0008,2,25,1585,1746,0.90779
nist-epub-0008,2,26,1652,1727,0.95657
nist-epub-0008,2,27,1731,1653,1.04719
nist-epub-0008,2,28,1836,1665,1.10270
nist-epub-0008,2,29,1642,1932,0.84990
nist-epub-0008,2,30,1631,1677,0.97257
nist-epub-0008,2,31,1596,1766,0.90374
nist-epub-0008,2,32,1542,1491,1.03421
nist-epub-0008,2,33,1582,1620,0.97654
nist-epub-0008,2,34,1709,1592,1.07349
nist-epub-0008,2,35,1533,1567,0.97830
nist-epub-0008,2,36,1656,1760,0.94091
nist-epub-0008,2,37,1544,1535,1.00586
nist-epub-0008,2,38,1765,1553,1.13651
nist-epub-0008,2,39,1611,1583,1.01769
nist-epub-0008,2,40,1593,1520,1.04803
nist-epub-0008,2,41,1648,1514,1.08851
nist-epub-0008,2,42,1514,1529,0.99019
nist-epub-0008,2,43,1564,1736,0.90092
nist-epub-0008,2,44,1630,1566,1.04087
nist-epub-0008,2,45,1517,1505,1.00797
nist-epub-0008,2,46,1586,1489,1.06514
nist-epub-0008,2,47,1572,1514,1.03831
nist-epub-0008,2,48,1507,1531,0.98432
nist-epub-0008,2,49,1658,1475,1.12407
nist-epub-0008,2,50,1483,1504,0.98604
nist-epub-0008,2,51,1568,1452,1.07989
nist-epub-0008,2,52,1530,1445,1.05882
nist-epub-0008,2,53,1602,1468,1.09128
nist-epub-0008,2,54,1594,1423,1.12017
nist-epub-0008,2,55,1648,1524,1.08136
nist-epub-0008,2,56,1562,1430,1.09231
nist-epub-0008,2,57,2089,1453,1.43772
nist-epub-0008,2,58,1687,1462,1.15390
nist-epub-0008,2,59,1561,1591,0.98114
nist-epub-0008,2,60,1558,1515,1.02838
nist-epub-0008,2,61,2178,1486,1.46568
nist-epub-0008,2,62,1559,1479,1.05409
nist-epub-0008,2,63,1509,1424,1.05969
nist-epub-0008,2,64,1616,1489,1.08529
nist-epub-0008,2,65,1539,1471,1.04623
nist-epub-0008,2,66,1525,1463,1.04238
nist-epub-0008,2,67,1496,1678,0.89154
nist-epub-0008,2,68,2333,1494,1.56158
nist-epub-0008,2,69,1471,1415,1.03958
nist-epub-0008,2,70,1544,1471,1.04963
nist-epub-0008,2,71,1566,1514,1.03435
nist-epub-0008,2,72,2135,1419,1.50458
nist-epub-0008,2,73,1574,1500,1.04933
nist-epub-0008,2,74,1665,1597,1.04258
nist-epub-0008,2,75,1557,1569,0.99235
nist-epub-0008,2,76,1644,1572,1.04580
nist-epub-0008,2,77,1556,1571,0.99045
nist-epub-0008,2,78,1644,1535,1.07101
nist-epub-0008,2,79,1631,1455,1.12096
nist-epub-0008,2,80,1530,1460,1.04795
nist-epub-0008,2,81,1579,1495,1.05619
nist-epub-0008,2,82,1499,1433,1.04606
nist-epub-0008,2,83,1785,1858,0.96071
nist-epub-0008,2,84,1663,1568,1.06059
nist-epub-0008,2,85,1510,1545,0.97735
nist-epub-0008,2,86,1574,1455,1.08179
nist-epub-0008,2,87,1545,1496,1.03275
nist-epub-0008,2,88,1576,1480,1.06486
nist-epub-0008,2,89,1568,1461,1.07324
nist-epub-0008,2,90,1790,1462,1.22435
nist-epub-0008,2,91,1593,1483,1.07417
nist-epub-0008,2,92,1587,1508,1.05239
nist-epub-0008,2,93,1528,1468,1.04087
nist-epub-0008,2,94,1564,1498,1.04406
nist-epub-0008,2,95,1660,1478,1.12314
nist-epub-0008,2,96,1892,1849,1.02326
nist-epub-0008,2,97,1557,1608,0.96828
nist-epub-0008,2,98,1768,1605,1.10156
nist-epub-0008,2,99,1746,2126,0.82126
nist-epub-0008,2,100,1722,2216,0.77708
nist-epub-0009,2,1,6622,2987,2.21694
nist-epub-0009,2,2,6002,2653,2.26234
nist-epub-0009,2,3,6096,2825,2.15788
nist-epub-0009,2,4,6231,2868,2.17259
nist-epub-0009,2,5,6411,3533,1.81461
nist-epub-0009,2,6,5978,2972,2.01144
nist-epub-0009,2,7,5808,2880,2.01667
nist-epub-0009,2,8,6015,2961,2.03141
nist-epub-0009,2,9,5948,3190,1.86458
nist-epub-0009,2,10,5804,3524,1.64699
nist-epub-0009,2,11,5923,2908,2.03680
nist-epub-0009,2,12,6227,2988,2.08400
nist-epub-0009,2,13,5969,2892,2.06397
nist-epub-0009,2,14,6514,2958,2.20216
nist-epub-0009,2,15,7308,3175,2.30173
nist-epub-0009,2,16,6503,2837,2.29221
nist-epub-0009,2,17,6077,3321,1.82987
nist-epub-0009,2,18,6044,2940,2.05578
nist-epub-0009,2,19,5825,3191,1.82545
nist-epub-0009,2,20,5852,2885,2.02842
nist-epub-0009,2,21,5833,3461,1.68535
nist-epub-0009,2,22,6209,3175,1.95559
nist-epub-0009,2,23,6587,2733,2.41017
nist-epub-0009,2,24,5831,2993,1.94821
nist-epub-0009,2,25,6238,2935,2.12538
nist-epub-0009,2,26,5845,3012,1.94057
nist-epub-0009,2,27,6227,2850,2.18491
nist-epub-0009,2,28,6544,4117,1.58951
nist-epub-0009,2,29,6525,3169,2.05901
nist-epub-0009,2,30,6023,2846,2.11630
nist-epub-0009,2,31,6122,2761,2.21731
nist-epub-0009,2,32,5993,3365,1.78098
nist-epub-0009,2,33,6010,2978,2.01813
nist-epub-0009,2,34,6332,3175,1.99433
nist-epub-0009,2,35,6114,2534,2.41279
nist-epub-0009,2,36,6041,3160,1.91171
nist-epub-0009,2,37,6048,2455,2.46354
nist-epub-0009,2,38,5896,2813,2.09598
nist-epub-0009,2,39,5783,2905,1.99071
nist-epub-0009,2,40,6300,2569,2.45232
nist-epub-0009,2,41,5742,2450,2.34367
nist-epub-0009,2,42,5761,2722,2.11646
nist-epub-0009,2,43,6366,2815,2.26146
nist-epub-0009,2,44,5840,2428,2.40527
nist-epub-0009,2,45,5699,2668,2.13606
nist-epub-0009,2,46,6014,2629,2.28756
nist-epub-0009,2,47,6178,3043,2.03023
nist-epub-0009,2,48,5848,2878,2.03197
nist-epub-0009,2,49,5852,2762,2.11875
nist-epub-0009,2,50,5739,2673,2.14703
nist-epub-0009,2,51,5556,2532,2.19431
nist-epub-0009,2,52,6267,2679,2.33931
nist-epub-0009,2,53,5696,2739,2.07959
nist-epub-0009,2,54,5807,2908,1.99691
nist-epub-0009,2,55,5837,2786,2.09512
nist-epub-0009,2,56,5978,3788,1.57814
nist-epub-0009,2,57,5960,3334,1.78764
nist-epub-0009,2,58,5765,2518,2.28952
nist-epub-0009,2,59,5938,2566,2.31411
nist-epub-0009,2,60,6068,2754,2.20334
nist-epub-0009,2,61,5870,2546,2.30558
nist-epub-0009,2,62,6439,2718,2.36902
nist-epub-0009,2,63,6657,2796,2.38090
nist-epub-0009,2,64,5847,2851,2.05086
nist-epub-0009,2,65,6052,2942,2.05710
nist-epub-0009,2,66,5793,2964,1.95445
nist-epub-0009,2,67,6210,3120,1.99038
nist-epub-0009,2,68,6040,2862,2.11041
nist-epub-0009,2,69,6413,3327,1.92756
nist-epub-0009,2,70,6835,3269,2.09085
nist-epub-0009,2,71,6214,3282,1.89336
nist-epub-0009,2,72,6233,3169,1.96687
nist-epub-0009,2,73,6412,3282,1.95369
nist-epub-0009,2,74,6261,3317,1.88755
nist-epub-0009,2,75,6056,2800,2.16286
nist-epub-0009,2,76,5817,2710,2.14649
nist-epub-0009,2,77,6039,2857,2.11376
nist-epub-0009,2,78,6574,3130,2.10032
nist-epub-0009,2,79,5681,2809,2.02243
nist-epub-0009,2,80,5794,2786,2.07968
nist-epub-0009,2,81,5975,3156,1.89322
nist-epub-0009,2,82,5765,2541,2.26879
nist-epub-0009,2,83,5715,2843,2.01020
nist-epub-0009,2,84,5675,2738,2.07268
nist-epub-0009,2,85,5774,2797,2.06435
nist-epub-0009,2,86,6306,2688,2.34598
nist-epub-0009,2,87,5774,2554,2.26077
nist-epub-0009,2,88,6245,2757,2.26514
nist-epub-0009,2,89,5821,2702,2.15433
nist-epub-0009,2,90,5947,2751,2.16176
nist-epub-0009,2,91,5713,2506,2.27973
nist-epub-0009,2,92,5706,2486,2.29525
nist-epub-0009,2,93,5922,2650,2.23472
nist-epub-0009,2,94,5806,2558,2.26974
nist-epub-0009,2,95,6318,2927,2.15852
nist-epub-0009,2,96,5985,2659,2.25085
nist-epub-0009,2,97,6262,4054,1.54465
nist-epub-0009,2,98,6029,2888,2.08760
nist-epub-0009,2,99,6034,3071,1.96483
nist-epub-0009,2,100,5999,2653,2.26121
nist-pdf-0002,2,1,1518,1498,1.01335
nist-pdf-0002,2,2,1517,1577,0.96195
nist-pdf-0002,2,3,1466,1419,1.03312
nist-pdf-0002,2,4,1587,1391,1.14091
nist-pdf-0002,2,5,1460,2316,0.63040
nist-pdf-0002,2,6,1511,1716,0.88054
nist-pdf-0002,2,7,1551,1973,0.78611
nist-pdf-0002,2,8,1388,1524,0.91076
nist-pdf-0002,2,9,1475,1453,1.01514
nist-pdf-0002,2,10,1488,1363,1.09171
nist-pdf-0002,2,11,1424,1509,0.94367
nist-pdf-0002,2,12,1567,1425,1.09965
nist-pdf-0002,2,13,1477,1587,0.93069
nist-pdf-0002,2,14,1546,1550,0.99742
nist-pdf-0002,2,15,1423,1520,0.93618
nist-pdf-0002,2,16,1511,1501,1.00666
nist-pdf-0002,2,17,1629,1534,1.06193
nist-pdf-0002,2,18,1600,1676,0.95465
nist-pdf-0002,2,19,1526,1496,1.02005
nist-pdf-0002,2,20,1615,1523,1.06041
nist-pdf-0002,2,21,1508,1531,0.98498
nist-pdf-0002,2,22,1536,1655,0.92810
nist-pdf-0002,2,23,1498,1564,0.95780
nist-pdf-0002,2,24,1386,1496,0.92647
nist-pdf-0002,2,25,1568,1462,1.07250
nist-pdf-0002,2,26,1447,1426,1.01473
nist-pdf-0002,2,27,1505,1775,0.84789
nist-pdf-0002,2,28,1512,1669,0.90593
nist-pdf-0002,2,29,1466,1558,0.94095
nist-pdf-0002,2,30,1478,2118,0.69783
nist-pdf-0002,2,31,1410,1523,0.92580
nist-pdf-0002,2,32,1414,1405,1.00641
nist-pdf-0002,2,33,1524,1532,0.99478
nist-pdf-0002,2,34,1396,1587,0.87965
nist-pdf-0002,2,35,1511,1521,0.99343
nist-pdf-0002,2,36,1460,1558,0.93710
nist-pdf-0002,2,37,1566,1540,1.01688
nist-pdf-0002,2,38,2516,1485,1.69428
nist-pdf-0002,2,39,1388,1480,0.93784
nist-pdf-0002,2,40,1458,1425,1.02316
nist-pdf-0002,2,41,1426,1546,0.92238
nist-pdf-0002,2,42,1523,1422,1.07103
nist-pdf-0002,2,43,1489,1519,0.98025
nist-pdf-0002,2,44,1388,1430,0.97063
nist-pdf-0002,2,45,1356,1442,0.94036
nist-pdf-0002,2,46,1528,1385,1.10325
nist-pdf-0002,2,47,1481,1479,1.00135
nist-pdf-0002,2,48,1536,1582,0.97092
nist-pdf-0002,2,49,1528,1718,0.88941
nist-pdf-0002,2,50,1650,1425,1.15789
nist-pdf-0002,2,51,1625,1543,1.05314
nist-pdf-0002,2,52,1587,2839,0.55900
nist-pdf-0002,2,53,1418,1523,0.93106
nist-pdf-0002,2,54,1483,1491,0.99463
nist-pdf-0002,2,55,1467,1453,1.00964
nist-pdf-0002,2,56,1482,1451,1.02136
nist-pdf-0002,2,57,1442,1411,1.02197
nist-pdf-0002,2,58,1433,1500,0.95533
nist-pdf-0002,2,59,1442,1588,0.90806
nist-pdf-0002,2,60,1510,1377,1.09659
nist-pdf-0002,2,61,1541,1541,1.00000
nist-pdf-0002,2,62,1606,1500,1.07067
nist-pdf-0002,2,63,1493,1582,0.94374
nist-pdf-0002,2,64,1737,1430,1.21469
nist-pdf-0002,2,65,1541,1743,0.88411
nist-pdf-0002,2,66,1390,1632,0.85172
nist-pdf-0002,2,67,1595,1719,0.92787
nist-pdf-0002,2,68,1714,1474,1.16282
nist-pdf-0002,2,69,1445,1505,0.96013
nist-pdf-0002,2,70,1546,1591,0.97172
nist-pdf-0002,2,71,1513,1594,0.94918
nist-pdf-0002,2,72,1526,1553,0.98261
nist-pdf-0002,2,73,1458,1618,0.90111
nist-pdf-0002,2,74,1488,1552,0.95876
nist-pdf-0002,2,75,1526,1624,0.93966
nist-pdf-0002,2,76,1590,1498,1.06142
nist-pdf-0002,2,77,1579,1774,0.89008
nist-pdf-0002,2,78,1555,1595,0.97492
nist-pdf-0002,2,79,1397,1546,0.90362
nist-pdf-0002,2,80,1401,1373,1.02039
nist-pdf-0002,2,81,1425,1416,1.00636
nist-pdf-0002,2,82,1401,1334,1.05022
nist-pdf-0002,2,83,1570,1677,0.93620
nist-pdf-0002,2,84,1483,1542,0.96174
nist-pdf-0002,2,85,1467,1432,1.02444
nist-pdf-0002,2,86,1388,1477,0.93974
nist-pdf-0002,2,87,1364,1543,0.88399
nist-pdf-0002,2,88,1632,1372,1.18950
nist-pdf-0002,2,89,1521,1439,1.05698
nist-pdf-0002,2,90,1393,1517,0.91826
nist-pdf-0002,2,91,1503,1754,0.85690
nist-pdf-0002,2,92,1786,1558,1.14634
nist-pdf-0002,2,93,1424,1591,0.89503
nist-pdf-0002,2,94,1520,1536,0.98958
nist-pdf-0002,2,95,1576,1567,1.00574
nist-pdf-0002,2,96,1506,1417,1.06281
nist-pdf-0002,2,97,1459,1423,1.02530
nist-pdf-0002,2,98,1557,1425,1.09263
nist-pdf-0002,2,99,1491,1505,0.99070
nist-pdf-0002,2,100,1933,1562,1.23752
nist-pdf-0004,2,1,3284,2237,1.46804
nist-pdf-0004,2,2,3139,2131,1.47302
nist-pdf-0004,2,3,3014,1873,1.60918
nist-pdf-0004,2,4,3012,1852,1.62635
nist-pdf-0004,2,5,3027,1691,1.79007
nist-pdf-0004,2,6,3258,1703,1.91309
nist-pdf-0004,2,7,4121,2291,1.79878
nist-pdf-0004,2,8,3178,2067,1.53749
nist-pdf-0004,2,9,3209,2207,1.45401
nist-pdf-0004,2,10,3248,1904,1.70588
nist-pdf-0004,2,11,3370,2081,1.61941
nist-pdf-0004,2,12,3174,2005,1.58304
nist-pdf-0004,2,13,3301,2461,1.34132
nist-pdf-0004,2,14,3441,2021,1.70262
nist-pdf-0004,2,15,3135,2083,1.50504
nist-pdf-0004,2,16,3235,1998,1.61912
nist-pdf-0004,2,17,3113,2195,1.41822
nist-pdf-0004,2,18,3021,1868,1.61724
nist-pdf-0004,2,19,3167,2198,1.44086
nist-pdf-0004,2,20,3260,2095,1.55609
nist-pdf-0004,2,21,3300,2250,1.46667
nist-pdf-0004,2,22,3127,2586,1.20920
nist-pdf-0004,2,23,3187,2212,1.44078
nist-pdf-0004,2,24,3262,2066,1.57890
nist-pdf-0004,2,25,3093,2007,1.54111
nist-pdf-0004,2,26,3334,2151,1.54998
nist-pdf-0004,2,27,3528,2317,1.52266
nist-pdf-0004,2,28,3336,2050,1.62732
nist-pdf-0004,2,29,3123,2172,1.43785
nist-pdf-0004,2,30,3211,1913,1.67852
nist-pdf-0004,2,31,3269,2118,1.54344
nist-pdf-0004,2,32,3322,2143,1.55016
nist-pdf-0004,2,33,3270,2201,1.48569
nist-pdf-0004,2,34,3332,2251,1.48023
nist-pdf-0004,2,35,3208,2415,1.32836
nist-pdf-0004,2,36,3050,2010,1.51741
nist-pdf-0004,2,37,3342,1987,1.68193
nist-pdf-0004,2,38,3248,1955,1.66138
nist-pdf-0004,2,39,3305,2083,1.58665
nist-pdf-0004,2,40,3380,2252,1.50089
nist-pdf-0004,2,41,3216,2116,1.51985
nist-pdf-0004,2,42,3201,2174,1.47240
nist-pdf-0004,2,43,3034,2197,1.38097
nist-pdf-0004,2,44,3217,2019,1.59336
nist-pdf-0004,2,45,3249,1927,1.68604
nist-pdf-0004,2,46,3086,2432,1.26891
nist-pdf-0004,2,47,3168,2017,1.57065
nist-pdf-0004,2,48,3269,2000,1.63450
nist-pdf-0004,2,49,3344,2610,1.28123
nist-pdf-0004,2,50,3403,2258,1.50709
nist-pdf-0004,2,51,3217,2336,1.37714
nist-pdf-0004,2,52,3244,2015,1.60993
nist-pdf-0004,2,53,3300,2126,1.55221
nist-pdf-0004,2,54,3205,2058,1.55734
nist-pdf-0004,2,55,3238,2509,1.29055
nist-pdf-0004,2,56,3232,2362,1.36833
nist-pdf-0004,2,57,3410,2361,1.44430
nist-pdf-0004,2,58,3231,2259,1.43028
nist-pdf-0004,2,59,3258,2322,1.40310
nist-pdf-0004,2,60,3122,2350,1.32851
nist-pdf-0004,2,61,3354,2020,1.66040
nist-pdf-0004,2,62,3038,2016,1.50694
nist-pdf-0004,2,63,3229,2652,1.21757
nist-pdf-0004,2,64,3098,2038,1.52012
nist-pdf-0004,2,65,3250,2073,1.56778
nist-pdf-0004,2,66,3009,2197,1.36959
nist-pdf-0004,2,67,3088,2140,1.44299
nist-pdf-0004,2,68,3239,2052,1.57846
nist-pdf-0004,2,69,3268,2254,1.44987
nist-pdf-0004,2,70,3192,2103,1.51783
nist-pdf-0004,2,71,3271,2320,1.40991
nist-pdf-0004,2,72,3357,1993,1.68440
nist-pdf-0004,2,73,3083,2197,1.40328
nist-pdf-0004,2,74,3162,2168,1.45849
nist-pdf-0004,2,75,3355,2072,1.61921
nist-pdf-0004,2,76,3295,2180,1.51147
nist-pdf-0004,2,77,3220,1980,1.62626
nist-pdf-0004,2,78,3255,1970,1.65228
nist-pdf-0004,2,79,3067,2219,1.38215
nist-pdf-0004,2,80,3092,2101,1.47168
nist-pdf-0004,2,81,3352,2211,1.51606
nist-pdf-0004,2,82,3189,2089,1.52657
nist-pdf-0004,2,83,3265,2223,1.46874
nist-pdf-0004,2,84,3158,2140,1.47570
nist-pdf-0004,2,85,3179,1929,1.64800
nist-pdf-0004,2,86,3196,1998,1.59960
nist-pdf-0004,2,87,3218,2095,1.53604
nist-pdf-0004,2,88,3197,2269,1.40899
nist-pdf-0004,2,89,3569,2151,1.65923
nist-pdf-0004,2,90,3294,2081,1.58289
nist-pdf-0004,2,91,3412,2076,1.64355
nist-pdf-0004,2,92,3380,2055,1.64477
nist-pdf-0004,2,93,3161,2135,1.48056
nist-pdf-0004,2,94,3335,2274,1.46658
nist-pdf-0004,2,95,3203,2131,1.50305
nist-pdf-0004,2,96,3070,2052,1.49610
nist-pdf-0004,2,97,3279,2181,1.50344
nist-pdf-0004,2,98,3263,2032,1.60581
nist-pdf-0004,2,99,3093,2240,1.38080
nist-pdf-0004,2,100,3231,2085,1.54964
nist-pdf-0016,2,1,1562,1527,1.02292
nist-pdf-0016,2,2,1598,1523,1.04924
nist-pdf-0016,2,3,1585,1572,1.00827
nist-pdf-0016,2,4,1563,1423,1.09838
nist-pdf-0016,2,5,1652,1614,1.02354
nist-pdf-0016,2,6,1564,1567,0.99809
nist-pdf-0016,2,7,1592,1498,1.06275
nist-pdf-0016,2,8,1567,1465,1.06962
nist-pdf-0016,2,9,1487,1564,0.95077
nist-pdf-0016,2,10,1496,1741,0.85928
nist-pdf-0016,2,11,1660,1539,1.07862
nist-pdf-0016,2,12,1599,1620,0.98704
nist-pdf-0016,2,13,1558,1568,0.99362
nist-pdf-0016,2,14,1487,1470,1.01156
nist-pdf-0016,2,15,1594,1612,0.98883
nist-pdf-0016,2,16,1726,1554,1.11068
nist-pdf-0016,2,17,1561,1507,1.03583
nist-pdf-0016,2,18,1495,1554,0.96203
nist-pdf-0016,2,19,1646,1544,1.06606
nist-pdf-0016,2,20,1587,1600,0.99187
nist-pdf-0016,2,21,1538,1471,1.04555
nist-pdf-0016,2,22,1617,1468,1.10150
nist-pdf-0016,2,23,1463,1501,0.97468
nist-pdf-0016,2,24,1587,1547,1.02586
nist-pdf-0016,2,25,1533,1576,0.97272
nist-pdf-0016,2,26,1526,1436,1.06267
nist-pdf-0016,2,27,1530,1530,1.00000
nist-pdf-0016,2,28,1505,1523,0.98818
nist-pdf-0016,2,29,1629,1563,1.04223
nist-pdf-0016,2,30,1635,1597,1.02379
nist-pdf-0016,2,31,1525,1502,1.01531
nist-pdf-0016,2,32,1636,1864,0.87768
nist-pdf-0016,2,33,1592,1680,0.94762
nist-pdf-0016,2,34,1589,1545,1.02848
nist-pdf-0016,2,35,1504,1648,0.91262
nist-pdf-0016,2,36,1893,1564,1.21036
nist-pdf-0016,2,37,1570,1599,0.98186
nist-pdf-0016,2,38,1557,1547,1.00646
nist-pdf-0016,2,39,1536,1483,1.03574
nist-pdf-0016,2,40,1510,1599,0.94434
nist-pdf-0016,2,41,1592,1601,0.99438
nist-pdf-0016,2,42,1712,1460,1.17260
nist-pdf-0016,2,43,1570,1497,1.04876
nist-pdf-0016,2,44,1548,1514,1.02246
nist-pdf-0016,2,45,1580,1679,0.94104
nist-pdf-0016,2,46,1719,1473,1.16701
nist-pdf-0016,2,47,1634,1603,1.01934
nist-pdf-0016,2,48,1508,1445,1.04360
nist-pdf-0016,2,49,1573,1478,1.06428
nist-pdf-0016,2,50,1556,1446,1.07607
nist-pdf-0016,2,51,1553,1573,0.98729
nist-pdf-0016,2,52,1626,1482,1.09717
nist-pdf-0016,2,53,1623,1495,1.08562
nist-pdf-0016,2,54,1446,1605,0.90093
nist-pdf-0016,2,55,1596,1552,1.02835
nist-pdf-0016,2,56,1614,1680,0.96071
nist-pdf-0016,2,57,1620,1458,1.11111
nist-pdf-0016,2,58,1766,1551,1.13862
nist-pdf-0016,2,59,1601,1633,0.98040
nist-pdf-0016,2,60,1645,1514,1.08653
nist-pdf-0016,2,61,1453,1639,0.88652
nist-pdf-0016,2,62,1512,1496,1.01070
nist-pdf-0016,2,63,1481,1517,0.97627
nist-pdf-0016,2,64,1575,1503,1.04790
nist-pdf-0016,2,65,1484,1504,0.98670
nist-pdf-0016,2,66,1595,1511,1.05559
nist-pdf-0016,2,67,1532,1869,0.81969
nist-pdf-0016,2,68,1558,1432,1.08799
nist-pdf-0016,2,69,1709,1561,1.09481
nist-pdf-0016,2,70,1684,1612,1.04467
nist-pdf-0016,2,71,1588,1506,1.05445
nist-pdf-0016,2,72,1492,1568,0.95153
nist-pdf-0016,2,73,1526,1592,0.95854
nist-pdf-0016,2,74,1636,1593,1.02699
nist-pdf-0016,2,75,1595,1521,1.04865
nist-pdf-0016,2,76,1514,1467,1.03204
nist-pdf-0016,2,77,1563,1685,0.92760
nist-pdf-0016,2,78,1541,1499,1.02802
nist-pdf-0016,2,79,1468,2570,0.57121
nist-pdf-0016,2,80,1627,1591,1.02263
nist-pdf-0016,2,81,1550,1514,1.02378
nist-pdf-0016,2,82,1599,1581,1.01139
nist-pdf-0016,2,83,1583,1525,1.03803
nist-pdf-0016,2,84,1503,1482,1.01417
nist-pdf-0016,2,85,2185,1598,1.36733
nist-pdf-0016,2,86,1640,1557,1.05331
nist-pdf-0016,2,87,1557,1490,1.04497
nist-pdf-0016,2,88,1623,1397,1.16178
nist-pdf-0016,2,89,1475,1521,0.96976
nist-pdf-0016,2,90,1480,1548,0.95607
nist-pdf-0016,2,91,1457,1449,1.00552
nist-pdf-0016,2,92,1500,1505,0.99668
nist-pdf-0016,2,93,1512,1511,1.00066
nist-pdf-0016,2,94,1558,1681,0.92683
nist-pdf-0016,2,95,1506,1528,0.98560
nist-pdf-0016,2,96,1569,1579,0.99367
nist-pdf-0016,2,97,1580,1662,0.95066
nist-pdf-0016,2,98,1494,1543,0.96824
nist-pdf-0016,2,99,1626,1478,1.10014
nist-pdf-0016,2,100,1560,1752,0.89041
nist-pdf-0017,2,1,4122,2394,1.72180
nist-pdf-0017,2,2,4664,2386,1.95474
nist-pdf-0017,2,3,3899,2244,1.73752
nist-pdf-0017,2,4,4121,2439,1.68963
nist-pdf-0017,2,5,4178,2163,1.93158
nist-pdf-0017,2,6,3881,2218,1.74977
nist-pdf-0017,2,7,3815,2059,1.85284
nist-pdf-0017,2,8,3979,1990,1.99950
nist-pdf-0017,2,9,3857,1985,1.94307
nist-pdf-0017,2,10,3839,1964,1.95468
nist-pdf-0017,2,11,3967,2240,1.77098
nist-pdf-0017,2,12,3930,2277,1.72596
nist-pdf-0017,2,13,3786,1974,1.91793
nist-pdf-0017,2,14,3947,2010,1.96368
nist-pdf-0017,2,15,3859,2227,1.73282
nist-pdf-0017,2,16,3910,1939,2.01650
nist-pdf-0017,2,17,3933,2028,1.93935
nist-pdf-0017,2,18,3799,2030,1.87143
nist-pdf-0017,2,19,3972,2058,1.93003
nist-pdf-0017,2,20,3964,2078,1.90760
nist-pdf-0017,2,21,3870,2019,1.91679
nist-pdf-0017,2,22,3884,2107,1.84338
nist-pdf-0017,2,23,3876,2284,1.69702
nist-pdf-0017,2,24,3950,2158,1.83040
nist-pdf-0017,2,25,3837,2128,1.80310
nist-pdf-0017,2,26,3946,2282,1.72918
nist-pdf-0017,2,27,3907,2272,1.71963
nist-pdf-0017,2,28,3941,2096,1.88025
nist-pdf-0017,2,29,3885,2177,1.78457
nist-pdf-0017,2,30,3895,2126,1.83208
nist-pdf-0017,2,31,3922,2210,1.77466
nist-pdf-0017,2,32,3949,2325,1.69849
nist-pdf-0017,2,33,4019,2247,1.78861
nist-pdf-0017,2,34,4058,2340,1.73419
nist-pdf-0017,2,35,3969,2240,1.77188
nist-pdf-0017,2,36,4203,2417,1.73893
nist-pdf-0017,2,37,3990,2653,1.50396
nist-pdf-0017,2,38,4084,2199,1.85721
nist-pdf-0017,2,39,3845,2713,1.41725
nist-pdf-0017,2,40,4140,2295,1.80392
nist-pdf-0017,2,41,4646,2299,2.02088
nist-pdf-0017,2,42,4266,2356,1.81070
nist-pdf-0017,2,43,4036,2518,1.60286
nist-pdf-0017,2,44,4292,2329,1.84285
nist-pdf-0017,2,45,3923,2409,1.62848
nist-pdf-0017,2,46,4076,2354,1.73152
nist-pdf-0017,2,47,4166,2391,1.74237
nist-pdf-0017,2,48,4001,2329,1.71790
nist-pdf-0017,2,49,4303,2279,1.88811
nist-pdf-0017,2,50,4125,2148,1.92039
nist-pdf-0017,2,51,3896,2366,1.64666
nist-pdf-0017,2,52,4171,2327,1.79244
nist-pdf-0017,2,53,3877,2389,1.62285
nist-pdf-0017,2,54,3922,2300,1.70522
nist-pdf-0017,2,55,4213,2159,1.95137
nist-pdf-0017,2,56,4048,2391,1.69302
nist-pdf-0017,2,57,4049,2627,1.54130
nist-pdf-0017,2,58,4656,2281,2.04121
nist-pdf-0017,2,59,4119,2814,1.46375
nist-pdf-0017,2,60,3966,2411,1.64496
nist-pdf-0017,2,61,4183,2532,1.65205
nist-pdf-0017,2,62,4066,2315,1.75637
nist-pdf-0017,2,63,3959,2335,1.69550
nist-pdf-0017,2,64,4176,2016,2.07143
nist-pdf-0017,2,65,4075,2479,1.64381
nist-pdf-0017,2,66,4073,2367,1.72074
nist-pdf-0017,2,67,4084,2113,1.93280
nist-pdf-0017,2,68,4126,2679,1.54013
nist-pdf-0017,2,69,4162,2324,1.79088
nist-pdf-0017,2,70,4144,2415,1.71594
nist-pdf-0017,2,71,3869,2765,1.39928
nist-pdf-0017,2,72,4050,2389,1.69527
nist-pdf-0017,2,73,4046,2242,1.80464
nist-pdf-0017,2,74,4259,2417,1.76210
nist-pdf-0017,2,75,4106,2532,1.62164
nist-pdf-0017,2,76,4045,2369,1.70747
nist-pdf-0017,2,77,4100,2373,1.72777
nist-pdf-0017,2,78,3958,2261,1.75055
nist-pdf-0017,2,79,4095,2213,1.85043
nist-pdf-0017,2,80,3978,2316,1.71762
nist-pdf-0017,2,81,4116,2535,1.62367
nist-pdf-0017,2,82,4112,2152,1.91078
nist-pdf-0017,2,83,4142,2449,1.69130
nist-pdf-0017,2,84,4095,2240,1.82812
nist-pdf-0017,2,85,4304,2553,1.68586
nist-pdf-0017,2,86,4029,2374,1.69714
nist-pdf-0017,2,87,4029,2354,1.71155
nist-pdf-0017,2,88,4045,2358,1.71544
nist-pdf-0017,2,89,4472,2362,1.89331
nist-pdf-0017,2,90,3973,2333,1.70296
nist-pdf-0017,2,91,3984,2446,1.62878
nist-pdf-0017,2,92,3813,1993,1.91320
nist-pdf-0017,2,93,3965,2137,1.85540
nist-pdf-0017,2,94,3999,2154,1.85655
nist-pdf-0017,2,95,3709,2159,1.71792
nist-pdf-0017,2,96,3892,2119,1.83672
nist-pdf-0017,2,97,3890,2170,1.79263
nist-pdf-0017,2,98,3816,2162,1.76503
nist-pdf-0017,2,99,3987,2266,1.75949
nist-pdf-0017,2,100,3890,1940,2.00515
nist-docx-0005,3,1,1320,1623,0.81331
nist-docx-0005,3,2,1404,1590,0.88302
nist-docx-0005,3,3,1372,1635,0.83914
nist-docx-0005,3,4,1310,1640,0.79878
nist-docx-0005,3,5,1322,1560,0.84744
nist-docx-0005,3,6,1300,1572,0.82697
nist-docx-0005,3,7,1309,1571,0.83323
nist-docx-0005,3,8,1288,1588,0.81108
nist-docx-0005,3,9,1293,1639,0.78890
nist-docx-0005,3,10,1291,1607,0.80336
nist-docx-0005,3,11,1308,1642,0.79659
nist-docx-0005,3,12,1616,1836,0.88017
nist-docx-0005,3,13,1351,1696,0.79658
nist-docx-0005,3,14,1386,1688,0.82109
nist-docx-0005,3,15,1489,1634,0.91126
nist-docx-0005,3,16,1398,1619,0.86350
nist-docx-0005,3,17,1333,1579,0.84421
nist-docx-0005,3,18,1377,1673,0.82307
nist-docx-0005,3,19,1349,1534,0.87940
nist-docx-0005,3,20,1396,1753,0.79635
nist-docx-0005,3,21,1312,1646,0.79708
nist-docx-0005,3,22,1343,1592,0.84359
nist-docx-0005,3,23,1337,1699,0.78693
nist-docx-0005,3,24,1319,1553,0.84932
nist-docx-0005,3,25,1417,1603,0.88397
nist-docx-0005,3,26,1255,1589,0.78980
nist-docx-0005,3,27,1394,1691,0.82436
nist-docx-0005,3,28,1476,1560,0.94615
nist-docx-0005,3,29,1434,1770,0.81017
nist-docx-0005,3,30,1430,1724,0.82947
nist-docx-0005,3,31,1440,1666,0.86435
nist-docx-0005,3,32,1461,1943,0.75193
nist-docx-0005,3,33,1372,1775,0.77296
nist-docx-0005,3,34,1361,1698,0.80153
nist-docx-0005,3,35,1359,1691,0.80367
nist-docx-0005,3,36,1437,1831,0.78482
nist-docx-0005,3,37,1423,1734,0.82065
nist-docx-0005,3,38,1417,1771,0.80011
nist-docx-0005,3,39,1450,1693,0.85647
nist-docx-0005,3,40,1372,1666,0.82353
nist-docx-0005,3,41,1472,1851,0.79525
nist-docx-0005,3,42,1482,1769,0.83776
nist-docx-0005,3,43,1362,1852,0.73542
nist-docx-0005,3,44,1409,1774,0.79425
nist-docx-0005,3,45,1375,1554,0.88481
nist-docx-0005,3,46,1370,1582,0.86599
nist-docx-0005,3,47,1372,1667,0.82304
nist-docx-0005,3,48,1350,1696,0.79599
nist-docx-0005,3,49,1532,1736,0.88249
nist-docx-0005,3,50,1348,1632,0.82598
nist-docx-0005,3,51,1434,1720,0.83372
nist-docx-0005,3,52,1485,1738,0.85443
nist-docx-0005,3,53,1480,1654,0.89480
nist-docx-0005,3,54,1388,1681,0.82570
nist-docx-0005,3,55,1370,1571,0.87206
nist-docx-0005,3,56,1403,1545,0.90809
nist-docx-0005,3,57,1380,1632,0.84559
nist-docx-0005,3,58,1383,1624,0.85160
nist-docx-0005,3,59,1309,1717,0.76238
nist-docx-0005,3,60,1516,1905,0.79580
nist-docx-0005,3,61,1353,1694,0.79870
nist-docx-0005,3,62,1454,1835,0.79237
nist-docx-0005,3,63,1397,1620,0.86235
nist-docx-0005,3,64,1408,1747,0.80595
nist-docx-0005,3,65,1411,1677,0.84138
nist-docx-0005,3,66,1708,1632,1.04657
nist-docx-0005,3,67,1409,1673,0.84220
nist-docx-0005,3,68,1406,1552,0.90593
nist-docx-0005,3,69,1400,1590,0.88050
nist-docx-0005,3,70,1448,1495,0.96856
nist-docx-0005,3,71,1389,1554,0.89382
nist-docx-0005,3,72,1346,1640,0.82073
nist-docx-0005,3,73,1330,1622,0.81998
nist-docx-0005,3,74,1282,1613,0.79479
nist-docx-0005,3,75,1328,1591,0.83470
nist-docx-0005,3,76,1384,1550,0.89290
nist-docx-0005,3,77,1305,1614,0.80855
nist-docx-0005,3,78,1284,1667,0.77025
nist-docx-0005,3,79,1275,1652,0.77179
nist-docx-0005,3,80,1411,1667,0.84643
nist-docx-0005,3,81,1499,1754,0.85462
nist-docx-0005,3,82,1337,1612,0.82940
nist-docx-0005,3,83,1381,1759,0.78511
nist-docx-0005,3,84,1360,1717,0.79208
nist-docx-0005,3,85,1334,1709,0.78057
nist-docx-0005,3,86,1404,2513,0.55869
nist-docx-0005,3,87,1401,1796,0.78007
nist-docx-0005,3,88,1459,1629,0.89564
nist-docx-0005,3,89,1372,1653,0.83001
nist-docx-0005,3,90,1454,1681,0.86496
nist-docx-0005,3,91,1352,1797,0.75237
nist-docx-0005,3,92,1405,1722,0.81591
nist-docx-0005,3,93,1486,1719,0.86446
nist-docx-0005,3,94,1420,1683,0.84373
nist-docx-0005,3,95,1419,1710,0.82982
nist-docx-0005,3,96,1609,1678,0.95888
nist-docx-0005,3,97,1445,1732,0.83430
nist-docx-0005,3,98,1339,1735,0.77176
nist-docx-0005,3,99,1403,1646,0.85237
nist-docx-0005,3,100,1320,1755,0.75214
nist-docx-0008,3,1,1377,1543,0.89242
nist-docx-0008,3,2,1134,1491,0.76056
nist-docx-0008,3,3,1094,1488,0.73522
nist-docx-0008,3,4,1041,1428,0.72899
nist-docx-0008,3,5,1159,1466,0.79059
nist-docx-0008,3,6,1139,1469,0.77536
nist-docx-0008,3,7,1101,1490,0.73893
nist-docx-0008,3,8,1075,1464,0.73429
nist-docx-0008,3,9,1057,1409,0.75018
nist-docx-0008,3,10,1100,1447,0.76019
nist-docx-0008,3,11,1090,1480,0.73649
nist-docx-0008,3,12,1074,1446,0.74274
nist-docx-0008,3,13,1045,1550,0.67419
nist-docx-0008,3,14,1100,1527,0.72037
nist-docx-0008,3,15,1041,1508,0.69032
nist-docx-0008,3,16,1135,1643,0.69081
nist-docx-0008,3,17,1104,1787,0.61780
nist-docx-0008,3,18,1086,1650,0.65818
nist-docx-0008,3,19,1130,1662,0.67990
nist-docx-0008,3,20,1213,1737,0.69833
nist-docx-0008,3,21,1112,1513,0.73496
nist-docx-0008,3,22,1125,1795,0.62674
nist-docx-0008,3,23,1103,1530,0.72092
nist-docx-0008,3,24,1220,1520,0.80263
nist-docx-0008,3,25,1079,1497,0.72077
nist-docx-0008,3,26,1141,1434,0.79568
nist-docx-0008,3,27,1121,1540,0.72792
nist-docx-0008,3,28,1096,1525,0.71869
nist-docx-0008,3,29,1079,1774,0.60823
nist-docx-0008,3,30,1209,1601,0.75515
nist-docx-0008,3,31,1395,1598,0.87297
nist-docx-0008,3,32,1168,1825,0.64000
nist-docx-0008,3,33,1266,1707,0.74165
nist-docx-0008,3,34,1252,1589,0.78792
nist-docx-0008,3,35,1129,1574,0.71728
nist-docx-0008,3,36,1093,1585,0.68959
nist-docx-0008,3,37,1133,1576,0.71891
nist-docx-0008,3,38,1127,1538,0.73277
nist-docx-0008,3,39,1188,1759,0.67538
nist-docx-0008,3,40,1148,1602,0.71660
nist-docx-0008,3,41,1118,1588,0.70403
nist-docx-0008,3,42,1193,1622,0.73551
nist-docx-0008,3,43,1150,1697,0.67767
nist-docx-0008,3,44,1194,1714,0.69662
nist-docx-0008,3,45,1240,1559,0.79538
nist-docx-0008,3,46,1181,1557,0.75851
nist-docx-0008,3,47,1176,1847,0.63671
nist-docx-0008,3,48,1096,1537,0.71308
nist-docx-0008,3,49,1254,1577,0.79518
nist-docx-0008,3,50,1153,1488,0.77487
nist-docx-0008,3,51,1119,1568,0.71365
nist-docx-0008,3,52,1134,1603,0.70742
nist-docx-0008,3,53,1235,1663,0.74263
nist-docx-0008,3,54,1226,1541,0.79559
nist-docx-0008,3,55,1198,1537,0.77944
nist-docx-0008,3,56,1170,1600,0.73125
nist-docx-0008,3,57,1204,1527,0.78847
nist-docx-0008,3,58,1151,1668,0.69005
nist-docx-0008,3,59,1145,1556,0.73586
nist-docx-0008,3,60,1164,1541,0.75535
nist-docx-0008,3,61,1074,1558,0.68935
nist-docx-0008,3,62,1349,1526,0.88401
nist-docx-0008,3,63,1206,1546,0.78008
nist-docx-0008,3,64,1118,1593,0.70182
nist-docx-0008,3,65,1124,1618,0.69468
nist-docx-0008,3,66,1250,1475,0.84746
nist-docx-0008,3,67,1114,1614,0.69021
nist-docx-0008,3,68,1147,1724,0.66531
nist-docx-0008,3,69,1121,1631,0.68731
nist-docx-0008,3,70,1119,1624,0.68904
nist-docx-0008,3,71,1105,1611,0.68591
nist-docx-0008,3,72,1197,1539,0.77778
nist-docx-0008,3,73,1268,1741,0.72832
nist-docx-0008,3,74,1198,1527,0.78454
nist-docx-0008,3,75,1060,1667,0.63587
nist-docx-0008,3,76,1112,1515,0.73399
nist-docx-0008,3,77,1283,1634,0.78519
nist-docx-0008,3,78,1249,1613,0.77433
nist-docx-0008,3,79,1195,1558,0.76701
nist-docx-0008,3,80,1135,1656,0.68539
nist-docx-0008,3,81,1104,1594,0.69260
nist-docx-0008,3,82,1245,1533,0.81213
nist-docx-0008,3,83,1115,1537,0.72544
nist-docx-0008,3,84,1250,1557,0.80283
nist-docx-0008,3,85,1179,1670,0.70599
nist-docx-0008,3,86,1148,1569,0.73168
nist-docx-0008,3,87,1177,1689,0.69686
nist-docx-0008,3,88,1161,1623,0.71534
nist-docx-0008,3,89,1180,1617,0.72975
nist-docx-0008,3,90,1269,1631,0.77805
nist-docx-0008,3,91,1208,1712,0.70561
nist-docx-0008,3,92,1199,1592,0.75314
nist-docx-0008,3,93,1166,1544,0.75518
nist-docx-0008,3,94,1224,1529,0.80052
nist-docx-0008,3,95,1144,1574,0.72681
nist-docx-0008,3,96,1152,1485,0.77576
nist-docx-0008,3,97,1100,1677,0.65593
nist-docx-0008,3,98,1221,1540,0.79286
nist-docx-0008,3,99,1203,1572,0.76527
nist-docx-0008,3,100,1114,1543,0.72197
nist-docx-0009,3,1,1833,1723,1.06384
nist-docx-0009,3,2,1955,1778,1.09955
nist-docx-0009,3,3,1839,1654,1.11185
nist-docx-0009,3,4,1878,1770,1.06102
nist-docx-0009,3,5,1962,1805,1.08698
nist-docx-0009,3,6,1973,1758,1.12230
nist-docx-0009,3,7,2027,1750,1.15829
nist-docx-0009,3,8,1952,2152,0.90706
nist-docx-0009,3,9,1944,1836,1.05882
nist-docx-0009,3,10,1996,1882,1.06057
nist-docx-0009,3,11,1958,1711,1.14436
nist-docx-0009,3,12,1866,1745,1.06934
nist-docx-0009,3,13,1880,1696,1.10849
nist-docx-0009,3,14,1817,1799,1.01001
nist-docx-0009,3,15,1901,1779,1.06858
nist-docx-0009,3,16,1949,1686,1.15599
nist-docx-0009,3,17,1878,1924,0.97609
nist-docx-0009,3,18,1913,1782,1.07351
nist-docx-0009,3,19,1955,1722,1.13531
nist-docx-0009,3,20,1890,1961,0.96379
nist-docx-0009,3,21,1907,1800,1.05944
nist-docx-0009,3,22,2000,1674,1.19474
nist-docx-0009,3,23,1928,1758,1.09670
nist-docx-0009,3,24,2032,1735,1.17118
nist-docx-0009,3,25,1986,1784,1.11323
nist-docx-0009,3,26,1892,1691,1.11886
nist-docx-0009,3,27,1988,1804,1.10200
nist-docx-0009,3,28,2127,1730,1.22948
nist-docx-0009,3,29,1922,1728,1.11227
nist-docx-0009,3,30,1929,1761,1.09540
nist-docx-0009,3,31,1806,1910,0.94555
nist-docx-0009,3,32,1957,1719,1.13845
nist-docx-0009,3,33,1885,1703,1.10687
nist-docx-0009,3,34,1857,1855,1.00108
nist-docx-0009,3,35,2065,1843,1.12046
nist-docx-0009,3,36,1877,1701,1.10347
nist-docx-0009,3,37,1909,2083,0.91647
nist-docx-0009,3,38,1813,1724,1.05162
nist-docx-0009,3,39,2518,1684,1.49525
nist-docx-0009,3,40,1926,1831,1.05188
nist-docx-0009,3,41,1959,1749,1.12007
nist-docx-0009,3,42,1875,2568,0.73014
nist-docx-0009,3,43,1929,1730,1.11503
nist-docx-0009,3,44,2098,2022,1.03759
nist-docx-0009,3,45,1938,1779,1.08938
nist-docx-0009,3,46,1943,1721,1.12899
nist-docx-0009,3,47,1964,1941,1.01185
nist-docx-0009,3,48,1885,1891,0.99683
nist-docx-0009,3,49,1805,1842,0.97991
nist-docx-0009,3,50,1952,1709,1.14219
nist-docx-0009,3,51,1885,1857,1.01508
nist-docx-0009,3,52,1981,1830,1.08251
nist-docx-0009,3,53,1948,1887,1.03233
nist-docx-0009,3,54,1922,1771,1.08526
nist-docx-0009,3,55,2004,1799,1.11395
nist-docx-0009,3,56,1920,1962,0.97859
nist-docx-0009,3,57,1977,1999,0.98899
nist-docx-0009,3,58,1933,1695,1.14041
nist-docx-0009,3,59,1827,1847,0.98917
nist-docx-0009,3,60,1900,1758,1.08077
nist-docx-0009,3,61,1843,1715,1.07464
nist-docx-0009,3,62,1863,1828,1.01915
nist-docx-0009,3,63,1882,1809,1.04035
nist-docx-0009,3,64,1969,1749,1.12579
nist-docx-0009,3,65,1828,1743,1.04877
nist-docx-0009,3,66,1947,1796,1.08408
nist-docx-0009,3,67,1853,1873,0.98932
nist-docx-0009,3,68,2037,1813,1.12355
nist-docx-0009,3,69,1973,1797,1.09794
nist-docx-0009,3,70,1811,1729,1.04743
nist-docx-0009,3,71,1871,1911,0.97907
nist-docx-0009,3,72,1773,1950,0.90923
nist-docx-0009,3,73,2060,1877,1.09750
nist-docx-0009,3,74,1890,1702,1.11046
nist-docx-0009,3,75,1849,1709,1.08192
nist-docx-0009,3,76,1907,1844,1.03416
nist-docx-0009,3,77,2128,1686,1.26216
nist-docx-0009,3,78,1869,1899,0.98420
nist-docx-0009,3,79,1946,1744,1.11583
nist-docx-0009,3,80,1915,1807,1.05977
nist-docx-0009,3,81,1920,2061,0.93159
nist-docx-0009,3,82,1962,1989,0.98643
nist-docx-0009,3,83,1907,1833,1.04037
nist-docx-0009,3,84,1963,1842,1.06569
nist-docx-0009,3,85,1818,1764,1.03061
nist-docx-0009,3,86,1826,1690,1.08047
nist-docx-0009,3,87,1855,1721,1.07786
nist-docx-0009,3,88,1892,1793,1.05521
nist-docx-0009,3,89,1900,1719,1.10529
nist-docx-0009,3,90,1883,1764,1.06746
nist-docx-0009,3,91,1941,1736,1.11809
nist-docx-0009,3,92,1780,1795,0.99164
nist-docx-0009,3,93,1872,1738,1.07710
nist-docx-0009,3,94,1845,1761,1.04770
nist-docx-0009,3,95,1822,1845,0.98753
nist-docx-0009,3,96,1783,1649,1.08126
nist-docx-0009,3,97,2495,1760,1.41761
nist-docx-0009,3,98,1903,1773,1.07332
nist-docx-0009,3,99,2229,1858,1.19968
nist-docx-0009,3,100,1871,1719,1.08842
nist-docx-0014,3,1,4234,2581,1.64045
nist-docx-0014,3,2,3900,2524,1.54517
nist-docx-0014,3,3,3778,2447,1.54393
nist-docx-0014,3,4,4231,2711,1.56068
nist-docx-0014,3,5,3793,2500,1.51720
nist-docx-0014,3,6,4091,2446,1.67253
nist-docx-0014,3,7,4161,2642,1.57494
nist-docx-0014,3,8,3898,2734,1.42575
nist-docx-0014,3,9,3913,2543,1.53873
nist-docx-0014,3,10,4195,2619,1.60176
nist-docx-0014,3,11,3879,2549,1.52177
nist-docx-0014,3,12,3940,2799,1.40765
nist-docx-0014,3,13,3933,2448,1.60662
nist-docx-0014,3,14,3798,2590,1.46641
nist-docx-0014,3,15,3802,2399,1.58483
nist-docx-0014,3,16,4094,2422,1.69034
nist-docx-0014,3,17,3780,2525,1.49703
nist-docx-0014,3,18,4098,2525,1.62297
nist-docx-0014,3,19,4088,2545,1.60629
nist-docx-0014,3,20,3903,3070,1.27134
nist-docx-0014,3,21,3807,2426,1.56925
nist-docx-0014,3,22,4488,2265,1.98146
nist-docx-0014,3,23,3923,2654,1.47815
nist-docx-0014,3,24,3845,2587,1.48628
nist-docx-0014,3,25,3938,2732,1.44143
nist-docx-0014,3,26,3924,2403,1.63296
nist-docx-0014,3,27,3834,2477,1.54784
nist-docx-0014,3,28,3694,2541,1.45376
nist-docx-0014,3,29,3620,2248,1.61032
nist-docx-0014,3,30,3660,2354,1.55480
nist-docx-0014,3,31,3851,2933,1.31299
nist-docx-0014,3,32,3838,2594,1.47957
nist-docx-0014,3,33,3840,2731,1.40608
nist-docx-0014,3,34,3927,2503,1.56892
nist-docx-0014,3,35,4065,2522,1.61182
nist-docx-0014,3,36,3788,2448,1.54739
nist-docx-0014,3,37,3923,3215,1.22022
nist-docx-0014,3,38,3741,2551,1.46648
nist-docx-0014,3,39,3889,2332,1.66767
nist-docx-0014,3,40,3831,2056,1.86333
nist-docx-0014,3,41,3622,2492,1.45345
nist-docx-0014,3,42,3905,2296,1.70078
nist-docx-0014,3,43,3766,2261,1.66563
nist-docx-0014,3,44,3783,2539,1.48996
nist-docx-0014,3,45,3722,2260,1.64690
nist-docx-0014,3,46,4091,2249,1.81903
nist-docx-0014,3,47,3555,2186,1.62626
nist-docx-0014,3,48,3664,2403,1.52476
nist-docx-0014,3,49,3695,2273,1.62560
nist-docx-0014,3,50,3809,2127,1.79079
nist-docx-0014,3,51,3734,2286,1.63342
nist-docx-0014,3,52,3892,2226,1.74843
nist-docx-0014,3,53,3817,2795,1.36565
nist-docx-0014,3,54,4046,2554,1.58418
nist-docx-0014,3,55,3916,2417,1.62019
nist-docx-0014,3,56,4037,2221,1.81765
nist-docx-0014,3,57,3710,2371,1.56474
nist-docx-0014,3,58,3680,2324,1.58348
nist-docx-0014,3,59,3693,2383,1.54973
nist-docx-0014,3,60,4111,2277,1.80545
nist-docx-0014,3,61,3990,2512,1.58838
nist-docx-0014,3,62,3931,2783,1.41250
nist-docx-0014,3,63,4134,2676,1.54484
nist-docx-0014,3,64,3994,3033,1.31685
nist-docx-0014,3,65,3820,2461,1.55221
nist-docx-0014,3,66,3879,2386,1.62573
nist-docx-0014,3,67,4028,2626,1.53389
nist-docx-0014,3,68,4061,2469,1.64480
nist-docx-0014,3,69,3866,2657,1.45502
nist-docx-0014,3,70,3799,2725,1.39413
nist-docx-0014,3,71,3849,3385,1.13708
nist-docx-0014,3,72,3891,2594,1.50000
nist-docx-0014,3,73,4075,2977,1.36883
nist-docx-0014,3,74,3975,2448,1.62377
nist-docx-0014,3,75,4075,2817,1.44657
nist-docx-0014,3,76,4041,2687,1.50391
nist-docx-0014,3,77,3920,2359,1.66172
nist-docx-0014,3,78,4014,2756,1.45646
nist-docx-0014,3,79,4931,2397,2.05715
nist-docx-0014,3,80,4010,2472,1.62217
nist-docx-0014,3,81,4035,2741,1.47209
nist-docx-0014,3,82,3918,2666,1.46962
nist-docx-0014,3,83,3827,2594,1.47533
nist-docx-0014,3,84,4009,2531,1.58396
nist-docx-0014,3,85,3891,2510,1.55020
nist-docx-0014,3,86,3878,2704,1.43417
nist-docx-0014,3,87,4036,2494,1.61828
nist-docx-0014,3,88,4300,2614,1.64499
nist-docx-0014,3,89,3901,2621,1.48836
nist-docx-0014,3,90,4007,2680,1.49515
nist-docx-0014,3,91,3974,2462,1.61413
nist-docx-0014,3,92,3912,2530,1.54625
nist-docx-0014,3,93,4764,2520,1.89048
nist-docx-0014,3,94,3989,2401,1.66139
nist-docx-0014,3,95,3889,2722,1.42873
nist-docx-0014,3,96,4153,2569,1.61658
nist-docx-0014,3,97,3884,2392,1.62375
nist-docx-0014,3,98,4009,2377,1.68658
nist-docx-0014,3,99,4054,2522,1.60745
nist-docx-0014,3,100,4037,2376,1.69907
nist-epub-0003,3,1,3053,1978,1.54348
nist-epub-0003,3,2,3150,2526,1.24703
nist-epub-0003,3,3,3061,2130,1.43709
nist-epub-0003,3,4,3216,2179,1.47591
nist-epub-0003,3,5,3170,2038,1.55545
nist-epub-0003,3,6,3239,2273,1.42499
nist-epub-0003,3,7,3247,2104,1.54325
nist-epub-0003,3,8,3109,2211,1.40615
nist-epub-0003,3,9,3015,2101,1.43503
nist-epub-0003,3,10,3143,2104,1.49382
nist-epub-0003,3,11,3045,2557,1.19085
nist-epub-0003,3,12,3128,2201,1.42117
nist-epub-0003,3,13,3150,2016,1.56250
nist-epub-0003,3,14,3221,2155,1.49466
nist-epub-0003,3,15,3438,2100,1.63714
nist-epub-0003,3,16,3817,2004,1.90469
nist-epub-0003,3,17,3085,2118,1.45656
nist-epub-0003,3,18,3275,2088,1.56849
nist-epub-0003,3,19,3224,2160,1.49259
nist-epub-0003,3,20,3545,1945,1.82262
nist-epub-0003,3,21,3115,2047,1.52174
nist-epub-0003,3,22,3207,1906,1.68258
nist-epub-0003,3,23,3078,2033,1.51402
nist-epub-0003,3,24,3116,2222,1.40234
nist-epub-0003,3,25,3446,2082,1.65514
nist-epub-0003,3,26,3096,2038,1.51914
nist-epub-0003,3,27,3233,2106,1.53514
nist-epub-0003,3,28,3297,1951,1.68990
nist-epub-0003,3,29,3318,2281,1.45463
nist-epub-0003,3,30,3194,2112,1.51231
nist-epub-0003,3,31,3153,2014,1.56554
nist-epub-0003,3,32,3224,2155,1.49606
nist-epub-0003,3,33,3106,2053,1.51291
nist-epub-0003,3,34,3155,2060,1.53155
nist-epub-0003,3,35,3419,1927,1.77426
nist-epub-0003,3,36,3165,1971,1.60578
nist-epub-0003,3,37,3229,2034,1.58751
nist-epub-0003,3,38,3153,2192,1.43841
nist-epub-0003,3,39,3161,2221,1.42323
nist-epub-0003,3,40,3170,1885,1.68170
nist-epub-0003,3,41,3084,2081,1.48198
nist-epub-0003,3,42,3100,2031,1.52634
nist-epub-0003,3,43,3225,1992,1.61898
nist-epub-0003,3,44,3217,2443,1.31682
nist-epub-0003,3,45,3106,2175,1.42805
nist-epub-0003,3,46,3204,1959,1.63553
nist-epub-0003,3,47,3234,2184,1.48077
nist-epub-0003,3,48,3329,2108,1.57922
nist-epub-0003,3,49,3181,2060,1.54417
nist-epub-0003,3,50,3354,1974,1.69909
nist-epub-0003,3,51,3096,2153,1.43799
nist-epub-0003,3,52,3145,2155,1.45940
nist-epub-0003,3,53,3417,2013,1.69747
nist-epub-0003,3,54,3112,2106,1.47768
nist-epub-0003,3,55,3041,2097,1.45017
nist-epub-0003,3,56,3124,2017,1.54883
nist-epub-0003,3,57,3188,2146,1.48555
nist-epub-0003,3,58,3080,2014,1.52929
nist-epub-0003,3,59,3267,2121,1.54031
nist-epub-0003,3,60,3222,2073,1.55427
nist-epub-0003,3,61,3179,1995,1.59348
nist-epub-0003,3,62,3104,2161,1.43637
nist-epub-0003,3,63,3231,1920,1.68281
nist-epub-0003,3,64,3257,2233,1.45858
nist-epub-0003,3,65,3119,2036,1.53193
nist-epub-0003,3,66,3033,1959,1.54824
nist-epub-0003,3,67,3152,2135,1.47635
nist-epub-0003,3,68,3271,2162,1.51295
nist-epub-0003,3,69,3248,2044,1.58904
nist-epub-0003,3,70,3232,2044,1.58121
nist-epub-0003,3,71,3236,1965,1.64682
nist-epub-0003,3,72,3206,2061,1.55556
nist-epub-0003,3,73,3124,1979,1.57858
nist-epub-0003,3,74,3220,2235,1.44072
nist-epub-0003,3,75,3171,2024,1.56670
nist-epub-0003,3,76,3034,2017,1.50421
nist-epub-0003,3,77,3156,2013,1.56781
nist-epub-0003,3,78,3044,1952,1.55943
nist-epub-0003,3,79,3124,2237,1.39651
nist-epub-0003,3,80,3127,2077,1.50554
nist-epub-0003,3,81,3322,2087,1.59176
nist-epub-0003,3,82,3083,2009,1.53459
nist-epub-0003,3,83,3118,2219,1.40514
nist-epub-0003,3,84,3077,2016,1.52629
nist-epub-0003,3,85,3141,2082,1.50865
nist-epub-0003,3,86,3106,1963,1.58227
nist-epub-0003,3,87,3312,3559,0.93060
nist-epub-0003,3,88,3339,2028,1.64645
nist-epub-0003,3,89,3206,2028,1.58087
nist-epub-0003,3,90,3231,1919,1.68369
nist-epub-0003,3,91,3120,2143,1.45590
nist-epub-0003,3,92,3895,2155,1.80742
nist-epub-0003,3,93,3256,2087,1.56013
nist-epub-0003,3,94,3164,2087,1.51605
nist-epub-0003,3,95,3056,2598,1.17629
nist-epub-0003,3,96,3207,2090,1.53445
nist-epub-0003,3,97,3117,2077,1.50072
nist-epub-0003,3,98,3208,2358,1.36047
nist-epub-0003,3,99,3946,2226,1.77269
nist-epub-0003,3,100,3107,2465,1.26045
nist-epub-0006,3,1,2527,1746,1.44731
nist-epub-0006,3,2,2423,1710,1.41696
nist-epub-0006,3,3,2576,1665,1.54715
nist-epub-0006,3,4,2482,1596,1.55514
nist-epub-0006,3,5,2462,1721,1.43056
nist-epub-0006,3,6,2568,1817,1.41332
nist-epub-0006,3,7,2492,1717,1.45137
nist-epub-0006,3,8,2535,1654,1.53265
nist-epub-0006,3,9,2566,1774,1.44645
nist-epub-0006,3,10,2617,1734,1.50923
nist-epub-0006,3,11,2568,1798,1.42825
nist-epub-0006,3,12,2620,1791,1.46287
nist-epub-0006,3,13,2559,1818,1.40759
nist-epub-0006,3,14,2772,1834,1.51145
nist-epub-0006,3,15,2604,1724,1.51044
nist-epub-0006,3,16,2718,1859,1.46208
nist-epub-0006,3,17,2388,1771,1.34839
nist-epub-0006,3,18,2417,1642,1.47199
nist-epub-0006,3,19,2452,1798,1.36374
nist-epub-0006,3,20,2476,1709,1.44880
nist-epub-0006,3,21,2558,1764,1.45011
nist-epub-0006,3,22,2486,1704,1.45892
nist-epub-0006,3,23,2545,1798,1.41546
nist-epub-0006,3,24,2505,1627,1.53964
nist-epub-0006,3,25,2481,1811,1.36996
nist-epub-0006,3,26,2511,1821,1.37891
nist-epub-0006,3,27,2531,1919,1.31892
nist-epub-0006,3,28,2440,1705,1.43109
nist-epub-0006,3,29,2446,1777,1.37648
nist-epub-0006,3,30,2532,1742,1.45350
nist-epub-0006,3,31,2501,1654,1.51209
nist-epub-0006,3,32,2685,1782,1.50673
nist-epub-0006,3,33,2447,1702,1.43772
nist-epub-0006,3,34,2537,1747,1.45220
nist-epub-0006,3,35,2484,1821,1.36409
nist-epub-0006,3,36,2515,1711,1.46990
nist-epub-0006,3,37,2632,2469,1.06602
nist-epub-0006,3,38,2495,1921,1.29880
nist-epub-0006,3,39,2485,1773,1.40158
nist-epub-0006,3,40,2560,1671,1.53202
nist-epub-0006,3,41,2413,1836,1.31427
nist-epub-0006,3,42,2467,1778,1.38751
nist-epub-0006,3,43,2447,1681,1.45568
nist-epub-0006,3,44,2664,1696,1.57075
nist-epub-0006,3,45,2506,1744,1.43693
nist-epub-0006,3,46,2418,1753,1.37935
nist-epub-0006,3,47,2508,1696,1.47877
nist-epub-0006,3,48,2771,2018,1.37314
nist-epub-0006,3,49,2394,1953,1.22581
nist-epub-0006,3,50,2972,1661,1.78928
nist-epub-0006,3,51,2428,1658,1.46441
nist-epub-0006,3,52,2395,1692,1.41548
nist-epub-0006,3,53,2413,1903,1.26800
nist-epub-0006,3,54,2429,1578,1.53929
nist-epub-0006,3,55,2380,1587,1.49968
nist-epub-0006,3,56,2322,1561,1.48751
nist-epub-0006,3,57,2389,1577,1.51490
nist-epub-0006,3,58,2367,1627,1.45482
nist-epub-0006,3,59,2469,1566,1.57663
nist-epub-0006,3,60,2509,1594,1.57403
nist-epub-0006,3,61,2417,1785,1.35406
nist-epub-0006,3,62,2423,1653,1.46582
nist-epub-0006,3,63,2375,1638,1.44994
nist-epub-0006,3,64,2378,1584,1.50126
nist-epub-0006,3,65,2340,1624,1.44089
nist-epub-0006,3,66,2414,1532,1.57572
nist-epub-0006,3,67,2347,1536,1.52799
nist-epub-0006,3,68,2421,1697,1.42664
nist-epub-0006,3,69,2480,1663,1.49128
nist-epub-0006,3,70,2353,1596,1.47431
nist-epub-0006,3,71,2398,1597,1.50157
nist-epub-0006,3,72,2364,1578,1.49810
nist-epub-0006,3,73,2459,1669,1.47334
nist-epub-0006,3,74,2425,1559,1.55548
nist-epub-0006,3,75,2465,1534,1.60691
nist-epub-0006,3,76,2548,1564,1.62916
nist-epub-0006,3,77,2534,1678,1.51013
nist-epub-0006,3,78,2606,1738,1.49942
nist-epub-0006,3,79,2484,1633,1.52113
nist-epub-0006,3,80,2415,1722,1.40244
nist-epub-0006,3,81,2417,1616,1.49567
nist-epub-0006,3,82,2419,1916,1.26253
nist-epub-0006,3,83,2406,1711,1.40620
nist-epub-0006,3,84,2533,1617,1.56648
nist-epub-0006,3,85,2406,1634,1.47246
nist-epub-0006,3,86,2637,1904,1.38498
nist-epub-0006,3,87,2461,1698,1.44935
nist-epub-0006,3,88,2585,1834,1.40949
nist-epub-0006,3,89,2615,1678,1.55840
nist-epub-0006,3,90,2496,1759,1.41899
nist-epub-0006,3,91,2423,1572,1.54135
nist-epub-0006,3,92,2687,1644,1.63443
nist-epub-0006,3,93,2534,1666,1.52101
nist-epub-0006,3,94,2452,1915,1.28042
nist-epub-0006,3,95,2491,1660,1.50060
nist-epub-0006,3,96,2537,1794,1.41416
nist-epub-0006,3,97,2496,1629,1.53223
nist-epub-0006,3,98,2689,1712,1.57068
nist-epub-0006,3,99,2467,1804,1.36752
nist-epub-0006,3,100,2517,1782,1.41246
nist-epub-0008,3,1,1596,1507,1.05906
nist-epub-0008,3,2,1525,1631,0.93501
nist-epub-0008,3,3,1519,1532,0.99151
nist-epub-0008,3,4,1526,1482,1.02969
nist-epub-0008,3,5,1519,1454,1.04470
nist-epub-0008,3,6,1735,1623,1.06901
nist-epub-0008,3,7,1511,1457,1.03706
nist-epub-0008,3,8,1524,1490,1.02282
nist-epub-0008,3,9,1550,1508,1.02785
nist-epub-0008,3,10,1588,1417,1.12068
nist-epub-0008,3,11,2163,1530,1.41373
nist-epub-0008,3,12,1537,1543,0.99611
nist-epub-0008,3,13,1527,1429,1.06858
nist-epub-0008,3,14,2126,1519,1.39961
nist-epub-0008,3,15,2258,1424,1.58567
nist-epub-0008,3,16,1550,1578,0.98226
nist-epub-0008,3,17,1555,1681,0.92504
nist-epub-0008,3,18,1645,1541,1.06749
nist-epub-0008,3,19,1588,1606,0.98879
nist-epub-0008,3,20,1590,1605,0.99065
nist-epub-0008,3,21,1565,1696,0.92276
nist-epub-0008,3,22,1600,1718,0.93132
nist-epub-0008,3,23,1674,1623,1.03142
nist-epub-0008,3,24,1657,1810,0.91547
nist-epub-0008,3,25,1648,2121,0.77699
nist-epub-0008,3,26,1662,1670,0.99521
nist-epub-0008,3,27,1675,1682,0.99584
nist-epub-0008,3,28,1695,1724,0.98318
nist-epub-0008,3,29,1601,1682,0.95184
nist-epub-0008,3,30,1616,1791,0.90229
nist-epub-0008,3,31,1587,1676,0.94690
nist-epub-0008,3,32,1545,1488,1.03831
nist-epub-0008,3,33,1648,1530,1.07712
nist-epub-0008,3,34,1627,1483,1.09710
nist-epub-0008,3,35,1586,1466,1.08186
nist-epub-0008,3,36,1627,1551,1.04900
nist-epub-0008,3,37,1691,1587,1.06553
nist-epub-0008,3,38,1742,1616,1.07797
nist-epub-0008,3,39,1795,1633,1.09920
nist-epub-0008,3,40,1537,1496,1.02741
nist-epub-0008,3,41,1647,1477,1.11510
nist-epub-0008,3,42,1551,1627,0.95329
nist-epub-0008,3,43,1513,1437,1.05289
nist-epub-0008,3,44,1599,1430,1.11818
nist-epub-0008,3,45,1607,1593,1.00879
nist-epub-0008,3,46,1506,1474,1.02171
nist-epub-0008,3,47,1544,1548,0.99742
nist-epub-0008,3,48,1536,1601,0.95940
nist-epub-0008,3,49,1620,1490,1.08725
nist-epub-0008,3,50,1549,1481,1.04591
nist-epub-0008,3,51,1590,1487,1.06927
nist-epub-0008,3,52,1546,1453,1.06401
nist-epub-0008,3,53,2170,1496,1.45053
nist-epub-0008,3,54,1540,1515,1.01650
nist-epub-0008,3,55,1572,1478,1.06360
nist-epub-0008,3,56,1527,1573,0.97076
nist-epub-0008,3,57,1609,1518,1.05995
nist-epub-0008,3,58,1606,1451,1.10682
nist-epub-0008,3,59,1602,1554,1.03089
nist-epub-0008,3,60,1488,1413,1.05308
nist-epub-0008,3,61,1628,1390,1.17122
nist-epub-0008,3,62,1613,1476,1.09282
nist-epub-0008,3,63,1673,1483,1.12812
nist-epub-0008,3,64,1594,1428,1.11625
nist-epub-0008,3,65,1537,1480,1.03851
nist-epub-0008,3,66,1596,1481,1.07765
nist-epub-0008,3,67,1509,1465,1.03003
nist-epub-0008,3,68,1534,1459,1.05141
nist-epub-0008,3,69,1511,1489,1.01478
nist-epub-0008,3,70,1481,1446,1.02420
nist-epub-0008,3,71,1580,1448,1.09116
nist-epub-0008,3,72,1528,1420,1.07606
nist-epub-0008,3,73,1573,2354,0.66822
nist-epub-0008,3,74,1548,1507,1.02721
nist-epub-0008,3,75,1782,1542,1.15564
nist-epub-0008,3,76,1632,1445,1.12941
nist-epub-0008,3,77,1535,1523,1.00788
nist-epub-0008,3,78,1524,1628,0.93612
nist-epub-0008,3,79,1566,1512,1.03571
nist-epub-0008,3,80,2132,1469,1.45133
nist-epub-0008,3,81,1595,1502,1.06192
nist-epub-0008,3,82,1533,1508,1.01658
nist-epub-0008,3,83,1520,1393,1.09117
nist-epub-0008,3,84,1586,1568,1.01148
nist-epub-0008,3,85,1600,1446,1.10650
nist-epub-0008,3,86,1574,1420,1.10845
nist-epub-0008,3,87,1478,1495,0.98863
nist-epub-0008,3,88,1661,1496,1.11029
nist-epub-0008,3,89,1586,1452,1.09229
nist-epub-0008,3,90,1850,1454,1.27235
nist-epub-0008,3,91,1497,1459,1.02605
nist-epub-0008,3,92,1546,1509,1.02452
nist-epub-0008,3,93,1603,1538,1.04226
nist-epub-0008,3,94,1523,1413,1.07785
nist-epub-0008,3,95,1497,2105,0.71116
nist-epub-0008,3,96,1724,1847,0.93341
nist-epub-0008,3,97,1656,1717,0.96447
nist-epub-0008,3,98,1781,1564,1.13875
nist-epub-0008,3,99,1714,1846,0.92849
nist-epub-0008,3,100,1615,1819,0.88785
nist-epub-0009,3,1,5978,2729,2.19055
nist-epub-0009,3,2,6080,2581,2.35568
nist-epub-0009,3,3,6007,2985,2.01240
nist-epub-0009,3,4,5894,2773,2.12550
nist-epub-0009,3,5,6037,2770,2.17942
nist-epub-0009,3,6,6026,3608,1.67018
nist-epub-0009,3,7,6209,2979,2.08426
nist-epub-0009,3,8,6640,2735,2.42779
nist-epub-0009,3,9,6013,2958,2.03279
nist-epub-0009,3,10,5928,2901,2.04343
nist-epub-0009,3,11,5965,3046,1.95831
nist-epub-0009,3,12,6469,2945,2.19660
nist-epub-0009,3,13,7080,3445,2.05515
nist-epub-0009,3,14,6102,3140,1.94331
nist-epub-0009,3,15,6301,2854,2.20778
nist-epub-0009,3,16,5885,2888,2.03774
nist-epub-0009,3,17,6060,2975,2.03697
nist-epub-0009,3,18,5988,3060,1.95686
nist-epub-0009,3,19,6217,3342,1.86026
nist-epub-0009,3,20,6001,2977,2.01579
nist-epub-0009,3,21,6796,3025,2.24661
nist-epub-0009,3,22,6721,2748,2.44578
nist-epub-0009,3,23,6459,2859,2.25918
nist-epub-0009,3,24,6566,3018,2.17561
nist-epub-0009,3,25,6082,2875,2.11548
nist-epub-0009,3,26,5881,2809,2.09363
nist-epub-0009,3,27,6050,2877,2.10288
nist-epub-0009,3,28,6994,3015,2.31973
nist-epub-0009,3,29,5919,3804,1.55599
nist-epub-0009,3,30,6050,3014,2.00730
nist-epub-0009,3,31,5874,2886,2.03534
nist-epub-0009,3,32,6648,3668,1.81243
nist-epub-0009,3,33,5890,3108,1.89511
nist-epub-0009,3,34,6716,2771,2.42367
nist-epub-0009,3,35,5917,2814,2.10270
nist-epub-0009,3,36,5959,2695,2.21113
nist-epub-0009,3,37,5942,2487,2.38922
nist-epub-0009,3,38,5716,2619,2.18251
nist-epub-0009,3,39,5780,2487,2.32409
nist-epub-0009,3,40,5886,2495,2.35912
nist-epub-0009,3,41,6306,2663,2.36801
nist-epub-0009,3,42,6179,3091,1.99903
nist-epub-0009,3,43,5690,2683,2.12076
nist-epub-0009,3,44,5942,2472,2.40372
nist-epub-0009,3,45,5532,2622,2.10984
nist-epub-0009,3,46,5983,3154,1.89696
nist-epub-0009,3,47,5969,2953,2.02133
nist-epub-0009,3,48,6145,2857,2.15086
nist-epub-0009,3,49,6368,2584,2.46440
nist-epub-0009,3,50,6214,2444,2.54255
nist-epub-0009,3,51,5685,2627,2.16407
nist-epub-0009,3,52,5916,2708,2.18464
nist-epub-0009,3,53,5721,2768,2.06684
nist-epub-0009,3,54,5823,2435,2.39138
nist-epub-0009,3,55,6048,2970,2.03636
nist-epub-0009,3,56,6381,2899,2.20110
nist-epub-0009,3,57,5867,3848,1.52469
nist-epub-0009,3,58,6206,3040,2.04145
nist-epub-0009,3,59,5939,2884,2.05929
nist-epub-0009,3,60,5682,2629,2.16128
nist-epub-0009,3,61,6007,2870,2.09303
nist-epub-0009,3,62,5783,2617,2.20978
nist-epub-0009,3,63,5668,2877,1.97011
nist-epub-0009,3,64,6177,2576,2.39790
nist-epub-0009,3,65,5680,2823,2.01204
nist-epub-0009,3,66,5871,3176,1.84855
nist-epub-0009,3,67,7061,3028,2.33190
nist-epub-0009,3,68,6425,2864,2.24337
nist-epub-0009,3,69,6395,3297,1.93964
nist-epub-0009,3,70,6089,2984,2.04055
nist-epub-0009,3,71,6228,3513,1.77284
nist-epub-0009,3,72,6493,3090,2.10129
nist-epub-0009,3,73,6235,3405,1.83113
nist-epub-0009,3,74,6417,2925,2.19385
nist-epub-0009,3,75,6063,2802,2.16381
nist-epub-0009,3,76,5886,2788,2.11119
nist-epub-0009,3,77,6075,2880,2.10938
nist-epub-0009,3,78,5767,3188,1.80897
nist-epub-0009,3,79,6419,2681,2.39426
nist-epub-0009,3,80,5828,3079,1.89282
nist-epub-0009,3,81,6126,2779,2.20439
nist-epub-0009,3,82,5662,2768,2.04552
nist-epub-0009,3,83,6020,2813,2.14006
nist-epub-0009,3,84,5982,2569,2.32853
nist-epub-0009,3,85,5652,2767,2.04265
nist-epub-0009,3,86,6075,2625,2.31429
nist-epub-0009,3,87,6081,2661,2.28523
nist-epub-0009,3,88,5865,2645,2.21739
nist-epub-0009,3,89,5945,2638,2.25360
nist-epub-0009,3,90,5888,2549,2.30993
nist-epub-0009,3,91,5762,2857,2.01680
nist-epub-0009,3,92,5742,2454,2.33985
nist-epub-0009,3,93,5632,2469,2.28109
nist-epub-0009,3,94,6451,2718,2.37344
nist-epub-0009,3,95,5789,2615,2.21377
nist-epub-0009,3,96,6098,2899,2.10348
nist-epub-0009,3,97,6527,3151,2.07141
nist-epub-0009,3,98,6215,2865,2.16928
nist-epub-0009,3,99,6086,2822,2.15663
nist-epub-0009,3,100,6116,2763,2.21354
nist-pdf-0002,3,1,1714,1449,1.18288
nist-pdf-0002,3,2,2324,1541,1.50811
nist-pdf-0002,3,3,1459,1449,1.00690
nist-pdf-0002,3,4,1540,1322,1.16490
nist-pdf-0002,3,5,1524,1755,0.86838
nist-pdf-0002,3,6,1712,1674,1.02270
nist-pdf-0002,3,7,1536,1694,0.90673
nist-pdf-0002,3,8,1458,1692,0.86170
nist-pdf-0002,3,9,1425,1607,0.88675
nist-pdf-0002,3,10,1415,1435,0.98606
nist-pdf-0002,3,11,1458,1463,0.99658
nist-pdf-0002,3,12,1461,1477,0.98917
nist-pdf-0002,3,13,1429,1521,0.93951
nist-pdf-0002,3,14,1613,1529,1.05494
nist-pdf-0002,3,15,1435,1614,0.88910
nist-pdf-0002,3,16,1548,1529,1.01243
nist-pdf-0002,3,17,1527,1597,0.95617
nist-pdf-0002,3,18,1577,1504,1.04854
nist-pdf-0002,3,19,1493,1515,0.98548
nist-pdf-0002,3,20,1477,1403,1.05274
nist-pdf-0002,3,21,1425,1532,0.93016
nist-pdf-0002,3,22,1503,1471,1.02175
nist-pdf-0002,3,23,1418,1459,0.97190
nist-pdf-0002,3,24,1485,1559,0.95253
nist-pdf-0002,3,25,1570,1687,0.93065
nist-pdf-0002,3,26,1426,1566,0.91060
nist-pdf-0002,3,27,1487,1826,0.81435
nist-pdf-0002,3,28,1460,1576,0.92640
nist-pdf-0002,3,29,1590,1604,0.99127
nist-pdf-0002,3,30,1511,1747,0.86491
nist-pdf-0002,3,31,1449,1406,1.03058
nist-pdf-0002,3,32,1462,1368,1.06871
nist-pdf-0002,3,33,1426,1520,0.93816
nist-pdf-0002,3,34,1556,1505,1.03389
nist-pdf-0002,3,35,1462,1572,0.93003
nist-pdf-0002,3,36,1485,1419,1.04651
nist-pdf-0002,3,37,1502,1722,0.87224
nist-pdf-0002,3,38,1481,1507,0.98275
nist-pdf-0002,3,39,1427,1509,0.94566
nist-pdf-0002,3,40,1421,1383,1.02748
nist-pdf-0002,3,41,1439,1527,0.94237
nist-pdf-0002,3,42,1439,1470,0.97891
nist-pdf-0002,3,43,1444,1584,0.91162
nist-pdf-0002,3,44,1467,1521,0.96450
nist-pdf-0002,3,45,1486,1467,1.01295
nist-pdf-0002,3,46,1384,1414,0.97878
nist-pdf-0002,3,47,1459,1411,1.03402
nist-pdf-0002,3,48,1614,1559,1.03528
nist-pdf-0002,3,49,1578,1481,1.06550
nist-pdf-0002,3,50,1485,1482,1.00202
nist-pdf-0002,3,51,1620,1618,1.00124
nist-pdf-0002,3,52,1523,1577,0.96576
nist-pdf-0002,3,53,1462,1602,0.91261
nist-pdf-0002,3,54,1499,1410,1.06312
nist-pdf-0002,3,55,1484,1528,0.97120
nist-pdf-0002,3,56,1553,1409,1.10220
nist-pdf-0002,3,57,1501,1406,1.06757
nist-pdf-0002,3,58,1394,1368,1.01901
nist-pdf-0002,3,59,1418,1512,0.93783
nist-pdf-0002,3,60,1506,1554,0.96911
nist-pdf-0002,3,61,1443,1580,0.91329
nist-pdf-0002,3,62,1574,1516,1.03826
nist-pdf-0002,3,63,1513,1699,0.89052
nist-pdf-0002,3,64,1628,1554,1.04762
nist-pdf-0002,3,65,1497,1583,0.94567
nist-pdf-0002,3,66,1428,1480,0.96486
nist-pdf-0002,3,67,1519,1618,0.93881
nist-pdf-0002,3,68,1527,1464,1.04303
nist-pdf-0002,3,69,1491,1483,1.00539
nist-pdf-0002,3,70,1672,1497,1.11690
nist-pdf-0002,3,71,1590,1653,0.96189
nist-pdf-0002,3,72,1453,1481,0.98109
nist-pdf-0002,3,73,1543,1572,0.98155
nist-pdf-0002,3,74,1512,1553,0.97360
nist-pdf-0002,3,75,1613,1458,1.10631
nist-pdf-0002,3,76,1636,1490,1.09799
nist-pdf-0002,3,77,1529,1549,0.98709
nist-pdf-0002,3,78,1557,1539,1.01170
nist-pdf-0002,3,79,1385,1650,0.83939
nist-pdf-0002,3,80,1400,1451,0.96485
nist-pdf-0002,3,81,1452,1544,0.94041
nist-pdf-0002,3,82,1394,1512,0.92196
nist-pdf-0002,3,83,1530,1501,1.01932
nist-pdf-0002,3,84,1431,1503,0.95210
nist-pdf-0002,3,85,1427,1472,0.96943
nist-pdf-0002,3,86,1384,1417,0.97671
nist-pdf-0002,3,87,1354,1419,0.95419
nist-pdf-0002,3,88,1469,1555,0.94469
nist-pdf-0002,3,89,1466,1410,1.03972
nist-pdf-0002,3,90,1416,1558,0.90886
nist-pdf-0002,3,91,1541,1565,0.98466
nist-pdf-0002,3,92,1498,1531,0.97845
nist-pdf-0002,3,93,1548,1462,1.05882
nist-pdf-0002,3,94,1525,1581,0.96458
nist-pdf-0002,3,95,1504,1574,0.95553
nist-pdf-0002,3,96,1492,1625,0.91815
nist-pdf-0002,3,97,1399,1397,1.00143
nist-pdf-0002,3,98,1519,1400,1.08500
nist-pdf-0002,3,99,1435,1472,0.97486
nist-pdf-0002,3,100,1654,1668,0.99161
nist-pdf-0004,3,1,3324,1994,1.66700
nist-pdf-0004,3,2,3397,2164,1.56978
nist-pdf-0004,3,3,3096,1692,1.82979
nist-pdf-0004,3,4,3041,1865,1.63056
nist-pdf-0004,3,5,3022,1753,1.72390
nist-pdf-0004,3,6,3333,1849,1.80260
nist-pdf-0004,3,7,3112,2335,1.33276
nist-pdf-0004,3,8,3502,2034,1.72173
nist-pdf-0004,3,9,3097,2206,1.40390
nist-pdf-0004,3,10,3270,2055,1.59124
nist-pdf-0004,3,11,3198,2528,1.26503
nist-pdf-0004,3,12,3101,2002,1.54895
nist-pdf-0004,3,13,3393,3148,1.07783
nist-pdf-0004,3,14,3199,2371,1.34922
nist-pdf-0004,3,15,3252,1990,1.63417
nist-pdf-0004,3,16,3138,2192,1.43157
nist-pdf-0004,3,17,3219,2295,1.40261
nist-pdf-0004,3,18,3234,2332,1.38679
nist-pdf-0004,3,19,3153,2087,1.51078
nist-pdf-0004,3,20,3245,2121,1.52994
nist-pdf-0004,3,21,3368,2136,1.57678
nist-pdf-0004,3,22,3280,2042,1.60627
nist-pdf-0004,3,23,3219,2137,1.50632
nist-pdf-0004,3,24,3129,2306,1.35690
nist-pdf-0004,3,25,3276,2109,1.55334
nist-pdf-0004,3,26,3179,2095,1.51742
nist-pdf-0004,3,27,3077,2099,1.46594
nist-pdf-0004,3,28,3255,2108,1.54412
nist-pdf-0004,3,29,3128,1970,1.58782
nist-pdf-0004,3,30,3304,2087,1.58313
nist-pdf-0004,3,31,3286,2160,1.52130
nist-pdf-0004,3,32,3338,2243,1.48819
nist-pdf-0004,3,33,3261,2021,1.61356
nist-pdf-0004,3,34,3159,2126,1.48589
nist-pdf-0004,3,35,3108,2144,1.44963
nist-pdf-0004,3,36,3268,2863,1.14146
nist-pdf-0004,3,37,3327,2136,1.55758
nist-pdf-0004,3,38,3200,1898,1.68599
nist-pdf-0004,3,39,3312,2115,1.56596
nist-pdf-0004,3,40,3407,2515,1.35467
nist-pdf-0004,3,41,3256,2109,1.54386
nist-pdf-0004,3,42,3187,2012,1.58400
nist-pdf-0004,3,43,3006,1973,1.52357
nist-pdf-0004,3,44,3082,1964,1.56925
nist-pdf-0004,3,45,3326,1854,1.79396
nist-pdf-0004,3,46,3117,2123,1.46821
nist-pdf-0004,3,47,3256,2011,1.61909
nist-pdf-0004,3,48,3323,1937,1.71554
nist-pdf-0004,3,49,3213,2336,1.37543
nist-pdf-0004,3,50,4209,2031,2.07238
nist-pdf-0004,3,51,3197,1997,1.60090
nist-pdf-0004,3,52,3117,2088,1.49282
nist-pdf-0004,3,53,3161,2663,1.18701
nist-pdf-0004,3,54,3454,2051,1.68406
nist-pdf-0004,3,55,3328,2405,1.38378
nist-pdf-0004,3,56,3245,2025,1.60247
nist-pdf-0004,3,57,3147,2103,1.49643
nist-pdf-0004,3,58,3257,2035,1.60049
nist-pdf-0004,3,59,3301,2131,1.54904
nist-pdf-0004,3,60,3302,2010,1.64279
nist-pdf-0004,3,61,3556,2143,1.65936
nist-pdf-0004,3,62,3205,2071,1.54756
nist-pdf-0004,3,63,3210,2146,1.49581
nist-pdf-0004,3,64,3298,2075,1.58940
nist-pdf-0004,3,65,3117,2042,1.52644
nist-pdf-0004,3,66,3107,2009,1.54654
nist-pdf-0004,3,67,3161,2192,1.44206
nist-pdf-0004,3,68,3093,2057,1.50365
nist-pdf-0004,3,69,3241,2195,1.47654
nist-pdf-0004,3,70,3157,2117,1.49126
nist-pdf-0004,3,71,3191,2202,1.44914
nist-pdf-0004,3,72,3270,1842,1.77524
nist-pdf-0004,3,73,3116,1937,1.60867
nist-pdf-0004,3,74,3067,2076,1.47736
nist-pdf-0004,3,75,3285,2192,1.49863
nist-pdf-0004,3,76,3201,1918,1.66893
nist-pdf-0004,3,77,3148,2074,1.51784
nist-pdf-0004,3,78,3502,2062,1.69835
nist-pdf-0004,3,79,3168,2062,1.53637
nist-pdf-0004,3,80,3193,2058,1.55151
nist-pdf-0004,3,81,3397,1930,1.76010
nist-pdf-0004,3,82,3305,2068,1.59816
nist-pdf-0004,3,83,3202,2073,1.54462
nist-pdf-0004,3,84,3154,2101,1.50119
nist-pdf-0004,3,85,3403,1913,1.77888
nist-pdf-0004,3,86,3283,1941,1.69140
nist-pdf-0004,3,87,3110,1953,1.59242
nist-pdf-0004,3,88,3188,2085,1.52902
nist-pdf-0004,3,89,3414,2107,1.62031
nist-pdf-0004,3,90,3068,2106,1.45679
nist-pdf-0004,3,91,3172,2094,1.51480
nist-pdf-0004,3,92,3241,1800,1.80056
nist-pdf-0004,3,93,3150,1977,1.59332
nist-pdf-0004,3,94,3125,1975,1.58228
nist-pdf-0004,3,95,3096,2052,1.50877
nist-pdf-0004,3,96,3267,1966,1.66175
nist-pdf-0004,3,97,3160,2012,1.57058
nist-pdf-0004,3,98,3259,2121,1.53654
nist-pdf-0004,3,99,3032,1978,1.53286
nist-pdf-0004,3,100,3170,2109,1.50308
nist-pdf-0016,3,1,1601,1581,1.01265
nist-pdf-0016,3,2,1553,1525,1.01836
nist-pdf-0016,3,3,1515,1576,0.96129
nist-pdf-0016,3,4,1538,1577,0.97527
nist-pdf-0016,3,5,1540,1568,0.98214
nist-pdf-0016,3,6,1536,1611,0.95345
nist-pdf-0016,3,7,1660,1601,1.03685
nist-pdf-0016,3,8,1610,1552,1.03737
nist-pdf-0016,3,9,1492,1470,1.01497
nist-pdf-0016,3,10,1471,1415,1.03958
nist-pdf-0016,3,11,1576,1477,1.06703
nist-pdf-0016,3,12,1728,1560,1.10769
nist-pdf-0016,3,13,1542,1501,1.02732
nist-pdf-0016,3,14,1553,1430,1.08601
nist-pdf-0016,3,15,1573,1508,1.04310
nist-pdf-0016,3,16,1546,1415,1.09258
nist-pdf-0016,3,17,1505,1495,1.00669
nist-pdf-0016,3,18,1615,1642,0.98356
nist-pdf-0016,3,19,1572,1523,1.03217
nist-pdf-0016,3,20,1554,1500,1.03600
nist-pdf-0016,3,21,1556,1447,1.07533
nist-pdf-0016,3,22,1502,1510,0.99470
nist-pdf-0016,3,23,1568,1519,1.03226
nist-pdf-0016,3,24,1519,1458,1.04184
nist-pdf-0016,3,25,1645,1541,1.06749
nist-pdf-0016,3,26,1513,1516,0.99802
nist-pdf-0016,3,27,1761,1659,1.06148
nist-pdf-0016,3,28,1564,1446,1.08160
nist-pdf-0016,3,29,1532,1503,1.01929
nist-pdf-0016,3,30,1591,1493,1.06564
nist-pdf-0016,3,31,1430,1445,0.98962
nist-pdf-0016,3,32,1527,1436,1.06337
nist-pdf-0016,3,33,1572,1617,0.97217
nist-pdf-0016,3,34,1521,1448,1.05041
nist-pdf-0016,3,35,1501,1444,1.03947
nist-pdf-0016,3,36,1482,1511,0.98081
nist-pdf-0016,3,37,1485,1509,0.98410
nist-pdf-0016,3,38,1551,1504,1.03125
nist-pdf-0016,3,39,1531,1496,1.02340
nist-pdf-0016,3,40,1493,1495,0.99866
nist-pdf-0016,3,41,1581,1535,1.02997
nist-pdf-0016,3,42,1536,1518,1.01186
nist-pdf-0016,3,43,1491,1504,0.99136
nist-pdf-0016,3,44,1557,1466,1.06207
nist-pdf-0016,3,45,1623,1514,1.07199
nist-pdf-0016,3,46,1553,1564,0.99297
nist-pdf-0016,3,47,1632,1605,1.01682
nist-pdf-0016,3,48,1487,1417,1.04940
nist-pdf-0016,3,49,1547,1553,0.99614
nist-pdf-0016,3,50,1488,1760,0.84545
nist-pdf-0016,3,51,1606,1503,1.06853
nist-pdf-0016,3,52,1645,1640,1.00305
nist-pdf-0016,3,53,1558,1660,0.93855
nist-pdf-0016,3,54,2174,1456,1.49313
nist-pdf-0016,3,55,1572,1547,1.01616
nist-pdf-0016,3,56,1533,1588,0.96537
nist-pdf-0016,3,57,1587,1602,0.99064
nist-pdf-0016,3,58,1623,1493,1.08707
nist-pdf-0016,3,59,1456,1506,0.96680
nist-pdf-0016,3,60,1509,1539,0.98051
nist-pdf-0016,3,61,1437,1654,0.86880
nist-pdf-0016,3,62,1551,1537,1.00911
nist-pdf-0016,3,63,1648,1889,0.87242
nist-pdf-0016,3,64,1522,1535,0.99153
nist-pdf-0016,3,65,1481,1629,0.90915
nist-pdf-0016,3,66,1546,1618,0.95550
nist-pdf-0016,3,67,1559,1502,1.03795
nist-pdf-0016,3,68,1493,1527,0.97773
nist-pdf-0016,3,69,1583,1661,0.95304
nist-pdf-0016,3,70,1535,1473,1.04209
nist-pdf-0016,3,71,1894,1431,1.32355
nist-pdf-0016,3,72,1573,1508,1.04310
nist-pdf-0016,3,73,1517,1461,1.03833
nist-pdf-0016,3,74,1571,1451,1.08270
nist-pdf-0016,3,75,1534,1668,0.91966
nist-pdf-0016,3,76,1478,1471,1.00476
nist-pdf-0016,3,77,1609,1465,1.09829
nist-pdf-0016,3,78,2957,1565,1.88946
nist-pdf-0016,3,79,1504,1424,1.05618
nist-pdf-0016,3,80,1673,1671,1.00120
nist-pdf-0016,3,81,1587,1501,1.05730
nist-pdf-0016,3,82,1578,1482,1.06478
nist-pdf-0016,3,83,1584,1461,1.08419
nist-pdf-0016,3,84,1572,1558,1.00899
nist-pdf-0016,3,85,1454,1540,0.94416
nist-pdf-0016,3,86,1670,1560,1.07051
nist-pdf-0016,3,87,1577,1454,1.08459
nist-pdf-0016,3,88,1535,1580,0.97152
nist-pdf-0016,3,89,1539,1451,1.06065
nist-pdf-0016,3,90,1457,1396,1.04370
nist-pdf-0016,3,91,1492,1612,0.92556
nist-pdf-0016,3,92,1709,1549,1.10329
nist-pdf-0016,3,93,1596,1506,1.05976
nist-pdf-0016,3,94,1589,1450,1.09586
nist-pdf-0016,3,95,1565,1654,0.94619
nist-pdf-0016,3,96,1560,1458,1.06996
nist-pdf-0016,3,97,1541,1492,1.03284
nist-pdf-0016,3,98,1531,1447,1.05805
nist-pdf-0016,3,99,1575,1646,0.95687
nist-pdf-0016,3,100,1621,1507,1.07565
nist-pdf-0017,3,1,3934,2493,1.57802
nist-pdf-0017,3,2,3989,2268,1.75882
nist-pdf-0017,3,3,4001,2372,1.68676
nist-pdf-0017,3,4,4077,2169,1.87967
nist-pdf-0017,3,5,4040,1910,2.11518
nist-pdf-0017,3,6,3815,2163,1.76375
nist-pdf-0017,3,7,3943,2272,1.73548
nist-pdf-0017,3,8,3940,2290,1.72052
nist-pdf-0017,3,9,3929,2103,1.86828
nist-pdf-0017,3,10,3884,2169,1.79069
nist-pdf-0017,3,11,3977,2105,1.88931
nist-pdf-0017,3,12,4057,2226,1.82255
nist-pdf-0017,3,13,4000,2362,1.69348
nist-pdf-0017,3,14,3855,1967,1.95984
nist-pdf-0017,3,15,3909,2010,1.94478
nist-pdf-0017,3,16,3906,1891,2.06557
nist-pdf-0017,3,17,3839,2183,1.75859
nist-pdf-0017,3,18,5264,2048,2.57031
nist-pdf-0017,3,19,3867,2020,1.91436
nist-pdf-0017,3,20,3923,2253,1.74123
nist-pdf-0017,3,21,3760,2161,1.73994
nist-pdf-0017,3,22,3822,2122,1.80113
nist-pdf-0017,3,23,3877,2134,1.81678
nist-pdf-0017,3,24,3778,2113,1.78798
nist-pdf-0017,3,25,3770,2128,1.77162
nist-pdf-0017,3,26,3962,1959,2.02246
nist-pdf-0017,3,27,3948,2402,1.64363
nist-pdf-0017,3,28,3911,1973,1.98226
nist-pdf-0017,3,29,3888,2220,1.75135
nist-pdf-0017,3,30,3943,1970,2.00152
nist-pdf-0017,3,31,3926,2031,1.93304
nist-pdf-0017,3,32,4126,2053,2.00974
nist-pdf-0017,3,33,4085,2324,1.75775
nist-pdf-0017,3,34,4205,2292,1.83464
nist-pdf-0017,3,35,3845,2426,1.58491
nist-pdf-0017,3,36,4096,2298,1.78242
nist-pdf-0017,3,37,4042,2292,1.76353
nist-pdf-0017,3,38,3854,2160,1.78426
nist-pdf-0017,3,39,3851,2355,1.63524
nist-pdf-0017,3,40,4030,2492,1.61717
nist-pdf-0017,3,41,4029,2486,1.62068
nist-pdf-0017,3,42,4206,2268,1.85450
nist-pdf-0017,3,43,4183,2164,1.93299
nist-pdf-0017,3,44,4135,2329,1.77544
nist-pdf-0017,3,45,4043,2210,1.82941
nist-pdf-0017,3,46,4060,2308,1.75910
nist-pdf-0017,3,47,4150,2207,1.88038
nist-pdf-0017,3,48,3951,2415,1.63602
nist-pdf-0017,3,49,4595,2294,2.00305
nist-pdf-0017,3,50,4049,2062,1.96363
nist-pdf-0017,3,51,4120,2273,1.81258
nist-pdf-0017,3,52,4308,2146,2.00746
nist-pdf-0017,3,53,4265,2389,1.78527
nist-pdf-0017,3,54,4202,2419,1.73708
nist-pdf-0017,3,55,4033,2467,1.63478
nist-pdf-0017,3,56,4165,2380,1.75000
nist-pdf-0017,3,57,4116,2201,1.87006
nist-pdf-0017,3,58,3986,2413,1.65189
nist-pdf-0017,3,59,4016,2525,1.59050
nist-pdf-0017,3,60,4045,2199,1.83947
nist-pdf-0017,3,61,4024,2405,1.67318
nist-pdf-0017,3,62,4072,2360,1.72542
nist-pdf-0017,3,63,3813,2680,1.42276
nist-pdf-0017,3,64,4138,2264,1.82774
nist-pdf-0017,3,65,4002,2261,1.77001
nist-pdf-0017,3,66,4038,2348,1.71976
nist-pdf-0017,3,67,4211,2181,1.93077
nist-pdf-0017,3,68,4153,2387,1.73984
nist-pdf-0017,3,69,3939,2397,1.64330
nist-pdf-0017,3,70,3933,2493,1.57762
nist-pdf-0017,3,71,3828,2277,1.68116
nist-pdf-0017,3,72,4147,2338,1.77374
nist-pdf-0017,3,73,3915,2306,1.69775
nist-pdf-0017,3,74,4047,2389,1.69401
nist-pdf-0017,3,75,4065,2470,1.64575
nist-pdf-0017,3,76,4120,2394,1.72097
nist-pdf-0017,3,77,4128,2243,1.84039
nist-pdf-0017,3,78,4090,2339,1.74861
nist-pdf-0017,3,79,3885,2258,1.72055
nist-pdf-0017,3,80,3883,2491,1.55881
nist-pdf-0017,3,81,4200,2440,1.72131
nist-pdf-0017,3,82,4188,2190,1.91233
nist-pdf-0017,3,83,4069,2250,1.80844
nist-pdf-0017,3,84,4374,2247,1.94660
nist-pdf-0017,3,85,4211,2360,1.78432
nist-pdf-0017,3,86,4064,2211,1.83808
nist-pdf-0017,3,87,4108,2419,1.69822
nist-pdf-0017,3,88,4070,2431,1.67421
nist-pdf-0017,3,89,4036,2252,1.79218
nist-pdf-0017,3,90,3998,2413,1.65686
nist-pdf-0017,3,91,3913,2101,1.86245
nist-pdf-0017,3,92,4093,2073,1.97443
nist-pdf-0017,3,93,3927,2081,1.88707
nist-pdf-0017,3,94,3859,2041,1.89074
nist-pdf-0017,3,95,4693,1896,2.47521
nist-pdf-0017,3,96,3665,2075,1.76627
nist-pdf-0017,3,97,3769,2122,1.77615
nist-pdf-0017,3,98,3904,2168,1.80074
nist-pdf-0017,3,99,3892,2193,1.77474
nist-pdf-0017,3,100,4528,1968,2.30081
nist-docx-0005,4,1,1535,1848,0.83063
nist-docx-0005,4,2,1373,1643,0.83567
nist-docx-0005,4,3,1316,1659,0.79325
nist-docx-0005,4,4,1390,1746,0.79611
nist-docx-0005,4,5,1289,1673,0.77047
nist-docx-0005,4,6,1334,1702,0.78378
nist-docx-0005,4,7,1292,1679,0.76951
nist-docx-0005,4,8,1299,1705,0.76188
nist-docx-0005,4,9,1266,1610,0.78634
nist-docx-0005,4,10,1340,1669,0.80288
nist-docx-0005,4,11,1314,1746,0.75258
nist-docx-0005,4,12,1485,1736,0.85541
nist-docx-0005,4,13,1445,2251,0.64194
nist-docx-0005,4,14,1496,1761,0.84952
nist-docx-0005,4,15,1373,1719,0.79872
nist-docx-0005,4,16,1381,1874,0.73693
nist-docx-0005,4,17,1347,1650,0.81636
nist-docx-0005,4,18,1369,1676,0.81683
nist-docx-0005,4,19,1312,1632,0.80392
nist-docx-0005,4,20,1405,1681,0.83581
nist-docx-0005,4,21,1396,1729,0.80740
nist-docx-0005,4,22,1330,1644,0.80900
nist-docx-0005,4,23,1318,1723,0.76494
nist-docx-0005,4,24,1343,1670,0.80419
nist-docx-0005,4,25,1386,1757,0.78884
nist-docx-0005,4,26,1318,1791,0.73590
nist-docx-0005,4,27,1376,1673,0.82247
nist-docx-0005,4,28,1399,1610,0.86894
nist-docx-0005,4,29,1392,1769,0.78689
nist-docx-0005,4,30,1539,1793,0.85834
nist-docx-0005,4,31,1409,1756,0.80239
nist-docx-0005,4,32,1390,1989,0.69884
nist-docx-0005,4,33,1563,1773,0.88156
nist-docx-0005,4,34,1409,1863,0.75631
nist-docx-0005,4,35,1399,1841,0.75991
nist-docx-0005,4,36,1451,1706,0.85053
nist-docx-0005,4,37,1423,1786,0.79675
nist-docx-0005,4,38,1404,1750,0.80229
nist-docx-0005,4,39,1372,1821,0.75343
nist-docx-0005,4,40,1375,1735,0.79251
nist-docx-0005,4,41,1400,1793,0.78081
nist-docx-0005,4,42,1333,1687,0.79016
nist-docx-0005,4,43,1442,1872,0.77030
nist-docx-0005,4,44,1333,1961,0.67976
nist-docx-0005,4,45,1356,1738,0.78021
nist-docx-0005,4,46,1493,3088,0.48348
nist-docx-0005,4,47,1409,1759,0.80102
nist-docx-0005,4,48,1417,1825,0.77644
nist-docx-0005,4,49,1421,1720,0.82616
nist-docx-0005,4,50,1311,1712,0.76577
nist-docx-0005,4,51,1411,1792,0.78739
nist-docx-0005,4,52,1404,1967,0.71378
nist-docx-0005,4,53,1429,1866,0.76581
nist-docx-0005,4,54,1442,1734,0.83160
nist-docx-0005,4,55,1346,1637,0.82224
nist-docx-0005,4,56,1318,1768,0.74548
nist-docx-0005,4,57,1346,1656,0.81280
nist-docx-0005,4,58,1386,1686,0.82206
nist-docx-0005,4,59,1356,1958,0.69254
nist-docx-0005,4,60,1460,1809,0.80708
nist-docx-0005,4,61,1501,1663,0.90259
nist-docx-0005,4,62,1351,1735,0.77867
nist-docx-0005,4,63,1315,1694,0.77627
nist-docx-0005,4,64,1471,1663,0.88455
nist-docx-0005,4,65,1490,1814,0.82139
nist-docx-0005,4,66,1413,1710,0.82632
nist-docx-0005,4,67,1392,1678,0.82956
nist-docx-0005,4,68,1387,1659,0.83605
nist-docx-0005,4,69,1323,1664,0.79507
nist-docx-0005,4,70,1374,1720,0.79884
nist-docx-0005,4,71,1415,1572,0.90013
nist-docx-0005,4,72,1286,1756,0.73235
nist-docx-0005,4,73,1309,1622,0.80703
nist-docx-0005,4,74,1332,1645,0.80973
nist-docx-0005,4,75,1292,1627,0.79410
nist-docx-0005,4,76,1421,1703,0.83441
nist-docx-0005,4,77,1293,1732,0.74654
nist-docx-0005,4,78,1318,1796,0.73385
nist-docx-0005,4,79,1295,1859,0.69661
nist-docx-0005,4,80,1357,1708,0.79450
nist-docx-0005,4,81,1684,1675,1.00537
nist-docx-0005,4,82,1380,1709,0.80749
nist-docx-0005,4,83,1378,1712,0.80491
nist-docx-0005,4,84,1378,1803,0.76428
nist-docx-0005,4,85,1311,1767,0.74194
nist-docx-0005,4,86,1394,1698,0.82097
nist-docx-0005,4,87,1363,1922,0.70916
nist-docx-0005,4,88,1436,1793,0.80089
nist-docx-0005,4,89,1419,1853,0.76579
nist-docx-0005,4,90,1509,1745,0.86476
nist-docx-0005,4,91,1378,1918,0.71846
nist-docx-0005,4,92,1313,1732,0.75808
nist-docx-0005,4,93,1385,1807,0.76646
nist-docx-0005,4,94,1388,1823,0.76138
nist-docx-0005,4,95,1398,1845,0.75772
nist-docx-0005,4,96,1521,1740,0.87414
nist-docx-0005,4,97,1420,1768,0.80317
nist-docx-0005,4,98,1419,1816,0.78139
nist-docx-0005,4,99,1482,1875,0.79040
nist-docx-0005,4,100,1333,1705,0.78182
nist-docx-0008,4,1,1079,1561,0.69122
nist-docx-0008,4,2,1057,1564,0.67583
nist-docx-0008,4,3,1093,1685,0.64866
nist-docx-0008,4,4,1078,1622,0.66461
nist-docx-0008,4,5,1188,1537,0.77293
nist-docx-0008,4,6,1158,1665,0.69550
nist-docx-0008,4,7,1070,1482,0.72200
nist-docx-0008,4,8,1069,1759,0.60773
nist-docx-0008,4,9,1049,1556,0.67416
nist-docx-0008,4,10,1194,1514,0.78864
nist-docx-0008,4,11,1049,1610,0.65155
nist-docx-0008,4,12,1118,1619,0.69055
nist-docx-0008,4,13,1069,1554,0.68790
nist-docx-0008,4,14,1168,1719,0.67946
nist-docx-0008,4,15,1096,1549,0.70755
nist-docx-0008,4,16,1104,1613,0.68444
nist-docx-0008,4,17,1031,1725,0.59768
nist-docx-0008,4,18,1171,1655,0.70755
nist-docx-0008,4,19,1180,1706,0.69168
nist-docx-0008,4,20,1147,2448,0.46855
nist-docx-0008,4,21,1095,1673,0.65451
nist-docx-0008,4,22,1129,1603,0.70430
nist-docx-0008,4,23,1061,1597,0.66437
nist-docx-0008,4,24,1102,1644,0.67032
nist-docx-0008,4,25,1061,1544,0.68718
nist-docx-0008,4,26,1106,1627,0.67978
nist-docx-0008,4,27,1111,1562,0.71127
nist-docx-0008,4,28,1090,1625,0.67077
nist-docx-0008,4,29,1060,1691,0.62685
nist-docx-0008,4,30,1124,1535,0.73225
nist-docx-0008,4,31,1116,1649,0.67677
nist-docx-0008,4,32,1252,1700,0.73647
nist-docx-0008,4,33,1130,1742,0.64868
nist-docx-0008,4,34,1270,1752,0.72489
nist-docx-0008,4,35,1143,1615,0.70774
nist-docx-0008,4,36,1085,1605,0.67601
nist-docx-0008,4,37,1171,1698,0.68963
nist-docx-0008,4,38,1139,1702,0.66921
nist-docx-0008,4,39,1238,1619,0.76467
nist-docx-0008,4,40,1120,1624,0.68966
nist-docx-0008,4,41,1316,1811,0.72667
nist-docx-0008,4,42,1284,1755,0.73162
nist-docx-0008,4,43,1177,1786,0.65901
nist-docx-0008,4,44,1163,1714,0.67853
nist-docx-0008,4,45,1144,1605,0.71277
nist-docx-0008,4,46,1479,1671,0.88510
nist-docx-0008,4,47,1189,2043,0.58199
nist-docx-0008,4,48,1138,1639,0.69433
nist-docx-0008,4,49,1117,1608,0.69465
nist-docx-0008,4,50,1083,1774,0.61048
nist-docx-0008,4,51,1142,1733,0.65897
nist-docx-0008,4,52,1153,2000,0.57650
nist-docx-0008,4,53,1148,1688,0.68009
nist-docx-0008,4,54,1238,1607,0.77038
nist-docx-0008,4,55,1151,1684,0.68349
nist-docx-0008,4,56,1139,1565,0.72780
nist-docx-0008,4,57,1086,1680,0.64643
nist-docx-0008,4,58,1156,1588,0.72796
nist-docx-0008,4,59,1098,1587,0.69187
nist-docx-0008,4,60,1125,1558,0.72208
nist-docx-0008,4,61,1134,1642,0.69062
nist-docx-0008,4,62,1216,1595,0.76238
nist-docx-0008,4,63,1167,1649,0.70770
nist-docx-0008,4,64,1103,1770,0.62316
nist-docx-0008,4,65,1130,1598,0.70713
nist-docx-0008,4,66,1219,1688,0.72216
nist-docx-0008,4,67,1120,1598,0.70088
nist-docx-0008,4,68,1182,1633,0.72382
nist-docx-0008,4,69,1186,1756,0.67540
nist-docx-0008,4,70,1284,1600,0.80250
nist-docx-0008,4,71,1198,1771,0.67645
nist-docx-0008,4,72,1383,1645,0.84073
nist-docx-0008,4,73,1175,1732,0.67841
nist-docx-0008,4,74,1145,1566,0.73116
nist-docx-0008,4,75,1182,1613,0.73280
nist-docx-0008,4,76,1106,1667,0.66347
nist-docx-0008,4,77,1253,1626,0.77060
nist-docx-0008,4,78,1206,1690,0.71361
nist-docx-0008,4,79,1222,1633,0.74832
nist-docx-0008,4,80,1195,1691,0.70668
nist-docx-0008,4,81,1058,1591,0.66499
nist-docx-0008,4,82,1178,1655,0.71178
nist-docx-0008,4,83,1113,1785,0.62353
nist-docx-0008,4,84,1208,1661,0.72727
nist-docx-0008,4,85,1181,2809,0.42043
nist-docx-0008,4,86,1090,1779,0.61270
nist-docx-0008,4,87,1215,1681,0.72278
nist-docx-0008,4,88,1084,1692,0.64066
nist-docx-0008,4,89,1142,1682,0.67895
nist-docx-0008,4,90,1280,1643,0.77906
nist-docx-0008,4,91,1151,1773,0.64918
nist-docx-0008,4,92,1173,1639,0.71568
nist-docx-0008,4,93,1171,1698,0.68963
nist-docx-0008,4,94,1180,1583,0.74542
nist-docx-0008,4,95,1134,1742,0.65098
nist-docx-0008,4,96,1111,1550,0.71677
nist-docx-0008,4,97,1203,1634,0.73623
nist-docx-0008,4,98,1141,1844,0.61876
nist-docx-0008,4,99,1200,1619,0.74120
nist-docx-0008,4,100,1125,1578,0.71293
nist-docx-0009,4,1,1892,1850,1.02270
nist-docx-0009,4,2,1987,1874,1.06030
nist-docx-0009,4,3,1897,1883,1.00743
nist-docx-0009,4,4,1846,1780,1.03708
nist-docx-0009,4,5,1893,1791,1.05695
nist-docx-0009,4,6,1915,2097,0.91321
nist-docx-0009,4,7,1909,1989,0.95978
nist-docx-0009,4,8,1861,1810,1.02818
nist-docx-0009,4,9,1838,1821,1.00934
nist-docx-0009,4,10,1943,2059,0.94366
nist-docx-0009,4,11,2081,1848,1.12608
nist-docx-0009,4,12,1984,1725,1.15014
nist-docx-0009,4,13,1905,1782,1.06902
nist-docx-0009,4,14,1993,1779,1.12029
nist-docx-0009,4,15,1968,1842,1.06840
nist-docx-0009,4,16,1974,1987,0.99346
nist-docx-0009,4,17,1890,1823,1.03675
nist-docx-0009,4,18,1868,1782,1.04826
nist-docx-0009,4,19,1845,1760,1.04830
nist-docx-0009,4,20,1845,1814,1.01709
nist-docx-0009,4,21,1864,1889,0.98677
nist-docx-0009,4,22,1932,1757,1.09960
nist-docx-0009,4,23,1971,1806,1.09136
nist-docx-0009,4,24,1930,1961,0.98419
nist-docx-0009,4,25,1954,1802,1.08435
nist-docx-0009,4,26,1903,1746,1.08992
nist-docx-0009,4,27,1941,1803,1.07654
nist-docx-0009,4,28,1948,1887,1.03233
nist-docx-0009,4,29,1929,1998,0.96547
nist-docx-0009,4,30,1985,1923,1.03224
nist-docx-0009,4,31,1897,1801,1.05330
nist-docx-0009,4,32,1878,1790,1.04916
nist-docx-0009,4,33,1864,1979,0.94189
nist-docx-0009,4,34,1914,1724,1.11021
nist-docx-0009,4,35,2013,1950,1.03231
nist-docx-0009,4,36,1928,1762,1.09421
nist-docx-0009,4,37,1939,1994,0.97242
nist-docx-0009,4,38,1925,1895,1.01583
nist-docx-0009,4,39,1943,1891,1.02750
nist-docx-0009,4,40,1976,1886,1.04772
nist-docx-0009,4,41,2027,1872,1.08280
nist-docx-0009,4,42,1960,1808,1.08407
nist-docx-0009,4,43,2099,1866,1.12487
nist-docx-0009,4,44,1901,1916,0.99217
nist-docx-0009,4,45,1812,1924,0.94179
nist-docx-0009,4,46,1928,1880,1.02553
nist-docx-0009,4,47,1886,1885,1.00053
nist-docx-0009,4,48,1935,1775,1.09014
nist-docx-0009,4,49,1954,1722,1.13473
nist-docx-0009,4,50,1856,1857,0.99946
nist-docx-0009,4,51,1822,1928,0.94502
nist-docx-0009,4,52,1896,1810,1.04751
nist-docx-0009,4,53,2088,2025,1.03111
nist-docx-0009,4,54,1871,1767,1.05886
nist-docx-0009,4,55,1873,1828,1.02462
nist-docx-0009,4,56,1855,1865,0.99464
nist-docx-0009,4,57,2004,1862,1.07626
nist-docx-0009,4,58,1781,1729,1.03008
nist-docx-0009,4,59,1759,1851,0.95030
nist-docx-0009,4,60,1844,1873,0.98452
nist-docx-0009,4,61,1782,1822,0.97805
nist-docx-0009,4,62,1850,1908,0.96960
nist-docx-0009,4,63,1812,1884,0.96178
nist-docx-0009,4,64,1869,1934,0.96639
nist-docx-0009,4,65,1950,1876,1.03945
nist-docx-0009,4,66,1910,1787,1.06883
nist-docx-0009,4,67,1827,1875,0.97440
nist-docx-0009,4,68,2426,1801,1.34703
nist-docx-0009,4,69,1918,1962,0.97757
nist-docx-0009,4,70,2013,1895,1.06227
nist-docx-0009,4,71,1834,1845,0.99404
nist-docx-0009,4,72,1922,1887,1.01855
nist-docx-0009,4,73,1934,1791,1.07984
nist-docx-0009,4,74,1866,1966,0.94914
nist-docx-0009,4,75,1918,1937,0.99019
nist-docx-0009,4,76,1897,1777,1.06753
nist-docx-0009,4,77,1993,2732,0.72950
nist-docx-0009,4,78,2014,1844,1.09219
nist-docx-0009,4,79,1895,1735,1.09222
nist-docx-0009,4,80,1906,1887,1.01007
nist-docx-0009,4,81,1809,1831,0.98798
nist-docx-0009,4,82,2013,1938,1.03870
nist-docx-0009,4,83,1894,1793,1.05633
nist-docx-0009,4,84,1851,1875,0.98720
nist-docx-0009,4,85,1924,1817,1.05889
nist-docx-0009,4,86,1798,2017,0.89142
nist-docx-0009,4,87,1984,1751,1.13307
nist-docx-0009,4,88,1928,1832,1.05240
nist-docx-0009,4,89,1826,2002,0.91209
nist-docx-0009,4,90,1911,1758,1.08703
nist-docx-0009,4,91,1966,1770,1.11073
nist-docx-0009,4,92,1834,2008,0.91335
nist-docx-0009,4,93,1906,1980,0.96263
nist-docx-0009,4,94,1999,1815,1.10138
nist-docx-0009,4,95,1873,1751,1.06967
nist-docx-0009,4,96,1777,1852,0.95950
nist-docx-0009,4,97,1877,1745,1.07564
nist-docx-0009,4,98,1874,1769,1.05936
nist-docx-0009,4,99,2063,1853,1.11333
nist-docx-0009,4,100,1887,1757,1.07399
nist-docx-0014,4,1,3877,2646,1.46523
nist-docx-0014,4,2,4254,2702,1.57439
nist-docx-0014,4,3,4161,2628,1.58333
nist-docx-0014,4,4,4109,2727,1.50678
nist-docx-0014,4,5,3827,2624,1.45846
nist-docx-0014,4,6,3999,2718,1.47130
nist-docx-0014,4,7,3948,2577,1.53201
nist-docx-0014,4,8,4101,2547,1.61013
nist-docx-0014,4,9,3998,2613,1.53004
nist-docx-0014,4,10,3936,2588,1.52087
nist-docx-0014,4,11,3789,2870,1.32021
nist-docx-0014,4,12,4095,2527,1.62050
nist-docx-0014,4,13,3912,2772,1.41126
nist-docx-0014,4,14,3923,2541,1.54388
nist-docx-0014,4,15,4049,2712,1.49299
nist-docx-0014,4,16,3953,2307,1.71348
nist-docx-0014,4,17,4018,2790,1.44014
nist-docx-0014,4,18,4088,2577,1.58634
nist-docx-0014,4,19,3854,2572,1.49844
nist-docx-0014,4,20,4065,2512,1.61823
nist-docx-0014,4,21,3799,2693,1.41069
nist-docx-0014,4,22,3811,2286,1.66710
nist-docx-0014,4,23,3866,2471,1.56455
nist-docx-0014,4,24,3820,2710,1.40959
nist-docx-0014,4,25,3945,2435,1.62012
nist-docx-0014,4,26,3766,2743,1.37295
nist-docx-0014,4,27,4076,5258,0.77520
nist-docx-0014,4,28,3623,2528,1.43315
nist-docx-0014,4,29,3730,2353,1.58521
nist-docx-0014,4,30,3675,2327,1.57929
nist-docx-0014,4,31,3675,2565,1.43275
nist-docx-0014,4,32,4145,3288,1.26064
nist-docx-0014,4,33,3914,2558,1.53010
nist-docx-0014,4,34,3977,2873,1.38427
nist-docx-0014,4,35,4072,2629,1.54888
nist-docx-0014,4,36,3819,2554,1.49530
nist-docx-0014,4,37,4164,2793,1.49087
nist-docx-0014,4,38,3746,2479,1.51109
nist-docx-0014,4,39,3706,2779,1.33357
nist-docx-0014,4,40,3870,2281,1.69662
nist-docx-0014,4,41,3585,2294,1.56277
nist-docx-0014,4,42,3749,2553,1.46847
nist-docx-0014,4,43,3988,2300,1.73391
nist-docx-0014,4,44,3664,2207,1.66017
nist-docx-0014,4,45,3590,2365,1.51797
nist-docx-0014,4,46,3704,2674,1.38519
nist-docx-0014,4,47,3782,2288,1.65297
nist-docx-0014,4,48,3803,2259,1.68349
nist-docx-0014,4,49,3800,2375,1.60000
nist-docx-0014,4,50,3649,2331,1.56542
nist-docx-0014,4,51,3648,2178,1.67493
nist-docx-0014,4,52,3993,2434,1.64051
nist-docx-0014,4,53,4050,2647,1.53003
nist-docx-0014,4,54,3785,2691,1.40654
nist-docx-0014,4,55,3929,2458,1.59845
nist-docx-0014,4,56,3787,2512,1.50756
nist-docx-0014,4,57,3667,2332,1.57247
nist-docx-0014,4,58,3694,2212,1.66998
nist-docx-0014,4,59,3900,2424,1.60891
nist-docx-0014,4,60,4747,2672,1.77657
nist-docx-0014,4,61,4053,2688,1.50781
nist-docx-0014,4,62,3940,2536,1.55363
nist-docx-0014,4,63,4085,2678,1.52539
nist-docx-0014,4,64,3950,2701,1.46242
nist-docx-0014,4,65,4057,2581,1.57187
nist-docx-0014,4,66,3942,2583,1.52613
nist-docx-0014,4,67,3884,2586,1.50193
nist-docx-0014,4,68,4013,2533,1.58429
nist-docx-0014,4,69,3819,2578,1.48138
nist-docx-0014,4,70,3982,2841,1.40162
nist-docx-0014,4,71,3997,2628,1.52093
nist-docx-0014,4,72,3873,2481,1.56106
nist-docx-0014,4,73,3952,2487,1.58906
nist-docx-0014,4,74,3933,2480,1.58589
nist-docx-0014,4,75,4007,2515,1.59324
nist-docx-0014,4,76,4137,2444,1.69272
nist-docx-0014,4,77,3900,2365,1.64905
nist-docx-0014,4,78,4000,2555,1.56556
nist-docx-0014,4,79,4068,2621,1.55208
nist-docx-0014,4,80,4157,2464,1.68709
nist-docx-0014,4,81,3970,2793,1.42141
nist-docx-0014,4,82,3961,2575,1.53825
nist-docx-0014,4,83,3960,2567,1.54266
nist-docx-0014,4,84,3845,2706,1.42092
nist-docx-0014,4,85,4202,2670,1.57378
nist-docx-0014,4,86,4060,2643,1.53613
nist-docx-0014,4,87,4021,2446,1.64391
nist-docx-0014,4,88,3836,3121,1.22909
nist-docx-0014,4,89,3795,2585,1.46809
nist-docx-0014,4,90,4231,2598,1.62856
nist-docx-0014,4,91,3875,2809,1.37949
nist-docx-0014,4,92,4081,2533,1.61113
nist-docx-0014,4,93,4168,2476,1.68336
nist-docx-0014,4,94,4006,2627,1.52493
nist-docx-0014,4,95,4177,2590,1.61274
nist-docx-0014,4,96,3911,2628,1.48820
nist-docx-0014,4,97,4006,2590,1.54672
nist-docx-0014,4,98,3975,2790,1.42473
nist-docx-0014,4,99,4020,2703,1.48724
nist-docx-0014,4,100,3826,2523,1.51645
nist-epub-0003,4,1,3078,2118,1.45326
nist-epub-0003,4,2,3045,2135,1.42623
nist-epub-0003,4,3,2969,2207,1.34527
nist-epub-0003,4,4,3277,2165,1.51363
nist-epub-0003,4,5,3176,2049,1.55002
nist-epub-0003,4,6,3168,2074,1.52748
nist-epub-0003,4,7,3117,2063,1.51091
nist-epub-0003,4,8,3281,2192,1.49681
nist-epub-0003,4,9,3023,2190,1.38037
nist-epub-0003,4,10,3209,2517,1.27493
nist-epub-0003,4,11,3268,2105,1.55249
nist-epub-0003,4,12,3067,2045,1.49976
nist-epub-0003,4,13,3046,2122,1.43544
nist-epub-0003,4,14,3069,2294,1.33784
nist-epub-0003,4,15,3063,2153,1.42267
nist-epub-0003,4,16,3215,2138,1.50374
nist-epub-0003,4,17,3105,2009,1.54555
nist-epub-0003,4,18,3175,2086,1.52205
nist-epub-0003,4,19,2982,2125,1.40329
nist-epub-0003,4,20,3325,2231,1.49036
nist-epub-0003,4,21,3021,2017,1.49777
nist-epub-0003,4,22,3658,2085,1.75444
nist-epub-0003,4,23,3193,2260,1.41283
nist-epub-0003,4,24,3068,2131,1.43970
nist-epub-0003,4,25,3077,2074,1.48361
nist-epub-0003,4,26,3166,2149,1.47324
nist-epub-0003,4,27,3066,2055,1.49197
nist-epub-0003,4,28,3270,2006,1.63011
nist-epub-0003,4,29,3262,2155,1.51369
nist-epub-0003,4,30,3273,2234,1.46509
nist-epub-0003,4,31,3031,2159,1.40389
nist-epub-0003,4,32,3063,2176,1.40763
nist-epub-0003,4,33,3149,2216,1.42103
nist-epub-0003,4,34,3114,2058,1.51312
nist-epub-0003,4,35,3442,2052,1.67739
nist-epub-0003,4,36,3418,2061,1.65842
nist-epub-0003,4,37,3141,2345,1.33945
nist-epub-0003,4,38,3171,2757,1.15016
nist-epub-0003,4,39,3097,2136,1.44991
nist-epub-0003,4,40,3112,2062,1.50921
nist-epub-0003,4,41,3451,2224,1.55171
nist-epub-0003,4,42,3212,2016,1.59325
nist-epub-0003,4,43,3226,2287,1.41058
nist-epub-0003,4,44,3156,2148,1.46927
nist-epub-0003,4,45,3524,2180,1.61651
nist-epub-0003,4,46,3076,2159,1.42473
nist-epub-0003,4,47,3337,2332,1.43096
nist-epub-0003,4,48,3148,2016,1.56151
nist-epub-0003,4,49,3070,2230,1.37668
nist-epub-0003,4,50,3313,2196,1.50865
nist-epub-0003,4,51,3193,2123,1.50400
nist-epub-0003,4,52,3036,2256,1.34574
nist-epub-0003,4,53,3108,2243,1.38564
nist-epub-0003,4,54,3253,2125,1.53082
nist-epub-0003,4,55,3342,2216,1.50812
nist-epub-0003,4,56,3157,2146,1.47111
nist-epub-0003,4,57,3178,2231,1.42447
nist-epub-0003,4,58,3222,2332,1.38165
nist-epub-0003,4,59,3214,2249,1.42908
nist-epub-0003,4,60,3296,2194,1.50228
nist-epub-0003,4,61,3281,2089,1.57061
nist-epub-0003,4,62,3053,2113,1.44487
nist-epub-0003,4,63,3121,2133,1.46320
nist-epub-0003,4,64,3205,2186,1.46615
nist-epub-0003,4,65,3136,2176,1.44118
nist-epub-0003,4,66,3080,2036,1.51277
nist-epub-0003,4,67,3243,2347,1.38176
nist-epub-0003,4,68,3278,2109,1.55429
nist-epub-0003,4,69,3855,2208,1.74592
nist-epub-0003,4,70,3156,2118,1.49008
nist-epub-0003,4,71,3180,2102,1.51284
nist-epub-0003,4,72,3249,2192,1.48221
nist-epub-0003,4,73,3181,2302,1.38184
nist-epub-0003,4,74,3078,2071,1.48624
nist-epub-0003,4,75,3088,2185,1.41327
nist-epub-0003,4,76,3150,1987,1.58530
nist-epub-0003,4,77,3094,2114,1.46358
nist-epub-0003,4,78,3216,2114,1.52129
nist-epub-0003,4,79,3209,2265,1.41678
nist-epub-0003,4,80,3099,2186,1.41766
nist-epub-0003,4,81,3150,2151,1.46444
nist-epub-0003,4,82,3099,2052,1.51023
nist-epub-0003,4,83,3234,2156,1.50000
nist-epub-0003,4,84,3096,2287,1.35374
nist-epub-0003,4,85,3238,2024,1.59980
nist-epub-0003,4,86,3322,2074,1.60174
nist-epub-0003,4,87,3106,2137,1.45344
nist-epub-0003,4,88,3179,2057,1.54545
nist-epub-0003,4,89,3167,2198,1.44086
nist-epub-0003,4,90,3198,2134,1.49859
nist-epub-0003,4,91,3192,2051,1.55631
nist-epub-0003,4,92,3098,2195,1.41139
nist-epub-0003,4,93,3186,2138,1.49018
nist-epub-0003,4,94,3477,2049,1.69693
nist-epub-0003,4,95,3235,2072,1.56129
nist-epub-0003,4,96,3361,2351,1.42960
nist-epub-0003,4,97,3306,2009,1.64559
nist-epub-0003,4,98,3141,2134,1.47188
nist-epub-0003,4,99,3398,2216,1.53339
nist-epub-0003,4,100,3242,2119,1.52997
nist-epub-0006,4,1,2556,1745,1.46476
nist-epub-0006,4,2,2575,1727,1.49102
nist-epub-0006,4,3,2398,1813,1.32267
nist-epub-0006,4,4,2455,1681,1.46044
nist-epub-0006,4,5,2449,1903,1.28692
nist-epub-0006,4,6,2573,1802,1.42786
nist-epub-0006,4,7,2417,1983,1.21886
nist-epub-0006,4,8,2487,1780,1.39719
nist-epub-0006,4,9,2521,1766,1.42752
nist-epub-0006,4,10,2596,1721,1.50843
nist-epub-0006,4,11,2554,1827,1.39792
nist-epub-0006,4,12,2511,1704,1.47359
nist-epub-0006,4,13,2394,1863,1.28502
nist-epub-0006,4,14,2500,1846,1.35428
nist-epub-0006,4,15,2664,1831,1.45494
nist-epub-0006,4,16,2420,1800,1.34444
nist-epub-0006,4,17,2554,1772,1.44131
nist-epub-0006,4,18,2551,1736,1.46947
nist-epub-0006,4,19,2527,1805,1.40000
nist-epub-0006,4,20,2486,1892,1.31395
nist-epub-0006,4,21,2473,1761,1.40432
nist-epub-0006,4,22,2662,1867,1.42582
nist-epub-0006,4,23,2508,1824,1.37500
nist-epub-0006,4,24,2460,1877,1.31060
nist-epub-0006,4,25,2472,1839,1.34421
nist-epub-0006,4,26,2453,1749,1.40252
nist-epub-0006,4,27,3255,1728,1.88368
nist-epub-0006,4,28,2529,1918,1.31856
nist-epub-0006,4,29,2490,1736,1.43433
nist-epub-0006,4,30,2499,1909,1.30906
nist-epub-0006,4,31,2466,2594,0.95066
nist-epub-0006,4,32,2631,1721,1.52876
nist-epub-0006,4,33,2450,1783,1.37409
nist-epub-0006,4,34,2479,1740,1.42471
nist-epub-0006,4,35,2481,1760,1.40966
nist-epub-0006,4,36,2492,1917,1.29995
nist-epub-0006,4,37,2520,1754,1.43672
nist-epub-0006,4,38,2533,1728,1.46586
nist-epub-0006,4,39,2915,1931,1.50958
nist-epub-0006,4,40,2403,1702,1.41187
nist-epub-0006,4,41,2468,1754,1.40707
nist-epub-0006,4,42,2582,1826,1.41402
nist-epub-0006,4,43,2441,1730,1.41098
nist-epub-0006,4,44,2447,1775,1.37859
nist-epub-0006,4,45,2469,1755,1.40684
nist-epub-0006,4,46,2554,2040,1.25196
nist-epub-0006,4,47,2530,1910,1.32461
nist-epub-0006,4,48,2422,1853,1.30707
nist-epub-0006,4,49,2527,1743,1.44980
nist-epub-0006,4,50,2371,1776,1.33502
nist-epub-0006,4,51,2457,1729,1.42105
nist-epub-0006,4,52,2495,1672,1.49222
nist-epub-0006,4,53,2495,1616,1.54394
nist-epub-0006,4,54,2433,1693,1.43709
nist-epub-0006,4,55,2443,1714,1.42532
nist-epub-0006,4,56,2378,1599,1.48718
nist-epub-0006,4,57,2367,1652,1.43281
nist-epub-0006,4,58,2347,1687,1.39123
nist-epub-0006,4,59,2441,1611,1.51521
nist-epub-0006,4,60,2345,1728,1.35706
nist-epub-0006,4,61,2504,1837,1.36309
nist-epub-0006,4,62,2472,1683,1.46881
nist-epub-0006,4,63,2359,1743,1.35341
nist-epub-0006,4,64,2390,1639,1.45821
nist-epub-0006,4,65,2359,1717,1.37391
nist-epub-0006,4,66,2432,1595,1.52476
nist-epub-0006,4,67,2311,1649,1.40146
nist-epub-0006,4,68,2341,1702,1.37544
nist-epub-0006,4,69,2461,1703,1.44510
nist-epub-0006,4,70,2426,1683,1.44147
nist-epub-0006,4,71,2425,1748,1.38730
nist-epub-0006,4,72,2454,1692,1.45035
nist-epub-0006,4,73,2567,1616,1.58849
nist-epub-0006,4,74,2467,1645,1.49970
nist-epub-0006,4,75,2362,1702,1.38778
nist-epub-0006,4,76,2572,1689,1.52279
nist-epub-0006,4,77,2443,1779,1.37324
nist-epub-0006,4,78,2450,1723,1.42194
nist-epub-0006,4,79,2450,1938,1.26419
nist-epub-0006,4,80,2425,1667,1.45471
nist-epub-0006,4,81,2326,1647,1.41226
nist-epub-0006,4,82,2490,1676,1.48568
nist-epub-0006,4,83,2359,1700,1.38765
nist-epub-0006,4,84,2402,1623,1.47998
nist-epub-0006,4,85,2379,1818,1.30858
nist-epub-0006,4,86,2549,1869,1.36383
nist-epub-0006,4,87,2485,1734,1.43310
nist-epub-0006,4,88,2473,1752,1.41153
nist-epub-0006,4,89,2439,1844,1.32267
nist-epub-0006,4,90,2422,1722,1.40650
nist-epub-0006,4,91,2430,1726,1.40788
nist-epub-0006,4,92,2890,1671,1.72950
nist-epub-0006,4,93,2491,1814,1.37321
nist-epub-0006,4,94,2474,1762,1.40409
nist-epub-0006,4,95,2503,1773,1.41173
nist-epub-0006,4,96,2486,1684,1.47625
nist-epub-0006,4,97,2667,1924,1.38617
nist-epub-0006,4,98,2507,1791,1.39978
nist-epub-0006,4,99,2447,1845,1.32629
nist-epub-0006,4,100,2453,2452,1.00041
nist-epub-0008,4,1,1592,1526,1.04325
nist-epub-0008,4,2,1654,1639,1.00915
nist-epub-0008,4,3,1541,2163,0.71244
nist-epub-0008,4,4,1550,1552,0.99871
nist-epub-0008,4,5,1596,1546,1.03234
nist-epub-0008,4,6,1516,1554,0.97555
nist-epub-0008,4,7,1590,1532,1.03786
nist-epub-0008,4,8,1602,1512,1.05952
nist-epub-0008,4,9,1485,1485,1.00000
nist-epub-0008,4,10,1572,1484,1.05930
nist-epub-0008,4,11,1602,1606,0.99751
nist-epub-0008,4,12,1577,1744,0.90424
nist-epub-0008,4,13,1565,1536,1.01888
nist-epub-0008,4,14,1574,1513,1.04032
nist-epub-0008,4,15,1555,1624,0.95751
nist-epub-0008,4,16,1531,1613,0.94916
nist-epub-0008,4,17,1594,2392,0.66639
nist-epub-0008,4,18,1738,1735,1.00173
nist-epub-0008,4,19,1640,1738,0.94361
nist-epub-0008,4,20,1621,1720,0.94244
nist-epub-0008,4,21,1700,1689,1.00651
nist-epub-0008,4,22,1568,1652,0.94915
nist-epub-0008,4,23,1663,1652,1.00666
nist-epub-0008,4,24,1619,1654,0.97884
nist-epub-0008,4,25,1765,1798,0.98165
nist-epub-0008,4,26,1640,1701,0.96414
nist-epub-0008,4,27,1621,1815,0.89311
nist-epub-0008,4,28,1612,1728,0.93287
nist-epub-0008,4,29,1577,1862,0.84694
nist-epub-0008,4,30,1657,1880,0.88138
nist-epub-0008,4,31,1691,1929,0.87662
nist-epub-0008,4,32,1653,1607,1.02862
nist-epub-0008,4,33,1737,1677,1.03578
nist-epub-0008,4,34,1976,1532,1.28982
nist-epub-0008,4,35,2532,1532,1.65274
nist-epub-0008,4,36,1650,1732,0.95266
nist-epub-0008,4,37,1651,1746,0.94559
nist-epub-0008,4,38,1796,1714,1.04784
nist-epub-0008,4,39,1607,1715,0.93703
nist-epub-0008,4,40,1534,1600,0.95875
nist-epub-0008,4,41,1521,1531,0.99347
nist-epub-0008,4,42,1667,1543,1.08036
nist-epub-0008,4,43,1578,1550,1.01806
nist-epub-0008,4,44,1537,1703,0.90252
nist-epub-0008,4,45,1601,1681,0.95241
nist-epub-0008,4,46,1528,1611,0.94848
nist-epub-0008,4,47,1566,1548,1.01163
nist-epub-0008,4,48,1506,1559,0.96600
nist-epub-0008,4,49,1647,1510,1.09073
nist-epub-0008,4,50,1560,1625,0.96000
nist-epub-0008,4,51,1579,1580,0.99937
nist-epub-0008,4,52,1527,1602,0.95318
nist-epub-0008,4,53,1506,1542,0.97665
nist-epub-0008,4,54,1622,1540,1.05325
nist-epub-0008,4,55,1601,1569,1.02040
nist-epub-0008,4,56,1492,1520,0.98158
nist-epub-0008,4,57,1536,1592,0.96482
nist-epub-0008,4,58,1469,1499,0.97999
nist-epub-0008,4,59,1529,1550,0.98645
nist-epub-0008,4,60,1520,1631,0.93194
nist-epub-0008,4,61,1552,1573,0.98665
nist-epub-0008,4,62,1630,1706,0.95545
nist-epub-0008,4,63,1521,1529,0.99477
nist-epub-0008,4,64,1637,1609,1.01740
nist-epub-0008,4,65,1550,1580,0.98101
nist-epub-0008,4,66,1533,1607,0.95395
nist-epub-0008,4,67,1618,1643,0.98478
nist-epub-0008,4,68,1493,1551,0.96260
nist-epub-0008,4,69,1579,1481,1.06617
nist-epub-0008,4,70,1506,1661,0.90668
nist-epub-0008,4,71,1611,1498,1.07543
nist-epub-0008,4,72,1532,2123,0.72162
nist-epub-0008,4,73,1528,1592,0.95980
nist-epub-0008,4,74,2456,1564,1.57033
nist-epub-0008,4,75,1570,1703,0.92190
nist-epub-0008,4,76,1734,1808,0.95907
nist-epub-0008,4,77,1666,1600,1.04125
nist-epub-0008,4,78,1555,1528,1.01767
nist-epub-0008,4,79,1582,1517,1.04285
nist-epub-0008,4,80,1552,1590,0.97610
nist-epub-0008,4,81,1507,1515,0.99472
nist-epub-0008,4,82,1662,1503,1.10579
nist-epub-0008,4,83,1479,1526,0.96920
nist-epub-0008,4,84,1552,2139,0.72557
nist-epub-0008,4,85,1475,1537,0.95966
nist-epub-0008,4,86,1640,1484,1.10512
nist-epub-0008,4,87,1569,1533,1.02348
nist-epub-0008,4,88,1588,1701,0.93357
nist-epub-0008,4,89,1528,1532,0.99739
nist-epub-0008,4,90,1464,1498,0.97730
nist-epub-0008,4,91,1476,1492,0.98928
nist-epub-0008,4,92,1515,1515,1.00000
nist-epub-0008,4,93,1508,2194,0.68733
nist-epub-0008,4,94,1538,1578,0.97465
nist-epub-0008,4,95,1470,1545,0.95146
nist-epub-0008,4,96,1753,1613,1.08679
nist-epub-0008,4,97,1595,1673,0.95338
nist-epub-0008,4,98,1628,1674,0.97252
nist-epub-0008,4,99,1743,2141,0.81411
nist-epub-0008,4,100,1640,1981,0.82786
nist-epub-0009,4,1,6069,2936,2.06710
nist-epub-0009,4,2,5926,2909,2.03713
nist-epub-0009,4,3,5840,2924,1.99726
nist-epub-0009,4,4,6314,2846,2.21855
nist-epub-0009,4,5,5778,3255,1.77512
nist-epub-0009,4,6,6844,2857,2.39552
nist-epub-0009,4,7,5910,2903,2.03583
nist-epub-0009,4,8,7004,2788,2.51220
nist-epub-0009,4,9,5821,2909,2.00103
nist-epub-0009,4,10,5852,2743,2.13343
nist-epub-0009,4,11,6644,3068,2.16558
nist-epub-0009,4,12,6278,2802,2.24054
nist-epub-0009,4,13,5989,2882,2.07807
nist-epub-0009,4,14,6136,3274,1.87416
nist-epub-0009,4,15,5990,3066,1.95369
nist-epub-0009,4,16,6264,2936,2.13351
nist-epub-0009,4,17,6749,2960,2.28007
nist-epub-0009,4,18,5945,2986,1.99096
nist-epub-0009,4,19,5865,3138,1.86902
nist-epub-0009,4,20,6164,2848,2.16433
nist-epub-0009,4,21,6022,3002,2.00600
nist-epub-0009,4,22,6057,2865,2.11414
nist-epub-0009,4,23,5854,3171,1.84611
nist-epub-0009,4,24,6533,3060,2.13497
nist-epub-0009,4,25,6123,3042,2.01282
nist-epub-0009,4,26,6066,3090,1.96311
nist-epub-0009,4,27,6082,2902,2.09580
nist-epub-0009,4,28,6101,3188,1.91374
nist-epub-0009,4,29,6444,2890,2.22976
nist-epub-0009,4,30,6002,3680,1.63098
nist-epub-0009,4,31,6280,2913,2.15585
nist-epub-0009,4,32,6600,3945,1.67300
nist-epub-0009,4,33,6667,2807,2.37513
nist-epub-0009,4,34,6068,3045,1.99278
nist-epub-0009,4,35,6479,3338,1.94098
nist-epub-0009,4,36,5616,2794,2.01002
nist-epub-0009,4,37,5955,2508,2.37440
nist-epub-0009,4,38,6196,2671,2.31973
nist-epub-0009,4,39,5964,2521,2.36573
nist-epub-0009,4,40,6478,2724,2.37812
nist-epub-0009,4,41,5728,2510,2.28207
nist-epub-0009,4,42,5693,2504,2.27356
nist-epub-0009,4,43,6040,2754,2.19317
nist-epub-0009,4,44,6010,2649,2.26878
nist-epub-0009,4,45,6241,2768,2.25470
nist-epub-0009,4,46,6653,2672,2.48990
nist-epub-0009,4,47,5923,2865,2.06736
nist-epub-0009,4,48,6048,3646,1.65880
nist-epub-0009,4,49,6058,2898,2.09041
nist-epub-0009,4,50,5932,2789,2.12693
nist-epub-0009,4,51,5997,2605,2.30211
nist-epub-0009,4,52,6119,2750,2.22509
nist-epub-0009,4,53,5817,2696,2.15764
nist-epub-0009,4,54,6695,2528,2.64834
nist-epub-0009,4,55,6033,2896,2.08322
nist-epub-0009,4,56,6122,3153,1.94164
nist-epub-0009,4,57,5729,3026,1.89326
nist-epub-0009,4,58,6026,2620,2.30000
nist-epub-0009,4,59,5897,2885,2.04402
nist-epub-0009,4,60,6241,2724,2.29112
nist-epub-0009,4,61,5607,2964,1.89170
nist-epub-0009,4,62,6126,2569,2.38459
nist-epub-0009,4,63,6203,2966,2.09137
nist-epub-0009,4,64,5937,2579,2.30206
nist-epub-0009,4,65,6255,2769,2.25894
nist-epub-0009,4,66,6297,3104,2.02867
nist-epub-0009,4,67,6276,2998,2.09340
nist-epub-0009,4,68,6043,3776,1.60037
nist-epub-0009,4,69,6250,3104,2.01353
nist-epub-0009,4,70,6252,3194,1.95742
nist-epub-0009,4,71,6258,3436,1.82130
nist-epub-0009,4,72,6652,3421,1.94446
nist-epub-0009,4,73,6158,3392,1.81545
nist-epub-0009,4,74,6473,3043,2.12718
nist-epub-0009,4,75,6252,2980,2.09799
nist-epub-0009,4,76,5731,3133,1.82924
nist-epub-0009,4,77,6656,3162,2.10500
nist-epub-0009,4,78,6546,3155,2.07480
nist-epub-0009,4,79,6316,2670,2.36554
nist-epub-0009,4,80,5727,2973,1.92634
nist-epub-0009,4,81,6026,2815,2.14067
nist-epub-0009,4,82,5763,2792,2.06411
nist-epub-0009,4,83,6100,2729,2.23525
nist-epub-0009,4,84,6480,2462,2.63201
nist-epub-0009,4,85,5628,2583,2.17886
nist-epub-0009,4,86,6449,2548,2.53100
nist-epub-0009,4,87,6337,2690,2.35576
nist-epub-0009,4,88,5922,2535,2.33609
nist-epub-0009,4,89,6176,2836,2.17772
nist-epub-0009,4,90,6387,2583,2.47271
nist-epub-0009,4,91,5697,2503,2.27607
nist-epub-0009,4,92,5860,2620,2.23664
nist-epub-0009,4,93,5759,2564,2.24610
nist-epub-0009,4,94,5886,2675,2.20037
nist-epub-0009,4,95,6353,2877,2.20820
nist-epub-0009,4,96,6079,2774,2.19142
nist-epub-0009,4,97,6025,3292,1.83019
nist-epub-0009,4,98,6314,3220,1.96087
nist-epub-0009,4,99,6404,2919,2.19390
nist-epub-0009,4,100,5817,2682,2.16890
nist-pdf-0002,4,1,1546,1534,1.00782
nist-pdf-0002,4,2,1599,1464,1.09221
nist-pdf-0002,4,3,1436,1515,0.94785
nist-pdf-0002,4,4,1450,1432,1.01257
nist-pdf-0002,4,5,1565,1664,0.94050
nist-pdf-0002,4,6,1532,1588,0.96474
nist-pdf-0002,4,7,1582,1794,0.88183
nist-pdf-0002,4,8,1464,1495,0.97926
nist-pdf-0002,4,9,1475,2214,0.66621
nist-pdf-0002,4,10,1497,1667,0.89802
nist-pdf-0002,4,11,1504,1517,0.99143
nist-pdf-0002,4,12,1450,1569,0.92416
nist-pdf-0002,4,13,1511,1671,0.90425
nist-pdf-0002,4,14,1524,1517,1.00461
nist-pdf-0002,4,15,1395,1526,0.91415
nist-pdf-0002,4,16,1419,1503,0.94411
nist-pdf-0002,4,17,1513,1698,0.89105
nist-pdf-0002,4,18,1435,1602,0.89576
nist-pdf-0002,4,19,1577,1591,0.99120
nist-pdf-0002,4,20,1494,1564,0.95524
nist-pdf-0002,4,21,1477,1636,0.90281
nist-pdf-0002,4,22,1544,1446,1.06777
nist-pdf-0002,4,23,1392,1609,0.86513
nist-pdf-0002,4,24,1431,1509,0.94831
nist-pdf-0002,4,25,1465,1527,0.95940
nist-pdf-0002,4,26,1461,1518,0.96245
nist-pdf-0002,4,27,1477,1697,0.87036
nist-pdf-0002,4,28,1468,1540,0.95325
nist-pdf-0002,4,29,1604,1540,1.04156
nist-pdf-0002,4,30,1453,1595,0.91097
nist-pdf-0002,4,31,1480,1532,0.96606
nist-pdf-0002,4,32,1389,1558,0.89153
nist-pdf-0002,4,33,1455,1556,0.93509
nist-pdf-0002,4,34,1484,1612,0.92060
nist-pdf-0002,4,35,1410,1527,0.92338
nist-pdf-0002,4,36,1463,1466,0.99795
nist-pdf-0002,4,37,1564,1566,0.99872
nist-pdf-0002,4,38,1443,2192,0.65830
nist-pdf-0002,4,39,1452,1479,0.98174
nist-pdf-0002,4,40,1478,1945,0.75990
nist-pdf-0002,4,41,1416,1423,0.99508
nist-pdf-0002,4,42,1474,1508,0.97745
nist-pdf-0002,4,43,1554,1583,0.98168
nist-pdf-0002,4,44,1402,1522,0.92116
nist-pdf-0002,4,45,1456,1591,0.91515
nist-pdf-0002,4,46,1490,1599,0.93183
nist-pdf-0002,4,47,1425,1503,0.94810
nist-pdf-0002,4,48,1559,1644,0.94830
nist-pdf-0002,4,49,1500,1571,0.95481
nist-pdf-0002,4,50,1495,1549,0.96514
nist-pdf-0002,4,51,1457,1631,0.89332
nist-pdf-0002,4,52,1457,1609,0.90553
nist-pdf-0002,4,53,1487,1429,1.04059
nist-pdf-0002,4,54,1471,1547,0.95087
nist-pdf-0002,4,55,1487,1499,0.99199
nist-pdf-0002,4,56,1505,1438,1.04659
nist-pdf-0002,4,57,1502,1480,1.01486
nist-pdf-0002,4,58,1465,1497,0.97862
nist-pdf-0002,4,59,1506,1500,1.00400
nist-pdf-0002,4,60,1456,1500,0.97067
nist-pdf-0002,4,61,1386,1648,0.84102
nist-pdf-0002,4,62,1674,1554,1.07722
nist-pdf-0002,4,63,1469,1693,0.86769
nist-pdf-0002,4,64,1655,1576,1.05013
nist-pdf-0002,4,65,1478,1645,0.89848
nist-pdf-0002,4,66,1464,1524,0.96063
nist-pdf-0002,4,67,1567,1571,0.99745
nist-pdf-0002,4,68,1539,1597,0.96368
nist-pdf-0002,4,69,1465,1518,0.96509
nist-pdf-0002,4,70,1633,1603,1.01871
nist-pdf-0002,4,71,1503,1569,0.95793
nist-pdf-0002,4,72,1485,1608,0.92351
nist-pdf-0002,4,73,1442,1689,0.85376
nist-pdf-0002,4,74,1633,1601,1.01999
nist-pdf-0002,4,75,1492,1534,0.97262
nist-pdf-0002,4,76,1447,1602,0.90325
nist-pdf-0002,4,77,1503,1617,0.92950
nist-pdf-0002,4,78,1483,1643,0.90262
nist-pdf-0002,4,79,1442,1561,0.92377
nist-pdf-0002,4,80,1423,1492,0.95375
nist-pdf-0002,4,81,1429,1609,0.88813
nist-pdf-0002,4,82,1392,1458,0.95473
nist-pdf-0002,4,83,1483,1653,0.89716
nist-pdf-0002,4,84,1506,1547,0.97350
nist-pdf-0002,4,85,1450,1605,0.90343
nist-pdf-0002,4,86,1532,1623,0.94393
nist-pdf-0002,4,87,1578,1513,1.04296
nist-pdf-0002,4,88,1470,1445,1.01730
nist-pdf-0002,4,89,1436,1426,1.00701
nist-pdf-0002,4,90,1542,1573,0.98029
nist-pdf-0002,4,91,1509,1641,0.91956
nist-pdf-0002,4,92,1525,1563,0.97569
nist-pdf-0002,4,93,1464,2063,0.70965
nist-pdf-0002,4,94,1542,1661,0.92836
nist-pdf-0002,4,95,1614,1592,1.01382
nist-pdf-0002,4,96,1535,1481,1.03646
nist-pdf-0002,4,97,1558,1687,0.92353
nist-pdf-0002,4,98,1459,1539,0.94802
nist-pdf-0002,4,99,1439,1507,0.95488
nist-pdf-0002,4,100,1554,1511,1.02846
nist-pdf-0004,4,1,3244,2009,1.61473
nist-pdf-0004,4,2,3202,2050,1.56195
nist-pdf-0004,4,3,3041,1845,1.64824
nist-pdf-0004,4,4,2945,1758,1.67520
nist-pdf-0004,4,5,2936,1721,1.70598
nist-pdf-0004,4,6,3230,1806,1.78848
nist-pdf-0004,4,7,3037,2104,1.44344
nist-pdf-0004,4,8,3442,2165,1.58984
nist-pdf-0004,4,9,3129,2319,1.34929
nist-pdf-0004,4,10,3250,2134,1.52296
nist-pdf-0004,4,11,3136,2213,1.41708
nist-pdf-0004,4,12,3276,1996,1.64128
nist-pdf-0004,4,13,3863,2201,1.75511
nist-pdf-0004,4,14,3258,2087,1.56109
nist-pdf-0004,4,15,3180,2233,1.42409
nist-pdf-0004,4,16,3053,2149,1.42066
nist-pdf-0004,4,17,3219,2274,1.41557
nist-pdf-0004,4,18,3157,2001,1.57771
nist-pdf-0004,4,19,3117,1997,1.56084
nist-pdf-0004,4,20,4103,2118,1.93720
nist-pdf-0004,4,21,3197,2050,1.55951
nist-pdf-0004,4,22,3213,2189,1.46779
nist-pdf-0004,4,23,3229,1976,1.63411
nist-pdf-0004,4,24,3257,2262,1.43988
nist-pdf-0004,4,25,3227,2300,1.40304
nist-pdf-0004,4,26,3206,2083,1.53913
nist-pdf-0004,4,27,3886,2214,1.75519
nist-pdf-0004,4,28,3138,2073,1.51375
nist-pdf-0004,4,29,3253,2134,1.52437
nist-pdf-0004,4,30,3213,2016,1.59375
nist-pdf-0004,4,31,3034,2140,1.41776
nist-pdf-0004,4,32,3290,2573,1.27866
nist-pdf-0004,4,33,3234,2445,1.32270
nist-pdf-0004,4,34,3380,2232,1.51434
nist-pdf-0004,4,35,3237,2212,1.46338
nist-pdf-0004,4,36,3249,2404,1.35150
nist-pdf-0004,4,37,3225,2148,1.50140
nist-pdf-0004,4,38,3197,2230,1.43363
nist-pdf-0004,4,39,3278,2212,1.48192
nist-pdf-0004,4,40,3471,2198,1.57916
nist-pdf-0004,4,41,3229,2830,1.14099
nist-pdf-0004,4,42,3251,2260,1.43850
nist-pdf-0004,4,43,3266,2076,1.57322
nist-pdf-0004,4,44,3162,2042,1.54848
nist-pdf-0004,4,45,3248,2041,1.59138
nist-pdf-0004,4,46,3115,2054,1.51655
nist-pdf-0004,4,47,3937,2178,1.80762
nist-pdf-0004,4,48,3274,2233,1.46619
nist-pdf-0004,4,49,3229,2395,1.34823
nist-pdf-0004,4,50,3334,2144,1.55504
nist-pdf-0004,4,51,3320,2076,1.59923
nist-pdf-0004,4,52,3084,2076,1.48555
nist-pdf-0004,4,53,3211,2117,1.51677
nist-pdf-0004,4,54,3388,2239,1.51318
nist-pdf-0004,4,55,3481,2255,1.54368
nist-pdf-0004,4,56,3190,2089,1.52705
nist-pdf-0004,4,57,3110,2028,1.53353
nist-pdf-0004,4,58,3188,2000,1.59400
nist-pdf-0004,4,59,3103,2017,1.53842
nist-pdf-0004,4,60,3286,2168,1.51568
nist-pdf-0004,4,61,3114,2080,1.49712
nist-pdf-0004,4,62,3137,2181,1.43833
nist-pdf-0004,4,63,3220,2253,1.42921
nist-pdf-0004,4,64,3174,2214,1.43360
nist-pdf-0004,4,65,3030,2350,1.28936
nist-pdf-0004,4,66,3162,2127,1.48660
nist-pdf-0004,4,67,3605,2196,1.64162
nist-pdf-0004,4,68,3183,2006,1.58674
nist-pdf-0004,4,69,3170,2363,1.34152
nist-pdf-0004,4,70,3044,2135,1.42576
nist-pdf-0004,4,71,3281,2162,1.51758
nist-pdf-0004,4,72,3131,2218,1.41163
nist-pdf-0004,4,73,3091,2221,1.39172
nist-pdf-0004,4,74,3014,2126,1.41769
nist-pdf-0004,4,75,3250,2105,1.54394
nist-pdf-0004,4,76,3209,2143,1.49743
nist-pdf-0004,4,77,3106,2114,1.46925
nist-pdf-0004,4,78,3272,2093,1.56331
nist-pdf-0004,4,79,3075,1984,1.54990
nist-pdf-0004,4,80,3167,2197,1.44151
nist-pdf-0004,4,81,3118,2117,1.47284
nist-pdf-0004,4,82,3105,2057,1.50948
nist-pdf-0004,4,83,3145,2093,1.50263
nist-pdf-0004,4,84,3259,2203,1.47935
nist-pdf-0004,4,85,3186,1992,1.59940
nist-pdf-0004,4,86,3245,1915,1.69452
nist-pdf-0004,4,87,3119,2245,1.38931
nist-pdf-0004,4,88,3158,2044,1.54501
nist-pdf-0004,4,89,3297,2049,1.60908
nist-pdf-0004,4,90,3217,2282,1.40973
nist-pdf-0004,4,91,3358,2092,1.60516
nist-pdf-0004,4,92,3197,1924,1.66164
nist-pdf-0004,4,93,3320,2204,1.50635
nist-pdf-0004,4,94,3119,2231,1.39803
nist-pdf-0004,4,95,3168,2396,1.32220
nist-pdf-0004,4,96,3445,2072,1.66264
nist-pdf-0004,4,97,3161,2138,1.47848
nist-pdf-0004,4,98,3241,2049,1.58175
nist-pdf-0004,4,99,3694,2008,1.83964
nist-pdf-0004,4,100,3224,2048,1.57422
nist-pdf-0016,4,1,1573,1505,1.04518
nist-pdf-0016,4,2,1831,1546,1.18435
nist-pdf-0016,4,3,1691,1561,1.08328
nist-pdf-0016,4,4,1535,1479,1.03786
nist-pdf-0016,4,5,1629,1593,1.02260
nist-pdf-0016,4,6,1518,1576,0.96320
nist-pdf-0016,4,7,1618,1568,1.03189
nist-pdf-0016,4,8,1526,1525,1.00066
nist-pdf-0016,4,9,1467,1555,0.94341
nist-pdf-0016,4,10,1650,1516,1.08839
nist-pdf-0016,4,11,1554,1530,1.01569
nist-pdf-0016,4,12,1579,1585,0.99621
nist-pdf-0016,4,13,1513,1558,0.97112
nist-pdf-0016,4,14,1579,1549,1.01937
nist-pdf-0016,4,15,1619,1583,1.02274
nist-pdf-0016,4,16,1476,1498,0.98531
nist-pdf-0016,4,17,1468,1476,0.99458
nist-pdf-0016,4,18,1608,1627,0.98832
nist-pdf-0016,4,19,1577,1574,1.00191
nist-pdf-0016,4,20,1523,1541,0.98832
nist-pdf-0016,4,21,1621,1626,0.99692
nist-pdf-0016,4,22,1512,1549,0.97611
nist-pdf-0016,4,23,1527,1586,0.96280
nist-pdf-0016,4,24,1860,1516,1.22691
nist-pdf-0016,4,25,1590,1492,1.06568
nist-pdf-0016,4,26,1623,1485,1.09293
nist-pdf-0016,4,27,1512,2553,0.59224
nist-pdf-0016,4,28,1546,1555,0.99421
nist-pdf-0016,4,29,2073,1501,1.38108
nist-pdf-0016,4,30,1471,1649,0.89206
nist-pdf-0016,4,31,1560,1439,1.08409
nist-pdf-0016,4,32,1479,1479,1.00000
nist-pdf-0016,4,33,1540,1538,1.00130
nist-pdf-0016,4,34,1461,1529,0.95553
nist-pdf-0016,4,35,1508,1590,0.94843
nist-pdf-0016,4,36,1602,1595,1.00439
nist-pdf-0016,4,37,1568,1502,1.04394
nist-pdf-0016,4,38,2117,1582,1.33818
nist-pdf-0016,4,39,1558,1515,1.02838
nist-pdf-0016,4,40,1596,1561,1.02242
nist-pdf-0016,4,41,1634,1641,0.99573
nist-pdf-0016,4,42,1652,1467,1.12611
nist-pdf-0016,4,43,1491,1471,1.01360
nist-pdf-0016,4,44,1547,1544,1.00194
nist-pdf-0016,4,45,1526,1533,0.99543
nist-pdf-0016,4,46,1613,1576,1.02348
nist-pdf-0016,4,47,1570,1618,0.97033
nist-pdf-0016,4,48,1572,2256,0.69681
nist-pdf-0016,4,49,1552,1500,1.03467
nist-pdf-0016,4,50,1565,1598,0.97935
nist-pdf-0016,4,51,1574,1549,1.01614
nist-pdf-0016,4,52,1678,1635,1.02630
nist-pdf-0016,4,53,1539,1670,0.92156
nist-pdf-0016,4,54,1710,1488,1.14919
nist-pdf-0016,4,55,1611,1496,1.07687
nist-pdf-0016,4,56,1542,1666,0.92557
nist-pdf-0016,4,57,1697,1556,1.09062
nist-pdf-0016,4,58,1519,1739,0.87349
nist-pdf-0016,4,59,1491,1652,0.90254
nist-pdf-0016,4,60,1482,1532,0.96736
nist-pdf-0016,4,61,1480,1688,0.87678
nist-pdf-0016,4,62,1621,1495,1.08428
nist-pdf-0016,4,63,1807,1545,1.16958
nist-pdf-0016,4,64,1534,1458,1.05213
nist-pdf-0016,4,65,1521,1537,0.98959
nist-pdf-0016,4,66,1591,1513,1.05155
nist-pdf-0016,4,67,1622,1542,1.05188
nist-pdf-0016,4,68,1525,1496,1.01939
nist-pdf-0016,4,69,1632,1663,0.98136
nist-pdf-0016,4,70,1522,1839,0.82762
nist-pdf-0016,4,71,1598,1485,1.07609
nist-pdf-0016,4,72,1490,1631,0.91355
nist-pdf-0016,4,73,1648,1528,1.07853
nist-pdf-0016,4,74,1619,1544,1.04858
nist-pdf-0016,4,75,1549,1609,0.96271
nist-pdf-0016,4,76,1462,1604,0.91147
nist-pdf-0016,4,77,1622,1559,1.04041
nist-pdf-0016,4,78,1533,1508,1.01658
nist-pdf-0016,4,79,1514,1605,0.94330
nist-pdf-0016,4,80,1522,1567,0.97128
nist-pdf-0016,4,81,1566,1608,0.97388
nist-pdf-0016,4,82,1520,1461,1.04038
nist-pdf-0016,4,83,1603,1509,1.06229
nist-pdf-0016,4,84,1534,1456,1.05357
nist-pdf-0016,4,85,1537,1521,1.01052
nist-pdf-0016,4,86,1705,1489,1.14506
nist-pdf-0016,4,87,1437,1574,0.91296
nist-pdf-0016,4,88,1554,1566,0.99234
nist-pdf-0016,4,89,1539,1467,1.04908
nist-pdf-0016,4,90,1499,1481,1.01215
nist-pdf-0016,4,91,1531,1694,0.90378
nist-pdf-0016,4,92,1643,1610,1.02050
nist-pdf-0016,4,93,1574,1477,1.06567
nist-pdf-0016,4,94,1507,1465,1.02867
nist-pdf-0016,4,95,1476,1649,0.89509
nist-pdf-0016,4,96,1557,1549,1.00516
nist-pdf-0016,4,97,1520,1517,1.00198
nist-pdf-0016,4,98,1504,1600,0.94000
nist-pdf-0016,4,99,1524,1555,0.98006
nist-pdf-0016,4,100,1531,1629,0.93984
nist-pdf-0017,4,1,4086,2428,1.68287
nist-pdf-0017,4,2,4172,2139,1.95044
nist-pdf-0017,4,3,4251,2197,1.93491
nist-pdf-0017,4,4,4059,2287,1.77481
nist-pdf-0017,4,5,3926,2018,1.94549
nist-pdf-0017,4,6,3807,2134,1.78397
nist-pdf-0017,4,7,3827,2249,1.70165
nist-pdf-0017,4,8,3871,2073,1.86734
nist-pdf-0017,4,9,3807,2440,1.56025
nist-pdf-0017,4,10,3812,2142,1.77965
nist-pdf-0017,4,11,3790,2255,1.68071
nist-pdf-0017,4,12,3822,2479,1.54175
nist-pdf-0017,4,13,3799,2226,1.70665
nist-pdf-0017,4,14,3993,2231,1.78978
nist-pdf-0017,4,15,3806,2235,1.70291
nist-pdf-0017,4,16,3979,1890,2.10529
nist-pdf-0017,4,17,4001,2488,1.60812
nist-pdf-0017,4,18,3950,2051,1.92589
nist-pdf-0017,4,19,3761,2128,1.76739
nist-pdf-0017,4,20,3707,2135,1.73630
nist-pdf-0017,4,21,3775,1975,1.91139
nist-pdf-0017,4,22,3918,2470,1.58623
nist-pdf-0017,4,23,3844,2132,1.80300
nist-pdf-0017,4,24,4046,2254,1.79503
nist-pdf-0017,4,25,3838,2165,1.77275
nist-pdf-0017,4,26,3853,2210,1.74344
nist-pdf-0017,4,27,3948,2019,1.95542
nist-pdf-0017,4,28,3812,2077,1.83534
nist-pdf-0017,4,29,3937,2318,1.69845
nist-pdf-0017,4,30,3871,2097,1.84597
nist-pdf-0017,4,31,3931,2070,1.89903
nist-pdf-0017,4,32,3920,2229,1.75864
nist-pdf-0017,4,33,3976,2483,1.60129
nist-pdf-0017,4,34,4157,2477,1.67824
nist-pdf-0017,4,35,4009,2231,1.79695
nist-pdf-0017,4,36,4105,2253,1.82202
nist-pdf-0017,4,37,3920,2157,1.81734
nist-pdf-0017,4,38,3898,2376,1.64057
nist-pdf-0017,4,39,3936,2499,1.57503
nist-pdf-0017,4,40,4069,2449,1.66149
nist-pdf-0017,4,41,4053,2443,1.65903
nist-pdf-0017,4,42,4005,2280,1.75658
nist-pdf-0017,4,43,3950,2214,1.78410
nist-pdf-0017,4,44,4213,2409,1.74886
nist-pdf-0017,4,45,3952,2198,1.79800
nist-pdf-0017,4,46,4216,2452,1.71941
nist-pdf-0017,4,47,4063,2295,1.77037
nist-pdf-0017,4,48,4057,2459,1.64986
nist-pdf-0017,4,49,4078,2456,1.66042
nist-pdf-0017,4,50,4064,2346,1.73231
nist-pdf-0017,4,51,4121,2337,1.76337
nist-pdf-0017,4,52,4168,2344,1.77816
nist-pdf-0017,4,53,4051,2646,1.53099
nist-pdf-0017,4,54,4068,2364,1.72081
nist-pdf-0017,4,55,3989,2351,1.69672
nist-pdf-0017,4,56,3991,2264,1.76281
nist-pdf-0017,4,57,3891,2416,1.61051
nist-pdf-0017,4,58,4135,2664,1.55218
nist-pdf-0017,4,59,4633,2423,1.91209
nist-pdf-0017,4,60,4170,2590,1.61004
nist-pdf-0017,4,61,4261,2235,1.90649
nist-pdf-0017,4,62,4139,2271,1.82255
nist-pdf-0017,4,63,3968,2454,1.61695
nist-pdf-0017,4,64,4387,2233,1.96462
nist-pdf-0017,4,65,3993,2700,1.47889
nist-pdf-0017,4,66,4142,2364,1.75212
nist-pdf-0017,4,67,3998,2215,1.80497
nist-pdf-0017,4,68,3880,2252,1.72291
nist-pdf-0017,4,69,4047,2570,1.57471
nist-pdf-0017,4,70,4137,2217,1.86604
nist-pdf-0017,4,71,3826,2471,1.54836
nist-pdf-0017,4,72,4107,2600,1.57962
nist-pdf-0017,4,73,4029,2407,1.67387
nist-pdf-0017,4,74,4107,2499,1.64346
nist-pdf-0017,4,75,3999,2450,1.63224
nist-pdf-0017,4,76,4020,2333,1.72310
nist-pdf-0017,4,77,4101,2335,1.75632
nist-pdf-0017,4,78,4117,2395,1.71900
nist-pdf-0017,4,79,4119,2387,1.72560
nist-pdf-0017,4,80,4203,2506,1.67717
nist-pdf-0017,4,81,3912,2383,1.64163
nist-pdf-0017,4,82,4071,2347,1.73455
nist-pdf-0017,4,83,4205,3014,1.39516
nist-pdf-0017,4,84,4232,2429,1.74228
nist-pdf-0017,4,85,4248,3033,1.40059
nist-pdf-0017,4,86,4415,2181,2.02430
nist-pdf-0017,4,87,4114,2288,1.79808
nist-pdf-0017,4,88,3969,2325,1.70710
nist-pdf-0017,4,89,4302,2251,1.91115
nist-pdf-0017,4,90,3971,2425,1.63753
nist-pdf-0017,4,91,3921,2362,1.66003
nist-pdf-0017,4,92,4081,1930,2.11451
nist-pdf-0017,4,93,3966,2159,1.83696
nist-pdf-0017,4,94,3857,2442,1.57944
nist-pdf-0017,4,95,3909,2119,1.84474
nist-pdf-0017,4,96,3923,2185,1.79542
nist-pdf-0017,4,97,3949,1964,2.01069
nist-pdf-0017,4,98,3929,2191,1.79325
nist-pdf-0017,4,99,3809,2146,1.77493
nist-pdf-0017,4,100,3753,2121,1.76945
nist-docx-0005,5,1,1446,1657,0.87266
nist-docx-0005,5,2,1324,1728,0.76620
nist-docx-0005,5,3,1392,1644,0.84672
nist-docx-0005,5,4,1352,1662,0.81348
nist-docx-0005,5,5,1344,1675,0.80239
nist-docx-0005,5,6,1301,1632,0.79718
nist-docx-0005,5,7,1318,1659,0.79445
nist-docx-0005,5,8,1251,1602,0.78090
nist-docx-0005,5,9,1299,1748,0.74314
nist-docx-0005,5,10,1320,1686,0.78292
nist-docx-0005,5,11,1306,1779,0.73412
nist-docx-0005,5,12,1432,1789,0.80045
nist-docx-0005,5,13,1431,1847,0.77477
nist-docx-0005,5,14,1430,1869,0.76512
nist-docx-0005,5,15,1406,1759,0.79932
nist-docx-0005,5,16,1319,1784,0.73935
nist-docx-0005,5,17,1308,1690,0.77396
nist-docx-0005,5,18,1374,1619,0.84867
nist-docx-0005,5,19,1329,1717,0.77402
nist-docx-0005,5,20,1333,1810,0.73646
nist-docx-0005,5,21,1388,1682,0.82521
nist-docx-0005,5,22,1337,1730,0.77283
nist-docx-0005,5,23,1287,1707,0.75395
nist-docx-0005,5,24,1376,1658,0.82992
nist-docx-0005,5,25,1425,1705,0.83578
nist-docx-0005,5,26,1302,1688,0.77133
nist-docx-0005,5,27,1362,1648,0.82646
nist-docx-0005,5,28,1464,1612,0.90819
nist-docx-0005,5,29,1362,1780,0.76517
nist-docx-0005,5,30,1444,1799,0.80267
nist-docx-0005,5,31,1360,1890,0.71958
nist-docx-0005,5,32,1394,1737,0.80253
nist-docx-0005,5,33,1384,1811,0.76422
nist-docx-0005,5,34,1431,1741,0.82194
nist-docx-0005,5,35,1481,1729,0.85656
nist-docx-0005,5,36,1371,1698,0.80742
nist-docx-0005,5,37,1424,1738,0.81933
nist-docx-0005,5,38,1513,1883,0.80351
nist-docx-0005,5,39,1354,1695,0.79882
nist-docx-0005,5,40,1614,1730,0.93295
nist-docx-0005,5,41,1368,1729,0.79121
nist-docx-0005,5,42,1823,1811,1.00663
nist-docx-0005,5,43,1484,1782,0.83277
nist-docx-0005,5,44,1373,1723,0.79687
nist-docx-0005,5,45,1379,1794,0.76867
nist-docx-0005,5,46,1421,1732,0.82044
nist-docx-0005,5,47,1404,2310,0.60779
nist-docx-0005,5,48,1410,1838,0.76714
nist-docx-0005,5,49,1424,1814,0.78501
nist-docx-0005,5,50,1398,1716,0.81469
nist-docx-0005,5,51,1364,1771,0.77019
nist-docx-0005,5,52,1400,1948,0.71869
nist-docx-0005,5,53,1461,1963,0.74427
nist-docx-0005,5,54,1380,1811,0.76201
nist-docx-0005,5,55,1284,1801,0.71294
nist-docx-0005,5,56,1356,1645,0.82432
nist-docx-0005,5,57,1379,1655,0.83323
nist-docx-0005,5,58,1449,1691,0.85689
nist-docx-0005,5,59,1403,1761,0.79671
nist-docx-0005,5,60,1432,1779,0.80495
nist-docx-0005,5,61,1357,1788,0.75895
nist-docx-0005,5,62,1329,1760,0.75511
nist-docx-0005,5,63,1357,1722,0.78804
nist-docx-0005,5,64,1412,1829,0.77201
nist-docx-0005,5,65,1432,1894,0.75607
nist-docx-0005,5,66,1342,1678,0.79976
nist-docx-0005,5,67,1406,1638,0.85836
nist-docx-0005,5,68,1386,1789,0.77473
nist-docx-0005,5,69,1403,1622,0.86498
nist-docx-0005,5,70,1404,1585,0.88580
nist-docx-0005,5,71,1311,1762,0.74404
nist-docx-0005,5,72,1267,1635,0.77492
nist-docx-0005,5,73,1281,1576,0.81282
nist-docx-0005,5,74,1395,1914,0.72884
nist-docx-0005,5,75,1533,1689,0.90764
nist-docx-0005,5,76,1330,1627,0.81746
nist-docx-0005,5,77,1296,1719,0.75393
nist-docx-0005,5,78,1373,1666,0.82413
nist-docx-0005,5,79,1298,1790,0.72514
nist-docx-0005,5,80,1421,1672,0.84988
nist-docx-0005,5,81,1436,1687,0.85122
nist-docx-0005,5,82,1410,1775,0.79437
nist-docx-0005,5,83,1366,1782,0.76655
nist-docx-0005,5,84,1389,1680,0.82679
nist-docx-0005,5,85,1295,1779,0.72794
nist-docx-0005,5,86,1386,1804,0.76829
nist-docx-0005,5,87,1351,1809,0.74682
nist-docx-0005,5,88,1436,1713,0.83830
nist-docx-0005,5,89,1321,1780,0.74213
nist-docx-0005,5,90,1433,1725,0.83072
nist-docx-0005,5,91,1427,1784,0.79989
nist-docx-0005,5,92,1309,1814,0.72161
nist-docx-0005,5,93,1390,1718,0.80908
nist-docx-0005,5,94,1427,1739,0.82059
nist-docx-0005,5,95,1580,1806,0.87486
nist-docx-0005,5,96,1741,1848,0.94210
nist-docx-0005,5,97,1455,1733,0.83958
nist-docx-0005,5,98,1363,1729,0.78832
nist-docx-0005,5,99,1296,1752,0.73973
nist-docx-0005,5,100,1401,1750,0.80057
nist-docx-0008,5,1,1150,1625,0.70769
nist-docx-0008,5,2,1089,1579,0.68968
nist-docx-0008,5,3,1080,1619,0.66708
nist-docx-0008,5,4,1169,1566,0.74649
nist-docx-0008,5,5,1133,1533,0.73907
nist-docx-0008,5,6,1055,1518,0.69499
nist-docx-0008,5,7,1105,1543,0.71614
nist-docx-0008,5,8,1116,1748,0.63844
nist-docx-0008,5,9,1028,1800,0.57111
nist-docx-0008,5,10,1081,1580,0.68418
nist-docx-0008,5,11,1064,1522,0.69908
nist-docx-0008,5,12,1084,1541,0.70344
nist-docx-0008,5,13,1171,1520,0.77039
nist-docx-0008,5,14,1144,1620,0.70617
nist-docx-0008,5,15,1070,1621,0.66009
nist-docx-0008,5,16,1112,1690,0.65799
nist-docx-0008,5,17,1256,1754,0.71608
nist-docx-0008,5,18,1165,1662,0.70096
nist-docx-0008,5,19,1134,1616,0.70173
nist-docx-0008,5,20,1150,1619,0.71032
nist-docx-0008,5,21,1183,1639,0.72178
nist-docx-0008,5,22,1133,1549,0.73144
nist-docx-0008,5,23,1121,1568,0.71492
nist-docx-0008,5,24,1065,1582,0.67320
nist-docx-0008,5,25,1081,1549,0.69787
nist-docx-0008,5,26,1167,2237,0.52168
nist-docx-0008,5,27,1107,1556,0.71144
nist-docx-0008,5,28,1124,1615,0.69598
nist-docx-0008,5,29,1036,1712,0.60514
nist-docx-0008,5,30,1154,1685,0.68487
nist-docx-0008,5,31,1130,1722,0.65621
nist-docx-0008,5,32,1171,1667,0.70246
nist-docx-0008,5,33,2225,1673,1.32995
nist-docx-0008,5,34,1262,1599,0.78924
nist-docx-0008,5,35,1150,1585,0.72555
nist-docx-0008,5,36,1088,1745,0.62350
nist-docx-0008,5,37,1113,1619,0.68746
nist-docx-0008,5,38,1130,1698,0.66549
nist-docx-0008,5,39,1178,1606,0.73350
nist-docx-0008,5,40,1101,1650,0.66727
nist-docx-0008,5,41,1267,1606,0.78892
nist-docx-0008,5,42,1190,1825,0.65205
nist-docx-0008,5,43,1289,2115,0.60946
nist-docx-0008,5,44,1531,1799,0.85103
nist-docx-0008,5,45,1279,1601,0.79888
nist-docx-0008,5,46,1117,1716,0.65093
nist-docx-0008,5,47,1165,1624,0.71736
nist-docx-0008,5,48,1188,1654,0.71826
nist-docx-0008,5,49,1115,1713,0.65090
nist-docx-0008,5,50,1097,1645,0.66687
nist-docx-0008,5,51,1187,1676,0.70823
nist-docx-0008,5,52,1260,1615,0.78019
nist-docx-0008,5,53,1214,1651,0.73531
nist-docx-0008,5,54,1140,1638,0.69597
nist-docx-0008,5,55,1124,1759,0.63900
nist-docx-0008,5,56,1202,1661,0.72366
nist-docx-0008,5,57,1176,1648,0.71359
nist-docx-0008,5,58,1152,1725,0.66783
nist-docx-0008,5,59,1098,1622,0.67694
nist-docx-0008,5,60,1083,1861,0.58195
nist-docx-0008,5,61,1164,1656,0.70290
nist-docx-0008,5,62,1176,1616,0.72772
nist-docx-0008,5,63,1135,1662,0.68291
nist-docx-0008,5,64,1108,1688,0.65640
nist-docx-0008,5,65,1122,1721,0.65195
nist-docx-0008,5,66,1262,1727,0.73075
nist-docx-0008,5,67,1161,1657,0.70066
nist-docx-0008,5,68,1145,1610,0.71118
nist-docx-0008,5,69,1164,1658,0.70205
nist-docx-0008,5,70,1221,1708,0.71487
nist-docx-0008,5,71,1150,1627,0.70682
nist-docx-0008,5,72,1144,1664,0.68750
nist-docx-0008,5,73,1417,1661,0.85310
nist-docx-0008,5,74,1134,1612,0.70347
nist-docx-0008,5,75,1149,1654,0.69468
nist-docx-0008,5,76,1134,1592,0.71231
nist-docx-0008,5,77,1149,1611,0.71322
nist-docx-0008,5,78,1201,1701,0.70606
nist-docx-0008,5,79,1078,1666,0.64706
nist-docx-0008,5,80,1194,1592,0.75000
nist-docx-0008,5,81,1119,1857,0.60258
nist-docx-0008,5,82,1271,1593,0.79787
nist-docx-0008,5,83,1154,1694,0.68123
nist-docx-0008,5,84,1426,1642,0.86845
nist-docx-0008,5,85,1117,1727,0.64679
nist-docx-0008,5,86,1086,1607,0.67579
nist-docx-0008,5,87,1235,1570,0.78662
nist-docx-0008,5,88,1077,1784,0.60370
nist-docx-0008,5,89,1157,1566,0.73883
nist-docx-0008,5,90,1173,2230,0.52601
nist-docx-0008,5,91,1134,2023,0.56055
nist-docx-0008,5,92,1160,1672,0.69378
nist-docx-0008,5,93,1083,1605,0.67477
nist-docx-0008,5,94,1132,1566,0.72286
nist-docx-0008,5,95,1102,1616,0.68193
nist-docx-0008,5,96,1220,1656,0.73671
nist-docx-0008,5,97,1219,1568,0.77742
nist-docx-0008,5,98,1095,1805,0.60665
nist-docx-0008,5,99,1272,1663,0.76488
nist-docx-0008,5,100,1125,1571,0.71610
nist-docx-0009,5,1,1873,1765,1.06119
nist-docx-0009,5,2,1999,1821,1.09775
nist-docx-0009,5,3,1846,1845,1.00054
nist-docx-0009,5,4,1949,1935,1.00724
nist-docx-0009,5,5,1917,1749,1.09605
nist-docx-0009,5,6,1865,1803,1.03439
nist-docx-0009,5,7,1879,1816,1.03469
nist-docx-0009,5,8,1907,1787,1.06715
nist-docx-0009,5,9,1811,1881,0.96279
nist-docx-0009,5,10,1840,1862,0.98818
nist-docx-0009,5,11,1916,1923,0.99636
nist-docx-0009,5,12,1868,1779,1.05003
nist-docx-0009,5,13,1959,1744,1.12328
nist-docx-0009,5,14,1931,2053,0.94057
nist-docx-0009,5,15,2015,1835,1.09809
nist-docx-0009,5,16,1973,2286,0.86308
nist-docx-0009,5,17,1927,1787,1.07834
nist-docx-0009,5,18,1899,1825,1.04055
nist-docx-0009,5,19,1810,1927,0.93928
nist-docx-0009,5,20,1943,1927,1.00830
nist-docx-0009,5,21,1812,1866,0.97106
nist-docx-0009,5,22,1890,1763,1.07204
nist-docx-0009,5,23,1891,1788,1.05761
nist-docx-0009,5,24,1938,1751,1.10680
nist-docx-0009,5,25,1848,1982,0.93239
nist-docx-0009,5,26,2153,1804,1.19346
nist-docx-0009,5,27,1929,1791,1.07705
nist-docx-0009,5,28,1882,1783,1.05552
nist-docx-0009,5,29,1944,1847,1.05252
nist-docx-0009,5,30,1956,1789,1.09335
nist-docx-0009,5,31,1910,1841,1.03748
nist-docx-0009,5,32,2125,1966,1.08087
nist-docx-0009,5,33,1938,1918,1.01043
nist-docx-0009,5,34,1897,2038,0.93081
nist-docx-0009,5,35,1984,1839,1.07885
nist-docx-0009,5,36,1805,1882,0.95909
nist-docx-0009,5,37,1857,1962,0.94648
nist-docx-0009,5,38,1906,1849,1.03083
nist-docx-0009,5,39,1958,1801,1.08717
nist-docx-0009,5,40,1920,1818,1.05611
nist-docx-0009,5,41,1932,1869,1.03371
nist-docx-0009,5,42,1896,1814,1.04520
nist-docx-0009,5,43,2088,1910,1.09319
nist-docx-0009,5,44,1944,1728,1.12500
nist-docx-0009,5,45,1927,1847,1.04331
nist-docx-0009,5,46,2128,1781,1.19483
nist-docx-0009,5,47,1899,1893,1.00317
nist-docx-0009,5,48,2010,1737,1.15717
nist-docx-0009,5,49,2022,1735,1.16542
nist-docx-0009,5,50,1990,1741,1.14302
nist-docx-0009,5,51,1840,1877,0.98029
nist-docx-0009,5,52,1934,1788,1.08166
nist-docx-0009,5,53,1833,1834,0.99945
nist-docx-0009,5,54,1900,1845,1.02981
nist-docx-0009,5,55,1812,1816,0.99780
nist-docx-0009,5,56,1904,1801,1.05719
nist-docx-0009,5,57,1964,1836,1.06972
nist-docx-0009,5,58,1835,1754,1.04618
nist-docx-0009,5,59,1818,2105,0.86366
nist-docx-0009,5,60,1856,1890,0.98201
nist-docx-0009,5,61,1939,1879,1.03193
nist-docx-0009,5,62,1884,1964,0.95927
nist-docx-0009,5,63,1854,1858,0.99785
nist-docx-0009,5,64,1872,1870,1.00107
nist-docx-0009,5,65,1912,1855,1.03073
nist-docx-0009,5,66,2044,1765,1.15807
nist-docx-0009,5,67,1877,1909,0.98324
nist-docx-0009,5,68,1834,1731,1.05950
nist-docx-0009,5,69,1819,1809,1.00553
nist-docx-0009,5,70,2137,1799,1.18788
nist-docx-0009,5,71,1973,1926,1.02440
nist-docx-0009,5,72,2011,1873,1.07368
nist-docx-0009,5,73,1923,1804,1.06596
nist-docx-0009,5,74,1970,1806,1.09081
nist-docx-0009,5,75,2017,1811,1.11375
nist-docx-0009,5,76,1831,1999,0.91596
nist-docx-0009,5,77,1969,1896,1.03850
nist-docx-0009,5,78,1899,2021,0.93963
nist-docx-0009,5,79,1824,1856,0.98276
nist-docx-0009,5,80,1878,1826,1.02848
nist-docx-0009,5,81,1854,1911,0.97017
nist-docx-0009,5,82,2063,1950,1.05795
nist-docx-0009,5,83,1811,1865,0.97105
nist-docx-0009,5,84,1945,2009,0.96814
nist-docx-0009,5,85,1957,1855,1.05499
nist-docx-0009,5,86,1822,2150,0.84744
nist-docx-0009,5,87,1879,2107,0.89179
nist-docx-0009,5,88,1886,1875,1.00587
nist-docx-0009,5,89,1864,1779,1.04778
nist-docx-0009,5,90,1916,1957,0.97905
nist-docx-0009,5,91,1873,1734,1.08016
nist-docx-0009,5,92,1925,1741,1.10569
nist-docx-0009,5,93,1929,1780,1.08371
nist-docx-0009,5,94,1916,1812,1.05740
nist-docx-0009,5,95,1838,1822,1.00878
nist-docx-0009,5,96,1900,1782,1.06622
nist-docx-0009,5,97,1913,1781,1.07412
nist-docx-0009,5,98,1905,1868,1.01981
nist-docx-0009,5,99,1892,2078,0.91049
nist-docx-0009,5,100,1887,1751,1.07767
nist-docx-0014,5,1,3904,2740,1.42482
nist-docx-0014,5,2,3945,2652,1.48756
nist-docx-0014,5,3,4138,2839,1.45756
nist-docx-0014,5,4,4113,2699,1.52390
nist-docx-0014,5,5,4008,2569,1.56014
nist-docx-0014,5,6,3939,2747,1.43393
nist-docx-0014,5,7,4016,2660,1.50977
nist-docx-0014,5,8,4041,2584,1.56385
nist-docx-0014,5,9,4280,2562,1.67057
nist-docx-0014,5,10,3821,2631,1.45230
nist-docx-0014,5,11,3801,2618,1.45187
nist-docx-0014,5,12,3875,2481,1.56187
nist-docx-0014,5,13,4134,2515,1.64374
nist-docx-0014,5,14,3997,2665,1.49981
nist-docx-0014,5,15,3997,2714,1.47273
nist-docx-0014,5,16,3963,2502,1.58393
nist-docx-0014,5,17,4016,2701,1.48686
nist-docx-0014,5,18,3848,2560,1.50313
nist-docx-0014,5,19,3813,2489,1.53194
nist-docx-0014,5,20,3957,2448,1.61642
nist-docx-0014,5,21,3970,2464,1.61120
nist-docx-0014,5,22,3754,2400,1.56417
nist-docx-0014,5,23,3775,2521,1.49742
nist-docx-0014,5,24,4050,2530,1.60079
nist-docx-0014,5,25,3878,2495,1.55431
nist-docx-0014,5,26,3920,2704,1.44970
nist-docx-0014,5,27,3694,2664,1.38664
nist-docx-0014,5,28,3577,2503,1.42909
nist-docx-0014,5,29,3819,2509,1.52212
nist-docx-0014,5,30,3857,2237,1.72418
nist-docx-0014,5,31,3910,2523,1.54974
nist-docx-0014,5,32,4089,2521,1.62198
nist-docx-0014,5,33,3672,2452,1.49755
nist-docx-0014,5,34,3933,2385,1.64906
nist-docx-0014,5,35,4021,2767,1.45320
nist-docx-0014,5,36,4082,2504,1.63019
nist-docx-0014,5,37,4150,2795,1.48479
nist-docx-0014,5,38,3863,2443,1.58125
nist-docx-0014,5,39,3624,2243,1.61569
nist-docx-0014,5,40,3669,2314,1.58557
nist-docx-0014,5,41,3564,2242,1.58965
nist-docx-0014,5,42,3851,2368,1.62627
nist-docx-0014,5,43,3839,2269,1.69193
nist-docx-0014,5,44,3642,2153,1.69159
nist-docx-0014,5,45,3733,2397,1.55736
nist-docx-0014,5,46,3770,2456,1.53502
nist-docx-0014,5,47,3749,2229,1.68192
nist-docx-0014,5,48,4034,2385,1.69140
nist-docx-0014,5,49,3744,2419,1.54775
nist-docx-0014,5,50,3649,2219,1.64443
nist-docx-0014,5,51,3815,2194,1.73883
nist-docx-0014,5,52,3895,2273,1.71359
nist-docx-0014,5,53,4034,2944,1.37024
nist-docx-0014,5,54,3812,2532,1.50553
nist-docx-0014,5,55,4194,2521,1.66363
nist-docx-0014,5,56,3764,2392,1.57358
nist-docx-0014,5,57,3744,2331,1.60618
nist-docx-0014,5,58,3823,2292,1.66798
nist-docx-0014,5,59,3907,2222,1.75833
nist-docx-0014,5,60,4042,2577,1.56849
nist-docx-0014,5,61,4012,2694,1.48924
nist-docx-0014,5,62,3822,2543,1.50295
nist-docx-0014,5,63,3915,2710,1.44465
nist-docx-0014,5,64,3974,2615,1.51969
nist-docx-0014,5,65,3775,2490,1.51606
nist-docx-0014,5,66,4306,2561,1.68137
nist-docx-0014,5,67,3978,2481,1.60339
nist-docx-0014,5,68,4045,2702,1.49704
nist-docx-0014,5,69,4049,2763,1.46544
nist-docx-0014,5,70,4470,2614,1.71002
nist-docx-0014,5,71,4134,2721,1.51929
nist-docx-0014,5,72,4055,2632,1.54065
nist-docx-0014,5,73,4006,2885,1.38856
nist-docx-0014,5,74,3983,2730,1.45897
nist-docx-0014,5,75,3841,2773,1.38514
nist-docx-0014,5,76,4038,2765,1.46040
nist-docx-0014,5,77,4265,2589,1.64735
nist-docx-0014,5,78,3942,2588,1.52318
nist-docx-0014,5,79,4017,2623,1.53145
nist-docx-0014,5,80,3863,2712,1.42441
nist-docx-0014,5,81,3929,2641,1.48769
nist-docx-0014,5,82,3927,2507,1.56641
nist-docx-0014,5,83,3996,2778,1.43844
nist-docx-0014,5,84,3958,2435,1.62546
nist-docx-0014,5,85,3949,2422,1.63047
nist-docx-0014,5,86,3958,2437,1.62413
nist-docx-0014,5,87,4019,2605,1.54280
nist-docx-0014,5,88,4234,2914,1.45299
nist-docx-0014,5,89,3892,2420,1.60826
nist-docx-0014,5,90,3908,2579,1.51532
nist-docx-0014,5,91,3771,2456,1.53542
nist-docx-0014,5,92,3835,2744,1.39759
nist-docx-0014,5,93,4031,2524,1.59707
nist-docx-0014,5,94,4004,2503,1.59968
nist-docx-0014,5,95,3894,2586,1.50580
nist-docx-0014,5,96,3849,2700,1.42556
nist-docx-0014,5,97,3934,2474,1.59014
nist-docx-0014,5,98,4161,2513,1.65579
nist-docx-0014,5,99,4473,2818,1.58730
nist-docx-0014,5,100,4086,2611,1.56492
nist-epub-0003,5,1,3181,2105,1.51116
nist-epub-0003,5,2,3228,2144,1.50560
nist-epub-0003,5,3,3054,2027,1.50666
nist-epub-0003,5,4,3203,2156,1.48562
nist-epub-0003,5,5,3155,2071,1.52342
nist-epub-0003,5,6,3139,2430,1.29177
nist-epub-0003,5,7,3255,2175,1.49655
nist-epub-0003,5,8,3203,2134,1.50094
nist-epub-0003,5,9,3846,2048,1.87793
nist-epub-0003,5,10,3027,2113,1.43256
nist-epub-0003,5,11,3127,2064,1.51502
nist-epub-0003,5,12,3053,2153,1.41802
nist-epub-0003,5,13,3144,2032,1.54724
nist-epub-0003,5,14,3237,2034,1.59145
nist-epub-0003,5,15,3143,2194,1.43254
nist-epub-0003,5,16,3060,2157,1.41864
nist-epub-0003,5,17,3158,2115,1.49314
nist-epub-0003,5,18,3165,2149,1.47278
nist-epub-0003,5,19,3103,2095,1.48115
nist-epub-0003,5,20,3088,2099,1.47118
nist-epub-0003,5,21,3131,1992,1.57179
nist-epub-0003,5,22,3136,2161,1.45118
nist-epub-0003,5,23,3534,2171,1.62782
nist-epub-0003,5,24,3076,2166,1.42013
nist-epub-0003,5,25,3137,2018,1.55451
nist-epub-0003,5,26,3064,2108,1.45351
nist-epub-0003,5,27,3986,2049,1.94534
nist-epub-0003,5,28,3104,2096,1.48092
nist-epub-0003,5,29,3090,2104,1.46863
nist-epub-0003,5,30,3122,2115,1.47612
nist-epub-0003,5,31,3157,2080,1.51779
nist-epub-0003,5,32,3177,2034,1.56195
nist-epub-0003,5,33,3172,2268,1.39859
nist-epub-0003,5,34,3047,2141,1.42317
nist-epub-0003,5,35,3040,2137,1.42255
nist-epub-0003,5,36,4082,2534,1.61089
nist-epub-0003,5,37,3077,2140,1.43785
nist-epub-0003,5,38,3146,2551,1.23324
nist-epub-0003,5,39,3157,2251,1.40249
nist-epub-0003,5,40,3162,2103,1.50357
nist-epub-0003,5,41,3096,2078,1.48989
nist-epub-0003,5,42,3284,2190,1.49954
nist-epub-0003,5,43,3129,2244,1.39439
nist-epub-0003,5,44,3246,2227,1.45757
nist-epub-0003,5,45,3318,2109,1.57326
nist-epub-0003,5,46,3160,2113,1.49550
nist-epub-0003,5,47,3541,2367,1.49599
nist-epub-0003,5,48,3345,2070,1.61594
nist-epub-0003,5,49,3184,2082,1.52930
nist-epub-0003,5,50,3208,2072,1.54826
nist-epub-0003,5,51,3122,2099,1.48737
nist-epub-0003,5,52,3087,2035,1.51695
nist-epub-0003,5,53,3179,2091,1.52033
nist-epub-0003,5,54,3106,2194,1.41568
nist-epub-0003,5,55,3382,2367,1.42881
nist-epub-0003,5,56,3488,2070,1.68502
nist-epub-0003,5,57,3203,2157,1.48493
nist-epub-0003,5,58,3274,2197,1.49021
nist-epub-0003,5,59,3085,2110,1.46209
nist-epub-0003,5,60,3248,2079,1.56229
nist-epub-0003,5,61,3152,2061,1.52935
nist-epub-0003,5,62,3180,2058,1.54519
nist-epub-0003,5,63,3061,2085,1.46811
nist-epub-0003,5,64,3240,2319,1.39715
nist-epub-0003,5,65,3075,2147,1.43223
nist-epub-0003,5,66,3295,2088,1.57807
nist-epub-0003,5,67,3440,2924,1.17647
nist-epub-0003,5,68,3113,2043,1.52374
nist-epub-0003,5,69,3255,2106,1.54558
nist-epub-0003,5,70,3263,2165,1.50716
nist-epub-0003,5,71,3086,2165,1.42540
nist-epub-0003,5,72,3253,2295,1.41743
nist-epub-0003,5,73,3083,2174,1.41812
nist-epub-0003,5,74,3090,2161,1.42989
nist-epub-0003,5,75,3381,2110,1.60237
nist-epub-0003,5,76,3835,2066,1.85624
nist-epub-0003,5,77,3169,2168,1.46172
nist-epub-0003,5,78,3088,2011,1.53555
nist-epub-0003,5,79,3120,2195,1.42141
nist-epub-0003,5,80,3114,2178,1.42975
nist-epub-0003,5,81,3044,2029,1.50025
nist-epub-0003,5,82,3237,2125,1.52329
nist-epub-0003,5,83,3444,2248,1.53203
nist-epub-0003,5,84,3184,2219,1.43488
nist-epub-0003,5,85,3117,2149,1.45044
nist-epub-0003,5,86,3068,2145,1.43030
nist-epub-0003,5,87,3042,2194,1.38651
nist-epub-0003,5,88,3089,1997,1.54682
nist-epub-0003,5,89,3097,2086,1.48466
nist-epub-0003,5,90,3073,2120,1.44953
nist-epub-0003,5,91,3161,2316,1.36485
nist-epub-0003,5,92,3203,2529,1.26651
nist-epub-0003,5,93,3068,2251,1.36295
nist-epub-0003,5,94,3304,2130,1.55117
nist-epub-0003,5,95,3175,2077,1.52865
nist-epub-0003,5,96,3043,2062,1.47575
nist-epub-0003,5,97,3668,2349,1.56152
nist-epub-0003,5,98,3040,2126,1.42992
nist-epub-0003,5,99,3181,2172,1.46455
nist-epub-0003,5,100,3175,2119,1.49835
nist-epub-0006,5,1,2483,1982,1.25277
nist-epub-0006,5,2,2441,1746,1.39805
nist-epub-0006,5,3,2444,1780,1.37303
nist-epub-0006,5,4,2388,1767,1.35144
nist-epub-0006,5,5,2826,1698,1.66431
nist-epub-0006,5,6,2479,1810,1.36961
nist-epub-0006,5,7,2493,1874,1.33031
nist-epub-0006,5,8,2496,2119,1.17791
nist-epub-0006,5,9,2453,1848,1.32738
nist-epub-0006,5,10,2592,1716,1.51049
nist-epub-0006,5,11,2442,1868,1.30728
nist-epub-0006,5,12,2466,1705,1.44633
nist-epub-0006,5,13,2426,1790,1.35531
nist-epub-0006,5,14,2449,1726,1.41889
nist-epub-0006,5,15,2761,2028,1.36144
nist-epub-0006,5,16,2586,1817,1.42323
nist-epub-0006,5,17,2543,1782,1.42705
nist-epub-0006,5,18,2470,1707,1.44698
nist-epub-0006,5,19,2428,1784,1.36099
nist-epub-0006,5,20,2547,1812,1.40563
nist-epub-0006,5,21,2654,1722,1.54123
nist-epub-0006,5,22,2517,1761,1.42930
nist-epub-0006,5,23,2556,1909,1.33892
nist-epub-0006,5,24,2435,1853,1.31409
nist-epub-0006,5,25,2436,1767,1.37861
nist-epub-0006,5,26,2567,1710,1.50117
nist-epub-0006,5,27,2494,1941,1.28490
nist-epub-0006,5,28,2713,1870,1.45080
nist-epub-0006,5,29,2448,1777,1.37760
nist-epub-0006,5,30,2574,1901,1.35402
nist-epub-0006,5,31,2427,1835,1.32262
nist-epub-0006,5,32,2581,1940,1.33041
nist-epub-0006,5,33,2469,1742,1.41734
nist-epub-0006,5,34,2552,1879,1.35817
nist-epub-0006,5,35,2454,1755,1.39829
nist-epub-0006,5,36,2642,1789,1.47680
nist-epub-0006,5,37,2500,1779,1.40528
nist-epub-0006,5,38,2427,1749,1.38765
nist-epub-0006,5,39,2543,1781,1.42785
nist-epub-0006,5,40,2553,1798,1.41991
nist-epub-0006,5,41,2527,1934,1.30662
nist-epub-0006,5,42,2675,1922,1.39178
nist-epub-0006,5,43,2478,2027,1.22250
nist-epub-0006,5,44,2552,2321,1.09953
nist-epub-0006,5,45,2669,1885,1.41592
nist-epub-0006,5,46,2570,1719,1.49506
nist-epub-0006,5,47,2492,1716,1.45221
nist-epub-0006,5,48,2401,1755,1.36809
nist-epub-0006,5,49,2422,1742,1.39036
nist-epub-0006,5,50,2389,1800,1.32722
nist-epub-0006,5,51,3087,1728,1.78646
nist-epub-0006,5,52,2380,1714,1.38856
nist-epub-0006,5,53,2383,1717,1.38789
nist-epub-0006,5,54,2453,1636,1.49939
nist-epub-0006,5,55,2394,2184,1.09615
nist-epub-0006,5,56,2345,1672,1.40251
nist-epub-0006,5,57,2362,1631,1.44819
nist-epub-0006,5,58,2366,1615,1.46502
nist-epub-0006,5,59,2402,1770,1.35706
nist-epub-0006,5,60,2504,1718,1.45751
nist-epub-0006,5,61,2520,1789,1.40861
nist-epub-0006,5,62,2343,1723,1.35984
nist-epub-0006,5,63,2675,1615,1.65635
nist-epub-0006,5,64,2446,1593,1.53547
nist-epub-0006,5,65,2382,1638,1.45421
nist-epub-0006,5,66,2403,1652,1.45460
nist-epub-0006,5,67,2424,1739,1.39390
nist-epub-0006,5,68,2373,1675,1.41672
nist-epub-0006,5,69,2467,1628,1.51536
nist-epub-0006,5,70,2369,1600,1.48063
nist-epub-0006,5,71,2405,1660,1.44880
nist-epub-0006,5,72,2341,1619,1.44595
nist-epub-0006,5,73,2413,1935,1.24703
nist-epub-0006,5,74,2363,1700,1.39000
nist-epub-0006,5,75,2446,1618,1.51174
nist-epub-0006,5,76,2460,1754,1.40251
nist-epub-0006,5,77,2526,1669,1.51348
nist-epub-0006,5,78,2439,1797,1.35726
nist-epub-0006,5,79,2628,1753,1.49914
nist-epub-0006,5,80,2489,1888,1.31833
nist-epub-0006,5,81,2364,1738,1.36018
nist-epub-0006,5,82,2472,1690,1.46272
nist-epub-0006,5,83,2384,1636,1.45721
nist-epub-0006,5,84,2402,1736,1.38364
nist-epub-0006,5,85,2409,1653,1.45735
nist-epub-0006,5,86,2453,1799,1.36354
nist-epub-0006,5,87,2515,1732,1.45208
nist-epub-0006,5,88,2480,1842,1.34636
nist-epub-0006,5,89,2496,1824,1.36842
nist-epub-0006,5,90,2500,1708,1.46370
nist-epub-0006,5,91,2447,1691,1.44707
nist-epub-0006,5,92,2481,1812,1.36921
nist-epub-0006,5,93,2428,1901,1.27722
nist-epub-0006,5,94,2447,1951,1.25423
nist-epub-0006,5,95,2434,1768,1.37670
nist-epub-0006,5,96,2432,1766,1.37712
nist-epub-0006,5,97,2477,1921,1.28943
nist-epub-0006,5,98,2595,2239,1.15900
nist-epub-0006,5,99,3244,1805,1.79723
nist-epub-0006,5,100,2739,2071,1.32255
nist-epub-0008,5,1,1551,1699,0.91289
nist-epub-0008,5,2,1615,1592,1.01445
nist-epub-0008,5,3,1514,1501,1.00866
nist-epub-0008,5,4,1526,1601,0.95315
nist-epub-0008,5,5,1609,1864,0.86320
nist-epub-0008,5,6,1522,1543,0.98639
nist-epub-0008,5,7,1593,1511,1.05427
nist-epub-0008,5,8,1511,1527,0.98952
nist-epub-0008,5,9,1573,2117,0.74303
nist-epub-0008,5,10,1533,1496,1.02473
nist-epub-0008,5,11,1527,1626,0.93911
nist-epub-0008,5,12,1580,1505,1.04983
nist-epub-0008,5,13,1526,1611,0.94724
nist-epub-0008,5,14,1524,1482,1.02834
nist-epub-0008,5,15,1547,1512,1.02315
nist-epub-0008,5,16,1527,1629,0.93738
nist-epub-0008,5,17,1633,1684,0.96971
nist-epub-0008,5,18,1642,1588,1.03401
nist-epub-0008,5,19,1601,1762,0.90863
nist-epub-0008,5,20,1588,1705,0.93138
nist-epub-0008,5,21,1711,1597,1.07138
nist-epub-0008,5,22,1609,1732,0.92898
nist-epub-0008,5,23,1666,1738,0.95857
nist-epub-0008,5,24,1677,1668,1.00540
nist-epub-0008,5,25,1706,1752,0.97374
nist-epub-0008,5,26,1703,2219,0.76746
nist-epub-0008,5,27,1635,2554,0.64017
nist-epub-0008,5,28,1653,1750,0.94457
nist-epub-0008,5,29,1596,1752,0.91096
nist-epub-0008,5,30,1787,1799,0.99333
nist-epub-0008,5,31,1625,1597,1.01753
nist-epub-0008,5,32,1631,1812,0.90011
nist-epub-0008,5,33,1589,1580,1.00570
nist-epub-0008,5,34,1680,2219,0.75710
nist-epub-0008,5,35,1746,1502,1.16245
nist-epub-0008,5,36,1615,1647,0.98057
nist-epub-0008,5,37,1759,1665,1.05646
nist-epub-0008,5,38,1708,1632,1.04657
nist-epub-0008,5,39,1792,1620,1.10617
nist-epub-0008,5,40,1574,1790,0.87933
nist-epub-0008,5,41,1595,1520,1.04934
nist-epub-0008,5,42,1579,1946,0.81141
nist-epub-0008,5,43,1555,1581,0.98355
nist-epub-0008,5,44,1547,1569,0.98598
nist-epub-0008,5,45,1755,1537,1.14183
nist-epub-0008,5,46,1570,1580,0.99367
nist-epub-0008,5,47,1539,1547,0.99483
nist-epub-0008,5,48,1497,1562,0.95839
nist-epub-0008,5,49,1480,1498,0.98798
nist-epub-0008,5,50,1456,1593,0.91400
nist-epub-0008,5,51,1501,2236,0.67129
nist-epub-0008,5,52,1818,1493,1.21768
nist-epub-0008,5,53,1551,1502,1.03262
nist-epub-0008,5,54,1567,1511,1.03706
nist-epub-0008,5,55,1651,1544,1.06930
nist-epub-0008,5,56,1595,1549,1.02970
nist-epub-0008,5,57,1680,1624,1.03448
nist-epub-0008,5,58,1597,1592,1.00314
nist-epub-0008,5,59,1532,1640,0.93415
nist-epub-0008,5,60,1511,1654,0.91354
nist-epub-0008,5,61,1702,1538,1.10663
nist-epub-0008,5,62,1645,1610,1.02174
nist-epub-0008,5,63,1538,1637,0.93952
nist-epub-0008,5,64,1571,1621,0.96915
nist-epub-0008,5,65,1500,1527,0.98232
nist-epub-0008,5,66,2185,1568,1.39349
nist-epub-0008,5,67,1543,1552,0.99420
nist-epub-0008,5,68,1557,1522,1.02300
nist-epub-0008,5,69,1634,1533,1.06588
nist-epub-0008,5,70,1620,1571,1.03119
nist-epub-0008,5,71,1554,1529,1.01635
nist-epub-0008,5,72,1534,1587,0.96660
nist-epub-0008,5,73,1577,1556,1.01350
nist-epub-0008,5,74,1564,1724,0.90719
nist-epub-0008,5,75,1554,1652,0.94068
nist-epub-0008,5,76,1626,1567,1.03765
nist-epub-0008,5,77,1615,1591,1.01508
nist-epub-0008,5,78,1527,1671,0.91382
nist-epub-0008,5,79,1478,1622,0.91122
nist-epub-0008,5,80,1557,1486,1.04778
nist-epub-0008,5,81,1504,1597,0.94177
nist-epub-0008,5,82,1593,1521,1.04734
nist-epub-0008,5,83,1468,1567,0.93682
nist-epub-0008,5,84,1504,1561,0.96348
nist-epub-0008,5,85,1544,1516,1.01847
nist-epub-0008,5,86,1516,1497,1.01269
nist-epub-0008,5,87,1593,1624,0.98091
nist-epub-0008,5,88,1558,1607,0.96951
nist-epub-0008,5,89,1478,1545,0.95663
nist-epub-0008,5,90,1540,1656,0.92995
nist-epub-0008,5,91,1507,1515,0.99472
nist-epub-0008,5,92,1557,1561,0.99744
nist-epub-0008,5,93,1522,1521,1.00066
nist-epub-0008,5,94,1476,1464,1.00820
nist-epub-0008,5,95,1587,1987,0.79869
nist-epub-0008,5,96,1604,1693,0.94743
nist-epub-0008,5,97,1777,1749,1.01601
nist-epub-0008,5,98,1614,1783,0.90522
nist-epub-0008,5,99,1607,1775,0.90535
nist-epub-0008,5,100,1904,1748,1.08924
nist-epub-0009,5,1,6229,2776,2.24388
nist-epub-0009,5,2,5830,3128,1.86381
nist-epub-0009,5,3,6037,3545,1.70296
nist-epub-0009,5,4,5911,2977,1.98556
nist-epub-0009,5,5,6695,3094,2.16387
nist-epub-0009,5,6,5794,2967,1.95281
nist-epub-0009,5,7,6581,3434,1.91642
nist-epub-0009,5,8,6023,2945,2.04516
nist-epub-0009,5,9,6523,2692,2.42311
nist-epub-0009,5,10,6074,3190,1.90408
nist-epub-0009,5,11,5797,3049,1.90128
nist-epub-0009,5,12,5977,2816,2.12251
nist-epub-0009,5,13,5766,2939,1.96189
nist-epub-0009,5,14,5799,3281,1.76745
nist-epub-0009,5,15,6097,3087,1.97506
nist-epub-0009,5,16,6192,2772,2.23377
nist-epub-0009,5,17,6255,3246,1.92699
nist-epub-0009,5,18,5817,3010,1.93256
nist-epub-0009,5,19,5953,2925,2.03521
nist-epub-0009,5,20,5899,2744,2.14978
nist-epub-0009,5,21,6643,2975,2.23294
nist-epub-0009,5,22,5831,2867,2.03383
nist-epub-0009,5,23,6070,2987,2.03214
nist-epub-0009,5,24,6216,2977,2.08801
nist-epub-0009,5,25,6043,3146,1.92085
nist-epub-0009,5,26,6714,2997,2.24024
nist-epub-0009,5,27,5931,2984,1.98760
nist-epub-0009,5,28,6360,2786,2.28284
nist-epub-0009,5,29,6022,3186,1.89014
nist-epub-0009,5,30,6155,3178,1.93675
nist-epub-0009,5,31,5968,3007,1.98470
nist-epub-0009,5,32,6009,3307,1.81705
nist-epub-0009,5,33,6266,2822,2.22041
nist-epub-0009,5,34,6523,3048,2.14009
nist-epub-0009,5,35,6017,2660,2.26203
nist-epub-0009,5,36,6389,2825,2.26159
nist-epub-0009,5,37,5742,2761,2.07968
nist-epub-0009,5,38,5580,2786,2.00287
nist-epub-0009,5,39,6344,2705,2.34529
nist-epub-0009,5,40,6138,2599,2.36168
nist-epub-0009,5,41,5817,2649,2.19592
nist-epub-0009,5,42,5746,2642,2.17487
nist-epub-0009,5,43,5922,3149,1.88060
nist-epub-0009,5,44,5895,2706,2.17849
nist-epub-0009,5,45,6371,2575,2.47417
nist-epub-0009,5,46,6596,2763,2.38726
nist-epub-0009,5,47,5890,2981,1.97585
nist-epub-0009,5,48,6037,3145,1.91955
nist-epub-0009,5,49,5741,2551,2.25049
nist-epub-0009,5,50,6334,2594,2.44179
nist-epub-0009,5,51,5910,2712,2.17920
nist-epub-0009,5,52,6187,2641,2.34267
nist-epub-0009,5,53,5895,2643,2.23042
nist-epub-0009,5,54,6001,2575,2.33049
nist-epub-0009,5,55,6465,2773,2.33141
nist-epub-0009,5,56,5854,3233,1.81070
nist-epub-0009,5,57,5738,3034,1.89123
nist-epub-0009,5,58,5820,2832,2.05508
nist-epub-0009,5,59,5898,3446,1.71155
nist-epub-0009,5,60,5598,2563,2.18416
nist-epub-0009,5,61,6333,2597,2.43858
nist-epub-0009,5,62,10685,2708,3.94572
nist-epub-0009,5,63,5821,2620,2.22176
nist-epub-0009,5,64,5933,2865,2.07086
nist-epub-0009,5,65,5979,3341,1.78958
nist-epub-0009,5,66,6301,2836,2.22179
nist-epub-0009,5,67,6049,3184,1.89981
nist-epub-0009,5,68,5807,2706,2.14597
nist-epub-0009,5,69,6023,3349,1.79845
nist-epub-0009,5,70,6011,3031,1.98317
nist-epub-0009,5,71,6097,3227,1.88937
nist-epub-0009,5,72,6189,3093,2.00097
nist-epub-0009,5,73,6277,2909,2.15779
nist-epub-0009,5,74,6239,3355,1.85961
nist-epub-0009,5,75,6179,2910,2.12337
nist-epub-0009,5,76,5773,2643,2.18426
nist-epub-0009,5,77,5745,3174,1.81002
nist-epub-0009,5,78,6883,3022,2.27763
nist-epub-0009,5,79,5915,2826,2.09306
nist-epub-0009,5,80,5930,2810,2.11032
nist-epub-0009,5,81,5948,2592,2.29475
nist-epub-0009,5,82,5758,2697,2.13496
nist-epub-0009,5,83,5974,2552,2.34091
nist-epub-0009,5,84,5872,2663,2.20503
nist-epub-0009,5,85,5705,2922,1.95243
nist-epub-0009,5,86,5690,2612,2.17841
nist-epub-0009,5,87,5878,2570,2.28716
nist-epub-0009,5,88,5725,2700,2.12037
nist-epub-0009,5,89,5767,2898,1.98999
nist-epub-0009,5,90,5681,2940,1.93231
nist-epub-0009,5,91,6239,2873,2.17160
nist-epub-0009,5,92,5976,2892,2.06639
nist-epub-0009,5,93,5900,2646,2.22978
nist-epub-0009,5,94,5852,2779,2.10579
nist-epub-0009,5,95,5791,2668,2.17054
nist-epub-0009,5,96,6073,2901,2.09342
nist-epub-0009,5,97,6834,3208,2.13030
nist-epub-0009,5,98,6734,3157,2.13304
nist-epub-0009,5,99,6082,2894,2.10159
nist-epub-0009,5,100,5889,3072,1.91699
nist-pdf-0002,5,1,1553,1498,1.03672
nist-pdf-0002,5,2,1606,1418,1.13258
nist-pdf-0002,5,3,1428,1415,1.00919
nist-pdf-0002,5,4,1595,1486,1.07335
nist-pdf-0002,5,5,1590,1713,0.92820
nist-pdf-0002,5,6,2445,1721,1.42069
nist-pdf-0002,5,7,1570,1852,0.84773
nist-pdf-0002,5,8,1616,1463,1.10458
nist-pdf-0002,5,9,1455,1651,0.88128
nist-pdf-0002,5,10,1426,1471,0.96941
nist-pdf-0002,5,11,1465,1543,0.94945
nist-pdf-0002,5,12,1458,1442,1.01110
nist-pdf-0002,5,13,1534,1523,1.00722
nist-pdf-0002,5,14,1553,1479,1.05003
nist-pdf-0002,5,15,1444,1522,0.94875
nist-pdf-0002,5,16,1482,1780,0.83258
nist-pdf-0002,5,17,1483,1666,0.89016
nist-pdf-0002,5,18,1369,1569,0.87253
nist-pdf-0002,5,19,1449,1776,0.81588
nist-pdf-0002,5,20,1504,1704,0.88263
nist-pdf-0002,5,21,1494,1522,0.98160
nist-pdf-0002,5,22,1512,1438,1.05146
nist-pdf-0002,5,23,1455,1657,0.87809
nist-pdf-0002,5,24,1418,1606,0.88294
nist-pdf-0002,5,25,1480,1537,0.96291
nist-pdf-0002,5,26,1545,1461,1.05749
nist-pdf-0002,5,27,1428,1576,0.90609
nist-pdf-0002,5,28,1388,1675,0.82866
nist-pdf-0002,5,29,1650,1692,0.97518
nist-pdf-0002,5,30,1430,1721,0.83091
nist-pdf-0002,5,31,1490,1564,0.95269
nist-pdf-0002,5,32,1401,1481,0.94598
nist-pdf-0002,5,33,1472,1524,0.96588
nist-pdf-0002,5,34,1451,1446,1.00346
nist-pdf-0002,5,35,1392,1539,0.90448
nist-pdf-0002,5,36,1448,1671,0.86655
nist-pdf-0002,5,37,1496,1595,0.93793
nist-pdf-0002,5,38,1436,1551,0.92585
nist-pdf-0002,5,39,1407,1553,0.90599
nist-pdf-0002,5,40,1469,1555,0.94469
nist-pdf-0002,5,41,1445,1487,0.97176
nist-pdf-0002,5,42,1551,1461,1.06160
nist-pdf-0002,5,43,1527,1534,0.99544
nist-pdf-0002,5,44,1329,1448,0.91782
nist-pdf-0002,5,45,1532,1605,0.95452
nist-pdf-0002,5,46,1535,1523,1.00788
nist-pdf-0002,5,47,1470,1483,0.99123
nist-pdf-0002,5,48,1513,1534,0.98631
nist-pdf-0002,5,49,1476,1750,0.84343
nist-pdf-0002,5,50,1441,1427,1.00981
nist-pdf-0002,5,51,1469,1516,0.96900
nist-pdf-0002,5,52,1452,1725,0.84174
nist-pdf-0002,5,53,1620,1455,1.11340
nist-pdf-0002,5,54,1396,1548,0.90181
nist-pdf-0002,5,55,1477,1531,0.96473
nist-pdf-0002,5,56,1546,1419,1.08950
nist-pdf-0002,5,57,1431,1420,1.00775
nist-pdf-0002,5,58,1415,1576,0.89784
nist-pdf-0002,5,59,1465,1409,1.03974
nist-pdf-0002,5,60,1446,1517,0.95320
nist-pdf-0002,5,61,1370,1614,0.84882
nist-pdf-0002,5,62,1532,1626,0.94219
nist-pdf-0002,5,63,1554,1651,0.94125
nist-pdf-0002,5,64,1485,1612,0.92122
nist-pdf-0002,5,65,1458,1538,0.94798
nist-pdf-0002,5,66,2019,1633,1.23637
nist-pdf-0002,5,67,1570,1572,0.99873
nist-pdf-0002,5,68,1527,1539,0.99220
nist-pdf-0002,5,69,1501,1653,0.90805
nist-pdf-0002,5,70,1638,1515,1.08119
nist-pdf-0002,5,71,1433,1607,0.89172
nist-pdf-0002,5,72,1574,1623,0.96981
nist-pdf-0002,5,73,1560,1718,0.90803
nist-pdf-0002,5,74,1551,1491,1.04024
nist-pdf-0002,5,75,1506,1533,0.98239
nist-pdf-0002,5,76,1502,1671,0.89886
nist-pdf-0002,5,77,1467,1631,0.89945
nist-pdf-0002,5,78,1460,1546,0.94437
nist-pdf-0002,5,79,1423,1552,0.91688
nist-pdf-0002,5,80,1436,1503,0.95542
nist-pdf-0002,5,81,1505,1452,1.03650
nist-pdf-0002,5,82,1663,1503,1.10645
nist-pdf-0002,5,83,1440,1695,0.84956
nist-pdf-0002,5,84,1551,1678,0.92431
nist-pdf-0002,5,85,1474,1422,1.03657
nist-pdf-0002,5,86,1414,1509,0.93704
nist-pdf-0002,5,87,1436,1431,1.00349
nist-pdf-0002,5,88,1410,1507,0.93563
nist-pdf-0002,5,89,1466,1907,0.76875
nist-pdf-0002,5,90,1479,1882,0.78587
nist-pdf-0002,5,91,1471,1523,0.96586
nist-pdf-0002,5,92,1496,1627,0.91948
nist-pdf-0002,5,93,1651,1509,1.09410
nist-pdf-0002,5,94,1763,1596,1.10464
nist-pdf-0002,5,95,1510,1632,0.92525
nist-pdf-0002,5,96,1587,1434,1.10669
nist-pdf-0002,5,97,1523,1560,0.97628
nist-pdf-0002,5,98,1389,1504,0.92354
nist-pdf-0002,5,99,1455,1547,0.94053
nist-pdf-0002,5,100,1472,1598,0.92115
nist-pdf-0004,5,1,3206,2065,1.55254
nist-pdf-0004,5,2,3167,2091,1.51459
nist-pdf-0004,5,3,3117,1943,1.60422
nist-pdf-0004,5,4,3000,1822,1.64654
nist-pdf-0004,5,5,3007,1918,1.56778
nist-pdf-0004,5,6,3236,1833,1.76541
nist-pdf-0004,5,7,3918,2128,1.84117
nist-pdf-0004,5,8,3463,2040,1.69755
nist-pdf-0004,5,9,3188,2223,1.43410
nist-pdf-0004,5,10,3326,2202,1.51045
nist-pdf-0004,5,11,3127,2034,1.53736
nist-pdf-0004,5,12,3258,1963,1.65970
nist-pdf-0004,5,13,3349,2134,1.56935
nist-pdf-0004,5,14,3214,1931,1.66442
nist-pdf-0004,5,15,3173,2137,1.48479
nist-pdf-0004,5,16,3140,2202,1.42598
nist-pdf-0004,5,17,3233,2315,1.39654
nist-pdf-0004,5,18,3190,1993,1.60060
nist-pdf-0004,5,19,3139,2147,1.46204
nist-pdf-0004,5,20,3382,2242,1.50847
nist-pdf-0004,5,21,3208,2191,1.46417
nist-pdf-0004,5,22,3305,2277,1.45147
nist-pdf-0004,5,23,3229,2348,1.37521
nist-pdf-0004,5,24,3287,2267,1.44993
nist-pdf-0004,5,25,3164,2180,1.45138
nist-pdf-0004,5,26,3124,1998,1.56356
nist-pdf-0004,5,27,3173,2064,1.53731
nist-pdf-0004,5,28,3278,2174,1.50782
nist-pdf-0004,5,29,3095,2163,1.43088
nist-pdf-0004,5,30,3325,2200,1.51136
nist-pdf-0004,5,31,3132,2193,1.42818
nist-pdf-0004,5,32,3444,2370,1.45316
nist-pdf-0004,5,33,3203,2188,1.46389
nist-pdf-0004,5,34,3276,2181,1.50206
nist-pdf-0004,5,35,3365,2129,1.58055
nist-pdf-0004,5,36,3220,2196,1.46630
nist-pdf-0004,5,37,3135,2161,1.45072
nist-pdf-0004,5,38,3199,2101,1.52261
nist-pdf-0004,5,39,3171,2089,1.51795
nist-pdf-0004,5,40,3385,2255,1.50111
nist-pdf-0004,5,41,3423,2051,1.66894
nist-pdf-0004,5,42,3203,1985,1.61360
nist-pdf-0004,5,43,3266,1920,1.70104
nist-pdf-0004,5,44,3326,2170,1.53272
nist-pdf-0004,5,45,3137,1972,1.59077
nist-pdf-0004,5,46,3160,2135,1.48009
nist-pdf-0004,5,47,3079,2133,1.44351
nist-pdf-0004,5,48,3202,2126,1.50611
nist-pdf-0004,5,49,3445,2315,1.48812
nist-pdf-0004,5,50,3332,2116,1.57467
nist-pdf-0004,5,51,3344,2092,1.59847
nist-pdf-0004,5,52,3217,2205,1.45896
nist-pdf-0004,5,53,3297,2213,1.48983
nist-pdf-0004,5,54,3252,2226,1.46092
nist-pdf-0004,5,55,3236,2202,1.46957
nist-pdf-0004,5,56,3213,2048,1.56885
nist-pdf-0004,5,57,3097,2042,1.51665
nist-pdf-0004,5,58,3201,2103,1.52211
nist-pdf-0004,5,59,3142,2043,1.53793
nist-pdf-0004,5,60,3245,2125,1.52706
nist-pdf-0004,5,61,3288,2206,1.49048
nist-pdf-0004,5,62,3020,2024,1.49209
nist-pdf-0004,5,63,3236,2100,1.54095
nist-pdf-0004,5,64,3239,2013,1.60904
nist-pdf-0004,5,65,3204,2597,1.23373
nist-pdf-0004,5,66,3054,2226,1.37197
nist-pdf-0004,5,67,3060,2172,1.40884
nist-pdf-0004,5,68,3128,2287,1.36773
nist-pdf-0004,5,69,3589,1988,1.80533
nist-pdf-0004,5,70,3028,2133,1.41960
nist-pdf-0004,5,71,3129,2162,1.44727
nist-pdf-0004,5,72,3214,1971,1.63064
nist-pdf-0004,5,73,3157,2200,1.43500
nist-pdf-0004,5,74,3388,2296,1.47561
nist-pdf-0004,5,75,3091,2034,1.51967
nist-pdf-0004,5,76,3159,2126,1.48589
nist-pdf-0004,5,77,3064,2064,1.48450
nist-pdf-0004,5,78,3226,2157,1.49560
nist-pdf-0004,5,79,3225,2149,1.50070
nist-pdf-0004,5,80,3205,2108,1.52040
nist-pdf-0004,5,81,3164,2173,1.45605
nist-pdf-0004,5,82,3294,2183,1.50893
nist-pdf-0004,5,83,3101,2232,1.38934
nist-pdf-0004,5,84,3107,2132,1.45732
nist-pdf-0004,5,85,3233,2075,1.55807
nist-pdf-0004,5,86,3071,1924,1.59615
nist-pdf-0004,5,87,3173,2045,1.55159
nist-pdf-0004,5,88,3037,1972,1.54006
nist-pdf-0004,5,89,3189,2122,1.50283
nist-pdf-0004,5,90,3224,2007,1.60638
nist-pdf-0004,5,91,3247,2083,1.55881
nist-pdf-0004,5,92,3143,1852,1.69708
nist-pdf-0004,5,93,3046,2114,1.44087
nist-pdf-0004,5,94,3083,2121,1.45356
nist-pdf-0004,5,95,3184,2055,1.54939
nist-pdf-0004,5,96,3297,2122,1.55372
nist-pdf-0004,5,97,3221,2001,1.60970
nist-pdf-0004,5,98,3144,2275,1.38198
nist-pdf-0004,5,99,3156,2290,1.37817
nist-pdf-0004,5,100,3633,2139,1.69846
nist-pdf-0016,5,1,1503,2119,0.70930
nist-pdf-0016,5,2,1528,1592,0.95980
nist-pdf-0016,5,3,1563,1505,1.03854
nist-pdf-0016,5,4,1548,1476,1.04878
nist-pdf-0016,5,5,1520,1616,0.94059
nist-pdf-0016,5,6,1599,1539,1.03899
nist-pdf-0016,5,7,1557,1563,0.99616
nist-pdf-0016,5,8,1559,1591,0.97989
nist-pdf-0016,5,9,1494,1512,0.98810
nist-pdf-0016,5,10,1613,1545,1.04401
nist-pdf-0016,5,11,1504,1509,0.99669
nist-pdf-0016,5,12,1580,1497,1.05544
nist-pdf-0016,5,13,1516,1686,0.89917
nist-pdf-0016,5,14,1493,1506,0.99137
nist-pdf-0016,5,15,1507,1645,0.91611
nist-pdf-0016,5,16,1979,1473,1.34352
nist-pdf-0016,5,17,1525,1594,0.95671
nist-pdf-0016,5,18,1525,1591,0.95852
nist-pdf-0016,5,19,1556,1660,0.93735
nist-pdf-0016,5,20,1539,1689,0.91119
nist-pdf-0016,5,21,1483,1441,1.02915
nist-pdf-0016,5,22,1565,1499,1.04403
nist-pdf-0016,5,23,1515,1531,0.98955
nist-pdf-0016,5,24,1535,1571,0.97708
nist-pdf-0016,5,25,1645,1526,1.07798
nist-pdf-0016,5,26,1525,1602,0.95194
nist-pdf-0016,5,27,1502,1809,0.83029
nist-pdf-0016,5,28,1526,1484,1.02830
nist-pdf-0016,5,29,1531,1898,0.80664
nist-pdf-0016,5,30,1463,1473,0.99321
nist-pdf-0016,5,31,1465,1511,0.96956
nist-pdf-0016,5,32,1522,1594,0.95483
nist-pdf-0016,5,33,1503,1525,0.98557
nist-pdf-0016,5,34,1597,1483,1.07687
nist-pdf-0016,5,35,1484,1594,0.93099
nist-pdf-0016,5,36,1573,1480,1.06284
nist-pdf-0016,5,37,1567,1533,1.02218
nist-pdf-0016,5,38,1497,1506,0.99402
nist-pdf-0016,5,39,1525,1569,0.97196
nist-pdf-0016,5,40,1525,1600,0.95312
nist-pdf-0016,5,41,1496,1570,0.95287
nist-pdf-0016,5,42,1523,1456,1.04602
nist-pdf-0016,5,43,1606,1506,1.06640
nist-pdf-0016,5,44,1545,1519,1.01712
nist-pdf-0016,5,45,1606,1516,1.05937
nist-pdf-0016,5,46,1492,1464,1.01913
nist-pdf-0016,5,47,1589,1509,1.05302
nist-pdf-0016,5,48,1684,1566,1.07535
nist-pdf-0016,5,49,1522,1813,0.83949
nist-pdf-0016,5,50,1532,1638,0.93529
nist-pdf-0016,5,51,1500,1468,1.02180
nist-pdf-0016,5,52,1564,1646,0.95018
nist-pdf-0016,5,53,1519,1571,0.96690
nist-pdf-0016,5,54,1801,1803,0.99889
nist-pdf-0016,5,55,1570,1486,1.05653
nist-pdf-0016,5,56,1536,1603,0.95820
nist-pdf-0016,5,57,1493,1677,0.89028
nist-pdf-0016,5,58,1538,1482,1.03779
nist-pdf-0016,5,59,1810,1655,1.09366
nist-pdf-0016,5,60,1564,1567,0.99809
nist-pdf-0016,5,61,1696,1485,1.14209
nist-pdf-0016,5,62,1548,1626,0.95203
nist-pdf-0016,5,63,1502,1614,0.93061
nist-pdf-0016,5,64,1674,1614,1.03717
nist-pdf-0016,5,65,1495,1475,1.01356
nist-pdf-0016,5,66,1643,1547,1.06206
nist-pdf-0016,5,67,1581,1670,0.94671
nist-pdf-0016,5,68,1483,1648,0.89988
nist-pdf-0016,5,69,1628,1776,0.91667
nist-pdf-0016,5,70,1548,1503,1.02994
nist-pdf-0016,5,71,1552,1584,0.97980
nist-pdf-0016,5,72,1510,1527,0.98887
nist-pdf-0016,5,73,1575,1651,0.95397
nist-pdf-0016,5,74,1572,1534,1.02477
nist-pdf-0016,5,75,1537,1487,1.03362
nist-pdf-0016,5,76,1501,1565,0.95911
nist-pdf-0016,5,77,1508,1693,0.89073
nist-pdf-0016,5,78,1523,1453,1.04818
nist-pdf-0016,5,79,1474,1586,0.92938
nist-pdf-0016,5,80,1623,1497,1.08417
nist-pdf-0016,5,81,1512,1578,0.95817
nist-pdf-0016,5,82,1520,1526,0.99607
nist-pdf-0016,5,83,1676,1582,1.05942
nist-pdf-0016,5,84,1581,1596,0.99060
nist-pdf-0016,5,85,1545,1516,1.01913
nist-pdf-0016,5,86,1576,1561,1.00961
nist-pdf-0016,5,87,1558,1481,1.05199
nist-pdf-0016,5,88,1524,1649,0.92420
nist-pdf-0016,5,89,1489,1497,0.99466
nist-pdf-0016,5,90,1536,1504,1.02128
nist-pdf-0016,5,91,1482,1654,0.89601
nist-pdf-0016,5,92,1620,1613,1.00434
nist-pdf-0016,5,93,1608,1557,1.03276
nist-pdf-0016,5,94,1534,1492,1.02815
nist-pdf-0016,5,95,1470,1461,1.00616
nist-pdf-0016,5,96,1562,1483,1.05327
nist-pdf-0016,5,97,1453,1530,0.94967
nist-pdf-0016,5,98,1466,1648,0.88956
nist-pdf-0016,5,99,1469,1582,0.92857
nist-pdf-0016,5,100,1536,1544,0.99482
nist-pdf-0017,5,1,3989,2245,1.77684
nist-pdf-0017,5,2,4073,2222,1.83303
nist-pdf-0017,5,3,4149,2357,1.76029
nist-pdf-0017,5,4,4133,2542,1.62589
nist-pdf-0017,5,5,3932,2070,1.89952
nist-pdf-0017,5,6,3828,2285,1.67527
nist-pdf-0017,5,7,3793,2061,1.84037
nist-pdf-0017,5,8,3906,2299,1.69900
nist-pdf-0017,5,9,3831,1989,1.92609
nist-pdf-0017,5,10,3847,1959,1.96376
nist-pdf-0017,5,11,3896,2161,1.80287
nist-pdf-0017,5,12,3987,2243,1.77753
nist-pdf-0017,5,13,3772,2191,1.72159
nist-pdf-0017,5,14,4430,1964,2.25560
nist-pdf-0017,5,15,3970,2302,1.72459
nist-pdf-0017,5,16,3843,2279,1.68627
nist-pdf-0017,5,17,4030,2048,1.96777
nist-pdf-0017,5,18,3970,2210,1.79638
nist-pdf-0017,5,19,3752,2213,1.69544
nist-pdf-0017,5,20,4027,2168,1.85747
nist-pdf-0017,5,21,3808,1910,1.99372
nist-pdf-0017,5,22,3733,2142,1.74276
nist-pdf-0017,5,23,3891,2295,1.69542
nist-pdf-0017,5,24,3975,2239,1.77535
nist-pdf-0017,5,25,3850,2375,1.62105
nist-pdf-0017,5,26,3779,2311,1.63522
nist-pdf-0017,5,27,3918,2167,1.80803
nist-pdf-0017,5,28,3972,2170,1.83041
nist-pdf-0017,5,29,3932,2090,1.88134
nist-pdf-0017,5,30,3830,2159,1.77397
nist-pdf-0017,5,31,3917,2405,1.62869
nist-pdf-0017,5,32,4101,2348,1.74659
nist-pdf-0017,5,33,4408,2293,1.92237
nist-pdf-0017,5,34,4103,2267,1.80988
nist-pdf-0017,5,35,4071,2418,1.68362
nist-pdf-0017,5,36,3955,2347,1.68513
nist-pdf-0017,5,37,4117,2210,1.86290
nist-pdf-0017,5,38,3993,2202,1.81335
nist-pdf-0017,5,39,3994,2383,1.67604
nist-pdf-0017,5,40,4006,2316,1.72971
nist-pdf-0017,5,41,4180,2586,1.61640
nist-pdf-0017,5,42,3880,2446,1.58626
nist-pdf-0017,5,43,3955,2533,1.56139
nist-pdf-0017,5,44,4047,2500,1.61880
nist-pdf-0017,5,45,3816,2417,1.57882
nist-pdf-0017,5,46,4037,2826,1.42852
nist-pdf-0017,5,47,3935,2668,1.47489
nist-pdf-0017,5,48,3976,2494,1.59423
nist-pdf-0017,5,49,3999,2316,1.72668
nist-pdf-0017,5,50,4050,2195,1.84510
nist-pdf-0017,5,51,4404,2536,1.73659
nist-pdf-0017,5,52,4190,2605,1.60845
nist-pdf-0017,5,53,4074,2401,1.69679
nist-pdf-0017,5,54,4062,2622,1.54920
nist-pdf-0017,5,55,4096,2352,1.74150
nist-pdf-0017,5,56,4014,2414,1.66280
nist-pdf-0017,5,57,4189,2493,1.68030
nist-pdf-0017,5,58,4197,2280,1.84079
nist-pdf-0017,5,59,4058,2835,1.43139
nist-pdf-0017,5,60,4068,2153,1.88946
nist-pdf-0017,5,61,4253,2350,1.80979
nist-pdf-0017,5,62,4046,2277,1.77690
nist-pdf-0017,5,63,3983,2392,1.66513
nist-pdf-0017,5,64,4113,2139,1.92286
nist-pdf-0017,5,65,3937,2474,1.59135
nist-pdf-0017,5,66,3925,2345,1.67377
nist-pdf-0017,5,67,4035,2340,1.72436
nist-pdf-0017,5,68,4358,2288,1.90472
nist-pdf-0017,5,69,4150,2205,1.88209
nist-pdf-0017,5,70,4051,2372,1.70784
nist-pdf-0017,5,71,4114,2463,1.67032
nist-pdf-0017,5,72,3940,2239,1.75971
nist-pdf-0017,5,73,4135,2221,1.86177
nist-pdf-0017,5,74,4106,2213,1.85540
nist-pdf-0017,5,75,4174,2494,1.67362
nist-pdf-0017,5,76,4104,2452,1.67374
nist-pdf-0017,5,77,4216,2528,1.66772
nist-pdf-0017,5,78,4051,2499,1.62105
nist-pdf-0017,5,79,4053,2665,1.52083
nist-pdf-0017,5,80,4079,3175,1.28472
nist-pdf-0017,5,81,3900,2478,1.57385
nist-pdf-0017,5,82,4256,2290,1.85852
nist-pdf-0017,5,83,4051,2377,1.70425
nist-pdf-0017,5,84,4067,2558,1.58991
nist-pdf-0017,5,85,4004,2719,1.47260
nist-pdf-0017,5,86,4074,2100,1.94000
nist-pdf-0017,5,87,3893,2340,1.66368
nist-pdf-0017,5,88,4051,2358,1.71798
nist-pdf-0017,5,89,4058,2433,1.66790
nist-pdf-0017,5,90,3905,2135,1.82904
nist-pdf-0017,5,91,4036,2397,1.68377
nist-pdf-0017,5,92,3975,2113,1.88121
nist-pdf-0017,5,93,3996,2134,1.87254
nist-pdf-0017,5,94,3736,2281,1.63788
nist-pdf-0017,5,95,3837,2407,1.59410
nist-pdf-0017,5,96,3897,1994,1.95436
nist-pdf-0017,5,97,4013,1921,2.08902
nist-pdf-0017,5,98,3868,1948,1.98563
nist-pdf-0017,5,99,3784,2114,1.78997
nist-pdf-0017,5,100,3899,2153,1.81096
