id	fmt	lane	depth	rep	rc	us	n
nist-pdf-0002	pdf	vole	0	1	0	1498	4
nist-pdf-0002	pdf	vole	1	1	0	1555	4
nist-pdf-0002	pdf	vole	2	1	0	1518	4
nist-pdf-0002	pdf	vole	3	1	0	1714	4
nist-pdf-0002	pdf	vole	4	1	0	1546	4
nist-pdf-0002	pdf	vole	5	1	0	1553	4
nist-pdf-0002	pdf	sqlite	0	1	0	1693	4
nist-pdf-0002	pdf	sqlite	1	1	0	2341	4
nist-pdf-0002	pdf	sqlite	2	1	0	1498	4
nist-pdf-0002	pdf	sqlite	3	1	0	1449	4
nist-pdf-0002	pdf	sqlite	4	1	0	1534	4
nist-pdf-0002	pdf	sqlite	5	1	0	1498	4
nist-pdf-0002	pdf	sqlite	0	2	0	1384	4
nist-pdf-0002	pdf	sqlite	1	2	0	1388	4
nist-pdf-0002	pdf	sqlite	2	2	0	1577	4
nist-pdf-0002	pdf	sqlite	3	2	0	1541	4
nist-pdf-0002	pdf	sqlite	4	2	0	1464	4
nist-pdf-0002	pdf	sqlite	5	2	0	1418	4
nist-pdf-0002	pdf	vole	0	2	0	1738	4
nist-pdf-0002	pdf	vole	1	2	0	1553	4
nist-pdf-0002	pdf	vole	2	2	0	1517	4
nist-pdf-0002	pdf	vole	3	2	0	2324	4
nist-pdf-0002	pdf	vole	4	2	0	1599	4
nist-pdf-0002	pdf	vole	5	2	0	1606	4
nist-pdf-0002	pdf	vole	0	3	0	1543	4
nist-pdf-0002	pdf	vole	1	3	0	1567	4
nist-pdf-0002	pdf	vole	2	3	0	1466	4
nist-pdf-0002	pdf	vole	3	3	0	1459	4
nist-pdf-0002	pdf	vole	4	3	0	1436	4
nist-pdf-0002	pdf	vole	5	3	0	1428	4
nist-pdf-0002	pdf	sqlite	0	3	0	1771	4
nist-pdf-0002	pdf	sqlite	1	3	0	1445	4
nist-pdf-0002	pdf	sqlite	2	3	0	1419	4
nist-pdf-0002	pdf	sqlite	3	3	0	1449	4
nist-pdf-0002	pdf	sqlite	4	3	0	1515	4
nist-pdf-0002	pdf	sqlite	5	3	0	1415	4
nist-pdf-0002	pdf	sqlite	0	4	0	1394	4
nist-pdf-0002	pdf	sqlite	1	4	0	1375	4
nist-pdf-0002	pdf	sqlite	2	4	0	1391	4
nist-pdf-0002	pdf	sqlite	3	4	0	1322	4
nist-pdf-0002	pdf	sqlite	4	4	0	1432	4
nist-pdf-0002	pdf	sqlite	5	4	0	1486	4
nist-pdf-0002	pdf	vole	0	4	0	1663	4
nist-pdf-0002	pdf	vole	1	4	0	1537	4
nist-pdf-0002	pdf	vole	2	4	0	1587	4
nist-pdf-0002	pdf	vole	3	4	0	1540	4
nist-pdf-0002	pdf	vole	4	4	0	1450	4
nist-pdf-0002	pdf	vole	5	4	0	1595	4
nist-pdf-0002	pdf	vole	0	5	0	1477	4
nist-pdf-0002	pdf	vole	1	5	0	1484	4
nist-pdf-0002	pdf	vole	2	5	0	1460	4
nist-pdf-0002	pdf	vole	3	5	0	1524	4
nist-pdf-0002	pdf	vole	4	5	0	1565	4
nist-pdf-0002	pdf	vole	5	5	0	1590	4
nist-pdf-0002	pdf	sqlite	0	5	0	1979	4
nist-pdf-0002	pdf	sqlite	1	5	0	1593	4
nist-pdf-0002	pdf	sqlite	2	5	0	2316	4
nist-pdf-0002	pdf	sqlite	3	5	0	1755	4
nist-pdf-0002	pdf	sqlite	4	5	0	1664	4
nist-pdf-0002	pdf	sqlite	5	5	0	1713	4
nist-pdf-0002	pdf	sqlite	0	6	0	1461	4
nist-pdf-0002	pdf	sqlite	1	6	0	1489	4
nist-pdf-0002	pdf	sqlite	2	6	0	1716	4
nist-pdf-0002	pdf	sqlite	3	6	0	1674	4
nist-pdf-0002	pdf	sqlite	4	6	0	1588	4
nist-pdf-0002	pdf	sqlite	5	6	0	1721	4
nist-pdf-0002	pdf	vole	0	6	0	2653	4
nist-pdf-0002	pdf	vole	1	6	0	1539	4
nist-pdf-0002	pdf	vole	2	6	0	1511	4
nist-pdf-0002	pdf	vole	3	6	0	1712	4
nist-pdf-0002	pdf	vole	4	6	0	1532	4
nist-pdf-0002	pdf	vole	5	6	0	2445	4
nist-pdf-0002	pdf	vole	0	7	0	1558	4
nist-pdf-0002	pdf	vole	1	7	0	1520	4
nist-pdf-0002	pdf	vole	2	7	0	1551	4
nist-pdf-0002	pdf	vole	3	7	0	1536	4
nist-pdf-0002	pdf	vole	4	7	0	1582	4
nist-pdf-0002	pdf	vole	5	7	0	1570	4
nist-pdf-0002	pdf	sqlite	0	7	0	1782	4
nist-pdf-0002	pdf	sqlite	1	7	0	2014	4
nist-pdf-0002	pdf	sqlite	2	7	0	1973	4
nist-pdf-0002	pdf	sqlite	3	7	0	1694	4
nist-pdf-0002	pdf	sqlite	4	7	0	1794	4
nist-pdf-0002	pdf	sqlite	5	7	0	1852	4
nist-pdf-0002	pdf	sqlite	0	8	0	1626	4
nist-pdf-0002	pdf	sqlite	1	8	0	1429	4
nist-pdf-0002	pdf	sqlite	2	8	0	1524	4
nist-pdf-0002	pdf	sqlite	3	8	0	1692	4
nist-pdf-0002	pdf	sqlite	4	8	0	1495	4
nist-pdf-0002	pdf	sqlite	5	8	0	1463	4
nist-pdf-0002	pdf	vole	0	8	0	1760	4
nist-pdf-0002	pdf	vole	1	8	0	1505	4
nist-pdf-0002	pdf	vole	2	8	0	1388	4
nist-pdf-0002	pdf	vole	3	8	0	1458	4
nist-pdf-0002	pdf	vole	4	8	0	1464	4
nist-pdf-0002	pdf	vole	5	8	0	1616	4
nist-pdf-0002	pdf	vole	0	9	0	1488	4
nist-pdf-0002	pdf	vole	1	9	0	1483	4
nist-pdf-0002	pdf	vole	2	9	0	1475	4
nist-pdf-0002	pdf	vole	3	9	0	1425	4
nist-pdf-0002	pdf	vole	4	9	0	1475	4
nist-pdf-0002	pdf	vole	5	9	0	1455	4
nist-pdf-0002	pdf	sqlite	0	9	0	1660	4
nist-pdf-0002	pdf	sqlite	1	9	0	1547	4
nist-pdf-0002	pdf	sqlite	2	9	0	1453	4
nist-pdf-0002	pdf	sqlite	3	9	0	1607	4
nist-pdf-0002	pdf	sqlite	4	9	0	2214	4
nist-pdf-0002	pdf	sqlite	5	9	0	1651	4
nist-pdf-0002	pdf	sqlite	0	10	0	1474	4
nist-pdf-0002	pdf	sqlite	1	10	0	1466	4
nist-pdf-0002	pdf	sqlite	2	10	0	1363	4
nist-pdf-0002	pdf	sqlite	3	10	0	1435	4
nist-pdf-0002	pdf	sqlite	4	10	0	1667	4
nist-pdf-0002	pdf	sqlite	5	10	0	1471	4
nist-pdf-0002	pdf	vole	0	10	0	1688	4
nist-pdf-0002	pdf	vole	1	10	0	1519	4
nist-pdf-0002	pdf	vole	2	10	0	1488	4
nist-pdf-0002	pdf	vole	3	10	0	1415	4
nist-pdf-0002	pdf	vole	4	10	0	1497	4
nist-pdf-0002	pdf	vole	5	10	0	1426	4
nist-pdf-0002	pdf	vole	0	11	0	1468	4
nist-pdf-0002	pdf	vole	1	11	0	1471	4
nist-pdf-0002	pdf	vole	2	11	0	1424	4
nist-pdf-0002	pdf	vole	3	11	0	1458	4
nist-pdf-0002	pdf	vole	4	11	0	1504	4
nist-pdf-0002	pdf	vole	5	11	0	1465	4
nist-pdf-0002	pdf	sqlite	0	11	0	1770	4
nist-pdf-0002	pdf	sqlite	1	11	0	1564	4
nist-pdf-0002	pdf	sqlite	2	11	0	1509	4
nist-pdf-0002	pdf	sqlite	3	11	0	1463	4
nist-pdf-0002	pdf	sqlite	4	11	0	1517	4
nist-pdf-0002	pdf	sqlite	5	11	0	1543	4
nist-pdf-0002	pdf	sqlite	0	12	0	1438	4
nist-pdf-0002	pdf	sqlite	1	12	0	1478	4
nist-pdf-0002	pdf	sqlite	2	12	0	1425	4
nist-pdf-0002	pdf	sqlite	3	12	0	1477	4
nist-pdf-0002	pdf	sqlite	4	12	0	1569	4
nist-pdf-0002	pdf	sqlite	5	12	0	1442	4
nist-pdf-0002	pdf	vole	0	12	0	1593	4
nist-pdf-0002	pdf	vole	1	12	0	1524	4
nist-pdf-0002	pdf	vole	2	12	0	1567	4
nist-pdf-0002	pdf	vole	3	12	0	1461	4
nist-pdf-0002	pdf	vole	4	12	0	1450	4
nist-pdf-0002	pdf	vole	5	12	0	1458	4
nist-pdf-0002	pdf	vole	0	13	0	1528	4
nist-pdf-0002	pdf	vole	1	13	0	1462	4
nist-pdf-0002	pdf	vole	2	13	0	1477	4
nist-pdf-0002	pdf	vole	3	13	0	1429	4
nist-pdf-0002	pdf	vole	4	13	0	1511	4
nist-pdf-0002	pdf	vole	5	13	0	1534	4
nist-pdf-0002	pdf	sqlite	0	13	0	1641	4
nist-pdf-0002	pdf	sqlite	1	13	0	1703	4
nist-pdf-0002	pdf	sqlite	2	13	0	1587	4
nist-pdf-0002	pdf	sqlite	3	13	0	1521	4
nist-pdf-0002	pdf	sqlite	4	13	0	1671	4
nist-pdf-0002	pdf	sqlite	5	13	0	1523	4
nist-pdf-0002	pdf	sqlite	0	14	0	1414	4
nist-pdf-0002	pdf	sqlite	1	14	0	1522	4
nist-pdf-0002	pdf	sqlite	2	14	0	1550	4
nist-pdf-0002	pdf	sqlite	3	14	0	1529	4
nist-pdf-0002	pdf	sqlite	4	14	0	1517	4
nist-pdf-0002	pdf	sqlite	5	14	0	1479	4
nist-pdf-0002	pdf	vole	0	14	0	1657	4
nist-pdf-0002	pdf	vole	1	14	0	1471	4
nist-pdf-0002	pdf	vole	2	14	0	1546	4
nist-pdf-0002	pdf	vole	3	14	0	1613	4
nist-pdf-0002	pdf	vole	4	14	0	1524	4
nist-pdf-0002	pdf	vole	5	14	0	1553	4
nist-pdf-0002	pdf	vole	0	15	0	1558	4
nist-pdf-0002	pdf	vole	1	15	0	1421	4
nist-pdf-0002	pdf	vole	2	15	0	1423	4
nist-pdf-0002	pdf	vole	3	15	0	1435	4
nist-pdf-0002	pdf	vole	4	15	0	1395	4
nist-pdf-0002	pdf	vole	5	15	0	1444	4
nist-pdf-0002	pdf	sqlite	0	15	0	1833	4
nist-pdf-0002	pdf	sqlite	1	15	0	1475	4
nist-pdf-0002	pdf	sqlite	2	15	0	1520	4
nist-pdf-0002	pdf	sqlite	3	15	0	1614	4
nist-pdf-0002	pdf	sqlite	4	15	0	1526	4
nist-pdf-0002	pdf	sqlite	5	15	0	1522	4
nist-pdf-0002	pdf	sqlite	0	16	0	1402	4
nist-pdf-0002	pdf	sqlite	1	16	0	1375	4
nist-pdf-0002	pdf	sqlite	2	16	0	1501	4
nist-pdf-0002	pdf	sqlite	3	16	0	1529	4
nist-pdf-0002	pdf	sqlite	4	16	0	1503	4
nist-pdf-0002	pdf	sqlite	5	16	0	1780	4
nist-pdf-0002	pdf	vole	0	16	0	1693	4
nist-pdf-0002	pdf	vole	1	16	0	1516	4
nist-pdf-0002	pdf	vole	2	16	0	1511	4
nist-pdf-0002	pdf	vole	3	16	0	1548	4
nist-pdf-0002	pdf	vole	4	16	0	1419	4
nist-pdf-0002	pdf	vole	5	16	0	1482	4
nist-pdf-0002	pdf	vole	0	17	0	1504	4
nist-pdf-0002	pdf	vole	1	17	0	1433	4
nist-pdf-0002	pdf	vole	2	17	0	1629	4
nist-pdf-0002	pdf	vole	3	17	0	1527	4
nist-pdf-0002	pdf	vole	4	17	0	1513	4
nist-pdf-0002	pdf	vole	5	17	0	1483	4
nist-pdf-0002	pdf	sqlite	0	17	0	1703	4
nist-pdf-0002	pdf	sqlite	1	17	0	1557	4
nist-pdf-0002	pdf	sqlite	2	17	0	1534	4
nist-pdf-0002	pdf	sqlite	3	17	0	1597	4
nist-pdf-0002	pdf	sqlite	4	17	0	1698	4
nist-pdf-0002	pdf	sqlite	5	17	0	1666	4
nist-pdf-0002	pdf	sqlite	0	18	0	1525	4
nist-pdf-0002	pdf	sqlite	1	18	0	1398	4
nist-pdf-0002	pdf	sqlite	2	18	0	1676	4
nist-pdf-0002	pdf	sqlite	3	18	0	1504	4
nist-pdf-0002	pdf	sqlite	4	18	0	1602	4
nist-pdf-0002	pdf	sqlite	5	18	0	1569	4
nist-pdf-0002	pdf	vole	0	18	0	1796	4
nist-pdf-0002	pdf	vole	1	18	0	1579	4
nist-pdf-0002	pdf	vole	2	18	0	1600	4
nist-pdf-0002	pdf	vole	3	18	0	1577	4
nist-pdf-0002	pdf	vole	4	18	0	1435	4
nist-pdf-0002	pdf	vole	5	18	0	1369	4
nist-pdf-0002	pdf	vole	0	19	0	1399	4
nist-pdf-0002	pdf	vole	1	19	0	1514	4
nist-pdf-0002	pdf	vole	2	19	0	1526	4
nist-pdf-0002	pdf	vole	3	19	0	1493	4
nist-pdf-0002	pdf	vole	4	19	0	1577	4
nist-pdf-0002	pdf	vole	5	19	0	1449	4
nist-pdf-0002	pdf	sqlite	0	19	0	1935	4
nist-pdf-0002	pdf	sqlite	1	19	0	1571	4
nist-pdf-0002	pdf	sqlite	2	19	0	1496	4
nist-pdf-0002	pdf	sqlite	3	19	0	1515	4
nist-pdf-0002	pdf	sqlite	4	19	0	1591	4
nist-pdf-0002	pdf	sqlite	5	19	0	1776	4
nist-pdf-0002	pdf	sqlite	0	20	0	1374	4
nist-pdf-0002	pdf	sqlite	1	20	0	1528	4
nist-pdf-0002	pdf	sqlite	2	20	0	1523	4
nist-pdf-0002	pdf	sqlite	3	20	0	1403	4
nist-pdf-0002	pdf	sqlite	4	20	0	1564	4
nist-pdf-0002	pdf	sqlite	5	20	0	1704	4
nist-pdf-0002	pdf	vole	0	20	0	1725	4
nist-pdf-0002	pdf	vole	1	20	0	1527	4
nist-pdf-0002	pdf	vole	2	20	0	1615	4
nist-pdf-0002	pdf	vole	3	20	0	1477	4
nist-pdf-0002	pdf	vole	4	20	0	1494	4
nist-pdf-0002	pdf	vole	5	20	0	1504	4
nist-pdf-0002	pdf	vole	0	21	0	1504	4
nist-pdf-0002	pdf	vole	1	21	0	1490	4
nist-pdf-0002	pdf	vole	2	21	0	1508	4
nist-pdf-0002	pdf	vole	3	21	0	1425	4
nist-pdf-0002	pdf	vole	4	21	0	1477	4
nist-pdf-0002	pdf	vole	5	21	0	1494	4
nist-pdf-0002	pdf	sqlite	0	21	0	1654	4
nist-pdf-0002	pdf	sqlite	1	21	0	1481	4
nist-pdf-0002	pdf	sqlite	2	21	0	1531	4
nist-pdf-0002	pdf	sqlite	3	21	0	1532	4
nist-pdf-0002	pdf	sqlite	4	21	0	1636	4
nist-pdf-0002	pdf	sqlite	5	21	0	1522	4
nist-pdf-0002	pdf	sqlite	0	22	0	1499	4
nist-pdf-0002	pdf	sqlite	1	22	0	1562	4
nist-pdf-0002	pdf	sqlite	2	22	0	1655	4
nist-pdf-0002	pdf	sqlite	3	22	0	1471	4
nist-pdf-0002	pdf	sqlite	4	22	0	1446	4
nist-pdf-0002	pdf	sqlite	5	22	0	1438	4
nist-pdf-0002	pdf	vole	0	22	0	1687	4
nist-pdf-0002	pdf	vole	1	22	0	1427	4
nist-pdf-0002	pdf	vole	2	22	0	1536	4
nist-pdf-0002	pdf	vole	3	22	0	1503	4
nist-pdf-0002	pdf	vole	4	22	0	1544	4
nist-pdf-0002	pdf	vole	5	22	0	1512	4
nist-pdf-0002	pdf	vole	0	23	0	1461	4
nist-pdf-0002	pdf	vole	1	23	0	1439	4
nist-pdf-0002	pdf	vole	2	23	0	1498	4
nist-pdf-0002	pdf	vole	3	23	0	1418	4
nist-pdf-0002	pdf	vole	4	23	0	1392	4
nist-pdf-0002	pdf	vole	5	23	0	1455	4
nist-pdf-0002	pdf	sqlite	0	23	0	1802	4
nist-pdf-0002	pdf	sqlite	1	23	0	1616	4
nist-pdf-0002	pdf	sqlite	2	23	0	1564	4
nist-pdf-0002	pdf	sqlite	3	23	0	1459	4
nist-pdf-0002	pdf	sqlite	4	23	0	1609	4
nist-pdf-0002	pdf	sqlite	5	23	0	1657	4
nist-pdf-0002	pdf	sqlite	0	24	0	1496	4
nist-pdf-0002	pdf	sqlite	1	24	0	1601	4
nist-pdf-0002	pdf	sqlite	2	24	0	1496	4
nist-pdf-0002	pdf	sqlite	3	24	0	1559	4
nist-pdf-0002	pdf	sqlite	4	24	0	1509	4
nist-pdf-0002	pdf	sqlite	5	24	0	1606	4
nist-pdf-0002	pdf	vole	0	24	0	1678	4
nist-pdf-0002	pdf	vole	1	24	0	1415	4
nist-pdf-0002	pdf	vole	2	24	0	1386	4
nist-pdf-0002	pdf	vole	3	24	0	1485	4
nist-pdf-0002	pdf	vole	4	24	0	1431	4
nist-pdf-0002	pdf	vole	5	24	0	1418	4
nist-pdf-0002	pdf	vole	0	25	0	1493	4
nist-pdf-0002	pdf	vole	1	25	0	1424	4
nist-pdf-0002	pdf	vole	2	25	0	1568	4
nist-pdf-0002	pdf	vole	3	25	0	1570	4
nist-pdf-0002	pdf	vole	4	25	0	1465	4
nist-pdf-0002	pdf	vole	5	25	0	1480	4
nist-pdf-0002	pdf	sqlite	0	25	0	1795	4
nist-pdf-0002	pdf	sqlite	1	25	0	1594	4
nist-pdf-0002	pdf	sqlite	2	25	0	1462	4
nist-pdf-0002	pdf	sqlite	3	25	0	1687	4
nist-pdf-0002	pdf	sqlite	4	25	0	1527	4
nist-pdf-0002	pdf	sqlite	5	25	0	1537	4
nist-pdf-0002	pdf	sqlite	0	26	0	1365	4
nist-pdf-0002	pdf	sqlite	1	26	0	1431	4
nist-pdf-0002	pdf	sqlite	2	26	0	1426	4
nist-pdf-0002	pdf	sqlite	3	26	0	1566	4
nist-pdf-0002	pdf	sqlite	4	26	0	1518	4
nist-pdf-0002	pdf	sqlite	5	26	0	1461	4
nist-pdf-0002	pdf	vole	0	26	0	1633	4
nist-pdf-0002	pdf	vole	1	26	0	1501	4
nist-pdf-0002	pdf	vole	2	26	0	1447	4
nist-pdf-0002	pdf	vole	3	26	0	1426	4
nist-pdf-0002	pdf	vole	4	26	0	1461	4
nist-pdf-0002	pdf	vole	5	26	0	1545	4
nist-pdf-0002	pdf	vole	0	27	0	1468	4
nist-pdf-0002	pdf	vole	1	27	0	1432	4
nist-pdf-0002	pdf	vole	2	27	0	1505	4
nist-pdf-0002	pdf	vole	3	27	0	1487	4
nist-pdf-0002	pdf	vole	4	27	0	1477	4
nist-pdf-0002	pdf	vole	5	27	0	1428	4
nist-pdf-0002	pdf	sqlite	0	27	0	1891	4
nist-pdf-0002	pdf	sqlite	1	27	0	1740	4
nist-pdf-0002	pdf	sqlite	2	27	0	1775	4
nist-pdf-0002	pdf	sqlite	3	27	0	1826	4
nist-pdf-0002	pdf	sqlite	4	27	0	1697	4
nist-pdf-0002	pdf	sqlite	5	27	0	1576	4
nist-pdf-0002	pdf	sqlite	0	28	0	1598	4
nist-pdf-0002	pdf	sqlite	1	28	0	1466	4
nist-pdf-0002	pdf	sqlite	2	28	0	1669	4
nist-pdf-0002	pdf	sqlite	3	28	0	1576	4
nist-pdf-0002	pdf	sqlite	4	28	0	1540	4
nist-pdf-0002	pdf	sqlite	5	28	0	1675	4
nist-pdf-0002	pdf	vole	0	28	0	1660	4
nist-pdf-0002	pdf	vole	1	28	0	1578	4
nist-pdf-0002	pdf	vole	2	28	0	1512	4
nist-pdf-0002	pdf	vole	3	28	0	1460	4
nist-pdf-0002	pdf	vole	4	28	0	1468	4
nist-pdf-0002	pdf	vole	5	28	0	1388	4
nist-pdf-0002	pdf	vole	0	29	0	1494	4
nist-pdf-0002	pdf	vole	1	29	0	1488	4
nist-pdf-0002	pdf	vole	2	29	0	1466	4
nist-pdf-0002	pdf	vole	3	29	0	1590	4
nist-pdf-0002	pdf	vole	4	29	0	1604	4
nist-pdf-0002	pdf	vole	5	29	0	1650	4
nist-pdf-0002	pdf	sqlite	0	29	0	1899	4
nist-pdf-0002	pdf	sqlite	1	29	0	1582	4
nist-pdf-0002	pdf	sqlite	2	29	0	1558	4
nist-pdf-0002	pdf	sqlite	3	29	0	1604	4
nist-pdf-0002	pdf	sqlite	4	29	0	1540	4
nist-pdf-0002	pdf	sqlite	5	29	0	1692	4
nist-pdf-0002	pdf	sqlite	0	30	0	2093	4
nist-pdf-0002	pdf	sqlite	1	30	0	1989	4
nist-pdf-0002	pdf	sqlite	2	30	0	2118	4
nist-pdf-0002	pdf	sqlite	3	30	0	1747	4
nist-pdf-0002	pdf	sqlite	4	30	0	1595	4
nist-pdf-0002	pdf	sqlite	5	30	0	1721	4
nist-pdf-0002	pdf	vole	0	30	0	1901	4
nist-pdf-0002	pdf	vole	1	30	0	1623	4
nist-pdf-0002	pdf	vole	2	30	0	1478	4
nist-pdf-0002	pdf	vole	3	30	0	1511	4
nist-pdf-0002	pdf	vole	4	30	0	1453	4
nist-pdf-0002	pdf	vole	5	30	0	1430	4
nist-pdf-0002	pdf	vole	0	31	0	1497	4
nist-pdf-0002	pdf	vole	1	31	0	1554	4
nist-pdf-0002	pdf	vole	2	31	0	1410	4
nist-pdf-0002	pdf	vole	3	31	0	1449	4
nist-pdf-0002	pdf	vole	4	31	0	1480	4
nist-pdf-0002	pdf	vole	5	31	0	1490	4
nist-pdf-0002	pdf	sqlite	0	31	0	1549	4
nist-pdf-0002	pdf	sqlite	1	31	0	1553	4
nist-pdf-0002	pdf	sqlite	2	31	0	1523	4
nist-pdf-0002	pdf	sqlite	3	31	0	1406	4
nist-pdf-0002	pdf	sqlite	4	31	0	1532	4
nist-pdf-0002	pdf	sqlite	5	31	0	1564	4
nist-pdf-0002	pdf	sqlite	0	32	0	1371	4
nist-pdf-0002	pdf	sqlite	1	32	0	1544	4
nist-pdf-0002	pdf	sqlite	2	32	0	1405	4
nist-pdf-0002	pdf	sqlite	3	32	0	1368	4
nist-pdf-0002	pdf	sqlite	4	32	0	1558	4
nist-pdf-0002	pdf	sqlite	5	32	0	1481	4
nist-pdf-0002	pdf	vole	0	32	0	1561	4
nist-pdf-0002	pdf	vole	1	32	0	1417	4
nist-pdf-0002	pdf	vole	2	32	0	1414	4
nist-pdf-0002	pdf	vole	3	32	0	1462	4
nist-pdf-0002	pdf	vole	4	32	0	1389	4
nist-pdf-0002	pdf	vole	5	32	0	1401	4
nist-pdf-0002	pdf	vole	0	33	0	1398	4
nist-pdf-0002	pdf	vole	1	33	0	1493	4
nist-pdf-0002	pdf	vole	2	33	0	1524	4
nist-pdf-0002	pdf	vole	3	33	0	1426	4
nist-pdf-0002	pdf	vole	4	33	0	1455	4
nist-pdf-0002	pdf	vole	5	33	0	1472	4
nist-pdf-0002	pdf	sqlite	0	33	0	1595	4
nist-pdf-0002	pdf	sqlite	1	33	0	1428	4
nist-pdf-0002	pdf	sqlite	2	33	0	1532	4
nist-pdf-0002	pdf	sqlite	3	33	0	1520	4
nist-pdf-0002	pdf	sqlite	4	33	0	1556	4
nist-pdf-0002	pdf	sqlite	5	33	0	1524	4
nist-pdf-0002	pdf	sqlite	0	34	0	1447	4
nist-pdf-0002	pdf	sqlite	1	34	0	1392	4
nist-pdf-0002	pdf	sqlite	2	34	0	1587	4
nist-pdf-0002	pdf	sqlite	3	34	0	1505	4
nist-pdf-0002	pdf	sqlite	4	34	0	1612	4
nist-pdf-0002	pdf	sqlite	5	34	0	1446	4
nist-pdf-0002	pdf	vole	0	34	0	1604	4
nist-pdf-0002	pdf	vole	1	34	0	1545	4
nist-pdf-0002	pdf	vole	2	34	0	1396	4
nist-pdf-0002	pdf	vole	3	34	0	1556	4
nist-pdf-0002	pdf	vole	4	34	0	1484	4
nist-pdf-0002	pdf	vole	5	34	0	1451	4
nist-pdf-0002	pdf	vole	0	35	0	1495	4
nist-pdf-0002	pdf	vole	1	35	0	1494	4
nist-pdf-0002	pdf	vole	2	35	0	1511	4
nist-pdf-0002	pdf	vole	3	35	0	1462	4
nist-pdf-0002	pdf	vole	4	35	0	1410	4
nist-pdf-0002	pdf	vole	5	35	0	1392	4
nist-pdf-0002	pdf	sqlite	0	35	0	1801	4
nist-pdf-0002	pdf	sqlite	1	35	0	1568	4
nist-pdf-0002	pdf	sqlite	2	35	0	1521	4
nist-pdf-0002	pdf	sqlite	3	35	0	1572	4
nist-pdf-0002	pdf	sqlite	4	35	0	1527	4
nist-pdf-0002	pdf	sqlite	5	35	0	1539	4
nist-pdf-0002	pdf	sqlite	0	36	0	1575	4
nist-pdf-0002	pdf	sqlite	1	36	0	1470	4
nist-pdf-0002	pdf	sqlite	2	36	0	1558	4
nist-pdf-0002	pdf	sqlite	3	36	0	1419	4
nist-pdf-0002	pdf	sqlite	4	36	0	1466	4
nist-pdf-0002	pdf	sqlite	5	36	0	1671	4
nist-pdf-0002	pdf	vole	0	36	0	1692	4
nist-pdf-0002	pdf	vole	1	36	0	1522	4
nist-pdf-0002	pdf	vole	2	36	0	1460	4
nist-pdf-0002	pdf	vole	3	36	0	1485	4
nist-pdf-0002	pdf	vole	4	36	0	1463	4
nist-pdf-0002	pdf	vole	5	36	0	1448	4
nist-pdf-0002	pdf	vole	0	37	0	1471	4
nist-pdf-0002	pdf	vole	1	37	0	1545	4
nist-pdf-0002	pdf	vole	2	37	0	1566	4
nist-pdf-0002	pdf	vole	3	37	0	1502	4
nist-pdf-0002	pdf	vole	4	37	0	1564	4
nist-pdf-0002	pdf	vole	5	37	0	1496	4
nist-pdf-0002	pdf	sqlite	0	37	0	2158	4
nist-pdf-0002	pdf	sqlite	1	37	0	1667	4
nist-pdf-0002	pdf	sqlite	2	37	0	1540	4
nist-pdf-0002	pdf	sqlite	3	37	0	1722	4
nist-pdf-0002	pdf	sqlite	4	37	0	1566	4
nist-pdf-0002	pdf	sqlite	5	37	0	1595	4
nist-pdf-0002	pdf	sqlite	0	38	0	1399	4
nist-pdf-0002	pdf	sqlite	1	38	0	1358	4
nist-pdf-0002	pdf	sqlite	2	38	0	1485	4
nist-pdf-0002	pdf	sqlite	3	38	0	1507	4
nist-pdf-0002	pdf	sqlite	4	38	0	2192	4
nist-pdf-0002	pdf	sqlite	5	38	0	1551	4
nist-pdf-0002	pdf	vole	0	38	0	1659	4
nist-pdf-0002	pdf	vole	1	38	0	1552	4
nist-pdf-0002	pdf	vole	2	38	0	2516	4
nist-pdf-0002	pdf	vole	3	38	0	1481	4
nist-pdf-0002	pdf	vole	4	38	0	1443	4
nist-pdf-0002	pdf	vole	5	38	0	1436	4
nist-pdf-0002	pdf	vole	0	39	0	1393	4
nist-pdf-0002	pdf	vole	1	39	0	1395	4
nist-pdf-0002	pdf	vole	2	39	0	1388	4
nist-pdf-0002	pdf	vole	3	39	0	1427	4
nist-pdf-0002	pdf	vole	4	39	0	1452	4
nist-pdf-0002	pdf	vole	5	39	0	1407	4
nist-pdf-0002	pdf	sqlite	0	39	0	1751	4
nist-pdf-0002	pdf	sqlite	1	39	0	1474	4
nist-pdf-0002	pdf	sqlite	2	39	0	1480	4
nist-pdf-0002	pdf	sqlite	3	39	0	1509	4
nist-pdf-0002	pdf	sqlite	4	39	0	1479	4
nist-pdf-0002	pdf	sqlite	5	39	0	1553	4
nist-pdf-0002	pdf	sqlite	0	40	0	1420	4
nist-pdf-0002	pdf	sqlite	1	40	0	1339	4
nist-pdf-0002	pdf	sqlite	2	40	0	1425	4
nist-pdf-0002	pdf	sqlite	3	40	0	1383	4
nist-pdf-0002	pdf	sqlite	4	40	0	1945	4
nist-pdf-0002	pdf	sqlite	5	40	0	1555	4
nist-pdf-0002	pdf	vole	0	40	0	1638	4
nist-pdf-0002	pdf	vole	1	40	0	1474	4
nist-pdf-0002	pdf	vole	2	40	0	1458	4
nist-pdf-0002	pdf	vole	3	40	0	1421	4
nist-pdf-0002	pdf	vole	4	40	0	1478	4
nist-pdf-0002	pdf	vole	5	40	0	1469	4
nist-pdf-0002	pdf	vole	0	41	0	1393	4
nist-pdf-0002	pdf	vole	1	41	0	1463	4
nist-pdf-0002	pdf	vole	2	41	0	1426	4
nist-pdf-0002	pdf	vole	3	41	0	1439	4
nist-pdf-0002	pdf	vole	4	41	0	1416	4
nist-pdf-0002	pdf	vole	5	41	0	1445	4
nist-pdf-0002	pdf	sqlite	0	41	0	1633	4
nist-pdf-0002	pdf	sqlite	1	41	0	1448	4
nist-pdf-0002	pdf	sqlite	2	41	0	1546	4
nist-pdf-0002	pdf	sqlite	3	41	0	1527	4
nist-pdf-0002	pdf	sqlite	4	41	0	1423	4
nist-pdf-0002	pdf	sqlite	5	41	0	1487	4
nist-pdf-0002	pdf	sqlite	0	42	0	1472	4
nist-pdf-0002	pdf	sqlite	1	42	0	1436	4
nist-pdf-0002	pdf	sqlite	2	42	0	1422	4
nist-pdf-0002	pdf	sqlite	3	42	0	1470	4
nist-pdf-0002	pdf	sqlite	4	42	0	1508	4
nist-pdf-0002	pdf	sqlite	5	42	0	1461	4
nist-pdf-0002	pdf	vole	0	42	0	1571	4
nist-pdf-0002	pdf	vole	1	42	0	1457	4
nist-pdf-0002	pdf	vole	2	42	0	1523	4
nist-pdf-0002	pdf	vole	3	42	0	1439	4
nist-pdf-0002	pdf	vole	4	42	0	1474	4
nist-pdf-0002	pdf	vole	5	42	0	1551	4
nist-pdf-0002	pdf	vole	0	43	0	1507	4
nist-pdf-0002	pdf	vole	1	43	0	1478	4
nist-pdf-0002	pdf	vole	2	43	0	1489	4
nist-pdf-0002	pdf	vole	3	43	0	1444	4
nist-pdf-0002	pdf	vole	4	43	0	1554	4
nist-pdf-0002	pdf	vole	5	43	0	1527	4
nist-pdf-0002	pdf	sqlite	0	43	0	1712	4
nist-pdf-0002	pdf	sqlite	1	43	0	1634	4
nist-pdf-0002	pdf	sqlite	2	43	0	1519	4
nist-pdf-0002	pdf	sqlite	3	43	0	1584	4
nist-pdf-0002	pdf	sqlite	4	43	0	1583	4
nist-pdf-0002	pdf	sqlite	5	43	0	1534	4
nist-pdf-0002	pdf	sqlite	0	44	0	1592	4
nist-pdf-0002	pdf	sqlite	1	44	0	1442	4
nist-pdf-0002	pdf	sqlite	2	44	0	1430	4
nist-pdf-0002	pdf	sqlite	3	44	0	1521	4
nist-pdf-0002	pdf	sqlite	4	44	0	1522	4
nist-pdf-0002	pdf	sqlite	5	44	0	1448	4
nist-pdf-0002	pdf	vole	0	44	0	1729	4
nist-pdf-0002	pdf	vole	1	44	0	1515	4
nist-pdf-0002	pdf	vole	2	44	0	1388	4
nist-pdf-0002	pdf	vole	3	44	0	1467	4
nist-pdf-0002	pdf	vole	4	44	0	1402	4
nist-pdf-0002	pdf	vole	5	44	0	1329	4
nist-pdf-0002	pdf	vole	0	45	0	1332	4
nist-pdf-0002	pdf	vole	1	45	0	1402	4
nist-pdf-0002	pdf	vole	2	45	0	1356	4
nist-pdf-0002	pdf	vole	3	45	0	1486	4
nist-pdf-0002	pdf	vole	4	45	0	1456	4
nist-pdf-0002	pdf	vole	5	45	0	1532	4
nist-pdf-0002	pdf	sqlite	0	45	0	1504	4
nist-pdf-0002	pdf	sqlite	1	45	0	1497	4
nist-pdf-0002	pdf	sqlite	2	45	0	1442	4
nist-pdf-0002	pdf	sqlite	3	45	0	1467	4
nist-pdf-0002	pdf	sqlite	4	45	0	1591	4
nist-pdf-0002	pdf	sqlite	5	45	0	1605	4
nist-pdf-0002	pdf	sqlite	0	46	0	1468	4
nist-pdf-0002	pdf	sqlite	1	46	0	1376	4
nist-pdf-0002	pdf	sqlite	2	46	0	1385	4
nist-pdf-0002	pdf	sqlite	3	46	0	1414	4
nist-pdf-0002	pdf	sqlite	4	46	0	1599	4
nist-pdf-0002	pdf	sqlite	5	46	0	1523	4
nist-pdf-0002	pdf	vole	0	46	0	1556	4
nist-pdf-0002	pdf	vole	1	46	0	1511	4
nist-pdf-0002	pdf	vole	2	46	0	1528	4
nist-pdf-0002	pdf	vole	3	46	0	1384	4
nist-pdf-0002	pdf	vole	4	46	0	1490	4
nist-pdf-0002	pdf	vole	5	46	0	1535	4
nist-pdf-0002	pdf	vole	0	47	0	1439	4
nist-pdf-0002	pdf	vole	1	47	0	1517	4
nist-pdf-0002	pdf	vole	2	47	0	1481	4
nist-pdf-0002	pdf	vole	3	47	0	1459	4
nist-pdf-0002	pdf	vole	4	47	0	1425	4
nist-pdf-0002	pdf	vole	5	47	0	1470	4
nist-pdf-0002	pdf	sqlite	0	47	0	1569	4
nist-pdf-0002	pdf	sqlite	1	47	0	1453	4
nist-pdf-0002	pdf	sqlite	2	47	0	1479	4
nist-pdf-0002	pdf	sqlite	3	47	0	1411	4
nist-pdf-0002	pdf	sqlite	4	47	0	1503	4
nist-pdf-0002	pdf	sqlite	5	47	0	1483	4
nist-pdf-0002	pdf	sqlite	0	48	0	1358	4
nist-pdf-0002	pdf	sqlite	1	48	0	1332	4
nist-pdf-0002	pdf	sqlite	2	48	0	1582	4
nist-pdf-0002	pdf	sqlite	3	48	0	1559	4
nist-pdf-0002	pdf	sqlite	4	48	0	1644	4
nist-pdf-0002	pdf	sqlite	5	48	0	1534	4
nist-pdf-0002	pdf	vole	0	48	0	1779	4
nist-pdf-0002	pdf	vole	1	48	0	1557	4
nist-pdf-0002	pdf	vole	2	48	0	1536	4
nist-pdf-0002	pdf	vole	3	48	0	1614	4
nist-pdf-0002	pdf	vole	4	48	0	1559	4
nist-pdf-0002	pdf	vole	5	48	0	1513	4
nist-pdf-0002	pdf	vole	0	49	0	1602	4
nist-pdf-0002	pdf	vole	1	49	0	1569	4
nist-pdf-0002	pdf	vole	2	49	0	1528	4
nist-pdf-0002	pdf	vole	3	49	0	1578	4
nist-pdf-0002	pdf	vole	4	49	0	1500	4
nist-pdf-0002	pdf	vole	5	49	0	1476	4
nist-pdf-0002	pdf	sqlite	0	49	0	1812	4
nist-pdf-0002	pdf	sqlite	1	49	0	1568	4
nist-pdf-0002	pdf	sqlite	2	49	0	1718	4
nist-pdf-0002	pdf	sqlite	3	49	0	1481	4
nist-pdf-0002	pdf	sqlite	4	49	0	1571	4
nist-pdf-0002	pdf	sqlite	5	49	0	1750	4
nist-pdf-0002	pdf	sqlite	0	50	0	1627	4
nist-pdf-0002	pdf	sqlite	1	50	0	1435	4
nist-pdf-0002	pdf	sqlite	2	50	0	1425	4
nist-pdf-0002	pdf	sqlite	3	50	0	1482	4
nist-pdf-0002	pdf	sqlite	4	50	0	1549	4
nist-pdf-0002	pdf	sqlite	5	50	0	1427	4
nist-pdf-0002	pdf	vole	0	50	0	1597	4
nist-pdf-0002	pdf	vole	1	50	0	1515	4
nist-pdf-0002	pdf	vole	2	50	0	1650	4
nist-pdf-0002	pdf	vole	3	50	0	1485	4
nist-pdf-0002	pdf	vole	4	50	0	1495	4
nist-pdf-0002	pdf	vole	5	50	0	1441	4
nist-pdf-0002	pdf	vole	0	51	0	1410	4
nist-pdf-0002	pdf	vole	1	51	0	1548	4
nist-pdf-0002	pdf	vole	2	51	0	1625	4
nist-pdf-0002	pdf	vole	3	51	0	1620	4
nist-pdf-0002	pdf	vole	4	51	0	1457	4
nist-pdf-0002	pdf	vole	5	51	0	1469	4
nist-pdf-0002	pdf	sqlite	0	51	0	1678	4
nist-pdf-0002	pdf	sqlite	1	51	0	1565	4
nist-pdf-0002	pdf	sqlite	2	51	0	1543	4
nist-pdf-0002	pdf	sqlite	3	51	0	1618	4
nist-pdf-0002	pdf	sqlite	4	51	0	1631	4
nist-pdf-0002	pdf	sqlite	5	51	0	1516	4
nist-pdf-0002	pdf	sqlite	0	52	0	1421	4
nist-pdf-0002	pdf	sqlite	1	52	0	1472	4
nist-pdf-0002	pdf	sqlite	2	52	0	2839	4
nist-pdf-0002	pdf	sqlite	3	52	0	1577	4
nist-pdf-0002	pdf	sqlite	4	52	0	1609	4
nist-pdf-0002	pdf	sqlite	5	52	0	1725	4
nist-pdf-0002	pdf	vole	0	52	0	1651	4
nist-pdf-0002	pdf	vole	1	52	0	1628	4
nist-pdf-0002	pdf	vole	2	52	0	1587	4
nist-pdf-0002	pdf	vole	3	52	0	1523	4
nist-pdf-0002	pdf	vole	4	52	0	1457	4
nist-pdf-0002	pdf	vole	5	52	0	1452	4
nist-pdf-0002	pdf	vole	0	53	0	1481	4
nist-pdf-0002	pdf	vole	1	53	0	1537	4
nist-pdf-0002	pdf	vole	2	53	0	1418	4
nist-pdf-0002	pdf	vole	3	53	0	1462	4
nist-pdf-0002	pdf	vole	4	53	0	1487	4
nist-pdf-0002	pdf	vole	5	53	0	1620	4
nist-pdf-0002	pdf	sqlite	0	53	0	1534	4
nist-pdf-0002	pdf	sqlite	1	53	0	1522	4
nist-pdf-0002	pdf	sqlite	2	53	0	1523	4
nist-pdf-0002	pdf	sqlite	3	53	0	1602	4
nist-pdf-0002	pdf	sqlite	4	53	0	1429	4
nist-pdf-0002	pdf	sqlite	5	53	0	1455	4
nist-pdf-0002	pdf	sqlite	0	54	0	1428	4
nist-pdf-0002	pdf	sqlite	1	54	0	1436	4
nist-pdf-0002	pdf	sqlite	2	54	0	1491	4
nist-pdf-0002	pdf	sqlite	3	54	0	1410	4
nist-pdf-0002	pdf	sqlite	4	54	0	1547	4
nist-pdf-0002	pdf	sqlite	5	54	0	1548	4
nist-pdf-0002	pdf	vole	0	54	0	1556	4
nist-pdf-0002	pdf	vole	1	54	0	1447	4
nist-pdf-0002	pdf	vole	2	54	0	1483	4
nist-pdf-0002	pdf	vole	3	54	0	1499	4
nist-pdf-0002	pdf	vole	4	54	0	1471	4
nist-pdf-0002	pdf	vole	5	54	0	1396	4
nist-pdf-0002	pdf	vole	0	55	0	1446	4
nist-pdf-0002	pdf	vole	1	55	0	1509	4
nist-pdf-0002	pdf	vole	2	55	0	1467	4
nist-pdf-0002	pdf	vole	3	55	0	1484	4
nist-pdf-0002	pdf	vole	4	55	0	1487	4
nist-pdf-0002	pdf	vole	5	55	0	1477	4
nist-pdf-0002	pdf	sqlite	0	55	0	1567	4
nist-pdf-0002	pdf	sqlite	1	55	0	1424	4
nist-pdf-0002	pdf	sqlite	2	55	0	1453	4
nist-pdf-0002	pdf	sqlite	3	55	0	1528	4
nist-pdf-0002	pdf	sqlite	4	55	0	1499	4
nist-pdf-0002	pdf	sqlite	5	55	0	1531	4
nist-pdf-0002	pdf	sqlite	0	56	0	1399	4
nist-pdf-0002	pdf	sqlite	1	56	0	1380	4
nist-pdf-0002	pdf	sqlite	2	56	0	1451	4
nist-pdf-0002	pdf	sqlite	3	56	0	1409	4
nist-pdf-0002	pdf	sqlite	4	56	0	1438	4
nist-pdf-0002	pdf	sqlite	5	56	0	1419	4
nist-pdf-0002	pdf	vole	0	56	0	1589	4
nist-pdf-0002	pdf	vole	1	56	0	1573	4
nist-pdf-0002	pdf	vole	2	56	0	1482	4
nist-pdf-0002	pdf	vole	3	56	0	1553	4
nist-pdf-0002	pdf	vole	4	56	0	1505	4
nist-pdf-0002	pdf	vole	5	56	0	1546	4
nist-pdf-0002	pdf	vole	0	57	0	1450	4
nist-pdf-0002	pdf	vole	1	57	0	1517	4
nist-pdf-0002	pdf	vole	2	57	0	1442	4
nist-pdf-0002	pdf	vole	3	57	0	1501	4
nist-pdf-0002	pdf	vole	4	57	0	1502	4
nist-pdf-0002	pdf	vole	5	57	0	1431	4
nist-pdf-0002	pdf	sqlite	0	57	0	1669	4
nist-pdf-0002	pdf	sqlite	1	57	0	1685	4
nist-pdf-0002	pdf	sqlite	2	57	0	1411	4
nist-pdf-0002	pdf	sqlite	3	57	0	1406	4
nist-pdf-0002	pdf	sqlite	4	57	0	1480	4
nist-pdf-0002	pdf	sqlite	5	57	0	1420	4
nist-pdf-0002	pdf	sqlite	0	58	0	1419	4
nist-pdf-0002	pdf	sqlite	1	58	0	1461	4
nist-pdf-0002	pdf	sqlite	2	58	0	1500	4
nist-pdf-0002	pdf	sqlite	3	58	0	1368	4
nist-pdf-0002	pdf	sqlite	4	58	0	1497	4
nist-pdf-0002	pdf	sqlite	5	58	0	1576	4
nist-pdf-0002	pdf	vole	0	58	0	1687	4
nist-pdf-0002	pdf	vole	1	58	0	1533	4
nist-pdf-0002	pdf	vole	2	58	0	1433	4
nist-pdf-0002	pdf	vole	3	58	0	1394	4
nist-pdf-0002	pdf	vole	4	58	0	1465	4
nist-pdf-0002	pdf	vole	5	58	0	1415	4
nist-pdf-0002	pdf	vole	0	59	0	1468	4
nist-pdf-0002	pdf	vole	1	59	0	1375	4
nist-pdf-0002	pdf	vole	2	59	0	1442	4
nist-pdf-0002	pdf	vole	3	59	0	1418	4
nist-pdf-0002	pdf	vole	4	59	0	1506	4
nist-pdf-0002	pdf	vole	5	59	0	1465	4
nist-pdf-0002	pdf	sqlite	0	59	0	1609	4
nist-pdf-0002	pdf	sqlite	1	59	0	1470	4
nist-pdf-0002	pdf	sqlite	2	59	0	1588	4
nist-pdf-0002	pdf	sqlite	3	59	0	1512	4
nist-pdf-0002	pdf	sqlite	4	59	0	1500	4
nist-pdf-0002	pdf	sqlite	5	59	0	1409	4
nist-pdf-0002	pdf	sqlite	0	60	0	1380	4
nist-pdf-0002	pdf	sqlite	1	60	0	1441	4
nist-pdf-0002	pdf	sqlite	2	60	0	1377	4
nist-pdf-0002	pdf	sqlite	3	60	0	1554	4
nist-pdf-0002	pdf	sqlite	4	60	0	1500	4
nist-pdf-0002	pdf	sqlite	5	60	0	1517	4
nist-pdf-0002	pdf	vole	0	60	0	1665	4
nist-pdf-0002	pdf	vole	1	60	0	1509	4
nist-pdf-0002	pdf	vole	2	60	0	1510	4
nist-pdf-0002	pdf	vole	3	60	0	1506	4
nist-pdf-0002	pdf	vole	4	60	0	1456	4
nist-pdf-0002	pdf	vole	5	60	0	1446	4
nist-pdf-0002	pdf	vole	0	61	0	1528	4
nist-pdf-0002	pdf	vole	1	61	0	1476	4
nist-pdf-0002	pdf	vole	2	61	0	1541	4
nist-pdf-0002	pdf	vole	3	61	0	1443	4
nist-pdf-0002	pdf	vole	4	61	0	1386	4
nist-pdf-0002	pdf	vole	5	61	0	1370	4
nist-pdf-0002	pdf	sqlite	0	61	0	1535	4
nist-pdf-0002	pdf	sqlite	1	61	0	1514	4
nist-pdf-0002	pdf	sqlite	2	61	0	1541	4
nist-pdf-0002	pdf	sqlite	3	61	0	1580	4
nist-pdf-0002	pdf	sqlite	4	61	0	1648	4
nist-pdf-0002	pdf	sqlite	5	61	0	1614	4
nist-pdf-0002	pdf	sqlite	0	62	0	1581	4
nist-pdf-0002	pdf	sqlite	1	62	0	1541	4
nist-pdf-0002	pdf	sqlite	2	62	0	1500	4
nist-pdf-0002	pdf	sqlite	3	62	0	1516	4
nist-pdf-0002	pdf	sqlite	4	62	0	1554	4
nist-pdf-0002	pdf	sqlite	5	62	0	1626	4
nist-pdf-0002	pdf	vole	0	62	0	1771	4
nist-pdf-0002	pdf	vole	1	62	0	1704	4
nist-pdf-0002	pdf	vole	2	62	0	1606	4
nist-pdf-0002	pdf	vole	3	62	0	1574	4
nist-pdf-0002	pdf	vole	4	62	0	1674	4
nist-pdf-0002	pdf	vole	5	62	0	1532	4
nist-pdf-0002	pdf	vole	0	63	0	1568	4
nist-pdf-0002	pdf	vole	1	63	0	1650	4
nist-pdf-0002	pdf	vole	2	63	0	1493	4
nist-pdf-0002	pdf	vole	3	63	0	1513	4
nist-pdf-0002	pdf	vole	4	63	0	1469	4
nist-pdf-0002	pdf	vole	5	63	0	1554	4
nist-pdf-0002	pdf	sqlite	0	63	0	1888	4
nist-pdf-0002	pdf	sqlite	1	63	0	1571	4
nist-pdf-0002	pdf	sqlite	2	63	0	1582	4
nist-pdf-0002	pdf	sqlite	3	63	0	1699	4
nist-pdf-0002	pdf	sqlite	4	63	0	1693	4
nist-pdf-0002	pdf	sqlite	5	63	0	1651	4
nist-pdf-0002	pdf	sqlite	0	64	0	1522	4
nist-pdf-0002	pdf	sqlite	1	64	0	1479	4
nist-pdf-0002	pdf	sqlite	2	64	0	1430	4
nist-pdf-0002	pdf	sqlite	3	64	0	1554	4
nist-pdf-0002	pdf	sqlite	4	64	0	1576	4
nist-pdf-0002	pdf	sqlite	5	64	0	1612	4
nist-pdf-0002	pdf	vole	0	64	0	1812	4
nist-pdf-0002	pdf	vole	1	64	0	1665	4
nist-pdf-0002	pdf	vole	2	64	0	1737	4
nist-pdf-0002	pdf	vole	3	64	0	1628	4
nist-pdf-0002	pdf	vole	4	64	0	1655	4
nist-pdf-0002	pdf	vole	5	64	0	1485	4
nist-pdf-0002	pdf	vole	0	65	0	1547	4
nist-pdf-0002	pdf	vole	1	65	0	1554	4
nist-pdf-0002	pdf	vole	2	65	0	1541	4
nist-pdf-0002	pdf	vole	3	65	0	1497	4
nist-pdf-0002	pdf	vole	4	65	0	1478	4
nist-pdf-0002	pdf	vole	5	65	0	1458	4
nist-pdf-0002	pdf	sqlite	0	65	0	2128	4
nist-pdf-0002	pdf	sqlite	1	65	0	1657	4
nist-pdf-0002	pdf	sqlite	2	65	0	1743	4
nist-pdf-0002	pdf	sqlite	3	65	0	1583	4
nist-pdf-0002	pdf	sqlite	4	65	0	1645	4
nist-pdf-0002	pdf	sqlite	5	65	0	1538	4
nist-pdf-0002	pdf	sqlite	0	66	0	1470	4
nist-pdf-0002	pdf	sqlite	1	66	0	1576	4
nist-pdf-0002	pdf	sqlite	2	66	0	1632	4
nist-pdf-0002	pdf	sqlite	3	66	0	1480	4
nist-pdf-0002	pdf	sqlite	4	66	0	1524	4
nist-pdf-0002	pdf	sqlite	5	66	0	1633	4
nist-pdf-0002	pdf	vole	0	66	0	1673	4
nist-pdf-0002	pdf	vole	1	66	0	1567	4
nist-pdf-0002	pdf	vole	2	66	0	1390	4
nist-pdf-0002	pdf	vole	3	66	0	1428	4
nist-pdf-0002	pdf	vole	4	66	0	1464	4
nist-pdf-0002	pdf	vole	5	66	0	2019	4
nist-pdf-0002	pdf	vole	0	67	0	1503	4
nist-pdf-0002	pdf	vole	1	67	0	1549	4
nist-pdf-0002	pdf	vole	2	67	0	1595	4
nist-pdf-0002	pdf	vole	3	67	0	1519	4
nist-pdf-0002	pdf	vole	4	67	0	1567	4
nist-pdf-0002	pdf	vole	5	67	0	1570	4
nist-pdf-0002	pdf	sqlite	0	67	0	1712	4
nist-pdf-0002	pdf	sqlite	1	67	0	1480	4
nist-pdf-0002	pdf	sqlite	2	67	0	1719	4
nist-pdf-0002	pdf	sqlite	3	67	0	1618	4
nist-pdf-0002	pdf	sqlite	4	67	0	1571	4
nist-pdf-0002	pdf	sqlite	5	67	0	1572	4
nist-pdf-0002	pdf	sqlite	0	68	0	1550	4
nist-pdf-0002	pdf	sqlite	1	68	0	1489	4
nist-pdf-0002	pdf	sqlite	2	68	0	1474	4
nist-pdf-0002	pdf	sqlite	3	68	0	1464	4
nist-pdf-0002	pdf	sqlite	4	68	0	1597	4
nist-pdf-0002	pdf	sqlite	5	68	0	1539	4
nist-pdf-0002	pdf	vole	0	68	0	1651	4
nist-pdf-0002	pdf	vole	1	68	0	1513	4
nist-pdf-0002	pdf	vole	2	68	0	1714	4
nist-pdf-0002	pdf	vole	3	68	0	1527	4
nist-pdf-0002	pdf	vole	4	68	0	1539	4
nist-pdf-0002	pdf	vole	5	68	0	1527	4
nist-pdf-0002	pdf	vole	0	69	0	1570	4
nist-pdf-0002	pdf	vole	1	69	0	1518	4
nist-pdf-0002	pdf	vole	2	69	0	1445	4
nist-pdf-0002	pdf	vole	3	69	0	1491	4
nist-pdf-0002	pdf	vole	4	69	0	1465	4
nist-pdf-0002	pdf	vole	5	69	0	1501	4
nist-pdf-0002	pdf	sqlite	0	69	0	1828	4
nist-pdf-0002	pdf	sqlite	1	69	0	1587	4
nist-pdf-0002	pdf	sqlite	2	69	0	1505	4
nist-pdf-0002	pdf	sqlite	3	69	0	1483	4
nist-pdf-0002	pdf	sqlite	4	69	0	1518	4
nist-pdf-0002	pdf	sqlite	5	69	0	1653	4
nist-pdf-0002	pdf	sqlite	0	70	0	1517	4
nist-pdf-0002	pdf	sqlite	1	70	0	1572	4
nist-pdf-0002	pdf	sqlite	2	70	0	1591	4
nist-pdf-0002	pdf	sqlite	3	70	0	1497	4
nist-pdf-0002	pdf	sqlite	4	70	0	1603	4
nist-pdf-0002	pdf	sqlite	5	70	0	1515	4
nist-pdf-0002	pdf	vole	0	70	0	2065	4
nist-pdf-0002	pdf	vole	1	70	0	1569	4
nist-pdf-0002	pdf	vole	2	70	0	1546	4
nist-pdf-0002	pdf	vole	3	70	0	1672	4
nist-pdf-0002	pdf	vole	4	70	0	1633	4
nist-pdf-0002	pdf	vole	5	70	0	1638	4
nist-pdf-0002	pdf	vole	0	71	0	1644	4
nist-pdf-0002	pdf	vole	1	71	0	1494	4
nist-pdf-0002	pdf	vole	2	71	0	1513	4
nist-pdf-0002	pdf	vole	3	71	0	1590	4
nist-pdf-0002	pdf	vole	4	71	0	1503	4
nist-pdf-0002	pdf	vole	5	71	0	1433	4
nist-pdf-0002	pdf	sqlite	0	71	0	1669	4
nist-pdf-0002	pdf	sqlite	1	71	0	1776	4
nist-pdf-0002	pdf	sqlite	2	71	0	1594	4
nist-pdf-0002	pdf	sqlite	3	71	0	1653	4
nist-pdf-0002	pdf	sqlite	4	71	0	1569	4
nist-pdf-0002	pdf	sqlite	5	71	0	1607	4
nist-pdf-0002	pdf	sqlite	0	72	0	1652	4
nist-pdf-0002	pdf	sqlite	1	72	0	1563	4
nist-pdf-0002	pdf	sqlite	2	72	0	1553	4
nist-pdf-0002	pdf	sqlite	3	72	0	1481	4
nist-pdf-0002	pdf	sqlite	4	72	0	1608	4
nist-pdf-0002	pdf	sqlite	5	72	0	1623	4
nist-pdf-0002	pdf	vole	0	72	0	1865	4
nist-pdf-0002	pdf	vole	1	72	0	1599	4
nist-pdf-0002	pdf	vole	2	72	0	1526	4
nist-pdf-0002	pdf	vole	3	72	0	1453	4
nist-pdf-0002	pdf	vole	4	72	0	1485	4
nist-pdf-0002	pdf	vole	5	72	0	1574	4
nist-pdf-0002	pdf	vole	0	73	0	1538	4
nist-pdf-0002	pdf	vole	1	73	0	1533	4
nist-pdf-0002	pdf	vole	2	73	0	1458	4
nist-pdf-0002	pdf	vole	3	73	0	1543	4
nist-pdf-0002	pdf	vole	4	73	0	1442	4
nist-pdf-0002	pdf	vole	5	73	0	1560	4
nist-pdf-0002	pdf	sqlite	0	73	0	1862	4
nist-pdf-0002	pdf	sqlite	1	73	0	1643	4
nist-pdf-0002	pdf	sqlite	2	73	0	1618	4
nist-pdf-0002	pdf	sqlite	3	73	0	1572	4
nist-pdf-0002	pdf	sqlite	4	73	0	1689	4
nist-pdf-0002	pdf	sqlite	5	73	0	1718	4
nist-pdf-0002	pdf	sqlite	0	74	0	1434	4
nist-pdf-0002	pdf	sqlite	1	74	0	1607	4
nist-pdf-0002	pdf	sqlite	2	74	0	1552	4
nist-pdf-0002	pdf	sqlite	3	74	0	1553	4
nist-pdf-0002	pdf	sqlite	4	74	0	1601	4
nist-pdf-0002	pdf	sqlite	5	74	0	1491	4
nist-pdf-0002	pdf	vole	0	74	0	1670	4
nist-pdf-0002	pdf	vole	1	74	0	1649	4
nist-pdf-0002	pdf	vole	2	74	0	1488	4
nist-pdf-0002	pdf	vole	3	74	0	1512	4
nist-pdf-0002	pdf	vole	4	74	0	1633	4
nist-pdf-0002	pdf	vole	5	74	0	1551	4
nist-pdf-0002	pdf	vole	0	75	0	1593	4
nist-pdf-0002	pdf	vole	1	75	0	1492	4
nist-pdf-0002	pdf	vole	2	75	0	1526	4
nist-pdf-0002	pdf	vole	3	75	0	1613	4
nist-pdf-0002	pdf	vole	4	75	0	1492	4
nist-pdf-0002	pdf	vole	5	75	0	1506	4
nist-pdf-0002	pdf	sqlite	0	75	0	1996	4
nist-pdf-0002	pdf	sqlite	1	75	0	1492	4
nist-pdf-0002	pdf	sqlite	2	75	0	1624	4
nist-pdf-0002	pdf	sqlite	3	75	0	1458	4
nist-pdf-0002	pdf	sqlite	4	75	0	1534	4
nist-pdf-0002	pdf	sqlite	5	75	0	1533	4
nist-pdf-0002	pdf	sqlite	0	76	0	1436	4
nist-pdf-0002	pdf	sqlite	1	76	0	1529	4
nist-pdf-0002	pdf	sqlite	2	76	0	1498	4
nist-pdf-0002	pdf	sqlite	3	76	0	1490	4
nist-pdf-0002	pdf	sqlite	4	76	0	1602	4
nist-pdf-0002	pdf	sqlite	5	76	0	1671	4
nist-pdf-0002	pdf	vole	0	76	0	1687	4
nist-pdf-0002	pdf	vole	1	76	0	1540	4
nist-pdf-0002	pdf	vole	2	76	0	1590	4
nist-pdf-0002	pdf	vole	3	76	0	1636	4
nist-pdf-0002	pdf	vole	4	76	0	1447	4
nist-pdf-0002	pdf	vole	5	76	0	1502	4
nist-pdf-0002	pdf	vole	0	77	0	1453	4
nist-pdf-0002	pdf	vole	1	77	0	1455	4
nist-pdf-0002	pdf	vole	2	77	0	1579	4
nist-pdf-0002	pdf	vole	3	77	0	1529	4
nist-pdf-0002	pdf	vole	4	77	0	1503	4
nist-pdf-0002	pdf	vole	5	77	0	1467	4
nist-pdf-0002	pdf	sqlite	0	77	0	1732	4
nist-pdf-0002	pdf	sqlite	1	77	0	1684	4
nist-pdf-0002	pdf	sqlite	2	77	0	1774	4
nist-pdf-0002	pdf	sqlite	3	77	0	1549	4
nist-pdf-0002	pdf	sqlite	4	77	0	1617	4
nist-pdf-0002	pdf	sqlite	5	77	0	1631	4
nist-pdf-0002	pdf	sqlite	0	78	0	1444	4
nist-pdf-0002	pdf	sqlite	1	78	0	1419	4
nist-pdf-0002	pdf	sqlite	2	78	0	1595	4
nist-pdf-0002	pdf	sqlite	3	78	0	1539	4
nist-pdf-0002	pdf	sqlite	4	78	0	1643	4
nist-pdf-0002	pdf	sqlite	5	78	0	1546	4
nist-pdf-0002	pdf	vole	0	78	0	1755	4
nist-pdf-0002	pdf	vole	1	78	0	1522	4
nist-pdf-0002	pdf	vole	2	78	0	1555	4
nist-pdf-0002	pdf	vole	3	78	0	1557	4
nist-pdf-0002	pdf	vole	4	78	0	1483	4
nist-pdf-0002	pdf	vole	5	78	0	1460	4
nist-pdf-0002	pdf	vole	0	79	0	1471	4
nist-pdf-0002	pdf	vole	1	79	0	1471	4
nist-pdf-0002	pdf	vole	2	79	0	1397	4
nist-pdf-0002	pdf	vole	3	79	0	1385	4
nist-pdf-0002	pdf	vole	4	79	0	1442	4
nist-pdf-0002	pdf	vole	5	79	0	1423	4
nist-pdf-0002	pdf	sqlite	0	79	0	1962	4
nist-pdf-0002	pdf	sqlite	1	79	0	1479	4
nist-pdf-0002	pdf	sqlite	2	79	0	1546	4
nist-pdf-0002	pdf	sqlite	3	79	0	1650	4
nist-pdf-0002	pdf	sqlite	4	79	0	1561	4
nist-pdf-0002	pdf	sqlite	5	79	0	1552	4
nist-pdf-0002	pdf	sqlite	0	80	0	1378	4
nist-pdf-0002	pdf	sqlite	1	80	0	1441	4
nist-pdf-0002	pdf	sqlite	2	80	0	1373	4
nist-pdf-0002	pdf	sqlite	3	80	0	1451	4
nist-pdf-0002	pdf	sqlite	4	80	0	1492	4
nist-pdf-0002	pdf	sqlite	5	80	0	1503	4
nist-pdf-0002	pdf	vole	0	80	0	1537	4
nist-pdf-0002	pdf	vole	1	80	0	1412	4
nist-pdf-0002	pdf	vole	2	80	0	1401	4
nist-pdf-0002	pdf	vole	3	80	0	1400	4
nist-pdf-0002	pdf	vole	4	80	0	1423	4
nist-pdf-0002	pdf	vole	5	80	0	1436	4
nist-pdf-0002	pdf	vole	0	81	0	1487	4
nist-pdf-0002	pdf	vole	1	81	0	1475	4
nist-pdf-0002	pdf	vole	2	81	0	1425	4
nist-pdf-0002	pdf	vole	3	81	0	1452	4
nist-pdf-0002	pdf	vole	4	81	0	1429	4
nist-pdf-0002	pdf	vole	5	81	0	1505	4
nist-pdf-0002	pdf	sqlite	0	81	0	1501	4
nist-pdf-0002	pdf	sqlite	1	81	0	1472	4
nist-pdf-0002	pdf	sqlite	2	81	0	1416	4
nist-pdf-0002	pdf	sqlite	3	81	0	1544	4
nist-pdf-0002	pdf	sqlite	4	81	0	1609	4
nist-pdf-0002	pdf	sqlite	5	81	0	1452	4
nist-pdf-0002	pdf	sqlite	0	82	0	1648	4
nist-pdf-0002	pdf	sqlite	1	82	0	1376	4
nist-pdf-0002	pdf	sqlite	2	82	0	1334	4
nist-pdf-0002	pdf	sqlite	3	82	0	1512	4
nist-pdf-0002	pdf	sqlite	4	82	0	1458	4
nist-pdf-0002	pdf	sqlite	5	82	0	1503	4
nist-pdf-0002	pdf	vole	0	82	0	1615	4
nist-pdf-0002	pdf	vole	1	82	0	1473	4
nist-pdf-0002	pdf	vole	2	82	0	1401	4
nist-pdf-0002	pdf	vole	3	82	0	1394	4
nist-pdf-0002	pdf	vole	4	82	0	1392	4
nist-pdf-0002	pdf	vole	5	82	0	1663	4
nist-pdf-0002	pdf	vole	0	83	0	1530	4
nist-pdf-0002	pdf	vole	1	83	0	1474	4
nist-pdf-0002	pdf	vole	2	83	0	1570	4
nist-pdf-0002	pdf	vole	3	83	0	1530	4
nist-pdf-0002	pdf	vole	4	83	0	1483	4
nist-pdf-0002	pdf	vole	5	83	0	1440	4
nist-pdf-0002	pdf	sqlite	0	83	0	1638	4
nist-pdf-0002	pdf	sqlite	1	83	0	1761	4
nist-pdf-0002	pdf	sqlite	2	83	0	1677	4
nist-pdf-0002	pdf	sqlite	3	83	0	1501	4
nist-pdf-0002	pdf	sqlite	4	83	0	1653	4
nist-pdf-0002	pdf	sqlite	5	83	0	1695	4
nist-pdf-0002	pdf	sqlite	0	84	0	1573	4
nist-pdf-0002	pdf	sqlite	1	84	0	1538	4
nist-pdf-0002	pdf	sqlite	2	84	0	1542	4
nist-pdf-0002	pdf	sqlite	3	84	0	1503	4
nist-pdf-0002	pdf	sqlite	4	84	0	1547	4
nist-pdf-0002	pdf	sqlite	5	84	0	1678	4
nist-pdf-0002	pdf	vole	0	84	0	1729	4
nist-pdf-0002	pdf	vole	1	84	0	1516	4
nist-pdf-0002	pdf	vole	2	84	0	1483	4
nist-pdf-0002	pdf	vole	3	84	0	1431	4
nist-pdf-0002	pdf	vole	4	84	0	1506	4
nist-pdf-0002	pdf	vole	5	84	0	1551	4
nist-pdf-0002	pdf	vole	0	85	0	1456	4
nist-pdf-0002	pdf	vole	1	85	0	1451	4
nist-pdf-0002	pdf	vole	2	85	0	1467	4
nist-pdf-0002	pdf	vole	3	85	0	1427	4
nist-pdf-0002	pdf	vole	4	85	0	1450	4
nist-pdf-0002	pdf	vole	5	85	0	1474	4
nist-pdf-0002	pdf	sqlite	0	85	0	1704	4
nist-pdf-0002	pdf	sqlite	1	85	0	1416	4
nist-pdf-0002	pdf	sqlite	2	85	0	1432	4
nist-pdf-0002	pdf	sqlite	3	85	0	1472	4
nist-pdf-0002	pdf	sqlite	4	85	0	1605	4
nist-pdf-0002	pdf	sqlite	5	85	0	1422	4
nist-pdf-0002	pdf	sqlite	0	86	0	1498	4
nist-pdf-0002	pdf	sqlite	1	86	0	1544	4
nist-pdf-0002	pdf	sqlite	2	86	0	1477	4
nist-pdf-0002	pdf	sqlite	3	86	0	1417	4
nist-pdf-0002	pdf	sqlite	4	86	0	1623	4
nist-pdf-0002	pdf	sqlite	5	86	0	1509	4
nist-pdf-0002	pdf	vole	0	86	0	1651	4
nist-pdf-0002	pdf	vole	1	86	0	1478	4
nist-pdf-0002	pdf	vole	2	86	0	1388	4
nist-pdf-0002	pdf	vole	3	86	0	1384	4
nist-pdf-0002	pdf	vole	4	86	0	1532	4
nist-pdf-0002	pdf	vole	5	86	0	1414	4
nist-pdf-0002	pdf	vole	0	87	0	1544	4
nist-pdf-0002	pdf	vole	1	87	0	1458	4
nist-pdf-0002	pdf	vole	2	87	0	1364	4
nist-pdf-0002	pdf	vole	3	87	0	1354	4
nist-pdf-0002	pdf	vole	4	87	0	1578	4
nist-pdf-0002	pdf	vole	5	87	0	1436	4
nist-pdf-0002	pdf	sqlite	0	87	0	1579	4
nist-pdf-0002	pdf	sqlite	1	87	0	1503	4
nist-pdf-0002	pdf	sqlite	2	87	0	1543	4
nist-pdf-0002	pdf	sqlite	3	87	0	1419	4
nist-pdf-0002	pdf	sqlite	4	87	0	1513	4
nist-pdf-0002	pdf	sqlite	5	87	0	1431	4
nist-pdf-0002	pdf	sqlite	0	88	0	1368	4
nist-pdf-0002	pdf	sqlite	1	88	0	1597	4
nist-pdf-0002	pdf	sqlite	2	88	0	1372	4
nist-pdf-0002	pdf	sqlite	3	88	0	1555	4
nist-pdf-0002	pdf	sqlite	4	88	0	1445	4
nist-pdf-0002	pdf	sqlite	5	88	0	1507	4
nist-pdf-0002	pdf	vole	0	88	0	1710	4
nist-pdf-0002	pdf	vole	1	88	0	1442	4
nist-pdf-0002	pdf	vole	2	88	0	1632	4
nist-pdf-0002	pdf	vole	3	88	0	1469	4
nist-pdf-0002	pdf	vole	4	88	0	1470	4
nist-pdf-0002	pdf	vole	5	88	0	1410	4
nist-pdf-0002	pdf	vole	0	89	0	1417	4
nist-pdf-0002	pdf	vole	1	89	0	1412	4
nist-pdf-0002	pdf	vole	2	89	0	1521	4
nist-pdf-0002	pdf	vole	3	89	0	1466	4
nist-pdf-0002	pdf	vole	4	89	0	1436	4
nist-pdf-0002	pdf	vole	5	89	0	1466	4
nist-pdf-0002	pdf	sqlite	0	89	0	1571	4
nist-pdf-0002	pdf	sqlite	1	89	0	1505	4
nist-pdf-0002	pdf	sqlite	2	89	0	1439	4
nist-pdf-0002	pdf	sqlite	3	89	0	1410	4
nist-pdf-0002	pdf	sqlite	4	89	0	1426	4
nist-pdf-0002	pdf	sqlite	5	89	0	1907	4
nist-pdf-0002	pdf	sqlite	0	90	0	1418	4
nist-pdf-0002	pdf	sqlite	1	90	0	1493	4
nist-pdf-0002	pdf	sqlite	2	90	0	1517	4
nist-pdf-0002	pdf	sqlite	3	90	0	1558	4
nist-pdf-0002	pdf	sqlite	4	90	0	1573	4
nist-pdf-0002	pdf	sqlite	5	90	0	1882	4
nist-pdf-0002	pdf	vole	0	90	0	1661	4
nist-pdf-0002	pdf	vole	1	90	0	1465	4
nist-pdf-0002	pdf	vole	2	90	0	1393	4
nist-pdf-0002	pdf	vole	3	90	0	1416	4
nist-pdf-0002	pdf	vole	4	90	0	1542	4
nist-pdf-0002	pdf	vole	5	90	0	1479	4
nist-pdf-0002	pdf	vole	0	91	0	1483	4
nist-pdf-0002	pdf	vole	1	91	0	1483	4
nist-pdf-0002	pdf	vole	2	91	0	1503	4
nist-pdf-0002	pdf	vole	3	91	0	1541	4
nist-pdf-0002	pdf	vole	4	91	0	1509	4
nist-pdf-0002	pdf	vole	5	91	0	1471	4
nist-pdf-0002	pdf	sqlite	0	91	0	1671	4
nist-pdf-0002	pdf	sqlite	1	91	0	1604	4
nist-pdf-0002	pdf	sqlite	2	91	0	1754	4
nist-pdf-0002	pdf	sqlite	3	91	0	1565	4
nist-pdf-0002	pdf	sqlite	4	91	0	1641	4
nist-pdf-0002	pdf	sqlite	5	91	0	1523	4
nist-pdf-0002	pdf	sqlite	0	92	0	1586	4
nist-pdf-0002	pdf	sqlite	1	92	0	1781	4
nist-pdf-0002	pdf	sqlite	2	92	0	1558	4
nist-pdf-0002	pdf	sqlite	3	92	0	1531	4
nist-pdf-0002	pdf	sqlite	4	92	0	1563	4
nist-pdf-0002	pdf	sqlite	5	92	0	1627	4
nist-pdf-0002	pdf	vole	0	92	0	1601	4
nist-pdf-0002	pdf	vole	1	92	0	1531	4
nist-pdf-0002	pdf	vole	2	92	0	1786	4
nist-pdf-0002	pdf	vole	3	92	0	1498	4
nist-pdf-0002	pdf	vole	4	92	0	1525	4
nist-pdf-0002	pdf	vole	5	92	0	1496	4
nist-pdf-0002	pdf	vole	0	93	0	1559	4
nist-pdf-0002	pdf	vole	1	93	0	1466	4
nist-pdf-0002	pdf	vole	2	93	0	1424	4
nist-pdf-0002	pdf	vole	3	93	0	1548	4
nist-pdf-0002	pdf	vole	4	93	0	1464	4
nist-pdf-0002	pdf	vole	5	93	0	1651	4
nist-pdf-0002	pdf	sqlite	0	93	0	1710	4
nist-pdf-0002	pdf	sqlite	1	93	0	1735	4
nist-pdf-0002	pdf	sqlite	2	93	0	1591	4
nist-pdf-0002	pdf	sqlite	3	93	0	1462	4
nist-pdf-0002	pdf	sqlite	4	93	0	2063	4
nist-pdf-0002	pdf	sqlite	5	93	0	1509	4
nist-pdf-0002	pdf	sqlite	0	94	0	1572	4
nist-pdf-0002	pdf	sqlite	1	94	0	1549	4
nist-pdf-0002	pdf	sqlite	2	94	0	1536	4
nist-pdf-0002	pdf	sqlite	3	94	0	1581	4
nist-pdf-0002	pdf	sqlite	4	94	0	1661	4
nist-pdf-0002	pdf	sqlite	5	94	0	1596	4
nist-pdf-0002	pdf	vole	0	94	0	1710	4
nist-pdf-0002	pdf	vole	1	94	0	1522	4
nist-pdf-0002	pdf	vole	2	94	0	1520	4
nist-pdf-0002	pdf	vole	3	94	0	1525	4
nist-pdf-0002	pdf	vole	4	94	0	1542	4
nist-pdf-0002	pdf	vole	5	94	0	1763	4
nist-pdf-0002	pdf	vole	0	95	0	1627	4
nist-pdf-0002	pdf	vole	1	95	0	1659	4
nist-pdf-0002	pdf	vole	2	95	0	1576	4
nist-pdf-0002	pdf	vole	3	95	0	1504	4
nist-pdf-0002	pdf	vole	4	95	0	1614	4
nist-pdf-0002	pdf	vole	5	95	0	1510	4
nist-pdf-0002	pdf	sqlite	0	95	0	1779	4
nist-pdf-0002	pdf	sqlite	1	95	0	1644	4
nist-pdf-0002	pdf	sqlite	2	95	0	1567	4
nist-pdf-0002	pdf	sqlite	3	95	0	1574	4
nist-pdf-0002	pdf	sqlite	4	95	0	1592	4
nist-pdf-0002	pdf	sqlite	5	95	0	1632	4
nist-pdf-0002	pdf	sqlite	0	96	0	1451	4
nist-pdf-0002	pdf	sqlite	1	96	0	1429	4
nist-pdf-0002	pdf	sqlite	2	96	0	1417	4
nist-pdf-0002	pdf	sqlite	3	96	0	1625	4
nist-pdf-0002	pdf	sqlite	4	96	0	1481	4
nist-pdf-0002	pdf	sqlite	5	96	0	1434	4
nist-pdf-0002	pdf	vole	0	96	0	1536	4
nist-pdf-0002	pdf	vole	1	96	0	1607	4
nist-pdf-0002	pdf	vole	2	96	0	1506	4
nist-pdf-0002	pdf	vole	3	96	0	1492	4
nist-pdf-0002	pdf	vole	4	96	0	1535	4
nist-pdf-0002	pdf	vole	5	96	0	1587	4
nist-pdf-0002	pdf	vole	0	97	0	1525	4
nist-pdf-0002	pdf	vole	1	97	0	1515	4
nist-pdf-0002	pdf	vole	2	97	0	1459	4
nist-pdf-0002	pdf	vole	3	97	0	1399	4
nist-pdf-0002	pdf	vole	4	97	0	1558	4
nist-pdf-0002	pdf	vole	5	97	0	1523	4
nist-pdf-0002	pdf	sqlite	0	97	0	1594	4
nist-pdf-0002	pdf	sqlite	1	97	0	1447	4
nist-pdf-0002	pdf	sqlite	2	97	0	1423	4
nist-pdf-0002	pdf	sqlite	3	97	0	1397	4
nist-pdf-0002	pdf	sqlite	4	97	0	1687	4
nist-pdf-0002	pdf	sqlite	5	97	0	1560	4
nist-pdf-0002	pdf	sqlite	0	98	0	1409	4
nist-pdf-0002	pdf	sqlite	1	98	0	1444	4
nist-pdf-0002	pdf	sqlite	2	98	0	1425	4
nist-pdf-0002	pdf	sqlite	3	98	0	1400	4
nist-pdf-0002	pdf	sqlite	4	98	0	1539	4
nist-pdf-0002	pdf	sqlite	5	98	0	1504	4
nist-pdf-0002	pdf	vole	0	98	0	1594	4
nist-pdf-0002	pdf	vole	1	98	0	1491	4
nist-pdf-0002	pdf	vole	2	98	0	1557	4
nist-pdf-0002	pdf	vole	3	98	0	1519	4
nist-pdf-0002	pdf	vole	4	98	0	1459	4
nist-pdf-0002	pdf	vole	5	98	0	1389	4
nist-pdf-0002	pdf	vole	0	99	0	1538	4
nist-pdf-0002	pdf	vole	1	99	0	1427	4
nist-pdf-0002	pdf	vole	2	99	0	1491	4
nist-pdf-0002	pdf	vole	3	99	0	1435	4
nist-pdf-0002	pdf	vole	4	99	0	1439	4
nist-pdf-0002	pdf	vole	5	99	0	1455	4
nist-pdf-0002	pdf	sqlite	0	99	0	1639	4
nist-pdf-0002	pdf	sqlite	1	99	0	1610	4
nist-pdf-0002	pdf	sqlite	2	99	0	1505	4
nist-pdf-0002	pdf	sqlite	3	99	0	1472	4
nist-pdf-0002	pdf	sqlite	4	99	0	1507	4
nist-pdf-0002	pdf	sqlite	5	99	0	1547	4
nist-pdf-0002	pdf	sqlite	0	100	0	1524	4
nist-pdf-0002	pdf	sqlite	1	100	0	1524	4
nist-pdf-0002	pdf	sqlite	2	100	0	1562	4
nist-pdf-0002	pdf	sqlite	3	100	0	1668	4
nist-pdf-0002	pdf	sqlite	4	100	0	1511	4
nist-pdf-0002	pdf	sqlite	5	100	0	1598	4
nist-pdf-0002	pdf	vole	0	100	0	1634	4
nist-pdf-0002	pdf	vole	1	100	0	1532	4
nist-pdf-0002	pdf	vole	2	100	0	1933	4
nist-pdf-0002	pdf	vole	3	100	0	1654	4
nist-pdf-0002	pdf	vole	4	100	0	1554	4
nist-pdf-0002	pdf	vole	5	100	0	1472	4
nist-pdf-0004	pdf	vole	0	1	0	3071	4
nist-pdf-0004	pdf	vole	1	1	0	3219	4
nist-pdf-0004	pdf	vole	2	1	0	3284	4
nist-pdf-0004	pdf	vole	3	1	0	3324	4
nist-pdf-0004	pdf	vole	4	1	0	3244	4
nist-pdf-0004	pdf	vole	5	1	0	3206	4
nist-pdf-0004	pdf	sqlite	0	1	0	2363	4
nist-pdf-0004	pdf	sqlite	1	1	0	2514	4
nist-pdf-0004	pdf	sqlite	2	1	0	2237	4
nist-pdf-0004	pdf	sqlite	3	1	0	1994	4
nist-pdf-0004	pdf	sqlite	4	1	0	2009	4
nist-pdf-0004	pdf	sqlite	5	1	0	2065	4
nist-pdf-0004	pdf	sqlite	0	2	0	2206	4
nist-pdf-0004	pdf	sqlite	1	2	0	2071	4
nist-pdf-0004	pdf	sqlite	2	2	0	2131	4
nist-pdf-0004	pdf	sqlite	3	2	0	2164	4
nist-pdf-0004	pdf	sqlite	4	2	0	2050	4
nist-pdf-0004	pdf	sqlite	5	2	0	2091	4
nist-pdf-0004	pdf	vole	0	2	0	3296	4
nist-pdf-0004	pdf	vole	1	2	0	3170	4
nist-pdf-0004	pdf	vole	2	2	0	3139	4
nist-pdf-0004	pdf	vole	3	2	0	3397	4
nist-pdf-0004	pdf	vole	4	2	0	3202	4
nist-pdf-0004	pdf	vole	5	2	0	3167	4
nist-pdf-0004	pdf	vole	0	3	0	3050	4
nist-pdf-0004	pdf	vole	1	3	0	3016	4
nist-pdf-0004	pdf	vole	2	3	0	3014	4
nist-pdf-0004	pdf	vole	3	3	0	3096	4
nist-pdf-0004	pdf	vole	4	3	0	3041	4
nist-pdf-0004	pdf	vole	5	3	0	3117	4
nist-pdf-0004	pdf	sqlite	0	3	0	1996	4
nist-pdf-0004	pdf	sqlite	1	3	0	1789	4
nist-pdf-0004	pdf	sqlite	2	3	0	1873	4
nist-pdf-0004	pdf	sqlite	3	3	0	1692	4
nist-pdf-0004	pdf	sqlite	4	3	0	1845	4
nist-pdf-0004	pdf	sqlite	5	3	0	1943	4
nist-pdf-0004	pdf	sqlite	0	4	0	1826	4
nist-pdf-0004	pdf	sqlite	1	4	0	1780	4
nist-pdf-0004	pdf	sqlite	2	4	0	1852	4
nist-pdf-0004	pdf	sqlite	3	4	0	1865	4
nist-pdf-0004	pdf	sqlite	4	4	0	1758	4
nist-pdf-0004	pdf	sqlite	5	4	0	1822	4
nist-pdf-0004	pdf	vole	0	4	0	3083	4
nist-pdf-0004	pdf	vole	1	4	0	3153	4
nist-pdf-0004	pdf	vole	2	4	0	3012	4
nist-pdf-0004	pdf	vole	3	4	0	3041	4
nist-pdf-0004	pdf	vole	4	4	0	2945	4
nist-pdf-0004	pdf	vole	5	4	0	3000	4
nist-pdf-0004	pdf	vole	0	5	0	2901	4
nist-pdf-0004	pdf	vole	1	5	0	2904	4
nist-pdf-0004	pdf	vole	2	5	0	3027	4
nist-pdf-0004	pdf	vole	3	5	0	3022	4
nist-pdf-0004	pdf	vole	4	5	0	2936	4
nist-pdf-0004	pdf	vole	5	5	0	3007	4
nist-pdf-0004	pdf	sqlite	0	5	0	1798	4
nist-pdf-0004	pdf	sqlite	1	5	0	1793	4
nist-pdf-0004	pdf	sqlite	2	5	0	1691	4
nist-pdf-0004	pdf	sqlite	3	5	0	1753	4
nist-pdf-0004	pdf	sqlite	4	5	0	1721	4
nist-pdf-0004	pdf	sqlite	5	5	0	1918	4
nist-pdf-0004	pdf	sqlite	0	6	0	1896	4
nist-pdf-0004	pdf	sqlite	1	6	0	1653	4
nist-pdf-0004	pdf	sqlite	2	6	0	1703	4
nist-pdf-0004	pdf	sqlite	3	6	0	1849	4
nist-pdf-0004	pdf	sqlite	4	6	0	1806	4
nist-pdf-0004	pdf	sqlite	5	6	0	1833	4
nist-pdf-0004	pdf	vole	0	6	0	3134	4
nist-pdf-0004	pdf	vole	1	6	0	3325	4
nist-pdf-0004	pdf	vole	2	6	0	3258	4
nist-pdf-0004	pdf	vole	3	6	0	3333	4
nist-pdf-0004	pdf	vole	4	6	0	3230	4
nist-pdf-0004	pdf	vole	5	6	0	3236	4
nist-pdf-0004	pdf	vole	0	7	0	3420	4
nist-pdf-0004	pdf	vole	1	7	0	3208	4
nist-pdf-0004	pdf	vole	2	7	0	4121	4
nist-pdf-0004	pdf	vole	3	7	0	3112	4
nist-pdf-0004	pdf	vole	4	7	0	3037	4
nist-pdf-0004	pdf	vole	5	7	0	3918	4
nist-pdf-0004	pdf	sqlite	0	7	0	2490	4
nist-pdf-0004	pdf	sqlite	1	7	0	2031	4
nist-pdf-0004	pdf	sqlite	2	7	0	2291	4
nist-pdf-0004	pdf	sqlite	3	7	0	2335	4
nist-pdf-0004	pdf	sqlite	4	7	0	2104	4
nist-pdf-0004	pdf	sqlite	5	7	0	2128	4
nist-pdf-0004	pdf	sqlite	0	8	0	2045	4
nist-pdf-0004	pdf	sqlite	1	8	0	1985	4
nist-pdf-0004	pdf	sqlite	2	8	0	2067	4
nist-pdf-0004	pdf	sqlite	3	8	0	2034	4
nist-pdf-0004	pdf	sqlite	4	8	0	2165	4
nist-pdf-0004	pdf	sqlite	5	8	0	2040	4
nist-pdf-0004	pdf	vole	0	8	0	3496	4
nist-pdf-0004	pdf	vole	1	8	0	3464	4
nist-pdf-0004	pdf	vole	2	8	0	3178	4
nist-pdf-0004	pdf	vole	3	8	0	3502	4
nist-pdf-0004	pdf	vole	4	8	0	3442	4
nist-pdf-0004	pdf	vole	5	8	0	3463	4
nist-pdf-0004	pdf	vole	0	9	0	3363	4
nist-pdf-0004	pdf	vole	1	9	0	3256	4
nist-pdf-0004	pdf	vole	2	9	0	3209	4
nist-pdf-0004	pdf	vole	3	9	0	3097	4
nist-pdf-0004	pdf	vole	4	9	0	3129	4
nist-pdf-0004	pdf	vole	5	9	0	3188	4
nist-pdf-0004	pdf	sqlite	0	9	0	2346	4
nist-pdf-0004	pdf	sqlite	1	9	0	2190	4
nist-pdf-0004	pdf	sqlite	2	9	0	2207	4
nist-pdf-0004	pdf	sqlite	3	9	0	2206	4
nist-pdf-0004	pdf	sqlite	4	9	0	2319	4
nist-pdf-0004	pdf	sqlite	5	9	0	2223	4
nist-pdf-0004	pdf	sqlite	0	10	0	1835	4
nist-pdf-0004	pdf	sqlite	1	10	0	1902	4
nist-pdf-0004	pdf	sqlite	2	10	0	1904	4
nist-pdf-0004	pdf	sqlite	3	10	0	2055	4
nist-pdf-0004	pdf	sqlite	4	10	0	2134	4
nist-pdf-0004	pdf	sqlite	5	10	0	2202	4
nist-pdf-0004	pdf	vole	0	10	0	3321	4
nist-pdf-0004	pdf	vole	1	10	0	3201	4
nist-pdf-0004	pdf	vole	2	10	0	3248	4
nist-pdf-0004	pdf	vole	3	10	0	3270	4
nist-pdf-0004	pdf	vole	4	10	0	3250	4
nist-pdf-0004	pdf	vole	5	10	0	3326	4
nist-pdf-0004	pdf	vole	0	11	0	3134	4
nist-pdf-0004	pdf	vole	1	11	0	3198	4
nist-pdf-0004	pdf	vole	2	11	0	3370	4
nist-pdf-0004	pdf	vole	3	11	0	3198	4
nist-pdf-0004	pdf	vole	4	11	0	3136	4
nist-pdf-0004	pdf	vole	5	11	0	3127	4
nist-pdf-0004	pdf	sqlite	0	11	0	2200	4
nist-pdf-0004	pdf	sqlite	1	11	0	2145	4
nist-pdf-0004	pdf	sqlite	2	11	0	2081	4
nist-pdf-0004	pdf	sqlite	3	11	0	2528	4
nist-pdf-0004	pdf	sqlite	4	11	0	2213	4
nist-pdf-0004	pdf	sqlite	5	11	0	2034	4
nist-pdf-0004	pdf	sqlite	0	12	0	2030	4
nist-pdf-0004	pdf	sqlite	1	12	0	2015	4
nist-pdf-0004	pdf	sqlite	2	12	0	2005	4
nist-pdf-0004	pdf	sqlite	3	12	0	2002	4
nist-pdf-0004	pdf	sqlite	4	12	0	1996	4
nist-pdf-0004	pdf	sqlite	5	12	0	1963	4
nist-pdf-0004	pdf	vole	0	12	0	3276	4
nist-pdf-0004	pdf	vole	1	12	0	3197	4
nist-pdf-0004	pdf	vole	2	12	0	3174	4
nist-pdf-0004	pdf	vole	3	12	0	3101	4
nist-pdf-0004	pdf	vole	4	12	0	3276	4
nist-pdf-0004	pdf	vole	5	12	0	3258	4
nist-pdf-0004	pdf	vole	0	13	0	3224	4
nist-pdf-0004	pdf	vole	1	13	0	3428	4
nist-pdf-0004	pdf	vole	2	13	0	3301	4
nist-pdf-0004	pdf	vole	3	13	0	3393	4
nist-pdf-0004	pdf	vole	4	13	0	3863	4
nist-pdf-0004	pdf	vole	5	13	0	3349	4
nist-pdf-0004	pdf	sqlite	0	13	0	2575	4
nist-pdf-0004	pdf	sqlite	1	13	0	2281	4
nist-pdf-0004	pdf	sqlite	2	13	0	2461	4
nist-pdf-0004	pdf	sqlite	3	13	0	3148	4
nist-pdf-0004	pdf	sqlite	4	13	0	2201	4
nist-pdf-0004	pdf	sqlite	5	13	0	2134	4
nist-pdf-0004	pdf	sqlite	0	14	0	2130	4
nist-pdf-0004	pdf	sqlite	1	14	0	1869	4
nist-pdf-0004	pdf	sqlite	2	14	0	2021	4
nist-pdf-0004	pdf	sqlite	3	14	0	2371	4
nist-pdf-0004	pdf	sqlite	4	14	0	2087	4
nist-pdf-0004	pdf	sqlite	5	14	0	1931	4
nist-pdf-0004	pdf	vole	0	14	0	3325	4
nist-pdf-0004	pdf	vole	1	14	0	3281	4
nist-pdf-0004	pdf	vole	2	14	0	3441	4
nist-pdf-0004	pdf	vole	3	14	0	3199	4
nist-pdf-0004	pdf	vole	4	14	0	3258	4
nist-pdf-0004	pdf	vole	5	14	0	3214	4
nist-pdf-0004	pdf	vole	0	15	0	3195	4
nist-pdf-0004	pdf	vole	1	15	0	3091	4
nist-pdf-0004	pdf	vole	2	15	0	3135	4
nist-pdf-0004	pdf	vole	3	15	0	3252	4
nist-pdf-0004	pdf	vole	4	15	0	3180	4
nist-pdf-0004	pdf	vole	5	15	0	3173	4
nist-pdf-0004	pdf	sqlite	0	15	0	2360	4
nist-pdf-0004	pdf	sqlite	1	15	0	2263	4
nist-pdf-0004	pdf	sqlite	2	15	0	2083	4
nist-pdf-0004	pdf	sqlite	3	15	0	1990	4
nist-pdf-0004	pdf	sqlite	4	15	0	2233	4
nist-pdf-0004	pdf	sqlite	5	15	0	2137	4
nist-pdf-0004	pdf	sqlite	0	16	0	2029	4
nist-pdf-0004	pdf	sqlite	1	16	0	1925	4
nist-pdf-0004	pdf	sqlite	2	16	0	1998	4
nist-pdf-0004	pdf	sqlite	3	16	0	2192	4
nist-pdf-0004	pdf	sqlite	4	16	0	2149	4
nist-pdf-0004	pdf	sqlite	5	16	0	2202	4
nist-pdf-0004	pdf	vole	0	16	0	3450	4
nist-pdf-0004	pdf	vole	1	16	0	3425	4
nist-pdf-0004	pdf	vole	2	16	0	3235	4
nist-pdf-0004	pdf	vole	3	16	0	3138	4
nist-pdf-0004	pdf	vole	4	16	0	3053	4
nist-pdf-0004	pdf	vole	5	16	0	3140	4
nist-pdf-0004	pdf	vole	0	17	0	3337	4
nist-pdf-0004	pdf	vole	1	17	0	3272	4
nist-pdf-0004	pdf	vole	2	17	0	3113	4
nist-pdf-0004	pdf	vole	3	17	0	3219	4
nist-pdf-0004	pdf	vole	4	17	0	3219	4
nist-pdf-0004	pdf	vole	5	17	0	3233	4
nist-pdf-0004	pdf	sqlite	0	17	0	2377	4
nist-pdf-0004	pdf	sqlite	1	17	0	2193	4
nist-pdf-0004	pdf	sqlite	2	17	0	2195	4
nist-pdf-0004	pdf	sqlite	3	17	0	2295	4
nist-pdf-0004	pdf	sqlite	4	17	0	2274	4
nist-pdf-0004	pdf	sqlite	5	17	0	2315	4
nist-pdf-0004	pdf	sqlite	0	18	0	1919	4
nist-pdf-0004	pdf	sqlite	1	18	0	1973	4
nist-pdf-0004	pdf	sqlite	2	18	0	1868	4
nist-pdf-0004	pdf	sqlite	3	18	0	2332	4
nist-pdf-0004	pdf	sqlite	4	18	0	2001	4
nist-pdf-0004	pdf	sqlite	5	18	0	1993	4
nist-pdf-0004	pdf	vole	0	18	0	3282	4
nist-pdf-0004	pdf	vole	1	18	0	3109	4
nist-pdf-0004	pdf	vole	2	18	0	3021	4
nist-pdf-0004	pdf	vole	3	18	0	3234	4
nist-pdf-0004	pdf	vole	4	18	0	3157	4
nist-pdf-0004	pdf	vole	5	18	0	3190	4
nist-pdf-0004	pdf	vole	0	19	0	3213	4
nist-pdf-0004	pdf	vole	1	19	0	3138	4
nist-pdf-0004	pdf	vole	2	19	0	3167	4
nist-pdf-0004	pdf	vole	3	19	0	3153	4
nist-pdf-0004	pdf	vole	4	19	0	3117	4
nist-pdf-0004	pdf	vole	5	19	0	3139	4
nist-pdf-0004	pdf	sqlite	0	19	0	2358	4
nist-pdf-0004	pdf	sqlite	1	19	0	1973	4
nist-pdf-0004	pdf	sqlite	2	19	0	2198	4
nist-pdf-0004	pdf	sqlite	3	19	0	2087	4
nist-pdf-0004	pdf	sqlite	4	19	0	1997	4
nist-pdf-0004	pdf	sqlite	5	19	0	2147	4
nist-pdf-0004	pdf	sqlite	0	20	0	2140	4
nist-pdf-0004	pdf	sqlite	1	20	0	2300	4
nist-pdf-0004	pdf	sqlite	2	20	0	2095	4
nist-pdf-0004	pdf	sqlite	3	20	0	2121	4
nist-pdf-0004	pdf	sqlite	4	20	0	2118	4
nist-pdf-0004	pdf	sqlite	5	20	0	2242	4
nist-pdf-0004	pdf	vole	0	20	0	3435	4
nist-pdf-0004	pdf	vole	1	20	0	3263	4
nist-pdf-0004	pdf	vole	2	20	0	3260	4
nist-pdf-0004	pdf	vole	3	20	0	3245	4
nist-pdf-0004	pdf	vole	4	20	0	4103	4
nist-pdf-0004	pdf	vole	5	20	0	3382	4
nist-pdf-0004	pdf	vole	0	21	0	3207	4
nist-pdf-0004	pdf	vole	1	21	0	3263	4
nist-pdf-0004	pdf	vole	2	21	0	3300	4
nist-pdf-0004	pdf	vole	3	21	0	3368	4
nist-pdf-0004	pdf	vole	4	21	0	3197	4
nist-pdf-0004	pdf	vole	5	21	0	3208	4
nist-pdf-0004	pdf	sqlite	0	21	0	2271	4
nist-pdf-0004	pdf	sqlite	1	21	0	2348	4
nist-pdf-0004	pdf	sqlite	2	21	0	2250	4
nist-pdf-0004	pdf	sqlite	3	21	0	2136	4
nist-pdf-0004	pdf	sqlite	4	21	0	2050	4
nist-pdf-0004	pdf	sqlite	5	21	0	2191	4
nist-pdf-0004	pdf	sqlite	0	22	0	1998	4
nist-pdf-0004	pdf	sqlite	1	22	0	1976	4
nist-pdf-0004	pdf	sqlite	2	22	0	2586	4
nist-pdf-0004	pdf	sqlite	3	22	0	2042	4
nist-pdf-0004	pdf	sqlite	4	22	0	2189	4
nist-pdf-0004	pdf	sqlite	5	22	0	2277	4
nist-pdf-0004	pdf	vole	0	22	0	3365	4
nist-pdf-0004	pdf	vole	1	22	0	3108	4
nist-pdf-0004	pdf	vole	2	22	0	3127	4
nist-pdf-0004	pdf	vole	3	22	0	3280	4
nist-pdf-0004	pdf	vole	4	22	0	3213	4
nist-pdf-0004	pdf	vole	5	22	0	3305	4
nist-pdf-0004	pdf	vole	0	23	0	3133	4
nist-pdf-0004	pdf	vole	1	23	0	3044	4
nist-pdf-0004	pdf	vole	2	23	0	3187	4
nist-pdf-0004	pdf	vole	3	23	0	3219	4
nist-pdf-0004	pdf	vole	4	23	0	3229	4
nist-pdf-0004	pdf	vole	5	23	0	3229	4
nist-pdf-0004	pdf	sqlite	0	23	0	2313	4
nist-pdf-0004	pdf	sqlite	1	23	0	2001	4
nist-pdf-0004	pdf	sqlite	2	23	0	2212	4
nist-pdf-0004	pdf	sqlite	3	23	0	2137	4
nist-pdf-0004	pdf	sqlite	4	23	0	1976	4
nist-pdf-0004	pdf	sqlite	5	23	0	2348	4
nist-pdf-0004	pdf	sqlite	0	24	0	2070	4
nist-pdf-0004	pdf	sqlite	1	24	0	1916	4
nist-pdf-0004	pdf	sqlite	2	24	0	2066	4
nist-pdf-0004	pdf	sqlite	3	24	0	2306	4
nist-pdf-0004	pdf	sqlite	4	24	0	2262	4
nist-pdf-0004	pdf	sqlite	5	24	0	2267	4
nist-pdf-0004	pdf	vole	0	24	0	3500	4
nist-pdf-0004	pdf	vole	1	24	0	3167	4
nist-pdf-0004	pdf	vole	2	24	0	3262	4
nist-pdf-0004	pdf	vole	3	24	0	3129	4
nist-pdf-0004	pdf	vole	4	24	0	3257	4
nist-pdf-0004	pdf	vole	5	24	0	3287	4
nist-pdf-0004	pdf	vole	0	25	0	3220	4
nist-pdf-0004	pdf	vole	1	25	0	3332	4
nist-pdf-0004	pdf	vole	2	25	0	3093	4
nist-pdf-0004	pdf	vole	3	25	0	3276	4
nist-pdf-0004	pdf	vole	4	25	0	3227	4
nist-pdf-0004	pdf	vole	5	25	0	3164	4
nist-pdf-0004	pdf	sqlite	0	25	0	2379	4
nist-pdf-0004	pdf	sqlite	1	25	0	2344	4
nist-pdf-0004	pdf	sqlite	2	25	0	2007	4
nist-pdf-0004	pdf	sqlite	3	25	0	2109	4
nist-pdf-0004	pdf	sqlite	4	25	0	2300	4
nist-pdf-0004	pdf	sqlite	5	25	0	2180	4
nist-pdf-0004	pdf	sqlite	0	26	0	2047	4
nist-pdf-0004	pdf	sqlite	1	26	0	2782	4
nist-pdf-0004	pdf	sqlite	2	26	0	2151	4
nist-pdf-0004	pdf	sqlite	3	26	0	2095	4
nist-pdf-0004	pdf	sqlite	4	26	0	2083	4
nist-pdf-0004	pdf	sqlite	5	26	0	1998	4
nist-pdf-0004	pdf	vole	0	26	0	3300	4
nist-pdf-0004	pdf	vole	1	26	0	3554	4
nist-pdf-0004	pdf	vole	2	26	0	3334	4
nist-pdf-0004	pdf	vole	3	26	0	3179	4
nist-pdf-0004	pdf	vole	4	26	0	3206	4
nist-pdf-0004	pdf	vole	5	26	0	3124	4
nist-pdf-0004	pdf	vole	0	27	0	3370	4
nist-pdf-0004	pdf	vole	1	27	0	3167	4
nist-pdf-0004	pdf	vole	2	27	0	3528	4
nist-pdf-0004	pdf	vole	3	27	0	3077	4
nist-pdf-0004	pdf	vole	4	27	0	3886	4
nist-pdf-0004	pdf	vole	5	27	0	3173	4
nist-pdf-0004	pdf	sqlite	0	27	0	2276	4
nist-pdf-0004	pdf	sqlite	1	27	0	2167	4
nist-pdf-0004	pdf	sqlite	2	27	0	2317	4
nist-pdf-0004	pdf	sqlite	3	27	0	2099	4
nist-pdf-0004	pdf	sqlite	4	27	0	2214	4
nist-pdf-0004	pdf	sqlite	5	27	0	2064	4
nist-pdf-0004	pdf	sqlite	0	28	0	2191	4
nist-pdf-0004	pdf	sqlite	1	28	0	2310	4
nist-pdf-0004	pdf	sqlite	2	28	0	2050	4
nist-pdf-0004	pdf	sqlite	3	28	0	2108	4
nist-pdf-0004	pdf	sqlite	4	28	0	2073	4
nist-pdf-0004	pdf	sqlite	5	28	0	2174	4
nist-pdf-0004	pdf	vole	0	28	0	3404	4
nist-pdf-0004	pdf	vole	1	28	0	3348	4
nist-pdf-0004	pdf	vole	2	28	0	3336	4
nist-pdf-0004	pdf	vole	3	28	0	3255	4
nist-pdf-0004	pdf	vole	4	28	0	3138	4
nist-pdf-0004	pdf	vole	5	28	0	3278	4
nist-pdf-0004	pdf	vole	0	29	0	3338	4
nist-pdf-0004	pdf	vole	1	29	0	3242	4
nist-pdf-0004	pdf	vole	2	29	0	3123	4
nist-pdf-0004	pdf	vole	3	29	0	3128	4
nist-pdf-0004	pdf	vole	4	29	0	3253	4
nist-pdf-0004	pdf	vole	5	29	0	3095	4
nist-pdf-0004	pdf	sqlite	0	29	0	2292	4
nist-pdf-0004	pdf	sqlite	1	29	0	2161	4
nist-pdf-0004	pdf	sqlite	2	29	0	2172	4
nist-pdf-0004	pdf	sqlite	3	29	0	1970	4
nist-pdf-0004	pdf	sqlite	4	29	0	2134	4
nist-pdf-0004	pdf	sqlite	5	29	0	2163	4
nist-pdf-0004	pdf	sqlite	0	30	0	2003	4
nist-pdf-0004	pdf	sqlite	1	30	0	2131	4
nist-pdf-0004	pdf	sqlite	2	30	0	1913	4
nist-pdf-0004	pdf	sqlite	3	30	0	2087	4
nist-pdf-0004	pdf	sqlite	4	30	0	2016	4
nist-pdf-0004	pdf	sqlite	5	30	0	2200	4
nist-pdf-0004	pdf	vole	0	30	0	3352	4
nist-pdf-0004	pdf	vole	1	30	0	3091	4
nist-pdf-0004	pdf	vole	2	30	0	3211	4
nist-pdf-0004	pdf	vole	3	30	0	3304	4
nist-pdf-0004	pdf	vole	4	30	0	3213	4
nist-pdf-0004	pdf	vole	5	30	0	3325	4
nist-pdf-0004	pdf	vole	0	31	0	3279	4
nist-pdf-0004	pdf	vole	1	31	0	3202	4
nist-pdf-0004	pdf	vole	2	31	0	3269	4
nist-pdf-0004	pdf	vole	3	31	0	3286	4
nist-pdf-0004	pdf	vole	4	31	0	3034	4
nist-pdf-0004	pdf	vole	5	31	0	3132	4
nist-pdf-0004	pdf	sqlite	0	31	0	2288	4
nist-pdf-0004	pdf	sqlite	1	31	0	2503	4
nist-pdf-0004	pdf	sqlite	2	31	0	2118	4
nist-pdf-0004	pdf	sqlite	3	31	0	2160	4
nist-pdf-0004	pdf	sqlite	4	31	0	2140	4
nist-pdf-0004	pdf	sqlite	5	31	0	2193	4
nist-pdf-0004	pdf	sqlite	0	32	0	2211	4
nist-pdf-0004	pdf	sqlite	1	32	0	2210	4
nist-pdf-0004	pdf	sqlite	2	32	0	2143	4
nist-pdf-0004	pdf	sqlite	3	32	0	2243	4
nist-pdf-0004	pdf	sqlite	4	32	0	2573	4
nist-pdf-0004	pdf	sqlite	5	32	0	2370	4
nist-pdf-0004	pdf	vole	0	32	0	3517	4
nist-pdf-0004	pdf	vole	1	32	0	3538	4
nist-pdf-0004	pdf	vole	2	32	0	3322	4
nist-pdf-0004	pdf	vole	3	32	0	3338	4
nist-pdf-0004	pdf	vole	4	32	0	3290	4
nist-pdf-0004	pdf	vole	5	32	0	3444	4
nist-pdf-0004	pdf	vole	0	33	0	3390	4
nist-pdf-0004	pdf	vole	1	33	0	3212	4
nist-pdf-0004	pdf	vole	2	33	0	3270	4
nist-pdf-0004	pdf	vole	3	33	0	3261	4
nist-pdf-0004	pdf	vole	4	33	0	3234	4
nist-pdf-0004	pdf	vole	5	33	0	3203	4
nist-pdf-0004	pdf	sqlite	0	33	0	2660	4
nist-pdf-0004	pdf	sqlite	1	33	0	2210	4
nist-pdf-0004	pdf	sqlite	2	33	0	2201	4
nist-pdf-0004	pdf	sqlite	3	33	0	2021	4
nist-pdf-0004	pdf	sqlite	4	33	0	2445	4
nist-pdf-0004	pdf	sqlite	5	33	0	2188	4
nist-pdf-0004	pdf	sqlite	0	34	0	2145	4
nist-pdf-0004	pdf	sqlite	1	34	0	2209	4
nist-pdf-0004	pdf	sqlite	2	34	0	2251	4
nist-pdf-0004	pdf	sqlite	3	34	0	2126	4
nist-pdf-0004	pdf	sqlite	4	34	0	2232	4
nist-pdf-0004	pdf	sqlite	5	34	0	2181	4
nist-pdf-0004	pdf	vole	0	34	0	3508	4
nist-pdf-0004	pdf	vole	1	34	0	3552	4
nist-pdf-0004	pdf	vole	2	34	0	3332	4
nist-pdf-0004	pdf	vole	3	34	0	3159	4
nist-pdf-0004	pdf	vole	4	34	0	3380	4
nist-pdf-0004	pdf	vole	5	34	0	3276	4
nist-pdf-0004	pdf	vole	0	35	0	3098	4
nist-pdf-0004	pdf	vole	1	35	0	3156	4
nist-pdf-0004	pdf	vole	2	35	0	3208	4
nist-pdf-0004	pdf	vole	3	35	0	3108	4
nist-pdf-0004	pdf	vole	4	35	0	3237	4
nist-pdf-0004	pdf	vole	5	35	0	3365	4
nist-pdf-0004	pdf	sqlite	0	35	0	2466	4
nist-pdf-0004	pdf	sqlite	1	35	0	2410	4
nist-pdf-0004	pdf	sqlite	2	35	0	2415	4
nist-pdf-0004	pdf	sqlite	3	35	0	2144	4
nist-pdf-0004	pdf	sqlite	4	35	0	2212	4
nist-pdf-0004	pdf	sqlite	5	35	0	2129	4
nist-pdf-0004	pdf	sqlite	0	36	0	2044	4
nist-pdf-0004	pdf	sqlite	1	36	0	2181	4
nist-pdf-0004	pdf	sqlite	2	36	0	2010	4
nist-pdf-0004	pdf	sqlite	3	36	0	2863	4
nist-pdf-0004	pdf	sqlite	4	36	0	2404	4
nist-pdf-0004	pdf	sqlite	5	36	0	2196	4
nist-pdf-0004	pdf	vole	0	36	0	3367	4
nist-pdf-0004	pdf	vole	1	36	0	3204	4
nist-pdf-0004	pdf	vole	2	36	0	3050	4
nist-pdf-0004	pdf	vole	3	36	0	3268	4
nist-pdf-0004	pdf	vole	4	36	0	3249	4
nist-pdf-0004	pdf	vole	5	36	0	3220	4
nist-pdf-0004	pdf	vole	0	37	0	3182	4
nist-pdf-0004	pdf	vole	1	37	0	3230	4
nist-pdf-0004	pdf	vole	2	37	0	3342	4
nist-pdf-0004	pdf	vole	3	37	0	3327	4
nist-pdf-0004	pdf	vole	4	37	0	3225	4
nist-pdf-0004	pdf	vole	5	37	0	3135	4
nist-pdf-0004	pdf	sqlite	0	37	0	2500	4
nist-pdf-0004	pdf	sqlite	1	37	0	2241	4
nist-pdf-0004	pdf	sqlite	2	37	0	1987	4
nist-pdf-0004	pdf	sqlite	3	37	0	2136	4
nist-pdf-0004	pdf	sqlite	4	37	0	2148	4
nist-pdf-0004	pdf	sqlite	5	37	0	2161	4
nist-pdf-0004	pdf	sqlite	0	38	0	2008	4
nist-pdf-0004	pdf	sqlite	1	38	0	2134	4
nist-pdf-0004	pdf	sqlite	2	38	0	1955	4
nist-pdf-0004	pdf	sqlite	3	38	0	1898	4
nist-pdf-0004	pdf	sqlite	4	38	0	2230	4
nist-pdf-0004	pdf	sqlite	5	38	0	2101	4
nist-pdf-0004	pdf	vole	0	38	0	3433	4
nist-pdf-0004	pdf	vole	1	38	0	3190	4
nist-pdf-0004	pdf	vole	2	38	0	3248	4
nist-pdf-0004	pdf	vole	3	38	0	3200	4
nist-pdf-0004	pdf	vole	4	38	0	3197	4
nist-pdf-0004	pdf	vole	5	38	0	3199	4
nist-pdf-0004	pdf	vole	0	39	0	3186	4
nist-pdf-0004	pdf	vole	1	39	0	3167	4
nist-pdf-0004	pdf	vole	2	39	0	3305	4
nist-pdf-0004	pdf	vole	3	39	0	3312	4
nist-pdf-0004	pdf	vole	4	39	0	3278	4
nist-pdf-0004	pdf	vole	5	39	0	3171	4
nist-pdf-0004	pdf	sqlite	0	39	0	2539	4
nist-pdf-0004	pdf	sqlite	1	39	0	2216	4
nist-pdf-0004	pdf	sqlite	2	39	0	2083	4
nist-pdf-0004	pdf	sqlite	3	39	0	2115	4
nist-pdf-0004	pdf	sqlite	4	39	0	2212	4
nist-pdf-0004	pdf	sqlite	5	39	0	2089	4
nist-pdf-0004	pdf	sqlite	0	40	0	2162	4
nist-pdf-0004	pdf	sqlite	1	40	0	2256	4
nist-pdf-0004	pdf	sqlite	2	40	0	2252	4
nist-pdf-0004	pdf	sqlite	3	40	0	2515	4
nist-pdf-0004	pdf	sqlite	4	40	0	2198	4
nist-pdf-0004	pdf	sqlite	5	40	0	2255	4
nist-pdf-0004	pdf	vole	0	40	0	3595	4
nist-pdf-0004	pdf	vole	1	40	0	3310	4
nist-pdf-0004	pdf	vole	2	40	0	3380	4
nist-pdf-0004	pdf	vole	3	40	0	3407	4
nist-pdf-0004	pdf	vole	4	40	0	3471	4
nist-pdf-0004	pdf	vole	5	40	0	3385	4
nist-pdf-0004	pdf	vole	0	41	0	3405	4
nist-pdf-0004	pdf	vole	1	41	0	3172	4
nist-pdf-0004	pdf	vole	2	41	0	3216	4
nist-pdf-0004	pdf	vole	3	41	0	3256	4
nist-pdf-0004	pdf	vole	4	41	0	3229	4
nist-pdf-0004	pdf	vole	5	41	0	3423	4
nist-pdf-0004	pdf	sqlite	0	41	0	2391	4
nist-pdf-0004	pdf	sqlite	1	41	0	2225	4
nist-pdf-0004	pdf	sqlite	2	41	0	2116	4
nist-pdf-0004	pdf	sqlite	3	41	0	2109	4
nist-pdf-0004	pdf	sqlite	4	41	0	2830	4
nist-pdf-0004	pdf	sqlite	5	41	0	2051	4
nist-pdf-0004	pdf	sqlite	0	42	0	2067	4
nist-pdf-0004	pdf	sqlite	1	42	0	2257	4
nist-pdf-0004	pdf	sqlite	2	42	0	2174	4
nist-pdf-0004	pdf	sqlite	3	42	0	2012	4
nist-pdf-0004	pdf	sqlite	4	42	0	2260	4
nist-pdf-0004	pdf	sqlite	5	42	0	1985	4
nist-pdf-0004	pdf	vole	0	42	0	3287	4
nist-pdf-0004	pdf	vole	1	42	0	3391	4
nist-pdf-0004	pdf	vole	2	42	0	3201	4
nist-pdf-0004	pdf	vole	3	42	0	3187	4
nist-pdf-0004	pdf	vole	4	42	0	3251	4
nist-pdf-0004	pdf	vole	5	42	0	3203	4
nist-pdf-0004	pdf	vole	0	43	0	3012	4
nist-pdf-0004	pdf	vole	1	43	0	3208	4
nist-pdf-0004	pdf	vole	2	43	0	3034	4
nist-pdf-0004	pdf	vole	3	43	0	3006	4
nist-pdf-0004	pdf	vole	4	43	0	3266	4
nist-pdf-0004	pdf	vole	5	43	0	3266	4
nist-pdf-0004	pdf	sqlite	0	43	0	2249	4
nist-pdf-0004	pdf	sqlite	1	43	0	2175	4
nist-pdf-0004	pdf	sqlite	2	43	0	2197	4
nist-pdf-0004	pdf	sqlite	3	43	0	1973	4
nist-pdf-0004	pdf	sqlite	4	43	0	2076	4
nist-pdf-0004	pdf	sqlite	5	43	0	1920	4
nist-pdf-0004	pdf	sqlite	0	44	0	1800	4
nist-pdf-0004	pdf	sqlite	1	44	0	2122	4
nist-pdf-0004	pdf	sqlite	2	44	0	2019	4
nist-pdf-0004	pdf	sqlite	3	44	0	1964	4
nist-pdf-0004	pdf	sqlite	4	44	0	2042	4
nist-pdf-0004	pdf	sqlite	5	44	0	2170	4
nist-pdf-0004	pdf	vole	0	44	0	3914	4
nist-pdf-0004	pdf	vole	1	44	0	3264	4
nist-pdf-0004	pdf	vole	2	44	0	3217	4
nist-pdf-0004	pdf	vole	3	44	0	3082	4
nist-pdf-0004	pdf	vole	4	44	0	3162	4
nist-pdf-0004	pdf	vole	5	44	0	3326	4
nist-pdf-0004	pdf	vole	0	45	0	3141	4
nist-pdf-0004	pdf	vole	1	45	0	3239	4
nist-pdf-0004	pdf	vole	2	45	0	3249	4
nist-pdf-0004	pdf	vole	3	45	0	3326	4
nist-pdf-0004	pdf	vole	4	45	0	3248	4
nist-pdf-0004	pdf	vole	5	45	0	3137	4
nist-pdf-0004	pdf	sqlite	0	45	0	2188	4
nist-pdf-0004	pdf	sqlite	1	45	0	2078	4
nist-pdf-0004	pdf	sqlite	2	45	0	1927	4
nist-pdf-0004	pdf	sqlite	3	45	0	1854	4
nist-pdf-0004	pdf	sqlite	4	45	0	2041	4
nist-pdf-0004	pdf	sqlite	5	45	0	1972	4
nist-pdf-0004	pdf	sqlite	0	46	0	1868	4
nist-pdf-0004	pdf	sqlite	1	46	0	1912	4
nist-pdf-0004	pdf	sqlite	2	46	0	2432	4
nist-pdf-0004	pdf	sqlite	3	46	0	2123	4
nist-pdf-0004	pdf	sqlite	4	46	0	2054	4
nist-pdf-0004	pdf	sqlite	5	46	0	2135	4
nist-pdf-0004	pdf	vole	0	46	0	3339	4
nist-pdf-0004	pdf	vole	1	46	0	3199	4
nist-pdf-0004	pdf	vole	2	46	0	3086	4
nist-pdf-0004	pdf	vole	3	46	0	3117	4
nist-pdf-0004	pdf	vole	4	46	0	3115	4
nist-pdf-0004	pdf	vole	5	46	0	3160	4
nist-pdf-0004	pdf	vole	0	47	0	3249	4
nist-pdf-0004	pdf	vole	1	47	0	3371	4
nist-pdf-0004	pdf	vole	2	47	0	3168	4
nist-pdf-0004	pdf	vole	3	47	0	3256	4
nist-pdf-0004	pdf	vole	4	47	0	3937	4
nist-pdf-0004	pdf	vole	5	47	0	3079	4
nist-pdf-0004	pdf	sqlite	0	47	0	2199	4
nist-pdf-0004	pdf	sqlite	1	47	0	2106	4
nist-pdf-0004	pdf	sqlite	2	47	0	2017	4
nist-pdf-0004	pdf	sqlite	3	47	0	2011	4
nist-pdf-0004	pdf	sqlite	4	47	0	2178	4
nist-pdf-0004	pdf	sqlite	5	47	0	2133	4
nist-pdf-0004	pdf	sqlite	0	48	0	1900	4
nist-pdf-0004	pdf	sqlite	1	48	0	2047	4
nist-pdf-0004	pdf	sqlite	2	48	0	2000	4
nist-pdf-0004	pdf	sqlite	3	48	0	1937	4
nist-pdf-0004	pdf	sqlite	4	48	0	2233	4
nist-pdf-0004	pdf	sqlite	5	48	0	2126	4
nist-pdf-0004	pdf	vole	0	48	0	3712	4
nist-pdf-0004	pdf	vole	1	48	0	3396	4
nist-pdf-0004	pdf	vole	2	48	0	3269	4
nist-pdf-0004	pdf	vole	3	48	0	3323	4
nist-pdf-0004	pdf	vole	4	48	0	3274	4
nist-pdf-0004	pdf	vole	5	48	0	3202	4
nist-pdf-0004	pdf	vole	0	49	0	3076	4
nist-pdf-0004	pdf	vole	1	49	0	3293	4
nist-pdf-0004	pdf	vole	2	49	0	3344	4
nist-pdf-0004	pdf	vole	3	49	0	3213	4
nist-pdf-0004	pdf	vole	4	49	0	3229	4
nist-pdf-0004	pdf	vole	5	49	0	3445	4
nist-pdf-0004	pdf	sqlite	0	49	0	2528	4
nist-pdf-0004	pdf	sqlite	1	49	0	2459	4
nist-pdf-0004	pdf	sqlite	2	49	0	2610	4
nist-pdf-0004	pdf	sqlite	3	49	0	2336	4
nist-pdf-0004	pdf	sqlite	4	49	0	2395	4
nist-pdf-0004	pdf	sqlite	5	49	0	2315	4
nist-pdf-0004	pdf	sqlite	0	50	0	2215	4
nist-pdf-0004	pdf	sqlite	1	50	0	2244	4
nist-pdf-0004	pdf	sqlite	2	50	0	2258	4
nist-pdf-0004	pdf	sqlite	3	50	0	2031	4
nist-pdf-0004	pdf	sqlite	4	50	0	2144	4
nist-pdf-0004	pdf	sqlite	5	50	0	2116	4
nist-pdf-0004	pdf	vole	0	50	0	3379	4
nist-pdf-0004	pdf	vole	1	50	0	3473	4
nist-pdf-0004	pdf	vole	2	50	0	3403	4
nist-pdf-0004	pdf	vole	3	50	0	4209	4
nist-pdf-0004	pdf	vole	4	50	0	3334	4
nist-pdf-0004	pdf	vole	5	50	0	3332	4
nist-pdf-0004	pdf	vole	0	51	0	3192	4
nist-pdf-0004	pdf	vole	1	51	0	3299	4
nist-pdf-0004	pdf	vole	2	51	0	3217	4
nist-pdf-0004	pdf	vole	3	51	0	3197	4
nist-pdf-0004	pdf	vole	4	51	0	3320	4
nist-pdf-0004	pdf	vole	5	51	0	3344	4
nist-pdf-0004	pdf	sqlite	0	51	0	2485	4
nist-pdf-0004	pdf	sqlite	1	51	0	2015	4
nist-pdf-0004	pdf	sqlite	2	51	0	2336	4
nist-pdf-0004	pdf	sqlite	3	51	0	1997	4
nist-pdf-0004	pdf	sqlite	4	51	0	2076	4
nist-pdf-0004	pdf	sqlite	5	51	0	2092	4
nist-pdf-0004	pdf	sqlite	0	52	0	1989	4
nist-pdf-0004	pdf	sqlite	1	52	0	2241	4
nist-pdf-0004	pdf	sqlite	2	52	0	2015	4
nist-pdf-0004	pdf	sqlite	3	52	0	2088	4
nist-pdf-0004	pdf	sqlite	4	52	0	2076	4
nist-pdf-0004	pdf	sqlite	5	52	0	2205	4
nist-pdf-0004	pdf	vole	0	52	0	3458	4
nist-pdf-0004	pdf	vole	1	52	0	3232	4
nist-pdf-0004	pdf	vole	2	52	0	3244	4
nist-pdf-0004	pdf	vole	3	52	0	3117	4
nist-pdf-0004	pdf	vole	4	52	0	3084	4
nist-pdf-0004	pdf	vole	5	52	0	3217	4
nist-pdf-0004	pdf	vole	0	53	0	3366	4
nist-pdf-0004	pdf	vole	1	53	0	3138	4
nist-pdf-0004	pdf	vole	2	53	0	3300	4
nist-pdf-0004	pdf	vole	3	53	0	3161	4
nist-pdf-0004	pdf	vole	4	53	0	3211	4
nist-pdf-0004	pdf	vole	5	53	0	3297	4
nist-pdf-0004	pdf	sqlite	0	53	0	2202	4
nist-pdf-0004	pdf	sqlite	1	53	0	2232	4
nist-pdf-0004	pdf	sqlite	2	53	0	2126	4
nist-pdf-0004	pdf	sqlite	3	53	0	2663	4
nist-pdf-0004	pdf	sqlite	4	53	0	2117	4
nist-pdf-0004	pdf	sqlite	5	53	0	2213	4
nist-pdf-0004	pdf	sqlite	0	54	0	2260	4
nist-pdf-0004	pdf	sqlite	1	54	0	2186	4
nist-pdf-0004	pdf	sqlite	2	54	0	2058	4
nist-pdf-0004	pdf	sqlite	3	54	0	2051	4
nist-pdf-0004	pdf	sqlite	4	54	0	2239	4
nist-pdf-0004	pdf	sqlite	5	54	0	2226	4
nist-pdf-0004	pdf	vole	0	54	0	4228	4
nist-pdf-0004	pdf	vole	1	54	0	3392	4
nist-pdf-0004	pdf	vole	2	54	0	3205	4
nist-pdf-0004	pdf	vole	3	54	0	3454	4
nist-pdf-0004	pdf	vole	4	54	0	3388	4
nist-pdf-0004	pdf	vole	5	54	0	3252	4
nist-pdf-0004	pdf	vole	0	55	0	3191	4
nist-pdf-0004	pdf	vole	1	55	0	3332	4
nist-pdf-0004	pdf	vole	2	55	0	3238	4
nist-pdf-0004	pdf	vole	3	55	0	3328	4
nist-pdf-0004	pdf	vole	4	55	0	3481	4
nist-pdf-0004	pdf	vole	5	55	0	3236	4
nist-pdf-0004	pdf	sqlite	0	55	0	2738	4
nist-pdf-0004	pdf	sqlite	1	55	0	2256	4
nist-pdf-0004	pdf	sqlite	2	55	0	2509	4
nist-pdf-0004	pdf	sqlite	3	55	0	2405	4
nist-pdf-0004	pdf	sqlite	4	55	0	2255	4
nist-pdf-0004	pdf	sqlite	5	55	0	2202	4
nist-pdf-0004	pdf	sqlite	0	56	0	2029	4
nist-pdf-0004	pdf	sqlite	1	56	0	2159	4
nist-pdf-0004	pdf	sqlite	2	56	0	2362	4
nist-pdf-0004	pdf	sqlite	3	56	0	2025	4
nist-pdf-0004	pdf	sqlite	4	56	0	2089	4
nist-pdf-0004	pdf	sqlite	5	56	0	2048	4
nist-pdf-0004	pdf	vole	0	56	0	3419	4
nist-pdf-0004	pdf	vole	1	56	0	3464	4
nist-pdf-0004	pdf	vole	2	56	0	3232	4
nist-pdf-0004	pdf	vole	3	56	0	3245	4
nist-pdf-0004	pdf	vole	4	56	0	3190	4
nist-pdf-0004	pdf	vole	5	56	0	3213	4
nist-pdf-0004	pdf	vole	0	57	0	3128	4
nist-pdf-0004	pdf	vole	1	57	0	3003	4
nist-pdf-0004	pdf	vole	2	57	0	3410	4
nist-pdf-0004	pdf	vole	3	57	0	3147	4
nist-pdf-0004	pdf	vole	4	57	0	3110	4
nist-pdf-0004	pdf	vole	5	57	0	3097	4
nist-pdf-0004	pdf	sqlite	0	57	0	2736	4
nist-pdf-0004	pdf	sqlite	1	57	0	2207	4
nist-pdf-0004	pdf	sqlite	2	57	0	2361	4
nist-pdf-0004	pdf	sqlite	3	57	0	2103	4
nist-pdf-0004	pdf	sqlite	4	57	0	2028	4
nist-pdf-0004	pdf	sqlite	5	57	0	2042	4
nist-pdf-0004	pdf	sqlite	0	58	0	1944	4
nist-pdf-0004	pdf	sqlite	1	58	0	2071	4
nist-pdf-0004	pdf	sqlite	2	58	0	2259	4
nist-pdf-0004	pdf	sqlite	3	58	0	2035	4
nist-pdf-0004	pdf	sqlite	4	58	0	2000	4
nist-pdf-0004	pdf	sqlite	5	58	0	2103	4
nist-pdf-0004	pdf	vole	0	58	0	3503	4
nist-pdf-0004	pdf	vole	1	58	0	3209	4
nist-pdf-0004	pdf	vole	2	58	0	3231	4
nist-pdf-0004	pdf	vole	3	58	0	3257	4
nist-pdf-0004	pdf	vole	4	58	0	3188	4
nist-pdf-0004	pdf	vole	5	58	0	3201	4
nist-pdf-0004	pdf	vole	0	59	0	3215	4
nist-pdf-0004	pdf	vole	1	59	0	3254	4
nist-pdf-0004	pdf	vole	2	59	0	3258	4
nist-pdf-0004	pdf	vole	3	59	0	3301	4
nist-pdf-0004	pdf	vole	4	59	0	3103	4
nist-pdf-0004	pdf	vole	5	59	0	3142	4
nist-pdf-0004	pdf	sqlite	0	59	0	2249	4
nist-pdf-0004	pdf	sqlite	1	59	0	1975	4
nist-pdf-0004	pdf	sqlite	2	59	0	2322	4
nist-pdf-0004	pdf	sqlite	3	59	0	2131	4
nist-pdf-0004	pdf	sqlite	4	59	0	2017	4
nist-pdf-0004	pdf	sqlite	5	59	0	2043	4
nist-pdf-0004	pdf	sqlite	0	60	0	2126	4
nist-pdf-0004	pdf	sqlite	1	60	0	1979	4
nist-pdf-0004	pdf	sqlite	2	60	0	2350	4
nist-pdf-0004	pdf	sqlite	3	60	0	2010	4
nist-pdf-0004	pdf	sqlite	4	60	0	2168	4
nist-pdf-0004	pdf	sqlite	5	60	0	2125	4
nist-pdf-0004	pdf	vole	0	60	0	3304	4
nist-pdf-0004	pdf	vole	1	60	0	3646	4
nist-pdf-0004	pdf	vole	2	60	0	3122	4
nist-pdf-0004	pdf	vole	3	60	0	3302	4
nist-pdf-0004	pdf	vole	4	60	0	3286	4
nist-pdf-0004	pdf	vole	5	60	0	3245	4
nist-pdf-0004	pdf	vole	0	61	0	3202	4
nist-pdf-0004	pdf	vole	1	61	0	3127	4
nist-pdf-0004	pdf	vole	2	61	0	3354	4
nist-pdf-0004	pdf	vole	3	61	0	3556	4
nist-pdf-0004	pdf	vole	4	61	0	3114	4
nist-pdf-0004	pdf	vole	5	61	0	3288	4
nist-pdf-0004	pdf	sqlite	0	61	0	2349	4
nist-pdf-0004	pdf	sqlite	1	61	0	2177	4
nist-pdf-0004	pdf	sqlite	2	61	0	2020	4
nist-pdf-0004	pdf	sqlite	3	61	0	2143	4
nist-pdf-0004	pdf	sqlite	4	61	0	2080	4
nist-pdf-0004	pdf	sqlite	5	61	0	2206	4
nist-pdf-0004	pdf	sqlite	0	62	0	2145	4
nist-pdf-0004	pdf	sqlite	1	62	0	2397	4
nist-pdf-0004	pdf	sqlite	2	62	0	2016	4
nist-pdf-0004	pdf	sqlite	3	62	0	2071	4
nist-pdf-0004	pdf	sqlite	4	62	0	2181	4
nist-pdf-0004	pdf	sqlite	5	62	0	2024	4
nist-pdf-0004	pdf	vole	0	62	0	3289	4
nist-pdf-0004	pdf	vole	1	62	0	3816	4
nist-pdf-0004	pdf	vole	2	62	0	3038	4
nist-pdf-0004	pdf	vole	3	62	0	3205	4
nist-pdf-0004	pdf	vole	4	62	0	3137	4
nist-pdf-0004	pdf	vole	5	62	0	3020	4
nist-pdf-0004	pdf	vole	0	63	0	3019	4
nist-pdf-0004	pdf	vole	1	63	0	3115	4
nist-pdf-0004	pdf	vole	2	63	0	3229	4
nist-pdf-0004	pdf	vole	3	63	0	3210	4
nist-pdf-0004	pdf	vole	4	63	0	3220	4
nist-pdf-0004	pdf	vole	5	63	0	3236	4
nist-pdf-0004	pdf	sqlite	0	63	0	2406	4
nist-pdf-0004	pdf	sqlite	1	63	0	2123	4
nist-pdf-0004	pdf	sqlite	2	63	0	2652	4
nist-pdf-0004	pdf	sqlite	3	63	0	2146	4
nist-pdf-0004	pdf	sqlite	4	63	0	2253	4
nist-pdf-0004	pdf	sqlite	5	63	0	2100	4
nist-pdf-0004	pdf	sqlite	0	64	0	2093	4
nist-pdf-0004	pdf	sqlite	1	64	0	2085	4
nist-pdf-0004	pdf	sqlite	2	64	0	2038	4
nist-pdf-0004	pdf	sqlite	3	64	0	2075	4
nist-pdf-0004	pdf	sqlite	4	64	0	2214	4
nist-pdf-0004	pdf	sqlite	5	64	0	2013	4
nist-pdf-0004	pdf	vole	0	64	0	3521	4
nist-pdf-0004	pdf	vole	1	64	0	3366	4
nist-pdf-0004	pdf	vole	2	64	0	3098	4
nist-pdf-0004	pdf	vole	3	64	0	3298	4
nist-pdf-0004	pdf	vole	4	64	0	3174	4
nist-pdf-0004	pdf	vole	5	64	0	3239	4
nist-pdf-0004	pdf	vole	0	65	0	3104	4
nist-pdf-0004	pdf	vole	1	65	0	3257	4
nist-pdf-0004	pdf	vole	2	65	0	3250	4
nist-pdf-0004	pdf	vole	3	65	0	3117	4
nist-pdf-0004	pdf	vole	4	65	0	3030	4
nist-pdf-0004	pdf	vole	5	65	0	3204	4
nist-pdf-0004	pdf	sqlite	0	65	0	2274	4
nist-pdf-0004	pdf	sqlite	1	65	0	2846	4
nist-pdf-0004	pdf	sqlite	2	65	0	2073	4
nist-pdf-0004	pdf	sqlite	3	65	0	2042	4
nist-pdf-0004	pdf	sqlite	4	65	0	2350	4
nist-pdf-0004	pdf	sqlite	5	65	0	2597	4
nist-pdf-0004	pdf	sqlite	0	66	0	1964	4
nist-pdf-0004	pdf	sqlite	1	66	0	1898	4
nist-pdf-0004	pdf	sqlite	2	66	0	2197	4
nist-pdf-0004	pdf	sqlite	3	66	0	2009	4
nist-pdf-0004	pdf	sqlite	4	66	0	2127	4
nist-pdf-0004	pdf	sqlite	5	66	0	2226	4
nist-pdf-0004	pdf	vole	0	66	0	3429	4
nist-pdf-0004	pdf	vole	1	66	0	3237	4
nist-pdf-0004	pdf	vole	2	66	0	3009	4
nist-pdf-0004	pdf	vole	3	66	0	3107	4
nist-pdf-0004	pdf	vole	4	66	0	3162	4
nist-pdf-0004	pdf	vole	5	66	0	3054	4
nist-pdf-0004	pdf	vole	0	67	0	3223	4
nist-pdf-0004	pdf	vole	1	67	0	3168	4
nist-pdf-0004	pdf	vole	2	67	0	3088	4
nist-pdf-0004	pdf	vole	3	67	0	3161	4
nist-pdf-0004	pdf	vole	4	67	0	3605	4
nist-pdf-0004	pdf	vole	5	67	0	3060	4
nist-pdf-0004	pdf	sqlite	0	67	0	2709	4
nist-pdf-0004	pdf	sqlite	1	67	0	2125	4
nist-pdf-0004	pdf	sqlite	2	67	0	2140	4
nist-pdf-0004	pdf	sqlite	3	67	0	2192	4
nist-pdf-0004	pdf	sqlite	4	67	0	2196	4
nist-pdf-0004	pdf	sqlite	5	67	0	2172	4
nist-pdf-0004	pdf	sqlite	0	68	0	2125	4
nist-pdf-0004	pdf	sqlite	1	68	0	2168	4
nist-pdf-0004	pdf	sqlite	2	68	0	2052	4
nist-pdf-0004	pdf	sqlite	3	68	0	2057	4
nist-pdf-0004	pdf	sqlite	4	68	0	2006	4
nist-pdf-0004	pdf	sqlite	5	68	0	2287	4
nist-pdf-0004	pdf	vole	0	68	0	3518	4
nist-pdf-0004	pdf	vole	1	68	0	3195	4
nist-pdf-0004	pdf	vole	2	68	0	3239	4
nist-pdf-0004	pdf	vole	3	68	0	3093	4
nist-pdf-0004	pdf	vole	4	68	0	3183	4
nist-pdf-0004	pdf	vole	5	68	0	3128	4
nist-pdf-0004	pdf	vole	0	69	0	3199	4
nist-pdf-0004	pdf	vole	1	69	0	3066	4
nist-pdf-0004	pdf	vole	2	69	0	3268	4
nist-pdf-0004	pdf	vole	3	69	0	3241	4
nist-pdf-0004	pdf	vole	4	69	0	3170	4
nist-pdf-0004	pdf	vole	5	69	0	3589	4
nist-pdf-0004	pdf	sqlite	0	69	0	2306	4
nist-pdf-0004	pdf	sqlite	1	69	0	2066	4
nist-pdf-0004	pdf	sqlite	2	69	0	2254	4
nist-pdf-0004	pdf	sqlite	3	69	0	2195	4
nist-pdf-0004	pdf	sqlite	4	69	0	2363	4
nist-pdf-0004	pdf	sqlite	5	69	0	1988	4
nist-pdf-0004	pdf	sqlite	0	70	0	2191	4
nist-pdf-0004	pdf	sqlite	1	70	0	2025	4
nist-pdf-0004	pdf	sqlite	2	70	0	2103	4
nist-pdf-0004	pdf	sqlite	3	70	0	2117	4
nist-pdf-0004	pdf	sqlite	4	70	0	2135	4
nist-pdf-0004	pdf	sqlite	5	70	0	2133	4
nist-pdf-0004	pdf	vole	0	70	0	3360	4
nist-pdf-0004	pdf	vole	1	70	0	3205	4
nist-pdf-0004	pdf	vole	2	70	0	3192	4
nist-pdf-0004	pdf	vole	3	70	0	3157	4
nist-pdf-0004	pdf	vole	4	70	0	3044	4
nist-pdf-0004	pdf	vole	5	70	0	3028	4
nist-pdf-0004	pdf	vole	0	71	0	3199	4
nist-pdf-0004	pdf	vole	1	71	0	3976	4
nist-pdf-0004	pdf	vole	2	71	0	3271	4
nist-pdf-0004	pdf	vole	3	71	0	3191	4
nist-pdf-0004	pdf	vole	4	71	0	3281	4
nist-pdf-0004	pdf	vole	5	71	0	3129	4
nist-pdf-0004	pdf	sqlite	0	71	0	2352	4
nist-pdf-0004	pdf	sqlite	1	71	0	2186	4
nist-pdf-0004	pdf	sqlite	2	71	0	2320	4
nist-pdf-0004	pdf	sqlite	3	71	0	2202	4
nist-pdf-0004	pdf	sqlite	4	71	0	2162	4
nist-pdf-0004	pdf	sqlite	5	71	0	2162	4
nist-pdf-0004	pdf	sqlite	0	72	0	1823	4
nist-pdf-0004	pdf	sqlite	1	72	0	2117	4
nist-pdf-0004	pdf	sqlite	2	72	0	1993	4
nist-pdf-0004	pdf	sqlite	3	72	0	1842	4
nist-pdf-0004	pdf	sqlite	4	72	0	2218	4
nist-pdf-0004	pdf	sqlite	5	72	0	1971	4
nist-pdf-0004	pdf	vole	0	72	0	3475	4
nist-pdf-0004	pdf	vole	1	72	0	3238	4
nist-pdf-0004	pdf	vole	2	72	0	3357	4
nist-pdf-0004	pdf	vole	3	72	0	3270	4
nist-pdf-0004	pdf	vole	4	72	0	3131	4
nist-pdf-0004	pdf	vole	5	72	0	3214	4
nist-pdf-0004	pdf	vole	0	73	0	3239	4
nist-pdf-0004	pdf	vole	1	73	0	3195	4
nist-pdf-0004	pdf	vole	2	73	0	3083	4
nist-pdf-0004	pdf	vole	3	73	0	3116	4
nist-pdf-0004	pdf	vole	4	73	0	3091	4
nist-pdf-0004	pdf	vole	5	73	0	3157	4
nist-pdf-0004	pdf	sqlite	0	73	0	2731	4
nist-pdf-0004	pdf	sqlite	1	73	0	2056	4
nist-pdf-0004	pdf	sqlite	2	73	0	2197	4
nist-pdf-0004	pdf	sqlite	3	73	0	1937	4
nist-pdf-0004	pdf	sqlite	4	73	0	2221	4
nist-pdf-0004	pdf	sqlite	5	73	0	2200	4
nist-pdf-0004	pdf	sqlite	0	74	0	1941	4
nist-pdf-0004	pdf	sqlite	1	74	0	2017	4
nist-pdf-0004	pdf	sqlite	2	74	0	2168	4
nist-pdf-0004	pdf	sqlite	3	74	0	2076	4
nist-pdf-0004	pdf	sqlite	4	74	0	2126	4
nist-pdf-0004	pdf	sqlite	5	74	0	2296	4
nist-pdf-0004	pdf	vole	0	74	0	3307	4
nist-pdf-0004	pdf	vole	1	74	0	3184	4
nist-pdf-0004	pdf	vole	2	74	0	3162	4
nist-pdf-0004	pdf	vole	3	74	0	3067	4
nist-pdf-0004	pdf	vole	4	74	0	3014	4
nist-pdf-0004	pdf	vole	5	74	0	3388	4
nist-pdf-0004	pdf	vole	0	75	0	3277	4
nist-pdf-0004	pdf	vole	1	75	0	3207	4
nist-pdf-0004	pdf	vole	2	75	0	3355	4
nist-pdf-0004	pdf	vole	3	75	0	3285	4
nist-pdf-0004	pdf	vole	4	75	0	3250	4
nist-pdf-0004	pdf	vole	5	75	0	3091	4
nist-pdf-0004	pdf	sqlite	0	75	0	2275	4
nist-pdf-0004	pdf	sqlite	1	75	0	2139	4
nist-pdf-0004	pdf	sqlite	2	75	0	2072	4
nist-pdf-0004	pdf	sqlite	3	75	0	2192	4
nist-pdf-0004	pdf	sqlite	4	75	0	2105	4
nist-pdf-0004	pdf	sqlite	5	75	0	2034	4
nist-pdf-0004	pdf	sqlite	0	76	0	1957	4
nist-pdf-0004	pdf	sqlite	1	76	0	2102	4
nist-pdf-0004	pdf	sqlite	2	76	0	2180	4
nist-pdf-0004	pdf	sqlite	3	76	0	1918	4
nist-pdf-0004	pdf	sqlite	4	76	0	2143	4
nist-pdf-0004	pdf	sqlite	5	76	0	2126	4
nist-pdf-0004	pdf	vole	0	76	0	3276	4
nist-pdf-0004	pdf	vole	1	76	0	3185	4
nist-pdf-0004	pdf	vole	2	76	0	3295	4
nist-pdf-0004	pdf	vole	3	76	0	3201	4
nist-pdf-0004	pdf	vole	4	76	0	3209	4
nist-pdf-0004	pdf	vole	5	76	0	3159	4
nist-pdf-0004	pdf	vole	0	77	0	3127	4
nist-pdf-0004	pdf	vole	1	77	0	3148	4
nist-pdf-0004	pdf	vole	2	77	0	3220	4
nist-pdf-0004	pdf	vole	3	77	0	3148	4
nist-pdf-0004	pdf	vole	4	77	0	3106	4
nist-pdf-0004	pdf	vole	5	77	0	3064	4
nist-pdf-0004	pdf	sqlite	0	77	0	2397	4
nist-pdf-0004	pdf	sqlite	1	77	0	2091	4
nist-pdf-0004	pdf	sqlite	2	77	0	1980	4
nist-pdf-0004	pdf	sqlite	3	77	0	2074	4
nist-pdf-0004	pdf	sqlite	4	77	0	2114	4
nist-pdf-0004	pdf	sqlite	5	77	0	2064	4
nist-pdf-0004	pdf	sqlite	0	78	0	1999	4
nist-pdf-0004	pdf	sqlite	1	78	0	1850	4
nist-pdf-0004	pdf	sqlite	2	78	0	1970	4
nist-pdf-0004	pdf	sqlite	3	78	0	2062	4
nist-pdf-0004	pdf	sqlite	4	78	0	2093	4
nist-pdf-0004	pdf	sqlite	5	78	0	2157	4
nist-pdf-0004	pdf	vole	0	78	0	3433	4
nist-pdf-0004	pdf	vole	1	78	0	3268	4
nist-pdf-0004	pdf	vole	2	78	0	3255	4
nist-pdf-0004	pdf	vole	3	78	0	3502	4
nist-pdf-0004	pdf	vole	4	78	0	3272	4
nist-pdf-0004	pdf	vole	5	78	0	3226	4
nist-pdf-0004	pdf	vole	0	79	0	3196	4
nist-pdf-0004	pdf	vole	1	79	0	3176	4
nist-pdf-0004	pdf	vole	2	79	0	3067	4
nist-pdf-0004	pdf	vole	3	79	0	3168	4
nist-pdf-0004	pdf	vole	4	79	0	3075	4
nist-pdf-0004	pdf	vole	5	79	0	3225	4
nist-pdf-0004	pdf	sqlite	0	79	0	2566	4
nist-pdf-0004	pdf	sqlite	1	79	0	2030	4
nist-pdf-0004	pdf	sqlite	2	79	0	2219	4
nist-pdf-0004	pdf	sqlite	3	79	0	2062	4
nist-pdf-0004	pdf	sqlite	4	79	0	1984	4
nist-pdf-0004	pdf	sqlite	5	79	0	2149	4
nist-pdf-0004	pdf	sqlite	0	80	0	1879	4
nist-pdf-0004	pdf	sqlite	1	80	0	2018	4
nist-pdf-0004	pdf	sqlite	2	80	0	2101	4
nist-pdf-0004	pdf	sqlite	3	80	0	2058	4
nist-pdf-0004	pdf	sqlite	4	80	0	2197	4
nist-pdf-0004	pdf	sqlite	5	80	0	2108	4
nist-pdf-0004	pdf	vole	0	80	0	3497	4
nist-pdf-0004	pdf	vole	1	80	0	3172	4
nist-pdf-0004	pdf	vole	2	80	0	3092	4
nist-pdf-0004	pdf	vole	3	80	0	3193	4
nist-pdf-0004	pdf	vole	4	80	0	3167	4
nist-pdf-0004	pdf	vole	5	80	0	3205	4
nist-pdf-0004	pdf	vole	0	81	0	3184	4
nist-pdf-0004	pdf	vole	1	81	0	3184	4
nist-pdf-0004	pdf	vole	2	81	0	3352	4
nist-pdf-0004	pdf	vole	3	81	0	3397	4
nist-pdf-0004	pdf	vole	4	81	0	3118	4
nist-pdf-0004	pdf	vole	5	81	0	3164	4
nist-pdf-0004	pdf	sqlite	0	81	0	2249	4
nist-pdf-0004	pdf	sqlite	1	81	0	2165	4
nist-pdf-0004	pdf	sqlite	2	81	0	2211	4
nist-pdf-0004	pdf	sqlite	3	81	0	1930	4
nist-pdf-0004	pdf	sqlite	4	81	0	2117	4
nist-pdf-0004	pdf	sqlite	5	81	0	2173	4
nist-pdf-0004	pdf	sqlite	0	82	0	2070	4
nist-pdf-0004	pdf	sqlite	1	82	0	1960	4
nist-pdf-0004	pdf	sqlite	2	82	0	2089	4
nist-pdf-0004	pdf	sqlite	3	82	0	2068	4
nist-pdf-0004	pdf	sqlite	4	82	0	2057	4
nist-pdf-0004	pdf	sqlite	5	82	0	2183	4
nist-pdf-0004	pdf	vole	0	82	0	3292	4
nist-pdf-0004	pdf	vole	1	82	0	3326	4
nist-pdf-0004	pdf	vole	2	82	0	3189	4
nist-pdf-0004	pdf	vole	3	82	0	3305	4
nist-pdf-0004	pdf	vole	4	82	0	3105	4
nist-pdf-0004	pdf	vole	5	82	0	3294	4
nist-pdf-0004	pdf	vole	0	83	0	3175	4
nist-pdf-0004	pdf	vole	1	83	0	3090	4
nist-pdf-0004	pdf	vole	2	83	0	3265	4
nist-pdf-0004	pdf	vole	3	83	0	3202	4
nist-pdf-0004	pdf	vole	4	83	0	3145	4
nist-pdf-0004	pdf	vole	5	83	0	3101	4
nist-pdf-0004	pdf	sqlite	0	83	0	2317	4
nist-pdf-0004	pdf	sqlite	1	83	0	2107	4
nist-pdf-0004	pdf	sqlite	2	83	0	2223	4
nist-pdf-0004	pdf	sqlite	3	83	0	2073	4
nist-pdf-0004	pdf	sqlite	4	83	0	2093	4
nist-pdf-0004	pdf	sqlite	5	83	0	2232	4
nist-pdf-0004	pdf	sqlite	0	84	0	2031	4
nist-pdf-0004	pdf	sqlite	1	84	0	2069	4
nist-pdf-0004	pdf	sqlite	2	84	0	2140	4
nist-pdf-0004	pdf	sqlite	3	84	0	2101	4
nist-pdf-0004	pdf	sqlite	4	84	0	2203	4
nist-pdf-0004	pdf	sqlite	5	84	0	2132	4
nist-pdf-0004	pdf	vole	0	84	0	3705	4
nist-pdf-0004	pdf	vole	1	84	0	3339	4
nist-pdf-0004	pdf	vole	2	84	0	3158	4
nist-pdf-0004	pdf	vole	3	84	0	3154	4
nist-pdf-0004	pdf	vole	4	84	0	3259	4
nist-pdf-0004	pdf	vole	5	84	0	3107	4
nist-pdf-0004	pdf	vole	0	85	0	3093	4
nist-pdf-0004	pdf	vole	1	85	0	3404	4
nist-pdf-0004	pdf	vole	2	85	0	3179	4
nist-pdf-0004	pdf	vole	3	85	0	3403	4
nist-pdf-0004	pdf	vole	4	85	0	3186	4
nist-pdf-0004	pdf	vole	5	85	0	3233	4
nist-pdf-0004	pdf	sqlite	0	85	0	2561	4
nist-pdf-0004	pdf	sqlite	1	85	0	2674	4
nist-pdf-0004	pdf	sqlite	2	85	0	1929	4
nist-pdf-0004	pdf	sqlite	3	85	0	1913	4
nist-pdf-0004	pdf	sqlite	4	85	0	1992	4
nist-pdf-0004	pdf	sqlite	5	85	0	2075	4
nist-pdf-0004	pdf	sqlite	0	86	0	2169	4
nist-pdf-0004	pdf	sqlite	1	86	0	1953	4
nist-pdf-0004	pdf	sqlite	2	86	0	1998	4
nist-pdf-0004	pdf	sqlite	3	86	0	1941	4
nist-pdf-0004	pdf	sqlite	4	86	0	1915	4
nist-pdf-0004	pdf	sqlite	5	86	0	1924	4
nist-pdf-0004	pdf	vole	0	86	0	3268	4
nist-pdf-0004	pdf	vole	1	86	0	3237	4
nist-pdf-0004	pdf	vole	2	86	0	3196	4
nist-pdf-0004	pdf	vole	3	86	0	3283	4
nist-pdf-0004	pdf	vole	4	86	0	3245	4
nist-pdf-0004	pdf	vole	5	86	0	3071	4
nist-pdf-0004	pdf	vole	0	87	0	3145	4
nist-pdf-0004	pdf	vole	1	87	0	3103	4
nist-pdf-0004	pdf	vole	2	87	0	3218	4
nist-pdf-0004	pdf	vole	3	87	0	3110	4
nist-pdf-0004	pdf	vole	4	87	0	3119	4
nist-pdf-0004	pdf	vole	5	87	0	3173	4
nist-pdf-0004	pdf	sqlite	0	87	0	2286	4
nist-pdf-0004	pdf	sqlite	1	87	0	2325	4
nist-pdf-0004	pdf	sqlite	2	87	0	2095	4
nist-pdf-0004	pdf	sqlite	3	87	0	1953	4
nist-pdf-0004	pdf	sqlite	4	87	0	2245	4
nist-pdf-0004	pdf	sqlite	5	87	0	2045	4
nist-pdf-0004	pdf	sqlite	0	88	0	1888	4
nist-pdf-0004	pdf	sqlite	1	88	0	1967	4
nist-pdf-0004	pdf	sqlite	2	88	0	2269	4
nist-pdf-0004	pdf	sqlite	3	88	0	2085	4
nist-pdf-0004	pdf	sqlite	4	88	0	2044	4
nist-pdf-0004	pdf	sqlite	5	88	0	1972	4
nist-pdf-0004	pdf	vole	0	88	0	3449	4
nist-pdf-0004	pdf	vole	1	88	0	3195	4
nist-pdf-0004	pdf	vole	2	88	0	3197	4
nist-pdf-0004	pdf	vole	3	88	0	3188	4
nist-pdf-0004	pdf	vole	4	88	0	3158	4
nist-pdf-0004	pdf	vole	5	88	0	3037	4
nist-pdf-0004	pdf	vole	0	89	0	3055	4
nist-pdf-0004	pdf	vole	1	89	0	3113	4
nist-pdf-0004	pdf	vole	2	89	0	3569	4
nist-pdf-0004	pdf	vole	3	89	0	3414	4
nist-pdf-0004	pdf	vole	4	89	0	3297	4
nist-pdf-0004	pdf	vole	5	89	0	3189	4
nist-pdf-0004	pdf	sqlite	0	89	0	2292	4
nist-pdf-0004	pdf	sqlite	1	89	0	2175	4
nist-pdf-0004	pdf	sqlite	2	89	0	2151	4
nist-pdf-0004	pdf	sqlite	3	89	0	2107	4
nist-pdf-0004	pdf	sqlite	4	89	0	2049	4
nist-pdf-0004	pdf	sqlite	5	89	0	2122	4
nist-pdf-0004	pdf	sqlite	0	90	0	1971	4
nist-pdf-0004	pdf	sqlite	1	90	0	2047	4
nist-pdf-0004	pdf	sqlite	2	90	0	2081	4
nist-pdf-0004	pdf	sqlite	3	90	0	2106	4
nist-pdf-0004	pdf	sqlite	4	90	0	2282	4
nist-pdf-0004	pdf	sqlite	5	90	0	2007	4
nist-pdf-0004	pdf	vole	0	90	0	3257	4
nist-pdf-0004	pdf	vole	1	90	0	3299	4
nist-pdf-0004	pdf	vole	2	90	0	3294	4
nist-pdf-0004	pdf	vole	3	90	0	3068	4
nist-pdf-0004	pdf	vole	4	90	0	3217	4
nist-pdf-0004	pdf	vole	5	90	0	3224	4
nist-pdf-0004	pdf	vole	0	91	0	3256	4
nist-pdf-0004	pdf	vole	1	91	0	3540	4
nist-pdf-0004	pdf	vole	2	91	0	3412	4
nist-pdf-0004	pdf	vole	3	91	0	3172	4
nist-pdf-0004	pdf	vole	4	91	0	3358	4
nist-pdf-0004	pdf	vole	5	91	0	3247	4
nist-pdf-0004	pdf	sqlite	0	91	0	2363	4
nist-pdf-0004	pdf	sqlite	1	91	0	2204	4
nist-pdf-0004	pdf	sqlite	2	91	0	2076	4
nist-pdf-0004	pdf	sqlite	3	91	0	2094	4
nist-pdf-0004	pdf	sqlite	4	91	0	2092	4
nist-pdf-0004	pdf	sqlite	5	91	0	2083	4
nist-pdf-0004	pdf	sqlite	0	92	0	1894	4
nist-pdf-0004	pdf	sqlite	1	92	0	1914	4
nist-pdf-0004	pdf	sqlite	2	92	0	2055	4
nist-pdf-0004	pdf	sqlite	3	92	0	1800	4
nist-pdf-0004	pdf	sqlite	4	92	0	1924	4
nist-pdf-0004	pdf	sqlite	5	92	0	1852	4
nist-pdf-0004	pdf	vole	0	92	0	3282	4
nist-pdf-0004	pdf	vole	1	92	0	3248	4
nist-pdf-0004	pdf	vole	2	92	0	3380	4
nist-pdf-0004	pdf	vole	3	92	0	3241	4
nist-pdf-0004	pdf	vole	4	92	0	3197	4
nist-pdf-0004	pdf	vole	5	92	0	3143	4
nist-pdf-0004	pdf	vole	0	93	0	3285	4
nist-pdf-0004	pdf	vole	1	93	0	3222	4
nist-pdf-0004	pdf	vole	2	93	0	3161	4
nist-pdf-0004	pdf	vole	3	93	0	3150	4
nist-pdf-0004	pdf	vole	4	93	0	3320	4
nist-pdf-0004	pdf	vole	5	93	0	3046	4
nist-pdf-0004	pdf	sqlite	0	93	0	2193	4
nist-pdf-0004	pdf	sqlite	1	93	0	1946	4
nist-pdf-0004	pdf	sqlite	2	93	0	2135	4
nist-pdf-0004	pdf	sqlite	3	93	0	1977	4
nist-pdf-0004	pdf	sqlite	4	93	0	2204	4
nist-pdf-0004	pdf	sqlite	5	93	0	2114	4
nist-pdf-0004	pdf	sqlite	0	94	0	1907	4
nist-pdf-0004	pdf	sqlite	1	94	0	2222	4
nist-pdf-0004	pdf	sqlite	2	94	0	2274	4
nist-pdf-0004	pdf	sqlite	3	94	0	1975	4
nist-pdf-0004	pdf	sqlite	4	94	0	2231	4
nist-pdf-0004	pdf	sqlite	5	94	0	2121	4
nist-pdf-0004	pdf	vole	0	94	0	3454	4
nist-pdf-0004	pdf	vole	1	94	0	3204	4
nist-pdf-0004	pdf	vole	2	94	0	3335	4
nist-pdf-0004	pdf	vole	3	94	0	3125	4
nist-pdf-0004	pdf	vole	4	94	0	3119	4
nist-pdf-0004	pdf	vole	5	94	0	3083	4
nist-pdf-0004	pdf	vole	0	95	0	3072	4
nist-pdf-0004	pdf	vole	1	95	0	3092	4
nist-pdf-0004	pdf	vole	2	95	0	3203	4
nist-pdf-0004	pdf	vole	3	95	0	3096	4
nist-pdf-0004	pdf	vole	4	95	0	3168	4
nist-pdf-0004	pdf	vole	5	95	0	3184	4
nist-pdf-0004	pdf	sqlite	0	95	0	2346	4
nist-pdf-0004	pdf	sqlite	1	95	0	2195	4
nist-pdf-0004	pdf	sqlite	2	95	0	2131	4
nist-pdf-0004	pdf	sqlite	3	95	0	2052	4
nist-pdf-0004	pdf	sqlite	4	95	0	2396	4
nist-pdf-0004	pdf	sqlite	5	95	0	2055	4
nist-pdf-0004	pdf	sqlite	0	96	0	2124	4
nist-pdf-0004	pdf	sqlite	1	96	0	2293	4
nist-pdf-0004	pdf	sqlite	2	96	0	2052	4
nist-pdf-0004	pdf	sqlite	3	96	0	1966	4
nist-pdf-0004	pdf	sqlite	4	96	0	2072	4
nist-pdf-0004	pdf	sqlite	5	96	0	2122	4
nist-pdf-0004	pdf	vole	0	96	0	3379	4
nist-pdf-0004	pdf	vole	1	96	0	3139	4
nist-pdf-0004	pdf	vole	2	96	0	3070	4
nist-pdf-0004	pdf	vole	3	96	0	3267	4
nist-pdf-0004	pdf	vole	4	96	0	3445	4
nist-pdf-0004	pdf	vole	5	96	0	3297	4
nist-pdf-0004	pdf	vole	0	97	0	3072	4
nist-pdf-0004	pdf	vole	1	97	0	3243	4
nist-pdf-0004	pdf	vole	2	97	0	3279	4
nist-pdf-0004	pdf	vole	3	97	0	3160	4
nist-pdf-0004	pdf	vole	4	97	0	3161	4
nist-pdf-0004	pdf	vole	5	97	0	3221	4
nist-pdf-0004	pdf	sqlite	0	97	0	2298	4
nist-pdf-0004	pdf	sqlite	1	97	0	2242	4
nist-pdf-0004	pdf	sqlite	2	97	0	2181	4
nist-pdf-0004	pdf	sqlite	3	97	0	2012	4
nist-pdf-0004	pdf	sqlite	4	97	0	2138	4
nist-pdf-0004	pdf	sqlite	5	97	0	2001	4
nist-pdf-0004	pdf	sqlite	0	98	0	2058	4
nist-pdf-0004	pdf	sqlite	1	98	0	1955	4
nist-pdf-0004	pdf	sqlite	2	98	0	2032	4
nist-pdf-0004	pdf	sqlite	3	98	0	2121	4
nist-pdf-0004	pdf	sqlite	4	98	0	2049	4
nist-pdf-0004	pdf	sqlite	5	98	0	2275	4
nist-pdf-0004	pdf	vole	0	98	0	3313	4
nist-pdf-0004	pdf	vole	1	98	0	3067	4
nist-pdf-0004	pdf	vole	2	98	0	3263	4
nist-pdf-0004	pdf	vole	3	98	0	3259	4
nist-pdf-0004	pdf	vole	4	98	0	3241	4
nist-pdf-0004	pdf	vole	5	98	0	3144	4
nist-pdf-0004	pdf	vole	0	99	0	3104	4
nist-pdf-0004	pdf	vole	1	99	0	3155	4
nist-pdf-0004	pdf	vole	2	99	0	3093	4
nist-pdf-0004	pdf	vole	3	99	0	3032	4
nist-pdf-0004	pdf	vole	4	99	0	3694	4
nist-pdf-0004	pdf	vole	5	99	0	3156	4
nist-pdf-0004	pdf	sqlite	0	99	0	2589	4
nist-pdf-0004	pdf	sqlite	1	99	0	2287	4
nist-pdf-0004	pdf	sqlite	2	99	0	2240	4
nist-pdf-0004	pdf	sqlite	3	99	0	1978	4
nist-pdf-0004	pdf	sqlite	4	99	0	2008	4
nist-pdf-0004	pdf	sqlite	5	99	0	2290	4
nist-pdf-0004	pdf	sqlite	0	100	0	2388	4
nist-pdf-0004	pdf	sqlite	1	100	0	2052	4
nist-pdf-0004	pdf	sqlite	2	100	0	2085	4
nist-pdf-0004	pdf	sqlite	3	100	0	2109	4
nist-pdf-0004	pdf	sqlite	4	100	0	2048	4
nist-pdf-0004	pdf	sqlite	5	100	0	2139	4
nist-pdf-0004	pdf	vole	0	100	0	3311	4
nist-pdf-0004	pdf	vole	1	100	0	3070	4
nist-pdf-0004	pdf	vole	2	100	0	3231	4
nist-pdf-0004	pdf	vole	3	100	0	3170	4
nist-pdf-0004	pdf	vole	4	100	0	3224	4
nist-pdf-0004	pdf	vole	5	100	0	3633	4
nist-pdf-0016	pdf	vole	0	1	0	1709	4
nist-pdf-0016	pdf	vole	1	1	0	1677	4
nist-pdf-0016	pdf	vole	2	1	0	1562	4
nist-pdf-0016	pdf	vole	3	1	0	1601	4
nist-pdf-0016	pdf	vole	4	1	0	1573	4
nist-pdf-0016	pdf	vole	5	1	0	1503	4
nist-pdf-0016	pdf	sqlite	0	1	0	1559	4
nist-pdf-0016	pdf	sqlite	1	1	0	1573	4
nist-pdf-0016	pdf	sqlite	2	1	0	1527	4
nist-pdf-0016	pdf	sqlite	3	1	0	1581	4
nist-pdf-0016	pdf	sqlite	4	1	0	1505	4
nist-pdf-0016	pdf	sqlite	5	1	0	2119	4
nist-pdf-0016	pdf	sqlite	0	2	0	1444	4
nist-pdf-0016	pdf	sqlite	1	2	0	1571	4
nist-pdf-0016	pdf	sqlite	2	2	0	1523	4
nist-pdf-0016	pdf	sqlite	3	2	0	1525	4
nist-pdf-0016	pdf	sqlite	4	2	0	1546	4
nist-pdf-0016	pdf	sqlite	5	2	0	1592	4
nist-pdf-0016	pdf	vole	0	2	0	1744	4
nist-pdf-0016	pdf	vole	1	2	0	1638	4
nist-pdf-0016	pdf	vole	2	2	0	1598	4
nist-pdf-0016	pdf	vole	3	2	0	1553	4
nist-pdf-0016	pdf	vole	4	2	0	1831	4
nist-pdf-0016	pdf	vole	5	2	0	1528	4
nist-pdf-0016	pdf	vole	0	3	0	1553	4
nist-pdf-0016	pdf	vole	1	3	0	1487	4
nist-pdf-0016	pdf	vole	2	3	0	1585	4
nist-pdf-0016	pdf	vole	3	3	0	1515	4
nist-pdf-0016	pdf	vole	4	3	0	1691	4
nist-pdf-0016	pdf	vole	5	3	0	1563	4
nist-pdf-0016	pdf	sqlite	0	3	0	1802	4
nist-pdf-0016	pdf	sqlite	1	3	0	1507	4
nist-pdf-0016	pdf	sqlite	2	3	0	1572	4
nist-pdf-0016	pdf	sqlite	3	3	0	1576	4
nist-pdf-0016	pdf	sqlite	4	3	0	1561	4
nist-pdf-0016	pdf	sqlite	5	3	0	1505	4
nist-pdf-0016	pdf	sqlite	0	4	0	1382	4
nist-pdf-0016	pdf	sqlite	1	4	0	1421	4
nist-pdf-0016	pdf	sqlite	2	4	0	1423	4
nist-pdf-0016	pdf	sqlite	3	4	0	1577	4
nist-pdf-0016	pdf	sqlite	4	4	0	1479	4
nist-pdf-0016	pdf	sqlite	5	4	0	1476	4
nist-pdf-0016	pdf	vole	0	4	0	1656	4
nist-pdf-0016	pdf	vole	1	4	0	1624	4
nist-pdf-0016	pdf	vole	2	4	0	1563	4
nist-pdf-0016	pdf	vole	3	4	0	1538	4
nist-pdf-0016	pdf	vole	4	4	0	1535	4
nist-pdf-0016	pdf	vole	5	4	0	1548	4
nist-pdf-0016	pdf	vole	0	5	0	1471	4
nist-pdf-0016	pdf	vole	1	5	0	1606	4
nist-pdf-0016	pdf	vole	2	5	0	1652	4
nist-pdf-0016	pdf	vole	3	5	0	1540	4
nist-pdf-0016	pdf	vole	4	5	0	1629	4
nist-pdf-0016	pdf	vole	5	5	0	1520	4
nist-pdf-0016	pdf	sqlite	0	5	0	1785	4
nist-pdf-0016	pdf	sqlite	1	5	0	1681	4
nist-pdf-0016	pdf	sqlite	2	5	0	1614	4
nist-pdf-0016	pdf	sqlite	3	5	0	1568	4
nist-pdf-0016	pdf	sqlite	4	5	0	1593	4
nist-pdf-0016	pdf	sqlite	5	5	0	1616	4
nist-pdf-0016	pdf	sqlite	0	6	0	1515	4
nist-pdf-0016	pdf	sqlite	1	6	0	1513	4
nist-pdf-0016	pdf	sqlite	2	6	0	1567	4
nist-pdf-0016	pdf	sqlite	3	6	0	1611	4
nist-pdf-0016	pdf	sqlite	4	6	0	1576	4
nist-pdf-0016	pdf	sqlite	5	6	0	1539	4
nist-pdf-0016	pdf	vole	0	6	0	1741	4
nist-pdf-0016	pdf	vole	1	6	0	1567	4
nist-pdf-0016	pdf	vole	2	6	0	1564	4
nist-pdf-0016	pdf	vole	3	6	0	1536	4
nist-pdf-0016	pdf	vole	4	6	0	1518	4
nist-pdf-0016	pdf	vole	5	6	0	1599	4
nist-pdf-0016	pdf	vole	0	7	0	1491	4
nist-pdf-0016	pdf	vole	1	7	0	1597	4
nist-pdf-0016	pdf	vole	2	7	0	1592	4
nist-pdf-0016	pdf	vole	3	7	0	1660	4
nist-pdf-0016	pdf	vole	4	7	0	1618	4
nist-pdf-0016	pdf	vole	5	7	0	1557	4
nist-pdf-0016	pdf	sqlite	0	7	0	1698	4
nist-pdf-0016	pdf	sqlite	1	7	0	1511	4
nist-pdf-0016	pdf	sqlite	2	7	0	1498	4
nist-pdf-0016	pdf	sqlite	3	7	0	1601	4
nist-pdf-0016	pdf	sqlite	4	7	0	1568	4
nist-pdf-0016	pdf	sqlite	5	7	0	1563	4
nist-pdf-0016	pdf	sqlite	0	8	0	1454	4
nist-pdf-0016	pdf	sqlite	1	8	0	1405	4
nist-pdf-0016	pdf	sqlite	2	8	0	1465	4
nist-pdf-0016	pdf	sqlite	3	8	0	1552	4
nist-pdf-0016	pdf	sqlite	4	8	0	1525	4
nist-pdf-0016	pdf	sqlite	5	8	0	1591	4
nist-pdf-0016	pdf	vole	0	8	0	1652	4
nist-pdf-0016	pdf	vole	1	8	0	1579	4
nist-pdf-0016	pdf	vole	2	8	0	1567	4
nist-pdf-0016	pdf	vole	3	8	0	1610	4
nist-pdf-0016	pdf	vole	4	8	0	1526	4
nist-pdf-0016	pdf	vole	5	8	0	1559	4
nist-pdf-0016	pdf	vole	0	9	0	1548	4
nist-pdf-0016	pdf	vole	1	9	0	1557	4
nist-pdf-0016	pdf	vole	2	9	0	1487	4
nist-pdf-0016	pdf	vole	3	9	0	1492	4
nist-pdf-0016	pdf	vole	4	9	0	1467	4
nist-pdf-0016	pdf	vole	5	9	0	1494	4
nist-pdf-0016	pdf	sqlite	0	9	0	1694	4
nist-pdf-0016	pdf	sqlite	1	9	0	1609	4
nist-pdf-0016	pdf	sqlite	2	9	0	1564	4
nist-pdf-0016	pdf	sqlite	3	9	0	1470	4
nist-pdf-0016	pdf	sqlite	4	9	0	1555	4
nist-pdf-0016	pdf	sqlite	5	9	0	1512	4
nist-pdf-0016	pdf	sqlite	0	10	0	1533	4
nist-pdf-0016	pdf	sqlite	1	10	0	2269	4
nist-pdf-0016	pdf	sqlite	2	10	0	1741	4
nist-pdf-0016	pdf	sqlite	3	10	0	1415	4
nist-pdf-0016	pdf	sqlite	4	10	0	1516	4
nist-pdf-0016	pdf	sqlite	5	10	0	1545	4
nist-pdf-0016	pdf	vole	0	10	0	1693	4
nist-pdf-0016	pdf	vole	1	10	0	1556	4
nist-pdf-0016	pdf	vole	2	10	0	1496	4
nist-pdf-0016	pdf	vole	3	10	0	1471	4
nist-pdf-0016	pdf	vole	4	10	0	1650	4
nist-pdf-0016	pdf	vole	5	10	0	1613	4
nist-pdf-0016	pdf	vole	0	11	0	1546	4
nist-pdf-0016	pdf	vole	1	11	0	1528	4
nist-pdf-0016	pdf	vole	2	11	0	1660	4
nist-pdf-0016	pdf	vole	3	11	0	1576	4
nist-pdf-0016	pdf	vole	4	11	0	1554	4
nist-pdf-0016	pdf	vole	5	11	0	1504	4
nist-pdf-0016	pdf	sqlite	0	11	0	1651	4
nist-pdf-0016	pdf	sqlite	1	11	0	1511	4
nist-pdf-0016	pdf	sqlite	2	11	0	1539	4
nist-pdf-0016	pdf	sqlite	3	11	0	1477	4
nist-pdf-0016	pdf	sqlite	4	11	0	1530	4
nist-pdf-0016	pdf	sqlite	5	11	0	1509	4
nist-pdf-0016	pdf	sqlite	0	12	0	1450	4
nist-pdf-0016	pdf	sqlite	1	12	0	1492	4
nist-pdf-0016	pdf	sqlite	2	12	0	1620	4
nist-pdf-0016	pdf	sqlite	3	12	0	1560	4
nist-pdf-0016	pdf	sqlite	4	12	0	1585	4
nist-pdf-0016	pdf	sqlite	5	12	0	1497	4
nist-pdf-0016	pdf	vole	0	12	0	1696	4
nist-pdf-0016	pdf	vole	1	12	0	1584	4
nist-pdf-0016	pdf	vole	2	12	0	1599	4
nist-pdf-0016	pdf	vole	3	12	0	1728	4
nist-pdf-0016	pdf	vole	4	12	0	1579	4
nist-pdf-0016	pdf	vole	5	12	0	1580	4
nist-pdf-0016	pdf	vole	0	13	0	1695	4
nist-pdf-0016	pdf	vole	1	13	0	1661	4
nist-pdf-0016	pdf	vole	2	13	0	1558	4
nist-pdf-0016	pdf	vole	3	13	0	1542	4
nist-pdf-0016	pdf	vole	4	13	0	1513	4
nist-pdf-0016	pdf	vole	5	13	0	1516	4
nist-pdf-0016	pdf	sqlite	0	13	0	1691	4
nist-pdf-0016	pdf	sqlite	1	13	0	1638	4
nist-pdf-0016	pdf	sqlite	2	13	0	1568	4
nist-pdf-0016	pdf	sqlite	3	13	0	1501	4
nist-pdf-0016	pdf	sqlite	4	13	0	1558	4
nist-pdf-0016	pdf	sqlite	5	13	0	1686	4
nist-pdf-0016	pdf	sqlite	0	14	0	1409	4
nist-pdf-0016	pdf	sqlite	1	14	0	1424	4
nist-pdf-0016	pdf	sqlite	2	14	0	1470	4
nist-pdf-0016	pdf	sqlite	3	14	0	1430	4
nist-pdf-0016	pdf	sqlite	4	14	0	1549	4
nist-pdf-0016	pdf	sqlite	5	14	0	1506	4
nist-pdf-0016	pdf	vole	0	14	0	1731	4
nist-pdf-0016	pdf	vole	1	14	0	1701	4
nist-pdf-0016	pdf	vole	2	14	0	1487	4
nist-pdf-0016	pdf	vole	3	14	0	1553	4
nist-pdf-0016	pdf	vole	4	14	0	1579	4
nist-pdf-0016	pdf	vole	5	14	0	1493	4
nist-pdf-0016	pdf	vole	0	15	0	1575	4
nist-pdf-0016	pdf	vole	1	15	0	1628	4
nist-pdf-0016	pdf	vole	2	15	0	1594	4
nist-pdf-0016	pdf	vole	3	15	0	1573	4
nist-pdf-0016	pdf	vole	4	15	0	1619	4
nist-pdf-0016	pdf	vole	5	15	0	1507	4
nist-pdf-0016	pdf	sqlite	0	15	0	1664	4
nist-pdf-0016	pdf	sqlite	1	15	0	1488	4
nist-pdf-0016	pdf	sqlite	2	15	0	1612	4
nist-pdf-0016	pdf	sqlite	3	15	0	1508	4
nist-pdf-0016	pdf	sqlite	4	15	0	1583	4
nist-pdf-0016	pdf	sqlite	5	15	0	1645	4
nist-pdf-0016	pdf	sqlite	0	16	0	1471	4
nist-pdf-0016	pdf	sqlite	1	16	0	1498	4
nist-pdf-0016	pdf	sqlite	2	16	0	1554	4
nist-pdf-0016	pdf	sqlite	3	16	0	1415	4
nist-pdf-0016	pdf	sqlite	4	16	0	1498	4
nist-pdf-0016	pdf	sqlite	5	16	0	1473	4
nist-pdf-0016	pdf	vole	0	16	0	1679	4
nist-pdf-0016	pdf	vole	1	16	0	1576	4
nist-pdf-0016	pdf	vole	2	16	0	1726	4
nist-pdf-0016	pdf	vole	3	16	0	1546	4
nist-pdf-0016	pdf	vole	4	16	0	1476	4
nist-pdf-0016	pdf	vole	5	16	0	1979	4
nist-pdf-0016	pdf	vole	0	17	0	1523	4
nist-pdf-0016	pdf	vole	1	17	0	1568	4
nist-pdf-0016	pdf	vole	2	17	0	1561	4
nist-pdf-0016	pdf	vole	3	17	0	1505	4
nist-pdf-0016	pdf	vole	4	17	0	1468	4
nist-pdf-0016	pdf	vole	5	17	0	1525	4
nist-pdf-0016	pdf	sqlite	0	17	0	1589	4
nist-pdf-0016	pdf	sqlite	1	17	0	1461	4
nist-pdf-0016	pdf	sqlite	2	17	0	1507	4
nist-pdf-0016	pdf	sqlite	3	17	0	1495	4
nist-pdf-0016	pdf	sqlite	4	17	0	1476	4
nist-pdf-0016	pdf	sqlite	5	17	0	1594	4
nist-pdf-0016	pdf	sqlite	0	18	0	1513	4
nist-pdf-0016	pdf	sqlite	1	18	0	1491	4
nist-pdf-0016	pdf	sqlite	2	18	0	1554	4
nist-pdf-0016	pdf	sqlite	3	18	0	1642	4
nist-pdf-0016	pdf	sqlite	4	18	0	1627	4
nist-pdf-0016	pdf	sqlite	5	18	0	1591	4
nist-pdf-0016	pdf	vole	0	18	0	1711	4
nist-pdf-0016	pdf	vole	1	18	0	1602	4
nist-pdf-0016	pdf	vole	2	18	0	1495	4
nist-pdf-0016	pdf	vole	3	18	0	1615	4
nist-pdf-0016	pdf	vole	4	18	0	1608	4
nist-pdf-0016	pdf	vole	5	18	0	1525	4
nist-pdf-0016	pdf	vole	0	19	0	2131	4
nist-pdf-0016	pdf	vole	1	19	0	1586	4
nist-pdf-0016	pdf	vole	2	19	0	1646	4
nist-pdf-0016	pdf	vole	3	19	0	1572	4
nist-pdf-0016	pdf	vole	4	19	0	1577	4
nist-pdf-0016	pdf	vole	5	19	0	1556	4
nist-pdf-0016	pdf	sqlite	0	19	0	1770	4
nist-pdf-0016	pdf	sqlite	1	19	0	1641	4
nist-pdf-0016	pdf	sqlite	2	19	0	1544	4
nist-pdf-0016	pdf	sqlite	3	19	0	1523	4
nist-pdf-0016	pdf	sqlite	4	19	0	1574	4
nist-pdf-0016	pdf	sqlite	5	19	0	1660	4
nist-pdf-0016	pdf	sqlite	0	20	0	1479	4
nist-pdf-0016	pdf	sqlite	1	20	0	1509	4
nist-pdf-0016	pdf	sqlite	2	20	0	1600	4
nist-pdf-0016	pdf	sqlite	3	20	0	1500	4
nist-pdf-0016	pdf	sqlite	4	20	0	1541	4
nist-pdf-0016	pdf	sqlite	5	20	0	1689	4
nist-pdf-0016	pdf	vole	0	20	0	1740	4
nist-pdf-0016	pdf	vole	1	20	0	1685	4
nist-pdf-0016	pdf	vole	2	20	0	1587	4
nist-pdf-0016	pdf	vole	3	20	0	1554	4
nist-pdf-0016	pdf	vole	4	20	0	1523	4
nist-pdf-0016	pdf	vole	5	20	0	1539	4
nist-pdf-0016	pdf	vole	0	21	0	1449	4
nist-pdf-0016	pdf	vole	1	21	0	1533	4
nist-pdf-0016	pdf	vole	2	21	0	1538	4
nist-pdf-0016	pdf	vole	3	21	0	1556	4
nist-pdf-0016	pdf	vole	4	21	0	1621	4
nist-pdf-0016	pdf	vole	5	21	0	1483	4
nist-pdf-0016	pdf	sqlite	0	21	0	1557	4
nist-pdf-0016	pdf	sqlite	1	21	0	1487	4
nist-pdf-0016	pdf	sqlite	2	21	0	1471	4
nist-pdf-0016	pdf	sqlite	3	21	0	1447	4
nist-pdf-0016	pdf	sqlite	4	21	0	1626	4
nist-pdf-0016	pdf	sqlite	5	21	0	1441	4
nist-pdf-0016	pdf	sqlite	0	22	0	1438	4
nist-pdf-0016	pdf	sqlite	1	22	0	1407	4
nist-pdf-0016	pdf	sqlite	2	22	0	1468	4
nist-pdf-0016	pdf	sqlite	3	22	0	1510	4
nist-pdf-0016	pdf	sqlite	4	22	0	1549	4
nist-pdf-0016	pdf	sqlite	5	22	0	1499	4
nist-pdf-0016	pdf	vole	0	22	0	1673	4
nist-pdf-0016	pdf	vole	1	22	0	1615	4
nist-pdf-0016	pdf	vole	2	22	0	1617	4
nist-pdf-0016	pdf	vole	3	22	0	1502	4
nist-pdf-0016	pdf	vole	4	22	0	1512	4
nist-pdf-0016	pdf	vole	5	22	0	1565	4
nist-pdf-0016	pdf	vole	0	23	0	1589	4
nist-pdf-0016	pdf	vole	1	23	0	1477	4
nist-pdf-0016	pdf	vole	2	23	0	1463	4
nist-pdf-0016	pdf	vole	3	23	0	1568	4
nist-pdf-0016	pdf	vole	4	23	0	1527	4
nist-pdf-0016	pdf	vole	5	23	0	1515	4
nist-pdf-0016	pdf	sqlite	0	23	0	1645	4
nist-pdf-0016	pdf	sqlite	1	23	0	1848	4
nist-pdf-0016	pdf	sqlite	2	23	0	1501	4
nist-pdf-0016	pdf	sqlite	3	23	0	1519	4
nist-pdf-0016	pdf	sqlite	4	23	0	1586	4
nist-pdf-0016	pdf	sqlite	5	23	0	1531	4
nist-pdf-0016	pdf	sqlite	0	24	0	1550	4
nist-pdf-0016	pdf	sqlite	1	24	0	1582	4
nist-pdf-0016	pdf	sqlite	2	24	0	1547	4
nist-pdf-0016	pdf	sqlite	3	24	0	1458	4
nist-pdf-0016	pdf	sqlite	4	24	0	1516	4
nist-pdf-0016	pdf	sqlite	5	24	0	1571	4
nist-pdf-0016	pdf	vole	0	24	0	1823	4
nist-pdf-0016	pdf	vole	1	24	0	1651	4
nist-pdf-0016	pdf	vole	2	24	0	1587	4
nist-pdf-0016	pdf	vole	3	24	0	1519	4
nist-pdf-0016	pdf	vole	4	24	0	1860	4
nist-pdf-0016	pdf	vole	5	24	0	1535	4
nist-pdf-0016	pdf	vole	0	25	0	1537	4
nist-pdf-0016	pdf	vole	1	25	0	1477	4
nist-pdf-0016	pdf	vole	2	25	0	1533	4
nist-pdf-0016	pdf	vole	3	25	0	1645	4
nist-pdf-0016	pdf	vole	4	25	0	1590	4
nist-pdf-0016	pdf	vole	5	25	0	1645	4
nist-pdf-0016	pdf	sqlite	0	25	0	1762	4
nist-pdf-0016	pdf	sqlite	1	25	0	1537	4
nist-pdf-0016	pdf	sqlite	2	25	0	1576	4
nist-pdf-0016	pdf	sqlite	3	25	0	1541	4
nist-pdf-0016	pdf	sqlite	4	25	0	1492	4
nist-pdf-0016	pdf	sqlite	5	25	0	1526	4
nist-pdf-0016	pdf	sqlite	0	26	0	1513	4
nist-pdf-0016	pdf	sqlite	1	26	0	1420	4
nist-pdf-0016	pdf	sqlite	2	26	0	1436	4
nist-pdf-0016	pdf	sqlite	3	26	0	1516	4
nist-pdf-0016	pdf	sqlite	4	26	0	1485	4
nist-pdf-0016	pdf	sqlite	5	26	0	1602	4
nist-pdf-0016	pdf	vole	0	26	0	1672	4
nist-pdf-0016	pdf	vole	1	26	0	1577	4
nist-pdf-0016	pdf	vole	2	26	0	1526	4
nist-pdf-0016	pdf	vole	3	26	0	1513	4
nist-pdf-0016	pdf	vole	4	26	0	1623	4
nist-pdf-0016	pdf	vole	5	26	0	1525	4
nist-pdf-0016	pdf	vole	0	27	0	1425	4
nist-pdf-0016	pdf	vole	1	27	0	1528	4
nist-pdf-0016	pdf	vole	2	27	0	1530	4
nist-pdf-0016	pdf	vole	3	27	0	1761	4
nist-pdf-0016	pdf	vole	4	27	0	1512	4
nist-pdf-0016	pdf	vole	5	27	0	1502	4
nist-pdf-0016	pdf	sqlite	0	27	0	1537	4
nist-pdf-0016	pdf	sqlite	1	27	0	1565	4
nist-pdf-0016	pdf	sqlite	2	27	0	1530	4
nist-pdf-0016	pdf	sqlite	3	27	0	1659	4
nist-pdf-0016	pdf	sqlite	4	27	0	2553	4
nist-pdf-0016	pdf	sqlite	5	27	0	1809	4
nist-pdf-0016	pdf	sqlite	0	28	0	1558	4
nist-pdf-0016	pdf	sqlite	1	28	0	1599	4
nist-pdf-0016	pdf	sqlite	2	28	0	1523	4
nist-pdf-0016	pdf	sqlite	3	28	0	1446	4
nist-pdf-0016	pdf	sqlite	4	28	0	1555	4
nist-pdf-0016	pdf	sqlite	5	28	0	1484	4
nist-pdf-0016	pdf	vole	0	28	0	1685	4
nist-pdf-0016	pdf	vole	1	28	0	1514	4
nist-pdf-0016	pdf	vole	2	28	0	1505	4
nist-pdf-0016	pdf	vole	3	28	0	1564	4
nist-pdf-0016	pdf	vole	4	28	0	1546	4
nist-pdf-0016	pdf	vole	5	28	0	1526	4
nist-pdf-0016	pdf	vole	0	29	0	1458	4
nist-pdf-0016	pdf	vole	1	29	0	1579	4
nist-pdf-0016	pdf	vole	2	29	0	1629	4
nist-pdf-0016	pdf	vole	3	29	0	1532	4
nist-pdf-0016	pdf	vole	4	29	0	2073	4
nist-pdf-0016	pdf	vole	5	29	0	1531	4
nist-pdf-0016	pdf	sqlite	0	29	0	1644	4
nist-pdf-0016	pdf	sqlite	1	29	0	1516	4
nist-pdf-0016	pdf	sqlite	2	29	0	1563	4
nist-pdf-0016	pdf	sqlite	3	29	0	1503	4
nist-pdf-0016	pdf	sqlite	4	29	0	1501	4
nist-pdf-0016	pdf	sqlite	5	29	0	1898	4
nist-pdf-0016	pdf	sqlite	0	30	0	1478	4
nist-pdf-0016	pdf	sqlite	1	30	0	1395	4
nist-pdf-0016	pdf	sqlite	2	30	0	1597	4
nist-pdf-0016	pdf	sqlite	3	30	0	1493	4
nist-pdf-0016	pdf	sqlite	4	30	0	1649	4
nist-pdf-0016	pdf	sqlite	5	30	0	1473	4
nist-pdf-0016	pdf	vole	0	30	0	1708	4
nist-pdf-0016	pdf	vole	1	30	0	1576	4
nist-pdf-0016	pdf	vole	2	30	0	1635	4
nist-pdf-0016	pdf	vole	3	30	0	1591	4
nist-pdf-0016	pdf	vole	4	30	0	1471	4
nist-pdf-0016	pdf	vole	5	30	0	1463	4
nist-pdf-0016	pdf	vole	0	31	0	1444	4
nist-pdf-0016	pdf	vole	1	31	0	1862	4
nist-pdf-0016	pdf	vole	2	31	0	1525	4
nist-pdf-0016	pdf	vole	3	31	0	1430	4
nist-pdf-0016	pdf	vole	4	31	0	1560	4
nist-pdf-0016	pdf	vole	5	31	0	1465	4
nist-pdf-0016	pdf	sqlite	0	31	0	1612	4
nist-pdf-0016	pdf	sqlite	1	31	0	1434	4
nist-pdf-0016	pdf	sqlite	2	31	0	1502	4
nist-pdf-0016	pdf	sqlite	3	31	0	1445	4
nist-pdf-0016	pdf	sqlite	4	31	0	1439	4
nist-pdf-0016	pdf	sqlite	5	31	0	1511	4
nist-pdf-0016	pdf	sqlite	0	32	0	1478	4
nist-pdf-0016	pdf	sqlite	1	32	0	1430	4
nist-pdf-0016	pdf	sqlite	2	32	0	1864	4
nist-pdf-0016	pdf	sqlite	3	32	0	1436	4
nist-pdf-0016	pdf	sqlite	4	32	0	1479	4
nist-pdf-0016	pdf	sqlite	5	32	0	1594	4
nist-pdf-0016	pdf	vole	0	32	0	1644	4
nist-pdf-0016	pdf	vole	1	32	0	1564	4
nist-pdf-0016	pdf	vole	2	32	0	1636	4
nist-pdf-0016	pdf	vole	3	32	0	1527	4
nist-pdf-0016	pdf	vole	4	32	0	1479	4
nist-pdf-0016	pdf	vole	5	32	0	1522	4
nist-pdf-0016	pdf	vole	0	33	0	1558	4
nist-pdf-0016	pdf	vole	1	33	0	1501	4
nist-pdf-0016	pdf	vole	2	33	0	1592	4
nist-pdf-0016	pdf	vole	3	33	0	1572	4
nist-pdf-0016	pdf	vole	4	33	0	1540	4
nist-pdf-0016	pdf	vole	5	33	0	1503	4
nist-pdf-0016	pdf	sqlite	0	33	0	1644	4
nist-pdf-0016	pdf	sqlite	1	33	0	1667	4
nist-pdf-0016	pdf	sqlite	2	33	0	1680	4
nist-pdf-0016	pdf	sqlite	3	33	0	1617	4
nist-pdf-0016	pdf	sqlite	4	33	0	1538	4
nist-pdf-0016	pdf	sqlite	5	33	0	1525	4
nist-pdf-0016	pdf	sqlite	0	34	0	1509	4
nist-pdf-0016	pdf	sqlite	1	34	0	1491	4
nist-pdf-0016	pdf	sqlite	2	34	0	1545	4
nist-pdf-0016	pdf	sqlite	3	34	0	1448	4
nist-pdf-0016	pdf	sqlite	4	34	0	1529	4
nist-pdf-0016	pdf	sqlite	5	34	0	1483	4
nist-pdf-0016	pdf	vole	0	34	0	1628	4
nist-pdf-0016	pdf	vole	1	34	0	1631	4
nist-pdf-0016	pdf	vole	2	34	0	1589	4
nist-pdf-0016	pdf	vole	3	34	0	1521	4
nist-pdf-0016	pdf	vole	4	34	0	1461	4
nist-pdf-0016	pdf	vole	5	34	0	1597	4
nist-pdf-0016	pdf	vole	0	35	0	1558	4
nist-pdf-0016	pdf	vole	1	35	0	1586	4
nist-pdf-0016	pdf	vole	2	35	0	1504	4
nist-pdf-0016	pdf	vole	3	35	0	1501	4
nist-pdf-0016	pdf	vole	4	35	0	1508	4
nist-pdf-0016	pdf	vole	5	35	0	1484	4
nist-pdf-0016	pdf	sqlite	0	35	0	1797	4
nist-pdf-0016	pdf	sqlite	1	35	0	1571	4
nist-pdf-0016	pdf	sqlite	2	35	0	1648	4
nist-pdf-0016	pdf	sqlite	3	35	0	1444	4
nist-pdf-0016	pdf	sqlite	4	35	0	1590	4
nist-pdf-0016	pdf	sqlite	5	35	0	1594	4
nist-pdf-0016	pdf	sqlite	0	36	0	1472	4
nist-pdf-0016	pdf	sqlite	1	36	0	1553	4
nist-pdf-0016	pdf	sqlite	2	36	0	1564	4
nist-pdf-0016	pdf	sqlite	3	36	0	1511	4
nist-pdf-0016	pdf	sqlite	4	36	0	1595	4
nist-pdf-0016	pdf	sqlite	5	36	0	1480	4
nist-pdf-0016	pdf	vole	0	36	0	1653	4
nist-pdf-0016	pdf	vole	1	36	0	1503	4
nist-pdf-0016	pdf	vole	2	36	0	1893	4
nist-pdf-0016	pdf	vole	3	36	0	1482	4
nist-pdf-0016	pdf	vole	4	36	0	1602	4
nist-pdf-0016	pdf	vole	5	36	0	1573	4
nist-pdf-0016	pdf	vole	0	37	0	1504	4
nist-pdf-0016	pdf	vole	1	37	0	1576	4
nist-pdf-0016	pdf	vole	2	37	0	1570	4
nist-pdf-0016	pdf	vole	3	37	0	1485	4
nist-pdf-0016	pdf	vole	4	37	0	1568	4
nist-pdf-0016	pdf	vole	5	37	0	1567	4
nist-pdf-0016	pdf	sqlite	0	37	0	1704	4
nist-pdf-0016	pdf	sqlite	1	37	0	1474	4
nist-pdf-0016	pdf	sqlite	2	37	0	1599	4
nist-pdf-0016	pdf	sqlite	3	37	0	1509	4
nist-pdf-0016	pdf	sqlite	4	37	0	1502	4
nist-pdf-0016	pdf	sqlite	5	37	0	1533	4
nist-pdf-0016	pdf	sqlite	0	38	0	1400	4
nist-pdf-0016	pdf	sqlite	1	38	0	1493	4
nist-pdf-0016	pdf	sqlite	2	38	0	1547	4
nist-pdf-0016	pdf	sqlite	3	38	0	1504	4
nist-pdf-0016	pdf	sqlite	4	38	0	1582	4
nist-pdf-0016	pdf	sqlite	5	38	0	1506	4
nist-pdf-0016	pdf	vole	0	38	0	1691	4
nist-pdf-0016	pdf	vole	1	38	0	1651	4
nist-pdf-0016	pdf	vole	2	38	0	1557	4
nist-pdf-0016	pdf	vole	3	38	0	1551	4
nist-pdf-0016	pdf	vole	4	38	0	2117	4
nist-pdf-0016	pdf	vole	5	38	0	1497	4
nist-pdf-0016	pdf	vole	0	39	0	1550	4
nist-pdf-0016	pdf	vole	1	39	0	1619	4
nist-pdf-0016	pdf	vole	2	39	0	1536	4
nist-pdf-0016	pdf	vole	3	39	0	1531	4
nist-pdf-0016	pdf	vole	4	39	0	1558	4
nist-pdf-0016	pdf	vole	5	39	0	1525	4
nist-pdf-0016	pdf	sqlite	0	39	0	1701	4
nist-pdf-0016	pdf	sqlite	1	39	0	1510	4
nist-pdf-0016	pdf	sqlite	2	39	0	1483	4
nist-pdf-0016	pdf	sqlite	3	39	0	1496	4
nist-pdf-0016	pdf	sqlite	4	39	0	1515	4
nist-pdf-0016	pdf	sqlite	5	39	0	1569	4
nist-pdf-0016	pdf	sqlite	0	40	0	1412	4
nist-pdf-0016	pdf	sqlite	1	40	0	1581	4
nist-pdf-0016	pdf	sqlite	2	40	0	1599	4
nist-pdf-0016	pdf	sqlite	3	40	0	1495	4
nist-pdf-0016	pdf	sqlite	4	40	0	1561	4
nist-pdf-0016	pdf	sqlite	5	40	0	1600	4
nist-pdf-0016	pdf	vole	0	40	0	1667	4
nist-pdf-0016	pdf	vole	1	40	0	1541	4
nist-pdf-0016	pdf	vole	2	40	0	1510	4
nist-pdf-0016	pdf	vole	3	40	0	1493	4
nist-pdf-0016	pdf	vole	4	40	0	1596	4
nist-pdf-0016	pdf	vole	5	40	0	1525	4
nist-pdf-0016	pdf	vole	0	41	0	1531	4
nist-pdf-0016	pdf	vole	1	41	0	1795	4
nist-pdf-0016	pdf	vole	2	41	0	1592	4
nist-pdf-0016	pdf	vole	3	41	0	1581	4
nist-pdf-0016	pdf	vole	4	41	0	1634	4
nist-pdf-0016	pdf	vole	5	41	0	1496	4
nist-pdf-0016	pdf	sqlite	0	41	0	1723	4
nist-pdf-0016	pdf	sqlite	1	41	0	1611	4
nist-pdf-0016	pdf	sqlite	2	41	0	1601	4
nist-pdf-0016	pdf	sqlite	3	41	0	1535	4
nist-pdf-0016	pdf	sqlite	4	41	0	1641	4
nist-pdf-0016	pdf	sqlite	5	41	0	1570	4
nist-pdf-0016	pdf	sqlite	0	42	0	1502	4
nist-pdf-0016	pdf	sqlite	1	42	0	1573	4
nist-pdf-0016	pdf	sqlite	2	42	0	1460	4
nist-pdf-0016	pdf	sqlite	3	42	0	1518	4
nist-pdf-0016	pdf	sqlite	4	42	0	1467	4
nist-pdf-0016	pdf	sqlite	5	42	0	1456	4
nist-pdf-0016	pdf	vole	0	42	0	1800	4
nist-pdf-0016	pdf	vole	1	42	0	1596	4
nist-pdf-0016	pdf	vole	2	42	0	1712	4
nist-pdf-0016	pdf	vole	3	42	0	1536	4
nist-pdf-0016	pdf	vole	4	42	0	1652	4
nist-pdf-0016	pdf	vole	5	42	0	1523	4
nist-pdf-0016	pdf	vole	0	43	0	1613	4
nist-pdf-0016	pdf	vole	1	43	0	1595	4
nist-pdf-0016	pdf	vole	2	43	0	1570	4
nist-pdf-0016	pdf	vole	3	43	0	1491	4
nist-pdf-0016	pdf	vole	4	43	0	1491	4
nist-pdf-0016	pdf	vole	5	43	0	1606	4
nist-pdf-0016	pdf	sqlite	0	43	0	1652	4
nist-pdf-0016	pdf	sqlite	1	43	0	1420	4
nist-pdf-0016	pdf	sqlite	2	43	0	1497	4
nist-pdf-0016	pdf	sqlite	3	43	0	1504	4
nist-pdf-0016	pdf	sqlite	4	43	0	1471	4
nist-pdf-0016	pdf	sqlite	5	43	0	1506	4
nist-pdf-0016	pdf	sqlite	0	44	0	1606	4
nist-pdf-0016	pdf	sqlite	1	44	0	1496	4
nist-pdf-0016	pdf	sqlite	2	44	0	1514	4
nist-pdf-0016	pdf	sqlite	3	44	0	1466	4
nist-pdf-0016	pdf	sqlite	4	44	0	1544	4
nist-pdf-0016	pdf	sqlite	5	44	0	1519	4
nist-pdf-0016	pdf	vole	0	44	0	1657	4
nist-pdf-0016	pdf	vole	1	44	0	1493	4
nist-pdf-0016	pdf	vole	2	44	0	1548	4
nist-pdf-0016	pdf	vole	3	44	0	1557	4
nist-pdf-0016	pdf	vole	4	44	0	1547	4
nist-pdf-0016	pdf	vole	5	44	0	1545	4
nist-pdf-0016	pdf	vole	0	45	0	1549	4
nist-pdf-0016	pdf	vole	1	45	0	1542	4
nist-pdf-0016	pdf	vole	2	45	0	1580	4
nist-pdf-0016	pdf	vole	3	45	0	1623	4
nist-pdf-0016	pdf	vole	4	45	0	1526	4
nist-pdf-0016	pdf	vole	5	45	0	1606	4
nist-pdf-0016	pdf	sqlite	0	45	0	1687	4
nist-pdf-0016	pdf	sqlite	1	45	0	1460	4
nist-pdf-0016	pdf	sqlite	2	45	0	1679	4
nist-pdf-0016	pdf	sqlite	3	45	0	1514	4
nist-pdf-0016	pdf	sqlite	4	45	0	1533	4
nist-pdf-0016	pdf	sqlite	5	45	0	1516	4
nist-pdf-0016	pdf	sqlite	0	46	0	1474	4
nist-pdf-0016	pdf	sqlite	1	46	0	1515	4
nist-pdf-0016	pdf	sqlite	2	46	0	1473	4
nist-pdf-0016	pdf	sqlite	3	46	0	1564	4
nist-pdf-0016	pdf	sqlite	4	46	0	1576	4
nist-pdf-0016	pdf	sqlite	5	46	0	1464	4
nist-pdf-0016	pdf	vole	0	46	0	1734	4
nist-pdf-0016	pdf	vole	1	46	0	1536	4
nist-pdf-0016	pdf	vole	2	46	0	1719	4
nist-pdf-0016	pdf	vole	3	46	0	1553	4
nist-pdf-0016	pdf	vole	4	46	0	1613	4
nist-pdf-0016	pdf	vole	5	46	0	1492	4
nist-pdf-0016	pdf	vole	0	47	0	1673	4
nist-pdf-0016	pdf	vole	1	47	0	1619	4
nist-pdf-0016	pdf	vole	2	47	0	1634	4
nist-pdf-0016	pdf	vole	3	47	0	1632	4
nist-pdf-0016	pdf	vole	4	47	0	1570	4
nist-pdf-0016	pdf	vole	5	47	0	1589	4
nist-pdf-0016	pdf	sqlite	0	47	0	1830	4
nist-pdf-0016	pdf	sqlite	1	47	0	1618	4
nist-pdf-0016	pdf	sqlite	2	47	0	1603	4
nist-pdf-0016	pdf	sqlite	3	47	0	1605	4
nist-pdf-0016	pdf	sqlite	4	47	0	1618	4
nist-pdf-0016	pdf	sqlite	5	47	0	1509	4
nist-pdf-0016	pdf	sqlite	0	48	0	1387	4
nist-pdf-0016	pdf	sqlite	1	48	0	1497	4
nist-pdf-0016	pdf	sqlite	2	48	0	1445	4
nist-pdf-0016	pdf	sqlite	3	48	0	1417	4
nist-pdf-0016	pdf	sqlite	4	48	0	2256	4
nist-pdf-0016	pdf	sqlite	5	48	0	1566	4
nist-pdf-0016	pdf	vole	0	48	0	1647	4
nist-pdf-0016	pdf	vole	1	48	0	1577	4
nist-pdf-0016	pdf	vole	2	48	0	1508	4
nist-pdf-0016	pdf	vole	3	48	0	1487	4
nist-pdf-0016	pdf	vole	4	48	0	1572	4
nist-pdf-0016	pdf	vole	5	48	0	1684	4
nist-pdf-0016	pdf	vole	0	49	0	1587	4
nist-pdf-0016	pdf	vole	1	49	0	1539	4
nist-pdf-0016	pdf	vole	2	49	0	1573	4
nist-pdf-0016	pdf	vole	3	49	0	1547	4
nist-pdf-0016	pdf	vole	4	49	0	1552	4
nist-pdf-0016	pdf	vole	5	49	0	1522	4
nist-pdf-0016	pdf	sqlite	0	49	0	1667	4
nist-pdf-0016	pdf	sqlite	1	49	0	1499	4
nist-pdf-0016	pdf	sqlite	2	49	0	1478	4
nist-pdf-0016	pdf	sqlite	3	49	0	1553	4
nist-pdf-0016	pdf	sqlite	4	49	0	1500	4
nist-pdf-0016	pdf	sqlite	5	49	0	1813	4
nist-pdf-0016	pdf	sqlite	0	50	0	1441	4
nist-pdf-0016	pdf	sqlite	1	50	0	1711	4
nist-pdf-0016	pdf	sqlite	2	50	0	1446	4
nist-pdf-0016	pdf	sqlite	3	50	0	1760	4
nist-pdf-0016	pdf	sqlite	4	50	0	1598	4
nist-pdf-0016	pdf	sqlite	5	50	0	1638	4
nist-pdf-0016	pdf	vole	0	50	0	1771	4
nist-pdf-0016	pdf	vole	1	50	0	1610	4
nist-pdf-0016	pdf	vole	2	50	0	1556	4
nist-pdf-0016	pdf	vole	3	50	0	1488	4
nist-pdf-0016	pdf	vole	4	50	0	1565	4
nist-pdf-0016	pdf	vole	5	50	0	1532	4
nist-pdf-0016	pdf	vole	0	51	0	1554	4
nist-pdf-0016	pdf	vole	1	51	0	1585	4
nist-pdf-0016	pdf	vole	2	51	0	1553	4
nist-pdf-0016	pdf	vole	3	51	0	1606	4
nist-pdf-0016	pdf	vole	4	51	0	1574	4
nist-pdf-0016	pdf	vole	5	51	0	1500	4
nist-pdf-0016	pdf	sqlite	0	51	0	1651	4
nist-pdf-0016	pdf	sqlite	1	51	0	1597	4
nist-pdf-0016	pdf	sqlite	2	51	0	1573	4
nist-pdf-0016	pdf	sqlite	3	51	0	1503	4
nist-pdf-0016	pdf	sqlite	4	51	0	1549	4
nist-pdf-0016	pdf	sqlite	5	51	0	1468	4
nist-pdf-0016	pdf	sqlite	0	52	0	1447	4
nist-pdf-0016	pdf	sqlite	1	52	0	1489	4
nist-pdf-0016	pdf	sqlite	2	52	0	1482	4
nist-pdf-0016	pdf	sqlite	3	52	0	1640	4
nist-pdf-0016	pdf	sqlite	4	52	0	1635	4
nist-pdf-0016	pdf	sqlite	5	52	0	1646	4
nist-pdf-0016	pdf	vole	0	52	0	1785	4
nist-pdf-0016	pdf	vole	1	52	0	1665	4
nist-pdf-0016	pdf	vole	2	52	0	1626	4
nist-pdf-0016	pdf	vole	3	52	0	1645	4
nist-pdf-0016	pdf	vole	4	52	0	1678	4
nist-pdf-0016	pdf	vole	5	52	0	1564	4
nist-pdf-0016	pdf	vole	0	53	0	1522	4
nist-pdf-0016	pdf	vole	1	53	0	1596	4
nist-pdf-0016	pdf	vole	2	53	0	1623	4
nist-pdf-0016	pdf	vole	3	53	0	1558	4
nist-pdf-0016	pdf	vole	4	53	0	1539	4
nist-pdf-0016	pdf	vole	5	53	0	1519	4
nist-pdf-0016	pdf	sqlite	0	53	0	1634	4
nist-pdf-0016	pdf	sqlite	1	53	0	1645	4
nist-pdf-0016	pdf	sqlite	2	53	0	1495	4
nist-pdf-0016	pdf	sqlite	3	53	0	1660	4
nist-pdf-0016	pdf	sqlite	4	53	0	1670	4
nist-pdf-0016	pdf	sqlite	5	53	0	1571	4
nist-pdf-0016	pdf	sqlite	0	54	0	1402	4
nist-pdf-0016	pdf	sqlite	1	54	0	1422	4
nist-pdf-0016	pdf	sqlite	2	54	0	1605	4
nist-pdf-0016	pdf	sqlite	3	54	0	1456	4
nist-pdf-0016	pdf	sqlite	4	54	0	1488	4
nist-pdf-0016	pdf	sqlite	5	54	0	1803	4
nist-pdf-0016	pdf	vole	0	54	0	1781	4
nist-pdf-0016	pdf	vole	1	54	0	1490	4
nist-pdf-0016	pdf	vole	2	54	0	1446	4
nist-pdf-0016	pdf	vole	3	54	0	2174	4
nist-pdf-0016	pdf	vole	4	54	0	1710	4
nist-pdf-0016	pdf	vole	5	54	0	1801	4
nist-pdf-0016	pdf	vole	0	55	0	1442	4
nist-pdf-0016	pdf	vole	1	55	0	1555	4
nist-pdf-0016	pdf	vole	2	55	0	1596	4
nist-pdf-0016	pdf	vole	3	55	0	1572	4
nist-pdf-0016	pdf	vole	4	55	0	1611	4
nist-pdf-0016	pdf	vole	5	55	0	1570	4
nist-pdf-0016	pdf	sqlite	0	55	0	2136	4
nist-pdf-0016	pdf	sqlite	1	55	0	1472	4
nist-pdf-0016	pdf	sqlite	2	55	0	1552	4
nist-pdf-0016	pdf	sqlite	3	55	0	1547	4
nist-pdf-0016	pdf	sqlite	4	55	0	1496	4
nist-pdf-0016	pdf	sqlite	5	55	0	1486	4
nist-pdf-0016	pdf	sqlite	0	56	0	1438	4
nist-pdf-0016	pdf	sqlite	1	56	0	1450	4
nist-pdf-0016	pdf	sqlite	2	56	0	1680	4
nist-pdf-0016	pdf	sqlite	3	56	0	1588	4
nist-pdf-0016	pdf	sqlite	4	56	0	1666	4
nist-pdf-0016	pdf	sqlite	5	56	0	1603	4
nist-pdf-0016	pdf	vole	0	56	0	1680	4
nist-pdf-0016	pdf	vole	1	56	0	1628	4
nist-pdf-0016	pdf	vole	2	56	0	1614	4
nist-pdf-0016	pdf	vole	3	56	0	1533	4
nist-pdf-0016	pdf	vole	4	56	0	1542	4
nist-pdf-0016	pdf	vole	5	56	0	1536	4
nist-pdf-0016	pdf	vole	0	57	0	1473	4
nist-pdf-0016	pdf	vole	1	57	0	1596	4
nist-pdf-0016	pdf	vole	2	57	0	1620	4
nist-pdf-0016	pdf	vole	3	57	0	1587	4
nist-pdf-0016	pdf	vole	4	57	0	1697	4
nist-pdf-0016	pdf	vole	5	57	0	1493	4
nist-pdf-0016	pdf	sqlite	0	57	0	1766	4
nist-pdf-0016	pdf	sqlite	1	57	0	1576	4
nist-pdf-0016	pdf	sqlite	2	57	0	1458	4
nist-pdf-0016	pdf	sqlite	3	57	0	1602	4
nist-pdf-0016	pdf	sqlite	4	57	0	1556	4
nist-pdf-0016	pdf	sqlite	5	57	0	1677	4
nist-pdf-0016	pdf	sqlite	0	58	0	1539	4
nist-pdf-0016	pdf	sqlite	1	58	0	1816	4
nist-pdf-0016	pdf	sqlite	2	58	0	1551	4
nist-pdf-0016	pdf	sqlite	3	58	0	1493	4
nist-pdf-0016	pdf	sqlite	4	58	0	1739	4
nist-pdf-0016	pdf	sqlite	5	58	0	1482	4
nist-pdf-0016	pdf	vole	0	58	0	1706	4
nist-pdf-0016	pdf	vole	1	58	0	1595	4
nist-pdf-0016	pdf	vole	2	58	0	1766	4
nist-pdf-0016	pdf	vole	3	58	0	1623	4
nist-pdf-0016	pdf	vole	4	58	0	1519	4
nist-pdf-0016	pdf	vole	5	58	0	1538	4
nist-pdf-0016	pdf	vole	0	59	0	1507	4
nist-pdf-0016	pdf	vole	1	59	0	1653	4
nist-pdf-0016	pdf	vole	2	59	0	1601	4
nist-pdf-0016	pdf	vole	3	59	0	1456	4
nist-pdf-0016	pdf	vole	4	59	0	1491	4
nist-pdf-0016	pdf	vole	5	59	0	1810	4
nist-pdf-0016	pdf	sqlite	0	59	0	1619	4
nist-pdf-0016	pdf	sqlite	1	59	0	1513	4
nist-pdf-0016	pdf	sqlite	2	59	0	1633	4
nist-pdf-0016	pdf	sqlite	3	59	0	1506	4
nist-pdf-0016	pdf	sqlite	4	59	0	1652	4
nist-pdf-0016	pdf	sqlite	5	59	0	1655	4
nist-pdf-0016	pdf	sqlite	0	60	0	1409	4
nist-pdf-0016	pdf	sqlite	1	60	0	1407	4
nist-pdf-0016	pdf	sqlite	2	60	0	1514	4
nist-pdf-0016	pdf	sqlite	3	60	0	1539	4
nist-pdf-0016	pdf	sqlite	4	60	0	1532	4
nist-pdf-0016	pdf	sqlite	5	60	0	1567	4
nist-pdf-0016	pdf	vole	0	60	0	1707	4
nist-pdf-0016	pdf	vole	1	60	0	1675	4
nist-pdf-0016	pdf	vole	2	60	0	1645	4
nist-pdf-0016	pdf	vole	3	60	0	1509	4
nist-pdf-0016	pdf	vole	4	60	0	1482	4
nist-pdf-0016	pdf	vole	5	60	0	1564	4
nist-pdf-0016	pdf	vole	0	61	0	1551	4
nist-pdf-0016	pdf	vole	1	61	0	1496	4
nist-pdf-0016	pdf	vole	2	61	0	1453	4
nist-pdf-0016	pdf	vole	3	61	0	1437	4
nist-pdf-0016	pdf	vole	4	61	0	1480	4
nist-pdf-0016	pdf	vole	5	61	0	1696	4
nist-pdf-0016	pdf	sqlite	0	61	0	1856	4
nist-pdf-0016	pdf	sqlite	1	61	0	1500	4
nist-pdf-0016	pdf	sqlite	2	61	0	1639	4
nist-pdf-0016	pdf	sqlite	3	61	0	1654	4
nist-pdf-0016	pdf	sqlite	4	61	0	1688	4
nist-pdf-0016	pdf	sqlite	5	61	0	1485	4
nist-pdf-0016	pdf	sqlite	0	62	0	1367	4
nist-pdf-0016	pdf	sqlite	1	62	0	1452	4
nist-pdf-0016	pdf	sqlite	2	62	0	1496	4
nist-pdf-0016	pdf	sqlite	3	62	0	1537	4
nist-pdf-0016	pdf	sqlite	4	62	0	1495	4
nist-pdf-0016	pdf	sqlite	5	62	0	1626	4
nist-pdf-0016	pdf	vole	0	62	0	1819	4
nist-pdf-0016	pdf	vole	1	62	0	1573	4
nist-pdf-0016	pdf	vole	2	62	0	1512	4
nist-pdf-0016	pdf	vole	3	62	0	1551	4
nist-pdf-0016	pdf	vole	4	62	0	1621	4
nist-pdf-0016	pdf	vole	5	62	0	1548	4
nist-pdf-0016	pdf	vole	0	63	0	1619	4
nist-pdf-0016	pdf	vole	1	63	0	1553	4
nist-pdf-0016	pdf	vole	2	63	0	1481	4
nist-pdf-0016	pdf	vole	3	63	0	1648	4
nist-pdf-0016	pdf	vole	4	63	0	1807	4
nist-pdf-0016	pdf	vole	5	63	0	1502	4
nist-pdf-0016	pdf	sqlite	0	63	0	1657	4
nist-pdf-0016	pdf	sqlite	1	63	0	1537	4
nist-pdf-0016	pdf	sqlite	2	63	0	1517	4
nist-pdf-0016	pdf	sqlite	3	63	0	1889	4
nist-pdf-0016	pdf	sqlite	4	63	0	1545	4
nist-pdf-0016	pdf	sqlite	5	63	0	1614	4
nist-pdf-0016	pdf	sqlite	0	64	0	1533	4
nist-pdf-0016	pdf	sqlite	1	64	0	1533	4
nist-pdf-0016	pdf	sqlite	2	64	0	1503	4
nist-pdf-0016	pdf	sqlite	3	64	0	1535	4
nist-pdf-0016	pdf	sqlite	4	64	0	1458	4
nist-pdf-0016	pdf	sqlite	5	64	0	1614	4
nist-pdf-0016	pdf	vole	0	64	0	1717	4
nist-pdf-0016	pdf	vole	1	64	0	1684	4
nist-pdf-0016	pdf	vole	2	64	0	1575	4
nist-pdf-0016	pdf	vole	3	64	0	1522	4
nist-pdf-0016	pdf	vole	4	64	0	1534	4
nist-pdf-0016	pdf	vole	5	64	0	1674	4
nist-pdf-0016	pdf	vole	0	65	0	1528	4
nist-pdf-0016	pdf	vole	1	65	0	1485	4
nist-pdf-0016	pdf	vole	2	65	0	1484	4
nist-pdf-0016	pdf	vole	3	65	0	1481	4
nist-pdf-0016	pdf	vole	4	65	0	1521	4
nist-pdf-0016	pdf	vole	5	65	0	1495	4
nist-pdf-0016	pdf	sqlite	0	65	0	1681	4
nist-pdf-0016	pdf	sqlite	1	65	0	1518	4
nist-pdf-0016	pdf	sqlite	2	65	0	1504	4
nist-pdf-0016	pdf	sqlite	3	65	0	1629	4
nist-pdf-0016	pdf	sqlite	4	65	0	1537	4
nist-pdf-0016	pdf	sqlite	5	65	0	1475	4
nist-pdf-0016	pdf	sqlite	0	66	0	1533	4
nist-pdf-0016	pdf	sqlite	1	66	0	1511	4
nist-pdf-0016	pdf	sqlite	2	66	0	1511	4
nist-pdf-0016	pdf	sqlite	3	66	0	1618	4
nist-pdf-0016	pdf	sqlite	4	66	0	1513	4
nist-pdf-0016	pdf	sqlite	5	66	0	1547	4
nist-pdf-0016	pdf	vole	0	66	0	1685	4
nist-pdf-0016	pdf	vole	1	66	0	1592	4
nist-pdf-0016	pdf	vole	2	66	0	1595	4
nist-pdf-0016	pdf	vole	3	66	0	1546	4
nist-pdf-0016	pdf	vole	4	66	0	1591	4
nist-pdf-0016	pdf	vole	5	66	0	1643	4
nist-pdf-0016	pdf	vole	0	67	0	1534	4
nist-pdf-0016	pdf	vole	1	67	0	1487	4
nist-pdf-0016	pdf	vole	2	67	0	1532	4
nist-pdf-0016	pdf	vole	3	67	0	1559	4
nist-pdf-0016	pdf	vole	4	67	0	1622	4
nist-pdf-0016	pdf	vole	5	67	0	1581	4
nist-pdf-0016	pdf	sqlite	0	67	0	1871	4
nist-pdf-0016	pdf	sqlite	1	67	0	1656	4
nist-pdf-0016	pdf	sqlite	2	67	0	1869	4
nist-pdf-0016	pdf	sqlite	3	67	0	1502	4
nist-pdf-0016	pdf	sqlite	4	67	0	1542	4
nist-pdf-0016	pdf	sqlite	5	67	0	1670	4
nist-pdf-0016	pdf	sqlite	0	68	0	1492	4
nist-pdf-0016	pdf	sqlite	1	68	0	1451	4
nist-pdf-0016	pdf	sqlite	2	68	0	1432	4
nist-pdf-0016	pdf	sqlite	3	68	0	1527	4
nist-pdf-0016	pdf	sqlite	4	68	0	1496	4
nist-pdf-0016	pdf	sqlite	5	68	0	1648	4
nist-pdf-0016	pdf	vole	0	68	0	1859	4
nist-pdf-0016	pdf	vole	1	68	0	1611	4
nist-pdf-0016	pdf	vole	2	68	0	1558	4
nist-pdf-0016	pdf	vole	3	68	0	1493	4
nist-pdf-0016	pdf	vole	4	68	0	1525	4
nist-pdf-0016	pdf	vole	5	68	0	1483	4
nist-pdf-0016	pdf	vole	0	69	0	1593	4
nist-pdf-0016	pdf	vole	1	69	0	1504	4
nist-pdf-0016	pdf	vole	2	69	0	1709	4
nist-pdf-0016	pdf	vole	3	69	0	1583	4
nist-pdf-0016	pdf	vole	4	69	0	1632	4
nist-pdf-0016	pdf	vole	5	69	0	1628	4
nist-pdf-0016	pdf	sqlite	0	69	0	1853	4
nist-pdf-0016	pdf	sqlite	1	69	0	1435	4
nist-pdf-0016	pdf	sqlite	2	69	0	1561	4
nist-pdf-0016	pdf	sqlite	3	69	0	1661	4
nist-pdf-0016	pdf	sqlite	4	69	0	1663	4
nist-pdf-0016	pdf	sqlite	5	69	0	1776	4
nist-pdf-0016	pdf	sqlite	0	70	0	1453	4
nist-pdf-0016	pdf	sqlite	1	70	0	1487	4
nist-pdf-0016	pdf	sqlite	2	70	0	1612	4
nist-pdf-0016	pdf	sqlite	3	70	0	1473	4
nist-pdf-0016	pdf	sqlite	4	70	0	1839	4
nist-pdf-0016	pdf	sqlite	5	70	0	1503	4
nist-pdf-0016	pdf	vole	0	70	0	1717	4
nist-pdf-0016	pdf	vole	1	70	0	1662	4
nist-pdf-0016	pdf	vole	2	70	0	1684	4
nist-pdf-0016	pdf	vole	3	70	0	1535	4
nist-pdf-0016	pdf	vole	4	70	0	1522	4
nist-pdf-0016	pdf	vole	5	70	0	1548	4
nist-pdf-0016	pdf	vole	0	71	0	1691	4
nist-pdf-0016	pdf	vole	1	71	0	1561	4
nist-pdf-0016	pdf	vole	2	71	0	1588	4
nist-pdf-0016	pdf	vole	3	71	0	1894	4
nist-pdf-0016	pdf	vole	4	71	0	1598	4
nist-pdf-0016	pdf	vole	5	71	0	1552	4
nist-pdf-0016	pdf	sqlite	0	71	0	1648	4
nist-pdf-0016	pdf	sqlite	1	71	0	1475	4
nist-pdf-0016	pdf	sqlite	2	71	0	1506	4
nist-pdf-0016	pdf	sqlite	3	71	0	1431	4
nist-pdf-0016	pdf	sqlite	4	71	0	1485	4
nist-pdf-0016	pdf	sqlite	5	71	0	1584	4
nist-pdf-0016	pdf	sqlite	0	72	0	1433	4
nist-pdf-0016	pdf	sqlite	1	72	0	1479	4
nist-pdf-0016	pdf	sqlite	2	72	0	1568	4
nist-pdf-0016	pdf	sqlite	3	72	0	1508	4
nist-pdf-0016	pdf	sqlite	4	72	0	1631	4
nist-pdf-0016	pdf	sqlite	5	72	0	1527	4
nist-pdf-0016	pdf	vole	0	72	0	1579	4
nist-pdf-0016	pdf	vole	1	72	0	1502	4
nist-pdf-0016	pdf	vole	2	72	0	1492	4
nist-pdf-0016	pdf	vole	3	72	0	1573	4
nist-pdf-0016	pdf	vole	4	72	0	1490	4
nist-pdf-0016	pdf	vole	5	72	0	1510	4
nist-pdf-0016	pdf	vole	0	73	0	1587	4
nist-pdf-0016	pdf	vole	1	73	0	1593	4
nist-pdf-0016	pdf	vole	2	73	0	1526	4
nist-pdf-0016	pdf	vole	3	73	0	1517	4
nist-pdf-0016	pdf	vole	4	73	0	1648	4
nist-pdf-0016	pdf	vole	5	73	0	1575	4
nist-pdf-0016	pdf	sqlite	0	73	0	1642	4
nist-pdf-0016	pdf	sqlite	1	73	0	1458	4
nist-pdf-0016	pdf	sqlite	2	73	0	1592	4
nist-pdf-0016	pdf	sqlite	3	73	0	1461	4
nist-pdf-0016	pdf	sqlite	4	73	0	1528	4
nist-pdf-0016	pdf	sqlite	5	73	0	1651	4
nist-pdf-0016	pdf	sqlite	0	74	0	1387	4
nist-pdf-0016	pdf	sqlite	1	74	0	1608	4
nist-pdf-0016	pdf	sqlite	2	74	0	1593	4
nist-pdf-0016	pdf	sqlite	3	74	0	1451	4
nist-pdf-0016	pdf	sqlite	4	74	0	1544	4
nist-pdf-0016	pdf	sqlite	5	74	0	1534	4
nist-pdf-0016	pdf	vole	0	74	0	1795	4
nist-pdf-0016	pdf	vole	1	74	0	1615	4
nist-pdf-0016	pdf	vole	2	74	0	1636	4
nist-pdf-0016	pdf	vole	3	74	0	1571	4
nist-pdf-0016	pdf	vole	4	74	0	1619	4
nist-pdf-0016	pdf	vole	5	74	0	1572	4
nist-pdf-0016	pdf	vole	0	75	0	1540	4
nist-pdf-0016	pdf	vole	1	75	0	1543	4
nist-pdf-0016	pdf	vole	2	75	0	1595	4
nist-pdf-0016	pdf	vole	3	75	0	1534	4
nist-pdf-0016	pdf	vole	4	75	0	1549	4
nist-pdf-0016	pdf	vole	5	75	0	1537	4
nist-pdf-0016	pdf	sqlite	0	75	0	1656	4
nist-pdf-0016	pdf	sqlite	1	75	0	1582	4
nist-pdf-0016	pdf	sqlite	2	75	0	1521	4
nist-pdf-0016	pdf	sqlite	3	75	0	1668	4
nist-pdf-0016	pdf	sqlite	4	75	0	1609	4
nist-pdf-0016	pdf	sqlite	5	75	0	1487	4
nist-pdf-0016	pdf	sqlite	0	76	0	1373	4
nist-pdf-0016	pdf	sqlite	1	76	0	1499	4
nist-pdf-0016	pdf	sqlite	2	76	0	1467	4
nist-pdf-0016	pdf	sqlite	3	76	0	1471	4
nist-pdf-0016	pdf	sqlite	4	76	0	1604	4
nist-pdf-0016	pdf	sqlite	5	76	0	1565	4
nist-pdf-0016	pdf	vole	0	76	0	1765	4
nist-pdf-0016	pdf	vole	1	76	0	1580	4
nist-pdf-0016	pdf	vole	2	76	0	1514	4
nist-pdf-0016	pdf	vole	3	76	0	1478	4
nist-pdf-0016	pdf	vole	4	76	0	1462	4
nist-pdf-0016	pdf	vole	5	76	0	1501	4
nist-pdf-0016	pdf	vole	0	77	0	1509	4
nist-pdf-0016	pdf	vole	1	77	0	1520	4
nist-pdf-0016	pdf	vole	2	77	0	1563	4
nist-pdf-0016	pdf	vole	3	77	0	1609	4
nist-pdf-0016	pdf	vole	4	77	0	1622	4
nist-pdf-0016	pdf	vole	5	77	0	1508	4
nist-pdf-0016	pdf	sqlite	0	77	0	1633	4
nist-pdf-0016	pdf	sqlite	1	77	0	1476	4
nist-pdf-0016	pdf	sqlite	2	77	0	1685	4
nist-pdf-0016	pdf	sqlite	3	77	0	1465	4
nist-pdf-0016	pdf	sqlite	4	77	0	1559	4
nist-pdf-0016	pdf	sqlite	5	77	0	1693	4
nist-pdf-0016	pdf	sqlite	0	78	0	1527	4
nist-pdf-0016	pdf	sqlite	1	78	0	1454	4
nist-pdf-0016	pdf	sqlite	2	78	0	1499	4
nist-pdf-0016	pdf	sqlite	3	78	0	1565	4
nist-pdf-0016	pdf	sqlite	4	78	0	1508	4
nist-pdf-0016	pdf	sqlite	5	78	0	1453	4
nist-pdf-0016	pdf	vole	0	78	0	1608	4
nist-pdf-0016	pdf	vole	1	78	0	2458	4
nist-pdf-0016	pdf	vole	2	78	0	1541	4
nist-pdf-0016	pdf	vole	3	78	0	2957	4
nist-pdf-0016	pdf	vole	4	78	0	1533	4
nist-pdf-0016	pdf	vole	5	78	0	1523	4
nist-pdf-0016	pdf	vole	0	79	0	1497	4
nist-pdf-0016	pdf	vole	1	79	0	1652	4
nist-pdf-0016	pdf	vole	2	79	0	1468	4
nist-pdf-0016	pdf	vole	3	79	0	1504	4
nist-pdf-0016	pdf	vole	4	79	0	1514	4
nist-pdf-0016	pdf	vole	5	79	0	1474	4
nist-pdf-0016	pdf	sqlite	0	79	0	1650	4
nist-pdf-0016	pdf	sqlite	1	79	0	1480	4
nist-pdf-0016	pdf	sqlite	2	79	0	2570	4
nist-pdf-0016	pdf	sqlite	3	79	0	1424	4
nist-pdf-0016	pdf	sqlite	4	79	0	1605	4
nist-pdf-0016	pdf	sqlite	5	79	0	1586	4
nist-pdf-0016	pdf	sqlite	0	80	0	1406	4
nist-pdf-0016	pdf	sqlite	1	80	0	1483	4
nist-pdf-0016	pdf	sqlite	2	80	0	1591	4
nist-pdf-0016	pdf	sqlite	3	80	0	1671	4
nist-pdf-0016	pdf	sqlite	4	80	0	1567	4
nist-pdf-0016	pdf	sqlite	5	80	0	1497	4
nist-pdf-0016	pdf	vole	0	80	0	1722	4
nist-pdf-0016	pdf	vole	1	80	0	1647	4
nist-pdf-0016	pdf	vole	2	80	0	1627	4
nist-pdf-0016	pdf	vole	3	80	0	1673	4
nist-pdf-0016	pdf	vole	4	80	0	1522	4
nist-pdf-0016	pdf	vole	5	80	0	1623	4
nist-pdf-0016	pdf	vole	0	81	0	1588	4
nist-pdf-0016	pdf	vole	1	81	0	1586	4
nist-pdf-0016	pdf	vole	2	81	0	1550	4
nist-pdf-0016	pdf	vole	3	81	0	1587	4
nist-pdf-0016	pdf	vole	4	81	0	1566	4
nist-pdf-0016	pdf	vole	5	81	0	1512	4
nist-pdf-0016	pdf	sqlite	0	81	0	1844	4
nist-pdf-0016	pdf	sqlite	1	81	0	1624	4
nist-pdf-0016	pdf	sqlite	2	81	0	1514	4
nist-pdf-0016	pdf	sqlite	3	81	0	1501	4
nist-pdf-0016	pdf	sqlite	4	81	0	1608	4
nist-pdf-0016	pdf	sqlite	5	81	0	1578	4
nist-pdf-0016	pdf	sqlite	0	82	0	1462	4
nist-pdf-0016	pdf	sqlite	1	82	0	1399	4
nist-pdf-0016	pdf	sqlite	2	82	0	1581	4
nist-pdf-0016	pdf	sqlite	3	82	0	1482	4
nist-pdf-0016	pdf	sqlite	4	82	0	1461	4
nist-pdf-0016	pdf	sqlite	5	82	0	1526	4
nist-pdf-0016	pdf	vole	0	82	0	1694	4
nist-pdf-0016	pdf	vole	1	82	0	1645	4
nist-pdf-0016	pdf	vole	2	82	0	1599	4
nist-pdf-0016	pdf	vole	3	82	0	1578	4
nist-pdf-0016	pdf	vole	4	82	0	1520	4
nist-pdf-0016	pdf	vole	5	82	0	1520	4
nist-pdf-0016	pdf	vole	0	83	0	1696	4
nist-pdf-0016	pdf	vole	1	83	0	1547	4
nist-pdf-0016	pdf	vole	2	83	0	1583	4
nist-pdf-0016	pdf	vole	3	83	0	1584	4
nist-pdf-0016	pdf	vole	4	83	0	1603	4
nist-pdf-0016	pdf	vole	5	83	0	1676	4
nist-pdf-0016	pdf	sqlite	0	83	0	1841	4
nist-pdf-0016	pdf	sqlite	1	83	0	1493	4
nist-pdf-0016	pdf	sqlite	2	83	0	1525	4
nist-pdf-0016	pdf	sqlite	3	83	0	1461	4
nist-pdf-0016	pdf	sqlite	4	83	0	1509	4
nist-pdf-0016	pdf	sqlite	5	83	0	1582	4
nist-pdf-0016	pdf	sqlite	0	84	0	1428	4
nist-pdf-0016	pdf	sqlite	1	84	0	1569	4
nist-pdf-0016	pdf	sqlite	2	84	0	1482	4
nist-pdf-0016	pdf	sqlite	3	84	0	1558	4
nist-pdf-0016	pdf	sqlite	4	84	0	1456	4
nist-pdf-0016	pdf	sqlite	5	84	0	1596	4
nist-pdf-0016	pdf	vole	0	84	0	1631	4
nist-pdf-0016	pdf	vole	1	84	0	1528	4
nist-pdf-0016	pdf	vole	2	84	0	1503	4
nist-pdf-0016	pdf	vole	3	84	0	1572	4
nist-pdf-0016	pdf	vole	4	84	0	1534	4
nist-pdf-0016	pdf	vole	5	84	0	1581	4
nist-pdf-0016	pdf	vole	0	85	0	1480	4
nist-pdf-0016	pdf	vole	1	85	0	1474	4
nist-pdf-0016	pdf	vole	2	85	0	2185	4
nist-pdf-0016	pdf	vole	3	85	0	1454	4
nist-pdf-0016	pdf	vole	4	85	0	1537	4
nist-pdf-0016	pdf	vole	5	85	0	1545	4
nist-pdf-0016	pdf	sqlite	0	85	0	1560	4
nist-pdf-0016	pdf	sqlite	1	85	0	1697	4
nist-pdf-0016	pdf	sqlite	2	85	0	1598	4
nist-pdf-0016	pdf	sqlite	3	85	0	1540	4
nist-pdf-0016	pdf	sqlite	4	85	0	1521	4
nist-pdf-0016	pdf	sqlite	5	85	0	1516	4
nist-pdf-0016	pdf	sqlite	0	86	0	1549	4
nist-pdf-0016	pdf	sqlite	1	86	0	1510	4
nist-pdf-0016	pdf	sqlite	2	86	0	1557	4
nist-pdf-0016	pdf	sqlite	3	86	0	1560	4
nist-pdf-0016	pdf	sqlite	4	86	0	1489	4
nist-pdf-0016	pdf	sqlite	5	86	0	1561	4
nist-pdf-0016	pdf	vole	0	86	0	1835	4
nist-pdf-0016	pdf	vole	1	86	0	1598	4
nist-pdf-0016	pdf	vole	2	86	0	1640	4
nist-pdf-0016	pdf	vole	3	86	0	1670	4
nist-pdf-0016	pdf	vole	4	86	0	1705	4
nist-pdf-0016	pdf	vole	5	86	0	1576	4
nist-pdf-0016	pdf	vole	0	87	0	1616	4
nist-pdf-0016	pdf	vole	1	87	0	1588	4
nist-pdf-0016	pdf	vole	2	87	0	1557	4
nist-pdf-0016	pdf	vole	3	87	0	1577	4
nist-pdf-0016	pdf	vole	4	87	0	1437	4
nist-pdf-0016	pdf	vole	5	87	0	1558	4
nist-pdf-0016	pdf	sqlite	0	87	0	1683	4
nist-pdf-0016	pdf	sqlite	1	87	0	1530	4
nist-pdf-0016	pdf	sqlite	2	87	0	1490	4
nist-pdf-0016	pdf	sqlite	3	87	0	1454	4
nist-pdf-0016	pdf	sqlite	4	87	0	1574	4
nist-pdf-0016	pdf	sqlite	5	87	0	1481	4
nist-pdf-0016	pdf	sqlite	0	88	0	1473	4
nist-pdf-0016	pdf	sqlite	1	88	0	1368	4
nist-pdf-0016	pdf	sqlite	2	88	0	1397	4
nist-pdf-0016	pdf	sqlite	3	88	0	1580	4
nist-pdf-0016	pdf	sqlite	4	88	0	1566	4
nist-pdf-0016	pdf	sqlite	5	88	0	1649	4
nist-pdf-0016	pdf	vole	0	88	0	1638	4
nist-pdf-0016	pdf	vole	1	88	0	1539	4
nist-pdf-0016	pdf	vole	2	88	0	1623	4
nist-pdf-0016	pdf	vole	3	88	0	1535	4
nist-pdf-0016	pdf	vole	4	88	0	1554	4
nist-pdf-0016	pdf	vole	5	88	0	1524	4
nist-pdf-0016	pdf	vole	0	89	0	1491	4
nist-pdf-0016	pdf	vole	1	89	0	1499	4
nist-pdf-0016	pdf	vole	2	89	0	1475	4
nist-pdf-0016	pdf	vole	3	89	0	1539	4
nist-pdf-0016	pdf	vole	4	89	0	1539	4
nist-pdf-0016	pdf	vole	5	89	0	1489	4
nist-pdf-0016	pdf	sqlite	0	89	0	1569	4
nist-pdf-0016	pdf	sqlite	1	89	0	1646	4
nist-pdf-0016	pdf	sqlite	2	89	0	1521	4
nist-pdf-0016	pdf	sqlite	3	89	0	1451	4
nist-pdf-0016	pdf	sqlite	4	89	0	1467	4
nist-pdf-0016	pdf	sqlite	5	89	0	1497	4
nist-pdf-0016	pdf	sqlite	0	90	0	1583	4
nist-pdf-0016	pdf	sqlite	1	90	0	1404	4
nist-pdf-0016	pdf	sqlite	2	90	0	1548	4
nist-pdf-0016	pdf	sqlite	3	90	0	1396	4
nist-pdf-0016	pdf	sqlite	4	90	0	1481	4
nist-pdf-0016	pdf	sqlite	5	90	0	1504	4
nist-pdf-0016	pdf	vole	0	90	0	1704	4
nist-pdf-0016	pdf	vole	1	90	0	1561	4
nist-pdf-0016	pdf	vole	2	90	0	1480	4
nist-pdf-0016	pdf	vole	3	90	0	1457	4
nist-pdf-0016	pdf	vole	4	90	0	1499	4
nist-pdf-0016	pdf	vole	5	90	0	1536	4
nist-pdf-0016	pdf	vole	0	91	0	1534	4
nist-pdf-0016	pdf	vole	1	91	0	1535	4
nist-pdf-0016	pdf	vole	2	91	0	1457	4
nist-pdf-0016	pdf	vole	3	91	0	1492	4
nist-pdf-0016	pdf	vole	4	91	0	1531	4
nist-pdf-0016	pdf	vole	5	91	0	1482	4
nist-pdf-0016	pdf	sqlite	0	91	0	1572	4
nist-pdf-0016	pdf	sqlite	1	91	0	1416	4
nist-pdf-0016	pdf	sqlite	2	91	0	1449	4
nist-pdf-0016	pdf	sqlite	3	91	0	1612	4
nist-pdf-0016	pdf	sqlite	4	91	0	1694	4
nist-pdf-0016	pdf	sqlite	5	91	0	1654	4
nist-pdf-0016	pdf	sqlite	0	92	0	1562	4
nist-pdf-0016	pdf	sqlite	1	92	0	1431	4
nist-pdf-0016	pdf	sqlite	2	92	0	1505	4
nist-pdf-0016	pdf	sqlite	3	92	0	1549	4
nist-pdf-0016	pdf	sqlite	4	92	0	1610	4
nist-pdf-0016	pdf	sqlite	5	92	0	1613	4
nist-pdf-0016	pdf	vole	0	92	0	1705	4
nist-pdf-0016	pdf	vole	1	92	0	1552	4
nist-pdf-0016	pdf	vole	2	92	0	1500	4
nist-pdf-0016	pdf	vole	3	92	0	1709	4
nist-pdf-0016	pdf	vole	4	92	0	1643	4
nist-pdf-0016	pdf	vole	5	92	0	1620	4
nist-pdf-0016	pdf	vole	0	93	0	1534	4
nist-pdf-0016	pdf	vole	1	93	0	1517	4
nist-pdf-0016	pdf	vole	2	93	0	1512	4
nist-pdf-0016	pdf	vole	3	93	0	1596	4
nist-pdf-0016	pdf	vole	4	93	0	1574	4
nist-pdf-0016	pdf	vole	5	93	0	1608	4
nist-pdf-0016	pdf	sqlite	0	93	0	1646	4
nist-pdf-0016	pdf	sqlite	1	93	0	1626	4
nist-pdf-0016	pdf	sqlite	2	93	0	1511	4
nist-pdf-0016	pdf	sqlite	3	93	0	1506	4
nist-pdf-0016	pdf	sqlite	4	93	0	1477	4
nist-pdf-0016	pdf	sqlite	5	93	0	1557	4
nist-pdf-0016	pdf	sqlite	0	94	0	1434	4
nist-pdf-0016	pdf	sqlite	1	94	0	1398	4
nist-pdf-0016	pdf	sqlite	2	94	0	1681	4
nist-pdf-0016	pdf	sqlite	3	94	0	1450	4
nist-pdf-0016	pdf	sqlite	4	94	0	1465	4
nist-pdf-0016	pdf	sqlite	5	94	0	1492	4
nist-pdf-0016	pdf	vole	0	94	0	2197	4
nist-pdf-0016	pdf	vole	1	94	0	1577	4
nist-pdf-0016	pdf	vole	2	94	0	1558	4
nist-pdf-0016	pdf	vole	3	94	0	1589	4
nist-pdf-0016	pdf	vole	4	94	0	1507	4
nist-pdf-0016	pdf	vole	5	94	0	1534	4
nist-pdf-0016	pdf	vole	0	95	0	1545	4
nist-pdf-0016	pdf	vole	1	95	0	1521	4
nist-pdf-0016	pdf	vole	2	95	0	1506	4
nist-pdf-0016	pdf	vole	3	95	0	1565	4
nist-pdf-0016	pdf	vole	4	95	0	1476	4
nist-pdf-0016	pdf	vole	5	95	0	1470	4
nist-pdf-0016	pdf	sqlite	0	95	0	1949	4
nist-pdf-0016	pdf	sqlite	1	95	0	1680	4
nist-pdf-0016	pdf	sqlite	2	95	0	1528	4
nist-pdf-0016	pdf	sqlite	3	95	0	1654	4
nist-pdf-0016	pdf	sqlite	4	95	0	1649	4
nist-pdf-0016	pdf	sqlite	5	95	0	1461	4
nist-pdf-0016	pdf	sqlite	0	96	0	1464	4
nist-pdf-0016	pdf	sqlite	1	96	0	1450	4
nist-pdf-0016	pdf	sqlite	2	96	0	1579	4
nist-pdf-0016	pdf	sqlite	3	96	0	1458	4
nist-pdf-0016	pdf	sqlite	4	96	0	1549	4
nist-pdf-0016	pdf	sqlite	5	96	0	1483	4
nist-pdf-0016	pdf	vole	0	96	0	1711	4
nist-pdf-0016	pdf	vole	1	96	0	1507	4
nist-pdf-0016	pdf	vole	2	96	0	1569	4
nist-pdf-0016	pdf	vole	3	96	0	1560	4
nist-pdf-0016	pdf	vole	4	96	0	1557	4
nist-pdf-0016	pdf	vole	5	96	0	1562	4
nist-pdf-0016	pdf	vole	0	97	0	1550	4
nist-pdf-0016	pdf	vole	1	97	0	1651	4
nist-pdf-0016	pdf	vole	2	97	0	1580	4
nist-pdf-0016	pdf	vole	3	97	0	1541	4
nist-pdf-0016	pdf	vole	4	97	0	1520	4
nist-pdf-0016	pdf	vole	5	97	0	1453	4
nist-pdf-0016	pdf	sqlite	0	97	0	1669	4
nist-pdf-0016	pdf	sqlite	1	97	0	1558	4
nist-pdf-0016	pdf	sqlite	2	97	0	1662	4
nist-pdf-0016	pdf	sqlite	3	97	0	1492	4
nist-pdf-0016	pdf	sqlite	4	97	0	1517	4
nist-pdf-0016	pdf	sqlite	5	97	0	1530	4
nist-pdf-0016	pdf	sqlite	0	98	0	1437	4
nist-pdf-0016	pdf	sqlite	1	98	0	1413	4
nist-pdf-0016	pdf	sqlite	2	98	0	1543	4
nist-pdf-0016	pdf	sqlite	3	98	0	1447	4
nist-pdf-0016	pdf	sqlite	4	98	0	1600	4
nist-pdf-0016	pdf	sqlite	5	98	0	1648	4
nist-pdf-0016	pdf	vole	0	98	0	1677	4
nist-pdf-0016	pdf	vole	1	98	0	1578	4
nist-pdf-0016	pdf	vole	2	98	0	1494	4
nist-pdf-0016	pdf	vole	3	98	0	1531	4
nist-pdf-0016	pdf	vole	4	98	0	1504	4
nist-pdf-0016	pdf	vole	5	98	0	1466	4
nist-pdf-0016	pdf	vole	0	99	0	1584	4
nist-pdf-0016	pdf	vole	1	99	0	1610	4
nist-pdf-0016	pdf	vole	2	99	0	1626	4
nist-pdf-0016	pdf	vole	3	99	0	1575	4
nist-pdf-0016	pdf	vole	4	99	0	1524	4
nist-pdf-0016	pdf	vole	5	99	0	1469	4
nist-pdf-0016	pdf	sqlite	0	99	0	1623	4
nist-pdf-0016	pdf	sqlite	1	99	0	1516	4
nist-pdf-0016	pdf	sqlite	2	99	0	1478	4
nist-pdf-0016	pdf	sqlite	3	99	0	1646	4
nist-pdf-0016	pdf	sqlite	4	99	0	1555	4
nist-pdf-0016	pdf	sqlite	5	99	0	1582	4
nist-pdf-0016	pdf	sqlite	0	100	0	1422	4
nist-pdf-0016	pdf	sqlite	1	100	0	1572	4
nist-pdf-0016	pdf	sqlite	2	100	0	1752	4
nist-pdf-0016	pdf	sqlite	3	100	0	1507	4
nist-pdf-0016	pdf	sqlite	4	100	0	1629	4
nist-pdf-0016	pdf	sqlite	5	100	0	1544	4
nist-pdf-0016	pdf	vole	0	100	0	1740	4
nist-pdf-0016	pdf	vole	1	100	0	1534	4
nist-pdf-0016	pdf	vole	2	100	0	1560	4
nist-pdf-0016	pdf	vole	3	100	0	1621	4
nist-pdf-0016	pdf	vole	4	100	0	1531	4
nist-pdf-0016	pdf	vole	5	100	0	1536	4
nist-pdf-0017	pdf	vole	0	1	0	4146	4
nist-pdf-0017	pdf	vole	1	1	0	3944	4
nist-pdf-0017	pdf	vole	2	1	0	4122	4
nist-pdf-0017	pdf	vole	3	1	0	3934	4
nist-pdf-0017	pdf	vole	4	1	0	4086	4
nist-pdf-0017	pdf	vole	5	1	0	3989	4
nist-pdf-0017	pdf	sqlite	0	1	0	2416	4
nist-pdf-0017	pdf	sqlite	1	1	0	2331	4
nist-pdf-0017	pdf	sqlite	2	1	0	2394	4
nist-pdf-0017	pdf	sqlite	3	1	0	2493	4
nist-pdf-0017	pdf	sqlite	4	1	0	2428	4
nist-pdf-0017	pdf	sqlite	5	1	0	2245	4
nist-pdf-0017	pdf	sqlite	0	2	0	2327	4
nist-pdf-0017	pdf	sqlite	1	2	0	2464	4
nist-pdf-0017	pdf	sqlite	2	2	0	2386	4
nist-pdf-0017	pdf	sqlite	3	2	0	2268	4
nist-pdf-0017	pdf	sqlite	4	2	0	2139	4
nist-pdf-0017	pdf	sqlite	5	2	0	2222	4
nist-pdf-0017	pdf	vole	0	2	0	4259	4
nist-pdf-0017	pdf	vole	1	2	0	4085	4
nist-pdf-0017	pdf	vole	2	2	0	4664	4
nist-pdf-0017	pdf	vole	3	2	0	3989	4
nist-pdf-0017	pdf	vole	4	2	0	4172	4
nist-pdf-0017	pdf	vole	5	2	0	4073	4
nist-pdf-0017	pdf	vole	0	3	0	4045	4
nist-pdf-0017	pdf	vole	1	3	0	4178	4
nist-pdf-0017	pdf	vole	2	3	0	3899	4
nist-pdf-0017	pdf	vole	3	3	0	4001	4
nist-pdf-0017	pdf	vole	4	3	0	4251	4
nist-pdf-0017	pdf	vole	5	3	0	4149	4
nist-pdf-0017	pdf	sqlite	0	3	0	2783	4
nist-pdf-0017	pdf	sqlite	1	3	0	2727	4
nist-pdf-0017	pdf	sqlite	2	3	0	2244	4
nist-pdf-0017	pdf	sqlite	3	3	0	2372	4
nist-pdf-0017	pdf	sqlite	4	3	0	2197	4
nist-pdf-0017	pdf	sqlite	5	3	0	2357	4
nist-pdf-0017	pdf	sqlite	0	4	0	2208	4
nist-pdf-0017	pdf	sqlite	1	4	0	2331	4
nist-pdf-0017	pdf	sqlite	2	4	0	2439	4
nist-pdf-0017	pdf	sqlite	3	4	0	2169	4
nist-pdf-0017	pdf	sqlite	4	4	0	2287	4
nist-pdf-0017	pdf	sqlite	5	4	0	2542	4
nist-pdf-0017	pdf	vole	0	4	0	4194	4
nist-pdf-0017	pdf	vole	1	4	0	4113	4
nist-pdf-0017	pdf	vole	2	4	0	4121	4
nist-pdf-0017	pdf	vole	3	4	0	4077	4
nist-pdf-0017	pdf	vole	4	4	0	4059	4
nist-pdf-0017	pdf	vole	5	4	0	4133	4
nist-pdf-0017	pdf	vole	0	5	0	3944	4
nist-pdf-0017	pdf	vole	1	5	0	3986	4
nist-pdf-0017	pdf	vole	2	5	0	4178	4
nist-pdf-0017	pdf	vole	3	5	0	4040	4
nist-pdf-0017	pdf	vole	4	5	0	3926	4
nist-pdf-0017	pdf	vole	5	5	0	3932	4
nist-pdf-0017	pdf	sqlite	0	5	0	2479	4
nist-pdf-0017	pdf	sqlite	1	5	0	2184	4
nist-pdf-0017	pdf	sqlite	2	5	0	2163	4
nist-pdf-0017	pdf	sqlite	3	5	0	1910	4
nist-pdf-0017	pdf	sqlite	4	5	0	2018	4
nist-pdf-0017	pdf	sqlite	5	5	0	2070	4
nist-pdf-0017	pdf	sqlite	0	6	0	2156	4
nist-pdf-0017	pdf	sqlite	1	6	0	2089	4
nist-pdf-0017	pdf	sqlite	2	6	0	2218	4
nist-pdf-0017	pdf	sqlite	3	6	0	2163	4
nist-pdf-0017	pdf	sqlite	4	6	0	2134	4
nist-pdf-0017	pdf	sqlite	5	6	0	2285	4
nist-pdf-0017	pdf	vole	0	6	0	3897	4
nist-pdf-0017	pdf	vole	1	6	0	3862	4
nist-pdf-0017	pdf	vole	2	6	0	3881	4
nist-pdf-0017	pdf	vole	3	6	0	3815	4
nist-pdf-0017	pdf	vole	4	6	0	3807	4
nist-pdf-0017	pdf	vole	5	6	0	3828	4
nist-pdf-0017	pdf	vole	0	7	0	3832	4
nist-pdf-0017	pdf	vole	1	7	0	3957	4
nist-pdf-0017	pdf	vole	2	7	0	3815	4
nist-pdf-0017	pdf	vole	3	7	0	3943	4
nist-pdf-0017	pdf	vole	4	7	0	3827	4
nist-pdf-0017	pdf	vole	5	7	0	3793	4
nist-pdf-0017	pdf	sqlite	0	7	0	2215	4
nist-pdf-0017	pdf	sqlite	1	7	0	2033	4
nist-pdf-0017	pdf	sqlite	2	7	0	2059	4
nist-pdf-0017	pdf	sqlite	3	7	0	2272	4
nist-pdf-0017	pdf	sqlite	4	7	0	2249	4
nist-pdf-0017	pdf	sqlite	5	7	0	2061	4
nist-pdf-0017	pdf	sqlite	0	8	0	2077	4
nist-pdf-0017	pdf	sqlite	1	8	0	1965	4
nist-pdf-0017	pdf	sqlite	2	8	0	1990	4
nist-pdf-0017	pdf	sqlite	3	8	0	2290	4
nist-pdf-0017	pdf	sqlite	4	8	0	2073	4
nist-pdf-0017	pdf	sqlite	5	8	0	2299	4
nist-pdf-0017	pdf	vole	0	8	0	3968	4
nist-pdf-0017	pdf	vole	1	8	0	3771	4
nist-pdf-0017	pdf	vole	2	8	0	3979	4
nist-pdf-0017	pdf	vole	3	8	0	3940	4
nist-pdf-0017	pdf	vole	4	8	0	3871	4
nist-pdf-0017	pdf	vole	5	8	0	3906	4
nist-pdf-0017	pdf	vole	0	9	0	3863	4
nist-pdf-0017	pdf	vole	1	9	0	3946	4
nist-pdf-0017	pdf	vole	2	9	0	3857	4
nist-pdf-0017	pdf	vole	3	9	0	3929	4
nist-pdf-0017	pdf	vole	4	9	0	3807	4
nist-pdf-0017	pdf	vole	5	9	0	3831	4
nist-pdf-0017	pdf	sqlite	0	9	0	2404	4
nist-pdf-0017	pdf	sqlite	1	9	0	2025	4
nist-pdf-0017	pdf	sqlite	2	9	0	1985	4
nist-pdf-0017	pdf	sqlite	3	9	0	2103	4
nist-pdf-0017	pdf	sqlite	4	9	0	2440	4
nist-pdf-0017	pdf	sqlite	5	9	0	1989	4
nist-pdf-0017	pdf	sqlite	0	10	0	2185	4
nist-pdf-0017	pdf	sqlite	1	10	0	1860	4
nist-pdf-0017	pdf	sqlite	2	10	0	1964	4
nist-pdf-0017	pdf	sqlite	3	10	0	2169	4
nist-pdf-0017	pdf	sqlite	4	10	0	2142	4
nist-pdf-0017	pdf	sqlite	5	10	0	1959	4
nist-pdf-0017	pdf	vole	0	10	0	3935	4
nist-pdf-0017	pdf	vole	1	10	0	3870	4
nist-pdf-0017	pdf	vole	2	10	0	3839	4
nist-pdf-0017	pdf	vole	3	10	0	3884	4
nist-pdf-0017	pdf	vole	4	10	0	3812	4
nist-pdf-0017	pdf	vole	5	10	0	3847	4
nist-pdf-0017	pdf	vole	0	11	0	3843	4
nist-pdf-0017	pdf	vole	1	11	0	3721	4
nist-pdf-0017	pdf	vole	2	11	0	3967	4
nist-pdf-0017	pdf	vole	3	11	0	3977	4
nist-pdf-0017	pdf	vole	4	11	0	3790	4
nist-pdf-0017	pdf	vole	5	11	0	3896	4
nist-pdf-0017	pdf	sqlite	0	11	0	2254	4
nist-pdf-0017	pdf	sqlite	1	11	0	2184	4
nist-pdf-0017	pdf	sqlite	2	11	0	2240	4
nist-pdf-0017	pdf	sqlite	3	11	0	2105	4
nist-pdf-0017	pdf	sqlite	4	11	0	2255	4
nist-pdf-0017	pdf	sqlite	5	11	0	2161	4
nist-pdf-0017	pdf	sqlite	0	12	0	1940	4
nist-pdf-0017	pdf	sqlite	1	12	0	2204	4
nist-pdf-0017	pdf	sqlite	2	12	0	2277	4
nist-pdf-0017	pdf	sqlite	3	12	0	2226	4
nist-pdf-0017	pdf	sqlite	4	12	0	2479	4
nist-pdf-0017	pdf	sqlite	5	12	0	2243	4
nist-pdf-0017	pdf	vole	0	12	0	4039	4
nist-pdf-0017	pdf	vole	1	12	0	3919	4
nist-pdf-0017	pdf	vole	2	12	0	3930	4
nist-pdf-0017	pdf	vole	3	12	0	4057	4
nist-pdf-0017	pdf	vole	4	12	0	3822	4
nist-pdf-0017	pdf	vole	5	12	0	3987	4
nist-pdf-0017	pdf	vole	0	13	0	3966	4
nist-pdf-0017	pdf	vole	1	13	0	3751	4
nist-pdf-0017	pdf	vole	2	13	0	3786	4
nist-pdf-0017	pdf	vole	3	13	0	4000	4
nist-pdf-0017	pdf	vole	4	13	0	3799	4
nist-pdf-0017	pdf	vole	5	13	0	3772	4
nist-pdf-0017	pdf	sqlite	0	13	0	2380	4
nist-pdf-0017	pdf	sqlite	1	13	0	2212	4
nist-pdf-0017	pdf	sqlite	2	13	0	1974	4
nist-pdf-0017	pdf	sqlite	3	13	0	2362	4
nist-pdf-0017	pdf	sqlite	4	13	0	2226	4
nist-pdf-0017	pdf	sqlite	5	13	0	2191	4
nist-pdf-0017	pdf	sqlite	0	14	0	2067	4
nist-pdf-0017	pdf	sqlite	1	14	0	2260	4
nist-pdf-0017	pdf	sqlite	2	14	0	2010	4
nist-pdf-0017	pdf	sqlite	3	14	0	1967	4
nist-pdf-0017	pdf	sqlite	4	14	0	2231	4
nist-pdf-0017	pdf	sqlite	5	14	0	1964	4
nist-pdf-0017	pdf	vole	0	14	0	3914	4
nist-pdf-0017	pdf	vole	1	14	0	3849	4
nist-pdf-0017	pdf	vole	2	14	0	3947	4
nist-pdf-0017	pdf	vole	3	14	0	3855	4
nist-pdf-0017	pdf	vole	4	14	0	3993	4
nist-pdf-0017	pdf	vole	5	14	0	4430	4
nist-pdf-0017	pdf	vole	0	15	0	3984	4
nist-pdf-0017	pdf	vole	1	15	0	3947	4
nist-pdf-0017	pdf	vole	2	15	0	3859	4
nist-pdf-0017	pdf	vole	3	15	0	3909	4
nist-pdf-0017	pdf	vole	4	15	0	3806	4
nist-pdf-0017	pdf	vole	5	15	0	3970	4
nist-pdf-0017	pdf	sqlite	0	15	0	2314	4
nist-pdf-0017	pdf	sqlite	1	15	0	2003	4
nist-pdf-0017	pdf	sqlite	2	15	0	2227	4
nist-pdf-0017	pdf	sqlite	3	15	0	2010	4
nist-pdf-0017	pdf	sqlite	4	15	0	2235	4
nist-pdf-0017	pdf	sqlite	5	15	0	2302	4
nist-pdf-0017	pdf	sqlite	0	16	0	2052	4
nist-pdf-0017	pdf	sqlite	1	16	0	1839	4
nist-pdf-0017	pdf	sqlite	2	16	0	1939	4
nist-pdf-0017	pdf	sqlite	3	16	0	1891	4
nist-pdf-0017	pdf	sqlite	4	16	0	1890	4
nist-pdf-0017	pdf	sqlite	5	16	0	2279	4
nist-pdf-0017	pdf	vole	0	16	0	3905	4
nist-pdf-0017	pdf	vole	1	16	0	3729	4
nist-pdf-0017	pdf	vole	2	16	0	3910	4
nist-pdf-0017	pdf	vole	3	16	0	3906	4
nist-pdf-0017	pdf	vole	4	16	0	3979	4
nist-pdf-0017	pdf	vole	5	16	0	3843	4
nist-pdf-0017	pdf	vole	0	17	0	3838	4
nist-pdf-0017	pdf	vole	1	17	0	3904	4
nist-pdf-0017	pdf	vole	2	17	0	3933	4
nist-pdf-0017	pdf	vole	3	17	0	3839	4
nist-pdf-0017	pdf	vole	4	17	0	4001	4
nist-pdf-0017	pdf	vole	5	17	0	4030	4
nist-pdf-0017	pdf	sqlite	0	17	0	2327	4
nist-pdf-0017	pdf	sqlite	1	17	0	2192	4
nist-pdf-0017	pdf	sqlite	2	17	0	2028	4
nist-pdf-0017	pdf	sqlite	3	17	0	2183	4
nist-pdf-0017	pdf	sqlite	4	17	0	2488	4
nist-pdf-0017	pdf	sqlite	5	17	0	2048	4
nist-pdf-0017	pdf	sqlite	0	18	0	2143	4
nist-pdf-0017	pdf	sqlite	1	18	0	2086	4
nist-pdf-0017	pdf	sqlite	2	18	0	2030	4
nist-pdf-0017	pdf	sqlite	3	18	0	2048	4
nist-pdf-0017	pdf	sqlite	4	18	0	2051	4
nist-pdf-0017	pdf	sqlite	5	18	0	2210	4
nist-pdf-0017	pdf	vole	0	18	0	4030	4
nist-pdf-0017	pdf	vole	1	18	0	3868	4
nist-pdf-0017	pdf	vole	2	18	0	3799	4
nist-pdf-0017	pdf	vole	3	18	0	5264	4
nist-pdf-0017	pdf	vole	4	18	0	3950	4
nist-pdf-0017	pdf	vole	5	18	0	3970	4
nist-pdf-0017	pdf	vole	0	19	0	3938	4
nist-pdf-0017	pdf	vole	1	19	0	3982	4
nist-pdf-0017	pdf	vole	2	19	0	3972	4
nist-pdf-0017	pdf	vole	3	19	0	3867	4
nist-pdf-0017	pdf	vole	4	19	0	3761	4
nist-pdf-0017	pdf	vole	5	19	0	3752	4
nist-pdf-0017	pdf	sqlite	0	19	0	2303	4
nist-pdf-0017	pdf	sqlite	1	19	0	2336	4
nist-pdf-0017	pdf	sqlite	2	19	0	2058	4
nist-pdf-0017	pdf	sqlite	3	19	0	2020	4
nist-pdf-0017	pdf	sqlite	4	19	0	2128	4
nist-pdf-0017	pdf	sqlite	5	19	0	2213	4
nist-pdf-0017	pdf	sqlite	0	20	0	2133	4
nist-pdf-0017	pdf	sqlite	1	20	0	1903	4
nist-pdf-0017	pdf	sqlite	2	20	0	2078	4
nist-pdf-0017	pdf	sqlite	3	20	0	2253	4
nist-pdf-0017	pdf	sqlite	4	20	0	2135	4
nist-pdf-0017	pdf	sqlite	5	20	0	2168	4
nist-pdf-0017	pdf	vole	0	20	0	4083	4
nist-pdf-0017	pdf	vole	1	20	0	4047	4
nist-pdf-0017	pdf	vole	2	20	0	3964	4
nist-pdf-0017	pdf	vole	3	20	0	3923	4
nist-pdf-0017	pdf	vole	4	20	0	3707	4
nist-pdf-0017	pdf	vole	5	20	0	4027	4
nist-pdf-0017	pdf	vole	0	21	0	3768	4
nist-pdf-0017	pdf	vole	1	21	0	3897	4
nist-pdf-0017	pdf	vole	2	21	0	3870	4
nist-pdf-0017	pdf	vole	3	21	0	3760	4
nist-pdf-0017	pdf	vole	4	21	0	3775	4
nist-pdf-0017	pdf	vole	5	21	0	3808	4
nist-pdf-0017	pdf	sqlite	0	21	0	2488	4
nist-pdf-0017	pdf	sqlite	1	21	0	2389	4
nist-pdf-0017	pdf	sqlite	2	21	0	2019	4
nist-pdf-0017	pdf	sqlite	3	21	0	2161	4
nist-pdf-0017	pdf	sqlite	4	21	0	1975	4
nist-pdf-0017	pdf	sqlite	5	21	0	1910	4
nist-pdf-0017	pdf	sqlite	0	22	0	2083	4
nist-pdf-0017	pdf	sqlite	1	22	0	1996	4
nist-pdf-0017	pdf	sqlite	2	22	0	2107	4
nist-pdf-0017	pdf	sqlite	3	22	0	2122	4
nist-pdf-0017	pdf	sqlite	4	22	0	2470	4
nist-pdf-0017	pdf	sqlite	5	22	0	2142	4
nist-pdf-0017	pdf	vole	0	22	0	4005	4
nist-pdf-0017	pdf	vole	1	22	0	3939	4
nist-pdf-0017	pdf	vole	2	22	0	3884	4
nist-pdf-0017	pdf	vole	3	22	0	3822	4
nist-pdf-0017	pdf	vole	4	22	0	3918	4
nist-pdf-0017	pdf	vole	5	22	0	3733	4
nist-pdf-0017	pdf	vole	0	23	0	3863	4
nist-pdf-0017	pdf	vole	1	23	0	3825	4
nist-pdf-0017	pdf	vole	2	23	0	3876	4
nist-pdf-0017	pdf	vole	3	23	0	3877	4
nist-pdf-0017	pdf	vole	4	23	0	3844	4
nist-pdf-0017	pdf	vole	5	23	0	3891	4
nist-pdf-0017	pdf	sqlite	0	23	0	2466	4
nist-pdf-0017	pdf	sqlite	1	23	0	2104	4
nist-pdf-0017	pdf	sqlite	2	23	0	2284	4
nist-pdf-0017	pdf	sqlite	3	23	0	2134	4
nist-pdf-0017	pdf	sqlite	4	23	0	2132	4
nist-pdf-0017	pdf	sqlite	5	23	0	2295	4
nist-pdf-0017	pdf	sqlite	0	24	0	1857	4
nist-pdf-0017	pdf	sqlite	1	24	0	1859	4
nist-pdf-0017	pdf	sqlite	2	24	0	2158	4
nist-pdf-0017	pdf	sqlite	3	24	0	2113	4
nist-pdf-0017	pdf	sqlite	4	24	0	2254	4
nist-pdf-0017	pdf	sqlite	5	24	0	2239	4
nist-pdf-0017	pdf	vole	0	24	0	4031	4
nist-pdf-0017	pdf	vole	1	24	0	3963	4
nist-pdf-0017	pdf	vole	2	24	0	3950	4
nist-pdf-0017	pdf	vole	3	24	0	3778	4
nist-pdf-0017	pdf	vole	4	24	0	4046	4
nist-pdf-0017	pdf	vole	5	24	0	3975	4
nist-pdf-0017	pdf	vole	0	25	0	3851	4
nist-pdf-0017	pdf	vole	1	25	0	3874	4
nist-pdf-0017	pdf	vole	2	25	0	3837	4
nist-pdf-0017	pdf	vole	3	25	0	3770	4
nist-pdf-0017	pdf	vole	4	25	0	3838	4
nist-pdf-0017	pdf	vole	5	25	0	3850	4
nist-pdf-0017	pdf	sqlite	0	25	0	2197	4
nist-pdf-0017	pdf	sqlite	1	25	0	2292	4
nist-pdf-0017	pdf	sqlite	2	25	0	2128	4
nist-pdf-0017	pdf	sqlite	3	25	0	2128	4
nist-pdf-0017	pdf	sqlite	4	25	0	2165	4
nist-pdf-0017	pdf	sqlite	5	25	0	2375	4
nist-pdf-0017	pdf	sqlite	0	26	0	2128	4
nist-pdf-0017	pdf	sqlite	1	26	0	2403	4
nist-pdf-0017	pdf	sqlite	2	26	0	2282	4
nist-pdf-0017	pdf	sqlite	3	26	0	1959	4
nist-pdf-0017	pdf	sqlite	4	26	0	2210	4
nist-pdf-0017	pdf	sqlite	5	26	0	2311	4
nist-pdf-0017	pdf	vole	0	26	0	4101	4
nist-pdf-0017	pdf	vole	1	26	0	4027	4
nist-pdf-0017	pdf	vole	2	26	0	3946	4
nist-pdf-0017	pdf	vole	3	26	0	3962	4
nist-pdf-0017	pdf	vole	4	26	0	3853	4
nist-pdf-0017	pdf	vole	5	26	0	3779	4
nist-pdf-0017	pdf	vole	0	27	0	3788	4
nist-pdf-0017	pdf	vole	1	27	0	3877	4
nist-pdf-0017	pdf	vole	2	27	0	3907	4
nist-pdf-0017	pdf	vole	3	27	0	3948	4
nist-pdf-0017	pdf	vole	4	27	0	3948	4
nist-pdf-0017	pdf	vole	5	27	0	3918	4
nist-pdf-0017	pdf	sqlite	0	27	0	2220	4
nist-pdf-0017	pdf	sqlite	1	27	0	2123	4
nist-pdf-0017	pdf	sqlite	2	27	0	2272	4
nist-pdf-0017	pdf	sqlite	3	27	0	2402	4
nist-pdf-0017	pdf	sqlite	4	27	0	2019	4
nist-pdf-0017	pdf	sqlite	5	27	0	2167	4
nist-pdf-0017	pdf	sqlite	0	28	0	1980	4
nist-pdf-0017	pdf	sqlite	1	28	0	1888	4
nist-pdf-0017	pdf	sqlite	2	28	0	2096	4
nist-pdf-0017	pdf	sqlite	3	28	0	1973	4
nist-pdf-0017	pdf	sqlite	4	28	0	2077	4
nist-pdf-0017	pdf	sqlite	5	28	0	2170	4
nist-pdf-0017	pdf	vole	0	28	0	4204	4
nist-pdf-0017	pdf	vole	1	28	0	3991	4
nist-pdf-0017	pdf	vole	2	28	0	3941	4
nist-pdf-0017	pdf	vole	3	28	0	3911	4
nist-pdf-0017	pdf	vole	4	28	0	3812	4
nist-pdf-0017	pdf	vole	5	28	0	3972	4
nist-pdf-0017	pdf	vole	0	29	0	3853	4
nist-pdf-0017	pdf	vole	1	29	0	3949	4
nist-pdf-0017	pdf	vole	2	29	0	3885	4
nist-pdf-0017	pdf	vole	3	29	0	3888	4
nist-pdf-0017	pdf	vole	4	29	0	3937	4
nist-pdf-0017	pdf	vole	5	29	0	3932	4
nist-pdf-0017	pdf	sqlite	0	29	0	2336	4
nist-pdf-0017	pdf	sqlite	1	29	0	2319	4
nist-pdf-0017	pdf	sqlite	2	29	0	2177	4
nist-pdf-0017	pdf	sqlite	3	29	0	2220	4
nist-pdf-0017	pdf	sqlite	4	29	0	2318	4
nist-pdf-0017	pdf	sqlite	5	29	0	2090	4
nist-pdf-0017	pdf	sqlite	0	30	0	2077	4
nist-pdf-0017	pdf	sqlite	1	30	0	2093	4
nist-pdf-0017	pdf	sqlite	2	30	0	2126	4
nist-pdf-0017	pdf	sqlite	3	30	0	1970	4
nist-pdf-0017	pdf	sqlite	4	30	0	2097	4
nist-pdf-0017	pdf	sqlite	5	30	0	2159	4
nist-pdf-0017	pdf	vole	0	30	0	3948	4
nist-pdf-0017	pdf	vole	1	30	0	3896	4
nist-pdf-0017	pdf	vole	2	30	0	3895	4
nist-pdf-0017	pdf	vole	3	30	0	3943	4
nist-pdf-0017	pdf	vole	4	30	0	3871	4
nist-pdf-0017	pdf	vole	5	30	0	3830	4
nist-pdf-0017	pdf	vole	0	31	0	3914	4
nist-pdf-0017	pdf	vole	1	31	0	3803	4
nist-pdf-0017	pdf	vole	2	31	0	3922	4
nist-pdf-0017	pdf	vole	3	31	0	3926	4
nist-pdf-0017	pdf	vole	4	31	0	3931	4
nist-pdf-0017	pdf	vole	5	31	0	3917	4
nist-pdf-0017	pdf	sqlite	0	31	0	2354	4
nist-pdf-0017	pdf	sqlite	1	31	0	2344	4
nist-pdf-0017	pdf	sqlite	2	31	0	2210	4
nist-pdf-0017	pdf	sqlite	3	31	0	2031	4
nist-pdf-0017	pdf	sqlite	4	31	0	2070	4
nist-pdf-0017	pdf	sqlite	5	31	0	2405	4
nist-pdf-0017	pdf	sqlite	0	32	0	2433	4
nist-pdf-0017	pdf	sqlite	1	32	0	2090	4
nist-pdf-0017	pdf	sqlite	2	32	0	2325	4
nist-pdf-0017	pdf	sqlite	3	32	0	2053	4
nist-pdf-0017	pdf	sqlite	4	32	0	2229	4
nist-pdf-0017	pdf	sqlite	5	32	0	2348	4
nist-pdf-0017	pdf	vole	0	32	0	4310	4
nist-pdf-0017	pdf	vole	1	32	0	4017	4
nist-pdf-0017	pdf	vole	2	32	0	3949	4
nist-pdf-0017	pdf	vole	3	32	0	4126	4
nist-pdf-0017	pdf	vole	4	32	0	3920	4
nist-pdf-0017	pdf	vole	5	32	0	4101	4
nist-pdf-0017	pdf	vole	0	33	0	4259	4
nist-pdf-0017	pdf	vole	1	33	0	4023	4
nist-pdf-0017	pdf	vole	2	33	0	4019	4
nist-pdf-0017	pdf	vole	3	33	0	4085	4
nist-pdf-0017	pdf	vole	4	33	0	3976	4
nist-pdf-0017	pdf	vole	5	33	0	4408	4
nist-pdf-0017	pdf	sqlite	0	33	0	2841	4
nist-pdf-0017	pdf	sqlite	1	33	0	2760	4
nist-pdf-0017	pdf	sqlite	2	33	0	2247	4
nist-pdf-0017	pdf	sqlite	3	33	0	2324	4
nist-pdf-0017	pdf	sqlite	4	33	0	2483	4
nist-pdf-0017	pdf	sqlite	5	33	0	2293	4
nist-pdf-0017	pdf	sqlite	0	34	0	2232	4
nist-pdf-0017	pdf	sqlite	1	34	0	2252	4
nist-pdf-0017	pdf	sqlite	2	34	0	2340	4
nist-pdf-0017	pdf	sqlite	3	34	0	2292	4
nist-pdf-0017	pdf	sqlite	4	34	0	2477	4
nist-pdf-0017	pdf	sqlite	5	34	0	2267	4
nist-pdf-0017	pdf	vole	0	34	0	4157	4
nist-pdf-0017	pdf	vole	1	34	0	4049	4
nist-pdf-0017	pdf	vole	2	34	0	4058	4
nist-pdf-0017	pdf	vole	3	34	0	4205	4
nist-pdf-0017	pdf	vole	4	34	0	4157	4
nist-pdf-0017	pdf	vole	5	34	0	4103	4
nist-pdf-0017	pdf	vole	0	35	0	4070	4
nist-pdf-0017	pdf	vole	1	35	0	4256	4
nist-pdf-0017	pdf	vole	2	35	0	3969	4
nist-pdf-0017	pdf	vole	3	35	0	3845	4
nist-pdf-0017	pdf	vole	4	35	0	4009	4
nist-pdf-0017	pdf	vole	5	35	0	4071	4
nist-pdf-0017	pdf	sqlite	0	35	0	2742	4
nist-pdf-0017	pdf	sqlite	1	35	0	2492	4
nist-pdf-0017	pdf	sqlite	2	35	0	2240	4
nist-pdf-0017	pdf	sqlite	3	35	0	2426	4
nist-pdf-0017	pdf	sqlite	4	35	0	2231	4
nist-pdf-0017	pdf	sqlite	5	35	0	2418	4
nist-pdf-0017	pdf	sqlite	0	36	0	2175	4
nist-pdf-0017	pdf	sqlite	1	36	0	2104	4
nist-pdf-0017	pdf	sqlite	2	36	0	2417	4
nist-pdf-0017	pdf	sqlite	3	36	0	2298	4
nist-pdf-0017	pdf	sqlite	4	36	0	2253	4
nist-pdf-0017	pdf	sqlite	5	36	0	2347	4
nist-pdf-0017	pdf	vole	0	36	0	4200	4
nist-pdf-0017	pdf	vole	1	36	0	4319	4
nist-pdf-0017	pdf	vole	2	36	0	4203	4
nist-pdf-0017	pdf	vole	3	36	0	4096	4
nist-pdf-0017	pdf	vole	4	36	0	4105	4
nist-pdf-0017	pdf	vole	5	36	0	3955	4
nist-pdf-0017	pdf	vole	0	37	0	4684	4
nist-pdf-0017	pdf	vole	1	37	0	4152	4
nist-pdf-0017	pdf	vole	2	37	0	3990	4
nist-pdf-0017	pdf	vole	3	37	0	4042	4
nist-pdf-0017	pdf	vole	4	37	0	3920	4
nist-pdf-0017	pdf	vole	5	37	0	4117	4
nist-pdf-0017	pdf	sqlite	0	37	0	2466	4
nist-pdf-0017	pdf	sqlite	1	37	0	2544	4
nist-pdf-0017	pdf	sqlite	2	37	0	2653	4
nist-pdf-0017	pdf	sqlite	3	37	0	2292	4
nist-pdf-0017	pdf	sqlite	4	37	0	2157	4
nist-pdf-0017	pdf	sqlite	5	37	0	2210	4
nist-pdf-0017	pdf	sqlite	0	38	0	2101	4
nist-pdf-0017	pdf	sqlite	1	38	0	2320	4
nist-pdf-0017	pdf	sqlite	2	38	0	2199	4
nist-pdf-0017	pdf	sqlite	3	38	0	2160	4
nist-pdf-0017	pdf	sqlite	4	38	0	2376	4
nist-pdf-0017	pdf	sqlite	5	38	0	2202	4
nist-pdf-0017	pdf	vole	0	38	0	3992	4
nist-pdf-0017	pdf	vole	1	38	0	3990	4
nist-pdf-0017	pdf	vole	2	38	0	4084	4
nist-pdf-0017	pdf	vole	3	38	0	3854	4
nist-pdf-0017	pdf	vole	4	38	0	3898	4
nist-pdf-0017	pdf	vole	5	38	0	3993	4
nist-pdf-0017	pdf	vole	0	39	0	4070	4
nist-pdf-0017	pdf	vole	1	39	0	3917	4
nist-pdf-0017	pdf	vole	2	39	0	3845	4
nist-pdf-0017	pdf	vole	3	39	0	3851	4
nist-pdf-0017	pdf	vole	4	39	0	3936	4
nist-pdf-0017	pdf	vole	5	39	0	3994	4
nist-pdf-0017	pdf	sqlite	0	39	0	2423	4
nist-pdf-0017	pdf	sqlite	1	39	0	2313	4
nist-pdf-0017	pdf	sqlite	2	39	0	2713	4
nist-pdf-0017	pdf	sqlite	3	39	0	2355	4
nist-pdf-0017	pdf	sqlite	4	39	0	2499	4
nist-pdf-0017	pdf	sqlite	5	39	0	2383	4
nist-pdf-0017	pdf	sqlite	0	40	0	2594	4
nist-pdf-0017	pdf	sqlite	1	40	0	2532	4
nist-pdf-0017	pdf	sqlite	2	40	0	2295	4
nist-pdf-0017	pdf	sqlite	3	40	0	2492	4
nist-pdf-0017	pdf	sqlite	4	40	0	2449	4
nist-pdf-0017	pdf	sqlite	5	40	0	2316	4
nist-pdf-0017	pdf	vole	0	40	0	4258	4
nist-pdf-0017	pdf	vole	1	40	0	4055	4
nist-pdf-0017	pdf	vole	2	40	0	4140	4
nist-pdf-0017	pdf	vole	3	40	0	4030	4
nist-pdf-0017	pdf	vole	4	40	0	4069	4
nist-pdf-0017	pdf	vole	5	40	0	4006	4
nist-pdf-0017	pdf	vole	0	41	0	4134	4
nist-pdf-0017	pdf	vole	1	41	0	4024	4
nist-pdf-0017	pdf	vole	2	41	0	4646	4
nist-pdf-0017	pdf	vole	3	41	0	4029	4
nist-pdf-0017	pdf	vole	4	41	0	4053	4
nist-pdf-0017	pdf	vole	5	41	0	4180	4
nist-pdf-0017	pdf	sqlite	0	41	0	2629	4
nist-pdf-0017	pdf	sqlite	1	41	0	2606	4
nist-pdf-0017	pdf	sqlite	2	41	0	2299	4
nist-pdf-0017	pdf	sqlite	3	41	0	2486	4
nist-pdf-0017	pdf	sqlite	4	41	0	2443	4
nist-pdf-0017	pdf	sqlite	5	41	0	2586	4
nist-pdf-0017	pdf	sqlite	0	42	0	2405	4
nist-pdf-0017	pdf	sqlite	1	42	0	2327	4
nist-pdf-0017	pdf	sqlite	2	42	0	2356	4
nist-pdf-0017	pdf	sqlite	3	42	0	2268	4
nist-pdf-0017	pdf	sqlite	4	42	0	2280	4
nist-pdf-0017	pdf	sqlite	5	42	0	2446	4
nist-pdf-0017	pdf	vole	0	42	0	4324	4
nist-pdf-0017	pdf	vole	1	42	0	4177	4
nist-pdf-0017	pdf	vole	2	42	0	4266	4
nist-pdf-0017	pdf	vole	3	42	0	4206	4
nist-pdf-0017	pdf	vole	4	42	0	4005	4
nist-pdf-0017	pdf	vole	5	42	0	3880	4
nist-pdf-0017	pdf	vole	0	43	0	3964	4
nist-pdf-0017	pdf	vole	1	43	0	4070	4
nist-pdf-0017	pdf	vole	2	43	0	4036	4
nist-pdf-0017	pdf	vole	3	43	0	4183	4
nist-pdf-0017	pdf	vole	4	43	0	3950	4
nist-pdf-0017	pdf	vole	5	43	0	3955	4
nist-pdf-0017	pdf	sqlite	0	43	0	2404	4
nist-pdf-0017	pdf	sqlite	1	43	0	2294	4
nist-pdf-0017	pdf	sqlite	2	43	0	2518	4
nist-pdf-0017	pdf	sqlite	3	43	0	2164	4
nist-pdf-0017	pdf	sqlite	4	43	0	2214	4
nist-pdf-0017	pdf	sqlite	5	43	0	2533	4
nist-pdf-0017	pdf	sqlite	0	44	0	2309	4
nist-pdf-0017	pdf	sqlite	1	44	0	2393	4
nist-pdf-0017	pdf	sqlite	2	44	0	2329	4
nist-pdf-0017	pdf	sqlite	3	44	0	2329	4
nist-pdf-0017	pdf	sqlite	4	44	0	2409	4
nist-pdf-0017	pdf	sqlite	5	44	0	2500	4
nist-pdf-0017	pdf	vole	0	44	0	4187	4
nist-pdf-0017	pdf	vole	1	44	0	4035	4
nist-pdf-0017	pdf	vole	2	44	0	4292	4
nist-pdf-0017	pdf	vole	3	44	0	4135	4
nist-pdf-0017	pdf	vole	4	44	0	4213	4
nist-pdf-0017	pdf	vole	5	44	0	4047	4
nist-pdf-0017	pdf	vole	0	45	0	3944	4
nist-pdf-0017	pdf	vole	1	45	0	3847	4
nist-pdf-0017	pdf	vole	2	45	0	3923	4
nist-pdf-0017	pdf	vole	3	45	0	4043	4
nist-pdf-0017	pdf	vole	4	45	0	3952	4
nist-pdf-0017	pdf	vole	5	45	0	3816	4
nist-pdf-0017	pdf	sqlite	0	45	0	2401	4
nist-pdf-0017	pdf	sqlite	1	45	0	2763	4
nist-pdf-0017	pdf	sqlite	2	45	0	2409	4
nist-pdf-0017	pdf	sqlite	3	45	0	2210	4
nist-pdf-0017	pdf	sqlite	4	45	0	2198	4
nist-pdf-0017	pdf	sqlite	5	45	0	2417	4
nist-pdf-0017	pdf	sqlite	0	46	0	2618	4
nist-pdf-0017	pdf	sqlite	1	46	0	2169	4
nist-pdf-0017	pdf	sqlite	2	46	0	2354	4
nist-pdf-0017	pdf	sqlite	3	46	0	2308	4
nist-pdf-0017	pdf	sqlite	4	46	0	2452	4
nist-pdf-0017	pdf	sqlite	5	46	0	2826	4
nist-pdf-0017	pdf	vole	0	46	0	4219	4
nist-pdf-0017	pdf	vole	1	46	0	3918	4
nist-pdf-0017	pdf	vole	2	46	0	4076	4
nist-pdf-0017	pdf	vole	3	46	0	4060	4
nist-pdf-0017	pdf	vole	4	46	0	4216	4
nist-pdf-0017	pdf	vole	5	46	0	4037	4
nist-pdf-0017	pdf	vole	0	47	0	4060	4
nist-pdf-0017	pdf	vole	1	47	0	3958	4
nist-pdf-0017	pdf	vole	2	47	0	4166	4
nist-pdf-0017	pdf	vole	3	47	0	4150	4
nist-pdf-0017	pdf	vole	4	47	0	4063	4
nist-pdf-0017	pdf	vole	5	47	0	3935	4
nist-pdf-0017	pdf	sqlite	0	47	0	2498	4
nist-pdf-0017	pdf	sqlite	1	47	0	2369	4
nist-pdf-0017	pdf	sqlite	2	47	0	2391	4
nist-pdf-0017	pdf	sqlite	3	47	0	2207	4
nist-pdf-0017	pdf	sqlite	4	47	0	2295	4
nist-pdf-0017	pdf	sqlite	5	47	0	2668	4
nist-pdf-0017	pdf	sqlite	0	48	0	2359	4
nist-pdf-0017	pdf	sqlite	1	48	0	2366	4
nist-pdf-0017	pdf	sqlite	2	48	0	2329	4
nist-pdf-0017	pdf	sqlite	3	48	0	2415	4
nist-pdf-0017	pdf	sqlite	4	48	0	2459	4
nist-pdf-0017	pdf	sqlite	5	48	0	2494	4
nist-pdf-0017	pdf	vole	0	48	0	4217	4
nist-pdf-0017	pdf	vole	1	48	0	4030	4
nist-pdf-0017	pdf	vole	2	48	0	4001	4
nist-pdf-0017	pdf	vole	3	48	0	3951	4
nist-pdf-0017	pdf	vole	4	48	0	4057	4
nist-pdf-0017	pdf	vole	5	48	0	3976	4
nist-pdf-0017	pdf	vole	0	49	0	3971	4
nist-pdf-0017	pdf	vole	1	49	0	4065	4
nist-pdf-0017	pdf	vole	2	49	0	4303	4
nist-pdf-0017	pdf	vole	3	49	0	4595	4
nist-pdf-0017	pdf	vole	4	49	0	4078	4
nist-pdf-0017	pdf	vole	5	49	0	3999	4
nist-pdf-0017	pdf	sqlite	0	49	0	2421	4
nist-pdf-0017	pdf	sqlite	1	49	0	2677	4
nist-pdf-0017	pdf	sqlite	2	49	0	2279	4
nist-pdf-0017	pdf	sqlite	3	49	0	2294	4
nist-pdf-0017	pdf	sqlite	4	49	0	2456	4
nist-pdf-0017	pdf	sqlite	5	49	0	2316	4
nist-pdf-0017	pdf	sqlite	0	50	0	2142	4
nist-pdf-0017	pdf	sqlite	1	50	0	2422	4
nist-pdf-0017	pdf	sqlite	2	50	0	2148	4
nist-pdf-0017	pdf	sqlite	3	50	0	2062	4
nist-pdf-0017	pdf	sqlite	4	50	0	2346	4
nist-pdf-0017	pdf	sqlite	5	50	0	2195	4
nist-pdf-0017	pdf	vole	0	50	0	4208	4
nist-pdf-0017	pdf	vole	1	50	0	4080	4
nist-pdf-0017	pdf	vole	2	50	0	4125	4
nist-pdf-0017	pdf	vole	3	50	0	4049	4
nist-pdf-0017	pdf	vole	4	50	0	4064	4
nist-pdf-0017	pdf	vole	5	50	0	4050	4
nist-pdf-0017	pdf	vole	0	51	0	4052	4
nist-pdf-0017	pdf	vole	1	51	0	4035	4
nist-pdf-0017	pdf	vole	2	51	0	3896	4
nist-pdf-0017	pdf	vole	3	51	0	4120	4
nist-pdf-0017	pdf	vole	4	51	0	4121	4
nist-pdf-0017	pdf	vole	5	51	0	4404	4
nist-pdf-0017	pdf	sqlite	0	51	0	2771	4
nist-pdf-0017	pdf	sqlite	1	51	0	2445	4
nist-pdf-0017	pdf	sqlite	2	51	0	2366	4
nist-pdf-0017	pdf	sqlite	3	51	0	2273	4
nist-pdf-0017	pdf	sqlite	4	51	0	2337	4
nist-pdf-0017	pdf	sqlite	5	51	0	2536	4
nist-pdf-0017	pdf	sqlite	0	52	0	2271	4
nist-pdf-0017	pdf	sqlite	1	52	0	2219	4
nist-pdf-0017	pdf	sqlite	2	52	0	2327	4
nist-pdf-0017	pdf	sqlite	3	52	0	2146	4
nist-pdf-0017	pdf	sqlite	4	52	0	2344	4
nist-pdf-0017	pdf	sqlite	5	52	0	2605	4
nist-pdf-0017	pdf	vole	0	52	0	4547	4
nist-pdf-0017	pdf	vole	1	52	0	4205	4
nist-pdf-0017	pdf	vole	2	52	0	4171	4
nist-pdf-0017	pdf	vole	3	52	0	4308	4
nist-pdf-0017	pdf	vole	4	52	0	4168	4
nist-pdf-0017	pdf	vole	5	52	0	4190	4
nist-pdf-0017	pdf	vole	0	53	0	4241	4
nist-pdf-0017	pdf	vole	1	53	0	3972	4
nist-pdf-0017	pdf	vole	2	53	0	3877	4
nist-pdf-0017	pdf	vole	3	53	0	4265	4
nist-pdf-0017	pdf	vole	4	53	0	4051	4
nist-pdf-0017	pdf	vole	5	53	0	4074	4
nist-pdf-0017	pdf	sqlite	0	53	0	2716	4
nist-pdf-0017	pdf	sqlite	1	53	0	2559	4
nist-pdf-0017	pdf	sqlite	2	53	0	2389	4
nist-pdf-0017	pdf	sqlite	3	53	0	2389	4
nist-pdf-0017	pdf	sqlite	4	53	0	2646	4
nist-pdf-0017	pdf	sqlite	5	53	0	2401	4
nist-pdf-0017	pdf	sqlite	0	54	0	2214	4
nist-pdf-0017	pdf	sqlite	1	54	0	2360	4
nist-pdf-0017	pdf	sqlite	2	54	0	2300	4
nist-pdf-0017	pdf	sqlite	3	54	0	2419	4
nist-pdf-0017	pdf	sqlite	4	54	0	2364	4
nist-pdf-0017	pdf	sqlite	5	54	0	2622	4
nist-pdf-0017	pdf	vole	0	54	0	4144	4
nist-pdf-0017	pdf	vole	1	54	0	4146	4
nist-pdf-0017	pdf	vole	2	54	0	3922	4
nist-pdf-0017	pdf	vole	3	54	0	4202	4
nist-pdf-0017	pdf	vole	4	54	0	4068	4
nist-pdf-0017	pdf	vole	5	54	0	4062	4
nist-pdf-0017	pdf	vole	0	55	0	3868	4
nist-pdf-0017	pdf	vole	1	55	0	4024	4
nist-pdf-0017	pdf	vole	2	55	0	4213	4
nist-pdf-0017	pdf	vole	3	55	0	4033	4
nist-pdf-0017	pdf	vole	4	55	0	3989	4
nist-pdf-0017	pdf	vole	5	55	0	4096	4
nist-pdf-0017	pdf	sqlite	0	55	0	2796	4
nist-pdf-0017	pdf	sqlite	1	55	0	2384	4
nist-pdf-0017	pdf	sqlite	2	55	0	2159	4
nist-pdf-0017	pdf	sqlite	3	55	0	2467	4
nist-pdf-0017	pdf	sqlite	4	55	0	2351	4
nist-pdf-0017	pdf	sqlite	5	55	0	2352	4
nist-pdf-0017	pdf	sqlite	0	56	0	2458	4
nist-pdf-0017	pdf	sqlite	1	56	0	2217	4
nist-pdf-0017	pdf	sqlite	2	56	0	2391	4
nist-pdf-0017	pdf	sqlite	3	56	0	2380	4
nist-pdf-0017	pdf	sqlite	4	56	0	2264	4
nist-pdf-0017	pdf	sqlite	5	56	0	2414	4
nist-pdf-0017	pdf	vole	0	56	0	4265	4
nist-pdf-0017	pdf	vole	1	56	0	4143	4
nist-pdf-0017	pdf	vole	2	56	0	4048	4
nist-pdf-0017	pdf	vole	3	56	0	4165	4
nist-pdf-0017	pdf	vole	4	56	0	3991	4
nist-pdf-0017	pdf	vole	5	56	0	4014	4
nist-pdf-0017	pdf	vole	0	57	0	4356	4
nist-pdf-0017	pdf	vole	1	57	0	4102	4
nist-pdf-0017	pdf	vole	2	57	0	4049	4
nist-pdf-0017	pdf	vole	3	57	0	4116	4
nist-pdf-0017	pdf	vole	4	57	0	3891	4
nist-pdf-0017	pdf	vole	5	57	0	4189	4
nist-pdf-0017	pdf	sqlite	0	57	0	2850	4
nist-pdf-0017	pdf	sqlite	1	57	0	2356	4
nist-pdf-0017	pdf	sqlite	2	57	0	2627	4
nist-pdf-0017	pdf	sqlite	3	57	0	2201	4
nist-pdf-0017	pdf	sqlite	4	57	0	2416	4
nist-pdf-0017	pdf	sqlite	5	57	0	2493	4
nist-pdf-0017	pdf	sqlite	0	58	0	2617	4
nist-pdf-0017	pdf	sqlite	1	58	0	2336	4
nist-pdf-0017	pdf	sqlite	2	58	0	2281	4
nist-pdf-0017	pdf	sqlite	3	58	0	2413	4
nist-pdf-0017	pdf	sqlite	4	58	0	2664	4
nist-pdf-0017	pdf	sqlite	5	58	0	2280	4
nist-pdf-0017	pdf	vole	0	58	0	4154	4
nist-pdf-0017	pdf	vole	1	58	0	4328	4
nist-pdf-0017	pdf	vole	2	58	0	4656	4
nist-pdf-0017	pdf	vole	3	58	0	3986	4
nist-pdf-0017	pdf	vole	4	58	0	4135	4
nist-pdf-0017	pdf	vole	5	58	0	4197	4
nist-pdf-0017	pdf	vole	0	59	0	4246	4
nist-pdf-0017	pdf	vole	1	59	0	3837	4
nist-pdf-0017	pdf	vole	2	59	0	4119	4
nist-pdf-0017	pdf	vole	3	59	0	4016	4
nist-pdf-0017	pdf	vole	4	59	0	4633	4
nist-pdf-0017	pdf	vole	5	59	0	4058	4
nist-pdf-0017	pdf	sqlite	0	59	0	2878	4
nist-pdf-0017	pdf	sqlite	1	59	0	3139	4
nist-pdf-0017	pdf	sqlite	2	59	0	2814	4
nist-pdf-0017	pdf	sqlite	3	59	0	2525	4
nist-pdf-0017	pdf	sqlite	4	59	0	2423	4
nist-pdf-0017	pdf	sqlite	5	59	0	2835	4
nist-pdf-0017	pdf	sqlite	0	60	0	2366	4
nist-pdf-0017	pdf	sqlite	1	60	0	2320	4
nist-pdf-0017	pdf	sqlite	2	60	0	2411	4
nist-pdf-0017	pdf	sqlite	3	60	0	2199	4
nist-pdf-0017	pdf	sqlite	4	60	0	2590	4
nist-pdf-0017	pdf	sqlite	5	60	0	2153	4
nist-pdf-0017	pdf	vole	0	60	0	4258	4
nist-pdf-0017	pdf	vole	1	60	0	4376	4
nist-pdf-0017	pdf	vole	2	60	0	3966	4
nist-pdf-0017	pdf	vole	3	60	0	4045	4
nist-pdf-0017	pdf	vole	4	60	0	4170	4
nist-pdf-0017	pdf	vole	5	60	0	4068	4
nist-pdf-0017	pdf	vole	0	61	0	4078	4
nist-pdf-0017	pdf	vole	1	61	0	4209	4
nist-pdf-0017	pdf	vole	2	61	0	4183	4
nist-pdf-0017	pdf	vole	3	61	0	4024	4
nist-pdf-0017	pdf	vole	4	61	0	4261	4
nist-pdf-0017	pdf	vole	5	61	0	4253	4
nist-pdf-0017	pdf	sqlite	0	61	0	2613	4
nist-pdf-0017	pdf	sqlite	1	61	0	2840	4
nist-pdf-0017	pdf	sqlite	2	61	0	2532	4
nist-pdf-0017	pdf	sqlite	3	61	0	2405	4
nist-pdf-0017	pdf	sqlite	4	61	0	2235	4
nist-pdf-0017	pdf	sqlite	5	61	0	2350	4
nist-pdf-0017	pdf	sqlite	0	62	0	2325	4
nist-pdf-0017	pdf	sqlite	1	62	0	2223	4
nist-pdf-0017	pdf	sqlite	2	62	0	2315	4
nist-pdf-0017	pdf	sqlite	3	62	0	2360	4
nist-pdf-0017	pdf	sqlite	4	62	0	2271	4
nist-pdf-0017	pdf	sqlite	5	62	0	2277	4
nist-pdf-0017	pdf	vole	0	62	0	4137	4
nist-pdf-0017	pdf	vole	1	62	0	4362	4
nist-pdf-0017	pdf	vole	2	62	0	4066	4
nist-pdf-0017	pdf	vole	3	62	0	4072	4
nist-pdf-0017	pdf	vole	4	62	0	4139	4
nist-pdf-0017	pdf	vole	5	62	0	4046	4
nist-pdf-0017	pdf	vole	0	63	0	4024	4
nist-pdf-0017	pdf	vole	1	63	0	4094	4
nist-pdf-0017	pdf	vole	2	63	0	3959	4
nist-pdf-0017	pdf	vole	3	63	0	3813	4
nist-pdf-0017	pdf	vole	4	63	0	3968	4
nist-pdf-0017	pdf	vole	5	63	0	3983	4
nist-pdf-0017	pdf	sqlite	0	63	0	2569	4
nist-pdf-0017	pdf	sqlite	1	63	0	2619	4
nist-pdf-0017	pdf	sqlite	2	63	0	2335	4
nist-pdf-0017	pdf	sqlite	3	63	0	2680	4
nist-pdf-0017	pdf	sqlite	4	63	0	2454	4
nist-pdf-0017	pdf	sqlite	5	63	0	2392	4
nist-pdf-0017	pdf	sqlite	0	64	0	2253	4
nist-pdf-0017	pdf	sqlite	1	64	0	2094	4
nist-pdf-0017	pdf	sqlite	2	64	0	2016	4
nist-pdf-0017	pdf	sqlite	3	64	0	2264	4
nist-pdf-0017	pdf	sqlite	4	64	0	2233	4
nist-pdf-0017	pdf	sqlite	5	64	0	2139	4
nist-pdf-0017	pdf	vole	0	64	0	4070	4
nist-pdf-0017	pdf	vole	1	64	0	4109	4
nist-pdf-0017	pdf	vole	2	64	0	4176	4
nist-pdf-0017	pdf	vole	3	64	0	4138	4
nist-pdf-0017	pdf	vole	4	64	0	4387	4
nist-pdf-0017	pdf	vole	5	64	0	4113	4
nist-pdf-0017	pdf	vole	0	65	0	4104	4
nist-pdf-0017	pdf	vole	1	65	0	4067	4
nist-pdf-0017	pdf	vole	2	65	0	4075	4
nist-pdf-0017	pdf	vole	3	65	0	4002	4
nist-pdf-0017	pdf	vole	4	65	0	3993	4
nist-pdf-0017	pdf	vole	5	65	0	3937	4
nist-pdf-0017	pdf	sqlite	0	65	0	2618	4
nist-pdf-0017	pdf	sqlite	1	65	0	2400	4
nist-pdf-0017	pdf	sqlite	2	65	0	2479	4
nist-pdf-0017	pdf	sqlite	3	65	0	2261	4
nist-pdf-0017	pdf	sqlite	4	65	0	2700	4
nist-pdf-0017	pdf	sqlite	5	65	0	2474	4
nist-pdf-0017	pdf	sqlite	0	66	0	2214	4
nist-pdf-0017	pdf	sqlite	1	66	0	2195	4
nist-pdf-0017	pdf	sqlite	2	66	0	2367	4
nist-pdf-0017	pdf	sqlite	3	66	0	2348	4
nist-pdf-0017	pdf	sqlite	4	66	0	2364	4
nist-pdf-0017	pdf	sqlite	5	66	0	2345	4
nist-pdf-0017	pdf	vole	0	66	0	4241	4
nist-pdf-0017	pdf	vole	1	66	0	4535	4
nist-pdf-0017	pdf	vole	2	66	0	4073	4
nist-pdf-0017	pdf	vole	3	66	0	4038	4
nist-pdf-0017	pdf	vole	4	66	0	4142	4
nist-pdf-0017	pdf	vole	5	66	0	3925	4
nist-pdf-0017	pdf	vole	0	67	0	4026	4
nist-pdf-0017	pdf	vole	1	67	0	4115	4
nist-pdf-0017	pdf	vole	2	67	0	4084	4
nist-pdf-0017	pdf	vole	3	67	0	4211	4
nist-pdf-0017	pdf	vole	4	67	0	3998	4
nist-pdf-0017	pdf	vole	5	67	0	4035	4
nist-pdf-0017	pdf	sqlite	0	67	0	2546	4
nist-pdf-0017	pdf	sqlite	1	67	0	2923	4
nist-pdf-0017	pdf	sqlite	2	67	0	2113	4
nist-pdf-0017	pdf	sqlite	3	67	0	2181	4
nist-pdf-0017	pdf	sqlite	4	67	0	2215	4
nist-pdf-0017	pdf	sqlite	5	67	0	2340	4
nist-pdf-0017	pdf	sqlite	0	68	0	2109	4
nist-pdf-0017	pdf	sqlite	1	68	0	2262	4
nist-pdf-0017	pdf	sqlite	2	68	0	2679	4
nist-pdf-0017	pdf	sqlite	3	68	0	2387	4
nist-pdf-0017	pdf	sqlite	4	68	0	2252	4
nist-pdf-0017	pdf	sqlite	5	68	0	2288	4
nist-pdf-0017	pdf	vole	0	68	0	4278	4
nist-pdf-0017	pdf	vole	1	68	0	4078	4
nist-pdf-0017	pdf	vole	2	68	0	4126	4
nist-pdf-0017	pdf	vole	3	68	0	4153	4
nist-pdf-0017	pdf	vole	4	68	0	3880	4
nist-pdf-0017	pdf	vole	5	68	0	4358	4
nist-pdf-0017	pdf	vole	0	69	0	4000	4
nist-pdf-0017	pdf	vole	1	69	0	4173	4
nist-pdf-0017	pdf	vole	2	69	0	4162	4
nist-pdf-0017	pdf	vole	3	69	0	3939	4
nist-pdf-0017	pdf	vole	4	69	0	4047	4
nist-pdf-0017	pdf	vole	5	69	0	4150	4
nist-pdf-0017	pdf	sqlite	0	69	0	2697	4
nist-pdf-0017	pdf	sqlite	1	69	0	2346	4
nist-pdf-0017	pdf	sqlite	2	69	0	2324	4
nist-pdf-0017	pdf	sqlite	3	69	0	2397	4
nist-pdf-0017	pdf	sqlite	4	69	0	2570	4
nist-pdf-0017	pdf	sqlite	5	69	0	2205	4
nist-pdf-0017	pdf	sqlite	0	70	0	2269	4
nist-pdf-0017	pdf	sqlite	1	70	0	2237	4
nist-pdf-0017	pdf	sqlite	2	70	0	2415	4
nist-pdf-0017	pdf	sqlite	3	70	0	2493	4
nist-pdf-0017	pdf	sqlite	4	70	0	2217	4
nist-pdf-0017	pdf	sqlite	5	70	0	2372	4
nist-pdf-0017	pdf	vole	0	70	0	4151	4
nist-pdf-0017	pdf	vole	1	70	0	4059	4
nist-pdf-0017	pdf	vole	2	70	0	4144	4
nist-pdf-0017	pdf	vole	3	70	0	3933	4
nist-pdf-0017	pdf	vole	4	70	0	4137	4
nist-pdf-0017	pdf	vole	5	70	0	4051	4
nist-pdf-0017	pdf	vole	0	71	0	4091	4
nist-pdf-0017	pdf	vole	1	71	0	4013	4
nist-pdf-0017	pdf	vole	2	71	0	3869	4
nist-pdf-0017	pdf	vole	3	71	0	3828	4
nist-pdf-0017	pdf	vole	4	71	0	3826	4
nist-pdf-0017	pdf	vole	5	71	0	4114	4
nist-pdf-0017	pdf	sqlite	0	71	0	2898	4
nist-pdf-0017	pdf	sqlite	1	71	0	2503	4
nist-pdf-0017	pdf	sqlite	2	71	0	2765	4
nist-pdf-0017	pdf	sqlite	3	71	0	2277	4
nist-pdf-0017	pdf	sqlite	4	71	0	2471	4
nist-pdf-0017	pdf	sqlite	5	71	0	2463	4
nist-pdf-0017	pdf	sqlite	0	72	0	2189	4
nist-pdf-0017	pdf	sqlite	1	72	0	2121	4
nist-pdf-0017	pdf	sqlite	2	72	0	2389	4
nist-pdf-0017	pdf	sqlite	3	72	0	2338	4
nist-pdf-0017	pdf	sqlite	4	72	0	2600	4
nist-pdf-0017	pdf	sqlite	5	72	0	2239	4
nist-pdf-0017	pdf	vole	0	72	0	4208	4
nist-pdf-0017	pdf	vole	1	72	0	4135	4
nist-pdf-0017	pdf	vole	2	72	0	4050	4
nist-pdf-0017	pdf	vole	3	72	0	4147	4
nist-pdf-0017	pdf	vole	4	72	0	4107	4
nist-pdf-0017	pdf	vole	5	72	0	3940	4
nist-pdf-0017	pdf	vole	0	73	0	4129	4
nist-pdf-0017	pdf	vole	1	73	0	3979	4
nist-pdf-0017	pdf	vole	2	73	0	4046	4
nist-pdf-0017	pdf	vole	3	73	0	3915	4
nist-pdf-0017	pdf	vole	4	73	0	4029	4
nist-pdf-0017	pdf	vole	5	73	0	4135	4
nist-pdf-0017	pdf	sqlite	0	73	0	2904	4
nist-pdf-0017	pdf	sqlite	1	73	0	2469	4
nist-pdf-0017	pdf	sqlite	2	73	0	2242	4
nist-pdf-0017	pdf	sqlite	3	73	0	2306	4
nist-pdf-0017	pdf	sqlite	4	73	0	2407	4
nist-pdf-0017	pdf	sqlite	5	73	0	2221	4
nist-pdf-0017	pdf	sqlite	0	74	0	2097	4
nist-pdf-0017	pdf	sqlite	1	74	0	2276	4
nist-pdf-0017	pdf	sqlite	2	74	0	2417	4
nist-pdf-0017	pdf	sqlite	3	74	0	2389	4
nist-pdf-0017	pdf	sqlite	4	74	0	2499	4
nist-pdf-0017	pdf	sqlite	5	74	0	2213	4
nist-pdf-0017	pdf	vole	0	74	0	4365	4
nist-pdf-0017	pdf	vole	1	74	0	4392	4
nist-pdf-0017	pdf	vole	2	74	0	4259	4
nist-pdf-0017	pdf	vole	3	74	0	4047	4
nist-pdf-0017	pdf	vole	4	74	0	4107	4
nist-pdf-0017	pdf	vole	5	74	0	4106	4
nist-pdf-0017	pdf	vole	0	75	0	4078	4
nist-pdf-0017	pdf	vole	1	75	0	3997	4
nist-pdf-0017	pdf	vole	2	75	0	4106	4
nist-pdf-0017	pdf	vole	3	75	0	4065	4
nist-pdf-0017	pdf	vole	4	75	0	3999	4
nist-pdf-0017	pdf	vole	5	75	0	4174	4
nist-pdf-0017	pdf	sqlite	0	75	0	2762	4
nist-pdf-0017	pdf	sqlite	1	75	0	2488	4
nist-pdf-0017	pdf	sqlite	2	75	0	2532	4
nist-pdf-0017	pdf	sqlite	3	75	0	2470	4
nist-pdf-0017	pdf	sqlite	4	75	0	2450	4
nist-pdf-0017	pdf	sqlite	5	75	0	2494	4
nist-pdf-0017	pdf	sqlite	0	76	0	2294	4
nist-pdf-0017	pdf	sqlite	1	76	0	2596	4
nist-pdf-0017	pdf	sqlite	2	76	0	2369	4
nist-pdf-0017	pdf	sqlite	3	76	0	2394	4
nist-pdf-0017	pdf	sqlite	4	76	0	2333	4
nist-pdf-0017	pdf	sqlite	5	76	0	2452	4
nist-pdf-0017	pdf	vole	0	76	0	4142	4
nist-pdf-0017	pdf	vole	1	76	0	4135	4
nist-pdf-0017	pdf	vole	2	76	0	4045	4
nist-pdf-0017	pdf	vole	3	76	0	4120	4
nist-pdf-0017	pdf	vole	4	76	0	4020	4
nist-pdf-0017	pdf	vole	5	76	0	4104	4
nist-pdf-0017	pdf	vole	0	77	0	3889	4
nist-pdf-0017	pdf	vole	1	77	0	4020	4
nist-pdf-0017	pdf	vole	2	77	0	4100	4
nist-pdf-0017	pdf	vole	3	77	0	4128	4
nist-pdf-0017	pdf	vole	4	77	0	4101	4
nist-pdf-0017	pdf	vole	5	77	0	4216	4
nist-pdf-0017	pdf	sqlite	0	77	0	2662	4
nist-pdf-0017	pdf	sqlite	1	77	0	2347	4
nist-pdf-0017	pdf	sqlite	2	77	0	2373	4
nist-pdf-0017	pdf	sqlite	3	77	0	2243	4
nist-pdf-0017	pdf	sqlite	4	77	0	2335	4
nist-pdf-0017	pdf	sqlite	5	77	0	2528	4
nist-pdf-0017	pdf	sqlite	0	78	0	2378	4
nist-pdf-0017	pdf	sqlite	1	78	0	2334	4
nist-pdf-0017	pdf	sqlite	2	78	0	2261	4
nist-pdf-0017	pdf	sqlite	3	78	0	2339	4
nist-pdf-0017	pdf	sqlite	4	78	0	2395	4
nist-pdf-0017	pdf	sqlite	5	78	0	2499	4
nist-pdf-0017	pdf	vole	0	78	0	4217	4
nist-pdf-0017	pdf	vole	1	78	0	4088	4
nist-pdf-0017	pdf	vole	2	78	0	3958	4
nist-pdf-0017	pdf	vole	3	78	0	4090	4
nist-pdf-0017	pdf	vole	4	78	0	4117	4
nist-pdf-0017	pdf	vole	5	78	0	4051	4
nist-pdf-0017	pdf	vole	0	79	0	3959	4
nist-pdf-0017	pdf	vole	1	79	0	3856	4
nist-pdf-0017	pdf	vole	2	79	0	4095	4
nist-pdf-0017	pdf	vole	3	79	0	3885	4
nist-pdf-0017	pdf	vole	4	79	0	4119	4
nist-pdf-0017	pdf	vole	5	79	0	4053	4
nist-pdf-0017	pdf	sqlite	0	79	0	2615	4
nist-pdf-0017	pdf	sqlite	1	79	0	2514	4
nist-pdf-0017	pdf	sqlite	2	79	0	2213	4
nist-pdf-0017	pdf	sqlite	3	79	0	2258	4
nist-pdf-0017	pdf	sqlite	4	79	0	2387	4
nist-pdf-0017	pdf	sqlite	5	79	0	2665	4
nist-pdf-0017	pdf	sqlite	0	80	0	2478	4
nist-pdf-0017	pdf	sqlite	1	80	0	2449	4
nist-pdf-0017	pdf	sqlite	2	80	0	2316	4
nist-pdf-0017	pdf	sqlite	3	80	0	2491	4
nist-pdf-0017	pdf	sqlite	4	80	0	2506	4
nist-pdf-0017	pdf	sqlite	5	80	0	3175	4
nist-pdf-0017	pdf	vole	0	80	0	4241	4
nist-pdf-0017	pdf	vole	1	80	0	4085	4
nist-pdf-0017	pdf	vole	2	80	0	3978	4
nist-pdf-0017	pdf	vole	3	80	0	3883	4
nist-pdf-0017	pdf	vole	4	80	0	4203	4
nist-pdf-0017	pdf	vole	5	80	0	4079	4
nist-pdf-0017	pdf	vole	0	81	0	4128	4
nist-pdf-0017	pdf	vole	1	81	0	4089	4
nist-pdf-0017	pdf	vole	2	81	0	4116	4
nist-pdf-0017	pdf	vole	3	81	0	4200	4
nist-pdf-0017	pdf	vole	4	81	0	3912	4
nist-pdf-0017	pdf	vole	5	81	0	3900	4
nist-pdf-0017	pdf	sqlite	0	81	0	2551	4
nist-pdf-0017	pdf	sqlite	1	81	0	2523	4
nist-pdf-0017	pdf	sqlite	2	81	0	2535	4
nist-pdf-0017	pdf	sqlite	3	81	0	2440	4
nist-pdf-0017	pdf	sqlite	4	81	0	2383	4
nist-pdf-0017	pdf	sqlite	5	81	0	2478	4
nist-pdf-0017	pdf	sqlite	0	82	0	2254	4
nist-pdf-0017	pdf	sqlite	1	82	0	2304	4
nist-pdf-0017	pdf	sqlite	2	82	0	2152	4
nist-pdf-0017	pdf	sqlite	3	82	0	2190	4
nist-pdf-0017	pdf	sqlite	4	82	0	2347	4
nist-pdf-0017	pdf	sqlite	5	82	0	2290	4
nist-pdf-0017	pdf	vole	0	82	0	4252	4
nist-pdf-0017	pdf	vole	1	82	0	4189	4
nist-pdf-0017	pdf	vole	2	82	0	4112	4
nist-pdf-0017	pdf	vole	3	82	0	4188	4
nist-pdf-0017	pdf	vole	4	82	0	4071	4
nist-pdf-0017	pdf	vole	5	82	0	4256	4
nist-pdf-0017	pdf	vole	0	83	0	3988	4
nist-pdf-0017	pdf	vole	1	83	0	4061	4
nist-pdf-0017	pdf	vole	2	83	0	4142	4
nist-pdf-0017	pdf	vole	3	83	0	4069	4
nist-pdf-0017	pdf	vole	4	83	0	4205	4
nist-pdf-0017	pdf	vole	5	83	0	4051	4
nist-pdf-0017	pdf	sqlite	0	83	0	3010	4
nist-pdf-0017	pdf	sqlite	1	83	0	2243	4
nist-pdf-0017	pdf	sqlite	2	83	0	2449	4
nist-pdf-0017	pdf	sqlite	3	83	0	2250	4
nist-pdf-0017	pdf	sqlite	4	83	0	3014	4
nist-pdf-0017	pdf	sqlite	5	83	0	2377	4
nist-pdf-0017	pdf	sqlite	0	84	0	2290	4
nist-pdf-0017	pdf	sqlite	1	84	0	2419	4
nist-pdf-0017	pdf	sqlite	2	84	0	2240	4
nist-pdf-0017	pdf	sqlite	3	84	0	2247	4
nist-pdf-0017	pdf	sqlite	4	84	0	2429	4
nist-pdf-0017	pdf	sqlite	5	84	0	2558	4
nist-pdf-0017	pdf	vole	0	84	0	4337	4
nist-pdf-0017	pdf	vole	1	84	0	4175	4
nist-pdf-0017	pdf	vole	2	84	0	4095	4
nist-pdf-0017	pdf	vole	3	84	0	4374	4
nist-pdf-0017	pdf	vole	4	84	0	4232	4
nist-pdf-0017	pdf	vole	5	84	0	4067	4
nist-pdf-0017	pdf	vole	0	85	0	4195	4
nist-pdf-0017	pdf	vole	1	85	0	4487	4
nist-pdf-0017	pdf	vole	2	85	0	4304	4
nist-pdf-0017	pdf	vole	3	85	0	4211	4
nist-pdf-0017	pdf	vole	4	85	0	4248	4
nist-pdf-0017	pdf	vole	5	85	0	4004	4
nist-pdf-0017	pdf	sqlite	0	85	0	2643	4
nist-pdf-0017	pdf	sqlite	1	85	0	2583	4
nist-pdf-0017	pdf	sqlite	2	85	0	2553	4
nist-pdf-0017	pdf	sqlite	3	85	0	2360	4
nist-pdf-0017	pdf	sqlite	4	85	0	3033	4
nist-pdf-0017	pdf	sqlite	5	85	0	2719	4
nist-pdf-0017	pdf	sqlite	0	86	0	2571	4
nist-pdf-0017	pdf	sqlite	1	86	0	2275	4
nist-pdf-0017	pdf	sqlite	2	86	0	2374	4
nist-pdf-0017	pdf	sqlite	3	86	0	2211	4
nist-pdf-0017	pdf	sqlite	4	86	0	2181	4
nist-pdf-0017	pdf	sqlite	5	86	0	2100	4
nist-pdf-0017	pdf	vole	0	86	0	4015	4
nist-pdf-0017	pdf	vole	1	86	0	3984	4
nist-pdf-0017	pdf	vole	2	86	0	4029	4
nist-pdf-0017	pdf	vole	3	86	0	4064	4
nist-pdf-0017	pdf	vole	4	86	0	4415	4
nist-pdf-0017	pdf	vole	5	86	0	4074	4
nist-pdf-0017	pdf	vole	0	87	0	4326	4
nist-pdf-0017	pdf	vole	1	87	0	3809	4
nist-pdf-0017	pdf	vole	2	87	0	4029	4
nist-pdf-0017	pdf	vole	3	87	0	4108	4
nist-pdf-0017	pdf	vole	4	87	0	4114	4
nist-pdf-0017	pdf	vole	5	87	0	3893	4
nist-pdf-0017	pdf	sqlite	0	87	0	2590	4
nist-pdf-0017	pdf	sqlite	1	87	0	2257	4
nist-pdf-0017	pdf	sqlite	2	87	0	2354	4
nist-pdf-0017	pdf	sqlite	3	87	0	2419	4
nist-pdf-0017	pdf	sqlite	4	87	0	2288	4
nist-pdf-0017	pdf	sqlite	5	87	0	2340	4
nist-pdf-0017	pdf	sqlite	0	88	0	2298	4
nist-pdf-0017	pdf	sqlite	1	88	0	2291	4
nist-pdf-0017	pdf	sqlite	2	88	0	2358	4
nist-pdf-0017	pdf	sqlite	3	88	0	2431	4
nist-pdf-0017	pdf	sqlite	4	88	0	2325	4
nist-pdf-0017	pdf	sqlite	5	88	0	2358	4
nist-pdf-0017	pdf	vole	0	88	0	4832	4
nist-pdf-0017	pdf	vole	1	88	0	4208	4
nist-pdf-0017	pdf	vole	2	88	0	4045	4
nist-pdf-0017	pdf	vole	3	88	0	4070	4
nist-pdf-0017	pdf	vole	4	88	0	3969	4
nist-pdf-0017	pdf	vole	5	88	0	4051	4
nist-pdf-0017	pdf	vole	0	89	0	3929	4
nist-pdf-0017	pdf	vole	1	89	0	4096	4
nist-pdf-0017	pdf	vole	2	89	0	4472	4
nist-pdf-0017	pdf	vole	3	89	0	4036	4
nist-pdf-0017	pdf	vole	4	89	0	4302	4
nist-pdf-0017	pdf	vole	5	89	0	4058	4
nist-pdf-0017	pdf	sqlite	0	89	0	2717	4
nist-pdf-0017	pdf	sqlite	1	89	0	2373	4
nist-pdf-0017	pdf	sqlite	2	89	0	2362	4
nist-pdf-0017	pdf	sqlite	3	89	0	2252	4
nist-pdf-0017	pdf	sqlite	4	89	0	2251	4
nist-pdf-0017	pdf	sqlite	5	89	0	2433	4
nist-pdf-0017	pdf	sqlite	0	90	0	2861	4
nist-pdf-0017	pdf	sqlite	1	90	0	2881	4
nist-pdf-0017	pdf	sqlite	2	90	0	2333	4
nist-pdf-0017	pdf	sqlite	3	90	0	2413	4
nist-pdf-0017	pdf	sqlite	4	90	0	2425	4
nist-pdf-0017	pdf	sqlite	5	90	0	2135	4
nist-pdf-0017	pdf	vole	0	90	0	4301	4
nist-pdf-0017	pdf	vole	1	90	0	4124	4
nist-pdf-0017	pdf	vole	2	90	0	3973	4
nist-pdf-0017	pdf	vole	3	90	0	3998	4
nist-pdf-0017	pdf	vole	4	90	0	3971	4
nist-pdf-0017	pdf	vole	5	90	0	3905	4
nist-pdf-0017	pdf	vole	0	91	0	3903	4
nist-pdf-0017	pdf	vole	1	91	0	4098	4
nist-pdf-0017	pdf	vole	2	91	0	3984	4
nist-pdf-0017	pdf	vole	3	91	0	3913	4
nist-pdf-0017	pdf	vole	4	91	0	3921	4
nist-pdf-0017	pdf	vole	5	91	0	4036	4
nist-pdf-0017	pdf	sqlite	0	91	0	2467	4
nist-pdf-0017	pdf	sqlite	1	91	0	2147	4
nist-pdf-0017	pdf	sqlite	2	91	0	2446	4
nist-pdf-0017	pdf	sqlite	3	91	0	2101	4
nist-pdf-0017	pdf	sqlite	4	91	0	2362	4
nist-pdf-0017	pdf	sqlite	5	91	0	2397	4
nist-pdf-0017	pdf	sqlite	0	92	0	1993	4
nist-pdf-0017	pdf	sqlite	1	92	0	1974	4
nist-pdf-0017	pdf	sqlite	2	92	0	1993	4
nist-pdf-0017	pdf	sqlite	3	92	0	2073	4
nist-pdf-0017	pdf	sqlite	4	92	0	1930	4
nist-pdf-0017	pdf	sqlite	5	92	0	2113	4
nist-pdf-0017	pdf	vole	0	92	0	3948	4
nist-pdf-0017	pdf	vole	1	92	0	3936	4
nist-pdf-0017	pdf	vole	2	92	0	3813	4
nist-pdf-0017	pdf	vole	3	92	0	4093	4
nist-pdf-0017	pdf	vole	4	92	0	4081	4
nist-pdf-0017	pdf	vole	5	92	0	3975	4
nist-pdf-0017	pdf	vole	0	93	0	3792	4
nist-pdf-0017	pdf	vole	1	93	0	3949	4
nist-pdf-0017	pdf	vole	2	93	0	3965	4
nist-pdf-0017	pdf	vole	3	93	0	3927	4
nist-pdf-0017	pdf	vole	4	93	0	3966	4
nist-pdf-0017	pdf	vole	5	93	0	3996	4
nist-pdf-0017	pdf	sqlite	0	93	0	2388	4
nist-pdf-0017	pdf	sqlite	1	93	0	2244	4
nist-pdf-0017	pdf	sqlite	2	93	0	2137	4
nist-pdf-0017	pdf	sqlite	3	93	0	2081	4
nist-pdf-0017	pdf	sqlite	4	93	0	2159	4
nist-pdf-0017	pdf	sqlite	5	93	0	2134	4
nist-pdf-0017	pdf	sqlite	0	94	0	2026	4
nist-pdf-0017	pdf	sqlite	1	94	0	2037	4
nist-pdf-0017	pdf	sqlite	2	94	0	2154	4
nist-pdf-0017	pdf	sqlite	3	94	0	2041	4
nist-pdf-0017	pdf	sqlite	4	94	0	2442	4
nist-pdf-0017	pdf	sqlite	5	94	0	2281	4
nist-pdf-0017	pdf	vole	0	94	0	3895	4
nist-pdf-0017	pdf	vole	1	94	0	3900	4
nist-pdf-0017	pdf	vole	2	94	0	3999	4
nist-pdf-0017	pdf	vole	3	94	0	3859	4
nist-pdf-0017	pdf	vole	4	94	0	3857	4
nist-pdf-0017	pdf	vole	5	94	0	3736	4
nist-pdf-0017	pdf	vole	0	95	0	3889	4
nist-pdf-0017	pdf	vole	1	95	0	3748	4
nist-pdf-0017	pdf	vole	2	95	0	3709	4
nist-pdf-0017	pdf	vole	3	95	0	4693	4
nist-pdf-0017	pdf	vole	4	95	0	3909	4
nist-pdf-0017	pdf	vole	5	95	0	3837	4
nist-pdf-0017	pdf	sqlite	0	95	0	2307	4
nist-pdf-0017	pdf	sqlite	1	95	0	2256	4
nist-pdf-0017	pdf	sqlite	2	95	0	2159	4
nist-pdf-0017	pdf	sqlite	3	95	0	1896	4
nist-pdf-0017	pdf	sqlite	4	95	0	2119	4
nist-pdf-0017	pdf	sqlite	5	95	0	2407	4
nist-pdf-0017	pdf	sqlite	0	96	0	2090	4
nist-pdf-0017	pdf	sqlite	1	96	0	1995	4
nist-pdf-0017	pdf	sqlite	2	96	0	2119	4
nist-pdf-0017	pdf	sqlite	3	96	0	2075	4
nist-pdf-0017	pdf	sqlite	4	96	0	2185	4
nist-pdf-0017	pdf	sqlite	5	96	0	1994	4
nist-pdf-0017	pdf	vole	0	96	0	3943	4
nist-pdf-0017	pdf	vole	1	96	0	3848	4
nist-pdf-0017	pdf	vole	2	96	0	3892	4
nist-pdf-0017	pdf	vole	3	96	0	3665	4
nist-pdf-0017	pdf	vole	4	96	0	3923	4
nist-pdf-0017	pdf	vole	5	96	0	3897	4
nist-pdf-0017	pdf	vole	0	97	0	3753	4
nist-pdf-0017	pdf	vole	1	97	0	3946	4
nist-pdf-0017	pdf	vole	2	97	0	3890	4
nist-pdf-0017	pdf	vole	3	97	0	3769	4
nist-pdf-0017	pdf	vole	4	97	0	3949	4
nist-pdf-0017	pdf	vole	5	97	0	4013	4
nist-pdf-0017	pdf	sqlite	0	97	0	2418	4
nist-pdf-0017	pdf	sqlite	1	97	0	1984	4
nist-pdf-0017	pdf	sqlite	2	97	0	2170	4
nist-pdf-0017	pdf	sqlite	3	97	0	2122	4
nist-pdf-0017	pdf	sqlite	4	97	0	1964	4
nist-pdf-0017	pdf	sqlite	5	97	0	1921	4
nist-pdf-0017	pdf	sqlite	0	98	0	2155	4
nist-pdf-0017	pdf	sqlite	1	98	0	1806	4
nist-pdf-0017	pdf	sqlite	2	98	0	2162	4
nist-pdf-0017	pdf	sqlite	3	98	0	2168	4
nist-pdf-0017	pdf	sqlite	4	98	0	2191	4
nist-pdf-0017	pdf	sqlite	5	98	0	1948	4
nist-pdf-0017	pdf	vole	0	98	0	4014	4
nist-pdf-0017	pdf	vole	1	98	0	3840	4
nist-pdf-0017	pdf	vole	2	98	0	3816	4
nist-pdf-0017	pdf	vole	3	98	0	3904	4
nist-pdf-0017	pdf	vole	4	98	0	3929	4
nist-pdf-0017	pdf	vole	5	98	0	3868	4
nist-pdf-0017	pdf	vole	0	99	0	3756	4
nist-pdf-0017	pdf	vole	1	99	0	3788	4
nist-pdf-0017	pdf	vole	2	99	0	3987	4
nist-pdf-0017	pdf	vole	3	99	0	3892	4
nist-pdf-0017	pdf	vole	4	99	0	3809	4
nist-pdf-0017	pdf	vole	5	99	0	3784	4
nist-pdf-0017	pdf	sqlite	0	99	0	2213	4
nist-pdf-0017	pdf	sqlite	1	99	0	2498	4
nist-pdf-0017	pdf	sqlite	2	99	0	2266	4
nist-pdf-0017	pdf	sqlite	3	99	0	2193	4
nist-pdf-0017	pdf	sqlite	4	99	0	2146	4
nist-pdf-0017	pdf	sqlite	5	99	0	2114	4
nist-pdf-0017	pdf	sqlite	0	100	0	2066	4
nist-pdf-0017	pdf	sqlite	1	100	0	2095	4
nist-pdf-0017	pdf	sqlite	2	100	0	1940	4
nist-pdf-0017	pdf	sqlite	3	100	0	1968	4
nist-pdf-0017	pdf	sqlite	4	100	0	2121	4
nist-pdf-0017	pdf	sqlite	5	100	0	2153	4
nist-pdf-0017	pdf	vole	0	100	0	3892	4
nist-pdf-0017	pdf	vole	1	100	0	4001	4
nist-pdf-0017	pdf	vole	2	100	0	3890	4
nist-pdf-0017	pdf	vole	3	100	0	4528	4
nist-pdf-0017	pdf	vole	4	100	0	3753	4
nist-pdf-0017	pdf	vole	5	100	0	3899	4
nist-docx-0005	docx	vole	0	1	0	1367	8
nist-docx-0005	docx	vole	1	1	0	1293	8
nist-docx-0005	docx	vole	2	1	0	1343	8
nist-docx-0005	docx	vole	3	1	0	1320	8
nist-docx-0005	docx	vole	4	1	0	1535	8
nist-docx-0005	docx	vole	5	1	0	1446	8
nist-docx-0005	docx	sqlite	0	1	0	1474	8
nist-docx-0005	docx	sqlite	1	1	0	1540	8
nist-docx-0005	docx	sqlite	2	1	0	1618	8
nist-docx-0005	docx	sqlite	3	1	0	1623	8
nist-docx-0005	docx	sqlite	4	1	0	1848	8
nist-docx-0005	docx	sqlite	5	1	0	1657	8
nist-docx-0005	docx	sqlite	0	2	0	1405	8
nist-docx-0005	docx	sqlite	1	2	0	1498	8
nist-docx-0005	docx	sqlite	2	2	0	1940	8
nist-docx-0005	docx	sqlite	3	2	0	1590	8
nist-docx-0005	docx	sqlite	4	2	0	1643	8
nist-docx-0005	docx	sqlite	5	2	0	1728	8
nist-docx-0005	docx	vole	0	2	0	1398	8
nist-docx-0005	docx	vole	1	2	0	1380	8
nist-docx-0005	docx	vole	2	2	0	1416	8
nist-docx-0005	docx	vole	3	2	0	1404	8
nist-docx-0005	docx	vole	4	2	0	1373	8
nist-docx-0005	docx	vole	5	2	0	1324	8
nist-docx-0005	docx	vole	0	3	0	1297	8
nist-docx-0005	docx	vole	1	3	0	1343	8
nist-docx-0005	docx	vole	2	3	0	1421	8
nist-docx-0005	docx	vole	3	3	0	1372	8
nist-docx-0005	docx	vole	4	3	0	1316	8
nist-docx-0005	docx	vole	5	3	0	1392	8
nist-docx-0005	docx	sqlite	0	3	0	1489	8
nist-docx-0005	docx	sqlite	1	3	0	1517	8
nist-docx-0005	docx	sqlite	2	3	0	1706	8
nist-docx-0005	docx	sqlite	3	3	0	1635	8
nist-docx-0005	docx	sqlite	4	3	0	1659	8
nist-docx-0005	docx	sqlite	5	3	0	1644	8
nist-docx-0005	docx	sqlite	0	4	0	1425	8
nist-docx-0005	docx	sqlite	1	4	0	1759	8
nist-docx-0005	docx	sqlite	2	4	0	1613	8
nist-docx-0005	docx	sqlite	3	4	0	1640	8
nist-docx-0005	docx	sqlite	4	4	0	1746	8
nist-docx-0005	docx	sqlite	5	4	0	1662	8
nist-docx-0005	docx	vole	0	4	0	1491	8
nist-docx-0005	docx	vole	1	4	0	1401	8
nist-docx-0005	docx	vole	2	4	0	1328	8
nist-docx-0005	docx	vole	3	4	0	1310	8
nist-docx-0005	docx	vole	4	4	0	1390	8
nist-docx-0005	docx	vole	5	4	0	1352	8
nist-docx-0005	docx	vole	0	5	0	1332	8
nist-docx-0005	docx	vole	1	5	0	1412	8
nist-docx-0005	docx	vole	2	5	0	1338	8
nist-docx-0005	docx	vole	3	5	0	1322	8
nist-docx-0005	docx	vole	4	5	0	1289	8
nist-docx-0005	docx	vole	5	5	0	1344	8
nist-docx-0005	docx	sqlite	0	5	0	1436	8
nist-docx-0005	docx	sqlite	1	5	0	1462	8
nist-docx-0005	docx	sqlite	2	5	0	1630	8
nist-docx-0005	docx	sqlite	3	5	0	1560	8
nist-docx-0005	docx	sqlite	4	5	0	1673	8
nist-docx-0005	docx	sqlite	5	5	0	1675	8
nist-docx-0005	docx	sqlite	0	6	0	1517	8
nist-docx-0005	docx	sqlite	1	6	0	1434	8
nist-docx-0005	docx	sqlite	2	6	0	1570	8
nist-docx-0005	docx	sqlite	3	6	0	1572	8
nist-docx-0005	docx	sqlite	4	6	0	1702	8
nist-docx-0005	docx	sqlite	5	6	0	1632	8
nist-docx-0005	docx	vole	0	6	0	1389	8
nist-docx-0005	docx	vole	1	6	0	1377	8
nist-docx-0005	docx	vole	2	6	0	1433	8
nist-docx-0005	docx	vole	3	6	0	1300	8
nist-docx-0005	docx	vole	4	6	0	1334	8
nist-docx-0005	docx	vole	5	6	0	1301	8
nist-docx-0005	docx	vole	0	7	0	1359	8
nist-docx-0005	docx	vole	1	7	0	1385	8
nist-docx-0005	docx	vole	2	7	0	1291	8
nist-docx-0005	docx	vole	3	7	0	1309	8
nist-docx-0005	docx	vole	4	7	0	1292	8
nist-docx-0005	docx	vole	5	7	0	1318	8
nist-docx-0005	docx	sqlite	0	7	0	1470	8
nist-docx-0005	docx	sqlite	1	7	0	1448	8
nist-docx-0005	docx	sqlite	2	7	0	1687	8
nist-docx-0005	docx	sqlite	3	7	0	1571	8
nist-docx-0005	docx	sqlite	4	7	0	1679	8
nist-docx-0005	docx	sqlite	5	7	0	1659	8
nist-docx-0005	docx	sqlite	0	8	0	1550	8
nist-docx-0005	docx	sqlite	1	8	0	1456	8
nist-docx-0005	docx	sqlite	2	8	0	1591	8
nist-docx-0005	docx	sqlite	3	8	0	1588	8
nist-docx-0005	docx	sqlite	4	8	0	1705	8
nist-docx-0005	docx	sqlite	5	8	0	1602	8
nist-docx-0005	docx	vole	0	8	0	1460	8
nist-docx-0005	docx	vole	1	8	0	1351	8
nist-docx-0005	docx	vole	2	8	0	1301	8
nist-docx-0005	docx	vole	3	8	0	1288	8
nist-docx-0005	docx	vole	4	8	0	1299	8
nist-docx-0005	docx	vole	5	8	0	1251	8
nist-docx-0005	docx	vole	0	9	0	1370	8
nist-docx-0005	docx	vole	1	9	0	1322	8
nist-docx-0005	docx	vole	2	9	0	1389	8
nist-docx-0005	docx	vole	3	9	0	1293	8
nist-docx-0005	docx	vole	4	9	0	1266	8
nist-docx-0005	docx	vole	5	9	0	1299	8
nist-docx-0005	docx	sqlite	0	9	0	1585	8
nist-docx-0005	docx	sqlite	1	9	0	1519	8
nist-docx-0005	docx	sqlite	2	9	0	1575	8
nist-docx-0005	docx	sqlite	3	9	0	1639	8
nist-docx-0005	docx	sqlite	4	9	0	1610	8
nist-docx-0005	docx	sqlite	5	9	0	1748	8
nist-docx-0005	docx	sqlite	0	10	0	1462	8
nist-docx-0005	docx	sqlite	1	10	0	1507	8
nist-docx-0005	docx	sqlite	2	10	0	1651	8
nist-docx-0005	docx	sqlite	3	10	0	1607	8
nist-docx-0005	docx	sqlite	4	10	0	1669	8
nist-docx-0005	docx	sqlite	5	10	0	1686	8
nist-docx-0005	docx	vole	0	10	0	1438	8
nist-docx-0005	docx	vole	1	10	0	1362	8
nist-docx-0005	docx	vole	2	10	0	1336	8
nist-docx-0005	docx	vole	3	10	0	1291	8
nist-docx-0005	docx	vole	4	10	0	1340	8
nist-docx-0005	docx	vole	5	10	0	1320	8
nist-docx-0005	docx	vole	0	11	0	1440	8
nist-docx-0005	docx	vole	1	11	0	1312	8
nist-docx-0005	docx	vole	2	11	0	1292	8
nist-docx-0005	docx	vole	3	11	0	1308	8
nist-docx-0005	docx	vole	4	11	0	1314	8
nist-docx-0005	docx	vole	5	11	0	1306	8
nist-docx-0005	docx	sqlite	0	11	0	1523	8
nist-docx-0005	docx	sqlite	1	11	0	1514	8
nist-docx-0005	docx	sqlite	2	11	0	1678	8
nist-docx-0005	docx	sqlite	3	11	0	1642	8
nist-docx-0005	docx	sqlite	4	11	0	1746	8
nist-docx-0005	docx	sqlite	5	11	0	1779	8
nist-docx-0005	docx	sqlite	0	12	0	1483	8
nist-docx-0005	docx	sqlite	1	12	0	1625	8
nist-docx-0005	docx	sqlite	2	12	0	1708	8
nist-docx-0005	docx	sqlite	3	12	0	1836	8
nist-docx-0005	docx	sqlite	4	12	0	1736	8
nist-docx-0005	docx	sqlite	5	12	0	1789	8
nist-docx-0005	docx	vole	0	12	0	1551	8
nist-docx-0005	docx	vole	1	12	0	1430	8
nist-docx-0005	docx	vole	2	12	0	1371	8
nist-docx-0005	docx	vole	3	12	0	1616	8
nist-docx-0005	docx	vole	4	12	0	1485	8
nist-docx-0005	docx	vole	5	12	0	1432	8
nist-docx-0005	docx	vole	0	13	0	1468	8
nist-docx-0005	docx	vole	1	13	0	1390	8
nist-docx-0005	docx	vole	2	13	0	1405	8
nist-docx-0005	docx	vole	3	13	0	1351	8
nist-docx-0005	docx	vole	4	13	0	1445	8
nist-docx-0005	docx	vole	5	13	0	1431	8
nist-docx-0005	docx	sqlite	0	13	0	1724	8
nist-docx-0005	docx	sqlite	1	13	0	1680	8
nist-docx-0005	docx	sqlite	2	13	0	1801	8
nist-docx-0005	docx	sqlite	3	13	0	1696	8
nist-docx-0005	docx	sqlite	4	13	0	2251	8
nist-docx-0005	docx	sqlite	5	13	0	1847	8
nist-docx-0005	docx	sqlite	0	14	0	1498	8
nist-docx-0005	docx	sqlite	1	14	0	1562	8
nist-docx-0005	docx	sqlite	2	14	0	1738	8
nist-docx-0005	docx	sqlite	3	14	0	1688	8
nist-docx-0005	docx	sqlite	4	14	0	1761	8
nist-docx-0005	docx	sqlite	5	14	0	1869	8
nist-docx-0005	docx	vole	0	14	0	1584	8
nist-docx-0005	docx	vole	1	14	0	1469	8
nist-docx-0005	docx	vole	2	14	0	1403	8
nist-docx-0005	docx	vole	3	14	0	1386	8
nist-docx-0005	docx	vole	4	14	0	1496	8
nist-docx-0005	docx	vole	5	14	0	1430	8
nist-docx-0005	docx	vole	0	15	0	1393	8
nist-docx-0005	docx	vole	1	15	0	1443	8
nist-docx-0005	docx	vole	2	15	0	1501	8
nist-docx-0005	docx	vole	3	15	0	1489	8
nist-docx-0005	docx	vole	4	15	0	1373	8
nist-docx-0005	docx	vole	5	15	0	1406	8
nist-docx-0005	docx	sqlite	0	15	0	1650	8
nist-docx-0005	docx	sqlite	1	15	0	1547	8
nist-docx-0005	docx	sqlite	2	15	0	1691	8
nist-docx-0005	docx	sqlite	3	15	0	1634	8
nist-docx-0005	docx	sqlite	4	15	0	1719	8
nist-docx-0005	docx	sqlite	5	15	0	1759	8
nist-docx-0005	docx	sqlite	0	16	0	1481	8
nist-docx-0005	docx	sqlite	1	16	0	1531	8
nist-docx-0005	docx	sqlite	2	16	0	1654	8
nist-docx-0005	docx	sqlite	3	16	0	1619	8
nist-docx-0005	docx	sqlite	4	16	0	1874	8
nist-docx-0005	docx	sqlite	5	16	0	1784	8
nist-docx-0005	docx	vole	0	16	0	1530	8
nist-docx-0005	docx	vole	1	16	0	1355	8
nist-docx-0005	docx	vole	2	16	0	1421	8
nist-docx-0005	docx	vole	3	16	0	1398	8
nist-docx-0005	docx	vole	4	16	0	1381	8
nist-docx-0005	docx	vole	5	16	0	1319	8
nist-docx-0005	docx	vole	0	17	0	1428	8
nist-docx-0005	docx	vole	1	17	0	1341	8
nist-docx-0005	docx	vole	2	17	0	1473	8
nist-docx-0005	docx	vole	3	17	0	1333	8
nist-docx-0005	docx	vole	4	17	0	1347	8
nist-docx-0005	docx	vole	5	17	0	1308	8
nist-docx-0005	docx	sqlite	0	17	0	1423	8
nist-docx-0005	docx	sqlite	1	17	0	1508	8
nist-docx-0005	docx	sqlite	2	17	0	1578	8
nist-docx-0005	docx	sqlite	3	17	0	1579	8
nist-docx-0005	docx	sqlite	4	17	0	1650	8
nist-docx-0005	docx	sqlite	5	17	0	1690	8
nist-docx-0005	docx	sqlite	0	18	0	1524	8
nist-docx-0005	docx	sqlite	1	18	0	1459	8
nist-docx-0005	docx	sqlite	2	18	0	1557	8
nist-docx-0005	docx	sqlite	3	18	0	1673	8
nist-docx-0005	docx	sqlite	4	18	0	1676	8
nist-docx-0005	docx	sqlite	5	18	0	1619	8
nist-docx-0005	docx	vole	0	18	0	1545	8
nist-docx-0005	docx	vole	1	18	0	1515	8
nist-docx-0005	docx	vole	2	18	0	1348	8
nist-docx-0005	docx	vole	3	18	0	1377	8
nist-docx-0005	docx	vole	4	18	0	1369	8
nist-docx-0005	docx	vole	5	18	0	1374	8
nist-docx-0005	docx	vole	0	19	0	1343	8
nist-docx-0005	docx	vole	1	19	0	1323	8
nist-docx-0005	docx	vole	2	19	0	1367	8
nist-docx-0005	docx	vole	3	19	0	1349	8
nist-docx-0005	docx	vole	4	19	0	1312	8
nist-docx-0005	docx	vole	5	19	0	1329	8
nist-docx-0005	docx	sqlite	0	19	0	1434	8
nist-docx-0005	docx	sqlite	1	19	0	1487	8
nist-docx-0005	docx	sqlite	2	19	0	1544	8
nist-docx-0005	docx	sqlite	3	19	0	1534	8
nist-docx-0005	docx	sqlite	4	19	0	1632	8
nist-docx-0005	docx	sqlite	5	19	0	1717	8
nist-docx-0005	docx	sqlite	0	20	0	1446	8
nist-docx-0005	docx	sqlite	1	20	0	1556	8
nist-docx-0005	docx	sqlite	2	20	0	1636	8
nist-docx-0005	docx	sqlite	3	20	0	1753	8
nist-docx-0005	docx	sqlite	4	20	0	1681	8
nist-docx-0005	docx	sqlite	5	20	0	1810	8
nist-docx-0005	docx	vole	0	20	0	1446	8
nist-docx-0005	docx	vole	1	20	0	1326	8
nist-docx-0005	docx	vole	2	20	0	1339	8
nist-docx-0005	docx	vole	3	20	0	1396	8
nist-docx-0005	docx	vole	4	20	0	1405	8
nist-docx-0005	docx	vole	5	20	0	1333	8
nist-docx-0005	docx	vole	0	21	0	1368	8
nist-docx-0005	docx	vole	1	21	0	1319	8
nist-docx-0005	docx	vole	2	21	0	1434	8
nist-docx-0005	docx	vole	3	21	0	1312	8
nist-docx-0005	docx	vole	4	21	0	1396	8
nist-docx-0005	docx	vole	5	21	0	1388	8
nist-docx-0005	docx	sqlite	0	21	0	1518	8
nist-docx-0005	docx	sqlite	1	21	0	1476	8
nist-docx-0005	docx	sqlite	2	21	0	1639	8
nist-docx-0005	docx	sqlite	3	21	0	1646	8
nist-docx-0005	docx	sqlite	4	21	0	1729	8
nist-docx-0005	docx	sqlite	5	21	0	1682	8
nist-docx-0005	docx	sqlite	0	22	0	1380	8
nist-docx-0005	docx	sqlite	1	22	0	1435	8
nist-docx-0005	docx	sqlite	2	22	0	1622	8
nist-docx-0005	docx	sqlite	3	22	0	1592	8
nist-docx-0005	docx	sqlite	4	22	0	1644	8
nist-docx-0005	docx	sqlite	5	22	0	1730	8
nist-docx-0005	docx	vole	0	22	0	1444	8
nist-docx-0005	docx	vole	1	22	0	1371	8
nist-docx-0005	docx	vole	2	22	0	1352	8
nist-docx-0005	docx	vole	3	22	0	1343	8
nist-docx-0005	docx	vole	4	22	0	1330	8
nist-docx-0005	docx	vole	5	22	0	1337	8
nist-docx-0005	docx	vole	0	23	0	1344	8
nist-docx-0005	docx	vole	1	23	0	1335	8
nist-docx-0005	docx	vole	2	23	0	1329	8
nist-docx-0005	docx	vole	3	23	0	1337	8
nist-docx-0005	docx	vole	4	23	0	1318	8
nist-docx-0005	docx	vole	5	23	0	1287	8
nist-docx-0005	docx	sqlite	0	23	0	1508	8
nist-docx-0005	docx	sqlite	1	23	0	1860	8
nist-docx-0005	docx	sqlite	2	23	0	1558	8
nist-docx-0005	docx	sqlite	3	23	0	1699	8
nist-docx-0005	docx	sqlite	4	23	0	1723	8
nist-docx-0005	docx	sqlite	5	23	0	1707	8
nist-docx-0005	docx	sqlite	0	24	0	1452	8
nist-docx-0005	docx	sqlite	1	24	0	1479	8
nist-docx-0005	docx	sqlite	2	24	0	1608	8
nist-docx-0005	docx	sqlite	3	24	0	1553	8
nist-docx-0005	docx	sqlite	4	24	0	1670	8
nist-docx-0005	docx	sqlite	5	24	0	1658	8
nist-docx-0005	docx	vole	0	24	0	1456	8
nist-docx-0005	docx	vole	1	24	0	1373	8
nist-docx-0005	docx	vole	2	24	0	1332	8
nist-docx-0005	docx	vole	3	24	0	1319	8
nist-docx-0005	docx	vole	4	24	0	1343	8
nist-docx-0005	docx	vole	5	24	0	1376	8
nist-docx-0005	docx	vole	0	25	0	1408	8
nist-docx-0005	docx	vole	1	25	0	1769	8
nist-docx-0005	docx	vole	2	25	0	1404	8
nist-docx-0005	docx	vole	3	25	0	1417	8
nist-docx-0005	docx	vole	4	25	0	1386	8
nist-docx-0005	docx	vole	5	25	0	1425	8
nist-docx-0005	docx	sqlite	0	25	0	1605	8
nist-docx-0005	docx	sqlite	1	25	0	1449	8
nist-docx-0005	docx	sqlite	2	25	0	1658	8
nist-docx-0005	docx	sqlite	3	25	0	1603	8
nist-docx-0005	docx	sqlite	4	25	0	1757	8
nist-docx-0005	docx	sqlite	5	25	0	1705	8
nist-docx-0005	docx	sqlite	0	26	0	1487	8
nist-docx-0005	docx	sqlite	1	26	0	1538	8
nist-docx-0005	docx	sqlite	2	26	0	1606	8
nist-docx-0005	docx	sqlite	3	26	0	1589	8
nist-docx-0005	docx	sqlite	4	26	0	1791	8
nist-docx-0005	docx	sqlite	5	26	0	1688	8
nist-docx-0005	docx	vole	0	26	0	1484	8
nist-docx-0005	docx	vole	1	26	0	1417	8
nist-docx-0005	docx	vole	2	26	0	1388	8
nist-docx-0005	docx	vole	3	26	0	1255	8
nist-docx-0005	docx	vole	4	26	0	1318	8
nist-docx-0005	docx	vole	5	26	0	1302	8
nist-docx-0005	docx	vole	0	27	0	1313	8
nist-docx-0005	docx	vole	1	27	0	1314	8
nist-docx-0005	docx	vole	2	27	0	1384	8
nist-docx-0005	docx	vole	3	27	0	1394	8
nist-docx-0005	docx	vole	4	27	0	1376	8
nist-docx-0005	docx	vole	5	27	0	1362	8
nist-docx-0005	docx	sqlite	0	27	0	1478	8
nist-docx-0005	docx	sqlite	1	27	0	1495	8
nist-docx-0005	docx	sqlite	2	27	0	1674	8
nist-docx-0005	docx	sqlite	3	27	0	1691	8
nist-docx-0005	docx	sqlite	4	27	0	1673	8
nist-docx-0005	docx	sqlite	5	27	0	1648	8
nist-docx-0005	docx	sqlite	0	28	0	1392	8
nist-docx-0005	docx	sqlite	1	28	0	1514	8
nist-docx-0005	docx	sqlite	2	28	0	1637	8
nist-docx-0005	docx	sqlite	3	28	0	1560	8
nist-docx-0005	docx	sqlite	4	28	0	1610	8
nist-docx-0005	docx	sqlite	5	28	0	1612	8
nist-docx-0005	docx	vole	0	28	0	1504	8
nist-docx-0005	docx	vole	1	28	0	1450	8
nist-docx-0005	docx	vole	2	28	0	1424	8
nist-docx-0005	docx	vole	3	28	0	1476	8
nist-docx-0005	docx	vole	4	28	0	1399	8
nist-docx-0005	docx	vole	5	28	0	1464	8
nist-docx-0005	docx	vole	0	29	0	1418	8
nist-docx-0005	docx	vole	1	29	0	1346	8
nist-docx-0005	docx	vole	2	29	0	1441	8
nist-docx-0005	docx	vole	3	29	0	1434	8
nist-docx-0005	docx	vole	4	29	0	1392	8
nist-docx-0005	docx	vole	5	29	0	1362	8
nist-docx-0005	docx	sqlite	0	29	0	1840	8
nist-docx-0005	docx	sqlite	1	29	0	1649	8
nist-docx-0005	docx	sqlite	2	29	0	1850	8
nist-docx-0005	docx	sqlite	3	29	0	1770	8
nist-docx-0005	docx	sqlite	4	29	0	1769	8
nist-docx-0005	docx	sqlite	5	29	0	1780	8
nist-docx-0005	docx	sqlite	0	30	0	1519	8
nist-docx-0005	docx	sqlite	1	30	0	1871	8
nist-docx-0005	docx	sqlite	2	30	0	1654	8
nist-docx-0005	docx	sqlite	3	30	0	1724	8
nist-docx-0005	docx	sqlite	4	30	0	1793	8
nist-docx-0005	docx	sqlite	5	30	0	1799	8
nist-docx-0005	docx	vole	0	30	0	1575	8
nist-docx-0005	docx	vole	1	30	0	1471	8
nist-docx-0005	docx	vole	2	30	0	1570	8
nist-docx-0005	docx	vole	3	30	0	1430	8
nist-docx-0005	docx	vole	4	30	0	1539	8
nist-docx-0005	docx	vole	5	30	0	1444	8
nist-docx-0005	docx	vole	0	31	0	1504	8
nist-docx-0005	docx	vole	1	31	0	1421	8
nist-docx-0005	docx	vole	2	31	0	1468	8
nist-docx-0005	docx	vole	3	31	0	1440	8
nist-docx-0005	docx	vole	4	31	0	1409	8
nist-docx-0005	docx	vole	5	31	0	1360	8
nist-docx-0005	docx	sqlite	0	31	0	1674	8
nist-docx-0005	docx	sqlite	1	31	0	1564	8
nist-docx-0005	docx	sqlite	2	31	0	1732	8
nist-docx-0005	docx	sqlite	3	31	0	1666	8
nist-docx-0005	docx	sqlite	4	31	0	1756	8
nist-docx-0005	docx	sqlite	5	31	0	1890	8
nist-docx-0005	docx	sqlite	0	32	0	1519	8
nist-docx-0005	docx	sqlite	1	32	0	1604	8
nist-docx-0005	docx	sqlite	2	32	0	1883	8
nist-docx-0005	docx	sqlite	3	32	0	1943	8
nist-docx-0005	docx	sqlite	4	32	0	1989	8
nist-docx-0005	docx	sqlite	5	32	0	1737	8
nist-docx-0005	docx	vole	0	32	0	1654	8
nist-docx-0005	docx	vole	1	32	0	1481	8
nist-docx-0005	docx	vole	2	32	0	1371	8
nist-docx-0005	docx	vole	3	32	0	1461	8
nist-docx-0005	docx	vole	4	32	0	1390	8
nist-docx-0005	docx	vole	5	32	0	1394	8
nist-docx-0005	docx	vole	0	33	0	1426	8
nist-docx-0005	docx	vole	1	33	0	1409	8
nist-docx-0005	docx	vole	2	33	0	1442	8
nist-docx-0005	docx	vole	3	33	0	1372	8
nist-docx-0005	docx	vole	4	33	0	1563	8
nist-docx-0005	docx	vole	5	33	0	1384	8
nist-docx-0005	docx	sqlite	0	33	0	2087	8
nist-docx-0005	docx	sqlite	1	33	0	1657	8
nist-docx-0005	docx	sqlite	2	33	0	1805	8
nist-docx-0005	docx	sqlite	3	33	0	1775	8
nist-docx-0005	docx	sqlite	4	33	0	1773	8
nist-docx-0005	docx	sqlite	5	33	0	1811	8
nist-docx-0005	docx	sqlite	0	34	0	1633	8
nist-docx-0005	docx	sqlite	1	34	0	1639	8
nist-docx-0005	docx	sqlite	2	34	0	1733	8
nist-docx-0005	docx	sqlite	3	34	0	1698	8
nist-docx-0005	docx	sqlite	4	34	0	1863	8
nist-docx-0005	docx	sqlite	5	34	0	1741	8
nist-docx-0005	docx	vole	0	34	0	1557	8
nist-docx-0005	docx	vole	1	34	0	1472	8
nist-docx-0005	docx	vole	2	34	0	1430	8
nist-docx-0005	docx	vole	3	34	0	1361	8
nist-docx-0005	docx	vole	4	34	0	1409	8
nist-docx-0005	docx	vole	5	34	0	1431	8
nist-docx-0005	docx	vole	0	35	0	1438	8
nist-docx-0005	docx	vole	1	35	0	1428	8
nist-docx-0005	docx	vole	2	35	0	1364	8
nist-docx-0005	docx	vole	3	35	0	1359	8
nist-docx-0005	docx	vole	4	35	0	1399	8
nist-docx-0005	docx	vole	5	35	0	1481	8
nist-docx-0005	docx	sqlite	0	35	0	1702	8
nist-docx-0005	docx	sqlite	1	35	0	1771	8
nist-docx-0005	docx	sqlite	2	35	0	1952	8
nist-docx-0005	docx	sqlite	3	35	0	1691	8
nist-docx-0005	docx	sqlite	4	35	0	1841	8
nist-docx-0005	docx	sqlite	5	35	0	1729	8
nist-docx-0005	docx	sqlite	0	36	0	1636	8
nist-docx-0005	docx	sqlite	1	36	0	1555	8
nist-docx-0005	docx	sqlite	2	36	0	1687	8
nist-docx-0005	docx	sqlite	3	36	0	1831	8
nist-docx-0005	docx	sqlite	4	36	0	1706	8
nist-docx-0005	docx	sqlite	5	36	0	1698	8
nist-docx-0005	docx	vole	0	36	0	1601	8
nist-docx-0005	docx	vole	1	36	0	1429	8
nist-docx-0005	docx	vole	2	36	0	1447	8
nist-docx-0005	docx	vole	3	36	0	1437	8
nist-docx-0005	docx	vole	4	36	0	1451	8
nist-docx-0005	docx	vole	5	36	0	1371	8
nist-docx-0005	docx	vole	0	37	0	1387	8
nist-docx-0005	docx	vole	1	37	0	1463	8
nist-docx-0005	docx	vole	2	37	0	1449	8
nist-docx-0005	docx	vole	3	37	0	1423	8
nist-docx-0005	docx	vole	4	37	0	1423	8
nist-docx-0005	docx	vole	5	37	0	1424	8
nist-docx-0005	docx	sqlite	0	37	0	1767	8
nist-docx-0005	docx	sqlite	1	37	0	1602	8
nist-docx-0005	docx	sqlite	2	37	0	1827	8
nist-docx-0005	docx	sqlite	3	37	0	1734	8
nist-docx-0005	docx	sqlite	4	37	0	1786	8
nist-docx-0005	docx	sqlite	5	37	0	1738	8
nist-docx-0005	docx	sqlite	0	38	0	1526	8
nist-docx-0005	docx	sqlite	1	38	0	1557	8
nist-docx-0005	docx	sqlite	2	38	0	1790	8
nist-docx-0005	docx	sqlite	3	38	0	1771	8
nist-docx-0005	docx	sqlite	4	38	0	1750	8
nist-docx-0005	docx	sqlite	5	38	0	1883	8
nist-docx-0005	docx	vole	0	38	0	1599	8
nist-docx-0005	docx	vole	1	38	0	1526	8
nist-docx-0005	docx	vole	2	38	0	1471	8
nist-docx-0005	docx	vole	3	38	0	1417	8
nist-docx-0005	docx	vole	4	38	0	1404	8
nist-docx-0005	docx	vole	5	38	0	1513	8
nist-docx-0005	docx	vole	0	39	0	1385	8
nist-docx-0005	docx	vole	1	39	0	1405	8
nist-docx-0005	docx	vole	2	39	0	1465	8
nist-docx-0005	docx	vole	3	39	0	1450	8
nist-docx-0005	docx	vole	4	39	0	1372	8
nist-docx-0005	docx	vole	5	39	0	1354	8
nist-docx-0005	docx	sqlite	0	39	0	1624	8
nist-docx-0005	docx	sqlite	1	39	0	1663	8
nist-docx-0005	docx	sqlite	2	39	0	1701	8
nist-docx-0005	docx	sqlite	3	39	0	1693	8
nist-docx-0005	docx	sqlite	4	39	0	1821	8
nist-docx-0005	docx	sqlite	5	39	0	1695	8
nist-docx-0005	docx	sqlite	0	40	0	1555	8
nist-docx-0005	docx	sqlite	1	40	0	1861	8
nist-docx-0005	docx	sqlite	2	40	0	1776	8
nist-docx-0005	docx	sqlite	3	40	0	1666	8
nist-docx-0005	docx	sqlite	4	40	0	1735	8
nist-docx-0005	docx	sqlite	5	40	0	1730	8
nist-docx-0005	docx	vole	0	40	0	1577	8
nist-docx-0005	docx	vole	1	40	0	1468	8
nist-docx-0005	docx	vole	2	40	0	1412	8
nist-docx-0005	docx	vole	3	40	0	1372	8
nist-docx-0005	docx	vole	4	40	0	1375	8
nist-docx-0005	docx	vole	5	40	0	1614	8
nist-docx-0005	docx	vole	0	41	0	1449	8
nist-docx-0005	docx	vole	1	41	0	1386	8
nist-docx-0005	docx	vole	2	41	0	1417	8
nist-docx-0005	docx	vole	3	41	0	1472	8
nist-docx-0005	docx	vole	4	41	0	1400	8
nist-docx-0005	docx	vole	5	41	0	1368	8
nist-docx-0005	docx	sqlite	0	41	0	1658	8
nist-docx-0005	docx	sqlite	1	41	0	1658	8
nist-docx-0005	docx	sqlite	2	41	0	1728	8
nist-docx-0005	docx	sqlite	3	41	0	1851	8
nist-docx-0005	docx	sqlite	4	41	0	1793	8
nist-docx-0005	docx	sqlite	5	41	0	1729	8
nist-docx-0005	docx	sqlite	0	42	0	1539	8
nist-docx-0005	docx	sqlite	1	42	0	1571	8
nist-docx-0005	docx	sqlite	2	42	0	1791	8
nist-docx-0005	docx	sqlite	3	42	0	1769	8
nist-docx-0005	docx	sqlite	4	42	0	1687	8
nist-docx-0005	docx	sqlite	5	42	0	1811	8
nist-docx-0005	docx	vole	0	42	0	1595	8
nist-docx-0005	docx	vole	1	42	0	1483	8
nist-docx-0005	docx	vole	2	42	0	1433	8
nist-docx-0005	docx	vole	3	42	0	1482	8
nist-docx-0005	docx	vole	4	42	0	1333	8
nist-docx-0005	docx	vole	5	42	0	1823	8
nist-docx-0005	docx	vole	0	43	0	1446	8
nist-docx-0005	docx	vole	1	43	0	1457	8
nist-docx-0005	docx	vole	2	43	0	1432	8
nist-docx-0005	docx	vole	3	43	0	1362	8
nist-docx-0005	docx	vole	4	43	0	1442	8
nist-docx-0005	docx	vole	5	43	0	1484	8
nist-docx-0005	docx	sqlite	0	43	0	1708	8
nist-docx-0005	docx	sqlite	1	43	0	1560	8
nist-docx-0005	docx	sqlite	2	43	0	1726	8
nist-docx-0005	docx	sqlite	3	43	0	1852	8
nist-docx-0005	docx	sqlite	4	43	0	1872	8
nist-docx-0005	docx	sqlite	5	43	0	1782	8
nist-docx-0005	docx	sqlite	0	44	0	1508	8
nist-docx-0005	docx	sqlite	1	44	0	1537	8
nist-docx-0005	docx	sqlite	2	44	0	1727	8
nist-docx-0005	docx	sqlite	3	44	0	1774	8
nist-docx-0005	docx	sqlite	4	44	0	1961	8
nist-docx-0005	docx	sqlite	5	44	0	1723	8
nist-docx-0005	docx	vole	0	44	0	1618	8
nist-docx-0005	docx	vole	1	44	0	1444	8
nist-docx-0005	docx	vole	2	44	0	1440	8
nist-docx-0005	docx	vole	3	44	0	1409	8
nist-docx-0005	docx	vole	4	44	0	1333	8
nist-docx-0005	docx	vole	5	44	0	1373	8
nist-docx-0005	docx	vole	0	45	0	1370	8
nist-docx-0005	docx	vole	1	45	0	1482	8
nist-docx-0005	docx	vole	2	45	0	1403	8
nist-docx-0005	docx	vole	3	45	0	1375	8
nist-docx-0005	docx	vole	4	45	0	1356	8
nist-docx-0005	docx	vole	5	45	0	1379	8
nist-docx-0005	docx	sqlite	0	45	0	1469	8
nist-docx-0005	docx	sqlite	1	45	0	1615	8
nist-docx-0005	docx	sqlite	2	45	0	1759	8
nist-docx-0005	docx	sqlite	3	45	0	1554	8
nist-docx-0005	docx	sqlite	4	45	0	1738	8
nist-docx-0005	docx	sqlite	5	45	0	1794	8
nist-docx-0005	docx	sqlite	0	46	0	1433	8
nist-docx-0005	docx	sqlite	1	46	0	1543	8
nist-docx-0005	docx	sqlite	2	46	0	1630	8
nist-docx-0005	docx	sqlite	3	46	0	1582	8
nist-docx-0005	docx	sqlite	4	46	0	3088	8
nist-docx-0005	docx	sqlite	5	46	0	1732	8
nist-docx-0005	docx	vole	0	46	0	1536	8
nist-docx-0005	docx	vole	1	46	0	1551	8
nist-docx-0005	docx	vole	2	46	0	1392	8
nist-docx-0005	docx	vole	3	46	0	1370	8
nist-docx-0005	docx	vole	4	46	0	1493	8
nist-docx-0005	docx	vole	5	46	0	1421	8
nist-docx-0005	docx	vole	0	47	0	1392	8
nist-docx-0005	docx	vole	1	47	0	1419	8
nist-docx-0005	docx	vole	2	47	0	1368	8
nist-docx-0005	docx	vole	3	47	0	1372	8
nist-docx-0005	docx	vole	4	47	0	1409	8
nist-docx-0005	docx	vole	5	47	0	1404	8
nist-docx-0005	docx	sqlite	0	47	0	2450	8
nist-docx-0005	docx	sqlite	1	47	0	1612	8
nist-docx-0005	docx	sqlite	2	47	0	1683	8
nist-docx-0005	docx	sqlite	3	47	0	1667	8
nist-docx-0005	docx	sqlite	4	47	0	1759	8
nist-docx-0005	docx	sqlite	5	47	0	2310	8
nist-docx-0005	docx	sqlite	0	48	0	1556	8
nist-docx-0005	docx	sqlite	1	48	0	1554	8
nist-docx-0005	docx	sqlite	2	48	0	1721	8
nist-docx-0005	docx	sqlite	3	48	0	1696	8
nist-docx-0005	docx	sqlite	4	48	0	1825	8
nist-docx-0005	docx	sqlite	5	48	0	1838	8
nist-docx-0005	docx	vole	0	48	0	1612	8
nist-docx-0005	docx	vole	1	48	0	1535	8
nist-docx-0005	docx	vole	2	48	0	1486	8
nist-docx-0005	docx	vole	3	48	0	1350	8
nist-docx-0005	docx	vole	4	48	0	1417	8
nist-docx-0005	docx	vole	5	48	0	1410	8
nist-docx-0005	docx	vole	0	49	0	1452	8
nist-docx-0005	docx	vole	1	49	0	1397	8
nist-docx-0005	docx	vole	2	49	0	1494	8
nist-docx-0005	docx	vole	3	49	0	1532	8
nist-docx-0005	docx	vole	4	49	0	1421	8
nist-docx-0005	docx	vole	5	49	0	1424	8
nist-docx-0005	docx	sqlite	0	49	0	1858	8
nist-docx-0005	docx	sqlite	1	49	0	1570	8
nist-docx-0005	docx	sqlite	2	49	0	1844	8
nist-docx-0005	docx	sqlite	3	49	0	1736	8
nist-docx-0005	docx	sqlite	4	49	0	1720	8
nist-docx-0005	docx	sqlite	5	49	0	1814	8
nist-docx-0005	docx	sqlite	0	50	0	1547	8
nist-docx-0005	docx	sqlite	1	50	0	1517	8
nist-docx-0005	docx	sqlite	2	50	0	1658	8
nist-docx-0005	docx	sqlite	3	50	0	1632	8
nist-docx-0005	docx	sqlite	4	50	0	1712	8
nist-docx-0005	docx	sqlite	5	50	0	1716	8
nist-docx-0005	docx	vole	0	50	0	1557	8
nist-docx-0005	docx	vole	1	50	0	1512	8
nist-docx-0005	docx	vole	2	50	0	1395	8
nist-docx-0005	docx	vole	3	50	0	1348	8
nist-docx-0005	docx	vole	4	50	0	1311	8
nist-docx-0005	docx	vole	5	50	0	1398	8
nist-docx-0005	docx	vole	0	51	0	1439	8
nist-docx-0005	docx	vole	1	51	0	1402	8
nist-docx-0005	docx	vole	2	51	0	1406	8
nist-docx-0005	docx	vole	3	51	0	1434	8
nist-docx-0005	docx	vole	4	51	0	1411	8
nist-docx-0005	docx	vole	5	51	0	1364	8
nist-docx-0005	docx	sqlite	0	51	0	1564	8
nist-docx-0005	docx	sqlite	1	51	0	1586	8
nist-docx-0005	docx	sqlite	2	51	0	1750	8
nist-docx-0005	docx	sqlite	3	51	0	1720	8
nist-docx-0005	docx	sqlite	4	51	0	1792	8
nist-docx-0005	docx	sqlite	5	51	0	1771	8
nist-docx-0005	docx	sqlite	0	52	0	1580	8
nist-docx-0005	docx	sqlite	1	52	0	1627	8
nist-docx-0005	docx	sqlite	2	52	0	1688	8
nist-docx-0005	docx	sqlite	3	52	0	1738	8
nist-docx-0005	docx	sqlite	4	52	0	1967	8
nist-docx-0005	docx	sqlite	5	52	0	1948	8
nist-docx-0005	docx	vole	0	52	0	1813	8
nist-docx-0005	docx	vole	1	52	0	1539	8
nist-docx-0005	docx	vole	2	52	0	1493	8
nist-docx-0005	docx	vole	3	52	0	1485	8
nist-docx-0005	docx	vole	4	52	0	1404	8
nist-docx-0005	docx	vole	5	52	0	1400	8
nist-docx-0005	docx	vole	0	53	0	1342	8
nist-docx-0005	docx	vole	1	53	0	1372	8
nist-docx-0005	docx	vole	2	53	0	1374	8
nist-docx-0005	docx	vole	3	53	0	1480	8
nist-docx-0005	docx	vole	4	53	0	1429	8
nist-docx-0005	docx	vole	5	53	0	1461	8
nist-docx-0005	docx	sqlite	0	53	0	2023	8
nist-docx-0005	docx	sqlite	1	53	0	1618	8
nist-docx-0005	docx	sqlite	2	53	0	1744	8
nist-docx-0005	docx	sqlite	3	53	0	1654	8
nist-docx-0005	docx	sqlite	4	53	0	1866	8
nist-docx-0005	docx	sqlite	5	53	0	1963	8
nist-docx-0005	docx	sqlite	0	54	0	1511	8
nist-docx-0005	docx	sqlite	1	54	0	1527	8
nist-docx-0005	docx	sqlite	2	54	0	1733	8
nist-docx-0005	docx	sqlite	3	54	0	1681	8
nist-docx-0005	docx	sqlite	4	54	0	1734	8
nist-docx-0005	docx	sqlite	5	54	0	1811	8
nist-docx-0005	docx	vole	0	54	0	1534	8
nist-docx-0005	docx	vole	1	54	0	1356	8
nist-docx-0005	docx	vole	2	54	0	1376	8
nist-docx-0005	docx	vole	3	54	0	1388	8
nist-docx-0005	docx	vole	4	54	0	1442	8
nist-docx-0005	docx	vole	5	54	0	1380	8
nist-docx-0005	docx	vole	0	55	0	1366	8
nist-docx-0005	docx	vole	1	55	0	1363	8
nist-docx-0005	docx	vole	2	55	0	1339	8
nist-docx-0005	docx	vole	3	55	0	1370	8
nist-docx-0005	docx	vole	4	55	0	1346	8
nist-docx-0005	docx	vole	5	55	0	1284	8
nist-docx-0005	docx	sqlite	0	55	0	1472	8
nist-docx-0005	docx	sqlite	1	55	0	1528	8
nist-docx-0005	docx	sqlite	2	55	0	1719	8
nist-docx-0005	docx	sqlite	3	55	0	1571	8
nist-docx-0005	docx	sqlite	4	55	0	1637	8
nist-docx-0005	docx	sqlite	5	55	0	1801	8
nist-docx-0005	docx	sqlite	0	56	0	1409	8
nist-docx-0005	docx	sqlite	1	56	0	1478	8
nist-docx-0005	docx	sqlite	2	56	0	1611	8
nist-docx-0005	docx	sqlite	3	56	0	1545	8
nist-docx-0005	docx	sqlite	4	56	0	1768	8
nist-docx-0005	docx	sqlite	5	56	0	1645	8
nist-docx-0005	docx	vole	0	56	0	1402	8
nist-docx-0005	docx	vole	1	56	0	1400	8
nist-docx-0005	docx	vole	2	56	0	1337	8
nist-docx-0005	docx	vole	3	56	0	1403	8
nist-docx-0005	docx	vole	4	56	0	1318	8
nist-docx-0005	docx	vole	5	56	0	1356	8
nist-docx-0005	docx	vole	0	57	0	1480	8
nist-docx-0005	docx	vole	1	57	0	1406	8
nist-docx-0005	docx	vole	2	57	0	1392	8
nist-docx-0005	docx	vole	3	57	0	1380	8
nist-docx-0005	docx	vole	4	57	0	1346	8
nist-docx-0005	docx	vole	5	57	0	1379	8
nist-docx-0005	docx	sqlite	0	57	0	1466	8
nist-docx-0005	docx	sqlite	1	57	0	1459	8
nist-docx-0005	docx	sqlite	2	57	0	1629	8
nist-docx-0005	docx	sqlite	3	57	0	1632	8
nist-docx-0005	docx	sqlite	4	57	0	1656	8
nist-docx-0005	docx	sqlite	5	57	0	1655	8
nist-docx-0005	docx	sqlite	0	58	0	1439	8
nist-docx-0005	docx	sqlite	1	58	0	1466	8
nist-docx-0005	docx	sqlite	2	58	0	2427	8
nist-docx-0005	docx	sqlite	3	58	0	1624	8
nist-docx-0005	docx	sqlite	4	58	0	1686	8
nist-docx-0005	docx	sqlite	5	58	0	1691	8
nist-docx-0005	docx	vole	0	58	0	1527	8
nist-docx-0005	docx	vole	1	58	0	1383	8
nist-docx-0005	docx	vole	2	58	0	1382	8
nist-docx-0005	docx	vole	3	58	0	1383	8
nist-docx-0005	docx	vole	4	58	0	1386	8
nist-docx-0005	docx	vole	5	58	0	1449	8
nist-docx-0005	docx	vole	0	59	0	1419	8
nist-docx-0005	docx	vole	1	59	0	1435	8
nist-docx-0005	docx	vole	2	59	0	1376	8
nist-docx-0005	docx	vole	3	59	0	1309	8
nist-docx-0005	docx	vole	4	59	0	1356	8
nist-docx-0005	docx	vole	5	59	0	1403	8
nist-docx-0005	docx	sqlite	0	59	0	2194	8
nist-docx-0005	docx	sqlite	1	59	0	1707	8
nist-docx-0005	docx	sqlite	2	59	0	1809	8
nist-docx-0005	docx	sqlite	3	59	0	1717	8
nist-docx-0005	docx	sqlite	4	59	0	1958	8
nist-docx-0005	docx	sqlite	5	59	0	1761	8
nist-docx-0005	docx	sqlite	0	60	0	1525	8
nist-docx-0005	docx	sqlite	1	60	0	2260	8
nist-docx-0005	docx	sqlite	2	60	0	1821	8
nist-docx-0005	docx	sqlite	3	60	0	1905	8
nist-docx-0005	docx	sqlite	4	60	0	1809	8
nist-docx-0005	docx	sqlite	5	60	0	1779	8
nist-docx-0005	docx	vole	0	60	0	1602	8
nist-docx-0005	docx	vole	1	60	0	1480	8
nist-docx-0005	docx	vole	2	60	0	1396	8
nist-docx-0005	docx	vole	3	60	0	1516	8
nist-docx-0005	docx	vole	4	60	0	1460	8
nist-docx-0005	docx	vole	5	60	0	1432	8
nist-docx-0005	docx	vole	0	61	0	1387	8
nist-docx-0005	docx	vole	1	61	0	1459	8
nist-docx-0005	docx	vole	2	61	0	1438	8
nist-docx-0005	docx	vole	3	61	0	1353	8
nist-docx-0005	docx	vole	4	61	0	1501	8
nist-docx-0005	docx	vole	5	61	0	1357	8
nist-docx-0005	docx	sqlite	0	61	0	1613	8
nist-docx-0005	docx	sqlite	1	61	0	1564	8
nist-docx-0005	docx	sqlite	2	61	0	1605	8
nist-docx-0005	docx	sqlite	3	61	0	1694	8
nist-docx-0005	docx	sqlite	4	61	0	1663	8
nist-docx-0005	docx	sqlite	5	61	0	1788	8
nist-docx-0005	docx	sqlite	0	62	0	1536	8
nist-docx-0005	docx	sqlite	1	62	0	1481	8
nist-docx-0005	docx	sqlite	2	62	0	1648	8
nist-docx-0005	docx	sqlite	3	62	0	1835	8
nist-docx-0005	docx	sqlite	4	62	0	1735	8
nist-docx-0005	docx	sqlite	5	62	0	1760	8
nist-docx-0005	docx	vole	0	62	0	1592	8
nist-docx-0005	docx	vole	1	62	0	1433	8
nist-docx-0005	docx	vole	2	62	0	1370	8
nist-docx-0005	docx	vole	3	62	0	1454	8
nist-docx-0005	docx	vole	4	62	0	1351	8
nist-docx-0005	docx	vole	5	62	0	1329	8
nist-docx-0005	docx	vole	0	63	0	1387	8
nist-docx-0005	docx	vole	1	63	0	1360	8
nist-docx-0005	docx	vole	2	63	0	1302	8
nist-docx-0005	docx	vole	3	63	0	1397	8
nist-docx-0005	docx	vole	4	63	0	1315	8
nist-docx-0005	docx	vole	5	63	0	1357	8
nist-docx-0005	docx	sqlite	0	63	0	1721	8
nist-docx-0005	docx	sqlite	1	63	0	1514	8
nist-docx-0005	docx	sqlite	2	63	0	1753	8
nist-docx-0005	docx	sqlite	3	63	0	1620	8
nist-docx-0005	docx	sqlite	4	63	0	1694	8
nist-docx-0005	docx	sqlite	5	63	0	1722	8
nist-docx-0005	docx	sqlite	0	64	0	1515	8
nist-docx-0005	docx	sqlite	1	64	0	1537	8
nist-docx-0005	docx	sqlite	2	64	0	1620	8
nist-docx-0005	docx	sqlite	3	64	0	1747	8
nist-docx-0005	docx	sqlite	4	64	0	1663	8
nist-docx-0005	docx	sqlite	5	64	0	1829	8
nist-docx-0005	docx	vole	0	64	0	1526	8
nist-docx-0005	docx	vole	1	64	0	1519	8
nist-docx-0005	docx	vole	2	64	0	1437	8
nist-docx-0005	docx	vole	3	64	0	1408	8
nist-docx-0005	docx	vole	4	64	0	1471	8
nist-docx-0005	docx	vole	5	64	0	1412	8
nist-docx-0005	docx	vole	0	65	0	1428	8
nist-docx-0005	docx	vole	1	65	0	1393	8
nist-docx-0005	docx	vole	2	65	0	1399	8
nist-docx-0005	docx	vole	3	65	0	1411	8
nist-docx-0005	docx	vole	4	65	0	1490	8
nist-docx-0005	docx	vole	5	65	0	1432	8
nist-docx-0005	docx	sqlite	0	65	0	1657	8
nist-docx-0005	docx	sqlite	1	65	0	1664	8
nist-docx-0005	docx	sqlite	2	65	0	1793	8
nist-docx-0005	docx	sqlite	3	65	0	1677	8
nist-docx-0005	docx	sqlite	4	65	0	1814	8
nist-docx-0005	docx	sqlite	5	65	0	1894	8
nist-docx-0005	docx	sqlite	0	66	0	1522	8
nist-docx-0005	docx	sqlite	1	66	0	1490	8
nist-docx-0005	docx	sqlite	2	66	0	1645	8
nist-docx-0005	docx	sqlite	3	66	0	1632	8
nist-docx-0005	docx	sqlite	4	66	0	1710	8
nist-docx-0005	docx	sqlite	5	66	0	1678	8
nist-docx-0005	docx	vole	0	66	0	1483	8
nist-docx-0005	docx	vole	1	66	0	1461	8
nist-docx-0005	docx	vole	2	66	0	1425	8
nist-docx-0005	docx	vole	3	66	0	1708	8
nist-docx-0005	docx	vole	4	66	0	1413	8
nist-docx-0005	docx	vole	5	66	0	1342	8
nist-docx-0005	docx	vole	0	67	0	1355	8
nist-docx-0005	docx	vole	1	67	0	1338	8
nist-docx-0005	docx	vole	2	67	0	1363	8
nist-docx-0005	docx	vole	3	67	0	1409	8
nist-docx-0005	docx	vole	4	67	0	1392	8
nist-docx-0005	docx	vole	5	67	0	1406	8
nist-docx-0005	docx	sqlite	0	67	0	1467	8
nist-docx-0005	docx	sqlite	1	67	0	1476	8
nist-docx-0005	docx	sqlite	2	67	0	1653	8
nist-docx-0005	docx	sqlite	3	67	0	1673	8
nist-docx-0005	docx	sqlite	4	67	0	1678	8
nist-docx-0005	docx	sqlite	5	67	0	1638	8
nist-docx-0005	docx	sqlite	0	68	0	1495	8
nist-docx-0005	docx	sqlite	1	68	0	1457	8
nist-docx-0005	docx	sqlite	2	68	0	1660	8
nist-docx-0005	docx	sqlite	3	68	0	1552	8
nist-docx-0005	docx	sqlite	4	68	0	1659	8
nist-docx-0005	docx	sqlite	5	68	0	1789	8
nist-docx-0005	docx	vole	0	68	0	1380	8
nist-docx-0005	docx	vole	1	68	0	1360	8
nist-docx-0005	docx	vole	2	68	0	1382	8
nist-docx-0005	docx	vole	3	68	0	1406	8
nist-docx-0005	docx	vole	4	68	0	1387	8
nist-docx-0005	docx	vole	5	68	0	1386	8
nist-docx-0005	docx	vole	0	69	0	1373	8
nist-docx-0005	docx	vole	1	69	0	1319	8
nist-docx-0005	docx	vole	2	69	0	1509	8
nist-docx-0005	docx	vole	3	69	0	1400	8
nist-docx-0005	docx	vole	4	69	0	1323	8
nist-docx-0005	docx	vole	5	69	0	1403	8
nist-docx-0005	docx	sqlite	0	69	0	1502	8
nist-docx-0005	docx	sqlite	1	69	0	1488	8
nist-docx-0005	docx	sqlite	2	69	0	1793	8
nist-docx-0005	docx	sqlite	3	69	0	1590	8
nist-docx-0005	docx	sqlite	4	69	0	1664	8
nist-docx-0005	docx	sqlite	5	69	0	1622	8
nist-docx-0005	docx	sqlite	0	70	0	1404	8
nist-docx-0005	docx	sqlite	1	70	0	1481	8
nist-docx-0005	docx	sqlite	2	70	0	1528	8
nist-docx-0005	docx	sqlite	3	70	0	1495	8
nist-docx-0005	docx	sqlite	4	70	0	1720	8
nist-docx-0005	docx	sqlite	5	70	0	1585	8
nist-docx-0005	docx	vole	0	70	0	1357	8
nist-docx-0005	docx	vole	1	70	0	1271	8
nist-docx-0005	docx	vole	2	70	0	1290	8
nist-docx-0005	docx	vole	3	70	0	1448	8
nist-docx-0005	docx	vole	4	70	0	1374	8
nist-docx-0005	docx	vole	5	70	0	1404	8
nist-docx-0005	docx	vole	0	71	0	1317	8
nist-docx-0005	docx	vole	1	71	0	1404	8
nist-docx-0005	docx	vole	2	71	0	1297	8
nist-docx-0005	docx	vole	3	71	0	1389	8
nist-docx-0005	docx	vole	4	71	0	1415	8
nist-docx-0005	docx	vole	5	71	0	1311	8
nist-docx-0005	docx	sqlite	0	71	0	1493	8
nist-docx-0005	docx	sqlite	1	71	0	1425	8
nist-docx-0005	docx	sqlite	2	71	0	1711	8
nist-docx-0005	docx	sqlite	3	71	0	1554	8
nist-docx-0005	docx	sqlite	4	71	0	1572	8
nist-docx-0005	docx	sqlite	5	71	0	1762	8
nist-docx-0005	docx	sqlite	0	72	0	1621	8
nist-docx-0005	docx	sqlite	1	72	0	1484	8
nist-docx-0005	docx	sqlite	2	72	0	1607	8
nist-docx-0005	docx	sqlite	3	72	0	1640	8
nist-docx-0005	docx	sqlite	4	72	0	1756	8
nist-docx-0005	docx	sqlite	5	72	0	1635	8
nist-docx-0005	docx	vole	0	72	0	1414	8
nist-docx-0005	docx	vole	1	72	0	1352	8
nist-docx-0005	docx	vole	2	72	0	1316	8
nist-docx-0005	docx	vole	3	72	0	1346	8
nist-docx-0005	docx	vole	4	72	0	1286	8
nist-docx-0005	docx	vole	5	72	0	1267	8
nist-docx-0005	docx	vole	0	73	0	1291	8
nist-docx-0005	docx	vole	1	73	0	1389	8
nist-docx-0005	docx	vole	2	73	0	1357	8
nist-docx-0005	docx	vole	3	73	0	1330	8
nist-docx-0005	docx	vole	4	73	0	1309	8
nist-docx-0005	docx	vole	5	73	0	1281	8
nist-docx-0005	docx	sqlite	0	73	0	1388	8
nist-docx-0005	docx	sqlite	1	73	0	1487	8
nist-docx-0005	docx	sqlite	2	73	0	1704	8
nist-docx-0005	docx	sqlite	3	73	0	1622	8
nist-docx-0005	docx	sqlite	4	73	0	1622	8
nist-docx-0005	docx	sqlite	5	73	0	1576	8
nist-docx-0005	docx	sqlite	0	74	0	1440	8
nist-docx-0005	docx	sqlite	1	74	0	1398	8
nist-docx-0005	docx	sqlite	2	74	0	1591	8
nist-docx-0005	docx	sqlite	3	74	0	1613	8
nist-docx-0005	docx	sqlite	4	74	0	1645	8
nist-docx-0005	docx	sqlite	5	74	0	1914	8
nist-docx-0005	docx	vole	0	74	0	1297	8
nist-docx-0005	docx	vole	1	74	0	1317	8
nist-docx-0005	docx	vole	2	74	0	1324	8
nist-docx-0005	docx	vole	3	74	0	1282	8
nist-docx-0005	docx	vole	4	74	0	1332	8
nist-docx-0005	docx	vole	5	74	0	1395	8
nist-docx-0005	docx	vole	0	75	0	1295	8
nist-docx-0005	docx	vole	1	75	0	1393	8
nist-docx-0005	docx	vole	2	75	0	1339	8
nist-docx-0005	docx	vole	3	75	0	1328	8
nist-docx-0005	docx	vole	4	75	0	1292	8
nist-docx-0005	docx	vole	5	75	0	1533	8
nist-docx-0005	docx	sqlite	0	75	0	1461	8
nist-docx-0005	docx	sqlite	1	75	0	1485	8
nist-docx-0005	docx	sqlite	2	75	0	1640	8
nist-docx-0005	docx	sqlite	3	75	0	1591	8
nist-docx-0005	docx	sqlite	4	75	0	1627	8
nist-docx-0005	docx	sqlite	5	75	0	1689	8
nist-docx-0005	docx	sqlite	0	76	0	1386	8
nist-docx-0005	docx	sqlite	1	76	0	1547	8
nist-docx-0005	docx	sqlite	2	76	0	1526	8
nist-docx-0005	docx	sqlite	3	76	0	1550	8
nist-docx-0005	docx	sqlite	4	76	0	1703	8
nist-docx-0005	docx	sqlite	5	76	0	1627	8
nist-docx-0005	docx	vole	0	76	0	1401	8
nist-docx-0005	docx	vole	1	76	0	1288	8
nist-docx-0005	docx	vole	2	76	0	1261	8
nist-docx-0005	docx	vole	3	76	0	1384	8
nist-docx-0005	docx	vole	4	76	0	1421	8
nist-docx-0005	docx	vole	5	76	0	1330	8
nist-docx-0005	docx	vole	0	77	0	1363	8
nist-docx-0005	docx	vole	1	77	0	1304	8
nist-docx-0005	docx	vole	2	77	0	1362	8
nist-docx-0005	docx	vole	3	77	0	1305	8
nist-docx-0005	docx	vole	4	77	0	1293	8
nist-docx-0005	docx	vole	5	77	0	1296	8
nist-docx-0005	docx	sqlite	0	77	0	1521	8
nist-docx-0005	docx	sqlite	1	77	0	1450	8
nist-docx-0005	docx	sqlite	2	77	0	1573	8
nist-docx-0005	docx	sqlite	3	77	0	1614	8
nist-docx-0005	docx	sqlite	4	77	0	1732	8
nist-docx-0005	docx	sqlite	5	77	0	1719	8
nist-docx-0005	docx	sqlite	0	78	0	1443	8
nist-docx-0005	docx	sqlite	1	78	0	1466	8
nist-docx-0005	docx	sqlite	2	78	0	1620	8
nist-docx-0005	docx	sqlite	3	78	0	1667	8
nist-docx-0005	docx	sqlite	4	78	0	1796	8
nist-docx-0005	docx	sqlite	5	78	0	1666	8
nist-docx-0005	docx	vole	0	78	0	1446	8
nist-docx-0005	docx	vole	1	78	0	1325	8
nist-docx-0005	docx	vole	2	78	0	1295	8
nist-docx-0005	docx	vole	3	78	0	1284	8
nist-docx-0005	docx	vole	4	78	0	1318	8
nist-docx-0005	docx	vole	5	78	0	1373	8
nist-docx-0005	docx	vole	0	79	0	1350	8
nist-docx-0005	docx	vole	1	79	0	1427	8
nist-docx-0005	docx	vole	2	79	0	1383	8
nist-docx-0005	docx	vole	3	79	0	1275	8
nist-docx-0005	docx	vole	4	79	0	1295	8
nist-docx-0005	docx	vole	5	79	0	1298	8
nist-docx-0005	docx	sqlite	0	79	0	1486	8
nist-docx-0005	docx	sqlite	1	79	0	1506	8
nist-docx-0005	docx	sqlite	2	79	0	1557	8
nist-docx-0005	docx	sqlite	3	79	0	1652	8
nist-docx-0005	docx	sqlite	4	79	0	1859	8
nist-docx-0005	docx	sqlite	5	79	0	1790	8
nist-docx-0005	docx	sqlite	0	80	0	1574	8
nist-docx-0005	docx	sqlite	1	80	0	1595	8
nist-docx-0005	docx	sqlite	2	80	0	2499	8
nist-docx-0005	docx	sqlite	3	80	0	1667	8
nist-docx-0005	docx	sqlite	4	80	0	1708	8
nist-docx-0005	docx	sqlite	5	80	0	1672	8
nist-docx-0005	docx	vole	0	80	0	1537	8
nist-docx-0005	docx	vole	1	80	0	1425	8
nist-docx-0005	docx	vole	2	80	0	1435	8
nist-docx-0005	docx	vole	3	80	0	1411	8
nist-docx-0005	docx	vole	4	80	0	1357	8
nist-docx-0005	docx	vole	5	80	0	1421	8
nist-docx-0005	docx	vole	0	81	0	1359	8
nist-docx-0005	docx	vole	1	81	0	1339	8
nist-docx-0005	docx	vole	2	81	0	1371	8
nist-docx-0005	docx	vole	3	81	0	1499	8
nist-docx-0005	docx	vole	4	81	0	1684	8
nist-docx-0005	docx	vole	5	81	0	1436	8
nist-docx-0005	docx	sqlite	0	81	0	1776	8
nist-docx-0005	docx	sqlite	1	81	0	2466	8
nist-docx-0005	docx	sqlite	2	81	0	1679	8
nist-docx-0005	docx	sqlite	3	81	0	1754	8
nist-docx-0005	docx	sqlite	4	81	0	1675	8
nist-docx-0005	docx	sqlite	5	81	0	1687	8
nist-docx-0005	docx	sqlite	0	82	0	1410	8
nist-docx-0005	docx	sqlite	1	82	0	1483	8
nist-docx-0005	docx	sqlite	2	82	0	1593	8
nist-docx-0005	docx	sqlite	3	82	0	1612	8
nist-docx-0005	docx	sqlite	4	82	0	1709	8
nist-docx-0005	docx	sqlite	5	82	0	1775	8
nist-docx-0005	docx	vole	0	82	0	1615	8
nist-docx-0005	docx	vole	1	82	0	1446	8
nist-docx-0005	docx	vole	2	82	0	1395	8
nist-docx-0005	docx	vole	3	82	0	1337	8
nist-docx-0005	docx	vole	4	82	0	1380	8
nist-docx-0005	docx	vole	5	82	0	1410	8
nist-docx-0005	docx	vole	0	83	0	1408	8
nist-docx-0005	docx	vole	1	83	0	1400	8
nist-docx-0005	docx	vole	2	83	0	1402	8
nist-docx-0005	docx	vole	3	83	0	1381	8
nist-docx-0005	docx	vole	4	83	0	1378	8
nist-docx-0005	docx	vole	5	83	0	1366	8
nist-docx-0005	docx	sqlite	0	83	0	1726	8
nist-docx-0005	docx	sqlite	1	83	0	1642	8
nist-docx-0005	docx	sqlite	2	83	0	1692	8
nist-docx-0005	docx	sqlite	3	83	0	1759	8
nist-docx-0005	docx	sqlite	4	83	0	1712	8
nist-docx-0005	docx	sqlite	5	83	0	1782	8
nist-docx-0005	docx	sqlite	0	84	0	1475	8
nist-docx-0005	docx	sqlite	1	84	0	1632	8
nist-docx-0005	docx	sqlite	2	84	0	1901	8
nist-docx-0005	docx	sqlite	3	84	0	1717	8
nist-docx-0005	docx	sqlite	4	84	0	1803	8
nist-docx-0005	docx	sqlite	5	84	0	1680	8
nist-docx-0005	docx	vole	0	84	0	2107	8
nist-docx-0005	docx	vole	1	84	0	1385	8
nist-docx-0005	docx	vole	2	84	0	1335	8
nist-docx-0005	docx	vole	3	84	0	1360	8
nist-docx-0005	docx	vole	4	84	0	1378	8
nist-docx-0005	docx	vole	5	84	0	1389	8
nist-docx-0005	docx	vole	0	85	0	1469	8
nist-docx-0005	docx	vole	1	85	0	1450	8
nist-docx-0005	docx	vole	2	85	0	1394	8
nist-docx-0005	docx	vole	3	85	0	1334	8
nist-docx-0005	docx	vole	4	85	0	1311	8
nist-docx-0005	docx	vole	5	85	0	1295	8
nist-docx-0005	docx	sqlite	0	85	0	1818	8
nist-docx-0005	docx	sqlite	1	85	0	2225	8
nist-docx-0005	docx	sqlite	2	85	0	1730	8
nist-docx-0005	docx	sqlite	3	85	0	1709	8
nist-docx-0005	docx	sqlite	4	85	0	1767	8
nist-docx-0005	docx	sqlite	5	85	0	1779	8
nist-docx-0005	docx	sqlite	0	86	0	1508	8
nist-docx-0005	docx	sqlite	1	86	0	1592	8
nist-docx-0005	docx	sqlite	2	86	0	1916	8
nist-docx-0005	docx	sqlite	3	86	0	2513	8
nist-docx-0005	docx	sqlite	4	86	0	1698	8
nist-docx-0005	docx	sqlite	5	86	0	1804	8
nist-docx-0005	docx	vole	0	86	0	1571	8
nist-docx-0005	docx	vole	1	86	0	1522	8
nist-docx-0005	docx	vole	2	86	0	1464	8
nist-docx-0005	docx	vole	3	86	0	1404	8
nist-docx-0005	docx	vole	4	86	0	1394	8
nist-docx-0005	docx	vole	5	86	0	1386	8
nist-docx-0005	docx	vole	0	87	0	1475	8
nist-docx-0005	docx	vole	1	87	0	1434	8
nist-docx-0005	docx	vole	2	87	0	1373	8
nist-docx-0005	docx	vole	3	87	0	1401	8
nist-docx-0005	docx	vole	4	87	0	1363	8
nist-docx-0005	docx	vole	5	87	0	1351	8
nist-docx-0005	docx	sqlite	0	87	0	1807	8
nist-docx-0005	docx	sqlite	1	87	0	1649	8
nist-docx-0005	docx	sqlite	2	87	0	1631	8
nist-docx-0005	docx	sqlite	3	87	0	1796	8
nist-docx-0005	docx	sqlite	4	87	0	1922	8
nist-docx-0005	docx	sqlite	5	87	0	1809	8
nist-docx-0005	docx	sqlite	0	88	0	1508	8
nist-docx-0005	docx	sqlite	1	88	0	1645	8
nist-docx-0005	docx	sqlite	2	88	0	1706	8
nist-docx-0005	docx	sqlite	3	88	0	1629	8
nist-docx-0005	docx	sqlite	4	88	0	1793	8
nist-docx-0005	docx	sqlite	5	88	0	1713	8
nist-docx-0005	docx	vole	0	88	0	1509	8
nist-docx-0005	docx	vole	1	88	0	1810	8
nist-docx-0005	docx	vole	2	88	0	1551	8
nist-docx-0005	docx	vole	3	88	0	1459	8
nist-docx-0005	docx	vole	4	88	0	1436	8
nist-docx-0005	docx	vole	5	88	0	1436	8
nist-docx-0005	docx	vole	0	89	0	1410	8
nist-docx-0005	docx	vole	1	89	0	1523	8
nist-docx-0005	docx	vole	2	89	0	1453	8
nist-docx-0005	docx	vole	3	89	0	1372	8
nist-docx-0005	docx	vole	4	89	0	1419	8
nist-docx-0005	docx	vole	5	89	0	1321	8
nist-docx-0005	docx	sqlite	0	89	0	1828	8
nist-docx-0005	docx	sqlite	1	89	0	1543	8
nist-docx-0005	docx	sqlite	2	89	0	1689	8
nist-docx-0005	docx	sqlite	3	89	0	1653	8
nist-docx-0005	docx	sqlite	4	89	0	1853	8
nist-docx-0005	docx	sqlite	5	89	0	1780	8
nist-docx-0005	docx	sqlite	0	90	0	1580	8
nist-docx-0005	docx	sqlite	1	90	0	1530	8
nist-docx-0005	docx	sqlite	2	90	0	1627	8
nist-docx-0005	docx	sqlite	3	90	0	1681	8
nist-docx-0005	docx	sqlite	4	90	0	1745	8
nist-docx-0005	docx	sqlite	5	90	0	1725	8
nist-docx-0005	docx	vole	0	90	0	1535	8
nist-docx-0005	docx	vole	1	90	0	1528	8
nist-docx-0005	docx	vole	2	90	0	1495	8
nist-docx-0005	docx	vole	3	90	0	1454	8
nist-docx-0005	docx	vole	4	90	0	1509	8
nist-docx-0005	docx	vole	5	90	0	1433	8
nist-docx-0005	docx	vole	0	91	0	1478	8
nist-docx-0005	docx	vole	1	91	0	1490	8
nist-docx-0005	docx	vole	2	91	0	1436	8
nist-docx-0005	docx	vole	3	91	0	1352	8
nist-docx-0005	docx	vole	4	91	0	1378	8
nist-docx-0005	docx	vole	5	91	0	1427	8
nist-docx-0005	docx	sqlite	0	91	0	1777	8
nist-docx-0005	docx	sqlite	1	91	0	1674	8
nist-docx-0005	docx	sqlite	2	91	0	1824	8
nist-docx-0005	docx	sqlite	3	91	0	1797	8
nist-docx-0005	docx	sqlite	4	91	0	1918	8
nist-docx-0005	docx	sqlite	5	91	0	1784	8
nist-docx-0005	docx	sqlite	0	92	0	1579	8
nist-docx-0005	docx	sqlite	1	92	0	1569	8
nist-docx-0005	docx	sqlite	2	92	0	1782	8
nist-docx-0005	docx	sqlite	3	92	0	1722	8
nist-docx-0005	docx	sqlite	4	92	0	1732	8
nist-docx-0005	docx	sqlite	5	92	0	1814	8
nist-docx-0005	docx	vole	0	92	0	1657	8
nist-docx-0005	docx	vole	1	92	0	1440	8
nist-docx-0005	docx	vole	2	92	0	1481	8
nist-docx-0005	docx	vole	3	92	0	1405	8
nist-docx-0005	docx	vole	4	92	0	1313	8
nist-docx-0005	docx	vole	5	92	0	1309	8
nist-docx-0005	docx	vole	0	93	0	1353	8
nist-docx-0005	docx	vole	1	93	0	1379	8
nist-docx-0005	docx	vole	2	93	0	1422	8
nist-docx-0005	docx	vole	3	93	0	1486	8
nist-docx-0005	docx	vole	4	93	0	1385	8
nist-docx-0005	docx	vole	5	93	0	1390	8
nist-docx-0005	docx	sqlite	0	93	0	1534	8
nist-docx-0005	docx	sqlite	1	93	0	1661	8
nist-docx-0005	docx	sqlite	2	93	0	1730	8
nist-docx-0005	docx	sqlite	3	93	0	1719	8
nist-docx-0005	docx	sqlite	4	93	0	1807	8
nist-docx-0005	docx	sqlite	5	93	0	1718	8
nist-docx-0005	docx	sqlite	0	94	0	1489	8
nist-docx-0005	docx	sqlite	1	94	0	1563	8
nist-docx-0005	docx	sqlite	2	94	0	1723	8
nist-docx-0005	docx	sqlite	3	94	0	1683	8
nist-docx-0005	docx	sqlite	4	94	0	1823	8
nist-docx-0005	docx	sqlite	5	94	0	1739	8
nist-docx-0005	docx	vole	0	94	0	1578	8
nist-docx-0005	docx	vole	1	94	0	1386	8
nist-docx-0005	docx	vole	2	94	0	1377	8
nist-docx-0005	docx	vole	3	94	0	1420	8
nist-docx-0005	docx	vole	4	94	0	1388	8
nist-docx-0005	docx	vole	5	94	0	1427	8
nist-docx-0005	docx	vole	0	95	0	1435	8
nist-docx-0005	docx	vole	1	95	0	1467	8
nist-docx-0005	docx	vole	2	95	0	1374	8
nist-docx-0005	docx	vole	3	95	0	1419	8
nist-docx-0005	docx	vole	4	95	0	1398	8
nist-docx-0005	docx	vole	5	95	0	1580	8
nist-docx-0005	docx	sqlite	0	95	0	1756	8
nist-docx-0005	docx	sqlite	1	95	0	1565	8
nist-docx-0005	docx	sqlite	2	95	0	1639	8
nist-docx-0005	docx	sqlite	3	95	0	1710	8
nist-docx-0005	docx	sqlite	4	95	0	1845	8
nist-docx-0005	docx	sqlite	5	95	0	1806	8
nist-docx-0005	docx	sqlite	0	96	0	1604	8
nist-docx-0005	docx	sqlite	1	96	0	1551	8
nist-docx-0005	docx	sqlite	2	96	0	1683	8
nist-docx-0005	docx	sqlite	3	96	0	1678	8
nist-docx-0005	docx	sqlite	4	96	0	1740	8
nist-docx-0005	docx	sqlite	5	96	0	1848	8
nist-docx-0005	docx	vole	0	96	0	1631	8
nist-docx-0005	docx	vole	1	96	0	1407	8
nist-docx-0005	docx	vole	2	96	0	1492	8
nist-docx-0005	docx	vole	3	96	0	1609	8
nist-docx-0005	docx	vole	4	96	0	1521	8
nist-docx-0005	docx	vole	5	96	0	1741	8
nist-docx-0005	docx	vole	0	97	0	1446	8
nist-docx-0005	docx	vole	1	97	0	1570	8
nist-docx-0005	docx	vole	2	97	0	1381	8
nist-docx-0005	docx	vole	3	97	0	1445	8
nist-docx-0005	docx	vole	4	97	0	1420	8
nist-docx-0005	docx	vole	5	97	0	1455	8
nist-docx-0005	docx	sqlite	0	97	0	1814	8
nist-docx-0005	docx	sqlite	1	97	0	1702	8
nist-docx-0005	docx	sqlite	2	97	0	1824	8
nist-docx-0005	docx	sqlite	3	97	0	1732	8
nist-docx-0005	docx	sqlite	4	97	0	1768	8
nist-docx-0005	docx	sqlite	5	97	0	1733	8
nist-docx-0005	docx	sqlite	0	98	0	1484	8
nist-docx-0005	docx	sqlite	1	98	0	1842	8
nist-docx-0005	docx	sqlite	2	98	0	1656	8
nist-docx-0005	docx	sqlite	3	98	0	1735	8
nist-docx-0005	docx	sqlite	4	98	0	1816	8
nist-docx-0005	docx	sqlite	5	98	0	1729	8
nist-docx-0005	docx	vole	0	98	0	1549	8
nist-docx-0005	docx	vole	1	98	0	1388	8
nist-docx-0005	docx	vole	2	98	0	1362	8
nist-docx-0005	docx	vole	3	98	0	1339	8
nist-docx-0005	docx	vole	4	98	0	1419	8
nist-docx-0005	docx	vole	5	98	0	1363	8
nist-docx-0005	docx	vole	0	99	0	1467	8
nist-docx-0005	docx	vole	1	99	0	1359	8
nist-docx-0005	docx	vole	2	99	0	1377	8
nist-docx-0005	docx	vole	3	99	0	1403	8
nist-docx-0005	docx	vole	4	99	0	1482	8
nist-docx-0005	docx	vole	5	99	0	1296	8
nist-docx-0005	docx	sqlite	0	99	0	1583	8
nist-docx-0005	docx	sqlite	1	99	0	1646	8
nist-docx-0005	docx	sqlite	2	99	0	1821	8
nist-docx-0005	docx	sqlite	3	99	0	1646	8
nist-docx-0005	docx	sqlite	4	99	0	1875	8
nist-docx-0005	docx	sqlite	5	99	0	1752	8
nist-docx-0005	docx	sqlite	0	100	0	1535	8
nist-docx-0005	docx	sqlite	1	100	0	1547	8
nist-docx-0005	docx	sqlite	2	100	0	1655	8
nist-docx-0005	docx	sqlite	3	100	0	1755	8
nist-docx-0005	docx	sqlite	4	100	0	1705	8
nist-docx-0005	docx	sqlite	5	100	0	1750	8
nist-docx-0005	docx	vole	0	100	0	1548	8
nist-docx-0005	docx	vole	1	100	0	1432	8
nist-docx-0005	docx	vole	2	100	0	1342	8
nist-docx-0005	docx	vole	3	100	0	1320	8
nist-docx-0005	docx	vole	4	100	0	1333	8
nist-docx-0005	docx	vole	5	100	0	1401	8
nist-docx-0008	docx	vole	0	1	0	1268	8
nist-docx-0008	docx	vole	1	1	0	1126	8
nist-docx-0008	docx	vole	2	1	0	1139	8
nist-docx-0008	docx	vole	3	1	0	1377	8
nist-docx-0008	docx	vole	4	1	0	1079	8
nist-docx-0008	docx	vole	5	1	0	1150	8
nist-docx-0008	docx	sqlite	0	1	0	1391	8
nist-docx-0008	docx	sqlite	1	1	0	1406	8
nist-docx-0008	docx	sqlite	2	1	0	1696	8
nist-docx-0008	docx	sqlite	3	1	0	1543	8
nist-docx-0008	docx	sqlite	4	1	0	1561	8
nist-docx-0008	docx	sqlite	5	1	0	1625	8
nist-docx-0008	docx	sqlite	0	2	0	1354	8
nist-docx-0008	docx	sqlite	1	2	0	1290	8
nist-docx-0008	docx	sqlite	2	2	0	1556	8
nist-docx-0008	docx	sqlite	3	2	0	1491	8
nist-docx-0008	docx	sqlite	4	2	0	1564	8
nist-docx-0008	docx	sqlite	5	2	0	1579	8
nist-docx-0008	docx	vole	0	2	0	1199	8
nist-docx-0008	docx	vole	1	2	0	1108	8
nist-docx-0008	docx	vole	2	2	0	1170	8
nist-docx-0008	docx	vole	3	2	0	1134	8
nist-docx-0008	docx	vole	4	2	0	1057	8
nist-docx-0008	docx	vole	5	2	0	1089	8
nist-docx-0008	docx	vole	0	3	0	1174	8
nist-docx-0008	docx	vole	1	3	0	1095	8
nist-docx-0008	docx	vole	2	3	0	1071	8
nist-docx-0008	docx	vole	3	3	0	1094	8
nist-docx-0008	docx	vole	4	3	0	1093	8
nist-docx-0008	docx	vole	5	3	0	1080	8
nist-docx-0008	docx	sqlite	0	3	0	1402	8
nist-docx-0008	docx	sqlite	1	3	0	1447	8
nist-docx-0008	docx	sqlite	2	3	0	1729	8
nist-docx-0008	docx	sqlite	3	3	0	1488	8
nist-docx-0008	docx	sqlite	4	3	0	1685	8
nist-docx-0008	docx	sqlite	5	3	0	1619	8
nist-docx-0008	docx	sqlite	0	4	0	1518	8
nist-docx-0008	docx	sqlite	1	4	0	1397	8
nist-docx-0008	docx	sqlite	2	4	0	1430	8
nist-docx-0008	docx	sqlite	3	4	0	1428	8
nist-docx-0008	docx	sqlite	4	4	0	1622	8
nist-docx-0008	docx	sqlite	5	4	0	1566	8
nist-docx-0008	docx	vole	0	4	0	1189	8
nist-docx-0008	docx	vole	1	4	0	1064	8
nist-docx-0008	docx	vole	2	4	0	1032	8
nist-docx-0008	docx	vole	3	4	0	1041	8
nist-docx-0008	docx	vole	4	4	0	1078	8
nist-docx-0008	docx	vole	5	4	0	1169	8
nist-docx-0008	docx	vole	0	5	0	1078	8
nist-docx-0008	docx	vole	1	5	0	1115	8
nist-docx-0008	docx	vole	2	5	0	1139	8
nist-docx-0008	docx	vole	3	5	0	1159	8
nist-docx-0008	docx	vole	4	5	0	1188	8
nist-docx-0008	docx	vole	5	5	0	1133	8
nist-docx-0008	docx	sqlite	0	5	0	1502	8
nist-docx-0008	docx	sqlite	1	5	0	1466	8
nist-docx-0008	docx	sqlite	2	5	0	1612	8
nist-docx-0008	docx	sqlite	3	5	0	1466	8
nist-docx-0008	docx	sqlite	4	5	0	1537	8
nist-docx-0008	docx	sqlite	5	5	0	1533	8
nist-docx-0008	docx	sqlite	0	6	0	1380	8
nist-docx-0008	docx	sqlite	1	6	0	1330	8
nist-docx-0008	docx	sqlite	2	6	0	1451	8
nist-docx-0008	docx	sqlite	3	6	0	1469	8
nist-docx-0008	docx	sqlite	4	6	0	1665	8
nist-docx-0008	docx	sqlite	5	6	0	1518	8
nist-docx-0008	docx	vole	0	6	0	1200	8
nist-docx-0008	docx	vole	1	6	0	1058	8
nist-docx-0008	docx	vole	2	6	0	1078	8
nist-docx-0008	docx	vole	3	6	0	1139	8
nist-docx-0008	docx	vole	4	6	0	1158	8
nist-docx-0008	docx	vole	5	6	0	1055	8
nist-docx-0008	docx	vole	0	7	0	1086	8
nist-docx-0008	docx	vole	1	7	0	1090	8
nist-docx-0008	docx	vole	2	7	0	1052	8
nist-docx-0008	docx	vole	3	7	0	1101	8
nist-docx-0008	docx	vole	4	7	0	1070	8
nist-docx-0008	docx	vole	5	7	0	1105	8
nist-docx-0008	docx	sqlite	0	7	0	1347	8
nist-docx-0008	docx	sqlite	1	7	0	1380	8
nist-docx-0008	docx	sqlite	2	7	0	1502	8
nist-docx-0008	docx	sqlite	3	7	0	1490	8
nist-docx-0008	docx	sqlite	4	7	0	1482	8
nist-docx-0008	docx	sqlite	5	7	0	1543	8
nist-docx-0008	docx	sqlite	0	8	0	1306	8
nist-docx-0008	docx	sqlite	1	8	0	1429	8
nist-docx-0008	docx	sqlite	2	8	0	1518	8
nist-docx-0008	docx	sqlite	3	8	0	1464	8
nist-docx-0008	docx	sqlite	4	8	0	1759	8
nist-docx-0008	docx	sqlite	5	8	0	1748	8
nist-docx-0008	docx	vole	0	8	0	1249	8
nist-docx-0008	docx	vole	1	8	0	1194	8
nist-docx-0008	docx	vole	2	8	0	1120	8
nist-docx-0008	docx	vole	3	8	0	1075	8
nist-docx-0008	docx	vole	4	8	0	1069	8
nist-docx-0008	docx	vole	5	8	0	1116	8
nist-docx-0008	docx	vole	0	9	0	1075	8
nist-docx-0008	docx	vole	1	9	0	1046	8
nist-docx-0008	docx	vole	2	9	0	1080	8
nist-docx-0008	docx	vole	3	9	0	1057	8
nist-docx-0008	docx	vole	4	9	0	1049	8
nist-docx-0008	docx	vole	5	9	0	1028	8
nist-docx-0008	docx	sqlite	0	9	0	1338	8
nist-docx-0008	docx	sqlite	1	9	0	1406	8
nist-docx-0008	docx	sqlite	2	9	0	1449	8
nist-docx-0008	docx	sqlite	3	9	0	1409	8
nist-docx-0008	docx	sqlite	4	9	0	1556	8
nist-docx-0008	docx	sqlite	5	9	0	1800	8
nist-docx-0008	docx	sqlite	0	10	0	1379	8
nist-docx-0008	docx	sqlite	1	10	0	1354	8
nist-docx-0008	docx	sqlite	2	10	0	1557	8
nist-docx-0008	docx	sqlite	3	10	0	1447	8
nist-docx-0008	docx	sqlite	4	10	0	1514	8
nist-docx-0008	docx	sqlite	5	10	0	1580	8
nist-docx-0008	docx	vole	0	10	0	1193	8
nist-docx-0008	docx	vole	1	10	0	1231	8
nist-docx-0008	docx	vole	2	10	0	1119	8
nist-docx-0008	docx	vole	3	10	0	1100	8
nist-docx-0008	docx	vole	4	10	0	1194	8
nist-docx-0008	docx	vole	5	10	0	1081	8
nist-docx-0008	docx	vole	0	11	0	1049	8
nist-docx-0008	docx	vole	1	11	0	1073	8
nist-docx-0008	docx	vole	2	11	0	1045	8
nist-docx-0008	docx	vole	3	11	0	1090	8
nist-docx-0008	docx	vole	4	11	0	1049	8
nist-docx-0008	docx	vole	5	11	0	1064	8
nist-docx-0008	docx	sqlite	0	11	0	1417	8
nist-docx-0008	docx	sqlite	1	11	0	1397	8
nist-docx-0008	docx	sqlite	2	11	0	1461	8
nist-docx-0008	docx	sqlite	3	11	0	1480	8
nist-docx-0008	docx	sqlite	4	11	0	1610	8
nist-docx-0008	docx	sqlite	5	11	0	1522	8
nist-docx-0008	docx	sqlite	0	12	0	1410	8
nist-docx-0008	docx	sqlite	1	12	0	1437	8
nist-docx-0008	docx	sqlite	2	12	0	1490	8
nist-docx-0008	docx	sqlite	3	12	0	1446	8
nist-docx-0008	docx	sqlite	4	12	0	1619	8
nist-docx-0008	docx	sqlite	5	12	0	1541	8
nist-docx-0008	docx	vole	0	12	0	1186	8
nist-docx-0008	docx	vole	1	12	0	1107	8
nist-docx-0008	docx	vole	2	12	0	1124	8
nist-docx-0008	docx	vole	3	12	0	1074	8
nist-docx-0008	docx	vole	4	12	0	1118	8
nist-docx-0008	docx	vole	5	12	0	1084	8
nist-docx-0008	docx	vole	0	13	0	1074	8
nist-docx-0008	docx	vole	1	13	0	1056	8
nist-docx-0008	docx	vole	2	13	0	1056	8
nist-docx-0008	docx	vole	3	13	0	1045	8
nist-docx-0008	docx	vole	4	13	0	1069	8
nist-docx-0008	docx	vole	5	13	0	1171	8
nist-docx-0008	docx	sqlite	0	13	0	1379	8
nist-docx-0008	docx	sqlite	1	13	0	1361	8
nist-docx-0008	docx	sqlite	2	13	0	1464	8
nist-docx-0008	docx	sqlite	3	13	0	1550	8
nist-docx-0008	docx	sqlite	4	13	0	1554	8
nist-docx-0008	docx	sqlite	5	13	0	1520	8
nist-docx-0008	docx	sqlite	0	14	0	1409	8
nist-docx-0008	docx	sqlite	1	14	0	1325	8
nist-docx-0008	docx	sqlite	2	14	0	1424	8
nist-docx-0008	docx	sqlite	3	14	0	1527	8
nist-docx-0008	docx	sqlite	4	14	0	1719	8
nist-docx-0008	docx	sqlite	5	14	0	1620	8
nist-docx-0008	docx	vole	0	14	0	1186	8
nist-docx-0008	docx	vole	1	14	0	1082	8
nist-docx-0008	docx	vole	2	14	0	1129	8
nist-docx-0008	docx	vole	3	14	0	1100	8
nist-docx-0008	docx	vole	4	14	0	1168	8
nist-docx-0008	docx	vole	5	14	0	1144	8
nist-docx-0008	docx	vole	0	15	0	1100	8
nist-docx-0008	docx	vole	1	15	0	1102	8
nist-docx-0008	docx	vole	2	15	0	1037	8
nist-docx-0008	docx	vole	3	15	0	1041	8
nist-docx-0008	docx	vole	4	15	0	1096	8
nist-docx-0008	docx	vole	5	15	0	1070	8
nist-docx-0008	docx	sqlite	0	15	0	1443	8
nist-docx-0008	docx	sqlite	1	15	0	1422	8
nist-docx-0008	docx	sqlite	2	15	0	1632	8
nist-docx-0008	docx	sqlite	3	15	0	1508	8
nist-docx-0008	docx	sqlite	4	15	0	1549	8
nist-docx-0008	docx	sqlite	5	15	0	1621	8
nist-docx-0008	docx	sqlite	0	16	0	1417	8
nist-docx-0008	docx	sqlite	1	16	0	1467	8
nist-docx-0008	docx	sqlite	2	16	0	1606	8
nist-docx-0008	docx	sqlite	3	16	0	1643	8
nist-docx-0008	docx	sqlite	4	16	0	1613	8
nist-docx-0008	docx	sqlite	5	16	0	1690	8
nist-docx-0008	docx	vole	0	16	0	1297	8
nist-docx-0008	docx	vole	1	16	0	1142	8
nist-docx-0008	docx	vole	2	16	0	1137	8
nist-docx-0008	docx	vole	3	16	0	1135	8
nist-docx-0008	docx	vole	4	16	0	1104	8
nist-docx-0008	docx	vole	5	16	0	1112	8
nist-docx-0008	docx	vole	0	17	0	1140	8
nist-docx-0008	docx	vole	1	17	0	1121	8
nist-docx-0008	docx	vole	2	17	0	1151	8
nist-docx-0008	docx	vole	3	17	0	1104	8
nist-docx-0008	docx	vole	4	17	0	1031	8
nist-docx-0008	docx	vole	5	17	0	1256	8
nist-docx-0008	docx	sqlite	0	17	0	1555	8
nist-docx-0008	docx	sqlite	1	17	0	1687	8
nist-docx-0008	docx	sqlite	2	17	0	1655	8
nist-docx-0008	docx	sqlite	3	17	0	1787	8
nist-docx-0008	docx	sqlite	4	17	0	1725	8
nist-docx-0008	docx	sqlite	5	17	0	1754	8
nist-docx-0008	docx	sqlite	0	18	0	1479	8
nist-docx-0008	docx	sqlite	1	18	0	1504	8
nist-docx-0008	docx	sqlite	2	18	0	1465	8
nist-docx-0008	docx	sqlite	3	18	0	1650	8
nist-docx-0008	docx	sqlite	4	18	0	1655	8
nist-docx-0008	docx	sqlite	5	18	0	1662	8
nist-docx-0008	docx	vole	0	18	0	1323	8
nist-docx-0008	docx	vole	1	18	0	1257	8
nist-docx-0008	docx	vole	2	18	0	1223	8
nist-docx-0008	docx	vole	3	18	0	1086	8
nist-docx-0008	docx	vole	4	18	0	1171	8
nist-docx-0008	docx	vole	5	18	0	1165	8
nist-docx-0008	docx	vole	0	19	0	1135	8
nist-docx-0008	docx	vole	1	19	0	1215	8
nist-docx-0008	docx	vole	2	19	0	1106	8
nist-docx-0008	docx	vole	3	19	0	1130	8
nist-docx-0008	docx	vole	4	19	0	1180	8
nist-docx-0008	docx	vole	5	19	0	1134	8
nist-docx-0008	docx	sqlite	0	19	0	1561	8
nist-docx-0008	docx	sqlite	1	19	0	1609	8
nist-docx-0008	docx	sqlite	2	19	0	1644	8
nist-docx-0008	docx	sqlite	3	19	0	1662	8
nist-docx-0008	docx	sqlite	4	19	0	1706	8
nist-docx-0008	docx	sqlite	5	19	0	1616	8
nist-docx-0008	docx	sqlite	0	20	0	1406	8
nist-docx-0008	docx	sqlite	1	20	0	1421	8
nist-docx-0008	docx	sqlite	2	20	0	1654	8
nist-docx-0008	docx	sqlite	3	20	0	1737	8
nist-docx-0008	docx	sqlite	4	20	0	2448	8
nist-docx-0008	docx	sqlite	5	20	0	1619	8
nist-docx-0008	docx	vole	0	20	0	1343	8
nist-docx-0008	docx	vole	1	20	0	1139	8
nist-docx-0008	docx	vole	2	20	0	1229	8
nist-docx-0008	docx	vole	3	20	0	1213	8
nist-docx-0008	docx	vole	4	20	0	1147	8
nist-docx-0008	docx	vole	5	20	0	1150	8
nist-docx-0008	docx	vole	0	21	0	1087	8
nist-docx-0008	docx	vole	1	21	0	1118	8
nist-docx-0008	docx	vole	2	21	0	2820	8
nist-docx-0008	docx	vole	3	21	0	1112	8
nist-docx-0008	docx	vole	4	21	0	1095	8
nist-docx-0008	docx	vole	5	21	0	1183	8
nist-docx-0008	docx	sqlite	0	21	0	1477	8
nist-docx-0008	docx	sqlite	1	21	0	1457	8
nist-docx-0008	docx	sqlite	2	21	0	1658	8
nist-docx-0008	docx	sqlite	3	21	0	1513	8
nist-docx-0008	docx	sqlite	4	21	0	1673	8
nist-docx-0008	docx	sqlite	5	21	0	1639	8
nist-docx-0008	docx	sqlite	0	22	0	1394	8
nist-docx-0008	docx	sqlite	1	22	0	1414	8
nist-docx-0008	docx	sqlite	2	22	0	1549	8
nist-docx-0008	docx	sqlite	3	22	0	1795	8
nist-docx-0008	docx	sqlite	4	22	0	1603	8
nist-docx-0008	docx	sqlite	5	22	0	1549	8
nist-docx-0008	docx	vole	0	22	0	1168	8
nist-docx-0008	docx	vole	1	22	0	1266	8
nist-docx-0008	docx	vole	2	22	0	1205	8
nist-docx-0008	docx	vole	3	22	0	1125	8
nist-docx-0008	docx	vole	4	22	0	1129	8
nist-docx-0008	docx	vole	5	22	0	1133	8
nist-docx-0008	docx	vole	0	23	0	1128	8
nist-docx-0008	docx	vole	1	23	0	1155	8
nist-docx-0008	docx	vole	2	23	0	1059	8
nist-docx-0008	docx	vole	3	23	0	1103	8
nist-docx-0008	docx	vole	4	23	0	1061	8
nist-docx-0008	docx	vole	5	23	0	1121	8
nist-docx-0008	docx	sqlite	0	23	0	1481	8
nist-docx-0008	docx	sqlite	1	23	0	1641	8
nist-docx-0008	docx	sqlite	2	23	0	1455	8
nist-docx-0008	docx	sqlite	3	23	0	1530	8
nist-docx-0008	docx	sqlite	4	23	0	1597	8
nist-docx-0008	docx	sqlite	5	23	0	1568	8
nist-docx-0008	docx	sqlite	0	24	0	1326	8
nist-docx-0008	docx	sqlite	1	24	0	1331	8
nist-docx-0008	docx	sqlite	2	24	0	1489	8
nist-docx-0008	docx	sqlite	3	24	0	1520	8
nist-docx-0008	docx	sqlite	4	24	0	1644	8
nist-docx-0008	docx	sqlite	5	24	0	1582	8
nist-docx-0008	docx	vole	0	24	0	1248	8
nist-docx-0008	docx	vole	1	24	0	1145	8
nist-docx-0008	docx	vole	2	24	0	1133	8
nist-docx-0008	docx	vole	3	24	0	1220	8
nist-docx-0008	docx	vole	4	24	0	1102	8
nist-docx-0008	docx	vole	5	24	0	1065	8
nist-docx-0008	docx	vole	0	25	0	1096	8
nist-docx-0008	docx	vole	1	25	0	1101	8
nist-docx-0008	docx	vole	2	25	0	1133	8
nist-docx-0008	docx	vole	3	25	0	1079	8
nist-docx-0008	docx	vole	4	25	0	1061	8
nist-docx-0008	docx	vole	5	25	0	1081	8
nist-docx-0008	docx	sqlite	0	25	0	1386	8
nist-docx-0008	docx	sqlite	1	25	0	1492	8
nist-docx-0008	docx	sqlite	2	25	0	1453	8
nist-docx-0008	docx	sqlite	3	25	0	1497	8
nist-docx-0008	docx	sqlite	4	25	0	1544	8
nist-docx-0008	docx	sqlite	5	25	0	1549	8
nist-docx-0008	docx	sqlite	0	26	0	1398	8
nist-docx-0008	docx	sqlite	1	26	0	1361	8
nist-docx-0008	docx	sqlite	2	26	0	1460	8
nist-docx-0008	docx	sqlite	3	26	0	1434	8
nist-docx-0008	docx	sqlite	4	26	0	1627	8
nist-docx-0008	docx	sqlite	5	26	0	2237	8
nist-docx-0008	docx	vole	0	26	0	1287	8
nist-docx-0008	docx	vole	1	26	0	1128	8
nist-docx-0008	docx	vole	2	26	0	1133	8
nist-docx-0008	docx	vole	3	26	0	1141	8
nist-docx-0008	docx	vole	4	26	0	1106	8
nist-docx-0008	docx	vole	5	26	0	1167	8
nist-docx-0008	docx	vole	0	27	0	1083	8
nist-docx-0008	docx	vole	1	27	0	1083	8
nist-docx-0008	docx	vole	2	27	0	1098	8
nist-docx-0008	docx	vole	3	27	0	1121	8
nist-docx-0008	docx	vole	4	27	0	1111	8
nist-docx-0008	docx	vole	5	27	0	1107	8
nist-docx-0008	docx	sqlite	0	27	0	1341	8
nist-docx-0008	docx	sqlite	1	27	0	1371	8
nist-docx-0008	docx	sqlite	2	27	0	1530	8
nist-docx-0008	docx	sqlite	3	27	0	1540	8
nist-docx-0008	docx	sqlite	4	27	0	1562	8
nist-docx-0008	docx	sqlite	5	27	0	1556	8
nist-docx-0008	docx	sqlite	0	28	0	1358	8
nist-docx-0008	docx	sqlite	1	28	0	1376	8
nist-docx-0008	docx	sqlite	2	28	0	1573	8
nist-docx-0008	docx	sqlite	3	28	0	1525	8
nist-docx-0008	docx	sqlite	4	28	0	1625	8
nist-docx-0008	docx	sqlite	5	28	0	1615	8
nist-docx-0008	docx	vole	0	28	0	1261	8
nist-docx-0008	docx	vole	1	28	0	1141	8
nist-docx-0008	docx	vole	2	28	0	1110	8
nist-docx-0008	docx	vole	3	28	0	1096	8
nist-docx-0008	docx	vole	4	28	0	1090	8
nist-docx-0008	docx	vole	5	28	0	1124	8
nist-docx-0008	docx	vole	0	29	0	1044	8
nist-docx-0008	docx	vole	1	29	0	1110	8
nist-docx-0008	docx	vole	2	29	0	1085	8
nist-docx-0008	docx	vole	3	29	0	1079	8
nist-docx-0008	docx	vole	4	29	0	1060	8
nist-docx-0008	docx	vole	5	29	0	1036	8
nist-docx-0008	docx	sqlite	0	29	0	1524	8
nist-docx-0008	docx	sqlite	1	29	0	1455	8
nist-docx-0008	docx	sqlite	2	29	0	1517	8
nist-docx-0008	docx	sqlite	3	29	0	1774	8
nist-docx-0008	docx	sqlite	4	29	0	1691	8
nist-docx-0008	docx	sqlite	5	29	0	1712	8
nist-docx-0008	docx	sqlite	0	30	0	1414	8
nist-docx-0008	docx	sqlite	1	30	0	1399	8
nist-docx-0008	docx	sqlite	2	30	0	1552	8
nist-docx-0008	docx	sqlite	3	30	0	1601	8
nist-docx-0008	docx	sqlite	4	30	0	1535	8
nist-docx-0008	docx	sqlite	5	30	0	1685	8
nist-docx-0008	docx	vole	0	30	0	1291	8
nist-docx-0008	docx	vole	1	30	0	1116	8
nist-docx-0008	docx	vole	2	30	0	1098	8
nist-docx-0008	docx	vole	3	30	0	1209	8
nist-docx-0008	docx	vole	4	30	0	1124	8
nist-docx-0008	docx	vole	5	30	0	1154	8
nist-docx-0008	docx	vole	0	31	0	1153	8
nist-docx-0008	docx	vole	1	31	0	1095	8
nist-docx-0008	docx	vole	2	31	0	1091	8
nist-docx-0008	docx	vole	3	31	0	1395	8
nist-docx-0008	docx	vole	4	31	0	1116	8
nist-docx-0008	docx	vole	5	31	0	1130	8
nist-docx-0008	docx	sqlite	0	31	0	1615	8
nist-docx-0008	docx	sqlite	1	31	0	1508	8
nist-docx-0008	docx	sqlite	2	31	0	1689	8
nist-docx-0008	docx	sqlite	3	31	0	1598	8
nist-docx-0008	docx	sqlite	4	31	0	1649	8
nist-docx-0008	docx	sqlite	5	31	0	1722	8
nist-docx-0008	docx	sqlite	0	32	0	1438	8
nist-docx-0008	docx	sqlite	1	32	0	1447	8
nist-docx-0008	docx	sqlite	2	32	0	1658	8
nist-docx-0008	docx	sqlite	3	32	0	1825	8
nist-docx-0008	docx	sqlite	4	32	0	1700	8
nist-docx-0008	docx	sqlite	5	32	0	1667	8
nist-docx-0008	docx	vole	0	32	0	1337	8
nist-docx-0008	docx	vole	1	32	0	1251	8
nist-docx-0008	docx	vole	2	32	0	1195	8
nist-docx-0008	docx	vole	3	32	0	1168	8
nist-docx-0008	docx	vole	4	32	0	1252	8
nist-docx-0008	docx	vole	5	32	0	1171	8
nist-docx-0008	docx	vole	0	33	0	1295	8
nist-docx-0008	docx	vole	1	33	0	1204	8
nist-docx-0008	docx	vole	2	33	0	1158	8
nist-docx-0008	docx	vole	3	33	0	1266	8
nist-docx-0008	docx	vole	4	33	0	1130	8
nist-docx-0008	docx	vole	5	33	0	2225	8
nist-docx-0008	docx	sqlite	0	33	0	1556	8
nist-docx-0008	docx	sqlite	1	33	0	1529	8
nist-docx-0008	docx	sqlite	2	33	0	1753	8
nist-docx-0008	docx	sqlite	3	33	0	1707	8
nist-docx-0008	docx	sqlite	4	33	0	1742	8
nist-docx-0008	docx	sqlite	5	33	0	1673	8
nist-docx-0008	docx	sqlite	0	34	0	1630	8
nist-docx-0008	docx	sqlite	1	34	0	1454	8
nist-docx-0008	docx	sqlite	2	34	0	1589	8
nist-docx-0008	docx	sqlite	3	34	0	1589	8
nist-docx-0008	docx	sqlite	4	34	0	1752	8
nist-docx-0008	docx	sqlite	5	34	0	1599	8
nist-docx-0008	docx	vole	0	34	0	1395	8
nist-docx-0008	docx	vole	1	34	0	1234	8
nist-docx-0008	docx	vole	2	34	0	1274	8
nist-docx-0008	docx	vole	3	34	0	1252	8
nist-docx-0008	docx	vole	4	34	0	1270	8
nist-docx-0008	docx	vole	5	34	0	1262	8
nist-docx-0008	docx	vole	0	35	0	1135	8
nist-docx-0008	docx	vole	1	35	0	1120	8
nist-docx-0008	docx	vole	2	35	0	1163	8
nist-docx-0008	docx	vole	3	35	0	1129	8
nist-docx-0008	docx	vole	4	35	0	1143	8
nist-docx-0008	docx	vole	5	35	0	1150	8
nist-docx-0008	docx	sqlite	0	35	0	1640	8
nist-docx-0008	docx	sqlite	1	35	0	1511	8
nist-docx-0008	docx	sqlite	2	35	0	1611	8
nist-docx-0008	docx	sqlite	3	35	0	1574	8
nist-docx-0008	docx	sqlite	4	35	0	1615	8
nist-docx-0008	docx	sqlite	5	35	0	1585	8
nist-docx-0008	docx	sqlite	0	36	0	1378	8
nist-docx-0008	docx	sqlite	1	36	0	1579	8
nist-docx-0008	docx	sqlite	2	36	0	1474	8
nist-docx-0008	docx	sqlite	3	36	0	1585	8
nist-docx-0008	docx	sqlite	4	36	0	1605	8
nist-docx-0008	docx	sqlite	5	36	0	1745	8
nist-docx-0008	docx	vole	0	36	0	1322	8
nist-docx-0008	docx	vole	1	36	0	1108	8
nist-docx-0008	docx	vole	2	36	0	1189	8
nist-docx-0008	docx	vole	3	36	0	1093	8
nist-docx-0008	docx	vole	4	36	0	1085	8
nist-docx-0008	docx	vole	5	36	0	1088	8
nist-docx-0008	docx	vole	0	37	0	1140	8
nist-docx-0008	docx	vole	1	37	0	1096	8
nist-docx-0008	docx	vole	2	37	0	1127	8
nist-docx-0008	docx	vole	3	37	0	1133	8
nist-docx-0008	docx	vole	4	37	0	1171	8
nist-docx-0008	docx	vole	5	37	0	1113	8
nist-docx-0008	docx	sqlite	0	37	0	1546	8
nist-docx-0008	docx	sqlite	1	37	0	1462	8
nist-docx-0008	docx	sqlite	2	37	0	1621	8
nist-docx-0008	docx	sqlite	3	37	0	1576	8
nist-docx-0008	docx	sqlite	4	37	0	1698	8
nist-docx-0008	docx	sqlite	5	37	0	1619	8
nist-docx-0008	docx	sqlite	0	38	0	1495	8
nist-docx-0008	docx	sqlite	1	38	0	1459	8
nist-docx-0008	docx	sqlite	2	38	0	1518	8
nist-docx-0008	docx	sqlite	3	38	0	1538	8
nist-docx-0008	docx	sqlite	4	38	0	1702	8
nist-docx-0008	docx	sqlite	5	38	0	1698	8
nist-docx-0008	docx	vole	0	38	0	1361	8
nist-docx-0008	docx	vole	1	38	0	1207	8
nist-docx-0008	docx	vole	2	38	0	1197	8
nist-docx-0008	docx	vole	3	38	0	1127	8
nist-docx-0008	docx	vole	4	38	0	1139	8
nist-docx-0008	docx	vole	5	38	0	1130	8
nist-docx-0008	docx	vole	0	39	0	1232	8
nist-docx-0008	docx	vole	1	39	0	1117	8
nist-docx-0008	docx	vole	2	39	0	1209	8
nist-docx-0008	docx	vole	3	39	0	1188	8
nist-docx-0008	docx	vole	4	39	0	1238	8
nist-docx-0008	docx	vole	5	39	0	1178	8
nist-docx-0008	docx	sqlite	0	39	0	1627	8
nist-docx-0008	docx	sqlite	1	39	0	1613	8
nist-docx-0008	docx	sqlite	2	39	0	1622	8
nist-docx-0008	docx	sqlite	3	39	0	1759	8
nist-docx-0008	docx	sqlite	4	39	0	1619	8
nist-docx-0008	docx	sqlite	5	39	0	1606	8
nist-docx-0008	docx	sqlite	0	40	0	1405	8
nist-docx-0008	docx	sqlite	1	40	0	1519	8
nist-docx-0008	docx	sqlite	2	40	0	1609	8
nist-docx-0008	docx	sqlite	3	40	0	1602	8
nist-docx-0008	docx	sqlite	4	40	0	1624	8
nist-docx-0008	docx	sqlite	5	40	0	1650	8
nist-docx-0008	docx	vole	0	40	0	1297	8
nist-docx-0008	docx	vole	1	40	0	1109	8
nist-docx-0008	docx	vole	2	40	0	1131	8
nist-docx-0008	docx	vole	3	40	0	1148	8
nist-docx-0008	docx	vole	4	40	0	1120	8
nist-docx-0008	docx	vole	5	40	0	1101	8
nist-docx-0008	docx	vole	0	41	0	1071	8
nist-docx-0008	docx	vole	1	41	0	1161	8
nist-docx-0008	docx	vole	2	41	0	1123	8
nist-docx-0008	docx	vole	3	41	0	1118	8
nist-docx-0008	docx	vole	4	41	0	1316	8
nist-docx-0008	docx	vole	5	41	0	1267	8
nist-docx-0008	docx	sqlite	0	41	0	1621	8
nist-docx-0008	docx	sqlite	1	41	0	1546	8
nist-docx-0008	docx	sqlite	2	41	0	1661	8
nist-docx-0008	docx	sqlite	3	41	0	1588	8
nist-docx-0008	docx	sqlite	4	41	0	1811	8
nist-docx-0008	docx	sqlite	5	41	0	1606	8
nist-docx-0008	docx	sqlite	0	42	0	1544	8
nist-docx-0008	docx	sqlite	1	42	0	1416	8
nist-docx-0008	docx	sqlite	2	42	0	1564	8
nist-docx-0008	docx	sqlite	3	42	0	1622	8
nist-docx-0008	docx	sqlite	4	42	0	1755	8
nist-docx-0008	docx	sqlite	5	42	0	1825	8
nist-docx-0008	docx	vole	0	42	0	1449	8
nist-docx-0008	docx	vole	1	42	0	1221	8
nist-docx-0008	docx	vole	2	42	0	1172	8
nist-docx-0008	docx	vole	3	42	0	1193	8
nist-docx-0008	docx	vole	4	42	0	1284	8
nist-docx-0008	docx	vole	5	42	0	1190	8
nist-docx-0008	docx	vole	0	43	0	1206	8
nist-docx-0008	docx	vole	1	43	0	1299	8
nist-docx-0008	docx	vole	2	43	0	1139	8
nist-docx-0008	docx	vole	3	43	0	1150	8
nist-docx-0008	docx	vole	4	43	0	1177	8
nist-docx-0008	docx	vole	5	43	0	1289	8
nist-docx-0008	docx	sqlite	0	43	0	1918	8
nist-docx-0008	docx	sqlite	1	43	0	1601	8
nist-docx-0008	docx	sqlite	2	43	0	1745	8
nist-docx-0008	docx	sqlite	3	43	0	1697	8
nist-docx-0008	docx	sqlite	4	43	0	1786	8
nist-docx-0008	docx	sqlite	5	43	0	2115	8
nist-docx-0008	docx	sqlite	0	44	0	1603	8
nist-docx-0008	docx	sqlite	1	44	0	1581	8
nist-docx-0008	docx	sqlite	2	44	0	1659	8
nist-docx-0008	docx	sqlite	3	44	0	1714	8
nist-docx-0008	docx	sqlite	4	44	0	1714	8
nist-docx-0008	docx	sqlite	5	44	0	1799	8
nist-docx-0008	docx	vole	0	44	0	1442	8
nist-docx-0008	docx	vole	1	44	0	1302	8
nist-docx-0008	docx	vole	2	44	0	1357	8
nist-docx-0008	docx	vole	3	44	0	1194	8
nist-docx-0008	docx	vole	4	44	0	1163	8
nist-docx-0008	docx	vole	5	44	0	1531	8
nist-docx-0008	docx	vole	0	45	0	1285	8
nist-docx-0008	docx	vole	1	45	0	1250	8
nist-docx-0008	docx	vole	2	45	0	1209	8
nist-docx-0008	docx	vole	3	45	0	1240	8
nist-docx-0008	docx	vole	4	45	0	1144	8
nist-docx-0008	docx	vole	5	45	0	1279	8
nist-docx-0008	docx	sqlite	0	45	0	1888	8
nist-docx-0008	docx	sqlite	1	45	0	1496	8
nist-docx-0008	docx	sqlite	2	45	0	1621	8
nist-docx-0008	docx	sqlite	3	45	0	1559	8
nist-docx-0008	docx	sqlite	4	45	0	1605	8
nist-docx-0008	docx	sqlite	5	45	0	1601	8
nist-docx-0008	docx	sqlite	0	46	0	1416	8
nist-docx-0008	docx	sqlite	1	46	0	1504	8
nist-docx-0008	docx	sqlite	2	46	0	1556	8
nist-docx-0008	docx	sqlite	3	46	0	1557	8
nist-docx-0008	docx	sqlite	4	46	0	1671	8
nist-docx-0008	docx	sqlite	5	46	0	1716	8
nist-docx-0008	docx	vole	0	46	0	1330	8
nist-docx-0008	docx	vole	1	46	0	1210	8
nist-docx-0008	docx	vole	2	46	0	1181	8
nist-docx-0008	docx	vole	3	46	0	1181	8
nist-docx-0008	docx	vole	4	46	0	1479	8
nist-docx-0008	docx	vole	5	46	0	1117	8
nist-docx-0008	docx	vole	0	47	0	1125	8
nist-docx-0008	docx	vole	1	47	0	1091	8
nist-docx-0008	docx	vole	2	47	0	1208	8
nist-docx-0008	docx	vole	3	47	0	1176	8
nist-docx-0008	docx	vole	4	47	0	1189	8
nist-docx-0008	docx	vole	5	47	0	1165	8
nist-docx-0008	docx	sqlite	0	47	0	1610	8
nist-docx-0008	docx	sqlite	1	47	0	1477	8
nist-docx-0008	docx	sqlite	2	47	0	1575	8
nist-docx-0008	docx	sqlite	3	47	0	1847	8
nist-docx-0008	docx	sqlite	4	47	0	2043	8
nist-docx-0008	docx	sqlite	5	47	0	1624	8
nist-docx-0008	docx	sqlite	0	48	0	1428	8
nist-docx-0008	docx	sqlite	1	48	0	1497	8
nist-docx-0008	docx	sqlite	2	48	0	1732	8
nist-docx-0008	docx	sqlite	3	48	0	1537	8
nist-docx-0008	docx	sqlite	4	48	0	1639	8
nist-docx-0008	docx	sqlite	5	48	0	1654	8
nist-docx-0008	docx	vole	0	48	0	1295	8
nist-docx-0008	docx	vole	1	48	0	1184	8
nist-docx-0008	docx	vole	2	48	0	1163	8
nist-docx-0008	docx	vole	3	48	0	1096	8
nist-docx-0008	docx	vole	4	48	0	1138	8
nist-docx-0008	docx	vole	5	48	0	1188	8
nist-docx-0008	docx	vole	0	49	0	1063	8
nist-docx-0008	docx	vole	1	49	0	1193	8
nist-docx-0008	docx	vole	2	49	0	1225	8
nist-docx-0008	docx	vole	3	49	0	1254	8
nist-docx-0008	docx	vole	4	49	0	1117	8
nist-docx-0008	docx	vole	5	49	0	1115	8
nist-docx-0008	docx	sqlite	0	49	0	1580	8
nist-docx-0008	docx	sqlite	1	49	0	1481	8
nist-docx-0008	docx	sqlite	2	49	0	1919	8
nist-docx-0008	docx	sqlite	3	49	0	1577	8
nist-docx-0008	docx	sqlite	4	49	0	1608	8
nist-docx-0008	docx	sqlite	5	49	0	1713	8
nist-docx-0008	docx	sqlite	0	50	0	1506	8
nist-docx-0008	docx	sqlite	1	50	0	1466	8
nist-docx-0008	docx	sqlite	2	50	0	1585	8
nist-docx-0008	docx	sqlite	3	50	0	1488	8
nist-docx-0008	docx	sqlite	4	50	0	1774	8
nist-docx-0008	docx	sqlite	5	50	0	1645	8
nist-docx-0008	docx	vole	0	50	0	1371	8
nist-docx-0008	docx	vole	1	50	0	1117	8
nist-docx-0008	docx	vole	2	50	0	1128	8
nist-docx-0008	docx	vole	3	50	0	1153	8
nist-docx-0008	docx	vole	4	50	0	1083	8
nist-docx-0008	docx	vole	5	50	0	1097	8
nist-docx-0008	docx	vole	0	51	0	1237	8
nist-docx-0008	docx	vole	1	51	0	1218	8
nist-docx-0008	docx	vole	2	51	0	1147	8
nist-docx-0008	docx	vole	3	51	0	1119	8
nist-docx-0008	docx	vole	4	51	0	1142	8
nist-docx-0008	docx	vole	5	51	0	1187	8
nist-docx-0008	docx	sqlite	0	51	0	1746	8
nist-docx-0008	docx	sqlite	1	51	0	1601	8
nist-docx-0008	docx	sqlite	2	51	0	1676	8
nist-docx-0008	docx	sqlite	3	51	0	1568	8
nist-docx-0008	docx	sqlite	4	51	0	1733	8
nist-docx-0008	docx	sqlite	5	51	0	1676	8
nist-docx-0008	docx	sqlite	0	52	0	1487	8
nist-docx-0008	docx	sqlite	1	52	0	1519	8
nist-docx-0008	docx	sqlite	2	52	0	1549	8
nist-docx-0008	docx	sqlite	3	52	0	1603	8
nist-docx-0008	docx	sqlite	4	52	0	2000	8
nist-docx-0008	docx	sqlite	5	52	0	1615	8
nist-docx-0008	docx	vole	0	52	0	1322	8
nist-docx-0008	docx	vole	1	52	0	1145	8
nist-docx-0008	docx	vole	2	52	0	1203	8
nist-docx-0008	docx	vole	3	52	0	1134	8
nist-docx-0008	docx	vole	4	52	0	1153	8
nist-docx-0008	docx	vole	5	52	0	1260	8
nist-docx-0008	docx	vole	0	53	0	1195	8
nist-docx-0008	docx	vole	1	53	0	1167	8
nist-docx-0008	docx	vole	2	53	0	1135	8
nist-docx-0008	docx	vole	3	53	0	1235	8
nist-docx-0008	docx	vole	4	53	0	1148	8
nist-docx-0008	docx	vole	5	53	0	1214	8
nist-docx-0008	docx	sqlite	0	53	0	1583	8
nist-docx-0008	docx	sqlite	1	53	0	1554	8
nist-docx-0008	docx	sqlite	2	53	0	1641	8
nist-docx-0008	docx	sqlite	3	53	0	1663	8
nist-docx-0008	docx	sqlite	4	53	0	1688	8
nist-docx-0008	docx	sqlite	5	53	0	1651	8
nist-docx-0008	docx	sqlite	0	54	0	1420	8
nist-docx-0008	docx	sqlite	1	54	0	1544	8
nist-docx-0008	docx	sqlite	2	54	0	1456	8
nist-docx-0008	docx	sqlite	3	54	0	1541	8
nist-docx-0008	docx	sqlite	4	54	0	1607	8
nist-docx-0008	docx	sqlite	5	54	0	1638	8
nist-docx-0008	docx	vole	0	54	0	1269	8
nist-docx-0008	docx	vole	1	54	0	1144	8
nist-docx-0008	docx	vole	2	54	0	1224	8
nist-docx-0008	docx	vole	3	54	0	1226	8
nist-docx-0008	docx	vole	4	54	0	1238	8
nist-docx-0008	docx	vole	5	54	0	1140	8
nist-docx-0008	docx	vole	0	55	0	1176	8
nist-docx-0008	docx	vole	1	55	0	1167	8
nist-docx-0008	docx	vole	2	55	0	1107	8
nist-docx-0008	docx	vole	3	55	0	1198	8
nist-docx-0008	docx	vole	4	55	0	1151	8
nist-docx-0008	docx	vole	5	55	0	1124	8
nist-docx-0008	docx	sqlite	0	55	0	1568	8
nist-docx-0008	docx	sqlite	1	55	0	1529	8
nist-docx-0008	docx	sqlite	2	55	0	1681	8
nist-docx-0008	docx	sqlite	3	55	0	1537	8
nist-docx-0008	docx	sqlite	4	55	0	1684	8
nist-docx-0008	docx	sqlite	5	55	0	1759	8
nist-docx-0008	docx	sqlite	0	56	0	1392	8
nist-docx-0008	docx	sqlite	1	56	0	1418	8
nist-docx-0008	docx	sqlite	2	56	0	1706	8
nist-docx-0008	docx	sqlite	3	56	0	1600	8
nist-docx-0008	docx	sqlite	4	56	0	1565	8
nist-docx-0008	docx	sqlite	5	56	0	1661	8
nist-docx-0008	docx	vole	0	56	0	1284	8
nist-docx-0008	docx	vole	1	56	0	1167	8
nist-docx-0008	docx	vole	2	56	0	1248	8
nist-docx-0008	docx	vole	3	56	0	1170	8
nist-docx-0008	docx	vole	4	56	0	1139	8
nist-docx-0008	docx	vole	5	56	0	1202	8
nist-docx-0008	docx	vole	0	57	0	1183	8
nist-docx-0008	docx	vole	1	57	0	1107	8
nist-docx-0008	docx	vole	2	57	0	1159	8
nist-docx-0008	docx	vole	3	57	0	1204	8
nist-docx-0008	docx	vole	4	57	0	1086	8
nist-docx-0008	docx	vole	5	57	0	1176	8
nist-docx-0008	docx	sqlite	0	57	0	1797	8
nist-docx-0008	docx	sqlite	1	57	0	1473	8
nist-docx-0008	docx	sqlite	2	57	0	1546	8
nist-docx-0008	docx	sqlite	3	57	0	1527	8
nist-docx-0008	docx	sqlite	4	57	0	1680	8
nist-docx-0008	docx	sqlite	5	57	0	1648	8
nist-docx-0008	docx	sqlite	0	58	0	1489	8
nist-docx-0008	docx	sqlite	1	58	0	1446	8
nist-docx-0008	docx	sqlite	2	58	0	1601	8
nist-docx-0008	docx	sqlite	3	58	0	1668	8
nist-docx-0008	docx	sqlite	4	58	0	1588	8
nist-docx-0008	docx	sqlite	5	58	0	1725	8
nist-docx-0008	docx	vole	0	58	0	1473	8
nist-docx-0008	docx	vole	1	58	0	1226	8
nist-docx-0008	docx	vole	2	58	0	1201	8
nist-docx-0008	docx	vole	3	58	0	1151	8
nist-docx-0008	docx	vole	4	58	0	1156	8
nist-docx-0008	docx	vole	5	58	0	1152	8
nist-docx-0008	docx	vole	0	59	0	1096	8
nist-docx-0008	docx	vole	1	59	0	1166	8
nist-docx-0008	docx	vole	2	59	0	1121	8
nist-docx-0008	docx	vole	3	59	0	1145	8
nist-docx-0008	docx	vole	4	59	0	1098	8
nist-docx-0008	docx	vole	5	59	0	1098	8
nist-docx-0008	docx	sqlite	0	59	0	1524	8
nist-docx-0008	docx	sqlite	1	59	0	1511	8
nist-docx-0008	docx	sqlite	2	59	0	1657	8
nist-docx-0008	docx	sqlite	3	59	0	1556	8
nist-docx-0008	docx	sqlite	4	59	0	1587	8
nist-docx-0008	docx	sqlite	5	59	0	1622	8
nist-docx-0008	docx	sqlite	0	60	0	1410	8
nist-docx-0008	docx	sqlite	1	60	0	1483	8
nist-docx-0008	docx	sqlite	2	60	0	1782	8
nist-docx-0008	docx	sqlite	3	60	0	1541	8
nist-docx-0008	docx	sqlite	4	60	0	1558	8
nist-docx-0008	docx	sqlite	5	60	0	1861	8
nist-docx-0008	docx	vole	0	60	0	1340	8
nist-docx-0008	docx	vole	1	60	0	1571	8
nist-docx-0008	docx	vole	2	60	0	1178	8
nist-docx-0008	docx	vole	3	60	0	1164	8
nist-docx-0008	docx	vole	4	60	0	1125	8
nist-docx-0008	docx	vole	5	60	0	1083	8
nist-docx-0008	docx	vole	0	61	0	1121	8
nist-docx-0008	docx	vole	1	61	0	1163	8
nist-docx-0008	docx	vole	2	61	0	1099	8
nist-docx-0008	docx	vole	3	61	0	1074	8
nist-docx-0008	docx	vole	4	61	0	1134	8
nist-docx-0008	docx	vole	5	61	0	1164	8
nist-docx-0008	docx	sqlite	0	61	0	1761	8
nist-docx-0008	docx	sqlite	1	61	0	1459	8
nist-docx-0008	docx	sqlite	2	61	0	1694	8
nist-docx-0008	docx	sqlite	3	61	0	1558	8
nist-docx-0008	docx	sqlite	4	61	0	1642	8
nist-docx-0008	docx	sqlite	5	61	0	1656	8
nist-docx-0008	docx	sqlite	0	62	0	1389	8
nist-docx-0008	docx	sqlite	1	62	0	1511	8
nist-docx-0008	docx	sqlite	2	62	0	1599	8
nist-docx-0008	docx	sqlite	3	62	0	1526	8
nist-docx-0008	docx	sqlite	4	62	0	1595	8
nist-docx-0008	docx	sqlite	5	62	0	1616	8
nist-docx-0008	docx	vole	0	62	0	1272	8
nist-docx-0008	docx	vole	1	62	0	1308	8
nist-docx-0008	docx	vole	2	62	0	1253	8
nist-docx-0008	docx	vole	3	62	0	1349	8
nist-docx-0008	docx	vole	4	62	0	1216	8
nist-docx-0008	docx	vole	5	62	0	1176	8
nist-docx-0008	docx	vole	0	63	0	1238	8
nist-docx-0008	docx	vole	1	63	0	1164	8
nist-docx-0008	docx	vole	2	63	0	1205	8
nist-docx-0008	docx	vole	3	63	0	1206	8
nist-docx-0008	docx	vole	4	63	0	1167	8
nist-docx-0008	docx	vole	5	63	0	1135	8
nist-docx-0008	docx	sqlite	0	63	0	1494	8
nist-docx-0008	docx	sqlite	1	63	0	1467	8
nist-docx-0008	docx	sqlite	2	63	0	1776	8
nist-docx-0008	docx	sqlite	3	63	0	1546	8
nist-docx-0008	docx	sqlite	4	63	0	1649	8
nist-docx-0008	docx	sqlite	5	63	0	1662	8
nist-docx-0008	docx	sqlite	0	64	0	1430	8
nist-docx-0008	docx	sqlite	1	64	0	1477	8
nist-docx-0008	docx	sqlite	2	64	0	1546	8
nist-docx-0008	docx	sqlite	3	64	0	1593	8
nist-docx-0008	docx	sqlite	4	64	0	1770	8
nist-docx-0008	docx	sqlite	5	64	0	1688	8
nist-docx-0008	docx	vole	0	64	0	1305	8
nist-docx-0008	docx	vole	1	64	0	1139	8
nist-docx-0008	docx	vole	2	64	0	1156	8
nist-docx-0008	docx	vole	3	64	0	1118	8
nist-docx-0008	docx	vole	4	64	0	1103	8
nist-docx-0008	docx	vole	5	64	0	1108	8
nist-docx-0008	docx	vole	0	65	0	1163	8
nist-docx-0008	docx	vole	1	65	0	1173	8
nist-docx-0008	docx	vole	2	65	0	1177	8
nist-docx-0008	docx	vole	3	65	0	1124	8
nist-docx-0008	docx	vole	4	65	0	1130	8
nist-docx-0008	docx	vole	5	65	0	1122	8
nist-docx-0008	docx	sqlite	0	65	0	1555	8
nist-docx-0008	docx	sqlite	1	65	0	1505	8
nist-docx-0008	docx	sqlite	2	65	0	1679	8
nist-docx-0008	docx	sqlite	3	65	0	1618	8
nist-docx-0008	docx	sqlite	4	65	0	1598	8
nist-docx-0008	docx	sqlite	5	65	0	1721	8
nist-docx-0008	docx	sqlite	0	66	0	1447	8
nist-docx-0008	docx	sqlite	1	66	0	1423	8
nist-docx-0008	docx	sqlite	2	66	0	1543	8
nist-docx-0008	docx	sqlite	3	66	0	1475	8
nist-docx-0008	docx	sqlite	4	66	0	1688	8
nist-docx-0008	docx	sqlite	5	66	0	1727	8
nist-docx-0008	docx	vole	0	66	0	1279	8
nist-docx-0008	docx	vole	1	66	0	1149	8
nist-docx-0008	docx	vole	2	66	0	1136	8
nist-docx-0008	docx	vole	3	66	0	1250	8
nist-docx-0008	docx	vole	4	66	0	1219	8
nist-docx-0008	docx	vole	5	66	0	1262	8
nist-docx-0008	docx	vole	0	67	0	1308	8
nist-docx-0008	docx	vole	1	67	0	1174	8
nist-docx-0008	docx	vole	2	67	0	1073	8
nist-docx-0008	docx	vole	3	67	0	1114	8
nist-docx-0008	docx	vole	4	67	0	1120	8
nist-docx-0008	docx	vole	5	67	0	1161	8
nist-docx-0008	docx	sqlite	0	67	0	1582	8
nist-docx-0008	docx	sqlite	1	67	0	1593	8
nist-docx-0008	docx	sqlite	2	67	0	1563	8
nist-docx-0008	docx	sqlite	3	67	0	1614	8
nist-docx-0008	docx	sqlite	4	67	0	1598	8
nist-docx-0008	docx	sqlite	5	67	0	1657	8
nist-docx-0008	docx	sqlite	0	68	0	1383	8
nist-docx-0008	docx	sqlite	1	68	0	1756	8
nist-docx-0008	docx	sqlite	2	68	0	1571	8
nist-docx-0008	docx	sqlite	3	68	0	1724	8
nist-docx-0008	docx	sqlite	4	68	0	1633	8
nist-docx-0008	docx	sqlite	5	68	0	1610	8
nist-docx-0008	docx	vole	0	68	0	1346	8
nist-docx-0008	docx	vole	1	68	0	1161	8
nist-docx-0008	docx	vole	2	68	0	1176	8
nist-docx-0008	docx	vole	3	68	0	1147	8
nist-docx-0008	docx	vole	4	68	0	1182	8
nist-docx-0008	docx	vole	5	68	0	1145	8
nist-docx-0008	docx	vole	0	69	0	1136	8
nist-docx-0008	docx	vole	1	69	0	1141	8
nist-docx-0008	docx	vole	2	69	0	1085	8
nist-docx-0008	docx	vole	3	69	0	1121	8
nist-docx-0008	docx	vole	4	69	0	1186	8
nist-docx-0008	docx	vole	5	69	0	1164	8
nist-docx-0008	docx	sqlite	0	69	0	1445	8
nist-docx-0008	docx	sqlite	1	69	0	1481	8
nist-docx-0008	docx	sqlite	2	69	0	1527	8
nist-docx-0008	docx	sqlite	3	69	0	1631	8
nist-docx-0008	docx	sqlite	4	69	0	1756	8
nist-docx-0008	docx	sqlite	5	69	0	1658	8
nist-docx-0008	docx	sqlite	0	70	0	1465	8
nist-docx-0008	docx	sqlite	1	70	0	1429	8
nist-docx-0008	docx	sqlite	2	70	0	1664	8
nist-docx-0008	docx	sqlite	3	70	0	1624	8
nist-docx-0008	docx	sqlite	4	70	0	1600	8
nist-docx-0008	docx	sqlite	5	70	0	1708	8
nist-docx-0008	docx	vole	0	70	0	1374	8
nist-docx-0008	docx	vole	1	70	0	1255	8
nist-docx-0008	docx	vole	2	70	0	1276	8
nist-docx-0008	docx	vole	3	70	0	1119	8
nist-docx-0008	docx	vole	4	70	0	1284	8
nist-docx-0008	docx	vole	5	70	0	1221	8
nist-docx-0008	docx	vole	0	71	0	1232	8
nist-docx-0008	docx	vole	1	71	0	1185	8
nist-docx-0008	docx	vole	2	71	0	1131	8
nist-docx-0008	docx	vole	3	71	0	1105	8
nist-docx-0008	docx	vole	4	71	0	1198	8
nist-docx-0008	docx	vole	5	71	0	1150	8
nist-docx-0008	docx	sqlite	0	71	0	1710	8
nist-docx-0008	docx	sqlite	1	71	0	1522	8
nist-docx-0008	docx	sqlite	2	71	0	1717	8
nist-docx-0008	docx	sqlite	3	71	0	1611	8
nist-docx-0008	docx	sqlite	4	71	0	1771	8
nist-docx-0008	docx	sqlite	5	71	0	1627	8
nist-docx-0008	docx	sqlite	0	72	0	1399	8
nist-docx-0008	docx	sqlite	1	72	0	1404	8
nist-docx-0008	docx	sqlite	2	72	0	1540	8
nist-docx-0008	docx	sqlite	3	72	0	1539	8
nist-docx-0008	docx	sqlite	4	72	0	1645	8
nist-docx-0008	docx	sqlite	5	72	0	1664	8
nist-docx-0008	docx	vole	0	72	0	1336	8
nist-docx-0008	docx	vole	1	72	0	1321	8
nist-docx-0008	docx	vole	2	72	0	1237	8
nist-docx-0008	docx	vole	3	72	0	1197	8
nist-docx-0008	docx	vole	4	72	0	1383	8
nist-docx-0008	docx	vole	5	72	0	1144	8
nist-docx-0008	docx	vole	0	73	0	1097	8
nist-docx-0008	docx	vole	1	73	0	1147	8
nist-docx-0008	docx	vole	2	73	0	1664	8
nist-docx-0008	docx	vole	3	73	0	1268	8
nist-docx-0008	docx	vole	4	73	0	1175	8
nist-docx-0008	docx	vole	5	73	0	1417	8
nist-docx-0008	docx	sqlite	0	73	0	1577	8
nist-docx-0008	docx	sqlite	1	73	0	1480	8
nist-docx-0008	docx	sqlite	2	73	0	1589	8
nist-docx-0008	docx	sqlite	3	73	0	1741	8
nist-docx-0008	docx	sqlite	4	73	0	1732	8
nist-docx-0008	docx	sqlite	5	73	0	1661	8
nist-docx-0008	docx	sqlite	0	74	0	1428	8
nist-docx-0008	docx	sqlite	1	74	0	1642	8
nist-docx-0008	docx	sqlite	2	74	0	1665	8
nist-docx-0008	docx	sqlite	3	74	0	1527	8
nist-docx-0008	docx	sqlite	4	74	0	1566	8
nist-docx-0008	docx	sqlite	5	74	0	1612	8
nist-docx-0008	docx	vole	0	74	0	1340	8
nist-docx-0008	docx	vole	1	74	0	1142	8
nist-docx-0008	docx	vole	2	74	0	1109	8
nist-docx-0008	docx	vole	3	74	0	1198	8
nist-docx-0008	docx	vole	4	74	0	1145	8
nist-docx-0008	docx	vole	5	74	0	1134	8
nist-docx-0008	docx	vole	0	75	0	1191	8
nist-docx-0008	docx	vole	1	75	0	1165	8
nist-docx-0008	docx	vole	2	75	0	1103	8
nist-docx-0008	docx	vole	3	75	0	1060	8
nist-docx-0008	docx	vole	4	75	0	1182	8
nist-docx-0008	docx	vole	5	75	0	1149	8
nist-docx-0008	docx	sqlite	0	75	0	1582	8
nist-docx-0008	docx	sqlite	1	75	0	1477	8
nist-docx-0008	docx	sqlite	2	75	0	1686	8
nist-docx-0008	docx	sqlite	3	75	0	1667	8
nist-docx-0008	docx	sqlite	4	75	0	1613	8
nist-docx-0008	docx	sqlite	5	75	0	1654	8
nist-docx-0008	docx	sqlite	0	76	0	1452	8
nist-docx-0008	docx	sqlite	1	76	0	1447	8
nist-docx-0008	docx	sqlite	2	76	0	1576	8
nist-docx-0008	docx	sqlite	3	76	0	1515	8
nist-docx-0008	docx	sqlite	4	76	0	1667	8
nist-docx-0008	docx	sqlite	5	76	0	1592	8
nist-docx-0008	docx	vole	0	76	0	1448	8
nist-docx-0008	docx	vole	1	76	0	1251	8
nist-docx-0008	docx	vole	2	76	0	1170	8
nist-docx-0008	docx	vole	3	76	0	1112	8
nist-docx-0008	docx	vole	4	76	0	1106	8
nist-docx-0008	docx	vole	5	76	0	1134	8
nist-docx-0008	docx	vole	0	77	0	1133	8
nist-docx-0008	docx	vole	1	77	0	1134	8
nist-docx-0008	docx	vole	2	77	0	1251	8
nist-docx-0008	docx	vole	3	77	0	1283	8
nist-docx-0008	docx	vole	4	77	0	1253	8
nist-docx-0008	docx	vole	5	77	0	1149	8
nist-docx-0008	docx	sqlite	0	77	0	1677	8
nist-docx-0008	docx	sqlite	1	77	0	1600	8
nist-docx-0008	docx	sqlite	2	77	0	1645	8
nist-docx-0008	docx	sqlite	3	77	0	1634	8
nist-docx-0008	docx	sqlite	4	77	0	1626	8
nist-docx-0008	docx	sqlite	5	77	0	1611	8
nist-docx-0008	docx	sqlite	0	78	0	1511	8
nist-docx-0008	docx	sqlite	1	78	0	1531	8
nist-docx-0008	docx	sqlite	2	78	0	1536	8
nist-docx-0008	docx	sqlite	3	78	0	1613	8
nist-docx-0008	docx	sqlite	4	78	0	1690	8
nist-docx-0008	docx	sqlite	5	78	0	1701	8
nist-docx-0008	docx	vole	0	78	0	1748	8
nist-docx-0008	docx	vole	1	78	0	1220	8
nist-docx-0008	docx	vole	2	78	0	1108	8
nist-docx-0008	docx	vole	3	78	0	1249	8
nist-docx-0008	docx	vole	4	78	0	1206	8
nist-docx-0008	docx	vole	5	78	0	1201	8
nist-docx-0008	docx	vole	0	79	0	1193	8
nist-docx-0008	docx	vole	1	79	0	1140	8
nist-docx-0008	docx	vole	2	79	0	1223	8
nist-docx-0008	docx	vole	3	79	0	1195	8
nist-docx-0008	docx	vole	4	79	0	1222	8
nist-docx-0008	docx	vole	5	79	0	1078	8
nist-docx-0008	docx	sqlite	0	79	0	1604	8
nist-docx-0008	docx	sqlite	1	79	0	1551	8
nist-docx-0008	docx	sqlite	2	79	0	1735	8
nist-docx-0008	docx	sqlite	3	79	0	1558	8
nist-docx-0008	docx	sqlite	4	79	0	1633	8
nist-docx-0008	docx	sqlite	5	79	0	1666	8
nist-docx-0008	docx	sqlite	0	80	0	1551	8
nist-docx-0008	docx	sqlite	1	80	0	1434	8
nist-docx-0008	docx	sqlite	2	80	0	1637	8
nist-docx-0008	docx	sqlite	3	80	0	1656	8
nist-docx-0008	docx	sqlite	4	80	0	1691	8
nist-docx-0008	docx	sqlite	5	80	0	1592	8
nist-docx-0008	docx	vole	0	80	0	1310	8
nist-docx-0008	docx	vole	1	80	0	1149	8
nist-docx-0008	docx	vole	2	80	0	1135	8
nist-docx-0008	docx	vole	3	80	0	1135	8
nist-docx-0008	docx	vole	4	80	0	1195	8
nist-docx-0008	docx	vole	5	80	0	1194	8
nist-docx-0008	docx	vole	0	81	0	1169	8
nist-docx-0008	docx	vole	1	81	0	1216	8
nist-docx-0008	docx	vole	2	81	0	1119	8
nist-docx-0008	docx	vole	3	81	0	1104	8
nist-docx-0008	docx	vole	4	81	0	1058	8
nist-docx-0008	docx	vole	5	81	0	1119	8
nist-docx-0008	docx	sqlite	0	81	0	1529	8
nist-docx-0008	docx	sqlite	1	81	0	1574	8
nist-docx-0008	docx	sqlite	2	81	0	1557	8
nist-docx-0008	docx	sqlite	3	81	0	1594	8
nist-docx-0008	docx	sqlite	4	81	0	1591	8
nist-docx-0008	docx	sqlite	5	81	0	1857	8
nist-docx-0008	docx	sqlite	0	82	0	1449	8
nist-docx-0008	docx	sqlite	1	82	0	1454	8
nist-docx-0008	docx	sqlite	2	82	0	1568	8
nist-docx-0008	docx	sqlite	3	82	0	1533	8
nist-docx-0008	docx	sqlite	4	82	0	1655	8
nist-docx-0008	docx	sqlite	5	82	0	1593	8
nist-docx-0008	docx	vole	0	82	0	1286	8
nist-docx-0008	docx	vole	1	82	0	1228	8
nist-docx-0008	docx	vole	2	82	0	1182	8
nist-docx-0008	docx	vole	3	82	0	1245	8
nist-docx-0008	docx	vole	4	82	0	1178	8
nist-docx-0008	docx	vole	5	82	0	1271	8
nist-docx-0008	docx	vole	0	83	0	1197	8
nist-docx-0008	docx	vole	1	83	0	1301	8
nist-docx-0008	docx	vole	2	83	0	1152	8
nist-docx-0008	docx	vole	3	83	0	1115	8
nist-docx-0008	docx	vole	4	83	0	1113	8
nist-docx-0008	docx	vole	5	83	0	1154	8
nist-docx-0008	docx	sqlite	0	83	0	1756	8
nist-docx-0008	docx	sqlite	1	83	0	1641	8
nist-docx-0008	docx	sqlite	2	83	0	1588	8
nist-docx-0008	docx	sqlite	3	83	0	1537	8
nist-docx-0008	docx	sqlite	4	83	0	1785	8
nist-docx-0008	docx	sqlite	5	83	0	1694	8
nist-docx-0008	docx	sqlite	0	84	0	1358	8
nist-docx-0008	docx	sqlite	1	84	0	1489	8
nist-docx-0008	docx	sqlite	2	84	0	1607	8
nist-docx-0008	docx	sqlite	3	84	0	1557	8
nist-docx-0008	docx	sqlite	4	84	0	1661	8
nist-docx-0008	docx	sqlite	5	84	0	1642	8
nist-docx-0008	docx	vole	0	84	0	1335	8
nist-docx-0008	docx	vole	1	84	0	1306	8
nist-docx-0008	docx	vole	2	84	0	1186	8
nist-docx-0008	docx	vole	3	84	0	1250	8
nist-docx-0008	docx	vole	4	84	0	1208	8
nist-docx-0008	docx	vole	5	84	0	1426	8
nist-docx-0008	docx	vole	0	85	0	1189	8
nist-docx-0008	docx	vole	1	85	0	1123	8
nist-docx-0008	docx	vole	2	85	0	1121	8
nist-docx-0008	docx	vole	3	85	0	1179	8
nist-docx-0008	docx	vole	4	85	0	1181	8
nist-docx-0008	docx	vole	5	85	0	1117	8
nist-docx-0008	docx	sqlite	0	85	0	1613	8
nist-docx-0008	docx	sqlite	1	85	0	1605	8
nist-docx-0008	docx	sqlite	2	85	0	1589	8
nist-docx-0008	docx	sqlite	3	85	0	1670	8
nist-docx-0008	docx	sqlite	4	85	0	2809	8
nist-docx-0008	docx	sqlite	5	85	0	1727	8
nist-docx-0008	docx	sqlite	0	86	0	1436	8
nist-docx-0008	docx	sqlite	1	86	0	1548	8
nist-docx-0008	docx	sqlite	2	86	0	1576	8
nist-docx-0008	docx	sqlite	3	86	0	1569	8
nist-docx-0008	docx	sqlite	4	86	0	1779	8
nist-docx-0008	docx	sqlite	5	86	0	1607	8
nist-docx-0008	docx	vole	0	86	0	1280	8
nist-docx-0008	docx	vole	1	86	0	1405	8
nist-docx-0008	docx	vole	2	86	0	1206	8
nist-docx-0008	docx	vole	3	86	0	1148	8
nist-docx-0008	docx	vole	4	86	0	1090	8
nist-docx-0008	docx	vole	5	86	0	1086	8
nist-docx-0008	docx	vole	0	87	0	1110	8
nist-docx-0008	docx	vole	1	87	0	1079	8
nist-docx-0008	docx	vole	2	87	0	1056	8
nist-docx-0008	docx	vole	3	87	0	1177	8
nist-docx-0008	docx	vole	4	87	0	1215	8
nist-docx-0008	docx	vole	5	87	0	1235	8
nist-docx-0008	docx	sqlite	0	87	0	1684	8
nist-docx-0008	docx	sqlite	1	87	0	1518	8
nist-docx-0008	docx	sqlite	2	87	0	1586	8
nist-docx-0008	docx	sqlite	3	87	0	1689	8
nist-docx-0008	docx	sqlite	4	87	0	1681	8
nist-docx-0008	docx	sqlite	5	87	0	1570	8
nist-docx-0008	docx	sqlite	0	88	0	1456	8
nist-docx-0008	docx	sqlite	1	88	0	1458	8
nist-docx-0008	docx	sqlite	2	88	0	1562	8
nist-docx-0008	docx	sqlite	3	88	0	1623	8
nist-docx-0008	docx	sqlite	4	88	0	1692	8
nist-docx-0008	docx	sqlite	5	88	0	1784	8
nist-docx-0008	docx	vole	0	88	0	1645	8
nist-docx-0008	docx	vole	1	88	0	1199	8
nist-docx-0008	docx	vole	2	88	0	1185	8
nist-docx-0008	docx	vole	3	88	0	1161	8
nist-docx-0008	docx	vole	4	88	0	1084	8
nist-docx-0008	docx	vole	5	88	0	1077	8
nist-docx-0008	docx	vole	0	89	0	1093	8
nist-docx-0008	docx	vole	1	89	0	1248	8
nist-docx-0008	docx	vole	2	89	0	1154	8
nist-docx-0008	docx	vole	3	89	0	1180	8
nist-docx-0008	docx	vole	4	89	0	1142	8
nist-docx-0008	docx	vole	5	89	0	1157	8
nist-docx-0008	docx	sqlite	0	89	0	1575	8
nist-docx-0008	docx	sqlite	1	89	0	1460	8
nist-docx-0008	docx	sqlite	2	89	0	1646	8
nist-docx-0008	docx	sqlite	3	89	0	1617	8
nist-docx-0008	docx	sqlite	4	89	0	1682	8
nist-docx-0008	docx	sqlite	5	89	0	1566	8
nist-docx-0008	docx	sqlite	0	90	0	1513	8
nist-docx-0008	docx	sqlite	1	90	0	1435	8
nist-docx-0008	docx	sqlite	2	90	0	1636	8
nist-docx-0008	docx	sqlite	3	90	0	1631	8
nist-docx-0008	docx	sqlite	4	90	0	1643	8
nist-docx-0008	docx	sqlite	5	90	0	2230	8
nist-docx-0008	docx	vole	0	90	0	1380	8
nist-docx-0008	docx	vole	1	90	0	1224	8
nist-docx-0008	docx	vole	2	90	0	1179	8
nist-docx-0008	docx	vole	3	90	0	1269	8
nist-docx-0008	docx	vole	4	90	0	1280	8
nist-docx-0008	docx	vole	5	90	0	1173	8
nist-docx-0008	docx	vole	0	91	0	1226	8
nist-docx-0008	docx	vole	1	91	0	1190	8
nist-docx-0008	docx	vole	2	91	0	1165	8
nist-docx-0008	docx	vole	3	91	0	1208	8
nist-docx-0008	docx	vole	4	91	0	1151	8
nist-docx-0008	docx	vole	5	91	0	1134	8
nist-docx-0008	docx	sqlite	0	91	0	1693	8
nist-docx-0008	docx	sqlite	1	91	0	1561	8
nist-docx-0008	docx	sqlite	2	91	0	1567	8
nist-docx-0008	docx	sqlite	3	91	0	1712	8
nist-docx-0008	docx	sqlite	4	91	0	1773	8
nist-docx-0008	docx	sqlite	5	91	0	2023	8
nist-docx-0008	docx	sqlite	0	92	0	2325	8
nist-docx-0008	docx	sqlite	1	92	0	1525	8
nist-docx-0008	docx	sqlite	2	92	0	1610	8
nist-docx-0008	docx	sqlite	3	92	0	1592	8
nist-docx-0008	docx	sqlite	4	92	0	1639	8
nist-docx-0008	docx	sqlite	5	92	0	1672	8
nist-docx-0008	docx	vole	0	92	0	1377	8
nist-docx-0008	docx	vole	1	92	0	1098	8
nist-docx-0008	docx	vole	2	92	0	1281	8
nist-docx-0008	docx	vole	3	92	0	1199	8
nist-docx-0008	docx	vole	4	92	0	1173	8
nist-docx-0008	docx	vole	5	92	0	1160	8
nist-docx-0008	docx	vole	0	93	0	1105	8
nist-docx-0008	docx	vole	1	93	0	1139	8
nist-docx-0008	docx	vole	2	93	0	1127	8
nist-docx-0008	docx	vole	3	93	0	1166	8
nist-docx-0008	docx	vole	4	93	0	1171	8
nist-docx-0008	docx	vole	5	93	0	1083	8
nist-docx-0008	docx	sqlite	0	93	0	1648	8
nist-docx-0008	docx	sqlite	1	93	0	1635	8
nist-docx-0008	docx	sqlite	2	93	0	1658	8
nist-docx-0008	docx	sqlite	3	93	0	1544	8
nist-docx-0008	docx	sqlite	4	93	0	1698	8
nist-docx-0008	docx	sqlite	5	93	0	1605	8
nist-docx-0008	docx	sqlite	0	94	0	1456	8
nist-docx-0008	docx	sqlite	1	94	0	1510	8
nist-docx-0008	docx	sqlite	2	94	0	1633	8
nist-docx-0008	docx	sqlite	3	94	0	1529	8
nist-docx-0008	docx	sqlite	4	94	0	1583	8
nist-docx-0008	docx	sqlite	5	94	0	1566	8
nist-docx-0008	docx	vole	0	94	0	1323	8
nist-docx-0008	docx	vole	1	94	0	1310	8
nist-docx-0008	docx	vole	2	94	0	1223	8
nist-docx-0008	docx	vole	3	94	0	1224	8
nist-docx-0008	docx	vole	4	94	0	1180	8
nist-docx-0008	docx	vole	5	94	0	1132	8
nist-docx-0008	docx	vole	0	95	0	1094	8
nist-docx-0008	docx	vole	1	95	0	1131	8
nist-docx-0008	docx	vole	2	95	0	1055	8
nist-docx-0008	docx	vole	3	95	0	1144	8
nist-docx-0008	docx	vole	4	95	0	1134	8
nist-docx-0008	docx	vole	5	95	0	1102	8
nist-docx-0008	docx	sqlite	0	95	0	1694	8
nist-docx-0008	docx	sqlite	1	95	0	1660	8
nist-docx-0008	docx	sqlite	2	95	0	1695	8
nist-docx-0008	docx	sqlite	3	95	0	1574	8
nist-docx-0008	docx	sqlite	4	95	0	1742	8
nist-docx-0008	docx	sqlite	5	95	0	1616	8
nist-docx-0008	docx	sqlite	0	96	0	1471	8
nist-docx-0008	docx	sqlite	1	96	0	1515	8
nist-docx-0008	docx	sqlite	2	96	0	1659	8
nist-docx-0008	docx	sqlite	3	96	0	1485	8
nist-docx-0008	docx	sqlite	4	96	0	1550	8
nist-docx-0008	docx	sqlite	5	96	0	1656	8
nist-docx-0008	docx	vole	0	96	0	1377	8
nist-docx-0008	docx	vole	1	96	0	1214	8
nist-docx-0008	docx	vole	2	96	0	1227	8
nist-docx-0008	docx	vole	3	96	0	1152	8
nist-docx-0008	docx	vole	4	96	0	1111	8
nist-docx-0008	docx	vole	5	96	0	1220	8
nist-docx-0008	docx	vole	0	97	0	1136	8
nist-docx-0008	docx	vole	1	97	0	1241	8
nist-docx-0008	docx	vole	2	97	0	1145	8
nist-docx-0008	docx	vole	3	97	0	1100	8
nist-docx-0008	docx	vole	4	97	0	1203	8
nist-docx-0008	docx	vole	5	97	0	1219	8
nist-docx-0008	docx	sqlite	0	97	0	1752	8
nist-docx-0008	docx	sqlite	1	97	0	1533	8
nist-docx-0008	docx	sqlite	2	97	0	1619	8
nist-docx-0008	docx	sqlite	3	97	0	1677	8
nist-docx-0008	docx	sqlite	4	97	0	1634	8
nist-docx-0008	docx	sqlite	5	97	0	1568	8
nist-docx-0008	docx	sqlite	0	98	0	1385	8
nist-docx-0008	docx	sqlite	1	98	0	1604	8
nist-docx-0008	docx	sqlite	2	98	0	1622	8
nist-docx-0008	docx	sqlite	3	98	0	1540	8
nist-docx-0008	docx	sqlite	4	98	0	1844	8
nist-docx-0008	docx	sqlite	5	98	0	1805	8
nist-docx-0008	docx	vole	0	98	0	1376	8
nist-docx-0008	docx	vole	1	98	0	1204	8
nist-docx-0008	docx	vole	2	98	0	1150	8
nist-docx-0008	docx	vole	3	98	0	1221	8
nist-docx-0008	docx	vole	4	98	0	1141	8
nist-docx-0008	docx	vole	5	98	0	1095	8
nist-docx-0008	docx	vole	0	99	0	1197	8
nist-docx-0008	docx	vole	1	99	0	1111	8
nist-docx-0008	docx	vole	2	99	0	1243	8
nist-docx-0008	docx	vole	3	99	0	1203	8
nist-docx-0008	docx	vole	4	99	0	1200	8
nist-docx-0008	docx	vole	5	99	0	1272	8
nist-docx-0008	docx	sqlite	0	99	0	1652	8
nist-docx-0008	docx	sqlite	1	99	0	1556	8
nist-docx-0008	docx	sqlite	2	99	0	1584	8
nist-docx-0008	docx	sqlite	3	99	0	1572	8
nist-docx-0008	docx	sqlite	4	99	0	1619	8
nist-docx-0008	docx	sqlite	5	99	0	1663	8
nist-docx-0008	docx	sqlite	0	100	0	1467	8
nist-docx-0008	docx	sqlite	1	100	0	1473	8
nist-docx-0008	docx	sqlite	2	100	0	1666	8
nist-docx-0008	docx	sqlite	3	100	0	1543	8
nist-docx-0008	docx	sqlite	4	100	0	1578	8
nist-docx-0008	docx	sqlite	5	100	0	1571	8
nist-docx-0008	docx	vole	0	100	0	1362	8
nist-docx-0008	docx	vole	1	100	0	1183	8
nist-docx-0008	docx	vole	2	100	0	1676	8
nist-docx-0008	docx	vole	3	100	0	1114	8
nist-docx-0008	docx	vole	4	100	0	1125	8
nist-docx-0008	docx	vole	5	100	0	1125	8
nist-docx-0009	docx	vole	0	1	0	1985	8
nist-docx-0009	docx	vole	1	1	0	2230	8
nist-docx-0009	docx	vole	2	1	0	2000	8
nist-docx-0009	docx	vole	3	1	0	1833	8
nist-docx-0009	docx	vole	4	1	0	1892	8
nist-docx-0009	docx	vole	5	1	0	1873	8
nist-docx-0009	docx	sqlite	0	1	0	1719	8
nist-docx-0009	docx	sqlite	1	1	0	1656	8
nist-docx-0009	docx	sqlite	2	1	0	1725	8
nist-docx-0009	docx	sqlite	3	1	0	1723	8
nist-docx-0009	docx	sqlite	4	1	0	1850	8
nist-docx-0009	docx	sqlite	5	1	0	1765	8
nist-docx-0009	docx	sqlite	0	2	0	1638	8
nist-docx-0009	docx	sqlite	1	2	0	1664	8
nist-docx-0009	docx	sqlite	2	2	0	1775	8
nist-docx-0009	docx	sqlite	3	2	0	1778	8
nist-docx-0009	docx	sqlite	4	2	0	1874	8
nist-docx-0009	docx	sqlite	5	2	0	1821	8
nist-docx-0009	docx	vole	0	2	0	2186	8
nist-docx-0009	docx	vole	1	2	0	2066	8
nist-docx-0009	docx	vole	2	2	0	1978	8
nist-docx-0009	docx	vole	3	2	0	1955	8
nist-docx-0009	docx	vole	4	2	0	1987	8
nist-docx-0009	docx	vole	5	2	0	1999	8
nist-docx-0009	docx	vole	0	3	0	1923	8
nist-docx-0009	docx	vole	1	3	0	1851	8
nist-docx-0009	docx	vole	2	3	0	2149	8
nist-docx-0009	docx	vole	3	3	0	1839	8
nist-docx-0009	docx	vole	4	3	0	1897	8
nist-docx-0009	docx	vole	5	3	0	1846	8
nist-docx-0009	docx	sqlite	0	3	0	1891	8
nist-docx-0009	docx	sqlite	1	3	0	1619	8
nist-docx-0009	docx	sqlite	2	3	0	1786	8
nist-docx-0009	docx	sqlite	3	3	0	1654	8
nist-docx-0009	docx	sqlite	4	3	0	1883	8
nist-docx-0009	docx	sqlite	5	3	0	1845	8
nist-docx-0009	docx	sqlite	0	4	0	1698	8
nist-docx-0009	docx	sqlite	1	4	0	1730	8
nist-docx-0009	docx	sqlite	2	4	0	1802	8
nist-docx-0009	docx	sqlite	3	4	0	1770	8
nist-docx-0009	docx	sqlite	4	4	0	1780	8
nist-docx-0009	docx	sqlite	5	4	0	1935	8
nist-docx-0009	docx	vole	0	4	0	2157	8
nist-docx-0009	docx	vole	1	4	0	2004	8
nist-docx-0009	docx	vole	2	4	0	1919	8
nist-docx-0009	docx	vole	3	4	0	1878	8
nist-docx-0009	docx	vole	4	4	0	1846	8
nist-docx-0009	docx	vole	5	4	0	1949	8
nist-docx-0009	docx	vole	0	5	0	1976	8
nist-docx-0009	docx	vole	1	5	0	1987	8
nist-docx-0009	docx	vole	2	5	0	1880	8
nist-docx-0009	docx	vole	3	5	0	1962	8
nist-docx-0009	docx	vole	4	5	0	1893	8
nist-docx-0009	docx	vole	5	5	0	1917	8
nist-docx-0009	docx	sqlite	0	5	0	1826	8
nist-docx-0009	docx	sqlite	1	5	0	1707	8
nist-docx-0009	docx	sqlite	2	5	0	1723	8
nist-docx-0009	docx	sqlite	3	5	0	1805	8
nist-docx-0009	docx	sqlite	4	5	0	1791	8
nist-docx-0009	docx	sqlite	5	5	0	1749	8
nist-docx-0009	docx	sqlite	0	6	0	1809	8
nist-docx-0009	docx	sqlite	1	6	0	1742	8
nist-docx-0009	docx	sqlite	2	6	0	1853	8
nist-docx-0009	docx	sqlite	3	6	0	1758	8
nist-docx-0009	docx	sqlite	4	6	0	2097	8
nist-docx-0009	docx	sqlite	5	6	0	1803	8
nist-docx-0009	docx	vole	0	6	0	2231	8
nist-docx-0009	docx	vole	1	6	0	2121	8
nist-docx-0009	docx	vole	2	6	0	2081	8
nist-docx-0009	docx	vole	3	6	0	1973	8
nist-docx-0009	docx	vole	4	6	0	1915	8
nist-docx-0009	docx	vole	5	6	0	1865	8
nist-docx-0009	docx	vole	0	7	0	1925	8
nist-docx-0009	docx	vole	1	7	0	1963	8
nist-docx-0009	docx	vole	2	7	0	2012	8
nist-docx-0009	docx	vole	3	7	0	2027	8
nist-docx-0009	docx	vole	4	7	0	1909	8
nist-docx-0009	docx	vole	5	7	0	1879	8
nist-docx-0009	docx	sqlite	0	7	0	2029	8
nist-docx-0009	docx	sqlite	1	7	0	1740	8
nist-docx-0009	docx	sqlite	2	7	0	1778	8
nist-docx-0009	docx	sqlite	3	7	0	1750	8
nist-docx-0009	docx	sqlite	4	7	0	1989	8
nist-docx-0009	docx	sqlite	5	7	0	1816	8
nist-docx-0009	docx	sqlite	0	8	0	1657	8
nist-docx-0009	docx	sqlite	1	8	0	1655	8
nist-docx-0009	docx	sqlite	2	8	0	1710	8
nist-docx-0009	docx	sqlite	3	8	0	2152	8
nist-docx-0009	docx	sqlite	4	8	0	1810	8
nist-docx-0009	docx	sqlite	5	8	0	1787	8
nist-docx-0009	docx	vole	0	8	0	2032	8
nist-docx-0009	docx	vole	1	8	0	1975	8
nist-docx-0009	docx	vole	2	8	0	1835	8
nist-docx-0009	docx	vole	3	8	0	1952	8
nist-docx-0009	docx	vole	4	8	0	1861	8
nist-docx-0009	docx	vole	5	8	0	1907	8
nist-docx-0009	docx	vole	0	9	0	1995	8
nist-docx-0009	docx	vole	1	9	0	1947	8
nist-docx-0009	docx	vole	2	9	0	2121	8
nist-docx-0009	docx	vole	3	9	0	1944	8
nist-docx-0009	docx	vole	4	9	0	1838	8
nist-docx-0009	docx	vole	5	9	0	1811	8
nist-docx-0009	docx	sqlite	0	9	0	2095	8
nist-docx-0009	docx	sqlite	1	9	0	1932	8
nist-docx-0009	docx	sqlite	2	9	0	1936	8
nist-docx-0009	docx	sqlite	3	9	0	1836	8
nist-docx-0009	docx	sqlite	4	9	0	1821	8
nist-docx-0009	docx	sqlite	5	9	0	1881	8
nist-docx-0009	docx	sqlite	0	10	0	1645	8
nist-docx-0009	docx	sqlite	1	10	0	1766	8
nist-docx-0009	docx	sqlite	2	10	0	1904	8
nist-docx-0009	docx	sqlite	3	10	0	1882	8
nist-docx-0009	docx	sqlite	4	10	0	2059	8
nist-docx-0009	docx	sqlite	5	10	0	1862	8
nist-docx-0009	docx	vole	0	10	0	2214	8
nist-docx-0009	docx	vole	1	10	0	2059	8
nist-docx-0009	docx	vole	2	10	0	2298	8
nist-docx-0009	docx	vole	3	10	0	1996	8
nist-docx-0009	docx	vole	4	10	0	1943	8
nist-docx-0009	docx	vole	5	10	0	1840	8
nist-docx-0009	docx	vole	0	11	0	1827	8
nist-docx-0009	docx	vole	1	11	0	1947	8
nist-docx-0009	docx	vole	2	11	0	1950	8
nist-docx-0009	docx	vole	3	11	0	1958	8
nist-docx-0009	docx	vole	4	11	0	2081	8
nist-docx-0009	docx	vole	5	11	0	1916	8
nist-docx-0009	docx	sqlite	0	11	0	1774	8
nist-docx-0009	docx	sqlite	1	11	0	1910	8
nist-docx-0009	docx	sqlite	2	11	0	1769	8
nist-docx-0009	docx	sqlite	3	11	0	1711	8
nist-docx-0009	docx	sqlite	4	11	0	1848	8
nist-docx-0009	docx	sqlite	5	11	0	1923	8
nist-docx-0009	docx	sqlite	0	12	0	1581	8
nist-docx-0009	docx	sqlite	1	12	0	1690	8
nist-docx-0009	docx	sqlite	2	12	0	1799	8
nist-docx-0009	docx	sqlite	3	12	0	1745	8
nist-docx-0009	docx	sqlite	4	12	0	1725	8
nist-docx-0009	docx	sqlite	5	12	0	1779	8
nist-docx-0009	docx	vole	0	12	0	2101	8
nist-docx-0009	docx	vole	1	12	0	1995	8
nist-docx-0009	docx	vole	2	12	0	1930	8
nist-docx-0009	docx	vole	3	12	0	1866	8
nist-docx-0009	docx	vole	4	12	0	1984	8
nist-docx-0009	docx	vole	5	12	0	1868	8
nist-docx-0009	docx	vole	0	13	0	1838	8
nist-docx-0009	docx	vole	1	13	0	1835	8
nist-docx-0009	docx	vole	2	13	0	1970	8
nist-docx-0009	docx	vole	3	13	0	1880	8
nist-docx-0009	docx	vole	4	13	0	1905	8
nist-docx-0009	docx	vole	5	13	0	1959	8
nist-docx-0009	docx	sqlite	0	13	0	1929	8
nist-docx-0009	docx	sqlite	1	13	0	1697	8
nist-docx-0009	docx	sqlite	2	13	0	1960	8
nist-docx-0009	docx	sqlite	3	13	0	1696	8
nist-docx-0009	docx	sqlite	4	13	0	1782	8
nist-docx-0009	docx	sqlite	5	13	0	1744	8
nist-docx-0009	docx	sqlite	0	14	0	1691	8
nist-docx-0009	docx	sqlite	1	14	0	1574	8
nist-docx-0009	docx	sqlite	2	14	0	1712	8
nist-docx-0009	docx	sqlite	3	14	0	1799	8
nist-docx-0009	docx	sqlite	4	14	0	1779	8
nist-docx-0009	docx	sqlite	5	14	0	2053	8
nist-docx-0009	docx	vole	0	14	0	2188	8
nist-docx-0009	docx	vole	1	14	0	1887	8
nist-docx-0009	docx	vole	2	14	0	1847	8
nist-docx-0009	docx	vole	3	14	0	1817	8
nist-docx-0009	docx	vole	4	14	0	1993	8
nist-docx-0009	docx	vole	5	14	0	1931	8
nist-docx-0009	docx	vole	0	15	0	1879	8
nist-docx-0009	docx	vole	1	15	0	1879	8
nist-docx-0009	docx	vole	2	15	0	2240	8
nist-docx-0009	docx	vole	3	15	0	1901	8
nist-docx-0009	docx	vole	4	15	0	1968	8
nist-docx-0009	docx	vole	5	15	0	2015	8
nist-docx-0009	docx	sqlite	0	15	0	1806	8
nist-docx-0009	docx	sqlite	1	15	0	1752	8
nist-docx-0009	docx	sqlite	2	15	0	1784	8
nist-docx-0009	docx	sqlite	3	15	0	1779	8
nist-docx-0009	docx	sqlite	4	15	0	1842	8
nist-docx-0009	docx	sqlite	5	15	0	1835	8
nist-docx-0009	docx	sqlite	0	16	0	1570	8
nist-docx-0009	docx	sqlite	1	16	0	1718	8
nist-docx-0009	docx	sqlite	2	16	0	1745	8
nist-docx-0009	docx	sqlite	3	16	0	1686	8
nist-docx-0009	docx	sqlite	4	16	0	1987	8
nist-docx-0009	docx	sqlite	5	16	0	2286	8
nist-docx-0009	docx	vole	0	16	0	2111	8
nist-docx-0009	docx	vole	1	16	0	1922	8
nist-docx-0009	docx	vole	2	16	0	1901	8
nist-docx-0009	docx	vole	3	16	0	1949	8
nist-docx-0009	docx	vole	4	16	0	1974	8
nist-docx-0009	docx	vole	5	16	0	1973	8
nist-docx-0009	docx	vole	0	17	0	1917	8
nist-docx-0009	docx	vole	1	17	0	1874	8
nist-docx-0009	docx	vole	2	17	0	1905	8
nist-docx-0009	docx	vole	3	17	0	1878	8
nist-docx-0009	docx	vole	4	17	0	1890	8
nist-docx-0009	docx	vole	5	17	0	1927	8
nist-docx-0009	docx	sqlite	0	17	0	1898	8
nist-docx-0009	docx	sqlite	1	17	0	1868	8
nist-docx-0009	docx	sqlite	2	17	0	1754	8
nist-docx-0009	docx	sqlite	3	17	0	1924	8
nist-docx-0009	docx	sqlite	4	17	0	1823	8
nist-docx-0009	docx	sqlite	5	17	0	1787	8
nist-docx-0009	docx	sqlite	0	18	0	1634	8
nist-docx-0009	docx	sqlite	1	18	0	1651	8
nist-docx-0009	docx	sqlite	2	18	0	1941	8
nist-docx-0009	docx	sqlite	3	18	0	1782	8
nist-docx-0009	docx	sqlite	4	18	0	1782	8
nist-docx-0009	docx	sqlite	5	18	0	1825	8
nist-docx-0009	docx	vole	0	18	0	2024	8
nist-docx-0009	docx	vole	1	18	0	1845	8
nist-docx-0009	docx	vole	2	18	0	1927	8
nist-docx-0009	docx	vole	3	18	0	1913	8
nist-docx-0009	docx	vole	4	18	0	1868	8
nist-docx-0009	docx	vole	5	18	0	1899	8
nist-docx-0009	docx	vole	0	19	0	1851	8
nist-docx-0009	docx	vole	1	19	0	1886	8
nist-docx-0009	docx	vole	2	19	0	1969	8
nist-docx-0009	docx	vole	3	19	0	1955	8
nist-docx-0009	docx	vole	4	19	0	1845	8
nist-docx-0009	docx	vole	5	19	0	1810	8
nist-docx-0009	docx	sqlite	0	19	0	1886	8
nist-docx-0009	docx	sqlite	1	19	0	1717	8
nist-docx-0009	docx	sqlite	2	19	0	1700	8
nist-docx-0009	docx	sqlite	3	19	0	1722	8
nist-docx-0009	docx	sqlite	4	19	0	1760	8
nist-docx-0009	docx	sqlite	5	19	0	1927	8
nist-docx-0009	docx	sqlite	0	20	0	1649	8
nist-docx-0009	docx	sqlite	1	20	0	1745	8
nist-docx-0009	docx	sqlite	2	20	0	1728	8
nist-docx-0009	docx	sqlite	3	20	0	1961	8
nist-docx-0009	docx	sqlite	4	20	0	1814	8
nist-docx-0009	docx	sqlite	5	20	0	1927	8
nist-docx-0009	docx	vole	0	20	0	2100	8
nist-docx-0009	docx	vole	1	20	0	1916	8
nist-docx-0009	docx	vole	2	20	0	1939	8
nist-docx-0009	docx	vole	3	20	0	1890	8
nist-docx-0009	docx	vole	4	20	0	1845	8
nist-docx-0009	docx	vole	5	20	0	1943	8
nist-docx-0009	docx	vole	0	21	0	1916	8
nist-docx-0009	docx	vole	1	21	0	1908	8
nist-docx-0009	docx	vole	2	21	0	1893	8
nist-docx-0009	docx	vole	3	21	0	1907	8
nist-docx-0009	docx	vole	4	21	0	1864	8
nist-docx-0009	docx	vole	5	21	0	1812	8
nist-docx-0009	docx	sqlite	0	21	0	2052	8
nist-docx-0009	docx	sqlite	1	21	0	1694	8
nist-docx-0009	docx	sqlite	2	21	0	1892	8
nist-docx-0009	docx	sqlite	3	21	0	1800	8
nist-docx-0009	docx	sqlite	4	21	0	1889	8
nist-docx-0009	docx	sqlite	5	21	0	1866	8
nist-docx-0009	docx	sqlite	0	22	0	1590	8
nist-docx-0009	docx	sqlite	1	22	0	1634	8
nist-docx-0009	docx	sqlite	2	22	0	1863	8
nist-docx-0009	docx	sqlite	3	22	0	1674	8
nist-docx-0009	docx	sqlite	4	22	0	1757	8
nist-docx-0009	docx	sqlite	5	22	0	1763	8
nist-docx-0009	docx	vole	0	22	0	2113	8
nist-docx-0009	docx	vole	1	22	0	1908	8
nist-docx-0009	docx	vole	2	22	0	1841	8
nist-docx-0009	docx	vole	3	22	0	2000	8
nist-docx-0009	docx	vole	4	22	0	1932	8
nist-docx-0009	docx	vole	5	22	0	1890	8
nist-docx-0009	docx	vole	0	23	0	1868	8
nist-docx-0009	docx	vole	1	23	0	2078	8
nist-docx-0009	docx	vole	2	23	0	1998	8
nist-docx-0009	docx	vole	3	23	0	1928	8
nist-docx-0009	docx	vole	4	23	0	1971	8
nist-docx-0009	docx	vole	5	23	0	1891	8
nist-docx-0009	docx	sqlite	0	23	0	1897	8
nist-docx-0009	docx	sqlite	1	23	0	1887	8
nist-docx-0009	docx	sqlite	2	23	0	1751	8
nist-docx-0009	docx	sqlite	3	23	0	1758	8
nist-docx-0009	docx	sqlite	4	23	0	1806	8
nist-docx-0009	docx	sqlite	5	23	0	1788	8
nist-docx-0009	docx	sqlite	0	24	0	1615	8
nist-docx-0009	docx	sqlite	1	24	0	1625	8
nist-docx-0009	docx	sqlite	2	24	0	1777	8
nist-docx-0009	docx	sqlite	3	24	0	1735	8
nist-docx-0009	docx	sqlite	4	24	0	1961	8
nist-docx-0009	docx	sqlite	5	24	0	1751	8
nist-docx-0009	docx	vole	0	24	0	2209	8
nist-docx-0009	docx	vole	1	24	0	2298	8
nist-docx-0009	docx	vole	2	24	0	2058	8
nist-docx-0009	docx	vole	3	24	0	2032	8
nist-docx-0009	docx	vole	4	24	0	1930	8
nist-docx-0009	docx	vole	5	24	0	1938	8
nist-docx-0009	docx	vole	0	25	0	1847	8
nist-docx-0009	docx	vole	1	25	0	1881	8
nist-docx-0009	docx	vole	2	25	0	1969	8
nist-docx-0009	docx	vole	3	25	0	1986	8
nist-docx-0009	docx	vole	4	25	0	1954	8
nist-docx-0009	docx	vole	5	25	0	1848	8
nist-docx-0009	docx	sqlite	0	25	0	1849	8
nist-docx-0009	docx	sqlite	1	25	0	1798	8
nist-docx-0009	docx	sqlite	2	25	0	1706	8
nist-docx-0009	docx	sqlite	3	25	0	1784	8
nist-docx-0009	docx	sqlite	4	25	0	1802	8
nist-docx-0009	docx	sqlite	5	25	0	1982	8
nist-docx-0009	docx	sqlite	0	26	0	1993	8
nist-docx-0009	docx	sqlite	1	26	0	1663	8
nist-docx-0009	docx	sqlite	2	26	0	1802	8
nist-docx-0009	docx	sqlite	3	26	0	1691	8
nist-docx-0009	docx	sqlite	4	26	0	1746	8
nist-docx-0009	docx	sqlite	5	26	0	1804	8
nist-docx-0009	docx	vole	0	26	0	2171	8
nist-docx-0009	docx	vole	1	26	0	1985	8
nist-docx-0009	docx	vole	2	26	0	1940	8
nist-docx-0009	docx	vole	3	26	0	1892	8
nist-docx-0009	docx	vole	4	26	0	1903	8
nist-docx-0009	docx	vole	5	26	0	2153	8
nist-docx-0009	docx	vole	0	27	0	1842	8
nist-docx-0009	docx	vole	1	27	0	1896	8
nist-docx-0009	docx	vole	2	27	0	1888	8
nist-docx-0009	docx	vole	3	27	0	1988	8
nist-docx-0009	docx	vole	4	27	0	1941	8
nist-docx-0009	docx	vole	5	27	0	1929	8
nist-docx-0009	docx	sqlite	0	27	0	1892	8
nist-docx-0009	docx	sqlite	1	27	0	1753	8
nist-docx-0009	docx	sqlite	2	27	0	1937	8
nist-docx-0009	docx	sqlite	3	27	0	1804	8
nist-docx-0009	docx	sqlite	4	27	0	1803	8
nist-docx-0009	docx	sqlite	5	27	0	1791	8
nist-docx-0009	docx	sqlite	0	28	0	1551	8
nist-docx-0009	docx	sqlite	1	28	0	1602	8
nist-docx-0009	docx	sqlite	2	28	0	1706	8
nist-docx-0009	docx	sqlite	3	28	0	1730	8
nist-docx-0009	docx	sqlite	4	28	0	1887	8
nist-docx-0009	docx	sqlite	5	28	0	1783	8
nist-docx-0009	docx	vole	0	28	0	2062	8
nist-docx-0009	docx	vole	1	28	0	1941	8
nist-docx-0009	docx	vole	2	28	0	1880	8
nist-docx-0009	docx	vole	3	28	0	2127	8
nist-docx-0009	docx	vole	4	28	0	1948	8
nist-docx-0009	docx	vole	5	28	0	1882	8
nist-docx-0009	docx	vole	0	29	0	1909	8
nist-docx-0009	docx	vole	1	29	0	1923	8
nist-docx-0009	docx	vole	2	29	0	1919	8
nist-docx-0009	docx	vole	3	29	0	1922	8
nist-docx-0009	docx	vole	4	29	0	1929	8
nist-docx-0009	docx	vole	5	29	0	1944	8
nist-docx-0009	docx	sqlite	0	29	0	1803	8
nist-docx-0009	docx	sqlite	1	29	0	1642	8
nist-docx-0009	docx	sqlite	2	29	0	1814	8
nist-docx-0009	docx	sqlite	3	29	0	1728	8
nist-docx-0009	docx	sqlite	4	29	0	1998	8
nist-docx-0009	docx	sqlite	5	29	0	1847	8
nist-docx-0009	docx	sqlite	0	30	0	1691	8
nist-docx-0009	docx	sqlite	1	30	0	1619	8
nist-docx-0009	docx	sqlite	2	30	0	1833	8
nist-docx-0009	docx	sqlite	3	30	0	1761	8
nist-docx-0009	docx	sqlite	4	30	0	1923	8
nist-docx-0009	docx	sqlite	5	30	0	1789	8
nist-docx-0009	docx	vole	0	30	0	2162	8
nist-docx-0009	docx	vole	1	30	0	2141	8
nist-docx-0009	docx	vole	2	30	0	1919	8
nist-docx-0009	docx	vole	3	30	0	1929	8
nist-docx-0009	docx	vole	4	30	0	1985	8
nist-docx-0009	docx	vole	5	30	0	1956	8
nist-docx-0009	docx	vole	0	31	0	1882	8
nist-docx-0009	docx	vole	1	31	0	2190	8
nist-docx-0009	docx	vole	2	31	0	1861	8
nist-docx-0009	docx	vole	3	31	0	1806	8
nist-docx-0009	docx	vole	4	31	0	1897	8
nist-docx-0009	docx	vole	5	31	0	1910	8
nist-docx-0009	docx	sqlite	0	31	0	1834	8
nist-docx-0009	docx	sqlite	1	31	0	1792	8
nist-docx-0009	docx	sqlite	2	31	0	1815	8
nist-docx-0009	docx	sqlite	3	31	0	1910	8
nist-docx-0009	docx	sqlite	4	31	0	1801	8
nist-docx-0009	docx	sqlite	5	31	0	1841	8
nist-docx-0009	docx	sqlite	0	32	0	1595	8
nist-docx-0009	docx	sqlite	1	32	0	1658	8
nist-docx-0009	docx	sqlite	2	32	0	1769	8
nist-docx-0009	docx	sqlite	3	32	0	1719	8
nist-docx-0009	docx	sqlite	4	32	0	1790	8
nist-docx-0009	docx	sqlite	5	32	0	1966	8
nist-docx-0009	docx	vole	0	32	0	2013	8
nist-docx-0009	docx	vole	1	32	0	1980	8
nist-docx-0009	docx	vole	2	32	0	1991	8
nist-docx-0009	docx	vole	3	32	0	1957	8
nist-docx-0009	docx	vole	4	32	0	1878	8
nist-docx-0009	docx	vole	5	32	0	2125	8
nist-docx-0009	docx	vole	0	33	0	2047	8
nist-docx-0009	docx	vole	1	33	0	2003	8
nist-docx-0009	docx	vole	2	33	0	1952	8
nist-docx-0009	docx	vole	3	33	0	1885	8
nist-docx-0009	docx	vole	4	33	0	1864	8
nist-docx-0009	docx	vole	5	33	0	1938	8
nist-docx-0009	docx	sqlite	0	33	0	2011	8
nist-docx-0009	docx	sqlite	1	33	0	1627	8
nist-docx-0009	docx	sqlite	2	33	0	1733	8
nist-docx-0009	docx	sqlite	3	33	0	1703	8
nist-docx-0009	docx	sqlite	4	33	0	1979	8
nist-docx-0009	docx	sqlite	5	33	0	1918	8
nist-docx-0009	docx	sqlite	0	34	0	1577	8
nist-docx-0009	docx	sqlite	1	34	0	1746	8
nist-docx-0009	docx	sqlite	2	34	0	1760	8
nist-docx-0009	docx	sqlite	3	34	0	1855	8
nist-docx-0009	docx	sqlite	4	34	0	1724	8
nist-docx-0009	docx	sqlite	5	34	0	2038	8
nist-docx-0009	docx	vole	0	34	0	2093	8
nist-docx-0009	docx	vole	1	34	0	1942	8
nist-docx-0009	docx	vole	2	34	0	1865	8
nist-docx-0009	docx	vole	3	34	0	1857	8
nist-docx-0009	docx	vole	4	34	0	1914	8
nist-docx-0009	docx	vole	5	34	0	1897	8
nist-docx-0009	docx	vole	0	35	0	1895	8
nist-docx-0009	docx	vole	1	35	0	2032	8
nist-docx-0009	docx	vole	2	35	0	1861	8
nist-docx-0009	docx	vole	3	35	0	2065	8
nist-docx-0009	docx	vole	4	35	0	2013	8
nist-docx-0009	docx	vole	5	35	0	1984	8
nist-docx-0009	docx	sqlite	0	35	0	2192	8
nist-docx-0009	docx	sqlite	1	35	0	1852	8
nist-docx-0009	docx	sqlite	2	35	0	1867	8
nist-docx-0009	docx	sqlite	3	35	0	1843	8
nist-docx-0009	docx	sqlite	4	35	0	1950	8
nist-docx-0009	docx	sqlite	5	35	0	1839	8
nist-docx-0009	docx	sqlite	0	36	0	1577	8
nist-docx-0009	docx	sqlite	1	36	0	1666	8
nist-docx-0009	docx	sqlite	2	36	0	1661	8
nist-docx-0009	docx	sqlite	3	36	0	1701	8
nist-docx-0009	docx	sqlite	4	36	0	1762	8
nist-docx-0009	docx	sqlite	5	36	0	1882	8
nist-docx-0009	docx	vole	0	36	0	2086	8
nist-docx-0009	docx	vole	1	36	0	2089	8
nist-docx-0009	docx	vole	2	36	0	1900	8
nist-docx-0009	docx	vole	3	36	0	1877	8
nist-docx-0009	docx	vole	4	36	0	1928	8
nist-docx-0009	docx	vole	5	36	0	1805	8
nist-docx-0009	docx	vole	0	37	0	1996	8
nist-docx-0009	docx	vole	1	37	0	2033	8
nist-docx-0009	docx	vole	2	37	0	2032	8
nist-docx-0009	docx	vole	3	37	0	1909	8
nist-docx-0009	docx	vole	4	37	0	1939	8
nist-docx-0009	docx	vole	5	37	0	1857	8
nist-docx-0009	docx	sqlite	0	37	0	1722	8
nist-docx-0009	docx	sqlite	1	37	0	1876	8
nist-docx-0009	docx	sqlite	2	37	0	1852	8
nist-docx-0009	docx	sqlite	3	37	0	2083	8
nist-docx-0009	docx	sqlite	4	37	0	1994	8
nist-docx-0009	docx	sqlite	5	37	0	1962	8
nist-docx-0009	docx	sqlite	0	38	0	1691	8
nist-docx-0009	docx	sqlite	1	38	0	1687	8
nist-docx-0009	docx	sqlite	2	38	0	1874	8
nist-docx-0009	docx	sqlite	3	38	0	1724	8
nist-docx-0009	docx	sqlite	4	38	0	1895	8
nist-docx-0009	docx	sqlite	5	38	0	1849	8
nist-docx-0009	docx	vole	0	38	0	2219	8
nist-docx-0009	docx	vole	1	38	0	2036	8
nist-docx-0009	docx	vole	2	38	0	1887	8
nist-docx-0009	docx	vole	3	38	0	1813	8
nist-docx-0009	docx	vole	4	38	0	1925	8
nist-docx-0009	docx	vole	5	38	0	1906	8
nist-docx-0009	docx	vole	0	39	0	2093	8
nist-docx-0009	docx	vole	1	39	0	2034	8
nist-docx-0009	docx	vole	2	39	0	1929	8
nist-docx-0009	docx	vole	3	39	0	2518	8
nist-docx-0009	docx	vole	4	39	0	1943	8
nist-docx-0009	docx	vole	5	39	0	1958	8
nist-docx-0009	docx	sqlite	0	39	0	1931	8
nist-docx-0009	docx	sqlite	1	39	0	1872	8
nist-docx-0009	docx	sqlite	2	39	0	1790	8
nist-docx-0009	docx	sqlite	3	39	0	1684	8
nist-docx-0009	docx	sqlite	4	39	0	1891	8
nist-docx-0009	docx	sqlite	5	39	0	1801	8
nist-docx-0009	docx	sqlite	0	40	0	1592	8
nist-docx-0009	docx	sqlite	1	40	0	1620	8
nist-docx-0009	docx	sqlite	2	40	0	1810	8
nist-docx-0009	docx	sqlite	3	40	0	1831	8
nist-docx-0009	docx	sqlite	4	40	0	1886	8
nist-docx-0009	docx	sqlite	5	40	0	1818	8
nist-docx-0009	docx	vole	0	40	0	2099	8
nist-docx-0009	docx	vole	1	40	0	1898	8
nist-docx-0009	docx	vole	2	40	0	1919	8
nist-docx-0009	docx	vole	3	40	0	1926	8
nist-docx-0009	docx	vole	4	40	0	1976	8
nist-docx-0009	docx	vole	5	40	0	1920	8
nist-docx-0009	docx	vole	0	41	0	1927	8
nist-docx-0009	docx	vole	1	41	0	1897	8
nist-docx-0009	docx	vole	2	41	0	1994	8
nist-docx-0009	docx	vole	3	41	0	1959	8
nist-docx-0009	docx	vole	4	41	0	2027	8
nist-docx-0009	docx	vole	5	41	0	1932	8
nist-docx-0009	docx	sqlite	0	41	0	1913	8
nist-docx-0009	docx	sqlite	1	41	0	1954	8
nist-docx-0009	docx	sqlite	2	41	0	2016	8
nist-docx-0009	docx	sqlite	3	41	0	1749	8
nist-docx-0009	docx	sqlite	4	41	0	1872	8
nist-docx-0009	docx	sqlite	5	41	0	1869	8
nist-docx-0009	docx	sqlite	0	42	0	1639	8
nist-docx-0009	docx	sqlite	1	42	0	1696	8
nist-docx-0009	docx	sqlite	2	42	0	1815	8
nist-docx-0009	docx	sqlite	3	42	0	2568	8
nist-docx-0009	docx	sqlite	4	42	0	1808	8
nist-docx-0009	docx	sqlite	5	42	0	1814	8
nist-docx-0009	docx	vole	0	42	0	2179	8
nist-docx-0009	docx	vole	1	42	0	1941	8
nist-docx-0009	docx	vole	2	42	0	2459	8
nist-docx-0009	docx	vole	3	42	0	1875	8
nist-docx-0009	docx	vole	4	42	0	1960	8
nist-docx-0009	docx	vole	5	42	0	1896	8
nist-docx-0009	docx	vole	0	43	0	1896	8
nist-docx-0009	docx	vole	1	43	0	1864	8
nist-docx-0009	docx	vole	2	43	0	2020	8
nist-docx-0009	docx	vole	3	43	0	1929	8
nist-docx-0009	docx	vole	4	43	0	2099	8
nist-docx-0009	docx	vole	5	43	0	2088	8
nist-docx-0009	docx	sqlite	0	43	0	1865	8
nist-docx-0009	docx	sqlite	1	43	0	1939	8
nist-docx-0009	docx	sqlite	2	43	0	2277	8
nist-docx-0009	docx	sqlite	3	43	0	1730	8
nist-docx-0009	docx	sqlite	4	43	0	1866	8
nist-docx-0009	docx	sqlite	5	43	0	1910	8
nist-docx-0009	docx	sqlite	0	44	0	1793	8
nist-docx-0009	docx	sqlite	1	44	0	1734	8
nist-docx-0009	docx	sqlite	2	44	0	1762	8
nist-docx-0009	docx	sqlite	3	44	0	2022	8
nist-docx-0009	docx	sqlite	4	44	0	1916	8
nist-docx-0009	docx	sqlite	5	44	0	1728	8
nist-docx-0009	docx	vole	0	44	0	2103	8
nist-docx-0009	docx	vole	1	44	0	2042	8
nist-docx-0009	docx	vole	2	44	0	1951	8
nist-docx-0009	docx	vole	3	44	0	2098	8
nist-docx-0009	docx	vole	4	44	0	1901	8
nist-docx-0009	docx	vole	5	44	0	1944	8
nist-docx-0009	docx	vole	0	45	0	1883	8
nist-docx-0009	docx	vole	1	45	0	1950	8
nist-docx-0009	docx	vole	2	45	0	1914	8
nist-docx-0009	docx	vole	3	45	0	1938	8
nist-docx-0009	docx	vole	4	45	0	1812	8
nist-docx-0009	docx	vole	5	45	0	1927	8
nist-docx-0009	docx	sqlite	0	45	0	1850	8
nist-docx-0009	docx	sqlite	1	45	0	1759	8
nist-docx-0009	docx	sqlite	2	45	0	1837	8
nist-docx-0009	docx	sqlite	3	45	0	1779	8
nist-docx-0009	docx	sqlite	4	45	0	1924	8
nist-docx-0009	docx	sqlite	5	45	0	1847	8
nist-docx-0009	docx	sqlite	0	46	0	1592	8
nist-docx-0009	docx	sqlite	1	46	0	1588	8
nist-docx-0009	docx	sqlite	2	46	0	1900	8
nist-docx-0009	docx	sqlite	3	46	0	1721	8
nist-docx-0009	docx	sqlite	4	46	0	1880	8
nist-docx-0009	docx	sqlite	5	46	0	1781	8
nist-docx-0009	docx	vole	0	46	0	2013	8
nist-docx-0009	docx	vole	1	46	0	1881	8
nist-docx-0009	docx	vole	2	46	0	1909	8
nist-docx-0009	docx	vole	3	46	0	1943	8
nist-docx-0009	docx	vole	4	46	0	1928	8
nist-docx-0009	docx	vole	5	46	0	2128	8
nist-docx-0009	docx	vole	0	47	0	1813	8
nist-docx-0009	docx	vole	1	47	0	1811	8
nist-docx-0009	docx	vole	2	47	0	1929	8
nist-docx-0009	docx	vole	3	47	0	1964	8
nist-docx-0009	docx	vole	4	47	0	1886	8
nist-docx-0009	docx	vole	5	47	0	1899	8
nist-docx-0009	docx	sqlite	0	47	0	1797	8
nist-docx-0009	docx	sqlite	1	47	0	1710	8
nist-docx-0009	docx	sqlite	2	47	0	1874	8
nist-docx-0009	docx	sqlite	3	47	0	1941	8
nist-docx-0009	docx	sqlite	4	47	0	1885	8
nist-docx-0009	docx	sqlite	5	47	0	1893	8
nist-docx-0009	docx	sqlite	0	48	0	1836	8
nist-docx-0009	docx	sqlite	1	48	0	1646	8
nist-docx-0009	docx	sqlite	2	48	0	1702	8
nist-docx-0009	docx	sqlite	3	48	0	1891	8
nist-docx-0009	docx	sqlite	4	48	0	1775	8
nist-docx-0009	docx	sqlite	5	48	0	1737	8
nist-docx-0009	docx	vole	0	48	0	2161	8
nist-docx-0009	docx	vole	1	48	0	1847	8
nist-docx-0009	docx	vole	2	48	0	1901	8
nist-docx-0009	docx	vole	3	48	0	1885	8
nist-docx-0009	docx	vole	4	48	0	1935	8
nist-docx-0009	docx	vole	5	48	0	2010	8
nist-docx-0009	docx	vole	0	49	0	1890	8
nist-docx-0009	docx	vole	1	49	0	1892	8
nist-docx-0009	docx	vole	2	49	0	1842	8
nist-docx-0009	docx	vole	3	49	0	1805	8
nist-docx-0009	docx	vole	4	49	0	1954	8
nist-docx-0009	docx	vole	5	49	0	2022	8
nist-docx-0009	docx	sqlite	0	49	0	1864	8
nist-docx-0009	docx	sqlite	1	49	0	1643	8
nist-docx-0009	docx	sqlite	2	49	0	1786	8
nist-docx-0009	docx	sqlite	3	49	0	1842	8
nist-docx-0009	docx	sqlite	4	49	0	1722	8
nist-docx-0009	docx	sqlite	5	49	0	1735	8
nist-docx-0009	docx	sqlite	0	50	0	1525	8
nist-docx-0009	docx	sqlite	1	50	0	1552	8
nist-docx-0009	docx	sqlite	2	50	0	1746	8
nist-docx-0009	docx	sqlite	3	50	0	1709	8
nist-docx-0009	docx	sqlite	4	50	0	1857	8
nist-docx-0009	docx	sqlite	5	50	0	1741	8
nist-docx-0009	docx	vole	0	50	0	1953	8
nist-docx-0009	docx	vole	1	50	0	1884	8
nist-docx-0009	docx	vole	2	50	0	1872	8
nist-docx-0009	docx	vole	3	50	0	1952	8
nist-docx-0009	docx	vole	4	50	0	1856	8
nist-docx-0009	docx	vole	5	50	0	1990	8
nist-docx-0009	docx	vole	0	51	0	2264	8
nist-docx-0009	docx	vole	1	51	0	1901	8
nist-docx-0009	docx	vole	2	51	0	1930	8
nist-docx-0009	docx	vole	3	51	0	1885	8
nist-docx-0009	docx	vole	4	51	0	1822	8
nist-docx-0009	docx	vole	5	51	0	1840	8
nist-docx-0009	docx	sqlite	0	51	0	1868	8
nist-docx-0009	docx	sqlite	1	51	0	1640	8
nist-docx-0009	docx	sqlite	2	51	0	1780	8
nist-docx-0009	docx	sqlite	3	51	0	1857	8
nist-docx-0009	docx	sqlite	4	51	0	1928	8
nist-docx-0009	docx	sqlite	5	51	0	1877	8
nist-docx-0009	docx	sqlite	0	52	0	1619	8
nist-docx-0009	docx	sqlite	1	52	0	1762	8
nist-docx-0009	docx	sqlite	2	52	0	1684	8
nist-docx-0009	docx	sqlite	3	52	0	1830	8
nist-docx-0009	docx	sqlite	4	52	0	1810	8
nist-docx-0009	docx	sqlite	5	52	0	1788	8
nist-docx-0009	docx	vole	0	52	0	2240	8
nist-docx-0009	docx	vole	1	52	0	1990	8
nist-docx-0009	docx	vole	2	52	0	1817	8
nist-docx-0009	docx	vole	3	52	0	1981	8
nist-docx-0009	docx	vole	4	52	0	1896	8
nist-docx-0009	docx	vole	5	52	0	1934	8
nist-docx-0009	docx	vole	0	53	0	2050	8
nist-docx-0009	docx	vole	1	53	0	1948	8
nist-docx-0009	docx	vole	2	53	0	1821	8
nist-docx-0009	docx	vole	3	53	0	1948	8
nist-docx-0009	docx	vole	4	53	0	2088	8
nist-docx-0009	docx	vole	5	53	0	1833	8
nist-docx-0009	docx	sqlite	0	53	0	1939	8
nist-docx-0009	docx	sqlite	1	53	0	1734	8
nist-docx-0009	docx	sqlite	2	53	0	1753	8
nist-docx-0009	docx	sqlite	3	53	0	1887	8
nist-docx-0009	docx	sqlite	4	53	0	2025	8
nist-docx-0009	docx	sqlite	5	53	0	1834	8
nist-docx-0009	docx	sqlite	0	54	0	1596	8
nist-docx-0009	docx	sqlite	1	54	0	1666	8
nist-docx-0009	docx	sqlite	2	54	0	1745	8
nist-docx-0009	docx	sqlite	3	54	0	1771	8
nist-docx-0009	docx	sqlite	4	54	0	1767	8
nist-docx-0009	docx	sqlite	5	54	0	1845	8
nist-docx-0009	docx	vole	0	54	0	2063	8
nist-docx-0009	docx	vole	1	54	0	1838	8
nist-docx-0009	docx	vole	2	54	0	2013	8
nist-docx-0009	docx	vole	3	54	0	1922	8
nist-docx-0009	docx	vole	4	54	0	1871	8
nist-docx-0009	docx	vole	5	54	0	1900	8
nist-docx-0009	docx	vole	0	55	0	1817	8
nist-docx-0009	docx	vole	1	55	0	1842	8
nist-docx-0009	docx	vole	2	55	0	1998	8
nist-docx-0009	docx	vole	3	55	0	2004	8
nist-docx-0009	docx	vole	4	55	0	1873	8
nist-docx-0009	docx	vole	5	55	0	1812	8
nist-docx-0009	docx	sqlite	0	55	0	1878	8
nist-docx-0009	docx	sqlite	1	55	0	1705	8
nist-docx-0009	docx	sqlite	2	55	0	1850	8
nist-docx-0009	docx	sqlite	3	55	0	1799	8
nist-docx-0009	docx	sqlite	4	55	0	1828	8
nist-docx-0009	docx	sqlite	5	55	0	1816	8
nist-docx-0009	docx	sqlite	0	56	0	1670	8
nist-docx-0009	docx	sqlite	1	56	0	1606	8
nist-docx-0009	docx	sqlite	2	56	0	1815	8
nist-docx-0009	docx	sqlite	3	56	0	1962	8
nist-docx-0009	docx	sqlite	4	56	0	1865	8
nist-docx-0009	docx	sqlite	5	56	0	1801	8
nist-docx-0009	docx	vole	0	56	0	2043	8
nist-docx-0009	docx	vole	1	56	0	1858	8
nist-docx-0009	docx	vole	2	56	0	1911	8
nist-docx-0009	docx	vole	3	56	0	1920	8
nist-docx-0009	docx	vole	4	56	0	1855	8
nist-docx-0009	docx	vole	5	56	0	1904	8
nist-docx-0009	docx	vole	0	57	0	1889	8
nist-docx-0009	docx	vole	1	57	0	1921	8
nist-docx-0009	docx	vole	2	57	0	1770	8
nist-docx-0009	docx	vole	3	57	0	1977	8
nist-docx-0009	docx	vole	4	57	0	2004	8
nist-docx-0009	docx	vole	5	57	0	1964	8
nist-docx-0009	docx	sqlite	0	57	0	1824	8
nist-docx-0009	docx	sqlite	1	57	0	1724	8
nist-docx-0009	docx	sqlite	2	57	0	1876	8
nist-docx-0009	docx	sqlite	3	57	0	1999	8
nist-docx-0009	docx	sqlite	4	57	0	1862	8
nist-docx-0009	docx	sqlite	5	57	0	1836	8
nist-docx-0009	docx	sqlite	0	58	0	1638	8
nist-docx-0009	docx	sqlite	1	58	0	1608	8
nist-docx-0009	docx	sqlite	2	58	0	1747	8
nist-docx-0009	docx	sqlite	3	58	0	1695	8
nist-docx-0009	docx	sqlite	4	58	0	1729	8
nist-docx-0009	docx	sqlite	5	58	0	1754	8
nist-docx-0009	docx	vole	0	58	0	1954	8
nist-docx-0009	docx	vole	1	58	0	1851	8
nist-docx-0009	docx	vole	2	58	0	1818	8
nist-docx-0009	docx	vole	3	58	0	1933	8
nist-docx-0009	docx	vole	4	58	0	1781	8
nist-docx-0009	docx	vole	5	58	0	1835	8
nist-docx-0009	docx	vole	0	59	0	1806	8
nist-docx-0009	docx	vole	1	59	0	1841	8
nist-docx-0009	docx	vole	2	59	0	1842	8
nist-docx-0009	docx	vole	3	59	0	1827	8
nist-docx-0009	docx	vole	4	59	0	1759	8
nist-docx-0009	docx	vole	5	59	0	1818	8
nist-docx-0009	docx	sqlite	0	59	0	1506	8
nist-docx-0009	docx	sqlite	1	59	0	1519	8
nist-docx-0009	docx	sqlite	2	59	0	1709	8
nist-docx-0009	docx	sqlite	3	59	0	1847	8
nist-docx-0009	docx	sqlite	4	59	0	1851	8
nist-docx-0009	docx	sqlite	5	59	0	2105	8
nist-docx-0009	docx	sqlite	0	60	0	1617	8
nist-docx-0009	docx	sqlite	1	60	0	1732	8
nist-docx-0009	docx	sqlite	2	60	0	1765	8
nist-docx-0009	docx	sqlite	3	60	0	1758	8
nist-docx-0009	docx	sqlite	4	60	0	1873	8
nist-docx-0009	docx	sqlite	5	60	0	1890	8
nist-docx-0009	docx	vole	0	60	0	2044	8
nist-docx-0009	docx	vole	1	60	0	1960	8
nist-docx-0009	docx	vole	2	60	0	1838	8
nist-docx-0009	docx	vole	3	60	0	1900	8
nist-docx-0009	docx	vole	4	60	0	1844	8
nist-docx-0009	docx	vole	5	60	0	1856	8
nist-docx-0009	docx	vole	0	61	0	1913	8
nist-docx-0009	docx	vole	1	61	0	2008	8
nist-docx-0009	docx	vole	2	61	0	1880	8
nist-docx-0009	docx	vole	3	61	0	1843	8
nist-docx-0009	docx	vole	4	61	0	1782	8
nist-docx-0009	docx	vole	5	61	0	1939	8
nist-docx-0009	docx	sqlite	0	61	0	2022	8
nist-docx-0009	docx	sqlite	1	61	0	1826	8
nist-docx-0009	docx	sqlite	2	61	0	1772	8
nist-docx-0009	docx	sqlite	3	61	0	1715	8
nist-docx-0009	docx	sqlite	4	61	0	1822	8
nist-docx-0009	docx	sqlite	5	61	0	1879	8
nist-docx-0009	docx	sqlite	0	62	0	1586	8
nist-docx-0009	docx	sqlite	1	62	0	1625	8
nist-docx-0009	docx	sqlite	2	62	0	1848	8
nist-docx-0009	docx	sqlite	3	62	0	1828	8
nist-docx-0009	docx	sqlite	4	62	0	1908	8
nist-docx-0009	docx	sqlite	5	62	0	1964	8
nist-docx-0009	docx	vole	0	62	0	2094	8
nist-docx-0009	docx	vole	1	62	0	2031	8
nist-docx-0009	docx	vole	2	62	0	1938	8
nist-docx-0009	docx	vole	3	62	0	1863	8
nist-docx-0009	docx	vole	4	62	0	1850	8
nist-docx-0009	docx	vole	5	62	0	1884	8
nist-docx-0009	docx	vole	0	63	0	1871	8
nist-docx-0009	docx	vole	1	63	0	1923	8
nist-docx-0009	docx	vole	2	63	0	1930	8
nist-docx-0009	docx	vole	3	63	0	1882	8
nist-docx-0009	docx	vole	4	63	0	1812	8
nist-docx-0009	docx	vole	5	63	0	1854	8
nist-docx-0009	docx	sqlite	0	63	0	1788	8
nist-docx-0009	docx	sqlite	1	63	0	1782	8
nist-docx-0009	docx	sqlite	2	63	0	2022	8
nist-docx-0009	docx	sqlite	3	63	0	1809	8
nist-docx-0009	docx	sqlite	4	63	0	1884	8
nist-docx-0009	docx	sqlite	5	63	0	1858	8
nist-docx-0009	docx	sqlite	0	64	0	1607	8
nist-docx-0009	docx	sqlite	1	64	0	1618	8
nist-docx-0009	docx	sqlite	2	64	0	1708	8
nist-docx-0009	docx	sqlite	3	64	0	1749	8
nist-docx-0009	docx	sqlite	4	64	0	1934	8
nist-docx-0009	docx	sqlite	5	64	0	1870	8
nist-docx-0009	docx	vole	0	64	0	2246	8
nist-docx-0009	docx	vole	1	64	0	1937	8
nist-docx-0009	docx	vole	2	64	0	1946	8
nist-docx-0009	docx	vole	3	64	0	1969	8
nist-docx-0009	docx	vole	4	64	0	1869	8
nist-docx-0009	docx	vole	5	64	0	1872	8
nist-docx-0009	docx	vole	0	65	0	1934	8
nist-docx-0009	docx	vole	1	65	0	1959	8
nist-docx-0009	docx	vole	2	65	0	1828	8
nist-docx-0009	docx	vole	3	65	0	1828	8
nist-docx-0009	docx	vole	4	65	0	1950	8
nist-docx-0009	docx	vole	5	65	0	1912	8
nist-docx-0009	docx	sqlite	0	65	0	1847	8
nist-docx-0009	docx	sqlite	1	65	0	1970	8
nist-docx-0009	docx	sqlite	2	65	0	1998	8
nist-docx-0009	docx	sqlite	3	65	0	1743	8
nist-docx-0009	docx	sqlite	4	65	0	1876	8
nist-docx-0009	docx	sqlite	5	65	0	1855	8
nist-docx-0009	docx	sqlite	0	66	0	1667	8
nist-docx-0009	docx	sqlite	1	66	0	1609	8
nist-docx-0009	docx	sqlite	2	66	0	1883	8
nist-docx-0009	docx	sqlite	3	66	0	1796	8
nist-docx-0009	docx	sqlite	4	66	0	1787	8
nist-docx-0009	docx	sqlite	5	66	0	1765	8
nist-docx-0009	docx	vole	0	66	0	2107	8
nist-docx-0009	docx	vole	1	66	0	2111	8
nist-docx-0009	docx	vole	2	66	0	1938	8
nist-docx-0009	docx	vole	3	66	0	1947	8
nist-docx-0009	docx	vole	4	66	0	1910	8
nist-docx-0009	docx	vole	5	66	0	2044	8
nist-docx-0009	docx	vole	0	67	0	1967	8
nist-docx-0009	docx	vole	1	67	0	1947	8
nist-docx-0009	docx	vole	2	67	0	1900	8
nist-docx-0009	docx	vole	3	67	0	1853	8
nist-docx-0009	docx	vole	4	67	0	1827	8
nist-docx-0009	docx	vole	5	67	0	1877	8
nist-docx-0009	docx	sqlite	0	67	0	1929	8
nist-docx-0009	docx	sqlite	1	67	0	1678	8
nist-docx-0009	docx	sqlite	2	67	0	1895	8
nist-docx-0009	docx	sqlite	3	67	0	1873	8
nist-docx-0009	docx	sqlite	4	67	0	1875	8
nist-docx-0009	docx	sqlite	5	67	0	1909	8
nist-docx-0009	docx	sqlite	0	68	0	1674	8
nist-docx-0009	docx	sqlite	1	68	0	1640	8
nist-docx-0009	docx	sqlite	2	68	0	1694	8
nist-docx-0009	docx	sqlite	3	68	0	1813	8
nist-docx-0009	docx	sqlite	4	68	0	1801	8
nist-docx-0009	docx	sqlite	5	68	0	1731	8
nist-docx-0009	docx	vole	0	68	0	2194	8
nist-docx-0009	docx	vole	1	68	0	2068	8
nist-docx-0009	docx	vole	2	68	0	1903	8
nist-docx-0009	docx	vole	3	68	0	2037	8
nist-docx-0009	docx	vole	4	68	0	2426	8
nist-docx-0009	docx	vole	5	68	0	1834	8
nist-docx-0009	docx	vole	0	69	0	1931	8
nist-docx-0009	docx	vole	1	69	0	1791	8
nist-docx-0009	docx	vole	2	69	0	1830	8
nist-docx-0009	docx	vole	3	69	0	1973	8
nist-docx-0009	docx	vole	4	69	0	1918	8
nist-docx-0009	docx	vole	5	69	0	1819	8
nist-docx-0009	docx	sqlite	0	69	0	1838	8
nist-docx-0009	docx	sqlite	1	69	0	1691	8
nist-docx-0009	docx	sqlite	2	69	0	1796	8
nist-docx-0009	docx	sqlite	3	69	0	1797	8
nist-docx-0009	docx	sqlite	4	69	0	1962	8
nist-docx-0009	docx	sqlite	5	69	0	1809	8
nist-docx-0009	docx	sqlite	0	70	0	1721	8
nist-docx-0009	docx	sqlite	1	70	0	1689	8
nist-docx-0009	docx	sqlite	2	70	0	1698	8
nist-docx-0009	docx	sqlite	3	70	0	1729	8
nist-docx-0009	docx	sqlite	4	70	0	1895	8
nist-docx-0009	docx	sqlite	5	70	0	1799	8
nist-docx-0009	docx	vole	0	70	0	2072	8
nist-docx-0009	docx	vole	1	70	0	1819	8
nist-docx-0009	docx	vole	2	70	0	2181	8
nist-docx-0009	docx	vole	3	70	0	1811	8
nist-docx-0009	docx	vole	4	70	0	2013	8
nist-docx-0009	docx	vole	5	70	0	2137	8
nist-docx-0009	docx	vole	0	71	0	2056	8
nist-docx-0009	docx	vole	1	71	0	1843	8
nist-docx-0009	docx	vole	2	71	0	1883	8
nist-docx-0009	docx	vole	3	71	0	1871	8
nist-docx-0009	docx	vole	4	71	0	1834	8
nist-docx-0009	docx	vole	5	71	0	1973	8
nist-docx-0009	docx	sqlite	0	71	0	1831	8
nist-docx-0009	docx	sqlite	1	71	0	1692	8
nist-docx-0009	docx	sqlite	2	71	0	1837	8
nist-docx-0009	docx	sqlite	3	71	0	1911	8
nist-docx-0009	docx	sqlite	4	71	0	1845	8
nist-docx-0009	docx	sqlite	5	71	0	1926	8
nist-docx-0009	docx	sqlite	0	72	0	1746	8
nist-docx-0009	docx	sqlite	1	72	0	1703	8
nist-docx-0009	docx	sqlite	2	72	0	1838	8
nist-docx-0009	docx	sqlite	3	72	0	1950	8
nist-docx-0009	docx	sqlite	4	72	0	1887	8
nist-docx-0009	docx	sqlite	5	72	0	1873	8
nist-docx-0009	docx	vole	0	72	0	2141	8
nist-docx-0009	docx	vole	1	72	0	1893	8
nist-docx-0009	docx	vole	2	72	0	1782	8
nist-docx-0009	docx	vole	3	72	0	1773	8
nist-docx-0009	docx	vole	4	72	0	1922	8
nist-docx-0009	docx	vole	5	72	0	2011	8
nist-docx-0009	docx	vole	0	73	0	1954	8
nist-docx-0009	docx	vole	1	73	0	1974	8
nist-docx-0009	docx	vole	2	73	0	2061	8
nist-docx-0009	docx	vole	3	73	0	2060	8
nist-docx-0009	docx	vole	4	73	0	1934	8
nist-docx-0009	docx	vole	5	73	0	1923	8
nist-docx-0009	docx	sqlite	0	73	0	1848	8
nist-docx-0009	docx	sqlite	1	73	0	1675	8
nist-docx-0009	docx	sqlite	2	73	0	1714	8
nist-docx-0009	docx	sqlite	3	73	0	1877	8
nist-docx-0009	docx	sqlite	4	73	0	1791	8
nist-docx-0009	docx	sqlite	5	73	0	1804	8
nist-docx-0009	docx	sqlite	0	74	0	1531	8
nist-docx-0009	docx	sqlite	1	74	0	2299	8
nist-docx-0009	docx	sqlite	2	74	0	1762	8
nist-docx-0009	docx	sqlite	3	74	0	1702	8
nist-docx-0009	docx	sqlite	4	74	0	1966	8
nist-docx-0009	docx	sqlite	5	74	0	1806	8
nist-docx-0009	docx	vole	0	74	0	2127	8
nist-docx-0009	docx	vole	1	74	0	2057	8
nist-docx-0009	docx	vole	2	74	0	1948	8
nist-docx-0009	docx	vole	3	74	0	1890	8
nist-docx-0009	docx	vole	4	74	0	1866	8
nist-docx-0009	docx	vole	5	74	0	1970	8
nist-docx-0009	docx	vole	0	75	0	2123	8
nist-docx-0009	docx	vole	1	75	0	1846	8
nist-docx-0009	docx	vole	2	75	0	1908	8
nist-docx-0009	docx	vole	3	75	0	1849	8
nist-docx-0009	docx	vole	4	75	0	1918	8
nist-docx-0009	docx	vole	5	75	0	2017	8
nist-docx-0009	docx	sqlite	0	75	0	1831	8
nist-docx-0009	docx	sqlite	1	75	0	1744	8
nist-docx-0009	docx	sqlite	2	75	0	1838	8
nist-docx-0009	docx	sqlite	3	75	0	1709	8
nist-docx-0009	docx	sqlite	4	75	0	1937	8
nist-docx-0009	docx	sqlite	5	75	0	1811	8
nist-docx-0009	docx	sqlite	0	76	0	1698	8
nist-docx-0009	docx	sqlite	1	76	0	1770	8
nist-docx-0009	docx	sqlite	2	76	0	1912	8
nist-docx-0009	docx	sqlite	3	76	0	1844	8
nist-docx-0009	docx	sqlite	4	76	0	1777	8
nist-docx-0009	docx	sqlite	5	76	0	1999	8
nist-docx-0009	docx	vole	0	76	0	2062	8
nist-docx-0009	docx	vole	1	76	0	2438	8
nist-docx-0009	docx	vole	2	76	0	1983	8
nist-docx-0009	docx	vole	3	76	0	1907	8
nist-docx-0009	docx	vole	4	76	0	1897	8
nist-docx-0009	docx	vole	5	76	0	1831	8
nist-docx-0009	docx	vole	0	77	0	1902	8
nist-docx-0009	docx	vole	1	77	0	1932	8
nist-docx-0009	docx	vole	2	77	0	2165	8
nist-docx-0009	docx	vole	3	77	0	2128	8
nist-docx-0009	docx	vole	4	77	0	1993	8
nist-docx-0009	docx	vole	5	77	0	1969	8
nist-docx-0009	docx	sqlite	0	77	0	1871	8
nist-docx-0009	docx	sqlite	1	77	0	1643	8
nist-docx-0009	docx	sqlite	2	77	0	1892	8
nist-docx-0009	docx	sqlite	3	77	0	1686	8
nist-docx-0009	docx	sqlite	4	77	0	2732	8
nist-docx-0009	docx	sqlite	5	77	0	1896	8
nist-docx-0009	docx	sqlite	0	78	0	1590	8
nist-docx-0009	docx	sqlite	1	78	0	1626	8
nist-docx-0009	docx	sqlite	2	78	0	1824	8
nist-docx-0009	docx	sqlite	3	78	0	1899	8
nist-docx-0009	docx	sqlite	4	78	0	1844	8
nist-docx-0009	docx	sqlite	5	78	0	2021	8
nist-docx-0009	docx	vole	0	78	0	2142	8
nist-docx-0009	docx	vole	1	78	0	1946	8
nist-docx-0009	docx	vole	2	78	0	1826	8
nist-docx-0009	docx	vole	3	78	0	1869	8
nist-docx-0009	docx	vole	4	78	0	2014	8
nist-docx-0009	docx	vole	5	78	0	1899	8
nist-docx-0009	docx	vole	0	79	0	1955	8
nist-docx-0009	docx	vole	1	79	0	2030	8
nist-docx-0009	docx	vole	2	79	0	1951	8
nist-docx-0009	docx	vole	3	79	0	1946	8
nist-docx-0009	docx	vole	4	79	0	1895	8
nist-docx-0009	docx	vole	5	79	0	1824	8
nist-docx-0009	docx	sqlite	0	79	0	1791	8
nist-docx-0009	docx	sqlite	1	79	0	1736	8
nist-docx-0009	docx	sqlite	2	79	0	1696	8
nist-docx-0009	docx	sqlite	3	79	0	1744	8
nist-docx-0009	docx	sqlite	4	79	0	1735	8
nist-docx-0009	docx	sqlite	5	79	0	1856	8
nist-docx-0009	docx	sqlite	0	80	0	1708	8
nist-docx-0009	docx	sqlite	1	80	0	1597	8
nist-docx-0009	docx	sqlite	2	80	0	1804	8
nist-docx-0009	docx	sqlite	3	80	0	1807	8
nist-docx-0009	docx	sqlite	4	80	0	1887	8
nist-docx-0009	docx	sqlite	5	80	0	1826	8
nist-docx-0009	docx	vole	0	80	0	2098	8
nist-docx-0009	docx	vole	1	80	0	2031	8
nist-docx-0009	docx	vole	2	80	0	1873	8
nist-docx-0009	docx	vole	3	80	0	1915	8
nist-docx-0009	docx	vole	4	80	0	1906	8
nist-docx-0009	docx	vole	5	80	0	1878	8
nist-docx-0009	docx	vole	0	81	0	1849	8
nist-docx-0009	docx	vole	1	81	0	1847	8
nist-docx-0009	docx	vole	2	81	0	2018	8
nist-docx-0009	docx	vole	3	81	0	1920	8
nist-docx-0009	docx	vole	4	81	0	1809	8
nist-docx-0009	docx	vole	5	81	0	1854	8
nist-docx-0009	docx	sqlite	0	81	0	1905	8
nist-docx-0009	docx	sqlite	1	81	0	1709	8
nist-docx-0009	docx	sqlite	2	81	0	1757	8
nist-docx-0009	docx	sqlite	3	81	0	2061	8
nist-docx-0009	docx	sqlite	4	81	0	1831	8
nist-docx-0009	docx	sqlite	5	81	0	1911	8
nist-docx-0009	docx	sqlite	0	82	0	1633	8
nist-docx-0009	docx	sqlite	1	82	0	1724	8
nist-docx-0009	docx	sqlite	2	82	0	1732	8
nist-docx-0009	docx	sqlite	3	82	0	1989	8
nist-docx-0009	docx	sqlite	4	82	0	1938	8
nist-docx-0009	docx	sqlite	5	82	0	1950	8
nist-docx-0009	docx	vole	0	82	0	2026	8
nist-docx-0009	docx	vole	1	82	0	1998	8
nist-docx-0009	docx	vole	2	82	0	1871	8
nist-docx-0009	docx	vole	3	82	0	1962	8
nist-docx-0009	docx	vole	4	82	0	2013	8
nist-docx-0009	docx	vole	5	82	0	2063	8
nist-docx-0009	docx	vole	0	83	0	1924	8
nist-docx-0009	docx	vole	1	83	0	1925	8
nist-docx-0009	docx	vole	2	83	0	1906	8
nist-docx-0009	docx	vole	3	83	0	1907	8
nist-docx-0009	docx	vole	4	83	0	1894	8
nist-docx-0009	docx	vole	5	83	0	1811	8
nist-docx-0009	docx	sqlite	0	83	0	1884	8
nist-docx-0009	docx	sqlite	1	83	0	1744	8
nist-docx-0009	docx	sqlite	2	83	0	1893	8
nist-docx-0009	docx	sqlite	3	83	0	1833	8
nist-docx-0009	docx	sqlite	4	83	0	1793	8
nist-docx-0009	docx	sqlite	5	83	0	1865	8
nist-docx-0009	docx	sqlite	0	84	0	1544	8
nist-docx-0009	docx	sqlite	1	84	0	1676	8
nist-docx-0009	docx	sqlite	2	84	0	1740	8
nist-docx-0009	docx	sqlite	3	84	0	1842	8
nist-docx-0009	docx	sqlite	4	84	0	1875	8
nist-docx-0009	docx	sqlite	5	84	0	2009	8
nist-docx-0009	docx	vole	0	84	0	2150	8
nist-docx-0009	docx	vole	1	84	0	2146	8
nist-docx-0009	docx	vole	2	84	0	2091	8
nist-docx-0009	docx	vole	3	84	0	1963	8
nist-docx-0009	docx	vole	4	84	0	1851	8
nist-docx-0009	docx	vole	5	84	0	1945	8
nist-docx-0009	docx	vole	0	85	0	1876	8
nist-docx-0009	docx	vole	1	85	0	1892	8
nist-docx-0009	docx	vole	2	85	0	1974	8
nist-docx-0009	docx	vole	3	85	0	1818	8
nist-docx-0009	docx	vole	4	85	0	1924	8
nist-docx-0009	docx	vole	5	85	0	1957	8
nist-docx-0009	docx	sqlite	0	85	0	1823	8
nist-docx-0009	docx	sqlite	1	85	0	1858	8
nist-docx-0009	docx	sqlite	2	85	0	1751	8
nist-docx-0009	docx	sqlite	3	85	0	1764	8
nist-docx-0009	docx	sqlite	4	85	0	1817	8
nist-docx-0009	docx	sqlite	5	85	0	1855	8
nist-docx-0009	docx	sqlite	0	86	0	1831	8
nist-docx-0009	docx	sqlite	1	86	0	1585	8
nist-docx-0009	docx	sqlite	2	86	0	1753	8
nist-docx-0009	docx	sqlite	3	86	0	1690	8
nist-docx-0009	docx	sqlite	4	86	0	2017	8
nist-docx-0009	docx	sqlite	5	86	0	2150	8
nist-docx-0009	docx	vole	0	86	0	2065	8
nist-docx-0009	docx	vole	1	86	0	1951	8
nist-docx-0009	docx	vole	2	86	0	1813	8
nist-docx-0009	docx	vole	3	86	0	1826	8
nist-docx-0009	docx	vole	4	86	0	1798	8
nist-docx-0009	docx	vole	5	86	0	1822	8
nist-docx-0009	docx	vole	0	87	0	1786	8
nist-docx-0009	docx	vole	1	87	0	2102	8
nist-docx-0009	docx	vole	2	87	0	1844	8
nist-docx-0009	docx	vole	3	87	0	1855	8
nist-docx-0009	docx	vole	4	87	0	1984	8
nist-docx-0009	docx	vole	5	87	0	1879	8
nist-docx-0009	docx	sqlite	0	87	0	1738	8
nist-docx-0009	docx	sqlite	1	87	0	1974	8
nist-docx-0009	docx	sqlite	2	87	0	1779	8
nist-docx-0009	docx	sqlite	3	87	0	1721	8
nist-docx-0009	docx	sqlite	4	87	0	1751	8
nist-docx-0009	docx	sqlite	5	87	0	2107	8
nist-docx-0009	docx	sqlite	0	88	0	1545	8
nist-docx-0009	docx	sqlite	1	88	0	1679	8
nist-docx-0009	docx	sqlite	2	88	0	1860	8
nist-docx-0009	docx	sqlite	3	88	0	1793	8
nist-docx-0009	docx	sqlite	4	88	0	1832	8
nist-docx-0009	docx	sqlite	5	88	0	1875	8
nist-docx-0009	docx	vole	0	88	0	1997	8
nist-docx-0009	docx	vole	1	88	0	1957	8
nist-docx-0009	docx	vole	2	88	0	1857	8
nist-docx-0009	docx	vole	3	88	0	1892	8
nist-docx-0009	docx	vole	4	88	0	1928	8
nist-docx-0009	docx	vole	5	88	0	1886	8
nist-docx-0009	docx	vole	0	89	0	1974	8
nist-docx-0009	docx	vole	1	89	0	1997	8
nist-docx-0009	docx	vole	2	89	0	1893	8
nist-docx-0009	docx	vole	3	89	0	1900	8
nist-docx-0009	docx	vole	4	89	0	1826	8
nist-docx-0009	docx	vole	5	89	0	1864	8
nist-docx-0009	docx	sqlite	0	89	0	1893	8
nist-docx-0009	docx	sqlite	1	89	0	1759	8
nist-docx-0009	docx	sqlite	2	89	0	1795	8
nist-docx-0009	docx	sqlite	3	89	0	1719	8
nist-docx-0009	docx	sqlite	4	89	0	2002	8
nist-docx-0009	docx	sqlite	5	89	0	1779	8
nist-docx-0009	docx	sqlite	0	90	0	1571	8
nist-docx-0009	docx	sqlite	1	90	0	1760	8
nist-docx-0009	docx	sqlite	2	90	0	1777	8
nist-docx-0009	docx	sqlite	3	90	0	1764	8
nist-docx-0009	docx	sqlite	4	90	0	1758	8
nist-docx-0009	docx	sqlite	5	90	0	1957	8
nist-docx-0009	docx	vole	0	90	0	2213	8
nist-docx-0009	docx	vole	1	90	0	2128	8
nist-docx-0009	docx	vole	2	90	0	2104	8
nist-docx-0009	docx	vole	3	90	0	1883	8
nist-docx-0009	docx	vole	4	90	0	1911	8
nist-docx-0009	docx	vole	5	90	0	1916	8
nist-docx-0009	docx	vole	0	91	0	1866	8
nist-docx-0009	docx	vole	1	91	0	1841	8
nist-docx-0009	docx	vole	2	91	0	1936	8
nist-docx-0009	docx	vole	3	91	0	1941	8
nist-docx-0009	docx	vole	4	91	0	1966	8
nist-docx-0009	docx	vole	5	91	0	1873	8
nist-docx-0009	docx	sqlite	0	91	0	1803	8
nist-docx-0009	docx	sqlite	1	91	0	1828	8
nist-docx-0009	docx	sqlite	2	91	0	1763	8
nist-docx-0009	docx	sqlite	3	91	0	1736	8
nist-docx-0009	docx	sqlite	4	91	0	1770	8
nist-docx-0009	docx	sqlite	5	91	0	1734	8
nist-docx-0009	docx	sqlite	0	92	0	1562	8
nist-docx-0009	docx	sqlite	1	92	0	1587	8
nist-docx-0009	docx	sqlite	2	92	0	1733	8
nist-docx-0009	docx	sqlite	3	92	0	1795	8
nist-docx-0009	docx	sqlite	4	92	0	2008	8
nist-docx-0009	docx	sqlite	5	92	0	1741	8
nist-docx-0009	docx	vole	0	92	0	2191	8
nist-docx-0009	docx	vole	1	92	0	1892	8
nist-docx-0009	docx	vole	2	92	0	1900	8
nist-docx-0009	docx	vole	3	92	0	1780	8
nist-docx-0009	docx	vole	4	92	0	1834	8
nist-docx-0009	docx	vole	5	92	0	1925	8
nist-docx-0009	docx	vole	0	93	0	1949	8
nist-docx-0009	docx	vole	1	93	0	2000	8
nist-docx-0009	docx	vole	2	93	0	1894	8
nist-docx-0009	docx	vole	3	93	0	1872	8
nist-docx-0009	docx	vole	4	93	0	1906	8
nist-docx-0009	docx	vole	5	93	0	1929	8
nist-docx-0009	docx	sqlite	0	93	0	1752	8
nist-docx-0009	docx	sqlite	1	93	0	1682	8
nist-docx-0009	docx	sqlite	2	93	0	1935	8
nist-docx-0009	docx	sqlite	3	93	0	1738	8
nist-docx-0009	docx	sqlite	4	93	0	1980	8
nist-docx-0009	docx	sqlite	5	93	0	1780	8
nist-docx-0009	docx	sqlite	0	94	0	1643	8
nist-docx-0009	docx	sqlite	1	94	0	1694	8
nist-docx-0009	docx	sqlite	2	94	0	1714	8
nist-docx-0009	docx	sqlite	3	94	0	1761	8
nist-docx-0009	docx	sqlite	4	94	0	1815	8
nist-docx-0009	docx	sqlite	5	94	0	1812	8
nist-docx-0009	docx	vole	0	94	0	2017	8
nist-docx-0009	docx	vole	1	94	0	1980	8
nist-docx-0009	docx	vole	2	94	0	1932	8
nist-docx-0009	docx	vole	3	94	0	1845	8
nist-docx-0009	docx	vole	4	94	0	1999	8
nist-docx-0009	docx	vole	5	94	0	1916	8
nist-docx-0009	docx	vole	0	95	0	1901	8
nist-docx-0009	docx	vole	1	95	0	1808	8
nist-docx-0009	docx	vole	2	95	0	1901	8
nist-docx-0009	docx	vole	3	95	0	1822	8
nist-docx-0009	docx	vole	4	95	0	1873	8
nist-docx-0009	docx	vole	5	95	0	1838	8
nist-docx-0009	docx	sqlite	0	95	0	1852	8
nist-docx-0009	docx	sqlite	1	95	0	1717	8
nist-docx-0009	docx	sqlite	2	95	0	1996	8
nist-docx-0009	docx	sqlite	3	95	0	1845	8
nist-docx-0009	docx	sqlite	4	95	0	1751	8
nist-docx-0009	docx	sqlite	5	95	0	1822	8
nist-docx-0009	docx	sqlite	0	96	0	1577	8
nist-docx-0009	docx	sqlite	1	96	0	1655	8
nist-docx-0009	docx	sqlite	2	96	0	1678	8
nist-docx-0009	docx	sqlite	3	96	0	1649	8
nist-docx-0009	docx	sqlite	4	96	0	1852	8
nist-docx-0009	docx	sqlite	5	96	0	1782	8
nist-docx-0009	docx	vole	0	96	0	1976	8
nist-docx-0009	docx	vole	1	96	0	1818	8
nist-docx-0009	docx	vole	2	96	0	1841	8
nist-docx-0009	docx	vole	3	96	0	1783	8
nist-docx-0009	docx	vole	4	96	0	1777	8
nist-docx-0009	docx	vole	5	96	0	1900	8
nist-docx-0009	docx	vole	0	97	0	1905	8
nist-docx-0009	docx	vole	1	97	0	1902	8
nist-docx-0009	docx	vole	2	97	0	1881	8
nist-docx-0009	docx	vole	3	97	0	2495	8
nist-docx-0009	docx	vole	4	97	0	1877	8
nist-docx-0009	docx	vole	5	97	0	1913	8
nist-docx-0009	docx	sqlite	0	97	0	1659	8
nist-docx-0009	docx	sqlite	1	97	0	1629	8
nist-docx-0009	docx	sqlite	2	97	0	1706	8
nist-docx-0009	docx	sqlite	3	97	0	1760	8
nist-docx-0009	docx	sqlite	4	97	0	1745	8
nist-docx-0009	docx	sqlite	5	97	0	1781	8
nist-docx-0009	docx	sqlite	0	98	0	1536	8
nist-docx-0009	docx	sqlite	1	98	0	1660	8
nist-docx-0009	docx	sqlite	2	98	0	1732	8
nist-docx-0009	docx	sqlite	3	98	0	1773	8
nist-docx-0009	docx	sqlite	4	98	0	1769	8
nist-docx-0009	docx	sqlite	5	98	0	1868	8
nist-docx-0009	docx	vole	0	98	0	2223	8
nist-docx-0009	docx	vole	1	98	0	1983	8
nist-docx-0009	docx	vole	2	98	0	2204	8
nist-docx-0009	docx	vole	3	98	0	1903	8
nist-docx-0009	docx	vole	4	98	0	1874	8
nist-docx-0009	docx	vole	5	98	0	1905	8
nist-docx-0009	docx	vole	0	99	0	1925	8
nist-docx-0009	docx	vole	1	99	0	1901	8
nist-docx-0009	docx	vole	2	99	0	2145	8
nist-docx-0009	docx	vole	3	99	0	2229	8
nist-docx-0009	docx	vole	4	99	0	2063	8
nist-docx-0009	docx	vole	5	99	0	1892	8
nist-docx-0009	docx	sqlite	0	99	0	1850	8
nist-docx-0009	docx	sqlite	1	99	0	1819	8
nist-docx-0009	docx	sqlite	2	99	0	1825	8
nist-docx-0009	docx	sqlite	3	99	0	1858	8
nist-docx-0009	docx	sqlite	4	99	0	1853	8
nist-docx-0009	docx	sqlite	5	99	0	2078	8
nist-docx-0009	docx	sqlite	0	100	0	1595	8
nist-docx-0009	docx	sqlite	1	100	0	1778	8
nist-docx-0009	docx	sqlite	2	100	0	1769	8
nist-docx-0009	docx	sqlite	3	100	0	1719	8
nist-docx-0009	docx	sqlite	4	100	0	1757	8
nist-docx-0009	docx	sqlite	5	100	0	1751	8
nist-docx-0009	docx	vole	0	100	0	2081	8
nist-docx-0009	docx	vole	1	100	0	2010	8
nist-docx-0009	docx	vole	2	100	0	1941	8
nist-docx-0009	docx	vole	3	100	0	1871	8
nist-docx-0009	docx	vole	4	100	0	1887	8
nist-docx-0009	docx	vole	5	100	0	1887	8
nist-docx-0014	docx	vole	0	1	0	3960	8
nist-docx-0014	docx	vole	1	1	0	4500	8
nist-docx-0014	docx	vole	2	1	0	3985	8
nist-docx-0014	docx	vole	3	1	0	4234	8
nist-docx-0014	docx	vole	4	1	0	3877	8
nist-docx-0014	docx	vole	5	1	0	3904	8
nist-docx-0014	docx	sqlite	0	1	0	2632	8
nist-docx-0014	docx	sqlite	1	1	0	2313	8
nist-docx-0014	docx	sqlite	2	1	0	2653	8
nist-docx-0014	docx	sqlite	3	1	0	2581	8
nist-docx-0014	docx	sqlite	4	1	0	2646	8
nist-docx-0014	docx	sqlite	5	1	0	2740	8
nist-docx-0014	docx	sqlite	0	2	0	2469	8
nist-docx-0014	docx	sqlite	1	2	0	2397	8
nist-docx-0014	docx	sqlite	2	2	0	2648	8
nist-docx-0014	docx	sqlite	3	2	0	2524	8
nist-docx-0014	docx	sqlite	4	2	0	2702	8
nist-docx-0014	docx	sqlite	5	2	0	2652	8
nist-docx-0014	docx	vole	0	2	0	4317	8
nist-docx-0014	docx	vole	1	2	0	4065	8
nist-docx-0014	docx	vole	2	2	0	4089	8
nist-docx-0014	docx	vole	3	2	0	3900	8
nist-docx-0014	docx	vole	4	2	0	4254	8
nist-docx-0014	docx	vole	5	2	0	3945	8
nist-docx-0014	docx	vole	0	3	0	3950	8
nist-docx-0014	docx	vole	1	3	0	3989	8
nist-docx-0014	docx	vole	2	3	0	3824	8
nist-docx-0014	docx	vole	3	3	0	3778	8
nist-docx-0014	docx	vole	4	3	0	4161	8
nist-docx-0014	docx	vole	5	3	0	4138	8
nist-docx-0014	docx	sqlite	0	3	0	2713	8
nist-docx-0014	docx	sqlite	1	3	0	2621	8
nist-docx-0014	docx	sqlite	2	3	0	2527	8
nist-docx-0014	docx	sqlite	3	3	0	2447	8
nist-docx-0014	docx	sqlite	4	3	0	2628	8
nist-docx-0014	docx	sqlite	5	3	0	2839	8
nist-docx-0014	docx	sqlite	0	4	0	2564	8
nist-docx-0014	docx	sqlite	1	4	0	2498	8
nist-docx-0014	docx	sqlite	2	4	0	2545	8
nist-docx-0014	docx	sqlite	3	4	0	2711	8
nist-docx-0014	docx	sqlite	4	4	0	2727	8
nist-docx-0014	docx	sqlite	5	4	0	2699	8
nist-docx-0014	docx	vole	0	4	0	4237	8
nist-docx-0014	docx	vole	1	4	0	3954	8
nist-docx-0014	docx	vole	2	4	0	4106	8
nist-docx-0014	docx	vole	3	4	0	4231	8
nist-docx-0014	docx	vole	4	4	0	4109	8
nist-docx-0014	docx	vole	5	4	0	4113	8
nist-docx-0014	docx	vole	0	5	0	4010	8
nist-docx-0014	docx	vole	1	5	0	4001	8
nist-docx-0014	docx	vole	2	5	0	4004	8
nist-docx-0014	docx	vole	3	5	0	3793	8
nist-docx-0014	docx	vole	4	5	0	3827	8
nist-docx-0014	docx	vole	5	5	0	4008	8
nist-docx-0014	docx	sqlite	0	5	0	2519	8
nist-docx-0014	docx	sqlite	1	5	0	2688	8
nist-docx-0014	docx	sqlite	2	5	0	2646	8
nist-docx-0014	docx	sqlite	3	5	0	2500	8
nist-docx-0014	docx	sqlite	4	5	0	2624	8
nist-docx-0014	docx	sqlite	5	5	0	2569	8
nist-docx-0014	docx	sqlite	0	6	0	2353	8
nist-docx-0014	docx	sqlite	1	6	0	2490	8
nist-docx-0014	docx	sqlite	2	6	0	2643	8
nist-docx-0014	docx	sqlite	3	6	0	2446	8
nist-docx-0014	docx	sqlite	4	6	0	2718	8
nist-docx-0014	docx	sqlite	5	6	0	2747	8
nist-docx-0014	docx	vole	0	6	0	4091	8
nist-docx-0014	docx	vole	1	6	0	3984	8
nist-docx-0014	docx	vole	2	6	0	3863	8
nist-docx-0014	docx	vole	3	6	0	4091	8
nist-docx-0014	docx	vole	4	6	0	3999	8
nist-docx-0014	docx	vole	5	6	0	3939	8
nist-docx-0014	docx	vole	0	7	0	3864	8
nist-docx-0014	docx	vole	1	7	0	3952	8
nist-docx-0014	docx	vole	2	7	0	4189	8
nist-docx-0014	docx	vole	3	7	0	4161	8
nist-docx-0014	docx	vole	4	7	0	3948	8
nist-docx-0014	docx	vole	5	7	0	4016	8
nist-docx-0014	docx	sqlite	0	7	0	2695	8
nist-docx-0014	docx	sqlite	1	7	0	2417	8
nist-docx-0014	docx	sqlite	2	7	0	2724	8
nist-docx-0014	docx	sqlite	3	7	0	2642	8
nist-docx-0014	docx	sqlite	4	7	0	2577	8
nist-docx-0014	docx	sqlite	5	7	0	2660	8
nist-docx-0014	docx	sqlite	0	8	0	2383	8
nist-docx-0014	docx	sqlite	1	8	0	2390	8
nist-docx-0014	docx	sqlite	2	8	0	2680	8
nist-docx-0014	docx	sqlite	3	8	0	2734	8
nist-docx-0014	docx	sqlite	4	8	0	2547	8
nist-docx-0014	docx	sqlite	5	8	0	2584	8
nist-docx-0014	docx	vole	0	8	0	4138	8
nist-docx-0014	docx	vole	1	8	0	3938	8
nist-docx-0014	docx	vole	2	8	0	3976	8
nist-docx-0014	docx	vole	3	8	0	3898	8
nist-docx-0014	docx	vole	4	8	0	4101	8
nist-docx-0014	docx	vole	5	8	0	4041	8
nist-docx-0014	docx	vole	0	9	0	4031	8
nist-docx-0014	docx	vole	1	9	0	4165	8
nist-docx-0014	docx	vole	2	9	0	4081	8
nist-docx-0014	docx	vole	3	9	0	3913	8
nist-docx-0014	docx	vole	4	9	0	3998	8
nist-docx-0014	docx	vole	5	9	0	4280	8
nist-docx-0014	docx	sqlite	0	9	0	2618	8
nist-docx-0014	docx	sqlite	1	9	0	2501	8
nist-docx-0014	docx	sqlite	2	9	0	2688	8
nist-docx-0014	docx	sqlite	3	9	0	2543	8
nist-docx-0014	docx	sqlite	4	9	0	2613	8
nist-docx-0014	docx	sqlite	5	9	0	2562	8
nist-docx-0014	docx	sqlite	0	10	0	2300	8
nist-docx-0014	docx	sqlite	1	10	0	2363	8
nist-docx-0014	docx	sqlite	2	10	0	2616	8
nist-docx-0014	docx	sqlite	3	10	0	2619	8
nist-docx-0014	docx	sqlite	4	10	0	2588	8
nist-docx-0014	docx	sqlite	5	10	0	2631	8
nist-docx-0014	docx	vole	0	10	0	4177	8
nist-docx-0014	docx	vole	1	10	0	3972	8
nist-docx-0014	docx	vole	2	10	0	4125	8
nist-docx-0014	docx	vole	3	10	0	4195	8
nist-docx-0014	docx	vole	4	10	0	3936	8
nist-docx-0014	docx	vole	5	10	0	3821	8
nist-docx-0014	docx	vole	0	11	0	3981	8
nist-docx-0014	docx	vole	1	11	0	3756	8
nist-docx-0014	docx	vole	2	11	0	4151	8
nist-docx-0014	docx	vole	3	11	0	3879	8
nist-docx-0014	docx	vole	4	11	0	3789	8
nist-docx-0014	docx	vole	5	11	0	3801	8
nist-docx-0014	docx	sqlite	0	11	0	2878	8
nist-docx-0014	docx	sqlite	1	11	0	2707	8
nist-docx-0014	docx	sqlite	2	11	0	2819	8
nist-docx-0014	docx	sqlite	3	11	0	2549	8
nist-docx-0014	docx	sqlite	4	11	0	2870	8
nist-docx-0014	docx	sqlite	5	11	0	2618	8
nist-docx-0014	docx	sqlite	0	12	0	2625	8
nist-docx-0014	docx	sqlite	1	12	0	2487	8
nist-docx-0014	docx	sqlite	2	12	0	2637	8
nist-docx-0014	docx	sqlite	3	12	0	2799	8
nist-docx-0014	docx	sqlite	4	12	0	2527	8
nist-docx-0014	docx	sqlite	5	12	0	2481	8
nist-docx-0014	docx	vole	0	12	0	4156	8
nist-docx-0014	docx	vole	1	12	0	3960	8
nist-docx-0014	docx	vole	2	12	0	3937	8
nist-docx-0014	docx	vole	3	12	0	3940	8
nist-docx-0014	docx	vole	4	12	0	4095	8
nist-docx-0014	docx	vole	5	12	0	3875	8
nist-docx-0014	docx	vole	0	13	0	4018	8
nist-docx-0014	docx	vole	1	13	0	3874	8
nist-docx-0014	docx	vole	2	13	0	4001	8
nist-docx-0014	docx	vole	3	13	0	3933	8
nist-docx-0014	docx	vole	4	13	0	3912	8
nist-docx-0014	docx	vole	5	13	0	4134	8
nist-docx-0014	docx	sqlite	0	13	0	2625	8
nist-docx-0014	docx	sqlite	1	13	0	2483	8
nist-docx-0014	docx	sqlite	2	13	0	2904	8
nist-docx-0014	docx	sqlite	3	13	0	2448	8
nist-docx-0014	docx	sqlite	4	13	0	2772	8
nist-docx-0014	docx	sqlite	5	13	0	2515	8
nist-docx-0014	docx	sqlite	0	14	0	2380	8
nist-docx-0014	docx	sqlite	1	14	0	2514	8
nist-docx-0014	docx	sqlite	2	14	0	2622	8
nist-docx-0014	docx	sqlite	3	14	0	2590	8
nist-docx-0014	docx	sqlite	4	14	0	2541	8
nist-docx-0014	docx	sqlite	5	14	0	2665	8
nist-docx-0014	docx	vole	0	14	0	4223	8
nist-docx-0014	docx	vole	1	14	0	4045	8
nist-docx-0014	docx	vole	2	14	0	3844	8
nist-docx-0014	docx	vole	3	14	0	3798	8
nist-docx-0014	docx	vole	4	14	0	3923	8
nist-docx-0014	docx	vole	5	14	0	3997	8
nist-docx-0014	docx	vole	0	15	0	4061	8
nist-docx-0014	docx	vole	1	15	0	3876	8
nist-docx-0014	docx	vole	2	15	0	4005	8
nist-docx-0014	docx	vole	3	15	0	3802	8
nist-docx-0014	docx	vole	4	15	0	4049	8
nist-docx-0014	docx	vole	5	15	0	3997	8
nist-docx-0014	docx	sqlite	0	15	0	2653	8
nist-docx-0014	docx	sqlite	1	15	0	2397	8
nist-docx-0014	docx	sqlite	2	15	0	2448	8
nist-docx-0014	docx	sqlite	3	15	0	2399	8
nist-docx-0014	docx	sqlite	4	15	0	2712	8
nist-docx-0014	docx	sqlite	5	15	0	2714	8
nist-docx-0014	docx	sqlite	0	16	0	2367	8
nist-docx-0014	docx	sqlite	1	16	0	2310	8
nist-docx-0014	docx	sqlite	2	16	0	2539	8
nist-docx-0014	docx	sqlite	3	16	0	2422	8
nist-docx-0014	docx	sqlite	4	16	0	2307	8
nist-docx-0014	docx	sqlite	5	16	0	2502	8
nist-docx-0014	docx	vole	0	16	0	4116	8
nist-docx-0014	docx	vole	1	16	0	3927	8
nist-docx-0014	docx	vole	2	16	0	4117	8
nist-docx-0014	docx	vole	3	16	0	4094	8
nist-docx-0014	docx	vole	4	16	0	3953	8
nist-docx-0014	docx	vole	5	16	0	3963	8
nist-docx-0014	docx	vole	0	17	0	3904	8
nist-docx-0014	docx	vole	1	17	0	3801	8
nist-docx-0014	docx	vole	2	17	0	3828	8
nist-docx-0014	docx	vole	3	17	0	3780	8
nist-docx-0014	docx	vole	4	17	0	4018	8
nist-docx-0014	docx	vole	5	17	0	4016	8
nist-docx-0014	docx	sqlite	0	17	0	2609	8
nist-docx-0014	docx	sqlite	1	17	0	2491	8
nist-docx-0014	docx	sqlite	2	17	0	2630	8
nist-docx-0014	docx	sqlite	3	17	0	2525	8
nist-docx-0014	docx	sqlite	4	17	0	2790	8
nist-docx-0014	docx	sqlite	5	17	0	2701	8
nist-docx-0014	docx	sqlite	0	18	0	2473	8
nist-docx-0014	docx	sqlite	1	18	0	2489	8
nist-docx-0014	docx	sqlite	2	18	0	2602	8
nist-docx-0014	docx	sqlite	3	18	0	2525	8
nist-docx-0014	docx	sqlite	4	18	0	2577	8
nist-docx-0014	docx	sqlite	5	18	0	2560	8
nist-docx-0014	docx	vole	0	18	0	4146	8
nist-docx-0014	docx	vole	1	18	0	3834	8
nist-docx-0014	docx	vole	2	18	0	3997	8
nist-docx-0014	docx	vole	3	18	0	4098	8
nist-docx-0014	docx	vole	4	18	0	4088	8
nist-docx-0014	docx	vole	5	18	0	3848	8
nist-docx-0014	docx	vole	0	19	0	3731	8
nist-docx-0014	docx	vole	1	19	0	4082	8
nist-docx-0014	docx	vole	2	19	0	3854	8
nist-docx-0014	docx	vole	3	19	0	4088	8
nist-docx-0014	docx	vole	4	19	0	3854	8
nist-docx-0014	docx	vole	5	19	0	3813	8
nist-docx-0014	docx	sqlite	0	19	0	2766	8
nist-docx-0014	docx	sqlite	1	19	0	2348	8
nist-docx-0014	docx	sqlite	2	19	0	2660	8
nist-docx-0014	docx	sqlite	3	19	0	2545	8
nist-docx-0014	docx	sqlite	4	19	0	2572	8
nist-docx-0014	docx	sqlite	5	19	0	2489	8
nist-docx-0014	docx	sqlite	0	20	0	2470	8
nist-docx-0014	docx	sqlite	1	20	0	2311	8
nist-docx-0014	docx	sqlite	2	20	0	2412	8
nist-docx-0014	docx	sqlite	3	20	0	3070	8
nist-docx-0014	docx	sqlite	4	20	0	2512	8
nist-docx-0014	docx	sqlite	5	20	0	2448	8
nist-docx-0014	docx	vole	0	20	0	4815	8
nist-docx-0014	docx	vole	1	20	0	3975	8
nist-docx-0014	docx	vole	2	20	0	3928	8
nist-docx-0014	docx	vole	3	20	0	3903	8
nist-docx-0014	docx	vole	4	20	0	4065	8
nist-docx-0014	docx	vole	5	20	0	3957	8
nist-docx-0014	docx	vole	0	21	0	3900	8
nist-docx-0014	docx	vole	1	21	0	4058	8
nist-docx-0014	docx	vole	2	21	0	4507	8
nist-docx-0014	docx	vole	3	21	0	3807	8
nist-docx-0014	docx	vole	4	21	0	3799	8
nist-docx-0014	docx	vole	5	21	0	3970	8
nist-docx-0014	docx	sqlite	0	21	0	2805	8
nist-docx-0014	docx	sqlite	1	21	0	2425	8
nist-docx-0014	docx	sqlite	2	21	0	2432	8
nist-docx-0014	docx	sqlite	3	21	0	2426	8
nist-docx-0014	docx	sqlite	4	21	0	2693	8
nist-docx-0014	docx	sqlite	5	21	0	2464	8
nist-docx-0014	docx	sqlite	0	22	0	2438	8
nist-docx-0014	docx	sqlite	1	22	0	2191	8
nist-docx-0014	docx	sqlite	2	22	0	2184	8
nist-docx-0014	docx	sqlite	3	22	0	2265	8
nist-docx-0014	docx	sqlite	4	22	0	2286	8
nist-docx-0014	docx	sqlite	5	22	0	2400	8
nist-docx-0014	docx	vole	0	22	0	3976	8
nist-docx-0014	docx	vole	1	22	0	4185	8
nist-docx-0014	docx	vole	2	22	0	3658	8
nist-docx-0014	docx	vole	3	22	0	4488	8
nist-docx-0014	docx	vole	4	22	0	3811	8
nist-docx-0014	docx	vole	5	22	0	3754	8
nist-docx-0014	docx	vole	0	23	0	3733	8
nist-docx-0014	docx	vole	1	23	0	3650	8
nist-docx-0014	docx	vole	2	23	0	3964	8
nist-docx-0014	docx	vole	3	23	0	3923	8
nist-docx-0014	docx	vole	4	23	0	3866	8
nist-docx-0014	docx	vole	5	23	0	3775	8
nist-docx-0014	docx	sqlite	0	23	0	2579	8
nist-docx-0014	docx	sqlite	1	23	0	2620	8
nist-docx-0014	docx	sqlite	2	23	0	2475	8
nist-docx-0014	docx	sqlite	3	23	0	2654	8
nist-docx-0014	docx	sqlite	4	23	0	2471	8
nist-docx-0014	docx	sqlite	5	23	0	2521	8
nist-docx-0014	docx	sqlite	0	24	0	2387	8
nist-docx-0014	docx	sqlite	1	24	0	2388	8
nist-docx-0014	docx	sqlite	2	24	0	2366	8
nist-docx-0014	docx	sqlite	3	24	0	2587	8
nist-docx-0014	docx	sqlite	4	24	0	2710	8
nist-docx-0014	docx	sqlite	5	24	0	2530	8
nist-docx-0014	docx	vole	0	24	0	4229	8
nist-docx-0014	docx	vole	1	24	0	4418	8
nist-docx-0014	docx	vole	2	24	0	4203	8
nist-docx-0014	docx	vole	3	24	0	3845	8
nist-docx-0014	docx	vole	4	24	0	3820	8
nist-docx-0014	docx	vole	5	24	0	4050	8
nist-docx-0014	docx	vole	0	25	0	4208	8
nist-docx-0014	docx	vole	1	25	0	3826	8
nist-docx-0014	docx	vole	2	25	0	3897	8
nist-docx-0014	docx	vole	3	25	0	3938	8
nist-docx-0014	docx	vole	4	25	0	3945	8
nist-docx-0014	docx	vole	5	25	0	3878	8
nist-docx-0014	docx	sqlite	0	25	0	2760	8
nist-docx-0014	docx	sqlite	1	25	0	2463	8
nist-docx-0014	docx	sqlite	2	25	0	2503	8
nist-docx-0014	docx	sqlite	3	25	0	2732	8
nist-docx-0014	docx	sqlite	4	25	0	2435	8
nist-docx-0014	docx	sqlite	5	25	0	2495	8
nist-docx-0014	docx	sqlite	0	26	0	2369	8
nist-docx-0014	docx	sqlite	1	26	0	2466	8
nist-docx-0014	docx	sqlite	2	26	0	2367	8
nist-docx-0014	docx	sqlite	3	26	0	2403	8
nist-docx-0014	docx	sqlite	4	26	0	2743	8
nist-docx-0014	docx	sqlite	5	26	0	2704	8
nist-docx-0014	docx	vole	0	26	0	4065	8
nist-docx-0014	docx	vole	1	26	0	4721	8
nist-docx-0014	docx	vole	2	26	0	4055	8
nist-docx-0014	docx	vole	3	26	0	3924	8
nist-docx-0014	docx	vole	4	26	0	3766	8
nist-docx-0014	docx	vole	5	26	0	3920	8
nist-docx-0014	docx	vole	0	27	0	3858	8
nist-docx-0014	docx	vole	1	27	0	3712	8
nist-docx-0014	docx	vole	2	27	0	3696	8
nist-docx-0014	docx	vole	3	27	0	3834	8
nist-docx-0014	docx	vole	4	27	0	4076	8
nist-docx-0014	docx	vole	5	27	0	3694	8
nist-docx-0014	docx	sqlite	0	27	0	2382	8
nist-docx-0014	docx	sqlite	1	27	0	2400	8
nist-docx-0014	docx	sqlite	2	27	0	2456	8
nist-docx-0014	docx	sqlite	3	27	0	2477	8
nist-docx-0014	docx	sqlite	4	27	0	5258	8
nist-docx-0014	docx	sqlite	5	27	0	2664	8
nist-docx-0014	docx	sqlite	0	28	0	2373	8
nist-docx-0014	docx	sqlite	1	28	0	2441	8
nist-docx-0014	docx	sqlite	2	28	0	2280	8
nist-docx-0014	docx	sqlite	3	28	0	2541	8
nist-docx-0014	docx	sqlite	4	28	0	2528	8
nist-docx-0014	docx	sqlite	5	28	0	2503	8
nist-docx-0014	docx	vole	0	28	0	3952	8
nist-docx-0014	docx	vole	1	28	0	3824	8
nist-docx-0014	docx	vole	2	28	0	3710	8
nist-docx-0014	docx	vole	3	28	0	3694	8
nist-docx-0014	docx	vole	4	28	0	3623	8
nist-docx-0014	docx	vole	5	28	0	3577	8
nist-docx-0014	docx	vole	0	29	0	3763	8
nist-docx-0014	docx	vole	1	29	0	3713	8
nist-docx-0014	docx	vole	2	29	0	3819	8
nist-docx-0014	docx	vole	3	29	0	3620	8
nist-docx-0014	docx	vole	4	29	0	3730	8
nist-docx-0014	docx	vole	5	29	0	3819	8
nist-docx-0014	docx	sqlite	0	29	0	2086	8
nist-docx-0014	docx	sqlite	1	29	0	2218	8
nist-docx-0014	docx	sqlite	2	29	0	2626	8
nist-docx-0014	docx	sqlite	3	29	0	2248	8
nist-docx-0014	docx	sqlite	4	29	0	2353	8
nist-docx-0014	docx	sqlite	5	29	0	2509	8
nist-docx-0014	docx	sqlite	0	30	0	2106	8
nist-docx-0014	docx	sqlite	1	30	0	1962	8
nist-docx-0014	docx	sqlite	2	30	0	2210	8
nist-docx-0014	docx	sqlite	3	30	0	2354	8
nist-docx-0014	docx	sqlite	4	30	0	2327	8
nist-docx-0014	docx	sqlite	5	30	0	2237	8
nist-docx-0014	docx	vole	0	30	0	3795	8
nist-docx-0014	docx	vole	1	30	0	3790	8
nist-docx-0014	docx	vole	2	30	0	3812	8
nist-docx-0014	docx	vole	3	30	0	3660	8
nist-docx-0014	docx	vole	4	30	0	3675	8
nist-docx-0014	docx	vole	5	30	0	3857	8
nist-docx-0014	docx	vole	0	31	0	3911	8
nist-docx-0014	docx	vole	1	31	0	3742	8
nist-docx-0014	docx	vole	2	31	0	3738	8
nist-docx-0014	docx	vole	3	31	0	3851	8
nist-docx-0014	docx	vole	4	31	0	3675	8
nist-docx-0014	docx	vole	5	31	0	3910	8
nist-docx-0014	docx	sqlite	0	31	0	2775	8
nist-docx-0014	docx	sqlite	1	31	0	2494	8
nist-docx-0014	docx	sqlite	2	31	0	2455	8
nist-docx-0014	docx	sqlite	3	31	0	2933	8
nist-docx-0014	docx	sqlite	4	31	0	2565	8
nist-docx-0014	docx	sqlite	5	31	0	2523	8
nist-docx-0014	docx	sqlite	0	32	0	2463	8
nist-docx-0014	docx	sqlite	1	32	0	2763	8
nist-docx-0014	docx	sqlite	2	32	0	2486	8
nist-docx-0014	docx	sqlite	3	32	0	2594	8
nist-docx-0014	docx	sqlite	4	32	0	3288	8
nist-docx-0014	docx	sqlite	5	32	0	2521	8
nist-docx-0014	docx	vole	0	32	0	4070	8
nist-docx-0014	docx	vole	1	32	0	4442	8
nist-docx-0014	docx	vole	2	32	0	3992	8
nist-docx-0014	docx	vole	3	32	0	3838	8
nist-docx-0014	docx	vole	4	32	0	4145	8
nist-docx-0014	docx	vole	5	32	0	4089	8
nist-docx-0014	docx	vole	0	33	0	4051	8
nist-docx-0014	docx	vole	1	33	0	3807	8
nist-docx-0014	docx	vole	2	33	0	4014	8
nist-docx-0014	docx	vole	3	33	0	3840	8
nist-docx-0014	docx	vole	4	33	0	3914	8
nist-docx-0014	docx	vole	5	33	0	3672	8
nist-docx-0014	docx	sqlite	0	33	0	2554	8
nist-docx-0014	docx	sqlite	1	33	0	2491	8
nist-docx-0014	docx	sqlite	2	33	0	2573	8
nist-docx-0014	docx	sqlite	3	33	0	2731	8
nist-docx-0014	docx	sqlite	4	33	0	2558	8
nist-docx-0014	docx	sqlite	5	33	0	2452	8
nist-docx-0014	docx	sqlite	0	34	0	2362	8
nist-docx-0014	docx	sqlite	1	34	0	2725	8
nist-docx-0014	docx	sqlite	2	34	0	2655	8
nist-docx-0014	docx	sqlite	3	34	0	2503	8
nist-docx-0014	docx	sqlite	4	34	0	2873	8
nist-docx-0014	docx	sqlite	5	34	0	2385	8
nist-docx-0014	docx	vole	0	34	0	3892	8
nist-docx-0014	docx	vole	1	34	0	3858	8
nist-docx-0014	docx	vole	2	34	0	3848	8
nist-docx-0014	docx	vole	3	34	0	3927	8
nist-docx-0014	docx	vole	4	34	0	3977	8
nist-docx-0014	docx	vole	5	34	0	3933	8
nist-docx-0014	docx	vole	0	35	0	3940	8
nist-docx-0014	docx	vole	1	35	0	3885	8
nist-docx-0014	docx	vole	2	35	0	3932	8
nist-docx-0014	docx	vole	3	35	0	4065	8
nist-docx-0014	docx	vole	4	35	0	4072	8
nist-docx-0014	docx	vole	5	35	0	4021	8
nist-docx-0014	docx	sqlite	0	35	0	2658	8
nist-docx-0014	docx	sqlite	1	35	0	2399	8
nist-docx-0014	docx	sqlite	2	35	0	2683	8
nist-docx-0014	docx	sqlite	3	35	0	2522	8
nist-docx-0014	docx	sqlite	4	35	0	2629	8
nist-docx-0014	docx	sqlite	5	35	0	2767	8
nist-docx-0014	docx	sqlite	0	36	0	2309	8
nist-docx-0014	docx	sqlite	1	36	0	2526	8
nist-docx-0014	docx	sqlite	2	36	0	2485	8
nist-docx-0014	docx	sqlite	3	36	0	2448	8
nist-docx-0014	docx	sqlite	4	36	0	2554	8
nist-docx-0014	docx	sqlite	5	36	0	2504	8
nist-docx-0014	docx	vole	0	36	0	3886	8
nist-docx-0014	docx	vole	1	36	0	4011	8
nist-docx-0014	docx	vole	2	36	0	3896	8
nist-docx-0014	docx	vole	3	36	0	3788	8
nist-docx-0014	docx	vole	4	36	0	3819	8
nist-docx-0014	docx	vole	5	36	0	4082	8
nist-docx-0014	docx	vole	0	37	0	3962	8
nist-docx-0014	docx	vole	1	37	0	3724	8
nist-docx-0014	docx	vole	2	37	0	3829	8
nist-docx-0014	docx	vole	3	37	0	3923	8
nist-docx-0014	docx	vole	4	37	0	4164	8
nist-docx-0014	docx	vole	5	37	0	4150	8
nist-docx-0014	docx	sqlite	0	37	0	2715	8
nist-docx-0014	docx	sqlite	1	37	0	3612	8
nist-docx-0014	docx	sqlite	2	37	0	2835	8
nist-docx-0014	docx	sqlite	3	37	0	3215	8
nist-docx-0014	docx	sqlite	4	37	0	2793	8
nist-docx-0014	docx	sqlite	5	37	0	2795	8
nist-docx-0014	docx	sqlite	0	38	0	2647	8
nist-docx-0014	docx	sqlite	1	38	0	2352	8
nist-docx-0014	docx	sqlite	2	38	0	2416	8
nist-docx-0014	docx	sqlite	3	38	0	2551	8
nist-docx-0014	docx	sqlite	4	38	0	2479	8
nist-docx-0014	docx	sqlite	5	38	0	2443	8
nist-docx-0014	docx	vole	0	38	0	4002	8
nist-docx-0014	docx	vole	1	38	0	3823	8
nist-docx-0014	docx	vole	2	38	0	3944	8
nist-docx-0014	docx	vole	3	38	0	3741	8
nist-docx-0014	docx	vole	4	38	0	3746	8
nist-docx-0014	docx	vole	5	38	0	3863	8
nist-docx-0014	docx	vole	0	39	0	4020	8
nist-docx-0014	docx	vole	1	39	0	3769	8
nist-docx-0014	docx	vole	2	39	0	3916	8
nist-docx-0014	docx	vole	3	39	0	3889	8
nist-docx-0014	docx	vole	4	39	0	3706	8
nist-docx-0014	docx	vole	5	39	0	3624	8
nist-docx-0014	docx	sqlite	0	39	0	2163	8
nist-docx-0014	docx	sqlite	1	39	0	2491	8
nist-docx-0014	docx	sqlite	2	39	0	2415	8
nist-docx-0014	docx	sqlite	3	39	0	2332	8
nist-docx-0014	docx	sqlite	4	39	0	2779	8
nist-docx-0014	docx	sqlite	5	39	0	2243	8
nist-docx-0014	docx	sqlite	0	40	0	2137	8
nist-docx-0014	docx	sqlite	1	40	0	2058	8
nist-docx-0014	docx	sqlite	2	40	0	2210	8
nist-docx-0014	docx	sqlite	3	40	0	2056	8
nist-docx-0014	docx	sqlite	4	40	0	2281	8
nist-docx-0014	docx	sqlite	5	40	0	2314	8
nist-docx-0014	docx	vole	0	40	0	4014	8
nist-docx-0014	docx	vole	1	40	0	3672	8
nist-docx-0014	docx	vole	2	40	0	3730	8
nist-docx-0014	docx	vole	3	40	0	3831	8
nist-docx-0014	docx	vole	4	40	0	3870	8
nist-docx-0014	docx	vole	5	40	0	3669	8
nist-docx-0014	docx	vole	0	41	0	3660	8
nist-docx-0014	docx	vole	1	41	0	3652	8
nist-docx-0014	docx	vole	2	41	0	3611	8
nist-docx-0014	docx	vole	3	41	0	3622	8
nist-docx-0014	docx	vole	4	41	0	3585	8
nist-docx-0014	docx	vole	5	41	0	3564	8
nist-docx-0014	docx	sqlite	0	41	0	2360	8
nist-docx-0014	docx	sqlite	1	41	0	2205	8
nist-docx-0014	docx	sqlite	2	41	0	2198	8
nist-docx-0014	docx	sqlite	3	41	0	2492	8
nist-docx-0014	docx	sqlite	4	41	0	2294	8
nist-docx-0014	docx	sqlite	5	41	0	2242	8
nist-docx-0014	docx	sqlite	0	42	0	2282	8
nist-docx-0014	docx	sqlite	1	42	0	2040	8
nist-docx-0014	docx	sqlite	2	42	0	2367	8
nist-docx-0014	docx	sqlite	3	42	0	2296	8
nist-docx-0014	docx	sqlite	4	42	0	2553	8
nist-docx-0014	docx	sqlite	5	42	0	2368	8
nist-docx-0014	docx	vole	0	42	0	3828	8
nist-docx-0014	docx	vole	1	42	0	3929	8
nist-docx-0014	docx	vole	2	42	0	3738	8
nist-docx-0014	docx	vole	3	42	0	3905	8
nist-docx-0014	docx	vole	4	42	0	3749	8
nist-docx-0014	docx	vole	5	42	0	3851	8
nist-docx-0014	docx	vole	0	43	0	3784	8
nist-docx-0014	docx	vole	1	43	0	3629	8
nist-docx-0014	docx	vole	2	43	0	3739	8
nist-docx-0014	docx	vole	3	43	0	3766	8
nist-docx-0014	docx	vole	4	43	0	3988	8
nist-docx-0014	docx	vole	5	43	0	3839	8
nist-docx-0014	docx	sqlite	0	43	0	2250	8
nist-docx-0014	docx	sqlite	1	43	0	2250	8
nist-docx-0014	docx	sqlite	2	43	0	2464	8
nist-docx-0014	docx	sqlite	3	43	0	2261	8
nist-docx-0014	docx	sqlite	4	43	0	2300	8
nist-docx-0014	docx	sqlite	5	43	0	2269	8
nist-docx-0014	docx	sqlite	0	44	0	2075	8
nist-docx-0014	docx	sqlite	1	44	0	2146	8
nist-docx-0014	docx	sqlite	2	44	0	2233	8
nist-docx-0014	docx	sqlite	3	44	0	2539	8
nist-docx-0014	docx	sqlite	4	44	0	2207	8
nist-docx-0014	docx	sqlite	5	44	0	2153	8
nist-docx-0014	docx	vole	0	44	0	3936	8
nist-docx-0014	docx	vole	1	44	0	3778	8
nist-docx-0014	docx	vole	2	44	0	3721	8
nist-docx-0014	docx	vole	3	44	0	3783	8
nist-docx-0014	docx	vole	4	44	0	3664	8
nist-docx-0014	docx	vole	5	44	0	3642	8
nist-docx-0014	docx	vole	0	45	0	4058	8
nist-docx-0014	docx	vole	1	45	0	3728	8
nist-docx-0014	docx	vole	2	45	0	3593	8
nist-docx-0014	docx	vole	3	45	0	3722	8
nist-docx-0014	docx	vole	4	45	0	3590	8
nist-docx-0014	docx	vole	5	45	0	3733	8
nist-docx-0014	docx	sqlite	0	45	0	2199	8
nist-docx-0014	docx	sqlite	1	45	0	2210	8
nist-docx-0014	docx	sqlite	2	45	0	2330	8
nist-docx-0014	docx	sqlite	3	45	0	2260	8
nist-docx-0014	docx	sqlite	4	45	0	2365	8
nist-docx-0014	docx	sqlite	5	45	0	2397	8
nist-docx-0014	docx	sqlite	0	46	0	2312	8
nist-docx-0014	docx	sqlite	1	46	0	2211	8
nist-docx-0014	docx	sqlite	2	46	0	2368	8
nist-docx-0014	docx	sqlite	3	46	0	2249	8
nist-docx-0014	docx	sqlite	4	46	0	2674	8
nist-docx-0014	docx	sqlite	5	46	0	2456	8
nist-docx-0014	docx	vole	0	46	0	3722	8
nist-docx-0014	docx	vole	1	46	0	3681	8
nist-docx-0014	docx	vole	2	46	0	3971	8
nist-docx-0014	docx	vole	3	46	0	4091	8
nist-docx-0014	docx	vole	4	46	0	3704	8
nist-docx-0014	docx	vole	5	46	0	3770	8
nist-docx-0014	docx	vole	0	47	0	3928	8
nist-docx-0014	docx	vole	1	47	0	3726	8
nist-docx-0014	docx	vole	2	47	0	3660	8
nist-docx-0014	docx	vole	3	47	0	3555	8
nist-docx-0014	docx	vole	4	47	0	3782	8
nist-docx-0014	docx	vole	5	47	0	3749	8
nist-docx-0014	docx	sqlite	0	47	0	2131	8
nist-docx-0014	docx	sqlite	1	47	0	2014	8
nist-docx-0014	docx	sqlite	2	47	0	2499	8
nist-docx-0014	docx	sqlite	3	47	0	2186	8
nist-docx-0014	docx	sqlite	4	47	0	2288	8
nist-docx-0014	docx	sqlite	5	47	0	2229	8
nist-docx-0014	docx	sqlite	0	48	0	2690	8
nist-docx-0014	docx	sqlite	1	48	0	2210	8
nist-docx-0014	docx	sqlite	2	48	0	2165	8
nist-docx-0014	docx	sqlite	3	48	0	2403	8
nist-docx-0014	docx	sqlite	4	48	0	2259	8
nist-docx-0014	docx	sqlite	5	48	0	2385	8
nist-docx-0014	docx	vole	0	48	0	3765	8
nist-docx-0014	docx	vole	1	48	0	3717	8
nist-docx-0014	docx	vole	2	48	0	4086	8
nist-docx-0014	docx	vole	3	48	0	3664	8
nist-docx-0014	docx	vole	4	48	0	3803	8
nist-docx-0014	docx	vole	5	48	0	4034	8
nist-docx-0014	docx	vole	0	49	0	3754	8
nist-docx-0014	docx	vole	1	49	0	3709	8
nist-docx-0014	docx	vole	2	49	0	3671	8
nist-docx-0014	docx	vole	3	49	0	3695	8
nist-docx-0014	docx	vole	4	49	0	3800	8
nist-docx-0014	docx	vole	5	49	0	3744	8
nist-docx-0014	docx	sqlite	0	49	0	2169	8
nist-docx-0014	docx	sqlite	1	49	0	2180	8
nist-docx-0014	docx	sqlite	2	49	0	2372	8
nist-docx-0014	docx	sqlite	3	49	0	2273	8
nist-docx-0014	docx	sqlite	4	49	0	2375	8
nist-docx-0014	docx	sqlite	5	49	0	2419	8
nist-docx-0014	docx	sqlite	0	50	0	2119	8
nist-docx-0014	docx	sqlite	1	50	0	2072	8
nist-docx-0014	docx	sqlite	2	50	0	2497	8
nist-docx-0014	docx	sqlite	3	50	0	2127	8
nist-docx-0014	docx	sqlite	4	50	0	2331	8
nist-docx-0014	docx	sqlite	5	50	0	2219	8
nist-docx-0014	docx	vole	0	50	0	3931	8
nist-docx-0014	docx	vole	1	50	0	3843	8
nist-docx-0014	docx	vole	2	50	0	3888	8
nist-docx-0014	docx	vole	3	50	0	3809	8
nist-docx-0014	docx	vole	4	50	0	3649	8
nist-docx-0014	docx	vole	5	50	0	3649	8
nist-docx-0014	docx	vole	0	51	0	3792	8
nist-docx-0014	docx	vole	1	51	0	3777	8
nist-docx-0014	docx	vole	2	51	0	3632	8
nist-docx-0014	docx	vole	3	51	0	3734	8
nist-docx-0014	docx	vole	4	51	0	3648	8
nist-docx-0014	docx	vole	5	51	0	3815	8
nist-docx-0014	docx	sqlite	0	51	0	2531	8
nist-docx-0014	docx	sqlite	1	51	0	2120	8
nist-docx-0014	docx	sqlite	2	51	0	2229	8
nist-docx-0014	docx	sqlite	3	51	0	2286	8
nist-docx-0014	docx	sqlite	4	51	0	2178	8
nist-docx-0014	docx	sqlite	5	51	0	2194	8
nist-docx-0014	docx	sqlite	0	52	0	2167	8
nist-docx-0014	docx	sqlite	1	52	0	2293	8
nist-docx-0014	docx	sqlite	2	52	0	2203	8
nist-docx-0014	docx	sqlite	3	52	0	2226	8
nist-docx-0014	docx	sqlite	4	52	0	2434	8
nist-docx-0014	docx	sqlite	5	52	0	2273	8
nist-docx-0014	docx	vole	0	52	0	3805	8
nist-docx-0014	docx	vole	1	52	0	3865	8
nist-docx-0014	docx	vole	2	52	0	3805	8
nist-docx-0014	docx	vole	3	52	0	3892	8
nist-docx-0014	docx	vole	4	52	0	3993	8
nist-docx-0014	docx	vole	5	52	0	3895	8
nist-docx-0014	docx	vole	0	53	0	3979	8
nist-docx-0014	docx	vole	1	53	0	3736	8
nist-docx-0014	docx	vole	2	53	0	3901	8
nist-docx-0014	docx	vole	3	53	0	3817	8
nist-docx-0014	docx	vole	4	53	0	4050	8
nist-docx-0014	docx	vole	5	53	0	4034	8
nist-docx-0014	docx	sqlite	0	53	0	2633	8
nist-docx-0014	docx	sqlite	1	53	0	2688	8
nist-docx-0014	docx	sqlite	2	53	0	2483	8
nist-docx-0014	docx	sqlite	3	53	0	2795	8
nist-docx-0014	docx	sqlite	4	53	0	2647	8
nist-docx-0014	docx	sqlite	5	53	0	2944	8
nist-docx-0014	docx	sqlite	0	54	0	2287	8
nist-docx-0014	docx	sqlite	1	54	0	2583	8
nist-docx-0014	docx	sqlite	2	54	0	2735	8
nist-docx-0014	docx	sqlite	3	54	0	2554	8
nist-docx-0014	docx	sqlite	4	54	0	2691	8
nist-docx-0014	docx	sqlite	5	54	0	2532	8
nist-docx-0014	docx	vole	0	54	0	4051	8
nist-docx-0014	docx	vole	1	54	0	3855	8
nist-docx-0014	docx	vole	2	54	0	3966	8
nist-docx-0014	docx	vole	3	54	0	4046	8
nist-docx-0014	docx	vole	4	54	0	3785	8
nist-docx-0014	docx	vole	5	54	0	3812	8
nist-docx-0014	docx	vole	0	55	0	4209	8
nist-docx-0014	docx	vole	1	55	0	4011	8
nist-docx-0014	docx	vole	2	55	0	3725	8
nist-docx-0014	docx	vole	3	55	0	3916	8
nist-docx-0014	docx	vole	4	55	0	3929	8
nist-docx-0014	docx	vole	5	55	0	4194	8
nist-docx-0014	docx	sqlite	0	55	0	2451	8
nist-docx-0014	docx	sqlite	1	55	0	2408	8
nist-docx-0014	docx	sqlite	2	55	0	2368	8
nist-docx-0014	docx	sqlite	3	55	0	2417	8
nist-docx-0014	docx	sqlite	4	55	0	2458	8
nist-docx-0014	docx	sqlite	5	55	0	2521	8
nist-docx-0014	docx	sqlite	0	56	0	2210	8
nist-docx-0014	docx	sqlite	1	56	0	2220	8
nist-docx-0014	docx	sqlite	2	56	0	2466	8
nist-docx-0014	docx	sqlite	3	56	0	2221	8
nist-docx-0014	docx	sqlite	4	56	0	2512	8
nist-docx-0014	docx	sqlite	5	56	0	2392	8
nist-docx-0014	docx	vole	0	56	0	3767	8
nist-docx-0014	docx	vole	1	56	0	3747	8
nist-docx-0014	docx	vole	2	56	0	3926	8
nist-docx-0014	docx	vole	3	56	0	4037	8
nist-docx-0014	docx	vole	4	56	0	3787	8
nist-docx-0014	docx	vole	5	56	0	3764	8
nist-docx-0014	docx	vole	0	57	0	3635	8
nist-docx-0014	docx	vole	1	57	0	3887	8
nist-docx-0014	docx	vole	2	57	0	3714	8
nist-docx-0014	docx	vole	3	57	0	3710	8
nist-docx-0014	docx	vole	4	57	0	3667	8
nist-docx-0014	docx	vole	5	57	0	3744	8
nist-docx-0014	docx	sqlite	0	57	0	2379	8
nist-docx-0014	docx	sqlite	1	57	0	2431	8
nist-docx-0014	docx	sqlite	2	57	0	2425	8
nist-docx-0014	docx	sqlite	3	57	0	2371	8
nist-docx-0014	docx	sqlite	4	57	0	2332	8
nist-docx-0014	docx	sqlite	5	57	0	2331	8
nist-docx-0014	docx	sqlite	0	58	0	2286	8
nist-docx-0014	docx	sqlite	1	58	0	2424	8
nist-docx-0014	docx	sqlite	2	58	0	2135	8
nist-docx-0014	docx	sqlite	3	58	0	2324	8
nist-docx-0014	docx	sqlite	4	58	0	2212	8
nist-docx-0014	docx	sqlite	5	58	0	2292	8
nist-docx-0014	docx	vole	0	58	0	3832	8
nist-docx-0014	docx	vole	1	58	0	3823	8
nist-docx-0014	docx	vole	2	58	0	3794	8
nist-docx-0014	docx	vole	3	58	0	3680	8
nist-docx-0014	docx	vole	4	58	0	3694	8
nist-docx-0014	docx	vole	5	58	0	3823	8
nist-docx-0014	docx	vole	0	59	0	3758	8
nist-docx-0014	docx	vole	1	59	0	3950	8
nist-docx-0014	docx	vole	2	59	0	3631	8
nist-docx-0014	docx	vole	3	59	0	3693	8
nist-docx-0014	docx	vole	4	59	0	3900	8
nist-docx-0014	docx	vole	5	59	0	3907	8
nist-docx-0014	docx	sqlite	0	59	0	2246	8
nist-docx-0014	docx	sqlite	1	59	0	2182	8
nist-docx-0014	docx	sqlite	2	59	0	2252	8
nist-docx-0014	docx	sqlite	3	59	0	2383	8
nist-docx-0014	docx	sqlite	4	59	0	2424	8
nist-docx-0014	docx	sqlite	5	59	0	2222	8
nist-docx-0014	docx	sqlite	0	60	0	1993	8
nist-docx-0014	docx	sqlite	1	60	0	2312	8
nist-docx-0014	docx	sqlite	2	60	0	2439	8
nist-docx-0014	docx	sqlite	3	60	0	2277	8
nist-docx-0014	docx	sqlite	4	60	0	2672	8
nist-docx-0014	docx	sqlite	5	60	0	2577	8
nist-docx-0014	docx	vole	0	60	0	3970	8
nist-docx-0014	docx	vole	1	60	0	3978	8
nist-docx-0014	docx	vole	2	60	0	4038	8
nist-docx-0014	docx	vole	3	60	0	4111	8
nist-docx-0014	docx	vole	4	60	0	4747	8
nist-docx-0014	docx	vole	5	60	0	4042	8
nist-docx-0014	docx	vole	0	61	0	3847	8
nist-docx-0014	docx	vole	1	61	0	3787	8
nist-docx-0014	docx	vole	2	61	0	4042	8
nist-docx-0014	docx	vole	3	61	0	3990	8
nist-docx-0014	docx	vole	4	61	0	4053	8
nist-docx-0014	docx	vole	5	61	0	4012	8
nist-docx-0014	docx	sqlite	0	61	0	2880	8
nist-docx-0014	docx	sqlite	1	61	0	2624	8
nist-docx-0014	docx	sqlite	2	61	0	2619	8
nist-docx-0014	docx	sqlite	3	61	0	2512	8
nist-docx-0014	docx	sqlite	4	61	0	2688	8
nist-docx-0014	docx	sqlite	5	61	0	2694	8
nist-docx-0014	docx	sqlite	0	62	0	2367	8
nist-docx-0014	docx	sqlite	1	62	0	2220	8
nist-docx-0014	docx	sqlite	2	62	0	2584	8
nist-docx-0014	docx	sqlite	3	62	0	2783	8
nist-docx-0014	docx	sqlite	4	62	0	2536	8
nist-docx-0014	docx	sqlite	5	62	0	2543	8
nist-docx-0014	docx	vole	0	62	0	4519	8
nist-docx-0014	docx	vole	1	62	0	3981	8
nist-docx-0014	docx	vole	2	62	0	4125	8
nist-docx-0014	docx	vole	3	62	0	3931	8
nist-docx-0014	docx	vole	4	62	0	3940	8
nist-docx-0014	docx	vole	5	62	0	3822	8
nist-docx-0014	docx	vole	0	63	0	3912	8
nist-docx-0014	docx	vole	1	63	0	3866	8
nist-docx-0014	docx	vole	2	63	0	4128	8
nist-docx-0014	docx	vole	3	63	0	4134	8
nist-docx-0014	docx	vole	4	63	0	4085	8
nist-docx-0014	docx	vole	5	63	0	3915	8
nist-docx-0014	docx	sqlite	0	63	0	3146	8
nist-docx-0014	docx	sqlite	1	63	0	2459	8
nist-docx-0014	docx	sqlite	2	63	0	2658	8
nist-docx-0014	docx	sqlite	3	63	0	2676	8
nist-docx-0014	docx	sqlite	4	63	0	2678	8
nist-docx-0014	docx	sqlite	5	63	0	2710	8
nist-docx-0014	docx	sqlite	0	64	0	2406	8
nist-docx-0014	docx	sqlite	1	64	0	2428	8
nist-docx-0014	docx	sqlite	2	64	0	2492	8
nist-docx-0014	docx	sqlite	3	64	0	3033	8
nist-docx-0014	docx	sqlite	4	64	0	2701	8
nist-docx-0014	docx	sqlite	5	64	0	2615	8
nist-docx-0014	docx	vole	0	64	0	4248	8
nist-docx-0014	docx	vole	1	64	0	4440	8
nist-docx-0014	docx	vole	2	64	0	3950	8
nist-docx-0014	docx	vole	3	64	0	3994	8
nist-docx-0014	docx	vole	4	64	0	3950	8
nist-docx-0014	docx	vole	5	64	0	3974	8
nist-docx-0014	docx	vole	0	65	0	3894	8
nist-docx-0014	docx	vole	1	65	0	3864	8
nist-docx-0014	docx	vole	2	65	0	3998	8
nist-docx-0014	docx	vole	3	65	0	3820	8
nist-docx-0014	docx	vole	4	65	0	4057	8
nist-docx-0014	docx	vole	5	65	0	3775	8
nist-docx-0014	docx	sqlite	0	65	0	2568	8
nist-docx-0014	docx	sqlite	1	65	0	2407	8
nist-docx-0014	docx	sqlite	2	65	0	2661	8
nist-docx-0014	docx	sqlite	3	65	0	2461	8
nist-docx-0014	docx	sqlite	4	65	0	2581	8
nist-docx-0014	docx	sqlite	5	65	0	2490	8
nist-docx-0014	docx	sqlite	0	66	0	2415	8
nist-docx-0014	docx	sqlite	1	66	0	2571	8
nist-docx-0014	docx	sqlite	2	66	0	2433	8
nist-docx-0014	docx	sqlite	3	66	0	2386	8
nist-docx-0014	docx	sqlite	4	66	0	2583	8
nist-docx-0014	docx	sqlite	5	66	0	2561	8
nist-docx-0014	docx	vole	0	66	0	4107	8
nist-docx-0014	docx	vole	1	66	0	5288	8
nist-docx-0014	docx	vole	2	66	0	3886	8
nist-docx-0014	docx	vole	3	66	0	3879	8
nist-docx-0014	docx	vole	4	66	0	3942	8
nist-docx-0014	docx	vole	5	66	0	4306	8
nist-docx-0014	docx	vole	0	67	0	3792	8
nist-docx-0014	docx	vole	1	67	0	3928	8
nist-docx-0014	docx	vole	2	67	0	4068	8
nist-docx-0014	docx	vole	3	67	0	4028	8
nist-docx-0014	docx	vole	4	67	0	3884	8
nist-docx-0014	docx	vole	5	67	0	3978	8
nist-docx-0014	docx	sqlite	0	67	0	2904	8
nist-docx-0014	docx	sqlite	1	67	0	2421	8
nist-docx-0014	docx	sqlite	2	67	0	2537	8
nist-docx-0014	docx	sqlite	3	67	0	2626	8
nist-docx-0014	docx	sqlite	4	67	0	2586	8
nist-docx-0014	docx	sqlite	5	67	0	2481	8
nist-docx-0014	docx	sqlite	0	68	0	2261	8
nist-docx-0014	docx	sqlite	1	68	0	2320	8
nist-docx-0014	docx	sqlite	2	68	0	2433	8
nist-docx-0014	docx	sqlite	3	68	0	2469	8
nist-docx-0014	docx	sqlite	4	68	0	2533	8
nist-docx-0014	docx	sqlite	5	68	0	2702	8
nist-docx-0014	docx	vole	0	68	0	4063	8
nist-docx-0014	docx	vole	1	68	0	3764	8
nist-docx-0014	docx	vole	2	68	0	3829	8
nist-docx-0014	docx	vole	3	68	0	4061	8
nist-docx-0014	docx	vole	4	68	0	4013	8
nist-docx-0014	docx	vole	5	68	0	4045	8
nist-docx-0014	docx	vole	0	69	0	3933	8
nist-docx-0014	docx	vole	1	69	0	3932	8
nist-docx-0014	docx	vole	2	69	0	3787	8
nist-docx-0014	docx	vole	3	69	0	3866	8
nist-docx-0014	docx	vole	4	69	0	3819	8
nist-docx-0014	docx	vole	5	69	0	4049	8
nist-docx-0014	docx	sqlite	0	69	0	2773	8
nist-docx-0014	docx	sqlite	1	69	0	2688	8
nist-docx-0014	docx	sqlite	2	69	0	2498	8
nist-docx-0014	docx	sqlite	3	69	0	2657	8
nist-docx-0014	docx	sqlite	4	69	0	2578	8
nist-docx-0014	docx	sqlite	5	69	0	2763	8
nist-docx-0014	docx	sqlite	0	70	0	2535	8
nist-docx-0014	docx	sqlite	1	70	0	2709	8
nist-docx-0014	docx	sqlite	2	70	0	2425	8
nist-docx-0014	docx	sqlite	3	70	0	2725	8
nist-docx-0014	docx	sqlite	4	70	0	2841	8
nist-docx-0014	docx	sqlite	5	70	0	2614	8
nist-docx-0014	docx	vole	0	70	0	4136	8
nist-docx-0014	docx	vole	1	70	0	4031	8
nist-docx-0014	docx	vole	2	70	0	4453	8
nist-docx-0014	docx	vole	3	70	0	3799	8
nist-docx-0014	docx	vole	4	70	0	3982	8
nist-docx-0014	docx	vole	5	70	0	4470	8
nist-docx-0014	docx	vole	0	71	0	3910	8
nist-docx-0014	docx	vole	1	71	0	3894	8
nist-docx-0014	docx	vole	2	71	0	3972	8
nist-docx-0014	docx	vole	3	71	0	3849	8
nist-docx-0014	docx	vole	4	71	0	3997	8
nist-docx-0014	docx	vole	5	71	0	4134	8
nist-docx-0014	docx	sqlite	0	71	0	2697	8
nist-docx-0014	docx	sqlite	1	71	0	2793	8
nist-docx-0014	docx	sqlite	2	71	0	2588	8
nist-docx-0014	docx	sqlite	3	71	0	3385	8
nist-docx-0014	docx	sqlite	4	71	0	2628	8
nist-docx-0014	docx	sqlite	5	71	0	2721	8
nist-docx-0014	docx	sqlite	0	72	0	2354	8
nist-docx-0014	docx	sqlite	1	72	0	2509	8
nist-docx-0014	docx	sqlite	2	72	0	2502	8
nist-docx-0014	docx	sqlite	3	72	0	2594	8
nist-docx-0014	docx	sqlite	4	72	0	2481	8
nist-docx-0014	docx	sqlite	5	72	0	2632	8
nist-docx-0014	docx	vole	0	72	0	4282	8
nist-docx-0014	docx	vole	1	72	0	4615	8
nist-docx-0014	docx	vole	2	72	0	3912	8
nist-docx-0014	docx	vole	3	72	0	3891	8
nist-docx-0014	docx	vole	4	72	0	3873	8
nist-docx-0014	docx	vole	5	72	0	4055	8
nist-docx-0014	docx	vole	0	73	0	4120	8
nist-docx-0014	docx	vole	1	73	0	3991	8
nist-docx-0014	docx	vole	2	73	0	3990	8
nist-docx-0014	docx	vole	3	73	0	4075	8
nist-docx-0014	docx	vole	4	73	0	3952	8
nist-docx-0014	docx	vole	5	73	0	4006	8
nist-docx-0014	docx	sqlite	0	73	0	2579	8
nist-docx-0014	docx	sqlite	1	73	0	2639	8
nist-docx-0014	docx	sqlite	2	73	0	2667	8
nist-docx-0014	docx	sqlite	3	73	0	2977	8
nist-docx-0014	docx	sqlite	4	73	0	2487	8
nist-docx-0014	docx	sqlite	5	73	0	2885	8
nist-docx-0014	docx	sqlite	0	74	0	2439	8
nist-docx-0014	docx	sqlite	1	74	0	2414	8
nist-docx-0014	docx	sqlite	2	74	0	2416	8
nist-docx-0014	docx	sqlite	3	74	0	2448	8
nist-docx-0014	docx	sqlite	4	74	0	2480	8
nist-docx-0014	docx	sqlite	5	74	0	2730	8
nist-docx-0014	docx	vole	0	74	0	4394	8
nist-docx-0014	docx	vole	1	74	0	4132	8
nist-docx-0014	docx	vole	2	74	0	3891	8
nist-docx-0014	docx	vole	3	74	0	3975	8
nist-docx-0014	docx	vole	4	74	0	3933	8
nist-docx-0014	docx	vole	5	74	0	3983	8
nist-docx-0014	docx	vole	0	75	0	3889	8
nist-docx-0014	docx	vole	1	75	0	4066	8
nist-docx-0014	docx	vole	2	75	0	3861	8
nist-docx-0014	docx	vole	3	75	0	4075	8
nist-docx-0014	docx	vole	4	75	0	4007	8
nist-docx-0014	docx	vole	5	75	0	3841	8
nist-docx-0014	docx	sqlite	0	75	0	2640	8
nist-docx-0014	docx	sqlite	1	75	0	2546	8
nist-docx-0014	docx	sqlite	2	75	0	2872	8
nist-docx-0014	docx	sqlite	3	75	0	2817	8
nist-docx-0014	docx	sqlite	4	75	0	2515	8
nist-docx-0014	docx	sqlite	5	75	0	2773	8
nist-docx-0014	docx	sqlite	0	76	0	2361	8
nist-docx-0014	docx	sqlite	1	76	0	2329	8
nist-docx-0014	docx	sqlite	2	76	0	2405	8
nist-docx-0014	docx	sqlite	3	76	0	2687	8
nist-docx-0014	docx	sqlite	4	76	0	2444	8
nist-docx-0014	docx	sqlite	5	76	0	2765	8
nist-docx-0014	docx	vole	0	76	0	4010	8
nist-docx-0014	docx	vole	1	76	0	6034	8
nist-docx-0014	docx	vole	2	76	0	3998	8
nist-docx-0014	docx	vole	3	76	0	4041	8
nist-docx-0014	docx	vole	4	76	0	4137	8
nist-docx-0014	docx	vole	5	76	0	4038	8
nist-docx-0014	docx	vole	0	77	0	4011	8
nist-docx-0014	docx	vole	1	77	0	3969	8
nist-docx-0014	docx	vole	2	77	0	3775	8
nist-docx-0014	docx	vole	3	77	0	3920	8
nist-docx-0014	docx	vole	4	77	0	3900	8
nist-docx-0014	docx	vole	5	77	0	4265	8
nist-docx-0014	docx	sqlite	0	77	0	2679	8
nist-docx-0014	docx	sqlite	1	77	0	2392	8
nist-docx-0014	docx	sqlite	2	77	0	2534	8
nist-docx-0014	docx	sqlite	3	77	0	2359	8
nist-docx-0014	docx	sqlite	4	77	0	2365	8
nist-docx-0014	docx	sqlite	5	77	0	2589	8
nist-docx-0014	docx	sqlite	0	78	0	2378	8
nist-docx-0014	docx	sqlite	1	78	0	2336	8
nist-docx-0014	docx	sqlite	2	78	0	2429	8
nist-docx-0014	docx	sqlite	3	78	0	2756	8
nist-docx-0014	docx	sqlite	4	78	0	2555	8
nist-docx-0014	docx	sqlite	5	78	0	2588	8
nist-docx-0014	docx	vole	0	78	0	3964	8
nist-docx-0014	docx	vole	1	78	0	3943	8
nist-docx-0014	docx	vole	2	78	0	3970	8
nist-docx-0014	docx	vole	3	78	0	4014	8
nist-docx-0014	docx	vole	4	78	0	4000	8
nist-docx-0014	docx	vole	5	78	0	3942	8
nist-docx-0014	docx	vole	0	79	0	3949	8
nist-docx-0014	docx	vole	1	79	0	3970	8
nist-docx-0014	docx	vole	2	79	0	4035	8
nist-docx-0014	docx	vole	3	79	0	4931	8
nist-docx-0014	docx	vole	4	79	0	4068	8
nist-docx-0014	docx	vole	5	79	0	4017	8
nist-docx-0014	docx	sqlite	0	79	0	2589	8
nist-docx-0014	docx	sqlite	1	79	0	2502	8
nist-docx-0014	docx	sqlite	2	79	0	2524	8
nist-docx-0014	docx	sqlite	3	79	0	2397	8
nist-docx-0014	docx	sqlite	4	79	0	2621	8
nist-docx-0014	docx	sqlite	5	79	0	2623	8
nist-docx-0014	docx	sqlite	0	80	0	2383	8
nist-docx-0014	docx	sqlite	1	80	0	2573	8
nist-docx-0014	docx	sqlite	2	80	0	2451	8
nist-docx-0014	docx	sqlite	3	80	0	2472	8
nist-docx-0014	docx	sqlite	4	80	0	2464	8
nist-docx-0014	docx	sqlite	5	80	0	2712	8
nist-docx-0014	docx	vole	0	80	0	4530	8
nist-docx-0014	docx	vole	1	80	0	4141	8
nist-docx-0014	docx	vole	2	80	0	4004	8
nist-docx-0014	docx	vole	3	80	0	4010	8
nist-docx-0014	docx	vole	4	80	0	4157	8
nist-docx-0014	docx	vole	5	80	0	3863	8
nist-docx-0014	docx	vole	0	81	0	3899	8
nist-docx-0014	docx	vole	1	81	0	4042	8
nist-docx-0014	docx	vole	2	81	0	3887	8
nist-docx-0014	docx	vole	3	81	0	4035	8
nist-docx-0014	docx	vole	4	81	0	3970	8
nist-docx-0014	docx	vole	5	81	0	3929	8
nist-docx-0014	docx	sqlite	0	81	0	2667	8
nist-docx-0014	docx	sqlite	1	81	0	2377	8
nist-docx-0014	docx	sqlite	2	81	0	2541	8
nist-docx-0014	docx	sqlite	3	81	0	2741	8
nist-docx-0014	docx	sqlite	4	81	0	2793	8
nist-docx-0014	docx	sqlite	5	81	0	2641	8
nist-docx-0014	docx	sqlite	0	82	0	2482	8
nist-docx-0014	docx	sqlite	1	82	0	2296	8
nist-docx-0014	docx	sqlite	2	82	0	2517	8
nist-docx-0014	docx	sqlite	3	82	0	2666	8
nist-docx-0014	docx	sqlite	4	82	0	2575	8
nist-docx-0014	docx	sqlite	5	82	0	2507	8
nist-docx-0014	docx	vole	0	82	0	4267	8
nist-docx-0014	docx	vole	1	82	0	3992	8
nist-docx-0014	docx	vole	2	82	0	3969	8
nist-docx-0014	docx	vole	3	82	0	3918	8
nist-docx-0014	docx	vole	4	82	0	3961	8
nist-docx-0014	docx	vole	5	82	0	3927	8
nist-docx-0014	docx	vole	0	83	0	3774	8
nist-docx-0014	docx	vole	1	83	0	3952	8
nist-docx-0014	docx	vole	2	83	0	3961	8
nist-docx-0014	docx	vole	3	83	0	3827	8
nist-docx-0014	docx	vole	4	83	0	3960	8
nist-docx-0014	docx	vole	5	83	0	3996	8
nist-docx-0014	docx	sqlite	0	83	0	2793	8
nist-docx-0014	docx	sqlite	1	83	0	2462	8
nist-docx-0014	docx	sqlite	2	83	0	2638	8
nist-docx-0014	docx	sqlite	3	83	0	2594	8
nist-docx-0014	docx	sqlite	4	83	0	2567	8
nist-docx-0014	docx	sqlite	5	83	0	2778	8
nist-docx-0014	docx	sqlite	0	84	0	2475	8
nist-docx-0014	docx	sqlite	1	84	0	2809	8
nist-docx-0014	docx	sqlite	2	84	0	2690	8
nist-docx-0014	docx	sqlite	3	84	0	2531	8
nist-docx-0014	docx	sqlite	4	84	0	2706	8
nist-docx-0014	docx	sqlite	5	84	0	2435	8
nist-docx-0014	docx	vole	0	84	0	4220	8
nist-docx-0014	docx	vole	1	84	0	4047	8
nist-docx-0014	docx	vole	2	84	0	3855	8
nist-docx-0014	docx	vole	3	84	0	4009	8
nist-docx-0014	docx	vole	4	84	0	3845	8
nist-docx-0014	docx	vole	5	84	0	3958	8
nist-docx-0014	docx	vole	0	85	0	4200	8
nist-docx-0014	docx	vole	1	85	0	3876	8
nist-docx-0014	docx	vole	2	85	0	4149	8
nist-docx-0014	docx	vole	3	85	0	3891	8
nist-docx-0014	docx	vole	4	85	0	4202	8
nist-docx-0014	docx	vole	5	85	0	3949	8
nist-docx-0014	docx	sqlite	0	85	0	2878	8
nist-docx-0014	docx	sqlite	1	85	0	2590	8
nist-docx-0014	docx	sqlite	2	85	0	2579	8
nist-docx-0014	docx	sqlite	3	85	0	2510	8
nist-docx-0014	docx	sqlite	4	85	0	2670	8
nist-docx-0014	docx	sqlite	5	85	0	2422	8
nist-docx-0014	docx	sqlite	0	86	0	2532	8
nist-docx-0014	docx	sqlite	1	86	0	2429	8
nist-docx-0014	docx	sqlite	2	86	0	2571	8
nist-docx-0014	docx	sqlite	3	86	0	2704	8
nist-docx-0014	docx	sqlite	4	86	0	2643	8
nist-docx-0014	docx	sqlite	5	86	0	2437	8
nist-docx-0014	docx	vole	0	86	0	4167	8
nist-docx-0014	docx	vole	1	86	0	4087	8
nist-docx-0014	docx	vole	2	86	0	3759	8
nist-docx-0014	docx	vole	3	86	0	3878	8
nist-docx-0014	docx	vole	4	86	0	4060	8
nist-docx-0014	docx	vole	5	86	0	3958	8
nist-docx-0014	docx	vole	0	87	0	3839	8
nist-docx-0014	docx	vole	1	87	0	3840	8
nist-docx-0014	docx	vole	2	87	0	3857	8
nist-docx-0014	docx	vole	3	87	0	4036	8
nist-docx-0014	docx	vole	4	87	0	4021	8
nist-docx-0014	docx	vole	5	87	0	4019	8
nist-docx-0014	docx	sqlite	0	87	0	2705	8
nist-docx-0014	docx	sqlite	1	87	0	2678	8
nist-docx-0014	docx	sqlite	2	87	0	2572	8
nist-docx-0014	docx	sqlite	3	87	0	2494	8
nist-docx-0014	docx	sqlite	4	87	0	2446	8
nist-docx-0014	docx	sqlite	5	87	0	2605	8
nist-docx-0014	docx	sqlite	0	88	0	2308	8
nist-docx-0014	docx	sqlite	1	88	0	2599	8
nist-docx-0014	docx	sqlite	2	88	0	2450	8
nist-docx-0014	docx	sqlite	3	88	0	2614	8
nist-docx-0014	docx	sqlite	4	88	0	3121	8
nist-docx-0014	docx	sqlite	5	88	0	2914	8
nist-docx-0014	docx	vole	0	88	0	4151	8
nist-docx-0014	docx	vole	1	88	0	4065	8
nist-docx-0014	docx	vole	2	88	0	3852	8
nist-docx-0014	docx	vole	3	88	0	4300	8
nist-docx-0014	docx	vole	4	88	0	3836	8
nist-docx-0014	docx	vole	5	88	0	4234	8
nist-docx-0014	docx	vole	0	89	0	4264	8
nist-docx-0014	docx	vole	1	89	0	4020	8
nist-docx-0014	docx	vole	2	89	0	4004	8
nist-docx-0014	docx	vole	3	89	0	3901	8
nist-docx-0014	docx	vole	4	89	0	3795	8
nist-docx-0014	docx	vole	5	89	0	3892	8
nist-docx-0014	docx	sqlite	0	89	0	2572	8
nist-docx-0014	docx	sqlite	1	89	0	2567	8
nist-docx-0014	docx	sqlite	2	89	0	2540	8
nist-docx-0014	docx	sqlite	3	89	0	2621	8
nist-docx-0014	docx	sqlite	4	89	0	2585	8
nist-docx-0014	docx	sqlite	5	89	0	2420	8
nist-docx-0014	docx	sqlite	0	90	0	2169	8
nist-docx-0014	docx	sqlite	1	90	0	2928	8
nist-docx-0014	docx	sqlite	2	90	0	2398	8
nist-docx-0014	docx	sqlite	3	90	0	2680	8
nist-docx-0014	docx	sqlite	4	90	0	2598	8
nist-docx-0014	docx	sqlite	5	90	0	2579	8
nist-docx-0014	docx	vole	0	90	0	4029	8
nist-docx-0014	docx	vole	1	90	0	3882	8
nist-docx-0014	docx	vole	2	90	0	5203	8
nist-docx-0014	docx	vole	3	90	0	4007	8
nist-docx-0014	docx	vole	4	90	0	4231	8
nist-docx-0014	docx	vole	5	90	0	3908	8
nist-docx-0014	docx	vole	0	91	0	3909	8
nist-docx-0014	docx	vole	1	91	0	3787	8
nist-docx-0014	docx	vole	2	91	0	3998	8
nist-docx-0014	docx	vole	3	91	0	3974	8
nist-docx-0014	docx	vole	4	91	0	3875	8
nist-docx-0014	docx	vole	5	91	0	3771	8
nist-docx-0014	docx	sqlite	0	91	0	2727	8
nist-docx-0014	docx	sqlite	1	91	0	2370	8
nist-docx-0014	docx	sqlite	2	91	0	2357	8
nist-docx-0014	docx	sqlite	3	91	0	2462	8
nist-docx-0014	docx	sqlite	4	91	0	2809	8
nist-docx-0014	docx	sqlite	5	91	0	2456	8
nist-docx-0014	docx	sqlite	0	92	0	2487	8
nist-docx-0014	docx	sqlite	1	92	0	2602	8
nist-docx-0014	docx	sqlite	2	92	0	2541	8
nist-docx-0014	docx	sqlite	3	92	0	2530	8
nist-docx-0014	docx	sqlite	4	92	0	2533	8
nist-docx-0014	docx	sqlite	5	92	0	2744	8
nist-docx-0014	docx	vole	0	92	0	4227	8
nist-docx-0014	docx	vole	1	92	0	4054	8
nist-docx-0014	docx	vole	2	92	0	4029	8
nist-docx-0014	docx	vole	3	92	0	3912	8
nist-docx-0014	docx	vole	4	92	0	4081	8
nist-docx-0014	docx	vole	5	92	0	3835	8
nist-docx-0014	docx	vole	0	93	0	3930	8
nist-docx-0014	docx	vole	1	93	0	3935	8
nist-docx-0014	docx	vole	2	93	0	3881	8
nist-docx-0014	docx	vole	3	93	0	4764	8
nist-docx-0014	docx	vole	4	93	0	4168	8
nist-docx-0014	docx	vole	5	93	0	4031	8
nist-docx-0014	docx	sqlite	0	93	0	2736	8
nist-docx-0014	docx	sqlite	1	93	0	2925	8
nist-docx-0014	docx	sqlite	2	93	0	2680	8
nist-docx-0014	docx	sqlite	3	93	0	2520	8
nist-docx-0014	docx	sqlite	4	93	0	2476	8
nist-docx-0014	docx	sqlite	5	93	0	2524	8
nist-docx-0014	docx	sqlite	0	94	0	2400	8
nist-docx-0014	docx	sqlite	1	94	0	2708	8
nist-docx-0014	docx	sqlite	2	94	0	2705	8
nist-docx-0014	docx	sqlite	3	94	0	2401	8
nist-docx-0014	docx	sqlite	4	94	0	2627	8
nist-docx-0014	docx	sqlite	5	94	0	2503	8
nist-docx-0014	docx	vole	0	94	0	3927	8
nist-docx-0014	docx	vole	1	94	0	3920	8
nist-docx-0014	docx	vole	2	94	0	3952	8
nist-docx-0014	docx	vole	3	94	0	3989	8
nist-docx-0014	docx	vole	4	94	0	4006	8
nist-docx-0014	docx	vole	5	94	0	4004	8
nist-docx-0014	docx	vole	0	95	0	4027	8
nist-docx-0014	docx	vole	1	95	0	4029	8
nist-docx-0014	docx	vole	2	95	0	3926	8
nist-docx-0014	docx	vole	3	95	0	3889	8
nist-docx-0014	docx	vole	4	95	0	4177	8
nist-docx-0014	docx	vole	5	95	0	3894	8
nist-docx-0014	docx	sqlite	0	95	0	3001	8
nist-docx-0014	docx	sqlite	1	95	0	2765	8
nist-docx-0014	docx	sqlite	2	95	0	2532	8
nist-docx-0014	docx	sqlite	3	95	0	2722	8
nist-docx-0014	docx	sqlite	4	95	0	2590	8
nist-docx-0014	docx	sqlite	5	95	0	2586	8
nist-docx-0014	docx	sqlite	0	96	0	2305	8
nist-docx-0014	docx	sqlite	1	96	0	2454	8
nist-docx-0014	docx	sqlite	2	96	0	2398	8
nist-docx-0014	docx	sqlite	3	96	0	2569	8
nist-docx-0014	docx	sqlite	4	96	0	2628	8
nist-docx-0014	docx	sqlite	5	96	0	2700	8
nist-docx-0014	docx	vole	0	96	0	4035	8
nist-docx-0014	docx	vole	1	96	0	4023	8
nist-docx-0014	docx	vole	2	96	0	3948	8
nist-docx-0014	docx	vole	3	96	0	4153	8
nist-docx-0014	docx	vole	4	96	0	3911	8
nist-docx-0014	docx	vole	5	96	0	3849	8
nist-docx-0014	docx	vole	0	97	0	4057	8
nist-docx-0014	docx	vole	1	97	0	4074	8
nist-docx-0014	docx	vole	2	97	0	3932	8
nist-docx-0014	docx	vole	3	97	0	3884	8
nist-docx-0014	docx	vole	4	97	0	4006	8
nist-docx-0014	docx	vole	5	97	0	3934	8
nist-docx-0014	docx	sqlite	0	97	0	2806	8
nist-docx-0014	docx	sqlite	1	97	0	2320	8
nist-docx-0014	docx	sqlite	2	97	0	2618	8
nist-docx-0014	docx	sqlite	3	97	0	2392	8
nist-docx-0014	docx	sqlite	4	97	0	2590	8
nist-docx-0014	docx	sqlite	5	97	0	2474	8
nist-docx-0014	docx	sqlite	0	98	0	2641	8
nist-docx-0014	docx	sqlite	1	98	0	2449	8
nist-docx-0014	docx	sqlite	2	98	0	2595	8
nist-docx-0014	docx	sqlite	3	98	0	2377	8
nist-docx-0014	docx	sqlite	4	98	0	2790	8
nist-docx-0014	docx	sqlite	5	98	0	2513	8
nist-docx-0014	docx	vole	0	98	0	4076	8
nist-docx-0014	docx	vole	1	98	0	3824	8
nist-docx-0014	docx	vole	2	98	0	4356	8
nist-docx-0014	docx	vole	3	98	0	4009	8
nist-docx-0014	docx	vole	4	98	0	3975	8
nist-docx-0014	docx	vole	5	98	0	4161	8
nist-docx-0014	docx	vole	0	99	0	3967	8
nist-docx-0014	docx	vole	1	99	0	3930	8
nist-docx-0014	docx	vole	2	99	0	4069	8
nist-docx-0014	docx	vole	3	99	0	4054	8
nist-docx-0014	docx	vole	4	99	0	4020	8
nist-docx-0014	docx	vole	5	99	0	4473	8
nist-docx-0014	docx	sqlite	0	99	0	2537	8
nist-docx-0014	docx	sqlite	1	99	0	2379	8
nist-docx-0014	docx	sqlite	2	99	0	2467	8
nist-docx-0014	docx	sqlite	3	99	0	2522	8
nist-docx-0014	docx	sqlite	4	99	0	2703	8
nist-docx-0014	docx	sqlite	5	99	0	2818	8
nist-docx-0014	docx	sqlite	0	100	0	2373	8
nist-docx-0014	docx	sqlite	1	100	0	2429	8
nist-docx-0014	docx	sqlite	2	100	0	2406	8
nist-docx-0014	docx	sqlite	3	100	0	2376	8
nist-docx-0014	docx	sqlite	4	100	0	2523	8
nist-docx-0014	docx	sqlite	5	100	0	2611	8
nist-docx-0014	docx	vole	0	100	0	3967	8
nist-docx-0014	docx	vole	1	100	0	3995	8
nist-docx-0014	docx	vole	2	100	0	4057	8
nist-docx-0014	docx	vole	3	100	0	4037	8
nist-docx-0014	docx	vole	4	100	0	3826	8
nist-docx-0014	docx	vole	5	100	0	4086	8
nist-epub-0003	epub	vole	0	1	0	3279	8
nist-epub-0003	epub	vole	1	1	0	3379	8
nist-epub-0003	epub	vole	2	1	0	3102	8
nist-epub-0003	epub	vole	3	1	0	3053	8
nist-epub-0003	epub	vole	4	1	0	3078	8
nist-epub-0003	epub	vole	5	1	0	3181	8
nist-epub-0003	epub	sqlite	0	1	0	2015	8
nist-epub-0003	epub	sqlite	1	1	0	1833	8
nist-epub-0003	epub	sqlite	2	1	0	2031	8
nist-epub-0003	epub	sqlite	3	1	0	1978	8
nist-epub-0003	epub	sqlite	4	1	0	2118	8
nist-epub-0003	epub	sqlite	5	1	0	2105	8
nist-epub-0003	epub	sqlite	0	2	0	1850	8
nist-epub-0003	epub	sqlite	1	2	0	1815	8
nist-epub-0003	epub	sqlite	2	2	0	1973	8
nist-epub-0003	epub	sqlite	3	2	0	2526	8
nist-epub-0003	epub	sqlite	4	2	0	2135	8
nist-epub-0003	epub	sqlite	5	2	0	2144	8
nist-epub-0003	epub	vole	0	2	0	3253	8
nist-epub-0003	epub	vole	1	2	0	3324	8
nist-epub-0003	epub	vole	2	2	0	3317	8
nist-epub-0003	epub	vole	3	2	0	3150	8
nist-epub-0003	epub	vole	4	2	0	3045	8
nist-epub-0003	epub	vole	5	2	0	3228	8
nist-epub-0003	epub	vole	0	3	0	3126	8
nist-epub-0003	epub	vole	1	3	0	3128	8
nist-epub-0003	epub	vole	2	3	0	3192	8
nist-epub-0003	epub	vole	3	3	0	3061	8
nist-epub-0003	epub	vole	4	3	0	2969	8
nist-epub-0003	epub	vole	5	3	0	3054	8
nist-epub-0003	epub	sqlite	0	3	0	2685	8
nist-epub-0003	epub	sqlite	1	3	0	1982	8
nist-epub-0003	epub	sqlite	2	3	0	2171	8
nist-epub-0003	epub	sqlite	3	3	0	2130	8
nist-epub-0003	epub	sqlite	4	3	0	2207	8
nist-epub-0003	epub	sqlite	5	3	0	2027	8
nist-epub-0003	epub	sqlite	0	4	0	1806	8
nist-epub-0003	epub	sqlite	1	4	0	1859	8
nist-epub-0003	epub	sqlite	2	4	0	2007	8
nist-epub-0003	epub	sqlite	3	4	0	2179	8
nist-epub-0003	epub	sqlite	4	4	0	2165	8
nist-epub-0003	epub	sqlite	5	4	0	2156	8
nist-epub-0003	epub	vole	0	4	0	3400	8
nist-epub-0003	epub	vole	1	4	0	3333	8
nist-epub-0003	epub	vole	2	4	0	3276	8
nist-epub-0003	epub	vole	3	4	0	3216	8
nist-epub-0003	epub	vole	4	4	0	3277	8
nist-epub-0003	epub	vole	5	4	0	3203	8
nist-epub-0003	epub	vole	0	5	0	3291	8
nist-epub-0003	epub	vole	1	5	0	3100	8
nist-epub-0003	epub	vole	2	5	0	3003	8
nist-epub-0003	epub	vole	3	5	0	3170	8
nist-epub-0003	epub	vole	4	5	0	3176	8
nist-epub-0003	epub	vole	5	5	0	3155	8
nist-epub-0003	epub	sqlite	0	5	0	2341	8
nist-epub-0003	epub	sqlite	1	5	0	1913	8
nist-epub-0003	epub	sqlite	2	5	0	2045	8
nist-epub-0003	epub	sqlite	3	5	0	2038	8
nist-epub-0003	epub	sqlite	4	5	0	2049	8
nist-epub-0003	epub	sqlite	5	5	0	2071	8
nist-epub-0003	epub	sqlite	0	6	0	1832	8
nist-epub-0003	epub	sqlite	1	6	0	1928	8
nist-epub-0003	epub	sqlite	2	6	0	2021	8
nist-epub-0003	epub	sqlite	3	6	0	2273	8
nist-epub-0003	epub	sqlite	4	6	0	2074	8
nist-epub-0003	epub	sqlite	5	6	0	2430	8
nist-epub-0003	epub	vole	0	6	0	3522	8
nist-epub-0003	epub	vole	1	6	0	3218	8
nist-epub-0003	epub	vole	2	6	0	3427	8
nist-epub-0003	epub	vole	3	6	0	3239	8
nist-epub-0003	epub	vole	4	6	0	3168	8
nist-epub-0003	epub	vole	5	6	0	3139	8
nist-epub-0003	epub	vole	0	7	0	3146	8
nist-epub-0003	epub	vole	1	7	0	3034	8
nist-epub-0003	epub	vole	2	7	0	3082	8
nist-epub-0003	epub	vole	3	7	0	3247	8
nist-epub-0003	epub	vole	4	7	0	3117	8
nist-epub-0003	epub	vole	5	7	0	3255	8
nist-epub-0003	epub	sqlite	0	7	0	2150	8
nist-epub-0003	epub	sqlite	1	7	0	1921	8
nist-epub-0003	epub	sqlite	2	7	0	2033	8
nist-epub-0003	epub	sqlite	3	7	0	2104	8
nist-epub-0003	epub	sqlite	4	7	0	2063	8
nist-epub-0003	epub	sqlite	5	7	0	2175	8
nist-epub-0003	epub	sqlite	0	8	0	1839	8
nist-epub-0003	epub	sqlite	1	8	0	1975	8
nist-epub-0003	epub	sqlite	2	8	0	2056	8
nist-epub-0003	epub	sqlite	3	8	0	2211	8
nist-epub-0003	epub	sqlite	4	8	0	2192	8
nist-epub-0003	epub	sqlite	5	8	0	2134	8
nist-epub-0003	epub	vole	0	8	0	3349	8
nist-epub-0003	epub	vole	1	8	0	3109	8
nist-epub-0003	epub	vole	2	8	0	3611	8
nist-epub-0003	epub	vole	3	8	0	3109	8
nist-epub-0003	epub	vole	4	8	0	3281	8
nist-epub-0003	epub	vole	5	8	0	3203	8
nist-epub-0003	epub	vole	0	9	0	3200	8
nist-epub-0003	epub	vole	1	9	0	3075	8
nist-epub-0003	epub	vole	2	9	0	3140	8
nist-epub-0003	epub	vole	3	9	0	3015	8
nist-epub-0003	epub	vole	4	9	0	3023	8
nist-epub-0003	epub	vole	5	9	0	3846	8
nist-epub-0003	epub	sqlite	0	9	0	2124	8
nist-epub-0003	epub	sqlite	1	9	0	2038	8
nist-epub-0003	epub	sqlite	2	9	0	2057	8
nist-epub-0003	epub	sqlite	3	9	0	2101	8
nist-epub-0003	epub	sqlite	4	9	0	2190	8
nist-epub-0003	epub	sqlite	5	9	0	2048	8
nist-epub-0003	epub	sqlite	0	10	0	1849	8
nist-epub-0003	epub	sqlite	1	10	0	1927	8
nist-epub-0003	epub	sqlite	2	10	0	2072	8
nist-epub-0003	epub	sqlite	3	10	0	2104	8
nist-epub-0003	epub	sqlite	4	10	0	2517	8
nist-epub-0003	epub	sqlite	5	10	0	2113	8
nist-epub-0003	epub	vole	0	10	0	3433	8
nist-epub-0003	epub	vole	1	10	0	3193	8
nist-epub-0003	epub	vole	2	10	0	3304	8
nist-epub-0003	epub	vole	3	10	0	3143	8
nist-epub-0003	epub	vole	4	10	0	3209	8
nist-epub-0003	epub	vole	5	10	0	3027	8
nist-epub-0003	epub	vole	0	11	0	3160	8
nist-epub-0003	epub	vole	1	11	0	3510	8
nist-epub-0003	epub	vole	2	11	0	3041	8
nist-epub-0003	epub	vole	3	11	0	3045	8
nist-epub-0003	epub	vole	4	11	0	3268	8
nist-epub-0003	epub	vole	5	11	0	3127	8
nist-epub-0003	epub	sqlite	0	11	0	2213	8
nist-epub-0003	epub	sqlite	1	11	0	1951	8
nist-epub-0003	epub	sqlite	2	11	0	2096	8
nist-epub-0003	epub	sqlite	3	11	0	2557	8
nist-epub-0003	epub	sqlite	4	11	0	2105	8
nist-epub-0003	epub	sqlite	5	11	0	2064	8
nist-epub-0003	epub	sqlite	0	12	0	1848	8
nist-epub-0003	epub	sqlite	1	12	0	1852	8
nist-epub-0003	epub	sqlite	2	12	0	1966	8
nist-epub-0003	epub	sqlite	3	12	0	2201	8
nist-epub-0003	epub	sqlite	4	12	0	2045	8
nist-epub-0003	epub	sqlite	5	12	0	2153	8
nist-epub-0003	epub	vole	0	12	0	3238	8
nist-epub-0003	epub	vole	1	12	0	3271	8
nist-epub-0003	epub	vole	2	12	0	3675	8
nist-epub-0003	epub	vole	3	12	0	3128	8
nist-epub-0003	epub	vole	4	12	0	3067	8
nist-epub-0003	epub	vole	5	12	0	3053	8
nist-epub-0003	epub	vole	0	13	0	3190	8
nist-epub-0003	epub	vole	1	13	0	3041	8
nist-epub-0003	epub	vole	2	13	0	3119	8
nist-epub-0003	epub	vole	3	13	0	3150	8
nist-epub-0003	epub	vole	4	13	0	3046	8
nist-epub-0003	epub	vole	5	13	0	3144	8
nist-epub-0003	epub	sqlite	0	13	0	2109	8
nist-epub-0003	epub	sqlite	1	13	0	2100	8
nist-epub-0003	epub	sqlite	2	13	0	2118	8
nist-epub-0003	epub	sqlite	3	13	0	2016	8
nist-epub-0003	epub	sqlite	4	13	0	2122	8
nist-epub-0003	epub	sqlite	5	13	0	2032	8
nist-epub-0003	epub	sqlite	0	14	0	1956	8
nist-epub-0003	epub	sqlite	1	14	0	1945	8
nist-epub-0003	epub	sqlite	2	14	0	2044	8
nist-epub-0003	epub	sqlite	3	14	0	2155	8
nist-epub-0003	epub	sqlite	4	14	0	2294	8
nist-epub-0003	epub	sqlite	5	14	0	2034	8
nist-epub-0003	epub	vole	0	14	0	3244	8
nist-epub-0003	epub	vole	1	14	0	3270	8
nist-epub-0003	epub	vole	2	14	0	3126	8
nist-epub-0003	epub	vole	3	14	0	3221	8
nist-epub-0003	epub	vole	4	14	0	3069	8
nist-epub-0003	epub	vole	5	14	0	3237	8
nist-epub-0003	epub	vole	0	15	0	3108	8
nist-epub-0003	epub	vole	1	15	0	3141	8
nist-epub-0003	epub	vole	2	15	0	3499	8
nist-epub-0003	epub	vole	3	15	0	3438	8
nist-epub-0003	epub	vole	4	15	0	3063	8
nist-epub-0003	epub	vole	5	15	0	3143	8
nist-epub-0003	epub	sqlite	0	15	0	2112	8
nist-epub-0003	epub	sqlite	1	15	0	2035	8
nist-epub-0003	epub	sqlite	2	15	0	2090	8
nist-epub-0003	epub	sqlite	3	15	0	2100	8
nist-epub-0003	epub	sqlite	4	15	0	2153	8
nist-epub-0003	epub	sqlite	5	15	0	2194	8
nist-epub-0003	epub	sqlite	0	16	0	1961	8
nist-epub-0003	epub	sqlite	1	16	0	1865	8
nist-epub-0003	epub	sqlite	2	16	0	2011	8
nist-epub-0003	epub	sqlite	3	16	0	2004	8
nist-epub-0003	epub	sqlite	4	16	0	2138	8
nist-epub-0003	epub	sqlite	5	16	0	2157	8
nist-epub-0003	epub	vole	0	16	0	3528	8
nist-epub-0003	epub	vole	1	16	0	3185	8
nist-epub-0003	epub	vole	2	16	0	3183	8
nist-epub-0003	epub	vole	3	16	0	3817	8
nist-epub-0003	epub	vole	4	16	0	3215	8
nist-epub-0003	epub	vole	5	16	0	3060	8
nist-epub-0003	epub	vole	0	17	0	3218	8
nist-epub-0003	epub	vole	1	17	0	3036	8
nist-epub-0003	epub	vole	2	17	0	3056	8
nist-epub-0003	epub	vole	3	17	0	3085	8
nist-epub-0003	epub	vole	4	17	0	3105	8
nist-epub-0003	epub	vole	5	17	0	3158	8
nist-epub-0003	epub	sqlite	0	17	0	2305	8
nist-epub-0003	epub	sqlite	1	17	0	2023	8
nist-epub-0003	epub	sqlite	2	17	0	2107	8
nist-epub-0003	epub	sqlite	3	17	0	2118	8
nist-epub-0003	epub	sqlite	4	17	0	2009	8
nist-epub-0003	epub	sqlite	5	17	0	2115	8
nist-epub-0003	epub	sqlite	0	18	0	1891	8
nist-epub-0003	epub	sqlite	1	18	0	1863	8
nist-epub-0003	epub	sqlite	2	18	0	1983	8
nist-epub-0003	epub	sqlite	3	18	0	2088	8
nist-epub-0003	epub	sqlite	4	18	0	2086	8
nist-epub-0003	epub	sqlite	5	18	0	2149	8
nist-epub-0003	epub	vole	0	18	0	3251	8
nist-epub-0003	epub	vole	1	18	0	3006	8
nist-epub-0003	epub	vole	2	18	0	3366	8
nist-epub-0003	epub	vole	3	18	0	3275	8
nist-epub-0003	epub	vole	4	18	0	3175	8
nist-epub-0003	epub	vole	5	18	0	3165	8
nist-epub-0003	epub	vole	0	19	0	3316	8
nist-epub-0003	epub	vole	1	19	0	3091	8
nist-epub-0003	epub	vole	2	19	0	3211	8
nist-epub-0003	epub	vole	3	19	0	3224	8
nist-epub-0003	epub	vole	4	19	0	2982	8
nist-epub-0003	epub	vole	5	19	0	3103	8
nist-epub-0003	epub	sqlite	0	19	0	2074	8
nist-epub-0003	epub	sqlite	1	19	0	2162	8
nist-epub-0003	epub	sqlite	2	19	0	2296	8
nist-epub-0003	epub	sqlite	3	19	0	2160	8
nist-epub-0003	epub	sqlite	4	19	0	2125	8
nist-epub-0003	epub	sqlite	5	19	0	2095	8
nist-epub-0003	epub	sqlite	0	20	0	2052	8
nist-epub-0003	epub	sqlite	1	20	0	1938	8
nist-epub-0003	epub	sqlite	2	20	0	2037	8
nist-epub-0003	epub	sqlite	3	20	0	1945	8
nist-epub-0003	epub	sqlite	4	20	0	2231	8
nist-epub-0003	epub	sqlite	5	20	0	2099	8
nist-epub-0003	epub	vole	0	20	0	3425	8
nist-epub-0003	epub	vole	1	20	0	3156	8
nist-epub-0003	epub	vole	2	20	0	3201	8
nist-epub-0003	epub	vole	3	20	0	3545	8
nist-epub-0003	epub	vole	4	20	0	3325	8
nist-epub-0003	epub	vole	5	20	0	3088	8
nist-epub-0003	epub	vole	0	21	0	3229	8
nist-epub-0003	epub	vole	1	21	0	3202	8
nist-epub-0003	epub	vole	2	21	0	3094	8
nist-epub-0003	epub	vole	3	21	0	3115	8
nist-epub-0003	epub	vole	4	21	0	3021	8
nist-epub-0003	epub	vole	5	21	0	3131	8
nist-epub-0003	epub	sqlite	0	21	0	2121	8
nist-epub-0003	epub	sqlite	1	21	0	1974	8
nist-epub-0003	epub	sqlite	2	21	0	2097	8
nist-epub-0003	epub	sqlite	3	21	0	2047	8
nist-epub-0003	epub	sqlite	4	21	0	2017	8
nist-epub-0003	epub	sqlite	5	21	0	1992	8
nist-epub-0003	epub	sqlite	0	22	0	2259	8
nist-epub-0003	epub	sqlite	1	22	0	1755	8
nist-epub-0003	epub	sqlite	2	22	0	2055	8
nist-epub-0003	epub	sqlite	3	22	0	1906	8
nist-epub-0003	epub	sqlite	4	22	0	2085	8
nist-epub-0003	epub	sqlite	5	22	0	2161	8
nist-epub-0003	epub	vole	0	22	0	3185	8
nist-epub-0003	epub	vole	1	22	0	3220	8
nist-epub-0003	epub	vole	2	22	0	3124	8
nist-epub-0003	epub	vole	3	22	0	3207	8
nist-epub-0003	epub	vole	4	22	0	3658	8
nist-epub-0003	epub	vole	5	22	0	3136	8
nist-epub-0003	epub	vole	0	23	0	3092	8
nist-epub-0003	epub	vole	1	23	0	3256	8
nist-epub-0003	epub	vole	2	23	0	3490	8
nist-epub-0003	epub	vole	3	23	0	3078	8
nist-epub-0003	epub	vole	4	23	0	3193	8
nist-epub-0003	epub	vole	5	23	0	3534	8
nist-epub-0003	epub	sqlite	0	23	0	2255	8
nist-epub-0003	epub	sqlite	1	23	0	1956	8
nist-epub-0003	epub	sqlite	2	23	0	2011	8
nist-epub-0003	epub	sqlite	3	23	0	2033	8
nist-epub-0003	epub	sqlite	4	23	0	2260	8
nist-epub-0003	epub	sqlite	5	23	0	2171	8
nist-epub-0003	epub	sqlite	0	24	0	1827	8
nist-epub-0003	epub	sqlite	1	24	0	1886	8
nist-epub-0003	epub	sqlite	2	24	0	1976	8
nist-epub-0003	epub	sqlite	3	24	0	2222	8
nist-epub-0003	epub	sqlite	4	24	0	2131	8
nist-epub-0003	epub	sqlite	5	24	0	2166	8
nist-epub-0003	epub	vole	0	24	0	3339	8
nist-epub-0003	epub	vole	1	24	0	3018	8
nist-epub-0003	epub	vole	2	24	0	3154	8
nist-epub-0003	epub	vole	3	24	0	3116	8
nist-epub-0003	epub	vole	4	24	0	3068	8
nist-epub-0003	epub	vole	5	24	0	3076	8
nist-epub-0003	epub	vole	0	25	0	3084	8
nist-epub-0003	epub	vole	1	25	0	3334	8
nist-epub-0003	epub	vole	2	25	0	3235	8
nist-epub-0003	epub	vole	3	25	0	3446	8
nist-epub-0003	epub	vole	4	25	0	3077	8
nist-epub-0003	epub	vole	5	25	0	3137	8
nist-epub-0003	epub	sqlite	0	25	0	2126	8
nist-epub-0003	epub	sqlite	1	25	0	1914	8
nist-epub-0003	epub	sqlite	2	25	0	2004	8
nist-epub-0003	epub	sqlite	3	25	0	2082	8
nist-epub-0003	epub	sqlite	4	25	0	2074	8
nist-epub-0003	epub	sqlite	5	25	0	2018	8
nist-epub-0003	epub	sqlite	0	26	0	1870	8
nist-epub-0003	epub	sqlite	1	26	0	1875	8
nist-epub-0003	epub	sqlite	2	26	0	2028	8
nist-epub-0003	epub	sqlite	3	26	0	2038	8
nist-epub-0003	epub	sqlite	4	26	0	2149	8
nist-epub-0003	epub	sqlite	5	26	0	2108	8
nist-epub-0003	epub	vole	0	26	0	3177	8
nist-epub-0003	epub	vole	1	26	0	3177	8
nist-epub-0003	epub	vole	2	26	0	3143	8
nist-epub-0003	epub	vole	3	26	0	3096	8
nist-epub-0003	epub	vole	4	26	0	3166	8
nist-epub-0003	epub	vole	5	26	0	3064	8
nist-epub-0003	epub	vole	0	27	0	2978	8
nist-epub-0003	epub	vole	1	27	0	3063	8
nist-epub-0003	epub	vole	2	27	0	3252	8
nist-epub-0003	epub	vole	3	27	0	3233	8
nist-epub-0003	epub	vole	4	27	0	3066	8
nist-epub-0003	epub	vole	5	27	0	3986	8
nist-epub-0003	epub	sqlite	0	27	0	2380	8
nist-epub-0003	epub	sqlite	1	27	0	2173	8
nist-epub-0003	epub	sqlite	2	27	0	1966	8
nist-epub-0003	epub	sqlite	3	27	0	2106	8
nist-epub-0003	epub	sqlite	4	27	0	2055	8
nist-epub-0003	epub	sqlite	5	27	0	2049	8
nist-epub-0003	epub	sqlite	0	28	0	1885	8
nist-epub-0003	epub	sqlite	1	28	0	2085	8
nist-epub-0003	epub	sqlite	2	28	0	2042	8
nist-epub-0003	epub	sqlite	3	28	0	1951	8
nist-epub-0003	epub	sqlite	4	28	0	2006	8
nist-epub-0003	epub	sqlite	5	28	0	2096	8
nist-epub-0003	epub	vole	0	28	0	3575	8
nist-epub-0003	epub	vole	1	28	0	3140	8
nist-epub-0003	epub	vole	2	28	0	3146	8
nist-epub-0003	epub	vole	3	28	0	3297	8
nist-epub-0003	epub	vole	4	28	0	3270	8
nist-epub-0003	epub	vole	5	28	0	3104	8
nist-epub-0003	epub	vole	0	29	0	3199	8
nist-epub-0003	epub	vole	1	29	0	3254	8
nist-epub-0003	epub	vole	2	29	0	3235	8
nist-epub-0003	epub	vole	3	29	0	3318	8
nist-epub-0003	epub	vole	4	29	0	3262	8
nist-epub-0003	epub	vole	5	29	0	3090	8
nist-epub-0003	epub	sqlite	0	29	0	2268	8
nist-epub-0003	epub	sqlite	1	29	0	1989	8
nist-epub-0003	epub	sqlite	2	29	0	2029	8
nist-epub-0003	epub	sqlite	3	29	0	2281	8
nist-epub-0003	epub	sqlite	4	29	0	2155	8
nist-epub-0003	epub	sqlite	5	29	0	2104	8
nist-epub-0003	epub	sqlite	0	30	0	1848	8
nist-epub-0003	epub	sqlite	1	30	0	1855	8
nist-epub-0003	epub	sqlite	2	30	0	2073	8
nist-epub-0003	epub	sqlite	3	30	0	2112	8
nist-epub-0003	epub	sqlite	4	30	0	2234	8
nist-epub-0003	epub	sqlite	5	30	0	2115	8
nist-epub-0003	epub	vole	0	30	0	3450	8
nist-epub-0003	epub	vole	1	30	0	3174	8
nist-epub-0003	epub	vole	2	30	0	3199	8
nist-epub-0003	epub	vole	3	30	0	3194	8
nist-epub-0003	epub	vole	4	30	0	3273	8
nist-epub-0003	epub	vole	5	30	0	3122	8
nist-epub-0003	epub	vole	0	31	0	3186	8
nist-epub-0003	epub	vole	1	31	0	3032	8
nist-epub-0003	epub	vole	2	31	0	3205	8
nist-epub-0003	epub	vole	3	31	0	3153	8
nist-epub-0003	epub	vole	4	31	0	3031	8
nist-epub-0003	epub	vole	5	31	0	3157	8
nist-epub-0003	epub	sqlite	0	31	0	2263	8
nist-epub-0003	epub	sqlite	1	31	0	1984	8
nist-epub-0003	epub	sqlite	2	31	0	2027	8
nist-epub-0003	epub	sqlite	3	31	0	2014	8
nist-epub-0003	epub	sqlite	4	31	0	2159	8
nist-epub-0003	epub	sqlite	5	31	0	2080	8
nist-epub-0003	epub	sqlite	0	32	0	1866	8
nist-epub-0003	epub	sqlite	1	32	0	1875	8
nist-epub-0003	epub	sqlite	2	32	0	2023	8
nist-epub-0003	epub	sqlite	3	32	0	2155	8
nist-epub-0003	epub	sqlite	4	32	0	2176	8
nist-epub-0003	epub	sqlite	5	32	0	2034	8
nist-epub-0003	epub	vole	0	32	0	3281	8
nist-epub-0003	epub	vole	1	32	0	3196	8
nist-epub-0003	epub	vole	2	32	0	3121	8
nist-epub-0003	epub	vole	3	32	0	3224	8
nist-epub-0003	epub	vole	4	32	0	3063	8
nist-epub-0003	epub	vole	5	32	0	3177	8
nist-epub-0003	epub	vole	0	33	0	3098	8
nist-epub-0003	epub	vole	1	33	0	3102	8
nist-epub-0003	epub	vole	2	33	0	3141	8
nist-epub-0003	epub	vole	3	33	0	3106	8
nist-epub-0003	epub	vole	4	33	0	3149	8
nist-epub-0003	epub	vole	5	33	0	3172	8
nist-epub-0003	epub	sqlite	0	33	0	2075	8
nist-epub-0003	epub	sqlite	1	33	0	1946	8
nist-epub-0003	epub	sqlite	2	33	0	2027	8
nist-epub-0003	epub	sqlite	3	33	0	2053	8
nist-epub-0003	epub	sqlite	4	33	0	2216	8
nist-epub-0003	epub	sqlite	5	33	0	2268	8
nist-epub-0003	epub	sqlite	0	34	0	1866	8
nist-epub-0003	epub	sqlite	1	34	0	1862	8
nist-epub-0003	epub	sqlite	2	34	0	2199	8
nist-epub-0003	epub	sqlite	3	34	0	2060	8
nist-epub-0003	epub	sqlite	4	34	0	2058	8
nist-epub-0003	epub	sqlite	5	34	0	2141	8
nist-epub-0003	epub	vole	0	34	0	3172	8
nist-epub-0003	epub	vole	1	34	0	3412	8
nist-epub-0003	epub	vole	2	34	0	3332	8
nist-epub-0003	epub	vole	3	34	0	3155	8
nist-epub-0003	epub	vole	4	34	0	3114	8
nist-epub-0003	epub	vole	5	34	0	3047	8
nist-epub-0003	epub	vole	0	35	0	3135	8
nist-epub-0003	epub	vole	1	35	0	3164	8
nist-epub-0003	epub	vole	2	35	0	3114	8
nist-epub-0003	epub	vole	3	35	0	3419	8
nist-epub-0003	epub	vole	4	35	0	3442	8
nist-epub-0003	epub	vole	5	35	0	3040	8
nist-epub-0003	epub	sqlite	0	35	0	2121	8
nist-epub-0003	epub	sqlite	1	35	0	1844	8
nist-epub-0003	epub	sqlite	2	35	0	2170	8
nist-epub-0003	epub	sqlite	3	35	0	1927	8
nist-epub-0003	epub	sqlite	4	35	0	2052	8
nist-epub-0003	epub	sqlite	5	35	0	2137	8
nist-epub-0003	epub	sqlite	0	36	0	1816	8
nist-epub-0003	epub	sqlite	1	36	0	1717	8
nist-epub-0003	epub	sqlite	2	36	0	1944	8
nist-epub-0003	epub	sqlite	3	36	0	1971	8
nist-epub-0003	epub	sqlite	4	36	0	2061	8
nist-epub-0003	epub	sqlite	5	36	0	2534	8
nist-epub-0003	epub	vole	0	36	0	3375	8
nist-epub-0003	epub	vole	1	36	0	3306	8
nist-epub-0003	epub	vole	2	36	0	3077	8
nist-epub-0003	epub	vole	3	36	0	3165	8
nist-epub-0003	epub	vole	4	36	0	3418	8
nist-epub-0003	epub	vole	5	36	0	4082	8
nist-epub-0003	epub	vole	0	37	0	3564	8
nist-epub-0003	epub	vole	1	37	0	3204	8
nist-epub-0003	epub	vole	2	37	0	3141	8
nist-epub-0003	epub	vole	3	37	0	3229	8
nist-epub-0003	epub	vole	4	37	0	3141	8
nist-epub-0003	epub	vole	5	37	0	3077	8
nist-epub-0003	epub	sqlite	0	37	0	2524	8
nist-epub-0003	epub	sqlite	1	37	0	2090	8
nist-epub-0003	epub	sqlite	2	37	0	2213	8
nist-epub-0003	epub	sqlite	3	37	0	2034	8
nist-epub-0003	epub	sqlite	4	37	0	2345	8
nist-epub-0003	epub	sqlite	5	37	0	2140	8
nist-epub-0003	epub	sqlite	0	38	0	1916	8
nist-epub-0003	epub	sqlite	1	38	0	2119	8
nist-epub-0003	epub	sqlite	2	38	0	2111	8
nist-epub-0003	epub	sqlite	3	38	0	2192	8
nist-epub-0003	epub	sqlite	4	38	0	2757	8
nist-epub-0003	epub	sqlite	5	38	0	2551	8
nist-epub-0003	epub	vole	0	38	0	3416	8
nist-epub-0003	epub	vole	1	38	0	3294	8
nist-epub-0003	epub	vole	2	38	0	3195	8
nist-epub-0003	epub	vole	3	38	0	3153	8
nist-epub-0003	epub	vole	4	38	0	3171	8
nist-epub-0003	epub	vole	5	38	0	3146	8
nist-epub-0003	epub	vole	0	39	0	3094	8
nist-epub-0003	epub	vole	1	39	0	3269	8
nist-epub-0003	epub	vole	2	39	0	3239	8
nist-epub-0003	epub	vole	3	39	0	3161	8
nist-epub-0003	epub	vole	4	39	0	3097	8
nist-epub-0003	epub	vole	5	39	0	3157	8
nist-epub-0003	epub	sqlite	0	39	0	2268	8
nist-epub-0003	epub	sqlite	1	39	0	1984	8
nist-epub-0003	epub	sqlite	2	39	0	2161	8
nist-epub-0003	epub	sqlite	3	39	0	2221	8
nist-epub-0003	epub	sqlite	4	39	0	2136	8
nist-epub-0003	epub	sqlite	5	39	0	2251	8
nist-epub-0003	epub	sqlite	0	40	0	1764	8
nist-epub-0003	epub	sqlite	1	40	0	1820	8
nist-epub-0003	epub	sqlite	2	40	0	1935	8
nist-epub-0003	epub	sqlite	3	40	0	1885	8
nist-epub-0003	epub	sqlite	4	40	0	2062	8
nist-epub-0003	epub	sqlite	5	40	0	2103	8
nist-epub-0003	epub	vole	0	40	0	3361	8
nist-epub-0003	epub	vole	1	40	0	3208	8
nist-epub-0003	epub	vole	2	40	0	3177	8
nist-epub-0003	epub	vole	3	40	0	3170	8
nist-epub-0003	epub	vole	4	40	0	3112	8
nist-epub-0003	epub	vole	5	40	0	3162	8
nist-epub-0003	epub	vole	0	41	0	3187	8
nist-epub-0003	epub	vole	1	41	0	3187	8
nist-epub-0003	epub	vole	2	41	0	3137	8
nist-epub-0003	epub	vole	3	41	0	3084	8
nist-epub-0003	epub	vole	4	41	0	3451	8
nist-epub-0003	epub	vole	5	41	0	3096	8
nist-epub-0003	epub	sqlite	0	41	0	1978	8
nist-epub-0003	epub	sqlite	1	41	0	1967	8
nist-epub-0003	epub	sqlite	2	41	0	2049	8
nist-epub-0003	epub	sqlite	3	41	0	2081	8
nist-epub-0003	epub	sqlite	4	41	0	2224	8
nist-epub-0003	epub	sqlite	5	41	0	2078	8
nist-epub-0003	epub	sqlite	0	42	0	1757	8
nist-epub-0003	epub	sqlite	1	42	0	1851	8
nist-epub-0003	epub	sqlite	2	42	0	2010	8
nist-epub-0003	epub	sqlite	3	42	0	2031	8
nist-epub-0003	epub	sqlite	4	42	0	2016	8
nist-epub-0003	epub	sqlite	5	42	0	2190	8
nist-epub-0003	epub	vole	0	42	0	3321	8
nist-epub-0003	epub	vole	1	42	0	3694	8
nist-epub-0003	epub	vole	2	42	0	3246	8
nist-epub-0003	epub	vole	3	42	0	3100	8
nist-epub-0003	epub	vole	4	42	0	3212	8
nist-epub-0003	epub	vole	5	42	0	3284	8
nist-epub-0003	epub	vole	0	43	0	3264	8
nist-epub-0003	epub	vole	1	43	0	3265	8
nist-epub-0003	epub	vole	2	43	0	3104	8
nist-epub-0003	epub	vole	3	43	0	3225	8
nist-epub-0003	epub	vole	4	43	0	3226	8
nist-epub-0003	epub	vole	5	43	0	3129	8
nist-epub-0003	epub	sqlite	0	43	0	2097	8
nist-epub-0003	epub	sqlite	1	43	0	2054	8
nist-epub-0003	epub	sqlite	2	43	0	2032	8
nist-epub-0003	epub	sqlite	3	43	0	1992	8
nist-epub-0003	epub	sqlite	4	43	0	2287	8
nist-epub-0003	epub	sqlite	5	43	0	2244	8
nist-epub-0003	epub	sqlite	0	44	0	1880	8
nist-epub-0003	epub	sqlite	1	44	0	1868	8
nist-epub-0003	epub	sqlite	2	44	0	2074	8
nist-epub-0003	epub	sqlite	3	44	0	2443	8
nist-epub-0003	epub	sqlite	4	44	0	2148	8
nist-epub-0003	epub	sqlite	5	44	0	2227	8
nist-epub-0003	epub	vole	0	44	0	3306	8
nist-epub-0003	epub	vole	1	44	0	3493	8
nist-epub-0003	epub	vole	2	44	0	3173	8
nist-epub-0003	epub	vole	3	44	0	3217	8
nist-epub-0003	epub	vole	4	44	0	3156	8
nist-epub-0003	epub	vole	5	44	0	3246	8
nist-epub-0003	epub	vole	0	45	0	3299	8
nist-epub-0003	epub	vole	1	45	0	3143	8
nist-epub-0003	epub	vole	2	45	0	3172	8
nist-epub-0003	epub	vole	3	45	0	3106	8
nist-epub-0003	epub	vole	4	45	0	3524	8
nist-epub-0003	epub	vole	5	45	0	3318	8
nist-epub-0003	epub	sqlite	0	45	0	2164	8
nist-epub-0003	epub	sqlite	1	45	0	2003	8
nist-epub-0003	epub	sqlite	2	45	0	2067	8
nist-epub-0003	epub	sqlite	3	45	0	2175	8
nist-epub-0003	epub	sqlite	4	45	0	2180	8
nist-epub-0003	epub	sqlite	5	45	0	2109	8
nist-epub-0003	epub	sqlite	0	46	0	1896	8
nist-epub-0003	epub	sqlite	1	46	0	1945	8
nist-epub-0003	epub	sqlite	2	46	0	2050	8
nist-epub-0003	epub	sqlite	3	46	0	1959	8
nist-epub-0003	epub	sqlite	4	46	0	2159	8
nist-epub-0003	epub	sqlite	5	46	0	2113	8
nist-epub-0003	epub	vole	0	46	0	3482	8
nist-epub-0003	epub	vole	1	46	0	3095	8
nist-epub-0003	epub	vole	2	46	0	3102	8
nist-epub-0003	epub	vole	3	46	0	3204	8
nist-epub-0003	epub	vole	4	46	0	3076	8
nist-epub-0003	epub	vole	5	46	0	3160	8
nist-epub-0003	epub	vole	0	47	0	3247	8
nist-epub-0003	epub	vole	1	47	0	3074	8
nist-epub-0003	epub	vole	2	47	0	3203	8
nist-epub-0003	epub	vole	3	47	0	3234	8
nist-epub-0003	epub	vole	4	47	0	3337	8
nist-epub-0003	epub	vole	5	47	0	3541	8
nist-epub-0003	epub	sqlite	0	47	0	2119	8
nist-epub-0003	epub	sqlite	1	47	0	2103	8
nist-epub-0003	epub	sqlite	2	47	0	2199	8
nist-epub-0003	epub	sqlite	3	47	0	2184	8
nist-epub-0003	epub	sqlite	4	47	0	2332	8
nist-epub-0003	epub	sqlite	5	47	0	2367	8
nist-epub-0003	epub	sqlite	0	48	0	1902	8
nist-epub-0003	epub	sqlite	1	48	0	1925	8
nist-epub-0003	epub	sqlite	2	48	0	2120	8
nist-epub-0003	epub	sqlite	3	48	0	2108	8
nist-epub-0003	epub	sqlite	4	48	0	2016	8
nist-epub-0003	epub	sqlite	5	48	0	2070	8
nist-epub-0003	epub	vole	0	48	0	3567	8
nist-epub-0003	epub	vole	1	48	0	3201	8
nist-epub-0003	epub	vole	2	48	0	3375	8
nist-epub-0003	epub	vole	3	48	0	3329	8
nist-epub-0003	epub	vole	4	48	0	3148	8
nist-epub-0003	epub	vole	5	48	0	3345	8
nist-epub-0003	epub	vole	0	49	0	3204	8
nist-epub-0003	epub	vole	1	49	0	3186	8
nist-epub-0003	epub	vole	2	49	0	3314	8
nist-epub-0003	epub	vole	3	49	0	3181	8
nist-epub-0003	epub	vole	4	49	0	3070	8
nist-epub-0003	epub	vole	5	49	0	3184	8
nist-epub-0003	epub	sqlite	0	49	0	2185	8
nist-epub-0003	epub	sqlite	1	49	0	2238	8
nist-epub-0003	epub	sqlite	2	49	0	2044	8
nist-epub-0003	epub	sqlite	3	49	0	2060	8
nist-epub-0003	epub	sqlite	4	49	0	2230	8
nist-epub-0003	epub	sqlite	5	49	0	2082	8
nist-epub-0003	epub	sqlite	0	50	0	1769	8
nist-epub-0003	epub	sqlite	1	50	0	1951	8
nist-epub-0003	epub	sqlite	2	50	0	2041	8
nist-epub-0003	epub	sqlite	3	50	0	1974	8
nist-epub-0003	epub	sqlite	4	50	0	2196	8
nist-epub-0003	epub	sqlite	5	50	0	2072	8
nist-epub-0003	epub	vole	0	50	0	3800	8
nist-epub-0003	epub	vole	1	50	0	3253	8
nist-epub-0003	epub	vole	2	50	0	3151	8
nist-epub-0003	epub	vole	3	50	0	3354	8
nist-epub-0003	epub	vole	4	50	0	3313	8
nist-epub-0003	epub	vole	5	50	0	3208	8
nist-epub-0003	epub	vole	0	51	0	3242	8
nist-epub-0003	epub	vole	1	51	0	3200	8
nist-epub-0003	epub	vole	2	51	0	3172	8
nist-epub-0003	epub	vole	3	51	0	3096	8
nist-epub-0003	epub	vole	4	51	0	3193	8
nist-epub-0003	epub	vole	5	51	0	3122	8
nist-epub-0003	epub	sqlite	0	51	0	2240	8
nist-epub-0003	epub	sqlite	1	51	0	1983	8
nist-epub-0003	epub	sqlite	2	51	0	2027	8
nist-epub-0003	epub	sqlite	3	51	0	2153	8
nist-epub-0003	epub	sqlite	4	51	0	2123	8
nist-epub-0003	epub	sqlite	5	51	0	2099	8
nist-epub-0003	epub	sqlite	0	52	0	1807	8
nist-epub-0003	epub	sqlite	1	52	0	1959	8
nist-epub-0003	epub	sqlite	2	52	0	1947	8
nist-epub-0003	epub	sqlite	3	52	0	2155	8
nist-epub-0003	epub	sqlite	4	52	0	2256	8
nist-epub-0003	epub	sqlite	5	52	0	2035	8
nist-epub-0003	epub	vole	0	52	0	3355	8
nist-epub-0003	epub	vole	1	52	0	3360	8
nist-epub-0003	epub	vole	2	52	0	3052	8
nist-epub-0003	epub	vole	3	52	0	3145	8
nist-epub-0003	epub	vole	4	52	0	3036	8
nist-epub-0003	epub	vole	5	52	0	3087	8
nist-epub-0003	epub	vole	0	53	0	3052	8
nist-epub-0003	epub	vole	1	53	0	3221	8
nist-epub-0003	epub	vole	2	53	0	3158	8
nist-epub-0003	epub	vole	3	53	0	3417	8
nist-epub-0003	epub	vole	4	53	0	3108	8
nist-epub-0003	epub	vole	5	53	0	3179	8
nist-epub-0003	epub	sqlite	0	53	0	2096	8
nist-epub-0003	epub	sqlite	1	53	0	1862	8
nist-epub-0003	epub	sqlite	2	53	0	2105	8
nist-epub-0003	epub	sqlite	3	53	0	2013	8
nist-epub-0003	epub	sqlite	4	53	0	2243	8
nist-epub-0003	epub	sqlite	5	53	0	2091	8
nist-epub-0003	epub	sqlite	0	54	0	1986	8
nist-epub-0003	epub	sqlite	1	54	0	1922	8
nist-epub-0003	epub	sqlite	2	54	0	1938	8
nist-epub-0003	epub	sqlite	3	54	0	2106	8
nist-epub-0003	epub	sqlite	4	54	0	2125	8
nist-epub-0003	epub	sqlite	5	54	0	2194	8
nist-epub-0003	epub	vole	0	54	0	3833	8
nist-epub-0003	epub	vole	1	54	0	3101	8
nist-epub-0003	epub	vole	2	54	0	3159	8
nist-epub-0003	epub	vole	3	54	0	3112	8
nist-epub-0003	epub	vole	4	54	0	3253	8
nist-epub-0003	epub	vole	5	54	0	3106	8
nist-epub-0003	epub	vole	0	55	0	3169	8
nist-epub-0003	epub	vole	1	55	0	3091	8
nist-epub-0003	epub	vole	2	55	0	3094	8
nist-epub-0003	epub	vole	3	55	0	3041	8
nist-epub-0003	epub	vole	4	55	0	3342	8
nist-epub-0003	epub	vole	5	55	0	3382	8
nist-epub-0003	epub	sqlite	0	55	0	2068	8
nist-epub-0003	epub	sqlite	1	55	0	2035	8
nist-epub-0003	epub	sqlite	2	55	0	2054	8
nist-epub-0003	epub	sqlite	3	55	0	2097	8
nist-epub-0003	epub	sqlite	4	55	0	2216	8
nist-epub-0003	epub	sqlite	5	55	0	2367	8
nist-epub-0003	epub	sqlite	0	56	0	1913	8
nist-epub-0003	epub	sqlite	1	56	0	1882	8
nist-epub-0003	epub	sqlite	2	56	0	2197	8
nist-epub-0003	epub	sqlite	3	56	0	2017	8
nist-epub-0003	epub	sqlite	4	56	0	2146	8
nist-epub-0003	epub	sqlite	5	56	0	2070	8
nist-epub-0003	epub	vole	0	56	0	3293	8
nist-epub-0003	epub	vole	1	56	0	3258	8
nist-epub-0003	epub	vole	2	56	0	3099	8
nist-epub-0003	epub	vole	3	56	0	3124	8
nist-epub-0003	epub	vole	4	56	0	3157	8
nist-epub-0003	epub	vole	5	56	0	3488	8
nist-epub-0003	epub	vole	0	57	0	3271	8
nist-epub-0003	epub	vole	1	57	0	3188	8
nist-epub-0003	epub	vole	2	57	0	3144	8
nist-epub-0003	epub	vole	3	57	0	3188	8
nist-epub-0003	epub	vole	4	57	0	3178	8
nist-epub-0003	epub	vole	5	57	0	3203	8
nist-epub-0003	epub	sqlite	0	57	0	2080	8
nist-epub-0003	epub	sqlite	1	57	0	1961	8
nist-epub-0003	epub	sqlite	2	57	0	2461	8
nist-epub-0003	epub	sqlite	3	57	0	2146	8
nist-epub-0003	epub	sqlite	4	57	0	2231	8
nist-epub-0003	epub	sqlite	5	57	0	2157	8
nist-epub-0003	epub	sqlite	0	58	0	1869	8
nist-epub-0003	epub	sqlite	1	58	0	2257	8
nist-epub-0003	epub	sqlite	2	58	0	2195	8
nist-epub-0003	epub	sqlite	3	58	0	2014	8
nist-epub-0003	epub	sqlite	4	58	0	2332	8
nist-epub-0003	epub	sqlite	5	58	0	2197	8
nist-epub-0003	epub	vole	0	58	0	3403	8
nist-epub-0003	epub	vole	1	58	0	3238	8
nist-epub-0003	epub	vole	2	58	0	3090	8
nist-epub-0003	epub	vole	3	58	0	3080	8
nist-epub-0003	epub	vole	4	58	0	3222	8
nist-epub-0003	epub	vole	5	58	0	3274	8
nist-epub-0003	epub	vole	0	59	0	3123	8
nist-epub-0003	epub	vole	1	59	0	3200	8
nist-epub-0003	epub	vole	2	59	0	3129	8
nist-epub-0003	epub	vole	3	59	0	3267	8
nist-epub-0003	epub	vole	4	59	0	3214	8
nist-epub-0003	epub	vole	5	59	0	3085	8
nist-epub-0003	epub	sqlite	0	59	0	2154	8
nist-epub-0003	epub	sqlite	1	59	0	1968	8
nist-epub-0003	epub	sqlite	2	59	0	2433	8
nist-epub-0003	epub	sqlite	3	59	0	2121	8
nist-epub-0003	epub	sqlite	4	59	0	2249	8
nist-epub-0003	epub	sqlite	5	59	0	2110	8
nist-epub-0003	epub	sqlite	0	60	0	1796	8
nist-epub-0003	epub	sqlite	1	60	0	1946	8
nist-epub-0003	epub	sqlite	2	60	0	2140	8
nist-epub-0003	epub	sqlite	3	60	0	2073	8
nist-epub-0003	epub	sqlite	4	60	0	2194	8
nist-epub-0003	epub	sqlite	5	60	0	2079	8
nist-epub-0003	epub	vole	0	60	0	3668	8
nist-epub-0003	epub	vole	1	60	0	3199	8
nist-epub-0003	epub	vole	2	60	0	3365	8
nist-epub-0003	epub	vole	3	60	0	3222	8
nist-epub-0003	epub	vole	4	60	0	3296	8
nist-epub-0003	epub	vole	5	60	0	3248	8
nist-epub-0003	epub	vole	0	61	0	3112	8
nist-epub-0003	epub	vole	1	61	0	3060	8
nist-epub-0003	epub	vole	2	61	0	3134	8
nist-epub-0003	epub	vole	3	61	0	3179	8
nist-epub-0003	epub	vole	4	61	0	3281	8
nist-epub-0003	epub	vole	5	61	0	3152	8
nist-epub-0003	epub	sqlite	0	61	0	2169	8
nist-epub-0003	epub	sqlite	1	61	0	2124	8
nist-epub-0003	epub	sqlite	2	61	0	2018	8
nist-epub-0003	epub	sqlite	3	61	0	1995	8
nist-epub-0003	epub	sqlite	4	61	0	2089	8
nist-epub-0003	epub	sqlite	5	61	0	2061	8
nist-epub-0003	epub	sqlite	0	62	0	1701	8
nist-epub-0003	epub	sqlite	1	62	0	1984	8
nist-epub-0003	epub	sqlite	2	62	0	1978	8
nist-epub-0003	epub	sqlite	3	62	0	2161	8
nist-epub-0003	epub	sqlite	4	62	0	2113	8
nist-epub-0003	epub	sqlite	5	62	0	2058	8
nist-epub-0003	epub	vole	0	62	0	3229	8
nist-epub-0003	epub	vole	1	62	0	3239	8
nist-epub-0003	epub	vole	2	62	0	3155	8
nist-epub-0003	epub	vole	3	62	0	3104	8
nist-epub-0003	epub	vole	4	62	0	3053	8
nist-epub-0003	epub	vole	5	62	0	3180	8
nist-epub-0003	epub	vole	0	63	0	3210	8
nist-epub-0003	epub	vole	1	63	0	3227	8
nist-epub-0003	epub	vole	2	63	0	3279	8
nist-epub-0003	epub	vole	3	63	0	3231	8
nist-epub-0003	epub	vole	4	63	0	3121	8
nist-epub-0003	epub	vole	5	63	0	3061	8
nist-epub-0003	epub	sqlite	0	63	0	2312	8
nist-epub-0003	epub	sqlite	1	63	0	1784	8
nist-epub-0003	epub	sqlite	2	63	0	2012	8
nist-epub-0003	epub	sqlite	3	63	0	1920	8
nist-epub-0003	epub	sqlite	4	63	0	2133	8
nist-epub-0003	epub	sqlite	5	63	0	2085	8
nist-epub-0003	epub	sqlite	0	64	0	1816	8
nist-epub-0003	epub	sqlite	1	64	0	1972	8
nist-epub-0003	epub	sqlite	2	64	0	2029	8
nist-epub-0003	epub	sqlite	3	64	0	2233	8
nist-epub-0003	epub	sqlite	4	64	0	2186	8
nist-epub-0003	epub	sqlite	5	64	0	2319	8
nist-epub-0003	epub	vole	0	64	0	3331	8
nist-epub-0003	epub	vole	1	64	0	3151	8
nist-epub-0003	epub	vole	2	64	0	3971	8
nist-epub-0003	epub	vole	3	64	0	3257	8
nist-epub-0003	epub	vole	4	64	0	3205	8
nist-epub-0003	epub	vole	5	64	0	3240	8
nist-epub-0003	epub	vole	0	65	0	3011	8
nist-epub-0003	epub	vole	1	65	0	3163	8
nist-epub-0003	epub	vole	2	65	0	3056	8
nist-epub-0003	epub	vole	3	65	0	3119	8
nist-epub-0003	epub	vole	4	65	0	3136	8
nist-epub-0003	epub	vole	5	65	0	3075	8
nist-epub-0003	epub	sqlite	0	65	0	2048	8
nist-epub-0003	epub	sqlite	1	65	0	2076	8
nist-epub-0003	epub	sqlite	2	65	0	2031	8
nist-epub-0003	epub	sqlite	3	65	0	2036	8
nist-epub-0003	epub	sqlite	4	65	0	2176	8
nist-epub-0003	epub	sqlite	5	65	0	2147	8
nist-epub-0003	epub	sqlite	0	66	0	1807	8
nist-epub-0003	epub	sqlite	1	66	0	1995	8
nist-epub-0003	epub	sqlite	2	66	0	2023	8
nist-epub-0003	epub	sqlite	3	66	0	1959	8
nist-epub-0003	epub	sqlite	4	66	0	2036	8
nist-epub-0003	epub	sqlite	5	66	0	2088	8
nist-epub-0003	epub	vole	0	66	0	3324	8
nist-epub-0003	epub	vole	1	66	0	3259	8
nist-epub-0003	epub	vole	2	66	0	3073	8
nist-epub-0003	epub	vole	3	66	0	3033	8
nist-epub-0003	epub	vole	4	66	0	3080	8
nist-epub-0003	epub	vole	5	66	0	3295	8
nist-epub-0003	epub	vole	0	67	0	3117	8
nist-epub-0003	epub	vole	1	67	0	3236	8
nist-epub-0003	epub	vole	2	67	0	3172	8
nist-epub-0003	epub	vole	3	67	0	3152	8
nist-epub-0003	epub	vole	4	67	0	3243	8
nist-epub-0003	epub	vole	5	67	0	3440	8
nist-epub-0003	epub	sqlite	0	67	0	2113	8
nist-epub-0003	epub	sqlite	1	67	0	2197	8
nist-epub-0003	epub	sqlite	2	67	0	2146	8
nist-epub-0003	epub	sqlite	3	67	0	2135	8
nist-epub-0003	epub	sqlite	4	67	0	2347	8
nist-epub-0003	epub	sqlite	5	67	0	2924	8
nist-epub-0003	epub	sqlite	0	68	0	1861	8
nist-epub-0003	epub	sqlite	1	68	0	1822	8
nist-epub-0003	epub	sqlite	2	68	0	2007	8
nist-epub-0003	epub	sqlite	3	68	0	2162	8
nist-epub-0003	epub	sqlite	4	68	0	2109	8
nist-epub-0003	epub	sqlite	5	68	0	2043	8
nist-epub-0003	epub	vole	0	68	0	3482	8
nist-epub-0003	epub	vole	1	68	0	3071	8
nist-epub-0003	epub	vole	2	68	0	3035	8
nist-epub-0003	epub	vole	3	68	0	3271	8
nist-epub-0003	epub	vole	4	68	0	3278	8
nist-epub-0003	epub	vole	5	68	0	3113	8
nist-epub-0003	epub	vole	0	69	0	3400	8
nist-epub-0003	epub	vole	1	69	0	3075	8
nist-epub-0003	epub	vole	2	69	0	3194	8
nist-epub-0003	epub	vole	3	69	0	3248	8
nist-epub-0003	epub	vole	4	69	0	3855	8
nist-epub-0003	epub	vole	5	69	0	3255	8
nist-epub-0003	epub	sqlite	0	69	0	2114	8
nist-epub-0003	epub	sqlite	1	69	0	1932	8
nist-epub-0003	epub	sqlite	2	69	0	2195	8
nist-epub-0003	epub	sqlite	3	69	0	2044	8
nist-epub-0003	epub	sqlite	4	69	0	2208	8
nist-epub-0003	epub	sqlite	5	69	0	2106	8
nist-epub-0003	epub	sqlite	0	70	0	1857	8
nist-epub-0003	epub	sqlite	1	70	0	1803	8
nist-epub-0003	epub	sqlite	2	70	0	1959	8
nist-epub-0003	epub	sqlite	3	70	0	2044	8
nist-epub-0003	epub	sqlite	4	70	0	2118	8
nist-epub-0003	epub	sqlite	5	70	0	2165	8
nist-epub-0003	epub	vole	0	70	0	3462	8
nist-epub-0003	epub	vole	1	70	0	3406	8
nist-epub-0003	epub	vole	2	70	0	3085	8
nist-epub-0003	epub	vole	3	70	0	3232	8
nist-epub-0003	epub	vole	4	70	0	3156	8
nist-epub-0003	epub	vole	5	70	0	3263	8
nist-epub-0003	epub	vole	0	71	0	3173	8
nist-epub-0003	epub	vole	1	71	0	3140	8
nist-epub-0003	epub	vole	2	71	0	3074	8
nist-epub-0003	epub	vole	3	71	0	3236	8
nist-epub-0003	epub	vole	4	71	0	3180	8
nist-epub-0003	epub	vole	5	71	0	3086	8
nist-epub-0003	epub	sqlite	0	71	0	2170	8
nist-epub-0003	epub	sqlite	1	71	0	2200	8
nist-epub-0003	epub	sqlite	2	71	0	2187	8
nist-epub-0003	epub	sqlite	3	71	0	1965	8
nist-epub-0003	epub	sqlite	4	71	0	2102	8
nist-epub-0003	epub	sqlite	5	71	0	2165	8
nist-epub-0003	epub	sqlite	0	72	0	1801	8
nist-epub-0003	epub	sqlite	1	72	0	1797	8
nist-epub-0003	epub	sqlite	2	72	0	2054	8
nist-epub-0003	epub	sqlite	3	72	0	2061	8
nist-epub-0003	epub	sqlite	4	72	0	2192	8
nist-epub-0003	epub	sqlite	5	72	0	2295	8
nist-epub-0003	epub	vole	0	72	0	3284	8
nist-epub-0003	epub	vole	1	72	0	3719	8
nist-epub-0003	epub	vole	2	72	0	3206	8
nist-epub-0003	epub	vole	3	72	0	3206	8
nist-epub-0003	epub	vole	4	72	0	3249	8
nist-epub-0003	epub	vole	5	72	0	3253	8
nist-epub-0003	epub	vole	0	73	0	3124	8
nist-epub-0003	epub	vole	1	73	0	3175	8
nist-epub-0003	epub	vole	2	73	0	3122	8
nist-epub-0003	epub	vole	3	73	0	3124	8
nist-epub-0003	epub	vole	4	73	0	3181	8
nist-epub-0003	epub	vole	5	73	0	3083	8
nist-epub-0003	epub	sqlite	0	73	0	2047	8
nist-epub-0003	epub	sqlite	1	73	0	1913	8
nist-epub-0003	epub	sqlite	2	73	0	2068	8
nist-epub-0003	epub	sqlite	3	73	0	1979	8
nist-epub-0003	epub	sqlite	4	73	0	2302	8
nist-epub-0003	epub	sqlite	5	73	0	2174	8
nist-epub-0003	epub	sqlite	0	74	0	1911	8
nist-epub-0003	epub	sqlite	1	74	0	1902	8
nist-epub-0003	epub	sqlite	2	74	0	2027	8
nist-epub-0003	epub	sqlite	3	74	0	2235	8
nist-epub-0003	epub	sqlite	4	74	0	2071	8
nist-epub-0003	epub	sqlite	5	74	0	2161	8
nist-epub-0003	epub	vole	0	74	0	3290	8
nist-epub-0003	epub	vole	1	74	0	3429	8
nist-epub-0003	epub	vole	2	74	0	3252	8
nist-epub-0003	epub	vole	3	74	0	3220	8
nist-epub-0003	epub	vole	4	74	0	3078	8
nist-epub-0003	epub	vole	5	74	0	3090	8
nist-epub-0003	epub	vole	0	75	0	3509	8
nist-epub-0003	epub	vole	1	75	0	3090	8
nist-epub-0003	epub	vole	2	75	0	3078	8
nist-epub-0003	epub	vole	3	75	0	3171	8
nist-epub-0003	epub	vole	4	75	0	3088	8
nist-epub-0003	epub	vole	5	75	0	3381	8
nist-epub-0003	epub	sqlite	0	75	0	2419	8
nist-epub-0003	epub	sqlite	1	75	0	2022	8
nist-epub-0003	epub	sqlite	2	75	0	2361	8
nist-epub-0003	epub	sqlite	3	75	0	2024	8
nist-epub-0003	epub	sqlite	4	75	0	2185	8
nist-epub-0003	epub	sqlite	5	75	0	2110	8
nist-epub-0003	epub	sqlite	0	76	0	1841	8
nist-epub-0003	epub	sqlite	1	76	0	1929	8
nist-epub-0003	epub	sqlite	2	76	0	2028	8
nist-epub-0003	epub	sqlite	3	76	0	2017	8
nist-epub-0003	epub	sqlite	4	76	0	1987	8
nist-epub-0003	epub	sqlite	5	76	0	2066	8
nist-epub-0003	epub	vole	0	76	0	3284	8
nist-epub-0003	epub	vole	1	76	0	3115	8
nist-epub-0003	epub	vole	2	76	0	3336	8
nist-epub-0003	epub	vole	3	76	0	3034	8
nist-epub-0003	epub	vole	4	76	0	3150	8
nist-epub-0003	epub	vole	5	76	0	3835	8
nist-epub-0003	epub	vole	0	77	0	3238	8
nist-epub-0003	epub	vole	1	77	0	3167	8
nist-epub-0003	epub	vole	2	77	0	3425	8
nist-epub-0003	epub	vole	3	77	0	3156	8
nist-epub-0003	epub	vole	4	77	0	3094	8
nist-epub-0003	epub	vole	5	77	0	3169	8
nist-epub-0003	epub	sqlite	0	77	0	2089	8
nist-epub-0003	epub	sqlite	1	77	0	2034	8
nist-epub-0003	epub	sqlite	2	77	0	2028	8
nist-epub-0003	epub	sqlite	3	77	0	2013	8
nist-epub-0003	epub	sqlite	4	77	0	2114	8
nist-epub-0003	epub	sqlite	5	77	0	2168	8
nist-epub-0003	epub	sqlite	0	78	0	1855	8
nist-epub-0003	epub	sqlite	1	78	0	1750	8
nist-epub-0003	epub	sqlite	2	78	0	2114	8
nist-epub-0003	epub	sqlite	3	78	0	1952	8
nist-epub-0003	epub	sqlite	4	78	0	2114	8
nist-epub-0003	epub	sqlite	5	78	0	2011	8
nist-epub-0003	epub	vole	0	78	0	3469	8
nist-epub-0003	epub	vole	1	78	0	3275	8
nist-epub-0003	epub	vole	2	78	0	3088	8
nist-epub-0003	epub	vole	3	78	0	3044	8
nist-epub-0003	epub	vole	4	78	0	3216	8
nist-epub-0003	epub	vole	5	78	0	3088	8
nist-epub-0003	epub	vole	0	79	0	3131	8
nist-epub-0003	epub	vole	1	79	0	3200	8
nist-epub-0003	epub	vole	2	79	0	3103	8
nist-epub-0003	epub	vole	3	79	0	3124	8
nist-epub-0003	epub	vole	4	79	0	3209	8
nist-epub-0003	epub	vole	5	79	0	3120	8
nist-epub-0003	epub	sqlite	0	79	0	2131	8
nist-epub-0003	epub	sqlite	1	79	0	2166	8
nist-epub-0003	epub	sqlite	2	79	0	2142	8
nist-epub-0003	epub	sqlite	3	79	0	2237	8
nist-epub-0003	epub	sqlite	4	79	0	2265	8
nist-epub-0003	epub	sqlite	5	79	0	2195	8
nist-epub-0003	epub	sqlite	0	80	0	1884	8
nist-epub-0003	epub	sqlite	1	80	0	1890	8
nist-epub-0003	epub	sqlite	2	80	0	2113	8
nist-epub-0003	epub	sqlite	3	80	0	2077	8
nist-epub-0003	epub	sqlite	4	80	0	2186	8
nist-epub-0003	epub	sqlite	5	80	0	2178	8
nist-epub-0003	epub	vole	0	80	0	3433	8
nist-epub-0003	epub	vole	1	80	0	3219	8
nist-epub-0003	epub	vole	2	80	0	3174	8
nist-epub-0003	epub	vole	3	80	0	3127	8
nist-epub-0003	epub	vole	4	80	0	3099	8
nist-epub-0003	epub	vole	5	80	0	3114	8
nist-epub-0003	epub	vole	0	81	0	3200	8
nist-epub-0003	epub	vole	1	81	0	3296	8
nist-epub-0003	epub	vole	2	81	0	3153	8
nist-epub-0003	epub	vole	3	81	0	3322	8
nist-epub-0003	epub	vole	4	81	0	3150	8
nist-epub-0003	epub	vole	5	81	0	3044	8
nist-epub-0003	epub	sqlite	0	81	0	2088	8
nist-epub-0003	epub	sqlite	1	81	0	2023	8
nist-epub-0003	epub	sqlite	2	81	0	2081	8
nist-epub-0003	epub	sqlite	3	81	0	2087	8
nist-epub-0003	epub	sqlite	4	81	0	2151	8
nist-epub-0003	epub	sqlite	5	81	0	2029	8
nist-epub-0003	epub	sqlite	0	82	0	1794	8
nist-epub-0003	epub	sqlite	1	82	0	1788	8
nist-epub-0003	epub	sqlite	2	82	0	2176	8
nist-epub-0003	epub	sqlite	3	82	0	2009	8
nist-epub-0003	epub	sqlite	4	82	0	2052	8
nist-epub-0003	epub	sqlite	5	82	0	2125	8
nist-epub-0003	epub	vole	0	82	0	3317	8
nist-epub-0003	epub	vole	1	82	0	3234	8
nist-epub-0003	epub	vole	2	82	0	3069	8
nist-epub-0003	epub	vole	3	82	0	3083	8
nist-epub-0003	epub	vole	4	82	0	3099	8
nist-epub-0003	epub	vole	5	82	0	3237	8
nist-epub-0003	epub	vole	0	83	0	3279	8
nist-epub-0003	epub	vole	1	83	0	3364	8
nist-epub-0003	epub	vole	2	83	0	3170	8
nist-epub-0003	epub	vole	3	83	0	3118	8
nist-epub-0003	epub	vole	4	83	0	3234	8
nist-epub-0003	epub	vole	5	83	0	3444	8
nist-epub-0003	epub	sqlite	0	83	0	2029	8
nist-epub-0003	epub	sqlite	1	83	0	1876	8
nist-epub-0003	epub	sqlite	2	83	0	2130	8
nist-epub-0003	epub	sqlite	3	83	0	2219	8
nist-epub-0003	epub	sqlite	4	83	0	2156	8
nist-epub-0003	epub	sqlite	5	83	0	2248	8
nist-epub-0003	epub	sqlite	0	84	0	2119	8
nist-epub-0003	epub	sqlite	1	84	0	1845	8
nist-epub-0003	epub	sqlite	2	84	0	2155	8
nist-epub-0003	epub	sqlite	3	84	0	2016	8
nist-epub-0003	epub	sqlite	4	84	0	2287	8
nist-epub-0003	epub	sqlite	5	84	0	2219	8
nist-epub-0003	epub	vole	0	84	0	3304	8
nist-epub-0003	epub	vole	1	84	0	3433	8
nist-epub-0003	epub	vole	2	84	0	3423	8
nist-epub-0003	epub	vole	3	84	0	3077	8
nist-epub-0003	epub	vole	4	84	0	3096	8
nist-epub-0003	epub	vole	5	84	0	3184	8
nist-epub-0003	epub	vole	0	85	0	3204	8
nist-epub-0003	epub	vole	1	85	0	3291	8
nist-epub-0003	epub	vole	2	85	0	3168	8
nist-epub-0003	epub	vole	3	85	0	3141	8
nist-epub-0003	epub	vole	4	85	0	3238	8
nist-epub-0003	epub	vole	5	85	0	3117	8
nist-epub-0003	epub	sqlite	0	85	0	2064	8
nist-epub-0003	epub	sqlite	1	85	0	2064	8
nist-epub-0003	epub	sqlite	2	85	0	1973	8
nist-epub-0003	epub	sqlite	3	85	0	2082	8
nist-epub-0003	epub	sqlite	4	85	0	2024	8
nist-epub-0003	epub	sqlite	5	85	0	2149	8
nist-epub-0003	epub	sqlite	0	86	0	1816	8
nist-epub-0003	epub	sqlite	1	86	0	1844	8
nist-epub-0003	epub	sqlite	2	86	0	2183	8
nist-epub-0003	epub	sqlite	3	86	0	1963	8
nist-epub-0003	epub	sqlite	4	86	0	2074	8
nist-epub-0003	epub	sqlite	5	86	0	2145	8
nist-epub-0003	epub	vole	0	86	0	3247	8
nist-epub-0003	epub	vole	1	86	0	3177	8
nist-epub-0003	epub	vole	2	86	0	3241	8
nist-epub-0003	epub	vole	3	86	0	3106	8
nist-epub-0003	epub	vole	4	86	0	3322	8
nist-epub-0003	epub	vole	5	86	0	3068	8
nist-epub-0003	epub	vole	0	87	0	3363	8
nist-epub-0003	epub	vole	1	87	0	3156	8
nist-epub-0003	epub	vole	2	87	0	3093	8
nist-epub-0003	epub	vole	3	87	0	3312	8
nist-epub-0003	epub	vole	4	87	0	3106	8
nist-epub-0003	epub	vole	5	87	0	3042	8
nist-epub-0003	epub	sqlite	0	87	0	2103	8
nist-epub-0003	epub	sqlite	1	87	0	1945	8
nist-epub-0003	epub	sqlite	2	87	0	2206	8
nist-epub-0003	epub	sqlite	3	87	0	3559	8
nist-epub-0003	epub	sqlite	4	87	0	2137	8
nist-epub-0003	epub	sqlite	5	87	0	2194	8
nist-epub-0003	epub	sqlite	0	88	0	2132	8
nist-epub-0003	epub	sqlite	1	88	0	1843	8
nist-epub-0003	epub	sqlite	2	88	0	2067	8
nist-epub-0003	epub	sqlite	3	88	0	2028	8
nist-epub-0003	epub	sqlite	4	88	0	2057	8
nist-epub-0003	epub	sqlite	5	88	0	1997	8
nist-epub-0003	epub	vole	0	88	0	3182	8
nist-epub-0003	epub	vole	1	88	0	3153	8
nist-epub-0003	epub	vole	2	88	0	3584	8
nist-epub-0003	epub	vole	3	88	0	3339	8
nist-epub-0003	epub	vole	4	88	0	3179	8
nist-epub-0003	epub	vole	5	88	0	3089	8
nist-epub-0003	epub	vole	0	89	0	3070	8
nist-epub-0003	epub	vole	1	89	0	3118	8
nist-epub-0003	epub	vole	2	89	0	3144	8
nist-epub-0003	epub	vole	3	89	0	3206	8
nist-epub-0003	epub	vole	4	89	0	3167	8
nist-epub-0003	epub	vole	5	89	0	3097	8
nist-epub-0003	epub	sqlite	0	89	0	2192	8
nist-epub-0003	epub	sqlite	1	89	0	1966	8
nist-epub-0003	epub	sqlite	2	89	0	2081	8
nist-epub-0003	epub	sqlite	3	89	0	2028	8
nist-epub-0003	epub	sqlite	4	89	0	2198	8
nist-epub-0003	epub	sqlite	5	89	0	2086	8
nist-epub-0003	epub	sqlite	0	90	0	1791	8
nist-epub-0003	epub	sqlite	1	90	0	1738	8
nist-epub-0003	epub	sqlite	2	90	0	1989	8
nist-epub-0003	epub	sqlite	3	90	0	1919	8
nist-epub-0003	epub	sqlite	4	90	0	2134	8
nist-epub-0003	epub	sqlite	5	90	0	2120	8
nist-epub-0003	epub	vole	0	90	0	3342	8
nist-epub-0003	epub	vole	1	90	0	3354	8
nist-epub-0003	epub	vole	2	90	0	3434	8
nist-epub-0003	epub	vole	3	90	0	3231	8
nist-epub-0003	epub	vole	4	90	0	3198	8
nist-epub-0003	epub	vole	5	90	0	3073	8
nist-epub-0003	epub	vole	0	91	0	3111	8
nist-epub-0003	epub	vole	1	91	0	3321	8
nist-epub-0003	epub	vole	2	91	0	3108	8
nist-epub-0003	epub	vole	3	91	0	3120	8
nist-epub-0003	epub	vole	4	91	0	3192	8
nist-epub-0003	epub	vole	5	91	0	3161	8
nist-epub-0003	epub	sqlite	0	91	0	2206	8
nist-epub-0003	epub	sqlite	1	91	0	1962	8
nist-epub-0003	epub	sqlite	2	91	0	2182	8
nist-epub-0003	epub	sqlite	3	91	0	2143	8
nist-epub-0003	epub	sqlite	4	91	0	2051	8
nist-epub-0003	epub	sqlite	5	91	0	2316	8
nist-epub-0003	epub	sqlite	0	92	0	1757	8
nist-epub-0003	epub	sqlite	1	92	0	1907	8
nist-epub-0003	epub	sqlite	2	92	0	2015	8
nist-epub-0003	epub	sqlite	3	92	0	2155	8
nist-epub-0003	epub	sqlite	4	92	0	2195	8
nist-epub-0003	epub	sqlite	5	92	0	2529	8
nist-epub-0003	epub	vole	0	92	0	3251	8
nist-epub-0003	epub	vole	1	92	0	3173	8
nist-epub-0003	epub	vole	2	92	0	3046	8
nist-epub-0003	epub	vole	3	92	0	3895	8
nist-epub-0003	epub	vole	4	92	0	3098	8
nist-epub-0003	epub	vole	5	92	0	3203	8
nist-epub-0003	epub	vole	0	93	0	3262	8
nist-epub-0003	epub	vole	1	93	0	3136	8
nist-epub-0003	epub	vole	2	93	0	3070	8
nist-epub-0003	epub	vole	3	93	0	3256	8
nist-epub-0003	epub	vole	4	93	0	3186	8
nist-epub-0003	epub	vole	5	93	0	3068	8
nist-epub-0003	epub	sqlite	0	93	0	2119	8
nist-epub-0003	epub	sqlite	1	93	0	1817	8
nist-epub-0003	epub	sqlite	2	93	0	2158	8
nist-epub-0003	epub	sqlite	3	93	0	2087	8
nist-epub-0003	epub	sqlite	4	93	0	2138	8
nist-epub-0003	epub	sqlite	5	93	0	2251	8
nist-epub-0003	epub	sqlite	0	94	0	1703	8
nist-epub-0003	epub	sqlite	1	94	0	1791	8
nist-epub-0003	epub	sqlite	2	94	0	1946	8
nist-epub-0003	epub	sqlite	3	94	0	2087	8
nist-epub-0003	epub	sqlite	4	94	0	2049	8
nist-epub-0003	epub	sqlite	5	94	0	2130	8
nist-epub-0003	epub	vole	0	94	0	3283	8
nist-epub-0003	epub	vole	1	94	0	3161	8
nist-epub-0003	epub	vole	2	94	0	3410	8
nist-epub-0003	epub	vole	3	94	0	3164	8
nist-epub-0003	epub	vole	4	94	0	3477	8
nist-epub-0003	epub	vole	5	94	0	3304	8
nist-epub-0003	epub	vole	0	95	0	3068	8
nist-epub-0003	epub	vole	1	95	0	3168	8
nist-epub-0003	epub	vole	2	95	0	3112	8
nist-epub-0003	epub	vole	3	95	0	3056	8
nist-epub-0003	epub	vole	4	95	0	3235	8
nist-epub-0003	epub	vole	5	95	0	3175	8
nist-epub-0003	epub	sqlite	0	95	0	2055	8
nist-epub-0003	epub	sqlite	1	95	0	1936	8
nist-epub-0003	epub	sqlite	2	95	0	2103	8
nist-epub-0003	epub	sqlite	3	95	0	2598	8
nist-epub-0003	epub	sqlite	4	95	0	2072	8
nist-epub-0003	epub	sqlite	5	95	0	2077	8
nist-epub-0003	epub	sqlite	0	96	0	1710	8
nist-epub-0003	epub	sqlite	1	96	0	1801	8
nist-epub-0003	epub	sqlite	2	96	0	2048	8
nist-epub-0003	epub	sqlite	3	96	0	2090	8
nist-epub-0003	epub	sqlite	4	96	0	2351	8
nist-epub-0003	epub	sqlite	5	96	0	2062	8
nist-epub-0003	epub	vole	0	96	0	3695	8
nist-epub-0003	epub	vole	1	96	0	3236	8
nist-epub-0003	epub	vole	2	96	0	3385	8
nist-epub-0003	epub	vole	3	96	0	3207	8
nist-epub-0003	epub	vole	4	96	0	3361	8
nist-epub-0003	epub	vole	5	96	0	3043	8
nist-epub-0003	epub	vole	0	97	0	3056	8
nist-epub-0003	epub	vole	1	97	0	3479	8
nist-epub-0003	epub	vole	2	97	0	3227	8
nist-epub-0003	epub	vole	3	97	0	3117	8
nist-epub-0003	epub	vole	4	97	0	3306	8
nist-epub-0003	epub	vole	5	97	0	3668	8
nist-epub-0003	epub	sqlite	0	97	0	2301	8
nist-epub-0003	epub	sqlite	1	97	0	2924	8
nist-epub-0003	epub	sqlite	2	97	0	2071	8
nist-epub-0003	epub	sqlite	3	97	0	2077	8
nist-epub-0003	epub	sqlite	4	97	0	2009	8
nist-epub-0003	epub	sqlite	5	97	0	2349	8
nist-epub-0003	epub	sqlite	0	98	0	1786	8
nist-epub-0003	epub	sqlite	1	98	0	1992	8
nist-epub-0003	epub	sqlite	2	98	0	2027	8
nist-epub-0003	epub	sqlite	3	98	0	2358	8
nist-epub-0003	epub	sqlite	4	98	0	2134	8
nist-epub-0003	epub	sqlite	5	98	0	2126	8
nist-epub-0003	epub	vole	0	98	0	3447	8
nist-epub-0003	epub	vole	1	98	0	3184	8
nist-epub-0003	epub	vole	2	98	0	3151	8
nist-epub-0003	epub	vole	3	98	0	3208	8
nist-epub-0003	epub	vole	4	98	0	3141	8
nist-epub-0003	epub	vole	5	98	0	3040	8
nist-epub-0003	epub	vole	0	99	0	3306	8
nist-epub-0003	epub	vole	1	99	0	3301	8
nist-epub-0003	epub	vole	2	99	0	3189	8
nist-epub-0003	epub	vole	3	99	0	3946	8
nist-epub-0003	epub	vole	4	99	0	3398	8
nist-epub-0003	epub	vole	5	99	0	3181	8
nist-epub-0003	epub	sqlite	0	99	0	2113	8
nist-epub-0003	epub	sqlite	1	99	0	1882	8
nist-epub-0003	epub	sqlite	2	99	0	2139	8
nist-epub-0003	epub	sqlite	3	99	0	2226	8
nist-epub-0003	epub	sqlite	4	99	0	2216	8
nist-epub-0003	epub	sqlite	5	99	0	2172	8
nist-epub-0003	epub	sqlite	0	100	0	1938	8
nist-epub-0003	epub	sqlite	1	100	0	1939	8
nist-epub-0003	epub	sqlite	2	100	0	2157	8
nist-epub-0003	epub	sqlite	3	100	0	2465	8
nist-epub-0003	epub	sqlite	4	100	0	2119	8
nist-epub-0003	epub	sqlite	5	100	0	2119	8
nist-epub-0003	epub	vole	0	100	0	3319	8
nist-epub-0003	epub	vole	1	100	0	3094	8
nist-epub-0003	epub	vole	2	100	0	3137	8
nist-epub-0003	epub	vole	3	100	0	3107	8
nist-epub-0003	epub	vole	4	100	0	3242	8
nist-epub-0003	epub	vole	5	100	0	3175	8
nist-epub-0006	epub	vole	0	1	0	2476	8
nist-epub-0006	epub	vole	1	1	0	2548	8
nist-epub-0006	epub	vole	2	1	0	2510	8
nist-epub-0006	epub	vole	3	1	0	2527	8
nist-epub-0006	epub	vole	4	1	0	2556	8
nist-epub-0006	epub	vole	5	1	0	2483	8
nist-epub-0006	epub	sqlite	0	1	0	1646	8
nist-epub-0006	epub	sqlite	1	1	0	1608	8
nist-epub-0006	epub	sqlite	2	1	0	1677	8
nist-epub-0006	epub	sqlite	3	1	0	1746	8
nist-epub-0006	epub	sqlite	4	1	0	1745	8
nist-epub-0006	epub	sqlite	5	1	0	1982	8
nist-epub-0006	epub	sqlite	0	2	0	1548	8
nist-epub-0006	epub	sqlite	1	2	0	1624	8
nist-epub-0006	epub	sqlite	2	2	0	1689	8
nist-epub-0006	epub	sqlite	3	2	0	1710	8
nist-epub-0006	epub	sqlite	4	2	0	1727	8
nist-epub-0006	epub	sqlite	5	2	0	1746	8
nist-epub-0006	epub	vole	0	2	0	2599	8
nist-epub-0006	epub	vole	1	2	0	2559	8
nist-epub-0006	epub	vole	2	2	0	2555	8
nist-epub-0006	epub	vole	3	2	0	2423	8
nist-epub-0006	epub	vole	4	2	0	2575	8
nist-epub-0006	epub	vole	5	2	0	2441	8
nist-epub-0006	epub	vole	0	3	0	2509	8
nist-epub-0006	epub	vole	1	3	0	2544	8
nist-epub-0006	epub	vole	2	3	0	2439	8
nist-epub-0006	epub	vole	3	3	0	2576	8
nist-epub-0006	epub	vole	4	3	0	2398	8
nist-epub-0006	epub	vole	5	3	0	2444	8
nist-epub-0006	epub	sqlite	0	3	0	1846	8
nist-epub-0006	epub	sqlite	1	3	0	1607	8
nist-epub-0006	epub	sqlite	2	3	0	1668	8
nist-epub-0006	epub	sqlite	3	3	0	1665	8
nist-epub-0006	epub	sqlite	4	3	0	1813	8
nist-epub-0006	epub	sqlite	5	3	0	1780	8
nist-epub-0006	epub	sqlite	0	4	0	1471	8
nist-epub-0006	epub	sqlite	1	4	0	1625	8
nist-epub-0006	epub	sqlite	2	4	0	1722	8
nist-epub-0006	epub	sqlite	3	4	0	1596	8
nist-epub-0006	epub	sqlite	4	4	0	1681	8
nist-epub-0006	epub	sqlite	5	4	0	1767	8
nist-epub-0006	epub	vole	0	4	0	2906	8
nist-epub-0006	epub	vole	1	4	0	2534	8
nist-epub-0006	epub	vole	2	4	0	3063	8
nist-epub-0006	epub	vole	3	4	0	2482	8
nist-epub-0006	epub	vole	4	4	0	2455	8
nist-epub-0006	epub	vole	5	4	0	2388	8
nist-epub-0006	epub	vole	0	5	0	2594	8
nist-epub-0006	epub	vole	1	5	0	2442	8
nist-epub-0006	epub	vole	2	5	0	2699	8
nist-epub-0006	epub	vole	3	5	0	2462	8
nist-epub-0006	epub	vole	4	5	0	2449	8
nist-epub-0006	epub	vole	5	5	0	2826	8
nist-epub-0006	epub	sqlite	0	5	0	1756	8
nist-epub-0006	epub	sqlite	1	5	0	1851	8
nist-epub-0006	epub	sqlite	2	5	0	1770	8
nist-epub-0006	epub	sqlite	3	5	0	1721	8
nist-epub-0006	epub	sqlite	4	5	0	1903	8
nist-epub-0006	epub	sqlite	5	5	0	1698	8
nist-epub-0006	epub	sqlite	0	6	0	1552	8
nist-epub-0006	epub	sqlite	1	6	0	1762	8
nist-epub-0006	epub	sqlite	2	6	0	1720	8
nist-epub-0006	epub	sqlite	3	6	0	1817	8
nist-epub-0006	epub	sqlite	4	6	0	1802	8
nist-epub-0006	epub	sqlite	5	6	0	1810	8
nist-epub-0006	epub	vole	0	6	0	2670	8
nist-epub-0006	epub	vole	1	6	0	2548	8
nist-epub-0006	epub	vole	2	6	0	2451	8
nist-epub-0006	epub	vole	3	6	0	2568	8
nist-epub-0006	epub	vole	4	6	0	2573	8
nist-epub-0006	epub	vole	5	6	0	2479	8
nist-epub-0006	epub	vole	0	7	0	2432	8
nist-epub-0006	epub	vole	1	7	0	2655	8
nist-epub-0006	epub	vole	2	7	0	2476	8
nist-epub-0006	epub	vole	3	7	0	2492	8
nist-epub-0006	epub	vole	4	7	0	2417	8
nist-epub-0006	epub	vole	5	7	0	2493	8
nist-epub-0006	epub	sqlite	0	7	0	1752	8
nist-epub-0006	epub	sqlite	1	7	0	1656	8
nist-epub-0006	epub	sqlite	2	7	0	1781	8
nist-epub-0006	epub	sqlite	3	7	0	1717	8
nist-epub-0006	epub	sqlite	4	7	0	1983	8
nist-epub-0006	epub	sqlite	5	7	0	1874	8
nist-epub-0006	epub	sqlite	0	8	0	2098	8
nist-epub-0006	epub	sqlite	1	8	0	1618	8
nist-epub-0006	epub	sqlite	2	8	0	1722	8
nist-epub-0006	epub	sqlite	3	8	0	1654	8
nist-epub-0006	epub	sqlite	4	8	0	1780	8
nist-epub-0006	epub	sqlite	5	8	0	2119	8
nist-epub-0006	epub	vole	0	8	0	2718	8
nist-epub-0006	epub	vole	1	8	0	2542	8
nist-epub-0006	epub	vole	2	8	0	2571	8
nist-epub-0006	epub	vole	3	8	0	2535	8
nist-epub-0006	epub	vole	4	8	0	2487	8
nist-epub-0006	epub	vole	5	8	0	2496	8
nist-epub-0006	epub	vole	0	9	0	2495	8
nist-epub-0006	epub	vole	1	9	0	2511	8
nist-epub-0006	epub	vole	2	9	0	2451	8
nist-epub-0006	epub	vole	3	9	0	2566	8
nist-epub-0006	epub	vole	4	9	0	2521	8
nist-epub-0006	epub	vole	5	9	0	2453	8
nist-epub-0006	epub	sqlite	0	9	0	1900	8
nist-epub-0006	epub	sqlite	1	9	0	1784	8
nist-epub-0006	epub	sqlite	2	9	0	1725	8
nist-epub-0006	epub	sqlite	3	9	0	1774	8
nist-epub-0006	epub	sqlite	4	9	0	1766	8
nist-epub-0006	epub	sqlite	5	9	0	1848	8
nist-epub-0006	epub	sqlite	0	10	0	1598	8
nist-epub-0006	epub	sqlite	1	10	0	1669	8
nist-epub-0006	epub	sqlite	2	10	0	1858	8
nist-epub-0006	epub	sqlite	3	10	0	1734	8
nist-epub-0006	epub	sqlite	4	10	0	1721	8
nist-epub-0006	epub	sqlite	5	10	0	1716	8
nist-epub-0006	epub	vole	0	10	0	2604	8
nist-epub-0006	epub	vole	1	10	0	2498	8
nist-epub-0006	epub	vole	2	10	0	2551	8
nist-epub-0006	epub	vole	3	10	0	2617	8
nist-epub-0006	epub	vole	4	10	0	2596	8
nist-epub-0006	epub	vole	5	10	0	2592	8
nist-epub-0006	epub	vole	0	11	0	2521	8
nist-epub-0006	epub	vole	1	11	0	2418	8
nist-epub-0006	epub	vole	2	11	0	2532	8
nist-epub-0006	epub	vole	3	11	0	2568	8
nist-epub-0006	epub	vole	4	11	0	2554	8
nist-epub-0006	epub	vole	5	11	0	2442	8
nist-epub-0006	epub	sqlite	0	11	0	1818	8
nist-epub-0006	epub	sqlite	1	11	0	1670	8
nist-epub-0006	epub	sqlite	2	11	0	1641	8
nist-epub-0006	epub	sqlite	3	11	0	1798	8
nist-epub-0006	epub	sqlite	4	11	0	1827	8
nist-epub-0006	epub	sqlite	5	11	0	1868	8
nist-epub-0006	epub	sqlite	0	12	0	1691	8
nist-epub-0006	epub	sqlite	1	12	0	1682	8
nist-epub-0006	epub	sqlite	2	12	0	1692	8
nist-epub-0006	epub	sqlite	3	12	0	1791	8
nist-epub-0006	epub	sqlite	4	12	0	1704	8
nist-epub-0006	epub	sqlite	5	12	0	1705	8
nist-epub-0006	epub	vole	0	12	0	2766	8
nist-epub-0006	epub	vole	1	12	0	2812	8
nist-epub-0006	epub	vole	2	12	0	3135	8
nist-epub-0006	epub	vole	3	12	0	2620	8
nist-epub-0006	epub	vole	4	12	0	2511	8
nist-epub-0006	epub	vole	5	12	0	2466	8
nist-epub-0006	epub	vole	0	13	0	2527	8
nist-epub-0006	epub	vole	1	13	0	2445	8
nist-epub-0006	epub	vole	2	13	0	2829	8
nist-epub-0006	epub	vole	3	13	0	2559	8
nist-epub-0006	epub	vole	4	13	0	2394	8
nist-epub-0006	epub	vole	5	13	0	2426	8
nist-epub-0006	epub	sqlite	0	13	0	1800	8
nist-epub-0006	epub	sqlite	1	13	0	1604	8
nist-epub-0006	epub	sqlite	2	13	0	2058	8
nist-epub-0006	epub	sqlite	3	13	0	1818	8
nist-epub-0006	epub	sqlite	4	13	0	1863	8
nist-epub-0006	epub	sqlite	5	13	0	1790	8
nist-epub-0006	epub	sqlite	0	14	0	1593	8
nist-epub-0006	epub	sqlite	1	14	0	1638	8
nist-epub-0006	epub	sqlite	2	14	0	1698	8
nist-epub-0006	epub	sqlite	3	14	0	1834	8
nist-epub-0006	epub	sqlite	4	14	0	1846	8
nist-epub-0006	epub	sqlite	5	14	0	1726	8
nist-epub-0006	epub	vole	0	14	0	2736	8
nist-epub-0006	epub	vole	1	14	0	2533	8
nist-epub-0006	epub	vole	2	14	0	2432	8
nist-epub-0006	epub	vole	3	14	0	2772	8
nist-epub-0006	epub	vole	4	14	0	2500	8
nist-epub-0006	epub	vole	5	14	0	2449	8
nist-epub-0006	epub	vole	0	15	0	2384	8
nist-epub-0006	epub	vole	1	15	0	2545	8
nist-epub-0006	epub	vole	2	15	0	2654	8
nist-epub-0006	epub	vole	3	15	0	2604	8
nist-epub-0006	epub	vole	4	15	0	2664	8
nist-epub-0006	epub	vole	5	15	0	2761	8
nist-epub-0006	epub	sqlite	0	15	0	1936	8
nist-epub-0006	epub	sqlite	1	15	0	1678	8
nist-epub-0006	epub	sqlite	2	15	0	1777	8
nist-epub-0006	epub	sqlite	3	15	0	1724	8
nist-epub-0006	epub	sqlite	4	15	0	1831	8
nist-epub-0006	epub	sqlite	5	15	0	2028	8
nist-epub-0006	epub	sqlite	0	16	0	1607	8
nist-epub-0006	epub	sqlite	1	16	0	1524	8
nist-epub-0006	epub	sqlite	2	16	0	1650	8
nist-epub-0006	epub	sqlite	3	16	0	1859	8
nist-epub-0006	epub	sqlite	4	16	0	1800	8
nist-epub-0006	epub	sqlite	5	16	0	1817	8
nist-epub-0006	epub	vole	0	16	0	2627	8
nist-epub-0006	epub	vole	1	16	0	2491	8
nist-epub-0006	epub	vole	2	16	0	2640	8
nist-epub-0006	epub	vole	3	16	0	2718	8
nist-epub-0006	epub	vole	4	16	0	2420	8
nist-epub-0006	epub	vole	5	16	0	2586	8
nist-epub-0006	epub	vole	0	17	0	2624	8
nist-epub-0006	epub	vole	1	17	0	2581	8
nist-epub-0006	epub	vole	2	17	0	2537	8
nist-epub-0006	epub	vole	3	17	0	2388	8
nist-epub-0006	epub	vole	4	17	0	2554	8
nist-epub-0006	epub	vole	5	17	0	2543	8
nist-epub-0006	epub	sqlite	0	17	0	1784	8
nist-epub-0006	epub	sqlite	1	17	0	1618	8
nist-epub-0006	epub	sqlite	2	17	0	1702	8
nist-epub-0006	epub	sqlite	3	17	0	1771	8
nist-epub-0006	epub	sqlite	4	17	0	1772	8
nist-epub-0006	epub	sqlite	5	17	0	1782	8
nist-epub-0006	epub	sqlite	0	18	0	1570	8
nist-epub-0006	epub	sqlite	1	18	0	1582	8
nist-epub-0006	epub	sqlite	2	18	0	1847	8
nist-epub-0006	epub	sqlite	3	18	0	1642	8
nist-epub-0006	epub	sqlite	4	18	0	1736	8
nist-epub-0006	epub	sqlite	5	18	0	1707	8
nist-epub-0006	epub	vole	0	18	0	2691	8
nist-epub-0006	epub	vole	1	18	0	2491	8
nist-epub-0006	epub	vole	2	18	0	2496	8
nist-epub-0006	epub	vole	3	18	0	2417	8
nist-epub-0006	epub	vole	4	18	0	2551	8
nist-epub-0006	epub	vole	5	18	0	2470	8
nist-epub-0006	epub	vole	0	19	0	2466	8
nist-epub-0006	epub	vole	1	19	0	2450	8
nist-epub-0006	epub	vole	2	19	0	2471	8
nist-epub-0006	epub	vole	3	19	0	2452	8
nist-epub-0006	epub	vole	4	19	0	2527	8
nist-epub-0006	epub	vole	5	19	0	2428	8
nist-epub-0006	epub	sqlite	0	19	0	1916	8
nist-epub-0006	epub	sqlite	1	19	0	1875	8
nist-epub-0006	epub	sqlite	2	19	0	1768	8
nist-epub-0006	epub	sqlite	3	19	0	1798	8
nist-epub-0006	epub	sqlite	4	19	0	1805	8
nist-epub-0006	epub	sqlite	5	19	0	1784	8
nist-epub-0006	epub	sqlite	0	20	0	1506	8
nist-epub-0006	epub	sqlite	1	20	0	1496	8
nist-epub-0006	epub	sqlite	2	20	0	1695	8
nist-epub-0006	epub	sqlite	3	20	0	1709	8
nist-epub-0006	epub	sqlite	4	20	0	1892	8
nist-epub-0006	epub	sqlite	5	20	0	1812	8
nist-epub-0006	epub	vole	0	20	0	2596	8
nist-epub-0006	epub	vole	1	20	0	2588	8
nist-epub-0006	epub	vole	2	20	0	2481	8
nist-epub-0006	epub	vole	3	20	0	2476	8
nist-epub-0006	epub	vole	4	20	0	2486	8
nist-epub-0006	epub	vole	5	20	0	2547	8
nist-epub-0006	epub	vole	0	21	0	2492	8
nist-epub-0006	epub	vole	1	21	0	2446	8
nist-epub-0006	epub	vole	2	21	0	2755	8
nist-epub-0006	epub	vole	3	21	0	2558	8
nist-epub-0006	epub	vole	4	21	0	2473	8
nist-epub-0006	epub	vole	5	21	0	2654	8
nist-epub-0006	epub	sqlite	0	21	0	1848	8
nist-epub-0006	epub	sqlite	1	21	0	1667	8
nist-epub-0006	epub	sqlite	2	21	0	1833	8
nist-epub-0006	epub	sqlite	3	21	0	1764	8
nist-epub-0006	epub	sqlite	4	21	0	1761	8
nist-epub-0006	epub	sqlite	5	21	0	1722	8
nist-epub-0006	epub	sqlite	0	22	0	1597	8
nist-epub-0006	epub	sqlite	1	22	0	1632	8
nist-epub-0006	epub	sqlite	2	22	0	1691	8
nist-epub-0006	epub	sqlite	3	22	0	1704	8
nist-epub-0006	epub	sqlite	4	22	0	1867	8
nist-epub-0006	epub	sqlite	5	22	0	1761	8
nist-epub-0006	epub	vole	0	22	0	3022	8
nist-epub-0006	epub	vole	1	22	0	2532	8
nist-epub-0006	epub	vole	2	22	0	2492	8
nist-epub-0006	epub	vole	3	22	0	2486	8
nist-epub-0006	epub	vole	4	22	0	2662	8
nist-epub-0006	epub	vole	5	22	0	2517	8
nist-epub-0006	epub	vole	0	23	0	2975	8
nist-epub-0006	epub	vole	1	23	0	2643	8
nist-epub-0006	epub	vole	2	23	0	2436	8
nist-epub-0006	epub	vole	3	23	0	2545	8
nist-epub-0006	epub	vole	4	23	0	2508	8
nist-epub-0006	epub	vole	5	23	0	2556	8
nist-epub-0006	epub	sqlite	0	23	0	1782	8
nist-epub-0006	epub	sqlite	1	23	0	1854	8
nist-epub-0006	epub	sqlite	2	23	0	1756	8
nist-epub-0006	epub	sqlite	3	23	0	1798	8
nist-epub-0006	epub	sqlite	4	23	0	1824	8
nist-epub-0006	epub	sqlite	5	23	0	1909	8
nist-epub-0006	epub	sqlite	0	24	0	1553	8
nist-epub-0006	epub	sqlite	1	24	0	1589	8
nist-epub-0006	epub	sqlite	2	24	0	1634	8
nist-epub-0006	epub	sqlite	3	24	0	1627	8
nist-epub-0006	epub	sqlite	4	24	0	1877	8
nist-epub-0006	epub	sqlite	5	24	0	1853	8
nist-epub-0006	epub	vole	0	24	0	2729	8
nist-epub-0006	epub	vole	1	24	0	2495	8
nist-epub-0006	epub	vole	2	24	0	2722	8
nist-epub-0006	epub	vole	3	24	0	2505	8
nist-epub-0006	epub	vole	4	24	0	2460	8
nist-epub-0006	epub	vole	5	24	0	2435	8
nist-epub-0006	epub	vole	0	25	0	2581	8
nist-epub-0006	epub	vole	1	25	0	2619	8
nist-epub-0006	epub	vole	2	25	0	2531	8
nist-epub-0006	epub	vole	3	25	0	2481	8
nist-epub-0006	epub	vole	4	25	0	2472	8
nist-epub-0006	epub	vole	5	25	0	2436	8
nist-epub-0006	epub	sqlite	0	25	0	1805	8
nist-epub-0006	epub	sqlite	1	25	0	1832	8
nist-epub-0006	epub	sqlite	2	25	0	1729	8
nist-epub-0006	epub	sqlite	3	25	0	1811	8
nist-epub-0006	epub	sqlite	4	25	0	1839	8
nist-epub-0006	epub	sqlite	5	25	0	1767	8
nist-epub-0006	epub	sqlite	0	26	0	1633	8
nist-epub-0006	epub	sqlite	1	26	0	1723	8
nist-epub-0006	epub	sqlite	2	26	0	1853	8
nist-epub-0006	epub	sqlite	3	26	0	1821	8
nist-epub-0006	epub	sqlite	4	26	0	1749	8
nist-epub-0006	epub	sqlite	5	26	0	1710	8
nist-epub-0006	epub	vole	0	26	0	2633	8
nist-epub-0006	epub	vole	1	26	0	2452	8
nist-epub-0006	epub	vole	2	26	0	2704	8
nist-epub-0006	epub	vole	3	26	0	2511	8
nist-epub-0006	epub	vole	4	26	0	2453	8
nist-epub-0006	epub	vole	5	26	0	2567	8
nist-epub-0006	epub	vole	0	27	0	2583	8
nist-epub-0006	epub	vole	1	27	0	2484	8
nist-epub-0006	epub	vole	2	27	0	2589	8
nist-epub-0006	epub	vole	3	27	0	2531	8
nist-epub-0006	epub	vole	4	27	0	3255	8
nist-epub-0006	epub	vole	5	27	0	2494	8
nist-epub-0006	epub	sqlite	0	27	0	1799	8
nist-epub-0006	epub	sqlite	1	27	0	1929	8
nist-epub-0006	epub	sqlite	2	27	0	1647	8
nist-epub-0006	epub	sqlite	3	27	0	1919	8
nist-epub-0006	epub	sqlite	4	27	0	1728	8
nist-epub-0006	epub	sqlite	5	27	0	1941	8
nist-epub-0006	epub	sqlite	0	28	0	1562	8
nist-epub-0006	epub	sqlite	1	28	0	1759	8
nist-epub-0006	epub	sqlite	2	28	0	1744	8
nist-epub-0006	epub	sqlite	3	28	0	1705	8
nist-epub-0006	epub	sqlite	4	28	0	1918	8
nist-epub-0006	epub	sqlite	5	28	0	1870	8
nist-epub-0006	epub	vole	0	28	0	2762	8
nist-epub-0006	epub	vole	1	28	0	2447	8
nist-epub-0006	epub	vole	2	28	0	2511	8
nist-epub-0006	epub	vole	3	28	0	2440	8
nist-epub-0006	epub	vole	4	28	0	2529	8
nist-epub-0006	epub	vole	5	28	0	2713	8
nist-epub-0006	epub	vole	0	29	0	2610	8
nist-epub-0006	epub	vole	1	29	0	2597	8
nist-epub-0006	epub	vole	2	29	0	2531	8
nist-epub-0006	epub	vole	3	29	0	2446	8
nist-epub-0006	epub	vole	4	29	0	2490	8
nist-epub-0006	epub	vole	5	29	0	2448	8
nist-epub-0006	epub	sqlite	0	29	0	2078	8
nist-epub-0006	epub	sqlite	1	29	0	1695	8
nist-epub-0006	epub	sqlite	2	29	0	1829	8
nist-epub-0006	epub	sqlite	3	29	0	1777	8
nist-epub-0006	epub	sqlite	4	29	0	1736	8
nist-epub-0006	epub	sqlite	5	29	0	1777	8
nist-epub-0006	epub	sqlite	0	30	0	1538	8
nist-epub-0006	epub	sqlite	1	30	0	1515	8
nist-epub-0006	epub	sqlite	2	30	0	1873	8
nist-epub-0006	epub	sqlite	3	30	0	1742	8
nist-epub-0006	epub	sqlite	4	30	0	1909	8
nist-epub-0006	epub	sqlite	5	30	0	1901	8
nist-epub-0006	epub	vole	0	30	0	2796	8
nist-epub-0006	epub	vole	1	30	0	2534	8
nist-epub-0006	epub	vole	2	30	0	2560	8
nist-epub-0006	epub	vole	3	30	0	2532	8
nist-epub-0006	epub	vole	4	30	0	2499	8
nist-epub-0006	epub	vole	5	30	0	2574	8
nist-epub-0006	epub	vole	0	31	0	2575	8
nist-epub-0006	epub	vole	1	31	0	2453	8
nist-epub-0006	epub	vole	2	31	0	2471	8
nist-epub-0006	epub	vole	3	31	0	2501	8
nist-epub-0006	epub	vole	4	31	0	2466	8
nist-epub-0006	epub	vole	5	31	0	2427	8
nist-epub-0006	epub	sqlite	0	31	0	1726	8
nist-epub-0006	epub	sqlite	1	31	0	1590	8
nist-epub-0006	epub	sqlite	2	31	0	1729	8
nist-epub-0006	epub	sqlite	3	31	0	1654	8
nist-epub-0006	epub	sqlite	4	31	0	2594	8
nist-epub-0006	epub	sqlite	5	31	0	1835	8
nist-epub-0006	epub	sqlite	0	32	0	1546	8
nist-epub-0006	epub	sqlite	1	32	0	1531	8
nist-epub-0006	epub	sqlite	2	32	0	1639	8
nist-epub-0006	epub	sqlite	3	32	0	1782	8
nist-epub-0006	epub	sqlite	4	32	0	1721	8
nist-epub-0006	epub	sqlite	5	32	0	1940	8
nist-epub-0006	epub	vole	0	32	0	2766	8
nist-epub-0006	epub	vole	1	32	0	2531	8
nist-epub-0006	epub	vole	2	32	0	2593	8
nist-epub-0006	epub	vole	3	32	0	2685	8
nist-epub-0006	epub	vole	4	32	0	2631	8
nist-epub-0006	epub	vole	5	32	0	2581	8
nist-epub-0006	epub	vole	0	33	0	2481	8
nist-epub-0006	epub	vole	1	33	0	2663	8
nist-epub-0006	epub	vole	2	33	0	2527	8
nist-epub-0006	epub	vole	3	33	0	2447	8
nist-epub-0006	epub	vole	4	33	0	2450	8
nist-epub-0006	epub	vole	5	33	0	2469	8
nist-epub-0006	epub	sqlite	0	33	0	1763	8
nist-epub-0006	epub	sqlite	1	33	0	1687	8
nist-epub-0006	epub	sqlite	2	33	0	1811	8
nist-epub-0006	epub	sqlite	3	33	0	1702	8
nist-epub-0006	epub	sqlite	4	33	0	1783	8
nist-epub-0006	epub	sqlite	5	33	0	1742	8
nist-epub-0006	epub	sqlite	0	34	0	1617	8
nist-epub-0006	epub	sqlite	1	34	0	1547	8
nist-epub-0006	epub	sqlite	2	34	0	1868	8
nist-epub-0006	epub	sqlite	3	34	0	1747	8
nist-epub-0006	epub	sqlite	4	34	0	1740	8
nist-epub-0006	epub	sqlite	5	34	0	1879	8
nist-epub-0006	epub	vole	0	34	0	2668	8
nist-epub-0006	epub	vole	1	34	0	2560	8
nist-epub-0006	epub	vole	2	34	0	2707	8
nist-epub-0006	epub	vole	3	34	0	2537	8
nist-epub-0006	epub	vole	4	34	0	2479	8
nist-epub-0006	epub	vole	5	34	0	2552	8
nist-epub-0006	epub	vole	0	35	0	2543	8
nist-epub-0006	epub	vole	1	35	0	2595	8
nist-epub-0006	epub	vole	2	35	0	2599	8
nist-epub-0006	epub	vole	3	35	0	2484	8
nist-epub-0006	epub	vole	4	35	0	2481	8
nist-epub-0006	epub	vole	5	35	0	2454	8
nist-epub-0006	epub	sqlite	0	35	0	1792	8
nist-epub-0006	epub	sqlite	1	35	0	1633	8
nist-epub-0006	epub	sqlite	2	35	0	1694	8
nist-epub-0006	epub	sqlite	3	35	0	1821	8
nist-epub-0006	epub	sqlite	4	35	0	1760	8
nist-epub-0006	epub	sqlite	5	35	0	1755	8
nist-epub-0006	epub	sqlite	0	36	0	1515	8
nist-epub-0006	epub	sqlite	1	36	0	1612	8
nist-epub-0006	epub	sqlite	2	36	0	1846	8
nist-epub-0006	epub	sqlite	3	36	0	1711	8
nist-epub-0006	epub	sqlite	4	36	0	1917	8
nist-epub-0006	epub	sqlite	5	36	0	1789	8
nist-epub-0006	epub	vole	0	36	0	2634	8
nist-epub-0006	epub	vole	1	36	0	2680	8
nist-epub-0006	epub	vole	2	36	0	2470	8
nist-epub-0006	epub	vole	3	36	0	2515	8
nist-epub-0006	epub	vole	4	36	0	2492	8
nist-epub-0006	epub	vole	5	36	0	2642	8
nist-epub-0006	epub	vole	0	37	0	2541	8
nist-epub-0006	epub	vole	1	37	0	2470	8
nist-epub-0006	epub	vole	2	37	0	2545	8
nist-epub-0006	epub	vole	3	37	0	2632	8
nist-epub-0006	epub	vole	4	37	0	2520	8
nist-epub-0006	epub	vole	5	37	0	2500	8
nist-epub-0006	epub	sqlite	0	37	0	1916	8
nist-epub-0006	epub	sqlite	1	37	0	1716	8
nist-epub-0006	epub	sqlite	2	37	0	1761	8
nist-epub-0006	epub	sqlite	3	37	0	2469	8
nist-epub-0006	epub	sqlite	4	37	0	1754	8
nist-epub-0006	epub	sqlite	5	37	0	1779	8
nist-epub-0006	epub	sqlite	0	38	0	1552	8
nist-epub-0006	epub	sqlite	1	38	0	1714	8
nist-epub-0006	epub	sqlite	2	38	0	1787	8
nist-epub-0006	epub	sqlite	3	38	0	1921	8
nist-epub-0006	epub	sqlite	4	38	0	1728	8
nist-epub-0006	epub	sqlite	5	38	0	1749	8
nist-epub-0006	epub	vole	0	38	0	2776	8
nist-epub-0006	epub	vole	1	38	0	2561	8
nist-epub-0006	epub	vole	2	38	0	2523	8
nist-epub-0006	epub	vole	3	38	0	2495	8
nist-epub-0006	epub	vole	4	38	0	2533	8
nist-epub-0006	epub	vole	5	38	0	2427	8
nist-epub-0006	epub	vole	0	39	0	2414	8
nist-epub-0006	epub	vole	1	39	0	2481	8
nist-epub-0006	epub	vole	2	39	0	2673	8
nist-epub-0006	epub	vole	3	39	0	2485	8
nist-epub-0006	epub	vole	4	39	0	2915	8
nist-epub-0006	epub	vole	5	39	0	2543	8
nist-epub-0006	epub	sqlite	0	39	0	1835	8
nist-epub-0006	epub	sqlite	1	39	0	1638	8
nist-epub-0006	epub	sqlite	2	39	0	1830	8
nist-epub-0006	epub	sqlite	3	39	0	1773	8
nist-epub-0006	epub	sqlite	4	39	0	1931	8
nist-epub-0006	epub	sqlite	5	39	0	1781	8
nist-epub-0006	epub	sqlite	0	40	0	1559	8
nist-epub-0006	epub	sqlite	1	40	0	1596	8
nist-epub-0006	epub	sqlite	2	40	0	1733	8
nist-epub-0006	epub	sqlite	3	40	0	1671	8
nist-epub-0006	epub	sqlite	4	40	0	1702	8
nist-epub-0006	epub	sqlite	5	40	0	1798	8
nist-epub-0006	epub	vole	0	40	0	2646	8
nist-epub-0006	epub	vole	1	40	0	2510	8
nist-epub-0006	epub	vole	2	40	0	2493	8
nist-epub-0006	epub	vole	3	40	0	2560	8
nist-epub-0006	epub	vole	4	40	0	2403	8
nist-epub-0006	epub	vole	5	40	0	2553	8
nist-epub-0006	epub	vole	0	41	0	2489	8
nist-epub-0006	epub	vole	1	41	0	2551	8
nist-epub-0006	epub	vole	2	41	0	2540	8
nist-epub-0006	epub	vole	3	41	0	2413	8
nist-epub-0006	epub	vole	4	41	0	2468	8
nist-epub-0006	epub	vole	5	41	0	2527	8
nist-epub-0006	epub	sqlite	0	41	0	1908	8
nist-epub-0006	epub	sqlite	1	41	0	1780	8
nist-epub-0006	epub	sqlite	2	41	0	1910	8
nist-epub-0006	epub	sqlite	3	41	0	1836	8
nist-epub-0006	epub	sqlite	4	41	0	1754	8
nist-epub-0006	epub	sqlite	5	41	0	1934	8
nist-epub-0006	epub	sqlite	0	42	0	1691	8
nist-epub-0006	epub	sqlite	1	42	0	1787	8
nist-epub-0006	epub	sqlite	2	42	0	1865	8
nist-epub-0006	epub	sqlite	3	42	0	1778	8
nist-epub-0006	epub	sqlite	4	42	0	1826	8
nist-epub-0006	epub	sqlite	5	42	0	1922	8
nist-epub-0006	epub	vole	0	42	0	2749	8
nist-epub-0006	epub	vole	1	42	0	2631	8
nist-epub-0006	epub	vole	2	42	0	2539	8
nist-epub-0006	epub	vole	3	42	0	2467	8
nist-epub-0006	epub	vole	4	42	0	2582	8
nist-epub-0006	epub	vole	5	42	0	2675	8
nist-epub-0006	epub	vole	0	43	0	2495	8
nist-epub-0006	epub	vole	1	43	0	2805	8
nist-epub-0006	epub	vole	2	43	0	2426	8
nist-epub-0006	epub	vole	3	43	0	2447	8
nist-epub-0006	epub	vole	4	43	0	2441	8
nist-epub-0006	epub	vole	5	43	0	2478	8
nist-epub-0006	epub	sqlite	0	43	0	1841	8
nist-epub-0006	epub	sqlite	1	43	0	1685	8
nist-epub-0006	epub	sqlite	2	43	0	1773	8
nist-epub-0006	epub	sqlite	3	43	0	1681	8
nist-epub-0006	epub	sqlite	4	43	0	1730	8
nist-epub-0006	epub	sqlite	5	43	0	2027	8
nist-epub-0006	epub	sqlite	0	44	0	1765	8
nist-epub-0006	epub	sqlite	1	44	0	1891	8
nist-epub-0006	epub	sqlite	2	44	0	1808	8
nist-epub-0006	epub	sqlite	3	44	0	1696	8
nist-epub-0006	epub	sqlite	4	44	0	1775	8
nist-epub-0006	epub	sqlite	5	44	0	2321	8
nist-epub-0006	epub	vole	0	44	0	2585	8
nist-epub-0006	epub	vole	1	44	0	2515	8
nist-epub-0006	epub	vole	2	44	0	2455	8
nist-epub-0006	epub	vole	3	44	0	2664	8
nist-epub-0006	epub	vole	4	44	0	2447	8
nist-epub-0006	epub	vole	5	44	0	2552	8
nist-epub-0006	epub	vole	0	45	0	2639	8
nist-epub-0006	epub	vole	1	45	0	2626	8
nist-epub-0006	epub	vole	2	45	0	2519	8
nist-epub-0006	epub	vole	3	45	0	2506	8
nist-epub-0006	epub	vole	4	45	0	2469	8
nist-epub-0006	epub	vole	5	45	0	2669	8
nist-epub-0006	epub	sqlite	0	45	0	1773	8
nist-epub-0006	epub	sqlite	1	45	0	1542	8
nist-epub-0006	epub	sqlite	2	45	0	1705	8
nist-epub-0006	epub	sqlite	3	45	0	1744	8
nist-epub-0006	epub	sqlite	4	45	0	1755	8
nist-epub-0006	epub	sqlite	5	45	0	1885	8
nist-epub-0006	epub	sqlite	0	46	0	1589	8
nist-epub-0006	epub	sqlite	1	46	0	1554	8
nist-epub-0006	epub	sqlite	2	46	0	1774	8
nist-epub-0006	epub	sqlite	3	46	0	1753	8
nist-epub-0006	epub	sqlite	4	46	0	2040	8
nist-epub-0006	epub	sqlite	5	46	0	1719	8
nist-epub-0006	epub	vole	0	46	0	2730	8
nist-epub-0006	epub	vole	1	46	0	2625	8
nist-epub-0006	epub	vole	2	46	0	2543	8
nist-epub-0006	epub	vole	3	46	0	2418	8
nist-epub-0006	epub	vole	4	46	0	2554	8
nist-epub-0006	epub	vole	5	46	0	2570	8
nist-epub-0006	epub	vole	0	47	0	2639	8
nist-epub-0006	epub	vole	1	47	0	2507	8
nist-epub-0006	epub	vole	2	47	0	2517	8
nist-epub-0006	epub	vole	3	47	0	2508	8
nist-epub-0006	epub	vole	4	47	0	2530	8
nist-epub-0006	epub	vole	5	47	0	2492	8
nist-epub-0006	epub	sqlite	0	47	0	1809	8
nist-epub-0006	epub	sqlite	1	47	0	1718	8
nist-epub-0006	epub	sqlite	2	47	0	1714	8
nist-epub-0006	epub	sqlite	3	47	0	1696	8
nist-epub-0006	epub	sqlite	4	47	0	1910	8
nist-epub-0006	epub	sqlite	5	47	0	1716	8
nist-epub-0006	epub	sqlite	0	48	0	1531	8
nist-epub-0006	epub	sqlite	1	48	0	1580	8
nist-epub-0006	epub	sqlite	2	48	0	1737	8
nist-epub-0006	epub	sqlite	3	48	0	2018	8
nist-epub-0006	epub	sqlite	4	48	0	1853	8
nist-epub-0006	epub	sqlite	5	48	0	1755	8
nist-epub-0006	epub	vole	0	48	0	2680	8
nist-epub-0006	epub	vole	1	48	0	2526	8
nist-epub-0006	epub	vole	2	48	0	2922	8
nist-epub-0006	epub	vole	3	48	0	2771	8
nist-epub-0006	epub	vole	4	48	0	2422	8
nist-epub-0006	epub	vole	5	48	0	2401	8
nist-epub-0006	epub	vole	0	49	0	2464	8
nist-epub-0006	epub	vole	1	49	0	2474	8
nist-epub-0006	epub	vole	2	49	0	2499	8
nist-epub-0006	epub	vole	3	49	0	2394	8
nist-epub-0006	epub	vole	4	49	0	2527	8
nist-epub-0006	epub	vole	5	49	0	2422	8
nist-epub-0006	epub	sqlite	0	49	0	1688	8
nist-epub-0006	epub	sqlite	1	49	0	1618	8
nist-epub-0006	epub	sqlite	2	49	0	1764	8
nist-epub-0006	epub	sqlite	3	49	0	1953	8
nist-epub-0006	epub	sqlite	4	49	0	1743	8
nist-epub-0006	epub	sqlite	5	49	0	1742	8
nist-epub-0006	epub	sqlite	0	50	0	1634	8
nist-epub-0006	epub	sqlite	1	50	0	1537	8
nist-epub-0006	epub	sqlite	2	50	0	1708	8
nist-epub-0006	epub	sqlite	3	50	0	1661	8
nist-epub-0006	epub	sqlite	4	50	0	1776	8
nist-epub-0006	epub	sqlite	5	50	0	1800	8
nist-epub-0006	epub	vole	0	50	0	2584	8
nist-epub-0006	epub	vole	1	50	0	2488	8
nist-epub-0006	epub	vole	2	50	0	2401	8
nist-epub-0006	epub	vole	3	50	0	2972	8
nist-epub-0006	epub	vole	4	50	0	2371	8
nist-epub-0006	epub	vole	5	50	0	2389	8
nist-epub-0006	epub	vole	0	51	0	2465	8
nist-epub-0006	epub	vole	1	51	0	2414	8
nist-epub-0006	epub	vole	2	51	0	2532	8
nist-epub-0006	epub	vole	3	51	0	2428	8
nist-epub-0006	epub	vole	4	51	0	2457	8
nist-epub-0006	epub	vole	5	51	0	3087	8
nist-epub-0006	epub	sqlite	0	51	0	1457	8
nist-epub-0006	epub	sqlite	1	51	0	1523	8
nist-epub-0006	epub	sqlite	2	51	0	1656	8
nist-epub-0006	epub	sqlite	3	51	0	1658	8
nist-epub-0006	epub	sqlite	4	51	0	1729	8
nist-epub-0006	epub	sqlite	5	51	0	1728	8
nist-epub-0006	epub	sqlite	0	52	0	1423	8
nist-epub-0006	epub	sqlite	1	52	0	1628	8
nist-epub-0006	epub	sqlite	2	52	0	1593	8
nist-epub-0006	epub	sqlite	3	52	0	1692	8
nist-epub-0006	epub	sqlite	4	52	0	1672	8
nist-epub-0006	epub	sqlite	5	52	0	1714	8
nist-epub-0006	epub	vole	0	52	0	2602	8
nist-epub-0006	epub	vole	1	52	0	2398	8
nist-epub-0006	epub	vole	2	52	0	2359	8
nist-epub-0006	epub	vole	3	52	0	2395	8
nist-epub-0006	epub	vole	4	52	0	2495	8
nist-epub-0006	epub	vole	5	52	0	2380	8
nist-epub-0006	epub	vole	0	53	0	2397	8
nist-epub-0006	epub	vole	1	53	0	2328	8
nist-epub-0006	epub	vole	2	53	0	2399	8
nist-epub-0006	epub	vole	3	53	0	2413	8
nist-epub-0006	epub	vole	4	53	0	2495	8
nist-epub-0006	epub	vole	5	53	0	2383	8
nist-epub-0006	epub	sqlite	0	53	0	1544	8
nist-epub-0006	epub	sqlite	1	53	0	1569	8
nist-epub-0006	epub	sqlite	2	53	0	1718	8
nist-epub-0006	epub	sqlite	3	53	0	1903	8
nist-epub-0006	epub	sqlite	4	53	0	1616	8
nist-epub-0006	epub	sqlite	5	53	0	1717	8
nist-epub-0006	epub	sqlite	0	54	0	1455	8
nist-epub-0006	epub	sqlite	1	54	0	1446	8
nist-epub-0006	epub	sqlite	2	54	0	1632	8
nist-epub-0006	epub	sqlite	3	54	0	1578	8
nist-epub-0006	epub	sqlite	4	54	0	1693	8
nist-epub-0006	epub	sqlite	5	54	0	1636	8
nist-epub-0006	epub	vole	0	54	0	2454	8
nist-epub-0006	epub	vole	1	54	0	2483	8
nist-epub-0006	epub	vole	2	54	0	2439	8
nist-epub-0006	epub	vole	3	54	0	2429	8
nist-epub-0006	epub	vole	4	54	0	2433	8
nist-epub-0006	epub	vole	5	54	0	2453	8
nist-epub-0006	epub	vole	0	55	0	2441	8
nist-epub-0006	epub	vole	1	55	0	2391	8
nist-epub-0006	epub	vole	2	55	0	2444	8
nist-epub-0006	epub	vole	3	55	0	2380	8
nist-epub-0006	epub	vole	4	55	0	2443	8
nist-epub-0006	epub	vole	5	55	0	2394	8
nist-epub-0006	epub	sqlite	0	55	0	1665	8
nist-epub-0006	epub	sqlite	1	55	0	1671	8
nist-epub-0006	epub	sqlite	2	55	0	1600	8
nist-epub-0006	epub	sqlite	3	55	0	1587	8
nist-epub-0006	epub	sqlite	4	55	0	1714	8
nist-epub-0006	epub	sqlite	5	55	0	2184	8
nist-epub-0006	epub	sqlite	0	56	0	1483	8
nist-epub-0006	epub	sqlite	1	56	0	1473	8
nist-epub-0006	epub	sqlite	2	56	0	1651	8
nist-epub-0006	epub	sqlite	3	56	0	1561	8
nist-epub-0006	epub	sqlite	4	56	0	1599	8
nist-epub-0006	epub	sqlite	5	56	0	1672	8
nist-epub-0006	epub	vole	0	56	0	2531	8
nist-epub-0006	epub	vole	1	56	0	2459	8
nist-epub-0006	epub	vole	2	56	0	2476	8
nist-epub-0006	epub	vole	3	56	0	2322	8
nist-epub-0006	epub	vole	4	56	0	2378	8
nist-epub-0006	epub	vole	5	56	0	2345	8
nist-epub-0006	epub	vole	0	57	0	2491	8
nist-epub-0006	epub	vole	1	57	0	2385	8
nist-epub-0006	epub	vole	2	57	0	2369	8
nist-epub-0006	epub	vole	3	57	0	2389	8
nist-epub-0006	epub	vole	4	57	0	2367	8
nist-epub-0006	epub	vole	5	57	0	2362	8
nist-epub-0006	epub	sqlite	0	57	0	1424	8
nist-epub-0006	epub	sqlite	1	57	0	1507	8
nist-epub-0006	epub	sqlite	2	57	0	1651	8
nist-epub-0006	epub	sqlite	3	57	0	1577	8
nist-epub-0006	epub	sqlite	4	57	0	1652	8
nist-epub-0006	epub	sqlite	5	57	0	1631	8
nist-epub-0006	epub	sqlite	0	58	0	1733	8
nist-epub-0006	epub	sqlite	1	58	0	1605	8
nist-epub-0006	epub	sqlite	2	58	0	1619	8
nist-epub-0006	epub	sqlite	3	58	0	1627	8
nist-epub-0006	epub	sqlite	4	58	0	1687	8
nist-epub-0006	epub	sqlite	5	58	0	1615	8
nist-epub-0006	epub	vole	0	58	0	2474	8
nist-epub-0006	epub	vole	1	58	0	2447	8
nist-epub-0006	epub	vole	2	58	0	2449	8
nist-epub-0006	epub	vole	3	58	0	2367	8
nist-epub-0006	epub	vole	4	58	0	2347	8
nist-epub-0006	epub	vole	5	58	0	2366	8
nist-epub-0006	epub	vole	0	59	0	2461	8
nist-epub-0006	epub	vole	1	59	0	2447	8
nist-epub-0006	epub	vole	2	59	0	2464	8
nist-epub-0006	epub	vole	3	59	0	2469	8
nist-epub-0006	epub	vole	4	59	0	2441	8
nist-epub-0006	epub	vole	5	59	0	2402	8
nist-epub-0006	epub	sqlite	0	59	0	1698	8
nist-epub-0006	epub	sqlite	1	59	0	1548	8
nist-epub-0006	epub	sqlite	2	59	0	1672	8
nist-epub-0006	epub	sqlite	3	59	0	1566	8
nist-epub-0006	epub	sqlite	4	59	0	1611	8
nist-epub-0006	epub	sqlite	5	59	0	1770	8
nist-epub-0006	epub	sqlite	0	60	0	1588	8
nist-epub-0006	epub	sqlite	1	60	0	1548	8
nist-epub-0006	epub	sqlite	2	60	0	1740	8
nist-epub-0006	epub	sqlite	3	60	0	1594	8
nist-epub-0006	epub	sqlite	4	60	0	1728	8
nist-epub-0006	epub	sqlite	5	60	0	1718	8
nist-epub-0006	epub	vole	0	60	0	2468	8
nist-epub-0006	epub	vole	1	60	0	2476	8
nist-epub-0006	epub	vole	2	60	0	2466	8
nist-epub-0006	epub	vole	3	60	0	2509	8
nist-epub-0006	epub	vole	4	60	0	2345	8
nist-epub-0006	epub	vole	5	60	0	2504	8
nist-epub-0006	epub	vole	0	61	0	2485	8
nist-epub-0006	epub	vole	1	61	0	2359	8
nist-epub-0006	epub	vole	2	61	0	2426	8
nist-epub-0006	epub	vole	3	61	0	2417	8
nist-epub-0006	epub	vole	4	61	0	2504	8
nist-epub-0006	epub	vole	5	61	0	2520	8
nist-epub-0006	epub	sqlite	0	61	0	1493	8
nist-epub-0006	epub	sqlite	1	61	0	1492	8
nist-epub-0006	epub	sqlite	2	61	0	1599	8
nist-epub-0006	epub	sqlite	3	61	0	1785	8
nist-epub-0006	epub	sqlite	4	61	0	1837	8
nist-epub-0006	epub	sqlite	5	61	0	1789	8
nist-epub-0006	epub	sqlite	0	62	0	1422	8
nist-epub-0006	epub	sqlite	1	62	0	1496	8
nist-epub-0006	epub	sqlite	2	62	0	1584	8
nist-epub-0006	epub	sqlite	3	62	0	1653	8
nist-epub-0006	epub	sqlite	4	62	0	1683	8
nist-epub-0006	epub	sqlite	5	62	0	1723	8
nist-epub-0006	epub	vole	0	62	0	2569	8
nist-epub-0006	epub	vole	1	62	0	2409	8
nist-epub-0006	epub	vole	2	62	0	2471	8
nist-epub-0006	epub	vole	3	62	0	2423	8
nist-epub-0006	epub	vole	4	62	0	2472	8
nist-epub-0006	epub	vole	5	62	0	2343	8
nist-epub-0006	epub	vole	0	63	0	2435	8
nist-epub-0006	epub	vole	1	63	0	2467	8
nist-epub-0006	epub	vole	2	63	0	2388	8
nist-epub-0006	epub	vole	3	63	0	2375	8
nist-epub-0006	epub	vole	4	63	0	2359	8
nist-epub-0006	epub	vole	5	63	0	2675	8
nist-epub-0006	epub	sqlite	0	63	0	1467	8
nist-epub-0006	epub	sqlite	1	63	0	1408	8
nist-epub-0006	epub	sqlite	2	63	0	1668	8
nist-epub-0006	epub	sqlite	3	63	0	1638	8
nist-epub-0006	epub	sqlite	4	63	0	1743	8
nist-epub-0006	epub	sqlite	5	63	0	1615	8
nist-epub-0006	epub	sqlite	0	64	0	1517	8
nist-epub-0006	epub	sqlite	1	64	0	1455	8
nist-epub-0006	epub	sqlite	2	64	0	1548	8
nist-epub-0006	epub	sqlite	3	64	0	1584	8
nist-epub-0006	epub	sqlite	4	64	0	1639	8
nist-epub-0006	epub	sqlite	5	64	0	1593	8
nist-epub-0006	epub	vole	0	64	0	2633	8
nist-epub-0006	epub	vole	1	64	0	2357	8
nist-epub-0006	epub	vole	2	64	0	2345	8
nist-epub-0006	epub	vole	3	64	0	2378	8
nist-epub-0006	epub	vole	4	64	0	2390	8
nist-epub-0006	epub	vole	5	64	0	2446	8
nist-epub-0006	epub	vole	0	65	0	2324	8
nist-epub-0006	epub	vole	1	65	0	2335	8
nist-epub-0006	epub	vole	2	65	0	2305	8
nist-epub-0006	epub	vole	3	65	0	2340	8
nist-epub-0006	epub	vole	4	65	0	2359	8
nist-epub-0006	epub	vole	5	65	0	2382	8
nist-epub-0006	epub	sqlite	0	65	0	1587	8
nist-epub-0006	epub	sqlite	1	65	0	1433	8
nist-epub-0006	epub	sqlite	2	65	0	1622	8
nist-epub-0006	epub	sqlite	3	65	0	1624	8
nist-epub-0006	epub	sqlite	4	65	0	1717	8
nist-epub-0006	epub	sqlite	5	65	0	1638	8
nist-epub-0006	epub	sqlite	0	66	0	1417	8
nist-epub-0006	epub	sqlite	1	66	0	1438	8
nist-epub-0006	epub	sqlite	2	66	0	1612	8
nist-epub-0006	epub	sqlite	3	66	0	1532	8
nist-epub-0006	epub	sqlite	4	66	0	1595	8
nist-epub-0006	epub	sqlite	5	66	0	1652	8
nist-epub-0006	epub	vole	0	66	0	2387	8
nist-epub-0006	epub	vole	1	66	0	2539	8
nist-epub-0006	epub	vole	2	66	0	2409	8
nist-epub-0006	epub	vole	3	66	0	2414	8
nist-epub-0006	epub	vole	4	66	0	2432	8
nist-epub-0006	epub	vole	5	66	0	2403	8
nist-epub-0006	epub	vole	0	67	0	2573	8
nist-epub-0006	epub	vole	1	67	0	2601	8
nist-epub-0006	epub	vole	2	67	0	2375	8
nist-epub-0006	epub	vole	3	67	0	2347	8
nist-epub-0006	epub	vole	4	67	0	2311	8
nist-epub-0006	epub	vole	5	67	0	2424	8
nist-epub-0006	epub	sqlite	0	67	0	1430	8
nist-epub-0006	epub	sqlite	1	67	0	1403	8
nist-epub-0006	epub	sqlite	2	67	0	1553	8
nist-epub-0006	epub	sqlite	3	67	0	1536	8
nist-epub-0006	epub	sqlite	4	67	0	1649	8
nist-epub-0006	epub	sqlite	5	67	0	1739	8
nist-epub-0006	epub	sqlite	0	68	0	1445	8
nist-epub-0006	epub	sqlite	1	68	0	1524	8
nist-epub-0006	epub	sqlite	2	68	0	1680	8
nist-epub-0006	epub	sqlite	3	68	0	1697	8
nist-epub-0006	epub	sqlite	4	68	0	1702	8
nist-epub-0006	epub	sqlite	5	68	0	1675	8
nist-epub-0006	epub	vole	0	68	0	2528	8
nist-epub-0006	epub	vole	1	68	0	2482	8
nist-epub-0006	epub	vole	2	68	0	2407	8
nist-epub-0006	epub	vole	3	68	0	2421	8
nist-epub-0006	epub	vole	4	68	0	2341	8
nist-epub-0006	epub	vole	5	68	0	2373	8
nist-epub-0006	epub	vole	0	69	0	2447	8
nist-epub-0006	epub	vole	1	69	0	2373	8
nist-epub-0006	epub	vole	2	69	0	2448	8
nist-epub-0006	epub	vole	3	69	0	2480	8
nist-epub-0006	epub	vole	4	69	0	2461	8
nist-epub-0006	epub	vole	5	69	0	2467	8
nist-epub-0006	epub	sqlite	0	69	0	1457	8
nist-epub-0006	epub	sqlite	1	69	0	1457	8
nist-epub-0006	epub	sqlite	2	69	0	1515	8
nist-epub-0006	epub	sqlite	3	69	0	1663	8
nist-epub-0006	epub	sqlite	4	69	0	1703	8
nist-epub-0006	epub	sqlite	5	69	0	1628	8
nist-epub-0006	epub	sqlite	0	70	0	1399	8
nist-epub-0006	epub	sqlite	1	70	0	1451	8
nist-epub-0006	epub	sqlite	2	70	0	1616	8
nist-epub-0006	epub	sqlite	3	70	0	1596	8
nist-epub-0006	epub	sqlite	4	70	0	1683	8
nist-epub-0006	epub	sqlite	5	70	0	1600	8
nist-epub-0006	epub	vole	0	70	0	2393	8
nist-epub-0006	epub	vole	1	70	0	2341	8
nist-epub-0006	epub	vole	2	70	0	2370	8
nist-epub-0006	epub	vole	3	70	0	2353	8
nist-epub-0006	epub	vole	4	70	0	2426	8
nist-epub-0006	epub	vole	5	70	0	2369	8
nist-epub-0006	epub	vole	0	71	0	2424	8
nist-epub-0006	epub	vole	1	71	0	2582	8
nist-epub-0006	epub	vole	2	71	0	2406	8
nist-epub-0006	epub	vole	3	71	0	2398	8
nist-epub-0006	epub	vole	4	71	0	2425	8
nist-epub-0006	epub	vole	5	71	0	2405	8
nist-epub-0006	epub	sqlite	0	71	0	1523	8
nist-epub-0006	epub	sqlite	1	71	0	1431	8
nist-epub-0006	epub	sqlite	2	71	0	1603	8
nist-epub-0006	epub	sqlite	3	71	0	1597	8
nist-epub-0006	epub	sqlite	4	71	0	1748	8
nist-epub-0006	epub	sqlite	5	71	0	1660	8
nist-epub-0006	epub	sqlite	0	72	0	1405	8
nist-epub-0006	epub	sqlite	1	72	0	1457	8
nist-epub-0006	epub	sqlite	2	72	0	1582	8
nist-epub-0006	epub	sqlite	3	72	0	1578	8
nist-epub-0006	epub	sqlite	4	72	0	1692	8
nist-epub-0006	epub	sqlite	5	72	0	1619	8
nist-epub-0006	epub	vole	0	72	0	2500	8
nist-epub-0006	epub	vole	1	72	0	2449	8
nist-epub-0006	epub	vole	2	72	0	2381	8
nist-epub-0006	epub	vole	3	72	0	2364	8
nist-epub-0006	epub	vole	4	72	0	2454	8
nist-epub-0006	epub	vole	5	72	0	2341	8
nist-epub-0006	epub	vole	0	73	0	2396	8
nist-epub-0006	epub	vole	1	73	0	2466	8
nist-epub-0006	epub	vole	2	73	0	2365	8
nist-epub-0006	epub	vole	3	73	0	2459	8
nist-epub-0006	epub	vole	4	73	0	2567	8
nist-epub-0006	epub	vole	5	73	0	2413	8
nist-epub-0006	epub	sqlite	0	73	0	1476	8
nist-epub-0006	epub	sqlite	1	73	0	1494	8
nist-epub-0006	epub	sqlite	2	73	0	1573	8
nist-epub-0006	epub	sqlite	3	73	0	1669	8
nist-epub-0006	epub	sqlite	4	73	0	1616	8
nist-epub-0006	epub	sqlite	5	73	0	1935	8
nist-epub-0006	epub	sqlite	0	74	0	1435	8
nist-epub-0006	epub	sqlite	1	74	0	1453	8
nist-epub-0006	epub	sqlite	2	74	0	1692	8
nist-epub-0006	epub	sqlite	3	74	0	1559	8
nist-epub-0006	epub	sqlite	4	74	0	1645	8
nist-epub-0006	epub	sqlite	5	74	0	1700	8
nist-epub-0006	epub	vole	0	74	0	2428	8
nist-epub-0006	epub	vole	1	74	0	2411	8
nist-epub-0006	epub	vole	2	74	0	2473	8
nist-epub-0006	epub	vole	3	74	0	2425	8
nist-epub-0006	epub	vole	4	74	0	2467	8
nist-epub-0006	epub	vole	5	74	0	2363	8
nist-epub-0006	epub	vole	0	75	0	2598	8
nist-epub-0006	epub	vole	1	75	0	2409	8
nist-epub-0006	epub	vole	2	75	0	2368	8
nist-epub-0006	epub	vole	3	75	0	2465	8
nist-epub-0006	epub	vole	4	75	0	2362	8
nist-epub-0006	epub	vole	5	75	0	2446	8
nist-epub-0006	epub	sqlite	0	75	0	1483	8
nist-epub-0006	epub	sqlite	1	75	0	1499	8
nist-epub-0006	epub	sqlite	2	75	0	1574	8
nist-epub-0006	epub	sqlite	3	75	0	1534	8
nist-epub-0006	epub	sqlite	4	75	0	1702	8
nist-epub-0006	epub	sqlite	5	75	0	1618	8
nist-epub-0006	epub	sqlite	0	76	0	1600	8
nist-epub-0006	epub	sqlite	1	76	0	1531	8
nist-epub-0006	epub	sqlite	2	76	0	1684	8
nist-epub-0006	epub	sqlite	3	76	0	1564	8
nist-epub-0006	epub	sqlite	4	76	0	1689	8
nist-epub-0006	epub	sqlite	5	76	0	1754	8
nist-epub-0006	epub	vole	0	76	0	2682	8
nist-epub-0006	epub	vole	1	76	0	2845	8
nist-epub-0006	epub	vole	2	76	0	2522	8
nist-epub-0006	epub	vole	3	76	0	2548	8
nist-epub-0006	epub	vole	4	76	0	2572	8
nist-epub-0006	epub	vole	5	76	0	2460	8
nist-epub-0006	epub	vole	0	77	0	2379	8
nist-epub-0006	epub	vole	1	77	0	2423	8
nist-epub-0006	epub	vole	2	77	0	2430	8
nist-epub-0006	epub	vole	3	77	0	2534	8
nist-epub-0006	epub	vole	4	77	0	2443	8
nist-epub-0006	epub	vole	5	77	0	2526	8
nist-epub-0006	epub	sqlite	0	77	0	1718	8
nist-epub-0006	epub	sqlite	1	77	0	1539	8
nist-epub-0006	epub	sqlite	2	77	0	1751	8
nist-epub-0006	epub	sqlite	3	77	0	1678	8
nist-epub-0006	epub	sqlite	4	77	0	1779	8
nist-epub-0006	epub	sqlite	5	77	0	1669	8
nist-epub-0006	epub	sqlite	0	78	0	1588	8
nist-epub-0006	epub	sqlite	1	78	0	1650	8
nist-epub-0006	epub	sqlite	2	78	0	1799	8
nist-epub-0006	epub	sqlite	3	78	0	1738	8
nist-epub-0006	epub	sqlite	4	78	0	1723	8
nist-epub-0006	epub	sqlite	5	78	0	1797	8
nist-epub-0006	epub	vole	0	78	0	2593	8
nist-epub-0006	epub	vole	1	78	0	2516	8
nist-epub-0006	epub	vole	2	78	0	2509	8
nist-epub-0006	epub	vole	3	78	0	2606	8
nist-epub-0006	epub	vole	4	78	0	2450	8
nist-epub-0006	epub	vole	5	78	0	2439	8
nist-epub-0006	epub	vole	0	79	0	2461	8
nist-epub-0006	epub	vole	1	79	0	2689	8
nist-epub-0006	epub	vole	2	79	0	2560	8
nist-epub-0006	epub	vole	3	79	0	2484	8
nist-epub-0006	epub	vole	4	79	0	2450	8
nist-epub-0006	epub	vole	5	79	0	2628	8
nist-epub-0006	epub	sqlite	0	79	0	1715	8
nist-epub-0006	epub	sqlite	1	79	0	1575	8
nist-epub-0006	epub	sqlite	2	79	0	1741	8
nist-epub-0006	epub	sqlite	3	79	0	1633	8
nist-epub-0006	epub	sqlite	4	79	0	1938	8
nist-epub-0006	epub	sqlite	5	79	0	1753	8
nist-epub-0006	epub	sqlite	0	80	0	1519	8
nist-epub-0006	epub	sqlite	1	80	0	1466	8
nist-epub-0006	epub	sqlite	2	80	0	1672	8
nist-epub-0006	epub	sqlite	3	80	0	1722	8
nist-epub-0006	epub	sqlite	4	80	0	1667	8
nist-epub-0006	epub	sqlite	5	80	0	1888	8
nist-epub-0006	epub	vole	0	80	0	2527	8
nist-epub-0006	epub	vole	1	80	0	2499	8
nist-epub-0006	epub	vole	2	80	0	2464	8
nist-epub-0006	epub	vole	3	80	0	2415	8
nist-epub-0006	epub	vole	4	80	0	2425	8
nist-epub-0006	epub	vole	5	80	0	2489	8
nist-epub-0006	epub	vole	0	81	0	2414	8
nist-epub-0006	epub	vole	1	81	0	2469	8
nist-epub-0006	epub	vole	2	81	0	2423	8
nist-epub-0006	epub	vole	3	81	0	2417	8
nist-epub-0006	epub	vole	4	81	0	2326	8
nist-epub-0006	epub	vole	5	81	0	2364	8
nist-epub-0006	epub	sqlite	0	81	0	1490	8
nist-epub-0006	epub	sqlite	1	81	0	1539	8
nist-epub-0006	epub	sqlite	2	81	0	1651	8
nist-epub-0006	epub	sqlite	3	81	0	1616	8
nist-epub-0006	epub	sqlite	4	81	0	1647	8
nist-epub-0006	epub	sqlite	5	81	0	1738	8
nist-epub-0006	epub	sqlite	0	82	0	1427	8
nist-epub-0006	epub	sqlite	1	82	0	1574	8
nist-epub-0006	epub	sqlite	2	82	0	1561	8
nist-epub-0006	epub	sqlite	3	82	0	1916	8
nist-epub-0006	epub	sqlite	4	82	0	1676	8
nist-epub-0006	epub	sqlite	5	82	0	1690	8
nist-epub-0006	epub	vole	0	82	0	2444	8
nist-epub-0006	epub	vole	1	82	0	2435	8
nist-epub-0006	epub	vole	2	82	0	2460	8
nist-epub-0006	epub	vole	3	82	0	2419	8
nist-epub-0006	epub	vole	4	82	0	2490	8
nist-epub-0006	epub	vole	5	82	0	2472	8
nist-epub-0006	epub	vole	0	83	0	2421	8
nist-epub-0006	epub	vole	1	83	0	2388	8
nist-epub-0006	epub	vole	2	83	0	2345	8
nist-epub-0006	epub	vole	3	83	0	2406	8
nist-epub-0006	epub	vole	4	83	0	2359	8
nist-epub-0006	epub	vole	5	83	0	2384	8
nist-epub-0006	epub	sqlite	0	83	0	1487	8
nist-epub-0006	epub	sqlite	1	83	0	1481	8
nist-epub-0006	epub	sqlite	2	83	0	1580	8
nist-epub-0006	epub	sqlite	3	83	0	1711	8
nist-epub-0006	epub	sqlite	4	83	0	1700	8
nist-epub-0006	epub	sqlite	5	83	0	1636	8
nist-epub-0006	epub	sqlite	0	84	0	1461	8
nist-epub-0006	epub	sqlite	1	84	0	2015	8
nist-epub-0006	epub	sqlite	2	84	0	1592	8
nist-epub-0006	epub	sqlite	3	84	0	1617	8
nist-epub-0006	epub	sqlite	4	84	0	1623	8
nist-epub-0006	epub	sqlite	5	84	0	1736	8
nist-epub-0006	epub	vole	0	84	0	2436	8
nist-epub-0006	epub	vole	1	84	0	2486	8
nist-epub-0006	epub	vole	2	84	0	2445	8
nist-epub-0006	epub	vole	3	84	0	2533	8
nist-epub-0006	epub	vole	4	84	0	2402	8
nist-epub-0006	epub	vole	5	84	0	2402	8
nist-epub-0006	epub	vole	0	85	0	2366	8
nist-epub-0006	epub	vole	1	85	0	2301	8
nist-epub-0006	epub	vole	2	85	0	2423	8
nist-epub-0006	epub	vole	3	85	0	2406	8
nist-epub-0006	epub	vole	4	85	0	2379	8
nist-epub-0006	epub	vole	5	85	0	2409	8
nist-epub-0006	epub	sqlite	0	85	0	1493	8
nist-epub-0006	epub	sqlite	1	85	0	1438	8
nist-epub-0006	epub	sqlite	2	85	0	1575	8
nist-epub-0006	epub	sqlite	3	85	0	1634	8
nist-epub-0006	epub	sqlite	4	85	0	1818	8
nist-epub-0006	epub	sqlite	5	85	0	1653	8
nist-epub-0006	epub	sqlite	0	86	0	1550	8
nist-epub-0006	epub	sqlite	1	86	0	1461	8
nist-epub-0006	epub	sqlite	2	86	0	1716	8
nist-epub-0006	epub	sqlite	3	86	0	1904	8
nist-epub-0006	epub	sqlite	4	86	0	1869	8
nist-epub-0006	epub	sqlite	5	86	0	1799	8
nist-epub-0006	epub	vole	0	86	0	2672	8
nist-epub-0006	epub	vole	1	86	0	2546	8
nist-epub-0006	epub	vole	2	86	0	2488	8
nist-epub-0006	epub	vole	3	86	0	2637	8
nist-epub-0006	epub	vole	4	86	0	2549	8
nist-epub-0006	epub	vole	5	86	0	2453	8
nist-epub-0006	epub	vole	0	87	0	2471	8
nist-epub-0006	epub	vole	1	87	0	2578	8
nist-epub-0006	epub	vole	2	87	0	2479	8
nist-epub-0006	epub	vole	3	87	0	2461	8
nist-epub-0006	epub	vole	4	87	0	2485	8
nist-epub-0006	epub	vole	5	87	0	2515	8
nist-epub-0006	epub	sqlite	0	87	0	1806	8
nist-epub-0006	epub	sqlite	1	87	0	1786	8
nist-epub-0006	epub	sqlite	2	87	0	1790	8
nist-epub-0006	epub	sqlite	3	87	0	1698	8
nist-epub-0006	epub	sqlite	4	87	0	1734	8
nist-epub-0006	epub	sqlite	5	87	0	1732	8
nist-epub-0006	epub	sqlite	0	88	0	1504	8
nist-epub-0006	epub	sqlite	1	88	0	1599	8
nist-epub-0006	epub	sqlite	2	88	0	1668	8
nist-epub-0006	epub	sqlite	3	88	0	1834	8
nist-epub-0006	epub	sqlite	4	88	0	1752	8
nist-epub-0006	epub	sqlite	5	88	0	1842	8
nist-epub-0006	epub	vole	0	88	0	2744	8
nist-epub-0006	epub	vole	1	88	0	2606	8
nist-epub-0006	epub	vole	2	88	0	2534	8
nist-epub-0006	epub	vole	3	88	0	2585	8
nist-epub-0006	epub	vole	4	88	0	2473	8
nist-epub-0006	epub	vole	5	88	0	2480	8
nist-epub-0006	epub	vole	0	89	0	2394	8
nist-epub-0006	epub	vole	1	89	0	2483	8
nist-epub-0006	epub	vole	2	89	0	2542	8
nist-epub-0006	epub	vole	3	89	0	2615	8
nist-epub-0006	epub	vole	4	89	0	2439	8
nist-epub-0006	epub	vole	5	89	0	2496	8
nist-epub-0006	epub	sqlite	0	89	0	1770	8
nist-epub-0006	epub	sqlite	1	89	0	1576	8
nist-epub-0006	epub	sqlite	2	89	0	1687	8
nist-epub-0006	epub	sqlite	3	89	0	1678	8
nist-epub-0006	epub	sqlite	4	89	0	1844	8
nist-epub-0006	epub	sqlite	5	89	0	1824	8
nist-epub-0006	epub	sqlite	0	90	0	1527	8
nist-epub-0006	epub	sqlite	1	90	0	1589	8
nist-epub-0006	epub	sqlite	2	90	0	1554	8
nist-epub-0006	epub	sqlite	3	90	0	1759	8
nist-epub-0006	epub	sqlite	4	90	0	1722	8
nist-epub-0006	epub	sqlite	5	90	0	1708	8
nist-epub-0006	epub	vole	0	90	0	2693	8
nist-epub-0006	epub	vole	1	90	0	2488	8
nist-epub-0006	epub	vole	2	90	0	2498	8
nist-epub-0006	epub	vole	3	90	0	2496	8
nist-epub-0006	epub	vole	4	90	0	2422	8
nist-epub-0006	epub	vole	5	90	0	2500	8
nist-epub-0006	epub	vole	0	91	0	2375	8
nist-epub-0006	epub	vole	1	91	0	2444	8
nist-epub-0006	epub	vole	2	91	0	2551	8
nist-epub-0006	epub	vole	3	91	0	2423	8
nist-epub-0006	epub	vole	4	91	0	2430	8
nist-epub-0006	epub	vole	5	91	0	2447	8
nist-epub-0006	epub	sqlite	0	91	0	1418	8
nist-epub-0006	epub	sqlite	1	91	0	1551	8
nist-epub-0006	epub	sqlite	2	91	0	1590	8
nist-epub-0006	epub	sqlite	3	91	0	1572	8
nist-epub-0006	epub	sqlite	4	91	0	1726	8
nist-epub-0006	epub	sqlite	5	91	0	1691	8
nist-epub-0006	epub	sqlite	0	92	0	1439	8
nist-epub-0006	epub	sqlite	1	92	0	1496	8
nist-epub-0006	epub	sqlite	2	92	0	1561	8
nist-epub-0006	epub	sqlite	3	92	0	1644	8
nist-epub-0006	epub	sqlite	4	92	0	1671	8
nist-epub-0006	epub	sqlite	5	92	0	1812	8
nist-epub-0006	epub	vole	0	92	0	2638	8
nist-epub-0006	epub	vole	1	92	0	2651	8
nist-epub-0006	epub	vole	2	92	0	2593	8
nist-epub-0006	epub	vole	3	92	0	2687	8
nist-epub-0006	epub	vole	4	92	0	2890	8
nist-epub-0006	epub	vole	5	92	0	2481	8
nist-epub-0006	epub	vole	0	93	0	2420	8
nist-epub-0006	epub	vole	1	93	0	2460	8
nist-epub-0006	epub	vole	2	93	0	2536	8
nist-epub-0006	epub	vole	3	93	0	2534	8
nist-epub-0006	epub	vole	4	93	0	2491	8
nist-epub-0006	epub	vole	5	93	0	2428	8
nist-epub-0006	epub	sqlite	0	93	0	1781	8
nist-epub-0006	epub	sqlite	1	93	0	1805	8
nist-epub-0006	epub	sqlite	2	93	0	1859	8
nist-epub-0006	epub	sqlite	3	93	0	1666	8
nist-epub-0006	epub	sqlite	4	93	0	1814	8
nist-epub-0006	epub	sqlite	5	93	0	1901	8
nist-epub-0006	epub	sqlite	0	94	0	1553	8
nist-epub-0006	epub	sqlite	1	94	0	1541	8
nist-epub-0006	epub	sqlite	2	94	0	1662	8
nist-epub-0006	epub	sqlite	3	94	0	1915	8
nist-epub-0006	epub	sqlite	4	94	0	1762	8
nist-epub-0006	epub	sqlite	5	94	0	1951	8
nist-epub-0006	epub	vole	0	94	0	2672	8
nist-epub-0006	epub	vole	1	94	0	2564	8
nist-epub-0006	epub	vole	2	94	0	2491	8
nist-epub-0006	epub	vole	3	94	0	2452	8
nist-epub-0006	epub	vole	4	94	0	2474	8
nist-epub-0006	epub	vole	5	94	0	2447	8
nist-epub-0006	epub	vole	0	95	0	2472	8
nist-epub-0006	epub	vole	1	95	0	2516	8
nist-epub-0006	epub	vole	2	95	0	2503	8
nist-epub-0006	epub	vole	3	95	0	2491	8
nist-epub-0006	epub	vole	4	95	0	2503	8
nist-epub-0006	epub	vole	5	95	0	2434	8
nist-epub-0006	epub	sqlite	0	95	0	1847	8
nist-epub-0006	epub	sqlite	1	95	0	1682	8
nist-epub-0006	epub	sqlite	2	95	0	1786	8
nist-epub-0006	epub	sqlite	3	95	0	1660	8
nist-epub-0006	epub	sqlite	4	95	0	1773	8
nist-epub-0006	epub	sqlite	5	95	0	1768	8
nist-epub-0006	epub	sqlite	0	96	0	1497	8
nist-epub-0006	epub	sqlite	1	96	0	1524	8
nist-epub-0006	epub	sqlite	2	96	0	1763	8
nist-epub-0006	epub	sqlite	3	96	0	1794	8
nist-epub-0006	epub	sqlite	4	96	0	1684	8
nist-epub-0006	epub	sqlite	5	96	0	1766	8
nist-epub-0006	epub	vole	0	96	0	2701	8
nist-epub-0006	epub	vole	1	96	0	2613	8
nist-epub-0006	epub	vole	2	96	0	2545	8
nist-epub-0006	epub	vole	3	96	0	2537	8
nist-epub-0006	epub	vole	4	96	0	2486	8
nist-epub-0006	epub	vole	5	96	0	2432	8
nist-epub-0006	epub	vole	0	97	0	2516	8
nist-epub-0006	epub	vole	1	97	0	2619	8
nist-epub-0006	epub	vole	2	97	0	2533	8
nist-epub-0006	epub	vole	3	97	0	2496	8
nist-epub-0006	epub	vole	4	97	0	2667	8
nist-epub-0006	epub	vole	5	97	0	2477	8
nist-epub-0006	epub	sqlite	0	97	0	1819	8
nist-epub-0006	epub	sqlite	1	97	0	1565	8
nist-epub-0006	epub	sqlite	2	97	0	1789	8
nist-epub-0006	epub	sqlite	3	97	0	1629	8
nist-epub-0006	epub	sqlite	4	97	0	1924	8
nist-epub-0006	epub	sqlite	5	97	0	1921	8
nist-epub-0006	epub	sqlite	0	98	0	1540	8
nist-epub-0006	epub	sqlite	1	98	0	1710	8
nist-epub-0006	epub	sqlite	2	98	0	1775	8
nist-epub-0006	epub	sqlite	3	98	0	1712	8
nist-epub-0006	epub	sqlite	4	98	0	1791	8
nist-epub-0006	epub	sqlite	5	98	0	2239	8
nist-epub-0006	epub	vole	0	98	0	2596	8
nist-epub-0006	epub	vole	1	98	0	2502	8
nist-epub-0006	epub	vole	2	98	0	2605	8
nist-epub-0006	epub	vole	3	98	0	2689	8
nist-epub-0006	epub	vole	4	98	0	2507	8
nist-epub-0006	epub	vole	5	98	0	2595	8
nist-epub-0006	epub	vole	0	99	0	2609	8
nist-epub-0006	epub	vole	1	99	0	2708	8
nist-epub-0006	epub	vole	2	99	0	2487	8
nist-epub-0006	epub	vole	3	99	0	2467	8
nist-epub-0006	epub	vole	4	99	0	2447	8
nist-epub-0006	epub	vole	5	99	0	3244	8
nist-epub-0006	epub	sqlite	0	99	0	1918	8
nist-epub-0006	epub	sqlite	1	99	0	1747	8
nist-epub-0006	epub	sqlite	2	99	0	1798	8
nist-epub-0006	epub	sqlite	3	99	0	1804	8
nist-epub-0006	epub	sqlite	4	99	0	1845	8
nist-epub-0006	epub	sqlite	5	99	0	1805	8
nist-epub-0006	epub	sqlite	0	100	0	1750	8
nist-epub-0006	epub	sqlite	1	100	0	1613	8
nist-epub-0006	epub	sqlite	2	100	0	1829	8
nist-epub-0006	epub	sqlite	3	100	0	1782	8
nist-epub-0006	epub	sqlite	4	100	0	2452	8
nist-epub-0006	epub	sqlite	5	100	0	2071	8
nist-epub-0006	epub	vole	0	100	0	2634	8
nist-epub-0006	epub	vole	1	100	0	2561	8
nist-epub-0006	epub	vole	2	100	0	2580	8
nist-epub-0006	epub	vole	3	100	0	2517	8
nist-epub-0006	epub	vole	4	100	0	2453	8
nist-epub-0006	epub	vole	5	100	0	2739	8
nist-epub-0008	epub	vole	0	1	0	1680	8
nist-epub-0008	epub	vole	1	1	0	1602	8
nist-epub-0008	epub	vole	2	1	0	1605	8
nist-epub-0008	epub	vole	3	1	0	1596	8
nist-epub-0008	epub	vole	4	1	0	1592	8
nist-epub-0008	epub	vole	5	1	0	1551	8
nist-epub-0008	epub	sqlite	0	1	0	1397	8
nist-epub-0008	epub	sqlite	1	1	0	1406	8
nist-epub-0008	epub	sqlite	2	1	0	1472	8
nist-epub-0008	epub	sqlite	3	1	0	1507	8
nist-epub-0008	epub	sqlite	4	1	0	1526	8
nist-epub-0008	epub	sqlite	5	1	0	1699	8
nist-epub-0008	epub	sqlite	0	2	0	1414	8
nist-epub-0008	epub	sqlite	1	2	0	1323	8
nist-epub-0008	epub	sqlite	2	2	0	1523	8
nist-epub-0008	epub	sqlite	3	2	0	1631	8
nist-epub-0008	epub	sqlite	4	2	0	1639	8
nist-epub-0008	epub	sqlite	5	2	0	1592	8
nist-epub-0008	epub	vole	0	2	0	1603	8
nist-epub-0008	epub	vole	1	2	0	1571	8
nist-epub-0008	epub	vole	2	2	0	1548	8
nist-epub-0008	epub	vole	3	2	0	1525	8
nist-epub-0008	epub	vole	4	2	0	1654	8
nist-epub-0008	epub	vole	5	2	0	1615	8
nist-epub-0008	epub	vole	0	3	0	1507	8
nist-epub-0008	epub	vole	1	3	0	1517	8
nist-epub-0008	epub	vole	2	3	0	1588	8
nist-epub-0008	epub	vole	3	3	0	1519	8
nist-epub-0008	epub	vole	4	3	0	1541	8
nist-epub-0008	epub	vole	5	3	0	1514	8
nist-epub-0008	epub	sqlite	0	3	0	1474	8
nist-epub-0008	epub	sqlite	1	3	0	1433	8
nist-epub-0008	epub	sqlite	2	3	0	1491	8
nist-epub-0008	epub	sqlite	3	3	0	1532	8
nist-epub-0008	epub	sqlite	4	3	0	2163	8
nist-epub-0008	epub	sqlite	5	3	0	1501	8
nist-epub-0008	epub	sqlite	0	4	0	1341	8
nist-epub-0008	epub	sqlite	1	4	0	1380	8
nist-epub-0008	epub	sqlite	2	4	0	1550	8
nist-epub-0008	epub	sqlite	3	4	0	1482	8
nist-epub-0008	epub	sqlite	4	4	0	1552	8
nist-epub-0008	epub	sqlite	5	4	0	1601	8
nist-epub-0008	epub	vole	0	4	0	1788	8
nist-epub-0008	epub	vole	1	4	0	1762	8
nist-epub-0008	epub	vole	2	4	0	1573	8
nist-epub-0008	epub	vole	3	4	0	1526	8
nist-epub-0008	epub	vole	4	4	0	1550	8
nist-epub-0008	epub	vole	5	4	0	1526	8
nist-epub-0008	epub	vole	0	5	0	1614	8
nist-epub-0008	epub	vole	1	5	0	1513	8
nist-epub-0008	epub	vole	2	5	0	1584	8
nist-epub-0008	epub	vole	3	5	0	1519	8
nist-epub-0008	epub	vole	4	5	0	1596	8
nist-epub-0008	epub	vole	5	5	0	1609	8
nist-epub-0008	epub	sqlite	0	5	0	1377	8
nist-epub-0008	epub	sqlite	1	5	0	1381	8
nist-epub-0008	epub	sqlite	2	5	0	1414	8
nist-epub-0008	epub	sqlite	3	5	0	1454	8
nist-epub-0008	epub	sqlite	4	5	0	1546	8
nist-epub-0008	epub	sqlite	5	5	0	1864	8
nist-epub-0008	epub	sqlite	0	6	0	1341	8
nist-epub-0008	epub	sqlite	1	6	0	1349	8
nist-epub-0008	epub	sqlite	2	6	0	1499	8
nist-epub-0008	epub	sqlite	3	6	0	1623	8
nist-epub-0008	epub	sqlite	4	6	0	1554	8
nist-epub-0008	epub	sqlite	5	6	0	1543	8
nist-epub-0008	epub	vole	0	6	0	1583	8
nist-epub-0008	epub	vole	1	6	0	1872	8
nist-epub-0008	epub	vole	2	6	0	1514	8
nist-epub-0008	epub	vole	3	6	0	1735	8
nist-epub-0008	epub	vole	4	6	0	1516	8
nist-epub-0008	epub	vole	5	6	0	1522	8
nist-epub-0008	epub	vole	0	7	0	1502	8
nist-epub-0008	epub	vole	1	7	0	1516	8
nist-epub-0008	epub	vole	2	7	0	1485	8
nist-epub-0008	epub	vole	3	7	0	1511	8
nist-epub-0008	epub	vole	4	7	0	1590	8
nist-epub-0008	epub	vole	5	7	0	1593	8
nist-epub-0008	epub	sqlite	0	7	0	1369	8
nist-epub-0008	epub	sqlite	1	7	0	1345	8
nist-epub-0008	epub	sqlite	2	7	0	1426	8
nist-epub-0008	epub	sqlite	3	7	0	1457	8
nist-epub-0008	epub	sqlite	4	7	0	1532	8
nist-epub-0008	epub	sqlite	5	7	0	1511	8
nist-epub-0008	epub	sqlite	0	8	0	1403	8
nist-epub-0008	epub	sqlite	1	8	0	1316	8
nist-epub-0008	epub	sqlite	2	8	0	1471	8
nist-epub-0008	epub	sqlite	3	8	0	1490	8
nist-epub-0008	epub	sqlite	4	8	0	1512	8
nist-epub-0008	epub	sqlite	5	8	0	1527	8
nist-epub-0008	epub	vole	0	8	0	1593	8
nist-epub-0008	epub	vole	1	8	0	1532	8
nist-epub-0008	epub	vole	2	8	0	1588	8
nist-epub-0008	epub	vole	3	8	0	1524	8
nist-epub-0008	epub	vole	4	8	0	1602	8
nist-epub-0008	epub	vole	5	8	0	1511	8
nist-epub-0008	epub	vole	0	9	0	1535	8
nist-epub-0008	epub	vole	1	9	0	1531	8
nist-epub-0008	epub	vole	2	9	0	1665	8
nist-epub-0008	epub	vole	3	9	0	1550	8
nist-epub-0008	epub	vole	4	9	0	1485	8
nist-epub-0008	epub	vole	5	9	0	1573	8
nist-epub-0008	epub	sqlite	0	9	0	1468	8
nist-epub-0008	epub	sqlite	1	9	0	1416	8
nist-epub-0008	epub	sqlite	2	9	0	1568	8
nist-epub-0008	epub	sqlite	3	9	0	1508	8
nist-epub-0008	epub	sqlite	4	9	0	1485	8
nist-epub-0008	epub	sqlite	5	9	0	2117	8
nist-epub-0008	epub	sqlite	0	10	0	1356	8
nist-epub-0008	epub	sqlite	1	10	0	1340	8
nist-epub-0008	epub	sqlite	2	10	0	1543	8
nist-epub-0008	epub	sqlite	3	10	0	1417	8
nist-epub-0008	epub	sqlite	4	10	0	1484	8
nist-epub-0008	epub	sqlite	5	10	0	1496	8
nist-epub-0008	epub	vole	0	10	0	1546	8
nist-epub-0008	epub	vole	1	10	0	1491	8
nist-epub-0008	epub	vole	2	10	0	1487	8
nist-epub-0008	epub	vole	3	10	0	1588	8
nist-epub-0008	epub	vole	4	10	0	1572	8
nist-epub-0008	epub	vole	5	10	0	1533	8
nist-epub-0008	epub	vole	0	11	0	1525	8
nist-epub-0008	epub	vole	1	11	0	1577	8
nist-epub-0008	epub	vole	2	11	0	1521	8
nist-epub-0008	epub	vole	3	11	0	2163	8
nist-epub-0008	epub	vole	4	11	0	1602	8
nist-epub-0008	epub	vole	5	11	0	1527	8
nist-epub-0008	epub	sqlite	0	11	0	1304	8
nist-epub-0008	epub	sqlite	1	11	0	1988	8
nist-epub-0008	epub	sqlite	2	11	0	1445	8
nist-epub-0008	epub	sqlite	3	11	0	1530	8
nist-epub-0008	epub	sqlite	4	11	0	1606	8
nist-epub-0008	epub	sqlite	5	11	0	1626	8
nist-epub-0008	epub	sqlite	0	12	0	1476	8
nist-epub-0008	epub	sqlite	1	12	0	1344	8
nist-epub-0008	epub	sqlite	2	12	0	1450	8
nist-epub-0008	epub	sqlite	3	12	0	1543	8
nist-epub-0008	epub	sqlite	4	12	0	1744	8
nist-epub-0008	epub	sqlite	5	12	0	1505	8
nist-epub-0008	epub	vole	0	12	0	1681	8
nist-epub-0008	epub	vole	1	12	0	1529	8
nist-epub-0008	epub	vole	2	12	0	1508	8
nist-epub-0008	epub	vole	3	12	0	1537	8
nist-epub-0008	epub	vole	4	12	0	1577	8
nist-epub-0008	epub	vole	5	12	0	1580	8
nist-epub-0008	epub	vole	0	13	0	1588	8
nist-epub-0008	epub	vole	1	13	0	1578	8
nist-epub-0008	epub	vole	2	13	0	1536	8
nist-epub-0008	epub	vole	3	13	0	1527	8
nist-epub-0008	epub	vole	4	13	0	1565	8
nist-epub-0008	epub	vole	5	13	0	1526	8
nist-epub-0008	epub	sqlite	0	13	0	1388	8
nist-epub-0008	epub	sqlite	1	13	0	1373	8
nist-epub-0008	epub	sqlite	2	13	0	1452	8
nist-epub-0008	epub	sqlite	3	13	0	1429	8
nist-epub-0008	epub	sqlite	4	13	0	1536	8
nist-epub-0008	epub	sqlite	5	13	0	1611	8
nist-epub-0008	epub	sqlite	0	14	0	1312	8
nist-epub-0008	epub	sqlite	1	14	0	1285	8
nist-epub-0008	epub	sqlite	2	14	0	1417	8
nist-epub-0008	epub	sqlite	3	14	0	1519	8
nist-epub-0008	epub	sqlite	4	14	0	1513	8
nist-epub-0008	epub	sqlite	5	14	0	1482	8
nist-epub-0008	epub	vole	0	14	0	1581	8
nist-epub-0008	epub	vole	1	14	0	1505	8
nist-epub-0008	epub	vole	2	14	0	1509	8
nist-epub-0008	epub	vole	3	14	0	2126	8
nist-epub-0008	epub	vole	4	14	0	1574	8
nist-epub-0008	epub	vole	5	14	0	1524	8
nist-epub-0008	epub	vole	0	15	0	1567	8
nist-epub-0008	epub	vole	1	15	0	1522	8
nist-epub-0008	epub	vole	2	15	0	1591	8
nist-epub-0008	epub	vole	3	15	0	2258	8
nist-epub-0008	epub	vole	4	15	0	1555	8
nist-epub-0008	epub	vole	5	15	0	1547	8
nist-epub-0008	epub	sqlite	0	15	0	1397	8
nist-epub-0008	epub	sqlite	1	15	0	1335	8
nist-epub-0008	epub	sqlite	2	15	0	1430	8
nist-epub-0008	epub	sqlite	3	15	0	1424	8
nist-epub-0008	epub	sqlite	4	15	0	1624	8
nist-epub-0008	epub	sqlite	5	15	0	1512	8
nist-epub-0008	epub	sqlite	0	16	0	1500	8
nist-epub-0008	epub	sqlite	1	16	0	1418	8
nist-epub-0008	epub	sqlite	2	16	0	1678	8
nist-epub-0008	epub	sqlite	3	16	0	1578	8
nist-epub-0008	epub	sqlite	4	16	0	1613	8
nist-epub-0008	epub	sqlite	5	16	0	1629	8
nist-epub-0008	epub	vole	0	16	0	1859	8
nist-epub-0008	epub	vole	1	16	0	1680	8
nist-epub-0008	epub	vole	2	16	0	1592	8
nist-epub-0008	epub	vole	3	16	0	1550	8
nist-epub-0008	epub	vole	4	16	0	1531	8
nist-epub-0008	epub	vole	5	16	0	1527	8
nist-epub-0008	epub	vole	0	17	0	2204	8
nist-epub-0008	epub	vole	1	17	0	1598	8
nist-epub-0008	epub	vole	2	17	0	1538	8
nist-epub-0008	epub	vole	3	17	0	1555	8
nist-epub-0008	epub	vole	4	17	0	1594	8
nist-epub-0008	epub	vole	5	17	0	1633	8
nist-epub-0008	epub	sqlite	0	17	0	1615	8
nist-epub-0008	epub	sqlite	1	17	0	1548	8
nist-epub-0008	epub	sqlite	2	17	0	1702	8
nist-epub-0008	epub	sqlite	3	17	0	1681	8
nist-epub-0008	epub	sqlite	4	17	0	2392	8
nist-epub-0008	epub	sqlite	5	17	0	1684	8
nist-epub-0008	epub	sqlite	0	18	0	1466	8
nist-epub-0008	epub	sqlite	1	18	0	1516	8
nist-epub-0008	epub	sqlite	2	18	0	1586	8
nist-epub-0008	epub	sqlite	3	18	0	1541	8
nist-epub-0008	epub	sqlite	4	18	0	1735	8
nist-epub-0008	epub	sqlite	5	18	0	1588	8
nist-epub-0008	epub	vole	0	18	0	1774	8
nist-epub-0008	epub	vole	1	18	0	1713	8
nist-epub-0008	epub	vole	2	18	0	1640	8
nist-epub-0008	epub	vole	3	18	0	1645	8
nist-epub-0008	epub	vole	4	18	0	1738	8
nist-epub-0008	epub	vole	5	18	0	1642	8
nist-epub-0008	epub	vole	0	19	0	1817	8
nist-epub-0008	epub	vole	1	19	0	1624	8
nist-epub-0008	epub	vole	2	19	0	1561	8
nist-epub-0008	epub	vole	3	19	0	1588	8
nist-epub-0008	epub	vole	4	19	0	1640	8
nist-epub-0008	epub	vole	5	19	0	1601	8
nist-epub-0008	epub	sqlite	0	19	0	1682	8
nist-epub-0008	epub	sqlite	1	19	0	1535	8
nist-epub-0008	epub	sqlite	2	19	0	1866	8
nist-epub-0008	epub	sqlite	3	19	0	1606	8
nist-epub-0008	epub	sqlite	4	19	0	1738	8
nist-epub-0008	epub	sqlite	5	19	0	1762	8
nist-epub-0008	epub	sqlite	0	20	0	1491	8
nist-epub-0008	epub	sqlite	1	20	0	1477	8
nist-epub-0008	epub	sqlite	2	20	0	1545	8
nist-epub-0008	epub	sqlite	3	20	0	1605	8
nist-epub-0008	epub	sqlite	4	20	0	1720	8
nist-epub-0008	epub	sqlite	5	20	0	1705	8
nist-epub-0008	epub	vole	0	20	0	1782	8
nist-epub-0008	epub	vole	1	20	0	1716	8
nist-epub-0008	epub	vole	2	20	0	1711	8
nist-epub-0008	epub	vole	3	20	0	1590	8
nist-epub-0008	epub	vole	4	20	0	1621	8
nist-epub-0008	epub	vole	5	20	0	1588	8
nist-epub-0008	epub	vole	0	21	0	1601	8
nist-epub-0008	epub	vole	1	21	0	1597	8
nist-epub-0008	epub	vole	2	21	0	1541	8
nist-epub-0008	epub	vole	3	21	0	1565	8
nist-epub-0008	epub	vole	4	21	0	1700	8
nist-epub-0008	epub	vole	5	21	0	1711	8
nist-epub-0008	epub	sqlite	0	21	0	1685	8
nist-epub-0008	epub	sqlite	1	21	0	1599	8
nist-epub-0008	epub	sqlite	2	21	0	1623	8
nist-epub-0008	epub	sqlite	3	21	0	1696	8
nist-epub-0008	epub	sqlite	4	21	0	1689	8
nist-epub-0008	epub	sqlite	5	21	0	1597	8
nist-epub-0008	epub	sqlite	0	22	0	1451	8
nist-epub-0008	epub	sqlite	1	22	0	1524	8
nist-epub-0008	epub	sqlite	2	22	0	1656	8
nist-epub-0008	epub	sqlite	3	22	0	1718	8
nist-epub-0008	epub	sqlite	4	22	0	1652	8
nist-epub-0008	epub	sqlite	5	22	0	1732	8
nist-epub-0008	epub	vole	0	22	0	1976	8
nist-epub-0008	epub	vole	1	22	0	1708	8
nist-epub-0008	epub	vole	2	22	0	1660	8
nist-epub-0008	epub	vole	3	22	0	1600	8
nist-epub-0008	epub	vole	4	22	0	1568	8
nist-epub-0008	epub	vole	5	22	0	1609	8
nist-epub-0008	epub	vole	0	23	0	1725	8
nist-epub-0008	epub	vole	1	23	0	1605	8
nist-epub-0008	epub	vole	2	23	0	1914	8
nist-epub-0008	epub	vole	3	23	0	1674	8
nist-epub-0008	epub	vole	4	23	0	1663	8
nist-epub-0008	epub	vole	5	23	0	1666	8
nist-epub-0008	epub	sqlite	0	23	0	1779	8
nist-epub-0008	epub	sqlite	1	23	0	1672	8
nist-epub-0008	epub	sqlite	2	23	0	1683	8
nist-epub-0008	epub	sqlite	3	23	0	1623	8
nist-epub-0008	epub	sqlite	4	23	0	1652	8
nist-epub-0008	epub	sqlite	5	23	0	1738	8
nist-epub-0008	epub	sqlite	0	24	0	1462	8
nist-epub-0008	epub	sqlite	1	24	0	1534	8
nist-epub-0008	epub	sqlite	2	24	0	1615	8
nist-epub-0008	epub	sqlite	3	24	0	1810	8
nist-epub-0008	epub	sqlite	4	24	0	1654	8
nist-epub-0008	epub	sqlite	5	24	0	1668	8
nist-epub-0008	epub	vole	0	24	0	1999	8
nist-epub-0008	epub	vole	1	24	0	1637	8
nist-epub-0008	epub	vole	2	24	0	1562	8
nist-epub-0008	epub	vole	3	24	0	1657	8
nist-epub-0008	epub	vole	4	24	0	1619	8
nist-epub-0008	epub	vole	5	24	0	1677	8
nist-epub-0008	epub	vole	0	25	0	1693	8
nist-epub-0008	epub	vole	1	25	0	1619	8
nist-epub-0008	epub	vole	2	25	0	1585	8
nist-epub-0008	epub	vole	3	25	0	1648	8
nist-epub-0008	epub	vole	4	25	0	1765	8
nist-epub-0008	epub	vole	5	25	0	1706	8
nist-epub-0008	epub	sqlite	0	25	0	1896	8
nist-epub-0008	epub	sqlite	1	25	0	1732	8
nist-epub-0008	epub	sqlite	2	25	0	1746	8
nist-epub-0008	epub	sqlite	3	25	0	2121	8
nist-epub-0008	epub	sqlite	4	25	0	1798	8
nist-epub-0008	epub	sqlite	5	25	0	1752	8
nist-epub-0008	epub	sqlite	0	26	0	1563	8
nist-epub-0008	epub	sqlite	1	26	0	1520	8
nist-epub-0008	epub	sqlite	2	26	0	1727	8
nist-epub-0008	epub	sqlite	3	26	0	1670	8
nist-epub-0008	epub	sqlite	4	26	0	1701	8
nist-epub-0008	epub	sqlite	5	26	0	2219	8
nist-epub-0008	epub	vole	0	26	0	1944	8
nist-epub-0008	epub	vole	1	26	0	1663	8
nist-epub-0008	epub	vole	2	26	0	1652	8
nist-epub-0008	epub	vole	3	26	0	1662	8
nist-epub-0008	epub	vole	4	26	0	1640	8
nist-epub-0008	epub	vole	5	26	0	1703	8
nist-epub-0008	epub	vole	0	27	0	1582	8
nist-epub-0008	epub	vole	1	27	0	1679	8
nist-epub-0008	epub	vole	2	27	0	1731	8
nist-epub-0008	epub	vole	3	27	0	1675	8
nist-epub-0008	epub	vole	4	27	0	1621	8
nist-epub-0008	epub	vole	5	27	0	1635	8
nist-epub-0008	epub	sqlite	0	27	0	1783	8
nist-epub-0008	epub	sqlite	1	27	0	1709	8
nist-epub-0008	epub	sqlite	2	27	0	1653	8
nist-epub-0008	epub	sqlite	3	27	0	1682	8
nist-epub-0008	epub	sqlite	4	27	0	1815	8
nist-epub-0008	epub	sqlite	5	27	0	2554	8
nist-epub-0008	epub	sqlite	0	28	0	1440	8
nist-epub-0008	epub	sqlite	1	28	0	1505	8
nist-epub-0008	epub	sqlite	2	28	0	1665	8
nist-epub-0008	epub	sqlite	3	28	0	1724	8
nist-epub-0008	epub	sqlite	4	28	0	1728	8
nist-epub-0008	epub	sqlite	5	28	0	1750	8
nist-epub-0008	epub	vole	0	28	0	1828	8
nist-epub-0008	epub	vole	1	28	0	1923	8
nist-epub-0008	epub	vole	2	28	0	1836	8
nist-epub-0008	epub	vole	3	28	0	1695	8
nist-epub-0008	epub	vole	4	28	0	1612	8
nist-epub-0008	epub	vole	5	28	0	1653	8
nist-epub-0008	epub	vole	0	29	0	1577	8
nist-epub-0008	epub	vole	1	29	0	1755	8
nist-epub-0008	epub	vole	2	29	0	1642	8
nist-epub-0008	epub	vole	3	29	0	1601	8
nist-epub-0008	epub	vole	4	29	0	1577	8
nist-epub-0008	epub	vole	5	29	0	1596	8
nist-epub-0008	epub	sqlite	0	29	0	1937	8
nist-epub-0008	epub	sqlite	1	29	0	1813	8
nist-epub-0008	epub	sqlite	2	29	0	1932	8
nist-epub-0008	epub	sqlite	3	29	0	1682	8
nist-epub-0008	epub	sqlite	4	29	0	1862	8
nist-epub-0008	epub	sqlite	5	29	0	1752	8
nist-epub-0008	epub	sqlite	0	30	0	1587	8
nist-epub-0008	epub	sqlite	1	30	0	1627	8
nist-epub-0008	epub	sqlite	2	30	0	1677	8
nist-epub-0008	epub	sqlite	3	30	0	1791	8
nist-epub-0008	epub	sqlite	4	30	0	1880	8
nist-epub-0008	epub	sqlite	5	30	0	1799	8
nist-epub-0008	epub	vole	0	30	0	1882	8
nist-epub-0008	epub	vole	1	30	0	1845	8
nist-epub-0008	epub	vole	2	30	0	1631	8
nist-epub-0008	epub	vole	3	30	0	1616	8
nist-epub-0008	epub	vole	4	30	0	1657	8
nist-epub-0008	epub	vole	5	30	0	1787	8
nist-epub-0008	epub	vole	0	31	0	1646	8
nist-epub-0008	epub	vole	1	31	0	1689	8
nist-epub-0008	epub	vole	2	31	0	1596	8
nist-epub-0008	epub	vole	3	31	0	1587	8
nist-epub-0008	epub	vole	4	31	0	1691	8
nist-epub-0008	epub	vole	5	31	0	1625	8
nist-epub-0008	epub	sqlite	0	31	0	1668	8
nist-epub-0008	epub	sqlite	1	31	0	1546	8
nist-epub-0008	epub	sqlite	2	31	0	1766	8
nist-epub-0008	epub	sqlite	3	31	0	1676	8
nist-epub-0008	epub	sqlite	4	31	0	1929	8
nist-epub-0008	epub	sqlite	5	31	0	1597	8
nist-epub-0008	epub	sqlite	0	32	0	1419	8
nist-epub-0008	epub	sqlite	1	32	0	1679	8
nist-epub-0008	epub	sqlite	2	32	0	1491	8
nist-epub-0008	epub	sqlite	3	32	0	1488	8
nist-epub-0008	epub	sqlite	4	32	0	1607	8
nist-epub-0008	epub	sqlite	5	32	0	1812	8
nist-epub-0008	epub	vole	0	32	0	1744	8
nist-epub-0008	epub	vole	1	32	0	1597	8
nist-epub-0008	epub	vole	2	32	0	1542	8
nist-epub-0008	epub	vole	3	32	0	1545	8
nist-epub-0008	epub	vole	4	32	0	1653	8
nist-epub-0008	epub	vole	5	32	0	1631	8
nist-epub-0008	epub	vole	0	33	0	1528	8
nist-epub-0008	epub	vole	1	33	0	1595	8
nist-epub-0008	epub	vole	2	33	0	1582	8
nist-epub-0008	epub	vole	3	33	0	1648	8
nist-epub-0008	epub	vole	4	33	0	1737	8
nist-epub-0008	epub	vole	5	33	0	1589	8
nist-epub-0008	epub	sqlite	0	33	0	1596	8
nist-epub-0008	epub	sqlite	1	33	0	2205	8
nist-epub-0008	epub	sqlite	2	33	0	1620	8
nist-epub-0008	epub	sqlite	3	33	0	1530	8
nist-epub-0008	epub	sqlite	4	33	0	1677	8
nist-epub-0008	epub	sqlite	5	33	0	1580	8
nist-epub-0008	epub	sqlite	0	34	0	1476	8
nist-epub-0008	epub	sqlite	1	34	0	1384	8
nist-epub-0008	epub	sqlite	2	34	0	1592	8
nist-epub-0008	epub	sqlite	3	34	0	1483	8
nist-epub-0008	epub	sqlite	4	34	0	1532	8
nist-epub-0008	epub	sqlite	5	34	0	2219	8
nist-epub-0008	epub	vole	0	34	0	1737	8
nist-epub-0008	epub	vole	1	34	0	1738	8
nist-epub-0008	epub	vole	2	34	0	1709	8
nist-epub-0008	epub	vole	3	34	0	1627	8
nist-epub-0008	epub	vole	4	34	0	1976	8
nist-epub-0008	epub	vole	5	34	0	1680	8
nist-epub-0008	epub	vole	0	35	0	1665	8
nist-epub-0008	epub	vole	1	35	0	1552	8
nist-epub-0008	epub	vole	2	35	0	1533	8
nist-epub-0008	epub	vole	3	35	0	1586	8
nist-epub-0008	epub	vole	4	35	0	2532	8
nist-epub-0008	epub	vole	5	35	0	1746	8
nist-epub-0008	epub	sqlite	0	35	0	1796	8
nist-epub-0008	epub	sqlite	1	35	0	1469	8
nist-epub-0008	epub	sqlite	2	35	0	1567	8
nist-epub-0008	epub	sqlite	3	35	0	1466	8
nist-epub-0008	epub	sqlite	4	35	0	1532	8
nist-epub-0008	epub	sqlite	5	35	0	1502	8
nist-epub-0008	epub	sqlite	0	36	0	1381	8
nist-epub-0008	epub	sqlite	1	36	0	1463	8
nist-epub-0008	epub	sqlite	2	36	0	1760	8
nist-epub-0008	epub	sqlite	3	36	0	1551	8
nist-epub-0008	epub	sqlite	4	36	0	1732	8
nist-epub-0008	epub	sqlite	5	36	0	1647	8
nist-epub-0008	epub	vole	0	36	0	1771	8
nist-epub-0008	epub	vole	1	36	0	1663	8
nist-epub-0008	epub	vole	2	36	0	1656	8
nist-epub-0008	epub	vole	3	36	0	1627	8
nist-epub-0008	epub	vole	4	36	0	1650	8
nist-epub-0008	epub	vole	5	36	0	1615	8
nist-epub-0008	epub	vole	0	37	0	1622	8
nist-epub-0008	epub	vole	1	37	0	1681	8
nist-epub-0008	epub	vole	2	37	0	1544	8
nist-epub-0008	epub	vole	3	37	0	1691	8
nist-epub-0008	epub	vole	4	37	0	1651	8
nist-epub-0008	epub	vole	5	37	0	1759	8
nist-epub-0008	epub	sqlite	0	37	0	1655	8
nist-epub-0008	epub	sqlite	1	37	0	1528	8
nist-epub-0008	epub	sqlite	2	37	0	1535	8
nist-epub-0008	epub	sqlite	3	37	0	1587	8
nist-epub-0008	epub	sqlite	4	37	0	1746	8
nist-epub-0008	epub	sqlite	5	37	0	1665	8
nist-epub-0008	epub	sqlite	0	38	0	1817	8
nist-epub-0008	epub	sqlite	1	38	0	1421	8
nist-epub-0008	epub	sqlite	2	38	0	1553	8
nist-epub-0008	epub	sqlite	3	38	0	1616	8
nist-epub-0008	epub	sqlite	4	38	0	1714	8
nist-epub-0008	epub	sqlite	5	38	0	1632	8
nist-epub-0008	epub	vole	0	38	0	1790	8
nist-epub-0008	epub	vole	1	38	0	1564	8
nist-epub-0008	epub	vole	2	38	0	1765	8
nist-epub-0008	epub	vole	3	38	0	1742	8
nist-epub-0008	epub	vole	4	38	0	1796	8
nist-epub-0008	epub	vole	5	38	0	1708	8
nist-epub-0008	epub	vole	0	39	0	1659	8
nist-epub-0008	epub	vole	1	39	0	1664	8
nist-epub-0008	epub	vole	2	39	0	1611	8
nist-epub-0008	epub	vole	3	39	0	1795	8
nist-epub-0008	epub	vole	4	39	0	1607	8
nist-epub-0008	epub	vole	5	39	0	1792	8
nist-epub-0008	epub	sqlite	0	39	0	1729	8
nist-epub-0008	epub	sqlite	1	39	0	1509	8
nist-epub-0008	epub	sqlite	2	39	0	1583	8
nist-epub-0008	epub	sqlite	3	39	0	1633	8
nist-epub-0008	epub	sqlite	4	39	0	1715	8
nist-epub-0008	epub	sqlite	5	39	0	1620	8
nist-epub-0008	epub	sqlite	0	40	0	1502	8
nist-epub-0008	epub	sqlite	1	40	0	1456	8
nist-epub-0008	epub	sqlite	2	40	0	1520	8
nist-epub-0008	epub	sqlite	3	40	0	1496	8
nist-epub-0008	epub	sqlite	4	40	0	1600	8
nist-epub-0008	epub	sqlite	5	40	0	1790	8
nist-epub-0008	epub	vole	0	40	0	1837	8
nist-epub-0008	epub	vole	1	40	0	1612	8
nist-epub-0008	epub	vole	2	40	0	1593	8
nist-epub-0008	epub	vole	3	40	0	1537	8
nist-epub-0008	epub	vole	4	40	0	1534	8
nist-epub-0008	epub	vole	5	40	0	1574	8
nist-epub-0008	epub	vole	0	41	0	1584	8
nist-epub-0008	epub	vole	1	41	0	1624	8
nist-epub-0008	epub	vole	2	41	0	1648	8
nist-epub-0008	epub	vole	3	41	0	1647	8
nist-epub-0008	epub	vole	4	41	0	1521	8
nist-epub-0008	epub	vole	5	41	0	1595	8
nist-epub-0008	epub	sqlite	0	41	0	1384	8
nist-epub-0008	epub	sqlite	1	41	0	1440	8
nist-epub-0008	epub	sqlite	2	41	0	1514	8
nist-epub-0008	epub	sqlite	3	41	0	1477	8
nist-epub-0008	epub	sqlite	4	41	0	1531	8
nist-epub-0008	epub	sqlite	5	41	0	1520	8
nist-epub-0008	epub	sqlite	0	42	0	1317	8
nist-epub-0008	epub	sqlite	1	42	0	1562	8
nist-epub-0008	epub	sqlite	2	42	0	1529	8
nist-epub-0008	epub	sqlite	3	42	0	1627	8
nist-epub-0008	epub	sqlite	4	42	0	1543	8
nist-epub-0008	epub	sqlite	5	42	0	1946	8
nist-epub-0008	epub	vole	0	42	0	1657	8
nist-epub-0008	epub	vole	1	42	0	1630	8
nist-epub-0008	epub	vole	2	42	0	1514	8
nist-epub-0008	epub	vole	3	42	0	1551	8
nist-epub-0008	epub	vole	4	42	0	1667	8
nist-epub-0008	epub	vole	5	42	0	1579	8
nist-epub-0008	epub	vole	0	43	0	1582	8
nist-epub-0008	epub	vole	1	43	0	2209	8
nist-epub-0008	epub	vole	2	43	0	1564	8
nist-epub-0008	epub	vole	3	43	0	1513	8
nist-epub-0008	epub	vole	4	43	0	1578	8
nist-epub-0008	epub	vole	5	43	0	1555	8
nist-epub-0008	epub	sqlite	0	43	0	1618	8
nist-epub-0008	epub	sqlite	1	43	0	1387	8
nist-epub-0008	epub	sqlite	2	43	0	1736	8
nist-epub-0008	epub	sqlite	3	43	0	1437	8
nist-epub-0008	epub	sqlite	4	43	0	1550	8
nist-epub-0008	epub	sqlite	5	43	0	1581	8
nist-epub-0008	epub	sqlite	0	44	0	1425	8
nist-epub-0008	epub	sqlite	1	44	0	1386	8
nist-epub-0008	epub	sqlite	2	44	0	1566	8
nist-epub-0008	epub	sqlite	3	44	0	1430	8
nist-epub-0008	epub	sqlite	4	44	0	1703	8
nist-epub-0008	epub	sqlite	5	44	0	1569	8
nist-epub-0008	epub	vole	0	44	0	1668	8
nist-epub-0008	epub	vole	1	44	0	1569	8
nist-epub-0008	epub	vole	2	44	0	1630	8
nist-epub-0008	epub	vole	3	44	0	1599	8
nist-epub-0008	epub	vole	4	44	0	1537	8
nist-epub-0008	epub	vole	5	44	0	1547	8
nist-epub-0008	epub	vole	0	45	0	1531	8
nist-epub-0008	epub	vole	1	45	0	1566	8
nist-epub-0008	epub	vole	2	45	0	1517	8
nist-epub-0008	epub	vole	3	45	0	1607	8
nist-epub-0008	epub	vole	4	45	0	1601	8
nist-epub-0008	epub	vole	5	45	0	1755	8
nist-epub-0008	epub	sqlite	0	45	0	1377	8
nist-epub-0008	epub	sqlite	1	45	0	1435	8
nist-epub-0008	epub	sqlite	2	45	0	1505	8
nist-epub-0008	epub	sqlite	3	45	0	1593	8
nist-epub-0008	epub	sqlite	4	45	0	1681	8
nist-epub-0008	epub	sqlite	5	45	0	1537	8
nist-epub-0008	epub	sqlite	0	46	0	1331	8
nist-epub-0008	epub	sqlite	1	46	0	1520	8
nist-epub-0008	epub	sqlite	2	46	0	1489	8
nist-epub-0008	epub	sqlite	3	46	0	1474	8
nist-epub-0008	epub	sqlite	4	46	0	1611	8
nist-epub-0008	epub	sqlite	5	46	0	1580	8
nist-epub-0008	epub	vole	0	46	0	1724	8
nist-epub-0008	epub	vole	1	46	0	1567	8
nist-epub-0008	epub	vole	2	46	0	1586	8
nist-epub-0008	epub	vole	3	46	0	1506	8
nist-epub-0008	epub	vole	4	46	0	1528	8
nist-epub-0008	epub	vole	5	46	0	1570	8
nist-epub-0008	epub	vole	0	47	0	1548	8
nist-epub-0008	epub	vole	1	47	0	1576	8
nist-epub-0008	epub	vole	2	47	0	1572	8
nist-epub-0008	epub	vole	3	47	0	1544	8
nist-epub-0008	epub	vole	4	47	0	1566	8
nist-epub-0008	epub	vole	5	47	0	1539	8
nist-epub-0008	epub	sqlite	0	47	0	1575	8
nist-epub-0008	epub	sqlite	1	47	0	1386	8
nist-epub-0008	epub	sqlite	2	47	0	1514	8
nist-epub-0008	epub	sqlite	3	47	0	1548	8
nist-epub-0008	epub	sqlite	4	47	0	1548	8
nist-epub-0008	epub	sqlite	5	47	0	1547	8
nist-epub-0008	epub	sqlite	0	48	0	1366	8
nist-epub-0008	epub	sqlite	1	48	0	1426	8
nist-epub-0008	epub	sqlite	2	48	0	1531	8
nist-epub-0008	epub	sqlite	3	48	0	1601	8
nist-epub-0008	epub	sqlite	4	48	0	1559	8
nist-epub-0008	epub	sqlite	5	48	0	1562	8
nist-epub-0008	epub	vole	0	48	0	1670	8
nist-epub-0008	epub	vole	1	48	0	1651	8
nist-epub-0008	epub	vole	2	48	0	1507	8
nist-epub-0008	epub	vole	3	48	0	1536	8
nist-epub-0008	epub	vole	4	48	0	1506	8
nist-epub-0008	epub	vole	5	48	0	1497	8
nist-epub-0008	epub	vole	0	49	0	1586	8
nist-epub-0008	epub	vole	1	49	0	1616	8
nist-epub-0008	epub	vole	2	49	0	1658	8
nist-epub-0008	epub	vole	3	49	0	1620	8
nist-epub-0008	epub	vole	4	49	0	1647	8
nist-epub-0008	epub	vole	5	49	0	1480	8
nist-epub-0008	epub	sqlite	0	49	0	1379	8
nist-epub-0008	epub	sqlite	1	49	0	1346	8
nist-epub-0008	epub	sqlite	2	49	0	1475	8
nist-epub-0008	epub	sqlite	3	49	0	1490	8
nist-epub-0008	epub	sqlite	4	49	0	1510	8
nist-epub-0008	epub	sqlite	5	49	0	1498	8
nist-epub-0008	epub	sqlite	0	50	0	1355	8
nist-epub-0008	epub	sqlite	1	50	0	1302	8
nist-epub-0008	epub	sqlite	2	50	0	1504	8
nist-epub-0008	epub	sqlite	3	50	0	1481	8
nist-epub-0008	epub	sqlite	4	50	0	1625	8
nist-epub-0008	epub	sqlite	5	50	0	1593	8
nist-epub-0008	epub	vole	0	50	0	1568	8
nist-epub-0008	epub	vole	1	50	0	1528	8
nist-epub-0008	epub	vole	2	50	0	1483	8
nist-epub-0008	epub	vole	3	50	0	1549	8
nist-epub-0008	epub	vole	4	50	0	1560	8
nist-epub-0008	epub	vole	5	50	0	1456	8
nist-epub-0008	epub	vole	0	51	0	1630	8
nist-epub-0008	epub	vole	1	51	0	1651	8
nist-epub-0008	epub	vole	2	51	0	1568	8
nist-epub-0008	epub	vole	3	51	0	1590	8
nist-epub-0008	epub	vole	4	51	0	1579	8
nist-epub-0008	epub	vole	5	51	0	1501	8
nist-epub-0008	epub	sqlite	0	51	0	1424	8
nist-epub-0008	epub	sqlite	1	51	0	1395	8
nist-epub-0008	epub	sqlite	2	51	0	1452	8
nist-epub-0008	epub	sqlite	3	51	0	1487	8
nist-epub-0008	epub	sqlite	4	51	0	1580	8
nist-epub-0008	epub	sqlite	5	51	0	2236	8
nist-epub-0008	epub	sqlite	0	52	0	1411	8
nist-epub-0008	epub	sqlite	1	52	0	1352	8
nist-epub-0008	epub	sqlite	2	52	0	1445	8
nist-epub-0008	epub	sqlite	3	52	0	1453	8
nist-epub-0008	epub	sqlite	4	52	0	1602	8
nist-epub-0008	epub	sqlite	5	52	0	1493	8
nist-epub-0008	epub	vole	0	52	0	1584	8
nist-epub-0008	epub	vole	1	52	0	1509	8
nist-epub-0008	epub	vole	2	52	0	1530	8
nist-epub-0008	epub	vole	3	52	0	1546	8
nist-epub-0008	epub	vole	4	52	0	1527	8
nist-epub-0008	epub	vole	5	52	0	1818	8
nist-epub-0008	epub	vole	0	53	0	1534	8
nist-epub-0008	epub	vole	1	53	0	1488	8
nist-epub-0008	epub	vole	2	53	0	1602	8
nist-epub-0008	epub	vole	3	53	0	2170	8
nist-epub-0008	epub	vole	4	53	0	1506	8
nist-epub-0008	epub	vole	5	53	0	1551	8
nist-epub-0008	epub	sqlite	0	53	0	1467	8
nist-epub-0008	epub	sqlite	1	53	0	1383	8
nist-epub-0008	epub	sqlite	2	53	0	1468	8
nist-epub-0008	epub	sqlite	3	53	0	1496	8
nist-epub-0008	epub	sqlite	4	53	0	1542	8
nist-epub-0008	epub	sqlite	5	53	0	1502	8
nist-epub-0008	epub	sqlite	0	54	0	2017	8
nist-epub-0008	epub	sqlite	1	54	0	1364	8
nist-epub-0008	epub	sqlite	2	54	0	1423	8
nist-epub-0008	epub	sqlite	3	54	0	1515	8
nist-epub-0008	epub	sqlite	4	54	0	1540	8
nist-epub-0008	epub	sqlite	5	54	0	1511	8
nist-epub-0008	epub	vole	0	54	0	1553	8
nist-epub-0008	epub	vole	1	54	0	1604	8
nist-epub-0008	epub	vole	2	54	0	1594	8
nist-epub-0008	epub	vole	3	54	0	1540	8
nist-epub-0008	epub	vole	4	54	0	1622	8
nist-epub-0008	epub	vole	5	54	0	1567	8
nist-epub-0008	epub	vole	0	55	0	1533	8
nist-epub-0008	epub	vole	1	55	0	2321	8
nist-epub-0008	epub	vole	2	55	0	1648	8
nist-epub-0008	epub	vole	3	55	0	1572	8
nist-epub-0008	epub	vole	4	55	0	1601	8
nist-epub-0008	epub	vole	5	55	0	1651	8
nist-epub-0008	epub	sqlite	0	55	0	1430	8
nist-epub-0008	epub	sqlite	1	55	0	1388	8
nist-epub-0008	epub	sqlite	2	55	0	1524	8
nist-epub-0008	epub	sqlite	3	55	0	1478	8
nist-epub-0008	epub	sqlite	4	55	0	1569	8
nist-epub-0008	epub	sqlite	5	55	0	1544	8
nist-epub-0008	epub	sqlite	0	56	0	1354	8
nist-epub-0008	epub	sqlite	1	56	0	1388	8
nist-epub-0008	epub	sqlite	2	56	0	1430	8
nist-epub-0008	epub	sqlite	3	56	0	1573	8
nist-epub-0008	epub	sqlite	4	56	0	1520	8
nist-epub-0008	epub	sqlite	5	56	0	1549	8
nist-epub-0008	epub	vole	0	56	0	1566	8
nist-epub-0008	epub	vole	1	56	0	1610	8
nist-epub-0008	epub	vole	2	56	0	1562	8
nist-epub-0008	epub	vole	3	56	0	1527	8
nist-epub-0008	epub	vole	4	56	0	1492	8
nist-epub-0008	epub	vole	5	56	0	1595	8
nist-epub-0008	epub	vole	0	57	0	1536	8
nist-epub-0008	epub	vole	1	57	0	1503	8
nist-epub-0008	epub	vole	2	57	0	2089	8
nist-epub-0008	epub	vole	3	57	0	1609	8
nist-epub-0008	epub	vole	4	57	0	1536	8
nist-epub-0008	epub	vole	5	57	0	1680	8
nist-epub-0008	epub	sqlite	0	57	0	1331	8
nist-epub-0008	epub	sqlite	1	57	0	1436	8
nist-epub-0008	epub	sqlite	2	57	0	1453	8
nist-epub-0008	epub	sqlite	3	57	0	1518	8
nist-epub-0008	epub	sqlite	4	57	0	1592	8
nist-epub-0008	epub	sqlite	5	57	0	1624	8
nist-epub-0008	epub	sqlite	0	58	0	1373	8
nist-epub-0008	epub	sqlite	1	58	0	1397	8
nist-epub-0008	epub	sqlite	2	58	0	1462	8
nist-epub-0008	epub	sqlite	3	58	0	1451	8
nist-epub-0008	epub	sqlite	4	58	0	1499	8
nist-epub-0008	epub	sqlite	5	58	0	1592	8
nist-epub-0008	epub	vole	0	58	0	1758	8
nist-epub-0008	epub	vole	1	58	0	1626	8
nist-epub-0008	epub	vole	2	58	0	1687	8
nist-epub-0008	epub	vole	3	58	0	1606	8
nist-epub-0008	epub	vole	4	58	0	1469	8
nist-epub-0008	epub	vole	5	58	0	1597	8
nist-epub-0008	epub	vole	0	59	0	1523	8
nist-epub-0008	epub	vole	1	59	0	1614	8
nist-epub-0008	epub	vole	2	59	0	1561	8
nist-epub-0008	epub	vole	3	59	0	1602	8
nist-epub-0008	epub	vole	4	59	0	1529	8
nist-epub-0008	epub	vole	5	59	0	1532	8
nist-epub-0008	epub	sqlite	0	59	0	1307	8
nist-epub-0008	epub	sqlite	1	59	0	1383	8
nist-epub-0008	epub	sqlite	2	59	0	1591	8
nist-epub-0008	epub	sqlite	3	59	0	1554	8
nist-epub-0008	epub	sqlite	4	59	0	1550	8
nist-epub-0008	epub	sqlite	5	59	0	1640	8
nist-epub-0008	epub	sqlite	0	60	0	1311	8
nist-epub-0008	epub	sqlite	1	60	0	1370	8
nist-epub-0008	epub	sqlite	2	60	0	1515	8
nist-epub-0008	epub	sqlite	3	60	0	1413	8
nist-epub-0008	epub	sqlite	4	60	0	1631	8
nist-epub-0008	epub	sqlite	5	60	0	1654	8
nist-epub-0008	epub	vole	0	60	0	1623	8
nist-epub-0008	epub	vole	1	60	0	1506	8
nist-epub-0008	epub	vole	2	60	0	1558	8
nist-epub-0008	epub	vole	3	60	0	1488	8
nist-epub-0008	epub	vole	4	60	0	1520	8
nist-epub-0008	epub	vole	5	60	0	1511	8
nist-epub-0008	epub	vole	0	61	0	1649	8
nist-epub-0008	epub	vole	1	61	0	1547	8
nist-epub-0008	epub	vole	2	61	0	2178	8
nist-epub-0008	epub	vole	3	61	0	1628	8
nist-epub-0008	epub	vole	4	61	0	1552	8
nist-epub-0008	epub	vole	5	61	0	1702	8
nist-epub-0008	epub	sqlite	0	61	0	1343	8
nist-epub-0008	epub	sqlite	1	61	0	1361	8
nist-epub-0008	epub	sqlite	2	61	0	1486	8
nist-epub-0008	epub	sqlite	3	61	0	1390	8
nist-epub-0008	epub	sqlite	4	61	0	1573	8
nist-epub-0008	epub	sqlite	5	61	0	1538	8
nist-epub-0008	epub	sqlite	0	62	0	1412	8
nist-epub-0008	epub	sqlite	1	62	0	1404	8
nist-epub-0008	epub	sqlite	2	62	0	1479	8
nist-epub-0008	epub	sqlite	3	62	0	1476	8
nist-epub-0008	epub	sqlite	4	62	0	1706	8
nist-epub-0008	epub	sqlite	5	62	0	1610	8
nist-epub-0008	epub	vole	0	62	0	1643	8
nist-epub-0008	epub	vole	1	62	0	1603	8
nist-epub-0008	epub	vole	2	62	0	1559	8
nist-epub-0008	epub	vole	3	62	0	1613	8
nist-epub-0008	epub	vole	4	62	0	1630	8
nist-epub-0008	epub	vole	5	62	0	1645	8
nist-epub-0008	epub	vole	0	63	0	1618	8
nist-epub-0008	epub	vole	1	63	0	1596	8
nist-epub-0008	epub	vole	2	63	0	1509	8
nist-epub-0008	epub	vole	3	63	0	1673	8
nist-epub-0008	epub	vole	4	63	0	1521	8
nist-epub-0008	epub	vole	5	63	0	1538	8
nist-epub-0008	epub	sqlite	0	63	0	1336	8
nist-epub-0008	epub	sqlite	1	63	0	1393	8
nist-epub-0008	epub	sqlite	2	63	0	1424	8
nist-epub-0008	epub	sqlite	3	63	0	1483	8
nist-epub-0008	epub	sqlite	4	63	0	1529	8
nist-epub-0008	epub	sqlite	5	63	0	1637	8
nist-epub-0008	epub	sqlite	0	64	0	1295	8
nist-epub-0008	epub	sqlite	1	64	0	1455	8
nist-epub-0008	epub	sqlite	2	64	0	1489	8
nist-epub-0008	epub	sqlite	3	64	0	1428	8
nist-epub-0008	epub	sqlite	4	64	0	1609	8
nist-epub-0008	epub	sqlite	5	64	0	1621	8
nist-epub-0008	epub	vole	0	64	0	1645	8
nist-epub-0008	epub	vole	1	64	0	1559	8
nist-epub-0008	epub	vole	2	64	0	1616	8
nist-epub-0008	epub	vole	3	64	0	1594	8
nist-epub-0008	epub	vole	4	64	0	1637	8
nist-epub-0008	epub	vole	5	64	0	1571	8
nist-epub-0008	epub	vole	0	65	0	1587	8
nist-epub-0008	epub	vole	1	65	0	1498	8
nist-epub-0008	epub	vole	2	65	0	1539	8
nist-epub-0008	epub	vole	3	65	0	1537	8
nist-epub-0008	epub	vole	4	65	0	1550	8
nist-epub-0008	epub	vole	5	65	0	1500	8
nist-epub-0008	epub	sqlite	0	65	0	1446	8
nist-epub-0008	epub	sqlite	1	65	0	1330	8
nist-epub-0008	epub	sqlite	2	65	0	1471	8
nist-epub-0008	epub	sqlite	3	65	0	1480	8
nist-epub-0008	epub	sqlite	4	65	0	1580	8
nist-epub-0008	epub	sqlite	5	65	0	1527	8
nist-epub-0008	epub	sqlite	0	66	0	1317	8
nist-epub-0008	epub	sqlite	1	66	0	1366	8
nist-epub-0008	epub	sqlite	2	66	0	1463	8
nist-epub-0008	epub	sqlite	3	66	0	1481	8
nist-epub-0008	epub	sqlite	4	66	0	1607	8
nist-epub-0008	epub	sqlite	5	66	0	1568	8
nist-epub-0008	epub	vole	0	66	0	1511	8
nist-epub-0008	epub	vole	1	66	0	1549	8
nist-epub-0008	epub	vole	2	66	0	1525	8
nist-epub-0008	epub	vole	3	66	0	1596	8
nist-epub-0008	epub	vole	4	66	0	1533	8
nist-epub-0008	epub	vole	5	66	0	2185	8
nist-epub-0008	epub	vole	0	67	0	1514	8
nist-epub-0008	epub	vole	1	67	0	1480	8
nist-epub-0008	epub	vole	2	67	0	1496	8
nist-epub-0008	epub	vole	3	67	0	1509	8
nist-epub-0008	epub	vole	4	67	0	1618	8
nist-epub-0008	epub	vole	5	67	0	1543	8
nist-epub-0008	epub	sqlite	0	67	0	1413	8
nist-epub-0008	epub	sqlite	1	67	0	1378	8
nist-epub-0008	epub	sqlite	2	67	0	1678	8
nist-epub-0008	epub	sqlite	3	67	0	1465	8
nist-epub-0008	epub	sqlite	4	67	0	1643	8
nist-epub-0008	epub	sqlite	5	67	0	1552	8
nist-epub-0008	epub	sqlite	0	68	0	1346	8
nist-epub-0008	epub	sqlite	1	68	0	1344	8
nist-epub-0008	epub	sqlite	2	68	0	1494	8
nist-epub-0008	epub	sqlite	3	68	0	1459	8
nist-epub-0008	epub	sqlite	4	68	0	1551	8
nist-epub-0008	epub	sqlite	5	68	0	1522	8
nist-epub-0008	epub	vole	0	68	0	1619	8
nist-epub-0008	epub	vole	1	68	0	1613	8
nist-epub-0008	epub	vole	2	68	0	2333	8
nist-epub-0008	epub	vole	3	68	0	1534	8
nist-epub-0008	epub	vole	4	68	0	1493	8
nist-epub-0008	epub	vole	5	68	0	1557	8
nist-epub-0008	epub	vole	0	69	0	1505	8
nist-epub-0008	epub	vole	1	69	0	1512	8
nist-epub-0008	epub	vole	2	69	0	1471	8
nist-epub-0008	epub	vole	3	69	0	1511	8
nist-epub-0008	epub	vole	4	69	0	1579	8
nist-epub-0008	epub	vole	5	69	0	1634	8
nist-epub-0008	epub	sqlite	0	69	0	1523	8
nist-epub-0008	epub	sqlite	1	69	0	1363	8
nist-epub-0008	epub	sqlite	2	69	0	1415	8
nist-epub-0008	epub	sqlite	3	69	0	1489	8
nist-epub-0008	epub	sqlite	4	69	0	1481	8
nist-epub-0008	epub	sqlite	5	69	0	1533	8
nist-epub-0008	epub	sqlite	0	70	0	1350	8
nist-epub-0008	epub	sqlite	1	70	0	1354	8
nist-epub-0008	epub	sqlite	2	70	0	1471	8
nist-epub-0008	epub	sqlite	3	70	0	1446	8
nist-epub-0008	epub	sqlite	4	70	0	1661	8
nist-epub-0008	epub	sqlite	5	70	0	1571	8
nist-epub-0008	epub	vole	0	70	0	1631	8
nist-epub-0008	epub	vole	1	70	0	1497	8
nist-epub-0008	epub	vole	2	70	0	1544	8
nist-epub-0008	epub	vole	3	70	0	1481	8
nist-epub-0008	epub	vole	4	70	0	1506	8
nist-epub-0008	epub	vole	5	70	0	1620	8
nist-epub-0008	epub	vole	0	71	0	1549	8
nist-epub-0008	epub	vole	1	71	0	1653	8
nist-epub-0008	epub	vole	2	71	0	1566	8
nist-epub-0008	epub	vole	3	71	0	1580	8
nist-epub-0008	epub	vole	4	71	0	1611	8
nist-epub-0008	epub	vole	5	71	0	1554	8
nist-epub-0008	epub	sqlite	0	71	0	1324	8
nist-epub-0008	epub	sqlite	1	71	0	1416	8
nist-epub-0008	epub	sqlite	2	71	0	1514	8
nist-epub-0008	epub	sqlite	3	71	0	1448	8
nist-epub-0008	epub	sqlite	4	71	0	1498	8
nist-epub-0008	epub	sqlite	5	71	0	1529	8
nist-epub-0008	epub	sqlite	0	72	0	1344	8
nist-epub-0008	epub	sqlite	1	72	0	1395	8
nist-epub-0008	epub	sqlite	2	72	0	1419	8
nist-epub-0008	epub	sqlite	3	72	0	1420	8
nist-epub-0008	epub	sqlite	4	72	0	2123	8
nist-epub-0008	epub	sqlite	5	72	0	1587	8
nist-epub-0008	epub	vole	0	72	0	1569	8
nist-epub-0008	epub	vole	1	72	0	1577	8
nist-epub-0008	epub	vole	2	72	0	2135	8
nist-epub-0008	epub	vole	3	72	0	1528	8
nist-epub-0008	epub	vole	4	72	0	1532	8
nist-epub-0008	epub	vole	5	72	0	1534	8
nist-epub-0008	epub	vole	0	73	0	1542	8
nist-epub-0008	epub	vole	1	73	0	1512	8
nist-epub-0008	epub	vole	2	73	0	1574	8
nist-epub-0008	epub	vole	3	73	0	1573	8
nist-epub-0008	epub	vole	4	73	0	1528	8
nist-epub-0008	epub	vole	5	73	0	1577	8
nist-epub-0008	epub	sqlite	0	73	0	1447	8
nist-epub-0008	epub	sqlite	1	73	0	1395	8
nist-epub-0008	epub	sqlite	2	73	0	1500	8
nist-epub-0008	epub	sqlite	3	73	0	2354	8
nist-epub-0008	epub	sqlite	4	73	0	1592	8
nist-epub-0008	epub	sqlite	5	73	0	1556	8
nist-epub-0008	epub	sqlite	0	74	0	1383	8
nist-epub-0008	epub	sqlite	1	74	0	1378	8
nist-epub-0008	epub	sqlite	2	74	0	1597	8
nist-epub-0008	epub	sqlite	3	74	0	1507	8
nist-epub-0008	epub	sqlite	4	74	0	1564	8
nist-epub-0008	epub	sqlite	5	74	0	1724	8
nist-epub-0008	epub	vole	0	74	0	1834	8
nist-epub-0008	epub	vole	1	74	0	1679	8
nist-epub-0008	epub	vole	2	74	0	1665	8
nist-epub-0008	epub	vole	3	74	0	1548	8
nist-epub-0008	epub	vole	4	74	0	2456	8
nist-epub-0008	epub	vole	5	74	0	1564	8
nist-epub-0008	epub	vole	0	75	0	1633	8
nist-epub-0008	epub	vole	1	75	0	1500	8
nist-epub-0008	epub	vole	2	75	0	1557	8
nist-epub-0008	epub	vole	3	75	0	1782	8
nist-epub-0008	epub	vole	4	75	0	1570	8
nist-epub-0008	epub	vole	5	75	0	1554	8
nist-epub-0008	epub	sqlite	0	75	0	1503	8
nist-epub-0008	epub	sqlite	1	75	0	1430	8
nist-epub-0008	epub	sqlite	2	75	0	1569	8
nist-epub-0008	epub	sqlite	3	75	0	1542	8
nist-epub-0008	epub	sqlite	4	75	0	1703	8
nist-epub-0008	epub	sqlite	5	75	0	1652	8
nist-epub-0008	epub	sqlite	0	76	0	1608	8
nist-epub-0008	epub	sqlite	1	76	0	1518	8
nist-epub-0008	epub	sqlite	2	76	0	1572	8
nist-epub-0008	epub	sqlite	3	76	0	1445	8
nist-epub-0008	epub	sqlite	4	76	0	1808	8
nist-epub-0008	epub	sqlite	5	76	0	1567	8
nist-epub-0008	epub	vole	0	76	0	1808	8
nist-epub-0008	epub	vole	1	76	0	1700	8
nist-epub-0008	epub	vole	2	76	0	1644	8
nist-epub-0008	epub	vole	3	76	0	1632	8
nist-epub-0008	epub	vole	4	76	0	1734	8
nist-epub-0008	epub	vole	5	76	0	1626	8
nist-epub-0008	epub	vole	0	77	0	1626	8
nist-epub-0008	epub	vole	1	77	0	1620	8
nist-epub-0008	epub	vole	2	77	0	1556	8
nist-epub-0008	epub	vole	3	77	0	1535	8
nist-epub-0008	epub	vole	4	77	0	1666	8
nist-epub-0008	epub	vole	5	77	0	1615	8
nist-epub-0008	epub	sqlite	0	77	0	1546	8
nist-epub-0008	epub	sqlite	1	77	0	1474	8
nist-epub-0008	epub	sqlite	2	77	0	1571	8
nist-epub-0008	epub	sqlite	3	77	0	1523	8
nist-epub-0008	epub	sqlite	4	77	0	1600	8
nist-epub-0008	epub	sqlite	5	77	0	1591	8
nist-epub-0008	epub	sqlite	0	78	0	1356	8
nist-epub-0008	epub	sqlite	1	78	0	1428	8
nist-epub-0008	epub	sqlite	2	78	0	1535	8
nist-epub-0008	epub	sqlite	3	78	0	1628	8
nist-epub-0008	epub	sqlite	4	78	0	1528	8
nist-epub-0008	epub	sqlite	5	78	0	1671	8
nist-epub-0008	epub	vole	0	78	0	1662	8
nist-epub-0008	epub	vole	1	78	0	1517	8
nist-epub-0008	epub	vole	2	78	0	1644	8
nist-epub-0008	epub	vole	3	78	0	1524	8
nist-epub-0008	epub	vole	4	78	0	1555	8
nist-epub-0008	epub	vole	5	78	0	1527	8
nist-epub-0008	epub	vole	0	79	0	1708	8
nist-epub-0008	epub	vole	1	79	0	1537	8
nist-epub-0008	epub	vole	2	79	0	1631	8
nist-epub-0008	epub	vole	3	79	0	1566	8
nist-epub-0008	epub	vole	4	79	0	1582	8
nist-epub-0008	epub	vole	5	79	0	1478	8
nist-epub-0008	epub	sqlite	0	79	0	1388	8
nist-epub-0008	epub	sqlite	1	79	0	1369	8
nist-epub-0008	epub	sqlite	2	79	0	1455	8
nist-epub-0008	epub	sqlite	3	79	0	1512	8
nist-epub-0008	epub	sqlite	4	79	0	1517	8
nist-epub-0008	epub	sqlite	5	79	0	1622	8
nist-epub-0008	epub	sqlite	0	80	0	1523	8
nist-epub-0008	epub	sqlite	1	80	0	1392	8
nist-epub-0008	epub	sqlite	2	80	0	1460	8
nist-epub-0008	epub	sqlite	3	80	0	1469	8
nist-epub-0008	epub	sqlite	4	80	0	1590	8
nist-epub-0008	epub	sqlite	5	80	0	1486	8
nist-epub-0008	epub	vole	0	80	0	1574	8
nist-epub-0008	epub	vole	1	80	0	1500	8
nist-epub-0008	epub	vole	2	80	0	1530	8
nist-epub-0008	epub	vole	3	80	0	2132	8
nist-epub-0008	epub	vole	4	80	0	1552	8
nist-epub-0008	epub	vole	5	80	0	1557	8
nist-epub-0008	epub	vole	0	81	0	1615	8
nist-epub-0008	epub	vole	1	81	0	1533	8
nist-epub-0008	epub	vole	2	81	0	1579	8
nist-epub-0008	epub	vole	3	81	0	1595	8
nist-epub-0008	epub	vole	4	81	0	1507	8
nist-epub-0008	epub	vole	5	81	0	1504	8
nist-epub-0008	epub	sqlite	0	81	0	1362	8
nist-epub-0008	epub	sqlite	1	81	0	1385	8
nist-epub-0008	epub	sqlite	2	81	0	1495	8
nist-epub-0008	epub	sqlite	3	81	0	1502	8
nist-epub-0008	epub	sqlite	4	81	0	1515	8
nist-epub-0008	epub	sqlite	5	81	0	1597	8
nist-epub-0008	epub	sqlite	0	82	0	1352	8
nist-epub-0008	epub	sqlite	1	82	0	1340	8
nist-epub-0008	epub	sqlite	2	82	0	1433	8
nist-epub-0008	epub	sqlite	3	82	0	1508	8
nist-epub-0008	epub	sqlite	4	82	0	1503	8
nist-epub-0008	epub	sqlite	5	82	0	1521	8
nist-epub-0008	epub	vole	0	82	0	1651	8
nist-epub-0008	epub	vole	1	82	0	1579	8
nist-epub-0008	epub	vole	2	82	0	1499	8
nist-epub-0008	epub	vole	3	82	0	1533	8
nist-epub-0008	epub	vole	4	82	0	1662	8
nist-epub-0008	epub	vole	5	82	0	1593	8
nist-epub-0008	epub	vole	0	83	0	1562	8
nist-epub-0008	epub	vole	1	83	0	1494	8
nist-epub-0008	epub	vole	2	83	0	1785	8
nist-epub-0008	epub	vole	3	83	0	1520	8
nist-epub-0008	epub	vole	4	83	0	1479	8
nist-epub-0008	epub	vole	5	83	0	1468	8
nist-epub-0008	epub	sqlite	0	83	0	1371	8
nist-epub-0008	epub	sqlite	1	83	0	1389	8
nist-epub-0008	epub	sqlite	2	83	0	1858	8
nist-epub-0008	epub	sqlite	3	83	0	1393	8
nist-epub-0008	epub	sqlite	4	83	0	1526	8
nist-epub-0008	epub	sqlite	5	83	0	1567	8
nist-epub-0008	epub	sqlite	0	84	0	1327	8
nist-epub-0008	epub	sqlite	1	84	0	1367	8
nist-epub-0008	epub	sqlite	2	84	0	1568	8
nist-epub-0008	epub	sqlite	3	84	0	1568	8
nist-epub-0008	epub	sqlite	4	84	0	2139	8
nist-epub-0008	epub	sqlite	5	84	0	1561	8
nist-epub-0008	epub	vole	0	84	0	1605	8
nist-epub-0008	epub	vole	1	84	0	1546	8
nist-epub-0008	epub	vole	2	84	0	1663	8
nist-epub-0008	epub	vole	3	84	0	1586	8
nist-epub-0008	epub	vole	4	84	0	1552	8
nist-epub-0008	epub	vole	5	84	0	1504	8
nist-epub-0008	epub	vole	0	85	0	1572	8
nist-epub-0008	epub	vole	1	85	0	1562	8
nist-epub-0008	epub	vole	2	85	0	1510	8
nist-epub-0008	epub	vole	3	85	0	1600	8
nist-epub-0008	epub	vole	4	85	0	1475	8
nist-epub-0008	epub	vole	5	85	0	1544	8
nist-epub-0008	epub	sqlite	0	85	0	1333	8
nist-epub-0008	epub	sqlite	1	85	0	1360	8
nist-epub-0008	epub	sqlite	2	85	0	1545	8
nist-epub-0008	epub	sqlite	3	85	0	1446	8
nist-epub-0008	epub	sqlite	4	85	0	1537	8
nist-epub-0008	epub	sqlite	5	85	0	1516	8
nist-epub-0008	epub	sqlite	0	86	0	2009	8
nist-epub-0008	epub	sqlite	1	86	0	1371	8
nist-epub-0008	epub	sqlite	2	86	0	1455	8
nist-epub-0008	epub	sqlite	3	86	0	1420	8
nist-epub-0008	epub	sqlite	4	86	0	1484	8
nist-epub-0008	epub	sqlite	5	86	0	1497	8
nist-epub-0008	epub	vole	0	86	0	1638	8
nist-epub-0008	epub	vole	1	86	0	1561	8
nist-epub-0008	epub	vole	2	86	0	1574	8
nist-epub-0008	epub	vole	3	86	0	1574	8
nist-epub-0008	epub	vole	4	86	0	1640	8
nist-epub-0008	epub	vole	5	86	0	1516	8
nist-epub-0008	epub	vole	0	87	0	2147	8
nist-epub-0008	epub	vole	1	87	0	1534	8
nist-epub-0008	epub	vole	2	87	0	1545	8
nist-epub-0008	epub	vole	3	87	0	1478	8
nist-epub-0008	epub	vole	4	87	0	1569	8
nist-epub-0008	epub	vole	5	87	0	1593	8
nist-epub-0008	epub	sqlite	0	87	0	1317	8
nist-epub-0008	epub	sqlite	1	87	0	1379	8
nist-epub-0008	epub	sqlite	2	87	0	1496	8
nist-epub-0008	epub	sqlite	3	87	0	1495	8
nist-epub-0008	epub	sqlite	4	87	0	1533	8
nist-epub-0008	epub	sqlite	5	87	0	1624	8
nist-epub-0008	epub	sqlite	0	88	0	1311	8
nist-epub-0008	epub	sqlite	1	88	0	1413	8
nist-epub-0008	epub	sqlite	2	88	0	1480	8
nist-epub-0008	epub	sqlite	3	88	0	1496	8
nist-epub-0008	epub	sqlite	4	88	0	1701	8
nist-epub-0008	epub	sqlite	5	88	0	1607	8
nist-epub-0008	epub	vole	0	88	0	1707	8
nist-epub-0008	epub	vole	1	88	0	1587	8
nist-epub-0008	epub	vole	2	88	0	1576	8
nist-epub-0008	epub	vole	3	88	0	1661	8
nist-epub-0008	epub	vole	4	88	0	1588	8
nist-epub-0008	epub	vole	5	88	0	1558	8
nist-epub-0008	epub	vole	0	89	0	1496	8
nist-epub-0008	epub	vole	1	89	0	1513	8
nist-epub-0008	epub	vole	2	89	0	1568	8
nist-epub-0008	epub	vole	3	89	0	1586	8
nist-epub-0008	epub	vole	4	89	0	1528	8
nist-epub-0008	epub	vole	5	89	0	1478	8
nist-epub-0008	epub	sqlite	0	89	0	1319	8
nist-epub-0008	epub	sqlite	1	89	0	1403	8
nist-epub-0008	epub	sqlite	2	89	0	1461	8
nist-epub-0008	epub	sqlite	3	89	0	1452	8
nist-epub-0008	epub	sqlite	4	89	0	1532	8
nist-epub-0008	epub	sqlite	5	89	0	1545	8
nist-epub-0008	epub	sqlite	0	90	0	1400	8
nist-epub-0008	epub	sqlite	1	90	0	1345	8
nist-epub-0008	epub	sqlite	2	90	0	1462	8
nist-epub-0008	epub	sqlite	3	90	0	1454	8
nist-epub-0008	epub	sqlite	4	90	0	1498	8
nist-epub-0008	epub	sqlite	5	90	0	1656	8
nist-epub-0008	epub	vole	0	90	0	1562	8
nist-epub-0008	epub	vole	1	90	0	1626	8
nist-epub-0008	epub	vole	2	90	0	1790	8
nist-epub-0008	epub	vole	3	90	0	1850	8
nist-epub-0008	epub	vole	4	90	0	1464	8
nist-epub-0008	epub	vole	5	90	0	1540	8
nist-epub-0008	epub	vole	0	91	0	1540	8
nist-epub-0008	epub	vole	1	91	0	1519	8
nist-epub-0008	epub	vole	2	91	0	1593	8
nist-epub-0008	epub	vole	3	91	0	1497	8
nist-epub-0008	epub	vole	4	91	0	1476	8
nist-epub-0008	epub	vole	5	91	0	1507	8
nist-epub-0008	epub	sqlite	0	91	0	1307	8
nist-epub-0008	epub	sqlite	1	91	0	1379	8
nist-epub-0008	epub	sqlite	2	91	0	1483	8
nist-epub-0008	epub	sqlite	3	91	0	1459	8
nist-epub-0008	epub	sqlite	4	91	0	1492	8
nist-epub-0008	epub	sqlite	5	91	0	1515	8
nist-epub-0008	epub	sqlite	0	92	0	1328	8
nist-epub-0008	epub	sqlite	1	92	0	1326	8
nist-epub-0008	epub	sqlite	2	92	0	1508	8
nist-epub-0008	epub	sqlite	3	92	0	1509	8
nist-epub-0008	epub	sqlite	4	92	0	1515	8
nist-epub-0008	epub	sqlite	5	92	0	1561	8
nist-epub-0008	epub	vole	0	92	0	1568	8
nist-epub-0008	epub	vole	1	92	0	1544	8
nist-epub-0008	epub	vole	2	92	0	1587	8
nist-epub-0008	epub	vole	3	92	0	1546	8
nist-epub-0008	epub	vole	4	92	0	1515	8
nist-epub-0008	epub	vole	5	92	0	1557	8
nist-epub-0008	epub	vole	0	93	0	1557	8
nist-epub-0008	epub	vole	1	93	0	1508	8
nist-epub-0008	epub	vole	2	93	0	1528	8
nist-epub-0008	epub	vole	3	93	0	1603	8
nist-epub-0008	epub	vole	4	93	0	1508	8
nist-epub-0008	epub	vole	5	93	0	1522	8
nist-epub-0008	epub	sqlite	0	93	0	1349	8
nist-epub-0008	epub	sqlite	1	93	0	1350	8
nist-epub-0008	epub	sqlite	2	93	0	1468	8
nist-epub-0008	epub	sqlite	3	93	0	1538	8
nist-epub-0008	epub	sqlite	4	93	0	2194	8
nist-epub-0008	epub	sqlite	5	93	0	1521	8
nist-epub-0008	epub	sqlite	0	94	0	1351	8
nist-epub-0008	epub	sqlite	1	94	0	1342	8
nist-epub-0008	epub	sqlite	2	94	0	1498	8
nist-epub-0008	epub	sqlite	3	94	0	1413	8
nist-epub-0008	epub	sqlite	4	94	0	1578	8
nist-epub-0008	epub	sqlite	5	94	0	1464	8
nist-epub-0008	epub	vole	0	94	0	1534	8
nist-epub-0008	epub	vole	1	94	0	1602	8
nist-epub-0008	epub	vole	2	94	0	1564	8
nist-epub-0008	epub	vole	3	94	0	1523	8
nist-epub-0008	epub	vole	4	94	0	1538	8
nist-epub-0008	epub	vole	5	94	0	1476	8
nist-epub-0008	epub	vole	0	95	0	1589	8
nist-epub-0008	epub	vole	1	95	0	1572	8
nist-epub-0008	epub	vole	2	95	0	1660	8
nist-epub-0008	epub	vole	3	95	0	1497	8
nist-epub-0008	epub	vole	4	95	0	1470	8
nist-epub-0008	epub	vole	5	95	0	1587	8
nist-epub-0008	epub	sqlite	0	95	0	1358	8
nist-epub-0008	epub	sqlite	1	95	0	1390	8
nist-epub-0008	epub	sqlite	2	95	0	1478	8
nist-epub-0008	epub	sqlite	3	95	0	2105	8
nist-epub-0008	epub	sqlite	4	95	0	1545	8
nist-epub-0008	epub	sqlite	5	95	0	1987	8
nist-epub-0008	epub	sqlite	0	96	0	1392	8
nist-epub-0008	epub	sqlite	1	96	0	1558	8
nist-epub-0008	epub	sqlite	2	96	0	1849	8
nist-epub-0008	epub	sqlite	3	96	0	1847	8
nist-epub-0008	epub	sqlite	4	96	0	1613	8
nist-epub-0008	epub	sqlite	5	96	0	1693	8
nist-epub-0008	epub	vole	0	96	0	1916	8
nist-epub-0008	epub	vole	1	96	0	1598	8
nist-epub-0008	epub	vole	2	96	0	1892	8
nist-epub-0008	epub	vole	3	96	0	1724	8
nist-epub-0008	epub	vole	4	96	0	1753	8
nist-epub-0008	epub	vole	5	96	0	1604	8
nist-epub-0008	epub	vole	0	97	0	1546	8
nist-epub-0008	epub	vole	1	97	0	1599	8
nist-epub-0008	epub	vole	2	97	0	1557	8
nist-epub-0008	epub	vole	3	97	0	1656	8
nist-epub-0008	epub	vole	4	97	0	1595	8
nist-epub-0008	epub	vole	5	97	0	1777	8
nist-epub-0008	epub	sqlite	0	97	0	1673	8
nist-epub-0008	epub	sqlite	1	97	0	1675	8
nist-epub-0008	epub	sqlite	2	97	0	1608	8
nist-epub-0008	epub	sqlite	3	97	0	1717	8
nist-epub-0008	epub	sqlite	4	97	0	1673	8
nist-epub-0008	epub	sqlite	5	97	0	1749	8
nist-epub-0008	epub	sqlite	0	98	0	1445	8
nist-epub-0008	epub	sqlite	1	98	0	1704	8
nist-epub-0008	epub	sqlite	2	98	0	1605	8
nist-epub-0008	epub	sqlite	3	98	0	1564	8
nist-epub-0008	epub	sqlite	4	98	0	1674	8
nist-epub-0008	epub	sqlite	5	98	0	1783	8
nist-epub-0008	epub	vole	0	98	0	1896	8
nist-epub-0008	epub	vole	1	98	0	1658	8
nist-epub-0008	epub	vole	2	98	0	1768	8
nist-epub-0008	epub	vole	3	98	0	1781	8
nist-epub-0008	epub	vole	4	98	0	1628	8
nist-epub-0008	epub	vole	5	98	0	1614	8
nist-epub-0008	epub	vole	0	99	0	1664	8
nist-epub-0008	epub	vole	1	99	0	1869	8
nist-epub-0008	epub	vole	2	99	0	1746	8
nist-epub-0008	epub	vole	3	99	0	1714	8
nist-epub-0008	epub	vole	4	99	0	1743	8
nist-epub-0008	epub	vole	5	99	0	1607	8
nist-epub-0008	epub	sqlite	0	99	0	1943	8
nist-epub-0008	epub	sqlite	1	99	0	1885	8
nist-epub-0008	epub	sqlite	2	99	0	2126	8
nist-epub-0008	epub	sqlite	3	99	0	1846	8
nist-epub-0008	epub	sqlite	4	99	0	2141	8
nist-epub-0008	epub	sqlite	5	99	0	1775	8
nist-epub-0008	epub	sqlite	0	100	0	1836	8
nist-epub-0008	epub	sqlite	1	100	0	1727	8
nist-epub-0008	epub	sqlite	2	100	0	2216	8
nist-epub-0008	epub	sqlite	3	100	0	1819	8
nist-epub-0008	epub	sqlite	4	100	0	1981	8
nist-epub-0008	epub	sqlite	5	100	0	1748	8
nist-epub-0008	epub	vole	0	100	0	1790	8
nist-epub-0008	epub	vole	1	100	0	1666	8
nist-epub-0008	epub	vole	2	100	0	1722	8
nist-epub-0008	epub	vole	3	100	0	1615	8
nist-epub-0008	epub	vole	4	100	0	1640	8
nist-epub-0008	epub	vole	5	100	0	1904	8
nist-epub-0009	epub	vole	0	1	0	6021	8
nist-epub-0009	epub	vole	1	1	0	6220	8
nist-epub-0009	epub	vole	2	1	0	6622	8
nist-epub-0009	epub	vole	3	1	0	5978	8
nist-epub-0009	epub	vole	4	1	0	6069	8
nist-epub-0009	epub	vole	5	1	0	6229	8
nist-epub-0009	epub	sqlite	0	1	0	3016	8
nist-epub-0009	epub	sqlite	1	1	0	2654	8
nist-epub-0009	epub	sqlite	2	1	0	2987	8
nist-epub-0009	epub	sqlite	3	1	0	2729	8
nist-epub-0009	epub	sqlite	4	1	0	2936	8
nist-epub-0009	epub	sqlite	5	1	0	2776	8
nist-epub-0009	epub	sqlite	0	2	0	2577	8
nist-epub-0009	epub	sqlite	1	2	0	2790	8
nist-epub-0009	epub	sqlite	2	2	0	2653	8
nist-epub-0009	epub	sqlite	3	2	0	2581	8
nist-epub-0009	epub	sqlite	4	2	0	2909	8
nist-epub-0009	epub	sqlite	5	2	0	3128	8
nist-epub-0009	epub	vole	0	2	0	6523	8
nist-epub-0009	epub	vole	1	2	0	6728	8
nist-epub-0009	epub	vole	2	2	0	6002	8
nist-epub-0009	epub	vole	3	2	0	6080	8
nist-epub-0009	epub	vole	4	2	0	5926	8
nist-epub-0009	epub	vole	5	2	0	5830	8
nist-epub-0009	epub	vole	0	3	0	5818	8
nist-epub-0009	epub	vole	1	3	0	6089	8
nist-epub-0009	epub	vole	2	3	0	6096	8
nist-epub-0009	epub	vole	3	3	0	6007	8
nist-epub-0009	epub	vole	4	3	0	5840	8
nist-epub-0009	epub	vole	5	3	0	6037	8
nist-epub-0009	epub	sqlite	0	3	0	3016	8
nist-epub-0009	epub	sqlite	1	3	0	3154	8
nist-epub-0009	epub	sqlite	2	3	0	2825	8
nist-epub-0009	epub	sqlite	3	3	0	2985	8
nist-epub-0009	epub	sqlite	4	3	0	2924	8
nist-epub-0009	epub	sqlite	5	3	0	3545	8
nist-epub-0009	epub	sqlite	0	4	0	2775	8
nist-epub-0009	epub	sqlite	1	4	0	2810	8
nist-epub-0009	epub	sqlite	2	4	0	2868	8
nist-epub-0009	epub	sqlite	3	4	0	2773	8
nist-epub-0009	epub	sqlite	4	4	0	2846	8
nist-epub-0009	epub	sqlite	5	4	0	2977	8
nist-epub-0009	epub	vole	0	4	0	6061	8
nist-epub-0009	epub	vole	1	4	0	6016	8
nist-epub-0009	epub	vole	2	4	0	6231	8
nist-epub-0009	epub	vole	3	4	0	5894	8
nist-epub-0009	epub	vole	4	4	0	6314	8
nist-epub-0009	epub	vole	5	4	0	5911	8
nist-epub-0009	epub	vole	0	5	0	6222	8
nist-epub-0009	epub	vole	1	5	0	6602	8
nist-epub-0009	epub	vole	2	5	0	6411	8
nist-epub-0009	epub	vole	3	5	0	6037	8
nist-epub-0009	epub	vole	4	5	0	5778	8
nist-epub-0009	epub	vole	5	5	0	6695	8
nist-epub-0009	epub	sqlite	0	5	0	3659	8
nist-epub-0009	epub	sqlite	1	5	0	2781	8
nist-epub-0009	epub	sqlite	2	5	0	3533	8
nist-epub-0009	epub	sqlite	3	5	0	2770	8
nist-epub-0009	epub	sqlite	4	5	0	3255	8
nist-epub-0009	epub	sqlite	5	5	0	3094	8
nist-epub-0009	epub	sqlite	0	6	0	2521	8
nist-epub-0009	epub	sqlite	1	6	0	3533	8
nist-epub-0009	epub	sqlite	2	6	0	2972	8
nist-epub-0009	epub	sqlite	3	6	0	3608	8
nist-epub-0009	epub	sqlite	4	6	0	2857	8
nist-epub-0009	epub	sqlite	5	6	0	2967	8
nist-epub-0009	epub	vole	0	6	0	6262	8
nist-epub-0009	epub	vole	1	6	0	5934	8
nist-epub-0009	epub	vole	2	6	0	5978	8
nist-epub-0009	epub	vole	3	6	0	6026	8
nist-epub-0009	epub	vole	4	6	0	6844	8
nist-epub-0009	epub	vole	5	6	0	5794	8
nist-epub-0009	epub	vole	0	7	0	6517	8
nist-epub-0009	epub	vole	1	7	0	6794	8
nist-epub-0009	epub	vole	2	7	0	5808	8
nist-epub-0009	epub	vole	3	7	0	6209	8
nist-epub-0009	epub	vole	4	7	0	5910	8
nist-epub-0009	epub	vole	5	7	0	6581	8
nist-epub-0009	epub	sqlite	0	7	0	3594	8
nist-epub-0009	epub	sqlite	1	7	0	2865	8
nist-epub-0009	epub	sqlite	2	7	0	2880	8
nist-epub-0009	epub	sqlite	3	7	0	2979	8
nist-epub-0009	epub	sqlite	4	7	0	2903	8
nist-epub-0009	epub	sqlite	5	7	0	3434	8
nist-epub-0009	epub	sqlite	0	8	0	2751	8
nist-epub-0009	epub	sqlite	1	8	0	2651	8
nist-epub-0009	epub	sqlite	2	8	0	2961	8
nist-epub-0009	epub	sqlite	3	8	0	2735	8
nist-epub-0009	epub	sqlite	4	8	0	2788	8
nist-epub-0009	epub	sqlite	5	8	0	2945	8
nist-epub-0009	epub	vole	0	8	0	6023	8
nist-epub-0009	epub	vole	1	8	0	6362	8
nist-epub-0009	epub	vole	2	8	0	6015	8
nist-epub-0009	epub	vole	3	8	0	6640	8
nist-epub-0009	epub	vole	4	8	0	7004	8
nist-epub-0009	epub	vole	5	8	0	6023	8
nist-epub-0009	epub	vole	0	9	0	6132	8
nist-epub-0009	epub	vole	1	9	0	6373	8
nist-epub-0009	epub	vole	2	9	0	5948	8
nist-epub-0009	epub	vole	3	9	0	6013	8
nist-epub-0009	epub	vole	4	9	0	5821	8
nist-epub-0009	epub	vole	5	9	0	6523	8
nist-epub-0009	epub	sqlite	0	9	0	2914	8
nist-epub-0009	epub	sqlite	1	9	0	2893	8
nist-epub-0009	epub	sqlite	2	9	0	3190	8
nist-epub-0009	epub	sqlite	3	9	0	2958	8
nist-epub-0009	epub	sqlite	4	9	0	2909	8
nist-epub-0009	epub	sqlite	5	9	0	2692	8
nist-epub-0009	epub	sqlite	0	10	0	2451	8
nist-epub-0009	epub	sqlite	1	10	0	2650	8
nist-epub-0009	epub	sqlite	2	10	0	3524	8
nist-epub-0009	epub	sqlite	3	10	0	2901	8
nist-epub-0009	epub	sqlite	4	10	0	2743	8
nist-epub-0009	epub	sqlite	5	10	0	3190	8
nist-epub-0009	epub	vole	0	10	0	7383	8
nist-epub-0009	epub	vole	1	10	0	6124	8
nist-epub-0009	epub	vole	2	10	0	5804	8
nist-epub-0009	epub	vole	3	10	0	5928	8
nist-epub-0009	epub	vole	4	10	0	5852	8
nist-epub-0009	epub	vole	5	10	0	6074	8
nist-epub-0009	epub	vole	0	11	0	6061	8
nist-epub-0009	epub	vole	1	11	0	6006	8
nist-epub-0009	epub	vole	2	11	0	5923	8
nist-epub-0009	epub	vole	3	11	0	5965	8
nist-epub-0009	epub	vole	4	11	0	6644	8
nist-epub-0009	epub	vole	5	11	0	5797	8
nist-epub-0009	epub	sqlite	0	11	0	3252	8
nist-epub-0009	epub	sqlite	1	11	0	3114	8
nist-epub-0009	epub	sqlite	2	11	0	2908	8
nist-epub-0009	epub	sqlite	3	11	0	3046	8
nist-epub-0009	epub	sqlite	4	11	0	3068	8
nist-epub-0009	epub	sqlite	5	11	0	3049	8
nist-epub-0009	epub	sqlite	0	12	0	2913	8
nist-epub-0009	epub	sqlite	1	12	0	2910	8
nist-epub-0009	epub	sqlite	2	12	0	2988	8
nist-epub-0009	epub	sqlite	3	12	0	2945	8
nist-epub-0009	epub	sqlite	4	12	0	2802	8
nist-epub-0009	epub	sqlite	5	12	0	2816	8
nist-epub-0009	epub	vole	0	12	0	6606	8
nist-epub-0009	epub	vole	1	12	0	6367	8
nist-epub-0009	epub	vole	2	12	0	6227	8
nist-epub-0009	epub	vole	3	12	0	6469	8
nist-epub-0009	epub	vole	4	12	0	6278	8
nist-epub-0009	epub	vole	5	12	0	5977	8
nist-epub-0009	epub	vole	0	13	0	5919	8
nist-epub-0009	epub	vole	1	13	0	5987	8
nist-epub-0009	epub	vole	2	13	0	5969	8
nist-epub-0009	epub	vole	3	13	0	7080	8
nist-epub-0009	epub	vole	4	13	0	5989	8
nist-epub-0009	epub	vole	5	13	0	5766	8
nist-epub-0009	epub	sqlite	0	13	0	3127	8
nist-epub-0009	epub	sqlite	1	13	0	2782	8
nist-epub-0009	epub	sqlite	2	13	0	2892	8
nist-epub-0009	epub	sqlite	3	13	0	3445	8
nist-epub-0009	epub	sqlite	4	13	0	2882	8
nist-epub-0009	epub	sqlite	5	13	0	2939	8
nist-epub-0009	epub	sqlite	0	14	0	2438	8
nist-epub-0009	epub	sqlite	1	14	0	2962	8
nist-epub-0009	epub	sqlite	2	14	0	2958	8
nist-epub-0009	epub	sqlite	3	14	0	3140	8
nist-epub-0009	epub	sqlite	4	14	0	3274	8
nist-epub-0009	epub	sqlite	5	14	0	3281	8
nist-epub-0009	epub	vole	0	14	0	6253	8
nist-epub-0009	epub	vole	1	14	0	5957	8
nist-epub-0009	epub	vole	2	14	0	6514	8
nist-epub-0009	epub	vole	3	14	0	6102	8
nist-epub-0009	epub	vole	4	14	0	6136	8
nist-epub-0009	epub	vole	5	14	0	5799	8
nist-epub-0009	epub	vole	0	15	0	5787	8
nist-epub-0009	epub	vole	1	15	0	5714	8
nist-epub-0009	epub	vole	2	15	0	7308	8
nist-epub-0009	epub	vole	3	15	0	6301	8
nist-epub-0009	epub	vole	4	15	0	5990	8
nist-epub-0009	epub	vole	5	15	0	6097	8
nist-epub-0009	epub	sqlite	0	15	0	3221	8
nist-epub-0009	epub	sqlite	1	15	0	2778	8
nist-epub-0009	epub	sqlite	2	15	0	3175	8
nist-epub-0009	epub	sqlite	3	15	0	2854	8
nist-epub-0009	epub	sqlite	4	15	0	3066	8
nist-epub-0009	epub	sqlite	5	15	0	3087	8
nist-epub-0009	epub	sqlite	0	16	0	2848	8
nist-epub-0009	epub	sqlite	1	16	0	2764	8
nist-epub-0009	epub	sqlite	2	16	0	2837	8
nist-epub-0009	epub	sqlite	3	16	0	2888	8
nist-epub-0009	epub	sqlite	4	16	0	2936	8
nist-epub-0009	epub	sqlite	5	16	0	2772	8
nist-epub-0009	epub	vole	0	16	0	6384	8
nist-epub-0009	epub	vole	1	16	0	6240	8
nist-epub-0009	epub	vole	2	16	0	6503	8
nist-epub-0009	epub	vole	3	16	0	5885	8
nist-epub-0009	epub	vole	4	16	0	6264	8
nist-epub-0009	epub	vole	5	16	0	6192	8
nist-epub-0009	epub	vole	0	17	0	6034	8
nist-epub-0009	epub	vole	1	17	0	6156	8
nist-epub-0009	epub	vole	2	17	0	6077	8
nist-epub-0009	epub	vole	3	17	0	6060	8
nist-epub-0009	epub	vole	4	17	0	6749	8
nist-epub-0009	epub	vole	5	17	0	6255	8
nist-epub-0009	epub	sqlite	0	17	0	3059	8
nist-epub-0009	epub	sqlite	1	17	0	2813	8
nist-epub-0009	epub	sqlite	2	17	0	3321	8
nist-epub-0009	epub	sqlite	3	17	0	2975	8
nist-epub-0009	epub	sqlite	4	17	0	2960	8
nist-epub-0009	epub	sqlite	5	17	0	3246	8
nist-epub-0009	epub	sqlite	0	18	0	3007	8
nist-epub-0009	epub	sqlite	1	18	0	2583	8
nist-epub-0009	epub	sqlite	2	18	0	2940	8
nist-epub-0009	epub	sqlite	3	18	0	3060	8
nist-epub-0009	epub	sqlite	4	18	0	2986	8
nist-epub-0009	epub	sqlite	5	18	0	3010	8
nist-epub-0009	epub	vole	0	18	0	6322	8
nist-epub-0009	epub	vole	1	18	0	5906	8
nist-epub-0009	epub	vole	2	18	0	6044	8
nist-epub-0009	epub	vole	3	18	0	5988	8
nist-epub-0009	epub	vole	4	18	0	5945	8
nist-epub-0009	epub	vole	5	18	0	5817	8
nist-epub-0009	epub	vole	0	19	0	5786	8
nist-epub-0009	epub	vole	1	19	0	6157	8
nist-epub-0009	epub	vole	2	19	0	5825	8
nist-epub-0009	epub	vole	3	19	0	6217	8
nist-epub-0009	epub	vole	4	19	0	5865	8
nist-epub-0009	epub	vole	5	19	0	5953	8
nist-epub-0009	epub	sqlite	0	19	0	3093	8
nist-epub-0009	epub	sqlite	1	19	0	2921	8
nist-epub-0009	epub	sqlite	2	19	0	3191	8
nist-epub-0009	epub	sqlite	3	19	0	3342	8
nist-epub-0009	epub	sqlite	4	19	0	3138	8
nist-epub-0009	epub	sqlite	5	19	0	2925	8
nist-epub-0009	epub	sqlite	0	20	0	2952	8
nist-epub-0009	epub	sqlite	1	20	0	2652	8
nist-epub-0009	epub	sqlite	2	20	0	2885	8
nist-epub-0009	epub	sqlite	3	20	0	2977	8
nist-epub-0009	epub	sqlite	4	20	0	2848	8
nist-epub-0009	epub	sqlite	5	20	0	2744	8
nist-epub-0009	epub	vole	0	20	0	6273	8
nist-epub-0009	epub	vole	1	20	0	6180	8
nist-epub-0009	epub	vole	2	20	0	5852	8
nist-epub-0009	epub	vole	3	20	0	6001	8
nist-epub-0009	epub	vole	4	20	0	6164	8
nist-epub-0009	epub	vole	5	20	0	5899	8
nist-epub-0009	epub	vole	0	21	0	6040	8
nist-epub-0009	epub	vole	1	21	0	6227	8
nist-epub-0009	epub	vole	2	21	0	5833	8
nist-epub-0009	epub	vole	3	21	0	6796	8
nist-epub-0009	epub	vole	4	21	0	6022	8
nist-epub-0009	epub	vole	5	21	0	6643	8
nist-epub-0009	epub	sqlite	0	21	0	3242	8
nist-epub-0009	epub	sqlite	1	21	0	2919	8
nist-epub-0009	epub	sqlite	2	21	0	3461	8
nist-epub-0009	epub	sqlite	3	21	0	3025	8
nist-epub-0009	epub	sqlite	4	21	0	3002	8
nist-epub-0009	epub	sqlite	5	21	0	2975	8
nist-epub-0009	epub	sqlite	0	22	0	2670	8
nist-epub-0009	epub	sqlite	1	22	0	2901	8
nist-epub-0009	epub	sqlite	2	22	0	3175	8
nist-epub-0009	epub	sqlite	3	22	0	2748	8
nist-epub-0009	epub	sqlite	4	22	0	2865	8
nist-epub-0009	epub	sqlite	5	22	0	2867	8
nist-epub-0009	epub	vole	0	22	0	6380	8
nist-epub-0009	epub	vole	1	22	0	6321	8
nist-epub-0009	epub	vole	2	22	0	6209	8
nist-epub-0009	epub	vole	3	22	0	6721	8
nist-epub-0009	epub	vole	4	22	0	6057	8
nist-epub-0009	epub	vole	5	22	0	5831	8
nist-epub-0009	epub	vole	0	23	0	6755	8
nist-epub-0009	epub	vole	1	23	0	5909	8
nist-epub-0009	epub	vole	2	23	0	6587	8
nist-epub-0009	epub	vole	3	23	0	6459	8
nist-epub-0009	epub	vole	4	23	0	5854	8
nist-epub-0009	epub	vole	5	23	0	6070	8
nist-epub-0009	epub	sqlite	0	23	0	2895	8
nist-epub-0009	epub	sqlite	1	23	0	2802	8
nist-epub-0009	epub	sqlite	2	23	0	2733	8
nist-epub-0009	epub	sqlite	3	23	0	2859	8
nist-epub-0009	epub	sqlite	4	23	0	3171	8
nist-epub-0009	epub	sqlite	5	23	0	2987	8
nist-epub-0009	epub	sqlite	0	24	0	2804	8
nist-epub-0009	epub	sqlite	1	24	0	2822	8
nist-epub-0009	epub	sqlite	2	24	0	2993	8
nist-epub-0009	epub	sqlite	3	24	0	3018	8
nist-epub-0009	epub	sqlite	4	24	0	3060	8
nist-epub-0009	epub	sqlite	5	24	0	2977	8
nist-epub-0009	epub	vole	0	24	0	6263	8
nist-epub-0009	epub	vole	1	24	0	6398	8
nist-epub-0009	epub	vole	2	24	0	5831	8
nist-epub-0009	epub	vole	3	24	0	6566	8
nist-epub-0009	epub	vole	4	24	0	6533	8
nist-epub-0009	epub	vole	5	24	0	6216	8
nist-epub-0009	epub	vole	0	25	0	6201	8
nist-epub-0009	epub	vole	1	25	0	6202	8
nist-epub-0009	epub	vole	2	25	0	6238	8
nist-epub-0009	epub	vole	3	25	0	6082	8
nist-epub-0009	epub	vole	4	25	0	6123	8
nist-epub-0009	epub	vole	5	25	0	6043	8
nist-epub-0009	epub	sqlite	0	25	0	3337	8
nist-epub-0009	epub	sqlite	1	25	0	3070	8
nist-epub-0009	epub	sqlite	2	25	0	2935	8
nist-epub-0009	epub	sqlite	3	25	0	2875	8
nist-epub-0009	epub	sqlite	4	25	0	3042	8
nist-epub-0009	epub	sqlite	5	25	0	3146	8
nist-epub-0009	epub	sqlite	0	26	0	2750	8
nist-epub-0009	epub	sqlite	1	26	0	2834	8
nist-epub-0009	epub	sqlite	2	26	0	3012	8
nist-epub-0009	epub	sqlite	3	26	0	2809	8
nist-epub-0009	epub	sqlite	4	26	0	3090	8
nist-epub-0009	epub	sqlite	5	26	0	2997	8
nist-epub-0009	epub	vole	0	26	0	6321	8
nist-epub-0009	epub	vole	1	26	0	6143	8
nist-epub-0009	epub	vole	2	26	0	5845	8
nist-epub-0009	epub	vole	3	26	0	5881	8
nist-epub-0009	epub	vole	4	26	0	6066	8
nist-epub-0009	epub	vole	5	26	0	6714	8
nist-epub-0009	epub	vole	0	27	0	6271	8
nist-epub-0009	epub	vole	1	27	0	6083	8
nist-epub-0009	epub	vole	2	27	0	6227	8
nist-epub-0009	epub	vole	3	27	0	6050	8
nist-epub-0009	epub	vole	4	27	0	6082	8
nist-epub-0009	epub	vole	5	27	0	5931	8
nist-epub-0009	epub	sqlite	0	27	0	3023	8
nist-epub-0009	epub	sqlite	1	27	0	2841	8
nist-epub-0009	epub	sqlite	2	27	0	2850	8
nist-epub-0009	epub	sqlite	3	27	0	2877	8
nist-epub-0009	epub	sqlite	4	27	0	2902	8
nist-epub-0009	epub	sqlite	5	27	0	2984	8
nist-epub-0009	epub	sqlite	0	28	0	3014	8
nist-epub-0009	epub	sqlite	1	28	0	2755	8
nist-epub-0009	epub	sqlite	2	28	0	4117	8
nist-epub-0009	epub	sqlite	3	28	0	3015	8
nist-epub-0009	epub	sqlite	4	28	0	3188	8
nist-epub-0009	epub	sqlite	5	28	0	2786	8
nist-epub-0009	epub	vole	0	28	0	6239	8
nist-epub-0009	epub	vole	1	28	0	5772	8
nist-epub-0009	epub	vole	2	28	0	6544	8
nist-epub-0009	epub	vole	3	28	0	6994	8
nist-epub-0009	epub	vole	4	28	0	6101	8
nist-epub-0009	epub	vole	5	28	0	6360	8
nist-epub-0009	epub	vole	0	29	0	5937	8
nist-epub-0009	epub	vole	1	29	0	6613	8
nist-epub-0009	epub	vole	2	29	0	6525	8
nist-epub-0009	epub	vole	3	29	0	5919	8
nist-epub-0009	epub	vole	4	29	0	6444	8
nist-epub-0009	epub	vole	5	29	0	6022	8
nist-epub-0009	epub	sqlite	0	29	0	3059	8
nist-epub-0009	epub	sqlite	1	29	0	3622	8
nist-epub-0009	epub	sqlite	2	29	0	3169	8
nist-epub-0009	epub	sqlite	3	29	0	3804	8
nist-epub-0009	epub	sqlite	4	29	0	2890	8
nist-epub-0009	epub	sqlite	5	29	0	3186	8
nist-epub-0009	epub	sqlite	0	30	0	2829	8
nist-epub-0009	epub	sqlite	1	30	0	2603	8
nist-epub-0009	epub	sqlite	2	30	0	2846	8
nist-epub-0009	epub	sqlite	3	30	0	3014	8
nist-epub-0009	epub	sqlite	4	30	0	3680	8
nist-epub-0009	epub	sqlite	5	30	0	3178	8
nist-epub-0009	epub	vole	0	30	0	6787	8
nist-epub-0009	epub	vole	1	30	0	5880	8
nist-epub-0009	epub	vole	2	30	0	6023	8
nist-epub-0009	epub	vole	3	30	0	6050	8
nist-epub-0009	epub	vole	4	30	0	6002	8
nist-epub-0009	epub	vole	5	30	0	6155	8
nist-epub-0009	epub	vole	0	31	0	5864	8
nist-epub-0009	epub	vole	1	31	0	6526	8
nist-epub-0009	epub	vole	2	31	0	6122	8
nist-epub-0009	epub	vole	3	31	0	5874	8
nist-epub-0009	epub	vole	4	31	0	6280	8
nist-epub-0009	epub	vole	5	31	0	5968	8
nist-epub-0009	epub	sqlite	0	31	0	2986	8
nist-epub-0009	epub	sqlite	1	31	0	3005	8
nist-epub-0009	epub	sqlite	2	31	0	2761	8
nist-epub-0009	epub	sqlite	3	31	0	2886	8
nist-epub-0009	epub	sqlite	4	31	0	2913	8
nist-epub-0009	epub	sqlite	5	31	0	3007	8
nist-epub-0009	epub	sqlite	0	32	0	2622	8
nist-epub-0009	epub	sqlite	1	32	0	2836	8
nist-epub-0009	epub	sqlite	2	32	0	3365	8
nist-epub-0009	epub	sqlite	3	32	0	3668	8
nist-epub-0009	epub	sqlite	4	32	0	3945	8
nist-epub-0009	epub	sqlite	5	32	0	3307	8
nist-epub-0009	epub	vole	0	32	0	6551	8
nist-epub-0009	epub	vole	1	32	0	6097	8
nist-epub-0009	epub	vole	2	32	0	5993	8
nist-epub-0009	epub	vole	3	32	0	6648	8
nist-epub-0009	epub	vole	4	32	0	6600	8
nist-epub-0009	epub	vole	5	32	0	6009	8
nist-epub-0009	epub	vole	0	33	0	6123	8
nist-epub-0009	epub	vole	1	33	0	6228	8
nist-epub-0009	epub	vole	2	33	0	6010	8
nist-epub-0009	epub	vole	3	33	0	5890	8
nist-epub-0009	epub	vole	4	33	0	6667	8
nist-epub-0009	epub	vole	5	33	0	6266	8
nist-epub-0009	epub	sqlite	0	33	0	3045	8
nist-epub-0009	epub	sqlite	1	33	0	2992	8
nist-epub-0009	epub	sqlite	2	33	0	2978	8
nist-epub-0009	epub	sqlite	3	33	0	3108	8
nist-epub-0009	epub	sqlite	4	33	0	2807	8
nist-epub-0009	epub	sqlite	5	33	0	2822	8
nist-epub-0009	epub	sqlite	0	34	0	2701	8
nist-epub-0009	epub	sqlite	1	34	0	2993	8
nist-epub-0009	epub	sqlite	2	34	0	3175	8
nist-epub-0009	epub	sqlite	3	34	0	2771	8
nist-epub-0009	epub	sqlite	4	34	0	3045	8
nist-epub-0009	epub	sqlite	5	34	0	3048	8
nist-epub-0009	epub	vole	0	34	0	6796	8
nist-epub-0009	epub	vole	1	34	0	5934	8
nist-epub-0009	epub	vole	2	34	0	6332	8
nist-epub-0009	epub	vole	3	34	0	6716	8
nist-epub-0009	epub	vole	4	34	0	6068	8
nist-epub-0009	epub	vole	5	34	0	6523	8
nist-epub-0009	epub	vole	0	35	0	5926	8
nist-epub-0009	epub	vole	1	35	0	5810	8
nist-epub-0009	epub	vole	2	35	0	6114	8
nist-epub-0009	epub	vole	3	35	0	5917	8
nist-epub-0009	epub	vole	4	35	0	6479	8
nist-epub-0009	epub	vole	5	35	0	6017	8
nist-epub-0009	epub	sqlite	0	35	0	2707	8
nist-epub-0009	epub	sqlite	1	35	0	2446	8
nist-epub-0009	epub	sqlite	2	35	0	2534	8
nist-epub-0009	epub	sqlite	3	35	0	2814	8
nist-epub-0009	epub	sqlite	4	35	0	3338	8
nist-epub-0009	epub	sqlite	5	35	0	2660	8
nist-epub-0009	epub	sqlite	0	36	0	2569	8
nist-epub-0009	epub	sqlite	1	36	0	2412	8
nist-epub-0009	epub	sqlite	2	36	0	3160	8
nist-epub-0009	epub	sqlite	3	36	0	2695	8
nist-epub-0009	epub	sqlite	4	36	0	2794	8
nist-epub-0009	epub	sqlite	5	36	0	2825	8
nist-epub-0009	epub	vole	0	36	0	6168	8
nist-epub-0009	epub	vole	1	36	0	5773	8
nist-epub-0009	epub	vole	2	36	0	6041	8
nist-epub-0009	epub	vole	3	36	0	5959	8
nist-epub-0009	epub	vole	4	36	0	5616	8
nist-epub-0009	epub	vole	5	36	0	6389	8
nist-epub-0009	epub	vole	0	37	0	5684	8
nist-epub-0009	epub	vole	1	37	0	5591	8
nist-epub-0009	epub	vole	2	37	0	6048	8
nist-epub-0009	epub	vole	3	37	0	5942	8
nist-epub-0009	epub	vole	4	37	0	5955	8
nist-epub-0009	epub	vole	5	37	0	5742	8
nist-epub-0009	epub	sqlite	0	37	0	2913	8
nist-epub-0009	epub	sqlite	1	37	0	2854	8
nist-epub-0009	epub	sqlite	2	37	0	2455	8
nist-epub-0009	epub	sqlite	3	37	0	2487	8
nist-epub-0009	epub	sqlite	4	37	0	2508	8
nist-epub-0009	epub	sqlite	5	37	0	2761	8
nist-epub-0009	epub	sqlite	0	38	0	2377	8
nist-epub-0009	epub	sqlite	1	38	0	2475	8
nist-epub-0009	epub	sqlite	2	38	0	2813	8
nist-epub-0009	epub	sqlite	3	38	0	2619	8
nist-epub-0009	epub	sqlite	4	38	0	2671	8
nist-epub-0009	epub	sqlite	5	38	0	2786	8
nist-epub-0009	epub	vole	0	38	0	6486	8
nist-epub-0009	epub	vole	1	38	0	6269	8
nist-epub-0009	epub	vole	2	38	0	5896	8
nist-epub-0009	epub	vole	3	38	0	5716	8
nist-epub-0009	epub	vole	4	38	0	6196	8
nist-epub-0009	epub	vole	5	38	0	5580	8
nist-epub-0009	epub	vole	0	39	0	5722	8
nist-epub-0009	epub	vole	1	39	0	5748	8
nist-epub-0009	epub	vole	2	39	0	5783	8
nist-epub-0009	epub	vole	3	39	0	5780	8
nist-epub-0009	epub	vole	4	39	0	5964	8
nist-epub-0009	epub	vole	5	39	0	6344	8
nist-epub-0009	epub	sqlite	0	39	0	2753	8
nist-epub-0009	epub	sqlite	1	39	0	2619	8
nist-epub-0009	epub	sqlite	2	39	0	2905	8
nist-epub-0009	epub	sqlite	3	39	0	2487	8
nist-epub-0009	epub	sqlite	4	39	0	2521	8
nist-epub-0009	epub	sqlite	5	39	0	2705	8
nist-epub-0009	epub	sqlite	0	40	0	2392	8
nist-epub-0009	epub	sqlite	1	40	0	2439	8
nist-epub-0009	epub	sqlite	2	40	0	2569	8
nist-epub-0009	epub	sqlite	3	40	0	2495	8
nist-epub-0009	epub	sqlite	4	40	0	2724	8
nist-epub-0009	epub	sqlite	5	40	0	2599	8
nist-epub-0009	epub	vole	0	40	0	6024	8
nist-epub-0009	epub	vole	1	40	0	5731	8
nist-epub-0009	epub	vole	2	40	0	6300	8
nist-epub-0009	epub	vole	3	40	0	5886	8
nist-epub-0009	epub	vole	4	40	0	6478	8
nist-epub-0009	epub	vole	5	40	0	6138	8
nist-epub-0009	epub	vole	0	41	0	5791	8
nist-epub-0009	epub	vole	1	41	0	5832	8
nist-epub-0009	epub	vole	2	41	0	5742	8
nist-epub-0009	epub	vole	3	41	0	6306	8
nist-epub-0009	epub	vole	4	41	0	5728	8
nist-epub-0009	epub	vole	5	41	0	5817	8
nist-epub-0009	epub	sqlite	0	41	0	2557	8
nist-epub-0009	epub	sqlite	1	41	0	2375	8
nist-epub-0009	epub	sqlite	2	41	0	2450	8
nist-epub-0009	epub	sqlite	3	41	0	2663	8
nist-epub-0009	epub	sqlite	4	41	0	2510	8
nist-epub-0009	epub	sqlite	5	41	0	2649	8
nist-epub-0009	epub	sqlite	0	42	0	2580	8
nist-epub-0009	epub	sqlite	1	42	0	3091	8
nist-epub-0009	epub	sqlite	2	42	0	2722	8
nist-epub-0009	epub	sqlite	3	42	0	3091	8
nist-epub-0009	epub	sqlite	4	42	0	2504	8
nist-epub-0009	epub	sqlite	5	42	0	2642	8
nist-epub-0009	epub	vole	0	42	0	5783	8
nist-epub-0009	epub	vole	1	42	0	5797	8
nist-epub-0009	epub	vole	2	42	0	5761	8
nist-epub-0009	epub	vole	3	42	0	6179	8
nist-epub-0009	epub	vole	4	42	0	5693	8
nist-epub-0009	epub	vole	5	42	0	5746	8
nist-epub-0009	epub	vole	0	43	0	5836	8
nist-epub-0009	epub	vole	1	43	0	6007	8
nist-epub-0009	epub	vole	2	43	0	6366	8
nist-epub-0009	epub	vole	3	43	0	5690	8
nist-epub-0009	epub	vole	4	43	0	6040	8
nist-epub-0009	epub	vole	5	43	0	5922	8
nist-epub-0009	epub	sqlite	0	43	0	2649	8
nist-epub-0009	epub	sqlite	1	43	0	3391	8
nist-epub-0009	epub	sqlite	2	43	0	2815	8
nist-epub-0009	epub	sqlite	3	43	0	2683	8
nist-epub-0009	epub	sqlite	4	43	0	2754	8
nist-epub-0009	epub	sqlite	5	43	0	3149	8
nist-epub-0009	epub	sqlite	0	44	0	2628	8
nist-epub-0009	epub	sqlite	1	44	0	2451	8
nist-epub-0009	epub	sqlite	2	44	0	2428	8
nist-epub-0009	epub	sqlite	3	44	0	2472	8
nist-epub-0009	epub	sqlite	4	44	0	2649	8
nist-epub-0009	epub	sqlite	5	44	0	2706	8
nist-epub-0009	epub	vole	0	44	0	6210	8
nist-epub-0009	epub	vole	1	44	0	5760	8
nist-epub-0009	epub	vole	2	44	0	5840	8
nist-epub-0009	epub	vole	3	44	0	5942	8
nist-epub-0009	epub	vole	4	44	0	6010	8
nist-epub-0009	epub	vole	5	44	0	5895	8
nist-epub-0009	epub	vole	0	45	0	6339	8
nist-epub-0009	epub	vole	1	45	0	5629	8
nist-epub-0009	epub	vole	2	45	0	5699	8
nist-epub-0009	epub	vole	3	45	0	5532	8
nist-epub-0009	epub	vole	4	45	0	6241	8
nist-epub-0009	epub	vole	5	45	0	6371	8
nist-epub-0009	epub	sqlite	0	45	0	2753	8
nist-epub-0009	epub	sqlite	1	45	0	2565	8
nist-epub-0009	epub	sqlite	2	45	0	2668	8
nist-epub-0009	epub	sqlite	3	45	0	2622	8
nist-epub-0009	epub	sqlite	4	45	0	2768	8
nist-epub-0009	epub	sqlite	5	45	0	2575	8
nist-epub-0009	epub	sqlite	0	46	0	2324	8
nist-epub-0009	epub	sqlite	1	46	0	2615	8
nist-epub-0009	epub	sqlite	2	46	0	2629	8
nist-epub-0009	epub	sqlite	3	46	0	3154	8
nist-epub-0009	epub	sqlite	4	46	0	2672	8
nist-epub-0009	epub	sqlite	5	46	0	2763	8
nist-epub-0009	epub	vole	0	46	0	6717	8
nist-epub-0009	epub	vole	1	46	0	6748	8
nist-epub-0009	epub	vole	2	46	0	6014	8
nist-epub-0009	epub	vole	3	46	0	5983	8
nist-epub-0009	epub	vole	4	46	0	6653	8
nist-epub-0009	epub	vole	5	46	0	6596	8
nist-epub-0009	epub	vole	0	47	0	6208	8
nist-epub-0009	epub	vole	1	47	0	6048	8
nist-epub-0009	epub	vole	2	47	0	6178	8
nist-epub-0009	epub	vole	3	47	0	5969	8
nist-epub-0009	epub	vole	4	47	0	5923	8
nist-epub-0009	epub	vole	5	47	0	5890	8
nist-epub-0009	epub	sqlite	0	47	0	2988	8
nist-epub-0009	epub	sqlite	1	47	0	2837	8
nist-epub-0009	epub	sqlite	2	47	0	3043	8
nist-epub-0009	epub	sqlite	3	47	0	2953	8
nist-epub-0009	epub	sqlite	4	47	0	2865	8
nist-epub-0009	epub	sqlite	5	47	0	2981	8
nist-epub-0009	epub	sqlite	0	48	0	2853	8
nist-epub-0009	epub	sqlite	1	48	0	2656	8
nist-epub-0009	epub	sqlite	2	48	0	2878	8
nist-epub-0009	epub	sqlite	3	48	0	2857	8
nist-epub-0009	epub	sqlite	4	48	0	3646	8
nist-epub-0009	epub	sqlite	5	48	0	3145	8
nist-epub-0009	epub	vole	0	48	0	6011	8
nist-epub-0009	epub	vole	1	48	0	5900	8
nist-epub-0009	epub	vole	2	48	0	5848	8
nist-epub-0009	epub	vole	3	48	0	6145	8
nist-epub-0009	epub	vole	4	48	0	6048	8
nist-epub-0009	epub	vole	5	48	0	6037	8
nist-epub-0009	epub	vole	0	49	0	5742	8
nist-epub-0009	epub	vole	1	49	0	5866	8
nist-epub-0009	epub	vole	2	49	0	5852	8
nist-epub-0009	epub	vole	3	49	0	6368	8
nist-epub-0009	epub	vole	4	49	0	6058	8
nist-epub-0009	epub	vole	5	49	0	5741	8
nist-epub-0009	epub	sqlite	0	49	0	2826	8
nist-epub-0009	epub	sqlite	1	49	0	2603	8
nist-epub-0009	epub	sqlite	2	49	0	2762	8
nist-epub-0009	epub	sqlite	3	49	0	2584	8
nist-epub-0009	epub	sqlite	4	49	0	2898	8
nist-epub-0009	epub	sqlite	5	49	0	2551	8
nist-epub-0009	epub	sqlite	0	50	0	2646	8
nist-epub-0009	epub	sqlite	1	50	0	2521	8
nist-epub-0009	epub	sqlite	2	50	0	2673	8
nist-epub-0009	epub	sqlite	3	50	0	2444	8
nist-epub-0009	epub	sqlite	4	50	0	2789	8
nist-epub-0009	epub	sqlite	5	50	0	2594	8
nist-epub-0009	epub	vole	0	50	0	6128	8
nist-epub-0009	epub	vole	1	50	0	5850	8
nist-epub-0009	epub	vole	2	50	0	5739	8
nist-epub-0009	epub	vole	3	50	0	6214	8
nist-epub-0009	epub	vole	4	50	0	5932	8
nist-epub-0009	epub	vole	5	50	0	6334	8
nist-epub-0009	epub	vole	0	51	0	5644	8
nist-epub-0009	epub	vole	1	51	0	6162	8
nist-epub-0009	epub	vole	2	51	0	5556	8
nist-epub-0009	epub	vole	3	51	0	5685	8
nist-epub-0009	epub	vole	4	51	0	5997	8
nist-epub-0009	epub	vole	5	51	0	5910	8
nist-epub-0009	epub	sqlite	0	51	0	2839	8
nist-epub-0009	epub	sqlite	1	51	0	2655	8
nist-epub-0009	epub	sqlite	2	51	0	2532	8
nist-epub-0009	epub	sqlite	3	51	0	2627	8
nist-epub-0009	epub	sqlite	4	51	0	2605	8
nist-epub-0009	epub	sqlite	5	51	0	2712	8
nist-epub-0009	epub	sqlite	0	52	0	2278	8
nist-epub-0009	epub	sqlite	1	52	0	2807	8
nist-epub-0009	epub	sqlite	2	52	0	2679	8
nist-epub-0009	epub	sqlite	3	52	0	2708	8
nist-epub-0009	epub	sqlite	4	52	0	2750	8
nist-epub-0009	epub	sqlite	5	52	0	2641	8
nist-epub-0009	epub	vole	0	52	0	5980	8
nist-epub-0009	epub	vole	1	52	0	6243	8
nist-epub-0009	epub	vole	2	52	0	6267	8
nist-epub-0009	epub	vole	3	52	0	5916	8
nist-epub-0009	epub	vole	4	52	0	6119	8
nist-epub-0009	epub	vole	5	52	0	6187	8
nist-epub-0009	epub	vole	0	53	0	5736	8
nist-epub-0009	epub	vole	1	53	0	5885	8
nist-epub-0009	epub	vole	2	53	0	5696	8
nist-epub-0009	epub	vole	3	53	0	5721	8
nist-epub-0009	epub	vole	4	53	0	5817	8
nist-epub-0009	epub	vole	5	53	0	5895	8
nist-epub-0009	epub	sqlite	0	53	0	2856	8
nist-epub-0009	epub	sqlite	1	53	0	2550	8
nist-epub-0009	epub	sqlite	2	53	0	2739	8
nist-epub-0009	epub	sqlite	3	53	0	2768	8
nist-epub-0009	epub	sqlite	4	53	0	2696	8
nist-epub-0009	epub	sqlite	5	53	0	2643	8
nist-epub-0009	epub	sqlite	0	54	0	2530	8
nist-epub-0009	epub	sqlite	1	54	0	2395	8
nist-epub-0009	epub	sqlite	2	54	0	2908	8
nist-epub-0009	epub	sqlite	3	54	0	2435	8
nist-epub-0009	epub	sqlite	4	54	0	2528	8
nist-epub-0009	epub	sqlite	5	54	0	2575	8
nist-epub-0009	epub	vole	0	54	0	6092	8
nist-epub-0009	epub	vole	1	54	0	6345	8
nist-epub-0009	epub	vole	2	54	0	5807	8
nist-epub-0009	epub	vole	3	54	0	5823	8
nist-epub-0009	epub	vole	4	54	0	6695	8
nist-epub-0009	epub	vole	5	54	0	6001	8
nist-epub-0009	epub	vole	0	55	0	6007	8
nist-epub-0009	epub	vole	1	55	0	5729	8
nist-epub-0009	epub	vole	2	55	0	5837	8
nist-epub-0009	epub	vole	3	55	0	6048	8
nist-epub-0009	epub	vole	4	55	0	6033	8
nist-epub-0009	epub	vole	5	55	0	6465	8
nist-epub-0009	epub	sqlite	0	55	0	3112	8
nist-epub-0009	epub	sqlite	1	55	0	2821	8
nist-epub-0009	epub	sqlite	2	55	0	2786	8
nist-epub-0009	epub	sqlite	3	55	0	2970	8
nist-epub-0009	epub	sqlite	4	55	0	2896	8
nist-epub-0009	epub	sqlite	5	55	0	2773	8
nist-epub-0009	epub	sqlite	0	56	0	2503	8
nist-epub-0009	epub	sqlite	1	56	0	2818	8
nist-epub-0009	epub	sqlite	2	56	0	3788	8
nist-epub-0009	epub	sqlite	3	56	0	2899	8
nist-epub-0009	epub	sqlite	4	56	0	3153	8
nist-epub-0009	epub	sqlite	5	56	0	3233	8
nist-epub-0009	epub	vole	0	56	0	6185	8
nist-epub-0009	epub	vole	1	56	0	5879	8
nist-epub-0009	epub	vole	2	56	0	5978	8
nist-epub-0009	epub	vole	3	56	0	6381	8
nist-epub-0009	epub	vole	4	56	0	6122	8
nist-epub-0009	epub	vole	5	56	0	5854	8
nist-epub-0009	epub	vole	0	57	0	5822	8
nist-epub-0009	epub	vole	1	57	0	6029	8
nist-epub-0009	epub	vole	2	57	0	5960	8
nist-epub-0009	epub	vole	3	57	0	5867	8
nist-epub-0009	epub	vole	4	57	0	5729	8
nist-epub-0009	epub	vole	5	57	0	5738	8
nist-epub-0009	epub	sqlite	0	57	0	3179	8
nist-epub-0009	epub	sqlite	1	57	0	3465	8
nist-epub-0009	epub	sqlite	2	57	0	3334	8
nist-epub-0009	epub	sqlite	3	57	0	3848	8
nist-epub-0009	epub	sqlite	4	57	0	3026	8
nist-epub-0009	epub	sqlite	5	57	0	3034	8
nist-epub-0009	epub	sqlite	0	58	0	2669	8
nist-epub-0009	epub	sqlite	1	58	0	2477	8
nist-epub-0009	epub	sqlite	2	58	0	2518	8
nist-epub-0009	epub	sqlite	3	58	0	3040	8
nist-epub-0009	epub	sqlite	4	58	0	2620	8
nist-epub-0009	epub	sqlite	5	58	0	2832	8
nist-epub-0009	epub	vole	0	58	0	6024	8
nist-epub-0009	epub	vole	1	58	0	5989	8
nist-epub-0009	epub	vole	2	58	0	5765	8
nist-epub-0009	epub	vole	3	58	0	6206	8
nist-epub-0009	epub	vole	4	58	0	6026	8
nist-epub-0009	epub	vole	5	58	0	5820	8
nist-epub-0009	epub	vole	0	59	0	6183	8
nist-epub-0009	epub	vole	1	59	0	5934	8
nist-epub-0009	epub	vole	2	59	0	5938	8
nist-epub-0009	epub	vole	3	59	0	5939	8
nist-epub-0009	epub	vole	4	59	0	5897	8
nist-epub-0009	epub	vole	5	59	0	5898	8
nist-epub-0009	epub	sqlite	0	59	0	3035	8
nist-epub-0009	epub	sqlite	1	59	0	2992	8
nist-epub-0009	epub	sqlite	2	59	0	2566	8
nist-epub-0009	epub	sqlite	3	59	0	2884	8
nist-epub-0009	epub	sqlite	4	59	0	2885	8
nist-epub-0009	epub	sqlite	5	59	0	3446	8
nist-epub-0009	epub	sqlite	0	60	0	2515	8
nist-epub-0009	epub	sqlite	1	60	0	3535	8
nist-epub-0009	epub	sqlite	2	60	0	2754	8
nist-epub-0009	epub	sqlite	3	60	0	2629	8
nist-epub-0009	epub	sqlite	4	60	0	2724	8
nist-epub-0009	epub	sqlite	5	60	0	2563	8
nist-epub-0009	epub	vole	0	60	0	6113	8
nist-epub-0009	epub	vole	1	60	0	6084	8
nist-epub-0009	epub	vole	2	60	0	6068	8
nist-epub-0009	epub	vole	3	60	0	5682	8
nist-epub-0009	epub	vole	4	60	0	6241	8
nist-epub-0009	epub	vole	5	60	0	5598	8
nist-epub-0009	epub	vole	0	61	0	5713	8
nist-epub-0009	epub	vole	1	61	0	5924	8
nist-epub-0009	epub	vole	2	61	0	5870	8
nist-epub-0009	epub	vole	3	61	0	6007	8
nist-epub-0009	epub	vole	4	61	0	5607	8
nist-epub-0009	epub	vole	5	61	0	6333	8
nist-epub-0009	epub	sqlite	0	61	0	2870	8
nist-epub-0009	epub	sqlite	1	61	0	2868	8
nist-epub-0009	epub	sqlite	2	61	0	2546	8
nist-epub-0009	epub	sqlite	3	61	0	2870	8
nist-epub-0009	epub	sqlite	4	61	0	2964	8
nist-epub-0009	epub	sqlite	5	61	0	2597	8
nist-epub-0009	epub	sqlite	0	62	0	2516	8
nist-epub-0009	epub	sqlite	1	62	0	2447	8
nist-epub-0009	epub	sqlite	2	62	0	2718	8
nist-epub-0009	epub	sqlite	3	62	0	2617	8
nist-epub-0009	epub	sqlite	4	62	0	2569	8
nist-epub-0009	epub	sqlite	5	62	0	2708	8
nist-epub-0009	epub	vole	0	62	0	6044	8
nist-epub-0009	epub	vole	1	62	0	5918	8
nist-epub-0009	epub	vole	2	62	0	6439	8
nist-epub-0009	epub	vole	3	62	0	5783	8
nist-epub-0009	epub	vole	4	62	0	6126	8
nist-epub-0009	epub	vole	5	62	0	10685	8
nist-epub-0009	epub	vole	0	63	0	6039	8
nist-epub-0009	epub	vole	1	63	0	6407	8
nist-epub-0009	epub	vole	2	63	0	6657	8
nist-epub-0009	epub	vole	3	63	0	5668	8
nist-epub-0009	epub	vole	4	63	0	6203	8
nist-epub-0009	epub	vole	5	63	0	5821	8
nist-epub-0009	epub	sqlite	0	63	0	3072	8
nist-epub-0009	epub	sqlite	1	63	0	2642	8
nist-epub-0009	epub	sqlite	2	63	0	2796	8
nist-epub-0009	epub	sqlite	3	63	0	2877	8
nist-epub-0009	epub	sqlite	4	63	0	2966	8
nist-epub-0009	epub	sqlite	5	63	0	2620	8
nist-epub-0009	epub	sqlite	0	64	0	2661	8
nist-epub-0009	epub	sqlite	1	64	0	2628	8
nist-epub-0009	epub	sqlite	2	64	0	2851	8
nist-epub-0009	epub	sqlite	3	64	0	2576	8
nist-epub-0009	epub	sqlite	4	64	0	2579	8
nist-epub-0009	epub	sqlite	5	64	0	2865	8
nist-epub-0009	epub	vole	0	64	0	6046	8
nist-epub-0009	epub	vole	1	64	0	6554	8
nist-epub-0009	epub	vole	2	64	0	5847	8
nist-epub-0009	epub	vole	3	64	0	6177	8
nist-epub-0009	epub	vole	4	64	0	5937	8
nist-epub-0009	epub	vole	5	64	0	5933	8
nist-epub-0009	epub	vole	0	65	0	6714	8
nist-epub-0009	epub	vole	1	65	0	6016	8
nist-epub-0009	epub	vole	2	65	0	6052	8
nist-epub-0009	epub	vole	3	65	0	5680	8
nist-epub-0009	epub	vole	4	65	0	6255	8
nist-epub-0009	epub	vole	5	65	0	5979	8
nist-epub-0009	epub	sqlite	0	65	0	2982	8
nist-epub-0009	epub	sqlite	1	65	0	3168	8
nist-epub-0009	epub	sqlite	2	65	0	2942	8
nist-epub-0009	epub	sqlite	3	65	0	2823	8
nist-epub-0009	epub	sqlite	4	65	0	2769	8
nist-epub-0009	epub	sqlite	5	65	0	3341	8
nist-epub-0009	epub	sqlite	0	66	0	2836	8
nist-epub-0009	epub	sqlite	1	66	0	2896	8
nist-epub-0009	epub	sqlite	2	66	0	2964	8
nist-epub-0009	epub	sqlite	3	66	0	3176	8
nist-epub-0009	epub	sqlite	4	66	0	3104	8
nist-epub-0009	epub	sqlite	5	66	0	2836	8
nist-epub-0009	epub	vole	0	66	0	6091	8
nist-epub-0009	epub	vole	1	66	0	6076	8
nist-epub-0009	epub	vole	2	66	0	5793	8
nist-epub-0009	epub	vole	3	66	0	5871	8
nist-epub-0009	epub	vole	4	66	0	6297	8
nist-epub-0009	epub	vole	5	66	0	6301	8
nist-epub-0009	epub	vole	0	67	0	6335	8
nist-epub-0009	epub	vole	1	67	0	6614	8
nist-epub-0009	epub	vole	2	67	0	6210	8
nist-epub-0009	epub	vole	3	67	0	7061	8
nist-epub-0009	epub	vole	4	67	0	6276	8
nist-epub-0009	epub	vole	5	67	0	6049	8
nist-epub-0009	epub	sqlite	0	67	0	3248	8
nist-epub-0009	epub	sqlite	1	67	0	3039	8
nist-epub-0009	epub	sqlite	2	67	0	3120	8
nist-epub-0009	epub	sqlite	3	67	0	3028	8
nist-epub-0009	epub	sqlite	4	67	0	2998	8
nist-epub-0009	epub	sqlite	5	67	0	3184	8
nist-epub-0009	epub	sqlite	0	68	0	2737	8
nist-epub-0009	epub	sqlite	1	68	0	3046	8
nist-epub-0009	epub	sqlite	2	68	0	2862	8
nist-epub-0009	epub	sqlite	3	68	0	2864	8
nist-epub-0009	epub	sqlite	4	68	0	3776	8
nist-epub-0009	epub	sqlite	5	68	0	2706	8
nist-epub-0009	epub	vole	0	68	0	6941	8
nist-epub-0009	epub	vole	1	68	0	6764	8
nist-epub-0009	epub	vole	2	68	0	6040	8
nist-epub-0009	epub	vole	3	68	0	6425	8
nist-epub-0009	epub	vole	4	68	0	6043	8
nist-epub-0009	epub	vole	5	68	0	5807	8
nist-epub-0009	epub	vole	0	69	0	6008	8
nist-epub-0009	epub	vole	1	69	0	6151	8
nist-epub-0009	epub	vole	2	69	0	6413	8
nist-epub-0009	epub	vole	3	69	0	6395	8
nist-epub-0009	epub	vole	4	69	0	6250	8
nist-epub-0009	epub	vole	5	69	0	6023	8
nist-epub-0009	epub	sqlite	0	69	0	3283	8
nist-epub-0009	epub	sqlite	1	69	0	3063	8
nist-epub-0009	epub	sqlite	2	69	0	3327	8
nist-epub-0009	epub	sqlite	3	69	0	3297	8
nist-epub-0009	epub	sqlite	4	69	0	3104	8
nist-epub-0009	epub	sqlite	5	69	0	3349	8
nist-epub-0009	epub	sqlite	0	70	0	2692	8
nist-epub-0009	epub	sqlite	1	70	0	2787	8
nist-epub-0009	epub	sqlite	2	70	0	3269	8
nist-epub-0009	epub	sqlite	3	70	0	2984	8
nist-epub-0009	epub	sqlite	4	70	0	3194	8
nist-epub-0009	epub	sqlite	5	70	0	3031	8
nist-epub-0009	epub	vole	0	70	0	6506	8
nist-epub-0009	epub	vole	1	70	0	6307	8
nist-epub-0009	epub	vole	2	70	0	6835	8
nist-epub-0009	epub	vole	3	70	0	6089	8
nist-epub-0009	epub	vole	4	70	0	6252	8
nist-epub-0009	epub	vole	5	70	0	6011	8
nist-epub-0009	epub	vole	0	71	0	6182	8
nist-epub-0009	epub	vole	1	71	0	6167	8
nist-epub-0009	epub	vole	2	71	0	6214	8
nist-epub-0009	epub	vole	3	71	0	6228	8
nist-epub-0009	epub	vole	4	71	0	6258	8
nist-epub-0009	epub	vole	5	71	0	6097	8
nist-epub-0009	epub	sqlite	0	71	0	3464	8
nist-epub-0009	epub	sqlite	1	71	0	3015	8
nist-epub-0009	epub	sqlite	2	71	0	3282	8
nist-epub-0009	epub	sqlite	3	71	0	3513	8
nist-epub-0009	epub	sqlite	4	71	0	3436	8
nist-epub-0009	epub	sqlite	5	71	0	3227	8
nist-epub-0009	epub	sqlite	0	72	0	2900	8
nist-epub-0009	epub	sqlite	1	72	0	3024	8
nist-epub-0009	epub	sqlite	2	72	0	3169	8
nist-epub-0009	epub	sqlite	3	72	0	3090	8
nist-epub-0009	epub	sqlite	4	72	0	3421	8
nist-epub-0009	epub	sqlite	5	72	0	3093	8
nist-epub-0009	epub	vole	0	72	0	6321	8
nist-epub-0009	epub	vole	1	72	0	6282	8
nist-epub-0009	epub	vole	2	72	0	6233	8
nist-epub-0009	epub	vole	3	72	0	6493	8
nist-epub-0009	epub	vole	4	72	0	6652	8
nist-epub-0009	epub	vole	5	72	0	6189	8
nist-epub-0009	epub	vole	0	73	0	6512	8
nist-epub-0009	epub	vole	1	73	0	6413	8
nist-epub-0009	epub	vole	2	73	0	6412	8
nist-epub-0009	epub	vole	3	73	0	6235	8
nist-epub-0009	epub	vole	4	73	0	6158	8
nist-epub-0009	epub	vole	5	73	0	6277	8
nist-epub-0009	epub	sqlite	0	73	0	3270	8
nist-epub-0009	epub	sqlite	1	73	0	3367	8
nist-epub-0009	epub	sqlite	2	73	0	3282	8
nist-epub-0009	epub	sqlite	3	73	0	3405	8
nist-epub-0009	epub	sqlite	4	73	0	3392	8
nist-epub-0009	epub	sqlite	5	73	0	2909	8
nist-epub-0009	epub	sqlite	0	74	0	2959	8
nist-epub-0009	epub	sqlite	1	74	0	2928	8
nist-epub-0009	epub	sqlite	2	74	0	3317	8
nist-epub-0009	epub	sqlite	3	74	0	2925	8
nist-epub-0009	epub	sqlite	4	74	0	3043	8
nist-epub-0009	epub	sqlite	5	74	0	3355	8
nist-epub-0009	epub	vole	0	74	0	6395	8
nist-epub-0009	epub	vole	1	74	0	6774	8
nist-epub-0009	epub	vole	2	74	0	6261	8
nist-epub-0009	epub	vole	3	74	0	6417	8
nist-epub-0009	epub	vole	4	74	0	6473	8
nist-epub-0009	epub	vole	5	74	0	6239	8
nist-epub-0009	epub	vole	0	75	0	6171	8
nist-epub-0009	epub	vole	1	75	0	6224	8
nist-epub-0009	epub	vole	2	75	0	6056	8
nist-epub-0009	epub	vole	3	75	0	6063	8
nist-epub-0009	epub	vole	4	75	0	6252	8
nist-epub-0009	epub	vole	5	75	0	6179	8
nist-epub-0009	epub	sqlite	0	75	0	3121	8
nist-epub-0009	epub	sqlite	1	75	0	2965	8
nist-epub-0009	epub	sqlite	2	75	0	2800	8
nist-epub-0009	epub	sqlite	3	75	0	2802	8
nist-epub-0009	epub	sqlite	4	75	0	2980	8
nist-epub-0009	epub	sqlite	5	75	0	2910	8
nist-epub-0009	epub	sqlite	0	76	0	2858	8
nist-epub-0009	epub	sqlite	1	76	0	2802	8
nist-epub-0009	epub	sqlite	2	76	0	2710	8
nist-epub-0009	epub	sqlite	3	76	0	2788	8
nist-epub-0009	epub	sqlite	4	76	0	3133	8
nist-epub-0009	epub	sqlite	5	76	0	2643	8
nist-epub-0009	epub	vole	0	76	0	6070	8
nist-epub-0009	epub	vole	1	76	0	6059	8
nist-epub-0009	epub	vole	2	76	0	5817	8
nist-epub-0009	epub	vole	3	76	0	5886	8
nist-epub-0009	epub	vole	4	76	0	5731	8
nist-epub-0009	epub	vole	5	76	0	5773	8
nist-epub-0009	epub	vole	0	77	0	6001	8
nist-epub-0009	epub	vole	1	77	0	5728	8
nist-epub-0009	epub	vole	2	77	0	6039	8
nist-epub-0009	epub	vole	3	77	0	6075	8
nist-epub-0009	epub	vole	4	77	0	6656	8
nist-epub-0009	epub	vole	5	77	0	5745	8
nist-epub-0009	epub	sqlite	0	77	0	3372	8
nist-epub-0009	epub	sqlite	1	77	0	2955	8
nist-epub-0009	epub	sqlite	2	77	0	2857	8
nist-epub-0009	epub	sqlite	3	77	0	2880	8
nist-epub-0009	epub	sqlite	4	77	0	3162	8
nist-epub-0009	epub	sqlite	5	77	0	3174	8
nist-epub-0009	epub	sqlite	0	78	0	2866	8
nist-epub-0009	epub	sqlite	1	78	0	2787	8
nist-epub-0009	epub	sqlite	2	78	0	3130	8
nist-epub-0009	epub	sqlite	3	78	0	3188	8
nist-epub-0009	epub	sqlite	4	78	0	3155	8
nist-epub-0009	epub	sqlite	5	78	0	3022	8
nist-epub-0009	epub	vole	0	78	0	6633	8
nist-epub-0009	epub	vole	1	78	0	5925	8
nist-epub-0009	epub	vole	2	78	0	6574	8
nist-epub-0009	epub	vole	3	78	0	5767	8
nist-epub-0009	epub	vole	4	78	0	6546	8
nist-epub-0009	epub	vole	5	78	0	6883	8
nist-epub-0009	epub	vole	0	79	0	6054	8
nist-epub-0009	epub	vole	1	79	0	6581	8
nist-epub-0009	epub	vole	2	79	0	5681	8
nist-epub-0009	epub	vole	3	79	0	6419	8
nist-epub-0009	epub	vole	4	79	0	6316	8
nist-epub-0009	epub	vole	5	79	0	5915	8
nist-epub-0009	epub	sqlite	0	79	0	2990	8
nist-epub-0009	epub	sqlite	1	79	0	2997	8
nist-epub-0009	epub	sqlite	2	79	0	2809	8
nist-epub-0009	epub	sqlite	3	79	0	2681	8
nist-epub-0009	epub	sqlite	4	79	0	2670	8
nist-epub-0009	epub	sqlite	5	79	0	2826	8
nist-epub-0009	epub	sqlite	0	80	0	2610	8
nist-epub-0009	epub	sqlite	1	80	0	2716	8
nist-epub-0009	epub	sqlite	2	80	0	2786	8
nist-epub-0009	epub	sqlite	3	80	0	3079	8
nist-epub-0009	epub	sqlite	4	80	0	2973	8
nist-epub-0009	epub	sqlite	5	80	0	2810	8
nist-epub-0009	epub	vole	0	80	0	6453	8
nist-epub-0009	epub	vole	1	80	0	6266	8
nist-epub-0009	epub	vole	2	80	0	5794	8
nist-epub-0009	epub	vole	3	80	0	5828	8
nist-epub-0009	epub	vole	4	80	0	5727	8
nist-epub-0009	epub	vole	5	80	0	5930	8
nist-epub-0009	epub	vole	0	81	0	6562	8
nist-epub-0009	epub	vole	1	81	0	5724	8
nist-epub-0009	epub	vole	2	81	0	5975	8
nist-epub-0009	epub	vole	3	81	0	6126	8
nist-epub-0009	epub	vole	4	81	0	6026	8
nist-epub-0009	epub	vole	5	81	0	5948	8
nist-epub-0009	epub	sqlite	0	81	0	2890	8
nist-epub-0009	epub	sqlite	1	81	0	2719	8
nist-epub-0009	epub	sqlite	2	81	0	3156	8
nist-epub-0009	epub	sqlite	3	81	0	2779	8
nist-epub-0009	epub	sqlite	4	81	0	2815	8
nist-epub-0009	epub	sqlite	5	81	0	2592	8
nist-epub-0009	epub	sqlite	0	82	0	2601	8
nist-epub-0009	epub	sqlite	1	82	0	2583	8
nist-epub-0009	epub	sqlite	2	82	0	2541	8
nist-epub-0009	epub	sqlite	3	82	0	2768	8
nist-epub-0009	epub	sqlite	4	82	0	2792	8
nist-epub-0009	epub	sqlite	5	82	0	2697	8
nist-epub-0009	epub	vole	0	82	0	5993	8
nist-epub-0009	epub	vole	1	82	0	6349	8
nist-epub-0009	epub	vole	2	82	0	5765	8
nist-epub-0009	epub	vole	3	82	0	5662	8
nist-epub-0009	epub	vole	4	82	0	5763	8
nist-epub-0009	epub	vole	5	82	0	5758	8
nist-epub-0009	epub	vole	0	83	0	6309	8
nist-epub-0009	epub	vole	1	83	0	5750	8
nist-epub-0009	epub	vole	2	83	0	5715	8
nist-epub-0009	epub	vole	3	83	0	6020	8
nist-epub-0009	epub	vole	4	83	0	6100	8
nist-epub-0009	epub	vole	5	83	0	5974	8
nist-epub-0009	epub	sqlite	0	83	0	4406	8
nist-epub-0009	epub	sqlite	1	83	0	2833	8
nist-epub-0009	epub	sqlite	2	83	0	2843	8
nist-epub-0009	epub	sqlite	3	83	0	2813	8
nist-epub-0009	epub	sqlite	4	83	0	2729	8
nist-epub-0009	epub	sqlite	5	83	0	2552	8
nist-epub-0009	epub	sqlite	0	84	0	2793	8
nist-epub-0009	epub	sqlite	1	84	0	2546	8
nist-epub-0009	epub	sqlite	2	84	0	2738	8
nist-epub-0009	epub	sqlite	3	84	0	2569	8
nist-epub-0009	epub	sqlite	4	84	0	2462	8
nist-epub-0009	epub	sqlite	5	84	0	2663	8
nist-epub-0009	epub	vole	0	84	0	5862	8
nist-epub-0009	epub	vole	1	84	0	5664	8
nist-epub-0009	epub	vole	2	84	0	5675	8
nist-epub-0009	epub	vole	3	84	0	5982	8
nist-epub-0009	epub	vole	4	84	0	6480	8
nist-epub-0009	epub	vole	5	84	0	5872	8
nist-epub-0009	epub	vole	0	85	0	6241	8
nist-epub-0009	epub	vole	1	85	0	6221	8
nist-epub-0009	epub	vole	2	85	0	5774	8
nist-epub-0009	epub	vole	3	85	0	5652	8
nist-epub-0009	epub	vole	4	85	0	5628	8
nist-epub-0009	epub	vole	5	85	0	5705	8
nist-epub-0009	epub	sqlite	0	85	0	2552	8
nist-epub-0009	epub	sqlite	1	85	0	2801	8
nist-epub-0009	epub	sqlite	2	85	0	2797	8
nist-epub-0009	epub	sqlite	3	85	0	2767	8
nist-epub-0009	epub	sqlite	4	85	0	2583	8
nist-epub-0009	epub	sqlite	5	85	0	2922	8
nist-epub-0009	epub	sqlite	0	86	0	2516	8
nist-epub-0009	epub	sqlite	1	86	0	2649	8
nist-epub-0009	epub	sqlite	2	86	0	2688	8
nist-epub-0009	epub	sqlite	3	86	0	2625	8
nist-epub-0009	epub	sqlite	4	86	0	2548	8
nist-epub-0009	epub	sqlite	5	86	0	2612	8
nist-epub-0009	epub	vole	0	86	0	5862	8
nist-epub-0009	epub	vole	1	86	0	6131	8
nist-epub-0009	epub	vole	2	86	0	6306	8
nist-epub-0009	epub	vole	3	86	0	6075	8
nist-epub-0009	epub	vole	4	86	0	6449	8
nist-epub-0009	epub	vole	5	86	0	5690	8
nist-epub-0009	epub	vole	0	87	0	6053	8
nist-epub-0009	epub	vole	1	87	0	5959	8
nist-epub-0009	epub	vole	2	87	0	5774	8
nist-epub-0009	epub	vole	3	87	0	6081	8
nist-epub-0009	epub	vole	4	87	0	6337	8
nist-epub-0009	epub	vole	5	87	0	5878	8
nist-epub-0009	epub	sqlite	0	87	0	2717	8
nist-epub-0009	epub	sqlite	1	87	0	2592	8
nist-epub-0009	epub	sqlite	2	87	0	2554	8
nist-epub-0009	epub	sqlite	3	87	0	2661	8
nist-epub-0009	epub	sqlite	4	87	0	2690	8
nist-epub-0009	epub	sqlite	5	87	0	2570	8
nist-epub-0009	epub	sqlite	0	88	0	2583	8
nist-epub-0009	epub	sqlite	1	88	0	2980	8
nist-epub-0009	epub	sqlite	2	88	0	2757	8
nist-epub-0009	epub	sqlite	3	88	0	2645	8
nist-epub-0009	epub	sqlite	4	88	0	2535	8
nist-epub-0009	epub	sqlite	5	88	0	2700	8
nist-epub-0009	epub	vole	0	88	0	5836	8
nist-epub-0009	epub	vole	1	88	0	6288	8
nist-epub-0009	epub	vole	2	88	0	6245	8
nist-epub-0009	epub	vole	3	88	0	5865	8
nist-epub-0009	epub	vole	4	88	0	5922	8
nist-epub-0009	epub	vole	5	88	0	5725	8
nist-epub-0009	epub	vole	0	89	0	6247	8
nist-epub-0009	epub	vole	1	89	0	5639	8
nist-epub-0009	epub	vole	2	89	0	5821	8
nist-epub-0009	epub	vole	3	89	0	5945	8
nist-epub-0009	epub	vole	4	89	0	6176	8
nist-epub-0009	epub	vole	5	89	0	5767	8
nist-epub-0009	epub	sqlite	0	89	0	2797	8
nist-epub-0009	epub	sqlite	1	89	0	2526	8
nist-epub-0009	epub	sqlite	2	89	0	2702	8
nist-epub-0009	epub	sqlite	3	89	0	2638	8
nist-epub-0009	epub	sqlite	4	89	0	2836	8
nist-epub-0009	epub	sqlite	5	89	0	2898	8
nist-epub-0009	epub	sqlite	0	90	0	2656	8
nist-epub-0009	epub	sqlite	1	90	0	2482	8
nist-epub-0009	epub	sqlite	2	90	0	2751	8
nist-epub-0009	epub	sqlite	3	90	0	2549	8
nist-epub-0009	epub	sqlite	4	90	0	2583	8
nist-epub-0009	epub	sqlite	5	90	0	2940	8
nist-epub-0009	epub	vole	0	90	0	6593	8
nist-epub-0009	epub	vole	1	90	0	6089	8
nist-epub-0009	epub	vole	2	90	0	5947	8
nist-epub-0009	epub	vole	3	90	0	5888	8
nist-epub-0009	epub	vole	4	90	0	6387	8
nist-epub-0009	epub	vole	5	90	0	5681	8
nist-epub-0009	epub	vole	0	91	0	5843	8
nist-epub-0009	epub	vole	1	91	0	5724	8
nist-epub-0009	epub	vole	2	91	0	5713	8
nist-epub-0009	epub	vole	3	91	0	5762	8
nist-epub-0009	epub	vole	4	91	0	5697	8
nist-epub-0009	epub	vole	5	91	0	6239	8
nist-epub-0009	epub	sqlite	0	91	0	2655	8
nist-epub-0009	epub	sqlite	1	91	0	2390	8
nist-epub-0009	epub	sqlite	2	91	0	2506	8
nist-epub-0009	epub	sqlite	3	91	0	2857	8
nist-epub-0009	epub	sqlite	4	91	0	2503	8
nist-epub-0009	epub	sqlite	5	91	0	2873	8
nist-epub-0009	epub	sqlite	0	92	0	2371	8
nist-epub-0009	epub	sqlite	1	92	0	2285	8
nist-epub-0009	epub	sqlite	2	92	0	2486	8
nist-epub-0009	epub	sqlite	3	92	0	2454	8
nist-epub-0009	epub	sqlite	4	92	0	2620	8
nist-epub-0009	epub	sqlite	5	92	0	2892	8
nist-epub-0009	epub	vole	0	92	0	5876	8
nist-epub-0009	epub	vole	1	92	0	6269	8
nist-epub-0009	epub	vole	2	92	0	5706	8
nist-epub-0009	epub	vole	3	92	0	5742	8
nist-epub-0009	epub	vole	4	92	0	5860	8
nist-epub-0009	epub	vole	5	92	0	5976	8
nist-epub-0009	epub	vole	0	93	0	5986	8
nist-epub-0009	epub	vole	1	93	0	5728	8
nist-epub-0009	epub	vole	2	93	0	5922	8
nist-epub-0009	epub	vole	3	93	0	5632	8
nist-epub-0009	epub	vole	4	93	0	5759	8
nist-epub-0009	epub	vole	5	93	0	5900	8
nist-epub-0009	epub	sqlite	0	93	0	2577	8
nist-epub-0009	epub	sqlite	1	93	0	3067	8
nist-epub-0009	epub	sqlite	2	93	0	2650	8
nist-epub-0009	epub	sqlite	3	93	0	2469	8
nist-epub-0009	epub	sqlite	4	93	0	2564	8
nist-epub-0009	epub	sqlite	5	93	0	2646	8
nist-epub-0009	epub	sqlite	0	94	0	2318	8
nist-epub-0009	epub	sqlite	1	94	0	2736	8
nist-epub-0009	epub	sqlite	2	94	0	2558	8
nist-epub-0009	epub	sqlite	3	94	0	2718	8
nist-epub-0009	epub	sqlite	4	94	0	2675	8
nist-epub-0009	epub	sqlite	5	94	0	2779	8
nist-epub-0009	epub	vole	0	94	0	6128	8
nist-epub-0009	epub	vole	1	94	0	5945	8
nist-epub-0009	epub	vole	2	94	0	5806	8
nist-epub-0009	epub	vole	3	94	0	6451	8
nist-epub-0009	epub	vole	4	94	0	5886	8
nist-epub-0009	epub	vole	5	94	0	5852	8
nist-epub-0009	epub	vole	0	95	0	5669	8
nist-epub-0009	epub	vole	1	95	0	5868	8
nist-epub-0009	epub	vole	2	95	0	6318	8
nist-epub-0009	epub	vole	3	95	0	5789	8
nist-epub-0009	epub	vole	4	95	0	6353	8
nist-epub-0009	epub	vole	5	95	0	5791	8
nist-epub-0009	epub	sqlite	0	95	0	2805	8
nist-epub-0009	epub	sqlite	1	95	0	2942	8
nist-epub-0009	epub	sqlite	2	95	0	2927	8
nist-epub-0009	epub	sqlite	3	95	0	2615	8
nist-epub-0009	epub	sqlite	4	95	0	2877	8
nist-epub-0009	epub	sqlite	5	95	0	2668	8
nist-epub-0009	epub	sqlite	0	96	0	2383	8
nist-epub-0009	epub	sqlite	1	96	0	2918	8
nist-epub-0009	epub	sqlite	2	96	0	2659	8
nist-epub-0009	epub	sqlite	3	96	0	2899	8
nist-epub-0009	epub	sqlite	4	96	0	2774	8
nist-epub-0009	epub	sqlite	5	96	0	2901	8
nist-epub-0009	epub	vole	0	96	0	6101	8
nist-epub-0009	epub	vole	1	96	0	6167	8
nist-epub-0009	epub	vole	2	96	0	5985	8
nist-epub-0009	epub	vole	3	96	0	6098	8
nist-epub-0009	epub	vole	4	96	0	6079	8
nist-epub-0009	epub	vole	5	96	0	6073	8
nist-epub-0009	epub	vole	0	97	0	6438	8
nist-epub-0009	epub	vole	1	97	0	6204	8
nist-epub-0009	epub	vole	2	97	0	6262	8
nist-epub-0009	epub	vole	3	97	0	6527	8
nist-epub-0009	epub	vole	4	97	0	6025	8
nist-epub-0009	epub	vole	5	97	0	6834	8
nist-epub-0009	epub	sqlite	0	97	0	3120	8
nist-epub-0009	epub	sqlite	1	97	0	3740	8
nist-epub-0009	epub	sqlite	2	97	0	4054	8
nist-epub-0009	epub	sqlite	3	97	0	3151	8
nist-epub-0009	epub	sqlite	4	97	0	3292	8
nist-epub-0009	epub	sqlite	5	97	0	3208	8
nist-epub-0009	epub	sqlite	0	98	0	3128	8
nist-epub-0009	epub	sqlite	1	98	0	3171	8
nist-epub-0009	epub	sqlite	2	98	0	2888	8
nist-epub-0009	epub	sqlite	3	98	0	2865	8
nist-epub-0009	epub	sqlite	4	98	0	3220	8
nist-epub-0009	epub	sqlite	5	98	0	3157	8
nist-epub-0009	epub	vole	0	98	0	6471	8
nist-epub-0009	epub	vole	1	98	0	6244	8
nist-epub-0009	epub	vole	2	98	0	6029	8
nist-epub-0009	epub	vole	3	98	0	6215	8
nist-epub-0009	epub	vole	4	98	0	6314	8
nist-epub-0009	epub	vole	5	98	0	6734	8
nist-epub-0009	epub	vole	0	99	0	6390	8
nist-epub-0009	epub	vole	1	99	0	6359	8
nist-epub-0009	epub	vole	2	99	0	6034	8
nist-epub-0009	epub	vole	3	99	0	6086	8
nist-epub-0009	epub	vole	4	99	0	6404	8
nist-epub-0009	epub	vole	5	99	0	6082	8
nist-epub-0009	epub	sqlite	0	99	0	2989	8
nist-epub-0009	epub	sqlite	1	99	0	2755	8
nist-epub-0009	epub	sqlite	2	99	0	3071	8
nist-epub-0009	epub	sqlite	3	99	0	2822	8
nist-epub-0009	epub	sqlite	4	99	0	2919	8
nist-epub-0009	epub	sqlite	5	99	0	2894	8
nist-epub-0009	epub	sqlite	0	100	0	2711	8
nist-epub-0009	epub	sqlite	1	100	0	2624	8
nist-epub-0009	epub	sqlite	2	100	0	2653	8
nist-epub-0009	epub	sqlite	3	100	0	2763	8
nist-epub-0009	epub	sqlite	4	100	0	2682	8
nist-epub-0009	epub	sqlite	5	100	0	3072	8
nist-epub-0009	epub	vole	0	100	0	6338	8
nist-epub-0009	epub	vole	1	100	0	6089	8
nist-epub-0009	epub	vole	2	100	0	5999	8
nist-epub-0009	epub	vole	3	100	0	6116	8
nist-epub-0009	epub	vole	4	100	0	5817	8
nist-epub-0009	epub	vole	5	100	0	5889	8
