id	fmt	lane	depth	rep	rc	us	rss_kb	n_req
nist-pdf-0002	pdf	vole	0	1	0	1710	4616	24
nist-pdf-0002	pdf	vole	1	1	0	1710	4616	24
nist-pdf-0002	pdf	vole	2	1	0	1710	4616	24
nist-pdf-0002	pdf	vole	3	1	0	1710	4616	24
nist-pdf-0002	pdf	vole	4	1	0	1710	4616	24
nist-pdf-0002	pdf	vole	5	1	0	1710	4616	24
nist-pdf-0002	pdf	full	0	1	0	2301	3776	24
nist-pdf-0002	pdf	full	1	1	0	2342	3684	24
nist-pdf-0002	pdf	full	2	1	0	2467	3700	24
nist-pdf-0002	pdf	full	3	1	0	2373	3712	24
nist-pdf-0002	pdf	full	4	1	0	2652	3836	24
nist-pdf-0002	pdf	full	5	1	0	2608	3792	24
nist-pdf-0002	pdf	adaptive	0	1	0	2201	3740	24
nist-pdf-0002	pdf	adaptive	1	1	0	2237	3780	24
nist-pdf-0002	pdf	adaptive	2	1	0	2491	3764	24
nist-pdf-0002	pdf	adaptive	3	1	0	2403	3748	24
nist-pdf-0002	pdf	adaptive	4	1	0	2608	3748	24
nist-pdf-0002	pdf	adaptive	5	1	0	2679	3808	24
nist-pdf-0002	pdf	hist	0	1	0	2245	3684	24
nist-pdf-0002	pdf	hist	1	1	0	2293	3752	24
nist-pdf-0002	pdf	hist	2	1	0	2386	3728	24
nist-pdf-0002	pdf	hist	3	1	0	2464	3744	24
nist-pdf-0002	pdf	hist	4	1	0	2831	3724	24
nist-pdf-0002	pdf	hist	5	1	0	2768	3780	24
nist-pdf-0002	pdf	full	0	2	0	2229	3776	24
nist-pdf-0002	pdf	full	1	2	0	2253	3684	24
nist-pdf-0002	pdf	full	2	2	0	2383	3700	24
nist-pdf-0002	pdf	full	3	2	0	2407	3712	24
nist-pdf-0002	pdf	full	4	2	0	2788	3836	24
nist-pdf-0002	pdf	full	5	2	0	2626	3792	24
nist-pdf-0002	pdf	adaptive	0	2	0	2203	3740	24
nist-pdf-0002	pdf	adaptive	1	2	0	2330	3780	24
nist-pdf-0002	pdf	adaptive	2	2	0	2458	3764	24
nist-pdf-0002	pdf	adaptive	3	2	0	2436	3748	24
nist-pdf-0002	pdf	adaptive	4	2	0	2767	3748	24
nist-pdf-0002	pdf	adaptive	5	2	0	2720	3808	24
nist-pdf-0002	pdf	hist	0	2	0	2277	3684	24
nist-pdf-0002	pdf	hist	1	2	0	2333	3752	24
nist-pdf-0002	pdf	hist	2	2	0	2479	3728	24
nist-pdf-0002	pdf	hist	3	2	0	2455	3744	24
nist-pdf-0002	pdf	hist	4	2	0	2711	3724	24
nist-pdf-0002	pdf	hist	5	2	0	2715	3780	24
nist-pdf-0002	pdf	vole	0	2	0	1700	4616	24
nist-pdf-0002	pdf	vole	1	2	0	1700	4616	24
nist-pdf-0002	pdf	vole	2	2	0	1700	4616	24
nist-pdf-0002	pdf	vole	3	2	0	1700	4616	24
nist-pdf-0002	pdf	vole	4	2	0	1700	4616	24
nist-pdf-0002	pdf	vole	5	2	0	1700	4616	24
nist-pdf-0002	pdf	vole	0	3	0	1769	4616	24
nist-pdf-0002	pdf	vole	1	3	0	1769	4616	24
nist-pdf-0002	pdf	vole	2	3	0	1769	4616	24
nist-pdf-0002	pdf	vole	3	3	0	1769	4616	24
nist-pdf-0002	pdf	vole	4	3	0	1769	4616	24
nist-pdf-0002	pdf	vole	5	3	0	1769	4616	24
nist-pdf-0002	pdf	full	0	3	0	2273	3776	24
nist-pdf-0002	pdf	full	1	3	0	2334	3684	24
nist-pdf-0002	pdf	full	2	3	0	2511	3700	24
nist-pdf-0002	pdf	full	3	3	0	2496	3712	24
nist-pdf-0002	pdf	full	4	3	0	2655	3836	24
nist-pdf-0002	pdf	full	5	3	0	2708	3792	24
nist-pdf-0002	pdf	adaptive	0	3	0	2211	3740	24
nist-pdf-0002	pdf	adaptive	1	3	0	2301	3780	24
nist-pdf-0002	pdf	adaptive	2	3	0	2397	3764	24
nist-pdf-0002	pdf	adaptive	3	3	0	2413	3748	24
nist-pdf-0002	pdf	adaptive	4	3	0	2703	3748	24
nist-pdf-0002	pdf	adaptive	5	3	0	2706	3808	24
nist-pdf-0002	pdf	hist	0	3	0	2383	3684	24
nist-pdf-0002	pdf	hist	1	3	0	2319	3752	24
nist-pdf-0002	pdf	hist	2	3	0	2485	3728	24
nist-pdf-0002	pdf	hist	3	3	0	2747	3744	24
nist-pdf-0002	pdf	hist	4	3	0	2609	3724	24
nist-pdf-0002	pdf	hist	5	3	0	2643	3780	24
nist-pdf-0002	pdf	full	0	4	0	2214	3776	24
nist-pdf-0002	pdf	full	1	4	0	2228	3684	24
nist-pdf-0002	pdf	full	2	4	0	2439	3700	24
nist-pdf-0002	pdf	full	3	4	0	2478	3712	24
nist-pdf-0002	pdf	full	4	4	0	2646	3836	24
nist-pdf-0002	pdf	full	5	4	0	2696	3792	24
nist-pdf-0002	pdf	adaptive	0	4	0	2275	3740	24
nist-pdf-0002	pdf	adaptive	1	4	0	2267	3780	24
nist-pdf-0002	pdf	adaptive	2	4	0	2624	3764	24
nist-pdf-0002	pdf	adaptive	3	4	0	2456	3748	24
nist-pdf-0002	pdf	adaptive	4	4	0	2563	3748	24
nist-pdf-0002	pdf	adaptive	5	4	0	2546	3808	24
nist-pdf-0002	pdf	hist	0	4	0	2278	3684	24
nist-pdf-0002	pdf	hist	1	4	0	2339	3752	24
nist-pdf-0002	pdf	hist	2	4	0	2439	3728	24
nist-pdf-0002	pdf	hist	3	4	0	2415	3744	24
nist-pdf-0002	pdf	hist	4	4	0	2905	3724	24
nist-pdf-0002	pdf	hist	5	4	0	2847	3780	24
nist-pdf-0002	pdf	vole	0	4	0	1856	4616	24
nist-pdf-0002	pdf	vole	1	4	0	1856	4616	24
nist-pdf-0002	pdf	vole	2	4	0	1856	4616	24
nist-pdf-0002	pdf	vole	3	4	0	1856	4616	24
nist-pdf-0002	pdf	vole	4	4	0	1856	4616	24
nist-pdf-0002	pdf	vole	5	4	0	1856	4616	24
nist-pdf-0002	pdf	vole	0	5	0	1743	4616	24
nist-pdf-0002	pdf	vole	1	5	0	1743	4616	24
nist-pdf-0002	pdf	vole	2	5	0	1743	4616	24
nist-pdf-0002	pdf	vole	3	5	0	1743	4616	24
nist-pdf-0002	pdf	vole	4	5	0	1743	4616	24
nist-pdf-0002	pdf	vole	5	5	0	1743	4616	24
nist-pdf-0002	pdf	full	0	5	0	2540	3776	24
nist-pdf-0002	pdf	full	1	5	0	2412	3684	24
nist-pdf-0002	pdf	full	2	5	0	2455	3700	24
nist-pdf-0002	pdf	full	3	5	0	2401	3712	24
nist-pdf-0002	pdf	full	4	5	0	2694	3836	24
nist-pdf-0002	pdf	full	5	5	0	2687	3792	24
nist-pdf-0002	pdf	adaptive	0	5	0	2320	3740	24
nist-pdf-0002	pdf	adaptive	1	5	0	2456	3780	24
nist-pdf-0002	pdf	adaptive	2	5	0	2422	3764	24
nist-pdf-0002	pdf	adaptive	3	5	0	2492	3748	24
nist-pdf-0002	pdf	adaptive	4	5	0	2800	3748	24
nist-pdf-0002	pdf	adaptive	5	5	0	2751	3808	24
nist-pdf-0002	pdf	hist	0	5	0	2320	3684	24
nist-pdf-0002	pdf	hist	1	5	0	2361	3752	24
nist-pdf-0002	pdf	hist	2	5	0	2484	3728	24
nist-pdf-0002	pdf	hist	3	5	0	2589	3744	24
nist-pdf-0002	pdf	hist	4	5	0	2713	3724	24
nist-pdf-0002	pdf	hist	5	5	0	2783	3780	24
nist-pdf-0002	pdf	full	0	6	0	2270	3776	24
nist-pdf-0002	pdf	full	1	6	0	2273	3684	24
nist-pdf-0002	pdf	full	2	6	0	2409	3700	24
nist-pdf-0002	pdf	full	3	6	0	2378	3712	24
nist-pdf-0002	pdf	full	4	6	0	2591	3836	24
nist-pdf-0002	pdf	full	5	6	0	2640	3792	24
nist-pdf-0002	pdf	adaptive	0	6	0	2182	3740	24
nist-pdf-0002	pdf	adaptive	1	6	0	2235	3780	24
nist-pdf-0002	pdf	adaptive	2	6	0	2387	3764	24
nist-pdf-0002	pdf	adaptive	3	6	0	2463	3748	24
nist-pdf-0002	pdf	adaptive	4	6	0	2699	3748	24
nist-pdf-0002	pdf	adaptive	5	6	0	2645	3808	24
nist-pdf-0002	pdf	hist	0	6	0	2300	3684	24
nist-pdf-0002	pdf	hist	1	6	0	2383	3752	24
nist-pdf-0002	pdf	hist	2	6	0	2513	3728	24
nist-pdf-0002	pdf	hist	3	6	0	2428	3744	24
nist-pdf-0002	pdf	hist	4	6	0	2668	3724	24
nist-pdf-0002	pdf	hist	5	6	0	2638	3780	24
nist-pdf-0002	pdf	vole	0	6	0	1690	4616	24
nist-pdf-0002	pdf	vole	1	6	0	1690	4616	24
nist-pdf-0002	pdf	vole	2	6	0	1690	4616	24
nist-pdf-0002	pdf	vole	3	6	0	1690	4616	24
nist-pdf-0002	pdf	vole	4	6	0	1690	4616	24
nist-pdf-0002	pdf	vole	5	6	0	1690	4616	24
nist-pdf-0002	pdf	vole	0	7	0	1707	4616	24
nist-pdf-0002	pdf	vole	1	7	0	1707	4616	24
nist-pdf-0002	pdf	vole	2	7	0	1707	4616	24
nist-pdf-0002	pdf	vole	3	7	0	1707	4616	24
nist-pdf-0002	pdf	vole	4	7	0	1707	4616	24
nist-pdf-0002	pdf	vole	5	7	0	1707	4616	24
nist-pdf-0002	pdf	full	0	7	0	2295	3776	24
nist-pdf-0002	pdf	full	1	7	0	2335	3684	24
nist-pdf-0002	pdf	full	2	7	0	2395	3700	24
nist-pdf-0002	pdf	full	3	7	0	2559	3712	24
nist-pdf-0002	pdf	full	4	7	0	2574	3836	24
nist-pdf-0002	pdf	full	5	7	0	2599	3792	24
nist-pdf-0002	pdf	adaptive	0	7	0	2245	3740	24
nist-pdf-0002	pdf	adaptive	1	7	0	2250	3780	24
nist-pdf-0002	pdf	adaptive	2	7	0	2492	3764	24
nist-pdf-0002	pdf	adaptive	3	7	0	2490	3748	24
nist-pdf-0002	pdf	adaptive	4	7	0	2731	3748	24
nist-pdf-0002	pdf	adaptive	5	7	0	2772	3808	24
nist-pdf-0002	pdf	hist	0	7	0	2548	3684	24
nist-pdf-0002	pdf	hist	1	7	0	2511	3752	24
nist-pdf-0002	pdf	hist	2	7	0	2499	3728	24
nist-pdf-0002	pdf	hist	3	7	0	2502	3744	24
nist-pdf-0002	pdf	hist	4	7	0	2735	3724	24
nist-pdf-0002	pdf	hist	5	7	0	2776	3780	24
nist-pdf-0002	pdf	full	0	8	0	2265	3776	24
nist-pdf-0002	pdf	full	1	8	0	2251	3684	24
nist-pdf-0002	pdf	full	2	8	0	2376	3700	24
nist-pdf-0002	pdf	full	3	8	0	2471	3712	24
nist-pdf-0002	pdf	full	4	8	0	2620	3836	24
nist-pdf-0002	pdf	full	5	8	0	2691	3792	24
nist-pdf-0002	pdf	adaptive	0	8	0	2259	3740	24
nist-pdf-0002	pdf	adaptive	1	8	0	2257	3780	24
nist-pdf-0002	pdf	adaptive	2	8	0	2686	3764	24
nist-pdf-0002	pdf	adaptive	3	8	0	2860	3748	24
nist-pdf-0002	pdf	adaptive	4	8	0	2755	3748	24
nist-pdf-0002	pdf	adaptive	5	8	0	2955	3808	24
nist-pdf-0002	pdf	hist	0	8	0	2439	3684	24
nist-pdf-0002	pdf	hist	1	8	0	2560	3752	24
nist-pdf-0002	pdf	hist	2	8	0	2702	3728	24
nist-pdf-0002	pdf	hist	3	8	0	2496	3744	24
nist-pdf-0002	pdf	hist	4	8	0	2836	3724	24
nist-pdf-0002	pdf	hist	5	8	0	2853	3780	24
nist-pdf-0002	pdf	vole	0	8	0	1817	4616	24
nist-pdf-0002	pdf	vole	1	8	0	1817	4616	24
nist-pdf-0002	pdf	vole	2	8	0	1817	4616	24
nist-pdf-0002	pdf	vole	3	8	0	1817	4616	24
nist-pdf-0002	pdf	vole	4	8	0	1817	4616	24
nist-pdf-0002	pdf	vole	5	8	0	1817	4616	24
nist-pdf-0002	pdf	vole	0	9	0	1753	4616	24
nist-pdf-0002	pdf	vole	1	9	0	1753	4616	24
nist-pdf-0002	pdf	vole	2	9	0	1753	4616	24
nist-pdf-0002	pdf	vole	3	9	0	1753	4616	24
nist-pdf-0002	pdf	vole	4	9	0	1753	4616	24
nist-pdf-0002	pdf	vole	5	9	0	1753	4616	24
nist-pdf-0002	pdf	full	0	9	0	3046	3776	24
nist-pdf-0002	pdf	full	1	9	0	2682	3684	24
nist-pdf-0002	pdf	full	2	9	0	2680	3700	24
nist-pdf-0002	pdf	full	3	9	0	2737	3712	24
nist-pdf-0002	pdf	full	4	9	0	2765	3836	24
nist-pdf-0002	pdf	full	5	9	0	2777	3792	24
nist-pdf-0002	pdf	adaptive	0	9	0	2291	3740	24
nist-pdf-0002	pdf	adaptive	1	9	0	2397	3780	24
nist-pdf-0002	pdf	adaptive	2	9	0	2587	3764	24
nist-pdf-0002	pdf	adaptive	3	9	0	2528	3748	24
nist-pdf-0002	pdf	adaptive	4	9	0	2670	3748	24
nist-pdf-0002	pdf	adaptive	5	9	0	2722	3808	24
nist-pdf-0002	pdf	hist	0	9	0	2461	3684	24
nist-pdf-0002	pdf	hist	1	9	0	2416	3752	24
nist-pdf-0002	pdf	hist	2	9	0	2736	3728	24
nist-pdf-0002	pdf	hist	3	9	0	2528	3744	24
nist-pdf-0002	pdf	hist	4	9	0	2834	3724	24
nist-pdf-0002	pdf	hist	5	9	0	2743	3780	24
nist-pdf-0002	pdf	full	0	10	0	2329	3776	24
nist-pdf-0002	pdf	full	1	10	0	2355	3684	24
nist-pdf-0002	pdf	full	2	10	0	2635	3700	24
nist-pdf-0002	pdf	full	3	10	0	2553	3712	24
nist-pdf-0002	pdf	full	4	10	0	2658	3836	24
nist-pdf-0002	pdf	full	5	10	0	2727	3792	24
nist-pdf-0002	pdf	adaptive	0	10	0	2277	3740	24
nist-pdf-0002	pdf	adaptive	1	10	0	2321	3780	24
nist-pdf-0002	pdf	adaptive	2	10	0	2426	3764	24
nist-pdf-0002	pdf	adaptive	3	10	0	2541	3748	24
nist-pdf-0002	pdf	adaptive	4	10	0	2634	3748	24
nist-pdf-0002	pdf	adaptive	5	10	0	2736	3808	24
nist-pdf-0002	pdf	hist	0	10	0	2305	3684	24
nist-pdf-0002	pdf	hist	1	10	0	2368	3752	24
nist-pdf-0002	pdf	hist	2	10	0	2501	3728	24
nist-pdf-0002	pdf	hist	3	10	0	2596	3744	24
nist-pdf-0002	pdf	hist	4	10	0	2799	3724	24
nist-pdf-0002	pdf	hist	5	10	0	2765	3780	24
nist-pdf-0002	pdf	vole	0	10	0	1820	4616	24
nist-pdf-0002	pdf	vole	1	10	0	1820	4616	24
nist-pdf-0002	pdf	vole	2	10	0	1820	4616	24
nist-pdf-0002	pdf	vole	3	10	0	1820	4616	24
nist-pdf-0002	pdf	vole	4	10	0	1820	4616	24
nist-pdf-0002	pdf	vole	5	10	0	1820	4616	24
nist-pdf-0002	pdf	vole	0	11	0	1982	4616	24
nist-pdf-0002	pdf	vole	1	11	0	1982	4616	24
nist-pdf-0002	pdf	vole	2	11	0	1982	4616	24
nist-pdf-0002	pdf	vole	3	11	0	1982	4616	24
nist-pdf-0002	pdf	vole	4	11	0	1982	4616	24
nist-pdf-0002	pdf	vole	5	11	0	1982	4616	24
nist-pdf-0002	pdf	full	0	11	0	3536	3776	24
nist-pdf-0002	pdf	full	1	11	0	2768	3684	24
nist-pdf-0002	pdf	full	2	11	0	3025	3700	24
nist-pdf-0002	pdf	full	3	11	0	2647	3712	24
nist-pdf-0002	pdf	full	4	11	0	2726	3836	24
nist-pdf-0002	pdf	full	5	11	0	2733	3792	24
nist-pdf-0002	pdf	adaptive	0	11	0	2402	3740	24
nist-pdf-0002	pdf	adaptive	1	11	0	2415	3780	24
nist-pdf-0002	pdf	adaptive	2	11	0	2614	3764	24
nist-pdf-0002	pdf	adaptive	3	11	0	2734	3748	24
nist-pdf-0002	pdf	adaptive	4	11	0	2673	3748	24
nist-pdf-0002	pdf	adaptive	5	11	0	2732	3808	24
nist-pdf-0002	pdf	hist	0	11	0	2534	3684	24
nist-pdf-0002	pdf	hist	1	11	0	2555	3752	24
nist-pdf-0002	pdf	hist	2	11	0	2588	3728	24
nist-pdf-0002	pdf	hist	3	11	0	2505	3744	24
nist-pdf-0002	pdf	hist	4	11	0	2938	3724	24
nist-pdf-0002	pdf	hist	5	11	0	2838	3780	24
nist-pdf-0002	pdf	full	0	12	0	2521	3776	24
nist-pdf-0002	pdf	full	1	12	0	2462	3684	24
nist-pdf-0002	pdf	full	2	12	0	2451	3700	24
nist-pdf-0002	pdf	full	3	12	0	2684	3712	24
nist-pdf-0002	pdf	full	4	12	0	2729	3836	24
nist-pdf-0002	pdf	full	5	12	0	2670	3792	24
nist-pdf-0002	pdf	adaptive	0	12	0	2215	3740	24
nist-pdf-0002	pdf	adaptive	1	12	0	2470	3780	24
nist-pdf-0002	pdf	adaptive	2	12	0	2663	3764	24
nist-pdf-0002	pdf	adaptive	3	12	0	2510	3748	24
nist-pdf-0002	pdf	adaptive	4	12	0	2887	3748	24
nist-pdf-0002	pdf	adaptive	5	12	0	2784	3808	24
nist-pdf-0002	pdf	hist	0	12	0	2387	3684	24
nist-pdf-0002	pdf	hist	1	12	0	2425	3752	24
nist-pdf-0002	pdf	hist	2	12	0	2983	3728	24
nist-pdf-0002	pdf	hist	3	12	0	2862	3744	24
nist-pdf-0002	pdf	hist	4	12	0	2843	3724	24
nist-pdf-0002	pdf	hist	5	12	0	2904	3780	24
nist-pdf-0002	pdf	vole	0	12	0	1827	4616	24
nist-pdf-0002	pdf	vole	1	12	0	1827	4616	24
nist-pdf-0002	pdf	vole	2	12	0	1827	4616	24
nist-pdf-0002	pdf	vole	3	12	0	1827	4616	24
nist-pdf-0002	pdf	vole	4	12	0	1827	4616	24
nist-pdf-0002	pdf	vole	5	12	0	1827	4616	24
nist-pdf-0002	pdf	vole	0	13	0	1917	4616	24
nist-pdf-0002	pdf	vole	1	13	0	1917	4616	24
nist-pdf-0002	pdf	vole	2	13	0	1917	4616	24
nist-pdf-0002	pdf	vole	3	13	0	1917	4616	24
nist-pdf-0002	pdf	vole	4	13	0	1917	4616	24
nist-pdf-0002	pdf	vole	5	13	0	1917	4616	24
nist-pdf-0002	pdf	full	0	13	0	3205	3776	24
nist-pdf-0002	pdf	full	1	13	0	2708	3684	24
nist-pdf-0002	pdf	full	2	13	0	2651	3700	24
nist-pdf-0002	pdf	full	3	13	0	2930	3712	24
nist-pdf-0002	pdf	full	4	13	0	2775	3836	24
nist-pdf-0002	pdf	full	5	13	0	2829	3792	24
nist-pdf-0002	pdf	adaptive	0	13	0	2435	3740	24
nist-pdf-0002	pdf	adaptive	1	13	0	2425	3780	24
nist-pdf-0002	pdf	adaptive	2	13	0	2567	3764	24
nist-pdf-0002	pdf	adaptive	3	13	0	2755	3748	24
nist-pdf-0002	pdf	adaptive	4	13	0	2860	3748	24
nist-pdf-0002	pdf	adaptive	5	13	0	2845	3808	24
nist-pdf-0002	pdf	hist	0	13	0	2480	3684	24
nist-pdf-0002	pdf	hist	1	13	0	2612	3752	24
nist-pdf-0002	pdf	hist	2	13	0	2702	3728	24
nist-pdf-0002	pdf	hist	3	13	0	2591	3744	24
nist-pdf-0002	pdf	hist	4	13	0	2789	3724	24
nist-pdf-0002	pdf	hist	5	13	0	2786	3780	24
nist-pdf-0002	pdf	full	0	14	0	2558	3776	24
nist-pdf-0002	pdf	full	1	14	0	2571	3684	24
nist-pdf-0002	pdf	full	2	14	0	2670	3700	24
nist-pdf-0002	pdf	full	3	14	0	2765	3712	24
nist-pdf-0002	pdf	full	4	14	0	3851	3836	24
nist-pdf-0002	pdf	full	5	14	0	3091	3792	24
nist-pdf-0002	pdf	adaptive	0	14	0	2697	3740	24
nist-pdf-0002	pdf	adaptive	1	14	0	2659	3780	24
nist-pdf-0002	pdf	adaptive	2	14	0	2600	3764	24
nist-pdf-0002	pdf	adaptive	3	14	0	2566	3748	24
nist-pdf-0002	pdf	adaptive	4	14	0	2819	3748	24
nist-pdf-0002	pdf	adaptive	5	14	0	3118	3808	24
nist-pdf-0002	pdf	hist	0	14	0	2506	3684	24
nist-pdf-0002	pdf	hist	1	14	0	2650	3752	24
nist-pdf-0002	pdf	hist	2	14	0	2922	3728	24
nist-pdf-0002	pdf	hist	3	14	0	2949	3744	24
nist-pdf-0002	pdf	hist	4	14	0	3173	3724	24
nist-pdf-0002	pdf	hist	5	14	0	2885	3780	24
nist-pdf-0002	pdf	vole	0	14	0	1812	4616	24
nist-pdf-0002	pdf	vole	1	14	0	1812	4616	24
nist-pdf-0002	pdf	vole	2	14	0	1812	4616	24
nist-pdf-0002	pdf	vole	3	14	0	1812	4616	24
nist-pdf-0002	pdf	vole	4	14	0	1812	4616	24
nist-pdf-0002	pdf	vole	5	14	0	1812	4616	24
nist-pdf-0002	pdf	vole	0	15	0	1970	4616	24
nist-pdf-0002	pdf	vole	1	15	0	1970	4616	24
nist-pdf-0002	pdf	vole	2	15	0	1970	4616	24
nist-pdf-0002	pdf	vole	3	15	0	1970	4616	24
nist-pdf-0002	pdf	vole	4	15	0	1970	4616	24
nist-pdf-0002	pdf	vole	5	15	0	1970	4616	24
nist-pdf-0002	pdf	full	0	15	0	2734	3776	24
nist-pdf-0002	pdf	full	1	15	0	2564	3684	24
nist-pdf-0002	pdf	full	2	15	0	2885	3700	24
nist-pdf-0002	pdf	full	3	15	0	2792	3712	24
nist-pdf-0002	pdf	full	4	15	0	2776	3836	24
nist-pdf-0002	pdf	full	5	15	0	2917	3792	24
nist-pdf-0002	pdf	adaptive	0	15	0	2634	3740	24
nist-pdf-0002	pdf	adaptive	1	15	0	2589	3780	24
nist-pdf-0002	pdf	adaptive	2	15	0	2702	3764	24
nist-pdf-0002	pdf	adaptive	3	15	0	2757	3748	24
nist-pdf-0002	pdf	adaptive	4	15	0	2837	3748	24
nist-pdf-0002	pdf	adaptive	5	15	0	2863	3808	24
nist-pdf-0002	pdf	hist	0	15	0	2581	3684	24
nist-pdf-0002	pdf	hist	1	15	0	3254	3752	24
nist-pdf-0002	pdf	hist	2	15	0	3029	3728	24
nist-pdf-0002	pdf	hist	3	15	0	2769	3744	24
nist-pdf-0002	pdf	hist	4	15	0	2931	3724	24
nist-pdf-0002	pdf	hist	5	15	0	2936	3780	24
nist-pdf-0004	pdf	vole	0	1	0	3478	7760	24
nist-pdf-0004	pdf	vole	1	1	0	3478	7760	24
nist-pdf-0004	pdf	vole	2	1	0	3478	7760	24
nist-pdf-0004	pdf	vole	3	1	0	3478	7760	24
nist-pdf-0004	pdf	vole	4	1	0	3478	7760	24
nist-pdf-0004	pdf	vole	5	1	0	3478	7760	24
nist-pdf-0004	pdf	full	0	1	0	3928	6140	24
nist-pdf-0004	pdf	full	1	1	0	3763	6152	24
nist-pdf-0004	pdf	full	2	1	0	3890	6168	24
nist-pdf-0004	pdf	full	3	1	0	5949	6112	24
nist-pdf-0004	pdf	full	4	1	0	4404	6372	24
nist-pdf-0004	pdf	full	5	1	0	4547	6208	24
nist-pdf-0004	pdf	adaptive	0	1	0	4012	6188	24
nist-pdf-0004	pdf	adaptive	1	1	0	3798	6164	24
nist-pdf-0004	pdf	adaptive	2	1	0	3715	6180	24
nist-pdf-0004	pdf	adaptive	3	1	0	3737	6092	24
nist-pdf-0004	pdf	adaptive	4	1	0	3938	6256	24
nist-pdf-0004	pdf	adaptive	5	1	0	3921	6280	24
nist-pdf-0004	pdf	hist	0	1	0	3640	6116	24
nist-pdf-0004	pdf	hist	1	1	0	3853	6268	24
nist-pdf-0004	pdf	hist	2	1	0	3925	6136	24
nist-pdf-0004	pdf	hist	3	1	0	3691	6192	24
nist-pdf-0004	pdf	hist	4	1	0	3933	6292	24
nist-pdf-0004	pdf	hist	5	1	0	3936	6104	24
nist-pdf-0004	pdf	full	0	2	0	3524	6140	24
nist-pdf-0004	pdf	full	1	2	0	3715	6152	24
nist-pdf-0004	pdf	full	2	2	0	3788	6168	24
nist-pdf-0004	pdf	full	3	2	0	3670	6112	24
nist-pdf-0004	pdf	full	4	2	0	4114	6372	24
nist-pdf-0004	pdf	full	5	2	0	3921	6208	24
nist-pdf-0004	pdf	adaptive	0	2	0	4155	6188	24
nist-pdf-0004	pdf	adaptive	1	2	0	3552	6164	24
nist-pdf-0004	pdf	adaptive	2	2	0	3607	6180	24
nist-pdf-0004	pdf	adaptive	3	2	0	4079	6092	24
nist-pdf-0004	pdf	adaptive	4	2	0	4099	6256	24
nist-pdf-0004	pdf	adaptive	5	2	0	4299	6280	24
nist-pdf-0004	pdf	hist	0	2	0	3855	6116	24
nist-pdf-0004	pdf	hist	1	2	0	3720	6268	24
nist-pdf-0004	pdf	hist	2	2	0	4153	6136	24
nist-pdf-0004	pdf	hist	3	2	0	4556	6192	24
nist-pdf-0004	pdf	hist	4	2	0	4603	6292	24
nist-pdf-0004	pdf	hist	5	2	0	4495	6104	24
nist-pdf-0004	pdf	vole	0	2	0	3408	7760	24
nist-pdf-0004	pdf	vole	1	2	0	3408	7760	24
nist-pdf-0004	pdf	vole	2	2	0	3408	7760	24
nist-pdf-0004	pdf	vole	3	2	0	3408	7760	24
nist-pdf-0004	pdf	vole	4	2	0	3408	7760	24
nist-pdf-0004	pdf	vole	5	2	0	3408	7760	24
nist-pdf-0004	pdf	vole	0	3	0	3540	7760	24
nist-pdf-0004	pdf	vole	1	3	0	3540	7760	24
nist-pdf-0004	pdf	vole	2	3	0	3540	7760	24
nist-pdf-0004	pdf	vole	3	3	0	3540	7760	24
nist-pdf-0004	pdf	vole	4	3	0	3540	7760	24
nist-pdf-0004	pdf	vole	5	3	0	3540	7760	24
nist-pdf-0004	pdf	full	0	3	0	4240	6140	24
nist-pdf-0004	pdf	full	1	3	0	3598	6152	24
nist-pdf-0004	pdf	full	2	3	0	3983	6168	24
nist-pdf-0004	pdf	full	3	3	0	4484	6112	24
nist-pdf-0004	pdf	full	4	3	0	4369	6372	24
nist-pdf-0004	pdf	full	5	3	0	4222	6208	24
nist-pdf-0004	pdf	adaptive	0	3	0	3811	6188	24
nist-pdf-0004	pdf	adaptive	1	3	0	3522	6164	24
nist-pdf-0004	pdf	adaptive	2	3	0	3588	6180	24
nist-pdf-0004	pdf	adaptive	3	3	0	3510	6092	24
nist-pdf-0004	pdf	adaptive	4	3	0	3836	6256	24
nist-pdf-0004	pdf	adaptive	5	3	0	4170	6280	24
nist-pdf-0004	pdf	hist	0	3	0	3482	6116	24
nist-pdf-0004	pdf	hist	1	3	0	3870	6268	24
nist-pdf-0004	pdf	hist	2	3	0	3642	6136	24
nist-pdf-0004	pdf	hist	3	3	0	4333	6192	24
nist-pdf-0004	pdf	hist	4	3	0	4154	6292	24
nist-pdf-0004	pdf	hist	5	3	0	3980	6104	24
nist-pdf-0004	pdf	full	0	4	0	3639	6140	24
nist-pdf-0004	pdf	full	1	4	0	4142	6152	24
nist-pdf-0004	pdf	full	2	4	0	3815	6168	24
nist-pdf-0004	pdf	full	3	4	0	3895	6112	24
nist-pdf-0004	pdf	full	4	4	0	4120	6372	24
nist-pdf-0004	pdf	full	5	4	0	3787	6208	24
nist-pdf-0004	pdf	adaptive	0	4	0	3396	6188	24
nist-pdf-0004	pdf	adaptive	1	4	0	3641	6164	24
nist-pdf-0004	pdf	adaptive	2	4	0	3877	6180	24
nist-pdf-0004	pdf	adaptive	3	4	0	3842	6092	24
nist-pdf-0004	pdf	adaptive	4	4	0	4212	6256	24
nist-pdf-0004	pdf	adaptive	5	4	0	4020	6280	24
nist-pdf-0004	pdf	hist	0	4	0	3673	6116	24
nist-pdf-0004	pdf	hist	1	4	0	3684	6268	24
nist-pdf-0004	pdf	hist	2	4	0	3851	6136	24
nist-pdf-0004	pdf	hist	3	4	0	3764	6192	24
nist-pdf-0004	pdf	hist	4	4	0	3861	6292	24
nist-pdf-0004	pdf	hist	5	4	0	3880	6104	24
nist-pdf-0004	pdf	vole	0	4	0	3288	7760	24
nist-pdf-0004	pdf	vole	1	4	0	3288	7760	24
nist-pdf-0004	pdf	vole	2	4	0	3288	7760	24
nist-pdf-0004	pdf	vole	3	4	0	3288	7760	24
nist-pdf-0004	pdf	vole	4	4	0	3288	7760	24
nist-pdf-0004	pdf	vole	5	4	0	3288	7760	24
nist-pdf-0004	pdf	vole	0	5	0	3589	7760	24
nist-pdf-0004	pdf	vole	1	5	0	3589	7760	24
nist-pdf-0004	pdf	vole	2	5	0	3589	7760	24
nist-pdf-0004	pdf	vole	3	5	0	3589	7760	24
nist-pdf-0004	pdf	vole	4	5	0	3589	7760	24
nist-pdf-0004	pdf	vole	5	5	0	3589	7760	24
nist-pdf-0004	pdf	full	0	5	0	4182	6140	24
nist-pdf-0004	pdf	full	1	5	0	3691	6152	24
nist-pdf-0004	pdf	full	2	5	0	3722	6168	24
nist-pdf-0004	pdf	full	3	5	0	3832	6112	24
nist-pdf-0004	pdf	full	4	5	0	4309	6372	24
nist-pdf-0004	pdf	full	5	5	0	4257	6208	24
nist-pdf-0004	pdf	adaptive	0	5	0	3447	6188	24
nist-pdf-0004	pdf	adaptive	1	5	0	4193	6164	24
nist-pdf-0004	pdf	adaptive	2	5	0	3958	6180	24
nist-pdf-0004	pdf	adaptive	3	5	0	3657	6092	24
nist-pdf-0004	pdf	adaptive	4	5	0	3795	6256	24
nist-pdf-0004	pdf	adaptive	5	5	0	4020	6280	24
nist-pdf-0004	pdf	hist	0	5	0	3760	6116	24
nist-pdf-0004	pdf	hist	1	5	0	3704	6268	24
nist-pdf-0004	pdf	hist	2	5	0	3773	6136	24
nist-pdf-0004	pdf	hist	3	5	0	3678	6192	24
nist-pdf-0004	pdf	hist	4	5	0	4104	6292	24
nist-pdf-0004	pdf	hist	5	5	0	3925	6104	24
nist-pdf-0004	pdf	full	0	6	0	3428	6140	24
nist-pdf-0004	pdf	full	1	6	0	3450	6152	24
nist-pdf-0004	pdf	full	2	6	0	3758	6168	24
nist-pdf-0004	pdf	full	3	6	0	3760	6112	24
nist-pdf-0004	pdf	full	4	6	0	3971	6372	24
nist-pdf-0004	pdf	full	5	6	0	5020	6208	24
nist-pdf-0004	pdf	adaptive	0	6	0	3755	6188	24
nist-pdf-0004	pdf	adaptive	1	6	0	3913	6164	24
nist-pdf-0004	pdf	adaptive	2	6	0	3735	6180	24
nist-pdf-0004	pdf	adaptive	3	6	0	3905	6092	24
nist-pdf-0004	pdf	adaptive	4	6	0	4120	6256	24
nist-pdf-0004	pdf	adaptive	5	6	0	3903	6280	24
nist-pdf-0004	pdf	hist	0	6	0	3779	6116	24
nist-pdf-0004	pdf	hist	1	6	0	3582	6268	24
nist-pdf-0004	pdf	hist	2	6	0	3878	6136	24
nist-pdf-0004	pdf	hist	3	6	0	3827	6192	24
nist-pdf-0004	pdf	hist	4	6	0	4159	6292	24
nist-pdf-0004	pdf	hist	5	6	0	4039	6104	24
nist-pdf-0004	pdf	vole	0	6	0	3398	7760	24
nist-pdf-0004	pdf	vole	1	6	0	3398	7760	24
nist-pdf-0004	pdf	vole	2	6	0	3398	7760	24
nist-pdf-0004	pdf	vole	3	6	0	3398	7760	24
nist-pdf-0004	pdf	vole	4	6	0	3398	7760	24
nist-pdf-0004	pdf	vole	5	6	0	3398	7760	24
nist-pdf-0004	pdf	vole	0	7	0	3375	7760	24
nist-pdf-0004	pdf	vole	1	7	0	3375	7760	24
nist-pdf-0004	pdf	vole	2	7	0	3375	7760	24
nist-pdf-0004	pdf	vole	3	7	0	3375	7760	24
nist-pdf-0004	pdf	vole	4	7	0	3375	7760	24
nist-pdf-0004	pdf	vole	5	7	0	3375	7760	24
nist-pdf-0004	pdf	full	0	7	0	3504	6140	24
nist-pdf-0004	pdf	full	1	7	0	3429	6152	24
nist-pdf-0004	pdf	full	2	7	0	3648	6168	24
nist-pdf-0004	pdf	full	3	7	0	3511	6112	24
nist-pdf-0004	pdf	full	4	7	0	3837	6372	24
nist-pdf-0004	pdf	full	5	7	0	3729	6208	24
nist-pdf-0004	pdf	adaptive	0	7	0	4429	6188	24
nist-pdf-0004	pdf	adaptive	1	7	0	4011	6164	24
nist-pdf-0004	pdf	adaptive	2	7	0	3701	6180	24
nist-pdf-0004	pdf	adaptive	3	7	0	3729	6092	24
nist-pdf-0004	pdf	adaptive	4	7	0	4042	6256	24
nist-pdf-0004	pdf	adaptive	5	7	0	4233	6280	24
nist-pdf-0004	pdf	hist	0	7	0	3537	6116	24
nist-pdf-0004	pdf	hist	1	7	0	3985	6268	24
nist-pdf-0004	pdf	hist	2	7	0	3841	6136	24
nist-pdf-0004	pdf	hist	3	7	0	4077	6192	24
nist-pdf-0004	pdf	hist	4	7	0	4097	6292	24
nist-pdf-0004	pdf	hist	5	7	0	4457	6104	24
nist-pdf-0004	pdf	full	0	8	0	3753	6140	24
nist-pdf-0004	pdf	full	1	8	0	3811	6152	24
nist-pdf-0004	pdf	full	2	8	0	3957	6168	24
nist-pdf-0004	pdf	full	3	8	0	3867	6112	24
nist-pdf-0004	pdf	full	4	8	0	4018	6372	24
nist-pdf-0004	pdf	full	5	8	0	4088	6208	24
nist-pdf-0004	pdf	adaptive	0	8	0	3515	6188	24
nist-pdf-0004	pdf	adaptive	1	8	0	4001	6164	24
nist-pdf-0004	pdf	adaptive	2	8	0	3730	6180	24
nist-pdf-0004	pdf	adaptive	3	8	0	3888	6092	24
nist-pdf-0004	pdf	adaptive	4	8	0	3968	6256	24
nist-pdf-0004	pdf	adaptive	5	8	0	3962	6280	24
nist-pdf-0004	pdf	hist	0	8	0	3798	6116	24
nist-pdf-0004	pdf	hist	1	8	0	4798	6268	24
nist-pdf-0004	pdf	hist	2	8	0	4264	6136	24
nist-pdf-0004	pdf	hist	3	8	0	3864	6192	24
nist-pdf-0004	pdf	hist	4	8	0	4172	6292	24
nist-pdf-0004	pdf	hist	5	8	0	4317	6104	24
nist-pdf-0004	pdf	vole	0	8	0	3326	7760	24
nist-pdf-0004	pdf	vole	1	8	0	3326	7760	24
nist-pdf-0004	pdf	vole	2	8	0	3326	7760	24
nist-pdf-0004	pdf	vole	3	8	0	3326	7760	24
nist-pdf-0004	pdf	vole	4	8	0	3326	7760	24
nist-pdf-0004	pdf	vole	5	8	0	3326	7760	24
nist-pdf-0004	pdf	vole	0	9	0	3346	7760	24
nist-pdf-0004	pdf	vole	1	9	0	3346	7760	24
nist-pdf-0004	pdf	vole	2	9	0	3346	7760	24
nist-pdf-0004	pdf	vole	3	9	0	3346	7760	24
nist-pdf-0004	pdf	vole	4	9	0	3346	7760	24
nist-pdf-0004	pdf	vole	5	9	0	3346	7760	24
nist-pdf-0004	pdf	full	0	9	0	3802	6140	24
nist-pdf-0004	pdf	full	1	9	0	3600	6152	24
nist-pdf-0004	pdf	full	2	9	0	3655	6168	24
nist-pdf-0004	pdf	full	3	9	0	3681	6112	24
nist-pdf-0004	pdf	full	4	9	0	3986	6372	24
nist-pdf-0004	pdf	full	5	9	0	4031	6208	24
nist-pdf-0004	pdf	adaptive	0	9	0	3576	6188	24
nist-pdf-0004	pdf	adaptive	1	9	0	3503	6164	24
nist-pdf-0004	pdf	adaptive	2	9	0	3563	6180	24
nist-pdf-0004	pdf	adaptive	3	9	0	3726	6092	24
nist-pdf-0004	pdf	adaptive	4	9	0	3855	6256	24
nist-pdf-0004	pdf	adaptive	5	9	0	4127	6280	24
nist-pdf-0004	pdf	hist	0	9	0	3496	6116	24
nist-pdf-0004	pdf	hist	1	9	0	3697	6268	24
nist-pdf-0004	pdf	hist	2	9	0	4560	6136	24
nist-pdf-0004	pdf	hist	3	9	0	4248	6192	24
nist-pdf-0004	pdf	hist	4	9	0	4269	6292	24
nist-pdf-0004	pdf	hist	5	9	0	4375	6104	24
nist-pdf-0004	pdf	full	0	10	0	3518	6140	24
nist-pdf-0004	pdf	full	1	10	0	3544	6152	24
nist-pdf-0004	pdf	full	2	10	0	3851	6168	24
nist-pdf-0004	pdf	full	3	10	0	3859	6112	24
nist-pdf-0004	pdf	full	4	10	0	4252	6372	24
nist-pdf-0004	pdf	full	5	10	0	3993	6208	24
nist-pdf-0004	pdf	adaptive	0	10	0	3623	6188	24
nist-pdf-0004	pdf	adaptive	1	10	0	3623	6164	24
nist-pdf-0004	pdf	adaptive	2	10	0	3611	6180	24
nist-pdf-0004	pdf	adaptive	3	10	0	3865	6092	24
nist-pdf-0004	pdf	adaptive	4	10	0	3975	6256	24
nist-pdf-0004	pdf	adaptive	5	10	0	4266	6280	24
nist-pdf-0004	pdf	hist	0	10	0	3463	6116	24
nist-pdf-0004	pdf	hist	1	10	0	3545	6268	24
nist-pdf-0004	pdf	hist	2	10	0	4007	6136	24
nist-pdf-0004	pdf	hist	3	10	0	3884	6192	24
nist-pdf-0004	pdf	hist	4	10	0	3829	6292	24
nist-pdf-0004	pdf	hist	5	10	0	3847	6104	24
nist-pdf-0004	pdf	vole	0	10	0	3395	7760	24
nist-pdf-0004	pdf	vole	1	10	0	3395	7760	24
nist-pdf-0004	pdf	vole	2	10	0	3395	7760	24
nist-pdf-0004	pdf	vole	3	10	0	3395	7760	24
nist-pdf-0004	pdf	vole	4	10	0	3395	7760	24
nist-pdf-0004	pdf	vole	5	10	0	3395	7760	24
nist-pdf-0004	pdf	vole	0	11	0	3765	7760	24
nist-pdf-0004	pdf	vole	1	11	0	3765	7760	24
nist-pdf-0004	pdf	vole	2	11	0	3765	7760	24
nist-pdf-0004	pdf	vole	3	11	0	3765	7760	24
nist-pdf-0004	pdf	vole	4	11	0	3765	7760	24
nist-pdf-0004	pdf	vole	5	11	0	3765	7760	24
nist-pdf-0004	pdf	full	0	11	0	3815	6140	24
nist-pdf-0004	pdf	full	1	11	0	3856	6152	24
nist-pdf-0004	pdf	full	2	11	0	3953	6168	24
nist-pdf-0004	pdf	full	3	11	0	3855	6112	24
nist-pdf-0004	pdf	full	4	11	0	3934	6372	24
nist-pdf-0004	pdf	full	5	11	0	4064	6208	24
nist-pdf-0004	pdf	adaptive	0	11	0	3634	6188	24
nist-pdf-0004	pdf	adaptive	1	11	0	3620	6164	24
nist-pdf-0004	pdf	adaptive	2	11	0	3714	6180	24
nist-pdf-0004	pdf	adaptive	3	11	0	3595	6092	24
nist-pdf-0004	pdf	adaptive	4	11	0	4137	6256	24
nist-pdf-0004	pdf	adaptive	5	11	0	3953	6280	24
nist-pdf-0004	pdf	hist	0	11	0	3518	6116	24
nist-pdf-0004	pdf	hist	1	11	0	3516	6268	24
nist-pdf-0004	pdf	hist	2	11	0	3649	6136	24
nist-pdf-0004	pdf	hist	3	11	0	3651	6192	24
nist-pdf-0004	pdf	hist	4	11	0	3931	6292	24
nist-pdf-0004	pdf	hist	5	11	0	3797	6104	24
nist-pdf-0004	pdf	full	0	12	0	3588	6140	24
nist-pdf-0004	pdf	full	1	12	0	3418	6152	24
nist-pdf-0004	pdf	full	2	12	0	3858	6168	24
nist-pdf-0004	pdf	full	3	12	0	3845	6112	24
nist-pdf-0004	pdf	full	4	12	0	4638	6372	24
nist-pdf-0004	pdf	full	5	12	0	4153	6208	24
nist-pdf-0004	pdf	adaptive	0	12	0	3671	6188	24
nist-pdf-0004	pdf	adaptive	1	12	0	3854	6164	24
nist-pdf-0004	pdf	adaptive	2	12	0	3842	6180	24
nist-pdf-0004	pdf	adaptive	3	12	0	4091	6092	24
nist-pdf-0004	pdf	adaptive	4	12	0	4088	6256	24
nist-pdf-0004	pdf	adaptive	5	12	0	3844	6280	24
nist-pdf-0004	pdf	hist	0	12	0	3463	6116	24
nist-pdf-0004	pdf	hist	1	12	0	3816	6268	24
nist-pdf-0004	pdf	hist	2	12	0	3719	6136	24
nist-pdf-0004	pdf	hist	3	12	0	3708	6192	24
nist-pdf-0004	pdf	hist	4	12	0	3898	6292	24
nist-pdf-0004	pdf	hist	5	12	0	4234	6104	24
nist-pdf-0004	pdf	vole	0	12	0	3385	7760	24
nist-pdf-0004	pdf	vole	1	12	0	3385	7760	24
nist-pdf-0004	pdf	vole	2	12	0	3385	7760	24
nist-pdf-0004	pdf	vole	3	12	0	3385	7760	24
nist-pdf-0004	pdf	vole	4	12	0	3385	7760	24
nist-pdf-0004	pdf	vole	5	12	0	3385	7760	24
nist-pdf-0004	pdf	vole	0	13	0	3278	7760	24
nist-pdf-0004	pdf	vole	1	13	0	3278	7760	24
nist-pdf-0004	pdf	vole	2	13	0	3278	7760	24
nist-pdf-0004	pdf	vole	3	13	0	3278	7760	24
nist-pdf-0004	pdf	vole	4	13	0	3278	7760	24
nist-pdf-0004	pdf	vole	5	13	0	3278	7760	24
nist-pdf-0004	pdf	full	0	13	0	3602	6140	24
nist-pdf-0004	pdf	full	1	13	0	3460	6152	24
nist-pdf-0004	pdf	full	2	13	0	3883	6168	24
nist-pdf-0004	pdf	full	3	13	0	3697	6112	24
nist-pdf-0004	pdf	full	4	13	0	4000	6372	24
nist-pdf-0004	pdf	full	5	13	0	4944	6208	24
nist-pdf-0004	pdf	adaptive	0	13	0	3871	6188	24
nist-pdf-0004	pdf	adaptive	1	13	0	3741	6164	24
nist-pdf-0004	pdf	adaptive	2	13	0	4058	6180	24
nist-pdf-0004	pdf	adaptive	3	13	0	3932	6092	24
nist-pdf-0004	pdf	adaptive	4	13	0	3966	6256	24
nist-pdf-0004	pdf	adaptive	5	13	0	3922	6280	24
nist-pdf-0004	pdf	hist	0	13	0	3734	6116	24
nist-pdf-0004	pdf	hist	1	13	0	3875	6268	24
nist-pdf-0004	pdf	hist	2	13	0	3783	6136	24
nist-pdf-0004	pdf	hist	3	13	0	3837	6192	24
nist-pdf-0004	pdf	hist	4	13	0	4140	6292	24
nist-pdf-0004	pdf	hist	5	13	0	4015	6104	24
nist-pdf-0004	pdf	full	0	14	0	3805	6140	24
nist-pdf-0004	pdf	full	1	14	0	3484	6152	24
nist-pdf-0004	pdf	full	2	14	0	3880	6168	24
nist-pdf-0004	pdf	full	3	14	0	3994	6112	24
nist-pdf-0004	pdf	full	4	14	0	4002	6372	24
nist-pdf-0004	pdf	full	5	14	0	3828	6208	24
nist-pdf-0004	pdf	adaptive	0	14	0	3407	6188	24
nist-pdf-0004	pdf	adaptive	1	14	0	3945	6164	24
nist-pdf-0004	pdf	adaptive	2	14	0	3656	6180	24
nist-pdf-0004	pdf	adaptive	3	14	0	3778	6092	24
nist-pdf-0004	pdf	adaptive	4	14	0	3827	6256	24
nist-pdf-0004	pdf	adaptive	5	14	0	4095	6280	24
nist-pdf-0004	pdf	hist	0	14	0	4903	6116	24
nist-pdf-0004	pdf	hist	1	14	0	4024	6268	24
nist-pdf-0004	pdf	hist	2	14	0	3821	6136	24
nist-pdf-0004	pdf	hist	3	14	0	3684	6192	24
nist-pdf-0004	pdf	hist	4	14	0	3890	6292	24
nist-pdf-0004	pdf	hist	5	14	0	3993	6104	24
nist-pdf-0004	pdf	vole	0	14	0	3561	7760	24
nist-pdf-0004	pdf	vole	1	14	0	3561	7760	24
nist-pdf-0004	pdf	vole	2	14	0	3561	7760	24
nist-pdf-0004	pdf	vole	3	14	0	3561	7760	24
nist-pdf-0004	pdf	vole	4	14	0	3561	7760	24
nist-pdf-0004	pdf	vole	5	14	0	3561	7760	24
nist-pdf-0004	pdf	vole	0	15	0	3413	7760	24
nist-pdf-0004	pdf	vole	1	15	0	3413	7760	24
nist-pdf-0004	pdf	vole	2	15	0	3413	7760	24
nist-pdf-0004	pdf	vole	3	15	0	3413	7760	24
nist-pdf-0004	pdf	vole	4	15	0	3413	7760	24
nist-pdf-0004	pdf	vole	5	15	0	3413	7760	24
nist-pdf-0004	pdf	full	0	15	0	3699	6140	24
nist-pdf-0004	pdf	full	1	15	0	3592	6152	24
nist-pdf-0004	pdf	full	2	15	0	3696	6168	24
nist-pdf-0004	pdf	full	3	15	0	3641	6112	24
nist-pdf-0004	pdf	full	4	15	0	3997	6372	24
nist-pdf-0004	pdf	full	5	15	0	3894	6208	24
nist-pdf-0004	pdf	adaptive	0	15	0	3778	6188	24
nist-pdf-0004	pdf	adaptive	1	15	0	3565	6164	24
nist-pdf-0004	pdf	adaptive	2	15	0	3553	6180	24
nist-pdf-0004	pdf	adaptive	3	15	0	3747	6092	24
nist-pdf-0004	pdf	adaptive	4	15	0	4000	6256	24
nist-pdf-0004	pdf	adaptive	5	15	0	3964	6280	24
nist-pdf-0004	pdf	hist	0	15	0	3558	6116	24
nist-pdf-0004	pdf	hist	1	15	0	4622	6268	24
nist-pdf-0004	pdf	hist	2	15	0	3791	6136	24
nist-pdf-0004	pdf	hist	3	15	0	3734	6192	24
nist-pdf-0004	pdf	hist	4	15	0	3806	6292	24
nist-pdf-0004	pdf	hist	5	15	0	3863	6104	24
nist-pdf-0016	pdf	vole	0	1	0	1928	4784	24
nist-pdf-0016	pdf	vole	1	1	0	1928	4784	24
nist-pdf-0016	pdf	vole	2	1	0	1928	4784	24
nist-pdf-0016	pdf	vole	3	1	0	1928	4784	24
nist-pdf-0016	pdf	vole	4	1	0	1928	4784	24
nist-pdf-0016	pdf	vole	5	1	0	1928	4784	24
nist-pdf-0016	pdf	full	0	1	0	2593	3852	24
nist-pdf-0016	pdf	full	1	1	0	2261	3852	24
nist-pdf-0016	pdf	full	2	1	0	2319	3880	24
nist-pdf-0016	pdf	full	3	1	0	2309	3860	24
nist-pdf-0016	pdf	full	4	1	0	2547	3816	24
nist-pdf-0016	pdf	full	5	1	0	2693	3852	24
nist-pdf-0016	pdf	adaptive	0	1	0	2875	3884	24
nist-pdf-0016	pdf	adaptive	1	1	0	2957	3800	24
nist-pdf-0016	pdf	adaptive	2	1	0	2475	3836	24
nist-pdf-0016	pdf	adaptive	3	1	0	2609	3644	24
nist-pdf-0016	pdf	adaptive	4	1	0	3061	3676	24
nist-pdf-0016	pdf	adaptive	5	1	0	2729	3884	24
nist-pdf-0016	pdf	hist	0	1	0	2353	3784	24
nist-pdf-0016	pdf	hist	1	1	0	2278	3604	24
nist-pdf-0016	pdf	hist	2	1	0	2665	3804	24
nist-pdf-0016	pdf	hist	3	1	0	2532	3852	24
nist-pdf-0016	pdf	hist	4	1	0	2854	3808	24
nist-pdf-0016	pdf	hist	5	1	0	2840	3880	24
nist-pdf-0016	pdf	full	0	2	0	2312	3852	24
nist-pdf-0016	pdf	full	1	2	0	2360	3852	24
nist-pdf-0016	pdf	full	2	2	0	2499	3880	24
nist-pdf-0016	pdf	full	3	2	0	2326	3860	24
nist-pdf-0016	pdf	full	4	2	0	2742	3816	24
nist-pdf-0016	pdf	full	5	2	0	2788	3852	24
nist-pdf-0016	pdf	adaptive	0	2	0	2252	3884	24
nist-pdf-0016	pdf	adaptive	1	2	0	2289	3800	24
nist-pdf-0016	pdf	adaptive	2	2	0	2347	3836	24
nist-pdf-0016	pdf	adaptive	3	2	0	2386	3644	24
nist-pdf-0016	pdf	adaptive	4	2	0	2728	3676	24
nist-pdf-0016	pdf	adaptive	5	2	0	2770	3884	24
nist-pdf-0016	pdf	hist	0	2	0	2255	3784	24
nist-pdf-0016	pdf	hist	1	2	0	2306	3604	24
nist-pdf-0016	pdf	hist	2	2	0	2413	3804	24
nist-pdf-0016	pdf	hist	3	2	0	2625	3852	24
nist-pdf-0016	pdf	hist	4	2	0	3472	3808	24
nist-pdf-0016	pdf	hist	5	2	0	2662	3880	24
nist-pdf-0016	pdf	vole	0	2	0	1872	4784	24
nist-pdf-0016	pdf	vole	1	2	0	1872	4784	24
nist-pdf-0016	pdf	vole	2	2	0	1872	4784	24
nist-pdf-0016	pdf	vole	3	2	0	1872	4784	24
nist-pdf-0016	pdf	vole	4	2	0	1872	4784	24
nist-pdf-0016	pdf	vole	5	2	0	1872	4784	24
nist-pdf-0016	pdf	vole	0	3	0	1802	4784	24
nist-pdf-0016	pdf	vole	1	3	0	1802	4784	24
nist-pdf-0016	pdf	vole	2	3	0	1802	4784	24
nist-pdf-0016	pdf	vole	3	3	0	1802	4784	24
nist-pdf-0016	pdf	vole	4	3	0	1802	4784	24
nist-pdf-0016	pdf	vole	5	3	0	1802	4784	24
nist-pdf-0016	pdf	full	0	3	0	2365	3852	24
nist-pdf-0016	pdf	full	1	3	0	2324	3852	24
nist-pdf-0016	pdf	full	2	3	0	2376	3880	24
nist-pdf-0016	pdf	full	3	3	0	2407	3860	24
nist-pdf-0016	pdf	full	4	3	0	2656	3816	24
nist-pdf-0016	pdf	full	5	3	0	2741	3852	24
nist-pdf-0016	pdf	adaptive	0	3	0	2492	3884	24
nist-pdf-0016	pdf	adaptive	1	3	0	2325	3800	24
nist-pdf-0016	pdf	adaptive	2	3	0	2351	3836	24
nist-pdf-0016	pdf	adaptive	3	3	0	2419	3644	24
nist-pdf-0016	pdf	adaptive	4	3	0	2810	3676	24
nist-pdf-0016	pdf	adaptive	5	3	0	3329	3884	24
nist-pdf-0016	pdf	hist	0	3	0	2619	3784	24
nist-pdf-0016	pdf	hist	1	3	0	2507	3604	24
nist-pdf-0016	pdf	hist	2	3	0	2653	3804	24
nist-pdf-0016	pdf	hist	3	3	0	2434	3852	24
nist-pdf-0016	pdf	hist	4	3	0	2704	3808	24
nist-pdf-0016	pdf	hist	5	3	0	2625	3880	24
nist-pdf-0016	pdf	full	0	4	0	2329	3852	24
nist-pdf-0016	pdf	full	1	4	0	2157	3852	24
nist-pdf-0016	pdf	full	2	4	0	2312	3880	24
nist-pdf-0016	pdf	full	3	4	0	2319	3860	24
nist-pdf-0016	pdf	full	4	4	0	2688	3816	24
nist-pdf-0016	pdf	full	5	4	0	2648	3852	24
nist-pdf-0016	pdf	adaptive	0	4	0	2251	3884	24
nist-pdf-0016	pdf	adaptive	1	4	0	2339	3800	24
nist-pdf-0016	pdf	adaptive	2	4	0	2274	3836	24
nist-pdf-0016	pdf	adaptive	3	4	0	2226	3644	24
nist-pdf-0016	pdf	adaptive	4	4	0	2518	3676	24
nist-pdf-0016	pdf	adaptive	5	4	0	2559	3884	24
nist-pdf-0016	pdf	hist	0	4	0	2130	3784	24
nist-pdf-0016	pdf	hist	1	4	0	2232	3604	24
nist-pdf-0016	pdf	hist	2	4	0	2420	3804	24
nist-pdf-0016	pdf	hist	3	4	0	2452	3852	24
nist-pdf-0016	pdf	hist	4	4	0	2598	3808	24
nist-pdf-0016	pdf	hist	5	4	0	2698	3880	24
nist-pdf-0016	pdf	vole	0	4	0	1761	4784	24
nist-pdf-0016	pdf	vole	1	4	0	1761	4784	24
nist-pdf-0016	pdf	vole	2	4	0	1761	4784	24
nist-pdf-0016	pdf	vole	3	4	0	1761	4784	24
nist-pdf-0016	pdf	vole	4	4	0	1761	4784	24
nist-pdf-0016	pdf	vole	5	4	0	1761	4784	24
nist-pdf-0016	pdf	vole	0	5	0	1727	4784	24
nist-pdf-0016	pdf	vole	1	5	0	1727	4784	24
nist-pdf-0016	pdf	vole	2	5	0	1727	4784	24
nist-pdf-0016	pdf	vole	3	5	0	1727	4784	24
nist-pdf-0016	pdf	vole	4	5	0	1727	4784	24
nist-pdf-0016	pdf	vole	5	5	0	1727	4784	24
nist-pdf-0016	pdf	full	0	5	0	2298	3852	24
nist-pdf-0016	pdf	full	1	5	0	2414	3852	24
nist-pdf-0016	pdf	full	2	5	0	2285	3880	24
nist-pdf-0016	pdf	full	3	5	0	2288	3860	24
nist-pdf-0016	pdf	full	4	5	0	2681	3816	24
nist-pdf-0016	pdf	full	5	5	0	2679	3852	24
nist-pdf-0016	pdf	adaptive	0	5	0	2357	3884	24
nist-pdf-0016	pdf	adaptive	1	5	0	2342	3800	24
nist-pdf-0016	pdf	adaptive	2	5	0	2415	3836	24
nist-pdf-0016	pdf	adaptive	3	5	0	2369	3644	24
nist-pdf-0016	pdf	adaptive	4	5	0	2826	3676	24
nist-pdf-0016	pdf	adaptive	5	5	0	2739	3884	24
nist-pdf-0016	pdf	hist	0	5	0	2258	3784	24
nist-pdf-0016	pdf	hist	1	5	0	2238	3604	24
nist-pdf-0016	pdf	hist	2	5	0	2298	3804	24
nist-pdf-0016	pdf	hist	3	5	0	2249	3852	24
nist-pdf-0016	pdf	hist	4	5	0	2565	3808	24
nist-pdf-0016	pdf	hist	5	5	0	2556	3880	24
nist-pdf-0016	pdf	full	0	6	0	2153	3852	24
nist-pdf-0016	pdf	full	1	6	0	2240	3852	24
nist-pdf-0016	pdf	full	2	6	0	2197	3880	24
nist-pdf-0016	pdf	full	3	6	0	2377	3860	24
nist-pdf-0016	pdf	full	4	6	0	2625	3816	24
nist-pdf-0016	pdf	full	5	6	0	2588	3852	24
nist-pdf-0016	pdf	adaptive	0	6	0	2178	3884	24
nist-pdf-0016	pdf	adaptive	1	6	0	2242	3800	24
nist-pdf-0016	pdf	adaptive	2	6	0	2259	3836	24
nist-pdf-0016	pdf	adaptive	3	6	0	2207	3644	24
nist-pdf-0016	pdf	adaptive	4	6	0	2641	3676	24
nist-pdf-0016	pdf	adaptive	5	6	0	2529	3884	24
nist-pdf-0016	pdf	hist	0	6	0	2210	3784	24
nist-pdf-0016	pdf	hist	1	6	0	2331	3604	24
nist-pdf-0016	pdf	hist	2	6	0	2376	3804	24
nist-pdf-0016	pdf	hist	3	6	0	2381	3852	24
nist-pdf-0016	pdf	hist	4	6	0	2685	3808	24
nist-pdf-0016	pdf	hist	5	6	0	2594	3880	24
nist-pdf-0016	pdf	vole	0	6	0	1828	4784	24
nist-pdf-0016	pdf	vole	1	6	0	1828	4784	24
nist-pdf-0016	pdf	vole	2	6	0	1828	4784	24
nist-pdf-0016	pdf	vole	3	6	0	1828	4784	24
nist-pdf-0016	pdf	vole	4	6	0	1828	4784	24
nist-pdf-0016	pdf	vole	5	6	0	1828	4784	24
nist-pdf-0016	pdf	vole	0	7	0	1744	4784	24
nist-pdf-0016	pdf	vole	1	7	0	1744	4784	24
nist-pdf-0016	pdf	vole	2	7	0	1744	4784	24
nist-pdf-0016	pdf	vole	3	7	0	1744	4784	24
nist-pdf-0016	pdf	vole	4	7	0	1744	4784	24
nist-pdf-0016	pdf	vole	5	7	0	1744	4784	24
nist-pdf-0016	pdf	full	0	7	0	2271	3852	24
nist-pdf-0016	pdf	full	1	7	0	2308	3852	24
nist-pdf-0016	pdf	full	2	7	0	2451	3880	24
nist-pdf-0016	pdf	full	3	7	0	2333	3860	24
nist-pdf-0016	pdf	full	4	7	0	2764	3816	24
nist-pdf-0016	pdf	full	5	7	0	2690	3852	24
nist-pdf-0016	pdf	adaptive	0	7	0	2287	3884	24
nist-pdf-0016	pdf	adaptive	1	7	0	2199	3800	24
nist-pdf-0016	pdf	adaptive	2	7	0	2326	3836	24
nist-pdf-0016	pdf	adaptive	3	7	0	2222	3644	24
nist-pdf-0016	pdf	adaptive	4	7	0	2517	3676	24
nist-pdf-0016	pdf	adaptive	5	7	0	2710	3884	24
nist-pdf-0016	pdf	hist	0	7	0	2193	3784	24
nist-pdf-0016	pdf	hist	1	7	0	2519	3604	24
nist-pdf-0016	pdf	hist	2	7	0	2469	3804	24
nist-pdf-0016	pdf	hist	3	7	0	2355	3852	24
nist-pdf-0016	pdf	hist	4	7	0	2612	3808	24
nist-pdf-0016	pdf	hist	5	7	0	2659	3880	24
nist-pdf-0016	pdf	full	0	8	0	2235	3852	24
nist-pdf-0016	pdf	full	1	8	0	2291	3852	24
nist-pdf-0016	pdf	full	2	8	0	2337	3880	24
nist-pdf-0016	pdf	full	3	8	0	2333	3860	24
nist-pdf-0016	pdf	full	4	8	0	2720	3816	24
nist-pdf-0016	pdf	full	5	8	0	2505	3852	24
nist-pdf-0016	pdf	adaptive	0	8	0	2227	3884	24
nist-pdf-0016	pdf	adaptive	1	8	0	2246	3800	24
nist-pdf-0016	pdf	adaptive	2	8	0	2396	3836	24
nist-pdf-0016	pdf	adaptive	3	8	0	2639	3644	24
nist-pdf-0016	pdf	adaptive	4	8	0	2817	3676	24
nist-pdf-0016	pdf	adaptive	5	8	0	2774	3884	24
nist-pdf-0016	pdf	hist	0	8	0	2239	3784	24
nist-pdf-0016	pdf	hist	1	8	0	2212	3604	24
nist-pdf-0016	pdf	hist	2	8	0	2356	3804	24
nist-pdf-0016	pdf	hist	3	8	0	2266	3852	24
nist-pdf-0016	pdf	hist	4	8	0	2606	3808	24
nist-pdf-0016	pdf	hist	5	8	0	2582	3880	24
nist-pdf-0016	pdf	vole	0	8	0	1744	4784	24
nist-pdf-0016	pdf	vole	1	8	0	1744	4784	24
nist-pdf-0016	pdf	vole	2	8	0	1744	4784	24
nist-pdf-0016	pdf	vole	3	8	0	1744	4784	24
nist-pdf-0016	pdf	vole	4	8	0	1744	4784	24
nist-pdf-0016	pdf	vole	5	8	0	1744	4784	24
nist-pdf-0016	pdf	vole	0	9	0	1752	4784	24
nist-pdf-0016	pdf	vole	1	9	0	1752	4784	24
nist-pdf-0016	pdf	vole	2	9	0	1752	4784	24
nist-pdf-0016	pdf	vole	3	9	0	1752	4784	24
nist-pdf-0016	pdf	vole	4	9	0	1752	4784	24
nist-pdf-0016	pdf	vole	5	9	0	1752	4784	24
nist-pdf-0016	pdf	full	0	9	0	2321	3852	24
nist-pdf-0016	pdf	full	1	9	0	2307	3852	24
nist-pdf-0016	pdf	full	2	9	0	2297	3880	24
nist-pdf-0016	pdf	full	3	9	0	2284	3860	24
nist-pdf-0016	pdf	full	4	9	0	2593	3816	24
nist-pdf-0016	pdf	full	5	9	0	2548	3852	24
nist-pdf-0016	pdf	adaptive	0	9	0	2146	3884	24
nist-pdf-0016	pdf	adaptive	1	9	0	2229	3800	24
nist-pdf-0016	pdf	adaptive	2	9	0	2291	3836	24
nist-pdf-0016	pdf	adaptive	3	9	0	2247	3644	24
nist-pdf-0016	pdf	adaptive	4	9	0	2602	3676	24
nist-pdf-0016	pdf	adaptive	5	9	0	2570	3884	24
nist-pdf-0016	pdf	hist	0	9	0	2160	3784	24
nist-pdf-0016	pdf	hist	1	9	0	2341	3604	24
nist-pdf-0016	pdf	hist	2	9	0	2393	3804	24
nist-pdf-0016	pdf	hist	3	9	0	2339	3852	24
nist-pdf-0016	pdf	hist	4	9	0	2600	3808	24
nist-pdf-0016	pdf	hist	5	9	0	2641	3880	24
nist-pdf-0016	pdf	full	0	10	0	2172	3852	24
nist-pdf-0016	pdf	full	1	10	0	2187	3852	24
nist-pdf-0016	pdf	full	2	10	0	2316	3880	24
nist-pdf-0016	pdf	full	3	10	0	2302	3860	24
nist-pdf-0016	pdf	full	4	10	0	2636	3816	24
nist-pdf-0016	pdf	full	5	10	0	2667	3852	24
nist-pdf-0016	pdf	adaptive	0	10	0	2177	3884	24
nist-pdf-0016	pdf	adaptive	1	10	0	2203	3800	24
nist-pdf-0016	pdf	adaptive	2	10	0	2220	3836	24
nist-pdf-0016	pdf	adaptive	3	10	0	2337	3644	24
nist-pdf-0016	pdf	adaptive	4	10	0	2527	3676	24
nist-pdf-0016	pdf	adaptive	5	10	0	2569	3884	24
nist-pdf-0016	pdf	hist	0	10	0	2214	3784	24
nist-pdf-0016	pdf	hist	1	10	0	2179	3604	24
nist-pdf-0016	pdf	hist	2	10	0	2280	3804	24
nist-pdf-0016	pdf	hist	3	10	0	2308	3852	24
nist-pdf-0016	pdf	hist	4	10	0	2656	3808	24
nist-pdf-0016	pdf	hist	5	10	0	2780	3880	24
nist-pdf-0016	pdf	vole	0	10	0	1765	4784	24
nist-pdf-0016	pdf	vole	1	10	0	1765	4784	24
nist-pdf-0016	pdf	vole	2	10	0	1765	4784	24
nist-pdf-0016	pdf	vole	3	10	0	1765	4784	24
nist-pdf-0016	pdf	vole	4	10	0	1765	4784	24
nist-pdf-0016	pdf	vole	5	10	0	1765	4784	24
nist-pdf-0016	pdf	vole	0	11	0	1771	4784	24
nist-pdf-0016	pdf	vole	1	11	0	1771	4784	24
nist-pdf-0016	pdf	vole	2	11	0	1771	4784	24
nist-pdf-0016	pdf	vole	3	11	0	1771	4784	24
nist-pdf-0016	pdf	vole	4	11	0	1771	4784	24
nist-pdf-0016	pdf	vole	5	11	0	1771	4784	24
nist-pdf-0016	pdf	full	0	11	0	2276	3852	24
nist-pdf-0016	pdf	full	1	11	0	2300	3852	24
nist-pdf-0016	pdf	full	2	11	0	2321	3880	24
nist-pdf-0016	pdf	full	3	11	0	2258	3860	24
nist-pdf-0016	pdf	full	4	11	0	2613	3816	24
nist-pdf-0016	pdf	full	5	11	0	2648	3852	24
nist-pdf-0016	pdf	adaptive	0	11	0	2127	3884	24
nist-pdf-0016	pdf	adaptive	1	11	0	2130	3800	24
nist-pdf-0016	pdf	adaptive	2	11	0	2264	3836	24
nist-pdf-0016	pdf	adaptive	3	11	0	2404	3644	24
nist-pdf-0016	pdf	adaptive	4	11	0	2666	3676	24
nist-pdf-0016	pdf	adaptive	5	11	0	2530	3884	24
nist-pdf-0016	pdf	hist	0	11	0	2331	3784	24
nist-pdf-0016	pdf	hist	1	11	0	2250	3604	24
nist-pdf-0016	pdf	hist	2	11	0	2288	3804	24
nist-pdf-0016	pdf	hist	3	11	0	2314	3852	24
nist-pdf-0016	pdf	hist	4	11	0	2545	3808	24
nist-pdf-0016	pdf	hist	5	11	0	2589	3880	24
nist-pdf-0016	pdf	full	0	12	0	2302	3852	24
nist-pdf-0016	pdf	full	1	12	0	2266	3852	24
nist-pdf-0016	pdf	full	2	12	0	2444	3880	24
nist-pdf-0016	pdf	full	3	12	0	2452	3860	24
nist-pdf-0016	pdf	full	4	12	0	2606	3816	24
nist-pdf-0016	pdf	full	5	12	0	2618	3852	24
nist-pdf-0016	pdf	adaptive	0	12	0	2204	3884	24
nist-pdf-0016	pdf	adaptive	1	12	0	2167	3800	24
nist-pdf-0016	pdf	adaptive	2	12	0	2276	3836	24
nist-pdf-0016	pdf	adaptive	3	12	0	2307	3644	24
nist-pdf-0016	pdf	adaptive	4	12	0	2516	3676	24
nist-pdf-0016	pdf	adaptive	5	12	0	2613	3884	24
nist-pdf-0016	pdf	hist	0	12	0	2256	3784	24
nist-pdf-0016	pdf	hist	1	12	0	2470	3604	24
nist-pdf-0016	pdf	hist	2	12	0	2328	3804	24
nist-pdf-0016	pdf	hist	3	12	0	2355	3852	24
nist-pdf-0016	pdf	hist	4	12	0	2681	3808	24
nist-pdf-0016	pdf	hist	5	12	0	2725	3880	24
nist-pdf-0016	pdf	vole	0	12	0	1688	4784	24
nist-pdf-0016	pdf	vole	1	12	0	1688	4784	24
nist-pdf-0016	pdf	vole	2	12	0	1688	4784	24
nist-pdf-0016	pdf	vole	3	12	0	1688	4784	24
nist-pdf-0016	pdf	vole	4	12	0	1688	4784	24
nist-pdf-0016	pdf	vole	5	12	0	1688	4784	24
nist-pdf-0016	pdf	vole	0	13	0	1959	4784	24
nist-pdf-0016	pdf	vole	1	13	0	1959	4784	24
nist-pdf-0016	pdf	vole	2	13	0	1959	4784	24
nist-pdf-0016	pdf	vole	3	13	0	1959	4784	24
nist-pdf-0016	pdf	vole	4	13	0	1959	4784	24
nist-pdf-0016	pdf	vole	5	13	0	1959	4784	24
nist-pdf-0016	pdf	full	0	13	0	2679	3852	24
nist-pdf-0016	pdf	full	1	13	0	2366	3852	24
nist-pdf-0016	pdf	full	2	13	0	2431	3880	24
nist-pdf-0016	pdf	full	3	13	0	2509	3860	24
nist-pdf-0016	pdf	full	4	13	0	2832	3816	24
nist-pdf-0016	pdf	full	5	13	0	2575	3852	24
nist-pdf-0016	pdf	adaptive	0	13	0	2327	3884	24
nist-pdf-0016	pdf	adaptive	1	13	0	2239	3800	24
nist-pdf-0016	pdf	adaptive	2	13	0	2342	3836	24
nist-pdf-0016	pdf	adaptive	3	13	0	2498	3644	24
nist-pdf-0016	pdf	adaptive	4	13	0	2663	3676	24
nist-pdf-0016	pdf	adaptive	5	13	0	2722	3884	24
nist-pdf-0016	pdf	hist	0	13	0	2446	3784	24
nist-pdf-0016	pdf	hist	1	13	0	2423	3604	24
nist-pdf-0016	pdf	hist	2	13	0	2365	3804	24
nist-pdf-0016	pdf	hist	3	13	0	2337	3852	24
nist-pdf-0016	pdf	hist	4	13	0	2620	3808	24
nist-pdf-0016	pdf	hist	5	13	0	2681	3880	24
nist-pdf-0016	pdf	full	0	14	0	2201	3852	24
nist-pdf-0016	pdf	full	1	14	0	2244	3852	24
nist-pdf-0016	pdf	full	2	14	0	2278	3880	24
nist-pdf-0016	pdf	full	3	14	0	2323	3860	24
nist-pdf-0016	pdf	full	4	14	0	2557	3816	24
nist-pdf-0016	pdf	full	5	14	0	2631	3852	24
nist-pdf-0016	pdf	adaptive	0	14	0	2228	3884	24
nist-pdf-0016	pdf	adaptive	1	14	0	2347	3800	24
nist-pdf-0016	pdf	adaptive	2	14	0	2456	3836	24
nist-pdf-0016	pdf	adaptive	3	14	0	2369	3644	24
nist-pdf-0016	pdf	adaptive	4	14	0	2717	3676	24
nist-pdf-0016	pdf	adaptive	5	14	0	2672	3884	24
nist-pdf-0016	pdf	hist	0	14	0	2281	3784	24
nist-pdf-0016	pdf	hist	1	14	0	2304	3604	24
nist-pdf-0016	pdf	hist	2	14	0	2375	3804	24
nist-pdf-0016	pdf	hist	3	14	0	2433	3852	24
nist-pdf-0016	pdf	hist	4	14	0	2622	3808	24
nist-pdf-0016	pdf	hist	5	14	0	2701	3880	24
nist-pdf-0016	pdf	vole	0	14	0	1803	4784	24
nist-pdf-0016	pdf	vole	1	14	0	1803	4784	24
nist-pdf-0016	pdf	vole	2	14	0	1803	4784	24
nist-pdf-0016	pdf	vole	3	14	0	1803	4784	24
nist-pdf-0016	pdf	vole	4	14	0	1803	4784	24
nist-pdf-0016	pdf	vole	5	14	0	1803	4784	24
nist-pdf-0016	pdf	vole	0	15	0	1977	4784	24
nist-pdf-0016	pdf	vole	1	15	0	1977	4784	24
nist-pdf-0016	pdf	vole	2	15	0	1977	4784	24
nist-pdf-0016	pdf	vole	3	15	0	1977	4784	24
nist-pdf-0016	pdf	vole	4	15	0	1977	4784	24
nist-pdf-0016	pdf	vole	5	15	0	1977	4784	24
nist-pdf-0016	pdf	full	0	15	0	2694	3852	24
nist-pdf-0016	pdf	full	1	15	0	2304	3852	24
nist-pdf-0016	pdf	full	2	15	0	2376	3880	24
nist-pdf-0016	pdf	full	3	15	0	2280	3860	24
nist-pdf-0016	pdf	full	4	15	0	2645	3816	24
nist-pdf-0016	pdf	full	5	15	0	2732	3852	24
nist-pdf-0016	pdf	adaptive	0	15	0	2458	3884	24
nist-pdf-0016	pdf	adaptive	1	15	0	2336	3800	24
nist-pdf-0016	pdf	adaptive	2	15	0	2670	3836	24
nist-pdf-0016	pdf	adaptive	3	15	0	2492	3644	24
nist-pdf-0016	pdf	adaptive	4	15	0	2623	3676	24
nist-pdf-0016	pdf	adaptive	5	15	0	2724	3884	24
nist-pdf-0016	pdf	hist	0	15	0	2618	3784	24
nist-pdf-0016	pdf	hist	1	15	0	2708	3604	24
nist-pdf-0016	pdf	hist	2	15	0	2760	3804	24
nist-pdf-0016	pdf	hist	3	15	0	2516	3852	24
nist-pdf-0016	pdf	hist	4	15	0	2767	3808	24
nist-pdf-0016	pdf	hist	5	15	0	3355	3880	24
nist-pdf-0017	pdf	vole	0	1	0	4528	9380	24
nist-pdf-0017	pdf	vole	1	1	0	4528	9380	24
nist-pdf-0017	pdf	vole	2	1	0	4528	9380	24
nist-pdf-0017	pdf	vole	3	1	0	4528	9380	24
nist-pdf-0017	pdf	vole	4	1	0	4528	9380	24
nist-pdf-0017	pdf	vole	5	1	0	4528	9380	24
nist-pdf-0017	pdf	full	0	1	0	4941	7316	24
nist-pdf-0017	pdf	full	1	1	0	4712	7284	24
nist-pdf-0017	pdf	full	2	1	0	5274	7312	24
nist-pdf-0017	pdf	full	3	1	0	4829	7364	24
nist-pdf-0017	pdf	full	4	1	0	5254	7272	24
nist-pdf-0017	pdf	full	5	1	0	5487	7384	24
nist-pdf-0017	pdf	adaptive	0	1	0	4895	7328	24
nist-pdf-0017	pdf	adaptive	1	1	0	4803	7276	24
nist-pdf-0017	pdf	adaptive	2	1	0	5014	7268	24
nist-pdf-0017	pdf	adaptive	3	1	0	5036	7292	24
nist-pdf-0017	pdf	adaptive	4	1	0	5160	7288	24
nist-pdf-0017	pdf	adaptive	5	1	0	5463	7336	24
nist-pdf-0017	pdf	hist	0	1	0	5172	7256	24
nist-pdf-0017	pdf	hist	1	1	0	4824	7284	24
nist-pdf-0017	pdf	hist	2	1	0	4866	7268	24
nist-pdf-0017	pdf	hist	3	1	0	5014	7216	24
nist-pdf-0017	pdf	hist	4	1	0	5971	7292	24
nist-pdf-0017	pdf	hist	5	1	0	5524	7324	24
nist-pdf-0017	pdf	full	0	2	0	5455	7316	24
nist-pdf-0017	pdf	full	1	2	0	5134	7284	24
nist-pdf-0017	pdf	full	2	2	0	5513	7312	24
nist-pdf-0017	pdf	full	3	2	0	5198	7364	24
nist-pdf-0017	pdf	full	4	2	0	5564	7272	24
nist-pdf-0017	pdf	full	5	2	0	6593	7384	24
nist-pdf-0017	pdf	adaptive	0	2	0	5636	7328	24
nist-pdf-0017	pdf	adaptive	1	2	0	6708	7276	24
nist-pdf-0017	pdf	adaptive	2	2	0	5954	7268	24
nist-pdf-0017	pdf	adaptive	3	2	0	5371	7292	24
nist-pdf-0017	pdf	adaptive	4	2	0	5882	7288	24
nist-pdf-0017	pdf	adaptive	5	2	0	5768	7336	24
nist-pdf-0017	pdf	hist	0	2	0	6103	7256	24
nist-pdf-0017	pdf	hist	1	2	0	5013	7284	24
nist-pdf-0017	pdf	hist	2	2	0	5235	7268	24
nist-pdf-0017	pdf	hist	3	2	0	4935	7216	24
nist-pdf-0017	pdf	hist	4	2	0	5461	7292	24
nist-pdf-0017	pdf	hist	5	2	0	5417	7324	24
nist-pdf-0017	pdf	vole	0	2	0	4593	9380	24
nist-pdf-0017	pdf	vole	1	2	0	4593	9380	24
nist-pdf-0017	pdf	vole	2	2	0	4593	9380	24
nist-pdf-0017	pdf	vole	3	2	0	4593	9380	24
nist-pdf-0017	pdf	vole	4	2	0	4593	9380	24
nist-pdf-0017	pdf	vole	5	2	0	4593	9380	24
nist-pdf-0017	pdf	vole	0	3	0	4494	9380	24
nist-pdf-0017	pdf	vole	1	3	0	4494	9380	24
nist-pdf-0017	pdf	vole	2	3	0	4494	9380	24
nist-pdf-0017	pdf	vole	3	3	0	4494	9380	24
nist-pdf-0017	pdf	vole	4	3	0	4494	9380	24
nist-pdf-0017	pdf	vole	5	3	0	4494	9380	24
nist-pdf-0017	pdf	full	0	3	0	5344	7316	24
nist-pdf-0017	pdf	full	1	3	0	5182	7284	24
nist-pdf-0017	pdf	full	2	3	0	5380	7312	24
nist-pdf-0017	pdf	full	3	3	0	5138	7364	24
nist-pdf-0017	pdf	full	4	3	0	5300	7272	24
nist-pdf-0017	pdf	full	5	3	0	6520	7384	24
nist-pdf-0017	pdf	adaptive	0	3	0	5860	7328	24
nist-pdf-0017	pdf	adaptive	1	3	0	5656	7276	24
nist-pdf-0017	pdf	adaptive	2	3	0	5251	7268	24
nist-pdf-0017	pdf	adaptive	3	3	0	6246	7292	24
nist-pdf-0017	pdf	adaptive	4	3	0	5355	7288	24
nist-pdf-0017	pdf	adaptive	5	3	0	5243	7336	24
nist-pdf-0017	pdf	hist	0	3	0	4898	7256	24
nist-pdf-0017	pdf	hist	1	3	0	5260	7284	24
nist-pdf-0017	pdf	hist	2	3	0	5877	7268	24
nist-pdf-0017	pdf	hist	3	3	0	5467	7216	24
nist-pdf-0017	pdf	hist	4	3	0	5739	7292	24
nist-pdf-0017	pdf	hist	5	3	0	5661	7324	24
nist-pdf-0017	pdf	full	0	4	0	5067	7316	24
nist-pdf-0017	pdf	full	1	4	0	5165	7284	24
nist-pdf-0017	pdf	full	2	4	0	5096	7312	24
nist-pdf-0017	pdf	full	3	4	0	5663	7364	24
nist-pdf-0017	pdf	full	4	4	0	6011	7272	24
nist-pdf-0017	pdf	full	5	4	0	6268	7384	24
nist-pdf-0017	pdf	adaptive	0	4	0	5420	7328	24
nist-pdf-0017	pdf	adaptive	1	4	0	5871	7276	24
nist-pdf-0017	pdf	adaptive	2	4	0	5671	7268	24
nist-pdf-0017	pdf	adaptive	3	4	0	5761	7292	24
nist-pdf-0017	pdf	adaptive	4	4	0	5808	7288	24
nist-pdf-0017	pdf	adaptive	5	4	0	5932	7336	24
nist-pdf-0017	pdf	hist	0	4	0	5373	7256	24
nist-pdf-0017	pdf	hist	1	4	0	5337	7284	24
nist-pdf-0017	pdf	hist	2	4	0	5020	7268	24
nist-pdf-0017	pdf	hist	3	4	0	4895	7216	24
nist-pdf-0017	pdf	hist	4	4	0	5593	7292	24
nist-pdf-0017	pdf	hist	5	4	0	5679	7324	24
nist-pdf-0017	pdf	vole	0	4	0	4625	9380	24
nist-pdf-0017	pdf	vole	1	4	0	4625	9380	24
nist-pdf-0017	pdf	vole	2	4	0	4625	9380	24
nist-pdf-0017	pdf	vole	3	4	0	4625	9380	24
nist-pdf-0017	pdf	vole	4	4	0	4625	9380	24
nist-pdf-0017	pdf	vole	5	4	0	4625	9380	24
nist-pdf-0017	pdf	vole	0	5	0	5187	9380	24
nist-pdf-0017	pdf	vole	1	5	0	5187	9380	24
nist-pdf-0017	pdf	vole	2	5	0	5187	9380	24
nist-pdf-0017	pdf	vole	3	5	0	5187	9380	24
nist-pdf-0017	pdf	vole	4	5	0	5187	9380	24
nist-pdf-0017	pdf	vole	5	5	0	5187	9380	24
nist-pdf-0017	pdf	full	0	5	0	6053	7316	24
nist-pdf-0017	pdf	full	1	5	0	5683	7284	24
nist-pdf-0017	pdf	full	2	5	0	5294	7312	24
nist-pdf-0017	pdf	full	3	5	0	5417	7364	24
nist-pdf-0017	pdf	full	4	5	0	5351	7272	24
nist-pdf-0017	pdf	full	5	5	0	5384	7384	24
nist-pdf-0017	pdf	adaptive	0	5	0	5295	7328	24
nist-pdf-0017	pdf	adaptive	1	5	0	5069	7276	24
nist-pdf-0017	pdf	adaptive	2	5	0	5785	7268	24
nist-pdf-0017	pdf	adaptive	3	5	0	5581	7292	24
nist-pdf-0017	pdf	adaptive	4	5	0	5801	7288	24
nist-pdf-0017	pdf	adaptive	5	5	0	5365	7336	24
nist-pdf-0017	pdf	hist	0	5	0	4970	7256	24
nist-pdf-0017	pdf	hist	1	5	0	5386	7284	24
nist-pdf-0017	pdf	hist	2	5	0	5497	7268	24
nist-pdf-0017	pdf	hist	3	5	0	5286	7216	24
nist-pdf-0017	pdf	hist	4	5	0	5806	7292	24
nist-pdf-0017	pdf	hist	5	5	0	6270	7324	24
nist-pdf-0017	pdf	full	0	6	0	5648	7316	24
nist-pdf-0017	pdf	full	1	6	0	5473	7284	24
nist-pdf-0017	pdf	full	2	6	0	5781	7312	24
nist-pdf-0017	pdf	full	3	6	0	5498	7364	24
nist-pdf-0017	pdf	full	4	6	0	5708	7272	24
nist-pdf-0017	pdf	full	5	6	0	6211	7384	24
nist-pdf-0017	pdf	adaptive	0	6	0	5531	7328	24
nist-pdf-0017	pdf	adaptive	1	6	0	5066	7276	24
nist-pdf-0017	pdf	adaptive	2	6	0	4972	7268	24
nist-pdf-0017	pdf	adaptive	3	6	0	4951	7292	24
nist-pdf-0017	pdf	adaptive	4	6	0	5585	7288	24
nist-pdf-0017	pdf	adaptive	5	6	0	5707	7336	24
nist-pdf-0017	pdf	hist	0	6	0	5763	7256	24
nist-pdf-0017	pdf	hist	1	6	0	5656	7284	24
nist-pdf-0017	pdf	hist	2	6	0	5110	7268	24
nist-pdf-0017	pdf	hist	3	6	0	5565	7216	24
nist-pdf-0017	pdf	hist	4	6	0	5687	7292	24
nist-pdf-0017	pdf	hist	5	6	0	5883	7324	24
nist-pdf-0017	pdf	vole	0	6	0	4643	9380	24
nist-pdf-0017	pdf	vole	1	6	0	4643	9380	24
nist-pdf-0017	pdf	vole	2	6	0	4643	9380	24
nist-pdf-0017	pdf	vole	3	6	0	4643	9380	24
nist-pdf-0017	pdf	vole	4	6	0	4643	9380	24
nist-pdf-0017	pdf	vole	5	6	0	4643	9380	24
nist-pdf-0017	pdf	vole	0	7	0	4653	9380	24
nist-pdf-0017	pdf	vole	1	7	0	4653	9380	24
nist-pdf-0017	pdf	vole	2	7	0	4653	9380	24
nist-pdf-0017	pdf	vole	3	7	0	4653	9380	24
nist-pdf-0017	pdf	vole	4	7	0	4653	9380	24
nist-pdf-0017	pdf	vole	5	7	0	4653	9380	24
nist-pdf-0017	pdf	full	0	7	0	5501	7316	24
nist-pdf-0017	pdf	full	1	7	0	5729	7284	24
nist-pdf-0017	pdf	full	2	7	0	5180	7312	24
nist-pdf-0017	pdf	full	3	7	0	5554	7364	24
nist-pdf-0017	pdf	full	4	7	0	5656	7272	24
nist-pdf-0017	pdf	full	5	7	0	6972	7384	24
nist-pdf-0017	pdf	adaptive	0	7	0	5694	7328	24
nist-pdf-0017	pdf	adaptive	1	7	0	5238	7276	24
nist-pdf-0017	pdf	adaptive	2	7	0	4978	7268	24
nist-pdf-0017	pdf	adaptive	3	7	0	5285	7292	24
nist-pdf-0017	pdf	adaptive	4	7	0	5168	7288	24
nist-pdf-0017	pdf	adaptive	5	7	0	5336	7336	24
nist-pdf-0017	pdf	hist	0	7	0	4799	7256	24
nist-pdf-0017	pdf	hist	1	7	0	4985	7284	24
nist-pdf-0017	pdf	hist	2	7	0	4914	7268	24
nist-pdf-0017	pdf	hist	3	7	0	4787	7216	24
nist-pdf-0017	pdf	hist	4	7	0	5380	7292	24
nist-pdf-0017	pdf	hist	5	7	0	5343	7324	24
nist-pdf-0017	pdf	full	0	8	0	5078	7316	24
nist-pdf-0017	pdf	full	1	8	0	4863	7284	24
nist-pdf-0017	pdf	full	2	8	0	5392	7312	24
nist-pdf-0017	pdf	full	3	8	0	5487	7364	24
nist-pdf-0017	pdf	full	4	8	0	5268	7272	24
nist-pdf-0017	pdf	full	5	8	0	5135	7384	24
nist-pdf-0017	pdf	adaptive	0	8	0	4737	7328	24
nist-pdf-0017	pdf	adaptive	1	8	0	5264	7276	24
nist-pdf-0017	pdf	adaptive	2	8	0	4854	7268	24
nist-pdf-0017	pdf	adaptive	3	8	0	5095	7292	24
nist-pdf-0017	pdf	adaptive	4	8	0	5031	7288	24
nist-pdf-0017	pdf	adaptive	5	8	0	5502	7336	24
nist-pdf-0017	pdf	hist	0	8	0	4837	7256	24
nist-pdf-0017	pdf	hist	1	8	0	5145	7284	24
nist-pdf-0017	pdf	hist	2	8	0	4947	7268	24
nist-pdf-0017	pdf	hist	3	8	0	4980	7216	24
nist-pdf-0017	pdf	hist	4	8	0	7094	7292	24
nist-pdf-0017	pdf	hist	5	8	0	6512	7324	24
nist-pdf-0017	pdf	vole	0	8	0	4894	9380	24
nist-pdf-0017	pdf	vole	1	8	0	4894	9380	24
nist-pdf-0017	pdf	vole	2	8	0	4894	9380	24
nist-pdf-0017	pdf	vole	3	8	0	4894	9380	24
nist-pdf-0017	pdf	vole	4	8	0	4894	9380	24
nist-pdf-0017	pdf	vole	5	8	0	4894	9380	24
nist-pdf-0017	pdf	vole	0	9	0	4899	9380	24
nist-pdf-0017	pdf	vole	1	9	0	4899	9380	24
nist-pdf-0017	pdf	vole	2	9	0	4899	9380	24
nist-pdf-0017	pdf	vole	3	9	0	4899	9380	24
nist-pdf-0017	pdf	vole	4	9	0	4899	9380	24
nist-pdf-0017	pdf	vole	5	9	0	4899	9380	24
nist-pdf-0017	pdf	full	0	9	0	5611	7316	24
nist-pdf-0017	pdf	full	1	9	0	5107	7284	24
nist-pdf-0017	pdf	full	2	9	0	5204	7312	24
nist-pdf-0017	pdf	full	3	9	0	5359	7364	24
nist-pdf-0017	pdf	full	4	9	0	5681	7272	24
nist-pdf-0017	pdf	full	5	9	0	5582	7384	24
nist-pdf-0017	pdf	adaptive	0	9	0	4881	7328	24
nist-pdf-0017	pdf	adaptive	1	9	0	5380	7276	24
nist-pdf-0017	pdf	adaptive	2	9	0	5004	7268	24
nist-pdf-0017	pdf	adaptive	3	9	0	6400	7292	24
nist-pdf-0017	pdf	adaptive	4	9	0	5777	7288	24
nist-pdf-0017	pdf	adaptive	5	9	0	5841	7336	24
nist-pdf-0017	pdf	hist	0	9	0	5184	7256	24
nist-pdf-0017	pdf	hist	1	9	0	5249	7284	24
nist-pdf-0017	pdf	hist	2	9	0	5896	7268	24
nist-pdf-0017	pdf	hist	3	9	0	5227	7216	24
nist-pdf-0017	pdf	hist	4	9	0	5922	7292	24
nist-pdf-0017	pdf	hist	5	9	0	5355	7324	24
nist-pdf-0017	pdf	full	0	10	0	4947	7316	24
nist-pdf-0017	pdf	full	1	10	0	4964	7284	24
nist-pdf-0017	pdf	full	2	10	0	6043	7312	24
nist-pdf-0017	pdf	full	3	10	0	5460	7364	24
nist-pdf-0017	pdf	full	4	10	0	5774	7272	24
nist-pdf-0017	pdf	full	5	10	0	5237	7384	24
nist-pdf-0017	pdf	adaptive	0	10	0	4835	7328	24
nist-pdf-0017	pdf	adaptive	1	10	0	4827	7276	24
nist-pdf-0017	pdf	adaptive	2	10	0	5238	7268	24
nist-pdf-0017	pdf	adaptive	3	10	0	5074	7292	24
nist-pdf-0017	pdf	adaptive	4	10	0	5613	7288	24
nist-pdf-0017	pdf	adaptive	5	10	0	5423	7336	24
nist-pdf-0017	pdf	hist	0	10	0	4915	7256	24
nist-pdf-0017	pdf	hist	1	10	0	5372	7284	24
nist-pdf-0017	pdf	hist	2	10	0	5556	7268	24
nist-pdf-0017	pdf	hist	3	10	0	5384	7216	24
nist-pdf-0017	pdf	hist	4	10	0	5377	7292	24
nist-pdf-0017	pdf	hist	5	10	0	5388	7324	24
nist-pdf-0017	pdf	vole	0	10	0	4630	9380	24
nist-pdf-0017	pdf	vole	1	10	0	4630	9380	24
nist-pdf-0017	pdf	vole	2	10	0	4630	9380	24
nist-pdf-0017	pdf	vole	3	10	0	4630	9380	24
nist-pdf-0017	pdf	vole	4	10	0	4630	9380	24
nist-pdf-0017	pdf	vole	5	10	0	4630	9380	24
nist-pdf-0017	pdf	vole	0	11	0	5066	9380	24
nist-pdf-0017	pdf	vole	1	11	0	5066	9380	24
nist-pdf-0017	pdf	vole	2	11	0	5066	9380	24
nist-pdf-0017	pdf	vole	3	11	0	5066	9380	24
nist-pdf-0017	pdf	vole	4	11	0	5066	9380	24
nist-pdf-0017	pdf	vole	5	11	0	5066	9380	24
nist-pdf-0017	pdf	full	0	11	0	5652	7316	24
nist-pdf-0017	pdf	full	1	11	0	6194	7284	24
nist-pdf-0017	pdf	full	2	11	0	5348	7312	24
nist-pdf-0017	pdf	full	3	11	0	5228	7364	24
nist-pdf-0017	pdf	full	4	11	0	5325	7272	24
nist-pdf-0017	pdf	full	5	11	0	6049	7384	24
nist-pdf-0017	pdf	adaptive	0	11	0	5487	7328	24
nist-pdf-0017	pdf	adaptive	1	11	0	6010	7276	24
nist-pdf-0017	pdf	adaptive	2	11	0	5500	7268	24
nist-pdf-0017	pdf	adaptive	3	11	0	5867	7292	24
nist-pdf-0017	pdf	adaptive	4	11	0	5366	7288	24
nist-pdf-0017	pdf	adaptive	5	11	0	5451	7336	24
nist-pdf-0017	pdf	hist	0	11	0	5505	7256	24
nist-pdf-0017	pdf	hist	1	11	0	5117	7284	24
nist-pdf-0017	pdf	hist	2	11	0	5147	7268	24
nist-pdf-0017	pdf	hist	3	11	0	5061	7216	24
nist-pdf-0017	pdf	hist	4	11	0	6203	7292	24
nist-pdf-0017	pdf	hist	5	11	0	6501	7324	24
nist-pdf-0017	pdf	full	0	12	0	5612	7316	24
nist-pdf-0017	pdf	full	1	12	0	5313	7284	24
nist-pdf-0017	pdf	full	2	12	0	5062	7312	24
nist-pdf-0017	pdf	full	3	12	0	4898	7364	24
nist-pdf-0017	pdf	full	4	12	0	5492	7272	24
nist-pdf-0017	pdf	full	5	12	0	5184	7384	24
nist-pdf-0017	pdf	adaptive	0	12	0	4950	7328	24
nist-pdf-0017	pdf	adaptive	1	12	0	5321	7276	24
nist-pdf-0017	pdf	adaptive	2	12	0	5491	7268	24
nist-pdf-0017	pdf	adaptive	3	12	0	5188	7292	24
nist-pdf-0017	pdf	adaptive	4	12	0	5270	7288	24
nist-pdf-0017	pdf	adaptive	5	12	0	5359	7336	24
nist-pdf-0017	pdf	hist	0	12	0	6285	7256	24
nist-pdf-0017	pdf	hist	1	12	0	5518	7284	24
nist-pdf-0017	pdf	hist	2	12	0	5079	7268	24
nist-pdf-0017	pdf	hist	3	12	0	5448	7216	24
nist-pdf-0017	pdf	hist	4	12	0	5661	7292	24
nist-pdf-0017	pdf	hist	5	12	0	5818	7324	24
nist-pdf-0017	pdf	vole	0	12	0	4647	9380	24
nist-pdf-0017	pdf	vole	1	12	0	4647	9380	24
nist-pdf-0017	pdf	vole	2	12	0	4647	9380	24
nist-pdf-0017	pdf	vole	3	12	0	4647	9380	24
nist-pdf-0017	pdf	vole	4	12	0	4647	9380	24
nist-pdf-0017	pdf	vole	5	12	0	4647	9380	24
nist-pdf-0017	pdf	vole	0	13	0	4733	9380	24
nist-pdf-0017	pdf	vole	1	13	0	4733	9380	24
nist-pdf-0017	pdf	vole	2	13	0	4733	9380	24
nist-pdf-0017	pdf	vole	3	13	0	4733	9380	24
nist-pdf-0017	pdf	vole	4	13	0	4733	9380	24
nist-pdf-0017	pdf	vole	5	13	0	4733	9380	24
nist-pdf-0017	pdf	full	0	13	0	5171	7316	24
nist-pdf-0017	pdf	full	1	13	0	5257	7284	24
nist-pdf-0017	pdf	full	2	13	0	5450	7312	24
nist-pdf-0017	pdf	full	3	13	0	4888	7364	24
nist-pdf-0017	pdf	full	4	13	0	5481	7272	24
nist-pdf-0017	pdf	full	5	13	0	5552	7384	24
nist-pdf-0017	pdf	adaptive	0	13	0	5352	7328	24
nist-pdf-0017	pdf	adaptive	1	13	0	4797	7276	24
nist-pdf-0017	pdf	adaptive	2	13	0	4856	7268	24
nist-pdf-0017	pdf	adaptive	3	13	0	4848	7292	24
nist-pdf-0017	pdf	adaptive	4	13	0	5056	7288	24
nist-pdf-0017	pdf	adaptive	5	13	0	4923	7336	24
nist-pdf-0017	pdf	hist	0	13	0	5038	7256	24
nist-pdf-0017	pdf	hist	1	13	0	5110	7284	24
nist-pdf-0017	pdf	hist	2	13	0	5200	7268	24
nist-pdf-0017	pdf	hist	3	13	0	5006	7216	24
nist-pdf-0017	pdf	hist	4	13	0	5534	7292	24
nist-pdf-0017	pdf	hist	5	13	0	4988	7324	24
nist-pdf-0017	pdf	full	0	14	0	4571	7316	24
nist-pdf-0017	pdf	full	1	14	0	4558	7284	24
nist-pdf-0017	pdf	full	2	14	0	4636	7312	24
nist-pdf-0017	pdf	full	3	14	0	5056	7364	24
nist-pdf-0017	pdf	full	4	14	0	5498	7272	24
nist-pdf-0017	pdf	full	5	14	0	5042	7384	24
nist-pdf-0017	pdf	adaptive	0	14	0	4582	7328	24
nist-pdf-0017	pdf	adaptive	1	14	0	4557	7276	24
nist-pdf-0017	pdf	adaptive	2	14	0	5087	7268	24
nist-pdf-0017	pdf	adaptive	3	14	0	4972	7292	24
nist-pdf-0017	pdf	adaptive	4	14	0	5374	7288	24
nist-pdf-0017	pdf	adaptive	5	14	0	5680	7336	24
nist-pdf-0017	pdf	hist	0	14	0	4655	7256	24
nist-pdf-0017	pdf	hist	1	14	0	4621	7284	24
nist-pdf-0017	pdf	hist	2	14	0	4702	7268	24
nist-pdf-0017	pdf	hist	3	14	0	4742	7216	24
nist-pdf-0017	pdf	hist	4	14	0	5010	7292	24
nist-pdf-0017	pdf	hist	5	14	0	5455	7324	24
nist-pdf-0017	pdf	vole	0	14	0	4566	9380	24
nist-pdf-0017	pdf	vole	1	14	0	4566	9380	24
nist-pdf-0017	pdf	vole	2	14	0	4566	9380	24
nist-pdf-0017	pdf	vole	3	14	0	4566	9380	24
nist-pdf-0017	pdf	vole	4	14	0	4566	9380	24
nist-pdf-0017	pdf	vole	5	14	0	4566	9380	24
nist-pdf-0017	pdf	vole	0	15	0	4545	9380	24
nist-pdf-0017	pdf	vole	1	15	0	4545	9380	24
nist-pdf-0017	pdf	vole	2	15	0	4545	9380	24
nist-pdf-0017	pdf	vole	3	15	0	4545	9380	24
nist-pdf-0017	pdf	vole	4	15	0	4545	9380	24
nist-pdf-0017	pdf	vole	5	15	0	4545	9380	24
nist-pdf-0017	pdf	full	0	15	0	5288	7316	24
nist-pdf-0017	pdf	full	1	15	0	4668	7284	24
nist-pdf-0017	pdf	full	2	15	0	4717	7312	24
nist-pdf-0017	pdf	full	3	15	0	4686	7364	24
nist-pdf-0017	pdf	full	4	15	0	5423	7272	24
nist-pdf-0017	pdf	full	5	15	0	4970	7384	24
nist-pdf-0017	pdf	adaptive	0	15	0	5381	7328	24
nist-pdf-0017	pdf	adaptive	1	15	0	5023	7276	24
nist-pdf-0017	pdf	adaptive	2	15	0	4711	7268	24
nist-pdf-0017	pdf	adaptive	3	15	0	4689	7292	24
nist-pdf-0017	pdf	adaptive	4	15	0	5561	7288	24
nist-pdf-0017	pdf	adaptive	5	15	0	5467	7336	24
nist-pdf-0017	pdf	hist	0	15	0	5176	7256	24
nist-pdf-0017	pdf	hist	1	15	0	4743	7284	24
nist-pdf-0017	pdf	hist	2	15	0	4870	7268	24
nist-pdf-0017	pdf	hist	3	15	0	4842	7216	24
nist-pdf-0017	pdf	hist	4	15	0	5206	7292	24
nist-pdf-0017	pdf	hist	5	15	0	5048	7324	24
nist-docx-0005	docx	vole	0	1	0	1919	4484	24
nist-docx-0005	docx	vole	1	1	0	1919	4484	24
nist-docx-0005	docx	vole	2	1	0	1919	4484	24
nist-docx-0005	docx	vole	3	1	0	1919	4484	24
nist-docx-0005	docx	vole	4	1	0	1919	4484	24
nist-docx-0005	docx	vole	5	1	0	1919	4484	24
nist-docx-0005	docx	full	0	1	0	2327	3356	24
nist-docx-0005	docx	full	1	1	0	2197	3376	24
nist-docx-0005	docx	full	2	1	0	2471	3652	24
nist-docx-0005	docx	full	3	1	0	2455	3640	24
nist-docx-0005	docx	full	4	1	0	2553	3592	24
nist-docx-0005	docx	full	5	1	0	2678	3668	24
nist-docx-0005	docx	adaptive	0	1	0	2160	3216	24
nist-docx-0005	docx	adaptive	1	1	0	2279	3304	24
nist-docx-0005	docx	adaptive	2	1	0	2568	3476	24
nist-docx-0005	docx	adaptive	3	1	0	2742	3464	24
nist-docx-0005	docx	adaptive	4	1	0	2889	3512	24
nist-docx-0005	docx	adaptive	5	1	0	3279	3496	24
nist-docx-0005	docx	hist	0	1	0	2319	3184	24
nist-docx-0005	docx	hist	1	1	0	2215	3200	24
nist-docx-0005	docx	hist	2	1	0	2489	3384	24
nist-docx-0005	docx	hist	3	1	0	2443	3204	24
nist-docx-0005	docx	hist	4	1	0	2749	3324	24
nist-docx-0005	docx	hist	5	1	0	2563	3328	24
nist-docx-0005	docx	full	0	2	0	2277	3356	24
nist-docx-0005	docx	full	1	2	0	2413	3376	24
nist-docx-0005	docx	full	2	2	0	2489	3652	24
nist-docx-0005	docx	full	3	2	0	2623	3640	24
nist-docx-0005	docx	full	4	2	0	2905	3592	24
nist-docx-0005	docx	full	5	2	0	2666	3668	24
nist-docx-0005	docx	adaptive	0	2	0	2198	3216	24
nist-docx-0005	docx	adaptive	1	2	0	2200	3304	24
nist-docx-0005	docx	adaptive	2	2	0	2699	3476	24
nist-docx-0005	docx	adaptive	3	2	0	2915	3464	24
nist-docx-0005	docx	adaptive	4	2	0	2766	3512	24
nist-docx-0005	docx	adaptive	5	2	0	2784	3496	24
nist-docx-0005	docx	hist	0	2	0	2277	3184	24
nist-docx-0005	docx	hist	1	2	0	2206	3200	24
nist-docx-0005	docx	hist	2	2	0	2386	3384	24
nist-docx-0005	docx	hist	3	2	0	2548	3204	24
nist-docx-0005	docx	hist	4	2	0	2557	3324	24
nist-docx-0005	docx	hist	5	2	0	2624	3328	24
nist-docx-0005	docx	vole	0	2	0	1913	4484	24
nist-docx-0005	docx	vole	1	2	0	1913	4484	24
nist-docx-0005	docx	vole	2	2	0	1913	4484	24
nist-docx-0005	docx	vole	3	2	0	1913	4484	24
nist-docx-0005	docx	vole	4	2	0	1913	4484	24
nist-docx-0005	docx	vole	5	2	0	1913	4484	24
nist-docx-0005	docx	vole	0	3	0	1953	4484	24
nist-docx-0005	docx	vole	1	3	0	1953	4484	24
nist-docx-0005	docx	vole	2	3	0	1953	4484	24
nist-docx-0005	docx	vole	3	3	0	1953	4484	24
nist-docx-0005	docx	vole	4	3	0	1953	4484	24
nist-docx-0005	docx	vole	5	3	0	1953	4484	24
nist-docx-0005	docx	full	0	3	0	2373	3356	24
nist-docx-0005	docx	full	1	3	0	2284	3376	24
nist-docx-0005	docx	full	2	3	0	2532	3652	24
nist-docx-0005	docx	full	3	3	0	2477	3640	24
nist-docx-0005	docx	full	4	3	0	2768	3592	24
nist-docx-0005	docx	full	5	3	0	2763	3668	24
nist-docx-0005	docx	adaptive	0	3	0	2214	3216	24
nist-docx-0005	docx	adaptive	1	3	0	2992	3304	24
nist-docx-0005	docx	adaptive	2	3	0	2907	3476	24
nist-docx-0005	docx	adaptive	3	3	0	2690	3464	24
nist-docx-0005	docx	adaptive	4	3	0	2770	3512	24
nist-docx-0005	docx	adaptive	5	3	0	2815	3496	24
nist-docx-0005	docx	hist	0	3	0	2128	3184	24
nist-docx-0005	docx	hist	1	3	0	2343	3200	24
nist-docx-0005	docx	hist	2	3	0	2411	3384	24
nist-docx-0005	docx	hist	3	3	0	2461	3204	24
nist-docx-0005	docx	hist	4	3	0	2604	3324	24
nist-docx-0005	docx	hist	5	3	0	2816	3328	24
nist-docx-0005	docx	full	0	4	0	2213	3356	24
nist-docx-0005	docx	full	1	4	0	2376	3376	24
nist-docx-0005	docx	full	2	4	0	2542	3652	24
nist-docx-0005	docx	full	3	4	0	2653	3640	24
nist-docx-0005	docx	full	4	4	0	2720	3592	24
nist-docx-0005	docx	full	5	4	0	2711	3668	24
nist-docx-0005	docx	adaptive	0	4	0	2241	3216	24
nist-docx-0005	docx	adaptive	1	4	0	2221	3304	24
nist-docx-0005	docx	adaptive	2	4	0	2513	3476	24
nist-docx-0005	docx	adaptive	3	4	0	2664	3464	24
nist-docx-0005	docx	adaptive	4	4	0	2709	3512	24
nist-docx-0005	docx	adaptive	5	4	0	2831	3496	24
nist-docx-0005	docx	hist	0	4	0	2129	3184	24
nist-docx-0005	docx	hist	1	4	0	2206	3200	24
nist-docx-0005	docx	hist	2	4	0	2481	3384	24
nist-docx-0005	docx	hist	3	4	0	2457	3204	24
nist-docx-0005	docx	hist	4	4	0	2721	3324	24
nist-docx-0005	docx	hist	5	4	0	2551	3328	24
nist-docx-0005	docx	vole	0	4	0	1914	4484	24
nist-docx-0005	docx	vole	1	4	0	1914	4484	24
nist-docx-0005	docx	vole	2	4	0	1914	4484	24
nist-docx-0005	docx	vole	3	4	0	1914	4484	24
nist-docx-0005	docx	vole	4	4	0	1914	4484	24
nist-docx-0005	docx	vole	5	4	0	1914	4484	24
nist-docx-0005	docx	vole	0	5	0	1923	4484	24
nist-docx-0005	docx	vole	1	5	0	1923	4484	24
nist-docx-0005	docx	vole	2	5	0	1923	4484	24
nist-docx-0005	docx	vole	3	5	0	1923	4484	24
nist-docx-0005	docx	vole	4	5	0	1923	4484	24
nist-docx-0005	docx	vole	5	5	0	1923	4484	24
nist-docx-0005	docx	full	0	5	0	2199	3356	24
nist-docx-0005	docx	full	1	5	0	2273	3376	24
nist-docx-0005	docx	full	2	5	0	2744	3652	24
nist-docx-0005	docx	full	3	5	0	3037	3640	24
nist-docx-0005	docx	full	4	5	0	2775	3592	24
nist-docx-0005	docx	full	5	5	0	2830	3668	24
nist-docx-0005	docx	adaptive	0	5	0	2148	3216	24
nist-docx-0005	docx	adaptive	1	5	0	2369	3304	24
nist-docx-0005	docx	adaptive	2	5	0	2524	3476	24
nist-docx-0005	docx	adaptive	3	5	0	2557	3464	24
nist-docx-0005	docx	adaptive	4	5	0	2741	3512	24
nist-docx-0005	docx	adaptive	5	5	0	2620	3496	24
nist-docx-0005	docx	hist	0	5	0	2150	3184	24
nist-docx-0005	docx	hist	1	5	0	2218	3200	24
nist-docx-0005	docx	hist	2	5	0	2527	3384	24
nist-docx-0005	docx	hist	3	5	0	2331	3204	24
nist-docx-0005	docx	hist	4	5	0	2514	3324	24
nist-docx-0005	docx	hist	5	5	0	2574	3328	24
nist-docx-0005	docx	full	0	6	0	2105	3356	24
nist-docx-0005	docx	full	1	6	0	2296	3376	24
nist-docx-0005	docx	full	2	6	0	2515	3652	24
nist-docx-0005	docx	full	3	6	0	2487	3640	24
nist-docx-0005	docx	full	4	6	0	2594	3592	24
nist-docx-0005	docx	full	5	6	0	2626	3668	24
nist-docx-0005	docx	adaptive	0	6	0	2061	3216	24
nist-docx-0005	docx	adaptive	1	6	0	2220	3304	24
nist-docx-0005	docx	adaptive	2	6	0	2458	3476	24
nist-docx-0005	docx	adaptive	3	6	0	2474	3464	24
nist-docx-0005	docx	adaptive	4	6	0	2578	3512	24
nist-docx-0005	docx	adaptive	5	6	0	2609	3496	24
nist-docx-0005	docx	hist	0	6	0	2058	3184	24
nist-docx-0005	docx	hist	1	6	0	2045	3200	24
nist-docx-0005	docx	hist	2	6	0	2335	3384	24
nist-docx-0005	docx	hist	3	6	0	2381	3204	24
nist-docx-0005	docx	hist	4	6	0	2560	3324	24
nist-docx-0005	docx	hist	5	6	0	3614	3328	24
nist-docx-0005	docx	vole	0	6	0	2619	4484	24
nist-docx-0005	docx	vole	1	6	0	2619	4484	24
nist-docx-0005	docx	vole	2	6	0	2619	4484	24
nist-docx-0005	docx	vole	3	6	0	2619	4484	24
nist-docx-0005	docx	vole	4	6	0	2619	4484	24
nist-docx-0005	docx	vole	5	6	0	2619	4484	24
nist-docx-0005	docx	vole	0	7	0	1982	4484	24
nist-docx-0005	docx	vole	1	7	0	1982	4484	24
nist-docx-0005	docx	vole	2	7	0	1982	4484	24
nist-docx-0005	docx	vole	3	7	0	1982	4484	24
nist-docx-0005	docx	vole	4	7	0	1982	4484	24
nist-docx-0005	docx	vole	5	7	0	1982	4484	24
nist-docx-0005	docx	full	0	7	0	2357	3356	24
nist-docx-0005	docx	full	1	7	0	2299	3376	24
nist-docx-0005	docx	full	2	7	0	2486	3652	24
nist-docx-0005	docx	full	3	7	0	2548	3640	24
nist-docx-0005	docx	full	4	7	0	2612	3592	24
nist-docx-0005	docx	full	5	7	0	2567	3668	24
nist-docx-0005	docx	adaptive	0	7	0	2059	3216	24
nist-docx-0005	docx	adaptive	1	7	0	2163	3304	24
nist-docx-0005	docx	adaptive	2	7	0	2456	3476	24
nist-docx-0005	docx	adaptive	3	7	0	2446	3464	24
nist-docx-0005	docx	adaptive	4	7	0	2638	3512	24
nist-docx-0005	docx	adaptive	5	7	0	2561	3496	24
nist-docx-0005	docx	hist	0	7	0	2004	3184	24
nist-docx-0005	docx	hist	1	7	0	2154	3200	24
nist-docx-0005	docx	hist	2	7	0	2369	3384	24
nist-docx-0005	docx	hist	3	7	0	2345	3204	24
nist-docx-0005	docx	hist	4	7	0	2454	3324	24
nist-docx-0005	docx	hist	5	7	0	2433	3328	24
nist-docx-0005	docx	full	0	8	0	1986	3356	24
nist-docx-0005	docx	full	1	8	0	2126	3376	24
nist-docx-0005	docx	full	2	8	0	2376	3652	24
nist-docx-0005	docx	full	3	8	0	2457	3640	24
nist-docx-0005	docx	full	4	8	0	2584	3592	24
nist-docx-0005	docx	full	5	8	0	2652	3668	24
nist-docx-0005	docx	adaptive	0	8	0	1977	3216	24
nist-docx-0005	docx	adaptive	1	8	0	2112	3304	24
nist-docx-0005	docx	adaptive	2	8	0	2425	3476	24
nist-docx-0005	docx	adaptive	3	8	0	2442	3464	24
nist-docx-0005	docx	adaptive	4	8	0	2819	3512	24
nist-docx-0005	docx	adaptive	5	8	0	2649	3496	24
nist-docx-0005	docx	hist	0	8	0	2024	3184	24
nist-docx-0005	docx	hist	1	8	0	2615	3200	24
nist-docx-0005	docx	hist	2	8	0	2435	3384	24
nist-docx-0005	docx	hist	3	8	0	2530	3204	24
nist-docx-0005	docx	hist	4	8	0	2682	3324	24
nist-docx-0005	docx	hist	5	8	0	2521	3328	24
nist-docx-0005	docx	vole	0	8	0	1976	4484	24
nist-docx-0005	docx	vole	1	8	0	1976	4484	24
nist-docx-0005	docx	vole	2	8	0	1976	4484	24
nist-docx-0005	docx	vole	3	8	0	1976	4484	24
nist-docx-0005	docx	vole	4	8	0	1976	4484	24
nist-docx-0005	docx	vole	5	8	0	1976	4484	24
nist-docx-0005	docx	vole	0	9	0	1908	4484	24
nist-docx-0005	docx	vole	1	9	0	1908	4484	24
nist-docx-0005	docx	vole	2	9	0	1908	4484	24
nist-docx-0005	docx	vole	3	9	0	1908	4484	24
nist-docx-0005	docx	vole	4	9	0	1908	4484	24
nist-docx-0005	docx	vole	5	9	0	1908	4484	24
nist-docx-0005	docx	full	0	9	0	2231	3356	24
nist-docx-0005	docx	full	1	9	0	2188	3376	24
nist-docx-0005	docx	full	2	9	0	2432	3652	24
nist-docx-0005	docx	full	3	9	0	2482	3640	24
nist-docx-0005	docx	full	4	9	0	2616	3592	24
nist-docx-0005	docx	full	5	9	0	2767	3668	24
nist-docx-0005	docx	adaptive	0	9	0	2060	3216	24
nist-docx-0005	docx	adaptive	1	9	0	2139	3304	24
nist-docx-0005	docx	adaptive	2	9	0	2479	3476	24
nist-docx-0005	docx	adaptive	3	9	0	2383	3464	24
nist-docx-0005	docx	adaptive	4	9	0	2523	3512	24
nist-docx-0005	docx	adaptive	5	9	0	2576	3496	24
nist-docx-0005	docx	hist	0	9	0	2017	3184	24
nist-docx-0005	docx	hist	1	9	0	2121	3200	24
nist-docx-0005	docx	hist	2	9	0	2293	3384	24
nist-docx-0005	docx	hist	3	9	0	2322	3204	24
nist-docx-0005	docx	hist	4	9	0	2465	3324	24
nist-docx-0005	docx	hist	5	9	0	2522	3328	24
nist-docx-0005	docx	full	0	10	0	2084	3356	24
nist-docx-0005	docx	full	1	10	0	2269	3376	24
nist-docx-0005	docx	full	2	10	0	2560	3652	24
nist-docx-0005	docx	full	3	10	0	2369	3640	24
nist-docx-0005	docx	full	4	10	0	2739	3592	24
nist-docx-0005	docx	full	5	10	0	2847	3668	24
nist-docx-0005	docx	adaptive	0	10	0	2181	3216	24
nist-docx-0005	docx	adaptive	1	10	0	2573	3304	24
nist-docx-0005	docx	adaptive	2	10	0	2725	3476	24
nist-docx-0005	docx	adaptive	3	10	0	2524	3464	24
nist-docx-0005	docx	adaptive	4	10	0	2781	3512	24
nist-docx-0005	docx	adaptive	5	10	0	2803	3496	24
nist-docx-0005	docx	hist	0	10	0	2045	3184	24
nist-docx-0005	docx	hist	1	10	0	2217	3200	24
nist-docx-0005	docx	hist	2	10	0	2398	3384	24
nist-docx-0005	docx	hist	3	10	0	2405	3204	24
nist-docx-0005	docx	hist	4	10	0	2557	3324	24
nist-docx-0005	docx	hist	5	10	0	2466	3328	24
nist-docx-0005	docx	vole	0	10	0	2011	4484	24
nist-docx-0005	docx	vole	1	10	0	2011	4484	24
nist-docx-0005	docx	vole	2	10	0	2011	4484	24
nist-docx-0005	docx	vole	3	10	0	2011	4484	24
nist-docx-0005	docx	vole	4	10	0	2011	4484	24
nist-docx-0005	docx	vole	5	10	0	2011	4484	24
nist-docx-0005	docx	vole	0	11	0	1875	4484	24
nist-docx-0005	docx	vole	1	11	0	1875	4484	24
nist-docx-0005	docx	vole	2	11	0	1875	4484	24
nist-docx-0005	docx	vole	3	11	0	1875	4484	24
nist-docx-0005	docx	vole	4	11	0	1875	4484	24
nist-docx-0005	docx	vole	5	11	0	1875	4484	24
nist-docx-0005	docx	full	0	11	0	2164	3356	24
nist-docx-0005	docx	full	1	11	0	2211	3376	24
nist-docx-0005	docx	full	2	11	0	2440	3652	24
nist-docx-0005	docx	full	3	11	0	2527	3640	24
nist-docx-0005	docx	full	4	11	0	2662	3592	24
nist-docx-0005	docx	full	5	11	0	2582	3668	24
nist-docx-0005	docx	adaptive	0	11	0	2080	3216	24
nist-docx-0005	docx	adaptive	1	11	0	2165	3304	24
nist-docx-0005	docx	adaptive	2	11	0	2371	3476	24
nist-docx-0005	docx	adaptive	3	11	0	2404	3464	24
nist-docx-0005	docx	adaptive	4	11	0	2640	3512	24
nist-docx-0005	docx	adaptive	5	11	0	2642	3496	24
nist-docx-0005	docx	hist	0	11	0	2127	3184	24
nist-docx-0005	docx	hist	1	11	0	2162	3200	24
nist-docx-0005	docx	hist	2	11	0	2543	3384	24
nist-docx-0005	docx	hist	3	11	0	2367	3204	24
nist-docx-0005	docx	hist	4	11	0	2492	3324	24
nist-docx-0005	docx	hist	5	11	0	2680	3328	24
nist-docx-0005	docx	full	0	12	0	2205	3356	24
nist-docx-0005	docx	full	1	12	0	2237	3376	24
nist-docx-0005	docx	full	2	12	0	2928	3652	24
nist-docx-0005	docx	full	3	12	0	2801	3640	24
nist-docx-0005	docx	full	4	12	0	2874	3592	24
nist-docx-0005	docx	full	5	12	0	2675	3668	24
nist-docx-0005	docx	adaptive	0	12	0	2149	3216	24
nist-docx-0005	docx	adaptive	1	12	0	2160	3304	24
nist-docx-0005	docx	adaptive	2	12	0	2500	3476	24
nist-docx-0005	docx	adaptive	3	12	0	2417	3464	24
nist-docx-0005	docx	adaptive	4	12	0	2591	3512	24
nist-docx-0005	docx	adaptive	5	12	0	2617	3496	24
nist-docx-0005	docx	hist	0	12	0	2030	3184	24
nist-docx-0005	docx	hist	1	12	0	2321	3200	24
nist-docx-0005	docx	hist	2	12	0	2315	3384	24
nist-docx-0005	docx	hist	3	12	0	2345	3204	24
nist-docx-0005	docx	hist	4	12	0	2704	3324	24
nist-docx-0005	docx	hist	5	12	0	2483	3328	24
nist-docx-0005	docx	vole	0	12	0	1864	4484	24
nist-docx-0005	docx	vole	1	12	0	1864	4484	24
nist-docx-0005	docx	vole	2	12	0	1864	4484	24
nist-docx-0005	docx	vole	3	12	0	1864	4484	24
nist-docx-0005	docx	vole	4	12	0	1864	4484	24
nist-docx-0005	docx	vole	5	12	0	1864	4484	24
nist-docx-0005	docx	vole	0	13	0	1910	4484	24
nist-docx-0005	docx	vole	1	13	0	1910	4484	24
nist-docx-0005	docx	vole	2	13	0	1910	4484	24
nist-docx-0005	docx	vole	3	13	0	1910	4484	24
nist-docx-0005	docx	vole	4	13	0	1910	4484	24
nist-docx-0005	docx	vole	5	13	0	1910	4484	24
nist-docx-0005	docx	full	0	13	0	2168	3356	24
nist-docx-0005	docx	full	1	13	0	2177	3376	24
nist-docx-0005	docx	full	2	13	0	2402	3652	24
nist-docx-0005	docx	full	3	13	0	2427	3640	24
nist-docx-0005	docx	full	4	13	0	2572	3592	24
nist-docx-0005	docx	full	5	13	0	2552	3668	24
nist-docx-0005	docx	adaptive	0	13	0	2085	3216	24
nist-docx-0005	docx	adaptive	1	13	0	2148	3304	24
nist-docx-0005	docx	adaptive	2	13	0	2323	3476	24
nist-docx-0005	docx	adaptive	3	13	0	2469	3464	24
nist-docx-0005	docx	adaptive	4	13	0	2573	3512	24
nist-docx-0005	docx	adaptive	5	13	0	2623	3496	24
nist-docx-0005	docx	hist	0	13	0	2088	3184	24
nist-docx-0005	docx	hist	1	13	0	2059	3200	24
nist-docx-0005	docx	hist	2	13	0	2482	3384	24
nist-docx-0005	docx	hist	3	13	0	2796	3204	24
nist-docx-0005	docx	hist	4	13	0	2835	3324	24
nist-docx-0005	docx	hist	5	13	0	2769	3328	24
nist-docx-0005	docx	full	0	14	0	2176	3356	24
nist-docx-0005	docx	full	1	14	0	2243	3376	24
nist-docx-0005	docx	full	2	14	0	2561	3652	24
nist-docx-0005	docx	full	3	14	0	2588	3640	24
nist-docx-0005	docx	full	4	14	0	2672	3592	24
nist-docx-0005	docx	full	5	14	0	2667	3668	24
nist-docx-0005	docx	adaptive	0	14	0	2171	3216	24
nist-docx-0005	docx	adaptive	1	14	0	2169	3304	24
nist-docx-0005	docx	adaptive	2	14	0	2373	3476	24
nist-docx-0005	docx	adaptive	3	14	0	2476	3464	24
nist-docx-0005	docx	adaptive	4	14	0	2673	3512	24
nist-docx-0005	docx	adaptive	5	14	0	2597	3496	24
nist-docx-0005	docx	hist	0	14	0	2018	3184	24
nist-docx-0005	docx	hist	1	14	0	2139	3200	24
nist-docx-0005	docx	hist	2	14	0	2358	3384	24
nist-docx-0005	docx	hist	3	14	0	2319	3204	24
nist-docx-0005	docx	hist	4	14	0	2529	3324	24
nist-docx-0005	docx	hist	5	14	0	2489	3328	24
nist-docx-0005	docx	vole	0	14	0	1952	4484	24
nist-docx-0005	docx	vole	1	14	0	1952	4484	24
nist-docx-0005	docx	vole	2	14	0	1952	4484	24
nist-docx-0005	docx	vole	3	14	0	1952	4484	24
nist-docx-0005	docx	vole	4	14	0	1952	4484	24
nist-docx-0005	docx	vole	5	14	0	1952	4484	24
nist-docx-0005	docx	vole	0	15	0	1872	4484	24
nist-docx-0005	docx	vole	1	15	0	1872	4484	24
nist-docx-0005	docx	vole	2	15	0	1872	4484	24
nist-docx-0005	docx	vole	3	15	0	1872	4484	24
nist-docx-0005	docx	vole	4	15	0	1872	4484	24
nist-docx-0005	docx	vole	5	15	0	1872	4484	24
nist-docx-0005	docx	full	0	15	0	2179	3356	24
nist-docx-0005	docx	full	1	15	0	2145	3376	24
nist-docx-0005	docx	full	2	15	0	2439	3652	24
nist-docx-0005	docx	full	3	15	0	2389	3640	24
nist-docx-0005	docx	full	4	15	0	2564	3592	24
nist-docx-0005	docx	full	5	15	0	2647	3668	24
nist-docx-0005	docx	adaptive	0	15	0	2143	3216	24
nist-docx-0005	docx	adaptive	1	15	0	2116	3304	24
nist-docx-0005	docx	adaptive	2	15	0	2549	3476	24
nist-docx-0005	docx	adaptive	3	15	0	2537	3464	24
nist-docx-0005	docx	adaptive	4	15	0	2869	3512	24
nist-docx-0005	docx	adaptive	5	15	0	2942	3496	24
nist-docx-0005	docx	hist	0	15	0	2128	3184	24
nist-docx-0005	docx	hist	1	15	0	2274	3200	24
nist-docx-0005	docx	hist	2	15	0	2546	3384	24
nist-docx-0005	docx	hist	3	15	0	2423	3204	24
nist-docx-0005	docx	hist	4	15	0	2607	3324	24
nist-docx-0005	docx	hist	5	15	0	2501	3328	24
nist-docx-0008	docx	vole	0	1	0	1683	4288	24
nist-docx-0008	docx	vole	1	1	0	1683	4288	24
nist-docx-0008	docx	vole	2	1	0	1683	4288	24
nist-docx-0008	docx	vole	3	1	0	1683	4288	24
nist-docx-0008	docx	vole	4	1	0	1683	4288	24
nist-docx-0008	docx	vole	5	1	0	1683	4288	24
nist-docx-0008	docx	full	0	1	0	2177	3188	24
nist-docx-0008	docx	full	1	1	0	2178	3212	24
nist-docx-0008	docx	full	2	1	0	2323	3412	24
nist-docx-0008	docx	full	3	1	0	2348	3400	24
nist-docx-0008	docx	full	4	1	0	2557	3352	24
nist-docx-0008	docx	full	5	1	0	2507	3468	24
nist-docx-0008	docx	adaptive	0	1	0	1992	3196	24
nist-docx-0008	docx	adaptive	1	1	0	2035	3168	24
nist-docx-0008	docx	adaptive	2	1	0	2367	3368	24
nist-docx-0008	docx	adaptive	3	1	0	2387	3464	24
nist-docx-0008	docx	adaptive	4	1	0	2444	3424	24
nist-docx-0008	docx	adaptive	5	1	0	2533	3440	24
nist-docx-0008	docx	hist	0	1	0	1993	2892	24
nist-docx-0008	docx	hist	1	1	0	2053	2996	24
nist-docx-0008	docx	hist	2	1	0	2272	3068	24
nist-docx-0008	docx	hist	3	1	0	2215	3084	24
nist-docx-0008	docx	hist	4	1	0	2748	3092	24
nist-docx-0008	docx	hist	5	1	0	2621	3080	24
nist-docx-0008	docx	full	0	2	0	2097	3188	24
nist-docx-0008	docx	full	1	2	0	2181	3212	24
nist-docx-0008	docx	full	2	2	0	2524	3412	24
nist-docx-0008	docx	full	3	2	0	2410	3400	24
nist-docx-0008	docx	full	4	2	0	2620	3352	24
nist-docx-0008	docx	full	5	2	0	2486	3468	24
nist-docx-0008	docx	adaptive	0	2	0	2099	3196	24
nist-docx-0008	docx	adaptive	1	2	0	2065	3168	24
nist-docx-0008	docx	adaptive	2	2	0	2350	3368	24
nist-docx-0008	docx	adaptive	3	2	0	2661	3464	24
nist-docx-0008	docx	adaptive	4	2	0	2666	3424	24
nist-docx-0008	docx	adaptive	5	2	0	2450	3440	24
nist-docx-0008	docx	hist	0	2	0	2474	2892	24
nist-docx-0008	docx	hist	1	2	0	1921	2996	24
nist-docx-0008	docx	hist	2	2	0	2085	3068	24
nist-docx-0008	docx	hist	3	2	0	2199	3084	24
nist-docx-0008	docx	hist	4	2	0	2413	3092	24
nist-docx-0008	docx	hist	5	2	0	2469	3080	24
nist-docx-0008	docx	vole	0	2	0	1532	4288	24
nist-docx-0008	docx	vole	1	2	0	1532	4288	24
nist-docx-0008	docx	vole	2	2	0	1532	4288	24
nist-docx-0008	docx	vole	3	2	0	1532	4288	24
nist-docx-0008	docx	vole	4	2	0	1532	4288	24
nist-docx-0008	docx	vole	5	2	0	1532	4288	24
nist-docx-0008	docx	vole	0	3	0	1587	4288	24
nist-docx-0008	docx	vole	1	3	0	1587	4288	24
nist-docx-0008	docx	vole	2	3	0	1587	4288	24
nist-docx-0008	docx	vole	3	3	0	1587	4288	24
nist-docx-0008	docx	vole	4	3	0	1587	4288	24
nist-docx-0008	docx	vole	5	3	0	1587	4288	24
nist-docx-0008	docx	full	0	3	0	1988	3188	24
nist-docx-0008	docx	full	1	3	0	2039	3212	24
nist-docx-0008	docx	full	2	3	0	2307	3412	24
nist-docx-0008	docx	full	3	3	0	2368	3400	24
nist-docx-0008	docx	full	4	3	0	2554	3352	24
nist-docx-0008	docx	full	5	3	0	2702	3468	24
nist-docx-0008	docx	adaptive	0	3	0	2002	3196	24
nist-docx-0008	docx	adaptive	1	3	0	2187	3168	24
nist-docx-0008	docx	adaptive	2	3	0	2465	3368	24
nist-docx-0008	docx	adaptive	3	3	0	2486	3464	24
nist-docx-0008	docx	adaptive	4	3	0	2868	3424	24
nist-docx-0008	docx	adaptive	5	3	0	2558	3440	24
nist-docx-0008	docx	hist	0	3	0	1925	2892	24
nist-docx-0008	docx	hist	1	3	0	1963	2996	24
nist-docx-0008	docx	hist	2	3	0	2188	3068	24
nist-docx-0008	docx	hist	3	3	0	2297	3084	24
nist-docx-0008	docx	hist	4	3	0	2481	3092	24
nist-docx-0008	docx	hist	5	3	0	2516	3080	24
nist-docx-0008	docx	full	0	4	0	1940	3188	24
nist-docx-0008	docx	full	1	4	0	2058	3212	24
nist-docx-0008	docx	full	2	4	0	2632	3412	24
nist-docx-0008	docx	full	3	4	0	2409	3400	24
nist-docx-0008	docx	full	4	4	0	2780	3352	24
nist-docx-0008	docx	full	5	4	0	2507	3468	24
nist-docx-0008	docx	adaptive	0	4	0	1946	3196	24
nist-docx-0008	docx	adaptive	1	4	0	2065	3168	24
nist-docx-0008	docx	adaptive	2	4	0	2302	3368	24
nist-docx-0008	docx	adaptive	3	4	0	2348	3464	24
nist-docx-0008	docx	adaptive	4	4	0	2508	3424	24
nist-docx-0008	docx	adaptive	5	4	0	2598	3440	24
nist-docx-0008	docx	hist	0	4	0	1941	2892	24
nist-docx-0008	docx	hist	1	4	0	2061	2996	24
nist-docx-0008	docx	hist	2	4	0	2161	3068	24
nist-docx-0008	docx	hist	3	4	0	2179	3084	24
nist-docx-0008	docx	hist	4	4	0	2285	3092	24
nist-docx-0008	docx	hist	5	4	0	2263	3080	24
nist-docx-0008	docx	vole	0	4	0	1475	4288	24
nist-docx-0008	docx	vole	1	4	0	1475	4288	24
nist-docx-0008	docx	vole	2	4	0	1475	4288	24
nist-docx-0008	docx	vole	3	4	0	1475	4288	24
nist-docx-0008	docx	vole	4	4	0	1475	4288	24
nist-docx-0008	docx	vole	5	4	0	1475	4288	24
nist-docx-0008	docx	vole	0	5	0	1464	4288	24
nist-docx-0008	docx	vole	1	5	0	1464	4288	24
nist-docx-0008	docx	vole	2	5	0	1464	4288	24
nist-docx-0008	docx	vole	3	5	0	1464	4288	24
nist-docx-0008	docx	vole	4	5	0	1464	4288	24
nist-docx-0008	docx	vole	5	5	0	1464	4288	24
nist-docx-0008	docx	full	0	5	0	2035	3188	24
nist-docx-0008	docx	full	1	5	0	2061	3212	24
nist-docx-0008	docx	full	2	5	0	2449	3412	24
nist-docx-0008	docx	full	3	5	0	2356	3400	24
nist-docx-0008	docx	full	4	5	0	2543	3352	24
nist-docx-0008	docx	full	5	5	0	2463	3468	24
nist-docx-0008	docx	adaptive	0	5	0	2333	3196	24
nist-docx-0008	docx	adaptive	1	5	0	2185	3168	24
nist-docx-0008	docx	adaptive	2	5	0	2421	3368	24
nist-docx-0008	docx	adaptive	3	5	0	2385	3464	24
nist-docx-0008	docx	adaptive	4	5	0	2535	3424	24
nist-docx-0008	docx	adaptive	5	5	0	2864	3440	24
nist-docx-0008	docx	hist	0	5	0	2015	2892	24
nist-docx-0008	docx	hist	1	5	0	1985	2996	24
nist-docx-0008	docx	hist	2	5	0	2126	3068	24
nist-docx-0008	docx	hist	3	5	0	2460	3084	24
nist-docx-0008	docx	hist	4	5	0	2380	3092	24
nist-docx-0008	docx	hist	5	5	0	2405	3080	24
nist-docx-0008	docx	full	0	6	0	1926	3188	24
nist-docx-0008	docx	full	1	6	0	2079	3212	24
nist-docx-0008	docx	full	2	6	0	2279	3412	24
nist-docx-0008	docx	full	3	6	0	2443	3400	24
nist-docx-0008	docx	full	4	6	0	2484	3352	24
nist-docx-0008	docx	full	5	6	0	2548	3468	24
nist-docx-0008	docx	adaptive	0	6	0	1995	3196	24
nist-docx-0008	docx	adaptive	1	6	0	2073	3168	24
nist-docx-0008	docx	adaptive	2	6	0	2314	3368	24
nist-docx-0008	docx	adaptive	3	6	0	2405	3464	24
nist-docx-0008	docx	adaptive	4	6	0	2681	3424	24
nist-docx-0008	docx	adaptive	5	6	0	2610	3440	24
nist-docx-0008	docx	hist	0	6	0	2017	2892	24
nist-docx-0008	docx	hist	1	6	0	1949	2996	24
nist-docx-0008	docx	hist	2	6	0	2110	3068	24
nist-docx-0008	docx	hist	3	6	0	2081	3084	24
nist-docx-0008	docx	hist	4	6	0	2301	3092	24
nist-docx-0008	docx	hist	5	6	0	2383	3080	24
nist-docx-0008	docx	vole	0	6	0	1538	4288	24
nist-docx-0008	docx	vole	1	6	0	1538	4288	24
nist-docx-0008	docx	vole	2	6	0	1538	4288	24
nist-docx-0008	docx	vole	3	6	0	1538	4288	24
nist-docx-0008	docx	vole	4	6	0	1538	4288	24
nist-docx-0008	docx	vole	5	6	0	1538	4288	24
nist-docx-0008	docx	vole	0	7	0	1481	4288	24
nist-docx-0008	docx	vole	1	7	0	1481	4288	24
nist-docx-0008	docx	vole	2	7	0	1481	4288	24
nist-docx-0008	docx	vole	3	7	0	1481	4288	24
nist-docx-0008	docx	vole	4	7	0	1481	4288	24
nist-docx-0008	docx	vole	5	7	0	1481	4288	24
nist-docx-0008	docx	full	0	7	0	2129	3188	24
nist-docx-0008	docx	full	1	7	0	2147	3212	24
nist-docx-0008	docx	full	2	7	0	2498	3412	24
nist-docx-0008	docx	full	3	7	0	2356	3400	24
nist-docx-0008	docx	full	4	7	0	2668	3352	24
nist-docx-0008	docx	full	5	7	0	3301	3468	24
nist-docx-0008	docx	adaptive	0	7	0	2098	3196	24
nist-docx-0008	docx	adaptive	1	7	0	2282	3168	24
nist-docx-0008	docx	adaptive	2	7	0	2462	3368	24
nist-docx-0008	docx	adaptive	3	7	0	2417	3464	24
nist-docx-0008	docx	adaptive	4	7	0	2663	3424	24
nist-docx-0008	docx	adaptive	5	7	0	2651	3440	24
nist-docx-0008	docx	hist	0	7	0	2022	2892	24
nist-docx-0008	docx	hist	1	7	0	2086	2996	24
nist-docx-0008	docx	hist	2	7	0	2174	3068	24
nist-docx-0008	docx	hist	3	7	0	2167	3084	24
nist-docx-0008	docx	hist	4	7	0	2399	3092	24
nist-docx-0008	docx	hist	5	7	0	2425	3080	24
nist-docx-0008	docx	full	0	8	0	2107	3188	24
nist-docx-0008	docx	full	1	8	0	2146	3212	24
nist-docx-0008	docx	full	2	8	0	2457	3412	24
nist-docx-0008	docx	full	3	8	0	2520	3400	24
nist-docx-0008	docx	full	4	8	0	2601	3352	24
nist-docx-0008	docx	full	5	8	0	2678	3468	24
nist-docx-0008	docx	adaptive	0	8	0	2003	3196	24
nist-docx-0008	docx	adaptive	1	8	0	2255	3168	24
nist-docx-0008	docx	adaptive	2	8	0	2467	3368	24
nist-docx-0008	docx	adaptive	3	8	0	2437	3464	24
nist-docx-0008	docx	adaptive	4	8	0	2578	3424	24
nist-docx-0008	docx	adaptive	5	8	0	2623	3440	24
nist-docx-0008	docx	hist	0	8	0	1958	2892	24
nist-docx-0008	docx	hist	1	8	0	1980	2996	24
nist-docx-0008	docx	hist	2	8	0	2193	3068	24
nist-docx-0008	docx	hist	3	8	0	2163	3084	24
nist-docx-0008	docx	hist	4	8	0	2434	3092	24
nist-docx-0008	docx	hist	5	8	0	2403	3080	24
nist-docx-0008	docx	vole	0	8	0	1517	4288	24
nist-docx-0008	docx	vole	1	8	0	1517	4288	24
nist-docx-0008	docx	vole	2	8	0	1517	4288	24
nist-docx-0008	docx	vole	3	8	0	1517	4288	24
nist-docx-0008	docx	vole	4	8	0	1517	4288	24
nist-docx-0008	docx	vole	5	8	0	1517	4288	24
nist-docx-0008	docx	vole	0	9	0	1589	4288	24
nist-docx-0008	docx	vole	1	9	0	1589	4288	24
nist-docx-0008	docx	vole	2	9	0	1589	4288	24
nist-docx-0008	docx	vole	3	9	0	1589	4288	24
nist-docx-0008	docx	vole	4	9	0	1589	4288	24
nist-docx-0008	docx	vole	5	9	0	1589	4288	24
nist-docx-0008	docx	full	0	9	0	2303	3188	24
nist-docx-0008	docx	full	1	9	0	2162	3212	24
nist-docx-0008	docx	full	2	9	0	2418	3412	24
nist-docx-0008	docx	full	3	9	0	2377	3400	24
nist-docx-0008	docx	full	4	9	0	2552	3352	24
nist-docx-0008	docx	full	5	9	0	3259	3468	24
nist-docx-0008	docx	adaptive	0	9	0	2365	3196	24
nist-docx-0008	docx	adaptive	1	9	0	2361	3168	24
nist-docx-0008	docx	adaptive	2	9	0	2523	3368	24
nist-docx-0008	docx	adaptive	3	9	0	2558	3464	24
nist-docx-0008	docx	adaptive	4	9	0	2586	3424	24
nist-docx-0008	docx	adaptive	5	9	0	2554	3440	24
nist-docx-0008	docx	hist	0	9	0	2214	2892	24
nist-docx-0008	docx	hist	1	9	0	2002	2996	24
nist-docx-0008	docx	hist	2	9	0	2278	3068	24
nist-docx-0008	docx	hist	3	9	0	2217	3084	24
nist-docx-0008	docx	hist	4	9	0	2374	3092	24
nist-docx-0008	docx	hist	5	9	0	2563	3080	24
nist-docx-0008	docx	full	0	10	0	2040	3188	24
nist-docx-0008	docx	full	1	10	0	2116	3212	24
nist-docx-0008	docx	full	2	10	0	2409	3412	24
nist-docx-0008	docx	full	3	10	0	2389	3400	24
nist-docx-0008	docx	full	4	10	0	2714	3352	24
nist-docx-0008	docx	full	5	10	0	2601	3468	24
nist-docx-0008	docx	adaptive	0	10	0	2059	3196	24
nist-docx-0008	docx	adaptive	1	10	0	2092	3168	24
nist-docx-0008	docx	adaptive	2	10	0	2361	3368	24
nist-docx-0008	docx	adaptive	3	10	0	2393	3464	24
nist-docx-0008	docx	adaptive	4	10	0	2740	3424	24
nist-docx-0008	docx	adaptive	5	10	0	2698	3440	24
nist-docx-0008	docx	hist	0	10	0	1997	2892	24
nist-docx-0008	docx	hist	1	10	0	2063	2996	24
nist-docx-0008	docx	hist	2	10	0	3307	3068	24
nist-docx-0008	docx	hist	3	10	0	2277	3084	24
nist-docx-0008	docx	hist	4	10	0	2353	3092	24
nist-docx-0008	docx	hist	5	10	0	2349	3080	24
nist-docx-0008	docx	vole	0	10	0	1582	4288	24
nist-docx-0008	docx	vole	1	10	0	1582	4288	24
nist-docx-0008	docx	vole	2	10	0	1582	4288	24
nist-docx-0008	docx	vole	3	10	0	1582	4288	24
nist-docx-0008	docx	vole	4	10	0	1582	4288	24
nist-docx-0008	docx	vole	5	10	0	1582	4288	24
nist-docx-0008	docx	vole	0	11	0	1786	4288	24
nist-docx-0008	docx	vole	1	11	0	1786	4288	24
nist-docx-0008	docx	vole	2	11	0	1786	4288	24
nist-docx-0008	docx	vole	3	11	0	1786	4288	24
nist-docx-0008	docx	vole	4	11	0	1786	4288	24
nist-docx-0008	docx	vole	5	11	0	1786	4288	24
nist-docx-0008	docx	full	0	11	0	2415	3188	24
nist-docx-0008	docx	full	1	11	0	2263	3212	24
nist-docx-0008	docx	full	2	11	0	2524	3412	24
nist-docx-0008	docx	full	3	11	0	3312	3400	24
nist-docx-0008	docx	full	4	11	0	2756	3352	24
nist-docx-0008	docx	full	5	11	0	2733	3468	24
nist-docx-0008	docx	adaptive	0	11	0	2054	3196	24
nist-docx-0008	docx	adaptive	1	11	0	2192	3168	24
nist-docx-0008	docx	adaptive	2	11	0	2421	3368	24
nist-docx-0008	docx	adaptive	3	11	0	2599	3464	24
nist-docx-0008	docx	adaptive	4	11	0	2748	3424	24
nist-docx-0008	docx	adaptive	5	11	0	3249	3440	24
nist-docx-0008	docx	hist	0	11	0	1952	2892	24
nist-docx-0008	docx	hist	1	11	0	2122	2996	24
nist-docx-0008	docx	hist	2	11	0	2355	3068	24
nist-docx-0008	docx	hist	3	11	0	2197	3084	24
nist-docx-0008	docx	hist	4	11	0	2475	3092	24
nist-docx-0008	docx	hist	5	11	0	2457	3080	24
nist-docx-0008	docx	full	0	12	0	2093	3188	24
nist-docx-0008	docx	full	1	12	0	2105	3212	24
nist-docx-0008	docx	full	2	12	0	2447	3412	24
nist-docx-0008	docx	full	3	12	0	2375	3400	24
nist-docx-0008	docx	full	4	12	0	2647	3352	24
nist-docx-0008	docx	full	5	12	0	2612	3468	24
nist-docx-0008	docx	adaptive	0	12	0	2028	3196	24
nist-docx-0008	docx	adaptive	1	12	0	2236	3168	24
nist-docx-0008	docx	adaptive	2	12	0	2533	3368	24
nist-docx-0008	docx	adaptive	3	12	0	2380	3464	24
nist-docx-0008	docx	adaptive	4	12	0	2666	3424	24
nist-docx-0008	docx	adaptive	5	12	0	2619	3440	24
nist-docx-0008	docx	hist	0	12	0	2008	2892	24
nist-docx-0008	docx	hist	1	12	0	2021	2996	24
nist-docx-0008	docx	hist	2	12	0	2308	3068	24
nist-docx-0008	docx	hist	3	12	0	2246	3084	24
nist-docx-0008	docx	hist	4	12	0	2525	3092	24
nist-docx-0008	docx	hist	5	12	0	2479	3080	24
nist-docx-0008	docx	vole	0	12	0	1992	4288	24
nist-docx-0008	docx	vole	1	12	0	1992	4288	24
nist-docx-0008	docx	vole	2	12	0	1992	4288	24
nist-docx-0008	docx	vole	3	12	0	1992	4288	24
nist-docx-0008	docx	vole	4	12	0	1992	4288	24
nist-docx-0008	docx	vole	5	12	0	1992	4288	24
nist-docx-0008	docx	vole	0	13	0	1769	4288	24
nist-docx-0008	docx	vole	1	13	0	1769	4288	24
nist-docx-0008	docx	vole	2	13	0	1769	4288	24
nist-docx-0008	docx	vole	3	13	0	1769	4288	24
nist-docx-0008	docx	vole	4	13	0	1769	4288	24
nist-docx-0008	docx	vole	5	13	0	1769	4288	24
nist-docx-0008	docx	full	0	13	0	2475	3188	24
nist-docx-0008	docx	full	1	13	0	2258	3212	24
nist-docx-0008	docx	full	2	13	0	2431	3412	24
nist-docx-0008	docx	full	3	13	0	2410	3400	24
nist-docx-0008	docx	full	4	13	0	2727	3352	24
nist-docx-0008	docx	full	5	13	0	2735	3468	24
nist-docx-0008	docx	adaptive	0	13	0	2153	3196	24
nist-docx-0008	docx	adaptive	1	13	0	2148	3168	24
nist-docx-0008	docx	adaptive	2	13	0	2475	3368	24
nist-docx-0008	docx	adaptive	3	13	0	2454	3464	24
nist-docx-0008	docx	adaptive	4	13	0	2541	3424	24
nist-docx-0008	docx	adaptive	5	13	0	2563	3440	24
nist-docx-0008	docx	hist	0	13	0	1994	2892	24
nist-docx-0008	docx	hist	1	13	0	2010	2996	24
nist-docx-0008	docx	hist	2	13	0	2181	3068	24
nist-docx-0008	docx	hist	3	13	0	2113	3084	24
nist-docx-0008	docx	hist	4	13	0	2366	3092	24
nist-docx-0008	docx	hist	5	13	0	2401	3080	24
nist-docx-0008	docx	full	0	14	0	2028	3188	24
nist-docx-0008	docx	full	1	14	0	2193	3212	24
nist-docx-0008	docx	full	2	14	0	3188	3412	24
nist-docx-0008	docx	full	3	14	0	2450	3400	24
nist-docx-0008	docx	full	4	14	0	2614	3352	24
nist-docx-0008	docx	full	5	14	0	2525	3468	24
nist-docx-0008	docx	adaptive	0	14	0	1977	3196	24
nist-docx-0008	docx	adaptive	1	14	0	2147	3168	24
nist-docx-0008	docx	adaptive	2	14	0	2311	3368	24
nist-docx-0008	docx	adaptive	3	14	0	2306	3464	24
nist-docx-0008	docx	adaptive	4	14	0	2609	3424	24
nist-docx-0008	docx	adaptive	5	14	0	2627	3440	24
nist-docx-0008	docx	hist	0	14	0	1907	2892	24
nist-docx-0008	docx	hist	1	14	0	2026	2996	24
nist-docx-0008	docx	hist	2	14	0	2126	3068	24
nist-docx-0008	docx	hist	3	14	0	2167	3084	24
nist-docx-0008	docx	hist	4	14	0	2427	3092	24
nist-docx-0008	docx	hist	5	14	0	2327	3080	24
nist-docx-0008	docx	vole	0	14	0	1497	4288	24
nist-docx-0008	docx	vole	1	14	0	1497	4288	24
nist-docx-0008	docx	vole	2	14	0	1497	4288	24
nist-docx-0008	docx	vole	3	14	0	1497	4288	24
nist-docx-0008	docx	vole	4	14	0	1497	4288	24
nist-docx-0008	docx	vole	5	14	0	1497	4288	24
nist-docx-0008	docx	vole	0	15	0	1616	4288	24
nist-docx-0008	docx	vole	1	15	0	1616	4288	24
nist-docx-0008	docx	vole	2	15	0	1616	4288	24
nist-docx-0008	docx	vole	3	15	0	1616	4288	24
nist-docx-0008	docx	vole	4	15	0	1616	4288	24
nist-docx-0008	docx	vole	5	15	0	1616	4288	24
nist-docx-0008	docx	full	0	15	0	2257	3188	24
nist-docx-0008	docx	full	1	15	0	2202	3212	24
nist-docx-0008	docx	full	2	15	0	2472	3412	24
nist-docx-0008	docx	full	3	15	0	2441	3400	24
nist-docx-0008	docx	full	4	15	0	2537	3352	24
nist-docx-0008	docx	full	5	15	0	2658	3468	24
nist-docx-0008	docx	adaptive	0	15	0	2217	3196	24
nist-docx-0008	docx	adaptive	1	15	0	2086	3168	24
nist-docx-0008	docx	adaptive	2	15	0	2547	3368	24
nist-docx-0008	docx	adaptive	3	15	0	2448	3464	24
nist-docx-0008	docx	adaptive	4	15	0	2570	3424	24
nist-docx-0008	docx	adaptive	5	15	0	2559	3440	24
nist-docx-0008	docx	hist	0	15	0	1967	2892	24
nist-docx-0008	docx	hist	1	15	0	2102	2996	24
nist-docx-0008	docx	hist	2	15	0	2213	3068	24
nist-docx-0008	docx	hist	3	15	0	2334	3084	24
nist-docx-0008	docx	hist	4	15	0	2510	3092	24
nist-docx-0008	docx	hist	5	15	0	3071	3080	24
nist-docx-0009	docx	vole	0	1	0	2585	7428	24
nist-docx-0009	docx	vole	1	1	0	2585	7428	24
nist-docx-0009	docx	vole	2	1	0	2585	7428	24
nist-docx-0009	docx	vole	3	1	0	2585	7428	24
nist-docx-0009	docx	vole	4	1	0	2585	7428	24
nist-docx-0009	docx	vole	5	1	0	2585	7428	24
nist-docx-0009	docx	full	0	1	0	2472	3636	24
nist-docx-0009	docx	full	1	1	0	2374	3628	24
nist-docx-0009	docx	full	2	1	0	2590	3660	24
nist-docx-0009	docx	full	3	1	0	2737	3736	24
nist-docx-0009	docx	full	4	1	0	2887	3648	24
nist-docx-0009	docx	full	5	1	0	2995	3696	24
nist-docx-0009	docx	adaptive	0	1	0	3157	3680	24
nist-docx-0009	docx	adaptive	1	1	0	2715	3708	24
nist-docx-0009	docx	adaptive	2	1	0	2931	3720	24
nist-docx-0009	docx	adaptive	3	1	0	2746	3700	24
nist-docx-0009	docx	adaptive	4	1	0	2900	3756	24
nist-docx-0009	docx	adaptive	5	1	0	2927	3676	24
nist-docx-0009	docx	hist	0	1	0	2399	3416	24
nist-docx-0009	docx	hist	1	1	0	2752	3484	24
nist-docx-0009	docx	hist	2	1	0	2592	3524	24
nist-docx-0009	docx	hist	3	1	0	2500	3452	24
nist-docx-0009	docx	hist	4	1	0	2949	3484	24
nist-docx-0009	docx	hist	5	1	0	3327	3392	24
nist-docx-0009	docx	full	0	2	0	2581	3636	24
nist-docx-0009	docx	full	1	2	0	2431	3628	24
nist-docx-0009	docx	full	2	2	0	2626	3660	24
nist-docx-0009	docx	full	3	2	0	2660	3736	24
nist-docx-0009	docx	full	4	2	0	2920	3648	24
nist-docx-0009	docx	full	5	2	0	2958	3696	24
nist-docx-0009	docx	adaptive	0	2	0	2442	3680	24
nist-docx-0009	docx	adaptive	1	2	0	2460	3708	24
nist-docx-0009	docx	adaptive	2	2	0	2539	3720	24
nist-docx-0009	docx	adaptive	3	2	0	2651	3700	24
nist-docx-0009	docx	adaptive	4	2	0	2883	3756	24
nist-docx-0009	docx	adaptive	5	2	0	2876	3676	24
nist-docx-0009	docx	hist	0	2	0	2415	3416	24
nist-docx-0009	docx	hist	1	2	0	2545	3484	24
nist-docx-0009	docx	hist	2	2	0	2672	3524	24
nist-docx-0009	docx	hist	3	2	0	2459	3452	24
nist-docx-0009	docx	hist	4	2	0	2749	3484	24
nist-docx-0009	docx	hist	5	2	0	2767	3392	24
nist-docx-0009	docx	vole	0	2	0	2587	7428	24
nist-docx-0009	docx	vole	1	2	0	2587	7428	24
nist-docx-0009	docx	vole	2	2	0	2587	7428	24
nist-docx-0009	docx	vole	3	2	0	2587	7428	24
nist-docx-0009	docx	vole	4	2	0	2587	7428	24
nist-docx-0009	docx	vole	5	2	0	2587	7428	24
nist-docx-0009	docx	vole	0	3	0	2507	7428	24
nist-docx-0009	docx	vole	1	3	0	2507	7428	24
nist-docx-0009	docx	vole	2	3	0	2507	7428	24
nist-docx-0009	docx	vole	3	3	0	2507	7428	24
nist-docx-0009	docx	vole	4	3	0	2507	7428	24
nist-docx-0009	docx	vole	5	3	0	2507	7428	24
nist-docx-0009	docx	full	0	3	0	2513	3636	24
nist-docx-0009	docx	full	1	3	0	2493	3628	24
nist-docx-0009	docx	full	2	3	0	2901	3660	24
nist-docx-0009	docx	full	3	3	0	2632	3736	24
nist-docx-0009	docx	full	4	3	0	2798	3648	24
nist-docx-0009	docx	full	5	3	0	2709	3696	24
nist-docx-0009	docx	adaptive	0	3	0	2254	3680	24
nist-docx-0009	docx	adaptive	1	3	0	2338	3708	24
nist-docx-0009	docx	adaptive	2	3	0	2679	3720	24
nist-docx-0009	docx	adaptive	3	3	0	2724	3700	24
nist-docx-0009	docx	adaptive	4	3	0	2936	3756	24
nist-docx-0009	docx	adaptive	5	3	0	2734	3676	24
nist-docx-0009	docx	hist	0	3	0	2279	3416	24
nist-docx-0009	docx	hist	1	3	0	2398	3484	24
nist-docx-0009	docx	hist	2	3	0	2460	3524	24
nist-docx-0009	docx	hist	3	3	0	2444	3452	24
nist-docx-0009	docx	hist	4	3	0	2817	3484	24
nist-docx-0009	docx	hist	5	3	0	2678	3392	24
nist-docx-0009	docx	full	0	4	0	2402	3636	24
nist-docx-0009	docx	full	1	4	0	2339	3628	24
nist-docx-0009	docx	full	2	4	0	2554	3660	24
nist-docx-0009	docx	full	3	4	0	2626	3736	24
nist-docx-0009	docx	full	4	4	0	2749	3648	24
nist-docx-0009	docx	full	5	4	0	3038	3696	24
nist-docx-0009	docx	adaptive	0	4	0	2448	3680	24
nist-docx-0009	docx	adaptive	1	4	0	2615	3708	24
nist-docx-0009	docx	adaptive	2	4	0	3498	3720	24
nist-docx-0009	docx	adaptive	3	4	0	3077	3700	24
nist-docx-0009	docx	adaptive	4	4	0	3055	3756	24
nist-docx-0009	docx	adaptive	5	4	0	2986	3676	24
nist-docx-0009	docx	hist	0	4	0	2322	3416	24
nist-docx-0009	docx	hist	1	4	0	2431	3484	24
nist-docx-0009	docx	hist	2	4	0	2545	3524	24
nist-docx-0009	docx	hist	3	4	0	2518	3452	24
nist-docx-0009	docx	hist	4	4	0	2749	3484	24
nist-docx-0009	docx	hist	5	4	0	2775	3392	24
nist-docx-0009	docx	vole	0	4	0	2621	7428	24
nist-docx-0009	docx	vole	1	4	0	2621	7428	24
nist-docx-0009	docx	vole	2	4	0	2621	7428	24
nist-docx-0009	docx	vole	3	4	0	2621	7428	24
nist-docx-0009	docx	vole	4	4	0	2621	7428	24
nist-docx-0009	docx	vole	5	4	0	2621	7428	24
nist-docx-0009	docx	vole	0	5	0	2664	7428	24
nist-docx-0009	docx	vole	1	5	0	2664	7428	24
nist-docx-0009	docx	vole	2	5	0	2664	7428	24
nist-docx-0009	docx	vole	3	5	0	2664	7428	24
nist-docx-0009	docx	vole	4	5	0	2664	7428	24
nist-docx-0009	docx	vole	5	5	0	2664	7428	24
nist-docx-0009	docx	full	0	5	0	2701	3636	24
nist-docx-0009	docx	full	1	5	0	2507	3628	24
nist-docx-0009	docx	full	2	5	0	2653	3660	24
nist-docx-0009	docx	full	3	5	0	2566	3736	24
nist-docx-0009	docx	full	4	5	0	3004	3648	24
nist-docx-0009	docx	full	5	5	0	2870	3696	24
nist-docx-0009	docx	adaptive	0	5	0	2295	3680	24
nist-docx-0009	docx	adaptive	1	5	0	2451	3708	24
nist-docx-0009	docx	adaptive	2	5	0	2594	3720	24
nist-docx-0009	docx	adaptive	3	5	0	2750	3700	24
nist-docx-0009	docx	adaptive	4	5	0	2959	3756	24
nist-docx-0009	docx	adaptive	5	5	0	2832	3676	24
nist-docx-0009	docx	hist	0	5	0	2268	3416	24
nist-docx-0009	docx	hist	1	5	0	2504	3484	24
nist-docx-0009	docx	hist	2	5	0	2582	3524	24
nist-docx-0009	docx	hist	3	5	0	2510	3452	24
nist-docx-0009	docx	hist	4	5	0	2711	3484	24
nist-docx-0009	docx	hist	5	5	0	2827	3392	24
nist-docx-0009	docx	full	0	6	0	2389	3636	24
nist-docx-0009	docx	full	1	6	0	2518	3628	24
nist-docx-0009	docx	full	2	6	0	2552	3660	24
nist-docx-0009	docx	full	3	6	0	2683	3736	24
nist-docx-0009	docx	full	4	6	0	2716	3648	24
nist-docx-0009	docx	full	5	6	0	2829	3696	24
nist-docx-0009	docx	adaptive	0	6	0	2329	3680	24
nist-docx-0009	docx	adaptive	1	6	0	2529	3708	24
nist-docx-0009	docx	adaptive	2	6	0	2896	3720	24
nist-docx-0009	docx	adaptive	3	6	0	3190	3700	24
nist-docx-0009	docx	adaptive	4	6	0	3139	3756	24
nist-docx-0009	docx	adaptive	5	6	0	2935	3676	24
nist-docx-0009	docx	hist	0	6	0	2420	3416	24
nist-docx-0009	docx	hist	1	6	0	2549	3484	24
nist-docx-0009	docx	hist	2	6	0	2698	3524	24
nist-docx-0009	docx	hist	3	6	0	2524	3452	24
nist-docx-0009	docx	hist	4	6	0	2766	3484	24
nist-docx-0009	docx	hist	5	6	0	2925	3392	24
nist-docx-0009	docx	vole	0	6	0	2642	7428	24
nist-docx-0009	docx	vole	1	6	0	2642	7428	24
nist-docx-0009	docx	vole	2	6	0	2642	7428	24
nist-docx-0009	docx	vole	3	6	0	2642	7428	24
nist-docx-0009	docx	vole	4	6	0	2642	7428	24
nist-docx-0009	docx	vole	5	6	0	2642	7428	24
nist-docx-0009	docx	vole	0	7	0	2667	7428	24
nist-docx-0009	docx	vole	1	7	0	2667	7428	24
nist-docx-0009	docx	vole	2	7	0	2667	7428	24
nist-docx-0009	docx	vole	3	7	0	2667	7428	24
nist-docx-0009	docx	vole	4	7	0	2667	7428	24
nist-docx-0009	docx	vole	5	7	0	2667	7428	24
nist-docx-0009	docx	full	0	7	0	2667	3636	24
nist-docx-0009	docx	full	1	7	0	2481	3628	24
nist-docx-0009	docx	full	2	7	0	2659	3660	24
nist-docx-0009	docx	full	3	7	0	2694	3736	24
nist-docx-0009	docx	full	4	7	0	2902	3648	24
nist-docx-0009	docx	full	5	7	0	3017	3696	24
nist-docx-0009	docx	adaptive	0	7	0	2363	3680	24
nist-docx-0009	docx	adaptive	1	7	0	2463	3708	24
nist-docx-0009	docx	adaptive	2	7	0	2682	3720	24
nist-docx-0009	docx	adaptive	3	7	0	2561	3700	24
nist-docx-0009	docx	adaptive	4	7	0	2864	3756	24
nist-docx-0009	docx	adaptive	5	7	0	2808	3676	24
nist-docx-0009	docx	hist	0	7	0	2408	3416	24
nist-docx-0009	docx	hist	1	7	0	2569	3484	24
nist-docx-0009	docx	hist	2	7	0	2534	3524	24
nist-docx-0009	docx	hist	3	7	0	2655	3452	24
nist-docx-0009	docx	hist	4	7	0	2831	3484	24
nist-docx-0009	docx	hist	5	7	0	2710	3392	24
nist-docx-0009	docx	full	0	8	0	2304	3636	24
nist-docx-0009	docx	full	1	8	0	2538	3628	24
nist-docx-0009	docx	full	2	8	0	2692	3660	24
nist-docx-0009	docx	full	3	8	0	2761	3736	24
nist-docx-0009	docx	full	4	8	0	2879	3648	24
nist-docx-0009	docx	full	5	8	0	2899	3696	24
nist-docx-0009	docx	adaptive	0	8	0	2301	3680	24
nist-docx-0009	docx	adaptive	1	8	0	2500	3708	24
nist-docx-0009	docx	adaptive	2	8	0	2662	3720	24
nist-docx-0009	docx	adaptive	3	8	0	2642	3700	24
nist-docx-0009	docx	adaptive	4	8	0	2835	3756	24
nist-docx-0009	docx	adaptive	5	8	0	2774	3676	24
nist-docx-0009	docx	hist	0	8	0	2464	3416	24
nist-docx-0009	docx	hist	1	8	0	2442	3484	24
nist-docx-0009	docx	hist	2	8	0	2526	3524	24
nist-docx-0009	docx	hist	3	8	0	2478	3452	24
nist-docx-0009	docx	hist	4	8	0	2759	3484	24
nist-docx-0009	docx	hist	5	8	0	2782	3392	24
nist-docx-0009	docx	vole	0	8	0	2566	7428	24
nist-docx-0009	docx	vole	1	8	0	2566	7428	24
nist-docx-0009	docx	vole	2	8	0	2566	7428	24
nist-docx-0009	docx	vole	3	8	0	2566	7428	24
nist-docx-0009	docx	vole	4	8	0	2566	7428	24
nist-docx-0009	docx	vole	5	8	0	2566	7428	24
nist-docx-0009	docx	vole	0	9	0	2482	7428	24
nist-docx-0009	docx	vole	1	9	0	2482	7428	24
nist-docx-0009	docx	vole	2	9	0	2482	7428	24
nist-docx-0009	docx	vole	3	9	0	2482	7428	24
nist-docx-0009	docx	vole	4	9	0	2482	7428	24
nist-docx-0009	docx	vole	5	9	0	2482	7428	24
nist-docx-0009	docx	full	0	9	0	2348	3636	24
nist-docx-0009	docx	full	1	9	0	2317	3628	24
nist-docx-0009	docx	full	2	9	0	2422	3660	24
nist-docx-0009	docx	full	3	9	0	2453	3736	24
nist-docx-0009	docx	full	4	9	0	2679	3648	24
nist-docx-0009	docx	full	5	9	0	2830	3696	24
nist-docx-0009	docx	adaptive	0	9	0	3048	3680	24
nist-docx-0009	docx	adaptive	1	9	0	2485	3708	24
nist-docx-0009	docx	adaptive	2	9	0	2518	3720	24
nist-docx-0009	docx	adaptive	3	9	0	2596	3700	24
nist-docx-0009	docx	adaptive	4	9	0	2737	3756	24
nist-docx-0009	docx	adaptive	5	9	0	2841	3676	24
nist-docx-0009	docx	hist	0	9	0	2351	3416	24
nist-docx-0009	docx	hist	1	9	0	2330	3484	24
nist-docx-0009	docx	hist	2	9	0	2431	3524	24
nist-docx-0009	docx	hist	3	9	0	2431	3452	24
nist-docx-0009	docx	hist	4	9	0	2661	3484	24
nist-docx-0009	docx	hist	5	9	0	2711	3392	24
nist-docx-0009	docx	full	0	10	0	2381	3636	24
nist-docx-0009	docx	full	1	10	0	2380	3628	24
nist-docx-0009	docx	full	2	10	0	2521	3660	24
nist-docx-0009	docx	full	3	10	0	2581	3736	24
nist-docx-0009	docx	full	4	10	0	2892	3648	24
nist-docx-0009	docx	full	5	10	0	3850	3696	24
nist-docx-0009	docx	adaptive	0	10	0	2541	3680	24
nist-docx-0009	docx	adaptive	1	10	0	2744	3708	24
nist-docx-0009	docx	adaptive	2	10	0	3075	3720	24
nist-docx-0009	docx	adaptive	3	10	0	2778	3700	24
nist-docx-0009	docx	adaptive	4	10	0	2898	3756	24
nist-docx-0009	docx	adaptive	5	10	0	3033	3676	24
nist-docx-0009	docx	hist	0	10	0	2346	3416	24
nist-docx-0009	docx	hist	1	10	0	2433	3484	24
nist-docx-0009	docx	hist	2	10	0	2544	3524	24
nist-docx-0009	docx	hist	3	10	0	2608	3452	24
nist-docx-0009	docx	hist	4	10	0	2700	3484	24
nist-docx-0009	docx	hist	5	10	0	2670	3392	24
nist-docx-0009	docx	vole	0	10	0	2646	7428	24
nist-docx-0009	docx	vole	1	10	0	2646	7428	24
nist-docx-0009	docx	vole	2	10	0	2646	7428	24
nist-docx-0009	docx	vole	3	10	0	2646	7428	24
nist-docx-0009	docx	vole	4	10	0	2646	7428	24
nist-docx-0009	docx	vole	5	10	0	2646	7428	24
nist-docx-0009	docx	vole	0	11	0	2693	7428	24
nist-docx-0009	docx	vole	1	11	0	2693	7428	24
nist-docx-0009	docx	vole	2	11	0	2693	7428	24
nist-docx-0009	docx	vole	3	11	0	2693	7428	24
nist-docx-0009	docx	vole	4	11	0	2693	7428	24
nist-docx-0009	docx	vole	5	11	0	2693	7428	24
nist-docx-0009	docx	full	0	11	0	2706	3636	24
nist-docx-0009	docx	full	1	11	0	2555	3628	24
nist-docx-0009	docx	full	2	11	0	2758	3660	24
nist-docx-0009	docx	full	3	11	0	2632	3736	24
nist-docx-0009	docx	full	4	11	0	2736	3648	24
nist-docx-0009	docx	full	5	11	0	2771	3696	24
nist-docx-0009	docx	adaptive	0	11	0	2336	3680	24
nist-docx-0009	docx	adaptive	1	11	0	2465	3708	24
nist-docx-0009	docx	adaptive	2	11	0	2576	3720	24
nist-docx-0009	docx	adaptive	3	11	0	2586	3700	24
nist-docx-0009	docx	adaptive	4	11	0	2916	3756	24
nist-docx-0009	docx	adaptive	5	11	0	2807	3676	24
nist-docx-0009	docx	hist	0	11	0	2268	3416	24
nist-docx-0009	docx	hist	1	11	0	2325	3484	24
nist-docx-0009	docx	hist	2	11	0	2519	3524	24
nist-docx-0009	docx	hist	3	11	0	2469	3452	24
nist-docx-0009	docx	hist	4	11	0	2686	3484	24
nist-docx-0009	docx	hist	5	11	0	2896	3392	24
nist-docx-0009	docx	full	0	12	0	2427	3636	24
nist-docx-0009	docx	full	1	12	0	2452	3628	24
nist-docx-0009	docx	full	2	12	0	2583	3660	24
nist-docx-0009	docx	full	3	12	0	2594	3736	24
nist-docx-0009	docx	full	4	12	0	2762	3648	24
nist-docx-0009	docx	full	5	12	0	2966	3696	24
nist-docx-0009	docx	adaptive	0	12	0	2364	3680	24
nist-docx-0009	docx	adaptive	1	12	0	2427	3708	24
nist-docx-0009	docx	adaptive	2	12	0	2500	3720	24
nist-docx-0009	docx	adaptive	3	12	0	2588	3700	24
nist-docx-0009	docx	adaptive	4	12	0	2782	3756	24
nist-docx-0009	docx	adaptive	5	12	0	2794	3676	24
nist-docx-0009	docx	hist	0	12	0	2237	3416	24
nist-docx-0009	docx	hist	1	12	0	2305	3484	24
nist-docx-0009	docx	hist	2	12	0	2464	3524	24
nist-docx-0009	docx	hist	3	12	0	2527	3452	24
nist-docx-0009	docx	hist	4	12	0	2625	3484	24
nist-docx-0009	docx	hist	5	12	0	2671	3392	24
nist-docx-0009	docx	vole	0	12	0	2513	7428	24
nist-docx-0009	docx	vole	1	12	0	2513	7428	24
nist-docx-0009	docx	vole	2	12	0	2513	7428	24
nist-docx-0009	docx	vole	3	12	0	2513	7428	24
nist-docx-0009	docx	vole	4	12	0	2513	7428	24
nist-docx-0009	docx	vole	5	12	0	2513	7428	24
nist-docx-0009	docx	vole	0	13	0	2645	7428	24
nist-docx-0009	docx	vole	1	13	0	2645	7428	24
nist-docx-0009	docx	vole	2	13	0	2645	7428	24
nist-docx-0009	docx	vole	3	13	0	2645	7428	24
nist-docx-0009	docx	vole	4	13	0	2645	7428	24
nist-docx-0009	docx	vole	5	13	0	2645	7428	24
nist-docx-0009	docx	full	0	13	0	2661	3636	24
nist-docx-0009	docx	full	1	13	0	2466	3628	24
nist-docx-0009	docx	full	2	13	0	2610	3660	24
nist-docx-0009	docx	full	3	13	0	2537	3736	24
nist-docx-0009	docx	full	4	13	0	2815	3648	24
nist-docx-0009	docx	full	5	13	0	2810	3696	24
nist-docx-0009	docx	adaptive	0	13	0	2596	3680	24
nist-docx-0009	docx	adaptive	1	13	0	2643	3708	24
nist-docx-0009	docx	adaptive	2	13	0	2577	3720	24
nist-docx-0009	docx	adaptive	3	13	0	2690	3700	24
nist-docx-0009	docx	adaptive	4	13	0	2865	3756	24
nist-docx-0009	docx	adaptive	5	13	0	2829	3676	24
nist-docx-0009	docx	hist	0	13	0	2445	3416	24
nist-docx-0009	docx	hist	1	13	0	2483	3484	24
nist-docx-0009	docx	hist	2	13	0	2622	3524	24
nist-docx-0009	docx	hist	3	13	0	2552	3452	24
nist-docx-0009	docx	hist	4	13	0	2931	3484	24
nist-docx-0009	docx	hist	5	13	0	2749	3392	24
nist-docx-0009	docx	full	0	14	0	2264	3636	24
nist-docx-0009	docx	full	1	14	0	2455	3628	24
nist-docx-0009	docx	full	2	14	0	2623	3660	24
nist-docx-0009	docx	full	3	14	0	2597	3736	24
nist-docx-0009	docx	full	4	14	0	2729	3648	24
nist-docx-0009	docx	full	5	14	0	2698	3696	24
nist-docx-0009	docx	adaptive	0	14	0	2310	3680	24
nist-docx-0009	docx	adaptive	1	14	0	2356	3708	24
nist-docx-0009	docx	adaptive	2	14	0	2511	3720	24
nist-docx-0009	docx	adaptive	3	14	0	2570	3700	24
nist-docx-0009	docx	adaptive	4	14	0	2738	3756	24
nist-docx-0009	docx	adaptive	5	14	0	2753	3676	24
nist-docx-0009	docx	hist	0	14	0	2225	3416	24
nist-docx-0009	docx	hist	1	14	0	2325	3484	24
nist-docx-0009	docx	hist	2	14	0	2383	3524	24
nist-docx-0009	docx	hist	3	14	0	2299	3452	24
nist-docx-0009	docx	hist	4	14	0	2599	3484	24
nist-docx-0009	docx	hist	5	14	0	2784	3392	24
nist-docx-0009	docx	vole	0	14	0	2569	7428	24
nist-docx-0009	docx	vole	1	14	0	2569	7428	24
nist-docx-0009	docx	vole	2	14	0	2569	7428	24
nist-docx-0009	docx	vole	3	14	0	2569	7428	24
nist-docx-0009	docx	vole	4	14	0	2569	7428	24
nist-docx-0009	docx	vole	5	14	0	2569	7428	24
nist-docx-0009	docx	vole	0	15	0	2847	7428	24
nist-docx-0009	docx	vole	1	15	0	2847	7428	24
nist-docx-0009	docx	vole	2	15	0	2847	7428	24
nist-docx-0009	docx	vole	3	15	0	2847	7428	24
nist-docx-0009	docx	vole	4	15	0	2847	7428	24
nist-docx-0009	docx	vole	5	15	0	2847	7428	24
nist-docx-0009	docx	full	0	15	0	2670	3636	24
nist-docx-0009	docx	full	1	15	0	2465	3628	24
nist-docx-0009	docx	full	2	15	0	2566	3660	24
nist-docx-0009	docx	full	3	15	0	2494	3736	24
nist-docx-0009	docx	full	4	15	0	2694	3648	24
nist-docx-0009	docx	full	5	15	0	2785	3696	24
nist-docx-0009	docx	adaptive	0	15	0	2402	3680	24
nist-docx-0009	docx	adaptive	1	15	0	2410	3708	24
nist-docx-0009	docx	adaptive	2	15	0	2539	3720	24
nist-docx-0009	docx	adaptive	3	15	0	2630	3700	24
nist-docx-0009	docx	adaptive	4	15	0	2835	3756	24
nist-docx-0009	docx	adaptive	5	15	0	3004	3676	24
nist-docx-0009	docx	hist	0	15	0	2309	3416	24
nist-docx-0009	docx	hist	1	15	0	2390	3484	24
nist-docx-0009	docx	hist	2	15	0	2520	3524	24
nist-docx-0009	docx	hist	3	15	0	2510	3452	24
nist-docx-0009	docx	hist	4	15	0	2691	3484	24
nist-docx-0009	docx	hist	5	15	0	2696	3392	24
nist-docx-0014	docx	vole	0	1	0	6008	11388	24
nist-docx-0014	docx	vole	1	1	0	6008	11388	24
nist-docx-0014	docx	vole	2	1	0	6008	11388	24
nist-docx-0014	docx	vole	3	1	0	6008	11388	24
nist-docx-0014	docx	vole	4	1	0	6008	11388	24
nist-docx-0014	docx	vole	5	1	0	6008	11388	24
nist-docx-0014	docx	full	0	1	0	4475	6016	24
nist-docx-0014	docx	full	1	1	0	4075	6236	24
nist-docx-0014	docx	full	2	1	0	4018	6188	24
nist-docx-0014	docx	full	3	1	0	4305	6184	24
nist-docx-0014	docx	full	4	1	0	4604	6244	24
nist-docx-0014	docx	full	5	1	0	4156	6160	24
nist-docx-0014	docx	adaptive	0	1	0	4306	6124	24
nist-docx-0014	docx	adaptive	1	1	0	3880	6040	24
nist-docx-0014	docx	adaptive	2	1	0	4288	6016	24
nist-docx-0014	docx	adaptive	3	1	0	4257	6032	24
nist-docx-0014	docx	adaptive	4	1	0	4439	6152	24
nist-docx-0014	docx	adaptive	5	1	0	4450	6184	24
nist-docx-0014	docx	hist	0	1	0	3627	5932	24
nist-docx-0014	docx	hist	1	1	0	3780	5940	24
nist-docx-0014	docx	hist	2	1	0	3754	5940	24
nist-docx-0014	docx	hist	3	1	0	3715	5960	24
nist-docx-0014	docx	hist	4	1	0	3891	6024	24
nist-docx-0014	docx	hist	5	1	0	3770	5920	24
nist-docx-0014	docx	full	0	2	0	3775	6016	24
nist-docx-0014	docx	full	1	2	0	3682	6236	24
nist-docx-0014	docx	full	2	2	0	4741	6188	24
nist-docx-0014	docx	full	3	2	0	4457	6184	24
nist-docx-0014	docx	full	4	2	0	4680	6244	24
nist-docx-0014	docx	full	5	2	0	4400	6160	24
nist-docx-0014	docx	adaptive	0	2	0	4028	6124	24
nist-docx-0014	docx	adaptive	1	2	0	3812	6040	24
nist-docx-0014	docx	adaptive	2	2	0	3979	6016	24
nist-docx-0014	docx	adaptive	3	2	0	4446	6032	24
nist-docx-0014	docx	adaptive	4	2	0	4439	6152	24
nist-docx-0014	docx	adaptive	5	2	0	4461	6184	24
nist-docx-0014	docx	hist	0	2	0	3880	5932	24
nist-docx-0014	docx	hist	1	2	0	4153	5940	24
nist-docx-0014	docx	hist	2	2	0	4081	5940	24
nist-docx-0014	docx	hist	3	2	0	3610	5960	24
nist-docx-0014	docx	hist	4	2	0	3953	6024	24
nist-docx-0014	docx	hist	5	2	0	4039	5920	24
nist-docx-0014	docx	vole	0	2	0	5305	11388	24
nist-docx-0014	docx	vole	1	2	0	5305	11388	24
nist-docx-0014	docx	vole	2	2	0	5305	11388	24
nist-docx-0014	docx	vole	3	2	0	5305	11388	24
nist-docx-0014	docx	vole	4	2	0	5305	11388	24
nist-docx-0014	docx	vole	5	2	0	5305	11388	24
nist-docx-0014	docx	vole	0	3	0	5363	11388	24
nist-docx-0014	docx	vole	1	3	0	5363	11388	24
nist-docx-0014	docx	vole	2	3	0	5363	11388	24
nist-docx-0014	docx	vole	3	3	0	5363	11388	24
nist-docx-0014	docx	vole	4	3	0	5363	11388	24
nist-docx-0014	docx	vole	5	3	0	5363	11388	24
nist-docx-0014	docx	full	0	3	0	4433	6016	24
nist-docx-0014	docx	full	1	3	0	4293	6236	24
nist-docx-0014	docx	full	2	3	0	4313	6188	24
nist-docx-0014	docx	full	3	3	0	4495	6184	24
nist-docx-0014	docx	full	4	3	0	4549	6244	24
nist-docx-0014	docx	full	5	3	0	4464	6160	24
nist-docx-0014	docx	adaptive	0	3	0	3676	6124	24
nist-docx-0014	docx	adaptive	1	3	0	4082	6040	24
nist-docx-0014	docx	adaptive	2	3	0	4309	6016	24
nist-docx-0014	docx	adaptive	3	3	0	4222	6032	24
nist-docx-0014	docx	adaptive	4	3	0	4929	6152	24
nist-docx-0014	docx	adaptive	5	3	0	6289	6184	24
nist-docx-0014	docx	hist	0	3	0	4505	5932	24
nist-docx-0014	docx	hist	1	3	0	4017	5940	24
nist-docx-0014	docx	hist	2	3	0	3869	5940	24
nist-docx-0014	docx	hist	3	3	0	3917	5960	24
nist-docx-0014	docx	hist	4	3	0	4394	6024	24
nist-docx-0014	docx	hist	5	3	0	3876	5920	24
nist-docx-0014	docx	full	0	4	0	3616	6016	24
nist-docx-0014	docx	full	1	4	0	3696	6236	24
nist-docx-0014	docx	full	2	4	0	4365	6188	24
nist-docx-0014	docx	full	3	4	0	4518	6184	24
nist-docx-0014	docx	full	4	4	0	4358	6244	24
nist-docx-0014	docx	full	5	4	0	4419	6160	24
nist-docx-0014	docx	adaptive	0	4	0	3987	6124	24
nist-docx-0014	docx	adaptive	1	4	0	3872	6040	24
nist-docx-0014	docx	adaptive	2	4	0	3957	6016	24
nist-docx-0014	docx	adaptive	3	4	0	4011	6032	24
nist-docx-0014	docx	adaptive	4	4	0	4274	6152	24
nist-docx-0014	docx	adaptive	5	4	0	4495	6184	24
nist-docx-0014	docx	hist	0	4	0	3917	5932	24
nist-docx-0014	docx	hist	1	4	0	3900	5940	24
nist-docx-0014	docx	hist	2	4	0	4025	5940	24
nist-docx-0014	docx	hist	3	4	0	4018	5960	24
nist-docx-0014	docx	hist	4	4	0	3984	6024	24
nist-docx-0014	docx	hist	5	4	0	3945	5920	24
nist-docx-0014	docx	vole	0	4	0	5215	11388	24
nist-docx-0014	docx	vole	1	4	0	5215	11388	24
nist-docx-0014	docx	vole	2	4	0	5215	11388	24
nist-docx-0014	docx	vole	3	4	0	5215	11388	24
nist-docx-0014	docx	vole	4	4	0	5215	11388	24
nist-docx-0014	docx	vole	5	4	0	5215	11388	24
nist-docx-0014	docx	vole	0	5	0	5487	11388	24
nist-docx-0014	docx	vole	1	5	0	5487	11388	24
nist-docx-0014	docx	vole	2	5	0	5487	11388	24
nist-docx-0014	docx	vole	3	5	0	5487	11388	24
nist-docx-0014	docx	vole	4	5	0	5487	11388	24
nist-docx-0014	docx	vole	5	5	0	5487	11388	24
nist-docx-0014	docx	full	0	5	0	4218	6016	24
nist-docx-0014	docx	full	1	5	0	3954	6236	24
nist-docx-0014	docx	full	2	5	0	4646	6188	24
nist-docx-0014	docx	full	3	5	0	4413	6184	24
nist-docx-0014	docx	full	4	5	0	4381	6244	24
nist-docx-0014	docx	full	5	5	0	4135	6160	24
nist-docx-0014	docx	adaptive	0	5	0	3921	6124	24
nist-docx-0014	docx	adaptive	1	5	0	3917	6040	24
nist-docx-0014	docx	adaptive	2	5	0	4232	6016	24
nist-docx-0014	docx	adaptive	3	5	0	4571	6032	24
nist-docx-0014	docx	adaptive	4	5	0	4888	6152	24
nist-docx-0014	docx	adaptive	5	5	0	5419	6184	24
nist-docx-0014	docx	hist	0	5	0	4051	5932	24
nist-docx-0014	docx	hist	1	5	0	3936	5940	24
nist-docx-0014	docx	hist	2	5	0	4225	5940	24
nist-docx-0014	docx	hist	3	5	0	4088	5960	24
nist-docx-0014	docx	hist	4	5	0	4284	6024	24
nist-docx-0014	docx	hist	5	5	0	4062	5920	24
nist-docx-0014	docx	full	0	6	0	4126	6016	24
nist-docx-0014	docx	full	1	6	0	3815	6236	24
nist-docx-0014	docx	full	2	6	0	4157	6188	24
nist-docx-0014	docx	full	3	6	0	4096	6184	24
nist-docx-0014	docx	full	4	6	0	4565	6244	24
nist-docx-0014	docx	full	5	6	0	4728	6160	24
nist-docx-0014	docx	adaptive	0	6	0	3976	6124	24
nist-docx-0014	docx	adaptive	1	6	0	5427	6040	24
nist-docx-0014	docx	adaptive	2	6	0	5066	6016	24
nist-docx-0014	docx	adaptive	3	6	0	4496	6032	24
nist-docx-0014	docx	adaptive	4	6	0	4722	6152	24
nist-docx-0014	docx	adaptive	5	6	0	4660	6184	24
nist-docx-0014	docx	hist	0	6	0	3988	5932	24
nist-docx-0014	docx	hist	1	6	0	3881	5940	24
nist-docx-0014	docx	hist	2	6	0	3701	5940	24
nist-docx-0014	docx	hist	3	6	0	4214	5960	24
nist-docx-0014	docx	hist	4	6	0	4100	6024	24
nist-docx-0014	docx	hist	5	6	0	4296	5920	24
nist-docx-0014	docx	vole	0	6	0	5317	11388	24
nist-docx-0014	docx	vole	1	6	0	5317	11388	24
nist-docx-0014	docx	vole	2	6	0	5317	11388	24
nist-docx-0014	docx	vole	3	6	0	5317	11388	24
nist-docx-0014	docx	vole	4	6	0	5317	11388	24
nist-docx-0014	docx	vole	5	6	0	5317	11388	24
nist-docx-0014	docx	vole	0	7	0	5180	11388	24
nist-docx-0014	docx	vole	1	7	0	5180	11388	24
nist-docx-0014	docx	vole	2	7	0	5180	11388	24
nist-docx-0014	docx	vole	3	7	0	5180	11388	24
nist-docx-0014	docx	vole	4	7	0	5180	11388	24
nist-docx-0014	docx	vole	5	7	0	5180	11388	24
nist-docx-0014	docx	full	0	7	0	3873	6016	24
nist-docx-0014	docx	full	1	7	0	3883	6236	24
nist-docx-0014	docx	full	2	7	0	3997	6188	24
nist-docx-0014	docx	full	3	7	0	4327	6184	24
nist-docx-0014	docx	full	4	7	0	4249	6244	24
nist-docx-0014	docx	full	5	7	0	4109	6160	24
nist-docx-0014	docx	adaptive	0	7	0	4086	6124	24
nist-docx-0014	docx	adaptive	1	7	0	3778	6040	24
nist-docx-0014	docx	adaptive	2	7	0	4336	6016	24
nist-docx-0014	docx	adaptive	3	7	0	4766	6032	24
nist-docx-0014	docx	adaptive	4	7	0	4574	6152	24
nist-docx-0014	docx	adaptive	5	7	0	4504	6184	24
nist-docx-0014	docx	hist	0	7	0	3390	5932	24
nist-docx-0014	docx	hist	1	7	0	3833	5940	24
nist-docx-0014	docx	hist	2	7	0	3806	5940	24
nist-docx-0014	docx	hist	3	7	0	3863	5960	24
nist-docx-0014	docx	hist	4	7	0	3739	6024	24
nist-docx-0014	docx	hist	5	7	0	3930	5920	24
nist-docx-0014	docx	full	0	8	0	3752	6016	24
nist-docx-0014	docx	full	1	8	0	3647	6236	24
nist-docx-0014	docx	full	2	8	0	4054	6188	24
nist-docx-0014	docx	full	3	8	0	4185	6184	24
nist-docx-0014	docx	full	4	8	0	4434	6244	24
nist-docx-0014	docx	full	5	8	0	4753	6160	24
nist-docx-0014	docx	adaptive	0	8	0	3827	6124	24
nist-docx-0014	docx	adaptive	1	8	0	4162	6040	24
nist-docx-0014	docx	adaptive	2	8	0	4947	6016	24
nist-docx-0014	docx	adaptive	3	8	0	4447	6032	24
nist-docx-0014	docx	adaptive	4	8	0	4271	6152	24
nist-docx-0014	docx	adaptive	5	8	0	4600	6184	24
nist-docx-0014	docx	hist	0	8	0	3459	5932	24
nist-docx-0014	docx	hist	1	8	0	3714	5940	24
nist-docx-0014	docx	hist	2	8	0	3605	5940	24
nist-docx-0014	docx	hist	3	8	0	4108	5960	24
nist-docx-0014	docx	hist	4	8	0	4394	6024	24
nist-docx-0014	docx	hist	5	8	0	4152	5920	24
nist-docx-0014	docx	vole	0	8	0	5649	11388	24
nist-docx-0014	docx	vole	1	8	0	5649	11388	24
nist-docx-0014	docx	vole	2	8	0	5649	11388	24
nist-docx-0014	docx	vole	3	8	0	5649	11388	24
nist-docx-0014	docx	vole	4	8	0	5649	11388	24
nist-docx-0014	docx	vole	5	8	0	5649	11388	24
nist-docx-0014	docx	vole	0	9	0	5290	11388	24
nist-docx-0014	docx	vole	1	9	0	5290	11388	24
nist-docx-0014	docx	vole	2	9	0	5290	11388	24
nist-docx-0014	docx	vole	3	9	0	5290	11388	24
nist-docx-0014	docx	vole	4	9	0	5290	11388	24
nist-docx-0014	docx	vole	5	9	0	5290	11388	24
nist-docx-0014	docx	full	0	9	0	4151	6016	24
nist-docx-0014	docx	full	1	9	0	3874	6236	24
nist-docx-0014	docx	full	2	9	0	4037	6188	24
nist-docx-0014	docx	full	3	9	0	4177	6184	24
nist-docx-0014	docx	full	4	9	0	4381	6244	24
nist-docx-0014	docx	full	5	9	0	4226	6160	24
nist-docx-0014	docx	adaptive	0	9	0	3758	6124	24
nist-docx-0014	docx	adaptive	1	9	0	3777	6040	24
nist-docx-0014	docx	adaptive	2	9	0	4014	6016	24
nist-docx-0014	docx	adaptive	3	9	0	4242	6032	24
nist-docx-0014	docx	adaptive	4	9	0	4449	6152	24
nist-docx-0014	docx	adaptive	5	9	0	4444	6184	24
nist-docx-0014	docx	hist	0	9	0	7062	5932	24
nist-docx-0014	docx	hist	1	9	0	4613	5940	24
nist-docx-0014	docx	hist	2	9	0	4195	5940	24
nist-docx-0014	docx	hist	3	9	0	4129	5960	24
nist-docx-0014	docx	hist	4	9	0	4074	6024	24
nist-docx-0014	docx	hist	5	9	0	4046	5920	24
nist-docx-0014	docx	full	0	10	0	4019	6016	24
nist-docx-0014	docx	full	1	10	0	4103	6236	24
nist-docx-0014	docx	full	2	10	0	4206	6188	24
nist-docx-0014	docx	full	3	10	0	3995	6184	24
nist-docx-0014	docx	full	4	10	0	4471	6244	24
nist-docx-0014	docx	full	5	10	0	4120	6160	24
nist-docx-0014	docx	adaptive	0	10	0	3502	6124	24
nist-docx-0014	docx	adaptive	1	10	0	3574	6040	24
nist-docx-0014	docx	adaptive	2	10	0	3938	6016	24
nist-docx-0014	docx	adaptive	3	10	0	3850	6032	24
nist-docx-0014	docx	adaptive	4	10	0	4225	6152	24
nist-docx-0014	docx	adaptive	5	10	0	4000	6184	24
nist-docx-0014	docx	hist	0	10	0	3380	5932	24
nist-docx-0014	docx	hist	1	10	0	3444	5940	24
nist-docx-0014	docx	hist	2	10	0	3491	5940	24
nist-docx-0014	docx	hist	3	10	0	3935	5960	24
nist-docx-0014	docx	hist	4	10	0	4111	6024	24
nist-docx-0014	docx	hist	5	10	0	3794	5920	24
nist-docx-0014	docx	vole	0	10	0	5195	11388	24
nist-docx-0014	docx	vole	1	10	0	5195	11388	24
nist-docx-0014	docx	vole	2	10	0	5195	11388	24
nist-docx-0014	docx	vole	3	10	0	5195	11388	24
nist-docx-0014	docx	vole	4	10	0	5195	11388	24
nist-docx-0014	docx	vole	5	10	0	5195	11388	24
nist-docx-0014	docx	vole	0	11	0	5199	11388	24
nist-docx-0014	docx	vole	1	11	0	5199	11388	24
nist-docx-0014	docx	vole	2	11	0	5199	11388	24
nist-docx-0014	docx	vole	3	11	0	5199	11388	24
nist-docx-0014	docx	vole	4	11	0	5199	11388	24
nist-docx-0014	docx	vole	5	11	0	5199	11388	24
nist-docx-0014	docx	full	0	11	0	3671	6016	24
nist-docx-0014	docx	full	1	11	0	3879	6236	24
nist-docx-0014	docx	full	2	11	0	4108	6188	24
nist-docx-0014	docx	full	3	11	0	4236	6184	24
nist-docx-0014	docx	full	4	11	0	4135	6244	24
nist-docx-0014	docx	full	5	11	0	4774	6160	24
nist-docx-0014	docx	adaptive	0	11	0	4430	6124	24
nist-docx-0014	docx	adaptive	1	11	0	3922	6040	24
nist-docx-0014	docx	adaptive	2	11	0	4166	6016	24
nist-docx-0014	docx	adaptive	3	11	0	4195	6032	24
nist-docx-0014	docx	adaptive	4	11	0	4193	6152	24
nist-docx-0014	docx	adaptive	5	11	0	4267	6184	24
nist-docx-0014	docx	hist	0	11	0	3443	5932	24
nist-docx-0014	docx	hist	1	11	0	3421	5940	24
nist-docx-0014	docx	hist	2	11	0	3776	5940	24
nist-docx-0014	docx	hist	3	11	0	3727	5960	24
nist-docx-0014	docx	hist	4	11	0	4637	6024	24
nist-docx-0014	docx	hist	5	11	0	4289	5920	24
nist-docx-0014	docx	full	0	12	0	3625	6016	24
nist-docx-0014	docx	full	1	12	0	3604	6236	24
nist-docx-0014	docx	full	2	12	0	3791	6188	24
nist-docx-0014	docx	full	3	12	0	3890	6184	24
nist-docx-0014	docx	full	4	12	0	3927	6244	24
nist-docx-0014	docx	full	5	12	0	3969	6160	24
nist-docx-0014	docx	adaptive	0	12	0	3457	6124	24
nist-docx-0014	docx	adaptive	1	12	0	3696	6040	24
nist-docx-0014	docx	adaptive	2	12	0	4211	6016	24
nist-docx-0014	docx	adaptive	3	12	0	4230	6032	24
nist-docx-0014	docx	adaptive	4	12	0	4399	6152	24
nist-docx-0014	docx	adaptive	5	12	0	5539	6184	24
nist-docx-0014	docx	hist	0	12	0	4074	5932	24
nist-docx-0014	docx	hist	1	12	0	3816	5940	24
nist-docx-0014	docx	hist	2	12	0	4179	5940	24
nist-docx-0014	docx	hist	3	12	0	3800	5960	24
nist-docx-0014	docx	hist	4	12	0	4116	6024	24
nist-docx-0014	docx	hist	5	12	0	4466	5920	24
nist-docx-0014	docx	vole	0	12	0	5306	11388	24
nist-docx-0014	docx	vole	1	12	0	5306	11388	24
nist-docx-0014	docx	vole	2	12	0	5306	11388	24
nist-docx-0014	docx	vole	3	12	0	5306	11388	24
nist-docx-0014	docx	vole	4	12	0	5306	11388	24
nist-docx-0014	docx	vole	5	12	0	5306	11388	24
nist-docx-0014	docx	vole	0	13	0	5303	11388	24
nist-docx-0014	docx	vole	1	13	0	5303	11388	24
nist-docx-0014	docx	vole	2	13	0	5303	11388	24
nist-docx-0014	docx	vole	3	13	0	5303	11388	24
nist-docx-0014	docx	vole	4	13	0	5303	11388	24
nist-docx-0014	docx	vole	5	13	0	5303	11388	24
nist-docx-0014	docx	full	0	13	0	3951	6016	24
nist-docx-0014	docx	full	1	13	0	4187	6236	24
nist-docx-0014	docx	full	2	13	0	4049	6188	24
nist-docx-0014	docx	full	3	13	0	4334	6184	24
nist-docx-0014	docx	full	4	13	0	4559	6244	24
nist-docx-0014	docx	full	5	13	0	4433	6160	24
nist-docx-0014	docx	adaptive	0	13	0	4319	6124	24
nist-docx-0014	docx	adaptive	1	13	0	5000	6040	24
nist-docx-0014	docx	adaptive	2	13	0	4532	6016	24
nist-docx-0014	docx	adaptive	3	13	0	4071	6032	24
nist-docx-0014	docx	adaptive	4	13	0	4650	6152	24
nist-docx-0014	docx	adaptive	5	13	0	4190	6184	24
nist-docx-0014	docx	hist	0	13	0	3741	5932	24
nist-docx-0014	docx	hist	1	13	0	3890	5940	24
nist-docx-0014	docx	hist	2	13	0	3850	5940	24
nist-docx-0014	docx	hist	3	13	0	3744	5960	24
nist-docx-0014	docx	hist	4	13	0	3764	6024	24
nist-docx-0014	docx	hist	5	13	0	3681	5920	24
nist-docx-0014	docx	full	0	14	0	3840	6016	24
nist-docx-0014	docx	full	1	14	0	4141	6236	24
nist-docx-0014	docx	full	2	14	0	4115	6188	24
nist-docx-0014	docx	full	3	14	0	4348	6184	24
nist-docx-0014	docx	full	4	14	0	4321	6244	24
nist-docx-0014	docx	full	5	14	0	4165	6160	24
nist-docx-0014	docx	adaptive	0	14	0	3536	6124	24
nist-docx-0014	docx	adaptive	1	14	0	4117	6040	24
nist-docx-0014	docx	adaptive	2	14	0	4233	6016	24
nist-docx-0014	docx	adaptive	3	14	0	4146	6032	24
nist-docx-0014	docx	adaptive	4	14	0	4434	6152	24
nist-docx-0014	docx	adaptive	5	14	0	4294	6184	24
nist-docx-0014	docx	hist	0	14	0	3338	5932	24
nist-docx-0014	docx	hist	1	14	0	3769	5940	24
nist-docx-0014	docx	hist	2	14	0	3660	5940	24
nist-docx-0014	docx	hist	3	14	0	3983	5960	24
nist-docx-0014	docx	hist	4	14	0	4106	6024	24
nist-docx-0014	docx	hist	5	14	0	4080	5920	24
nist-docx-0014	docx	vole	0	14	0	5300	11388	24
nist-docx-0014	docx	vole	1	14	0	5300	11388	24
nist-docx-0014	docx	vole	2	14	0	5300	11388	24
nist-docx-0014	docx	vole	3	14	0	5300	11388	24
nist-docx-0014	docx	vole	4	14	0	5300	11388	24
nist-docx-0014	docx	vole	5	14	0	5300	11388	24
nist-docx-0014	docx	vole	0	15	0	5617	11388	24
nist-docx-0014	docx	vole	1	15	0	5617	11388	24
nist-docx-0014	docx	vole	2	15	0	5617	11388	24
nist-docx-0014	docx	vole	3	15	0	5617	11388	24
nist-docx-0014	docx	vole	4	15	0	5617	11388	24
nist-docx-0014	docx	vole	5	15	0	5617	11388	24
nist-docx-0014	docx	full	0	15	0	3799	6016	24
nist-docx-0014	docx	full	1	15	0	3630	6236	24
nist-docx-0014	docx	full	2	15	0	4144	6188	24
nist-docx-0014	docx	full	3	15	0	3836	6184	24
nist-docx-0014	docx	full	4	15	0	4356	6244	24
nist-docx-0014	docx	full	5	15	0	4107	6160	24
nist-docx-0014	docx	adaptive	0	15	0	3527	6124	24
nist-docx-0014	docx	adaptive	1	15	0	3950	6040	24
nist-docx-0014	docx	adaptive	2	15	0	3876	6016	24
nist-docx-0014	docx	adaptive	3	15	0	4255	6032	24
nist-docx-0014	docx	adaptive	4	15	0	4397	6152	24
nist-docx-0014	docx	adaptive	5	15	0	4584	6184	24
nist-docx-0014	docx	hist	0	15	0	3728	5932	24
nist-docx-0014	docx	hist	1	15	0	3862	5940	24
nist-docx-0014	docx	hist	2	15	0	3729	5940	24
nist-docx-0014	docx	hist	3	15	0	3742	5960	24
nist-docx-0014	docx	hist	4	15	0	3964	6024	24
nist-docx-0014	docx	hist	5	15	0	4040	5920	24
nist-epub-0003	epub	vole	0	1	0	6847	4920	24
nist-epub-0003	epub	vole	1	1	0	6847	4920	24
nist-epub-0003	epub	vole	2	1	0	6847	4920	24
nist-epub-0003	epub	vole	3	1	0	6847	4920	24
nist-epub-0003	epub	vole	4	1	0	6847	4920	24
nist-epub-0003	epub	vole	5	1	0	6847	4920	24
nist-epub-0003	epub	full	0	1	0	2768	4136	24
nist-epub-0003	epub	full	1	1	0	2805	4168	24
nist-epub-0003	epub	full	2	1	0	3098	4188	24
nist-epub-0003	epub	full	3	1	0	2977	4272	24
nist-epub-0003	epub	full	4	1	0	3157	4244	24
nist-epub-0003	epub	full	5	1	0	3148	4248	24
nist-epub-0003	epub	adaptive	0	1	0	2631	4220	24
nist-epub-0003	epub	adaptive	1	1	0	2707	4160	24
nist-epub-0003	epub	adaptive	2	1	0	3031	4204	24
nist-epub-0003	epub	adaptive	3	1	0	3059	4292	24
nist-epub-0003	epub	adaptive	4	1	0	3407	4260	24
nist-epub-0003	epub	adaptive	5	1	0	3342	4188	24
nist-epub-0003	epub	hist	0	1	0	2625	4180	24
nist-epub-0003	epub	hist	1	1	0	3277	4088	24
nist-epub-0003	epub	hist	2	1	0	2979	4176	24
nist-epub-0003	epub	hist	3	1	0	3022	4096	24
nist-epub-0003	epub	hist	4	1	0	3252	4144	24
nist-epub-0003	epub	hist	5	1	0	3234	4184	24
nist-epub-0003	epub	full	0	2	0	2828	4136	24
nist-epub-0003	epub	full	1	2	0	2689	4168	24
nist-epub-0003	epub	full	2	2	0	3019	4188	24
nist-epub-0003	epub	full	3	2	0	2945	4272	24
nist-epub-0003	epub	full	4	2	0	3338	4244	24
nist-epub-0003	epub	full	5	2	0	3220	4248	24
nist-epub-0003	epub	adaptive	0	2	0	2645	4220	24
nist-epub-0003	epub	adaptive	1	2	0	2741	4160	24
nist-epub-0003	epub	adaptive	2	2	0	3133	4204	24
nist-epub-0003	epub	adaptive	3	2	0	2964	4292	24
nist-epub-0003	epub	adaptive	4	2	0	3344	4260	24
nist-epub-0003	epub	adaptive	5	2	0	3193	4188	24
nist-epub-0003	epub	hist	0	2	0	2885	4180	24
nist-epub-0003	epub	hist	1	2	0	2756	4088	24
nist-epub-0003	epub	hist	2	2	0	2863	4176	24
nist-epub-0003	epub	hist	3	2	0	2888	4096	24
nist-epub-0003	epub	hist	4	2	0	3069	4144	24
nist-epub-0003	epub	hist	5	2	0	3208	4184	24
nist-epub-0003	epub	vole	0	2	0	6933	4920	24
nist-epub-0003	epub	vole	1	2	0	6933	4920	24
nist-epub-0003	epub	vole	2	2	0	6933	4920	24
nist-epub-0003	epub	vole	3	2	0	6933	4920	24
nist-epub-0003	epub	vole	4	2	0	6933	4920	24
nist-epub-0003	epub	vole	5	2	0	6933	4920	24
nist-epub-0003	epub	vole	0	3	0	7242	4920	24
nist-epub-0003	epub	vole	1	3	0	7242	4920	24
nist-epub-0003	epub	vole	2	3	0	7242	4920	24
nist-epub-0003	epub	vole	3	3	0	7242	4920	24
nist-epub-0003	epub	vole	4	3	0	7242	4920	24
nist-epub-0003	epub	vole	5	3	0	7242	4920	24
nist-epub-0003	epub	full	0	3	0	3326	4136	24
nist-epub-0003	epub	full	1	3	0	2916	4168	24
nist-epub-0003	epub	full	2	3	0	3282	4188	24
nist-epub-0003	epub	full	3	3	0	3282	4272	24
nist-epub-0003	epub	full	4	3	0	3427	4244	24
nist-epub-0003	epub	full	5	3	0	3270	4248	24
nist-epub-0003	epub	adaptive	0	3	0	2944	4220	24
nist-epub-0003	epub	adaptive	1	3	0	3059	4160	24
nist-epub-0003	epub	adaptive	2	3	0	3425	4204	24
nist-epub-0003	epub	adaptive	3	3	0	3296	4292	24
nist-epub-0003	epub	adaptive	4	3	0	3641	4260	24
nist-epub-0003	epub	adaptive	5	3	0	3406	4188	24
nist-epub-0003	epub	hist	0	3	0	2789	4180	24
nist-epub-0003	epub	hist	1	3	0	2807	4088	24
nist-epub-0003	epub	hist	2	3	0	2958	4176	24
nist-epub-0003	epub	hist	3	3	0	3092	4096	24
nist-epub-0003	epub	hist	4	3	0	3140	4144	24
nist-epub-0003	epub	hist	5	3	0	3141	4184	24
nist-epub-0003	epub	full	0	4	0	2748	4136	24
nist-epub-0003	epub	full	1	4	0	2805	4168	24
nist-epub-0003	epub	full	2	4	0	3140	4188	24
nist-epub-0003	epub	full	3	4	0	3191	4272	24
nist-epub-0003	epub	full	4	4	0	3306	4244	24
nist-epub-0003	epub	full	5	4	0	3385	4248	24
nist-epub-0003	epub	adaptive	0	4	0	3111	4220	24
nist-epub-0003	epub	adaptive	1	4	0	3055	4160	24
nist-epub-0003	epub	adaptive	2	4	0	3957	4204	24
nist-epub-0003	epub	adaptive	3	4	0	3196	4292	24
nist-epub-0003	epub	adaptive	4	4	0	3507	4260	24
nist-epub-0003	epub	adaptive	5	4	0	3458	4188	24
nist-epub-0003	epub	hist	0	4	0	2728	4180	24
nist-epub-0003	epub	hist	1	4	0	3027	4088	24
nist-epub-0003	epub	hist	2	4	0	3059	4176	24
nist-epub-0003	epub	hist	3	4	0	3129	4096	24
nist-epub-0003	epub	hist	4	4	0	3332	4144	24
nist-epub-0003	epub	hist	5	4	0	3577	4184	24
nist-epub-0003	epub	vole	0	4	0	7288	4920	24
nist-epub-0003	epub	vole	1	4	0	7288	4920	24
nist-epub-0003	epub	vole	2	4	0	7288	4920	24
nist-epub-0003	epub	vole	3	4	0	7288	4920	24
nist-epub-0003	epub	vole	4	4	0	7288	4920	24
nist-epub-0003	epub	vole	5	4	0	7288	4920	24
nist-epub-0003	epub	vole	0	5	0	6873	4920	24
nist-epub-0003	epub	vole	1	5	0	6873	4920	24
nist-epub-0003	epub	vole	2	5	0	6873	4920	24
nist-epub-0003	epub	vole	3	5	0	6873	4920	24
nist-epub-0003	epub	vole	4	5	0	6873	4920	24
nist-epub-0003	epub	vole	5	5	0	6873	4920	24
nist-epub-0003	epub	full	0	5	0	2973	4136	24
nist-epub-0003	epub	full	1	5	0	2797	4168	24
nist-epub-0003	epub	full	2	5	0	3076	4188	24
nist-epub-0003	epub	full	3	5	0	3276	4272	24
nist-epub-0003	epub	full	4	5	0	3366	4244	24
nist-epub-0003	epub	full	5	5	0	3232	4248	24
nist-epub-0003	epub	adaptive	0	5	0	2699	4220	24
nist-epub-0003	epub	adaptive	1	5	0	2894	4160	24
nist-epub-0003	epub	adaptive	2	5	0	3287	4204	24
nist-epub-0003	epub	adaptive	3	5	0	3636	4292	24
nist-epub-0003	epub	adaptive	4	5	0	3454	4260	24
nist-epub-0003	epub	adaptive	5	5	0	3274	4188	24
nist-epub-0003	epub	hist	0	5	0	2708	4180	24
nist-epub-0003	epub	hist	1	5	0	2860	4088	24
nist-epub-0003	epub	hist	2	5	0	3032	4176	24
nist-epub-0003	epub	hist	3	5	0	2913	4096	24
nist-epub-0003	epub	hist	4	5	0	3224	4144	24
nist-epub-0003	epub	hist	5	5	0	3211	4184	24
nist-epub-0003	epub	full	0	6	0	2856	4136	24
nist-epub-0003	epub	full	1	6	0	2773	4168	24
nist-epub-0003	epub	full	2	6	0	3033	4188	24
nist-epub-0003	epub	full	3	6	0	3038	4272	24
nist-epub-0003	epub	full	4	6	0	3380	4244	24
nist-epub-0003	epub	full	5	6	0	3234	4248	24
nist-epub-0003	epub	adaptive	0	6	0	2852	4220	24
nist-epub-0003	epub	adaptive	1	6	0	2886	4160	24
nist-epub-0003	epub	adaptive	2	6	0	3226	4204	24
nist-epub-0003	epub	adaptive	3	6	0	3200	4292	24
nist-epub-0003	epub	adaptive	4	6	0	3315	4260	24
nist-epub-0003	epub	adaptive	5	6	0	3180	4188	24
nist-epub-0003	epub	hist	0	6	0	2566	4180	24
nist-epub-0003	epub	hist	1	6	0	2709	4088	24
nist-epub-0003	epub	hist	2	6	0	2834	4176	24
nist-epub-0003	epub	hist	3	6	0	3035	4096	24
nist-epub-0003	epub	hist	4	6	0	3181	4144	24
nist-epub-0003	epub	hist	5	6	0	3124	4184	24
nist-epub-0003	epub	vole	0	6	0	7120	4920	24
nist-epub-0003	epub	vole	1	6	0	7120	4920	24
nist-epub-0003	epub	vole	2	6	0	7120	4920	24
nist-epub-0003	epub	vole	3	6	0	7120	4920	24
nist-epub-0003	epub	vole	4	6	0	7120	4920	24
nist-epub-0003	epub	vole	5	6	0	7120	4920	24
nist-epub-0003	epub	vole	0	7	0	7190	4920	24
nist-epub-0003	epub	vole	1	7	0	7190	4920	24
nist-epub-0003	epub	vole	2	7	0	7190	4920	24
nist-epub-0003	epub	vole	3	7	0	7190	4920	24
nist-epub-0003	epub	vole	4	7	0	7190	4920	24
nist-epub-0003	epub	vole	5	7	0	7190	4920	24
nist-epub-0003	epub	full	0	7	0	3143	4136	24
nist-epub-0003	epub	full	1	7	0	2954	4168	24
nist-epub-0003	epub	full	2	7	0	3488	4188	24
nist-epub-0003	epub	full	3	7	0	3232	4272	24
nist-epub-0003	epub	full	4	7	0	3420	4244	24
nist-epub-0003	epub	full	5	7	0	3507	4248	24
nist-epub-0003	epub	adaptive	0	7	0	2987	4220	24
nist-epub-0003	epub	adaptive	1	7	0	2868	4160	24
nist-epub-0003	epub	adaptive	2	7	0	3344	4204	24
nist-epub-0003	epub	adaptive	3	7	0	3106	4292	24
nist-epub-0003	epub	adaptive	4	7	0	3359	4260	24
nist-epub-0003	epub	adaptive	5	7	0	3260	4188	24
nist-epub-0003	epub	hist	0	7	0	2667	4180	24
nist-epub-0003	epub	hist	1	7	0	2702	4088	24
nist-epub-0003	epub	hist	2	7	0	3077	4176	24
nist-epub-0003	epub	hist	3	7	0	2999	4096	24
nist-epub-0003	epub	hist	4	7	0	3214	4144	24
nist-epub-0003	epub	hist	5	7	0	3200	4184	24
nist-epub-0003	epub	full	0	8	0	2985	4136	24
nist-epub-0003	epub	full	1	8	0	2803	4168	24
nist-epub-0003	epub	full	2	8	0	3247	4188	24
nist-epub-0003	epub	full	3	8	0	3030	4272	24
nist-epub-0003	epub	full	4	8	0	3430	4244	24
nist-epub-0003	epub	full	5	8	0	3472	4248	24
nist-epub-0003	epub	adaptive	0	8	0	2884	4220	24
nist-epub-0003	epub	adaptive	1	8	0	2820	4160	24
nist-epub-0003	epub	adaptive	2	8	0	3058	4204	24
nist-epub-0003	epub	adaptive	3	8	0	3071	4292	24
nist-epub-0003	epub	adaptive	4	8	0	3336	4260	24
nist-epub-0003	epub	adaptive	5	8	0	3378	4188	24
nist-epub-0003	epub	hist	0	8	0	2735	4180	24
nist-epub-0003	epub	hist	1	8	0	2778	4088	24
nist-epub-0003	epub	hist	2	8	0	2886	4176	24
nist-epub-0003	epub	hist	3	8	0	2940	4096	24
nist-epub-0003	epub	hist	4	8	0	3161	4144	24
nist-epub-0003	epub	hist	5	8	0	3127	4184	24
nist-epub-0003	epub	vole	0	8	0	7127	4920	24
nist-epub-0003	epub	vole	1	8	0	7127	4920	24
nist-epub-0003	epub	vole	2	8	0	7127	4920	24
nist-epub-0003	epub	vole	3	8	0	7127	4920	24
nist-epub-0003	epub	vole	4	8	0	7127	4920	24
nist-epub-0003	epub	vole	5	8	0	7127	4920	24
nist-epub-0003	epub	vole	0	9	0	7255	4920	24
nist-epub-0003	epub	vole	1	9	0	7255	4920	24
nist-epub-0003	epub	vole	2	9	0	7255	4920	24
nist-epub-0003	epub	vole	3	9	0	7255	4920	24
nist-epub-0003	epub	vole	4	9	0	7255	4920	24
nist-epub-0003	epub	vole	5	9	0	7255	4920	24
nist-epub-0003	epub	full	0	9	0	3711	4136	24
nist-epub-0003	epub	full	1	9	0	3464	4168	24
nist-epub-0003	epub	full	2	9	0	3339	4188	24
nist-epub-0003	epub	full	3	9	0	3505	4272	24
nist-epub-0003	epub	full	4	9	0	3731	4244	24
nist-epub-0003	epub	full	5	9	0	3503	4248	24
nist-epub-0003	epub	adaptive	0	9	0	3129	4220	24
nist-epub-0003	epub	adaptive	1	9	0	3182	4160	24
nist-epub-0003	epub	adaptive	2	9	0	3392	4204	24
nist-epub-0003	epub	adaptive	3	9	0	3410	4292	24
nist-epub-0003	epub	adaptive	4	9	0	4553	4260	24
nist-epub-0003	epub	adaptive	5	9	0	4103	4188	24
nist-epub-0003	epub	hist	0	9	0	2945	4180	24
nist-epub-0003	epub	hist	1	9	0	2900	4088	24
nist-epub-0003	epub	hist	2	9	0	3124	4176	24
nist-epub-0003	epub	hist	3	9	0	3276	4096	24
nist-epub-0003	epub	hist	4	9	0	3325	4144	24
nist-epub-0003	epub	hist	5	9	0	3261	4184	24
nist-epub-0003	epub	full	0	10	0	2888	4136	24
nist-epub-0003	epub	full	1	10	0	3005	4168	24
nist-epub-0003	epub	full	2	10	0	3117	4188	24
nist-epub-0003	epub	full	3	10	0	3183	4272	24
nist-epub-0003	epub	full	4	10	0	3410	4244	24
nist-epub-0003	epub	full	5	10	0	3409	4248	24
nist-epub-0003	epub	adaptive	0	10	0	2805	4220	24
nist-epub-0003	epub	adaptive	1	10	0	2842	4160	24
nist-epub-0003	epub	adaptive	2	10	0	3041	4204	24
nist-epub-0003	epub	adaptive	3	10	0	3107	4292	24
nist-epub-0003	epub	adaptive	4	10	0	3161	4260	24
nist-epub-0003	epub	adaptive	5	10	0	3373	4188	24
nist-epub-0003	epub	hist	0	10	0	2715	4180	24
nist-epub-0003	epub	hist	1	10	0	2829	4088	24
nist-epub-0003	epub	hist	2	10	0	3076	4176	24
nist-epub-0003	epub	hist	3	10	0	3031	4096	24
nist-epub-0003	epub	hist	4	10	0	3158	4144	24
nist-epub-0003	epub	hist	5	10	0	3136	4184	24
nist-epub-0003	epub	vole	0	10	0	8227	4920	24
nist-epub-0003	epub	vole	1	10	0	8227	4920	24
nist-epub-0003	epub	vole	2	10	0	8227	4920	24
nist-epub-0003	epub	vole	3	10	0	8227	4920	24
nist-epub-0003	epub	vole	4	10	0	8227	4920	24
nist-epub-0003	epub	vole	5	10	0	8227	4920	24
nist-epub-0003	epub	vole	0	11	0	7161	4920	24
nist-epub-0003	epub	vole	1	11	0	7161	4920	24
nist-epub-0003	epub	vole	2	11	0	7161	4920	24
nist-epub-0003	epub	vole	3	11	0	7161	4920	24
nist-epub-0003	epub	vole	4	11	0	7161	4920	24
nist-epub-0003	epub	vole	5	11	0	7161	4920	24
nist-epub-0003	epub	full	0	11	0	3284	4136	24
nist-epub-0003	epub	full	1	11	0	3058	4168	24
nist-epub-0003	epub	full	2	11	0	3144	4188	24
nist-epub-0003	epub	full	3	11	0	3422	4272	24
nist-epub-0003	epub	full	4	11	0	3463	4244	24
nist-epub-0003	epub	full	5	11	0	3444	4248	24
nist-epub-0003	epub	adaptive	0	11	0	3015	4220	24
nist-epub-0003	epub	adaptive	1	11	0	3640	4160	24
nist-epub-0003	epub	adaptive	2	11	0	4771	4204	24
nist-epub-0003	epub	adaptive	3	11	0	3575	4292	24
nist-epub-0003	epub	adaptive	4	11	0	3427	4260	24
nist-epub-0003	epub	adaptive	5	11	0	3606	4188	24
nist-epub-0003	epub	hist	0	11	0	2894	4180	24
nist-epub-0003	epub	hist	1	11	0	3028	4088	24
nist-epub-0003	epub	hist	2	11	0	3043	4176	24
nist-epub-0003	epub	hist	3	11	0	3143	4096	24
nist-epub-0003	epub	hist	4	11	0	3236	4144	24
nist-epub-0003	epub	hist	5	11	0	3278	4184	24
nist-epub-0003	epub	full	0	12	0	2904	4136	24
nist-epub-0003	epub	full	1	12	0	2917	4168	24
nist-epub-0003	epub	full	2	12	0	3167	4188	24
nist-epub-0003	epub	full	3	12	0	3505	4272	24
nist-epub-0003	epub	full	4	12	0	3391	4244	24
nist-epub-0003	epub	full	5	12	0	3463	4248	24
nist-epub-0003	epub	adaptive	0	12	0	2947	4220	24
nist-epub-0003	epub	adaptive	1	12	0	2940	4160	24
nist-epub-0003	epub	adaptive	2	12	0	3091	4204	24
nist-epub-0003	epub	adaptive	3	12	0	3028	4292	24
nist-epub-0003	epub	adaptive	4	12	0	3476	4260	24
nist-epub-0003	epub	adaptive	5	12	0	3338	4188	24
nist-epub-0003	epub	hist	0	12	0	2778	4180	24
nist-epub-0003	epub	hist	1	12	0	2780	4088	24
nist-epub-0003	epub	hist	2	12	0	2938	4176	24
nist-epub-0003	epub	hist	3	12	0	3050	4096	24
nist-epub-0003	epub	hist	4	12	0	3256	4144	24
nist-epub-0003	epub	hist	5	12	0	3100	4184	24
nist-epub-0003	epub	vole	0	12	0	7258	4920	24
nist-epub-0003	epub	vole	1	12	0	7258	4920	24
nist-epub-0003	epub	vole	2	12	0	7258	4920	24
nist-epub-0003	epub	vole	3	12	0	7258	4920	24
nist-epub-0003	epub	vole	4	12	0	7258	4920	24
nist-epub-0003	epub	vole	5	12	0	7258	4920	24
nist-epub-0003	epub	vole	0	13	0	7172	4920	24
nist-epub-0003	epub	vole	1	13	0	7172	4920	24
nist-epub-0003	epub	vole	2	13	0	7172	4920	24
nist-epub-0003	epub	vole	3	13	0	7172	4920	24
nist-epub-0003	epub	vole	4	13	0	7172	4920	24
nist-epub-0003	epub	vole	5	13	0	7172	4920	24
nist-epub-0003	epub	full	0	13	0	3198	4136	24
nist-epub-0003	epub	full	1	13	0	3045	4168	24
nist-epub-0003	epub	full	2	13	0	3264	4188	24
nist-epub-0003	epub	full	3	13	0	3316	4272	24
nist-epub-0003	epub	full	4	13	0	3570	4244	24
nist-epub-0003	epub	full	5	13	0	3480	4248	24
nist-epub-0003	epub	adaptive	0	13	0	2936	4220	24
nist-epub-0003	epub	adaptive	1	13	0	3094	4160	24
nist-epub-0003	epub	adaptive	2	13	0	3282	4204	24
nist-epub-0003	epub	adaptive	3	13	0	3743	4292	24
nist-epub-0003	epub	adaptive	4	13	0	3512	4260	24
nist-epub-0003	epub	adaptive	5	13	0	3303	4188	24
nist-epub-0003	epub	hist	0	13	0	2749	4180	24
nist-epub-0003	epub	hist	1	13	0	2848	4088	24
nist-epub-0003	epub	hist	2	13	0	3042	4176	24
nist-epub-0003	epub	hist	3	13	0	3200	4096	24
nist-epub-0003	epub	hist	4	13	0	3157	4144	24
nist-epub-0003	epub	hist	5	13	0	3300	4184	24
nist-epub-0003	epub	full	0	14	0	2811	4136	24
nist-epub-0003	epub	full	1	14	0	2906	4168	24
nist-epub-0003	epub	full	2	14	0	3041	4188	24
nist-epub-0003	epub	full	3	14	0	3344	4272	24
nist-epub-0003	epub	full	4	14	0	3560	4244	24
nist-epub-0003	epub	full	5	14	0	3489	4248	24
nist-epub-0003	epub	adaptive	0	14	0	2757	4220	24
nist-epub-0003	epub	adaptive	1	14	0	2897	4160	24
nist-epub-0003	epub	adaptive	2	14	0	3144	4204	24
nist-epub-0003	epub	adaptive	3	14	0	3105	4292	24
nist-epub-0003	epub	adaptive	4	14	0	3432	4260	24
nist-epub-0003	epub	adaptive	5	14	0	3499	4188	24
nist-epub-0003	epub	hist	0	14	0	2855	4180	24
nist-epub-0003	epub	hist	1	14	0	2770	4088	24
nist-epub-0003	epub	hist	2	14	0	3146	4176	24
nist-epub-0003	epub	hist	3	14	0	2981	4096	24
nist-epub-0003	epub	hist	4	14	0	4225	4144	24
nist-epub-0003	epub	hist	5	14	0	3277	4184	24
nist-epub-0003	epub	vole	0	14	0	7045	4920	24
nist-epub-0003	epub	vole	1	14	0	7045	4920	24
nist-epub-0003	epub	vole	2	14	0	7045	4920	24
nist-epub-0003	epub	vole	3	14	0	7045	4920	24
nist-epub-0003	epub	vole	4	14	0	7045	4920	24
nist-epub-0003	epub	vole	5	14	0	7045	4920	24
nist-epub-0003	epub	vole	0	15	0	6946	4920	24
nist-epub-0003	epub	vole	1	15	0	6946	4920	24
nist-epub-0003	epub	vole	2	15	0	6946	4920	24
nist-epub-0003	epub	vole	3	15	0	6946	4920	24
nist-epub-0003	epub	vole	4	15	0	6946	4920	24
nist-epub-0003	epub	vole	5	15	0	6946	4920	24
nist-epub-0003	epub	full	0	15	0	3007	4136	24
nist-epub-0003	epub	full	1	15	0	2815	4168	24
nist-epub-0003	epub	full	2	15	0	3691	4188	24
nist-epub-0003	epub	full	3	15	0	3033	4272	24
nist-epub-0003	epub	full	4	15	0	3455	4244	24
nist-epub-0003	epub	full	5	15	0	3518	4248	24
nist-epub-0003	epub	adaptive	0	15	0	2665	4220	24
nist-epub-0003	epub	adaptive	1	15	0	2781	4160	24
nist-epub-0003	epub	adaptive	2	15	0	3063	4204	24
nist-epub-0003	epub	adaptive	3	15	0	3175	4292	24
nist-epub-0003	epub	adaptive	4	15	0	3243	4260	24
nist-epub-0003	epub	adaptive	5	15	0	3221	4188	24
nist-epub-0003	epub	hist	0	15	0	2701	4180	24
nist-epub-0003	epub	hist	1	15	0	2671	4088	24
nist-epub-0003	epub	hist	2	15	0	2906	4176	24
nist-epub-0003	epub	hist	3	15	0	2899	4096	24
nist-epub-0003	epub	hist	4	15	0	3090	4144	24
nist-epub-0003	epub	hist	5	15	0	3112	4184	24
nist-epub-0006	epub	vole	0	1	0	5464	4680	24
nist-epub-0006	epub	vole	1	1	0	5464	4680	24
nist-epub-0006	epub	vole	2	1	0	5464	4680	24
nist-epub-0006	epub	vole	3	1	0	5464	4680	24
nist-epub-0006	epub	vole	4	1	0	5464	4680	24
nist-epub-0006	epub	vole	5	1	0	5464	4680	24
nist-epub-0006	epub	full	0	1	0	2508	3428	24
nist-epub-0006	epub	full	1	1	0	2313	3468	24
nist-epub-0006	epub	full	2	1	0	3493	3556	24
nist-epub-0006	epub	full	3	1	0	2729	3592	24
nist-epub-0006	epub	full	4	1	0	4257	3596	24
nist-epub-0006	epub	full	5	1	0	2945	3544	24
nist-epub-0006	epub	adaptive	0	1	0	2357	3428	24
nist-epub-0006	epub	adaptive	1	1	0	2435	3512	24
nist-epub-0006	epub	adaptive	2	1	0	2638	3656	24
nist-epub-0006	epub	adaptive	3	1	0	2583	3652	24
nist-epub-0006	epub	adaptive	4	1	0	2714	3492	24
nist-epub-0006	epub	adaptive	5	1	0	2691	3464	24
nist-epub-0006	epub	hist	0	1	0	2153	3340	24
nist-epub-0006	epub	hist	1	1	0	2458	3340	24
nist-epub-0006	epub	hist	2	1	0	2527	3336	24
nist-epub-0006	epub	hist	3	1	0	2428	3432	24
nist-epub-0006	epub	hist	4	1	0	2771	3476	24
nist-epub-0006	epub	hist	5	1	0	2598	3512	24
nist-epub-0006	epub	full	0	2	0	2181	3428	24
nist-epub-0006	epub	full	1	2	0	2398	3468	24
nist-epub-0006	epub	full	2	2	0	2646	3556	24
nist-epub-0006	epub	full	3	2	0	2611	3592	24
nist-epub-0006	epub	full	4	2	0	2685	3596	24
nist-epub-0006	epub	full	5	2	0	2669	3544	24
nist-epub-0006	epub	adaptive	0	2	0	2322	3428	24
nist-epub-0006	epub	adaptive	1	2	0	2426	3512	24
nist-epub-0006	epub	adaptive	2	2	0	2592	3656	24
nist-epub-0006	epub	adaptive	3	2	0	2545	3652	24
nist-epub-0006	epub	adaptive	4	2	0	2689	3492	24
nist-epub-0006	epub	adaptive	5	2	0	2935	3464	24
nist-epub-0006	epub	hist	0	2	0	2248	3340	24
nist-epub-0006	epub	hist	1	2	0	2309	3340	24
nist-epub-0006	epub	hist	2	2	0	2452	3336	24
nist-epub-0006	epub	hist	3	2	0	2407	3432	24
nist-epub-0006	epub	hist	4	2	0	2567	3476	24
nist-epub-0006	epub	hist	5	2	0	2651	3512	24
nist-epub-0006	epub	vole	0	2	0	5435	4680	24
nist-epub-0006	epub	vole	1	2	0	5435	4680	24
nist-epub-0006	epub	vole	2	2	0	5435	4680	24
nist-epub-0006	epub	vole	3	2	0	5435	4680	24
nist-epub-0006	epub	vole	4	2	0	5435	4680	24
nist-epub-0006	epub	vole	5	2	0	5435	4680	24
nist-epub-0006	epub	vole	0	3	0	5507	4680	24
nist-epub-0006	epub	vole	1	3	0	5507	4680	24
nist-epub-0006	epub	vole	2	3	0	5507	4680	24
nist-epub-0006	epub	vole	3	3	0	5507	4680	24
nist-epub-0006	epub	vole	4	3	0	5507	4680	24
nist-epub-0006	epub	vole	5	3	0	5507	4680	24
nist-epub-0006	epub	full	0	3	0	2494	3428	24
nist-epub-0006	epub	full	1	3	0	2391	3468	24
nist-epub-0006	epub	full	2	3	0	2589	3556	24
nist-epub-0006	epub	full	3	3	0	2865	3592	24
nist-epub-0006	epub	full	4	3	0	3980	3596	24
nist-epub-0006	epub	full	5	3	0	3142	3544	24
nist-epub-0006	epub	adaptive	0	3	0	2364	3428	24
nist-epub-0006	epub	adaptive	1	3	0	2465	3512	24
nist-epub-0006	epub	adaptive	2	3	0	2638	3656	24
nist-epub-0006	epub	adaptive	3	3	0	2578	3652	24
nist-epub-0006	epub	adaptive	4	3	0	3173	3492	24
nist-epub-0006	epub	adaptive	5	3	0	2879	3464	24
nist-epub-0006	epub	hist	0	3	0	3895	3340	24
nist-epub-0006	epub	hist	1	3	0	2387	3340	24
nist-epub-0006	epub	hist	2	3	0	2500	3336	24
nist-epub-0006	epub	hist	3	3	0	2397	3432	24
nist-epub-0006	epub	hist	4	3	0	2589	3476	24
nist-epub-0006	epub	hist	5	3	0	2678	3512	24
nist-epub-0006	epub	full	0	4	0	2330	3428	24
nist-epub-0006	epub	full	1	4	0	2628	3468	24
nist-epub-0006	epub	full	2	4	0	2740	3556	24
nist-epub-0006	epub	full	3	4	0	2615	3592	24
nist-epub-0006	epub	full	4	4	0	2769	3596	24
nist-epub-0006	epub	full	5	4	0	2688	3544	24
nist-epub-0006	epub	adaptive	0	4	0	2202	3428	24
nist-epub-0006	epub	adaptive	1	4	0	2432	3512	24
nist-epub-0006	epub	adaptive	2	4	0	2586	3656	24
nist-epub-0006	epub	adaptive	3	4	0	2677	3652	24
nist-epub-0006	epub	adaptive	4	4	0	2817	3492	24
nist-epub-0006	epub	adaptive	5	4	0	2729	3464	24
nist-epub-0006	epub	hist	0	4	0	2152	3340	24
nist-epub-0006	epub	hist	1	4	0	2222	3340	24
nist-epub-0006	epub	hist	2	4	0	2368	3336	24
nist-epub-0006	epub	hist	3	4	0	2399	3432	24
nist-epub-0006	epub	hist	4	4	0	2760	3476	24
nist-epub-0006	epub	hist	5	4	0	2653	3512	24
nist-epub-0006	epub	vole	0	4	0	5588	4680	24
nist-epub-0006	epub	vole	1	4	0	5588	4680	24
nist-epub-0006	epub	vole	2	4	0	5588	4680	24
nist-epub-0006	epub	vole	3	4	0	5588	4680	24
nist-epub-0006	epub	vole	4	4	0	5588	4680	24
nist-epub-0006	epub	vole	5	4	0	5588	4680	24
nist-epub-0006	epub	vole	0	5	0	5556	4680	24
nist-epub-0006	epub	vole	1	5	0	5556	4680	24
nist-epub-0006	epub	vole	2	5	0	5556	4680	24
nist-epub-0006	epub	vole	3	5	0	5556	4680	24
nist-epub-0006	epub	vole	4	5	0	5556	4680	24
nist-epub-0006	epub	vole	5	5	0	5556	4680	24
nist-epub-0006	epub	full	0	5	0	2617	3428	24
nist-epub-0006	epub	full	1	5	0	2457	3468	24
nist-epub-0006	epub	full	2	5	0	2608	3556	24
nist-epub-0006	epub	full	3	5	0	2689	3592	24
nist-epub-0006	epub	full	4	5	0	3040	3596	24
nist-epub-0006	epub	full	5	5	0	2811	3544	24
nist-epub-0006	epub	adaptive	0	5	0	2240	3428	24
nist-epub-0006	epub	adaptive	1	5	0	2356	3512	24
nist-epub-0006	epub	adaptive	2	5	0	2642	3656	24
nist-epub-0006	epub	adaptive	3	5	0	2862	3652	24
nist-epub-0006	epub	adaptive	4	5	0	2908	3492	24
nist-epub-0006	epub	adaptive	5	5	0	2771	3464	24
nist-epub-0006	epub	hist	0	5	0	2242	3340	24
nist-epub-0006	epub	hist	1	5	0	2304	3340	24
nist-epub-0006	epub	hist	2	5	0	2526	3336	24
nist-epub-0006	epub	hist	3	5	0	2475	3432	24
nist-epub-0006	epub	hist	4	5	0	2779	3476	24
nist-epub-0006	epub	hist	5	5	0	2669	3512	24
nist-epub-0006	epub	full	0	6	0	2251	3428	24
nist-epub-0006	epub	full	1	6	0	2292	3468	24
nist-epub-0006	epub	full	2	6	0	2530	3556	24
nist-epub-0006	epub	full	3	6	0	2560	3592	24
nist-epub-0006	epub	full	4	6	0	2644	3596	24
nist-epub-0006	epub	full	5	6	0	2726	3544	24
nist-epub-0006	epub	adaptive	0	6	0	2321	3428	24
nist-epub-0006	epub	adaptive	1	6	0	2289	3512	24
nist-epub-0006	epub	adaptive	2	6	0	2488	3656	24
nist-epub-0006	epub	adaptive	3	6	0	2509	3652	24
nist-epub-0006	epub	adaptive	4	6	0	2823	3492	24
nist-epub-0006	epub	adaptive	5	6	0	2756	3464	24
nist-epub-0006	epub	hist	0	6	0	2274	3340	24
nist-epub-0006	epub	hist	1	6	0	2369	3340	24
nist-epub-0006	epub	hist	2	6	0	2390	3336	24
nist-epub-0006	epub	hist	3	6	0	2429	3432	24
nist-epub-0006	epub	hist	4	6	0	2747	3476	24
nist-epub-0006	epub	hist	5	6	0	2701	3512	24
nist-epub-0006	epub	vole	0	6	0	6128	4680	24
nist-epub-0006	epub	vole	1	6	0	6128	4680	24
nist-epub-0006	epub	vole	2	6	0	6128	4680	24
nist-epub-0006	epub	vole	3	6	0	6128	4680	24
nist-epub-0006	epub	vole	4	6	0	6128	4680	24
nist-epub-0006	epub	vole	5	6	0	6128	4680	24
nist-epub-0006	epub	vole	0	7	0	5730	4680	24
nist-epub-0006	epub	vole	1	7	0	5730	4680	24
nist-epub-0006	epub	vole	2	7	0	5730	4680	24
nist-epub-0006	epub	vole	3	7	0	5730	4680	24
nist-epub-0006	epub	vole	4	7	0	5730	4680	24
nist-epub-0006	epub	vole	5	7	0	5730	4680	24
nist-epub-0006	epub	full	0	7	0	3036	3428	24
nist-epub-0006	epub	full	1	7	0	2586	3468	24
nist-epub-0006	epub	full	2	7	0	2643	3556	24
nist-epub-0006	epub	full	3	7	0	2661	3592	24
nist-epub-0006	epub	full	4	7	0	2737	3596	24
nist-epub-0006	epub	full	5	7	0	2778	3544	24
nist-epub-0006	epub	adaptive	0	7	0	2333	3428	24
nist-epub-0006	epub	adaptive	1	7	0	2335	3512	24
nist-epub-0006	epub	adaptive	2	7	0	2576	3656	24
nist-epub-0006	epub	adaptive	3	7	0	2575	3652	24
nist-epub-0006	epub	adaptive	4	7	0	2960	3492	24
nist-epub-0006	epub	adaptive	5	7	0	2837	3464	24
nist-epub-0006	epub	hist	0	7	0	2229	3340	24
nist-epub-0006	epub	hist	1	7	0	2261	3340	24
nist-epub-0006	epub	hist	2	7	0	2498	3336	24
nist-epub-0006	epub	hist	3	7	0	2417	3432	24
nist-epub-0006	epub	hist	4	7	0	2579	3476	24
nist-epub-0006	epub	hist	5	7	0	2574	3512	24
nist-epub-0006	epub	full	0	8	0	2218	3428	24
nist-epub-0006	epub	full	1	8	0	2335	3468	24
nist-epub-0006	epub	full	2	8	0	2510	3556	24
nist-epub-0006	epub	full	3	8	0	2745	3592	24
nist-epub-0006	epub	full	4	8	0	2853	3596	24
nist-epub-0006	epub	full	5	8	0	2735	3544	24
nist-epub-0006	epub	adaptive	0	8	0	2249	3428	24
nist-epub-0006	epub	adaptive	1	8	0	2332	3512	24
nist-epub-0006	epub	adaptive	2	8	0	2476	3656	24
nist-epub-0006	epub	adaptive	3	8	0	3236	3652	24
nist-epub-0006	epub	adaptive	4	8	0	3172	3492	24
nist-epub-0006	epub	adaptive	5	8	0	2853	3464	24
nist-epub-0006	epub	hist	0	8	0	2354	3340	24
nist-epub-0006	epub	hist	1	8	0	2338	3340	24
nist-epub-0006	epub	hist	2	8	0	2519	3336	24
nist-epub-0006	epub	hist	3	8	0	2601	3432	24
nist-epub-0006	epub	hist	4	8	0	2634	3476	24
nist-epub-0006	epub	hist	5	8	0	2798	3512	24
nist-epub-0006	epub	vole	0	8	0	5605	4680	24
nist-epub-0006	epub	vole	1	8	0	5605	4680	24
nist-epub-0006	epub	vole	2	8	0	5605	4680	24
nist-epub-0006	epub	vole	3	8	0	5605	4680	24
nist-epub-0006	epub	vole	4	8	0	5605	4680	24
nist-epub-0006	epub	vole	5	8	0	5605	4680	24
nist-epub-0006	epub	vole	0	9	0	5467	4680	24
nist-epub-0006	epub	vole	1	9	0	5467	4680	24
nist-epub-0006	epub	vole	2	9	0	5467	4680	24
nist-epub-0006	epub	vole	3	9	0	5467	4680	24
nist-epub-0006	epub	vole	4	9	0	5467	4680	24
nist-epub-0006	epub	vole	5	9	0	5467	4680	24
nist-epub-0006	epub	full	0	9	0	2428	3428	24
nist-epub-0006	epub	full	1	9	0	2333	3468	24
nist-epub-0006	epub	full	2	9	0	2598	3556	24
nist-epub-0006	epub	full	3	9	0	2736	3592	24
nist-epub-0006	epub	full	4	9	0	2780	3596	24
nist-epub-0006	epub	full	5	9	0	2800	3544	24
nist-epub-0006	epub	adaptive	0	9	0	2285	3428	24
nist-epub-0006	epub	adaptive	1	9	0	2369	3512	24
nist-epub-0006	epub	adaptive	2	9	0	2564	3656	24
nist-epub-0006	epub	adaptive	3	9	0	2700	3652	24
nist-epub-0006	epub	adaptive	4	9	0	2916	3492	24
nist-epub-0006	epub	adaptive	5	9	0	3123	3464	24
nist-epub-0006	epub	hist	0	9	0	2885	3340	24
nist-epub-0006	epub	hist	1	9	0	2751	3340	24
nist-epub-0006	epub	hist	2	9	0	2619	3336	24
nist-epub-0006	epub	hist	3	9	0	2608	3432	24
nist-epub-0006	epub	hist	4	9	0	2634	3476	24
nist-epub-0006	epub	hist	5	9	0	2879	3512	24
nist-epub-0006	epub	full	0	10	0	2320	3428	24
nist-epub-0006	epub	full	1	10	0	2388	3468	24
nist-epub-0006	epub	full	2	10	0	2728	3556	24
nist-epub-0006	epub	full	3	10	0	2658	3592	24
nist-epub-0006	epub	full	4	10	0	2806	3596	24
nist-epub-0006	epub	full	5	10	0	2666	3544	24
nist-epub-0006	epub	adaptive	0	10	0	2280	3428	24
nist-epub-0006	epub	adaptive	1	10	0	2397	3512	24
nist-epub-0006	epub	adaptive	2	10	0	2571	3656	24
nist-epub-0006	epub	adaptive	3	10	0	2497	3652	24
nist-epub-0006	epub	adaptive	4	10	0	2782	3492	24
nist-epub-0006	epub	adaptive	5	10	0	2759	3464	24
nist-epub-0006	epub	hist	0	10	0	2343	3340	24
nist-epub-0006	epub	hist	1	10	0	2528	3340	24
nist-epub-0006	epub	hist	2	10	0	2551	3336	24
nist-epub-0006	epub	hist	3	10	0	2459	3432	24
nist-epub-0006	epub	hist	4	10	0	2585	3476	24
nist-epub-0006	epub	hist	5	10	0	2642	3512	24
nist-epub-0006	epub	vole	0	10	0	5568	4680	24
nist-epub-0006	epub	vole	1	10	0	5568	4680	24
nist-epub-0006	epub	vole	2	10	0	5568	4680	24
nist-epub-0006	epub	vole	3	10	0	5568	4680	24
nist-epub-0006	epub	vole	4	10	0	5568	4680	24
nist-epub-0006	epub	vole	5	10	0	5568	4680	24
nist-epub-0006	epub	vole	0	11	0	6034	4680	24
nist-epub-0006	epub	vole	1	11	0	6034	4680	24
nist-epub-0006	epub	vole	2	11	0	6034	4680	24
nist-epub-0006	epub	vole	3	11	0	6034	4680	24
nist-epub-0006	epub	vole	4	11	0	6034	4680	24
nist-epub-0006	epub	vole	5	11	0	6034	4680	24
nist-epub-0006	epub	full	0	11	0	2801	3428	24
nist-epub-0006	epub	full	1	11	0	2630	3468	24
nist-epub-0006	epub	full	2	11	0	2929	3556	24
nist-epub-0006	epub	full	3	11	0	2803	3592	24
nist-epub-0006	epub	full	4	11	0	2992	3596	24
nist-epub-0006	epub	full	5	11	0	3044	3544	24
nist-epub-0006	epub	adaptive	0	11	0	2388	3428	24
nist-epub-0006	epub	adaptive	1	11	0	2402	3512	24
nist-epub-0006	epub	adaptive	2	11	0	2626	3656	24
nist-epub-0006	epub	adaptive	3	11	0	2612	3652	24
nist-epub-0006	epub	adaptive	4	11	0	2740	3492	24
nist-epub-0006	epub	adaptive	5	11	0	2835	3464	24
nist-epub-0006	epub	hist	0	11	0	2191	3340	24
nist-epub-0006	epub	hist	1	11	0	2310	3340	24
nist-epub-0006	epub	hist	2	11	0	2447	3336	24
nist-epub-0006	epub	hist	3	11	0	2374	3432	24
nist-epub-0006	epub	hist	4	11	0	2676	3476	24
nist-epub-0006	epub	hist	5	11	0	2621	3512	24
nist-epub-0006	epub	full	0	12	0	2206	3428	24
nist-epub-0006	epub	full	1	12	0	2394	3468	24
nist-epub-0006	epub	full	2	12	0	2561	3556	24
nist-epub-0006	epub	full	3	12	0	2534	3592	24
nist-epub-0006	epub	full	4	12	0	2597	3596	24
nist-epub-0006	epub	full	5	12	0	2645	3544	24
nist-epub-0006	epub	adaptive	0	12	0	2261	3428	24
nist-epub-0006	epub	adaptive	1	12	0	2291	3512	24
nist-epub-0006	epub	adaptive	2	12	0	2451	3656	24
nist-epub-0006	epub	adaptive	3	12	0	2496	3652	24
nist-epub-0006	epub	adaptive	4	12	0	2807	3492	24
nist-epub-0006	epub	adaptive	5	12	0	2651	3464	24
nist-epub-0006	epub	hist	0	12	0	2215	3340	24
nist-epub-0006	epub	hist	1	12	0	2600	3340	24
nist-epub-0006	epub	hist	2	12	0	2705	3336	24
nist-epub-0006	epub	hist	3	12	0	2602	3432	24
nist-epub-0006	epub	hist	4	12	0	3404	3476	24
nist-epub-0006	epub	hist	5	12	0	2621	3512	24
nist-epub-0006	epub	vole	0	12	0	5556	4680	24
nist-epub-0006	epub	vole	1	12	0	5556	4680	24
nist-epub-0006	epub	vole	2	12	0	5556	4680	24
nist-epub-0006	epub	vole	3	12	0	5556	4680	24
nist-epub-0006	epub	vole	4	12	0	5556	4680	24
nist-epub-0006	epub	vole	5	12	0	5556	4680	24
nist-epub-0006	epub	vole	0	13	0	5411	4680	24
nist-epub-0006	epub	vole	1	13	0	5411	4680	24
nist-epub-0006	epub	vole	2	13	0	5411	4680	24
nist-epub-0006	epub	vole	3	13	0	5411	4680	24
nist-epub-0006	epub	vole	4	13	0	5411	4680	24
nist-epub-0006	epub	vole	5	13	0	5411	4680	24
nist-epub-0006	epub	full	0	13	0	2295	3428	24
nist-epub-0006	epub	full	1	13	0	2311	3468	24
nist-epub-0006	epub	full	2	13	0	2490	3556	24
nist-epub-0006	epub	full	3	13	0	2493	3592	24
nist-epub-0006	epub	full	4	13	0	2699	3596	24
nist-epub-0006	epub	full	5	13	0	2794	3544	24
nist-epub-0006	epub	adaptive	0	13	0	2221	3428	24
nist-epub-0006	epub	adaptive	1	13	0	2250	3512	24
nist-epub-0006	epub	adaptive	2	13	0	2437	3656	24
nist-epub-0006	epub	adaptive	3	13	0	2505	3652	24
nist-epub-0006	epub	adaptive	4	13	0	2676	3492	24
nist-epub-0006	epub	adaptive	5	13	0	2644	3464	24
nist-epub-0006	epub	hist	0	13	0	2110	3340	24
nist-epub-0006	epub	hist	1	13	0	2198	3340	24
nist-epub-0006	epub	hist	2	13	0	2369	3336	24
nist-epub-0006	epub	hist	3	13	0	3564	3432	24
nist-epub-0006	epub	hist	4	13	0	2705	3476	24
nist-epub-0006	epub	hist	5	13	0	2544	3512	24
nist-epub-0006	epub	full	0	14	0	2178	3428	24
nist-epub-0006	epub	full	1	14	0	2243	3468	24
nist-epub-0006	epub	full	2	14	0	2533	3556	24
nist-epub-0006	epub	full	3	14	0	3071	3592	24
nist-epub-0006	epub	full	4	14	0	2912	3596	24
nist-epub-0006	epub	full	5	14	0	2907	3544	24
nist-epub-0006	epub	adaptive	0	14	0	2359	3428	24
nist-epub-0006	epub	adaptive	1	14	0	2362	3512	24
nist-epub-0006	epub	adaptive	2	14	0	2519	3656	24
nist-epub-0006	epub	adaptive	3	14	0	2577	3652	24
nist-epub-0006	epub	adaptive	4	14	0	2743	3492	24
nist-epub-0006	epub	adaptive	5	14	0	2635	3464	24
nist-epub-0006	epub	hist	0	14	0	2176	3340	24
nist-epub-0006	epub	hist	1	14	0	2219	3340	24
nist-epub-0006	epub	hist	2	14	0	2409	3336	24
nist-epub-0006	epub	hist	3	14	0	2499	3432	24
nist-epub-0006	epub	hist	4	14	0	2567	3476	24
nist-epub-0006	epub	hist	5	14	0	2582	3512	24
nist-epub-0006	epub	vole	0	14	0	5384	4680	24
nist-epub-0006	epub	vole	1	14	0	5384	4680	24
nist-epub-0006	epub	vole	2	14	0	5384	4680	24
nist-epub-0006	epub	vole	3	14	0	5384	4680	24
nist-epub-0006	epub	vole	4	14	0	5384	4680	24
nist-epub-0006	epub	vole	5	14	0	5384	4680	24
nist-epub-0006	epub	vole	0	15	0	5267	4680	24
nist-epub-0006	epub	vole	1	15	0	5267	4680	24
nist-epub-0006	epub	vole	2	15	0	5267	4680	24
nist-epub-0006	epub	vole	3	15	0	5267	4680	24
nist-epub-0006	epub	vole	4	15	0	5267	4680	24
nist-epub-0006	epub	vole	5	15	0	5267	4680	24
nist-epub-0006	epub	full	0	15	0	2354	3428	24
nist-epub-0006	epub	full	1	15	0	2359	3468	24
nist-epub-0006	epub	full	2	15	0	2588	3556	24
nist-epub-0006	epub	full	3	15	0	2613	3592	24
nist-epub-0006	epub	full	4	15	0	2654	3596	24
nist-epub-0006	epub	full	5	15	0	2669	3544	24
nist-epub-0006	epub	adaptive	0	15	0	2133	3428	24
nist-epub-0006	epub	adaptive	1	15	0	2204	3512	24
nist-epub-0006	epub	adaptive	2	15	0	2509	3656	24
nist-epub-0006	epub	adaptive	3	15	0	2573	3652	24
nist-epub-0006	epub	adaptive	4	15	0	2713	3492	24
nist-epub-0006	epub	adaptive	5	15	0	2764	3464	24
nist-epub-0006	epub	hist	0	15	0	2584	3340	24
nist-epub-0006	epub	hist	1	15	0	2259	3340	24
nist-epub-0006	epub	hist	2	15	0	2386	3336	24
nist-epub-0006	epub	hist	3	15	0	2445	3432	24
nist-epub-0006	epub	hist	4	15	0	2659	3476	24
nist-epub-0006	epub	hist	5	15	0	2612	3512	24
nist-epub-0008	epub	vole	0	1	0	3016	4036	24
nist-epub-0008	epub	vole	1	1	0	3016	4036	24
nist-epub-0008	epub	vole	2	1	0	3016	4036	24
nist-epub-0008	epub	vole	3	1	0	3016	4036	24
nist-epub-0008	epub	vole	4	1	0	3016	4036	24
nist-epub-0008	epub	vole	5	1	0	3016	4036	24
nist-epub-0008	epub	full	0	1	0	2120	3084	24
nist-epub-0008	epub	full	1	1	0	2099	3244	24
nist-epub-0008	epub	full	2	1	0	2518	3080	24
nist-epub-0008	epub	full	3	1	0	2472	3328	24
nist-epub-0008	epub	full	4	1	0	2641	3516	24
nist-epub-0008	epub	full	5	1	0	2696	3440	24
nist-epub-0008	epub	adaptive	0	1	0	1964	2892	24
nist-epub-0008	epub	adaptive	1	1	0	2101	3140	24
nist-epub-0008	epub	adaptive	2	1	0	2436	3376	24
nist-epub-0008	epub	adaptive	3	1	0	2531	3388	24
nist-epub-0008	epub	adaptive	4	1	0	2715	3496	24
nist-epub-0008	epub	adaptive	5	1	0	2668	3208	24
nist-epub-0008	epub	hist	0	1	0	1949	2932	24
nist-epub-0008	epub	hist	1	1	0	2011	2844	24
nist-epub-0008	epub	hist	2	1	0	2179	3096	24
nist-epub-0008	epub	hist	3	1	0	2134	3012	24
nist-epub-0008	epub	hist	4	1	0	2311	3104	24
nist-epub-0008	epub	hist	5	1	0	2341	3104	24
nist-epub-0008	epub	full	0	2	0	1989	3084	24
nist-epub-0008	epub	full	1	2	0	2110	3244	24
nist-epub-0008	epub	full	2	2	0	2487	3080	24
nist-epub-0008	epub	full	3	2	0	2466	3328	24
nist-epub-0008	epub	full	4	2	0	2530	3516	24
nist-epub-0008	epub	full	5	2	0	2774	3440	24
nist-epub-0008	epub	adaptive	0	2	0	2054	2892	24
nist-epub-0008	epub	adaptive	1	2	0	2113	3140	24
nist-epub-0008	epub	adaptive	2	2	0	2366	3376	24
nist-epub-0008	epub	adaptive	3	2	0	2473	3388	24
nist-epub-0008	epub	adaptive	4	2	0	2666	3496	24
nist-epub-0008	epub	adaptive	5	2	0	2687	3208	24
nist-epub-0008	epub	hist	0	2	0	1957	2932	24
nist-epub-0008	epub	hist	1	2	0	2138	2844	24
nist-epub-0008	epub	hist	2	2	0	2352	3096	24
nist-epub-0008	epub	hist	3	2	0	2172	3012	24
nist-epub-0008	epub	hist	4	2	0	2398	3104	24
nist-epub-0008	epub	hist	5	2	0	2528	3104	24
nist-epub-0008	epub	vole	0	2	0	3181	4036	24
nist-epub-0008	epub	vole	1	2	0	3181	4036	24
nist-epub-0008	epub	vole	2	2	0	3181	4036	24
nist-epub-0008	epub	vole	3	2	0	3181	4036	24
nist-epub-0008	epub	vole	4	2	0	3181	4036	24
nist-epub-0008	epub	vole	5	2	0	3181	4036	24
nist-epub-0008	epub	vole	0	3	0	3078	4036	24
nist-epub-0008	epub	vole	1	3	0	3078	4036	24
nist-epub-0008	epub	vole	2	3	0	3078	4036	24
nist-epub-0008	epub	vole	3	3	0	3078	4036	24
nist-epub-0008	epub	vole	4	3	0	3078	4036	24
nist-epub-0008	epub	vole	5	3	0	3078	4036	24
nist-epub-0008	epub	full	0	3	0	2416	3084	24
nist-epub-0008	epub	full	1	3	0	2411	3244	24
nist-epub-0008	epub	full	2	3	0	2584	3080	24
nist-epub-0008	epub	full	3	3	0	2634	3328	24
nist-epub-0008	epub	full	4	3	0	2703	3516	24
nist-epub-0008	epub	full	5	3	0	2733	3440	24
nist-epub-0008	epub	adaptive	0	3	0	2192	2892	24
nist-epub-0008	epub	adaptive	1	3	0	2186	3140	24
nist-epub-0008	epub	adaptive	2	3	0	4514	3376	24
nist-epub-0008	epub	adaptive	3	3	0	3122	3388	24
nist-epub-0008	epub	adaptive	4	3	0	2956	3496	24
nist-epub-0008	epub	adaptive	5	3	0	2835	3208	24
nist-epub-0008	epub	hist	0	3	0	2186	2932	24
nist-epub-0008	epub	hist	1	3	0	2120	2844	24
nist-epub-0008	epub	hist	2	3	0	2280	3096	24
nist-epub-0008	epub	hist	3	3	0	2404	3012	24
nist-epub-0008	epub	hist	4	3	0	2483	3104	24
nist-epub-0008	epub	hist	5	3	0	2387	3104	24
nist-epub-0008	epub	full	0	4	0	2037	3084	24
nist-epub-0008	epub	full	1	4	0	2133	3244	24
nist-epub-0008	epub	full	2	4	0	2595	3080	24
nist-epub-0008	epub	full	3	4	0	2506	3328	24
nist-epub-0008	epub	full	4	4	0	2712	3516	24
nist-epub-0008	epub	full	5	4	0	2859	3440	24
nist-epub-0008	epub	adaptive	0	4	0	2011	2892	24
nist-epub-0008	epub	adaptive	1	4	0	2165	3140	24
nist-epub-0008	epub	adaptive	2	4	0	2471	3376	24
nist-epub-0008	epub	adaptive	3	4	0	2531	3388	24
nist-epub-0008	epub	adaptive	4	4	0	2687	3496	24
nist-epub-0008	epub	adaptive	5	4	0	2659	3208	24
nist-epub-0008	epub	hist	0	4	0	1890	2932	24
nist-epub-0008	epub	hist	1	4	0	2012	2844	24
nist-epub-0008	epub	hist	2	4	0	2135	3096	24
nist-epub-0008	epub	hist	3	4	0	2219	3012	24
nist-epub-0008	epub	hist	4	4	0	2336	3104	24
nist-epub-0008	epub	hist	5	4	0	2332	3104	24
nist-epub-0008	epub	vole	0	4	0	3052	4036	24
nist-epub-0008	epub	vole	1	4	0	3052	4036	24
nist-epub-0008	epub	vole	2	4	0	3052	4036	24
nist-epub-0008	epub	vole	3	4	0	3052	4036	24
nist-epub-0008	epub	vole	4	4	0	3052	4036	24
nist-epub-0008	epub	vole	5	4	0	3052	4036	24
nist-epub-0008	epub	vole	0	5	0	3136	4036	24
nist-epub-0008	epub	vole	1	5	0	3136	4036	24
nist-epub-0008	epub	vole	2	5	0	3136	4036	24
nist-epub-0008	epub	vole	3	5	0	3136	4036	24
nist-epub-0008	epub	vole	4	5	0	3136	4036	24
nist-epub-0008	epub	vole	5	5	0	3136	4036	24
nist-epub-0008	epub	full	0	5	0	2599	3084	24
nist-epub-0008	epub	full	1	5	0	2692	3244	24
nist-epub-0008	epub	full	2	5	0	2613	3080	24
nist-epub-0008	epub	full	3	5	0	3315	3328	24
nist-epub-0008	epub	full	4	5	0	2798	3516	24
nist-epub-0008	epub	full	5	5	0	2807	3440	24
nist-epub-0008	epub	adaptive	0	5	0	2065	2892	24
nist-epub-0008	epub	adaptive	1	5	0	2343	3140	24
nist-epub-0008	epub	adaptive	2	5	0	2504	3376	24
nist-epub-0008	epub	adaptive	3	5	0	2709	3388	24
nist-epub-0008	epub	adaptive	4	5	0	2780	3496	24
nist-epub-0008	epub	adaptive	5	5	0	2876	3208	24
nist-epub-0008	epub	hist	0	5	0	1965	2932	24
nist-epub-0008	epub	hist	1	5	0	2082	2844	24
nist-epub-0008	epub	hist	2	5	0	2222	3096	24
nist-epub-0008	epub	hist	3	5	0	2121	3012	24
nist-epub-0008	epub	hist	4	5	0	2301	3104	24
nist-epub-0008	epub	hist	5	5	0	2313	3104	24
nist-epub-0008	epub	full	0	6	0	1980	3084	24
nist-epub-0008	epub	full	1	6	0	2146	3244	24
nist-epub-0008	epub	full	2	6	0	2582	3080	24
nist-epub-0008	epub	full	3	6	0	2675	3328	24
nist-epub-0008	epub	full	4	6	0	2698	3516	24
nist-epub-0008	epub	full	5	6	0	2740	3440	24
nist-epub-0008	epub	adaptive	0	6	0	2130	2892	24
nist-epub-0008	epub	adaptive	1	6	0	2070	3140	24
nist-epub-0008	epub	adaptive	2	6	0	2515	3376	24
nist-epub-0008	epub	adaptive	3	6	0	2424	3388	24
nist-epub-0008	epub	adaptive	4	6	0	2562	3496	24
nist-epub-0008	epub	adaptive	5	6	0	2584	3208	24
nist-epub-0008	epub	hist	0	6	0	1880	2932	24
nist-epub-0008	epub	hist	1	6	0	1938	2844	24
nist-epub-0008	epub	hist	2	6	0	2179	3096	24
nist-epub-0008	epub	hist	3	6	0	2269	3012	24
nist-epub-0008	epub	hist	4	6	0	2295	3104	24
nist-epub-0008	epub	hist	5	6	0	2257	3104	24
nist-epub-0008	epub	vole	0	6	0	3072	4036	24
nist-epub-0008	epub	vole	1	6	0	3072	4036	24
nist-epub-0008	epub	vole	2	6	0	3072	4036	24
nist-epub-0008	epub	vole	3	6	0	3072	4036	24
nist-epub-0008	epub	vole	4	6	0	3072	4036	24
nist-epub-0008	epub	vole	5	6	0	3072	4036	24
nist-epub-0008	epub	vole	0	7	0	3370	4036	24
nist-epub-0008	epub	vole	1	7	0	3370	4036	24
nist-epub-0008	epub	vole	2	7	0	3370	4036	24
nist-epub-0008	epub	vole	3	7	0	3370	4036	24
nist-epub-0008	epub	vole	4	7	0	3370	4036	24
nist-epub-0008	epub	vole	5	7	0	3370	4036	24
nist-epub-0008	epub	full	0	7	0	2425	3084	24
nist-epub-0008	epub	full	1	7	0	2260	3244	24
nist-epub-0008	epub	full	2	7	0	2502	3080	24
nist-epub-0008	epub	full	3	7	0	2623	3328	24
nist-epub-0008	epub	full	4	7	0	2690	3516	24
nist-epub-0008	epub	full	5	7	0	2786	3440	24
nist-epub-0008	epub	adaptive	0	7	0	2005	2892	24
nist-epub-0008	epub	adaptive	1	7	0	2067	3140	24
nist-epub-0008	epub	adaptive	2	7	0	2413	3376	24
nist-epub-0008	epub	adaptive	3	7	0	2434	3388	24
nist-epub-0008	epub	adaptive	4	7	0	2647	3496	24
nist-epub-0008	epub	adaptive	5	7	0	2587	3208	24
nist-epub-0008	epub	hist	0	7	0	1989	2932	24
nist-epub-0008	epub	hist	1	7	0	2001	2844	24
nist-epub-0008	epub	hist	2	7	0	2211	3096	24
nist-epub-0008	epub	hist	3	7	0	2276	3012	24
nist-epub-0008	epub	hist	4	7	0	2417	3104	24
nist-epub-0008	epub	hist	5	7	0	2359	3104	24
nist-epub-0008	epub	full	0	8	0	1982	3084	24
nist-epub-0008	epub	full	1	8	0	2146	3244	24
nist-epub-0008	epub	full	2	8	0	2446	3080	24
nist-epub-0008	epub	full	3	8	0	2386	3328	24
nist-epub-0008	epub	full	4	8	0	2617	3516	24
nist-epub-0008	epub	full	5	8	0	2613	3440	24
nist-epub-0008	epub	adaptive	0	8	0	1925	2892	24
nist-epub-0008	epub	adaptive	1	8	0	2109	3140	24
nist-epub-0008	epub	adaptive	2	8	0	2439	3376	24
nist-epub-0008	epub	adaptive	3	8	0	2635	3388	24
nist-epub-0008	epub	adaptive	4	8	0	2607	3496	24
nist-epub-0008	epub	adaptive	5	8	0	2770	3208	24
nist-epub-0008	epub	hist	0	8	0	2114	2932	24
nist-epub-0008	epub	hist	1	8	0	2045	2844	24
nist-epub-0008	epub	hist	2	8	0	2673	3096	24
nist-epub-0008	epub	hist	3	8	0	3463	3012	24
nist-epub-0008	epub	hist	4	8	0	2500	3104	24
nist-epub-0008	epub	hist	5	8	0	2563	3104	24
nist-epub-0008	epub	vole	0	8	0	3315	4036	24
nist-epub-0008	epub	vole	1	8	0	3315	4036	24
nist-epub-0008	epub	vole	2	8	0	3315	4036	24
nist-epub-0008	epub	vole	3	8	0	3315	4036	24
nist-epub-0008	epub	vole	4	8	0	3315	4036	24
nist-epub-0008	epub	vole	5	8	0	3315	4036	24
nist-epub-0008	epub	vole	0	9	0	3151	4036	24
nist-epub-0008	epub	vole	1	9	0	3151	4036	24
nist-epub-0008	epub	vole	2	9	0	3151	4036	24
nist-epub-0008	epub	vole	3	9	0	3151	4036	24
nist-epub-0008	epub	vole	4	9	0	3151	4036	24
nist-epub-0008	epub	vole	5	9	0	3151	4036	24
nist-epub-0008	epub	full	0	9	0	2443	3084	24
nist-epub-0008	epub	full	1	9	0	2473	3244	24
nist-epub-0008	epub	full	2	9	0	2602	3080	24
nist-epub-0008	epub	full	3	9	0	2543	3328	24
nist-epub-0008	epub	full	4	9	0	2647	3516	24
nist-epub-0008	epub	full	5	9	0	2604	3440	24
nist-epub-0008	epub	adaptive	0	9	0	2073	2892	24
nist-epub-0008	epub	adaptive	1	9	0	2190	3140	24
nist-epub-0008	epub	adaptive	2	9	0	2589	3376	24
nist-epub-0008	epub	adaptive	3	9	0	2486	3388	24
nist-epub-0008	epub	adaptive	4	9	0	2714	3496	24
nist-epub-0008	epub	adaptive	5	9	0	2658	3208	24
nist-epub-0008	epub	hist	0	9	0	1877	2932	24
nist-epub-0008	epub	hist	1	9	0	1972	2844	24
nist-epub-0008	epub	hist	2	9	0	2184	3096	24
nist-epub-0008	epub	hist	3	9	0	2207	3012	24
nist-epub-0008	epub	hist	4	9	0	2333	3104	24
nist-epub-0008	epub	hist	5	9	0	2331	3104	24
nist-epub-0008	epub	full	0	10	0	2038	3084	24
nist-epub-0008	epub	full	1	10	0	2161	3244	24
nist-epub-0008	epub	full	2	10	0	2549	3080	24
nist-epub-0008	epub	full	3	10	0	2467	3328	24
nist-epub-0008	epub	full	4	10	0	2585	3516	24
nist-epub-0008	epub	full	5	10	0	2747	3440	24
nist-epub-0008	epub	adaptive	0	10	0	2008	2892	24
nist-epub-0008	epub	adaptive	1	10	0	2065	3140	24
nist-epub-0008	epub	adaptive	2	10	0	2526	3376	24
nist-epub-0008	epub	adaptive	3	10	0	2521	3388	24
nist-epub-0008	epub	adaptive	4	10	0	3744	3496	24
nist-epub-0008	epub	adaptive	5	10	0	3061	3208	24
nist-epub-0008	epub	hist	0	10	0	2163	2932	24
nist-epub-0008	epub	hist	1	10	0	2231	2844	24
nist-epub-0008	epub	hist	2	10	0	2342	3096	24
nist-epub-0008	epub	hist	3	10	0	2331	3012	24
nist-epub-0008	epub	hist	4	10	0	2566	3104	24
nist-epub-0008	epub	hist	5	10	0	2788	3104	24
nist-epub-0008	epub	vole	0	10	0	3140	4036	24
nist-epub-0008	epub	vole	1	10	0	3140	4036	24
nist-epub-0008	epub	vole	2	10	0	3140	4036	24
nist-epub-0008	epub	vole	3	10	0	3140	4036	24
nist-epub-0008	epub	vole	4	10	0	3140	4036	24
nist-epub-0008	epub	vole	5	10	0	3140	4036	24
nist-epub-0008	epub	vole	0	11	0	3163	4036	24
nist-epub-0008	epub	vole	1	11	0	3163	4036	24
nist-epub-0008	epub	vole	2	11	0	3163	4036	24
nist-epub-0008	epub	vole	3	11	0	3163	4036	24
nist-epub-0008	epub	vole	4	11	0	3163	4036	24
nist-epub-0008	epub	vole	5	11	0	3163	4036	24
nist-epub-0008	epub	full	0	11	0	2683	3084	24
nist-epub-0008	epub	full	1	11	0	2224	3244	24
nist-epub-0008	epub	full	2	11	0	2528	3080	24
nist-epub-0008	epub	full	3	11	0	2525	3328	24
nist-epub-0008	epub	full	4	11	0	2664	3516	24
nist-epub-0008	epub	full	5	11	0	2590	3440	24
nist-epub-0008	epub	adaptive	0	11	0	2225	2892	24
nist-epub-0008	epub	adaptive	1	11	0	2174	3140	24
nist-epub-0008	epub	adaptive	2	11	0	2447	3376	24
nist-epub-0008	epub	adaptive	3	11	0	2433	3388	24
nist-epub-0008	epub	adaptive	4	11	0	2744	3496	24
nist-epub-0008	epub	adaptive	5	11	0	2828	3208	24
nist-epub-0008	epub	hist	0	11	0	2069	2932	24
nist-epub-0008	epub	hist	1	11	0	2180	2844	24
nist-epub-0008	epub	hist	2	11	0	2195	3096	24
nist-epub-0008	epub	hist	3	11	0	2237	3012	24
nist-epub-0008	epub	hist	4	11	0	2351	3104	24
nist-epub-0008	epub	hist	5	11	0	2446	3104	24
nist-epub-0008	epub	full	0	12	0	2086	3084	24
nist-epub-0008	epub	full	1	12	0	2137	3244	24
nist-epub-0008	epub	full	2	12	0	2491	3080	24
nist-epub-0008	epub	full	3	12	0	2529	3328	24
nist-epub-0008	epub	full	4	12	0	2720	3516	24
nist-epub-0008	epub	full	5	12	0	2836	3440	24
nist-epub-0008	epub	adaptive	0	12	0	2138	2892	24
nist-epub-0008	epub	adaptive	1	12	0	2175	3140	24
nist-epub-0008	epub	adaptive	2	12	0	2677	3376	24
nist-epub-0008	epub	adaptive	3	12	0	2536	3388	24
nist-epub-0008	epub	adaptive	4	12	0	2657	3496	24
nist-epub-0008	epub	adaptive	5	12	0	2649	3208	24
nist-epub-0008	epub	hist	0	12	0	1949	2932	24
nist-epub-0008	epub	hist	1	12	0	2035	2844	24
nist-epub-0008	epub	hist	2	12	0	2192	3096	24
nist-epub-0008	epub	hist	3	12	0	2369	3012	24
nist-epub-0008	epub	hist	4	12	0	2470	3104	24
nist-epub-0008	epub	hist	5	12	0	2396	3104	24
nist-epub-0008	epub	vole	0	12	0	3185	4036	24
nist-epub-0008	epub	vole	1	12	0	3185	4036	24
nist-epub-0008	epub	vole	2	12	0	3185	4036	24
nist-epub-0008	epub	vole	3	12	0	3185	4036	24
nist-epub-0008	epub	vole	4	12	0	3185	4036	24
nist-epub-0008	epub	vole	5	12	0	3185	4036	24
nist-epub-0008	epub	vole	0	13	0	3489	4036	24
nist-epub-0008	epub	vole	1	13	0	3489	4036	24
nist-epub-0008	epub	vole	2	13	0	3489	4036	24
nist-epub-0008	epub	vole	3	13	0	3489	4036	24
nist-epub-0008	epub	vole	4	13	0	3489	4036	24
nist-epub-0008	epub	vole	5	13	0	3489	4036	24
nist-epub-0008	epub	full	0	13	0	2647	3084	24
nist-epub-0008	epub	full	1	13	0	2310	3244	24
nist-epub-0008	epub	full	2	13	0	2539	3080	24
nist-epub-0008	epub	full	3	13	0	2560	3328	24
nist-epub-0008	epub	full	4	13	0	2844	3516	24
nist-epub-0008	epub	full	5	13	0	2705	3440	24
nist-epub-0008	epub	adaptive	0	13	0	2066	2892	24
nist-epub-0008	epub	adaptive	1	13	0	2125	3140	24
nist-epub-0008	epub	adaptive	2	13	0	2405	3376	24
nist-epub-0008	epub	adaptive	3	13	0	2492	3388	24
nist-epub-0008	epub	adaptive	4	13	0	2657	3496	24
nist-epub-0008	epub	adaptive	5	13	0	2822	3208	24
nist-epub-0008	epub	hist	0	13	0	1959	2932	24
nist-epub-0008	epub	hist	1	13	0	2001	2844	24
nist-epub-0008	epub	hist	2	13	0	2303	3096	24
nist-epub-0008	epub	hist	3	13	0	2248	3012	24
nist-epub-0008	epub	hist	4	13	0	2518	3104	24
nist-epub-0008	epub	hist	5	13	0	2451	3104	24
nist-epub-0008	epub	full	0	14	0	2181	3084	24
nist-epub-0008	epub	full	1	14	0	2123	3244	24
nist-epub-0008	epub	full	2	14	0	2456	3080	24
nist-epub-0008	epub	full	3	14	0	2460	3328	24
nist-epub-0008	epub	full	4	14	0	2608	3516	24
nist-epub-0008	epub	full	5	14	0	3003	3440	24
nist-epub-0008	epub	adaptive	0	14	0	2155	2892	24
nist-epub-0008	epub	adaptive	1	14	0	2160	3140	24
nist-epub-0008	epub	adaptive	2	14	0	2411	3376	24
nist-epub-0008	epub	adaptive	3	14	0	2500	3388	24
nist-epub-0008	epub	adaptive	4	14	0	2558	3496	24
nist-epub-0008	epub	adaptive	5	14	0	2613	3208	24
nist-epub-0008	epub	hist	0	14	0	1860	2932	24
nist-epub-0008	epub	hist	1	14	0	2051	2844	24
nist-epub-0008	epub	hist	2	14	0	2145	3096	24
nist-epub-0008	epub	hist	3	14	0	2248	3012	24
nist-epub-0008	epub	hist	4	14	0	2387	3104	24
nist-epub-0008	epub	hist	5	14	0	2403	3104	24
nist-epub-0008	epub	vole	0	14	0	3072	4036	24
nist-epub-0008	epub	vole	1	14	0	3072	4036	24
nist-epub-0008	epub	vole	2	14	0	3072	4036	24
nist-epub-0008	epub	vole	3	14	0	3072	4036	24
nist-epub-0008	epub	vole	4	14	0	3072	4036	24
nist-epub-0008	epub	vole	5	14	0	3072	4036	24
nist-epub-0008	epub	vole	0	15	0	3467	4036	24
nist-epub-0008	epub	vole	1	15	0	3467	4036	24
nist-epub-0008	epub	vole	2	15	0	3467	4036	24
nist-epub-0008	epub	vole	3	15	0	3467	4036	24
nist-epub-0008	epub	vole	4	15	0	3467	4036	24
nist-epub-0008	epub	vole	5	15	0	3467	4036	24
nist-epub-0008	epub	full	0	15	0	2616	3084	24
nist-epub-0008	epub	full	1	15	0	2362	3244	24
nist-epub-0008	epub	full	2	15	0	2696	3080	24
nist-epub-0008	epub	full	3	15	0	2606	3328	24
nist-epub-0008	epub	full	4	15	0	2712	3516	24
nist-epub-0008	epub	full	5	15	0	2645	3440	24
nist-epub-0008	epub	adaptive	0	15	0	2094	2892	24
nist-epub-0008	epub	adaptive	1	15	0	2309	3140	24
nist-epub-0008	epub	adaptive	2	15	0	2624	3376	24
nist-epub-0008	epub	adaptive	3	15	0	2468	3388	24
nist-epub-0008	epub	adaptive	4	15	0	2691	3496	24
nist-epub-0008	epub	adaptive	5	15	0	2713	3208	24
nist-epub-0008	epub	hist	0	15	0	1939	2932	24
nist-epub-0008	epub	hist	1	15	0	1951	2844	24
nist-epub-0008	epub	hist	2	15	0	2270	3096	24
nist-epub-0008	epub	hist	3	15	0	2221	3012	24
nist-epub-0008	epub	hist	4	15	0	2360	3104	24
nist-epub-0008	epub	hist	5	15	0	2500	3104	24
nist-epub-0009	epub	vole	0	1	0	11885	9292	24
nist-epub-0009	epub	vole	1	1	0	11885	9292	24
nist-epub-0009	epub	vole	2	1	0	11885	9292	24
nist-epub-0009	epub	vole	3	1	0	11885	9292	24
nist-epub-0009	epub	vole	4	1	0	11885	9292	24
nist-epub-0009	epub	vole	5	1	0	11885	9292	24
nist-epub-0009	epub	full	0	1	0	4928	7136	24
nist-epub-0009	epub	full	1	1	0	4585	7052	24
nist-epub-0009	epub	full	2	1	0	5324	7244	24
nist-epub-0009	epub	full	3	1	0	5432	7252	24
nist-epub-0009	epub	full	4	1	0	5030	7240	24
nist-epub-0009	epub	full	5	1	0	5115	7196	24
nist-epub-0009	epub	adaptive	0	1	0	4854	7232	24
nist-epub-0009	epub	adaptive	1	1	0	4724	7268	24
nist-epub-0009	epub	adaptive	2	1	0	4934	7104	24
nist-epub-0009	epub	adaptive	3	1	0	4677	7360	24
nist-epub-0009	epub	adaptive	4	1	0	4999	7228	24
nist-epub-0009	epub	adaptive	5	1	0	5197	7344	24
nist-epub-0009	epub	hist	0	1	0	4269	6904	24
nist-epub-0009	epub	hist	1	1	0	4448	6964	24
nist-epub-0009	epub	hist	2	1	0	4741	6944	24
nist-epub-0009	epub	hist	3	1	0	4402	6848	24
nist-epub-0009	epub	hist	4	1	0	4999	6812	24
nist-epub-0009	epub	hist	5	1	0	4561	6964	24
nist-epub-0009	epub	full	0	2	0	4558	7136	24
nist-epub-0009	epub	full	1	2	0	4365	7052	24
nist-epub-0009	epub	full	2	2	0	4592	7244	24
nist-epub-0009	epub	full	3	2	0	5035	7252	24
nist-epub-0009	epub	full	4	2	0	4885	7240	24
nist-epub-0009	epub	full	5	2	0	4897	7196	24
nist-epub-0009	epub	adaptive	0	2	0	4511	7232	24
nist-epub-0009	epub	adaptive	1	2	0	5007	7268	24
nist-epub-0009	epub	adaptive	2	2	0	5135	7104	24
nist-epub-0009	epub	adaptive	3	2	0	5173	7360	24
nist-epub-0009	epub	adaptive	4	2	0	5459	7228	24
nist-epub-0009	epub	adaptive	5	2	0	5056	7344	24
nist-epub-0009	epub	hist	0	2	0	5139	6904	24
nist-epub-0009	epub	hist	1	2	0	4405	6964	24
nist-epub-0009	epub	hist	2	2	0	4311	6944	24
nist-epub-0009	epub	hist	3	2	0	4712	6848	24
nist-epub-0009	epub	hist	4	2	0	4899	6812	24
nist-epub-0009	epub	hist	5	2	0	4733	6964	24
nist-epub-0009	epub	vole	0	2	0	12458	9292	24
nist-epub-0009	epub	vole	1	2	0	12458	9292	24
nist-epub-0009	epub	vole	2	2	0	12458	9292	24
nist-epub-0009	epub	vole	3	2	0	12458	9292	24
nist-epub-0009	epub	vole	4	2	0	12458	9292	24
nist-epub-0009	epub	vole	5	2	0	12458	9292	24
nist-epub-0009	epub	vole	0	3	0	11863	9292	24
nist-epub-0009	epub	vole	1	3	0	11863	9292	24
nist-epub-0009	epub	vole	2	3	0	11863	9292	24
nist-epub-0009	epub	vole	3	3	0	11863	9292	24
nist-epub-0009	epub	vole	4	3	0	11863	9292	24
nist-epub-0009	epub	vole	5	3	0	11863	9292	24
nist-epub-0009	epub	full	0	3	0	5815	7136	24
nist-epub-0009	epub	full	1	3	0	5126	7052	24
nist-epub-0009	epub	full	2	3	0	4893	7244	24
nist-epub-0009	epub	full	3	3	0	4768	7252	24
nist-epub-0009	epub	full	4	3	0	5163	7240	24
nist-epub-0009	epub	full	5	3	0	5183	7196	24
nist-epub-0009	epub	adaptive	0	3	0	4524	7232	24
nist-epub-0009	epub	adaptive	1	3	0	4679	7268	24
nist-epub-0009	epub	adaptive	2	3	0	4828	7104	24
nist-epub-0009	epub	adaptive	3	3	0	4923	7360	24
nist-epub-0009	epub	adaptive	4	3	0	5349	7228	24
nist-epub-0009	epub	adaptive	5	3	0	5685	7344	24
nist-epub-0009	epub	hist	0	3	0	4328	6904	24
nist-epub-0009	epub	hist	1	3	0	4115	6964	24
nist-epub-0009	epub	hist	2	3	0	4254	6944	24
nist-epub-0009	epub	hist	3	3	0	4371	6848	24
nist-epub-0009	epub	hist	4	3	0	4454	6812	24
nist-epub-0009	epub	hist	5	3	0	4600	6964	24
nist-epub-0009	epub	full	0	4	0	4596	7136	24
nist-epub-0009	epub	full	1	4	0	4950	7052	24
nist-epub-0009	epub	full	2	4	0	5315	7244	24
nist-epub-0009	epub	full	3	4	0	5518	7252	24
nist-epub-0009	epub	full	4	4	0	5427	7240	24
nist-epub-0009	epub	full	5	4	0	5383	7196	24
nist-epub-0009	epub	adaptive	0	4	0	4839	7232	24
nist-epub-0009	epub	adaptive	1	4	0	4601	7268	24
nist-epub-0009	epub	adaptive	2	4	0	4885	7104	24
nist-epub-0009	epub	adaptive	3	4	0	4779	7360	24
nist-epub-0009	epub	adaptive	4	4	0	5517	7228	24
nist-epub-0009	epub	adaptive	5	4	0	5366	7344	24
nist-epub-0009	epub	hist	0	4	0	4579	6904	24
nist-epub-0009	epub	hist	1	4	0	4568	6964	24
nist-epub-0009	epub	hist	2	4	0	4633	6944	24
nist-epub-0009	epub	hist	3	4	0	4554	6848	24
nist-epub-0009	epub	hist	4	4	0	4928	6812	24
nist-epub-0009	epub	hist	5	4	0	4950	6964	24
nist-epub-0009	epub	vole	0	4	0	11741	9292	24
nist-epub-0009	epub	vole	1	4	0	11741	9292	24
nist-epub-0009	epub	vole	2	4	0	11741	9292	24
nist-epub-0009	epub	vole	3	4	0	11741	9292	24
nist-epub-0009	epub	vole	4	4	0	11741	9292	24
nist-epub-0009	epub	vole	5	4	0	11741	9292	24
nist-epub-0009	epub	vole	0	5	0	11960	9292	24
nist-epub-0009	epub	vole	1	5	0	11960	9292	24
nist-epub-0009	epub	vole	2	5	0	11960	9292	24
nist-epub-0009	epub	vole	3	5	0	11960	9292	24
nist-epub-0009	epub	vole	4	5	0	11960	9292	24
nist-epub-0009	epub	vole	5	5	0	11960	9292	24
nist-epub-0009	epub	full	0	5	0	5108	7136	24
nist-epub-0009	epub	full	1	5	0	4916	7052	24
nist-epub-0009	epub	full	2	5	0	5081	7244	24
nist-epub-0009	epub	full	3	5	0	4887	7252	24
nist-epub-0009	epub	full	4	5	0	5122	7240	24
nist-epub-0009	epub	full	5	5	0	5108	7196	24
nist-epub-0009	epub	adaptive	0	5	0	4734	7232	24
nist-epub-0009	epub	adaptive	1	5	0	4586	7268	24
nist-epub-0009	epub	adaptive	2	5	0	5042	7104	24
nist-epub-0009	epub	adaptive	3	5	0	5011	7360	24
nist-epub-0009	epub	adaptive	4	5	0	5312	7228	24
nist-epub-0009	epub	adaptive	5	5	0	5007	7344	24
nist-epub-0009	epub	hist	0	5	0	4181	6904	24
nist-epub-0009	epub	hist	1	5	0	4185	6964	24
nist-epub-0009	epub	hist	2	5	0	4729	6944	24
nist-epub-0009	epub	hist	3	5	0	5234	6848	24
nist-epub-0009	epub	hist	4	5	0	4994	6812	24
nist-epub-0009	epub	hist	5	5	0	5055	6964	24
nist-epub-0009	epub	full	0	6	0	4389	7136	24
nist-epub-0009	epub	full	1	6	0	4488	7052	24
nist-epub-0009	epub	full	2	6	0	4818	7244	24
nist-epub-0009	epub	full	3	6	0	4937	7252	24
nist-epub-0009	epub	full	4	6	0	4964	7240	24
nist-epub-0009	epub	full	5	6	0	5497	7196	24
nist-epub-0009	epub	adaptive	0	6	0	4400	7232	24
nist-epub-0009	epub	adaptive	1	6	0	4589	7268	24
nist-epub-0009	epub	adaptive	2	6	0	4792	7104	24
nist-epub-0009	epub	adaptive	3	6	0	5071	7360	24
nist-epub-0009	epub	adaptive	4	6	0	4932	7228	24
nist-epub-0009	epub	adaptive	5	6	0	4883	7344	24
nist-epub-0009	epub	hist	0	6	0	4079	6904	24
nist-epub-0009	epub	hist	1	6	0	4263	6964	24
nist-epub-0009	epub	hist	2	6	0	4572	6944	24
nist-epub-0009	epub	hist	3	6	0	4699	6848	24
nist-epub-0009	epub	hist	4	6	0	4663	6812	24
nist-epub-0009	epub	hist	5	6	0	6936	6964	24
nist-epub-0009	epub	vole	0	6	0	12628	9292	24
nist-epub-0009	epub	vole	1	6	0	12628	9292	24
nist-epub-0009	epub	vole	2	6	0	12628	9292	24
nist-epub-0009	epub	vole	3	6	0	12628	9292	24
nist-epub-0009	epub	vole	4	6	0	12628	9292	24
nist-epub-0009	epub	vole	5	6	0	12628	9292	24
nist-epub-0009	epub	vole	0	7	0	12163	9292	24
nist-epub-0009	epub	vole	1	7	0	12163	9292	24
nist-epub-0009	epub	vole	2	7	0	12163	9292	24
nist-epub-0009	epub	vole	3	7	0	12163	9292	24
nist-epub-0009	epub	vole	4	7	0	12163	9292	24
nist-epub-0009	epub	vole	5	7	0	12163	9292	24
nist-epub-0009	epub	full	0	7	0	5304	7136	24
nist-epub-0009	epub	full	1	7	0	5382	7052	24
nist-epub-0009	epub	full	2	7	0	5611	7244	24
nist-epub-0009	epub	full	3	7	0	5358	7252	24
nist-epub-0009	epub	full	4	7	0	5696	7240	24
nist-epub-0009	epub	full	5	7	0	5099	7196	24
nist-epub-0009	epub	adaptive	0	7	0	4533	7232	24
nist-epub-0009	epub	adaptive	1	7	0	4803	7268	24
nist-epub-0009	epub	adaptive	2	7	0	5341	7104	24
nist-epub-0009	epub	adaptive	3	7	0	5427	7360	24
nist-epub-0009	epub	adaptive	4	7	0	5459	7228	24
nist-epub-0009	epub	adaptive	5	7	0	5895	7344	24
nist-epub-0009	epub	hist	0	7	0	4994	6904	24
nist-epub-0009	epub	hist	1	7	0	5578	6964	24
nist-epub-0009	epub	hist	2	7	0	5097	6944	24
nist-epub-0009	epub	hist	3	7	0	4919	6848	24
nist-epub-0009	epub	hist	4	7	0	5348	6812	24
nist-epub-0009	epub	hist	5	7	0	4890	6964	24
nist-epub-0009	epub	full	0	8	0	5224	7136	24
nist-epub-0009	epub	full	1	8	0	5067	7052	24
nist-epub-0009	epub	full	2	8	0	5232	7244	24
nist-epub-0009	epub	full	3	8	0	5195	7252	24
nist-epub-0009	epub	full	4	8	0	5029	7240	24
nist-epub-0009	epub	full	5	8	0	4863	7196	24
nist-epub-0009	epub	adaptive	0	8	0	4336	7232	24
nist-epub-0009	epub	adaptive	1	8	0	4545	7268	24
nist-epub-0009	epub	adaptive	2	8	0	4781	7104	24
nist-epub-0009	epub	adaptive	3	8	0	4785	7360	24
nist-epub-0009	epub	adaptive	4	8	0	5368	7228	24
nist-epub-0009	epub	adaptive	5	8	0	6170	7344	24
nist-epub-0009	epub	hist	0	8	0	5085	6904	24
nist-epub-0009	epub	hist	1	8	0	4556	6964	24
nist-epub-0009	epub	hist	2	8	0	4917	6944	24
nist-epub-0009	epub	hist	3	8	0	5016	6848	24
nist-epub-0009	epub	hist	4	8	0	5096	6812	24
nist-epub-0009	epub	hist	5	8	0	4886	6964	24
nist-epub-0009	epub	vole	0	8	0	11893	9292	24
nist-epub-0009	epub	vole	1	8	0	11893	9292	24
nist-epub-0009	epub	vole	2	8	0	11893	9292	24
nist-epub-0009	epub	vole	3	8	0	11893	9292	24
nist-epub-0009	epub	vole	4	8	0	11893	9292	24
nist-epub-0009	epub	vole	5	8	0	11893	9292	24
nist-epub-0009	epub	vole	0	9	0	12278	9292	24
nist-epub-0009	epub	vole	1	9	0	12278	9292	24
nist-epub-0009	epub	vole	2	9	0	12278	9292	24
nist-epub-0009	epub	vole	3	9	0	12278	9292	24
nist-epub-0009	epub	vole	4	9	0	12278	9292	24
nist-epub-0009	epub	vole	5	9	0	12278	9292	24
nist-epub-0009	epub	full	0	9	0	4910	7136	24
nist-epub-0009	epub	full	1	9	0	4568	7052	24
nist-epub-0009	epub	full	2	9	0	4819	7244	24
nist-epub-0009	epub	full	3	9	0	4932	7252	24
nist-epub-0009	epub	full	4	9	0	4924	7240	24
nist-epub-0009	epub	full	5	9	0	5541	7196	24
nist-epub-0009	epub	adaptive	0	9	0	4764	7232	24
nist-epub-0009	epub	adaptive	1	9	0	4575	7268	24
nist-epub-0009	epub	adaptive	2	9	0	4984	7104	24
nist-epub-0009	epub	adaptive	3	9	0	4749	7360	24
nist-epub-0009	epub	adaptive	4	9	0	5130	7228	24
nist-epub-0009	epub	adaptive	5	9	0	5103	7344	24
nist-epub-0009	epub	hist	0	9	0	4340	6904	24
nist-epub-0009	epub	hist	1	9	0	4285	6964	24
nist-epub-0009	epub	hist	2	9	0	4343	6944	24
nist-epub-0009	epub	hist	3	9	0	4549	6848	24
nist-epub-0009	epub	hist	4	9	0	4593	6812	24
nist-epub-0009	epub	hist	5	9	0	4719	6964	24
nist-epub-0009	epub	full	0	10	0	4431	7136	24
nist-epub-0009	epub	full	1	10	0	4301	7052	24
nist-epub-0009	epub	full	2	10	0	4624	7244	24
nist-epub-0009	epub	full	3	10	0	4980	7252	24
nist-epub-0009	epub	full	4	10	0	5021	7240	24
nist-epub-0009	epub	full	5	10	0	4991	7196	24
nist-epub-0009	epub	adaptive	0	10	0	4905	7232	24
nist-epub-0009	epub	adaptive	1	10	0	4887	7268	24
nist-epub-0009	epub	adaptive	2	10	0	5349	7104	24
nist-epub-0009	epub	adaptive	3	10	0	5039	7360	24
nist-epub-0009	epub	adaptive	4	10	0	5247	7228	24
nist-epub-0009	epub	adaptive	5	10	0	5227	7344	24
nist-epub-0009	epub	hist	0	10	0	4232	6904	24
nist-epub-0009	epub	hist	1	10	0	4628	6964	24
nist-epub-0009	epub	hist	2	10	0	4711	6944	24
nist-epub-0009	epub	hist	3	10	0	4631	6848	24
nist-epub-0009	epub	hist	4	10	0	5022	6812	24
nist-epub-0009	epub	hist	5	10	0	4511	6964	24
nist-epub-0009	epub	vole	0	10	0	11759	9292	24
nist-epub-0009	epub	vole	1	10	0	11759	9292	24
nist-epub-0009	epub	vole	2	10	0	11759	9292	24
nist-epub-0009	epub	vole	3	10	0	11759	9292	24
nist-epub-0009	epub	vole	4	10	0	11759	9292	24
nist-epub-0009	epub	vole	5	10	0	11759	9292	24
nist-epub-0009	epub	vole	0	11	0	11576	9292	24
nist-epub-0009	epub	vole	1	11	0	11576	9292	24
nist-epub-0009	epub	vole	2	11	0	11576	9292	24
nist-epub-0009	epub	vole	3	11	0	11576	9292	24
nist-epub-0009	epub	vole	4	11	0	11576	9292	24
nist-epub-0009	epub	vole	5	11	0	11576	9292	24
nist-epub-0009	epub	full	0	11	0	4834	7136	24
nist-epub-0009	epub	full	1	11	0	4546	7052	24
nist-epub-0009	epub	full	2	11	0	4926	7244	24
nist-epub-0009	epub	full	3	11	0	5445	7252	24
nist-epub-0009	epub	full	4	11	0	5145	7240	24
nist-epub-0009	epub	full	5	11	0	5497	7196	24
nist-epub-0009	epub	adaptive	0	11	0	4476	7232	24
nist-epub-0009	epub	adaptive	1	11	0	4564	7268	24
nist-epub-0009	epub	adaptive	2	11	0	4921	7104	24
nist-epub-0009	epub	adaptive	3	11	0	5032	7360	24
nist-epub-0009	epub	adaptive	4	11	0	5646	7228	24
nist-epub-0009	epub	adaptive	5	11	0	6979	7344	24
nist-epub-0009	epub	hist	0	11	0	4671	6904	24
nist-epub-0009	epub	hist	1	11	0	4835	6964	24
nist-epub-0009	epub	hist	2	11	0	4774	6944	24
nist-epub-0009	epub	hist	3	11	0	5020	6848	24
nist-epub-0009	epub	hist	4	11	0	4799	6812	24
nist-epub-0009	epub	hist	5	11	0	5025	6964	24
nist-epub-0009	epub	full	0	12	0	5075	7136	24
nist-epub-0009	epub	full	1	12	0	4736	7052	24
nist-epub-0009	epub	full	2	12	0	4821	7244	24
nist-epub-0009	epub	full	3	12	0	4895	7252	24
nist-epub-0009	epub	full	4	12	0	5013	7240	24
nist-epub-0009	epub	full	5	12	0	5826	7196	24
nist-epub-0009	epub	adaptive	0	12	0	4988	7232	24
nist-epub-0009	epub	adaptive	1	12	0	4623	7268	24
nist-epub-0009	epub	adaptive	2	12	0	5257	7104	24
nist-epub-0009	epub	adaptive	3	12	0	5045	7360	24
nist-epub-0009	epub	adaptive	4	12	0	5179	7228	24
nist-epub-0009	epub	adaptive	5	12	0	5008	7344	24
nist-epub-0009	epub	hist	0	12	0	4165	6904	24
nist-epub-0009	epub	hist	1	12	0	4701	6964	24
nist-epub-0009	epub	hist	2	12	0	4849	6944	24
nist-epub-0009	epub	hist	3	12	0	4427	6848	24
nist-epub-0009	epub	hist	4	12	0	5229	6812	24
nist-epub-0009	epub	hist	5	12	0	4817	6964	24
nist-epub-0009	epub	vole	0	12	0	11927	9292	24
nist-epub-0009	epub	vole	1	12	0	11927	9292	24
nist-epub-0009	epub	vole	2	12	0	11927	9292	24
nist-epub-0009	epub	vole	3	12	0	11927	9292	24
nist-epub-0009	epub	vole	4	12	0	11927	9292	24
nist-epub-0009	epub	vole	5	12	0	11927	9292	24
nist-epub-0009	epub	vole	0	13	0	11677	9292	24
nist-epub-0009	epub	vole	1	13	0	11677	9292	24
nist-epub-0009	epub	vole	2	13	0	11677	9292	24
nist-epub-0009	epub	vole	3	13	0	11677	9292	24
nist-epub-0009	epub	vole	4	13	0	11677	9292	24
nist-epub-0009	epub	vole	5	13	0	11677	9292	24
nist-epub-0009	epub	full	0	13	0	4911	7136	24
nist-epub-0009	epub	full	1	13	0	4837	7052	24
nist-epub-0009	epub	full	2	13	0	5916	7244	24
nist-epub-0009	epub	full	3	13	0	5292	7252	24
nist-epub-0009	epub	full	4	13	0	5506	7240	24
nist-epub-0009	epub	full	5	13	0	5361	7196	24
nist-epub-0009	epub	adaptive	0	13	0	4579	7232	24
nist-epub-0009	epub	adaptive	1	13	0	4626	7268	24
nist-epub-0009	epub	adaptive	2	13	0	5144	7104	24
nist-epub-0009	epub	adaptive	3	13	0	4821	7360	24
nist-epub-0009	epub	adaptive	4	13	0	5130	7228	24
nist-epub-0009	epub	adaptive	5	13	0	5769	7344	24
nist-epub-0009	epub	hist	0	13	0	4611	6904	24
nist-epub-0009	epub	hist	1	13	0	4459	6964	24
nist-epub-0009	epub	hist	2	13	0	4789	6944	24
nist-epub-0009	epub	hist	3	13	0	4467	6848	24
nist-epub-0009	epub	hist	4	13	0	4668	6812	24
nist-epub-0009	epub	hist	5	13	0	5119	6964	24
nist-epub-0009	epub	full	0	14	0	4905	7136	24
nist-epub-0009	epub	full	1	14	0	4902	7052	24
nist-epub-0009	epub	full	2	14	0	5941	7244	24
nist-epub-0009	epub	full	3	14	0	4896	7252	24
nist-epub-0009	epub	full	4	14	0	5532	7240	24
nist-epub-0009	epub	full	5	14	0	5545	7196	24
nist-epub-0009	epub	adaptive	0	14	0	4816	7232	24
nist-epub-0009	epub	adaptive	1	14	0	5183	7268	24
nist-epub-0009	epub	adaptive	2	14	0	4932	7104	24
nist-epub-0009	epub	adaptive	3	14	0	5066	7360	24
nist-epub-0009	epub	adaptive	4	14	0	5059	7228	24
nist-epub-0009	epub	adaptive	5	14	0	5224	7344	24
nist-epub-0009	epub	hist	0	14	0	4347	6904	24
nist-epub-0009	epub	hist	1	14	0	4586	6964	24
nist-epub-0009	epub	hist	2	14	0	4945	6944	24
nist-epub-0009	epub	hist	3	14	0	4606	6848	24
nist-epub-0009	epub	hist	4	14	0	4708	6812	24
nist-epub-0009	epub	hist	5	14	0	4898	6964	24
nist-epub-0009	epub	vole	0	14	0	11977	9292	24
nist-epub-0009	epub	vole	1	14	0	11977	9292	24
nist-epub-0009	epub	vole	2	14	0	11977	9292	24
nist-epub-0009	epub	vole	3	14	0	11977	9292	24
nist-epub-0009	epub	vole	4	14	0	11977	9292	24
nist-epub-0009	epub	vole	5	14	0	11977	9292	24
nist-epub-0009	epub	vole	0	15	0	13651	9292	24
nist-epub-0009	epub	vole	1	15	0	13651	9292	24
nist-epub-0009	epub	vole	2	15	0	13651	9292	24
nist-epub-0009	epub	vole	3	15	0	13651	9292	24
nist-epub-0009	epub	vole	4	15	0	13651	9292	24
nist-epub-0009	epub	vole	5	15	0	13651	9292	24
nist-epub-0009	epub	full	0	15	0	5821	7136	24
nist-epub-0009	epub	full	1	15	0	5099	7052	24
nist-epub-0009	epub	full	2	15	0	5718	7244	24
nist-epub-0009	epub	full	3	15	0	5490	7252	24
nist-epub-0009	epub	full	4	15	0	5223	7240	24
nist-epub-0009	epub	full	5	15	0	5748	7196	24
nist-epub-0009	epub	adaptive	0	15	0	4854	7232	24
nist-epub-0009	epub	adaptive	1	15	0	5753	7268	24
nist-epub-0009	epub	adaptive	2	15	0	5736	7104	24
nist-epub-0009	epub	adaptive	3	15	0	5537	7360	24
nist-epub-0009	epub	adaptive	4	15	0	5211	7228	24
nist-epub-0009	epub	adaptive	5	15	0	5270	7344	24
nist-epub-0009	epub	hist	0	15	0	4411	6904	24
nist-epub-0009	epub	hist	1	15	0	4287	6964	24
nist-epub-0009	epub	hist	2	15	0	4747	6944	24
nist-epub-0009	epub	hist	3	15	0	5127	6848	24
nist-epub-0009	epub	hist	4	15	0	5048	6812	24
nist-epub-0009	epub	hist	5	15	0	5386	6964	24
