id	fmt	lane	depth	rep	rc	us
nist-pdf-0002	pdf	extract	0	1	0	264328
nist-pdf-0002	pdf	vole	all	1	0	23670
nist-pdf-0002	pdf	minimal	0	1	0	264711
nist-pdf-0002	pdf	fts	0	1	0	266017
nist-pdf-0002	pdf	structural	0	1	0	263475
nist-pdf-0002	pdf	structural	1	1	0	264684
nist-pdf-0002	pdf	full	0	1	0	267216
nist-pdf-0002	pdf	full	1	1	0	267391
nist-pdf-0002	pdf	full	2	1	0	268109
nist-pdf-0002	pdf	full	3	1	0	267043
nist-pdf-0002	pdf	full	4	1	0	266247
nist-pdf-0002	pdf	full	5	1	0	264938
nist-pdf-0002	pdf	adaptive	0	1	0	261798
nist-pdf-0002	pdf	adaptive	1	1	0	263026
nist-pdf-0002	pdf	adaptive	2	1	0	265142
nist-pdf-0002	pdf	adaptive	3	1	0	266639
nist-pdf-0002	pdf	adaptive	4	1	0	265488
nist-pdf-0002	pdf	adaptive	5	1	0	269113
nist-pdf-0002	pdf	hybrid	0	1	0	275492
nist-pdf-0002	pdf	hybrid	1	1	0	264667
nist-pdf-0002	pdf	hybrid	2	1	0	259479
nist-pdf-0002	pdf	hybrid	3	1	0	263910
nist-pdf-0002	pdf	hybrid	4	1	0	265004
nist-pdf-0002	pdf	hybrid	5	1	0	266864
nist-pdf-0002	pdf	hist	0	1	0	274557
nist-pdf-0002	pdf	hist	5	1	0	274873
nist-pdf-0002	pdf	extract	0	2	0	255431
nist-pdf-0002	pdf	minimal	0	2	0	265986
nist-pdf-0002	pdf	fts	0	2	0	261679
nist-pdf-0002	pdf	structural	0	2	0	263728
nist-pdf-0002	pdf	structural	1	2	0	266106
nist-pdf-0002	pdf	full	0	2	0	266708
nist-pdf-0002	pdf	full	1	2	0	267958
nist-pdf-0002	pdf	full	2	2	0	267144
nist-pdf-0002	pdf	full	3	2	0	268790
nist-pdf-0002	pdf	full	4	2	0	268314
nist-pdf-0002	pdf	full	5	2	0	274438
nist-pdf-0002	pdf	adaptive	0	2	0	277778
nist-pdf-0002	pdf	adaptive	1	2	0	271135
nist-pdf-0002	pdf	adaptive	2	2	0	273927
nist-pdf-0002	pdf	adaptive	3	2	0	260508
nist-pdf-0002	pdf	adaptive	4	2	0	264487
nist-pdf-0002	pdf	adaptive	5	2	0	265096
nist-pdf-0002	pdf	hybrid	0	2	0	261222
nist-pdf-0002	pdf	hybrid	1	2	0	263390
nist-pdf-0002	pdf	hybrid	2	2	0	262076
nist-pdf-0002	pdf	hybrid	3	2	0	261238
nist-pdf-0002	pdf	hybrid	4	2	0	264428
nist-pdf-0002	pdf	hybrid	5	2	0	266602
nist-pdf-0002	pdf	hist	0	2	0	274270
nist-pdf-0002	pdf	hist	5	2	0	273676
nist-pdf-0002	pdf	vole	all	2	0	21578
nist-pdf-0002	pdf	extract	0	3	0	259058
nist-pdf-0002	pdf	vole	all	3	0	24955
nist-pdf-0002	pdf	minimal	0	3	0	263217
nist-pdf-0002	pdf	fts	0	3	0	266166
nist-pdf-0002	pdf	structural	0	3	0	263051
nist-pdf-0002	pdf	structural	1	3	0	262709
nist-pdf-0002	pdf	full	0	3	0	265069
nist-pdf-0002	pdf	full	1	3	0	265146
nist-pdf-0002	pdf	full	2	3	0	265728
nist-pdf-0002	pdf	full	3	3	0	268245
nist-pdf-0002	pdf	full	4	3	0	263823
nist-pdf-0002	pdf	full	5	3	0	262408
nist-pdf-0002	pdf	adaptive	0	3	0	261114
nist-pdf-0002	pdf	adaptive	1	3	0	263176
nist-pdf-0002	pdf	adaptive	2	3	0	262290
nist-pdf-0002	pdf	adaptive	3	3	0	261869
nist-pdf-0002	pdf	adaptive	4	3	0	267166
nist-pdf-0002	pdf	adaptive	5	3	0	264584
nist-pdf-0002	pdf	hybrid	0	3	0	264798
nist-pdf-0002	pdf	hybrid	1	3	0	264287
nist-pdf-0002	pdf	hybrid	2	3	0	265100
nist-pdf-0002	pdf	hybrid	3	3	0	264742
nist-pdf-0002	pdf	hybrid	4	3	0	266027
nist-pdf-0002	pdf	hybrid	5	3	0	266349
nist-pdf-0002	pdf	hist	0	3	0	271059
nist-pdf-0002	pdf	hist	5	3	0	275881
nist-pdf-0002	pdf	extract	0	4	0	256762
nist-pdf-0002	pdf	minimal	0	4	0	264462
nist-pdf-0002	pdf	fts	0	4	0	264103
nist-pdf-0002	pdf	structural	0	4	0	263070
nist-pdf-0002	pdf	structural	1	4	0	264345
nist-pdf-0002	pdf	full	0	4	0	265665
nist-pdf-0002	pdf	full	1	4	0	266019
nist-pdf-0002	pdf	full	2	4	0	264395
nist-pdf-0002	pdf	full	3	4	0	265719
nist-pdf-0002	pdf	full	4	4	0	260623
nist-pdf-0002	pdf	full	5	4	0	261450
nist-pdf-0002	pdf	adaptive	0	4	0	264919
nist-pdf-0002	pdf	adaptive	1	4	0	262447
nist-pdf-0002	pdf	adaptive	2	4	0	261919
nist-pdf-0002	pdf	adaptive	3	4	0	264892
nist-pdf-0002	pdf	adaptive	4	4	0	264662
nist-pdf-0002	pdf	adaptive	5	4	0	262002
nist-pdf-0002	pdf	hybrid	0	4	0	262203
nist-pdf-0002	pdf	hybrid	1	4	0	262844
nist-pdf-0002	pdf	hybrid	2	4	0	264059
nist-pdf-0002	pdf	hybrid	3	4	0	264303
nist-pdf-0002	pdf	hybrid	4	4	0	265441
nist-pdf-0002	pdf	hybrid	5	4	0	262626
nist-pdf-0002	pdf	hist	0	4	0	275046
nist-pdf-0002	pdf	hist	5	4	0	275583
nist-pdf-0002	pdf	vole	all	4	0	21686
nist-pdf-0002	pdf	extract	0	5	0	257288
nist-pdf-0002	pdf	vole	all	5	0	22466
nist-pdf-0002	pdf	minimal	0	5	0	264532
nist-pdf-0002	pdf	fts	0	5	0	266432
nist-pdf-0002	pdf	structural	0	5	0	265239
nist-pdf-0002	pdf	structural	1	5	0	263628
nist-pdf-0002	pdf	full	0	5	0	265940
nist-pdf-0002	pdf	full	1	5	0	267956
nist-pdf-0002	pdf	full	2	5	0	267170
nist-pdf-0002	pdf	full	3	5	0	265274
nist-pdf-0002	pdf	full	4	5	0	264091
nist-pdf-0002	pdf	full	5	5	0	263418
nist-pdf-0002	pdf	adaptive	0	5	0	265767
nist-pdf-0002	pdf	adaptive	1	5	0	266682
nist-pdf-0002	pdf	adaptive	2	5	0	266736
nist-pdf-0002	pdf	adaptive	3	5	0	263051
nist-pdf-0002	pdf	adaptive	4	5	0	320058
nist-pdf-0002	pdf	adaptive	5	5	0	271451
nist-pdf-0002	pdf	hybrid	0	5	0	264933
nist-pdf-0002	pdf	hybrid	1	5	0	266960
nist-pdf-0002	pdf	hybrid	2	5	0	265143
nist-pdf-0002	pdf	hybrid	3	5	0	261662
nist-pdf-0002	pdf	hybrid	4	5	0	266809
nist-pdf-0002	pdf	hybrid	5	5	0	265659
nist-pdf-0002	pdf	hist	0	5	0	267010
nist-pdf-0002	pdf	hist	5	5	0	274084
nist-pdf-0002	pdf	extract	0	6	0	256707
nist-pdf-0002	pdf	minimal	0	6	0	263127
nist-pdf-0002	pdf	fts	0	6	0	268635
nist-pdf-0002	pdf	structural	0	6	0	268206
nist-pdf-0002	pdf	structural	1	6	0	263501
nist-pdf-0002	pdf	full	0	6	0	266424
nist-pdf-0002	pdf	full	1	6	0	265650
nist-pdf-0002	pdf	full	2	6	0	267935
nist-pdf-0002	pdf	full	3	6	0	266865
nist-pdf-0002	pdf	full	4	6	0	262545
nist-pdf-0002	pdf	full	5	6	0	262777
nist-pdf-0002	pdf	adaptive	0	6	0	265021
nist-pdf-0002	pdf	adaptive	1	6	0	266438
nist-pdf-0002	pdf	adaptive	2	6	0	263686
nist-pdf-0002	pdf	adaptive	3	6	0	266640
nist-pdf-0002	pdf	adaptive	4	6	0	264614
nist-pdf-0002	pdf	adaptive	5	6	0	263727
nist-pdf-0002	pdf	hybrid	0	6	0	261667
nist-pdf-0002	pdf	hybrid	1	6	0	263711
nist-pdf-0002	pdf	hybrid	2	6	0	263418
nist-pdf-0002	pdf	hybrid	3	6	0	265719
nist-pdf-0002	pdf	hybrid	4	6	0	267380
nist-pdf-0002	pdf	hybrid	5	6	0	263552
nist-pdf-0002	pdf	hist	0	6	0	273190
nist-pdf-0002	pdf	hist	5	6	0	273429
nist-pdf-0002	pdf	vole	all	6	0	22420
nist-pdf-0002	pdf	extract	0	7	0	252627
nist-pdf-0002	pdf	vole	all	7	0	22767
nist-pdf-0002	pdf	minimal	0	7	0	265235
nist-pdf-0002	pdf	fts	0	7	0	268444
nist-pdf-0002	pdf	structural	0	7	0	268080
nist-pdf-0002	pdf	structural	1	7	0	265770
nist-pdf-0002	pdf	full	0	7	0	266075
nist-pdf-0002	pdf	full	1	7	0	265519
nist-pdf-0002	pdf	full	2	7	0	265525
nist-pdf-0002	pdf	full	3	7	0	266035
nist-pdf-0002	pdf	full	4	7	0	261640
nist-pdf-0002	pdf	full	5	7	0	268359
nist-pdf-0002	pdf	adaptive	0	7	0	265174
nist-pdf-0002	pdf	adaptive	1	7	0	265625
nist-pdf-0002	pdf	adaptive	2	7	0	262636
nist-pdf-0002	pdf	adaptive	3	7	0	265215
nist-pdf-0002	pdf	adaptive	4	7	0	265074
nist-pdf-0002	pdf	adaptive	5	7	0	267906
nist-pdf-0002	pdf	hybrid	0	7	0	264328
nist-pdf-0002	pdf	hybrid	1	7	0	266303
nist-pdf-0002	pdf	hybrid	2	7	0	265824
nist-pdf-0002	pdf	hybrid	3	7	0	263712
nist-pdf-0002	pdf	hybrid	4	7	0	268548
nist-pdf-0002	pdf	hybrid	5	7	0	264058
nist-pdf-0002	pdf	hist	0	7	0	272287
nist-pdf-0002	pdf	hist	5	7	0	271971
nist-pdf-0002	pdf	extract	0	8	0	253797
nist-pdf-0002	pdf	minimal	0	8	0	263588
nist-pdf-0002	pdf	fts	0	8	0	265715
nist-pdf-0002	pdf	structural	0	8	0	267092
nist-pdf-0002	pdf	structural	1	8	0	265136
nist-pdf-0002	pdf	full	0	8	0	267473
nist-pdf-0002	pdf	full	1	8	0	265643
nist-pdf-0002	pdf	full	2	8	0	283481
nist-pdf-0002	pdf	full	3	8	0	269149
nist-pdf-0002	pdf	full	4	8	0	262816
nist-pdf-0002	pdf	full	5	8	0	266401
nist-pdf-0002	pdf	adaptive	0	8	0	263114
nist-pdf-0002	pdf	adaptive	1	8	0	268036
nist-pdf-0002	pdf	adaptive	2	8	0	263921
nist-pdf-0002	pdf	adaptive	3	8	0	265099
nist-pdf-0002	pdf	adaptive	4	8	0	262484
nist-pdf-0002	pdf	adaptive	5	8	0	262674
nist-pdf-0002	pdf	hybrid	0	8	0	266587
nist-pdf-0002	pdf	hybrid	1	8	0	264935
nist-pdf-0002	pdf	hybrid	2	8	0	265258
nist-pdf-0002	pdf	hybrid	3	8	0	266366
nist-pdf-0002	pdf	hybrid	4	8	0	261792
nist-pdf-0002	pdf	hybrid	5	8	0	263294
nist-pdf-0002	pdf	hist	0	8	0	278441
nist-pdf-0002	pdf	hist	5	8	0	273801
nist-pdf-0002	pdf	vole	all	8	0	22295
nist-pdf-0002	pdf	extract	0	9	0	257537
nist-pdf-0002	pdf	vole	all	9	0	22482
nist-pdf-0002	pdf	minimal	0	9	0	264025
nist-pdf-0002	pdf	fts	0	9	0	268231
nist-pdf-0002	pdf	structural	0	9	0	266101
nist-pdf-0002	pdf	structural	1	9	0	264308
nist-pdf-0002	pdf	full	0	9	0	264646
nist-pdf-0002	pdf	full	1	9	0	265527
nist-pdf-0002	pdf	full	2	9	0	265948
nist-pdf-0002	pdf	full	3	9	0	270881
nist-pdf-0002	pdf	full	4	9	0	277162
nist-pdf-0002	pdf	full	5	9	0	262912
nist-pdf-0002	pdf	adaptive	0	9	0	264067
nist-pdf-0002	pdf	adaptive	1	9	0	270186
nist-pdf-0002	pdf	adaptive	2	9	0	264206
nist-pdf-0002	pdf	adaptive	3	9	0	265023
nist-pdf-0002	pdf	adaptive	4	9	0	264608
nist-pdf-0002	pdf	adaptive	5	9	0	266187
nist-pdf-0002	pdf	hybrid	0	9	0	266037
nist-pdf-0002	pdf	hybrid	1	9	0	264256
nist-pdf-0002	pdf	hybrid	2	9	0	264517
nist-pdf-0002	pdf	hybrid	3	9	0	266676
nist-pdf-0002	pdf	hybrid	4	9	0	261409
nist-pdf-0002	pdf	hybrid	5	9	0	263334
nist-pdf-0002	pdf	hist	0	9	0	271720
nist-pdf-0002	pdf	hist	5	9	0	272764
nist-pdf-0002	pdf	extract	0	10	0	257711
nist-pdf-0002	pdf	minimal	0	10	0	264172
nist-pdf-0002	pdf	fts	0	10	0	266343
nist-pdf-0002	pdf	structural	0	10	0	265740
nist-pdf-0002	pdf	structural	1	10	0	265320
nist-pdf-0002	pdf	full	0	10	0	265549
nist-pdf-0002	pdf	full	1	10	0	262741
nist-pdf-0002	pdf	full	2	10	0	264069
nist-pdf-0002	pdf	full	3	10	0	267940
nist-pdf-0002	pdf	full	4	10	0	269071
nist-pdf-0002	pdf	full	5	10	0	266592
nist-pdf-0002	pdf	adaptive	0	10	0	263235
nist-pdf-0002	pdf	adaptive	1	10	0	265331
nist-pdf-0002	pdf	adaptive	2	10	0	268118
nist-pdf-0002	pdf	adaptive	3	10	0	263107
nist-pdf-0002	pdf	adaptive	4	10	0	262606
nist-pdf-0002	pdf	adaptive	5	10	0	264096
nist-pdf-0002	pdf	hybrid	0	10	0	265409
nist-pdf-0002	pdf	hybrid	1	10	0	264152
nist-pdf-0002	pdf	hybrid	2	10	0	265637
nist-pdf-0002	pdf	hybrid	3	10	0	266529
nist-pdf-0002	pdf	hybrid	4	10	0	265002
nist-pdf-0002	pdf	hybrid	5	10	0	263121
nist-pdf-0002	pdf	hist	0	10	0	274016
nist-pdf-0002	pdf	hist	5	10	0	275675
nist-pdf-0002	pdf	vole	all	10	0	22451
nist-pdf-0004	pdf	extract	0	1	0	342403
nist-pdf-0004	pdf	vole	all	1	0	34062
nist-pdf-0004	pdf	minimal	0	1	0	349359
nist-pdf-0004	pdf	fts	0	1	0	353768
nist-pdf-0004	pdf	structural	0	1	0	351831
nist-pdf-0004	pdf	structural	1	1	0	349481
nist-pdf-0004	pdf	full	0	1	0	349836
nist-pdf-0004	pdf	full	1	1	0	349345
nist-pdf-0004	pdf	full	2	1	0	353101
nist-pdf-0004	pdf	full	3	1	0	351628
nist-pdf-0004	pdf	full	4	1	0	349017
nist-pdf-0004	pdf	full	5	1	0	350262
nist-pdf-0004	pdf	adaptive	0	1	0	348309
nist-pdf-0004	pdf	adaptive	1	1	0	350172
nist-pdf-0004	pdf	adaptive	2	1	0	348733
nist-pdf-0004	pdf	adaptive	3	1	0	347791
nist-pdf-0004	pdf	adaptive	4	1	0	346810
nist-pdf-0004	pdf	adaptive	5	1	0	351461
nist-pdf-0004	pdf	hybrid	0	1	0	350441
nist-pdf-0004	pdf	hybrid	1	1	0	350271
nist-pdf-0004	pdf	hybrid	2	1	0	349528
nist-pdf-0004	pdf	hybrid	3	1	0	351652
nist-pdf-0004	pdf	hybrid	4	1	0	349163
nist-pdf-0004	pdf	hybrid	5	1	0	381331
nist-pdf-0004	pdf	hist	0	1	0	364179
nist-pdf-0004	pdf	hist	5	1	0	364158
nist-pdf-0004	pdf	extract	0	2	0	342776
nist-pdf-0004	pdf	minimal	0	2	0	349862
nist-pdf-0004	pdf	fts	0	2	0	350332
nist-pdf-0004	pdf	structural	0	2	0	350214
nist-pdf-0004	pdf	structural	1	2	0	346915
nist-pdf-0004	pdf	full	0	2	0	350642
nist-pdf-0004	pdf	full	1	2	0	350031
nist-pdf-0004	pdf	full	2	2	0	349951
nist-pdf-0004	pdf	full	3	2	0	347685
nist-pdf-0004	pdf	full	4	2	0	350480
nist-pdf-0004	pdf	full	5	2	0	348530
nist-pdf-0004	pdf	adaptive	0	2	0	349516
nist-pdf-0004	pdf	adaptive	1	2	0	349018
nist-pdf-0004	pdf	adaptive	2	2	0	352192
nist-pdf-0004	pdf	adaptive	3	2	0	348823
nist-pdf-0004	pdf	adaptive	4	2	0	347577
nist-pdf-0004	pdf	adaptive	5	2	0	351751
nist-pdf-0004	pdf	hybrid	0	2	0	350086
nist-pdf-0004	pdf	hybrid	1	2	0	353270
nist-pdf-0004	pdf	hybrid	2	2	0	351178
nist-pdf-0004	pdf	hybrid	3	2	0	349814
nist-pdf-0004	pdf	hybrid	4	2	0	349988
nist-pdf-0004	pdf	hybrid	5	2	0	348126
nist-pdf-0004	pdf	hist	0	2	0	366112
nist-pdf-0004	pdf	hist	5	2	0	365040
nist-pdf-0004	pdf	vole	all	2	0	33659
nist-pdf-0004	pdf	extract	0	3	0	341357
nist-pdf-0004	pdf	vole	all	3	0	33296
nist-pdf-0004	pdf	minimal	0	3	0	350324
nist-pdf-0004	pdf	fts	0	3	0	354078
nist-pdf-0004	pdf	structural	0	3	0	349569
nist-pdf-0004	pdf	structural	1	3	0	352515
nist-pdf-0004	pdf	full	0	3	0	348612
nist-pdf-0004	pdf	full	1	3	0	351447
nist-pdf-0004	pdf	full	2	3	0	356736
nist-pdf-0004	pdf	full	3	3	0	352358
nist-pdf-0004	pdf	full	4	3	0	351591
nist-pdf-0004	pdf	full	5	3	0	353725
nist-pdf-0004	pdf	adaptive	0	3	0	350140
nist-pdf-0004	pdf	adaptive	1	3	0	354548
nist-pdf-0004	pdf	adaptive	2	3	0	349944
nist-pdf-0004	pdf	adaptive	3	3	0	351781
nist-pdf-0004	pdf	adaptive	4	3	0	349163
nist-pdf-0004	pdf	adaptive	5	3	0	349205
nist-pdf-0004	pdf	hybrid	0	3	0	350744
nist-pdf-0004	pdf	hybrid	1	3	0	349066
nist-pdf-0004	pdf	hybrid	2	3	0	350381
nist-pdf-0004	pdf	hybrid	3	3	0	349482
nist-pdf-0004	pdf	hybrid	4	3	0	348174
nist-pdf-0004	pdf	hybrid	5	3	0	349586
nist-pdf-0004	pdf	hist	0	3	0	357546
nist-pdf-0004	pdf	hist	5	3	0	365235
nist-pdf-0004	pdf	extract	0	4	0	338199
nist-pdf-0004	pdf	minimal	0	4	0	349002
nist-pdf-0004	pdf	fts	0	4	0	353131
nist-pdf-0004	pdf	structural	0	4	0	348477
nist-pdf-0004	pdf	structural	1	4	0	350419
nist-pdf-0004	pdf	full	0	4	0	350051
nist-pdf-0004	pdf	full	1	4	0	352268
nist-pdf-0004	pdf	full	2	4	0	358993
nist-pdf-0004	pdf	full	3	4	0	349846
nist-pdf-0004	pdf	full	4	4	0	352287
nist-pdf-0004	pdf	full	5	4	0	353448
nist-pdf-0004	pdf	adaptive	0	4	0	351548
nist-pdf-0004	pdf	adaptive	1	4	0	346844
nist-pdf-0004	pdf	adaptive	2	4	0	345686
nist-pdf-0004	pdf	adaptive	3	4	0	350916
nist-pdf-0004	pdf	adaptive	4	4	0	349870
nist-pdf-0004	pdf	adaptive	5	4	0	352804
nist-pdf-0004	pdf	hybrid	0	4	0	354190
nist-pdf-0004	pdf	hybrid	1	4	0	356340
nist-pdf-0004	pdf	hybrid	2	4	0	351238
nist-pdf-0004	pdf	hybrid	3	4	0	359673
nist-pdf-0004	pdf	hybrid	4	4	0	356555
nist-pdf-0004	pdf	hybrid	5	4	0	352011
nist-pdf-0004	pdf	hist	0	4	0	367924
nist-pdf-0004	pdf	hist	5	4	0	365618
nist-pdf-0004	pdf	vole	all	4	0	33156
nist-pdf-0004	pdf	extract	0	5	0	338124
nist-pdf-0004	pdf	vole	all	5	0	33156
nist-pdf-0004	pdf	minimal	0	5	0	349899
nist-pdf-0004	pdf	fts	0	5	0	352157
nist-pdf-0004	pdf	structural	0	5	0	352725
nist-pdf-0004	pdf	structural	1	5	0	348068
nist-pdf-0004	pdf	full	0	5	0	348147
nist-pdf-0004	pdf	full	1	5	0	345769
nist-pdf-0004	pdf	full	2	5	0	349778
nist-pdf-0004	pdf	full	3	5	0	361613
nist-pdf-0004	pdf	full	4	5	0	364078
nist-pdf-0004	pdf	full	5	5	0	357832
nist-pdf-0004	pdf	adaptive	0	5	0	348110
nist-pdf-0004	pdf	adaptive	1	5	0	347054
nist-pdf-0004	pdf	adaptive	2	5	0	350654
nist-pdf-0004	pdf	adaptive	3	5	0	342939
nist-pdf-0004	pdf	adaptive	4	5	0	348307
nist-pdf-0004	pdf	adaptive	5	5	0	351704
nist-pdf-0004	pdf	hybrid	0	5	0	351693
nist-pdf-0004	pdf	hybrid	1	5	0	352277
nist-pdf-0004	pdf	hybrid	2	5	0	352172
nist-pdf-0004	pdf	hybrid	3	5	0	351055
nist-pdf-0004	pdf	hybrid	4	5	0	352495
nist-pdf-0004	pdf	hybrid	5	5	0	350845
nist-pdf-0004	pdf	hist	0	5	0	398132
nist-pdf-0004	pdf	hist	5	5	0	376262
nist-pdf-0004	pdf	extract	0	6	0	343538
nist-pdf-0004	pdf	minimal	0	6	0	360271
nist-pdf-0004	pdf	fts	0	6	0	353643
nist-pdf-0004	pdf	structural	0	6	0	347455
nist-pdf-0004	pdf	structural	1	6	0	346947
nist-pdf-0004	pdf	full	0	6	0	349728
nist-pdf-0004	pdf	full	1	6	0	344913
nist-pdf-0004	pdf	full	2	6	0	347563
nist-pdf-0004	pdf	full	3	6	0	350106
nist-pdf-0004	pdf	full	4	6	0	348490
nist-pdf-0004	pdf	full	5	6	0	350133
nist-pdf-0004	pdf	adaptive	0	6	0	346840
nist-pdf-0004	pdf	adaptive	1	6	0	349515
nist-pdf-0004	pdf	adaptive	2	6	0	351635
nist-pdf-0004	pdf	adaptive	3	6	0	350886
nist-pdf-0004	pdf	adaptive	4	6	0	343051
nist-pdf-0004	pdf	adaptive	5	6	0	348987
nist-pdf-0004	pdf	hybrid	0	6	0	349092
nist-pdf-0004	pdf	hybrid	1	6	0	348398
nist-pdf-0004	pdf	hybrid	2	6	0	346952
nist-pdf-0004	pdf	hybrid	3	6	0	347626
nist-pdf-0004	pdf	hybrid	4	6	0	350373
nist-pdf-0004	pdf	hybrid	5	6	0	350821
nist-pdf-0004	pdf	hist	0	6	0	362262
nist-pdf-0004	pdf	hist	5	6	0	364577
nist-pdf-0004	pdf	vole	all	6	0	33730
nist-pdf-0004	pdf	extract	0	7	0	342380
nist-pdf-0004	pdf	vole	all	7	0	33496
nist-pdf-0004	pdf	minimal	0	7	0	352888
nist-pdf-0004	pdf	fts	0	7	0	349959
nist-pdf-0004	pdf	structural	0	7	0	351855
nist-pdf-0004	pdf	structural	1	7	0	350970
nist-pdf-0004	pdf	full	0	7	0	351202
nist-pdf-0004	pdf	full	1	7	0	351222
nist-pdf-0004	pdf	full	2	7	0	351821
nist-pdf-0004	pdf	full	3	7	0	348981
nist-pdf-0004	pdf	full	4	7	0	350732
nist-pdf-0004	pdf	full	5	7	0	353260
nist-pdf-0004	pdf	adaptive	0	7	0	354495
nist-pdf-0004	pdf	adaptive	1	7	0	349415
nist-pdf-0004	pdf	adaptive	2	7	0	353534
nist-pdf-0004	pdf	adaptive	3	7	0	348771
nist-pdf-0004	pdf	adaptive	4	7	0	349216
nist-pdf-0004	pdf	adaptive	5	7	0	347932
nist-pdf-0004	pdf	hybrid	0	7	0	345480
nist-pdf-0004	pdf	hybrid	1	7	0	348394
nist-pdf-0004	pdf	hybrid	2	7	0	348069
nist-pdf-0004	pdf	hybrid	3	7	0	348443
nist-pdf-0004	pdf	hybrid	4	7	0	350257
nist-pdf-0004	pdf	hybrid	5	7	0	347983
nist-pdf-0004	pdf	hist	0	7	0	363061
nist-pdf-0004	pdf	hist	5	7	0	366673
nist-pdf-0004	pdf	extract	0	8	0	339755
nist-pdf-0004	pdf	minimal	0	8	0	349475
nist-pdf-0004	pdf	fts	0	8	0	352011
nist-pdf-0004	pdf	structural	0	8	0	349608
nist-pdf-0004	pdf	structural	1	8	0	348760
nist-pdf-0004	pdf	full	0	8	0	350637
nist-pdf-0004	pdf	full	1	8	0	350661
nist-pdf-0004	pdf	full	2	8	0	350573
nist-pdf-0004	pdf	full	3	8	0	351431
nist-pdf-0004	pdf	full	4	8	0	350909
nist-pdf-0004	pdf	full	5	8	0	350991
nist-pdf-0004	pdf	adaptive	0	8	0	350162
nist-pdf-0004	pdf	adaptive	1	8	0	361662
nist-pdf-0004	pdf	adaptive	2	8	0	351350
nist-pdf-0004	pdf	adaptive	3	8	0	349242
nist-pdf-0004	pdf	adaptive	4	8	0	350441
nist-pdf-0004	pdf	adaptive	5	8	0	346881
nist-pdf-0004	pdf	hybrid	0	8	0	351326
nist-pdf-0004	pdf	hybrid	1	8	0	351236
nist-pdf-0004	pdf	hybrid	2	8	0	349999
nist-pdf-0004	pdf	hybrid	3	8	0	348839
nist-pdf-0004	pdf	hybrid	4	8	0	348490
nist-pdf-0004	pdf	hybrid	5	8	0	349946
nist-pdf-0004	pdf	hist	0	8	0	362917
nist-pdf-0004	pdf	hist	5	8	0	364684
nist-pdf-0004	pdf	vole	all	8	0	34908
nist-pdf-0004	pdf	extract	0	9	0	341295
nist-pdf-0004	pdf	vole	all	9	0	33649
nist-pdf-0004	pdf	minimal	0	9	0	348866
nist-pdf-0004	pdf	fts	0	9	0	351968
nist-pdf-0004	pdf	structural	0	9	0	348741
nist-pdf-0004	pdf	structural	1	9	0	348942
nist-pdf-0004	pdf	full	0	9	0	348256
nist-pdf-0004	pdf	full	1	9	0	354288
nist-pdf-0004	pdf	full	2	9	0	348140
nist-pdf-0004	pdf	full	3	9	0	348299
nist-pdf-0004	pdf	full	4	9	0	348880
nist-pdf-0004	pdf	full	5	9	0	350178
nist-pdf-0004	pdf	adaptive	0	9	0	348145
nist-pdf-0004	pdf	adaptive	1	9	0	350718
nist-pdf-0004	pdf	adaptive	2	9	0	349322
nist-pdf-0004	pdf	adaptive	3	9	0	344992
nist-pdf-0004	pdf	adaptive	4	9	0	349508
nist-pdf-0004	pdf	adaptive	5	9	0	346532
nist-pdf-0004	pdf	hybrid	0	9	0	350836
nist-pdf-0004	pdf	hybrid	1	9	0	346365
nist-pdf-0004	pdf	hybrid	2	9	0	350422
nist-pdf-0004	pdf	hybrid	3	9	0	351379
nist-pdf-0004	pdf	hybrid	4	9	0	349687
nist-pdf-0004	pdf	hybrid	5	9	0	349300
nist-pdf-0004	pdf	hist	0	9	0	365143
nist-pdf-0004	pdf	hist	5	9	0	368298
nist-pdf-0004	pdf	extract	0	10	0	342275
nist-pdf-0004	pdf	minimal	0	10	0	350247
nist-pdf-0004	pdf	fts	0	10	0	350992
nist-pdf-0004	pdf	structural	0	10	0	346993
nist-pdf-0004	pdf	structural	1	10	0	350559
nist-pdf-0004	pdf	full	0	10	0	351102
nist-pdf-0004	pdf	full	1	10	0	352604
nist-pdf-0004	pdf	full	2	10	0	347806
nist-pdf-0004	pdf	full	3	10	0	342621
nist-pdf-0004	pdf	full	4	10	0	352754
nist-pdf-0004	pdf	full	5	10	0	349538
nist-pdf-0004	pdf	adaptive	0	10	0	348477
nist-pdf-0004	pdf	adaptive	1	10	0	349622
nist-pdf-0004	pdf	adaptive	2	10	0	351302
nist-pdf-0004	pdf	adaptive	3	10	0	348305
nist-pdf-0004	pdf	adaptive	4	10	0	350582
nist-pdf-0004	pdf	adaptive	5	10	0	351427
nist-pdf-0004	pdf	hybrid	0	10	0	360883
nist-pdf-0004	pdf	hybrid	1	10	0	346679
nist-pdf-0004	pdf	hybrid	2	10	0	349020
nist-pdf-0004	pdf	hybrid	3	10	0	348435
nist-pdf-0004	pdf	hybrid	4	10	0	346758
nist-pdf-0004	pdf	hybrid	5	10	0	350428
nist-pdf-0004	pdf	hist	0	10	0	364779
nist-pdf-0004	pdf	hist	5	10	0	362347
nist-pdf-0004	pdf	vole	all	10	0	33130
nist-pdf-0016	pdf	extract	0	1	0	60290
nist-pdf-0016	pdf	vole	all	1	0	17785
nist-pdf-0016	pdf	minimal	0	1	0	67468
nist-pdf-0016	pdf	fts	0	1	0	67711
nist-pdf-0016	pdf	structural	0	1	0	67442
nist-pdf-0016	pdf	structural	1	1	0	67458
nist-pdf-0016	pdf	full	0	1	0	66993
nist-pdf-0016	pdf	full	1	1	0	67974
nist-pdf-0016	pdf	full	2	1	0	68186
nist-pdf-0016	pdf	full	3	1	0	66757
nist-pdf-0016	pdf	full	4	1	0	67688
nist-pdf-0016	pdf	full	5	1	0	69956
nist-pdf-0016	pdf	adaptive	0	1	0	67740
nist-pdf-0016	pdf	adaptive	1	1	0	67041
nist-pdf-0016	pdf	adaptive	2	1	0	65571
nist-pdf-0016	pdf	adaptive	3	1	0	66486
nist-pdf-0016	pdf	adaptive	4	1	0	66294
nist-pdf-0016	pdf	adaptive	5	1	0	66515
nist-pdf-0016	pdf	hybrid	0	1	0	67248
nist-pdf-0016	pdf	hybrid	1	1	0	66829
nist-pdf-0016	pdf	hybrid	2	1	0	66983
nist-pdf-0016	pdf	hybrid	3	1	0	70511
nist-pdf-0016	pdf	hybrid	4	1	0	67607
nist-pdf-0016	pdf	hybrid	5	1	0	66181
nist-pdf-0016	pdf	hist	0	1	0	69093
nist-pdf-0016	pdf	hist	5	1	0	69667
nist-pdf-0016	pdf	extract	0	2	0	61336
nist-pdf-0016	pdf	minimal	0	2	0	70196
nist-pdf-0016	pdf	fts	0	2	0	68937
nist-pdf-0016	pdf	structural	0	2	0	69540
nist-pdf-0016	pdf	structural	1	2	0	72111
nist-pdf-0016	pdf	full	0	2	0	67670
nist-pdf-0016	pdf	full	1	2	0	68059
nist-pdf-0016	pdf	full	2	2	0	67482
nist-pdf-0016	pdf	full	3	2	0	67519
nist-pdf-0016	pdf	full	4	2	0	68087
nist-pdf-0016	pdf	full	5	2	0	67848
nist-pdf-0016	pdf	adaptive	0	2	0	70000
nist-pdf-0016	pdf	adaptive	1	2	0	67207
nist-pdf-0016	pdf	adaptive	2	2	0	67834
nist-pdf-0016	pdf	adaptive	3	2	0	67657
nist-pdf-0016	pdf	adaptive	4	2	0	67393
nist-pdf-0016	pdf	adaptive	5	2	0	67846
nist-pdf-0016	pdf	hybrid	0	2	0	67694
nist-pdf-0016	pdf	hybrid	1	2	0	67623
nist-pdf-0016	pdf	hybrid	2	2	0	67249
nist-pdf-0016	pdf	hybrid	3	2	0	67937
nist-pdf-0016	pdf	hybrid	4	2	0	69906
nist-pdf-0016	pdf	hybrid	5	2	0	67288
nist-pdf-0016	pdf	hist	0	2	0	71659
nist-pdf-0016	pdf	hist	5	2	0	70545
nist-pdf-0016	pdf	vole	all	2	0	17541
nist-pdf-0016	pdf	extract	0	3	0	60369
nist-pdf-0016	pdf	vole	all	3	0	17565
nist-pdf-0016	pdf	minimal	0	3	0	68100
nist-pdf-0016	pdf	fts	0	3	0	68981
nist-pdf-0016	pdf	structural	0	3	0	66705
nist-pdf-0016	pdf	structural	1	3	0	67445
nist-pdf-0016	pdf	full	0	3	0	67049
nist-pdf-0016	pdf	full	1	3	0	68225
nist-pdf-0016	pdf	full	2	3	0	68680
nist-pdf-0016	pdf	full	3	3	0	70737
nist-pdf-0016	pdf	full	4	3	0	67205
nist-pdf-0016	pdf	full	5	3	0	67644
nist-pdf-0016	pdf	adaptive	0	3	0	68567
nist-pdf-0016	pdf	adaptive	1	3	0	67590
nist-pdf-0016	pdf	adaptive	2	3	0	67804
nist-pdf-0016	pdf	adaptive	3	3	0	66091
nist-pdf-0016	pdf	adaptive	4	3	0	66934
nist-pdf-0016	pdf	adaptive	5	3	0	66943
nist-pdf-0016	pdf	hybrid	0	3	0	66886
nist-pdf-0016	pdf	hybrid	1	3	0	66895
nist-pdf-0016	pdf	hybrid	2	3	0	66987
nist-pdf-0016	pdf	hybrid	3	3	0	68392
nist-pdf-0016	pdf	hybrid	4	3	0	69303
nist-pdf-0016	pdf	hybrid	5	3	0	67541
nist-pdf-0016	pdf	hist	0	3	0	70482
nist-pdf-0016	pdf	hist	5	3	0	69295
nist-pdf-0016	pdf	extract	0	4	0	59772
nist-pdf-0016	pdf	minimal	0	4	0	67057
nist-pdf-0016	pdf	fts	0	4	0	69050
nist-pdf-0016	pdf	structural	0	4	0	70568
nist-pdf-0016	pdf	structural	1	4	0	67777
nist-pdf-0016	pdf	full	0	4	0	66053
nist-pdf-0016	pdf	full	1	4	0	66647
nist-pdf-0016	pdf	full	2	4	0	66730
nist-pdf-0016	pdf	full	3	4	0	67308
nist-pdf-0016	pdf	full	4	4	0	68100
nist-pdf-0016	pdf	full	5	4	0	68255
nist-pdf-0016	pdf	adaptive	0	4	0	66256
nist-pdf-0016	pdf	adaptive	1	4	0	66865
nist-pdf-0016	pdf	adaptive	2	4	0	68735
nist-pdf-0016	pdf	adaptive	3	4	0	67427
nist-pdf-0016	pdf	adaptive	4	4	0	66707
nist-pdf-0016	pdf	adaptive	5	4	0	66942
nist-pdf-0016	pdf	hybrid	0	4	0	68251
nist-pdf-0016	pdf	hybrid	1	4	0	69439
nist-pdf-0016	pdf	hybrid	2	4	0	68097
nist-pdf-0016	pdf	hybrid	3	4	0	66808
nist-pdf-0016	pdf	hybrid	4	4	0	66862
nist-pdf-0016	pdf	hybrid	5	4	0	67921
nist-pdf-0016	pdf	hist	0	4	0	71993
nist-pdf-0016	pdf	hist	5	4	0	70168
nist-pdf-0016	pdf	vole	all	4	0	17186
nist-pdf-0016	pdf	extract	0	5	0	60447
nist-pdf-0016	pdf	vole	all	5	0	17560
nist-pdf-0016	pdf	minimal	0	5	0	70607
nist-pdf-0016	pdf	fts	0	5	0	69110
nist-pdf-0016	pdf	structural	0	5	0	71388
nist-pdf-0016	pdf	structural	1	5	0	66236
nist-pdf-0016	pdf	full	0	5	0	67397
nist-pdf-0016	pdf	full	1	5	0	68492
nist-pdf-0016	pdf	full	2	5	0	67835
nist-pdf-0016	pdf	full	3	5	0	67546
nist-pdf-0016	pdf	full	4	5	0	68657
nist-pdf-0016	pdf	full	5	5	0	67317
nist-pdf-0016	pdf	adaptive	0	5	0	66729
nist-pdf-0016	pdf	adaptive	1	5	0	69520
nist-pdf-0016	pdf	adaptive	2	5	0	67264
nist-pdf-0016	pdf	adaptive	3	5	0	66113
nist-pdf-0016	pdf	adaptive	4	5	0	67294
nist-pdf-0016	pdf	adaptive	5	5	0	69448
nist-pdf-0016	pdf	hybrid	0	5	0	71119
nist-pdf-0016	pdf	hybrid	1	5	0	67849
nist-pdf-0016	pdf	hybrid	2	5	0	67512
nist-pdf-0016	pdf	hybrid	3	5	0	67627
nist-pdf-0016	pdf	hybrid	4	5	0	68341
nist-pdf-0016	pdf	hybrid	5	5	0	69724
nist-pdf-0016	pdf	hist	0	5	0	73682
nist-pdf-0016	pdf	hist	5	5	0	73404
nist-pdf-0016	pdf	extract	0	6	0	60091
nist-pdf-0016	pdf	minimal	0	6	0	66886
nist-pdf-0016	pdf	fts	0	6	0	68199
nist-pdf-0016	pdf	structural	0	6	0	70280
nist-pdf-0016	pdf	structural	1	6	0	69075
nist-pdf-0016	pdf	full	0	6	0	68890
nist-pdf-0016	pdf	full	1	6	0	67774
nist-pdf-0016	pdf	full	2	6	0	67475
nist-pdf-0016	pdf	full	3	6	0	66623
nist-pdf-0016	pdf	full	4	6	0	67955
nist-pdf-0016	pdf	full	5	6	0	67223
nist-pdf-0016	pdf	adaptive	0	6	0	67471
nist-pdf-0016	pdf	adaptive	1	6	0	67169
nist-pdf-0016	pdf	adaptive	2	6	0	66935
nist-pdf-0016	pdf	adaptive	3	6	0	71488
nist-pdf-0016	pdf	adaptive	4	6	0	67109
nist-pdf-0016	pdf	adaptive	5	6	0	68802
nist-pdf-0016	pdf	hybrid	0	6	0	67515
nist-pdf-0016	pdf	hybrid	1	6	0	68273
nist-pdf-0016	pdf	hybrid	2	6	0	66392
nist-pdf-0016	pdf	hybrid	3	6	0	67168
nist-pdf-0016	pdf	hybrid	4	6	0	66735
nist-pdf-0016	pdf	hybrid	5	6	0	67437
nist-pdf-0016	pdf	hist	0	6	0	71670
nist-pdf-0016	pdf	hist	5	6	0	73491
nist-pdf-0016	pdf	vole	all	6	0	17394
nist-pdf-0016	pdf	extract	0	7	0	61320
nist-pdf-0016	pdf	vole	all	7	0	17760
nist-pdf-0016	pdf	minimal	0	7	0	69097
nist-pdf-0016	pdf	fts	0	7	0	67934
nist-pdf-0016	pdf	structural	0	7	0	66873
nist-pdf-0016	pdf	structural	1	7	0	70756
nist-pdf-0016	pdf	full	0	7	0	70059
nist-pdf-0016	pdf	full	1	7	0	68887
nist-pdf-0016	pdf	full	2	7	0	67882
nist-pdf-0016	pdf	full	3	7	0	67172
nist-pdf-0016	pdf	full	4	7	0	67894
nist-pdf-0016	pdf	full	5	7	0	66750
nist-pdf-0016	pdf	adaptive	0	7	0	68870
nist-pdf-0016	pdf	adaptive	1	7	0	69500
nist-pdf-0016	pdf	adaptive	2	7	0	68196
nist-pdf-0016	pdf	adaptive	3	7	0	67843
nist-pdf-0016	pdf	adaptive	4	7	0	69283
nist-pdf-0016	pdf	adaptive	5	7	0	66752
nist-pdf-0016	pdf	hybrid	0	7	0	66991
nist-pdf-0016	pdf	hybrid	1	7	0	67369
nist-pdf-0016	pdf	hybrid	2	7	0	67738
nist-pdf-0016	pdf	hybrid	3	7	0	65769
nist-pdf-0016	pdf	hybrid	4	7	0	68315
nist-pdf-0016	pdf	hybrid	5	7	0	66531
nist-pdf-0016	pdf	hist	0	7	0	70431
nist-pdf-0016	pdf	hist	5	7	0	72998
nist-pdf-0016	pdf	extract	0	8	0	60128
nist-pdf-0016	pdf	minimal	0	8	0	66476
nist-pdf-0016	pdf	fts	0	8	0	69301
nist-pdf-0016	pdf	structural	0	8	0	67161
nist-pdf-0016	pdf	structural	1	8	0	67351
nist-pdf-0016	pdf	full	0	8	0	66298
nist-pdf-0016	pdf	full	1	8	0	66318
nist-pdf-0016	pdf	full	2	8	0	69495
nist-pdf-0016	pdf	full	3	8	0	67965
nist-pdf-0016	pdf	full	4	8	0	66694
nist-pdf-0016	pdf	full	5	8	0	67254
nist-pdf-0016	pdf	adaptive	0	8	0	67867
nist-pdf-0016	pdf	adaptive	1	8	0	66843
nist-pdf-0016	pdf	adaptive	2	8	0	66589
nist-pdf-0016	pdf	adaptive	3	8	0	68642
nist-pdf-0016	pdf	adaptive	4	8	0	68356
nist-pdf-0016	pdf	adaptive	5	8	0	68001
nist-pdf-0016	pdf	hybrid	0	8	0	68933
nist-pdf-0016	pdf	hybrid	1	8	0	67886
nist-pdf-0016	pdf	hybrid	2	8	0	68587
nist-pdf-0016	pdf	hybrid	3	8	0	67253
nist-pdf-0016	pdf	hybrid	4	8	0	67199
nist-pdf-0016	pdf	hybrid	5	8	0	67943
nist-pdf-0016	pdf	hist	0	8	0	70381
nist-pdf-0016	pdf	hist	5	8	0	70492
nist-pdf-0016	pdf	vole	all	8	0	17263
nist-pdf-0016	pdf	extract	0	9	0	60825
nist-pdf-0016	pdf	vole	all	9	0	17562
nist-pdf-0016	pdf	minimal	0	9	0	67729
nist-pdf-0016	pdf	fts	0	9	0	66578
nist-pdf-0016	pdf	structural	0	9	0	67247
nist-pdf-0016	pdf	structural	1	9	0	66775
nist-pdf-0016	pdf	full	0	9	0	66373
nist-pdf-0016	pdf	full	1	9	0	67839
nist-pdf-0016	pdf	full	2	9	0	68123
nist-pdf-0016	pdf	full	3	9	0	69493
nist-pdf-0016	pdf	full	4	9	0	68133
nist-pdf-0016	pdf	full	5	9	0	67155
nist-pdf-0016	pdf	adaptive	0	9	0	67616
nist-pdf-0016	pdf	adaptive	1	9	0	66513
nist-pdf-0016	pdf	adaptive	2	9	0	67315
nist-pdf-0016	pdf	adaptive	3	9	0	66906
nist-pdf-0016	pdf	adaptive	4	9	0	67415
nist-pdf-0016	pdf	adaptive	5	9	0	66038
nist-pdf-0016	pdf	hybrid	0	9	0	66986
nist-pdf-0016	pdf	hybrid	1	9	0	68569
nist-pdf-0016	pdf	hybrid	2	9	0	70859
nist-pdf-0016	pdf	hybrid	3	9	0	66729
nist-pdf-0016	pdf	hybrid	4	9	0	67307
nist-pdf-0016	pdf	hybrid	5	9	0	67758
nist-pdf-0016	pdf	hist	0	9	0	70530
nist-pdf-0016	pdf	hist	5	9	0	70747
nist-pdf-0016	pdf	extract	0	10	0	61247
nist-pdf-0016	pdf	minimal	0	10	0	67861
nist-pdf-0016	pdf	fts	0	10	0	68287
nist-pdf-0016	pdf	structural	0	10	0	67166
nist-pdf-0016	pdf	structural	1	10	0	67170
nist-pdf-0016	pdf	full	0	10	0	66971
nist-pdf-0016	pdf	full	1	10	0	69741
nist-pdf-0016	pdf	full	2	10	0	67677
nist-pdf-0016	pdf	full	3	10	0	66487
nist-pdf-0016	pdf	full	4	10	0	68086
nist-pdf-0016	pdf	full	5	10	0	66778
nist-pdf-0016	pdf	adaptive	0	10	0	66964
nist-pdf-0016	pdf	adaptive	1	10	0	66352
nist-pdf-0016	pdf	adaptive	2	10	0	66801
nist-pdf-0016	pdf	adaptive	3	10	0	68463
nist-pdf-0016	pdf	adaptive	4	10	0	66892
nist-pdf-0016	pdf	adaptive	5	10	0	67100
nist-pdf-0016	pdf	hybrid	0	10	0	67932
nist-pdf-0016	pdf	hybrid	1	10	0	67501
nist-pdf-0016	pdf	hybrid	2	10	0	68298
nist-pdf-0016	pdf	hybrid	3	10	0	67152
nist-pdf-0016	pdf	hybrid	4	10	0	68183
nist-pdf-0016	pdf	hybrid	5	10	0	67416
nist-pdf-0016	pdf	hist	0	10	0	69164
nist-pdf-0016	pdf	hist	5	10	0	70686
nist-pdf-0016	pdf	vole	all	10	0	17319
nist-pdf-0017	pdf	extract	0	1	0	286212
nist-pdf-0017	pdf	vole	all	1	0	1362994
nist-pdf-0017	pdf	minimal	0	1	0	298421
nist-pdf-0017	pdf	fts	0	1	0	296273
nist-pdf-0017	pdf	structural	0	1	0	294730
nist-pdf-0017	pdf	structural	1	1	0	298372
nist-pdf-0017	pdf	full	0	1	0	293335
nist-pdf-0017	pdf	full	1	1	0	295773
nist-pdf-0017	pdf	full	2	1	0	296693
nist-pdf-0017	pdf	full	3	1	0	299797
nist-pdf-0017	pdf	full	4	1	0	293161
nist-pdf-0017	pdf	full	5	1	0	296219
nist-pdf-0017	pdf	adaptive	0	1	0	294442
nist-pdf-0017	pdf	adaptive	1	1	0	295550
nist-pdf-0017	pdf	adaptive	2	1	0	295678
nist-pdf-0017	pdf	adaptive	3	1	0	294714
nist-pdf-0017	pdf	adaptive	4	1	0	294804
nist-pdf-0017	pdf	adaptive	5	1	0	292930
nist-pdf-0017	pdf	hybrid	0	1	0	297118
nist-pdf-0017	pdf	hybrid	1	1	0	296415
nist-pdf-0017	pdf	hybrid	2	1	0	295841
nist-pdf-0017	pdf	hybrid	3	1	0	295202
nist-pdf-0017	pdf	hybrid	4	1	0	295852
nist-pdf-0017	pdf	hybrid	5	1	0	295832
nist-pdf-0017	pdf	hist	0	1	0	306558
nist-pdf-0017	pdf	hist	5	1	0	307640
nist-pdf-0017	pdf	extract	0	2	0	282788
nist-pdf-0017	pdf	minimal	0	2	0	296883
nist-pdf-0017	pdf	fts	0	2	0	297506
nist-pdf-0017	pdf	structural	0	2	0	295379
nist-pdf-0017	pdf	structural	1	2	0	296966
nist-pdf-0017	pdf	full	0	2	0	296857
nist-pdf-0017	pdf	full	1	2	0	297527
nist-pdf-0017	pdf	full	2	2	0	315535
nist-pdf-0017	pdf	full	3	2	0	310279
nist-pdf-0017	pdf	full	4	2	0	296517
nist-pdf-0017	pdf	full	5	2	0	299142
nist-pdf-0017	pdf	adaptive	0	2	0	296285
nist-pdf-0017	pdf	adaptive	1	2	0	290561
nist-pdf-0017	pdf	adaptive	2	2	0	294312
nist-pdf-0017	pdf	adaptive	3	2	0	296244
nist-pdf-0017	pdf	adaptive	4	2	0	294030
nist-pdf-0017	pdf	adaptive	5	2	0	294245
nist-pdf-0017	pdf	hybrid	0	2	0	293587
nist-pdf-0017	pdf	hybrid	1	2	0	299086
nist-pdf-0017	pdf	hybrid	2	2	0	296415
nist-pdf-0017	pdf	hybrid	3	2	0	293195
nist-pdf-0017	pdf	hybrid	4	2	0	298007
nist-pdf-0017	pdf	hybrid	5	2	0	298790
nist-pdf-0017	pdf	hist	0	2	0	305065
nist-pdf-0017	pdf	hist	5	2	0	308476
nist-pdf-0017	pdf	vole	all	2	0	1359558
nist-pdf-0017	pdf	extract	0	3	0	300009
nist-pdf-0017	pdf	vole	all	3	0	1361556
nist-pdf-0017	pdf	minimal	0	3	0	299598
nist-pdf-0017	pdf	fts	0	3	0	301174
nist-pdf-0017	pdf	structural	0	3	0	297882
nist-pdf-0017	pdf	structural	1	3	0	301366
nist-pdf-0017	pdf	full	0	3	0	305312
nist-pdf-0017	pdf	full	1	3	0	298047
nist-pdf-0017	pdf	full	2	3	0	295545
nist-pdf-0017	pdf	full	3	3	0	297777
nist-pdf-0017	pdf	full	4	3	0	294427
nist-pdf-0017	pdf	full	5	3	0	295866
nist-pdf-0017	pdf	adaptive	0	3	0	291761
nist-pdf-0017	pdf	adaptive	1	3	0	298405
nist-pdf-0017	pdf	adaptive	2	3	0	297421
nist-pdf-0017	pdf	adaptive	3	3	0	297193
nist-pdf-0017	pdf	adaptive	4	3	0	298897
nist-pdf-0017	pdf	adaptive	5	3	0	297658
nist-pdf-0017	pdf	hybrid	0	3	0	295086
nist-pdf-0017	pdf	hybrid	1	3	0	295138
nist-pdf-0017	pdf	hybrid	2	3	0	296738
nist-pdf-0017	pdf	hybrid	3	3	0	296182
nist-pdf-0017	pdf	hybrid	4	3	0	298644
nist-pdf-0017	pdf	hybrid	5	3	0	298961
nist-pdf-0017	pdf	hist	0	3	0	310691
nist-pdf-0017	pdf	hist	5	3	0	304768
nist-pdf-0017	pdf	extract	0	4	0	287165
nist-pdf-0017	pdf	minimal	0	4	0	298702
nist-pdf-0017	pdf	fts	0	4	0	298825
nist-pdf-0017	pdf	structural	0	4	0	294755
nist-pdf-0017	pdf	structural	1	4	0	297338
nist-pdf-0017	pdf	full	0	4	0	295051
nist-pdf-0017	pdf	full	1	4	0	295600
nist-pdf-0017	pdf	full	2	4	0	299216
nist-pdf-0017	pdf	full	3	4	0	294042
nist-pdf-0017	pdf	full	4	4	0	295956
nist-pdf-0017	pdf	full	5	4	0	295127
nist-pdf-0017	pdf	adaptive	0	4	0	294569
nist-pdf-0017	pdf	adaptive	1	4	0	293400
nist-pdf-0017	pdf	adaptive	2	4	0	294967
nist-pdf-0017	pdf	adaptive	3	4	0	293065
nist-pdf-0017	pdf	adaptive	4	4	0	295683
nist-pdf-0017	pdf	adaptive	5	4	0	295115
nist-pdf-0017	pdf	hybrid	0	4	0	296671
nist-pdf-0017	pdf	hybrid	1	4	0	296730
nist-pdf-0017	pdf	hybrid	2	4	0	301597
nist-pdf-0017	pdf	hybrid	3	4	0	296859
nist-pdf-0017	pdf	hybrid	4	4	0	299280
nist-pdf-0017	pdf	hybrid	5	4	0	301748
nist-pdf-0017	pdf	hist	0	4	0	309222
nist-pdf-0017	pdf	hist	5	4	0	306542
nist-pdf-0017	pdf	vole	all	4	0	1352129
nist-pdf-0017	pdf	extract	0	5	0	290134
nist-pdf-0017	pdf	vole	all	5	0	1368509
nist-pdf-0017	pdf	minimal	0	5	0	296482
nist-pdf-0017	pdf	fts	0	5	0	300600
nist-pdf-0017	pdf	structural	0	5	0	297364
nist-pdf-0017	pdf	structural	1	5	0	302853
nist-pdf-0017	pdf	full	0	5	0	292240
nist-pdf-0017	pdf	full	1	5	0	296479
nist-pdf-0017	pdf	full	2	5	0	297706
nist-pdf-0017	pdf	full	3	5	0	297783
nist-pdf-0017	pdf	full	4	5	0	298626
nist-pdf-0017	pdf	full	5	5	0	297596
nist-pdf-0017	pdf	adaptive	0	5	0	295015
nist-pdf-0017	pdf	adaptive	1	5	0	295703
nist-pdf-0017	pdf	adaptive	2	5	0	295582
nist-pdf-0017	pdf	adaptive	3	5	0	294487
nist-pdf-0017	pdf	adaptive	4	5	0	297054
nist-pdf-0017	pdf	adaptive	5	5	0	297038
nist-pdf-0017	pdf	hybrid	0	5	0	296515
nist-pdf-0017	pdf	hybrid	1	5	0	297352
nist-pdf-0017	pdf	hybrid	2	5	0	297007
nist-pdf-0017	pdf	hybrid	3	5	0	293625
nist-pdf-0017	pdf	hybrid	4	5	0	294925
nist-pdf-0017	pdf	hybrid	5	5	0	294589
nist-pdf-0017	pdf	hist	0	5	0	309053
nist-pdf-0017	pdf	hist	5	5	0	306913
nist-pdf-0017	pdf	extract	0	6	0	288928
nist-pdf-0017	pdf	minimal	0	6	0	293883
nist-pdf-0017	pdf	fts	0	6	0	292899
nist-pdf-0017	pdf	structural	0	6	0	298359
nist-pdf-0017	pdf	structural	1	6	0	295580
nist-pdf-0017	pdf	full	0	6	0	299895
nist-pdf-0017	pdf	full	1	6	0	295386
nist-pdf-0017	pdf	full	2	6	0	299132
nist-pdf-0017	pdf	full	3	6	0	296984
nist-pdf-0017	pdf	full	4	6	0	297346
nist-pdf-0017	pdf	full	5	6	0	296407
nist-pdf-0017	pdf	adaptive	0	6	0	298578
nist-pdf-0017	pdf	adaptive	1	6	0	295861
nist-pdf-0017	pdf	adaptive	2	6	0	295499
nist-pdf-0017	pdf	adaptive	3	6	0	293583
nist-pdf-0017	pdf	adaptive	4	6	0	298128
nist-pdf-0017	pdf	adaptive	5	6	0	294098
nist-pdf-0017	pdf	hybrid	0	6	0	298176
nist-pdf-0017	pdf	hybrid	1	6	0	321988
nist-pdf-0017	pdf	hybrid	2	6	0	298015
nist-pdf-0017	pdf	hybrid	3	6	0	298996
nist-pdf-0017	pdf	hybrid	4	6	0	297974
nist-pdf-0017	pdf	hybrid	5	6	0	290915
nist-pdf-0017	pdf	hist	0	6	0	303196
nist-pdf-0017	pdf	hist	5	6	0	307321
nist-pdf-0017	pdf	vole	all	6	0	1376526
nist-pdf-0017	pdf	extract	0	7	0	286849
nist-pdf-0017	pdf	vole	all	7	0	1361968
nist-pdf-0017	pdf	minimal	0	7	0	299601
nist-pdf-0017	pdf	fts	0	7	0	298979
nist-pdf-0017	pdf	structural	0	7	0	296252
nist-pdf-0017	pdf	structural	1	7	0	297412
nist-pdf-0017	pdf	full	0	7	0	297529
nist-pdf-0017	pdf	full	1	7	0	298609
nist-pdf-0017	pdf	full	2	7	0	295568
nist-pdf-0017	pdf	full	3	7	0	296087
nist-pdf-0017	pdf	full	4	7	0	298306
nist-pdf-0017	pdf	full	5	7	0	295155
nist-pdf-0017	pdf	adaptive	0	7	0	295593
nist-pdf-0017	pdf	adaptive	1	7	0	297499
nist-pdf-0017	pdf	adaptive	2	7	0	293230
nist-pdf-0017	pdf	adaptive	3	7	0	294927
nist-pdf-0017	pdf	adaptive	4	7	0	297723
nist-pdf-0017	pdf	adaptive	5	7	0	295851
nist-pdf-0017	pdf	hybrid	0	7	0	293819
nist-pdf-0017	pdf	hybrid	1	7	0	293918
nist-pdf-0017	pdf	hybrid	2	7	0	295597
nist-pdf-0017	pdf	hybrid	3	7	0	295494
nist-pdf-0017	pdf	hybrid	4	7	0	293770
nist-pdf-0017	pdf	hybrid	5	7	0	293484
nist-pdf-0017	pdf	hist	0	7	0	306168
nist-pdf-0017	pdf	hist	5	7	0	308491
nist-pdf-0017	pdf	extract	0	8	0	283596
nist-pdf-0017	pdf	minimal	0	8	0	294251
nist-pdf-0017	pdf	fts	0	8	0	296182
nist-pdf-0017	pdf	structural	0	8	0	299464
nist-pdf-0017	pdf	structural	1	8	0	297054
nist-pdf-0017	pdf	full	0	8	0	296096
nist-pdf-0017	pdf	full	1	8	0	296206
nist-pdf-0017	pdf	full	2	8	0	296020
nist-pdf-0017	pdf	full	3	8	0	297108
nist-pdf-0017	pdf	full	4	8	0	297452
nist-pdf-0017	pdf	full	5	8	0	292943
nist-pdf-0017	pdf	adaptive	0	8	0	295808
nist-pdf-0017	pdf	adaptive	1	8	0	293640
nist-pdf-0017	pdf	adaptive	2	8	0	294048
nist-pdf-0017	pdf	adaptive	3	8	0	296122
nist-pdf-0017	pdf	adaptive	4	8	0	295277
nist-pdf-0017	pdf	adaptive	5	8	0	298600
nist-pdf-0017	pdf	hybrid	0	8	0	292561
nist-pdf-0017	pdf	hybrid	1	8	0	294409
nist-pdf-0017	pdf	hybrid	2	8	0	299849
nist-pdf-0017	pdf	hybrid	3	8	0	296722
nist-pdf-0017	pdf	hybrid	4	8	0	295845
nist-pdf-0017	pdf	hybrid	5	8	0	308830
nist-pdf-0017	pdf	hist	0	8	0	313063
nist-pdf-0017	pdf	hist	5	8	0	305478
nist-pdf-0017	pdf	vole	all	8	0	1373295
nist-pdf-0017	pdf	extract	0	9	0	284431
nist-pdf-0017	pdf	vole	all	9	0	1363038
nist-pdf-0017	pdf	minimal	0	9	0	294929
nist-pdf-0017	pdf	fts	0	9	0	298042
nist-pdf-0017	pdf	structural	0	9	0	294705
nist-pdf-0017	pdf	structural	1	9	0	295048
nist-pdf-0017	pdf	full	0	9	0	301363
nist-pdf-0017	pdf	full	1	9	0	304518
nist-pdf-0017	pdf	full	2	9	0	295425
nist-pdf-0017	pdf	full	3	9	0	296884
nist-pdf-0017	pdf	full	4	9	0	296640
nist-pdf-0017	pdf	full	5	9	0	299605
nist-pdf-0017	pdf	adaptive	0	9	0	296245
nist-pdf-0017	pdf	adaptive	1	9	0	298923
nist-pdf-0017	pdf	adaptive	2	9	0	297227
nist-pdf-0017	pdf	adaptive	3	9	0	298409
nist-pdf-0017	pdf	adaptive	4	9	0	295997
nist-pdf-0017	pdf	adaptive	5	9	0	296624
nist-pdf-0017	pdf	hybrid	0	9	0	298670
nist-pdf-0017	pdf	hybrid	1	9	0	294374
nist-pdf-0017	pdf	hybrid	2	9	0	294780
nist-pdf-0017	pdf	hybrid	3	9	0	292817
nist-pdf-0017	pdf	hybrid	4	9	0	298311
nist-pdf-0017	pdf	hybrid	5	9	0	296371
nist-pdf-0017	pdf	hist	0	9	0	304272
nist-pdf-0017	pdf	hist	5	9	0	305546
nist-pdf-0017	pdf	extract	0	10	0	285681
nist-pdf-0017	pdf	minimal	0	10	0	293952
nist-pdf-0017	pdf	fts	0	10	0	292299
nist-pdf-0017	pdf	structural	0	10	0	296148
nist-pdf-0017	pdf	structural	1	10	0	295736
nist-pdf-0017	pdf	full	0	10	0	294258
nist-pdf-0017	pdf	full	1	10	0	296164
nist-pdf-0017	pdf	full	2	10	0	296124
nist-pdf-0017	pdf	full	3	10	0	295569
nist-pdf-0017	pdf	full	4	10	0	300033
nist-pdf-0017	pdf	full	5	10	0	297406
nist-pdf-0017	pdf	adaptive	0	10	0	293171
nist-pdf-0017	pdf	adaptive	1	10	0	296215
nist-pdf-0017	pdf	adaptive	2	10	0	295257
nist-pdf-0017	pdf	adaptive	3	10	0	295881
nist-pdf-0017	pdf	adaptive	4	10	0	294930
nist-pdf-0017	pdf	adaptive	5	10	0	297323
nist-pdf-0017	pdf	hybrid	0	10	0	296306
nist-pdf-0017	pdf	hybrid	1	10	0	298751
nist-pdf-0017	pdf	hybrid	2	10	0	296149
nist-pdf-0017	pdf	hybrid	3	10	0	294667
nist-pdf-0017	pdf	hybrid	4	10	0	296729
nist-pdf-0017	pdf	hybrid	5	10	0	296998
nist-pdf-0017	pdf	hist	0	10	0	306092
nist-pdf-0017	pdf	hist	5	10	0	307101
nist-pdf-0017	pdf	vole	all	10	0	1364959
nist-docx-0005	docx	extract	0	1	0	34716
nist-docx-0005	docx	vole	all	1	0	8295
nist-docx-0005	docx	minimal	0	1	0	40217
nist-docx-0005	docx	fts	0	1	0	40902
nist-docx-0005	docx	structural	0	1	0	40918
nist-docx-0005	docx	structural	1	1	0	41397
nist-docx-0005	docx	full	0	1	0	40000
nist-docx-0005	docx	full	1	1	0	40761
nist-docx-0005	docx	full	2	1	0	40763
nist-docx-0005	docx	full	3	1	0	40436
nist-docx-0005	docx	full	4	1	0	41673
nist-docx-0005	docx	full	5	1	0	42966
nist-docx-0005	docx	adaptive	0	1	0	40763
nist-docx-0005	docx	adaptive	1	1	0	41559
nist-docx-0005	docx	adaptive	2	1	0	40821
nist-docx-0005	docx	adaptive	3	1	0	41015
nist-docx-0005	docx	adaptive	4	1	0	40735
nist-docx-0005	docx	adaptive	5	1	0	40145
nist-docx-0005	docx	hybrid	0	1	0	40506
nist-docx-0005	docx	hybrid	1	1	0	41239
nist-docx-0005	docx	hybrid	2	1	0	41349
nist-docx-0005	docx	hybrid	3	1	0	41913
nist-docx-0005	docx	hybrid	4	1	0	40530
nist-docx-0005	docx	hybrid	5	1	0	42486
nist-docx-0005	docx	hist	0	1	0	44768
nist-docx-0005	docx	hist	5	1	0	45349
nist-docx-0005	docx	extract	0	2	0	35765
nist-docx-0005	docx	minimal	0	2	0	41154
nist-docx-0005	docx	fts	0	2	0	40523
nist-docx-0005	docx	structural	0	2	0	39520
nist-docx-0005	docx	structural	1	2	0	40911
nist-docx-0005	docx	full	0	2	0	41631
nist-docx-0005	docx	full	1	2	0	41851
nist-docx-0005	docx	full	2	2	0	40933
nist-docx-0005	docx	full	3	2	0	40718
nist-docx-0005	docx	full	4	2	0	41036
nist-docx-0005	docx	full	5	2	0	41239
nist-docx-0005	docx	adaptive	0	2	0	40835
nist-docx-0005	docx	adaptive	1	2	0	40403
nist-docx-0005	docx	adaptive	2	2	0	40193
nist-docx-0005	docx	adaptive	3	2	0	40936
nist-docx-0005	docx	adaptive	4	2	0	40452
nist-docx-0005	docx	adaptive	5	2	0	40460
nist-docx-0005	docx	hybrid	0	2	0	40118
nist-docx-0005	docx	hybrid	1	2	0	42832
nist-docx-0005	docx	hybrid	2	2	0	41308
nist-docx-0005	docx	hybrid	3	2	0	42869
nist-docx-0005	docx	hybrid	4	2	0	41909
nist-docx-0005	docx	hybrid	5	2	0	41599
nist-docx-0005	docx	hist	0	2	0	45101
nist-docx-0005	docx	hist	5	2	0	45589
nist-docx-0005	docx	vole	all	2	0	7989
nist-docx-0005	docx	extract	0	3	0	35006
nist-docx-0005	docx	vole	all	3	0	7802
nist-docx-0005	docx	minimal	0	3	0	40915
nist-docx-0005	docx	fts	0	3	0	40746
nist-docx-0005	docx	structural	0	3	0	39887
nist-docx-0005	docx	structural	1	3	0	40784
nist-docx-0005	docx	full	0	3	0	40546
nist-docx-0005	docx	full	1	3	0	41020
nist-docx-0005	docx	full	2	3	0	42039
nist-docx-0005	docx	full	3	3	0	41397
nist-docx-0005	docx	full	4	3	0	41424
nist-docx-0005	docx	full	5	3	0	40833
nist-docx-0005	docx	adaptive	0	3	0	41481
nist-docx-0005	docx	adaptive	1	3	0	42989
nist-docx-0005	docx	adaptive	2	3	0	40407
nist-docx-0005	docx	adaptive	3	3	0	39797
nist-docx-0005	docx	adaptive	4	3	0	40822
nist-docx-0005	docx	adaptive	5	3	0	40564
nist-docx-0005	docx	hybrid	0	3	0	41234
nist-docx-0005	docx	hybrid	1	3	0	40765
nist-docx-0005	docx	hybrid	2	3	0	40681
nist-docx-0005	docx	hybrid	3	3	0	41139
nist-docx-0005	docx	hybrid	4	3	0	40955
nist-docx-0005	docx	hybrid	5	3	0	40886
nist-docx-0005	docx	hist	0	3	0	44499
nist-docx-0005	docx	hist	5	3	0	46239
nist-docx-0005	docx	extract	0	4	0	35155
nist-docx-0005	docx	minimal	0	4	0	41366
nist-docx-0005	docx	fts	0	4	0	41157
nist-docx-0005	docx	structural	0	4	0	40439
nist-docx-0005	docx	structural	1	4	0	39769
nist-docx-0005	docx	full	0	4	0	40366
nist-docx-0005	docx	full	1	4	0	41168
nist-docx-0005	docx	full	2	4	0	44185
nist-docx-0005	docx	full	3	4	0	41252
nist-docx-0005	docx	full	4	4	0	40328
nist-docx-0005	docx	full	5	4	0	41427
nist-docx-0005	docx	adaptive	0	4	0	40937
nist-docx-0005	docx	adaptive	1	4	0	40376
nist-docx-0005	docx	adaptive	2	4	0	40846
nist-docx-0005	docx	adaptive	3	4	0	41166
nist-docx-0005	docx	adaptive	4	4	0	40389
nist-docx-0005	docx	adaptive	5	4	0	41370
nist-docx-0005	docx	hybrid	0	4	0	39982
nist-docx-0005	docx	hybrid	1	4	0	40303
nist-docx-0005	docx	hybrid	2	4	0	41626
nist-docx-0005	docx	hybrid	3	4	0	41968
nist-docx-0005	docx	hybrid	4	4	0	41861
nist-docx-0005	docx	hybrid	5	4	0	41635
nist-docx-0005	docx	hist	0	4	0	45528
nist-docx-0005	docx	hist	5	4	0	45628
nist-docx-0005	docx	vole	all	4	0	7840
nist-docx-0005	docx	extract	0	5	0	35101
nist-docx-0005	docx	vole	all	5	0	9988
nist-docx-0005	docx	minimal	0	5	0	42101
nist-docx-0005	docx	fts	0	5	0	40186
nist-docx-0005	docx	structural	0	5	0	39875
nist-docx-0005	docx	structural	1	5	0	40415
nist-docx-0005	docx	full	0	5	0	40700
nist-docx-0005	docx	full	1	5	0	40564
nist-docx-0005	docx	full	2	5	0	40392
nist-docx-0005	docx	full	3	5	0	40519
nist-docx-0005	docx	full	4	5	0	41564
nist-docx-0005	docx	full	5	5	0	41661
nist-docx-0005	docx	adaptive	0	5	0	40362
nist-docx-0005	docx	adaptive	1	5	0	45262
nist-docx-0005	docx	adaptive	2	5	0	43499
nist-docx-0005	docx	adaptive	3	5	0	41440
nist-docx-0005	docx	adaptive	4	5	0	41062
nist-docx-0005	docx	adaptive	5	5	0	40534
nist-docx-0005	docx	hybrid	0	5	0	41258
nist-docx-0005	docx	hybrid	1	5	0	40943
nist-docx-0005	docx	hybrid	2	5	0	40729
nist-docx-0005	docx	hybrid	3	5	0	40972
nist-docx-0005	docx	hybrid	4	5	0	41183
nist-docx-0005	docx	hybrid	5	5	0	41212
nist-docx-0005	docx	hist	0	5	0	46151
nist-docx-0005	docx	hist	5	5	0	45986
nist-docx-0005	docx	extract	0	6	0	35405
nist-docx-0005	docx	minimal	0	6	0	41350
nist-docx-0005	docx	fts	0	6	0	40568
nist-docx-0005	docx	structural	0	6	0	40237
nist-docx-0005	docx	structural	1	6	0	41042
nist-docx-0005	docx	full	0	6	0	40516
nist-docx-0005	docx	full	1	6	0	40791
nist-docx-0005	docx	full	2	6	0	40720
nist-docx-0005	docx	full	3	6	0	43512
nist-docx-0005	docx	full	4	6	0	40543
nist-docx-0005	docx	full	5	6	0	41479
nist-docx-0005	docx	adaptive	0	6	0	40395
nist-docx-0005	docx	adaptive	1	6	0	39978
nist-docx-0005	docx	adaptive	2	6	0	40154
nist-docx-0005	docx	adaptive	3	6	0	40606
nist-docx-0005	docx	adaptive	4	6	0	40949
nist-docx-0005	docx	adaptive	5	6	0	40771
nist-docx-0005	docx	hybrid	0	6	0	40622
nist-docx-0005	docx	hybrid	1	6	0	40722
nist-docx-0005	docx	hybrid	2	6	0	41557
nist-docx-0005	docx	hybrid	3	6	0	41886
nist-docx-0005	docx	hybrid	4	6	0	43471
nist-docx-0005	docx	hybrid	5	6	0	40683
nist-docx-0005	docx	hist	0	6	0	44693
nist-docx-0005	docx	hist	5	6	0	46048
nist-docx-0005	docx	vole	all	6	0	7989
nist-docx-0005	docx	extract	0	7	0	35516
nist-docx-0005	docx	vole	all	7	0	7957
nist-docx-0005	docx	minimal	0	7	0	41145
nist-docx-0005	docx	fts	0	7	0	43971
nist-docx-0005	docx	structural	0	7	0	42603
nist-docx-0005	docx	structural	1	7	0	41020
nist-docx-0005	docx	full	0	7	0	40067
nist-docx-0005	docx	full	1	7	0	39839
nist-docx-0005	docx	full	2	7	0	40164
nist-docx-0005	docx	full	3	7	0	41051
nist-docx-0005	docx	full	4	7	0	41445
nist-docx-0005	docx	full	5	7	0	41434
nist-docx-0005	docx	adaptive	0	7	0	41348
nist-docx-0005	docx	adaptive	1	7	0	40737
nist-docx-0005	docx	adaptive	2	7	0	40808
nist-docx-0005	docx	adaptive	3	7	0	41120
nist-docx-0005	docx	adaptive	4	7	0	42519
nist-docx-0005	docx	adaptive	5	7	0	39598
nist-docx-0005	docx	hybrid	0	7	0	41023
nist-docx-0005	docx	hybrid	1	7	0	40758
nist-docx-0005	docx	hybrid	2	7	0	41893
nist-docx-0005	docx	hybrid	3	7	0	41553
nist-docx-0005	docx	hybrid	4	7	0	41311
nist-docx-0005	docx	hybrid	5	7	0	41647
nist-docx-0005	docx	hist	0	7	0	44870
nist-docx-0005	docx	hist	5	7	0	44567
nist-docx-0005	docx	extract	0	8	0	35701
nist-docx-0005	docx	minimal	0	8	0	41463
nist-docx-0005	docx	fts	0	8	0	40935
nist-docx-0005	docx	structural	0	8	0	39876
nist-docx-0005	docx	structural	1	8	0	40521
nist-docx-0005	docx	full	0	8	0	40319
nist-docx-0005	docx	full	1	8	0	40598
nist-docx-0005	docx	full	2	8	0	41080
nist-docx-0005	docx	full	3	8	0	40782
nist-docx-0005	docx	full	4	8	0	43167
nist-docx-0005	docx	full	5	8	0	40472
nist-docx-0005	docx	adaptive	0	8	0	39872
nist-docx-0005	docx	adaptive	1	8	0	40032
nist-docx-0005	docx	adaptive	2	8	0	40830
nist-docx-0005	docx	adaptive	3	8	0	39844
nist-docx-0005	docx	adaptive	4	8	0	40525
nist-docx-0005	docx	adaptive	5	8	0	40553
nist-docx-0005	docx	hybrid	0	8	0	40231
nist-docx-0005	docx	hybrid	1	8	0	40848
nist-docx-0005	docx	hybrid	2	8	0	42052
nist-docx-0005	docx	hybrid	3	8	0	41503
nist-docx-0005	docx	hybrid	4	8	0	41778
nist-docx-0005	docx	hybrid	5	8	0	44978
nist-docx-0005	docx	hist	0	8	0	47728
nist-docx-0005	docx	hist	5	8	0	45444
nist-docx-0005	docx	vole	all	8	0	8049
nist-docx-0005	docx	extract	0	9	0	35924
nist-docx-0005	docx	vole	all	9	0	7970
nist-docx-0005	docx	minimal	0	9	0	41069
nist-docx-0005	docx	fts	0	9	0	44543
nist-docx-0005	docx	structural	0	9	0	41689
nist-docx-0005	docx	structural	1	9	0	40624
nist-docx-0005	docx	full	0	9	0	40710
nist-docx-0005	docx	full	1	9	0	40747
nist-docx-0005	docx	full	2	9	0	40834
nist-docx-0005	docx	full	3	9	0	41066
nist-docx-0005	docx	full	4	9	0	41467
nist-docx-0005	docx	full	5	9	0	41117
nist-docx-0005	docx	adaptive	0	9	0	40027
nist-docx-0005	docx	adaptive	1	9	0	39996
nist-docx-0005	docx	adaptive	2	9	0	41111
nist-docx-0005	docx	adaptive	3	9	0	41508
nist-docx-0005	docx	adaptive	4	9	0	43193
nist-docx-0005	docx	adaptive	5	9	0	40586
nist-docx-0005	docx	hybrid	0	9	0	39913
nist-docx-0005	docx	hybrid	1	9	0	40385
nist-docx-0005	docx	hybrid	2	9	0	41327
nist-docx-0005	docx	hybrid	3	9	0	40686
nist-docx-0005	docx	hybrid	4	9	0	40651
nist-docx-0005	docx	hybrid	5	9	0	42686
nist-docx-0005	docx	hist	0	9	0	46584
nist-docx-0005	docx	hist	5	9	0	48202
nist-docx-0005	docx	extract	0	10	0	36475
nist-docx-0005	docx	minimal	0	10	0	43495
nist-docx-0005	docx	fts	0	10	0	46187
nist-docx-0005	docx	structural	0	10	0	45344
nist-docx-0005	docx	structural	1	10	0	47075
nist-docx-0005	docx	full	0	10	0	41537
nist-docx-0005	docx	full	1	10	0	41233
nist-docx-0005	docx	full	2	10	0	41143
nist-docx-0005	docx	full	3	10	0	40970
nist-docx-0005	docx	full	4	10	0	41077
nist-docx-0005	docx	full	5	10	0	43835
nist-docx-0005	docx	adaptive	0	10	0	40050
nist-docx-0005	docx	adaptive	1	10	0	40365
nist-docx-0005	docx	adaptive	2	10	0	40047
nist-docx-0005	docx	adaptive	3	10	0	40883
nist-docx-0005	docx	adaptive	4	10	0	40613
nist-docx-0005	docx	adaptive	5	10	0	40114
nist-docx-0005	docx	hybrid	0	10	0	40461
nist-docx-0005	docx	hybrid	1	10	0	40135
nist-docx-0005	docx	hybrid	2	10	0	41066
nist-docx-0005	docx	hybrid	3	10	0	41133
nist-docx-0005	docx	hybrid	4	10	0	41181
nist-docx-0005	docx	hybrid	5	10	0	42406
nist-docx-0005	docx	hist	0	10	0	46657
nist-docx-0005	docx	hist	5	10	0	45057
nist-docx-0005	docx	vole	all	10	0	7923
nist-docx-0008	docx	extract	0	1	0	27000
nist-docx-0008	docx	vole	all	1	0	7920
nist-docx-0008	docx	minimal	0	1	0	34129
nist-docx-0008	docx	fts	0	1	0	33275
nist-docx-0008	docx	structural	0	1	0	34191
nist-docx-0008	docx	structural	1	1	0	33521
nist-docx-0008	docx	full	0	1	0	33993
nist-docx-0008	docx	full	1	1	0	34230
nist-docx-0008	docx	full	2	1	0	33691
nist-docx-0008	docx	full	3	1	0	34335
nist-docx-0008	docx	full	4	1	0	34277
nist-docx-0008	docx	full	5	1	0	34324
nist-docx-0008	docx	adaptive	0	1	0	33901
nist-docx-0008	docx	adaptive	1	1	0	34331
nist-docx-0008	docx	adaptive	2	1	0	33940
nist-docx-0008	docx	adaptive	3	1	0	35016
nist-docx-0008	docx	adaptive	4	1	0	35829
nist-docx-0008	docx	adaptive	5	1	0	33466
nist-docx-0008	docx	hybrid	0	1	0	34005
nist-docx-0008	docx	hybrid	1	1	0	33560
nist-docx-0008	docx	hybrid	2	1	0	34799
nist-docx-0008	docx	hybrid	3	1	0	34667
nist-docx-0008	docx	hybrid	4	1	0	34341
nist-docx-0008	docx	hybrid	5	1	0	34213
nist-docx-0008	docx	hist	0	1	0	37207
nist-docx-0008	docx	hist	5	1	0	36610
nist-docx-0008	docx	extract	0	2	0	28442
nist-docx-0008	docx	minimal	0	2	0	38263
nist-docx-0008	docx	fts	0	2	0	35303
nist-docx-0008	docx	structural	0	2	0	34520
nist-docx-0008	docx	structural	1	2	0	34199
nist-docx-0008	docx	full	0	2	0	34016
nist-docx-0008	docx	full	1	2	0	34761
nist-docx-0008	docx	full	2	2	0	35166
nist-docx-0008	docx	full	3	2	0	34067
nist-docx-0008	docx	full	4	2	0	34935
nist-docx-0008	docx	full	5	2	0	34452
nist-docx-0008	docx	adaptive	0	2	0	34043
nist-docx-0008	docx	adaptive	1	2	0	33625
nist-docx-0008	docx	adaptive	2	2	0	34442
nist-docx-0008	docx	adaptive	3	2	0	35375
nist-docx-0008	docx	adaptive	4	2	0	34569
nist-docx-0008	docx	adaptive	5	2	0	37261
nist-docx-0008	docx	hybrid	0	2	0	34301
nist-docx-0008	docx	hybrid	1	2	0	34737
nist-docx-0008	docx	hybrid	2	2	0	34488
nist-docx-0008	docx	hybrid	3	2	0	33897
nist-docx-0008	docx	hybrid	4	2	0	33747
nist-docx-0008	docx	hybrid	5	2	0	34428
nist-docx-0008	docx	hist	0	2	0	36320
nist-docx-0008	docx	hist	5	2	0	37240
nist-docx-0008	docx	vole	all	2	0	7705
nist-docx-0008	docx	extract	0	3	0	28609
nist-docx-0008	docx	vole	all	3	0	9947
nist-docx-0008	docx	minimal	0	3	0	36081
nist-docx-0008	docx	fts	0	3	0	34728
nist-docx-0008	docx	structural	0	3	0	33951
nist-docx-0008	docx	structural	1	3	0	33996
nist-docx-0008	docx	full	0	3	0	34581
nist-docx-0008	docx	full	1	3	0	34554
nist-docx-0008	docx	full	2	3	0	35225
nist-docx-0008	docx	full	3	3	0	34616
nist-docx-0008	docx	full	4	3	0	34949
nist-docx-0008	docx	full	5	3	0	34354
nist-docx-0008	docx	adaptive	0	3	0	34362
nist-docx-0008	docx	adaptive	1	3	0	33542
nist-docx-0008	docx	adaptive	2	3	0	33210
nist-docx-0008	docx	adaptive	3	3	0	33352
nist-docx-0008	docx	adaptive	4	3	0	34397
nist-docx-0008	docx	adaptive	5	3	0	36816
nist-docx-0008	docx	hybrid	0	3	0	34077
nist-docx-0008	docx	hybrid	1	3	0	38895
nist-docx-0008	docx	hybrid	2	3	0	34378
nist-docx-0008	docx	hybrid	3	3	0	34200
nist-docx-0008	docx	hybrid	4	3	0	34097
nist-docx-0008	docx	hybrid	5	3	0	34252
nist-docx-0008	docx	hist	0	3	0	36698
nist-docx-0008	docx	hist	5	3	0	36354
nist-docx-0008	docx	extract	0	4	0	28349
nist-docx-0008	docx	minimal	0	4	0	34256
nist-docx-0008	docx	fts	0	4	0	34544
nist-docx-0008	docx	structural	0	4	0	34048
nist-docx-0008	docx	structural	1	4	0	35390
nist-docx-0008	docx	full	0	4	0	33293
nist-docx-0008	docx	full	1	4	0	34564
nist-docx-0008	docx	full	2	4	0	34330
nist-docx-0008	docx	full	3	4	0	35005
nist-docx-0008	docx	full	4	4	0	34595
nist-docx-0008	docx	full	5	4	0	34066
nist-docx-0008	docx	adaptive	0	4	0	33786
nist-docx-0008	docx	adaptive	1	4	0	35403
nist-docx-0008	docx	adaptive	2	4	0	36025
nist-docx-0008	docx	adaptive	3	4	0	34556
nist-docx-0008	docx	adaptive	4	4	0	36154
nist-docx-0008	docx	adaptive	5	4	0	35963
nist-docx-0008	docx	hybrid	0	4	0	34660
nist-docx-0008	docx	hybrid	1	4	0	34257
nist-docx-0008	docx	hybrid	2	4	0	35068
nist-docx-0008	docx	hybrid	3	4	0	34171
nist-docx-0008	docx	hybrid	4	4	0	34818
nist-docx-0008	docx	hybrid	5	4	0	34825
nist-docx-0008	docx	hist	0	4	0	37652
nist-docx-0008	docx	hist	5	4	0	37223
nist-docx-0008	docx	vole	all	4	0	7551
nist-docx-0008	docx	extract	0	5	0	28331
nist-docx-0008	docx	vole	all	5	0	7750
nist-docx-0008	docx	minimal	0	5	0	34770
nist-docx-0008	docx	fts	0	5	0	35235
nist-docx-0008	docx	structural	0	5	0	34073
nist-docx-0008	docx	structural	1	5	0	34829
nist-docx-0008	docx	full	0	5	0	34360
nist-docx-0008	docx	full	1	5	0	34501
nist-docx-0008	docx	full	2	5	0	36267
nist-docx-0008	docx	full	3	5	0	34492
nist-docx-0008	docx	full	4	5	0	34105
nist-docx-0008	docx	full	5	5	0	34189
nist-docx-0008	docx	adaptive	0	5	0	33819
nist-docx-0008	docx	adaptive	1	5	0	33612
nist-docx-0008	docx	adaptive	2	5	0	34590
nist-docx-0008	docx	adaptive	3	5	0	36714
nist-docx-0008	docx	adaptive	4	5	0	34692
nist-docx-0008	docx	adaptive	5	5	0	34518
nist-docx-0008	docx	hybrid	0	5	0	34728
nist-docx-0008	docx	hybrid	1	5	0	33965
nist-docx-0008	docx	hybrid	2	5	0	33753
nist-docx-0008	docx	hybrid	3	5	0	34348
nist-docx-0008	docx	hybrid	4	5	0	34346
nist-docx-0008	docx	hybrid	5	5	0	34258
nist-docx-0008	docx	hist	0	5	0	36152
nist-docx-0008	docx	hist	5	5	0	36333
nist-docx-0008	docx	extract	0	6	0	28195
nist-docx-0008	docx	minimal	0	6	0	35540
nist-docx-0008	docx	fts	0	6	0	34215
nist-docx-0008	docx	structural	0	6	0	33895
nist-docx-0008	docx	structural	1	6	0	34704
nist-docx-0008	docx	full	0	6	0	33965
nist-docx-0008	docx	full	1	6	0	34309
nist-docx-0008	docx	full	2	6	0	33957
nist-docx-0008	docx	full	3	6	0	34115
nist-docx-0008	docx	full	4	6	0	34808
nist-docx-0008	docx	full	5	6	0	34031
nist-docx-0008	docx	adaptive	0	6	0	33705
nist-docx-0008	docx	adaptive	1	6	0	34922
nist-docx-0008	docx	adaptive	2	6	0	33623
nist-docx-0008	docx	adaptive	3	6	0	33967
nist-docx-0008	docx	adaptive	4	6	0	34764
nist-docx-0008	docx	adaptive	5	6	0	36938
nist-docx-0008	docx	hybrid	0	6	0	33467
nist-docx-0008	docx	hybrid	1	6	0	34031
nist-docx-0008	docx	hybrid	2	6	0	34200
nist-docx-0008	docx	hybrid	3	6	0	33765
nist-docx-0008	docx	hybrid	4	6	0	33450
nist-docx-0008	docx	hybrid	5	6	0	34923
nist-docx-0008	docx	hist	0	6	0	37531
nist-docx-0008	docx	hist	5	6	0	37601
nist-docx-0008	docx	vole	all	6	0	7738
nist-docx-0008	docx	extract	0	7	0	28737
nist-docx-0008	docx	vole	all	7	0	7658
nist-docx-0008	docx	minimal	0	7	0	34778
nist-docx-0008	docx	fts	0	7	0	34702
nist-docx-0008	docx	structural	0	7	0	34269
nist-docx-0008	docx	structural	1	7	0	34306
nist-docx-0008	docx	full	0	7	0	34078
nist-docx-0008	docx	full	1	7	0	33900
nist-docx-0008	docx	full	2	7	0	34275
nist-docx-0008	docx	full	3	7	0	34130
nist-docx-0008	docx	full	4	7	0	34107
nist-docx-0008	docx	full	5	7	0	34802
nist-docx-0008	docx	adaptive	0	7	0	36805
nist-docx-0008	docx	adaptive	1	7	0	34078
nist-docx-0008	docx	adaptive	2	7	0	34139
nist-docx-0008	docx	adaptive	3	7	0	34913
nist-docx-0008	docx	adaptive	4	7	0	34527
nist-docx-0008	docx	adaptive	5	7	0	34863
nist-docx-0008	docx	hybrid	0	7	0	33388
nist-docx-0008	docx	hybrid	1	7	0	34308
nist-docx-0008	docx	hybrid	2	7	0	34294
nist-docx-0008	docx	hybrid	3	7	0	34334
nist-docx-0008	docx	hybrid	4	7	0	36043
nist-docx-0008	docx	hybrid	5	7	0	35988
nist-docx-0008	docx	hist	0	7	0	38799
nist-docx-0008	docx	hist	5	7	0	39950
nist-docx-0008	docx	extract	0	8	0	28263
nist-docx-0008	docx	minimal	0	8	0	34799
nist-docx-0008	docx	fts	0	8	0	34435
nist-docx-0008	docx	structural	0	8	0	34371
nist-docx-0008	docx	structural	1	8	0	34357
nist-docx-0008	docx	full	0	8	0	33559
nist-docx-0008	docx	full	1	8	0	32989
nist-docx-0008	docx	full	2	8	0	33426
nist-docx-0008	docx	full	3	8	0	33898
nist-docx-0008	docx	full	4	8	0	34092
nist-docx-0008	docx	full	5	8	0	34575
nist-docx-0008	docx	adaptive	0	8	0	33899
nist-docx-0008	docx	adaptive	1	8	0	35862
nist-docx-0008	docx	adaptive	2	8	0	37082
nist-docx-0008	docx	adaptive	3	8	0	34451
nist-docx-0008	docx	adaptive	4	8	0	34440
nist-docx-0008	docx	adaptive	5	8	0	33541
nist-docx-0008	docx	hybrid	0	8	0	33543
nist-docx-0008	docx	hybrid	1	8	0	34658
nist-docx-0008	docx	hybrid	2	8	0	34246
nist-docx-0008	docx	hybrid	3	8	0	34004
nist-docx-0008	docx	hybrid	4	8	0	33978
nist-docx-0008	docx	hybrid	5	8	0	36509
nist-docx-0008	docx	hist	0	8	0	38149
nist-docx-0008	docx	hist	5	8	0	38301
nist-docx-0008	docx	vole	all	8	0	7649
nist-docx-0008	docx	extract	0	9	0	28589
nist-docx-0008	docx	vole	all	9	0	7794
nist-docx-0008	docx	minimal	0	9	0	36612
nist-docx-0008	docx	fts	0	9	0	36857
nist-docx-0008	docx	structural	0	9	0	35551
nist-docx-0008	docx	structural	1	9	0	34830
nist-docx-0008	docx	full	0	9	0	34820
nist-docx-0008	docx	full	1	9	0	35420
nist-docx-0008	docx	full	2	9	0	35741
nist-docx-0008	docx	full	3	9	0	36263
nist-docx-0008	docx	full	4	9	0	36570
nist-docx-0008	docx	full	5	9	0	35702
nist-docx-0008	docx	adaptive	0	9	0	34945
nist-docx-0008	docx	adaptive	1	9	0	35745
nist-docx-0008	docx	adaptive	2	9	0	37701
nist-docx-0008	docx	adaptive	3	9	0	34003
nist-docx-0008	docx	adaptive	4	9	0	33849
nist-docx-0008	docx	adaptive	5	9	0	34218
nist-docx-0008	docx	hybrid	0	9	0	33846
nist-docx-0008	docx	hybrid	1	9	0	34307
nist-docx-0008	docx	hybrid	2	9	0	34920
nist-docx-0008	docx	hybrid	3	9	0	34737
nist-docx-0008	docx	hybrid	4	9	0	34284
nist-docx-0008	docx	hybrid	5	9	0	34271
nist-docx-0008	docx	hist	0	9	0	36654
nist-docx-0008	docx	hist	5	9	0	38318
nist-docx-0008	docx	extract	0	10	0	28991
nist-docx-0008	docx	minimal	0	10	0	34438
nist-docx-0008	docx	fts	0	10	0	34779
nist-docx-0008	docx	structural	0	10	0	34041
nist-docx-0008	docx	structural	1	10	0	33348
nist-docx-0008	docx	full	0	10	0	34850
nist-docx-0008	docx	full	1	10	0	34189
nist-docx-0008	docx	full	2	10	0	33956
nist-docx-0008	docx	full	3	10	0	34885
nist-docx-0008	docx	full	4	10	0	35434
nist-docx-0008	docx	full	5	10	0	35671
nist-docx-0008	docx	adaptive	0	10	0	35006
nist-docx-0008	docx	adaptive	1	10	0	33852
nist-docx-0008	docx	adaptive	2	10	0	36119
nist-docx-0008	docx	adaptive	3	10	0	37065
nist-docx-0008	docx	adaptive	4	10	0	35211
nist-docx-0008	docx	adaptive	5	10	0	34039
nist-docx-0008	docx	hybrid	0	10	0	34907
nist-docx-0008	docx	hybrid	1	10	0	34285
nist-docx-0008	docx	hybrid	2	10	0	34715
nist-docx-0008	docx	hybrid	3	10	0	34767
nist-docx-0008	docx	hybrid	4	10	0	34501
nist-docx-0008	docx	hybrid	5	10	0	33736
nist-docx-0008	docx	hist	0	10	0	35925
nist-docx-0008	docx	hist	5	10	0	35900
nist-docx-0008	docx	vole	all	10	0	7639
nist-docx-0009	docx	extract	0	1	0	102457
nist-docx-0009	docx	vole	all	1	0	9259
nist-docx-0009	docx	minimal	0	1	0	105804
nist-docx-0009	docx	fts	0	1	0	106952
nist-docx-0009	docx	structural	0	1	0	107463
nist-docx-0009	docx	structural	1	1	0	106112
nist-docx-0009	docx	full	0	1	0	106298
nist-docx-0009	docx	full	1	1	0	106395
nist-docx-0009	docx	full	2	1	0	105976
nist-docx-0009	docx	full	3	1	0	105391
nist-docx-0009	docx	full	4	1	0	104940
nist-docx-0009	docx	full	5	1	0	105122
nist-docx-0009	docx	adaptive	0	1	0	104482
nist-docx-0009	docx	adaptive	1	1	0	105074
nist-docx-0009	docx	adaptive	2	1	0	103276
nist-docx-0009	docx	adaptive	3	1	0	108311
nist-docx-0009	docx	adaptive	4	1	0	108606
nist-docx-0009	docx	adaptive	5	1	0	104584
nist-docx-0009	docx	hybrid	0	1	0	104675
nist-docx-0009	docx	hybrid	1	1	0	104720
nist-docx-0009	docx	hybrid	2	1	0	105316
nist-docx-0009	docx	hybrid	3	1	0	105418
nist-docx-0009	docx	hybrid	4	1	0	104889
nist-docx-0009	docx	hybrid	5	1	0	108415
nist-docx-0009	docx	hist	0	1	0	114174
nist-docx-0009	docx	hist	5	1	0	109798
nist-docx-0009	docx	extract	0	2	0	102248
nist-docx-0009	docx	minimal	0	2	0	107801
nist-docx-0009	docx	fts	0	2	0	105538
nist-docx-0009	docx	structural	0	2	0	107052
nist-docx-0009	docx	structural	1	2	0	105485
nist-docx-0009	docx	full	0	2	0	103978
nist-docx-0009	docx	full	1	2	0	105252
nist-docx-0009	docx	full	2	2	0	105958
nist-docx-0009	docx	full	3	2	0	105372
nist-docx-0009	docx	full	4	2	0	105317
nist-docx-0009	docx	full	5	2	0	106085
nist-docx-0009	docx	adaptive	0	2	0	104387
nist-docx-0009	docx	adaptive	1	2	0	107938
nist-docx-0009	docx	adaptive	2	2	0	104501
nist-docx-0009	docx	adaptive	3	2	0	106215
nist-docx-0009	docx	adaptive	4	2	0	105506
nist-docx-0009	docx	adaptive	5	2	0	105548
nist-docx-0009	docx	hybrid	0	2	0	104735
nist-docx-0009	docx	hybrid	1	2	0	106920
nist-docx-0009	docx	hybrid	2	2	0	106788
nist-docx-0009	docx	hybrid	3	2	0	104831
nist-docx-0009	docx	hybrid	4	2	0	106957
nist-docx-0009	docx	hybrid	5	2	0	105585
nist-docx-0009	docx	hist	0	2	0	110667
nist-docx-0009	docx	hist	5	2	0	109464
nist-docx-0009	docx	vole	all	2	0	8845
nist-docx-0009	docx	extract	0	3	0	102041
nist-docx-0009	docx	vole	all	3	0	8976
nist-docx-0009	docx	minimal	0	3	0	106465
nist-docx-0009	docx	fts	0	3	0	105147
nist-docx-0009	docx	structural	0	3	0	105380
nist-docx-0009	docx	structural	1	3	0	106785
nist-docx-0009	docx	full	0	3	0	105503
nist-docx-0009	docx	full	1	3	0	105117
nist-docx-0009	docx	full	2	3	0	105639
nist-docx-0009	docx	full	3	3	0	105694
nist-docx-0009	docx	full	4	3	0	108520
nist-docx-0009	docx	full	5	3	0	105617
nist-docx-0009	docx	adaptive	0	3	0	105692
nist-docx-0009	docx	adaptive	1	3	0	107078
nist-docx-0009	docx	adaptive	2	3	0	105291
nist-docx-0009	docx	adaptive	3	3	0	107034
nist-docx-0009	docx	adaptive	4	3	0	105582
nist-docx-0009	docx	adaptive	5	3	0	105353
nist-docx-0009	docx	hybrid	0	3	0	107475
nist-docx-0009	docx	hybrid	1	3	0	109740
nist-docx-0009	docx	hybrid	2	3	0	107184
nist-docx-0009	docx	hybrid	3	3	0	105800
nist-docx-0009	docx	hybrid	4	3	0	105303
nist-docx-0009	docx	hybrid	5	3	0	105328
nist-docx-0009	docx	hist	0	3	0	110483
nist-docx-0009	docx	hist	5	3	0	111347
nist-docx-0009	docx	extract	0	4	0	101844
nist-docx-0009	docx	minimal	0	4	0	105622
nist-docx-0009	docx	fts	0	4	0	106260
nist-docx-0009	docx	structural	0	4	0	104784
nist-docx-0009	docx	structural	1	4	0	106168
nist-docx-0009	docx	full	0	4	0	106385
nist-docx-0009	docx	full	1	4	0	105496
nist-docx-0009	docx	full	2	4	0	107633
nist-docx-0009	docx	full	3	4	0	105975
nist-docx-0009	docx	full	4	4	0	107471
nist-docx-0009	docx	full	5	4	0	105320
nist-docx-0009	docx	adaptive	0	4	0	105176
nist-docx-0009	docx	adaptive	1	4	0	105195
nist-docx-0009	docx	adaptive	2	4	0	104329
nist-docx-0009	docx	adaptive	3	4	0	104737
nist-docx-0009	docx	adaptive	4	4	0	105396
nist-docx-0009	docx	adaptive	5	4	0	106400
nist-docx-0009	docx	hybrid	0	4	0	105350
nist-docx-0009	docx	hybrid	1	4	0	105768
nist-docx-0009	docx	hybrid	2	4	0	105047
nist-docx-0009	docx	hybrid	3	4	0	107292
nist-docx-0009	docx	hybrid	4	4	0	109173
nist-docx-0009	docx	hybrid	5	4	0	105696
nist-docx-0009	docx	hist	0	4	0	108374
nist-docx-0009	docx	hist	5	4	0	111827
nist-docx-0009	docx	vole	all	4	0	8985
nist-docx-0009	docx	extract	0	5	0	101140
nist-docx-0009	docx	vole	all	5	0	9158
nist-docx-0009	docx	minimal	0	5	0	105997
nist-docx-0009	docx	fts	0	5	0	106579
nist-docx-0009	docx	structural	0	5	0	106503
nist-docx-0009	docx	structural	1	5	0	105938
nist-docx-0009	docx	full	0	5	0	107070
nist-docx-0009	docx	full	1	5	0	106528
nist-docx-0009	docx	full	2	5	0	107133
nist-docx-0009	docx	full	3	5	0	105223
nist-docx-0009	docx	full	4	5	0	106044
nist-docx-0009	docx	full	5	5	0	105939
nist-docx-0009	docx	adaptive	0	5	0	104950
nist-docx-0009	docx	adaptive	1	5	0	105898
nist-docx-0009	docx	adaptive	2	5	0	103563
nist-docx-0009	docx	adaptive	3	5	0	107856
nist-docx-0009	docx	adaptive	4	5	0	103330
nist-docx-0009	docx	adaptive	5	5	0	107233
nist-docx-0009	docx	hybrid	0	5	0	106589
nist-docx-0009	docx	hybrid	1	5	0	103927
nist-docx-0009	docx	hybrid	2	5	0	104452
nist-docx-0009	docx	hybrid	3	5	0	106248
nist-docx-0009	docx	hybrid	4	5	0	109327
nist-docx-0009	docx	hybrid	5	5	0	104995
nist-docx-0009	docx	hist	0	5	0	109018
nist-docx-0009	docx	hist	5	5	0	109836
nist-docx-0009	docx	extract	0	6	0	103905
nist-docx-0009	docx	minimal	0	6	0	108177
nist-docx-0009	docx	fts	0	6	0	107206
nist-docx-0009	docx	structural	0	6	0	106987
nist-docx-0009	docx	structural	1	6	0	105357
nist-docx-0009	docx	full	0	6	0	105249
nist-docx-0009	docx	full	1	6	0	106102
nist-docx-0009	docx	full	2	6	0	106611
nist-docx-0009	docx	full	3	6	0	105500
nist-docx-0009	docx	full	4	6	0	106995
nist-docx-0009	docx	full	5	6	0	106082
nist-docx-0009	docx	adaptive	0	6	0	105714
nist-docx-0009	docx	adaptive	1	6	0	105987
nist-docx-0009	docx	adaptive	2	6	0	106489
nist-docx-0009	docx	adaptive	3	6	0	107110
nist-docx-0009	docx	adaptive	4	6	0	106731
nist-docx-0009	docx	adaptive	5	6	0	106228
nist-docx-0009	docx	hybrid	0	6	0	106189
nist-docx-0009	docx	hybrid	1	6	0	105968
nist-docx-0009	docx	hybrid	2	6	0	105032
nist-docx-0009	docx	hybrid	3	6	0	106674
nist-docx-0009	docx	hybrid	4	6	0	104491
nist-docx-0009	docx	hybrid	5	6	0	106661
nist-docx-0009	docx	hist	0	6	0	109213
nist-docx-0009	docx	hist	5	6	0	109734
nist-docx-0009	docx	vole	all	6	0	8939
nist-docx-0009	docx	extract	0	7	0	102488
nist-docx-0009	docx	vole	all	7	0	8993
nist-docx-0009	docx	minimal	0	7	0	106610
nist-docx-0009	docx	fts	0	7	0	105811
nist-docx-0009	docx	structural	0	7	0	104257
nist-docx-0009	docx	structural	1	7	0	104988
nist-docx-0009	docx	full	0	7	0	109033
nist-docx-0009	docx	full	1	7	0	107449
nist-docx-0009	docx	full	2	7	0	108380
nist-docx-0009	docx	full	3	7	0	105858
nist-docx-0009	docx	full	4	7	0	105571
nist-docx-0009	docx	full	5	7	0	105590
nist-docx-0009	docx	adaptive	0	7	0	105468
nist-docx-0009	docx	adaptive	1	7	0	105980
nist-docx-0009	docx	adaptive	2	7	0	106079
nist-docx-0009	docx	adaptive	3	7	0	107450
nist-docx-0009	docx	adaptive	4	7	0	103682
nist-docx-0009	docx	adaptive	5	7	0	102757
nist-docx-0009	docx	hybrid	0	7	0	109476
nist-docx-0009	docx	hybrid	1	7	0	105379
nist-docx-0009	docx	hybrid	2	7	0	104462
nist-docx-0009	docx	hybrid	3	7	0	105357
nist-docx-0009	docx	hybrid	4	7	0	106881
nist-docx-0009	docx	hybrid	5	7	0	105156
nist-docx-0009	docx	hist	0	7	0	110743
nist-docx-0009	docx	hist	5	7	0	109939
nist-docx-0009	docx	extract	0	8	0	104335
nist-docx-0009	docx	minimal	0	8	0	106580
nist-docx-0009	docx	fts	0	8	0	108208
nist-docx-0009	docx	structural	0	8	0	108020
nist-docx-0009	docx	structural	1	8	0	103501
nist-docx-0009	docx	full	0	8	0	107168
nist-docx-0009	docx	full	1	8	0	106715
nist-docx-0009	docx	full	2	8	0	107311
nist-docx-0009	docx	full	3	8	0	105072
nist-docx-0009	docx	full	4	8	0	108342
nist-docx-0009	docx	full	5	8	0	105758
nist-docx-0009	docx	adaptive	0	8	0	105040
nist-docx-0009	docx	adaptive	1	8	0	107784
nist-docx-0009	docx	adaptive	2	8	0	105519
nist-docx-0009	docx	adaptive	3	8	0	104633
nist-docx-0009	docx	adaptive	4	8	0	104347
nist-docx-0009	docx	adaptive	5	8	0	106587
nist-docx-0009	docx	hybrid	0	8	0	103761
nist-docx-0009	docx	hybrid	1	8	0	103815
nist-docx-0009	docx	hybrid	2	8	0	106009
nist-docx-0009	docx	hybrid	3	8	0	106448
nist-docx-0009	docx	hybrid	4	8	0	105858
nist-docx-0009	docx	hybrid	5	8	0	104788
nist-docx-0009	docx	hist	0	8	0	110748
nist-docx-0009	docx	hist	5	8	0	111140
nist-docx-0009	docx	vole	all	8	0	8894
nist-docx-0009	docx	extract	0	9	0	103443
nist-docx-0009	docx	vole	all	9	0	9620
nist-docx-0009	docx	minimal	0	9	0	105527
nist-docx-0009	docx	fts	0	9	0	106052
nist-docx-0009	docx	structural	0	9	0	105788
nist-docx-0009	docx	structural	1	9	0	104640
nist-docx-0009	docx	full	0	9	0	104349
nist-docx-0009	docx	full	1	9	0	105919
nist-docx-0009	docx	full	2	9	0	106462
nist-docx-0009	docx	full	3	9	0	104675
nist-docx-0009	docx	full	4	9	0	108382
nist-docx-0009	docx	full	5	9	0	106492
nist-docx-0009	docx	adaptive	0	9	0	108723
nist-docx-0009	docx	adaptive	1	9	0	105997
nist-docx-0009	docx	adaptive	2	9	0	106391
nist-docx-0009	docx	adaptive	3	9	0	105143
nist-docx-0009	docx	adaptive	4	9	0	105292
nist-docx-0009	docx	adaptive	5	9	0	103354
nist-docx-0009	docx	hybrid	0	9	0	105450
nist-docx-0009	docx	hybrid	1	9	0	106754
nist-docx-0009	docx	hybrid	2	9	0	106521
nist-docx-0009	docx	hybrid	3	9	0	105007
nist-docx-0009	docx	hybrid	4	9	0	105645
nist-docx-0009	docx	hybrid	5	9	0	107330
nist-docx-0009	docx	hist	0	9	0	109809
nist-docx-0009	docx	hist	5	9	0	110805
nist-docx-0009	docx	extract	0	10	0	101479
nist-docx-0009	docx	minimal	0	10	0	104872
nist-docx-0009	docx	fts	0	10	0	107530
nist-docx-0009	docx	structural	0	10	0	105371
nist-docx-0009	docx	structural	1	10	0	105802
nist-docx-0009	docx	full	0	10	0	104452
nist-docx-0009	docx	full	1	10	0	108093
nist-docx-0009	docx	full	2	10	0	104152
nist-docx-0009	docx	full	3	10	0	105914
nist-docx-0009	docx	full	4	10	0	104978
nist-docx-0009	docx	full	5	10	0	104551
nist-docx-0009	docx	adaptive	0	10	0	104273
nist-docx-0009	docx	adaptive	1	10	0	105114
nist-docx-0009	docx	adaptive	2	10	0	104826
nist-docx-0009	docx	adaptive	3	10	0	108068
nist-docx-0009	docx	adaptive	4	10	0	107235
nist-docx-0009	docx	adaptive	5	10	0	106129
nist-docx-0009	docx	hybrid	0	10	0	105152
nist-docx-0009	docx	hybrid	1	10	0	106424
nist-docx-0009	docx	hybrid	2	10	0	105586
nist-docx-0009	docx	hybrid	3	10	0	106367
nist-docx-0009	docx	hybrid	4	10	0	107129
nist-docx-0009	docx	hybrid	5	10	0	104809
nist-docx-0009	docx	hist	0	10	0	108091
nist-docx-0009	docx	hist	5	10	0	109939
nist-docx-0009	docx	vole	all	10	0	8737
nist-docx-0014	docx	extract	0	1	0	138667
nist-docx-0014	docx	vole	all	1	0	17297
nist-docx-0014	docx	minimal	0	1	0	142760
nist-docx-0014	docx	fts	0	1	0	142481
nist-docx-0014	docx	structural	0	1	0	142629
nist-docx-0014	docx	structural	1	1	0	142951
nist-docx-0014	docx	full	0	1	0	142978
nist-docx-0014	docx	full	1	1	0	143891
nist-docx-0014	docx	full	2	1	0	145229
nist-docx-0014	docx	full	3	1	0	146776
nist-docx-0014	docx	full	4	1	0	144077
nist-docx-0014	docx	full	5	1	0	139916
nist-docx-0014	docx	adaptive	0	1	0	142456
nist-docx-0014	docx	adaptive	1	1	0	139073
nist-docx-0014	docx	adaptive	2	1	0	137516
nist-docx-0014	docx	adaptive	3	1	0	138362
nist-docx-0014	docx	adaptive	4	1	0	138788
nist-docx-0014	docx	adaptive	5	1	0	139443
nist-docx-0014	docx	hybrid	0	1	0	140212
nist-docx-0014	docx	hybrid	1	1	0	137041
nist-docx-0014	docx	hybrid	2	1	0	138510
nist-docx-0014	docx	hybrid	3	1	0	141966
nist-docx-0014	docx	hybrid	4	1	0	140681
nist-docx-0014	docx	hybrid	5	1	0	140479
nist-docx-0014	docx	hist	0	1	0	150954
nist-docx-0014	docx	hist	5	1	0	149809
nist-docx-0014	docx	extract	0	2	0	136353
nist-docx-0014	docx	minimal	0	2	0	138031
nist-docx-0014	docx	fts	0	2	0	144191
nist-docx-0014	docx	structural	0	2	0	139170
nist-docx-0014	docx	structural	1	2	0	140946
nist-docx-0014	docx	full	0	2	0	140038
nist-docx-0014	docx	full	1	2	0	139390
nist-docx-0014	docx	full	2	2	0	140318
nist-docx-0014	docx	full	3	2	0	141081
nist-docx-0014	docx	full	4	2	0	139059
nist-docx-0014	docx	full	5	2	0	140749
nist-docx-0014	docx	adaptive	0	2	0	140944
nist-docx-0014	docx	adaptive	1	2	0	140186
nist-docx-0014	docx	adaptive	2	2	0	139425
nist-docx-0014	docx	adaptive	3	2	0	138068
nist-docx-0014	docx	adaptive	4	2	0	138290
nist-docx-0014	docx	adaptive	5	2	0	138671
nist-docx-0014	docx	hybrid	0	2	0	139315
nist-docx-0014	docx	hybrid	1	2	0	141815
nist-docx-0014	docx	hybrid	2	2	0	140104
nist-docx-0014	docx	hybrid	3	2	0	139926
nist-docx-0014	docx	hybrid	4	2	0	139046
nist-docx-0014	docx	hybrid	5	2	0	140822
nist-docx-0014	docx	hist	0	2	0	150889
nist-docx-0014	docx	hist	5	2	0	150568
nist-docx-0014	docx	vole	all	2	0	16190
nist-docx-0014	docx	extract	0	3	0	136978
nist-docx-0014	docx	vole	all	3	0	16749
nist-docx-0014	docx	minimal	0	3	0	140019
nist-docx-0014	docx	fts	0	3	0	140280
nist-docx-0014	docx	structural	0	3	0	139327
nist-docx-0014	docx	structural	1	3	0	139645
nist-docx-0014	docx	full	0	3	0	140138
nist-docx-0014	docx	full	1	3	0	141158
nist-docx-0014	docx	full	2	3	0	140551
nist-docx-0014	docx	full	3	3	0	139257
nist-docx-0014	docx	full	4	3	0	140396
nist-docx-0014	docx	full	5	3	0	140330
nist-docx-0014	docx	adaptive	0	3	0	138328
nist-docx-0014	docx	adaptive	1	3	0	140308
nist-docx-0014	docx	adaptive	2	3	0	138713
nist-docx-0014	docx	adaptive	3	3	0	139988
nist-docx-0014	docx	adaptive	4	3	0	138445
nist-docx-0014	docx	adaptive	5	3	0	140038
nist-docx-0014	docx	hybrid	0	3	0	140781
nist-docx-0014	docx	hybrid	1	3	0	140450
nist-docx-0014	docx	hybrid	2	3	0	139207
nist-docx-0014	docx	hybrid	3	3	0	142108
nist-docx-0014	docx	hybrid	4	3	0	138771
nist-docx-0014	docx	hybrid	5	3	0	139921
nist-docx-0014	docx	hist	0	3	0	150083
nist-docx-0014	docx	hist	5	3	0	151060
nist-docx-0014	docx	extract	0	4	0	136356
nist-docx-0014	docx	minimal	0	4	0	140173
nist-docx-0014	docx	fts	0	4	0	139817
nist-docx-0014	docx	structural	0	4	0	139955
nist-docx-0014	docx	structural	1	4	0	139150
nist-docx-0014	docx	full	0	4	0	139463
nist-docx-0014	docx	full	1	4	0	141734
nist-docx-0014	docx	full	2	4	0	142183
nist-docx-0014	docx	full	3	4	0	139937
nist-docx-0014	docx	full	4	4	0	142627
nist-docx-0014	docx	full	5	4	0	141880
nist-docx-0014	docx	adaptive	0	4	0	142292
nist-docx-0014	docx	adaptive	1	4	0	141019
nist-docx-0014	docx	adaptive	2	4	0	139763
nist-docx-0014	docx	adaptive	3	4	0	138217
nist-docx-0014	docx	adaptive	4	4	0	140629
nist-docx-0014	docx	adaptive	5	4	0	138982
nist-docx-0014	docx	hybrid	0	4	0	138379
nist-docx-0014	docx	hybrid	1	4	0	165887
nist-docx-0014	docx	hybrid	2	4	0	141583
nist-docx-0014	docx	hybrid	3	4	0	140779
nist-docx-0014	docx	hybrid	4	4	0	139372
nist-docx-0014	docx	hybrid	5	4	0	140300
nist-docx-0014	docx	hist	0	4	0	150203
nist-docx-0014	docx	hist	5	4	0	150890
nist-docx-0014	docx	vole	all	4	0	15954
nist-docx-0014	docx	extract	0	5	0	135700
nist-docx-0014	docx	vole	all	5	0	16891
nist-docx-0014	docx	minimal	0	5	0	137711
nist-docx-0014	docx	fts	0	5	0	140353
nist-docx-0014	docx	structural	0	5	0	141513
nist-docx-0014	docx	structural	1	5	0	141772
nist-docx-0014	docx	full	0	5	0	143006
nist-docx-0014	docx	full	1	5	0	141668
nist-docx-0014	docx	full	2	5	0	141652
nist-docx-0014	docx	full	3	5	0	139594
nist-docx-0014	docx	full	4	5	0	140794
nist-docx-0014	docx	full	5	5	0	141311
nist-docx-0014	docx	adaptive	0	5	0	140046
nist-docx-0014	docx	adaptive	1	5	0	139017
nist-docx-0014	docx	adaptive	2	5	0	138554
nist-docx-0014	docx	adaptive	3	5	0	138232
nist-docx-0014	docx	adaptive	4	5	0	140761
nist-docx-0014	docx	adaptive	5	5	0	142064
nist-docx-0014	docx	hybrid	0	5	0	141790
nist-docx-0014	docx	hybrid	1	5	0	141732
nist-docx-0014	docx	hybrid	2	5	0	138937
nist-docx-0014	docx	hybrid	3	5	0	140177
nist-docx-0014	docx	hybrid	4	5	0	140969
nist-docx-0014	docx	hybrid	5	5	0	140054
nist-docx-0014	docx	hist	0	5	0	149836
nist-docx-0014	docx	hist	5	5	0	152862
nist-docx-0014	docx	extract	0	6	0	137975
nist-docx-0014	docx	minimal	0	6	0	138396
nist-docx-0014	docx	fts	0	6	0	140489
nist-docx-0014	docx	structural	0	6	0	139748
nist-docx-0014	docx	structural	1	6	0	141177
nist-docx-0014	docx	full	0	6	0	141882
nist-docx-0014	docx	full	1	6	0	140350
nist-docx-0014	docx	full	2	6	0	139938
nist-docx-0014	docx	full	3	6	0	140359
nist-docx-0014	docx	full	4	6	0	141191
nist-docx-0014	docx	full	5	6	0	140596
nist-docx-0014	docx	adaptive	0	6	0	141338
nist-docx-0014	docx	adaptive	1	6	0	139727
nist-docx-0014	docx	adaptive	2	6	0	141615
nist-docx-0014	docx	adaptive	3	6	0	139118
nist-docx-0014	docx	adaptive	4	6	0	139192
nist-docx-0014	docx	adaptive	5	6	0	140084
nist-docx-0014	docx	hybrid	0	6	0	139866
nist-docx-0014	docx	hybrid	1	6	0	138679
nist-docx-0014	docx	hybrid	2	6	0	140581
nist-docx-0014	docx	hybrid	3	6	0	140082
nist-docx-0014	docx	hybrid	4	6	0	141558
nist-docx-0014	docx	hybrid	5	6	0	142171
nist-docx-0014	docx	hist	0	6	0	152228
nist-docx-0014	docx	hist	5	6	0	151503
nist-docx-0014	docx	vole	all	6	0	16645
nist-docx-0014	docx	extract	0	7	0	135159
nist-docx-0014	docx	vole	all	7	0	16555
nist-docx-0014	docx	minimal	0	7	0	139214
nist-docx-0014	docx	fts	0	7	0	139564
nist-docx-0014	docx	structural	0	7	0	139502
nist-docx-0014	docx	structural	1	7	0	137304
nist-docx-0014	docx	full	0	7	0	139249
nist-docx-0014	docx	full	1	7	0	141107
nist-docx-0014	docx	full	2	7	0	140454
nist-docx-0014	docx	full	3	7	0	142406
nist-docx-0014	docx	full	4	7	0	142260
nist-docx-0014	docx	full	5	7	0	141550
nist-docx-0014	docx	adaptive	0	7	0	136607
nist-docx-0014	docx	adaptive	1	7	0	140237
nist-docx-0014	docx	adaptive	2	7	0	138788
nist-docx-0014	docx	adaptive	3	7	0	140794
nist-docx-0014	docx	adaptive	4	7	0	139744
nist-docx-0014	docx	adaptive	5	7	0	142026
nist-docx-0014	docx	hybrid	0	7	0	139447
nist-docx-0014	docx	hybrid	1	7	0	139339
nist-docx-0014	docx	hybrid	2	7	0	140558
nist-docx-0014	docx	hybrid	3	7	0	144833
nist-docx-0014	docx	hybrid	4	7	0	138926
nist-docx-0014	docx	hybrid	5	7	0	140212
nist-docx-0014	docx	hist	0	7	0	151290
nist-docx-0014	docx	hist	5	7	0	150797
nist-docx-0014	docx	extract	0	8	0	136139
nist-docx-0014	docx	minimal	0	8	0	141694
nist-docx-0014	docx	fts	0	8	0	140246
nist-docx-0014	docx	structural	0	8	0	140116
nist-docx-0014	docx	structural	1	8	0	140564
nist-docx-0014	docx	full	0	8	0	138187
nist-docx-0014	docx	full	1	8	0	141355
nist-docx-0014	docx	full	2	8	0	141555
nist-docx-0014	docx	full	3	8	0	139900
nist-docx-0014	docx	full	4	8	0	138713
nist-docx-0014	docx	full	5	8	0	141630
nist-docx-0014	docx	adaptive	0	8	0	137243
nist-docx-0014	docx	adaptive	1	8	0	141412
nist-docx-0014	docx	adaptive	2	8	0	139007
nist-docx-0014	docx	adaptive	3	8	0	140645
nist-docx-0014	docx	adaptive	4	8	0	138482
nist-docx-0014	docx	adaptive	5	8	0	139203
nist-docx-0014	docx	hybrid	0	8	0	142039
nist-docx-0014	docx	hybrid	1	8	0	141926
nist-docx-0014	docx	hybrid	2	8	0	140377
nist-docx-0014	docx	hybrid	3	8	0	140941
nist-docx-0014	docx	hybrid	4	8	0	143299
nist-docx-0014	docx	hybrid	5	8	0	140876
nist-docx-0014	docx	hist	0	8	0	150288
nist-docx-0014	docx	hist	5	8	0	148869
nist-docx-0014	docx	vole	all	8	0	22995
nist-docx-0014	docx	extract	0	9	0	136447
nist-docx-0014	docx	vole	all	9	0	16672
nist-docx-0014	docx	minimal	0	9	0	140672
nist-docx-0014	docx	fts	0	9	0	139533
nist-docx-0014	docx	structural	0	9	0	139370
nist-docx-0014	docx	structural	1	9	0	139563
nist-docx-0014	docx	full	0	9	0	140994
nist-docx-0014	docx	full	1	9	0	141406
nist-docx-0014	docx	full	2	9	0	140327
nist-docx-0014	docx	full	3	9	0	140706
nist-docx-0014	docx	full	4	9	0	139710
nist-docx-0014	docx	full	5	9	0	139224
nist-docx-0014	docx	adaptive	0	9	0	139595
nist-docx-0014	docx	adaptive	1	9	0	141109
nist-docx-0014	docx	adaptive	2	9	0	138785
nist-docx-0014	docx	adaptive	3	9	0	137857
nist-docx-0014	docx	adaptive	4	9	0	139603
nist-docx-0014	docx	adaptive	5	9	0	138640
nist-docx-0014	docx	hybrid	0	9	0	137836
nist-docx-0014	docx	hybrid	1	9	0	140370
nist-docx-0014	docx	hybrid	2	9	0	140255
nist-docx-0014	docx	hybrid	3	9	0	140985
nist-docx-0014	docx	hybrid	4	9	0	140164
nist-docx-0014	docx	hybrid	5	9	0	139765
nist-docx-0014	docx	hist	0	9	0	151176
nist-docx-0014	docx	hist	5	9	0	153749
nist-docx-0014	docx	extract	0	10	0	136185
nist-docx-0014	docx	minimal	0	10	0	140896
nist-docx-0014	docx	fts	0	10	0	140915
nist-docx-0014	docx	structural	0	10	0	137614
nist-docx-0014	docx	structural	1	10	0	141893
nist-docx-0014	docx	full	0	10	0	139313
nist-docx-0014	docx	full	1	10	0	140323
nist-docx-0014	docx	full	2	10	0	139809
nist-docx-0014	docx	full	3	10	0	142695
nist-docx-0014	docx	full	4	10	0	140715
nist-docx-0014	docx	full	5	10	0	141630
nist-docx-0014	docx	adaptive	0	10	0	139037
nist-docx-0014	docx	adaptive	1	10	0	139223
nist-docx-0014	docx	adaptive	2	10	0	144140
nist-docx-0014	docx	adaptive	3	10	0	139014
nist-docx-0014	docx	adaptive	4	10	0	140906
nist-docx-0014	docx	adaptive	5	10	0	139792
nist-docx-0014	docx	hybrid	0	10	0	139758
nist-docx-0014	docx	hybrid	1	10	0	140821
nist-docx-0014	docx	hybrid	2	10	0	141575
nist-docx-0014	docx	hybrid	3	10	0	141582
nist-docx-0014	docx	hybrid	4	10	0	142815
nist-docx-0014	docx	hybrid	5	10	0	139574
nist-docx-0014	docx	hist	0	10	0	148766
nist-docx-0014	docx	hist	5	10	0	150794
nist-docx-0014	docx	vole	all	10	0	16842
nist-epub-0003	epub	extract	0	1	0	36324
nist-epub-0003	epub	vole	all	1	0	8327
nist-epub-0003	epub	minimal	0	1	0	41882
nist-epub-0003	epub	fts	0	1	0	42642
nist-epub-0003	epub	structural	0	1	0	41602
nist-epub-0003	epub	structural	1	1	0	42589
nist-epub-0003	epub	full	0	1	0	41406
nist-epub-0003	epub	full	1	1	0	42236
nist-epub-0003	epub	full	2	1	0	42853
nist-epub-0003	epub	full	3	1	0	43176
nist-epub-0003	epub	full	4	1	0	43105
nist-epub-0003	epub	full	5	1	0	43304
nist-epub-0003	epub	adaptive	0	1	0	40955
nist-epub-0003	epub	adaptive	1	1	0	41694
nist-epub-0003	epub	adaptive	2	1	0	42425
nist-epub-0003	epub	adaptive	3	1	0	40779
nist-epub-0003	epub	adaptive	4	1	0	40923
nist-epub-0003	epub	adaptive	5	1	0	41261
nist-epub-0003	epub	hybrid	0	1	0	40816
nist-epub-0003	epub	hybrid	1	1	0	41998
nist-epub-0003	epub	hybrid	2	1	0	43134
nist-epub-0003	epub	hybrid	3	1	0	42727
nist-epub-0003	epub	hybrid	4	1	0	45770
nist-epub-0003	epub	hybrid	5	1	0	43338
nist-epub-0003	epub	hist	0	1	0	51023
nist-epub-0003	epub	hist	5	1	0	53357
nist-epub-0003	epub	extract	0	2	0	37984
nist-epub-0003	epub	minimal	0	2	0	41779
nist-epub-0003	epub	fts	0	2	0	43513
nist-epub-0003	epub	structural	0	2	0	43684
nist-epub-0003	epub	structural	1	2	0	41694
nist-epub-0003	epub	full	0	2	0	41875
nist-epub-0003	epub	full	1	2	0	42543
nist-epub-0003	epub	full	2	2	0	42959
nist-epub-0003	epub	full	3	2	0	42795
nist-epub-0003	epub	full	4	2	0	43306
nist-epub-0003	epub	full	5	2	0	43042
nist-epub-0003	epub	adaptive	0	2	0	42605
nist-epub-0003	epub	adaptive	1	2	0	41139
nist-epub-0003	epub	adaptive	2	2	0	40764
nist-epub-0003	epub	adaptive	3	2	0	41864
nist-epub-0003	epub	adaptive	4	2	0	42314
nist-epub-0003	epub	adaptive	5	2	0	42080
nist-epub-0003	epub	hybrid	0	2	0	41503
nist-epub-0003	epub	hybrid	1	2	0	43689
nist-epub-0003	epub	hybrid	2	2	0	43608
nist-epub-0003	epub	hybrid	3	2	0	43070
nist-epub-0003	epub	hybrid	4	2	0	43143
nist-epub-0003	epub	hybrid	5	2	0	43926
nist-epub-0003	epub	hist	0	2	0	53841
nist-epub-0003	epub	hist	5	2	0	54817
nist-epub-0003	epub	vole	all	2	0	8251
nist-epub-0003	epub	extract	0	3	0	37575
nist-epub-0003	epub	vole	all	3	0	8239
nist-epub-0003	epub	minimal	0	3	0	44487
nist-epub-0003	epub	fts	0	3	0	43634
nist-epub-0003	epub	structural	0	3	0	42540
nist-epub-0003	epub	structural	1	3	0	42509
nist-epub-0003	epub	full	0	3	0	41651
nist-epub-0003	epub	full	1	3	0	41136
nist-epub-0003	epub	full	2	3	0	42585
nist-epub-0003	epub	full	3	3	0	43723
nist-epub-0003	epub	full	4	3	0	43376
nist-epub-0003	epub	full	5	3	0	44599
nist-epub-0003	epub	adaptive	0	3	0	41130
nist-epub-0003	epub	adaptive	1	3	0	40853
nist-epub-0003	epub	adaptive	2	3	0	41781
nist-epub-0003	epub	adaptive	3	3	0	41253
nist-epub-0003	epub	adaptive	4	3	0	40738
nist-epub-0003	epub	adaptive	5	3	0	40817
nist-epub-0003	epub	hybrid	0	3	0	41863
nist-epub-0003	epub	hybrid	1	3	0	43542
nist-epub-0003	epub	hybrid	2	3	0	45921
nist-epub-0003	epub	hybrid	3	3	0	44292
nist-epub-0003	epub	hybrid	4	3	0	44526
nist-epub-0003	epub	hybrid	5	3	0	45692
nist-epub-0003	epub	hist	0	3	0	53475
nist-epub-0003	epub	hist	5	3	0	53838
nist-epub-0003	epub	extract	0	4	0	37186
nist-epub-0003	epub	minimal	0	4	0	42317
nist-epub-0003	epub	fts	0	4	0	42966
nist-epub-0003	epub	structural	0	4	0	40706
nist-epub-0003	epub	structural	1	4	0	43640
nist-epub-0003	epub	full	0	4	0	41826
nist-epub-0003	epub	full	1	4	0	41675
nist-epub-0003	epub	full	2	4	0	43100
nist-epub-0003	epub	full	3	4	0	44327
nist-epub-0003	epub	full	4	4	0	44234
nist-epub-0003	epub	full	5	4	0	44078
nist-epub-0003	epub	adaptive	0	4	0	43257
nist-epub-0003	epub	adaptive	1	4	0	44449
nist-epub-0003	epub	adaptive	2	4	0	45016
nist-epub-0003	epub	adaptive	3	4	0	42036
nist-epub-0003	epub	adaptive	4	4	0	41499
nist-epub-0003	epub	adaptive	5	4	0	41264
nist-epub-0003	epub	hybrid	0	4	0	42525
nist-epub-0003	epub	hybrid	1	4	0	46084
nist-epub-0003	epub	hybrid	2	4	0	42102
nist-epub-0003	epub	hybrid	3	4	0	42027
nist-epub-0003	epub	hybrid	4	4	0	43696
nist-epub-0003	epub	hybrid	5	4	0	44122
nist-epub-0003	epub	hist	0	4	0	51226
nist-epub-0003	epub	hist	5	4	0	53504
nist-epub-0003	epub	vole	all	4	0	8295
nist-epub-0003	epub	extract	0	5	0	37216
nist-epub-0003	epub	vole	all	5	0	8231
nist-epub-0003	epub	minimal	0	5	0	42206
nist-epub-0003	epub	fts	0	5	0	46972
nist-epub-0003	epub	structural	0	5	0	41704
nist-epub-0003	epub	structural	1	5	0	42621
nist-epub-0003	epub	full	0	5	0	42180
nist-epub-0003	epub	full	1	5	0	42520
nist-epub-0003	epub	full	2	5	0	43156
nist-epub-0003	epub	full	3	5	0	42572
nist-epub-0003	epub	full	4	5	0	42942
nist-epub-0003	epub	full	5	5	0	43815
nist-epub-0003	epub	adaptive	0	5	0	43220
nist-epub-0003	epub	adaptive	1	5	0	41285
nist-epub-0003	epub	adaptive	2	5	0	42433
nist-epub-0003	epub	adaptive	3	5	0	41367
nist-epub-0003	epub	adaptive	4	5	0	41232
nist-epub-0003	epub	adaptive	5	5	0	41084
nist-epub-0003	epub	hybrid	0	5	0	41686
nist-epub-0003	epub	hybrid	1	5	0	42351
nist-epub-0003	epub	hybrid	2	5	0	42634
nist-epub-0003	epub	hybrid	3	5	0	44890
nist-epub-0003	epub	hybrid	4	5	0	42787
nist-epub-0003	epub	hybrid	5	5	0	42721
nist-epub-0003	epub	hist	0	5	0	51417
nist-epub-0003	epub	hist	5	5	0	54500
nist-epub-0003	epub	extract	0	6	0	36851
nist-epub-0003	epub	minimal	0	6	0	42598
nist-epub-0003	epub	fts	0	6	0	45004
nist-epub-0003	epub	structural	0	6	0	41060
nist-epub-0003	epub	structural	1	6	0	43622
nist-epub-0003	epub	full	0	6	0	41826
nist-epub-0003	epub	full	1	6	0	41975
nist-epub-0003	epub	full	2	6	0	43617
nist-epub-0003	epub	full	3	6	0	43380
nist-epub-0003	epub	full	4	6	0	42609
nist-epub-0003	epub	full	5	6	0	43260
nist-epub-0003	epub	adaptive	0	6	0	41223
nist-epub-0003	epub	adaptive	1	6	0	40564
nist-epub-0003	epub	adaptive	2	6	0	40812
nist-epub-0003	epub	adaptive	3	6	0	41139
nist-epub-0003	epub	adaptive	4	6	0	40667
nist-epub-0003	epub	adaptive	5	6	0	41277
nist-epub-0003	epub	hybrid	0	6	0	42688
nist-epub-0003	epub	hybrid	1	6	0	41926
nist-epub-0003	epub	hybrid	2	6	0	43706
nist-epub-0003	epub	hybrid	3	6	0	42388
nist-epub-0003	epub	hybrid	4	6	0	42773
nist-epub-0003	epub	hybrid	5	6	0	43519
nist-epub-0003	epub	hist	0	6	0	52135
nist-epub-0003	epub	hist	5	6	0	53407
nist-epub-0003	epub	vole	all	6	0	8318
nist-epub-0003	epub	extract	0	7	0	37992
nist-epub-0003	epub	vole	all	7	0	10369
nist-epub-0003	epub	minimal	0	7	0	42547
nist-epub-0003	epub	fts	0	7	0	43169
nist-epub-0003	epub	structural	0	7	0	42146
nist-epub-0003	epub	structural	1	7	0	41971
nist-epub-0003	epub	full	0	7	0	41503
nist-epub-0003	epub	full	1	7	0	41945
nist-epub-0003	epub	full	2	7	0	43858
nist-epub-0003	epub	full	3	7	0	43208
nist-epub-0003	epub	full	4	7	0	44628
nist-epub-0003	epub	full	5	7	0	45081
nist-epub-0003	epub	adaptive	0	7	0	42197
nist-epub-0003	epub	adaptive	1	7	0	41715
nist-epub-0003	epub	adaptive	2	7	0	40846
nist-epub-0003	epub	adaptive	3	7	0	40669
nist-epub-0003	epub	adaptive	4	7	0	41231
nist-epub-0003	epub	adaptive	5	7	0	41536
nist-epub-0003	epub	hybrid	0	7	0	41833
nist-epub-0003	epub	hybrid	1	7	0	45064
nist-epub-0003	epub	hybrid	2	7	0	43239
nist-epub-0003	epub	hybrid	3	7	0	43043
nist-epub-0003	epub	hybrid	4	7	0	43302
nist-epub-0003	epub	hybrid	5	7	0	42334
nist-epub-0003	epub	hist	0	7	0	52042
nist-epub-0003	epub	hist	5	7	0	52781
nist-epub-0003	epub	extract	0	8	0	38556
nist-epub-0003	epub	minimal	0	8	0	42312
nist-epub-0003	epub	fts	0	8	0	44037
nist-epub-0003	epub	structural	0	8	0	40825
nist-epub-0003	epub	structural	1	8	0	41384
nist-epub-0003	epub	full	0	8	0	41456
nist-epub-0003	epub	full	1	8	0	47902
nist-epub-0003	epub	full	2	8	0	43351
nist-epub-0003	epub	full	3	8	0	44749
nist-epub-0003	epub	full	4	8	0	42588
nist-epub-0003	epub	full	5	8	0	43189
nist-epub-0003	epub	adaptive	0	8	0	41337
nist-epub-0003	epub	adaptive	1	8	0	41021
nist-epub-0003	epub	adaptive	2	8	0	41677
nist-epub-0003	epub	adaptive	3	8	0	41677
nist-epub-0003	epub	adaptive	4	8	0	42399
nist-epub-0003	epub	adaptive	5	8	0	42031
nist-epub-0003	epub	hybrid	0	8	0	43927
nist-epub-0003	epub	hybrid	1	8	0	41723
nist-epub-0003	epub	hybrid	2	8	0	42162
nist-epub-0003	epub	hybrid	3	8	0	43512
nist-epub-0003	epub	hybrid	4	8	0	43544
nist-epub-0003	epub	hybrid	5	8	0	43680
nist-epub-0003	epub	hist	0	8	0	52301
nist-epub-0003	epub	hist	5	8	0	54255
nist-epub-0003	epub	vole	all	8	0	8357
nist-epub-0003	epub	extract	0	9	0	37605
nist-epub-0003	epub	vole	all	9	0	8156
nist-epub-0003	epub	minimal	0	9	0	42342
nist-epub-0003	epub	fts	0	9	0	43369
nist-epub-0003	epub	structural	0	9	0	42128
nist-epub-0003	epub	structural	1	9	0	42681
nist-epub-0003	epub	full	0	9	0	42046
nist-epub-0003	epub	full	1	9	0	43291
nist-epub-0003	epub	full	2	9	0	43649
nist-epub-0003	epub	full	3	9	0	43023
nist-epub-0003	epub	full	4	9	0	42270
nist-epub-0003	epub	full	5	9	0	44121
nist-epub-0003	epub	adaptive	0	9	0	42140
nist-epub-0003	epub	adaptive	1	9	0	41768
nist-epub-0003	epub	adaptive	2	9	0	41572
nist-epub-0003	epub	adaptive	3	9	0	41846
nist-epub-0003	epub	adaptive	4	9	0	43868
nist-epub-0003	epub	adaptive	5	9	0	41837
nist-epub-0003	epub	hybrid	0	9	0	42041
nist-epub-0003	epub	hybrid	1	9	0	42727
nist-epub-0003	epub	hybrid	2	9	0	43651
nist-epub-0003	epub	hybrid	3	9	0	43939
nist-epub-0003	epub	hybrid	4	9	0	45594
nist-epub-0003	epub	hybrid	5	9	0	43164
nist-epub-0003	epub	hist	0	9	0	51786
nist-epub-0003	epub	hist	5	9	0	53192
nist-epub-0003	epub	extract	0	10	0	37208
nist-epub-0003	epub	minimal	0	10	0	42578
nist-epub-0003	epub	fts	0	10	0	42829
nist-epub-0003	epub	structural	0	10	0	43615
nist-epub-0003	epub	structural	1	10	0	42758
nist-epub-0003	epub	full	0	10	0	41678
nist-epub-0003	epub	full	1	10	0	42560
nist-epub-0003	epub	full	2	10	0	43777
nist-epub-0003	epub	full	3	10	0	43583
nist-epub-0003	epub	full	4	10	0	43034
nist-epub-0003	epub	full	5	10	0	42895
nist-epub-0003	epub	adaptive	0	10	0	41925
nist-epub-0003	epub	adaptive	1	10	0	43123
nist-epub-0003	epub	adaptive	2	10	0	41682
nist-epub-0003	epub	adaptive	3	10	0	41923
nist-epub-0003	epub	adaptive	4	10	0	41535
nist-epub-0003	epub	adaptive	5	10	0	41790
nist-epub-0003	epub	hybrid	0	10	0	42120
nist-epub-0003	epub	hybrid	1	10	0	42849
nist-epub-0003	epub	hybrid	2	10	0	42641
nist-epub-0003	epub	hybrid	3	10	0	44569
nist-epub-0003	epub	hybrid	4	10	0	42776
nist-epub-0003	epub	hybrid	5	10	0	42058
nist-epub-0003	epub	hist	0	10	0	50927
nist-epub-0003	epub	hist	5	10	0	53139
nist-epub-0003	epub	vole	all	10	0	8295
nist-epub-0006	epub	extract	0	1	0	29365
nist-epub-0006	epub	vole	all	1	0	8885
nist-epub-0006	epub	minimal	0	1	0	35131
nist-epub-0006	epub	fts	0	1	0	35797
nist-epub-0006	epub	structural	0	1	0	36645
nist-epub-0006	epub	structural	1	1	0	37578
nist-epub-0006	epub	full	0	1	0	35970
nist-epub-0006	epub	full	1	1	0	36139
nist-epub-0006	epub	full	2	1	0	36867
nist-epub-0006	epub	full	3	1	0	38906
nist-epub-0006	epub	full	4	1	0	37347
nist-epub-0006	epub	full	5	1	0	36380
nist-epub-0006	epub	adaptive	0	1	0	35728
nist-epub-0006	epub	adaptive	1	1	0	35599
nist-epub-0006	epub	adaptive	2	1	0	36112
nist-epub-0006	epub	adaptive	3	1	0	35524
nist-epub-0006	epub	adaptive	4	1	0	35354
nist-epub-0006	epub	adaptive	5	1	0	35607
nist-epub-0006	epub	hybrid	0	1	0	35759
nist-epub-0006	epub	hybrid	1	1	0	35174
nist-epub-0006	epub	hybrid	2	1	0	37647
nist-epub-0006	epub	hybrid	3	1	0	37232
nist-epub-0006	epub	hybrid	4	1	0	37176
nist-epub-0006	epub	hybrid	5	1	0	35810
nist-epub-0006	epub	hist	0	1	0	39786
nist-epub-0006	epub	hist	5	1	0	40708
nist-epub-0006	epub	extract	0	2	0	29854
nist-epub-0006	epub	minimal	0	2	0	35647
nist-epub-0006	epub	fts	0	2	0	35602
nist-epub-0006	epub	structural	0	2	0	35973
nist-epub-0006	epub	structural	1	2	0	35042
nist-epub-0006	epub	full	0	2	0	35458
nist-epub-0006	epub	full	1	2	0	36599
nist-epub-0006	epub	full	2	2	0	37340
nist-epub-0006	epub	full	3	2	0	36168
nist-epub-0006	epub	full	4	2	0	36391
nist-epub-0006	epub	full	5	2	0	35975
nist-epub-0006	epub	adaptive	0	2	0	35622
nist-epub-0006	epub	adaptive	1	2	0	35368
nist-epub-0006	epub	adaptive	2	2	0	36604
nist-epub-0006	epub	adaptive	3	2	0	36750
nist-epub-0006	epub	adaptive	4	2	0	37069
nist-epub-0006	epub	adaptive	5	2	0	36024
nist-epub-0006	epub	hybrid	0	2	0	37652
nist-epub-0006	epub	hybrid	1	2	0	35950
nist-epub-0006	epub	hybrid	2	2	0	35507
nist-epub-0006	epub	hybrid	3	2	0	36226
nist-epub-0006	epub	hybrid	4	2	0	35934
nist-epub-0006	epub	hybrid	5	2	0	35968
nist-epub-0006	epub	hist	0	2	0	39618
nist-epub-0006	epub	hist	5	2	0	40664
nist-epub-0006	epub	vole	all	2	0	8439
nist-epub-0006	epub	extract	0	3	0	30377
nist-epub-0006	epub	vole	all	3	0	8362
nist-epub-0006	epub	minimal	0	3	0	40710
nist-epub-0006	epub	fts	0	3	0	37259
nist-epub-0006	epub	structural	0	3	0	38966
nist-epub-0006	epub	structural	1	3	0	36447
nist-epub-0006	epub	full	0	3	0	35298
nist-epub-0006	epub	full	1	3	0	36420
nist-epub-0006	epub	full	2	3	0	35780
nist-epub-0006	epub	full	3	3	0	36435
nist-epub-0006	epub	full	4	3	0	36928
nist-epub-0006	epub	full	5	3	0	36913
nist-epub-0006	epub	adaptive	0	3	0	35548
nist-epub-0006	epub	adaptive	1	3	0	35820
nist-epub-0006	epub	adaptive	2	3	0	35866
nist-epub-0006	epub	adaptive	3	3	0	37627
nist-epub-0006	epub	adaptive	4	3	0	36818
nist-epub-0006	epub	adaptive	5	3	0	35943
nist-epub-0006	epub	hybrid	0	3	0	36020
nist-epub-0006	epub	hybrid	1	3	0	35516
nist-epub-0006	epub	hybrid	2	3	0	35470
nist-epub-0006	epub	hybrid	3	3	0	36158
nist-epub-0006	epub	hybrid	4	3	0	36405
nist-epub-0006	epub	hybrid	5	3	0	36009
nist-epub-0006	epub	hist	0	3	0	40025
nist-epub-0006	epub	hist	5	3	0	40448
nist-epub-0006	epub	extract	0	4	0	30373
nist-epub-0006	epub	minimal	0	4	0	36663
nist-epub-0006	epub	fts	0	4	0	37459
nist-epub-0006	epub	structural	0	4	0	35057
nist-epub-0006	epub	structural	1	4	0	35789
nist-epub-0006	epub	full	0	4	0	36223
nist-epub-0006	epub	full	1	4	0	36909
nist-epub-0006	epub	full	2	4	0	36487
nist-epub-0006	epub	full	3	4	0	35658
nist-epub-0006	epub	full	4	4	0	35179
nist-epub-0006	epub	full	5	4	0	36041
nist-epub-0006	epub	adaptive	0	4	0	35441
nist-epub-0006	epub	adaptive	1	4	0	34918
nist-epub-0006	epub	adaptive	2	4	0	35366
nist-epub-0006	epub	adaptive	3	4	0	37868
nist-epub-0006	epub	adaptive	4	4	0	36010
nist-epub-0006	epub	adaptive	5	4	0	35236
nist-epub-0006	epub	hybrid	0	4	0	36314
nist-epub-0006	epub	hybrid	1	4	0	35722
nist-epub-0006	epub	hybrid	2	4	0	36122
nist-epub-0006	epub	hybrid	3	4	0	36935
nist-epub-0006	epub	hybrid	4	4	0	36215
nist-epub-0006	epub	hybrid	5	4	0	35875
nist-epub-0006	epub	hist	0	4	0	39614
nist-epub-0006	epub	hist	5	4	0	40950
nist-epub-0006	epub	vole	all	4	0	8599
nist-epub-0006	epub	extract	0	5	0	29681
nist-epub-0006	epub	vole	all	5	0	9299
nist-epub-0006	epub	minimal	0	5	0	35847
nist-epub-0006	epub	fts	0	5	0	36981
nist-epub-0006	epub	structural	0	5	0	36365
nist-epub-0006	epub	structural	1	5	0	36159
nist-epub-0006	epub	full	0	5	0	35043
nist-epub-0006	epub	full	1	5	0	36167
nist-epub-0006	epub	full	2	5	0	37473
nist-epub-0006	epub	full	3	5	0	36978
nist-epub-0006	epub	full	4	5	0	36283
nist-epub-0006	epub	full	5	5	0	36324
nist-epub-0006	epub	adaptive	0	5	0	36817
nist-epub-0006	epub	adaptive	1	5	0	36157
nist-epub-0006	epub	adaptive	2	5	0	35964
nist-epub-0006	epub	adaptive	3	5	0	35425
nist-epub-0006	epub	adaptive	4	5	0	37719
nist-epub-0006	epub	adaptive	5	5	0	35546
nist-epub-0006	epub	hybrid	0	5	0	35066
nist-epub-0006	epub	hybrid	1	5	0	35438
nist-epub-0006	epub	hybrid	2	5	0	35727
nist-epub-0006	epub	hybrid	3	5	0	35573
nist-epub-0006	epub	hybrid	4	5	0	36129
nist-epub-0006	epub	hybrid	5	5	0	35635
nist-epub-0006	epub	hist	0	5	0	40885
nist-epub-0006	epub	hist	5	5	0	41303
nist-epub-0006	epub	extract	0	6	0	29853
nist-epub-0006	epub	minimal	0	6	0	35760
nist-epub-0006	epub	fts	0	6	0	38181
nist-epub-0006	epub	structural	0	6	0	35510
nist-epub-0006	epub	structural	1	6	0	35701
nist-epub-0006	epub	full	0	6	0	35534
nist-epub-0006	epub	full	1	6	0	35980
nist-epub-0006	epub	full	2	6	0	36845
nist-epub-0006	epub	full	3	6	0	36780
nist-epub-0006	epub	full	4	6	0	36156
nist-epub-0006	epub	full	5	6	0	35390
nist-epub-0006	epub	adaptive	0	6	0	35193
nist-epub-0006	epub	adaptive	1	6	0	35860
nist-epub-0006	epub	adaptive	2	6	0	35913
nist-epub-0006	epub	adaptive	3	6	0	37996
nist-epub-0006	epub	adaptive	4	6	0	35787
nist-epub-0006	epub	adaptive	5	6	0	35100
nist-epub-0006	epub	hybrid	0	6	0	35366
nist-epub-0006	epub	hybrid	1	6	0	35532
nist-epub-0006	epub	hybrid	2	6	0	36013
nist-epub-0006	epub	hybrid	3	6	0	35939
nist-epub-0006	epub	hybrid	4	6	0	35515
nist-epub-0006	epub	hybrid	5	6	0	36190
nist-epub-0006	epub	hist	0	6	0	40371
nist-epub-0006	epub	hist	5	6	0	41236
nist-epub-0006	epub	vole	all	6	0	8700
nist-epub-0006	epub	extract	0	7	0	29863
nist-epub-0006	epub	vole	all	7	0	9394
nist-epub-0006	epub	minimal	0	7	0	35911
nist-epub-0006	epub	fts	0	7	0	36224
nist-epub-0006	epub	structural	0	7	0	35688
nist-epub-0006	epub	structural	1	7	0	36034
nist-epub-0006	epub	full	0	7	0	36734
nist-epub-0006	epub	full	1	7	0	35360
nist-epub-0006	epub	full	2	7	0	35935
nist-epub-0006	epub	full	3	7	0	37142
nist-epub-0006	epub	full	4	7	0	37522
nist-epub-0006	epub	full	5	7	0	36480
nist-epub-0006	epub	adaptive	0	7	0	37223
nist-epub-0006	epub	adaptive	1	7	0	35424
nist-epub-0006	epub	adaptive	2	7	0	34785
nist-epub-0006	epub	adaptive	3	7	0	35466
nist-epub-0006	epub	adaptive	4	7	0	35784
nist-epub-0006	epub	adaptive	5	7	0	36751
nist-epub-0006	epub	hybrid	0	7	0	36319
nist-epub-0006	epub	hybrid	1	7	0	36168
nist-epub-0006	epub	hybrid	2	7	0	36116
nist-epub-0006	epub	hybrid	3	7	0	37314
nist-epub-0006	epub	hybrid	4	7	0	35218
nist-epub-0006	epub	hybrid	5	7	0	37296
nist-epub-0006	epub	hist	0	7	0	41897
nist-epub-0006	epub	hist	5	7	0	41273
nist-epub-0006	epub	extract	0	8	0	29858
nist-epub-0006	epub	minimal	0	8	0	38352
nist-epub-0006	epub	fts	0	8	0	35870
nist-epub-0006	epub	structural	0	8	0	35330
nist-epub-0006	epub	structural	1	8	0	35808
nist-epub-0006	epub	full	0	8	0	35851
nist-epub-0006	epub	full	1	8	0	35787
nist-epub-0006	epub	full	2	8	0	37208
nist-epub-0006	epub	full	3	8	0	36059
nist-epub-0006	epub	full	4	8	0	36227
nist-epub-0006	epub	full	5	8	0	37856
nist-epub-0006	epub	adaptive	0	8	0	37082
nist-epub-0006	epub	adaptive	1	8	0	36382
nist-epub-0006	epub	adaptive	2	8	0	35561
nist-epub-0006	epub	adaptive	3	8	0	37195
nist-epub-0006	epub	adaptive	4	8	0	35748
nist-epub-0006	epub	adaptive	5	8	0	34934
nist-epub-0006	epub	hybrid	0	8	0	36027
nist-epub-0006	epub	hybrid	1	8	0	36094
nist-epub-0006	epub	hybrid	2	8	0	36800
nist-epub-0006	epub	hybrid	3	8	0	35463
nist-epub-0006	epub	hybrid	4	8	0	37057
nist-epub-0006	epub	hybrid	5	8	0	38418
nist-epub-0006	epub	hist	0	8	0	39444
nist-epub-0006	epub	hist	5	8	0	44378
nist-epub-0006	epub	vole	all	8	0	8347
nist-epub-0006	epub	extract	0	9	0	29822
nist-epub-0006	epub	vole	all	9	0	8465
nist-epub-0006	epub	minimal	0	9	0	35417
nist-epub-0006	epub	fts	0	9	0	36787
nist-epub-0006	epub	structural	0	9	0	35901
nist-epub-0006	epub	structural	1	9	0	35535
nist-epub-0006	epub	full	0	9	0	35363
nist-epub-0006	epub	full	1	9	0	35149
nist-epub-0006	epub	full	2	9	0	36623
nist-epub-0006	epub	full	3	9	0	38962
nist-epub-0006	epub	full	4	9	0	37488
nist-epub-0006	epub	full	5	9	0	36687
nist-epub-0006	epub	adaptive	0	9	0	35765
nist-epub-0006	epub	adaptive	1	9	0	34773
nist-epub-0006	epub	adaptive	2	9	0	35520
nist-epub-0006	epub	adaptive	3	9	0	34964
nist-epub-0006	epub	adaptive	4	9	0	35458
nist-epub-0006	epub	adaptive	5	9	0	34871
nist-epub-0006	epub	hybrid	0	9	0	35368
nist-epub-0006	epub	hybrid	1	9	0	36032
nist-epub-0006	epub	hybrid	2	9	0	37755
nist-epub-0006	epub	hybrid	3	9	0	38802
nist-epub-0006	epub	hybrid	4	9	0	36458
nist-epub-0006	epub	hybrid	5	9	0	36362
nist-epub-0006	epub	hist	0	9	0	40460
nist-epub-0006	epub	hist	5	9	0	40736
nist-epub-0006	epub	extract	0	10	0	30059
nist-epub-0006	epub	minimal	0	10	0	36392
nist-epub-0006	epub	fts	0	10	0	36486
nist-epub-0006	epub	structural	0	10	0	35719
nist-epub-0006	epub	structural	1	10	0	35619
nist-epub-0006	epub	full	0	10	0	35484
nist-epub-0006	epub	full	1	10	0	35473
nist-epub-0006	epub	full	2	10	0	37125
nist-epub-0006	epub	full	3	10	0	36402
nist-epub-0006	epub	full	4	10	0	36210
nist-epub-0006	epub	full	5	10	0	36230
nist-epub-0006	epub	adaptive	0	10	0	36113
nist-epub-0006	epub	adaptive	1	10	0	35624
nist-epub-0006	epub	adaptive	2	10	0	36572
nist-epub-0006	epub	adaptive	3	10	0	35404
nist-epub-0006	epub	adaptive	4	10	0	35356
nist-epub-0006	epub	adaptive	5	10	0	35014
nist-epub-0006	epub	hybrid	0	10	0	35177
nist-epub-0006	epub	hybrid	1	10	0	35577
nist-epub-0006	epub	hybrid	2	10	0	38594
nist-epub-0006	epub	hybrid	3	10	0	36123
nist-epub-0006	epub	hybrid	4	10	0	35889
nist-epub-0006	epub	hybrid	5	10	0	36229
nist-epub-0006	epub	hist	0	10	0	39897
nist-epub-0006	epub	hist	5	10	0	43000
nist-epub-0006	epub	vole	all	10	0	8520
nist-epub-0008	epub	extract	0	1	0	25338
nist-epub-0008	epub	vole	all	1	0	8132
nist-epub-0008	epub	minimal	0	1	0	31960
nist-epub-0008	epub	fts	0	1	0	31787
nist-epub-0008	epub	structural	0	1	0	31827
nist-epub-0008	epub	structural	1	1	0	32528
nist-epub-0008	epub	full	0	1	0	32161
nist-epub-0008	epub	full	1	1	0	32441
nist-epub-0008	epub	full	2	1	0	32604
nist-epub-0008	epub	full	3	1	0	32342
nist-epub-0008	epub	full	4	1	0	32558
nist-epub-0008	epub	full	5	1	0	33287
nist-epub-0008	epub	adaptive	0	1	0	34717
nist-epub-0008	epub	adaptive	1	1	0	33038
nist-epub-0008	epub	adaptive	2	1	0	32179
nist-epub-0008	epub	adaptive	3	1	0	31527
nist-epub-0008	epub	adaptive	4	1	0	31720
nist-epub-0008	epub	adaptive	5	1	0	31972
nist-epub-0008	epub	hybrid	0	1	0	31062
nist-epub-0008	epub	hybrid	1	1	0	31300
nist-epub-0008	epub	hybrid	2	1	0	31636
nist-epub-0008	epub	hybrid	3	1	0	31689
nist-epub-0008	epub	hybrid	4	1	0	32282
nist-epub-0008	epub	hybrid	5	1	0	32645
nist-epub-0008	epub	hist	0	1	0	34986
nist-epub-0008	epub	hist	5	1	0	34573
nist-epub-0008	epub	extract	0	2	0	26098
nist-epub-0008	epub	minimal	0	2	0	32626
nist-epub-0008	epub	fts	0	2	0	32140
nist-epub-0008	epub	structural	0	2	0	32596
nist-epub-0008	epub	structural	1	2	0	32020
nist-epub-0008	epub	full	0	2	0	32033
nist-epub-0008	epub	full	1	2	0	32449
nist-epub-0008	epub	full	2	2	0	32241
nist-epub-0008	epub	full	3	2	0	32136
nist-epub-0008	epub	full	4	2	0	34813
nist-epub-0008	epub	full	5	2	0	32531
nist-epub-0008	epub	adaptive	0	2	0	31393
nist-epub-0008	epub	adaptive	1	2	0	32347
nist-epub-0008	epub	adaptive	2	2	0	31644
nist-epub-0008	epub	adaptive	3	2	0	31789
nist-epub-0008	epub	adaptive	4	2	0	31796
nist-epub-0008	epub	adaptive	5	2	0	32016
nist-epub-0008	epub	hybrid	0	2	0	32136
nist-epub-0008	epub	hybrid	1	2	0	32401
nist-epub-0008	epub	hybrid	2	2	0	32487
nist-epub-0008	epub	hybrid	3	2	0	31927
nist-epub-0008	epub	hybrid	4	2	0	32138
nist-epub-0008	epub	hybrid	5	2	0	32525
nist-epub-0008	epub	hist	0	2	0	35694
nist-epub-0008	epub	hist	5	2	0	36871
nist-epub-0008	epub	vole	all	2	0	7816
nist-epub-0008	epub	extract	0	3	0	26959
nist-epub-0008	epub	vole	all	3	0	7519
nist-epub-0008	epub	minimal	0	3	0	34699
nist-epub-0008	epub	fts	0	3	0	33213
nist-epub-0008	epub	structural	0	3	0	32376
nist-epub-0008	epub	structural	1	3	0	33800
nist-epub-0008	epub	full	0	3	0	35753
nist-epub-0008	epub	full	1	3	0	32516
nist-epub-0008	epub	full	2	3	0	32528
nist-epub-0008	epub	full	3	3	0	31856
nist-epub-0008	epub	full	4	3	0	32486
nist-epub-0008	epub	full	5	3	0	32553
nist-epub-0008	epub	adaptive	0	3	0	33295
nist-epub-0008	epub	adaptive	1	3	0	32443
nist-epub-0008	epub	adaptive	2	3	0	32079
nist-epub-0008	epub	adaptive	3	3	0	31812
nist-epub-0008	epub	adaptive	4	3	0	31267
nist-epub-0008	epub	adaptive	5	3	0	33046
nist-epub-0008	epub	hybrid	0	3	0	32364
nist-epub-0008	epub	hybrid	1	3	0	32098
nist-epub-0008	epub	hybrid	2	3	0	32334
nist-epub-0008	epub	hybrid	3	3	0	34234
nist-epub-0008	epub	hybrid	4	3	0	32743
nist-epub-0008	epub	hybrid	5	3	0	32320
nist-epub-0008	epub	hist	0	3	0	34605
nist-epub-0008	epub	hist	5	3	0	35164
nist-epub-0008	epub	extract	0	4	0	26489
nist-epub-0008	epub	minimal	0	4	0	32722
nist-epub-0008	epub	fts	0	4	0	32989
nist-epub-0008	epub	structural	0	4	0	32659
nist-epub-0008	epub	structural	1	4	0	31840
nist-epub-0008	epub	full	0	4	0	31382
nist-epub-0008	epub	full	1	4	0	32187
nist-epub-0008	epub	full	2	4	0	31578
nist-epub-0008	epub	full	3	4	0	32340
nist-epub-0008	epub	full	4	4	0	32637
nist-epub-0008	epub	full	5	4	0	32438
nist-epub-0008	epub	adaptive	0	4	0	32559
nist-epub-0008	epub	adaptive	1	4	0	31412
nist-epub-0008	epub	adaptive	2	4	0	31314
nist-epub-0008	epub	adaptive	3	4	0	34674
nist-epub-0008	epub	adaptive	4	4	0	32136
nist-epub-0008	epub	adaptive	5	4	0	32815
nist-epub-0008	epub	hybrid	0	4	0	33345
nist-epub-0008	epub	hybrid	1	4	0	33841
nist-epub-0008	epub	hybrid	2	4	0	32196
nist-epub-0008	epub	hybrid	3	4	0	32908
nist-epub-0008	epub	hybrid	4	4	0	32523
nist-epub-0008	epub	hybrid	5	4	0	32261
nist-epub-0008	epub	hist	0	4	0	35148
nist-epub-0008	epub	hist	5	4	0	35401
nist-epub-0008	epub	vole	all	4	0	7581
nist-epub-0008	epub	extract	0	5	0	26584
nist-epub-0008	epub	vole	all	5	0	7855
nist-epub-0008	epub	minimal	0	5	0	33176
nist-epub-0008	epub	fts	0	5	0	33428
nist-epub-0008	epub	structural	0	5	0	32691
nist-epub-0008	epub	structural	1	5	0	32811
nist-epub-0008	epub	full	0	5	0	33100
nist-epub-0008	epub	full	1	5	0	32840
nist-epub-0008	epub	full	2	5	0	31818
nist-epub-0008	epub	full	3	5	0	32819
nist-epub-0008	epub	full	4	5	0	34151
nist-epub-0008	epub	full	5	5	0	34410
nist-epub-0008	epub	adaptive	0	5	0	32696
nist-epub-0008	epub	adaptive	1	5	0	32992
nist-epub-0008	epub	adaptive	2	5	0	31949
nist-epub-0008	epub	adaptive	3	5	0	32500
nist-epub-0008	epub	adaptive	4	5	0	31572
nist-epub-0008	epub	adaptive	5	5	0	32517
nist-epub-0008	epub	hybrid	0	5	0	32986
nist-epub-0008	epub	hybrid	1	5	0	32191
nist-epub-0008	epub	hybrid	2	5	0	32237
nist-epub-0008	epub	hybrid	3	5	0	31759
nist-epub-0008	epub	hybrid	4	5	0	33065
nist-epub-0008	epub	hybrid	5	5	0	34125
nist-epub-0008	epub	hist	0	5	0	35216
nist-epub-0008	epub	hist	5	5	0	37342
nist-epub-0008	epub	extract	0	6	0	26011
nist-epub-0008	epub	minimal	0	6	0	31713
nist-epub-0008	epub	fts	0	6	0	32741
nist-epub-0008	epub	structural	0	6	0	32268
nist-epub-0008	epub	structural	1	6	0	32892
nist-epub-0008	epub	full	0	6	0	32513
nist-epub-0008	epub	full	1	6	0	33202
nist-epub-0008	epub	full	2	6	0	34552
nist-epub-0008	epub	full	3	6	0	32367
nist-epub-0008	epub	full	4	6	0	32954
nist-epub-0008	epub	full	5	6	0	32788
nist-epub-0008	epub	adaptive	0	6	0	32396
nist-epub-0008	epub	adaptive	1	6	0	32541
nist-epub-0008	epub	adaptive	2	6	0	31966
nist-epub-0008	epub	adaptive	3	6	0	31667
nist-epub-0008	epub	adaptive	4	6	0	31724
nist-epub-0008	epub	adaptive	5	6	0	32119
nist-epub-0008	epub	hybrid	0	6	0	32002
nist-epub-0008	epub	hybrid	1	6	0	32512
nist-epub-0008	epub	hybrid	2	6	0	32217
nist-epub-0008	epub	hybrid	3	6	0	32856
nist-epub-0008	epub	hybrid	4	6	0	32817
nist-epub-0008	epub	hybrid	5	6	0	34470
nist-epub-0008	epub	hist	0	6	0	34670
nist-epub-0008	epub	hist	5	6	0	34264
nist-epub-0008	epub	vole	all	6	0	7784
nist-epub-0008	epub	extract	0	7	0	26181
nist-epub-0008	epub	vole	all	7	0	7673
nist-epub-0008	epub	minimal	0	7	0	32180
nist-epub-0008	epub	fts	0	7	0	35813
nist-epub-0008	epub	structural	0	7	0	33307
nist-epub-0008	epub	structural	1	7	0	32569
nist-epub-0008	epub	full	0	7	0	32312
nist-epub-0008	epub	full	1	7	0	32478
nist-epub-0008	epub	full	2	7	0	32606
nist-epub-0008	epub	full	3	7	0	33731
nist-epub-0008	epub	full	4	7	0	35486
nist-epub-0008	epub	full	5	7	0	33202
nist-epub-0008	epub	adaptive	0	7	0	32725
nist-epub-0008	epub	adaptive	1	7	0	33265
nist-epub-0008	epub	adaptive	2	7	0	32620
nist-epub-0008	epub	adaptive	3	7	0	31906
nist-epub-0008	epub	adaptive	4	7	0	31737
nist-epub-0008	epub	adaptive	5	7	0	31276
nist-epub-0008	epub	hybrid	0	7	0	34596
nist-epub-0008	epub	hybrid	1	7	0	32516
nist-epub-0008	epub	hybrid	2	7	0	31796
nist-epub-0008	epub	hybrid	3	7	0	31380
nist-epub-0008	epub	hybrid	4	7	0	32017
nist-epub-0008	epub	hybrid	5	7	0	33642
nist-epub-0008	epub	hist	0	7	0	34829
nist-epub-0008	epub	hist	5	7	0	35509
nist-epub-0008	epub	extract	0	8	0	26822
nist-epub-0008	epub	minimal	0	8	0	32471
nist-epub-0008	epub	fts	0	8	0	33129
nist-epub-0008	epub	structural	0	8	0	32661
nist-epub-0008	epub	structural	1	8	0	32027
nist-epub-0008	epub	full	0	8	0	31813
nist-epub-0008	epub	full	1	8	0	32263
nist-epub-0008	epub	full	2	8	0	32785
nist-epub-0008	epub	full	3	8	0	32286
nist-epub-0008	epub	full	4	8	0	32915
nist-epub-0008	epub	full	5	8	0	33354
nist-epub-0008	epub	adaptive	0	8	0	32305
nist-epub-0008	epub	adaptive	1	8	0	32005
nist-epub-0008	epub	adaptive	2	8	0	33390
nist-epub-0008	epub	adaptive	3	8	0	36127
nist-epub-0008	epub	adaptive	4	8	0	32282
nist-epub-0008	epub	adaptive	5	8	0	31392
nist-epub-0008	epub	hybrid	0	8	0	31824
nist-epub-0008	epub	hybrid	1	8	0	32244
nist-epub-0008	epub	hybrid	2	8	0	32146
nist-epub-0008	epub	hybrid	3	8	0	32312
nist-epub-0008	epub	hybrid	4	8	0	32993
nist-epub-0008	epub	hybrid	5	8	0	33005
nist-epub-0008	epub	hist	0	8	0	35026
nist-epub-0008	epub	hist	5	8	0	34841
nist-epub-0008	epub	vole	all	8	0	7976
nist-epub-0008	epub	extract	0	9	0	26406
nist-epub-0008	epub	vole	all	9	0	7867
nist-epub-0008	epub	minimal	0	9	0	32666
nist-epub-0008	epub	fts	0	9	0	32773
nist-epub-0008	epub	structural	0	9	0	32648
nist-epub-0008	epub	structural	1	9	0	32569
nist-epub-0008	epub	full	0	9	0	32134
nist-epub-0008	epub	full	1	9	0	32359
nist-epub-0008	epub	full	2	9	0	33786
nist-epub-0008	epub	full	3	9	0	32421
nist-epub-0008	epub	full	4	9	0	34011
nist-epub-0008	epub	full	5	9	0	33084
nist-epub-0008	epub	adaptive	0	9	0	32078
nist-epub-0008	epub	adaptive	1	9	0	31695
nist-epub-0008	epub	adaptive	2	9	0	32233
nist-epub-0008	epub	adaptive	3	9	0	32086
nist-epub-0008	epub	adaptive	4	9	0	31976
nist-epub-0008	epub	adaptive	5	9	0	32495
nist-epub-0008	epub	hybrid	0	9	0	31822
nist-epub-0008	epub	hybrid	1	9	0	31672
nist-epub-0008	epub	hybrid	2	9	0	32859
nist-epub-0008	epub	hybrid	3	9	0	32824
nist-epub-0008	epub	hybrid	4	9	0	32202
nist-epub-0008	epub	hybrid	5	9	0	32381
nist-epub-0008	epub	hist	0	9	0	36639
nist-epub-0008	epub	hist	5	9	0	35561
nist-epub-0008	epub	extract	0	10	0	26297
nist-epub-0008	epub	minimal	0	10	0	33026
nist-epub-0008	epub	fts	0	10	0	32519
nist-epub-0008	epub	structural	0	10	0	31841
nist-epub-0008	epub	structural	1	10	0	33542
nist-epub-0008	epub	full	0	10	0	34115
nist-epub-0008	epub	full	1	10	0	33897
nist-epub-0008	epub	full	2	10	0	32627
nist-epub-0008	epub	full	3	10	0	32724
nist-epub-0008	epub	full	4	10	0	32276
nist-epub-0008	epub	full	5	10	0	33074
nist-epub-0008	epub	adaptive	0	10	0	31921
nist-epub-0008	epub	adaptive	1	10	0	31798
nist-epub-0008	epub	adaptive	2	10	0	31638
nist-epub-0008	epub	adaptive	3	10	0	32336
nist-epub-0008	epub	adaptive	4	10	0	32504
nist-epub-0008	epub	adaptive	5	10	0	33028
nist-epub-0008	epub	hybrid	0	10	0	33902
nist-epub-0008	epub	hybrid	1	10	0	33799
nist-epub-0008	epub	hybrid	2	10	0	32492
nist-epub-0008	epub	hybrid	3	10	0	34207
nist-epub-0008	epub	hybrid	4	10	0	32943
nist-epub-0008	epub	hybrid	5	10	0	32682
nist-epub-0008	epub	hist	0	10	0	35180
nist-epub-0008	epub	hist	5	10	0	35951
nist-epub-0008	epub	vole	all	10	0	7734
nist-epub-0009	epub	extract	0	1	0	40754
nist-epub-0009	epub	vole	all	1	0	19098
nist-epub-0009	epub	minimal	0	1	0	49001
nist-epub-0009	epub	fts	0	1	0	50559
nist-epub-0009	epub	structural	0	1	0	48374
nist-epub-0009	epub	structural	1	1	0	47833
nist-epub-0009	epub	full	0	1	0	47458
nist-epub-0009	epub	full	1	1	0	49265
nist-epub-0009	epub	full	2	1	0	49079
nist-epub-0009	epub	full	3	1	0	49268
nist-epub-0009	epub	full	4	1	0	48741
nist-epub-0009	epub	full	5	1	0	50635
nist-epub-0009	epub	adaptive	0	1	0	48030
nist-epub-0009	epub	adaptive	1	1	0	47790
nist-epub-0009	epub	adaptive	2	1	0	48966
nist-epub-0009	epub	adaptive	3	1	0	49643
nist-epub-0009	epub	adaptive	4	1	0	46402
nist-epub-0009	epub	adaptive	5	1	0	49610
nist-epub-0009	epub	hybrid	0	1	0	50460
nist-epub-0009	epub	hybrid	1	1	0	48940
nist-epub-0009	epub	hybrid	2	1	0	49775
nist-epub-0009	epub	hybrid	3	1	0	50582
nist-epub-0009	epub	hybrid	4	1	0	48914
nist-epub-0009	epub	hybrid	5	1	0	49034
nist-epub-0009	epub	hist	0	1	0	60314
nist-epub-0009	epub	hist	5	1	0	63912
nist-epub-0009	epub	extract	0	2	0	40665
nist-epub-0009	epub	minimal	0	2	0	48848
nist-epub-0009	epub	fts	0	2	0	49996
nist-epub-0009	epub	structural	0	2	0	47056
nist-epub-0009	epub	structural	1	2	0	47474
nist-epub-0009	epub	full	0	2	0	48868
nist-epub-0009	epub	full	1	2	0	49231
nist-epub-0009	epub	full	2	2	0	49464
nist-epub-0009	epub	full	3	2	0	50708
nist-epub-0009	epub	full	4	2	0	52349
nist-epub-0009	epub	full	5	2	0	50191
nist-epub-0009	epub	adaptive	0	2	0	47645
nist-epub-0009	epub	adaptive	1	2	0	49291
nist-epub-0009	epub	adaptive	2	2	0	49411
nist-epub-0009	epub	adaptive	3	2	0	49191
nist-epub-0009	epub	adaptive	4	2	0	49848
nist-epub-0009	epub	adaptive	5	2	0	49273
nist-epub-0009	epub	hybrid	0	2	0	48936
nist-epub-0009	epub	hybrid	1	2	0	50203
nist-epub-0009	epub	hybrid	2	2	0	51449
nist-epub-0009	epub	hybrid	3	2	0	50500
nist-epub-0009	epub	hybrid	4	2	0	49076
nist-epub-0009	epub	hybrid	5	2	0	49372
nist-epub-0009	epub	hist	0	2	0	64295
nist-epub-0009	epub	hist	5	2	0	63779
nist-epub-0009	epub	vole	all	2	0	18315
nist-epub-0009	epub	extract	0	3	0	40603
nist-epub-0009	epub	vole	all	3	0	18153
nist-epub-0009	epub	minimal	0	3	0	48234
nist-epub-0009	epub	fts	0	3	0	50228
nist-epub-0009	epub	structural	0	3	0	50912
nist-epub-0009	epub	structural	1	3	0	48857
nist-epub-0009	epub	full	0	3	0	48678
nist-epub-0009	epub	full	1	3	0	49978
nist-epub-0009	epub	full	2	3	0	49510
nist-epub-0009	epub	full	3	3	0	49726
nist-epub-0009	epub	full	4	3	0	49867
nist-epub-0009	epub	full	5	3	0	49487
nist-epub-0009	epub	adaptive	0	3	0	47815
nist-epub-0009	epub	adaptive	1	3	0	48572
nist-epub-0009	epub	adaptive	2	3	0	48914
nist-epub-0009	epub	adaptive	3	3	0	49823
nist-epub-0009	epub	adaptive	4	3	0	48784
nist-epub-0009	epub	adaptive	5	3	0	49827
nist-epub-0009	epub	hybrid	0	3	0	51469
nist-epub-0009	epub	hybrid	1	3	0	48831
nist-epub-0009	epub	hybrid	2	3	0	49551
nist-epub-0009	epub	hybrid	3	3	0	50538
nist-epub-0009	epub	hybrid	4	3	0	49924
nist-epub-0009	epub	hybrid	5	3	0	49537
nist-epub-0009	epub	hist	0	3	0	61891
nist-epub-0009	epub	hist	5	3	0	66461
nist-epub-0009	epub	extract	0	4	0	41758
nist-epub-0009	epub	minimal	0	4	0	48874
nist-epub-0009	epub	fts	0	4	0	49117
nist-epub-0009	epub	structural	0	4	0	47471
nist-epub-0009	epub	structural	1	4	0	48914
nist-epub-0009	epub	full	0	4	0	50894
nist-epub-0009	epub	full	1	4	0	49207
nist-epub-0009	epub	full	2	4	0	50092
nist-epub-0009	epub	full	3	4	0	48956
nist-epub-0009	epub	full	4	4	0	50281
nist-epub-0009	epub	full	5	4	0	48258
nist-epub-0009	epub	adaptive	0	4	0	48581
nist-epub-0009	epub	adaptive	1	4	0	48325
nist-epub-0009	epub	adaptive	2	4	0	49107
nist-epub-0009	epub	adaptive	3	4	0	48591
nist-epub-0009	epub	adaptive	4	4	0	49594
nist-epub-0009	epub	adaptive	5	4	0	50441
nist-epub-0009	epub	hybrid	0	4	0	48960
nist-epub-0009	epub	hybrid	1	4	0	47784
nist-epub-0009	epub	hybrid	2	4	0	52108
nist-epub-0009	epub	hybrid	3	4	0	50343
nist-epub-0009	epub	hybrid	4	4	0	51969
nist-epub-0009	epub	hybrid	5	4	0	49909
nist-epub-0009	epub	hist	0	4	0	65102
nist-epub-0009	epub	hist	5	4	0	64370
nist-epub-0009	epub	vole	all	4	0	18704
nist-epub-0009	epub	extract	0	5	0	40694
nist-epub-0009	epub	vole	all	5	0	18362
nist-epub-0009	epub	minimal	0	5	0	50880
nist-epub-0009	epub	fts	0	5	0	54962
nist-epub-0009	epub	structural	0	5	0	49867
nist-epub-0009	epub	structural	1	5	0	48409
nist-epub-0009	epub	full	0	5	0	49897
nist-epub-0009	epub	full	1	5	0	48722
nist-epub-0009	epub	full	2	5	0	49953
nist-epub-0009	epub	full	3	5	0	50714
nist-epub-0009	epub	full	4	5	0	50223
nist-epub-0009	epub	full	5	5	0	52813
nist-epub-0009	epub	adaptive	0	5	0	46982
nist-epub-0009	epub	adaptive	1	5	0	48891
nist-epub-0009	epub	adaptive	2	5	0	47525
nist-epub-0009	epub	adaptive	3	5	0	48013
nist-epub-0009	epub	adaptive	4	5	0	48400
nist-epub-0009	epub	adaptive	5	5	0	48482
nist-epub-0009	epub	hybrid	0	5	0	48305
nist-epub-0009	epub	hybrid	1	5	0	49082
nist-epub-0009	epub	hybrid	2	5	0	51364
nist-epub-0009	epub	hybrid	3	5	0	54945
nist-epub-0009	epub	hybrid	4	5	0	53362
nist-epub-0009	epub	hybrid	5	5	0	52688
nist-epub-0009	epub	hist	0	5	0	67809
nist-epub-0009	epub	hist	5	5	0	67734
nist-epub-0009	epub	extract	0	6	0	40758
nist-epub-0009	epub	minimal	0	6	0	48728
nist-epub-0009	epub	fts	0	6	0	51047
nist-epub-0009	epub	structural	0	6	0	48522
nist-epub-0009	epub	structural	1	6	0	48107
nist-epub-0009	epub	full	0	6	0	48719
nist-epub-0009	epub	full	1	6	0	49778
nist-epub-0009	epub	full	2	6	0	50279
nist-epub-0009	epub	full	3	6	0	49603
nist-epub-0009	epub	full	4	6	0	49616
nist-epub-0009	epub	full	5	6	0	50315
nist-epub-0009	epub	adaptive	0	6	0	48509
nist-epub-0009	epub	adaptive	1	6	0	48163
nist-epub-0009	epub	adaptive	2	6	0	48624
nist-epub-0009	epub	adaptive	3	6	0	48564
nist-epub-0009	epub	adaptive	4	6	0	47916
nist-epub-0009	epub	adaptive	5	6	0	47896
nist-epub-0009	epub	hybrid	0	6	0	47751
nist-epub-0009	epub	hybrid	1	6	0	48395
nist-epub-0009	epub	hybrid	2	6	0	50694
nist-epub-0009	epub	hybrid	3	6	0	48658
nist-epub-0009	epub	hybrid	4	6	0	49036
nist-epub-0009	epub	hybrid	5	6	0	50714
nist-epub-0009	epub	hist	0	6	0	62284
nist-epub-0009	epub	hist	5	6	0	63088
nist-epub-0009	epub	vole	all	6	0	18777
nist-epub-0009	epub	extract	0	7	0	42629
nist-epub-0009	epub	vole	all	7	0	18642
nist-epub-0009	epub	minimal	0	7	0	49231
nist-epub-0009	epub	fts	0	7	0	51952
nist-epub-0009	epub	structural	0	7	0	49314
nist-epub-0009	epub	structural	1	7	0	49921
nist-epub-0009	epub	full	0	7	0	49894
nist-epub-0009	epub	full	1	7	0	49586
nist-epub-0009	epub	full	2	7	0	49779
nist-epub-0009	epub	full	3	7	0	51070
nist-epub-0009	epub	full	4	7	0	49070
nist-epub-0009	epub	full	5	7	0	49940
nist-epub-0009	epub	adaptive	0	7	0	48790
nist-epub-0009	epub	adaptive	1	7	0	49839
nist-epub-0009	epub	adaptive	2	7	0	48399
nist-epub-0009	epub	adaptive	3	7	0	48213
nist-epub-0009	epub	adaptive	4	7	0	48530
nist-epub-0009	epub	adaptive	5	7	0	47737
nist-epub-0009	epub	hybrid	0	7	0	48279
nist-epub-0009	epub	hybrid	1	7	0	47868
nist-epub-0009	epub	hybrid	2	7	0	49166
nist-epub-0009	epub	hybrid	3	7	0	50092
nist-epub-0009	epub	hybrid	4	7	0	50153
nist-epub-0009	epub	hybrid	5	7	0	51801
nist-epub-0009	epub	hist	0	7	0	67076
nist-epub-0009	epub	hist	5	7	0	65513
nist-epub-0009	epub	extract	0	8	0	41467
nist-epub-0009	epub	minimal	0	8	0	48315
nist-epub-0009	epub	fts	0	8	0	51055
nist-epub-0009	epub	structural	0	8	0	49451
nist-epub-0009	epub	structural	1	8	0	48445
nist-epub-0009	epub	full	0	8	0	48747
nist-epub-0009	epub	full	1	8	0	48417
nist-epub-0009	epub	full	2	8	0	49593
nist-epub-0009	epub	full	3	8	0	50084
nist-epub-0009	epub	full	4	8	0	51826
nist-epub-0009	epub	full	5	8	0	51324
nist-epub-0009	epub	adaptive	0	8	0	47982
nist-epub-0009	epub	adaptive	1	8	0	47359
nist-epub-0009	epub	adaptive	2	8	0	47309
nist-epub-0009	epub	adaptive	3	8	0	48695
nist-epub-0009	epub	adaptive	4	8	0	48037
nist-epub-0009	epub	adaptive	5	8	0	48933
nist-epub-0009	epub	hybrid	0	8	0	48184
nist-epub-0009	epub	hybrid	1	8	0	53849
nist-epub-0009	epub	hybrid	2	8	0	50353
nist-epub-0009	epub	hybrid	3	8	0	48910
nist-epub-0009	epub	hybrid	4	8	0	51118
nist-epub-0009	epub	hybrid	5	8	0	49804
nist-epub-0009	epub	hist	0	8	0	64584
nist-epub-0009	epub	hist	5	8	0	65235
nist-epub-0009	epub	vole	all	8	0	18348
nist-epub-0009	epub	extract	0	9	0	41064
nist-epub-0009	epub	vole	all	9	0	18674
nist-epub-0009	epub	minimal	0	9	0	49593
nist-epub-0009	epub	fts	0	9	0	50179
nist-epub-0009	epub	structural	0	9	0	47559
nist-epub-0009	epub	structural	1	9	0	49332
nist-epub-0009	epub	full	0	9	0	50304
nist-epub-0009	epub	full	1	9	0	49183
nist-epub-0009	epub	full	2	9	0	49818
nist-epub-0009	epub	full	3	9	0	50705
nist-epub-0009	epub	full	4	9	0	49472
nist-epub-0009	epub	full	5	9	0	50212
nist-epub-0009	epub	adaptive	0	9	0	48785
nist-epub-0009	epub	adaptive	1	9	0	49977
nist-epub-0009	epub	adaptive	2	9	0	48320
nist-epub-0009	epub	adaptive	3	9	0	49228
nist-epub-0009	epub	adaptive	4	9	0	49324
nist-epub-0009	epub	adaptive	5	9	0	47712
nist-epub-0009	epub	hybrid	0	9	0	48991
nist-epub-0009	epub	hybrid	1	9	0	49227
nist-epub-0009	epub	hybrid	2	9	0	49438
nist-epub-0009	epub	hybrid	3	9	0	48575
nist-epub-0009	epub	hybrid	4	9	0	49420
nist-epub-0009	epub	hybrid	5	9	0	50184
nist-epub-0009	epub	hist	0	9	0	64316
nist-epub-0009	epub	hist	5	9	0	62869
nist-epub-0009	epub	extract	0	10	0	40995
nist-epub-0009	epub	minimal	0	10	0	51842
nist-epub-0009	epub	fts	0	10	0	53364
nist-epub-0009	epub	structural	0	10	0	47993
nist-epub-0009	epub	structural	1	10	0	47901
nist-epub-0009	epub	full	0	10	0	50152
nist-epub-0009	epub	full	1	10	0	51747
nist-epub-0009	epub	full	2	10	0	49877
nist-epub-0009	epub	full	3	10	0	49598
nist-epub-0009	epub	full	4	10	0	50067
nist-epub-0009	epub	full	5	10	0	49342
nist-epub-0009	epub	adaptive	0	10	0	47522
nist-epub-0009	epub	adaptive	1	10	0	49980
nist-epub-0009	epub	adaptive	2	10	0	47620
nist-epub-0009	epub	adaptive	3	10	0	47621
nist-epub-0009	epub	adaptive	4	10	0	48736
nist-epub-0009	epub	adaptive	5	10	0	49166
nist-epub-0009	epub	hybrid	0	10	0	48680
nist-epub-0009	epub	hybrid	1	10	0	48542
nist-epub-0009	epub	hybrid	2	10	0	49567
nist-epub-0009	epub	hybrid	3	10	0	50523
nist-epub-0009	epub	hybrid	4	10	0	50451
nist-epub-0009	epub	hybrid	5	10	0	50776
nist-epub-0009	epub	hist	0	10	0	65717
nist-epub-0009	epub	hist	5	10	0	63225
nist-epub-0009	epub	vole	all	10	0	18314
