id	fmt	lane	depth	bytes	files
nist-pdf-0002	pdf	minimal	0	647402	2
nist-pdf-0002	pdf	fts	0	692454	2
nist-pdf-0002	pdf	structural	0	647405	2
nist-pdf-0002	pdf	structural	1	655597	2
nist-pdf-0002	pdf	full	0	651495	2
nist-pdf-0002	pdf	full	1	655591	2
nist-pdf-0002	pdf	full	2	663783	2
nist-pdf-0002	pdf	full	3	663783	2
nist-pdf-0002	pdf	full	4	671975	2
nist-pdf-0002	pdf	full	5	671975	2
nist-pdf-0002	pdf	adaptive	0	647403	2
nist-pdf-0002	pdf	adaptive	1	647403	2
nist-pdf-0002	pdf	adaptive	2	647403	2
nist-pdf-0002	pdf	adaptive	3	647403	2
nist-pdf-0002	pdf	adaptive	4	647403	2
nist-pdf-0002	pdf	adaptive	5	647403	2
nist-pdf-0002	pdf	hybrid	0	651497	2
nist-pdf-0002	pdf	hybrid	1	655593	2
nist-pdf-0002	pdf	hybrid	2	663785	2
nist-pdf-0002	pdf	hybrid	3	663785	2
nist-pdf-0002	pdf	hybrid	4	671977	2
nist-pdf-0002	pdf	hybrid	5	671977	2
nist-pdf-0002	pdf	hist	0	1134821	2
nist-pdf-0002	pdf	hist	5	1155301	2
nist-pdf-0002	pdf	vole	0	381882	10
nist-pdf-0002	pdf	vole	1	381882	10
nist-pdf-0002	pdf	vole	2	381882	10
nist-pdf-0002	pdf	vole	3	381882	10
nist-pdf-0002	pdf	vole	4	381882	10
nist-pdf-0002	pdf	vole	5	381882	10
nist-pdf-0002	pdf	minimal	0	647402	2
nist-pdf-0002	pdf	fts	0	692454	2
nist-pdf-0002	pdf	structural	0	647405	2
nist-pdf-0002	pdf	structural	1	655597	2
nist-pdf-0002	pdf	full	0	651495	2
nist-pdf-0002	pdf	full	1	655591	2
nist-pdf-0002	pdf	full	2	663783	2
nist-pdf-0002	pdf	full	3	663783	2
nist-pdf-0002	pdf	full	4	671975	2
nist-pdf-0002	pdf	full	5	671975	2
nist-pdf-0002	pdf	adaptive	0	647403	2
nist-pdf-0002	pdf	adaptive	1	647403	2
nist-pdf-0002	pdf	adaptive	2	647403	2
nist-pdf-0002	pdf	adaptive	3	647403	2
nist-pdf-0002	pdf	adaptive	4	647403	2
nist-pdf-0002	pdf	adaptive	5	647403	2
nist-pdf-0002	pdf	hybrid	0	651497	2
nist-pdf-0002	pdf	hybrid	1	655593	2
nist-pdf-0002	pdf	hybrid	2	663785	2
nist-pdf-0002	pdf	hybrid	3	663785	2
nist-pdf-0002	pdf	hybrid	4	671977	2
nist-pdf-0002	pdf	hybrid	5	671977	2
nist-pdf-0002	pdf	hist	0	1134821	2
nist-pdf-0002	pdf	hist	5	1155301	2
nist-pdf-0002	pdf	vole	0	381882	10
nist-pdf-0002	pdf	vole	1	381882	10
nist-pdf-0002	pdf	vole	2	381882	10
nist-pdf-0002	pdf	vole	3	381882	10
nist-pdf-0002	pdf	vole	4	381882	10
nist-pdf-0002	pdf	vole	5	381882	10
nist-pdf-0002	pdf	minimal	0	647402	2
nist-pdf-0002	pdf	fts	0	692454	2
nist-pdf-0002	pdf	structural	0	647405	2
nist-pdf-0002	pdf	structural	1	655597	2
nist-pdf-0002	pdf	full	0	651495	2
nist-pdf-0002	pdf	full	1	655591	2
nist-pdf-0002	pdf	full	2	663783	2
nist-pdf-0002	pdf	full	3	663783	2
nist-pdf-0002	pdf	full	4	671975	2
nist-pdf-0002	pdf	full	5	671975	2
nist-pdf-0002	pdf	adaptive	0	647403	2
nist-pdf-0002	pdf	adaptive	1	647403	2
nist-pdf-0002	pdf	adaptive	2	647403	2
nist-pdf-0002	pdf	adaptive	3	647403	2
nist-pdf-0002	pdf	adaptive	4	647403	2
nist-pdf-0002	pdf	adaptive	5	647403	2
nist-pdf-0002	pdf	hybrid	0	651497	2
nist-pdf-0002	pdf	hybrid	1	655593	2
nist-pdf-0002	pdf	hybrid	2	663785	2
nist-pdf-0002	pdf	hybrid	3	663785	2
nist-pdf-0002	pdf	hybrid	4	671977	2
nist-pdf-0002	pdf	hybrid	5	671977	2
nist-pdf-0002	pdf	hist	0	1134821	2
nist-pdf-0002	pdf	hist	5	1155301	2
nist-pdf-0002	pdf	vole	0	381882	10
nist-pdf-0002	pdf	vole	1	381882	10
nist-pdf-0002	pdf	vole	2	381882	10
nist-pdf-0002	pdf	vole	3	381882	10
nist-pdf-0002	pdf	vole	4	381882	10
nist-pdf-0002	pdf	vole	5	381882	10
nist-pdf-0002	pdf	minimal	0	647402	2
nist-pdf-0002	pdf	fts	0	692454	2
nist-pdf-0002	pdf	structural	0	647405	2
nist-pdf-0002	pdf	structural	1	655597	2
nist-pdf-0002	pdf	full	0	651495	2
nist-pdf-0002	pdf	full	1	655591	2
nist-pdf-0002	pdf	full	2	663783	2
nist-pdf-0002	pdf	full	3	663783	2
nist-pdf-0002	pdf	full	4	671975	2
nist-pdf-0002	pdf	full	5	671975	2
nist-pdf-0002	pdf	adaptive	0	647403	2
nist-pdf-0002	pdf	adaptive	1	647403	2
nist-pdf-0002	pdf	adaptive	2	647403	2
nist-pdf-0002	pdf	adaptive	3	647403	2
nist-pdf-0002	pdf	adaptive	4	647403	2
nist-pdf-0002	pdf	adaptive	5	647403	2
nist-pdf-0002	pdf	hybrid	0	651497	2
nist-pdf-0002	pdf	hybrid	1	655593	2
nist-pdf-0002	pdf	hybrid	2	663785	2
nist-pdf-0002	pdf	hybrid	3	663785	2
nist-pdf-0002	pdf	hybrid	4	671977	2
nist-pdf-0002	pdf	hybrid	5	671977	2
nist-pdf-0002	pdf	hist	0	1134821	2
nist-pdf-0002	pdf	hist	5	1155301	2
nist-pdf-0002	pdf	vole	0	381882	10
nist-pdf-0002	pdf	vole	1	381882	10
nist-pdf-0002	pdf	vole	2	381882	10
nist-pdf-0002	pdf	vole	3	381882	10
nist-pdf-0002	pdf	vole	4	381882	10
nist-pdf-0002	pdf	vole	5	381882	10
nist-pdf-0002	pdf	minimal	0	647402	2
nist-pdf-0002	pdf	fts	0	692454	2
nist-pdf-0002	pdf	structural	0	647405	2
nist-pdf-0002	pdf	structural	1	655597	2
nist-pdf-0002	pdf	full	0	651495	2
nist-pdf-0002	pdf	full	1	655591	2
nist-pdf-0002	pdf	full	2	663783	2
nist-pdf-0002	pdf	full	3	663783	2
nist-pdf-0002	pdf	full	4	671975	2
nist-pdf-0002	pdf	full	5	671975	2
nist-pdf-0002	pdf	adaptive	0	647403	2
nist-pdf-0002	pdf	adaptive	1	647403	2
nist-pdf-0002	pdf	adaptive	2	647403	2
nist-pdf-0002	pdf	adaptive	3	647403	2
nist-pdf-0002	pdf	adaptive	4	647403	2
nist-pdf-0002	pdf	adaptive	5	647403	2
nist-pdf-0002	pdf	hybrid	0	651497	2
nist-pdf-0002	pdf	hybrid	1	655593	2
nist-pdf-0002	pdf	hybrid	2	663785	2
nist-pdf-0002	pdf	hybrid	3	663785	2
nist-pdf-0002	pdf	hybrid	4	671977	2
nist-pdf-0002	pdf	hybrid	5	671977	2
nist-pdf-0002	pdf	hist	0	1134821	2
nist-pdf-0002	pdf	hist	5	1155301	2
nist-pdf-0002	pdf	vole	0	381882	10
nist-pdf-0002	pdf	vole	1	381882	10
nist-pdf-0002	pdf	vole	2	381882	10
nist-pdf-0002	pdf	vole	3	381882	10
nist-pdf-0002	pdf	vole	4	381882	10
nist-pdf-0002	pdf	vole	5	381882	10
nist-pdf-0002	pdf	minimal	0	647402	2
nist-pdf-0002	pdf	fts	0	692454	2
nist-pdf-0002	pdf	structural	0	647405	2
nist-pdf-0002	pdf	structural	1	655597	2
nist-pdf-0002	pdf	full	0	651495	2
nist-pdf-0002	pdf	full	1	655591	2
nist-pdf-0002	pdf	full	2	663783	2
nist-pdf-0002	pdf	full	3	663783	2
nist-pdf-0002	pdf	full	4	671975	2
nist-pdf-0002	pdf	full	5	671975	2
nist-pdf-0002	pdf	adaptive	0	647403	2
nist-pdf-0002	pdf	adaptive	1	647403	2
nist-pdf-0002	pdf	adaptive	2	647403	2
nist-pdf-0002	pdf	adaptive	3	647403	2
nist-pdf-0002	pdf	adaptive	4	647403	2
nist-pdf-0002	pdf	adaptive	5	647403	2
nist-pdf-0002	pdf	hybrid	0	651497	2
nist-pdf-0002	pdf	hybrid	1	655593	2
nist-pdf-0002	pdf	hybrid	2	663785	2
nist-pdf-0002	pdf	hybrid	3	663785	2
nist-pdf-0002	pdf	hybrid	4	671977	2
nist-pdf-0002	pdf	hybrid	5	671977	2
nist-pdf-0002	pdf	hist	0	1134821	2
nist-pdf-0002	pdf	hist	5	1155301	2
nist-pdf-0002	pdf	vole	0	381882	10
nist-pdf-0002	pdf	vole	1	381882	10
nist-pdf-0002	pdf	vole	2	381882	10
nist-pdf-0002	pdf	vole	3	381882	10
nist-pdf-0002	pdf	vole	4	381882	10
nist-pdf-0002	pdf	vole	5	381882	10
nist-pdf-0002	pdf	minimal	0	647402	2
nist-pdf-0002	pdf	fts	0	692454	2
nist-pdf-0002	pdf	structural	0	647405	2
nist-pdf-0002	pdf	structural	1	655597	2
nist-pdf-0002	pdf	full	0	651495	2
nist-pdf-0002	pdf	full	1	655591	2
nist-pdf-0002	pdf	full	2	663783	2
nist-pdf-0002	pdf	full	3	663783	2
nist-pdf-0002	pdf	full	4	671975	2
nist-pdf-0002	pdf	full	5	671975	2
nist-pdf-0002	pdf	adaptive	0	647403	2
nist-pdf-0002	pdf	adaptive	1	647403	2
nist-pdf-0002	pdf	adaptive	2	647403	2
nist-pdf-0002	pdf	adaptive	3	647403	2
nist-pdf-0002	pdf	adaptive	4	647403	2
nist-pdf-0002	pdf	adaptive	5	647403	2
nist-pdf-0002	pdf	hybrid	0	651497	2
nist-pdf-0002	pdf	hybrid	1	655593	2
nist-pdf-0002	pdf	hybrid	2	663785	2
nist-pdf-0002	pdf	hybrid	3	663785	2
nist-pdf-0002	pdf	hybrid	4	671977	2
nist-pdf-0002	pdf	hybrid	5	671977	2
nist-pdf-0002	pdf	hist	0	1134821	2
nist-pdf-0002	pdf	hist	5	1155301	2
nist-pdf-0002	pdf	vole	0	381882	10
nist-pdf-0002	pdf	vole	1	381882	10
nist-pdf-0002	pdf	vole	2	381882	10
nist-pdf-0002	pdf	vole	3	381882	10
nist-pdf-0002	pdf	vole	4	381882	10
nist-pdf-0002	pdf	vole	5	381882	10
nist-pdf-0002	pdf	minimal	0	647402	2
nist-pdf-0002	pdf	fts	0	692454	2
nist-pdf-0002	pdf	structural	0	647405	2
nist-pdf-0002	pdf	structural	1	655597	2
nist-pdf-0002	pdf	full	0	651495	2
nist-pdf-0002	pdf	full	1	655591	2
nist-pdf-0002	pdf	full	2	663783	2
nist-pdf-0002	pdf	full	3	663783	2
nist-pdf-0002	pdf	full	4	671975	2
nist-pdf-0002	pdf	full	5	671975	2
nist-pdf-0002	pdf	adaptive	0	647403	2
nist-pdf-0002	pdf	adaptive	1	647403	2
nist-pdf-0002	pdf	adaptive	2	647403	2
nist-pdf-0002	pdf	adaptive	3	647403	2
nist-pdf-0002	pdf	adaptive	4	647403	2
nist-pdf-0002	pdf	adaptive	5	647403	2
nist-pdf-0002	pdf	hybrid	0	651497	2
nist-pdf-0002	pdf	hybrid	1	655593	2
nist-pdf-0002	pdf	hybrid	2	663785	2
nist-pdf-0002	pdf	hybrid	3	663785	2
nist-pdf-0002	pdf	hybrid	4	671977	2
nist-pdf-0002	pdf	hybrid	5	671977	2
nist-pdf-0002	pdf	hist	0	1134821	2
nist-pdf-0002	pdf	hist	5	1155301	2
nist-pdf-0002	pdf	vole	0	381882	10
nist-pdf-0002	pdf	vole	1	381882	10
nist-pdf-0002	pdf	vole	2	381882	10
nist-pdf-0002	pdf	vole	3	381882	10
nist-pdf-0002	pdf	vole	4	381882	10
nist-pdf-0002	pdf	vole	5	381882	10
nist-pdf-0002	pdf	minimal	0	647402	2
nist-pdf-0002	pdf	fts	0	692454	2
nist-pdf-0002	pdf	structural	0	647405	2
nist-pdf-0002	pdf	structural	1	655597	2
nist-pdf-0002	pdf	full	0	651495	2
nist-pdf-0002	pdf	full	1	655591	2
nist-pdf-0002	pdf	full	2	663783	2
nist-pdf-0002	pdf	full	3	663783	2
nist-pdf-0002	pdf	full	4	671975	2
nist-pdf-0002	pdf	full	5	671975	2
nist-pdf-0002	pdf	adaptive	0	647403	2
nist-pdf-0002	pdf	adaptive	1	647403	2
nist-pdf-0002	pdf	adaptive	2	647403	2
nist-pdf-0002	pdf	adaptive	3	647403	2
nist-pdf-0002	pdf	adaptive	4	647403	2
nist-pdf-0002	pdf	adaptive	5	647403	2
nist-pdf-0002	pdf	hybrid	0	651497	2
nist-pdf-0002	pdf	hybrid	1	655593	2
nist-pdf-0002	pdf	hybrid	2	663785	2
nist-pdf-0002	pdf	hybrid	3	663785	2
nist-pdf-0002	pdf	hybrid	4	671977	2
nist-pdf-0002	pdf	hybrid	5	671977	2
nist-pdf-0002	pdf	hist	0	1134821	2
nist-pdf-0002	pdf	hist	5	1155301	2
nist-pdf-0002	pdf	vole	0	381882	10
nist-pdf-0002	pdf	vole	1	381882	10
nist-pdf-0002	pdf	vole	2	381882	10
nist-pdf-0002	pdf	vole	3	381882	10
nist-pdf-0002	pdf	vole	4	381882	10
nist-pdf-0002	pdf	vole	5	381882	10
nist-pdf-0002	pdf	minimal	0	647402	2
nist-pdf-0002	pdf	fts	0	692454	2
nist-pdf-0002	pdf	structural	0	647405	2
nist-pdf-0002	pdf	structural	1	655597	2
nist-pdf-0002	pdf	full	0	651495	2
nist-pdf-0002	pdf	full	1	655591	2
nist-pdf-0002	pdf	full	2	663783	2
nist-pdf-0002	pdf	full	3	663783	2
nist-pdf-0002	pdf	full	4	671975	2
nist-pdf-0002	pdf	full	5	671975	2
nist-pdf-0002	pdf	adaptive	0	647403	2
nist-pdf-0002	pdf	adaptive	1	647403	2
nist-pdf-0002	pdf	adaptive	2	647403	2
nist-pdf-0002	pdf	adaptive	3	647403	2
nist-pdf-0002	pdf	adaptive	4	647403	2
nist-pdf-0002	pdf	adaptive	5	647403	2
nist-pdf-0002	pdf	hybrid	0	651497	2
nist-pdf-0002	pdf	hybrid	1	655593	2
nist-pdf-0002	pdf	hybrid	2	663785	2
nist-pdf-0002	pdf	hybrid	3	663785	2
nist-pdf-0002	pdf	hybrid	4	671977	2
nist-pdf-0002	pdf	hybrid	5	671977	2
nist-pdf-0002	pdf	hist	0	1134821	2
nist-pdf-0002	pdf	hist	5	1155301	2
nist-pdf-0002	pdf	vole	0	381882	10
nist-pdf-0002	pdf	vole	1	381882	10
nist-pdf-0002	pdf	vole	2	381882	10
nist-pdf-0002	pdf	vole	3	381882	10
nist-pdf-0002	pdf	vole	4	381882	10
nist-pdf-0002	pdf	vole	5	381882	10
nist-pdf-0004	pdf	minimal	0	1687787	2
nist-pdf-0004	pdf	fts	0	1753319	2
nist-pdf-0004	pdf	structural	0	1687790	2
nist-pdf-0004	pdf	structural	1	1695982	2
nist-pdf-0004	pdf	full	0	1691880	2
nist-pdf-0004	pdf	full	1	1695976	2
nist-pdf-0004	pdf	full	2	1704168	2
nist-pdf-0004	pdf	full	3	1704168	2
nist-pdf-0004	pdf	full	4	1712360	2
nist-pdf-0004	pdf	full	5	1712360	2
nist-pdf-0004	pdf	adaptive	0	1687788	2
nist-pdf-0004	pdf	adaptive	1	1687788	2
nist-pdf-0004	pdf	adaptive	2	1687788	2
nist-pdf-0004	pdf	adaptive	3	1687788	2
nist-pdf-0004	pdf	adaptive	4	1687788	2
nist-pdf-0004	pdf	adaptive	5	1687788	2
nist-pdf-0004	pdf	hybrid	0	1691882	2
nist-pdf-0004	pdf	hybrid	1	1695978	2
nist-pdf-0004	pdf	hybrid	2	1704170	2
nist-pdf-0004	pdf	hybrid	3	1704170	2
nist-pdf-0004	pdf	hybrid	4	1712362	2
nist-pdf-0004	pdf	hybrid	5	1712363	2
nist-pdf-0004	pdf	hist	0	2494693	2
nist-pdf-0004	pdf	hist	5	2515173	2
nist-pdf-0004	pdf	vole	0	1216084	10
nist-pdf-0004	pdf	vole	1	1216084	10
nist-pdf-0004	pdf	vole	2	1216084	10
nist-pdf-0004	pdf	vole	3	1216084	10
nist-pdf-0004	pdf	vole	4	1216084	10
nist-pdf-0004	pdf	vole	5	1216084	10
nist-pdf-0004	pdf	minimal	0	1687787	2
nist-pdf-0004	pdf	fts	0	1753319	2
nist-pdf-0004	pdf	structural	0	1687790	2
nist-pdf-0004	pdf	structural	1	1695982	2
nist-pdf-0004	pdf	full	0	1691880	2
nist-pdf-0004	pdf	full	1	1695976	2
nist-pdf-0004	pdf	full	2	1704168	2
nist-pdf-0004	pdf	full	3	1704168	2
nist-pdf-0004	pdf	full	4	1712360	2
nist-pdf-0004	pdf	full	5	1712360	2
nist-pdf-0004	pdf	adaptive	0	1687788	2
nist-pdf-0004	pdf	adaptive	1	1687788	2
nist-pdf-0004	pdf	adaptive	2	1687788	2
nist-pdf-0004	pdf	adaptive	3	1687788	2
nist-pdf-0004	pdf	adaptive	4	1687788	2
nist-pdf-0004	pdf	adaptive	5	1687788	2
nist-pdf-0004	pdf	hybrid	0	1691882	2
nist-pdf-0004	pdf	hybrid	1	1695978	2
nist-pdf-0004	pdf	hybrid	2	1704170	2
nist-pdf-0004	pdf	hybrid	3	1704170	2
nist-pdf-0004	pdf	hybrid	4	1712362	2
nist-pdf-0004	pdf	hybrid	5	1712362	2
nist-pdf-0004	pdf	hist	0	2494693	2
nist-pdf-0004	pdf	hist	5	2515173	2
nist-pdf-0004	pdf	vole	0	1216084	10
nist-pdf-0004	pdf	vole	1	1216084	10
nist-pdf-0004	pdf	vole	2	1216084	10
nist-pdf-0004	pdf	vole	3	1216084	10
nist-pdf-0004	pdf	vole	4	1216084	10
nist-pdf-0004	pdf	vole	5	1216084	10
nist-pdf-0004	pdf	minimal	0	1687787	2
nist-pdf-0004	pdf	fts	0	1753319	2
nist-pdf-0004	pdf	structural	0	1687790	2
nist-pdf-0004	pdf	structural	1	1695982	2
nist-pdf-0004	pdf	full	0	1691880	2
nist-pdf-0004	pdf	full	1	1695976	2
nist-pdf-0004	pdf	full	2	1704168	2
nist-pdf-0004	pdf	full	3	1704168	2
nist-pdf-0004	pdf	full	4	1712360	2
nist-pdf-0004	pdf	full	5	1712360	2
nist-pdf-0004	pdf	adaptive	0	1687788	2
nist-pdf-0004	pdf	adaptive	1	1687788	2
nist-pdf-0004	pdf	adaptive	2	1687788	2
nist-pdf-0004	pdf	adaptive	3	1687788	2
nist-pdf-0004	pdf	adaptive	4	1687788	2
nist-pdf-0004	pdf	adaptive	5	1687788	2
nist-pdf-0004	pdf	hybrid	0	1691882	2
nist-pdf-0004	pdf	hybrid	1	1695978	2
nist-pdf-0004	pdf	hybrid	2	1704170	2
nist-pdf-0004	pdf	hybrid	3	1704170	2
nist-pdf-0004	pdf	hybrid	4	1712362	2
nist-pdf-0004	pdf	hybrid	5	1712362	2
nist-pdf-0004	pdf	hist	0	2494693	2
nist-pdf-0004	pdf	hist	5	2515173	2
nist-pdf-0004	pdf	vole	0	1216084	10
nist-pdf-0004	pdf	vole	1	1216084	10
nist-pdf-0004	pdf	vole	2	1216084	10
nist-pdf-0004	pdf	vole	3	1216084	10
nist-pdf-0004	pdf	vole	4	1216084	10
nist-pdf-0004	pdf	vole	5	1216084	10
nist-pdf-0004	pdf	minimal	0	1687787	2
nist-pdf-0004	pdf	fts	0	1753319	2
nist-pdf-0004	pdf	structural	0	1687790	2
nist-pdf-0004	pdf	structural	1	1695982	2
nist-pdf-0004	pdf	full	0	1691880	2
nist-pdf-0004	pdf	full	1	1695976	2
nist-pdf-0004	pdf	full	2	1704168	2
nist-pdf-0004	pdf	full	3	1704168	2
nist-pdf-0004	pdf	full	4	1712360	2
nist-pdf-0004	pdf	full	5	1712360	2
nist-pdf-0004	pdf	adaptive	0	1687788	2
nist-pdf-0004	pdf	adaptive	1	1687788	2
nist-pdf-0004	pdf	adaptive	2	1687788	2
nist-pdf-0004	pdf	adaptive	3	1687788	2
nist-pdf-0004	pdf	adaptive	4	1687788	2
nist-pdf-0004	pdf	adaptive	5	1687788	2
nist-pdf-0004	pdf	hybrid	0	1691882	2
nist-pdf-0004	pdf	hybrid	1	1695978	2
nist-pdf-0004	pdf	hybrid	2	1704170	2
nist-pdf-0004	pdf	hybrid	3	1704170	2
nist-pdf-0004	pdf	hybrid	4	1712362	2
nist-pdf-0004	pdf	hybrid	5	1712362	2
nist-pdf-0004	pdf	hist	0	2494693	2
nist-pdf-0004	pdf	hist	5	2515173	2
nist-pdf-0004	pdf	vole	0	1216084	10
nist-pdf-0004	pdf	vole	1	1216084	10
nist-pdf-0004	pdf	vole	2	1216084	10
nist-pdf-0004	pdf	vole	3	1216084	10
nist-pdf-0004	pdf	vole	4	1216084	10
nist-pdf-0004	pdf	vole	5	1216084	10
nist-pdf-0004	pdf	minimal	0	1687787	2
nist-pdf-0004	pdf	fts	0	1753319	2
nist-pdf-0004	pdf	structural	0	1687790	2
nist-pdf-0004	pdf	structural	1	1695982	2
nist-pdf-0004	pdf	full	0	1691880	2
nist-pdf-0004	pdf	full	1	1695976	2
nist-pdf-0004	pdf	full	2	1704168	2
nist-pdf-0004	pdf	full	3	1704168	2
nist-pdf-0004	pdf	full	4	1712360	2
nist-pdf-0004	pdf	full	5	1712360	2
nist-pdf-0004	pdf	adaptive	0	1687788	2
nist-pdf-0004	pdf	adaptive	1	1687788	2
nist-pdf-0004	pdf	adaptive	2	1687788	2
nist-pdf-0004	pdf	adaptive	3	1687788	2
nist-pdf-0004	pdf	adaptive	4	1687788	2
nist-pdf-0004	pdf	adaptive	5	1687788	2
nist-pdf-0004	pdf	hybrid	0	1691882	2
nist-pdf-0004	pdf	hybrid	1	1695978	2
nist-pdf-0004	pdf	hybrid	2	1704170	2
nist-pdf-0004	pdf	hybrid	3	1704170	2
nist-pdf-0004	pdf	hybrid	4	1712362	2
nist-pdf-0004	pdf	hybrid	5	1712362	2
nist-pdf-0004	pdf	hist	0	2494693	2
nist-pdf-0004	pdf	hist	5	2515173	2
nist-pdf-0004	pdf	vole	0	1216084	10
nist-pdf-0004	pdf	vole	1	1216084	10
nist-pdf-0004	pdf	vole	2	1216084	10
nist-pdf-0004	pdf	vole	3	1216084	10
nist-pdf-0004	pdf	vole	4	1216084	10
nist-pdf-0004	pdf	vole	5	1216084	10
nist-pdf-0004	pdf	minimal	0	1687787	2
nist-pdf-0004	pdf	fts	0	1753319	2
nist-pdf-0004	pdf	structural	0	1687790	2
nist-pdf-0004	pdf	structural	1	1695982	2
nist-pdf-0004	pdf	full	0	1691880	2
nist-pdf-0004	pdf	full	1	1695976	2
nist-pdf-0004	pdf	full	2	1704168	2
nist-pdf-0004	pdf	full	3	1704168	2
nist-pdf-0004	pdf	full	4	1712360	2
nist-pdf-0004	pdf	full	5	1712360	2
nist-pdf-0004	pdf	adaptive	0	1687788	2
nist-pdf-0004	pdf	adaptive	1	1687788	2
nist-pdf-0004	pdf	adaptive	2	1687788	2
nist-pdf-0004	pdf	adaptive	3	1687788	2
nist-pdf-0004	pdf	adaptive	4	1687788	2
nist-pdf-0004	pdf	adaptive	5	1687788	2
nist-pdf-0004	pdf	hybrid	0	1691882	2
nist-pdf-0004	pdf	hybrid	1	1695978	2
nist-pdf-0004	pdf	hybrid	2	1704170	2
nist-pdf-0004	pdf	hybrid	3	1704170	2
nist-pdf-0004	pdf	hybrid	4	1712362	2
nist-pdf-0004	pdf	hybrid	5	1712362	2
nist-pdf-0004	pdf	hist	0	2494693	2
nist-pdf-0004	pdf	hist	5	2515173	2
nist-pdf-0004	pdf	vole	0	1216084	10
nist-pdf-0004	pdf	vole	1	1216084	10
nist-pdf-0004	pdf	vole	2	1216084	10
nist-pdf-0004	pdf	vole	3	1216084	10
nist-pdf-0004	pdf	vole	4	1216084	10
nist-pdf-0004	pdf	vole	5	1216084	10
nist-pdf-0004	pdf	minimal	0	1687787	2
nist-pdf-0004	pdf	fts	0	1753319	2
nist-pdf-0004	pdf	structural	0	1687790	2
nist-pdf-0004	pdf	structural	1	1695982	2
nist-pdf-0004	pdf	full	0	1691880	2
nist-pdf-0004	pdf	full	1	1695976	2
nist-pdf-0004	pdf	full	2	1704168	2
nist-pdf-0004	pdf	full	3	1704168	2
nist-pdf-0004	pdf	full	4	1712360	2
nist-pdf-0004	pdf	full	5	1712360	2
nist-pdf-0004	pdf	adaptive	0	1687788	2
nist-pdf-0004	pdf	adaptive	1	1687788	2
nist-pdf-0004	pdf	adaptive	2	1687788	2
nist-pdf-0004	pdf	adaptive	3	1687788	2
nist-pdf-0004	pdf	adaptive	4	1687788	2
nist-pdf-0004	pdf	adaptive	5	1687788	2
nist-pdf-0004	pdf	hybrid	0	1691882	2
nist-pdf-0004	pdf	hybrid	1	1695978	2
nist-pdf-0004	pdf	hybrid	2	1704170	2
nist-pdf-0004	pdf	hybrid	3	1704170	2
nist-pdf-0004	pdf	hybrid	4	1712362	2
nist-pdf-0004	pdf	hybrid	5	1712362	2
nist-pdf-0004	pdf	hist	0	2494693	2
nist-pdf-0004	pdf	hist	5	2515173	2
nist-pdf-0004	pdf	vole	0	1216084	10
nist-pdf-0004	pdf	vole	1	1216084	10
nist-pdf-0004	pdf	vole	2	1216084	10
nist-pdf-0004	pdf	vole	3	1216084	10
nist-pdf-0004	pdf	vole	4	1216084	10
nist-pdf-0004	pdf	vole	5	1216084	10
nist-pdf-0004	pdf	minimal	0	1687787	2
nist-pdf-0004	pdf	fts	0	1753319	2
nist-pdf-0004	pdf	structural	0	1687790	2
nist-pdf-0004	pdf	structural	1	1695982	2
nist-pdf-0004	pdf	full	0	1691880	2
nist-pdf-0004	pdf	full	1	1695976	2
nist-pdf-0004	pdf	full	2	1704168	2
nist-pdf-0004	pdf	full	3	1704168	2
nist-pdf-0004	pdf	full	4	1712360	2
nist-pdf-0004	pdf	full	5	1712360	2
nist-pdf-0004	pdf	adaptive	0	1687788	2
nist-pdf-0004	pdf	adaptive	1	1687788	2
nist-pdf-0004	pdf	adaptive	2	1687788	2
nist-pdf-0004	pdf	adaptive	3	1687788	2
nist-pdf-0004	pdf	adaptive	4	1687788	2
nist-pdf-0004	pdf	adaptive	5	1687788	2
nist-pdf-0004	pdf	hybrid	0	1691882	2
nist-pdf-0004	pdf	hybrid	1	1695978	2
nist-pdf-0004	pdf	hybrid	2	1704170	2
nist-pdf-0004	pdf	hybrid	3	1704170	2
nist-pdf-0004	pdf	hybrid	4	1712362	2
nist-pdf-0004	pdf	hybrid	5	1712362	2
nist-pdf-0004	pdf	hist	0	2494693	2
nist-pdf-0004	pdf	hist	5	2515173	2
nist-pdf-0004	pdf	vole	0	1216084	10
nist-pdf-0004	pdf	vole	1	1216084	10
nist-pdf-0004	pdf	vole	2	1216084	10
nist-pdf-0004	pdf	vole	3	1216084	10
nist-pdf-0004	pdf	vole	4	1216084	10
nist-pdf-0004	pdf	vole	5	1216084	10
nist-pdf-0004	pdf	minimal	0	1687787	2
nist-pdf-0004	pdf	fts	0	1753319	2
nist-pdf-0004	pdf	structural	0	1687790	2
nist-pdf-0004	pdf	structural	1	1695982	2
nist-pdf-0004	pdf	full	0	1691880	2
nist-pdf-0004	pdf	full	1	1695976	2
nist-pdf-0004	pdf	full	2	1704168	2
nist-pdf-0004	pdf	full	3	1704168	2
nist-pdf-0004	pdf	full	4	1712360	2
nist-pdf-0004	pdf	full	5	1712360	2
nist-pdf-0004	pdf	adaptive	0	1687788	2
nist-pdf-0004	pdf	adaptive	1	1687788	2
nist-pdf-0004	pdf	adaptive	2	1687788	2
nist-pdf-0004	pdf	adaptive	3	1687788	2
nist-pdf-0004	pdf	adaptive	4	1687788	2
nist-pdf-0004	pdf	adaptive	5	1687788	2
nist-pdf-0004	pdf	hybrid	0	1691882	2
nist-pdf-0004	pdf	hybrid	1	1695978	2
nist-pdf-0004	pdf	hybrid	2	1704170	2
nist-pdf-0004	pdf	hybrid	3	1704170	2
nist-pdf-0004	pdf	hybrid	4	1712362	2
nist-pdf-0004	pdf	hybrid	5	1712362	2
nist-pdf-0004	pdf	hist	0	2494693	2
nist-pdf-0004	pdf	hist	5	2515173	2
nist-pdf-0004	pdf	vole	0	1216084	10
nist-pdf-0004	pdf	vole	1	1216084	10
nist-pdf-0004	pdf	vole	2	1216084	10
nist-pdf-0004	pdf	vole	3	1216084	10
nist-pdf-0004	pdf	vole	4	1216084	10
nist-pdf-0004	pdf	vole	5	1216084	10
nist-pdf-0004	pdf	minimal	0	1687787	2
nist-pdf-0004	pdf	fts	0	1753319	2
nist-pdf-0004	pdf	structural	0	1687790	2
nist-pdf-0004	pdf	structural	1	1695982	2
nist-pdf-0004	pdf	full	0	1691880	2
nist-pdf-0004	pdf	full	1	1695976	2
nist-pdf-0004	pdf	full	2	1704168	2
nist-pdf-0004	pdf	full	3	1704168	2
nist-pdf-0004	pdf	full	4	1712360	2
nist-pdf-0004	pdf	full	5	1712360	2
nist-pdf-0004	pdf	adaptive	0	1687788	2
nist-pdf-0004	pdf	adaptive	1	1687788	2
nist-pdf-0004	pdf	adaptive	2	1687788	2
nist-pdf-0004	pdf	adaptive	3	1687788	2
nist-pdf-0004	pdf	adaptive	4	1687788	2
nist-pdf-0004	pdf	adaptive	5	1687788	2
nist-pdf-0004	pdf	hybrid	0	1691882	2
nist-pdf-0004	pdf	hybrid	1	1695978	2
nist-pdf-0004	pdf	hybrid	2	1704170	2
nist-pdf-0004	pdf	hybrid	3	1704170	2
nist-pdf-0004	pdf	hybrid	4	1712362	2
nist-pdf-0004	pdf	hybrid	5	1712362	2
nist-pdf-0004	pdf	hist	0	2494693	2
nist-pdf-0004	pdf	hist	5	2515173	2
nist-pdf-0004	pdf	vole	0	1216084	10
nist-pdf-0004	pdf	vole	1	1216084	10
nist-pdf-0004	pdf	vole	2	1216084	10
nist-pdf-0004	pdf	vole	3	1216084	10
nist-pdf-0004	pdf	vole	4	1216084	10
nist-pdf-0004	pdf	vole	5	1216084	10
nist-pdf-0016	pdf	minimal	0	393449	2
nist-pdf-0016	pdf	fts	0	413925	2
nist-pdf-0016	pdf	structural	0	393452	2
nist-pdf-0016	pdf	structural	1	401644	2
nist-pdf-0016	pdf	full	0	397542	2
nist-pdf-0016	pdf	full	1	401638	2
nist-pdf-0016	pdf	full	2	409830	2
nist-pdf-0016	pdf	full	3	409830	2
nist-pdf-0016	pdf	full	4	418022	2
nist-pdf-0016	pdf	full	5	418022	2
nist-pdf-0016	pdf	adaptive	0	393450	2
nist-pdf-0016	pdf	adaptive	1	393450	2
nist-pdf-0016	pdf	adaptive	2	393450	2
nist-pdf-0016	pdf	adaptive	3	393450	2
nist-pdf-0016	pdf	adaptive	4	393450	2
nist-pdf-0016	pdf	adaptive	5	393450	2
nist-pdf-0016	pdf	hybrid	0	397544	2
nist-pdf-0016	pdf	hybrid	1	401640	2
nist-pdf-0016	pdf	hybrid	2	409832	2
nist-pdf-0016	pdf	hybrid	3	409832	2
nist-pdf-0016	pdf	hybrid	4	418024	2
nist-pdf-0016	pdf	hybrid	5	418024	2
nist-pdf-0016	pdf	hist	0	512227	2
nist-pdf-0016	pdf	hist	5	532707	2
nist-pdf-0016	pdf	vole	0	345470	8
nist-pdf-0016	pdf	vole	1	345470	8
nist-pdf-0016	pdf	vole	2	345470	8
nist-pdf-0016	pdf	vole	3	345470	8
nist-pdf-0016	pdf	vole	4	345470	8
nist-pdf-0016	pdf	vole	5	345470	8
nist-pdf-0016	pdf	minimal	0	393449	2
nist-pdf-0016	pdf	fts	0	413925	2
nist-pdf-0016	pdf	structural	0	393452	2
nist-pdf-0016	pdf	structural	1	401644	2
nist-pdf-0016	pdf	full	0	397542	2
nist-pdf-0016	pdf	full	1	401638	2
nist-pdf-0016	pdf	full	2	409830	2
nist-pdf-0016	pdf	full	3	409830	2
nist-pdf-0016	pdf	full	4	418022	2
nist-pdf-0016	pdf	full	5	418022	2
nist-pdf-0016	pdf	adaptive	0	393450	2
nist-pdf-0016	pdf	adaptive	1	393450	2
nist-pdf-0016	pdf	adaptive	2	393450	2
nist-pdf-0016	pdf	adaptive	3	393450	2
nist-pdf-0016	pdf	adaptive	4	393450	2
nist-pdf-0016	pdf	adaptive	5	393450	2
nist-pdf-0016	pdf	hybrid	0	397544	2
nist-pdf-0016	pdf	hybrid	1	401640	2
nist-pdf-0016	pdf	hybrid	2	409832	2
nist-pdf-0016	pdf	hybrid	3	409832	2
nist-pdf-0016	pdf	hybrid	4	418024	2
nist-pdf-0016	pdf	hybrid	5	418024	2
nist-pdf-0016	pdf	hist	0	512227	2
nist-pdf-0016	pdf	hist	5	532707	2
nist-pdf-0016	pdf	vole	0	345470	8
nist-pdf-0016	pdf	vole	1	345470	8
nist-pdf-0016	pdf	vole	2	345470	8
nist-pdf-0016	pdf	vole	3	345470	8
nist-pdf-0016	pdf	vole	4	345470	8
nist-pdf-0016	pdf	vole	5	345470	8
nist-pdf-0016	pdf	minimal	0	393449	2
nist-pdf-0016	pdf	fts	0	413925	2
nist-pdf-0016	pdf	structural	0	393452	2
nist-pdf-0016	pdf	structural	1	401644	2
nist-pdf-0016	pdf	full	0	397542	2
nist-pdf-0016	pdf	full	1	401638	2
nist-pdf-0016	pdf	full	2	409830	2
nist-pdf-0016	pdf	full	3	409830	2
nist-pdf-0016	pdf	full	4	418022	2
nist-pdf-0016	pdf	full	5	418022	2
nist-pdf-0016	pdf	adaptive	0	393450	2
nist-pdf-0016	pdf	adaptive	1	393450	2
nist-pdf-0016	pdf	adaptive	2	393450	2
nist-pdf-0016	pdf	adaptive	3	393450	2
nist-pdf-0016	pdf	adaptive	4	393450	2
nist-pdf-0016	pdf	adaptive	5	393450	2
nist-pdf-0016	pdf	hybrid	0	397544	2
nist-pdf-0016	pdf	hybrid	1	401640	2
nist-pdf-0016	pdf	hybrid	2	409832	2
nist-pdf-0016	pdf	hybrid	3	409832	2
nist-pdf-0016	pdf	hybrid	4	418024	2
nist-pdf-0016	pdf	hybrid	5	418024	2
nist-pdf-0016	pdf	hist	0	512227	2
nist-pdf-0016	pdf	hist	5	532707	2
nist-pdf-0016	pdf	vole	0	345470	8
nist-pdf-0016	pdf	vole	1	345470	8
nist-pdf-0016	pdf	vole	2	345470	8
nist-pdf-0016	pdf	vole	3	345470	8
nist-pdf-0016	pdf	vole	4	345470	8
nist-pdf-0016	pdf	vole	5	345470	8
nist-pdf-0016	pdf	minimal	0	393449	2
nist-pdf-0016	pdf	fts	0	413925	2
nist-pdf-0016	pdf	structural	0	393452	2
nist-pdf-0016	pdf	structural	1	401644	2
nist-pdf-0016	pdf	full	0	397542	2
nist-pdf-0016	pdf	full	1	401638	2
nist-pdf-0016	pdf	full	2	409830	2
nist-pdf-0016	pdf	full	3	409830	2
nist-pdf-0016	pdf	full	4	418022	2
nist-pdf-0016	pdf	full	5	418022	2
nist-pdf-0016	pdf	adaptive	0	393450	2
nist-pdf-0016	pdf	adaptive	1	393450	2
nist-pdf-0016	pdf	adaptive	2	393450	2
nist-pdf-0016	pdf	adaptive	3	393450	2
nist-pdf-0016	pdf	adaptive	4	393450	2
nist-pdf-0016	pdf	adaptive	5	393450	2
nist-pdf-0016	pdf	hybrid	0	397544	2
nist-pdf-0016	pdf	hybrid	1	401640	2
nist-pdf-0016	pdf	hybrid	2	409832	2
nist-pdf-0016	pdf	hybrid	3	409832	2
nist-pdf-0016	pdf	hybrid	4	418024	2
nist-pdf-0016	pdf	hybrid	5	418024	2
nist-pdf-0016	pdf	hist	0	512227	2
nist-pdf-0016	pdf	hist	5	532707	2
nist-pdf-0016	pdf	vole	0	345470	8
nist-pdf-0016	pdf	vole	1	345470	8
nist-pdf-0016	pdf	vole	2	345470	8
nist-pdf-0016	pdf	vole	3	345470	8
nist-pdf-0016	pdf	vole	4	345470	8
nist-pdf-0016	pdf	vole	5	345470	8
nist-pdf-0016	pdf	minimal	0	393449	2
nist-pdf-0016	pdf	fts	0	413925	2
nist-pdf-0016	pdf	structural	0	393452	2
nist-pdf-0016	pdf	structural	1	401644	2
nist-pdf-0016	pdf	full	0	397542	2
nist-pdf-0016	pdf	full	1	401638	2
nist-pdf-0016	pdf	full	2	409830	2
nist-pdf-0016	pdf	full	3	409830	2
nist-pdf-0016	pdf	full	4	418022	2
nist-pdf-0016	pdf	full	5	418022	2
nist-pdf-0016	pdf	adaptive	0	393450	2
nist-pdf-0016	pdf	adaptive	1	393450	2
nist-pdf-0016	pdf	adaptive	2	393450	2
nist-pdf-0016	pdf	adaptive	3	393450	2
nist-pdf-0016	pdf	adaptive	4	393450	2
nist-pdf-0016	pdf	adaptive	5	393450	2
nist-pdf-0016	pdf	hybrid	0	397544	2
nist-pdf-0016	pdf	hybrid	1	401640	2
nist-pdf-0016	pdf	hybrid	2	409832	2
nist-pdf-0016	pdf	hybrid	3	409832	2
nist-pdf-0016	pdf	hybrid	4	418024	2
nist-pdf-0016	pdf	hybrid	5	418024	2
nist-pdf-0016	pdf	hist	0	512227	2
nist-pdf-0016	pdf	hist	5	532707	2
nist-pdf-0016	pdf	vole	0	345470	8
nist-pdf-0016	pdf	vole	1	345470	8
nist-pdf-0016	pdf	vole	2	345470	8
nist-pdf-0016	pdf	vole	3	345470	8
nist-pdf-0016	pdf	vole	4	345470	8
nist-pdf-0016	pdf	vole	5	345470	8
nist-pdf-0016	pdf	minimal	0	393449	2
nist-pdf-0016	pdf	fts	0	413925	2
nist-pdf-0016	pdf	structural	0	393452	2
nist-pdf-0016	pdf	structural	1	401644	2
nist-pdf-0016	pdf	full	0	397542	2
nist-pdf-0016	pdf	full	1	401638	2
nist-pdf-0016	pdf	full	2	409830	2
nist-pdf-0016	pdf	full	3	409830	2
nist-pdf-0016	pdf	full	4	418022	2
nist-pdf-0016	pdf	full	5	418022	2
nist-pdf-0016	pdf	adaptive	0	393450	2
nist-pdf-0016	pdf	adaptive	1	393450	2
nist-pdf-0016	pdf	adaptive	2	393450	2
nist-pdf-0016	pdf	adaptive	3	393450	2
nist-pdf-0016	pdf	adaptive	4	393450	2
nist-pdf-0016	pdf	adaptive	5	393450	2
nist-pdf-0016	pdf	hybrid	0	397544	2
nist-pdf-0016	pdf	hybrid	1	401640	2
nist-pdf-0016	pdf	hybrid	2	409832	2
nist-pdf-0016	pdf	hybrid	3	409832	2
nist-pdf-0016	pdf	hybrid	4	418024	2
nist-pdf-0016	pdf	hybrid	5	418024	2
nist-pdf-0016	pdf	hist	0	512227	2
nist-pdf-0016	pdf	hist	5	532707	2
nist-pdf-0016	pdf	vole	0	345470	8
nist-pdf-0016	pdf	vole	1	345470	8
nist-pdf-0016	pdf	vole	2	345470	8
nist-pdf-0016	pdf	vole	3	345470	8
nist-pdf-0016	pdf	vole	4	345470	8
nist-pdf-0016	pdf	vole	5	345470	8
nist-pdf-0016	pdf	minimal	0	393449	2
nist-pdf-0016	pdf	fts	0	413925	2
nist-pdf-0016	pdf	structural	0	393452	2
nist-pdf-0016	pdf	structural	1	401644	2
nist-pdf-0016	pdf	full	0	397542	2
nist-pdf-0016	pdf	full	1	401638	2
nist-pdf-0016	pdf	full	2	409830	2
nist-pdf-0016	pdf	full	3	409830	2
nist-pdf-0016	pdf	full	4	418022	2
nist-pdf-0016	pdf	full	5	418022	2
nist-pdf-0016	pdf	adaptive	0	393450	2
nist-pdf-0016	pdf	adaptive	1	393450	2
nist-pdf-0016	pdf	adaptive	2	393450	2
nist-pdf-0016	pdf	adaptive	3	393450	2
nist-pdf-0016	pdf	adaptive	4	393450	2
nist-pdf-0016	pdf	adaptive	5	393450	2
nist-pdf-0016	pdf	hybrid	0	397544	2
nist-pdf-0016	pdf	hybrid	1	401640	2
nist-pdf-0016	pdf	hybrid	2	409832	2
nist-pdf-0016	pdf	hybrid	3	409832	2
nist-pdf-0016	pdf	hybrid	4	418024	2
nist-pdf-0016	pdf	hybrid	5	418024	2
nist-pdf-0016	pdf	hist	0	512227	2
nist-pdf-0016	pdf	hist	5	532707	2
nist-pdf-0016	pdf	vole	0	345470	8
nist-pdf-0016	pdf	vole	1	345470	8
nist-pdf-0016	pdf	vole	2	345470	8
nist-pdf-0016	pdf	vole	3	345470	8
nist-pdf-0016	pdf	vole	4	345470	8
nist-pdf-0016	pdf	vole	5	345470	8
nist-pdf-0016	pdf	minimal	0	393449	2
nist-pdf-0016	pdf	fts	0	413925	2
nist-pdf-0016	pdf	structural	0	393452	2
nist-pdf-0016	pdf	structural	1	401644	2
nist-pdf-0016	pdf	full	0	397542	2
nist-pdf-0016	pdf	full	1	401638	2
nist-pdf-0016	pdf	full	2	409830	2
nist-pdf-0016	pdf	full	3	409830	2
nist-pdf-0016	pdf	full	4	418022	2
nist-pdf-0016	pdf	full	5	418022	2
nist-pdf-0016	pdf	adaptive	0	393450	2
nist-pdf-0016	pdf	adaptive	1	393450	2
nist-pdf-0016	pdf	adaptive	2	393450	2
nist-pdf-0016	pdf	adaptive	3	393450	2
nist-pdf-0016	pdf	adaptive	4	393450	2
nist-pdf-0016	pdf	adaptive	5	393450	2
nist-pdf-0016	pdf	hybrid	0	397544	2
nist-pdf-0016	pdf	hybrid	1	401640	2
nist-pdf-0016	pdf	hybrid	2	409832	2
nist-pdf-0016	pdf	hybrid	3	409832	2
nist-pdf-0016	pdf	hybrid	4	418024	2
nist-pdf-0016	pdf	hybrid	5	418024	2
nist-pdf-0016	pdf	hist	0	512227	2
nist-pdf-0016	pdf	hist	5	532707	2
nist-pdf-0016	pdf	vole	0	345470	8
nist-pdf-0016	pdf	vole	1	345470	8
nist-pdf-0016	pdf	vole	2	345470	8
nist-pdf-0016	pdf	vole	3	345470	8
nist-pdf-0016	pdf	vole	4	345470	8
nist-pdf-0016	pdf	vole	5	345470	8
nist-pdf-0016	pdf	minimal	0	393449	2
nist-pdf-0016	pdf	fts	0	413925	2
nist-pdf-0016	pdf	structural	0	393452	2
nist-pdf-0016	pdf	structural	1	401644	2
nist-pdf-0016	pdf	full	0	397542	2
nist-pdf-0016	pdf	full	1	401638	2
nist-pdf-0016	pdf	full	2	409830	2
nist-pdf-0016	pdf	full	3	409830	2
nist-pdf-0016	pdf	full	4	418022	2
nist-pdf-0016	pdf	full	5	418022	2
nist-pdf-0016	pdf	adaptive	0	393450	2
nist-pdf-0016	pdf	adaptive	1	393450	2
nist-pdf-0016	pdf	adaptive	2	393450	2
nist-pdf-0016	pdf	adaptive	3	393450	2
nist-pdf-0016	pdf	adaptive	4	393450	2
nist-pdf-0016	pdf	adaptive	5	393450	2
nist-pdf-0016	pdf	hybrid	0	397544	2
nist-pdf-0016	pdf	hybrid	1	401640	2
nist-pdf-0016	pdf	hybrid	2	409832	2
nist-pdf-0016	pdf	hybrid	3	409832	2
nist-pdf-0016	pdf	hybrid	4	418024	2
nist-pdf-0016	pdf	hybrid	5	418024	2
nist-pdf-0016	pdf	hist	0	512227	2
nist-pdf-0016	pdf	hist	5	532707	2
nist-pdf-0016	pdf	vole	0	345470	8
nist-pdf-0016	pdf	vole	1	345470	8
nist-pdf-0016	pdf	vole	2	345470	8
nist-pdf-0016	pdf	vole	3	345470	8
nist-pdf-0016	pdf	vole	4	345470	8
nist-pdf-0016	pdf	vole	5	345470	8
nist-pdf-0016	pdf	minimal	0	393449	2
nist-pdf-0016	pdf	fts	0	413925	2
nist-pdf-0016	pdf	structural	0	393452	2
nist-pdf-0016	pdf	structural	1	401644	2
nist-pdf-0016	pdf	full	0	397542	2
nist-pdf-0016	pdf	full	1	401638	2
nist-pdf-0016	pdf	full	2	409830	2
nist-pdf-0016	pdf	full	3	409830	2
nist-pdf-0016	pdf	full	4	418022	2
nist-pdf-0016	pdf	full	5	418022	2
nist-pdf-0016	pdf	adaptive	0	393450	2
nist-pdf-0016	pdf	adaptive	1	393450	2
nist-pdf-0016	pdf	adaptive	2	393450	2
nist-pdf-0016	pdf	adaptive	3	393450	2
nist-pdf-0016	pdf	adaptive	4	393450	2
nist-pdf-0016	pdf	adaptive	5	393450	2
nist-pdf-0016	pdf	hybrid	0	397544	2
nist-pdf-0016	pdf	hybrid	1	401640	2
nist-pdf-0016	pdf	hybrid	2	409832	2
nist-pdf-0016	pdf	hybrid	3	409832	2
nist-pdf-0016	pdf	hybrid	4	418024	2
nist-pdf-0016	pdf	hybrid	5	418024	2
nist-pdf-0016	pdf	hist	0	512227	2
nist-pdf-0016	pdf	hist	5	532707	2
nist-pdf-0016	pdf	vole	0	345470	8
nist-pdf-0016	pdf	vole	1	345470	8
nist-pdf-0016	pdf	vole	2	345470	8
nist-pdf-0016	pdf	vole	3	345470	8
nist-pdf-0016	pdf	vole	4	345470	8
nist-pdf-0016	pdf	vole	5	345470	8
nist-pdf-0017	pdf	minimal	0	1941739	2
nist-pdf-0017	pdf	fts	0	1982695	2
nist-pdf-0017	pdf	structural	0	1941742	2
nist-pdf-0017	pdf	structural	1	1949934	2
nist-pdf-0017	pdf	full	0	1945832	2
nist-pdf-0017	pdf	full	1	1949928	2
nist-pdf-0017	pdf	full	2	1958120	2
nist-pdf-0017	pdf	full	3	1958120	2
nist-pdf-0017	pdf	full	4	1966312	2
nist-pdf-0017	pdf	full	5	1966312	2
nist-pdf-0017	pdf	adaptive	0	1941740	2
nist-pdf-0017	pdf	adaptive	1	1941740	2
nist-pdf-0017	pdf	adaptive	2	1941740	2
nist-pdf-0017	pdf	adaptive	3	1941740	2
nist-pdf-0017	pdf	adaptive	4	1941740	2
nist-pdf-0017	pdf	adaptive	5	1941740	2
nist-pdf-0017	pdf	hybrid	0	1945834	2
nist-pdf-0017	pdf	hybrid	1	1949930	2
nist-pdf-0017	pdf	hybrid	2	1958122	2
nist-pdf-0017	pdf	hybrid	3	1958122	2
nist-pdf-0017	pdf	hybrid	4	1966314	2
nist-pdf-0017	pdf	hybrid	5	1966314	2
nist-pdf-0017	pdf	hist	0	2506981	2
nist-pdf-0017	pdf	hist	5	2527461	2
nist-pdf-0017	pdf	vole	0	2841174	52
nist-pdf-0017	pdf	vole	1	2841174	52
nist-pdf-0017	pdf	vole	2	2841174	52
nist-pdf-0017	pdf	vole	3	2841174	52
nist-pdf-0017	pdf	vole	4	2841174	52
nist-pdf-0017	pdf	vole	5	2841174	52
nist-pdf-0017	pdf	minimal	0	1941739	2
nist-pdf-0017	pdf	fts	0	1982695	2
nist-pdf-0017	pdf	structural	0	1941742	2
nist-pdf-0017	pdf	structural	1	1949934	2
nist-pdf-0017	pdf	full	0	1945832	2
nist-pdf-0017	pdf	full	1	1949928	2
nist-pdf-0017	pdf	full	2	1958121	2
nist-pdf-0017	pdf	full	3	1958120	2
nist-pdf-0017	pdf	full	4	1966312	2
nist-pdf-0017	pdf	full	5	1966312	2
nist-pdf-0017	pdf	adaptive	0	1941740	2
nist-pdf-0017	pdf	adaptive	1	1941740	2
nist-pdf-0017	pdf	adaptive	2	1941740	2
nist-pdf-0017	pdf	adaptive	3	1941740	2
nist-pdf-0017	pdf	adaptive	4	1941740	2
nist-pdf-0017	pdf	adaptive	5	1941740	2
nist-pdf-0017	pdf	hybrid	0	1945834	2
nist-pdf-0017	pdf	hybrid	1	1949930	2
nist-pdf-0017	pdf	hybrid	2	1958122	2
nist-pdf-0017	pdf	hybrid	3	1958122	2
nist-pdf-0017	pdf	hybrid	4	1966314	2
nist-pdf-0017	pdf	hybrid	5	1966314	2
nist-pdf-0017	pdf	hist	0	2506981	2
nist-pdf-0017	pdf	hist	5	2527461	2
nist-pdf-0017	pdf	vole	0	2841174	52
nist-pdf-0017	pdf	vole	1	2841174	52
nist-pdf-0017	pdf	vole	2	2841174	52
nist-pdf-0017	pdf	vole	3	2841174	52
nist-pdf-0017	pdf	vole	4	2841174	52
nist-pdf-0017	pdf	vole	5	2841174	52
nist-pdf-0017	pdf	minimal	0	1941739	2
nist-pdf-0017	pdf	fts	0	1982695	2
nist-pdf-0017	pdf	structural	0	1941742	2
nist-pdf-0017	pdf	structural	1	1949934	2
nist-pdf-0017	pdf	full	0	1945832	2
nist-pdf-0017	pdf	full	1	1949928	2
nist-pdf-0017	pdf	full	2	1958120	2
nist-pdf-0017	pdf	full	3	1958120	2
nist-pdf-0017	pdf	full	4	1966312	2
nist-pdf-0017	pdf	full	5	1966312	2
nist-pdf-0017	pdf	adaptive	0	1941740	2
nist-pdf-0017	pdf	adaptive	1	1941740	2
nist-pdf-0017	pdf	adaptive	2	1941740	2
nist-pdf-0017	pdf	adaptive	3	1941740	2
nist-pdf-0017	pdf	adaptive	4	1941740	2
nist-pdf-0017	pdf	adaptive	5	1941741	2
nist-pdf-0017	pdf	hybrid	0	1945834	2
nist-pdf-0017	pdf	hybrid	1	1949930	2
nist-pdf-0017	pdf	hybrid	2	1958122	2
nist-pdf-0017	pdf	hybrid	3	1958122	2
nist-pdf-0017	pdf	hybrid	4	1966314	2
nist-pdf-0017	pdf	hybrid	5	1966314	2
nist-pdf-0017	pdf	hist	0	2506981	2
nist-pdf-0017	pdf	hist	5	2527461	2
nist-pdf-0017	pdf	vole	0	2841174	52
nist-pdf-0017	pdf	vole	1	2841174	52
nist-pdf-0017	pdf	vole	2	2841174	52
nist-pdf-0017	pdf	vole	3	2841174	52
nist-pdf-0017	pdf	vole	4	2841174	52
nist-pdf-0017	pdf	vole	5	2841174	52
nist-pdf-0017	pdf	minimal	0	1941739	2
nist-pdf-0017	pdf	fts	0	1982695	2
nist-pdf-0017	pdf	structural	0	1941742	2
nist-pdf-0017	pdf	structural	1	1949934	2
nist-pdf-0017	pdf	full	0	1945832	2
nist-pdf-0017	pdf	full	1	1949928	2
nist-pdf-0017	pdf	full	2	1958120	2
nist-pdf-0017	pdf	full	3	1958120	2
nist-pdf-0017	pdf	full	4	1966312	2
nist-pdf-0017	pdf	full	5	1966312	2
nist-pdf-0017	pdf	adaptive	0	1941740	2
nist-pdf-0017	pdf	adaptive	1	1941740	2
nist-pdf-0017	pdf	adaptive	2	1941740	2
nist-pdf-0017	pdf	adaptive	3	1941740	2
nist-pdf-0017	pdf	adaptive	4	1941740	2
nist-pdf-0017	pdf	adaptive	5	1941740	2
nist-pdf-0017	pdf	hybrid	0	1945834	2
nist-pdf-0017	pdf	hybrid	1	1949930	2
nist-pdf-0017	pdf	hybrid	2	1958122	2
nist-pdf-0017	pdf	hybrid	3	1958122	2
nist-pdf-0017	pdf	hybrid	4	1966314	2
nist-pdf-0017	pdf	hybrid	5	1966314	2
nist-pdf-0017	pdf	hist	0	2506981	2
nist-pdf-0017	pdf	hist	5	2527461	2
nist-pdf-0017	pdf	vole	0	2841174	52
nist-pdf-0017	pdf	vole	1	2841174	52
nist-pdf-0017	pdf	vole	2	2841174	52
nist-pdf-0017	pdf	vole	3	2841174	52
nist-pdf-0017	pdf	vole	4	2841174	52
nist-pdf-0017	pdf	vole	5	2841174	52
nist-pdf-0017	pdf	minimal	0	1941739	2
nist-pdf-0017	pdf	fts	0	1982695	2
nist-pdf-0017	pdf	structural	0	1941742	2
nist-pdf-0017	pdf	structural	1	1949934	2
nist-pdf-0017	pdf	full	0	1945832	2
nist-pdf-0017	pdf	full	1	1949928	2
nist-pdf-0017	pdf	full	2	1958120	2
nist-pdf-0017	pdf	full	3	1958120	2
nist-pdf-0017	pdf	full	4	1966312	2
nist-pdf-0017	pdf	full	5	1966312	2
nist-pdf-0017	pdf	adaptive	0	1941740	2
nist-pdf-0017	pdf	adaptive	1	1941740	2
nist-pdf-0017	pdf	adaptive	2	1941740	2
nist-pdf-0017	pdf	adaptive	3	1941740	2
nist-pdf-0017	pdf	adaptive	4	1941740	2
nist-pdf-0017	pdf	adaptive	5	1941740	2
nist-pdf-0017	pdf	hybrid	0	1945834	2
nist-pdf-0017	pdf	hybrid	1	1949930	2
nist-pdf-0017	pdf	hybrid	2	1958122	2
nist-pdf-0017	pdf	hybrid	3	1958122	2
nist-pdf-0017	pdf	hybrid	4	1966314	2
nist-pdf-0017	pdf	hybrid	5	1966314	2
nist-pdf-0017	pdf	hist	0	2506981	2
nist-pdf-0017	pdf	hist	5	2527461	2
nist-pdf-0017	pdf	vole	0	2841174	52
nist-pdf-0017	pdf	vole	1	2841174	52
nist-pdf-0017	pdf	vole	2	2841174	52
nist-pdf-0017	pdf	vole	3	2841174	52
nist-pdf-0017	pdf	vole	4	2841174	52
nist-pdf-0017	pdf	vole	5	2841174	52
nist-pdf-0017	pdf	minimal	0	1941739	2
nist-pdf-0017	pdf	fts	0	1982695	2
nist-pdf-0017	pdf	structural	0	1941742	2
nist-pdf-0017	pdf	structural	1	1949934	2
nist-pdf-0017	pdf	full	0	1945832	2
nist-pdf-0017	pdf	full	1	1949928	2
nist-pdf-0017	pdf	full	2	1958120	2
nist-pdf-0017	pdf	full	3	1958120	2
nist-pdf-0017	pdf	full	4	1966312	2
nist-pdf-0017	pdf	full	5	1966312	2
nist-pdf-0017	pdf	adaptive	0	1941740	2
nist-pdf-0017	pdf	adaptive	1	1941740	2
nist-pdf-0017	pdf	adaptive	2	1941740	2
nist-pdf-0017	pdf	adaptive	3	1941740	2
nist-pdf-0017	pdf	adaptive	4	1941740	2
nist-pdf-0017	pdf	adaptive	5	1941740	2
nist-pdf-0017	pdf	hybrid	0	1945834	2
nist-pdf-0017	pdf	hybrid	1	1949931	2
nist-pdf-0017	pdf	hybrid	2	1958122	2
nist-pdf-0017	pdf	hybrid	3	1958122	2
nist-pdf-0017	pdf	hybrid	4	1966314	2
nist-pdf-0017	pdf	hybrid	5	1966314	2
nist-pdf-0017	pdf	hist	0	2506981	2
nist-pdf-0017	pdf	hist	5	2527461	2
nist-pdf-0017	pdf	vole	0	2841174	52
nist-pdf-0017	pdf	vole	1	2841174	52
nist-pdf-0017	pdf	vole	2	2841174	52
nist-pdf-0017	pdf	vole	3	2841174	52
nist-pdf-0017	pdf	vole	4	2841174	52
nist-pdf-0017	pdf	vole	5	2841174	52
nist-pdf-0017	pdf	minimal	0	1941739	2
nist-pdf-0017	pdf	fts	0	1982695	2
nist-pdf-0017	pdf	structural	0	1941742	2
nist-pdf-0017	pdf	structural	1	1949934	2
nist-pdf-0017	pdf	full	0	1945832	2
nist-pdf-0017	pdf	full	1	1949928	2
nist-pdf-0017	pdf	full	2	1958120	2
nist-pdf-0017	pdf	full	3	1958120	2
nist-pdf-0017	pdf	full	4	1966312	2
nist-pdf-0017	pdf	full	5	1966312	2
nist-pdf-0017	pdf	adaptive	0	1941740	2
nist-pdf-0017	pdf	adaptive	1	1941740	2
nist-pdf-0017	pdf	adaptive	2	1941740	2
nist-pdf-0017	pdf	adaptive	3	1941740	2
nist-pdf-0017	pdf	adaptive	4	1941740	2
nist-pdf-0017	pdf	adaptive	5	1941740	2
nist-pdf-0017	pdf	hybrid	0	1945834	2
nist-pdf-0017	pdf	hybrid	1	1949930	2
nist-pdf-0017	pdf	hybrid	2	1958122	2
nist-pdf-0017	pdf	hybrid	3	1958122	2
nist-pdf-0017	pdf	hybrid	4	1966314	2
nist-pdf-0017	pdf	hybrid	5	1966314	2
nist-pdf-0017	pdf	hist	0	2506981	2
nist-pdf-0017	pdf	hist	5	2527461	2
nist-pdf-0017	pdf	vole	0	2841174	52
nist-pdf-0017	pdf	vole	1	2841174	52
nist-pdf-0017	pdf	vole	2	2841174	52
nist-pdf-0017	pdf	vole	3	2841174	52
nist-pdf-0017	pdf	vole	4	2841174	52
nist-pdf-0017	pdf	vole	5	2841174	52
nist-pdf-0017	pdf	minimal	0	1941739	2
nist-pdf-0017	pdf	fts	0	1982695	2
nist-pdf-0017	pdf	structural	0	1941742	2
nist-pdf-0017	pdf	structural	1	1949934	2
nist-pdf-0017	pdf	full	0	1945832	2
nist-pdf-0017	pdf	full	1	1949928	2
nist-pdf-0017	pdf	full	2	1958120	2
nist-pdf-0017	pdf	full	3	1958120	2
nist-pdf-0017	pdf	full	4	1966312	2
nist-pdf-0017	pdf	full	5	1966312	2
nist-pdf-0017	pdf	adaptive	0	1941740	2
nist-pdf-0017	pdf	adaptive	1	1941740	2
nist-pdf-0017	pdf	adaptive	2	1941740	2
nist-pdf-0017	pdf	adaptive	3	1941740	2
nist-pdf-0017	pdf	adaptive	4	1941740	2
nist-pdf-0017	pdf	adaptive	5	1941740	2
nist-pdf-0017	pdf	hybrid	0	1945834	2
nist-pdf-0017	pdf	hybrid	1	1949930	2
nist-pdf-0017	pdf	hybrid	2	1958122	2
nist-pdf-0017	pdf	hybrid	3	1958122	2
nist-pdf-0017	pdf	hybrid	4	1966314	2
nist-pdf-0017	pdf	hybrid	5	1966314	2
nist-pdf-0017	pdf	hist	0	2506981	2
nist-pdf-0017	pdf	hist	5	2527461	2
nist-pdf-0017	pdf	vole	0	2841174	52
nist-pdf-0017	pdf	vole	1	2841174	52
nist-pdf-0017	pdf	vole	2	2841174	52
nist-pdf-0017	pdf	vole	3	2841174	52
nist-pdf-0017	pdf	vole	4	2841174	52
nist-pdf-0017	pdf	vole	5	2841174	52
nist-pdf-0017	pdf	minimal	0	1941739	2
nist-pdf-0017	pdf	fts	0	1982695	2
nist-pdf-0017	pdf	structural	0	1941742	2
nist-pdf-0017	pdf	structural	1	1949934	2
nist-pdf-0017	pdf	full	0	1945832	2
nist-pdf-0017	pdf	full	1	1949928	2
nist-pdf-0017	pdf	full	2	1958120	2
nist-pdf-0017	pdf	full	3	1958120	2
nist-pdf-0017	pdf	full	4	1966312	2
nist-pdf-0017	pdf	full	5	1966312	2
nist-pdf-0017	pdf	adaptive	0	1941740	2
nist-pdf-0017	pdf	adaptive	1	1941740	2
nist-pdf-0017	pdf	adaptive	2	1941740	2
nist-pdf-0017	pdf	adaptive	3	1941740	2
nist-pdf-0017	pdf	adaptive	4	1941740	2
nist-pdf-0017	pdf	adaptive	5	1941740	2
nist-pdf-0017	pdf	hybrid	0	1945834	2
nist-pdf-0017	pdf	hybrid	1	1949930	2
nist-pdf-0017	pdf	hybrid	2	1958122	2
nist-pdf-0017	pdf	hybrid	3	1958122	2
nist-pdf-0017	pdf	hybrid	4	1966314	2
nist-pdf-0017	pdf	hybrid	5	1966314	2
nist-pdf-0017	pdf	hist	0	2506981	2
nist-pdf-0017	pdf	hist	5	2527461	2
nist-pdf-0017	pdf	vole	0	2841174	52
nist-pdf-0017	pdf	vole	1	2841174	52
nist-pdf-0017	pdf	vole	2	2841174	52
nist-pdf-0017	pdf	vole	3	2841174	52
nist-pdf-0017	pdf	vole	4	2841174	52
nist-pdf-0017	pdf	vole	5	2841174	52
nist-pdf-0017	pdf	minimal	0	1941739	2
nist-pdf-0017	pdf	fts	0	1982695	2
nist-pdf-0017	pdf	structural	0	1941742	2
nist-pdf-0017	pdf	structural	1	1949934	2
nist-pdf-0017	pdf	full	0	1945832	2
nist-pdf-0017	pdf	full	1	1949928	2
nist-pdf-0017	pdf	full	2	1958120	2
nist-pdf-0017	pdf	full	3	1958120	2
nist-pdf-0017	pdf	full	4	1966312	2
nist-pdf-0017	pdf	full	5	1966312	2
nist-pdf-0017	pdf	adaptive	0	1941740	2
nist-pdf-0017	pdf	adaptive	1	1941740	2
nist-pdf-0017	pdf	adaptive	2	1941740	2
nist-pdf-0017	pdf	adaptive	3	1941740	2
nist-pdf-0017	pdf	adaptive	4	1941740	2
nist-pdf-0017	pdf	adaptive	5	1941740	2
nist-pdf-0017	pdf	hybrid	0	1945834	2
nist-pdf-0017	pdf	hybrid	1	1949930	2
nist-pdf-0017	pdf	hybrid	2	1958122	2
nist-pdf-0017	pdf	hybrid	3	1958122	2
nist-pdf-0017	pdf	hybrid	4	1966314	2
nist-pdf-0017	pdf	hybrid	5	1966314	2
nist-pdf-0017	pdf	hist	0	2506981	2
nist-pdf-0017	pdf	hist	5	2527461	2
nist-pdf-0017	pdf	vole	0	2841174	52
nist-pdf-0017	pdf	vole	1	2841174	52
nist-pdf-0017	pdf	vole	2	2841174	52
nist-pdf-0017	pdf	vole	3	2841174	52
nist-pdf-0017	pdf	vole	4	2841174	52
nist-pdf-0017	pdf	vole	5	2841174	52
nist-docx-0005	docx	minimal	0	205035	2
nist-docx-0005	docx	fts	0	233703	2
nist-docx-0005	docx	structural	0	205038	2
nist-docx-0005	docx	structural	1	229614	2
nist-docx-0005	docx	full	0	217320	2
nist-docx-0005	docx	full	1	229608	2
nist-docx-0005	docx	full	2	254184	2
nist-docx-0005	docx	full	3	254184	2
nist-docx-0005	docx	full	4	262376	2
nist-docx-0005	docx	full	5	262376	2
nist-docx-0005	docx	adaptive	0	205036	2
nist-docx-0005	docx	adaptive	1	205036	2
nist-docx-0005	docx	adaptive	2	205036	2
nist-docx-0005	docx	adaptive	3	205036	2
nist-docx-0005	docx	adaptive	4	205036	2
nist-docx-0005	docx	adaptive	5	205036	2
nist-docx-0005	docx	hybrid	0	217322	2
nist-docx-0005	docx	hybrid	1	229610	2
nist-docx-0005	docx	hybrid	2	254186	2
nist-docx-0005	docx	hybrid	3	254186	2
nist-docx-0005	docx	hybrid	4	262378	2
nist-docx-0005	docx	hybrid	5	262378	2
nist-docx-0005	docx	hist	0	389355	2
nist-docx-0005	docx	hist	5	434411	2
nist-docx-0005	docx	vole	0	65901	5
nist-docx-0005	docx	vole	1	65901	5
nist-docx-0005	docx	vole	2	65901	5
nist-docx-0005	docx	vole	3	65901	5
nist-docx-0005	docx	vole	4	65901	5
nist-docx-0005	docx	vole	5	65901	5
nist-docx-0005	docx	minimal	0	205035	2
nist-docx-0005	docx	fts	0	233703	2
nist-docx-0005	docx	structural	0	205038	2
nist-docx-0005	docx	structural	1	229614	2
nist-docx-0005	docx	full	0	217320	2
nist-docx-0005	docx	full	1	229608	2
nist-docx-0005	docx	full	2	254184	2
nist-docx-0005	docx	full	3	254184	2
nist-docx-0005	docx	full	4	262376	2
nist-docx-0005	docx	full	5	262376	2
nist-docx-0005	docx	adaptive	0	205036	2
nist-docx-0005	docx	adaptive	1	205036	2
nist-docx-0005	docx	adaptive	2	205036	2
nist-docx-0005	docx	adaptive	3	205036	2
nist-docx-0005	docx	adaptive	4	205036	2
nist-docx-0005	docx	adaptive	5	205036	2
nist-docx-0005	docx	hybrid	0	217322	2
nist-docx-0005	docx	hybrid	1	229610	2
nist-docx-0005	docx	hybrid	2	254186	2
nist-docx-0005	docx	hybrid	3	254186	2
nist-docx-0005	docx	hybrid	4	262378	2
nist-docx-0005	docx	hybrid	5	262378	2
nist-docx-0005	docx	hist	0	389355	2
nist-docx-0005	docx	hist	5	434411	2
nist-docx-0005	docx	vole	0	65901	5
nist-docx-0005	docx	vole	1	65901	5
nist-docx-0005	docx	vole	2	65901	5
nist-docx-0005	docx	vole	3	65901	5
nist-docx-0005	docx	vole	4	65901	5
nist-docx-0005	docx	vole	5	65901	5
nist-docx-0005	docx	minimal	0	205035	2
nist-docx-0005	docx	fts	0	233703	2
nist-docx-0005	docx	structural	0	205038	2
nist-docx-0005	docx	structural	1	229614	2
nist-docx-0005	docx	full	0	217320	2
nist-docx-0005	docx	full	1	229608	2
nist-docx-0005	docx	full	2	254184	2
nist-docx-0005	docx	full	3	254184	2
nist-docx-0005	docx	full	4	262376	2
nist-docx-0005	docx	full	5	262376	2
nist-docx-0005	docx	adaptive	0	205036	2
nist-docx-0005	docx	adaptive	1	205036	2
nist-docx-0005	docx	adaptive	2	205036	2
nist-docx-0005	docx	adaptive	3	205036	2
nist-docx-0005	docx	adaptive	4	205036	2
nist-docx-0005	docx	adaptive	5	205036	2
nist-docx-0005	docx	hybrid	0	217322	2
nist-docx-0005	docx	hybrid	1	229610	2
nist-docx-0005	docx	hybrid	2	254186	2
nist-docx-0005	docx	hybrid	3	254186	2
nist-docx-0005	docx	hybrid	4	262378	2
nist-docx-0005	docx	hybrid	5	262378	2
nist-docx-0005	docx	hist	0	389355	2
nist-docx-0005	docx	hist	5	434411	2
nist-docx-0005	docx	vole	0	65901	5
nist-docx-0005	docx	vole	1	65901	5
nist-docx-0005	docx	vole	2	65901	5
nist-docx-0005	docx	vole	3	65901	5
nist-docx-0005	docx	vole	4	65901	5
nist-docx-0005	docx	vole	5	65901	5
nist-docx-0005	docx	minimal	0	205035	2
nist-docx-0005	docx	fts	0	233703	2
nist-docx-0005	docx	structural	0	205038	2
nist-docx-0005	docx	structural	1	229614	2
nist-docx-0005	docx	full	0	217320	2
nist-docx-0005	docx	full	1	229608	2
nist-docx-0005	docx	full	2	254184	2
nist-docx-0005	docx	full	3	254184	2
nist-docx-0005	docx	full	4	262376	2
nist-docx-0005	docx	full	5	262376	2
nist-docx-0005	docx	adaptive	0	205036	2
nist-docx-0005	docx	adaptive	1	205036	2
nist-docx-0005	docx	adaptive	2	205036	2
nist-docx-0005	docx	adaptive	3	205036	2
nist-docx-0005	docx	adaptive	4	205036	2
nist-docx-0005	docx	adaptive	5	205036	2
nist-docx-0005	docx	hybrid	0	217322	2
nist-docx-0005	docx	hybrid	1	229610	2
nist-docx-0005	docx	hybrid	2	254186	2
nist-docx-0005	docx	hybrid	3	254186	2
nist-docx-0005	docx	hybrid	4	262378	2
nist-docx-0005	docx	hybrid	5	262378	2
nist-docx-0005	docx	hist	0	389355	2
nist-docx-0005	docx	hist	5	434411	2
nist-docx-0005	docx	vole	0	65901	5
nist-docx-0005	docx	vole	1	65901	5
nist-docx-0005	docx	vole	2	65901	5
nist-docx-0005	docx	vole	3	65901	5
nist-docx-0005	docx	vole	4	65901	5
nist-docx-0005	docx	vole	5	65901	5
nist-docx-0005	docx	minimal	0	205035	2
nist-docx-0005	docx	fts	0	233703	2
nist-docx-0005	docx	structural	0	205038	2
nist-docx-0005	docx	structural	1	229614	2
nist-docx-0005	docx	full	0	217320	2
nist-docx-0005	docx	full	1	229608	2
nist-docx-0005	docx	full	2	254184	2
nist-docx-0005	docx	full	3	254184	2
nist-docx-0005	docx	full	4	262376	2
nist-docx-0005	docx	full	5	262376	2
nist-docx-0005	docx	adaptive	0	205036	2
nist-docx-0005	docx	adaptive	1	205036	2
nist-docx-0005	docx	adaptive	2	205036	2
nist-docx-0005	docx	adaptive	3	205036	2
nist-docx-0005	docx	adaptive	4	205036	2
nist-docx-0005	docx	adaptive	5	205036	2
nist-docx-0005	docx	hybrid	0	217322	2
nist-docx-0005	docx	hybrid	1	229610	2
nist-docx-0005	docx	hybrid	2	254186	2
nist-docx-0005	docx	hybrid	3	254186	2
nist-docx-0005	docx	hybrid	4	262378	2
nist-docx-0005	docx	hybrid	5	262378	2
nist-docx-0005	docx	hist	0	389355	2
nist-docx-0005	docx	hist	5	434411	2
nist-docx-0005	docx	vole	0	65901	5
nist-docx-0005	docx	vole	1	65901	5
nist-docx-0005	docx	vole	2	65901	5
nist-docx-0005	docx	vole	3	65901	5
nist-docx-0005	docx	vole	4	65901	5
nist-docx-0005	docx	vole	5	65901	5
nist-docx-0005	docx	minimal	0	205035	2
nist-docx-0005	docx	fts	0	233703	2
nist-docx-0005	docx	structural	0	205038	2
nist-docx-0005	docx	structural	1	229614	2
nist-docx-0005	docx	full	0	217320	2
nist-docx-0005	docx	full	1	229608	2
nist-docx-0005	docx	full	2	254184	2
nist-docx-0005	docx	full	3	254184	2
nist-docx-0005	docx	full	4	262376	2
nist-docx-0005	docx	full	5	262376	2
nist-docx-0005	docx	adaptive	0	205036	2
nist-docx-0005	docx	adaptive	1	205036	2
nist-docx-0005	docx	adaptive	2	205036	2
nist-docx-0005	docx	adaptive	3	205036	2
nist-docx-0005	docx	adaptive	4	205036	2
nist-docx-0005	docx	adaptive	5	205036	2
nist-docx-0005	docx	hybrid	0	217322	2
nist-docx-0005	docx	hybrid	1	229610	2
nist-docx-0005	docx	hybrid	2	254186	2
nist-docx-0005	docx	hybrid	3	254186	2
nist-docx-0005	docx	hybrid	4	262378	2
nist-docx-0005	docx	hybrid	5	262378	2
nist-docx-0005	docx	hist	0	389355	2
nist-docx-0005	docx	hist	5	434411	2
nist-docx-0005	docx	vole	0	65901	5
nist-docx-0005	docx	vole	1	65901	5
nist-docx-0005	docx	vole	2	65901	5
nist-docx-0005	docx	vole	3	65901	5
nist-docx-0005	docx	vole	4	65901	5
nist-docx-0005	docx	vole	5	65901	5
nist-docx-0005	docx	minimal	0	205035	2
nist-docx-0005	docx	fts	0	233703	2
nist-docx-0005	docx	structural	0	205038	2
nist-docx-0005	docx	structural	1	229614	2
nist-docx-0005	docx	full	0	217320	2
nist-docx-0005	docx	full	1	229608	2
nist-docx-0005	docx	full	2	254184	2
nist-docx-0005	docx	full	3	254184	2
nist-docx-0005	docx	full	4	262376	2
nist-docx-0005	docx	full	5	262376	2
nist-docx-0005	docx	adaptive	0	205036	2
nist-docx-0005	docx	adaptive	1	205036	2
nist-docx-0005	docx	adaptive	2	205036	2
nist-docx-0005	docx	adaptive	3	205036	2
nist-docx-0005	docx	adaptive	4	205036	2
nist-docx-0005	docx	adaptive	5	205036	2
nist-docx-0005	docx	hybrid	0	217322	2
nist-docx-0005	docx	hybrid	1	229610	2
nist-docx-0005	docx	hybrid	2	254186	2
nist-docx-0005	docx	hybrid	3	254186	2
nist-docx-0005	docx	hybrid	4	262378	2
nist-docx-0005	docx	hybrid	5	262378	2
nist-docx-0005	docx	hist	0	389355	2
nist-docx-0005	docx	hist	5	434411	2
nist-docx-0005	docx	vole	0	65901	5
nist-docx-0005	docx	vole	1	65901	5
nist-docx-0005	docx	vole	2	65901	5
nist-docx-0005	docx	vole	3	65901	5
nist-docx-0005	docx	vole	4	65901	5
nist-docx-0005	docx	vole	5	65901	5
nist-docx-0005	docx	minimal	0	205035	2
nist-docx-0005	docx	fts	0	233703	2
nist-docx-0005	docx	structural	0	205038	2
nist-docx-0005	docx	structural	1	229614	2
nist-docx-0005	docx	full	0	217320	2
nist-docx-0005	docx	full	1	229608	2
nist-docx-0005	docx	full	2	254184	2
nist-docx-0005	docx	full	3	254184	2
nist-docx-0005	docx	full	4	262376	2
nist-docx-0005	docx	full	5	262376	2
nist-docx-0005	docx	adaptive	0	205036	2
nist-docx-0005	docx	adaptive	1	205036	2
nist-docx-0005	docx	adaptive	2	205036	2
nist-docx-0005	docx	adaptive	3	205036	2
nist-docx-0005	docx	adaptive	4	205036	2
nist-docx-0005	docx	adaptive	5	205036	2
nist-docx-0005	docx	hybrid	0	217322	2
nist-docx-0005	docx	hybrid	1	229610	2
nist-docx-0005	docx	hybrid	2	254186	2
nist-docx-0005	docx	hybrid	3	254186	2
nist-docx-0005	docx	hybrid	4	262378	2
nist-docx-0005	docx	hybrid	5	262378	2
nist-docx-0005	docx	hist	0	389355	2
nist-docx-0005	docx	hist	5	434411	2
nist-docx-0005	docx	vole	0	65901	5
nist-docx-0005	docx	vole	1	65901	5
nist-docx-0005	docx	vole	2	65901	5
nist-docx-0005	docx	vole	3	65901	5
nist-docx-0005	docx	vole	4	65901	5
nist-docx-0005	docx	vole	5	65901	5
nist-docx-0005	docx	minimal	0	205035	2
nist-docx-0005	docx	fts	0	233703	2
nist-docx-0005	docx	structural	0	205038	2
nist-docx-0005	docx	structural	1	229614	2
nist-docx-0005	docx	full	0	217320	2
nist-docx-0005	docx	full	1	229608	2
nist-docx-0005	docx	full	2	254184	2
nist-docx-0005	docx	full	3	254184	2
nist-docx-0005	docx	full	4	262376	2
nist-docx-0005	docx	full	5	262376	2
nist-docx-0005	docx	adaptive	0	205036	2
nist-docx-0005	docx	adaptive	1	205036	2
nist-docx-0005	docx	adaptive	2	205036	2
nist-docx-0005	docx	adaptive	3	205036	2
nist-docx-0005	docx	adaptive	4	205036	2
nist-docx-0005	docx	adaptive	5	205036	2
nist-docx-0005	docx	hybrid	0	217322	2
nist-docx-0005	docx	hybrid	1	229610	2
nist-docx-0005	docx	hybrid	2	254186	2
nist-docx-0005	docx	hybrid	3	254186	2
nist-docx-0005	docx	hybrid	4	262378	2
nist-docx-0005	docx	hybrid	5	262378	2
nist-docx-0005	docx	hist	0	389355	2
nist-docx-0005	docx	hist	5	434411	2
nist-docx-0005	docx	vole	0	65901	5
nist-docx-0005	docx	vole	1	65901	5
nist-docx-0005	docx	vole	2	65901	5
nist-docx-0005	docx	vole	3	65901	5
nist-docx-0005	docx	vole	4	65901	5
nist-docx-0005	docx	vole	5	65901	5
nist-docx-0005	docx	minimal	0	205035	2
nist-docx-0005	docx	fts	0	233703	2
nist-docx-0005	docx	structural	0	205038	2
nist-docx-0005	docx	structural	1	229614	2
nist-docx-0005	docx	full	0	217320	2
nist-docx-0005	docx	full	1	229608	2
nist-docx-0005	docx	full	2	254184	2
nist-docx-0005	docx	full	3	254184	2
nist-docx-0005	docx	full	4	262376	2
nist-docx-0005	docx	full	5	262376	2
nist-docx-0005	docx	adaptive	0	205036	2
nist-docx-0005	docx	adaptive	1	205036	2
nist-docx-0005	docx	adaptive	2	205036	2
nist-docx-0005	docx	adaptive	3	205036	2
nist-docx-0005	docx	adaptive	4	205036	2
nist-docx-0005	docx	adaptive	5	205036	2
nist-docx-0005	docx	hybrid	0	217322	2
nist-docx-0005	docx	hybrid	1	229610	2
nist-docx-0005	docx	hybrid	2	254186	2
nist-docx-0005	docx	hybrid	3	254186	2
nist-docx-0005	docx	hybrid	4	262378	2
nist-docx-0005	docx	hybrid	5	262378	2
nist-docx-0005	docx	hist	0	389355	2
nist-docx-0005	docx	hist	5	434411	2
nist-docx-0005	docx	vole	0	65901	5
nist-docx-0005	docx	vole	1	65901	5
nist-docx-0005	docx	vole	2	65901	5
nist-docx-0005	docx	vole	3	65901	5
nist-docx-0005	docx	vole	4	65901	5
nist-docx-0005	docx	vole	5	65901	5
nist-docx-0008	docx	minimal	0	102633	2
nist-docx-0008	docx	fts	0	127205	2
nist-docx-0008	docx	structural	0	102636	2
nist-docx-0008	docx	structural	1	110828	2
nist-docx-0008	docx	full	0	106726	2
nist-docx-0008	docx	full	1	110822	2
nist-docx-0008	docx	full	2	119014	2
nist-docx-0008	docx	full	3	119014	2
nist-docx-0008	docx	full	4	127206	2
nist-docx-0008	docx	full	5	127206	2
nist-docx-0008	docx	adaptive	0	102634	2
nist-docx-0008	docx	adaptive	1	102634	2
nist-docx-0008	docx	adaptive	2	102634	2
nist-docx-0008	docx	adaptive	3	102634	2
nist-docx-0008	docx	adaptive	4	102634	2
nist-docx-0008	docx	adaptive	5	102634	2
nist-docx-0008	docx	hybrid	0	106728	2
nist-docx-0008	docx	hybrid	1	110824	2
nist-docx-0008	docx	hybrid	2	119016	2
nist-docx-0008	docx	hybrid	3	119016	2
nist-docx-0008	docx	hybrid	4	127208	2
nist-docx-0008	docx	hybrid	5	127208	2
nist-docx-0008	docx	hist	0	192745	2
nist-docx-0008	docx	hist	5	213225	2
nist-docx-0008	docx	vole	0	37639	5
nist-docx-0008	docx	vole	1	37639	5
nist-docx-0008	docx	vole	2	37639	5
nist-docx-0008	docx	vole	3	37639	5
nist-docx-0008	docx	vole	4	37639	5
nist-docx-0008	docx	vole	5	37639	5
nist-docx-0008	docx	minimal	0	102633	2
nist-docx-0008	docx	fts	0	127205	2
nist-docx-0008	docx	structural	0	102636	2
nist-docx-0008	docx	structural	1	110828	2
nist-docx-0008	docx	full	0	106726	2
nist-docx-0008	docx	full	1	110822	2
nist-docx-0008	docx	full	2	119014	2
nist-docx-0008	docx	full	3	119014	2
nist-docx-0008	docx	full	4	127206	2
nist-docx-0008	docx	full	5	127206	2
nist-docx-0008	docx	adaptive	0	102634	2
nist-docx-0008	docx	adaptive	1	102634	2
nist-docx-0008	docx	adaptive	2	102634	2
nist-docx-0008	docx	adaptive	3	102634	2
nist-docx-0008	docx	adaptive	4	102634	2
nist-docx-0008	docx	adaptive	5	102634	2
nist-docx-0008	docx	hybrid	0	106728	2
nist-docx-0008	docx	hybrid	1	110824	2
nist-docx-0008	docx	hybrid	2	119016	2
nist-docx-0008	docx	hybrid	3	119016	2
nist-docx-0008	docx	hybrid	4	127208	2
nist-docx-0008	docx	hybrid	5	127208	2
nist-docx-0008	docx	hist	0	192745	2
nist-docx-0008	docx	hist	5	213225	2
nist-docx-0008	docx	vole	0	37639	5
nist-docx-0008	docx	vole	1	37639	5
nist-docx-0008	docx	vole	2	37639	5
nist-docx-0008	docx	vole	3	37639	5
nist-docx-0008	docx	vole	4	37639	5
nist-docx-0008	docx	vole	5	37639	5
nist-docx-0008	docx	minimal	0	102633	2
nist-docx-0008	docx	fts	0	127205	2
nist-docx-0008	docx	structural	0	102636	2
nist-docx-0008	docx	structural	1	110828	2
nist-docx-0008	docx	full	0	106726	2
nist-docx-0008	docx	full	1	110822	2
nist-docx-0008	docx	full	2	119014	2
nist-docx-0008	docx	full	3	119014	2
nist-docx-0008	docx	full	4	127206	2
nist-docx-0008	docx	full	5	127206	2
nist-docx-0008	docx	adaptive	0	102634	2
nist-docx-0008	docx	adaptive	1	102634	2
nist-docx-0008	docx	adaptive	2	102634	2
nist-docx-0008	docx	adaptive	3	102634	2
nist-docx-0008	docx	adaptive	4	102634	2
nist-docx-0008	docx	adaptive	5	102634	2
nist-docx-0008	docx	hybrid	0	106728	2
nist-docx-0008	docx	hybrid	1	110824	2
nist-docx-0008	docx	hybrid	2	119016	2
nist-docx-0008	docx	hybrid	3	119016	2
nist-docx-0008	docx	hybrid	4	127208	2
nist-docx-0008	docx	hybrid	5	127208	2
nist-docx-0008	docx	hist	0	192745	2
nist-docx-0008	docx	hist	5	213225	2
nist-docx-0008	docx	vole	0	37639	5
nist-docx-0008	docx	vole	1	37639	5
nist-docx-0008	docx	vole	2	37639	5
nist-docx-0008	docx	vole	3	37639	5
nist-docx-0008	docx	vole	4	37639	5
nist-docx-0008	docx	vole	5	37639	5
nist-docx-0008	docx	minimal	0	102633	2
nist-docx-0008	docx	fts	0	127205	2
nist-docx-0008	docx	structural	0	102636	2
nist-docx-0008	docx	structural	1	110828	2
nist-docx-0008	docx	full	0	106726	2
nist-docx-0008	docx	full	1	110822	2
nist-docx-0008	docx	full	2	119014	2
nist-docx-0008	docx	full	3	119014	2
nist-docx-0008	docx	full	4	127206	2
nist-docx-0008	docx	full	5	127206	2
nist-docx-0008	docx	adaptive	0	102634	2
nist-docx-0008	docx	adaptive	1	102634	2
nist-docx-0008	docx	adaptive	2	102634	2
nist-docx-0008	docx	adaptive	3	102634	2
nist-docx-0008	docx	adaptive	4	102634	2
nist-docx-0008	docx	adaptive	5	102634	2
nist-docx-0008	docx	hybrid	0	106728	2
nist-docx-0008	docx	hybrid	1	110824	2
nist-docx-0008	docx	hybrid	2	119016	2
nist-docx-0008	docx	hybrid	3	119016	2
nist-docx-0008	docx	hybrid	4	127208	2
nist-docx-0008	docx	hybrid	5	127208	2
nist-docx-0008	docx	hist	0	192745	2
nist-docx-0008	docx	hist	5	213225	2
nist-docx-0008	docx	vole	0	37639	5
nist-docx-0008	docx	vole	1	37639	5
nist-docx-0008	docx	vole	2	37639	5
nist-docx-0008	docx	vole	3	37639	5
nist-docx-0008	docx	vole	4	37639	5
nist-docx-0008	docx	vole	5	37639	5
nist-docx-0008	docx	minimal	0	102633	2
nist-docx-0008	docx	fts	0	127205	2
nist-docx-0008	docx	structural	0	102636	2
nist-docx-0008	docx	structural	1	110828	2
nist-docx-0008	docx	full	0	106726	2
nist-docx-0008	docx	full	1	110822	2
nist-docx-0008	docx	full	2	119014	2
nist-docx-0008	docx	full	3	119014	2
nist-docx-0008	docx	full	4	127206	2
nist-docx-0008	docx	full	5	127206	2
nist-docx-0008	docx	adaptive	0	102634	2
nist-docx-0008	docx	adaptive	1	102634	2
nist-docx-0008	docx	adaptive	2	102634	2
nist-docx-0008	docx	adaptive	3	102634	2
nist-docx-0008	docx	adaptive	4	102634	2
nist-docx-0008	docx	adaptive	5	102634	2
nist-docx-0008	docx	hybrid	0	106728	2
nist-docx-0008	docx	hybrid	1	110824	2
nist-docx-0008	docx	hybrid	2	119016	2
nist-docx-0008	docx	hybrid	3	119016	2
nist-docx-0008	docx	hybrid	4	127208	2
nist-docx-0008	docx	hybrid	5	127208	2
nist-docx-0008	docx	hist	0	192745	2
nist-docx-0008	docx	hist	5	213225	2
nist-docx-0008	docx	vole	0	37639	5
nist-docx-0008	docx	vole	1	37639	5
nist-docx-0008	docx	vole	2	37639	5
nist-docx-0008	docx	vole	3	37639	5
nist-docx-0008	docx	vole	4	37639	5
nist-docx-0008	docx	vole	5	37639	5
nist-docx-0008	docx	minimal	0	102633	2
nist-docx-0008	docx	fts	0	127205	2
nist-docx-0008	docx	structural	0	102636	2
nist-docx-0008	docx	structural	1	110828	2
nist-docx-0008	docx	full	0	106726	2
nist-docx-0008	docx	full	1	110822	2
nist-docx-0008	docx	full	2	119014	2
nist-docx-0008	docx	full	3	119014	2
nist-docx-0008	docx	full	4	127206	2
nist-docx-0008	docx	full	5	127206	2
nist-docx-0008	docx	adaptive	0	102634	2
nist-docx-0008	docx	adaptive	1	102634	2
nist-docx-0008	docx	adaptive	2	102634	2
nist-docx-0008	docx	adaptive	3	102634	2
nist-docx-0008	docx	adaptive	4	102634	2
nist-docx-0008	docx	adaptive	5	102634	2
nist-docx-0008	docx	hybrid	0	106728	2
nist-docx-0008	docx	hybrid	1	110824	2
nist-docx-0008	docx	hybrid	2	119016	2
nist-docx-0008	docx	hybrid	3	119016	2
nist-docx-0008	docx	hybrid	4	127208	2
nist-docx-0008	docx	hybrid	5	127208	2
nist-docx-0008	docx	hist	0	192745	2
nist-docx-0008	docx	hist	5	213225	2
nist-docx-0008	docx	vole	0	37639	5
nist-docx-0008	docx	vole	1	37639	5
nist-docx-0008	docx	vole	2	37639	5
nist-docx-0008	docx	vole	3	37639	5
nist-docx-0008	docx	vole	4	37639	5
nist-docx-0008	docx	vole	5	37639	5
nist-docx-0008	docx	minimal	0	102633	2
nist-docx-0008	docx	fts	0	127205	2
nist-docx-0008	docx	structural	0	102636	2
nist-docx-0008	docx	structural	1	110828	2
nist-docx-0008	docx	full	0	106726	2
nist-docx-0008	docx	full	1	110822	2
nist-docx-0008	docx	full	2	119014	2
nist-docx-0008	docx	full	3	119014	2
nist-docx-0008	docx	full	4	127206	2
nist-docx-0008	docx	full	5	127206	2
nist-docx-0008	docx	adaptive	0	102634	2
nist-docx-0008	docx	adaptive	1	102634	2
nist-docx-0008	docx	adaptive	2	102634	2
nist-docx-0008	docx	adaptive	3	102634	2
nist-docx-0008	docx	adaptive	4	102634	2
nist-docx-0008	docx	adaptive	5	102634	2
nist-docx-0008	docx	hybrid	0	106728	2
nist-docx-0008	docx	hybrid	1	110824	2
nist-docx-0008	docx	hybrid	2	119016	2
nist-docx-0008	docx	hybrid	3	119016	2
nist-docx-0008	docx	hybrid	4	127208	2
nist-docx-0008	docx	hybrid	5	127208	2
nist-docx-0008	docx	hist	0	192745	2
nist-docx-0008	docx	hist	5	213225	2
nist-docx-0008	docx	vole	0	37639	5
nist-docx-0008	docx	vole	1	37639	5
nist-docx-0008	docx	vole	2	37639	5
nist-docx-0008	docx	vole	3	37639	5
nist-docx-0008	docx	vole	4	37639	5
nist-docx-0008	docx	vole	5	37639	5
nist-docx-0008	docx	minimal	0	102633	2
nist-docx-0008	docx	fts	0	127205	2
nist-docx-0008	docx	structural	0	102636	2
nist-docx-0008	docx	structural	1	110828	2
nist-docx-0008	docx	full	0	106726	2
nist-docx-0008	docx	full	1	110822	2
nist-docx-0008	docx	full	2	119014	2
nist-docx-0008	docx	full	3	119014	2
nist-docx-0008	docx	full	4	127206	2
nist-docx-0008	docx	full	5	127206	2
nist-docx-0008	docx	adaptive	0	102634	2
nist-docx-0008	docx	adaptive	1	102634	2
nist-docx-0008	docx	adaptive	2	102634	2
nist-docx-0008	docx	adaptive	3	102634	2
nist-docx-0008	docx	adaptive	4	102634	2
nist-docx-0008	docx	adaptive	5	102634	2
nist-docx-0008	docx	hybrid	0	106728	2
nist-docx-0008	docx	hybrid	1	110824	2
nist-docx-0008	docx	hybrid	2	119016	2
nist-docx-0008	docx	hybrid	3	119016	2
nist-docx-0008	docx	hybrid	4	127208	2
nist-docx-0008	docx	hybrid	5	127208	2
nist-docx-0008	docx	hist	0	192745	2
nist-docx-0008	docx	hist	5	213225	2
nist-docx-0008	docx	vole	0	37639	5
nist-docx-0008	docx	vole	1	37639	5
nist-docx-0008	docx	vole	2	37639	5
nist-docx-0008	docx	vole	3	37639	5
nist-docx-0008	docx	vole	4	37639	5
nist-docx-0008	docx	vole	5	37639	5
nist-docx-0008	docx	minimal	0	102633	2
nist-docx-0008	docx	fts	0	127205	2
nist-docx-0008	docx	structural	0	102636	2
nist-docx-0008	docx	structural	1	110828	2
nist-docx-0008	docx	full	0	106726	2
nist-docx-0008	docx	full	1	110822	2
nist-docx-0008	docx	full	2	119014	2
nist-docx-0008	docx	full	3	119014	2
nist-docx-0008	docx	full	4	127206	2
nist-docx-0008	docx	full	5	127206	2
nist-docx-0008	docx	adaptive	0	102634	2
nist-docx-0008	docx	adaptive	1	102634	2
nist-docx-0008	docx	adaptive	2	102634	2
nist-docx-0008	docx	adaptive	3	102634	2
nist-docx-0008	docx	adaptive	4	102634	2
nist-docx-0008	docx	adaptive	5	102634	2
nist-docx-0008	docx	hybrid	0	106728	2
nist-docx-0008	docx	hybrid	1	110824	2
nist-docx-0008	docx	hybrid	2	119016	2
nist-docx-0008	docx	hybrid	3	119016	2
nist-docx-0008	docx	hybrid	4	127208	2
nist-docx-0008	docx	hybrid	5	127208	2
nist-docx-0008	docx	hist	0	192745	2
nist-docx-0008	docx	hist	5	213225	2
nist-docx-0008	docx	vole	0	37639	5
nist-docx-0008	docx	vole	1	37639	5
nist-docx-0008	docx	vole	2	37639	5
nist-docx-0008	docx	vole	3	37639	5
nist-docx-0008	docx	vole	4	37639	5
nist-docx-0008	docx	vole	5	37639	5
nist-docx-0008	docx	minimal	0	102633	2
nist-docx-0008	docx	fts	0	127205	2
nist-docx-0008	docx	structural	0	102636	2
nist-docx-0008	docx	structural	1	110828	2
nist-docx-0008	docx	full	0	106726	2
nist-docx-0008	docx	full	1	110822	2
nist-docx-0008	docx	full	2	119014	2
nist-docx-0008	docx	full	3	119014	2
nist-docx-0008	docx	full	4	127206	2
nist-docx-0008	docx	full	5	127206	2
nist-docx-0008	docx	adaptive	0	102634	2
nist-docx-0008	docx	adaptive	1	102634	2
nist-docx-0008	docx	adaptive	2	102634	2
nist-docx-0008	docx	adaptive	3	102634	2
nist-docx-0008	docx	adaptive	4	102634	2
nist-docx-0008	docx	adaptive	5	102634	2
nist-docx-0008	docx	hybrid	0	106728	2
nist-docx-0008	docx	hybrid	1	110824	2
nist-docx-0008	docx	hybrid	2	119016	2
nist-docx-0008	docx	hybrid	3	119016	2
nist-docx-0008	docx	hybrid	4	127208	2
nist-docx-0008	docx	hybrid	5	127208	2
nist-docx-0008	docx	hist	0	192745	2
nist-docx-0008	docx	hist	5	213225	2
nist-docx-0008	docx	vole	0	37639	5
nist-docx-0008	docx	vole	1	37639	5
nist-docx-0008	docx	vole	2	37639	5
nist-docx-0008	docx	vole	3	37639	5
nist-docx-0008	docx	vole	4	37639	5
nist-docx-0008	docx	vole	5	37639	5
nist-docx-0009	docx	minimal	0	454893	2
nist-docx-0009	docx	fts	0	483561	2
nist-docx-0009	docx	structural	0	454896	2
nist-docx-0009	docx	structural	1	467184	2
nist-docx-0009	docx	full	0	458986	2
nist-docx-0009	docx	full	1	467178	2
nist-docx-0009	docx	full	2	475370	2
nist-docx-0009	docx	full	3	475370	2
nist-docx-0009	docx	full	4	483562	2
nist-docx-0009	docx	full	5	483562	2
nist-docx-0009	docx	adaptive	0	454894	2
nist-docx-0009	docx	adaptive	1	454894	2
nist-docx-0009	docx	adaptive	2	454894	2
nist-docx-0009	docx	adaptive	3	454894	2
nist-docx-0009	docx	adaptive	4	454894	2
nist-docx-0009	docx	adaptive	5	454894	2
nist-docx-0009	docx	hybrid	0	458988	2
nist-docx-0009	docx	hybrid	1	467180	2
nist-docx-0009	docx	hybrid	2	475372	2
nist-docx-0009	docx	hybrid	3	475372	2
nist-docx-0009	docx	hybrid	4	483564	2
nist-docx-0009	docx	hybrid	5	483564	2
nist-docx-0009	docx	hist	0	659694	2
nist-docx-0009	docx	hist	5	684270	2
nist-docx-0009	docx	vole	0	166832	5
nist-docx-0009	docx	vole	1	166832	5
nist-docx-0009	docx	vole	2	166832	5
nist-docx-0009	docx	vole	3	166832	5
nist-docx-0009	docx	vole	4	166832	5
nist-docx-0009	docx	vole	5	166832	5
nist-docx-0009	docx	minimal	0	454893	2
nist-docx-0009	docx	fts	0	483561	2
nist-docx-0009	docx	structural	0	454896	2
nist-docx-0009	docx	structural	1	467184	2
nist-docx-0009	docx	full	0	458986	2
nist-docx-0009	docx	full	1	467178	2
nist-docx-0009	docx	full	2	475370	2
nist-docx-0009	docx	full	3	475370	2
nist-docx-0009	docx	full	4	483562	2
nist-docx-0009	docx	full	5	483562	2
nist-docx-0009	docx	adaptive	0	454894	2
nist-docx-0009	docx	adaptive	1	454894	2
nist-docx-0009	docx	adaptive	2	454894	2
nist-docx-0009	docx	adaptive	3	454894	2
nist-docx-0009	docx	adaptive	4	454894	2
nist-docx-0009	docx	adaptive	5	454894	2
nist-docx-0009	docx	hybrid	0	458988	2
nist-docx-0009	docx	hybrid	1	467180	2
nist-docx-0009	docx	hybrid	2	475372	2
nist-docx-0009	docx	hybrid	3	475372	2
nist-docx-0009	docx	hybrid	4	483564	2
nist-docx-0009	docx	hybrid	5	483564	2
nist-docx-0009	docx	hist	0	659694	2
nist-docx-0009	docx	hist	5	684270	2
nist-docx-0009	docx	vole	0	166832	5
nist-docx-0009	docx	vole	1	166832	5
nist-docx-0009	docx	vole	2	166832	5
nist-docx-0009	docx	vole	3	166832	5
nist-docx-0009	docx	vole	4	166832	5
nist-docx-0009	docx	vole	5	166832	5
nist-docx-0009	docx	minimal	0	454893	2
nist-docx-0009	docx	fts	0	483561	2
nist-docx-0009	docx	structural	0	454896	2
nist-docx-0009	docx	structural	1	467184	2
nist-docx-0009	docx	full	0	458986	2
nist-docx-0009	docx	full	1	467178	2
nist-docx-0009	docx	full	2	475370	2
nist-docx-0009	docx	full	3	475370	2
nist-docx-0009	docx	full	4	483563	2
nist-docx-0009	docx	full	5	483562	2
nist-docx-0009	docx	adaptive	0	454894	2
nist-docx-0009	docx	adaptive	1	454894	2
nist-docx-0009	docx	adaptive	2	454894	2
nist-docx-0009	docx	adaptive	3	454894	2
nist-docx-0009	docx	adaptive	4	454894	2
nist-docx-0009	docx	adaptive	5	454894	2
nist-docx-0009	docx	hybrid	0	458988	2
nist-docx-0009	docx	hybrid	1	467180	2
nist-docx-0009	docx	hybrid	2	475372	2
nist-docx-0009	docx	hybrid	3	475372	2
nist-docx-0009	docx	hybrid	4	483564	2
nist-docx-0009	docx	hybrid	5	483564	2
nist-docx-0009	docx	hist	0	659694	2
nist-docx-0009	docx	hist	5	684270	2
nist-docx-0009	docx	vole	0	166832	5
nist-docx-0009	docx	vole	1	166832	5
nist-docx-0009	docx	vole	2	166832	5
nist-docx-0009	docx	vole	3	166832	5
nist-docx-0009	docx	vole	4	166832	5
nist-docx-0009	docx	vole	5	166832	5
nist-docx-0009	docx	minimal	0	454893	2
nist-docx-0009	docx	fts	0	483561	2
nist-docx-0009	docx	structural	0	454896	2
nist-docx-0009	docx	structural	1	467184	2
nist-docx-0009	docx	full	0	458986	2
nist-docx-0009	docx	full	1	467178	2
nist-docx-0009	docx	full	2	475370	2
nist-docx-0009	docx	full	3	475370	2
nist-docx-0009	docx	full	4	483562	2
nist-docx-0009	docx	full	5	483562	2
nist-docx-0009	docx	adaptive	0	454894	2
nist-docx-0009	docx	adaptive	1	454894	2
nist-docx-0009	docx	adaptive	2	454894	2
nist-docx-0009	docx	adaptive	3	454894	2
nist-docx-0009	docx	adaptive	4	454894	2
nist-docx-0009	docx	adaptive	5	454894	2
nist-docx-0009	docx	hybrid	0	458988	2
nist-docx-0009	docx	hybrid	1	467180	2
nist-docx-0009	docx	hybrid	2	475372	2
nist-docx-0009	docx	hybrid	3	475372	2
nist-docx-0009	docx	hybrid	4	483564	2
nist-docx-0009	docx	hybrid	5	483564	2
nist-docx-0009	docx	hist	0	659694	2
nist-docx-0009	docx	hist	5	684270	2
nist-docx-0009	docx	vole	0	166832	5
nist-docx-0009	docx	vole	1	166832	5
nist-docx-0009	docx	vole	2	166832	5
nist-docx-0009	docx	vole	3	166832	5
nist-docx-0009	docx	vole	4	166832	5
nist-docx-0009	docx	vole	5	166832	5
nist-docx-0009	docx	minimal	0	454893	2
nist-docx-0009	docx	fts	0	483561	2
nist-docx-0009	docx	structural	0	454896	2
nist-docx-0009	docx	structural	1	467184	2
nist-docx-0009	docx	full	0	458986	2
nist-docx-0009	docx	full	1	467178	2
nist-docx-0009	docx	full	2	475370	2
nist-docx-0009	docx	full	3	475370	2
nist-docx-0009	docx	full	4	483562	2
nist-docx-0009	docx	full	5	483562	2
nist-docx-0009	docx	adaptive	0	454894	2
nist-docx-0009	docx	adaptive	1	454894	2
nist-docx-0009	docx	adaptive	2	454894	2
nist-docx-0009	docx	adaptive	3	454894	2
nist-docx-0009	docx	adaptive	4	454894	2
nist-docx-0009	docx	adaptive	5	454894	2
nist-docx-0009	docx	hybrid	0	458988	2
nist-docx-0009	docx	hybrid	1	467180	2
nist-docx-0009	docx	hybrid	2	475372	2
nist-docx-0009	docx	hybrid	3	475372	2
nist-docx-0009	docx	hybrid	4	483564	2
nist-docx-0009	docx	hybrid	5	483564	2
nist-docx-0009	docx	hist	0	659694	2
nist-docx-0009	docx	hist	5	684270	2
nist-docx-0009	docx	vole	0	166832	5
nist-docx-0009	docx	vole	1	166832	5
nist-docx-0009	docx	vole	2	166832	5
nist-docx-0009	docx	vole	3	166832	5
nist-docx-0009	docx	vole	4	166832	5
nist-docx-0009	docx	vole	5	166832	5
nist-docx-0009	docx	minimal	0	454894	2
nist-docx-0009	docx	fts	0	483561	2
nist-docx-0009	docx	structural	0	454896	2
nist-docx-0009	docx	structural	1	467184	2
nist-docx-0009	docx	full	0	458986	2
nist-docx-0009	docx	full	1	467178	2
nist-docx-0009	docx	full	2	475370	2
nist-docx-0009	docx	full	3	475370	2
nist-docx-0009	docx	full	4	483562	2
nist-docx-0009	docx	full	5	483562	2
nist-docx-0009	docx	adaptive	0	454894	2
nist-docx-0009	docx	adaptive	1	454894	2
nist-docx-0009	docx	adaptive	2	454894	2
nist-docx-0009	docx	adaptive	3	454894	2
nist-docx-0009	docx	adaptive	4	454894	2
nist-docx-0009	docx	adaptive	5	454894	2
nist-docx-0009	docx	hybrid	0	458988	2
nist-docx-0009	docx	hybrid	1	467180	2
nist-docx-0009	docx	hybrid	2	475372	2
nist-docx-0009	docx	hybrid	3	475372	2
nist-docx-0009	docx	hybrid	4	483564	2
nist-docx-0009	docx	hybrid	5	483564	2
nist-docx-0009	docx	hist	0	659694	2
nist-docx-0009	docx	hist	5	684270	2
nist-docx-0009	docx	vole	0	166832	5
nist-docx-0009	docx	vole	1	166832	5
nist-docx-0009	docx	vole	2	166832	5
nist-docx-0009	docx	vole	3	166832	5
nist-docx-0009	docx	vole	4	166832	5
nist-docx-0009	docx	vole	5	166832	5
nist-docx-0009	docx	minimal	0	454893	2
nist-docx-0009	docx	fts	0	483561	2
nist-docx-0009	docx	structural	0	454896	2
nist-docx-0009	docx	structural	1	467184	2
nist-docx-0009	docx	full	0	458986	2
nist-docx-0009	docx	full	1	467178	2
nist-docx-0009	docx	full	2	475370	2
nist-docx-0009	docx	full	3	475370	2
nist-docx-0009	docx	full	4	483562	2
nist-docx-0009	docx	full	5	483562	2
nist-docx-0009	docx	adaptive	0	454894	2
nist-docx-0009	docx	adaptive	1	454894	2
nist-docx-0009	docx	adaptive	2	454894	2
nist-docx-0009	docx	adaptive	3	454895	2
nist-docx-0009	docx	adaptive	4	454894	2
nist-docx-0009	docx	adaptive	5	454894	2
nist-docx-0009	docx	hybrid	0	458989	2
nist-docx-0009	docx	hybrid	1	467180	2
nist-docx-0009	docx	hybrid	2	475372	2
nist-docx-0009	docx	hybrid	3	475372	2
nist-docx-0009	docx	hybrid	4	483564	2
nist-docx-0009	docx	hybrid	5	483564	2
nist-docx-0009	docx	hist	0	659694	2
nist-docx-0009	docx	hist	5	684270	2
nist-docx-0009	docx	vole	0	166832	5
nist-docx-0009	docx	vole	1	166832	5
nist-docx-0009	docx	vole	2	166832	5
nist-docx-0009	docx	vole	3	166832	5
nist-docx-0009	docx	vole	4	166832	5
nist-docx-0009	docx	vole	5	166832	5
nist-docx-0009	docx	minimal	0	454893	2
nist-docx-0009	docx	fts	0	483561	2
nist-docx-0009	docx	structural	0	454896	2
nist-docx-0009	docx	structural	1	467184	2
nist-docx-0009	docx	full	0	458986	2
nist-docx-0009	docx	full	1	467178	2
nist-docx-0009	docx	full	2	475370	2
nist-docx-0009	docx	full	3	475370	2
nist-docx-0009	docx	full	4	483562	2
nist-docx-0009	docx	full	5	483562	2
nist-docx-0009	docx	adaptive	0	454894	2
nist-docx-0009	docx	adaptive	1	454894	2
nist-docx-0009	docx	adaptive	2	454894	2
nist-docx-0009	docx	adaptive	3	454894	2
nist-docx-0009	docx	adaptive	4	454894	2
nist-docx-0009	docx	adaptive	5	454894	2
nist-docx-0009	docx	hybrid	0	458988	2
nist-docx-0009	docx	hybrid	1	467180	2
nist-docx-0009	docx	hybrid	2	475372	2
nist-docx-0009	docx	hybrid	3	475372	2
nist-docx-0009	docx	hybrid	4	483564	2
nist-docx-0009	docx	hybrid	5	483564	2
nist-docx-0009	docx	hist	0	659694	2
nist-docx-0009	docx	hist	5	684270	2
nist-docx-0009	docx	vole	0	166832	5
nist-docx-0009	docx	vole	1	166832	5
nist-docx-0009	docx	vole	2	166832	5
nist-docx-0009	docx	vole	3	166832	5
nist-docx-0009	docx	vole	4	166832	5
nist-docx-0009	docx	vole	5	166832	5
nist-docx-0009	docx	minimal	0	454893	2
nist-docx-0009	docx	fts	0	483561	2
nist-docx-0009	docx	structural	0	454896	2
nist-docx-0009	docx	structural	1	467184	2
nist-docx-0009	docx	full	0	458986	2
nist-docx-0009	docx	full	1	467178	2
nist-docx-0009	docx	full	2	475370	2
nist-docx-0009	docx	full	3	475370	2
nist-docx-0009	docx	full	4	483563	2
nist-docx-0009	docx	full	5	483562	2
nist-docx-0009	docx	adaptive	0	454894	2
nist-docx-0009	docx	adaptive	1	454894	2
nist-docx-0009	docx	adaptive	2	454894	2
nist-docx-0009	docx	adaptive	3	454894	2
nist-docx-0009	docx	adaptive	4	454894	2
nist-docx-0009	docx	adaptive	5	454894	2
nist-docx-0009	docx	hybrid	0	458988	2
nist-docx-0009	docx	hybrid	1	467180	2
nist-docx-0009	docx	hybrid	2	475372	2
nist-docx-0009	docx	hybrid	3	475372	2
nist-docx-0009	docx	hybrid	4	483564	2
nist-docx-0009	docx	hybrid	5	483564	2
nist-docx-0009	docx	hist	0	659694	2
nist-docx-0009	docx	hist	5	684270	2
nist-docx-0009	docx	vole	0	166832	5
nist-docx-0009	docx	vole	1	166832	5
nist-docx-0009	docx	vole	2	166832	5
nist-docx-0009	docx	vole	3	166832	5
nist-docx-0009	docx	vole	4	166832	5
nist-docx-0009	docx	vole	5	166832	5
nist-docx-0009	docx	minimal	0	454893	2
nist-docx-0009	docx	fts	0	483561	2
nist-docx-0009	docx	structural	0	454896	2
nist-docx-0009	docx	structural	1	467184	2
nist-docx-0009	docx	full	0	458986	2
nist-docx-0009	docx	full	1	467179	2
nist-docx-0009	docx	full	2	475370	2
nist-docx-0009	docx	full	3	475370	2
nist-docx-0009	docx	full	4	483562	2
nist-docx-0009	docx	full	5	483562	2
nist-docx-0009	docx	adaptive	0	454894	2
nist-docx-0009	docx	adaptive	1	454894	2
nist-docx-0009	docx	adaptive	2	454894	2
nist-docx-0009	docx	adaptive	3	454894	2
nist-docx-0009	docx	adaptive	4	454894	2
nist-docx-0009	docx	adaptive	5	454894	2
nist-docx-0009	docx	hybrid	0	458988	2
nist-docx-0009	docx	hybrid	1	467180	2
nist-docx-0009	docx	hybrid	2	475372	2
nist-docx-0009	docx	hybrid	3	475372	2
nist-docx-0009	docx	hybrid	4	483564	2
nist-docx-0009	docx	hybrid	5	483564	2
nist-docx-0009	docx	hist	0	659694	2
nist-docx-0009	docx	hist	5	684270	2
nist-docx-0009	docx	vole	0	166832	5
nist-docx-0009	docx	vole	1	166832	5
nist-docx-0009	docx	vole	2	166832	5
nist-docx-0009	docx	vole	3	166832	5
nist-docx-0009	docx	vole	4	166832	5
nist-docx-0009	docx	vole	5	166832	5
nist-docx-0014	docx	minimal	0	1503474	2
nist-docx-0014	docx	fts	0	1540335	2
nist-docx-0014	docx	structural	0	1503478	2
nist-docx-0014	docx	structural	1	1532150	2
nist-docx-0014	docx	full	0	1515759	2
nist-docx-0014	docx	full	1	1532144	2
nist-docx-0014	docx	full	2	1556720	2
nist-docx-0014	docx	full	3	1556720	2
nist-docx-0014	docx	full	4	1564912	2
nist-docx-0014	docx	full	5	1564911	2
nist-docx-0014	docx	adaptive	0	1503475	2
nist-docx-0014	docx	adaptive	1	1503475	2
nist-docx-0014	docx	adaptive	2	1503474	2
nist-docx-0014	docx	adaptive	3	1503475	2
nist-docx-0014	docx	adaptive	4	1503475	2
nist-docx-0014	docx	adaptive	5	1503475	2
nist-docx-0014	docx	hybrid	0	1515762	2
nist-docx-0014	docx	hybrid	1	1532144	2
nist-docx-0014	docx	hybrid	2	1556721	2
nist-docx-0014	docx	hybrid	3	1556722	2
nist-docx-0014	docx	hybrid	4	1564913	2
nist-docx-0014	docx	hybrid	5	1564913	2
nist-docx-0014	docx	hist	0	1949939	2
nist-docx-0014	docx	hist	5	1999091	2
nist-docx-0014	docx	vole	0	1194783	5
nist-docx-0014	docx	vole	1	1194783	5
nist-docx-0014	docx	vole	2	1194783	5
nist-docx-0014	docx	vole	3	1194783	5
nist-docx-0014	docx	vole	4	1194783	5
nist-docx-0014	docx	vole	5	1194783	5
nist-docx-0014	docx	minimal	0	1503474	2
nist-docx-0014	docx	fts	0	1540335	2
nist-docx-0014	docx	structural	0	1503477	2
nist-docx-0014	docx	structural	1	1532149	2
nist-docx-0014	docx	full	0	1515759	2
nist-docx-0014	docx	full	1	1532143	2
nist-docx-0014	docx	full	2	1556719	2
nist-docx-0014	docx	full	3	1556720	2
nist-docx-0014	docx	full	4	1564912	2
nist-docx-0014	docx	full	5	1564912	2
nist-docx-0014	docx	adaptive	0	1503475	2
nist-docx-0014	docx	adaptive	1	1503475	2
nist-docx-0014	docx	adaptive	2	1503475	2
nist-docx-0014	docx	adaptive	3	1503475	2
nist-docx-0014	docx	adaptive	4	1503474	2
nist-docx-0014	docx	adaptive	5	1503475	2
nist-docx-0014	docx	hybrid	0	1515761	2
nist-docx-0014	docx	hybrid	1	1532146	2
nist-docx-0014	docx	hybrid	2	1556722	2
nist-docx-0014	docx	hybrid	3	1556722	2
nist-docx-0014	docx	hybrid	4	1564913	2
nist-docx-0014	docx	hybrid	5	1564914	2
nist-docx-0014	docx	hist	0	1949939	2
nist-docx-0014	docx	hist	5	1999091	2
nist-docx-0014	docx	vole	0	1194783	5
nist-docx-0014	docx	vole	1	1194783	5
nist-docx-0014	docx	vole	2	1194783	5
nist-docx-0014	docx	vole	3	1194783	5
nist-docx-0014	docx	vole	4	1194783	5
nist-docx-0014	docx	vole	5	1194783	5
nist-docx-0014	docx	minimal	0	1503474	2
nist-docx-0014	docx	fts	0	1540335	2
nist-docx-0014	docx	structural	0	1503477	2
nist-docx-0014	docx	structural	1	1532149	2
nist-docx-0014	docx	full	0	1515759	2
nist-docx-0014	docx	full	1	1532143	2
nist-docx-0014	docx	full	2	1556720	2
nist-docx-0014	docx	full	3	1556720	2
nist-docx-0014	docx	full	4	1564912	2
nist-docx-0014	docx	full	5	1564912	2
nist-docx-0014	docx	adaptive	0	1503475	2
nist-docx-0014	docx	adaptive	1	1503475	2
nist-docx-0014	docx	adaptive	2	1503475	2
nist-docx-0014	docx	adaptive	3	1503476	2
nist-docx-0014	docx	adaptive	4	1503475	2
nist-docx-0014	docx	adaptive	5	1503475	2
nist-docx-0014	docx	hybrid	0	1515762	2
nist-docx-0014	docx	hybrid	1	1532145	2
nist-docx-0014	docx	hybrid	2	1556721	2
nist-docx-0014	docx	hybrid	3	1556722	2
nist-docx-0014	docx	hybrid	4	1564913	2
nist-docx-0014	docx	hybrid	5	1564914	2
nist-docx-0014	docx	hist	0	1949939	2
nist-docx-0014	docx	hist	5	1999091	2
nist-docx-0014	docx	vole	0	1194783	5
nist-docx-0014	docx	vole	1	1194783	5
nist-docx-0014	docx	vole	2	1194783	5
nist-docx-0014	docx	vole	3	1194783	5
nist-docx-0014	docx	vole	4	1194783	5
nist-docx-0014	docx	vole	5	1194783	5
nist-docx-0014	docx	minimal	0	1503474	2
nist-docx-0014	docx	fts	0	1540335	2
nist-docx-0014	docx	structural	0	1503477	2
nist-docx-0014	docx	structural	1	1532148	2
nist-docx-0014	docx	full	0	1515759	2
nist-docx-0014	docx	full	1	1532144	2
nist-docx-0014	docx	full	2	1556720	2
nist-docx-0014	docx	full	3	1556720	2
nist-docx-0014	docx	full	4	1564912	2
nist-docx-0014	docx	full	5	1564912	2
nist-docx-0014	docx	adaptive	0	1503475	2
nist-docx-0014	docx	adaptive	1	1503475	2
nist-docx-0014	docx	adaptive	2	1503475	2
nist-docx-0014	docx	adaptive	3	1503474	2
nist-docx-0014	docx	adaptive	4	1503475	2
nist-docx-0014	docx	adaptive	5	1503475	2
nist-docx-0014	docx	hybrid	0	1515761	2
nist-docx-0014	docx	hybrid	1	1532146	2
nist-docx-0014	docx	hybrid	2	1556722	2
nist-docx-0014	docx	hybrid	3	1556722	2
nist-docx-0014	docx	hybrid	4	1564913	2
nist-docx-0014	docx	hybrid	5	1564913	2
nist-docx-0014	docx	hist	0	1949939	2
nist-docx-0014	docx	hist	5	1999091	2
nist-docx-0014	docx	vole	0	1194783	5
nist-docx-0014	docx	vole	1	1194783	5
nist-docx-0014	docx	vole	2	1194783	5
nist-docx-0014	docx	vole	3	1194783	5
nist-docx-0014	docx	vole	4	1194783	5
nist-docx-0014	docx	vole	5	1194783	5
nist-docx-0014	docx	minimal	0	1503474	2
nist-docx-0014	docx	fts	0	1540335	2
nist-docx-0014	docx	structural	0	1503477	2
nist-docx-0014	docx	structural	1	1532150	2
nist-docx-0014	docx	full	0	1515759	2
nist-docx-0014	docx	full	1	1532143	2
nist-docx-0014	docx	full	2	1556720	2
nist-docx-0014	docx	full	3	1556720	2
nist-docx-0014	docx	full	4	1564912	2
nist-docx-0014	docx	full	5	1564912	2
nist-docx-0014	docx	adaptive	0	1503475	2
nist-docx-0014	docx	adaptive	1	1503475	2
nist-docx-0014	docx	adaptive	2	1503475	2
nist-docx-0014	docx	adaptive	3	1503475	2
nist-docx-0014	docx	adaptive	4	1503475	2
nist-docx-0014	docx	adaptive	5	1503476	2
nist-docx-0014	docx	hybrid	0	1515761	2
nist-docx-0014	docx	hybrid	1	1532146	2
nist-docx-0014	docx	hybrid	2	1556722	2
nist-docx-0014	docx	hybrid	3	1556722	2
nist-docx-0014	docx	hybrid	4	1564914	2
nist-docx-0014	docx	hybrid	5	1564914	2
nist-docx-0014	docx	hist	0	1949939	2
nist-docx-0014	docx	hist	5	1999091	2
nist-docx-0014	docx	vole	0	1194783	5
nist-docx-0014	docx	vole	1	1194783	5
nist-docx-0014	docx	vole	2	1194783	5
nist-docx-0014	docx	vole	3	1194783	5
nist-docx-0014	docx	vole	4	1194783	5
nist-docx-0014	docx	vole	5	1194783	5
nist-docx-0014	docx	minimal	0	1503474	2
nist-docx-0014	docx	fts	0	1540335	2
nist-docx-0014	docx	structural	0	1503477	2
nist-docx-0014	docx	structural	1	1532149	2
nist-docx-0014	docx	full	0	1515760	2
nist-docx-0014	docx	full	1	1532143	2
nist-docx-0014	docx	full	2	1556720	2
nist-docx-0014	docx	full	3	1556720	2
nist-docx-0014	docx	full	4	1564912	2
nist-docx-0014	docx	full	5	1564912	2
nist-docx-0014	docx	adaptive	0	1503475	2
nist-docx-0014	docx	adaptive	1	1503475	2
nist-docx-0014	docx	adaptive	2	1503475	2
nist-docx-0014	docx	adaptive	3	1503475	2
nist-docx-0014	docx	adaptive	4	1503475	2
nist-docx-0014	docx	adaptive	5	1503475	2
nist-docx-0014	docx	hybrid	0	1515761	2
nist-docx-0014	docx	hybrid	1	1532145	2
nist-docx-0014	docx	hybrid	2	1556722	2
nist-docx-0014	docx	hybrid	3	1556722	2
nist-docx-0014	docx	hybrid	4	1564913	2
nist-docx-0014	docx	hybrid	5	1564914	2
nist-docx-0014	docx	hist	0	1949939	2
nist-docx-0014	docx	hist	5	1999091	2
nist-docx-0014	docx	vole	0	1194783	5
nist-docx-0014	docx	vole	1	1194783	5
nist-docx-0014	docx	vole	2	1194783	5
nist-docx-0014	docx	vole	3	1194783	5
nist-docx-0014	docx	vole	4	1194783	5
nist-docx-0014	docx	vole	5	1194783	5
nist-docx-0014	docx	minimal	0	1503474	2
nist-docx-0014	docx	fts	0	1540334	2
nist-docx-0014	docx	structural	0	1503477	2
nist-docx-0014	docx	structural	1	1532148	2
nist-docx-0014	docx	full	0	1515759	2
nist-docx-0014	docx	full	1	1532143	2
nist-docx-0014	docx	full	2	1556719	2
nist-docx-0014	docx	full	3	1556720	2
nist-docx-0014	docx	full	4	1564912	2
nist-docx-0014	docx	full	5	1564912	2
nist-docx-0014	docx	adaptive	0	1503474	2
nist-docx-0014	docx	adaptive	1	1503475	2
nist-docx-0014	docx	adaptive	2	1503475	2
nist-docx-0014	docx	adaptive	3	1503476	2
nist-docx-0014	docx	adaptive	4	1503475	2
nist-docx-0014	docx	adaptive	5	1503475	2
nist-docx-0014	docx	hybrid	0	1515761	2
nist-docx-0014	docx	hybrid	1	1532145	2
nist-docx-0014	docx	hybrid	2	1556722	2
nist-docx-0014	docx	hybrid	3	1556722	2
nist-docx-0014	docx	hybrid	4	1564914	2
nist-docx-0014	docx	hybrid	5	1564913	2
nist-docx-0014	docx	hist	0	1949939	2
nist-docx-0014	docx	hist	5	1999091	2
nist-docx-0014	docx	vole	0	1194783	5
nist-docx-0014	docx	vole	1	1194783	5
nist-docx-0014	docx	vole	2	1194783	5
nist-docx-0014	docx	vole	3	1194783	5
nist-docx-0014	docx	vole	4	1194783	5
nist-docx-0014	docx	vole	5	1194783	5
nist-docx-0014	docx	minimal	0	1503475	2
nist-docx-0014	docx	fts	0	1540335	2
nist-docx-0014	docx	structural	0	1503477	2
nist-docx-0014	docx	structural	1	1532149	2
nist-docx-0014	docx	full	0	1515758	2
nist-docx-0014	docx	full	1	1532143	2
nist-docx-0014	docx	full	2	1556720	2
nist-docx-0014	docx	full	3	1556719	2
nist-docx-0014	docx	full	4	1564911	2
nist-docx-0014	docx	full	5	1564912	2
nist-docx-0014	docx	adaptive	0	1503475	2
nist-docx-0014	docx	adaptive	1	1503475	2
nist-docx-0014	docx	adaptive	2	1503475	2
nist-docx-0014	docx	adaptive	3	1503476	2
nist-docx-0014	docx	adaptive	4	1503475	2
nist-docx-0014	docx	adaptive	5	1503474	2
nist-docx-0014	docx	hybrid	0	1515761	2
nist-docx-0014	docx	hybrid	1	1532145	2
nist-docx-0014	docx	hybrid	2	1556721	2
nist-docx-0014	docx	hybrid	3	1556722	2
nist-docx-0014	docx	hybrid	4	1564914	2
nist-docx-0014	docx	hybrid	5	1564914	2
nist-docx-0014	docx	hist	0	1949939	2
nist-docx-0014	docx	hist	5	1999091	2
nist-docx-0014	docx	vole	0	1194783	5
nist-docx-0014	docx	vole	1	1194783	5
nist-docx-0014	docx	vole	2	1194783	5
nist-docx-0014	docx	vole	3	1194783	5
nist-docx-0014	docx	vole	4	1194783	5
nist-docx-0014	docx	vole	5	1194783	5
nist-docx-0014	docx	minimal	0	1503474	2
nist-docx-0014	docx	fts	0	1540335	2
nist-docx-0014	docx	structural	0	1503477	2
nist-docx-0014	docx	structural	1	1532149	2
nist-docx-0014	docx	full	0	1515759	2
nist-docx-0014	docx	full	1	1532143	2
nist-docx-0014	docx	full	2	1556719	2
nist-docx-0014	docx	full	3	1556720	2
nist-docx-0014	docx	full	4	1564912	2
nist-docx-0014	docx	full	5	1564912	2
nist-docx-0014	docx	adaptive	0	1503475	2
nist-docx-0014	docx	adaptive	1	1503476	2
nist-docx-0014	docx	adaptive	2	1503475	2
nist-docx-0014	docx	adaptive	3	1503475	2
nist-docx-0014	docx	adaptive	4	1503475	2
nist-docx-0014	docx	adaptive	5	1503475	2
nist-docx-0014	docx	hybrid	0	1515761	2
nist-docx-0014	docx	hybrid	1	1532145	2
nist-docx-0014	docx	hybrid	2	1556722	2
nist-docx-0014	docx	hybrid	3	1556721	2
nist-docx-0014	docx	hybrid	4	1564914	2
nist-docx-0014	docx	hybrid	5	1564914	2
nist-docx-0014	docx	hist	0	1949939	2
nist-docx-0014	docx	hist	5	1999091	2
nist-docx-0014	docx	vole	0	1194783	5
nist-docx-0014	docx	vole	1	1194783	5
nist-docx-0014	docx	vole	2	1194783	5
nist-docx-0014	docx	vole	3	1194783	5
nist-docx-0014	docx	vole	4	1194783	5
nist-docx-0014	docx	vole	5	1194783	5
nist-docx-0014	docx	minimal	0	1503474	2
nist-docx-0014	docx	fts	0	1540335	2
nist-docx-0014	docx	structural	0	1503477	2
nist-docx-0014	docx	structural	1	1532149	2
nist-docx-0014	docx	full	0	1515759	2
nist-docx-0014	docx	full	1	1532143	2
nist-docx-0014	docx	full	2	1556720	2
nist-docx-0014	docx	full	3	1556720	2
nist-docx-0014	docx	full	4	1564912	2
nist-docx-0014	docx	full	5	1564912	2
nist-docx-0014	docx	adaptive	0	1503475	2
nist-docx-0014	docx	adaptive	1	1503475	2
nist-docx-0014	docx	adaptive	2	1503476	2
nist-docx-0014	docx	adaptive	3	1503475	2
nist-docx-0014	docx	adaptive	4	1503475	2
nist-docx-0014	docx	adaptive	5	1503475	2
nist-docx-0014	docx	hybrid	0	1515761	2
nist-docx-0014	docx	hybrid	1	1532146	2
nist-docx-0014	docx	hybrid	2	1556722	2
nist-docx-0014	docx	hybrid	3	1556722	2
nist-docx-0014	docx	hybrid	4	1564914	2
nist-docx-0014	docx	hybrid	5	1564913	2
nist-docx-0014	docx	hist	0	1949939	2
nist-docx-0014	docx	hist	5	1999091	2
nist-docx-0014	docx	vole	0	1194783	5
nist-docx-0014	docx	vole	1	1194783	5
nist-docx-0014	docx	vole	2	1194783	5
nist-docx-0014	docx	vole	3	1194783	5
nist-docx-0014	docx	vole	4	1194783	5
nist-docx-0014	docx	vole	5	1194783	5
nist-epub-0003	epub	minimal	0	495852	2
nist-epub-0003	epub	fts	0	549096	2
nist-epub-0003	epub	structural	0	495855	2
nist-epub-0003	epub	structural	1	532719	2
nist-epub-0003	epub	full	0	512233	2
nist-epub-0003	epub	full	1	532713	2
nist-epub-0003	epub	full	2	585961	2
nist-epub-0003	epub	full	3	585961	2
nist-epub-0003	epub	full	4	594153	2
nist-epub-0003	epub	full	5	594153	2
nist-epub-0003	epub	adaptive	0	495853	2
nist-epub-0003	epub	adaptive	1	495853	2
nist-epub-0003	epub	adaptive	2	495853	2
nist-epub-0003	epub	adaptive	3	495853	2
nist-epub-0003	epub	adaptive	4	495853	2
nist-epub-0003	epub	adaptive	5	495853	2
nist-epub-0003	epub	hybrid	0	512235	2
nist-epub-0003	epub	hybrid	1	532715	2
nist-epub-0003	epub	hybrid	2	585963	2
nist-epub-0003	epub	hybrid	3	585963	2
nist-epub-0003	epub	hybrid	4	594155	2
nist-epub-0003	epub	hybrid	5	594155	2
nist-epub-0003	epub	hist	0	1052910	2
nist-epub-0003	epub	hist	5	1134830	2
nist-epub-0003	epub	vole	0	102901	5
nist-epub-0003	epub	vole	1	102901	5
nist-epub-0003	epub	vole	2	102901	5
nist-epub-0003	epub	vole	3	102901	5
nist-epub-0003	epub	vole	4	102901	5
nist-epub-0003	epub	vole	5	102901	5
nist-epub-0003	epub	minimal	0	495852	2
nist-epub-0003	epub	fts	0	549096	2
nist-epub-0003	epub	structural	0	495855	2
nist-epub-0003	epub	structural	1	532719	2
nist-epub-0003	epub	full	0	512233	2
nist-epub-0003	epub	full	1	532713	2
nist-epub-0003	epub	full	2	585961	2
nist-epub-0003	epub	full	3	585961	2
nist-epub-0003	epub	full	4	594153	2
nist-epub-0003	epub	full	5	594153	2
nist-epub-0003	epub	adaptive	0	495853	2
nist-epub-0003	epub	adaptive	1	495853	2
nist-epub-0003	epub	adaptive	2	495853	2
nist-epub-0003	epub	adaptive	3	495853	2
nist-epub-0003	epub	adaptive	4	495853	2
nist-epub-0003	epub	adaptive	5	495853	2
nist-epub-0003	epub	hybrid	0	512235	2
nist-epub-0003	epub	hybrid	1	532715	2
nist-epub-0003	epub	hybrid	2	585963	2
nist-epub-0003	epub	hybrid	3	585963	2
nist-epub-0003	epub	hybrid	4	594155	2
nist-epub-0003	epub	hybrid	5	594155	2
nist-epub-0003	epub	hist	0	1052910	2
nist-epub-0003	epub	hist	5	1134830	2
nist-epub-0003	epub	vole	0	102901	5
nist-epub-0003	epub	vole	1	102901	5
nist-epub-0003	epub	vole	2	102901	5
nist-epub-0003	epub	vole	3	102901	5
nist-epub-0003	epub	vole	4	102901	5
nist-epub-0003	epub	vole	5	102901	5
nist-epub-0003	epub	minimal	0	495852	2
nist-epub-0003	epub	fts	0	549096	2
nist-epub-0003	epub	structural	0	495855	2
nist-epub-0003	epub	structural	1	532719	2
nist-epub-0003	epub	full	0	512233	2
nist-epub-0003	epub	full	1	532713	2
nist-epub-0003	epub	full	2	585961	2
nist-epub-0003	epub	full	3	585961	2
nist-epub-0003	epub	full	4	594153	2
nist-epub-0003	epub	full	5	594153	2
nist-epub-0003	epub	adaptive	0	495853	2
nist-epub-0003	epub	adaptive	1	495853	2
nist-epub-0003	epub	adaptive	2	495853	2
nist-epub-0003	epub	adaptive	3	495853	2
nist-epub-0003	epub	adaptive	4	495853	2
nist-epub-0003	epub	adaptive	5	495853	2
nist-epub-0003	epub	hybrid	0	512235	2
nist-epub-0003	epub	hybrid	1	532715	2
nist-epub-0003	epub	hybrid	2	585963	2
nist-epub-0003	epub	hybrid	3	585963	2
nist-epub-0003	epub	hybrid	4	594155	2
nist-epub-0003	epub	hybrid	5	594155	2
nist-epub-0003	epub	hist	0	1052910	2
nist-epub-0003	epub	hist	5	1134830	2
nist-epub-0003	epub	vole	0	102901	5
nist-epub-0003	epub	vole	1	102901	5
nist-epub-0003	epub	vole	2	102901	5
nist-epub-0003	epub	vole	3	102901	5
nist-epub-0003	epub	vole	4	102901	5
nist-epub-0003	epub	vole	5	102901	5
nist-epub-0003	epub	minimal	0	495852	2
nist-epub-0003	epub	fts	0	549096	2
nist-epub-0003	epub	structural	0	495855	2
nist-epub-0003	epub	structural	1	532719	2
nist-epub-0003	epub	full	0	512233	2
nist-epub-0003	epub	full	1	532713	2
nist-epub-0003	epub	full	2	585961	2
nist-epub-0003	epub	full	3	585961	2
nist-epub-0003	epub	full	4	594153	2
nist-epub-0003	epub	full	5	594153	2
nist-epub-0003	epub	adaptive	0	495853	2
nist-epub-0003	epub	adaptive	1	495853	2
nist-epub-0003	epub	adaptive	2	495853	2
nist-epub-0003	epub	adaptive	3	495853	2
nist-epub-0003	epub	adaptive	4	495853	2
nist-epub-0003	epub	adaptive	5	495853	2
nist-epub-0003	epub	hybrid	0	512235	2
nist-epub-0003	epub	hybrid	1	532715	2
nist-epub-0003	epub	hybrid	2	585963	2
nist-epub-0003	epub	hybrid	3	585963	2
nist-epub-0003	epub	hybrid	4	594155	2
nist-epub-0003	epub	hybrid	5	594155	2
nist-epub-0003	epub	hist	0	1052910	2
nist-epub-0003	epub	hist	5	1134830	2
nist-epub-0003	epub	vole	0	102901	5
nist-epub-0003	epub	vole	1	102901	5
nist-epub-0003	epub	vole	2	102901	5
nist-epub-0003	epub	vole	3	102901	5
nist-epub-0003	epub	vole	4	102901	5
nist-epub-0003	epub	vole	5	102901	5
nist-epub-0003	epub	minimal	0	495852	2
nist-epub-0003	epub	fts	0	549096	2
nist-epub-0003	epub	structural	0	495855	2
nist-epub-0003	epub	structural	1	532719	2
nist-epub-0003	epub	full	0	512233	2
nist-epub-0003	epub	full	1	532713	2
nist-epub-0003	epub	full	2	585961	2
nist-epub-0003	epub	full	3	585961	2
nist-epub-0003	epub	full	4	594153	2
nist-epub-0003	epub	full	5	594153	2
nist-epub-0003	epub	adaptive	0	495853	2
nist-epub-0003	epub	adaptive	1	495853	2
nist-epub-0003	epub	adaptive	2	495853	2
nist-epub-0003	epub	adaptive	3	495853	2
nist-epub-0003	epub	adaptive	4	495853	2
nist-epub-0003	epub	adaptive	5	495853	2
nist-epub-0003	epub	hybrid	0	512235	2
nist-epub-0003	epub	hybrid	1	532715	2
nist-epub-0003	epub	hybrid	2	585963	2
nist-epub-0003	epub	hybrid	3	585963	2
nist-epub-0003	epub	hybrid	4	594155	2
nist-epub-0003	epub	hybrid	5	594155	2
nist-epub-0003	epub	hist	0	1052910	2
nist-epub-0003	epub	hist	5	1134830	2
nist-epub-0003	epub	vole	0	102901	5
nist-epub-0003	epub	vole	1	102901	5
nist-epub-0003	epub	vole	2	102901	5
nist-epub-0003	epub	vole	3	102901	5
nist-epub-0003	epub	vole	4	102901	5
nist-epub-0003	epub	vole	5	102901	5
nist-epub-0003	epub	minimal	0	495852	2
nist-epub-0003	epub	fts	0	549096	2
nist-epub-0003	epub	structural	0	495855	2
nist-epub-0003	epub	structural	1	532719	2
nist-epub-0003	epub	full	0	512233	2
nist-epub-0003	epub	full	1	532713	2
nist-epub-0003	epub	full	2	585961	2
nist-epub-0003	epub	full	3	585961	2
nist-epub-0003	epub	full	4	594153	2
nist-epub-0003	epub	full	5	594153	2
nist-epub-0003	epub	adaptive	0	495853	2
nist-epub-0003	epub	adaptive	1	495853	2
nist-epub-0003	epub	adaptive	2	495853	2
nist-epub-0003	epub	adaptive	3	495853	2
nist-epub-0003	epub	adaptive	4	495853	2
nist-epub-0003	epub	adaptive	5	495853	2
nist-epub-0003	epub	hybrid	0	512235	2
nist-epub-0003	epub	hybrid	1	532715	2
nist-epub-0003	epub	hybrid	2	585963	2
nist-epub-0003	epub	hybrid	3	585963	2
nist-epub-0003	epub	hybrid	4	594155	2
nist-epub-0003	epub	hybrid	5	594155	2
nist-epub-0003	epub	hist	0	1052910	2
nist-epub-0003	epub	hist	5	1134830	2
nist-epub-0003	epub	vole	0	102901	5
nist-epub-0003	epub	vole	1	102901	5
nist-epub-0003	epub	vole	2	102901	5
nist-epub-0003	epub	vole	3	102901	5
nist-epub-0003	epub	vole	4	102901	5
nist-epub-0003	epub	vole	5	102901	5
nist-epub-0003	epub	minimal	0	495852	2
nist-epub-0003	epub	fts	0	549096	2
nist-epub-0003	epub	structural	0	495855	2
nist-epub-0003	epub	structural	1	532719	2
nist-epub-0003	epub	full	0	512233	2
nist-epub-0003	epub	full	1	532713	2
nist-epub-0003	epub	full	2	585961	2
nist-epub-0003	epub	full	3	585961	2
nist-epub-0003	epub	full	4	594153	2
nist-epub-0003	epub	full	5	594153	2
nist-epub-0003	epub	adaptive	0	495853	2
nist-epub-0003	epub	adaptive	1	495853	2
nist-epub-0003	epub	adaptive	2	495853	2
nist-epub-0003	epub	adaptive	3	495853	2
nist-epub-0003	epub	adaptive	4	495853	2
nist-epub-0003	epub	adaptive	5	495853	2
nist-epub-0003	epub	hybrid	0	512235	2
nist-epub-0003	epub	hybrid	1	532715	2
nist-epub-0003	epub	hybrid	2	585963	2
nist-epub-0003	epub	hybrid	3	585963	2
nist-epub-0003	epub	hybrid	4	594155	2
nist-epub-0003	epub	hybrid	5	594155	2
nist-epub-0003	epub	hist	0	1052910	2
nist-epub-0003	epub	hist	5	1134830	2
nist-epub-0003	epub	vole	0	102901	5
nist-epub-0003	epub	vole	1	102901	5
nist-epub-0003	epub	vole	2	102901	5
nist-epub-0003	epub	vole	3	102901	5
nist-epub-0003	epub	vole	4	102901	5
nist-epub-0003	epub	vole	5	102901	5
nist-epub-0003	epub	minimal	0	495852	2
nist-epub-0003	epub	fts	0	549096	2
nist-epub-0003	epub	structural	0	495855	2
nist-epub-0003	epub	structural	1	532719	2
nist-epub-0003	epub	full	0	512233	2
nist-epub-0003	epub	full	1	532713	2
nist-epub-0003	epub	full	2	585961	2
nist-epub-0003	epub	full	3	585961	2
nist-epub-0003	epub	full	4	594153	2
nist-epub-0003	epub	full	5	594153	2
nist-epub-0003	epub	adaptive	0	495853	2
nist-epub-0003	epub	adaptive	1	495853	2
nist-epub-0003	epub	adaptive	2	495853	2
nist-epub-0003	epub	adaptive	3	495853	2
nist-epub-0003	epub	adaptive	4	495853	2
nist-epub-0003	epub	adaptive	5	495853	2
nist-epub-0003	epub	hybrid	0	512235	2
nist-epub-0003	epub	hybrid	1	532715	2
nist-epub-0003	epub	hybrid	2	585963	2
nist-epub-0003	epub	hybrid	3	585963	2
nist-epub-0003	epub	hybrid	4	594155	2
nist-epub-0003	epub	hybrid	5	594155	2
nist-epub-0003	epub	hist	0	1052910	2
nist-epub-0003	epub	hist	5	1134830	2
nist-epub-0003	epub	vole	0	102901	5
nist-epub-0003	epub	vole	1	102901	5
nist-epub-0003	epub	vole	2	102901	5
nist-epub-0003	epub	vole	3	102901	5
nist-epub-0003	epub	vole	4	102901	5
nist-epub-0003	epub	vole	5	102901	5
nist-epub-0003	epub	minimal	0	495852	2
nist-epub-0003	epub	fts	0	549096	2
nist-epub-0003	epub	structural	0	495855	2
nist-epub-0003	epub	structural	1	532719	2
nist-epub-0003	epub	full	0	512233	2
nist-epub-0003	epub	full	1	532713	2
nist-epub-0003	epub	full	2	585961	2
nist-epub-0003	epub	full	3	585961	2
nist-epub-0003	epub	full	4	594153	2
nist-epub-0003	epub	full	5	594153	2
nist-epub-0003	epub	adaptive	0	495853	2
nist-epub-0003	epub	adaptive	1	495853	2
nist-epub-0003	epub	adaptive	2	495853	2
nist-epub-0003	epub	adaptive	3	495853	2
nist-epub-0003	epub	adaptive	4	495853	2
nist-epub-0003	epub	adaptive	5	495853	2
nist-epub-0003	epub	hybrid	0	512235	2
nist-epub-0003	epub	hybrid	1	532715	2
nist-epub-0003	epub	hybrid	2	585963	2
nist-epub-0003	epub	hybrid	3	585963	2
nist-epub-0003	epub	hybrid	4	594155	2
nist-epub-0003	epub	hybrid	5	594155	2
nist-epub-0003	epub	hist	0	1052910	2
nist-epub-0003	epub	hist	5	1134830	2
nist-epub-0003	epub	vole	0	102901	5
nist-epub-0003	epub	vole	1	102901	5
nist-epub-0003	epub	vole	2	102901	5
nist-epub-0003	epub	vole	3	102901	5
nist-epub-0003	epub	vole	4	102901	5
nist-epub-0003	epub	vole	5	102901	5
nist-epub-0003	epub	minimal	0	495852	2
nist-epub-0003	epub	fts	0	549096	2
nist-epub-0003	epub	structural	0	495855	2
nist-epub-0003	epub	structural	1	532719	2
nist-epub-0003	epub	full	0	512233	2
nist-epub-0003	epub	full	1	532713	2
nist-epub-0003	epub	full	2	585961	2
nist-epub-0003	epub	full	3	585961	2
nist-epub-0003	epub	full	4	594153	2
nist-epub-0003	epub	full	5	594153	2
nist-epub-0003	epub	adaptive	0	495853	2
nist-epub-0003	epub	adaptive	1	495853	2
nist-epub-0003	epub	adaptive	2	495853	2
nist-epub-0003	epub	adaptive	3	495853	2
nist-epub-0003	epub	adaptive	4	495853	2
nist-epub-0003	epub	adaptive	5	495853	2
nist-epub-0003	epub	hybrid	0	512235	2
nist-epub-0003	epub	hybrid	1	532715	2
nist-epub-0003	epub	hybrid	2	585963	2
nist-epub-0003	epub	hybrid	3	585963	2
nist-epub-0003	epub	hybrid	4	594155	2
nist-epub-0003	epub	hybrid	5	594155	2
nist-epub-0003	epub	hist	0	1052910	2
nist-epub-0003	epub	hist	5	1134830	2
nist-epub-0003	epub	vole	0	102901	5
nist-epub-0003	epub	vole	1	102901	5
nist-epub-0003	epub	vole	2	102901	5
nist-epub-0003	epub	vole	3	102901	5
nist-epub-0003	epub	vole	4	102901	5
nist-epub-0003	epub	vole	5	102901	5
nist-epub-0006	epub	minimal	0	291053	2
nist-epub-0006	epub	fts	0	319721	2
nist-epub-0006	epub	structural	0	291056	2
nist-epub-0006	epub	structural	1	299248	2
nist-epub-0006	epub	full	0	295146	2
nist-epub-0006	epub	full	1	299242	2
nist-epub-0006	epub	full	2	319722	2
nist-epub-0006	epub	full	3	319722	2
nist-epub-0006	epub	full	4	327914	2
nist-epub-0006	epub	full	5	327914	2
nist-epub-0006	epub	adaptive	0	291054	2
nist-epub-0006	epub	adaptive	1	291054	2
nist-epub-0006	epub	adaptive	2	291054	2
nist-epub-0006	epub	adaptive	3	291054	2
nist-epub-0006	epub	adaptive	4	291054	2
nist-epub-0006	epub	adaptive	5	291054	2
nist-epub-0006	epub	hybrid	0	295148	2
nist-epub-0006	epub	hybrid	1	299244	2
nist-epub-0006	epub	hybrid	2	319724	2
nist-epub-0006	epub	hybrid	3	319724	2
nist-epub-0006	epub	hybrid	4	327916	2
nist-epub-0006	epub	hybrid	5	327916	2
nist-epub-0006	epub	hist	0	512238	2
nist-epub-0006	epub	hist	5	545006	2
nist-epub-0006	epub	vole	0	120183	5
nist-epub-0006	epub	vole	1	120183	5
nist-epub-0006	epub	vole	2	120183	5
nist-epub-0006	epub	vole	3	120183	5
nist-epub-0006	epub	vole	4	120183	5
nist-epub-0006	epub	vole	5	120183	5
nist-epub-0006	epub	minimal	0	291053	2
nist-epub-0006	epub	fts	0	319721	2
nist-epub-0006	epub	structural	0	291056	2
nist-epub-0006	epub	structural	1	299248	2
nist-epub-0006	epub	full	0	295146	2
nist-epub-0006	epub	full	1	299242	2
nist-epub-0006	epub	full	2	319722	2
nist-epub-0006	epub	full	3	319722	2
nist-epub-0006	epub	full	4	327914	2
nist-epub-0006	epub	full	5	327914	2
nist-epub-0006	epub	adaptive	0	291054	2
nist-epub-0006	epub	adaptive	1	291054	2
nist-epub-0006	epub	adaptive	2	291054	2
nist-epub-0006	epub	adaptive	3	291054	2
nist-epub-0006	epub	adaptive	4	291054	2
nist-epub-0006	epub	adaptive	5	291054	2
nist-epub-0006	epub	hybrid	0	295148	2
nist-epub-0006	epub	hybrid	1	299244	2
nist-epub-0006	epub	hybrid	2	319724	2
nist-epub-0006	epub	hybrid	3	319724	2
nist-epub-0006	epub	hybrid	4	327916	2
nist-epub-0006	epub	hybrid	5	327916	2
nist-epub-0006	epub	hist	0	512238	2
nist-epub-0006	epub	hist	5	545006	2
nist-epub-0006	epub	vole	0	120183	5
nist-epub-0006	epub	vole	1	120183	5
nist-epub-0006	epub	vole	2	120183	5
nist-epub-0006	epub	vole	3	120183	5
nist-epub-0006	epub	vole	4	120183	5
nist-epub-0006	epub	vole	5	120183	5
nist-epub-0006	epub	minimal	0	291053	2
nist-epub-0006	epub	fts	0	319721	2
nist-epub-0006	epub	structural	0	291056	2
nist-epub-0006	epub	structural	1	299248	2
nist-epub-0006	epub	full	0	295146	2
nist-epub-0006	epub	full	1	299242	2
nist-epub-0006	epub	full	2	319722	2
nist-epub-0006	epub	full	3	319722	2
nist-epub-0006	epub	full	4	327914	2
nist-epub-0006	epub	full	5	327914	2
nist-epub-0006	epub	adaptive	0	291054	2
nist-epub-0006	epub	adaptive	1	291054	2
nist-epub-0006	epub	adaptive	2	291054	2
nist-epub-0006	epub	adaptive	3	291054	2
nist-epub-0006	epub	adaptive	4	291054	2
nist-epub-0006	epub	adaptive	5	291054	2
nist-epub-0006	epub	hybrid	0	295148	2
nist-epub-0006	epub	hybrid	1	299244	2
nist-epub-0006	epub	hybrid	2	319724	2
nist-epub-0006	epub	hybrid	3	319724	2
nist-epub-0006	epub	hybrid	4	327916	2
nist-epub-0006	epub	hybrid	5	327916	2
nist-epub-0006	epub	hist	0	512238	2
nist-epub-0006	epub	hist	5	545006	2
nist-epub-0006	epub	vole	0	120183	5
nist-epub-0006	epub	vole	1	120183	5
nist-epub-0006	epub	vole	2	120183	5
nist-epub-0006	epub	vole	3	120183	5
nist-epub-0006	epub	vole	4	120183	5
nist-epub-0006	epub	vole	5	120183	5
nist-epub-0006	epub	minimal	0	291053	2
nist-epub-0006	epub	fts	0	319721	2
nist-epub-0006	epub	structural	0	291056	2
nist-epub-0006	epub	structural	1	299248	2
nist-epub-0006	epub	full	0	295146	2
nist-epub-0006	epub	full	1	299242	2
nist-epub-0006	epub	full	2	319722	2
nist-epub-0006	epub	full	3	319722	2
nist-epub-0006	epub	full	4	327914	2
nist-epub-0006	epub	full	5	327914	2
nist-epub-0006	epub	adaptive	0	291054	2
nist-epub-0006	epub	adaptive	1	291054	2
nist-epub-0006	epub	adaptive	2	291054	2
nist-epub-0006	epub	adaptive	3	291054	2
nist-epub-0006	epub	adaptive	4	291054	2
nist-epub-0006	epub	adaptive	5	291054	2
nist-epub-0006	epub	hybrid	0	295148	2
nist-epub-0006	epub	hybrid	1	299244	2
nist-epub-0006	epub	hybrid	2	319724	2
nist-epub-0006	epub	hybrid	3	319724	2
nist-epub-0006	epub	hybrid	4	327916	2
nist-epub-0006	epub	hybrid	5	327916	2
nist-epub-0006	epub	hist	0	512238	2
nist-epub-0006	epub	hist	5	545006	2
nist-epub-0006	epub	vole	0	120183	5
nist-epub-0006	epub	vole	1	120183	5
nist-epub-0006	epub	vole	2	120183	5
nist-epub-0006	epub	vole	3	120183	5
nist-epub-0006	epub	vole	4	120183	5
nist-epub-0006	epub	vole	5	120183	5
nist-epub-0006	epub	minimal	0	291053	2
nist-epub-0006	epub	fts	0	319721	2
nist-epub-0006	epub	structural	0	291056	2
nist-epub-0006	epub	structural	1	299248	2
nist-epub-0006	epub	full	0	295146	2
nist-epub-0006	epub	full	1	299242	2
nist-epub-0006	epub	full	2	319722	2
nist-epub-0006	epub	full	3	319722	2
nist-epub-0006	epub	full	4	327914	2
nist-epub-0006	epub	full	5	327914	2
nist-epub-0006	epub	adaptive	0	291054	2
nist-epub-0006	epub	adaptive	1	291054	2
nist-epub-0006	epub	adaptive	2	291054	2
nist-epub-0006	epub	adaptive	3	291054	2
nist-epub-0006	epub	adaptive	4	291054	2
nist-epub-0006	epub	adaptive	5	291054	2
nist-epub-0006	epub	hybrid	0	295148	2
nist-epub-0006	epub	hybrid	1	299244	2
nist-epub-0006	epub	hybrid	2	319724	2
nist-epub-0006	epub	hybrid	3	319724	2
nist-epub-0006	epub	hybrid	4	327916	2
nist-epub-0006	epub	hybrid	5	327916	2
nist-epub-0006	epub	hist	0	512238	2
nist-epub-0006	epub	hist	5	545006	2
nist-epub-0006	epub	vole	0	120183	5
nist-epub-0006	epub	vole	1	120183	5
nist-epub-0006	epub	vole	2	120183	5
nist-epub-0006	epub	vole	3	120183	5
nist-epub-0006	epub	vole	4	120183	5
nist-epub-0006	epub	vole	5	120183	5
nist-epub-0006	epub	minimal	0	291053	2
nist-epub-0006	epub	fts	0	319721	2
nist-epub-0006	epub	structural	0	291056	2
nist-epub-0006	epub	structural	1	299248	2
nist-epub-0006	epub	full	0	295146	2
nist-epub-0006	epub	full	1	299242	2
nist-epub-0006	epub	full	2	319722	2
nist-epub-0006	epub	full	3	319722	2
nist-epub-0006	epub	full	4	327914	2
nist-epub-0006	epub	full	5	327914	2
nist-epub-0006	epub	adaptive	0	291054	2
nist-epub-0006	epub	adaptive	1	291054	2
nist-epub-0006	epub	adaptive	2	291054	2
nist-epub-0006	epub	adaptive	3	291054	2
nist-epub-0006	epub	adaptive	4	291054	2
nist-epub-0006	epub	adaptive	5	291054	2
nist-epub-0006	epub	hybrid	0	295148	2
nist-epub-0006	epub	hybrid	1	299244	2
nist-epub-0006	epub	hybrid	2	319724	2
nist-epub-0006	epub	hybrid	3	319724	2
nist-epub-0006	epub	hybrid	4	327916	2
nist-epub-0006	epub	hybrid	5	327916	2
nist-epub-0006	epub	hist	0	512238	2
nist-epub-0006	epub	hist	5	545006	2
nist-epub-0006	epub	vole	0	120183	5
nist-epub-0006	epub	vole	1	120183	5
nist-epub-0006	epub	vole	2	120183	5
nist-epub-0006	epub	vole	3	120183	5
nist-epub-0006	epub	vole	4	120183	5
nist-epub-0006	epub	vole	5	120183	5
nist-epub-0006	epub	minimal	0	291053	2
nist-epub-0006	epub	fts	0	319721	2
nist-epub-0006	epub	structural	0	291056	2
nist-epub-0006	epub	structural	1	299248	2
nist-epub-0006	epub	full	0	295146	2
nist-epub-0006	epub	full	1	299242	2
nist-epub-0006	epub	full	2	319722	2
nist-epub-0006	epub	full	3	319722	2
nist-epub-0006	epub	full	4	327914	2
nist-epub-0006	epub	full	5	327914	2
nist-epub-0006	epub	adaptive	0	291054	2
nist-epub-0006	epub	adaptive	1	291054	2
nist-epub-0006	epub	adaptive	2	291054	2
nist-epub-0006	epub	adaptive	3	291054	2
nist-epub-0006	epub	adaptive	4	291054	2
nist-epub-0006	epub	adaptive	5	291054	2
nist-epub-0006	epub	hybrid	0	295148	2
nist-epub-0006	epub	hybrid	1	299244	2
nist-epub-0006	epub	hybrid	2	319724	2
nist-epub-0006	epub	hybrid	3	319724	2
nist-epub-0006	epub	hybrid	4	327916	2
nist-epub-0006	epub	hybrid	5	327916	2
nist-epub-0006	epub	hist	0	512238	2
nist-epub-0006	epub	hist	5	545006	2
nist-epub-0006	epub	vole	0	120183	5
nist-epub-0006	epub	vole	1	120183	5
nist-epub-0006	epub	vole	2	120183	5
nist-epub-0006	epub	vole	3	120183	5
nist-epub-0006	epub	vole	4	120183	5
nist-epub-0006	epub	vole	5	120183	5
nist-epub-0006	epub	minimal	0	291053	2
nist-epub-0006	epub	fts	0	319721	2
nist-epub-0006	epub	structural	0	291056	2
nist-epub-0006	epub	structural	1	299248	2
nist-epub-0006	epub	full	0	295146	2
nist-epub-0006	epub	full	1	299242	2
nist-epub-0006	epub	full	2	319722	2
nist-epub-0006	epub	full	3	319722	2
nist-epub-0006	epub	full	4	327914	2
nist-epub-0006	epub	full	5	327914	2
nist-epub-0006	epub	adaptive	0	291054	2
nist-epub-0006	epub	adaptive	1	291054	2
nist-epub-0006	epub	adaptive	2	291054	2
nist-epub-0006	epub	adaptive	3	291054	2
nist-epub-0006	epub	adaptive	4	291054	2
nist-epub-0006	epub	adaptive	5	291054	2
nist-epub-0006	epub	hybrid	0	295148	2
nist-epub-0006	epub	hybrid	1	299244	2
nist-epub-0006	epub	hybrid	2	319724	2
nist-epub-0006	epub	hybrid	3	319724	2
nist-epub-0006	epub	hybrid	4	327916	2
nist-epub-0006	epub	hybrid	5	327916	2
nist-epub-0006	epub	hist	0	512238	2
nist-epub-0006	epub	hist	5	545006	2
nist-epub-0006	epub	vole	0	120183	5
nist-epub-0006	epub	vole	1	120183	5
nist-epub-0006	epub	vole	2	120183	5
nist-epub-0006	epub	vole	3	120183	5
nist-epub-0006	epub	vole	4	120183	5
nist-epub-0006	epub	vole	5	120183	5
nist-epub-0006	epub	minimal	0	291053	2
nist-epub-0006	epub	fts	0	319721	2
nist-epub-0006	epub	structural	0	291056	2
nist-epub-0006	epub	structural	1	299248	2
nist-epub-0006	epub	full	0	295146	2
nist-epub-0006	epub	full	1	299242	2
nist-epub-0006	epub	full	2	319722	2
nist-epub-0006	epub	full	3	319722	2
nist-epub-0006	epub	full	4	327914	2
nist-epub-0006	epub	full	5	327914	2
nist-epub-0006	epub	adaptive	0	291054	2
nist-epub-0006	epub	adaptive	1	291054	2
nist-epub-0006	epub	adaptive	2	291054	2
nist-epub-0006	epub	adaptive	3	291054	2
nist-epub-0006	epub	adaptive	4	291054	2
nist-epub-0006	epub	adaptive	5	291054	2
nist-epub-0006	epub	hybrid	0	295148	2
nist-epub-0006	epub	hybrid	1	299244	2
nist-epub-0006	epub	hybrid	2	319724	2
nist-epub-0006	epub	hybrid	3	319724	2
nist-epub-0006	epub	hybrid	4	327916	2
nist-epub-0006	epub	hybrid	5	327916	2
nist-epub-0006	epub	hist	0	512238	2
nist-epub-0006	epub	hist	5	545006	2
nist-epub-0006	epub	vole	0	120183	5
nist-epub-0006	epub	vole	1	120183	5
nist-epub-0006	epub	vole	2	120183	5
nist-epub-0006	epub	vole	3	120183	5
nist-epub-0006	epub	vole	4	120183	5
nist-epub-0006	epub	vole	5	120183	5
nist-epub-0006	epub	minimal	0	291053	2
nist-epub-0006	epub	fts	0	319721	2
nist-epub-0006	epub	structural	0	291056	2
nist-epub-0006	epub	structural	1	299248	2
nist-epub-0006	epub	full	0	295146	2
nist-epub-0006	epub	full	1	299242	2
nist-epub-0006	epub	full	2	319722	2
nist-epub-0006	epub	full	3	319722	2
nist-epub-0006	epub	full	4	327914	2
nist-epub-0006	epub	full	5	327914	2
nist-epub-0006	epub	adaptive	0	291054	2
nist-epub-0006	epub	adaptive	1	291054	2
nist-epub-0006	epub	adaptive	2	291054	2
nist-epub-0006	epub	adaptive	3	291054	2
nist-epub-0006	epub	adaptive	4	291054	2
nist-epub-0006	epub	adaptive	5	291054	2
nist-epub-0006	epub	hybrid	0	295148	2
nist-epub-0006	epub	hybrid	1	299244	2
nist-epub-0006	epub	hybrid	2	319724	2
nist-epub-0006	epub	hybrid	3	319724	2
nist-epub-0006	epub	hybrid	4	327916	2
nist-epub-0006	epub	hybrid	5	327916	2
nist-epub-0006	epub	hist	0	512238	2
nist-epub-0006	epub	hist	5	545006	2
nist-epub-0006	epub	vole	0	120183	5
nist-epub-0006	epub	vole	1	120183	5
nist-epub-0006	epub	vole	2	120183	5
nist-epub-0006	epub	vole	3	120183	5
nist-epub-0006	epub	vole	4	120183	5
nist-epub-0006	epub	vole	5	120183	5
nist-epub-0008	epub	minimal	0	106728	2
nist-epub-0008	epub	fts	0	127204	2
nist-epub-0008	epub	structural	0	106731	2
nist-epub-0008	epub	structural	1	114923	2
nist-epub-0008	epub	full	0	110821	2
nist-epub-0008	epub	full	1	114917	2
nist-epub-0008	epub	full	2	131301	2
nist-epub-0008	epub	full	3	131301	2
nist-epub-0008	epub	full	4	139493	2
nist-epub-0008	epub	full	5	139493	2
nist-epub-0008	epub	adaptive	0	106729	2
nist-epub-0008	epub	adaptive	1	106729	2
nist-epub-0008	epub	adaptive	2	106729	2
nist-epub-0008	epub	adaptive	3	106729	2
nist-epub-0008	epub	adaptive	4	106729	2
nist-epub-0008	epub	adaptive	5	106729	2
nist-epub-0008	epub	hybrid	0	110823	2
nist-epub-0008	epub	hybrid	1	114919	2
nist-epub-0008	epub	hybrid	2	131303	2
nist-epub-0008	epub	hybrid	3	131303	2
nist-epub-0008	epub	hybrid	4	139495	2
nist-epub-0008	epub	hybrid	5	139495	2
nist-epub-0008	epub	hist	0	209126	2
nist-epub-0008	epub	hist	5	237798	2
nist-epub-0008	epub	vole	0	45867	5
nist-epub-0008	epub	vole	1	45867	5
nist-epub-0008	epub	vole	2	45867	5
nist-epub-0008	epub	vole	3	45867	5
nist-epub-0008	epub	vole	4	45867	5
nist-epub-0008	epub	vole	5	45867	5
nist-epub-0008	epub	minimal	0	106728	2
nist-epub-0008	epub	fts	0	127204	2
nist-epub-0008	epub	structural	0	106731	2
nist-epub-0008	epub	structural	1	114923	2
nist-epub-0008	epub	full	0	110821	2
nist-epub-0008	epub	full	1	114917	2
nist-epub-0008	epub	full	2	131301	2
nist-epub-0008	epub	full	3	131301	2
nist-epub-0008	epub	full	4	139493	2
nist-epub-0008	epub	full	5	139493	2
nist-epub-0008	epub	adaptive	0	106729	2
nist-epub-0008	epub	adaptive	1	106729	2
nist-epub-0008	epub	adaptive	2	106729	2
nist-epub-0008	epub	adaptive	3	106729	2
nist-epub-0008	epub	adaptive	4	106729	2
nist-epub-0008	epub	adaptive	5	106729	2
nist-epub-0008	epub	hybrid	0	110823	2
nist-epub-0008	epub	hybrid	1	114919	2
nist-epub-0008	epub	hybrid	2	131303	2
nist-epub-0008	epub	hybrid	3	131303	2
nist-epub-0008	epub	hybrid	4	139495	2
nist-epub-0008	epub	hybrid	5	139495	2
nist-epub-0008	epub	hist	0	209126	2
nist-epub-0008	epub	hist	5	237798	2
nist-epub-0008	epub	vole	0	45867	5
nist-epub-0008	epub	vole	1	45867	5
nist-epub-0008	epub	vole	2	45867	5
nist-epub-0008	epub	vole	3	45867	5
nist-epub-0008	epub	vole	4	45867	5
nist-epub-0008	epub	vole	5	45867	5
nist-epub-0008	epub	minimal	0	106728	2
nist-epub-0008	epub	fts	0	127204	2
nist-epub-0008	epub	structural	0	106731	2
nist-epub-0008	epub	structural	1	114923	2
nist-epub-0008	epub	full	0	110821	2
nist-epub-0008	epub	full	1	114917	2
nist-epub-0008	epub	full	2	131301	2
nist-epub-0008	epub	full	3	131301	2
nist-epub-0008	epub	full	4	139493	2
nist-epub-0008	epub	full	5	139493	2
nist-epub-0008	epub	adaptive	0	106729	2
nist-epub-0008	epub	adaptive	1	106729	2
nist-epub-0008	epub	adaptive	2	106729	2
nist-epub-0008	epub	adaptive	3	106729	2
nist-epub-0008	epub	adaptive	4	106729	2
nist-epub-0008	epub	adaptive	5	106729	2
nist-epub-0008	epub	hybrid	0	110823	2
nist-epub-0008	epub	hybrid	1	114919	2
nist-epub-0008	epub	hybrid	2	131303	2
nist-epub-0008	epub	hybrid	3	131303	2
nist-epub-0008	epub	hybrid	4	139495	2
nist-epub-0008	epub	hybrid	5	139495	2
nist-epub-0008	epub	hist	0	209126	2
nist-epub-0008	epub	hist	5	237798	2
nist-epub-0008	epub	vole	0	45867	5
nist-epub-0008	epub	vole	1	45867	5
nist-epub-0008	epub	vole	2	45867	5
nist-epub-0008	epub	vole	3	45867	5
nist-epub-0008	epub	vole	4	45867	5
nist-epub-0008	epub	vole	5	45867	5
nist-epub-0008	epub	minimal	0	106728	2
nist-epub-0008	epub	fts	0	127204	2
nist-epub-0008	epub	structural	0	106731	2
nist-epub-0008	epub	structural	1	114923	2
nist-epub-0008	epub	full	0	110821	2
nist-epub-0008	epub	full	1	114917	2
nist-epub-0008	epub	full	2	131301	2
nist-epub-0008	epub	full	3	131301	2
nist-epub-0008	epub	full	4	139493	2
nist-epub-0008	epub	full	5	139493	2
nist-epub-0008	epub	adaptive	0	106729	2
nist-epub-0008	epub	adaptive	1	106729	2
nist-epub-0008	epub	adaptive	2	106729	2
nist-epub-0008	epub	adaptive	3	106729	2
nist-epub-0008	epub	adaptive	4	106729	2
nist-epub-0008	epub	adaptive	5	106729	2
nist-epub-0008	epub	hybrid	0	110823	2
nist-epub-0008	epub	hybrid	1	114919	2
nist-epub-0008	epub	hybrid	2	131303	2
nist-epub-0008	epub	hybrid	3	131303	2
nist-epub-0008	epub	hybrid	4	139495	2
nist-epub-0008	epub	hybrid	5	139495	2
nist-epub-0008	epub	hist	0	209126	2
nist-epub-0008	epub	hist	5	237798	2
nist-epub-0008	epub	vole	0	45867	5
nist-epub-0008	epub	vole	1	45867	5
nist-epub-0008	epub	vole	2	45867	5
nist-epub-0008	epub	vole	3	45867	5
nist-epub-0008	epub	vole	4	45867	5
nist-epub-0008	epub	vole	5	45867	5
nist-epub-0008	epub	minimal	0	106728	2
nist-epub-0008	epub	fts	0	127204	2
nist-epub-0008	epub	structural	0	106731	2
nist-epub-0008	epub	structural	1	114923	2
nist-epub-0008	epub	full	0	110821	2
nist-epub-0008	epub	full	1	114917	2
nist-epub-0008	epub	full	2	131301	2
nist-epub-0008	epub	full	3	131301	2
nist-epub-0008	epub	full	4	139493	2
nist-epub-0008	epub	full	5	139493	2
nist-epub-0008	epub	adaptive	0	106729	2
nist-epub-0008	epub	adaptive	1	106729	2
nist-epub-0008	epub	adaptive	2	106729	2
nist-epub-0008	epub	adaptive	3	106729	2
nist-epub-0008	epub	adaptive	4	106729	2
nist-epub-0008	epub	adaptive	5	106729	2
nist-epub-0008	epub	hybrid	0	110823	2
nist-epub-0008	epub	hybrid	1	114919	2
nist-epub-0008	epub	hybrid	2	131303	2
nist-epub-0008	epub	hybrid	3	131303	2
nist-epub-0008	epub	hybrid	4	139495	2
nist-epub-0008	epub	hybrid	5	139495	2
nist-epub-0008	epub	hist	0	209126	2
nist-epub-0008	epub	hist	5	237798	2
nist-epub-0008	epub	vole	0	45867	5
nist-epub-0008	epub	vole	1	45867	5
nist-epub-0008	epub	vole	2	45867	5
nist-epub-0008	epub	vole	3	45867	5
nist-epub-0008	epub	vole	4	45867	5
nist-epub-0008	epub	vole	5	45867	5
nist-epub-0008	epub	minimal	0	106728	2
nist-epub-0008	epub	fts	0	127204	2
nist-epub-0008	epub	structural	0	106731	2
nist-epub-0008	epub	structural	1	114923	2
nist-epub-0008	epub	full	0	110821	2
nist-epub-0008	epub	full	1	114917	2
nist-epub-0008	epub	full	2	131301	2
nist-epub-0008	epub	full	3	131301	2
nist-epub-0008	epub	full	4	139493	2
nist-epub-0008	epub	full	5	139493	2
nist-epub-0008	epub	adaptive	0	106729	2
nist-epub-0008	epub	adaptive	1	106729	2
nist-epub-0008	epub	adaptive	2	106729	2
nist-epub-0008	epub	adaptive	3	106729	2
nist-epub-0008	epub	adaptive	4	106729	2
nist-epub-0008	epub	adaptive	5	106729	2
nist-epub-0008	epub	hybrid	0	110823	2
nist-epub-0008	epub	hybrid	1	114919	2
nist-epub-0008	epub	hybrid	2	131303	2
nist-epub-0008	epub	hybrid	3	131303	2
nist-epub-0008	epub	hybrid	4	139495	2
nist-epub-0008	epub	hybrid	5	139495	2
nist-epub-0008	epub	hist	0	209126	2
nist-epub-0008	epub	hist	5	237798	2
nist-epub-0008	epub	vole	0	45867	5
nist-epub-0008	epub	vole	1	45867	5
nist-epub-0008	epub	vole	2	45867	5
nist-epub-0008	epub	vole	3	45867	5
nist-epub-0008	epub	vole	4	45867	5
nist-epub-0008	epub	vole	5	45867	5
nist-epub-0008	epub	minimal	0	106728	2
nist-epub-0008	epub	fts	0	127204	2
nist-epub-0008	epub	structural	0	106731	2
nist-epub-0008	epub	structural	1	114923	2
nist-epub-0008	epub	full	0	110821	2
nist-epub-0008	epub	full	1	114917	2
nist-epub-0008	epub	full	2	131301	2
nist-epub-0008	epub	full	3	131301	2
nist-epub-0008	epub	full	4	139493	2
nist-epub-0008	epub	full	5	139493	2
nist-epub-0008	epub	adaptive	0	106729	2
nist-epub-0008	epub	adaptive	1	106729	2
nist-epub-0008	epub	adaptive	2	106729	2
nist-epub-0008	epub	adaptive	3	106729	2
nist-epub-0008	epub	adaptive	4	106729	2
nist-epub-0008	epub	adaptive	5	106729	2
nist-epub-0008	epub	hybrid	0	110823	2
nist-epub-0008	epub	hybrid	1	114919	2
nist-epub-0008	epub	hybrid	2	131303	2
nist-epub-0008	epub	hybrid	3	131303	2
nist-epub-0008	epub	hybrid	4	139495	2
nist-epub-0008	epub	hybrid	5	139495	2
nist-epub-0008	epub	hist	0	209126	2
nist-epub-0008	epub	hist	5	237798	2
nist-epub-0008	epub	vole	0	45867	5
nist-epub-0008	epub	vole	1	45867	5
nist-epub-0008	epub	vole	2	45867	5
nist-epub-0008	epub	vole	3	45867	5
nist-epub-0008	epub	vole	4	45867	5
nist-epub-0008	epub	vole	5	45867	5
nist-epub-0008	epub	minimal	0	106728	2
nist-epub-0008	epub	fts	0	127204	2
nist-epub-0008	epub	structural	0	106731	2
nist-epub-0008	epub	structural	1	114923	2
nist-epub-0008	epub	full	0	110821	2
nist-epub-0008	epub	full	1	114917	2
nist-epub-0008	epub	full	2	131301	2
nist-epub-0008	epub	full	3	131301	2
nist-epub-0008	epub	full	4	139493	2
nist-epub-0008	epub	full	5	139493	2
nist-epub-0008	epub	adaptive	0	106729	2
nist-epub-0008	epub	adaptive	1	106729	2
nist-epub-0008	epub	adaptive	2	106729	2
nist-epub-0008	epub	adaptive	3	106729	2
nist-epub-0008	epub	adaptive	4	106729	2
nist-epub-0008	epub	adaptive	5	106729	2
nist-epub-0008	epub	hybrid	0	110823	2
nist-epub-0008	epub	hybrid	1	114919	2
nist-epub-0008	epub	hybrid	2	131303	2
nist-epub-0008	epub	hybrid	3	131303	2
nist-epub-0008	epub	hybrid	4	139495	2
nist-epub-0008	epub	hybrid	5	139495	2
nist-epub-0008	epub	hist	0	209126	2
nist-epub-0008	epub	hist	5	237798	2
nist-epub-0008	epub	vole	0	45867	5
nist-epub-0008	epub	vole	1	45867	5
nist-epub-0008	epub	vole	2	45867	5
nist-epub-0008	epub	vole	3	45867	5
nist-epub-0008	epub	vole	4	45867	5
nist-epub-0008	epub	vole	5	45867	5
nist-epub-0008	epub	minimal	0	106728	2
nist-epub-0008	epub	fts	0	127204	2
nist-epub-0008	epub	structural	0	106731	2
nist-epub-0008	epub	structural	1	114923	2
nist-epub-0008	epub	full	0	110821	2
nist-epub-0008	epub	full	1	114917	2
nist-epub-0008	epub	full	2	131301	2
nist-epub-0008	epub	full	3	131301	2
nist-epub-0008	epub	full	4	139493	2
nist-epub-0008	epub	full	5	139493	2
nist-epub-0008	epub	adaptive	0	106729	2
nist-epub-0008	epub	adaptive	1	106729	2
nist-epub-0008	epub	adaptive	2	106729	2
nist-epub-0008	epub	adaptive	3	106729	2
nist-epub-0008	epub	adaptive	4	106729	2
nist-epub-0008	epub	adaptive	5	106729	2
nist-epub-0008	epub	hybrid	0	110823	2
nist-epub-0008	epub	hybrid	1	114919	2
nist-epub-0008	epub	hybrid	2	131303	2
nist-epub-0008	epub	hybrid	3	131303	2
nist-epub-0008	epub	hybrid	4	139495	2
nist-epub-0008	epub	hybrid	5	139495	2
nist-epub-0008	epub	hist	0	209126	2
nist-epub-0008	epub	hist	5	237798	2
nist-epub-0008	epub	vole	0	45867	5
nist-epub-0008	epub	vole	1	45867	5
nist-epub-0008	epub	vole	2	45867	5
nist-epub-0008	epub	vole	3	45867	5
nist-epub-0008	epub	vole	4	45867	5
nist-epub-0008	epub	vole	5	45867	5
nist-epub-0008	epub	minimal	0	106728	2
nist-epub-0008	epub	fts	0	127204	2
nist-epub-0008	epub	structural	0	106731	2
nist-epub-0008	epub	structural	1	114923	2
nist-epub-0008	epub	full	0	110821	2
nist-epub-0008	epub	full	1	114917	2
nist-epub-0008	epub	full	2	131301	2
nist-epub-0008	epub	full	3	131301	2
nist-epub-0008	epub	full	4	139493	2
nist-epub-0008	epub	full	5	139493	2
nist-epub-0008	epub	adaptive	0	106729	2
nist-epub-0008	epub	adaptive	1	106729	2
nist-epub-0008	epub	adaptive	2	106729	2
nist-epub-0008	epub	adaptive	3	106729	2
nist-epub-0008	epub	adaptive	4	106729	2
nist-epub-0008	epub	adaptive	5	106729	2
nist-epub-0008	epub	hybrid	0	110823	2
nist-epub-0008	epub	hybrid	1	114919	2
nist-epub-0008	epub	hybrid	2	131303	2
nist-epub-0008	epub	hybrid	3	131303	2
nist-epub-0008	epub	hybrid	4	139495	2
nist-epub-0008	epub	hybrid	5	139495	2
nist-epub-0008	epub	hist	0	209126	2
nist-epub-0008	epub	hist	5	237798	2
nist-epub-0008	epub	vole	0	45867	5
nist-epub-0008	epub	vole	1	45867	5
nist-epub-0008	epub	vole	2	45867	5
nist-epub-0008	epub	vole	3	45867	5
nist-epub-0008	epub	vole	4	45867	5
nist-epub-0008	epub	vole	5	45867	5
nist-epub-0009	epub	minimal	0	1831152	2
nist-epub-0009	epub	fts	0	1900780	2
nist-epub-0009	epub	structural	0	1831155	2
nist-epub-0009	epub	structural	1	1868019	2
nist-epub-0009	epub	full	0	1847533	2
nist-epub-0009	epub	full	1	1868013	2
nist-epub-0009	epub	full	2	1925357	2
nist-epub-0009	epub	full	3	1925357	2
nist-epub-0009	epub	full	4	1933549	2
nist-epub-0009	epub	full	5	1933549	2
nist-epub-0009	epub	adaptive	0	1831153	2
nist-epub-0009	epub	adaptive	1	1831153	2
nist-epub-0009	epub	adaptive	2	1831153	2
nist-epub-0009	epub	adaptive	3	1831153	2
nist-epub-0009	epub	adaptive	4	1831153	2
nist-epub-0009	epub	adaptive	5	1831153	2
nist-epub-0009	epub	hybrid	0	1847535	2
nist-epub-0009	epub	hybrid	1	1868015	2
nist-epub-0009	epub	hybrid	2	1925359	2
nist-epub-0009	epub	hybrid	3	1925359	2
nist-epub-0009	epub	hybrid	4	1933551	2
nist-epub-0009	epub	hybrid	5	1933551	2
nist-epub-0009	epub	hist	0	2658545	2
nist-epub-0009	epub	hist	5	2744561	2
nist-epub-0009	epub	vole	0	1259371	5
nist-epub-0009	epub	vole	1	1259371	5
nist-epub-0009	epub	vole	2	1259371	5
nist-epub-0009	epub	vole	3	1259371	5
nist-epub-0009	epub	vole	4	1259371	5
nist-epub-0009	epub	vole	5	1259371	5
nist-epub-0009	epub	minimal	0	1831152	2
nist-epub-0009	epub	fts	0	1900780	2
nist-epub-0009	epub	structural	0	1831155	2
nist-epub-0009	epub	structural	1	1868019	2
nist-epub-0009	epub	full	0	1847533	2
nist-epub-0009	epub	full	1	1868013	2
nist-epub-0009	epub	full	2	1925357	2
nist-epub-0009	epub	full	3	1925357	2
nist-epub-0009	epub	full	4	1933550	2
nist-epub-0009	epub	full	5	1933549	2
nist-epub-0009	epub	adaptive	0	1831153	2
nist-epub-0009	epub	adaptive	1	1831153	2
nist-epub-0009	epub	adaptive	2	1831153	2
nist-epub-0009	epub	adaptive	3	1831153	2
nist-epub-0009	epub	adaptive	4	1831153	2
nist-epub-0009	epub	adaptive	5	1831153	2
nist-epub-0009	epub	hybrid	0	1847535	2
nist-epub-0009	epub	hybrid	1	1868015	2
nist-epub-0009	epub	hybrid	2	1925359	2
nist-epub-0009	epub	hybrid	3	1925360	2
nist-epub-0009	epub	hybrid	4	1933551	2
nist-epub-0009	epub	hybrid	5	1933551	2
nist-epub-0009	epub	hist	0	2658545	2
nist-epub-0009	epub	hist	5	2744561	2
nist-epub-0009	epub	vole	0	1259371	5
nist-epub-0009	epub	vole	1	1259371	5
nist-epub-0009	epub	vole	2	1259371	5
nist-epub-0009	epub	vole	3	1259371	5
nist-epub-0009	epub	vole	4	1259371	5
nist-epub-0009	epub	vole	5	1259371	5
nist-epub-0009	epub	minimal	0	1831152	2
nist-epub-0009	epub	fts	0	1900780	2
nist-epub-0009	epub	structural	0	1831155	2
nist-epub-0009	epub	structural	1	1868019	2
nist-epub-0009	epub	full	0	1847533	2
nist-epub-0009	epub	full	1	1868013	2
nist-epub-0009	epub	full	2	1925357	2
nist-epub-0009	epub	full	3	1925357	2
nist-epub-0009	epub	full	4	1933549	2
nist-epub-0009	epub	full	5	1933549	2
nist-epub-0009	epub	adaptive	0	1831153	2
nist-epub-0009	epub	adaptive	1	1831153	2
nist-epub-0009	epub	adaptive	2	1831153	2
nist-epub-0009	epub	adaptive	3	1831153	2
nist-epub-0009	epub	adaptive	4	1831153	2
nist-epub-0009	epub	adaptive	5	1831153	2
nist-epub-0009	epub	hybrid	0	1847535	2
nist-epub-0009	epub	hybrid	1	1868015	2
nist-epub-0009	epub	hybrid	2	1925359	2
nist-epub-0009	epub	hybrid	3	1925359	2
nist-epub-0009	epub	hybrid	4	1933551	2
nist-epub-0009	epub	hybrid	5	1933551	2
nist-epub-0009	epub	hist	0	2658545	2
nist-epub-0009	epub	hist	5	2744561	2
nist-epub-0009	epub	vole	0	1259371	5
nist-epub-0009	epub	vole	1	1259371	5
nist-epub-0009	epub	vole	2	1259371	5
nist-epub-0009	epub	vole	3	1259371	5
nist-epub-0009	epub	vole	4	1259371	5
nist-epub-0009	epub	vole	5	1259371	5
nist-epub-0009	epub	minimal	0	1831152	2
nist-epub-0009	epub	fts	0	1900780	2
nist-epub-0009	epub	structural	0	1831155	2
nist-epub-0009	epub	structural	1	1868019	2
nist-epub-0009	epub	full	0	1847533	2
nist-epub-0009	epub	full	1	1868013	2
nist-epub-0009	epub	full	2	1925357	2
nist-epub-0009	epub	full	3	1925357	2
nist-epub-0009	epub	full	4	1933549	2
nist-epub-0009	epub	full	5	1933549	2
nist-epub-0009	epub	adaptive	0	1831153	2
nist-epub-0009	epub	adaptive	1	1831153	2
nist-epub-0009	epub	adaptive	2	1831153	2
nist-epub-0009	epub	adaptive	3	1831153	2
nist-epub-0009	epub	adaptive	4	1831153	2
nist-epub-0009	epub	adaptive	5	1831153	2
nist-epub-0009	epub	hybrid	0	1847535	2
nist-epub-0009	epub	hybrid	1	1868015	2
nist-epub-0009	epub	hybrid	2	1925359	2
nist-epub-0009	epub	hybrid	3	1925359	2
nist-epub-0009	epub	hybrid	4	1933551	2
nist-epub-0009	epub	hybrid	5	1933551	2
nist-epub-0009	epub	hist	0	2658545	2
nist-epub-0009	epub	hist	5	2744561	2
nist-epub-0009	epub	vole	0	1259371	5
nist-epub-0009	epub	vole	1	1259371	5
nist-epub-0009	epub	vole	2	1259371	5
nist-epub-0009	epub	vole	3	1259371	5
nist-epub-0009	epub	vole	4	1259371	5
nist-epub-0009	epub	vole	5	1259371	5
nist-epub-0009	epub	minimal	0	1831152	2
nist-epub-0009	epub	fts	0	1900781	2
nist-epub-0009	epub	structural	0	1831155	2
nist-epub-0009	epub	structural	1	1868019	2
nist-epub-0009	epub	full	0	1847533	2
nist-epub-0009	epub	full	1	1868013	2
nist-epub-0009	epub	full	2	1925357	2
nist-epub-0009	epub	full	3	1925357	2
nist-epub-0009	epub	full	4	1933549	2
nist-epub-0009	epub	full	5	1933549	2
nist-epub-0009	epub	adaptive	0	1831153	2
nist-epub-0009	epub	adaptive	1	1831153	2
nist-epub-0009	epub	adaptive	2	1831153	2
nist-epub-0009	epub	adaptive	3	1831153	2
nist-epub-0009	epub	adaptive	4	1831153	2
nist-epub-0009	epub	adaptive	5	1831153	2
nist-epub-0009	epub	hybrid	0	1847535	2
nist-epub-0009	epub	hybrid	1	1868015	2
nist-epub-0009	epub	hybrid	2	1925359	2
nist-epub-0009	epub	hybrid	3	1925360	2
nist-epub-0009	epub	hybrid	4	1933551	2
nist-epub-0009	epub	hybrid	5	1933551	2
nist-epub-0009	epub	hist	0	2658545	2
nist-epub-0009	epub	hist	5	2744561	2
nist-epub-0009	epub	vole	0	1259371	5
nist-epub-0009	epub	vole	1	1259371	5
nist-epub-0009	epub	vole	2	1259371	5
nist-epub-0009	epub	vole	3	1259371	5
nist-epub-0009	epub	vole	4	1259371	5
nist-epub-0009	epub	vole	5	1259371	5
nist-epub-0009	epub	minimal	0	1831152	2
nist-epub-0009	epub	fts	0	1900780	2
nist-epub-0009	epub	structural	0	1831155	2
nist-epub-0009	epub	structural	1	1868019	2
nist-epub-0009	epub	full	0	1847533	2
nist-epub-0009	epub	full	1	1868013	2
nist-epub-0009	epub	full	2	1925357	2
nist-epub-0009	epub	full	3	1925357	2
nist-epub-0009	epub	full	4	1933549	2
nist-epub-0009	epub	full	5	1933549	2
nist-epub-0009	epub	adaptive	0	1831153	2
nist-epub-0009	epub	adaptive	1	1831153	2
nist-epub-0009	epub	adaptive	2	1831153	2
nist-epub-0009	epub	adaptive	3	1831153	2
nist-epub-0009	epub	adaptive	4	1831153	2
nist-epub-0009	epub	adaptive	5	1831153	2
nist-epub-0009	epub	hybrid	0	1847535	2
nist-epub-0009	epub	hybrid	1	1868015	2
nist-epub-0009	epub	hybrid	2	1925359	2
nist-epub-0009	epub	hybrid	3	1925359	2
nist-epub-0009	epub	hybrid	4	1933551	2
nist-epub-0009	epub	hybrid	5	1933551	2
nist-epub-0009	epub	hist	0	2658545	2
nist-epub-0009	epub	hist	5	2744561	2
nist-epub-0009	epub	vole	0	1259371	5
nist-epub-0009	epub	vole	1	1259371	5
nist-epub-0009	epub	vole	2	1259371	5
nist-epub-0009	epub	vole	3	1259371	5
nist-epub-0009	epub	vole	4	1259371	5
nist-epub-0009	epub	vole	5	1259371	5
nist-epub-0009	epub	minimal	0	1831152	2
nist-epub-0009	epub	fts	0	1900780	2
nist-epub-0009	epub	structural	0	1831155	2
nist-epub-0009	epub	structural	1	1868019	2
nist-epub-0009	epub	full	0	1847533	2
nist-epub-0009	epub	full	1	1868013	2
nist-epub-0009	epub	full	2	1925357	2
nist-epub-0009	epub	full	3	1925357	2
nist-epub-0009	epub	full	4	1933549	2
nist-epub-0009	epub	full	5	1933549	2
nist-epub-0009	epub	adaptive	0	1831153	2
nist-epub-0009	epub	adaptive	1	1831153	2
nist-epub-0009	epub	adaptive	2	1831153	2
nist-epub-0009	epub	adaptive	3	1831153	2
nist-epub-0009	epub	adaptive	4	1831153	2
nist-epub-0009	epub	adaptive	5	1831153	2
nist-epub-0009	epub	hybrid	0	1847535	2
nist-epub-0009	epub	hybrid	1	1868015	2
nist-epub-0009	epub	hybrid	2	1925359	2
nist-epub-0009	epub	hybrid	3	1925359	2
nist-epub-0009	epub	hybrid	4	1933551	2
nist-epub-0009	epub	hybrid	5	1933551	2
nist-epub-0009	epub	hist	0	2658545	2
nist-epub-0009	epub	hist	5	2744561	2
nist-epub-0009	epub	vole	0	1259371	5
nist-epub-0009	epub	vole	1	1259371	5
nist-epub-0009	epub	vole	2	1259371	5
nist-epub-0009	epub	vole	3	1259371	5
nist-epub-0009	epub	vole	4	1259371	5
nist-epub-0009	epub	vole	5	1259371	5
nist-epub-0009	epub	minimal	0	1831152	2
nist-epub-0009	epub	fts	0	1900780	2
nist-epub-0009	epub	structural	0	1831155	2
nist-epub-0009	epub	structural	1	1868019	2
nist-epub-0009	epub	full	0	1847533	2
nist-epub-0009	epub	full	1	1868013	2
nist-epub-0009	epub	full	2	1925357	2
nist-epub-0009	epub	full	3	1925357	2
nist-epub-0009	epub	full	4	1933549	2
nist-epub-0009	epub	full	5	1933549	2
nist-epub-0009	epub	adaptive	0	1831153	2
nist-epub-0009	epub	adaptive	1	1831153	2
nist-epub-0009	epub	adaptive	2	1831153	2
nist-epub-0009	epub	adaptive	3	1831153	2
nist-epub-0009	epub	adaptive	4	1831153	2
nist-epub-0009	epub	adaptive	5	1831153	2
nist-epub-0009	epub	hybrid	0	1847535	2
nist-epub-0009	epub	hybrid	1	1868015	2
nist-epub-0009	epub	hybrid	2	1925359	2
nist-epub-0009	epub	hybrid	3	1925359	2
nist-epub-0009	epub	hybrid	4	1933551	2
nist-epub-0009	epub	hybrid	5	1933551	2
nist-epub-0009	epub	hist	0	2658545	2
nist-epub-0009	epub	hist	5	2744561	2
nist-epub-0009	epub	vole	0	1259371	5
nist-epub-0009	epub	vole	1	1259371	5
nist-epub-0009	epub	vole	2	1259371	5
nist-epub-0009	epub	vole	3	1259371	5
nist-epub-0009	epub	vole	4	1259371	5
nist-epub-0009	epub	vole	5	1259371	5
nist-epub-0009	epub	minimal	0	1831152	2
nist-epub-0009	epub	fts	0	1900780	2
nist-epub-0009	epub	structural	0	1831155	2
nist-epub-0009	epub	structural	1	1868019	2
nist-epub-0009	epub	full	0	1847534	2
nist-epub-0009	epub	full	1	1868013	2
nist-epub-0009	epub	full	2	1925357	2
nist-epub-0009	epub	full	3	1925357	2
nist-epub-0009	epub	full	4	1933549	2
nist-epub-0009	epub	full	5	1933549	2
nist-epub-0009	epub	adaptive	0	1831153	2
nist-epub-0009	epub	adaptive	1	1831153	2
nist-epub-0009	epub	adaptive	2	1831153	2
nist-epub-0009	epub	adaptive	3	1831153	2
nist-epub-0009	epub	adaptive	4	1831153	2
nist-epub-0009	epub	adaptive	5	1831153	2
nist-epub-0009	epub	hybrid	0	1847535	2
nist-epub-0009	epub	hybrid	1	1868015	2
nist-epub-0009	epub	hybrid	2	1925359	2
nist-epub-0009	epub	hybrid	3	1925359	2
nist-epub-0009	epub	hybrid	4	1933551	2
nist-epub-0009	epub	hybrid	5	1933551	2
nist-epub-0009	epub	hist	0	2658545	2
nist-epub-0009	epub	hist	5	2744561	2
nist-epub-0009	epub	vole	0	1259371	5
nist-epub-0009	epub	vole	1	1259371	5
nist-epub-0009	epub	vole	2	1259371	5
nist-epub-0009	epub	vole	3	1259371	5
nist-epub-0009	epub	vole	4	1259371	5
nist-epub-0009	epub	vole	5	1259371	5
nist-epub-0009	epub	minimal	0	1831153	2
nist-epub-0009	epub	fts	0	1900781	2
nist-epub-0009	epub	structural	0	1831155	2
nist-epub-0009	epub	structural	1	1868019	2
nist-epub-0009	epub	full	0	1847533	2
nist-epub-0009	epub	full	1	1868013	2
nist-epub-0009	epub	full	2	1925357	2
nist-epub-0009	epub	full	3	1925357	2
nist-epub-0009	epub	full	4	1933549	2
nist-epub-0009	epub	full	5	1933549	2
nist-epub-0009	epub	adaptive	0	1831153	2
nist-epub-0009	epub	adaptive	1	1831153	2
nist-epub-0009	epub	adaptive	2	1831153	2
nist-epub-0009	epub	adaptive	3	1831153	2
nist-epub-0009	epub	adaptive	4	1831153	2
nist-epub-0009	epub	adaptive	5	1831153	2
nist-epub-0009	epub	hybrid	0	1847535	2
nist-epub-0009	epub	hybrid	1	1868015	2
nist-epub-0009	epub	hybrid	2	1925359	2
nist-epub-0009	epub	hybrid	3	1925359	2
nist-epub-0009	epub	hybrid	4	1933551	2
nist-epub-0009	epub	hybrid	5	1933551	2
nist-epub-0009	epub	hist	0	2658545	2
nist-epub-0009	epub	hist	5	2744561	2
nist-epub-0009	epub	vole	0	1259371	5
nist-epub-0009	epub	vole	1	1259371	5
nist-epub-0009	epub	vole	2	1259371	5
nist-epub-0009	epub	vole	3	1259371	5
nist-epub-0009	epub	vole	4	1259371	5
nist-epub-0009	epub	vole	5	1259371	5
