id	fmt	lane	depth	rep	rc	us	rss_kb	n
nist-pdf-0002	pdf	vole	0	1	0	1648	4164	4
nist-pdf-0002	pdf	vole	1	1	0	1717	4220	4
nist-pdf-0002	pdf	vole	2	1	0	1633	4020	4
nist-pdf-0002	pdf	vole	3	1	0	1644	4064	4
nist-pdf-0002	pdf	vole	4	1	0	1613	3972	4
nist-pdf-0002	pdf	vole	5	1	0	1624	4004	4
nist-pdf-0002	pdf	minimal	0	1	0	1536	3628	4
nist-pdf-0002	pdf	fts	0	1	0	1506	3668	4
nist-pdf-0002	pdf	structural	0	1	0	1772	3584	4
nist-pdf-0002	pdf	structural	1	1	0	1614	3624	4
nist-pdf-0002	pdf	full	0	1	0	1565	3644	4
nist-pdf-0002	pdf	full	1	1	0	1543	3580	4
nist-pdf-0002	pdf	full	2	1	0	1767	3568	4
nist-pdf-0002	pdf	full	3	1	0	1600	3572	4
nist-pdf-0002	pdf	full	4	1	0	1684	3692	4
nist-pdf-0002	pdf	full	5	1	0	1599	3612	4
nist-pdf-0002	pdf	adaptive	0	1	0	1587	3640	4
nist-pdf-0002	pdf	adaptive	1	1	0	1673	3560	4
nist-pdf-0002	pdf	adaptive	2	1	0	1702	3636	4
nist-pdf-0002	pdf	adaptive	3	1	0	1659	3596	4
nist-pdf-0002	pdf	adaptive	4	1	0	1621	3668	4
nist-pdf-0002	pdf	adaptive	5	1	0	1650	3584	4
nist-pdf-0002	pdf	hybrid	0	1	0	1596	3600	4
nist-pdf-0002	pdf	hybrid	1	1	0	1551	3624	4
nist-pdf-0002	pdf	hybrid	2	1	0	1649	3636	4
nist-pdf-0002	pdf	hybrid	3	1	0	1743	3504	4
nist-pdf-0002	pdf	hybrid	4	1	0	1626	3652	4
nist-pdf-0002	pdf	hybrid	5	1	0	1621	3676	4
nist-pdf-0002	pdf	hist	0	1	0	1626	3616	4
nist-pdf-0002	pdf	hist	5	1	0	1768	3636	4
nist-pdf-0002	pdf	minimal	0	2	0	1616	3652	4
nist-pdf-0002	pdf	fts	0	2	0	1639	3688	4
nist-pdf-0002	pdf	structural	0	2	0	1623	3588	4
nist-pdf-0002	pdf	structural	1	2	0	1651	3644	4
nist-pdf-0002	pdf	full	0	2	0	1558	3652	4
nist-pdf-0002	pdf	full	1	2	0	1596	3612	4
nist-pdf-0002	pdf	full	2	2	0	1574	3632	4
nist-pdf-0002	pdf	full	3	2	0	1680	3572	4
nist-pdf-0002	pdf	full	4	2	0	1658	3644	4
nist-pdf-0002	pdf	full	5	2	0	1628	3636	4
nist-pdf-0002	pdf	adaptive	0	2	0	1605	3612	4
nist-pdf-0002	pdf	adaptive	1	2	0	1558	3556	4
nist-pdf-0002	pdf	adaptive	2	2	0	1658	3612	4
nist-pdf-0002	pdf	adaptive	3	2	0	1659	3652	4
nist-pdf-0002	pdf	adaptive	4	2	0	1699	3568	4
nist-pdf-0002	pdf	adaptive	5	2	0	1738	3572	4
nist-pdf-0002	pdf	hybrid	0	2	0	1578	3560	4
nist-pdf-0002	pdf	hybrid	1	2	0	1601	3660	4
nist-pdf-0002	pdf	hybrid	2	2	0	1700	3576	4
nist-pdf-0002	pdf	hybrid	3	2	0	1632	3664	4
nist-pdf-0002	pdf	hybrid	4	2	0	1633	3636	4
nist-pdf-0002	pdf	hybrid	5	2	0	1709	3680	4
nist-pdf-0002	pdf	hist	0	2	0	1672	3612	4
nist-pdf-0002	pdf	hist	5	2	0	1771	3624	4
nist-pdf-0002	pdf	vole	0	2	0	1656	4172	4
nist-pdf-0002	pdf	vole	1	2	0	1645	4052	4
nist-pdf-0002	pdf	vole	2	2	0	1700	4020	4
nist-pdf-0002	pdf	vole	3	2	0	1642	4092	4
nist-pdf-0002	pdf	vole	4	2	0	1811	4128	4
nist-pdf-0002	pdf	vole	5	2	0	1699	3928	4
nist-pdf-0002	pdf	vole	0	3	0	1685	4152	4
nist-pdf-0002	pdf	vole	1	3	0	1716	4020	4
nist-pdf-0002	pdf	vole	2	3	0	1729	4084	4
nist-pdf-0002	pdf	vole	3	3	0	1661	4020	4
nist-pdf-0002	pdf	vole	4	3	0	1648	4172	4
nist-pdf-0002	pdf	vole	5	3	0	1644	4168	4
nist-pdf-0002	pdf	minimal	0	3	0	1542	3572	4
nist-pdf-0002	pdf	fts	0	3	0	1594	3632	4
nist-pdf-0002	pdf	structural	0	3	0	1542	3580	4
nist-pdf-0002	pdf	structural	1	3	0	1492	3576	4
nist-pdf-0002	pdf	full	0	3	0	1632	3568	4
nist-pdf-0002	pdf	full	1	3	0	1633	3628	4
nist-pdf-0002	pdf	full	2	3	0	1604	3652	4
nist-pdf-0002	pdf	full	3	3	0	1579	3636	4
nist-pdf-0002	pdf	full	4	3	0	1676	3616	4
nist-pdf-0002	pdf	full	5	3	0	1695	3616	4
nist-pdf-0002	pdf	adaptive	0	3	0	1595	3544	4
nist-pdf-0002	pdf	adaptive	1	3	0	1609	3632	4
nist-pdf-0002	pdf	adaptive	2	3	0	1692	3672	4
nist-pdf-0002	pdf	adaptive	3	3	0	1680	3592	4
nist-pdf-0002	pdf	adaptive	4	3	0	1698	3544	4
nist-pdf-0002	pdf	adaptive	5	3	0	1667	3580	4
nist-pdf-0002	pdf	hybrid	0	3	0	1631	3408	4
nist-pdf-0002	pdf	hybrid	1	3	0	1657	3572	4
nist-pdf-0002	pdf	hybrid	2	3	0	1629	3568	4
nist-pdf-0002	pdf	hybrid	3	3	0	1544	3572	4
nist-pdf-0002	pdf	hybrid	4	3	0	1612	3568	4
nist-pdf-0002	pdf	hybrid	5	3	0	1717	3660	4
nist-pdf-0002	pdf	hist	0	3	0	1646	3472	4
nist-pdf-0002	pdf	hist	5	3	0	1772	3660	4
nist-pdf-0002	pdf	minimal	0	4	0	1645	3640	4
nist-pdf-0002	pdf	fts	0	4	0	1536	3584	4
nist-pdf-0002	pdf	structural	0	4	0	1694	3568	4
nist-pdf-0002	pdf	structural	1	4	0	1672	3644	4
nist-pdf-0002	pdf	full	0	4	0	1558	3572	4
nist-pdf-0002	pdf	full	1	4	0	1560	3664	4
nist-pdf-0002	pdf	full	2	4	0	1650	3644	4
nist-pdf-0002	pdf	full	3	4	0	1706	3680	4
nist-pdf-0002	pdf	full	4	4	0	1766	3568	4
nist-pdf-0002	pdf	full	5	4	0	1659	3584	4
nist-pdf-0002	pdf	adaptive	0	4	0	1645	3560	4
nist-pdf-0002	pdf	adaptive	1	4	0	1625	3648	4
nist-pdf-0002	pdf	adaptive	2	4	0	1694	3632	4
nist-pdf-0002	pdf	adaptive	3	4	0	1631	3584	4
nist-pdf-0002	pdf	adaptive	4	4	0	1662	3648	4
nist-pdf-0002	pdf	adaptive	5	4	0	1690	3612	4
nist-pdf-0002	pdf	hybrid	0	4	0	1610	3636	4
nist-pdf-0002	pdf	hybrid	1	4	0	1575	3588	4
nist-pdf-0002	pdf	hybrid	2	4	0	1639	3636	4
nist-pdf-0002	pdf	hybrid	3	4	0	1673	3624	4
nist-pdf-0002	pdf	hybrid	4	4	0	1774	3564	4
nist-pdf-0002	pdf	hybrid	5	4	0	1600	3568	4
nist-pdf-0002	pdf	hist	0	4	0	1586	3576	4
nist-pdf-0002	pdf	hist	5	4	0	1653	3624	4
nist-pdf-0002	pdf	vole	0	4	0	1655	3980	4
nist-pdf-0002	pdf	vole	1	4	0	1626	4180	4
nist-pdf-0002	pdf	vole	2	4	0	1707	4048	4
nist-pdf-0002	pdf	vole	3	4	0	1795	3916	4
nist-pdf-0002	pdf	vole	4	4	0	1775	4232	4
nist-pdf-0002	pdf	vole	5	4	0	1676	4128	4
nist-pdf-0002	pdf	vole	0	5	0	1647	3972	4
nist-pdf-0002	pdf	vole	1	5	0	1706	4032	4
nist-pdf-0002	pdf	vole	2	5	0	1791	3924	4
nist-pdf-0002	pdf	vole	3	5	0	1700	4152	4
nist-pdf-0002	pdf	vole	4	5	0	1657	4020	4
nist-pdf-0002	pdf	vole	5	5	0	1660	4100	4
nist-pdf-0002	pdf	minimal	0	5	0	1684	3636	4
nist-pdf-0002	pdf	fts	0	5	0	1561	3556	4
nist-pdf-0002	pdf	structural	0	5	0	1546	3572	4
nist-pdf-0002	pdf	structural	1	5	0	1639	3652	4
nist-pdf-0002	pdf	full	0	5	0	1602	3572	4
nist-pdf-0002	pdf	full	1	5	0	1643	3584	4
nist-pdf-0002	pdf	full	2	5	0	1627	3664	4
nist-pdf-0002	pdf	full	3	5	0	1597	3584	4
nist-pdf-0002	pdf	full	4	5	0	1655	3636	4
nist-pdf-0002	pdf	full	5	5	0	1662	3636	4
nist-pdf-0002	pdf	adaptive	0	5	0	1630	3584	4
nist-pdf-0002	pdf	adaptive	1	5	0	1643	3552	4
nist-pdf-0002	pdf	adaptive	2	5	0	1736	3512	4
nist-pdf-0002	pdf	adaptive	3	5	0	1607	3636	4
nist-pdf-0002	pdf	adaptive	4	5	0	1674	3416	4
nist-pdf-0002	pdf	adaptive	5	5	0	1717	3448	4
nist-pdf-0002	pdf	hybrid	0	5	0	1623	3576	4
nist-pdf-0002	pdf	hybrid	1	5	0	1606	3628	4
nist-pdf-0002	pdf	hybrid	2	5	0	1645	3556	4
nist-pdf-0002	pdf	hybrid	3	5	0	1680	3616	4
nist-pdf-0002	pdf	hybrid	4	5	0	1741	3612	4
nist-pdf-0002	pdf	hybrid	5	5	0	1643	3664	4
nist-pdf-0002	pdf	hist	0	5	0	1579	3616	4
nist-pdf-0002	pdf	hist	5	5	0	1640	3624	4
nist-pdf-0002	pdf	minimal	0	6	0	1551	3644	4
nist-pdf-0002	pdf	fts	0	6	0	1657	3644	4
nist-pdf-0002	pdf	structural	0	6	0	1572	3576	4
nist-pdf-0002	pdf	structural	1	6	0	1632	3572	4
nist-pdf-0002	pdf	full	0	6	0	1640	3484	4
nist-pdf-0002	pdf	full	1	6	0	1600	3644	4
nist-pdf-0002	pdf	full	2	6	0	1622	3620	4
nist-pdf-0002	pdf	full	3	6	0	1621	3616	4
nist-pdf-0002	pdf	full	4	6	0	1766	3512	4
nist-pdf-0002	pdf	full	5	6	0	1711	3456	4
nist-pdf-0002	pdf	adaptive	0	6	0	1636	3664	4
nist-pdf-0002	pdf	adaptive	1	6	0	1649	3624	4
nist-pdf-0002	pdf	adaptive	2	6	0	1658	3652	4
nist-pdf-0002	pdf	adaptive	3	6	0	1590	3660	4
nist-pdf-0002	pdf	adaptive	4	6	0	1681	3552	4
nist-pdf-0002	pdf	adaptive	5	6	0	1778	3592	4
nist-pdf-0002	pdf	hybrid	0	6	0	1648	3644	4
nist-pdf-0002	pdf	hybrid	1	6	0	1600	3568	4
nist-pdf-0002	pdf	hybrid	2	6	0	1678	3632	4
nist-pdf-0002	pdf	hybrid	3	6	0	1676	3572	4
nist-pdf-0002	pdf	hybrid	4	6	0	1713	3656	4
nist-pdf-0002	pdf	hybrid	5	6	0	1808	3572	4
nist-pdf-0002	pdf	hist	0	6	0	1585	3652	4
nist-pdf-0002	pdf	hist	5	6	0	1711	3612	4
nist-pdf-0002	pdf	vole	0	6	0	1682	4168	4
nist-pdf-0002	pdf	vole	1	6	0	1656	4016	4
nist-pdf-0002	pdf	vole	2	6	0	1693	3984	4
nist-pdf-0002	pdf	vole	3	6	0	1649	4084	4
nist-pdf-0002	pdf	vole	4	6	0	1680	3968	4
nist-pdf-0002	pdf	vole	5	6	0	1652	4196	4
nist-pdf-0002	pdf	vole	0	7	0	1743	4164	4
nist-pdf-0002	pdf	vole	1	7	0	1678	4020	4
nist-pdf-0002	pdf	vole	2	7	0	1668	4132	4
nist-pdf-0002	pdf	vole	3	7	0	1710	4084	4
nist-pdf-0002	pdf	vole	4	7	0	1693	4236	4
nist-pdf-0002	pdf	vole	5	7	0	1584	4020	4
nist-pdf-0002	pdf	minimal	0	7	0	1515	3576	4
nist-pdf-0002	pdf	fts	0	7	0	1593	3524	4
nist-pdf-0002	pdf	structural	0	7	0	1557	3576	4
nist-pdf-0002	pdf	structural	1	7	0	1662	3636	4
nist-pdf-0002	pdf	full	0	7	0	1569	3572	4
nist-pdf-0002	pdf	full	1	7	0	1697	3616	4
nist-pdf-0002	pdf	full	2	7	0	1616	3644	4
nist-pdf-0002	pdf	full	3	7	0	1608	3624	4
nist-pdf-0002	pdf	full	4	7	0	1750	3632	4
nist-pdf-0002	pdf	full	5	7	0	1682	3444	4
nist-pdf-0002	pdf	adaptive	0	7	0	1561	3576	4
nist-pdf-0002	pdf	adaptive	1	7	0	1629	3444	4
nist-pdf-0002	pdf	adaptive	2	7	0	1576	3612	4
nist-pdf-0002	pdf	adaptive	3	7	0	1636	3648	4
nist-pdf-0002	pdf	adaptive	4	7	0	1706	3636	4
nist-pdf-0002	pdf	adaptive	5	7	0	1727	3648	4
nist-pdf-0002	pdf	hybrid	0	7	0	1564	3600	4
nist-pdf-0002	pdf	hybrid	1	7	0	1597	3644	4
nist-pdf-0002	pdf	hybrid	2	7	0	1691	3604	4
nist-pdf-0002	pdf	hybrid	3	7	0	1659	3676	4
nist-pdf-0002	pdf	hybrid	4	7	0	1776	3552	4
nist-pdf-0002	pdf	hybrid	5	7	0	1637	3596	4
nist-pdf-0002	pdf	hist	0	7	0	1539	3612	4
nist-pdf-0002	pdf	hist	5	7	0	1763	3520	4
nist-pdf-0002	pdf	minimal	0	8	0	1590	3616	4
nist-pdf-0002	pdf	fts	0	8	0	1715	3576	4
nist-pdf-0002	pdf	structural	0	8	0	1607	3600	4
nist-pdf-0002	pdf	structural	1	8	0	1573	3576	4
nist-pdf-0002	pdf	full	0	8	0	1636	3580	4
nist-pdf-0002	pdf	full	1	8	0	1758	3472	4
nist-pdf-0002	pdf	full	2	8	0	1677	3596	4
nist-pdf-0002	pdf	full	3	8	0	1608	3636	4
nist-pdf-0002	pdf	full	4	8	0	1748	3572	4
nist-pdf-0002	pdf	full	5	8	0	1896	3664	4
nist-pdf-0002	pdf	adaptive	0	8	0	1615	3664	4
nist-pdf-0002	pdf	adaptive	1	8	0	1675	3588	4
nist-pdf-0002	pdf	adaptive	2	8	0	1630	3640	4
nist-pdf-0002	pdf	adaptive	3	8	0	1618	3624	4
nist-pdf-0002	pdf	adaptive	4	8	0	1683	3456	4
nist-pdf-0002	pdf	adaptive	5	8	0	1691	3576	4
nist-pdf-0002	pdf	hybrid	0	8	0	1562	3608	4
nist-pdf-0002	pdf	hybrid	1	8	0	1550	3648	4
nist-pdf-0002	pdf	hybrid	2	8	0	1630	3560	4
nist-pdf-0002	pdf	hybrid	3	8	0	1732	3648	4
nist-pdf-0002	pdf	hybrid	4	8	0	1691	3640	4
nist-pdf-0002	pdf	hybrid	5	8	0	1641	3588	4
nist-pdf-0002	pdf	hist	0	8	0	1643	3636	4
nist-pdf-0002	pdf	hist	5	8	0	1692	3636	4
nist-pdf-0002	pdf	vole	0	8	0	1668	4076	4
nist-pdf-0002	pdf	vole	1	8	0	1723	4084	4
nist-pdf-0002	pdf	vole	2	8	0	1625	4136	4
nist-pdf-0002	pdf	vole	3	8	0	1681	4160	4
nist-pdf-0002	pdf	vole	4	8	0	1671	4232	4
nist-pdf-0002	pdf	vole	5	8	0	1744	3980	4
nist-pdf-0002	pdf	vole	0	9	0	1671	4212	4
nist-pdf-0002	pdf	vole	1	9	0	1661	4056	4
nist-pdf-0002	pdf	vole	2	9	0	1651	3996	4
nist-pdf-0002	pdf	vole	3	9	0	1669	4200	4
nist-pdf-0002	pdf	vole	4	9	0	1666	4032	4
nist-pdf-0002	pdf	vole	5	9	0	1623	4164	4
nist-pdf-0002	pdf	minimal	0	9	0	1580	3656	4
nist-pdf-0002	pdf	fts	0	9	0	1617	3688	4
nist-pdf-0002	pdf	structural	0	9	0	1567	3672	4
nist-pdf-0002	pdf	structural	1	9	0	1593	3568	4
nist-pdf-0002	pdf	full	0	9	0	1734	3504	4
nist-pdf-0002	pdf	full	1	9	0	1586	3604	4
nist-pdf-0002	pdf	full	2	9	0	1656	3644	4
nist-pdf-0002	pdf	full	3	9	0	1676	3644	4
nist-pdf-0002	pdf	full	4	9	0	1711	3612	4
nist-pdf-0002	pdf	full	5	9	0	1615	3644	4
nist-pdf-0002	pdf	adaptive	0	9	0	1655	3532	4
nist-pdf-0002	pdf	adaptive	1	9	0	1627	3372	4
nist-pdf-0002	pdf	adaptive	2	9	0	1688	3644	4
nist-pdf-0002	pdf	adaptive	3	9	0	1688	3572	4
nist-pdf-0002	pdf	adaptive	4	9	0	1662	3576	4
nist-pdf-0002	pdf	adaptive	5	9	0	1585	3588	4
nist-pdf-0002	pdf	hybrid	0	9	0	1606	3552	4
nist-pdf-0002	pdf	hybrid	1	9	0	1812	3596	4
nist-pdf-0002	pdf	hybrid	2	9	0	1661	3624	4
nist-pdf-0002	pdf	hybrid	3	9	0	1715	3652	4
nist-pdf-0002	pdf	hybrid	4	9	0	1687	3572	4
nist-pdf-0002	pdf	hybrid	5	9	0	1653	3672	4
nist-pdf-0002	pdf	hist	0	9	0	1704	3556	4
nist-pdf-0002	pdf	hist	5	9	0	1635	3588	4
nist-pdf-0002	pdf	minimal	0	10	0	1627	3624	4
nist-pdf-0002	pdf	fts	0	10	0	1608	3580	4
nist-pdf-0002	pdf	structural	0	10	0	1625	3676	4
nist-pdf-0002	pdf	structural	1	10	0	1691	3640	4
nist-pdf-0002	pdf	full	0	10	0	1534	3584	4
nist-pdf-0002	pdf	full	1	10	0	1573	3560	4
nist-pdf-0002	pdf	full	2	10	0	1625	3656	4
nist-pdf-0002	pdf	full	3	10	0	1729	3624	4
nist-pdf-0002	pdf	full	4	10	0	1692	3640	4
nist-pdf-0002	pdf	full	5	10	0	1589	3636	4
nist-pdf-0002	pdf	adaptive	0	10	0	1562	3572	4
nist-pdf-0002	pdf	adaptive	1	10	0	1614	3528	4
nist-pdf-0002	pdf	adaptive	2	10	0	1612	3640	4
nist-pdf-0002	pdf	adaptive	3	10	0	1623	3640	4
nist-pdf-0002	pdf	adaptive	4	10	0	1696	3588	4
nist-pdf-0002	pdf	adaptive	5	10	0	1707	3664	4
nist-pdf-0002	pdf	hybrid	0	10	0	1673	3592	4
nist-pdf-0002	pdf	hybrid	1	10	0	1639	3600	4
nist-pdf-0002	pdf	hybrid	2	10	0	1753	3656	4
nist-pdf-0002	pdf	hybrid	3	10	0	1621	3644	4
nist-pdf-0002	pdf	hybrid	4	10	0	1732	3636	4
nist-pdf-0002	pdf	hybrid	5	10	0	1708	3556	4
nist-pdf-0002	pdf	hist	0	10	0	1583	3644	4
nist-pdf-0002	pdf	hist	5	10	0	1662	3616	4
nist-pdf-0002	pdf	vole	0	10	0	1621	4048	4
nist-pdf-0002	pdf	vole	1	10	0	1697	3916	4
nist-pdf-0002	pdf	vole	2	10	0	1682	4188	4
nist-pdf-0002	pdf	vole	3	10	0	1601	3984	4
nist-pdf-0002	pdf	vole	4	10	0	1679	4072	4
nist-pdf-0002	pdf	vole	5	10	0	1704	4116	4
nist-pdf-0004	pdf	vole	0	1	0	3279	5628	4
nist-pdf-0004	pdf	vole	1	1	0	3252	5700	4
nist-pdf-0004	pdf	vole	2	1	0	3410	5504	4
nist-pdf-0004	pdf	vole	3	1	0	3260	5692	4
nist-pdf-0004	pdf	vole	4	1	0	3268	5592	4
nist-pdf-0004	pdf	vole	5	1	0	3275	5580	4
nist-pdf-0004	pdf	minimal	0	1	0	1920	6204	4
nist-pdf-0004	pdf	fts	0	1	0	2080	6192	4
nist-pdf-0004	pdf	structural	0	1	0	1937	6212	4
nist-pdf-0004	pdf	structural	1	1	0	2111	6136	4
nist-pdf-0004	pdf	full	0	1	0	2090	6212	4
nist-pdf-0004	pdf	full	1	1	0	1992	6056	4
nist-pdf-0004	pdf	full	2	1	0	2093	6176	4
nist-pdf-0004	pdf	full	3	1	0	2407	6224	4
nist-pdf-0004	pdf	full	4	1	0	2147	6232	4
nist-pdf-0004	pdf	full	5	1	0	2195	6176	4
nist-pdf-0004	pdf	adaptive	0	1	0	2057	5976	4
nist-pdf-0004	pdf	adaptive	1	1	0	2221	6188	4
nist-pdf-0004	pdf	adaptive	2	1	0	2206	6208	4
nist-pdf-0004	pdf	adaptive	3	1	0	2161	6212	4
nist-pdf-0004	pdf	adaptive	4	1	0	2059	6204	4
nist-pdf-0004	pdf	adaptive	5	1	0	2371	6192	4
nist-pdf-0004	pdf	hybrid	0	1	0	2091	6064	4
nist-pdf-0004	pdf	hybrid	1	1	0	2080	6204	4
nist-pdf-0004	pdf	hybrid	2	1	0	1995	6132	4
nist-pdf-0004	pdf	hybrid	3	1	0	2011	6132	4
nist-pdf-0004	pdf	hybrid	4	1	0	2053	6228	4
nist-pdf-0004	pdf	hybrid	5	1	0	2320	6144	4
nist-pdf-0004	pdf	hist	0	1	0	2150	6180	4
nist-pdf-0004	pdf	hist	5	1	0	2201	6036	4
nist-pdf-0004	pdf	minimal	0	2	0	2121	6116	4
nist-pdf-0004	pdf	fts	0	2	0	1991	6216	4
nist-pdf-0004	pdf	structural	0	2	0	1979	6132	4
nist-pdf-0004	pdf	structural	1	2	0	2174	6068	4
nist-pdf-0004	pdf	full	0	2	0	1996	6232	4
nist-pdf-0004	pdf	full	1	2	0	2047	6204	4
nist-pdf-0004	pdf	full	2	2	0	2114	6156	4
nist-pdf-0004	pdf	full	3	2	0	2074	6240	4
nist-pdf-0004	pdf	full	4	2	0	2238	6184	4
nist-pdf-0004	pdf	full	5	2	0	2200	6220	4
nist-pdf-0004	pdf	adaptive	0	2	0	2017	6184	4
nist-pdf-0004	pdf	adaptive	1	2	0	2047	6228	4
nist-pdf-0004	pdf	adaptive	2	2	0	2137	5980	4
nist-pdf-0004	pdf	adaptive	3	2	0	1972	6200	4
nist-pdf-0004	pdf	adaptive	4	2	0	2082	6184	4
nist-pdf-0004	pdf	adaptive	5	2	0	2202	6004	4
nist-pdf-0004	pdf	hybrid	0	2	0	1945	6096	4
nist-pdf-0004	pdf	hybrid	1	2	0	2154	6132	4
nist-pdf-0004	pdf	hybrid	2	2	0	2063	6228	4
nist-pdf-0004	pdf	hybrid	3	2	0	2272	6060	4
nist-pdf-0004	pdf	hybrid	4	2	0	2135	6152	4
nist-pdf-0004	pdf	hybrid	5	2	0	2085	6172	4
nist-pdf-0004	pdf	hist	0	2	0	2067	6212	4
nist-pdf-0004	pdf	hist	5	2	0	2210	6064	4
nist-pdf-0004	pdf	vole	0	2	0	3377	5592	4
nist-pdf-0004	pdf	vole	1	2	0	3403	5796	4
nist-pdf-0004	pdf	vole	2	2	0	3294	5552	4
nist-pdf-0004	pdf	vole	3	2	0	3242	5780	4
nist-pdf-0004	pdf	vole	4	2	0	3219	5720	4
nist-pdf-0004	pdf	vole	5	2	0	3278	5848	4
nist-pdf-0004	pdf	vole	0	3	0	3289	5688	4
nist-pdf-0004	pdf	vole	1	3	0	3363	5764	4
nist-pdf-0004	pdf	vole	2	3	0	3266	5676	4
nist-pdf-0004	pdf	vole	3	3	0	3305	5832	4
nist-pdf-0004	pdf	vole	4	3	0	3532	5684	4
nist-pdf-0004	pdf	vole	5	3	0	3249	5592	4
nist-pdf-0004	pdf	minimal	0	3	0	1936	6148	4
nist-pdf-0004	pdf	fts	0	3	0	2082	6088	4
nist-pdf-0004	pdf	structural	0	3	0	2132	6232	4
nist-pdf-0004	pdf	structural	1	3	0	1940	6144	4
nist-pdf-0004	pdf	full	0	3	0	2167	6104	4
nist-pdf-0004	pdf	full	1	3	0	2117	6132	4
nist-pdf-0004	pdf	full	2	3	0	2027	6116	4
nist-pdf-0004	pdf	full	3	3	0	2222	6228	4
nist-pdf-0004	pdf	full	4	3	0	2274	6204	4
nist-pdf-0004	pdf	full	5	3	0	2252	6160	4
nist-pdf-0004	pdf	adaptive	0	3	0	2068	6212	4
nist-pdf-0004	pdf	adaptive	1	3	0	2093	6132	4
nist-pdf-0004	pdf	adaptive	2	3	0	2101	6200	4
nist-pdf-0004	pdf	adaptive	3	3	0	1997	6116	4
nist-pdf-0004	pdf	adaptive	4	3	0	2282	6204	4
nist-pdf-0004	pdf	adaptive	5	3	0	2180	6208	4
nist-pdf-0004	pdf	hybrid	0	3	0	2054	6212	4
nist-pdf-0004	pdf	hybrid	1	3	0	2087	6136	4
nist-pdf-0004	pdf	hybrid	2	3	0	2059	6196	4
nist-pdf-0004	pdf	hybrid	3	3	0	2128	6192	4
nist-pdf-0004	pdf	hybrid	4	3	0	2202	6204	4
nist-pdf-0004	pdf	hybrid	5	3	0	2219	6232	4
nist-pdf-0004	pdf	hist	0	3	0	2111	6204	4
nist-pdf-0004	pdf	hist	5	3	0	2140	6204	4
nist-pdf-0004	pdf	minimal	0	4	0	2073	6128	4
nist-pdf-0004	pdf	fts	0	4	0	2111	6176	4
nist-pdf-0004	pdf	structural	0	4	0	2021	6236	4
nist-pdf-0004	pdf	structural	1	4	0	2064	6120	4
nist-pdf-0004	pdf	full	0	4	0	2117	6160	4
nist-pdf-0004	pdf	full	1	4	0	2033	6152	4
nist-pdf-0004	pdf	full	2	4	0	2116	6124	4
nist-pdf-0004	pdf	full	3	4	0	2286	6144	4
nist-pdf-0004	pdf	full	4	4	0	2081	6156	4
nist-pdf-0004	pdf	full	5	4	0	2262	6120	4
nist-pdf-0004	pdf	adaptive	0	4	0	2117	6124	4
nist-pdf-0004	pdf	adaptive	1	4	0	2276	6096	4
nist-pdf-0004	pdf	adaptive	2	4	0	2023	6140	4
nist-pdf-0004	pdf	adaptive	3	4	0	2150	6136	4
nist-pdf-0004	pdf	adaptive	4	4	0	2379	6204	4
nist-pdf-0004	pdf	adaptive	5	4	0	2169	6172	4
nist-pdf-0004	pdf	hybrid	0	4	0	2152	6192	4
nist-pdf-0004	pdf	hybrid	1	4	0	1959	6232	4
nist-pdf-0004	pdf	hybrid	2	4	0	2061	6124	4
nist-pdf-0004	pdf	hybrid	3	4	0	2302	6192	4
nist-pdf-0004	pdf	hybrid	4	4	0	2158	6196	4
nist-pdf-0004	pdf	hybrid	5	4	0	2434	6128	4
nist-pdf-0004	pdf	hist	0	4	0	2212	6224	4
nist-pdf-0004	pdf	hist	5	4	0	2313	6208	4
nist-pdf-0004	pdf	vole	0	4	0	3331	5792	4
nist-pdf-0004	pdf	vole	1	4	0	3258	5680	4
nist-pdf-0004	pdf	vole	2	4	0	3273	5644	4
nist-pdf-0004	pdf	vole	3	4	0	3282	5892	4
nist-pdf-0004	pdf	vole	4	4	0	3381	5604	4
nist-pdf-0004	pdf	vole	5	4	0	3243	5756	4
nist-pdf-0004	pdf	vole	0	5	0	3473	5564	4
nist-pdf-0004	pdf	vole	1	5	0	3381	5760	4
nist-pdf-0004	pdf	vole	2	5	0	3330	5904	4
nist-pdf-0004	pdf	vole	3	5	0	3378	5668	4
nist-pdf-0004	pdf	vole	4	5	0	3320	5664	4
nist-pdf-0004	pdf	vole	5	5	0	3353	5740	4
nist-pdf-0004	pdf	minimal	0	5	0	1940	6136	4
nist-pdf-0004	pdf	fts	0	5	0	2075	6140	4
nist-pdf-0004	pdf	structural	0	5	0	2030	6208	4
nist-pdf-0004	pdf	structural	1	5	0	2212	6152	4
nist-pdf-0004	pdf	full	0	5	0	1991	6132	4
nist-pdf-0004	pdf	full	1	5	0	1949	6148	4
nist-pdf-0004	pdf	full	2	5	0	1981	6132	4
nist-pdf-0004	pdf	full	3	5	0	2099	6136	4
nist-pdf-0004	pdf	full	4	5	0	2146	5984	4
nist-pdf-0004	pdf	full	5	5	0	2192	6076	4
nist-pdf-0004	pdf	adaptive	0	5	0	2050	6192	4
nist-pdf-0004	pdf	adaptive	1	5	0	2134	6000	4
nist-pdf-0004	pdf	adaptive	2	5	0	2045	6132	4
nist-pdf-0004	pdf	adaptive	3	5	0	2038	6144	4
nist-pdf-0004	pdf	adaptive	4	5	0	2239	6044	4
nist-pdf-0004	pdf	adaptive	5	5	0	2200	5980	4
nist-pdf-0004	pdf	hybrid	0	5	0	2094	6184	4
nist-pdf-0004	pdf	hybrid	1	5	0	1944	6192	4
nist-pdf-0004	pdf	hybrid	2	5	0	2208	6196	4
nist-pdf-0004	pdf	hybrid	3	5	0	1994	6176	4
nist-pdf-0004	pdf	hybrid	4	5	0	2189	6192	4
nist-pdf-0004	pdf	hybrid	5	5	0	2240	6148	4
nist-pdf-0004	pdf	hist	0	5	0	2061	6232	4
nist-pdf-0004	pdf	hist	5	5	0	2187	6144	4
nist-pdf-0004	pdf	minimal	0	6	0	2191	6144	4
nist-pdf-0004	pdf	fts	0	6	0	2056	6148	4
nist-pdf-0004	pdf	structural	0	6	0	2136	6204	4
nist-pdf-0004	pdf	structural	1	6	0	2037	6184	4
nist-pdf-0004	pdf	full	0	6	0	2042	6016	4
nist-pdf-0004	pdf	full	1	6	0	2138	6156	4
nist-pdf-0004	pdf	full	2	6	0	2239	6196	4
nist-pdf-0004	pdf	full	3	6	0	2230	6160	4
nist-pdf-0004	pdf	full	4	6	0	2188	6128	4
nist-pdf-0004	pdf	full	5	6	0	2250	6148	4
nist-pdf-0004	pdf	adaptive	0	6	0	2014	6028	4
nist-pdf-0004	pdf	adaptive	1	6	0	1970	6152	4
nist-pdf-0004	pdf	adaptive	2	6	0	2167	6128	4
nist-pdf-0004	pdf	adaptive	3	6	0	2158	6188	4
nist-pdf-0004	pdf	adaptive	4	6	0	2162	6124	4
nist-pdf-0004	pdf	adaptive	5	6	0	2251	6188	4
nist-pdf-0004	pdf	hybrid	0	6	0	2312	6224	4
nist-pdf-0004	pdf	hybrid	1	6	0	2225	6172	4
nist-pdf-0004	pdf	hybrid	2	6	0	2374	6044	4
nist-pdf-0004	pdf	hybrid	3	6	0	2174	6216	4
nist-pdf-0004	pdf	hybrid	4	6	0	2146	6120	4
nist-pdf-0004	pdf	hybrid	5	6	0	2229	6192	4
nist-pdf-0004	pdf	hist	0	6	0	2174	6196	4
nist-pdf-0004	pdf	hist	5	6	0	2200	6184	4
nist-pdf-0004	pdf	vole	0	6	0	3281	5920	4
nist-pdf-0004	pdf	vole	1	6	0	3269	5824	4
nist-pdf-0004	pdf	vole	2	6	0	3285	5672	4
nist-pdf-0004	pdf	vole	3	6	0	3344	5672	4
nist-pdf-0004	pdf	vole	4	6	0	3234	5668	4
nist-pdf-0004	pdf	vole	5	6	0	3279	5796	4
nist-pdf-0004	pdf	vole	0	7	0	3329	5644	4
nist-pdf-0004	pdf	vole	1	7	0	3290	5652	4
nist-pdf-0004	pdf	vole	2	7	0	3290	5848	4
nist-pdf-0004	pdf	vole	3	7	0	3412	5772	4
nist-pdf-0004	pdf	vole	4	7	0	3291	5560	4
nist-pdf-0004	pdf	vole	5	7	0	3261	5856	4
nist-pdf-0004	pdf	minimal	0	7	0	2078	6204	4
nist-pdf-0004	pdf	fts	0	7	0	2009	6224	4
nist-pdf-0004	pdf	structural	0	7	0	1994	6192	4
nist-pdf-0004	pdf	structural	1	7	0	2022	6200	4
nist-pdf-0004	pdf	full	0	7	0	2099	6196	4
nist-pdf-0004	pdf	full	1	7	0	2033	6144	4
nist-pdf-0004	pdf	full	2	7	0	2116	6212	4
nist-pdf-0004	pdf	full	3	7	0	2201	6128	4
nist-pdf-0004	pdf	full	4	7	0	2135	6156	4
nist-pdf-0004	pdf	full	5	7	0	2175	6056	4
nist-pdf-0004	pdf	adaptive	0	7	0	2022	6212	4
nist-pdf-0004	pdf	adaptive	1	7	0	2149	6144	4
nist-pdf-0004	pdf	adaptive	2	7	0	2065	6172	4
nist-pdf-0004	pdf	adaptive	3	7	0	2134	6136	4
nist-pdf-0004	pdf	adaptive	4	7	0	2006	6140	4
nist-pdf-0004	pdf	adaptive	5	7	0	2233	6124	4
nist-pdf-0004	pdf	hybrid	0	7	0	1980	6132	4
nist-pdf-0004	pdf	hybrid	1	7	0	2221	6188	4
nist-pdf-0004	pdf	hybrid	2	7	0	2151	6208	4
nist-pdf-0004	pdf	hybrid	3	7	0	2266	6224	4
nist-pdf-0004	pdf	hybrid	4	7	0	2180	6208	4
nist-pdf-0004	pdf	hybrid	5	7	0	2239	6192	4
nist-pdf-0004	pdf	hist	0	7	0	1998	6160	4
nist-pdf-0004	pdf	hist	5	7	0	2269	6180	4
nist-pdf-0004	pdf	minimal	0	8	0	2015	6196	4
nist-pdf-0004	pdf	fts	0	8	0	2049	6204	4
nist-pdf-0004	pdf	structural	0	8	0	2196	6080	4
nist-pdf-0004	pdf	structural	1	8	0	2148	6120	4
nist-pdf-0004	pdf	full	0	8	0	2171	6192	4
nist-pdf-0004	pdf	full	1	8	0	2050	6240	4
nist-pdf-0004	pdf	full	2	8	0	2029	6248	4
nist-pdf-0004	pdf	full	3	8	0	2078	6172	4
nist-pdf-0004	pdf	full	4	8	0	2386	5936	4
nist-pdf-0004	pdf	full	5	8	0	2125	6204	4
nist-pdf-0004	pdf	adaptive	0	8	0	2215	5992	4
nist-pdf-0004	pdf	adaptive	1	8	0	2061	6176	4
nist-pdf-0004	pdf	adaptive	2	8	0	2051	6116	4
nist-pdf-0004	pdf	adaptive	3	8	0	2177	6132	4
nist-pdf-0004	pdf	adaptive	4	8	0	2128	6184	4
nist-pdf-0004	pdf	adaptive	5	8	0	2247	6136	4
nist-pdf-0004	pdf	hybrid	0	8	0	1971	6172	4
nist-pdf-0004	pdf	hybrid	1	8	0	2079	6148	4
nist-pdf-0004	pdf	hybrid	2	8	0	2120	6192	4
nist-pdf-0004	pdf	hybrid	3	8	0	2198	6136	4
nist-pdf-0004	pdf	hybrid	4	8	0	2165	6184	4
nist-pdf-0004	pdf	hybrid	5	8	0	2030	6212	4
nist-pdf-0004	pdf	hist	0	8	0	2223	6160	4
nist-pdf-0004	pdf	hist	5	8	0	2164	6008	4
nist-pdf-0004	pdf	vole	0	8	0	3262	5892	4
nist-pdf-0004	pdf	vole	1	8	0	3303	5700	4
nist-pdf-0004	pdf	vole	2	8	0	3232	5796	4
nist-pdf-0004	pdf	vole	3	8	0	3244	5660	4
nist-pdf-0004	pdf	vole	4	8	0	3201	5904	4
nist-pdf-0004	pdf	vole	5	8	0	3568	5808	4
nist-pdf-0004	pdf	vole	0	9	0	3275	5796	4
nist-pdf-0004	pdf	vole	1	9	0	3366	5620	4
nist-pdf-0004	pdf	vole	2	9	0	3342	5688	4
nist-pdf-0004	pdf	vole	3	9	0	3302	5792	4
nist-pdf-0004	pdf	vole	4	9	0	3403	5592	4
nist-pdf-0004	pdf	vole	5	9	0	3282	5796	4
nist-pdf-0004	pdf	minimal	0	9	0	2114	6156	4
nist-pdf-0004	pdf	fts	0	9	0	2313	6184	4
nist-pdf-0004	pdf	structural	0	9	0	2022	6184	4
nist-pdf-0004	pdf	structural	1	9	0	2104	6188	4
nist-pdf-0004	pdf	full	0	9	0	2097	6136	4
nist-pdf-0004	pdf	full	1	9	0	2136	6252	4
nist-pdf-0004	pdf	full	2	9	0	2065	6192	4
nist-pdf-0004	pdf	full	3	9	0	2171	6176	4
nist-pdf-0004	pdf	full	4	9	0	2073	6016	4
nist-pdf-0004	pdf	full	5	9	0	2185	5960	4
nist-pdf-0004	pdf	adaptive	0	9	0	1992	6192	4
nist-pdf-0004	pdf	adaptive	1	9	0	2092	6192	4
nist-pdf-0004	pdf	adaptive	2	9	0	2045	6204	4
nist-pdf-0004	pdf	adaptive	3	9	0	2030	6196	4
nist-pdf-0004	pdf	adaptive	4	9	0	2297	6220	4
nist-pdf-0004	pdf	adaptive	5	9	0	2218	6216	4
nist-pdf-0004	pdf	hybrid	0	9	0	2173	5992	4
nist-pdf-0004	pdf	hybrid	1	9	0	2142	6180	4
nist-pdf-0004	pdf	hybrid	2	9	0	2661	6180	4
nist-pdf-0004	pdf	hybrid	3	9	0	2160	6140	4
nist-pdf-0004	pdf	hybrid	4	9	0	2122	6148	4
nist-pdf-0004	pdf	hybrid	5	9	0	2164	6192	4
nist-pdf-0004	pdf	hist	0	9	0	1975	6224	4
nist-pdf-0004	pdf	hist	5	9	0	2172	6164	4
nist-pdf-0004	pdf	minimal	0	10	0	2116	6232	4
nist-pdf-0004	pdf	fts	0	10	0	2185	6124	4
nist-pdf-0004	pdf	structural	0	10	0	2026	6236	4
nist-pdf-0004	pdf	structural	1	10	0	1965	6144	4
nist-pdf-0004	pdf	full	0	10	0	2054	5996	4
nist-pdf-0004	pdf	full	1	10	0	2076	6172	4
nist-pdf-0004	pdf	full	2	10	0	2018	6112	4
nist-pdf-0004	pdf	full	3	10	0	2202	6192	4
nist-pdf-0004	pdf	full	4	10	0	2208	6224	4
nist-pdf-0004	pdf	full	5	10	0	2173	5996	4
nist-pdf-0004	pdf	adaptive	0	10	0	2032	6220	4
nist-pdf-0004	pdf	adaptive	1	10	0	2058	6084	4
nist-pdf-0004	pdf	adaptive	2	10	0	2039	6212	4
nist-pdf-0004	pdf	adaptive	3	10	0	2089	6196	4
nist-pdf-0004	pdf	adaptive	4	10	0	2239	6136	4
nist-pdf-0004	pdf	adaptive	5	10	0	2096	6192	4
nist-pdf-0004	pdf	hybrid	0	10	0	2088	6008	4
nist-pdf-0004	pdf	hybrid	1	10	0	2000	6196	4
nist-pdf-0004	pdf	hybrid	2	10	0	2039	6028	4
nist-pdf-0004	pdf	hybrid	3	10	0	2076	6212	4
nist-pdf-0004	pdf	hybrid	4	10	0	2337	5872	4
nist-pdf-0004	pdf	hybrid	5	10	0	2224	6160	4
nist-pdf-0004	pdf	hist	0	10	0	1960	6228	4
nist-pdf-0004	pdf	hist	5	10	0	2318	6144	4
nist-pdf-0004	pdf	vole	0	10	0	3494	5848	4
nist-pdf-0004	pdf	vole	1	10	0	3258	5812	4
nist-pdf-0004	pdf	vole	2	10	0	3265	5744	4
nist-pdf-0004	pdf	vole	3	10	0	3278	5720	4
nist-pdf-0004	pdf	vole	4	10	0	3256	5632	4
nist-pdf-0004	pdf	vole	5	10	0	3263	5688	4
nist-pdf-0016	pdf	vole	0	1	0	1810	4160	4
nist-pdf-0016	pdf	vole	1	1	0	1790	4136	4
nist-pdf-0016	pdf	vole	2	1	0	1758	4128	4
nist-pdf-0016	pdf	vole	3	1	0	1766	4088	4
nist-pdf-0016	pdf	vole	4	1	0	1771	4224	4
nist-pdf-0016	pdf	vole	5	1	0	1728	4360	4
nist-pdf-0016	pdf	minimal	0	1	0	1566	3732	4
nist-pdf-0016	pdf	fts	0	1	0	1621	3688	4
nist-pdf-0016	pdf	structural	0	1	0	1630	3708	4
nist-pdf-0016	pdf	structural	1	1	0	1678	3592	4
nist-pdf-0016	pdf	full	0	1	0	1598	3760	4
nist-pdf-0016	pdf	full	1	1	0	1614	3740	4
nist-pdf-0016	pdf	full	2	1	0	1622	3816	4
nist-pdf-0016	pdf	full	3	1	0	1797	3572	4
nist-pdf-0016	pdf	full	4	1	0	1727	3808	4
nist-pdf-0016	pdf	full	5	1	0	1704	3712	4
nist-pdf-0016	pdf	adaptive	0	1	0	1660	3772	4
nist-pdf-0016	pdf	adaptive	1	1	0	1592	3720	4
nist-pdf-0016	pdf	adaptive	2	1	0	1672	3752	4
nist-pdf-0016	pdf	adaptive	3	1	0	1717	3728	4
nist-pdf-0016	pdf	adaptive	4	1	0	1670	3760	4
nist-pdf-0016	pdf	adaptive	5	1	0	1709	3696	4
nist-pdf-0016	pdf	hybrid	0	1	0	1724	3776	4
nist-pdf-0016	pdf	hybrid	1	1	0	1621	3768	4
nist-pdf-0016	pdf	hybrid	2	1	0	1649	3776	4
nist-pdf-0016	pdf	hybrid	3	1	0	1627	3672	4
nist-pdf-0016	pdf	hybrid	4	1	0	1679	3764	4
nist-pdf-0016	pdf	hybrid	5	1	0	1869	3764	4
nist-pdf-0016	pdf	hist	0	1	0	1700	3792	4
nist-pdf-0016	pdf	hist	5	1	0	1871	3764	4
nist-pdf-0016	pdf	minimal	0	2	0	1621	3764	4
nist-pdf-0016	pdf	fts	0	2	0	1635	3540	4
nist-pdf-0016	pdf	structural	0	2	0	1646	3644	4
nist-pdf-0016	pdf	structural	1	2	0	1596	3760	4
nist-pdf-0016	pdf	full	0	2	0	1620	3752	4
nist-pdf-0016	pdf	full	1	2	0	1635	3788	4
nist-pdf-0016	pdf	full	2	2	0	1700	3692	4
nist-pdf-0016	pdf	full	3	2	0	1569	3792	4
nist-pdf-0016	pdf	full	4	2	0	1693	3700	4
nist-pdf-0016	pdf	full	5	2	0	1739	3692	4
nist-pdf-0016	pdf	adaptive	0	2	0	1682	3696	4
nist-pdf-0016	pdf	adaptive	1	2	0	1630	3784	4
nist-pdf-0016	pdf	adaptive	2	2	0	1725	3704	4
nist-pdf-0016	pdf	adaptive	3	2	0	1674	3764	4
nist-pdf-0016	pdf	adaptive	4	2	0	1771	3760	4
nist-pdf-0016	pdf	adaptive	5	2	0	1664	3764	4
nist-pdf-0016	pdf	hybrid	0	2	0	1638	3752	4
nist-pdf-0016	pdf	hybrid	1	2	0	1589	3768	4
nist-pdf-0016	pdf	hybrid	2	2	0	1590	3712	4
nist-pdf-0016	pdf	hybrid	3	2	0	1662	3752	4
nist-pdf-0016	pdf	hybrid	4	2	0	1675	3792	4
nist-pdf-0016	pdf	hybrid	5	2	0	1706	3744	4
nist-pdf-0016	pdf	hist	0	2	0	1645	3764	4
nist-pdf-0016	pdf	hist	5	2	0	1729	3704	4
nist-pdf-0016	pdf	vole	0	2	0	1832	4216	4
nist-pdf-0016	pdf	vole	1	2	0	1727	4184	4
nist-pdf-0016	pdf	vole	2	2	0	1774	4188	4
nist-pdf-0016	pdf	vole	3	2	0	1728	4192	4
nist-pdf-0016	pdf	vole	4	2	0	1734	4324	4
nist-pdf-0016	pdf	vole	5	2	0	1734	4300	4
nist-pdf-0016	pdf	vole	0	3	0	1791	4308	4
nist-pdf-0016	pdf	vole	1	3	0	1848	4112	4
nist-pdf-0016	pdf	vole	2	3	0	1748	4344	4
nist-pdf-0016	pdf	vole	3	3	0	1764	4276	4
nist-pdf-0016	pdf	vole	4	3	0	1772	4244	4
nist-pdf-0016	pdf	vole	5	3	0	1673	4108	4
nist-pdf-0016	pdf	minimal	0	3	0	1597	3796	4
nist-pdf-0016	pdf	fts	0	3	0	1528	3688	4
nist-pdf-0016	pdf	structural	0	3	0	1528	3760	4
nist-pdf-0016	pdf	structural	1	3	0	1617	3816	4
nist-pdf-0016	pdf	full	0	3	0	1669	3800	4
nist-pdf-0016	pdf	full	1	3	0	1622	3808	4
nist-pdf-0016	pdf	full	2	3	0	1693	3760	4
nist-pdf-0016	pdf	full	3	3	0	1648	3764	4
nist-pdf-0016	pdf	full	4	3	0	1794	3700	4
nist-pdf-0016	pdf	full	5	3	0	1859	3680	4
nist-pdf-0016	pdf	adaptive	0	3	0	1645	3764	4
nist-pdf-0016	pdf	adaptive	1	3	0	1650	3688	4
nist-pdf-0016	pdf	adaptive	2	3	0	1688	3796	4
nist-pdf-0016	pdf	adaptive	3	3	0	1742	3808	4
nist-pdf-0016	pdf	adaptive	4	3	0	1645	3800	4
nist-pdf-0016	pdf	adaptive	5	3	0	1731	3788	4
nist-pdf-0016	pdf	hybrid	0	3	0	1633	3680	4
nist-pdf-0016	pdf	hybrid	1	3	0	1697	3772	4
nist-pdf-0016	pdf	hybrid	2	3	0	1696	3752	4
nist-pdf-0016	pdf	hybrid	3	3	0	1649	3808	4
nist-pdf-0016	pdf	hybrid	4	3	0	1691	3768	4
nist-pdf-0016	pdf	hybrid	5	3	0	1736	3724	4
nist-pdf-0016	pdf	hist	0	3	0	1616	3700	4
nist-pdf-0016	pdf	hist	5	3	0	1690	3704	4
nist-pdf-0016	pdf	minimal	0	4	0	1635	3712	4
nist-pdf-0016	pdf	fts	0	4	0	1654	3552	4
nist-pdf-0016	pdf	structural	0	4	0	1576	3704	4
nist-pdf-0016	pdf	structural	1	4	0	1563	3772	4
nist-pdf-0016	pdf	full	0	4	0	1683	3760	4
nist-pdf-0016	pdf	full	1	4	0	1622	3752	4
nist-pdf-0016	pdf	full	2	4	0	1693	3748	4
nist-pdf-0016	pdf	full	3	4	0	1702	3684	4
nist-pdf-0016	pdf	full	4	4	0	1788	3680	4
nist-pdf-0016	pdf	full	5	4	0	1727	3772	4
nist-pdf-0016	pdf	adaptive	0	4	0	1700	3692	4
nist-pdf-0016	pdf	adaptive	1	4	0	1630	3700	4
nist-pdf-0016	pdf	adaptive	2	4	0	1743	3664	4
nist-pdf-0016	pdf	adaptive	3	4	0	1698	3820	4
nist-pdf-0016	pdf	adaptive	4	4	0	1732	3740	4
nist-pdf-0016	pdf	adaptive	5	4	0	1778	3576	4
nist-pdf-0016	pdf	hybrid	0	4	0	1582	3740	4
nist-pdf-0016	pdf	hybrid	1	4	0	1537	3692	4
nist-pdf-0016	pdf	hybrid	2	4	0	1667	3584	4
nist-pdf-0016	pdf	hybrid	3	4	0	1648	3760	4
nist-pdf-0016	pdf	hybrid	4	4	0	1824	3724	4
nist-pdf-0016	pdf	hybrid	5	4	0	1735	3796	4
nist-pdf-0016	pdf	hist	0	4	0	1629	3760	4
nist-pdf-0016	pdf	hist	5	4	0	1695	3780	4
nist-pdf-0016	pdf	vole	0	4	0	1773	4228	4
nist-pdf-0016	pdf	vole	1	4	0	1734	4052	4
nist-pdf-0016	pdf	vole	2	4	0	1900	4188	4
nist-pdf-0016	pdf	vole	3	4	0	1805	4268	4
nist-pdf-0016	pdf	vole	4	4	0	1807	4280	4
nist-pdf-0016	pdf	vole	5	4	0	1760	4356	4
nist-pdf-0016	pdf	vole	0	5	0	1831	4148	4
nist-pdf-0016	pdf	vole	1	5	0	1742	4356	4
nist-pdf-0016	pdf	vole	2	5	0	1797	4172	4
nist-pdf-0016	pdf	vole	3	5	0	1741	4296	4
nist-pdf-0016	pdf	vole	4	5	0	1773	4316	4
nist-pdf-0016	pdf	vole	5	5	0	1715	4208	4
nist-pdf-0016	pdf	minimal	0	5	0	1561	3756	4
nist-pdf-0016	pdf	fts	0	5	0	1677	3700	4
nist-pdf-0016	pdf	structural	0	5	0	1664	3740	4
nist-pdf-0016	pdf	structural	1	5	0	1647	3800	4
nist-pdf-0016	pdf	full	0	5	0	1694	3720	4
nist-pdf-0016	pdf	full	1	5	0	1640	3752	4
nist-pdf-0016	pdf	full	2	5	0	1667	3744	4
nist-pdf-0016	pdf	full	3	5	0	1860	3576	4
nist-pdf-0016	pdf	full	4	5	0	1814	3696	4
nist-pdf-0016	pdf	full	5	5	0	1838	3760	4
nist-pdf-0016	pdf	adaptive	0	5	0	1738	3796	4
nist-pdf-0016	pdf	adaptive	1	5	0	1641	3684	4
nist-pdf-0016	pdf	adaptive	2	5	0	1663	3764	4
nist-pdf-0016	pdf	adaptive	3	5	0	1726	3740	4
nist-pdf-0016	pdf	adaptive	4	5	0	1717	3780	4
nist-pdf-0016	pdf	adaptive	5	5	0	1676	3700	4
nist-pdf-0016	pdf	hybrid	0	5	0	1548	3716	4
nist-pdf-0016	pdf	hybrid	1	5	0	1582	3772	4
nist-pdf-0016	pdf	hybrid	2	5	0	1549	3772	4
nist-pdf-0016	pdf	hybrid	3	5	0	1630	3692	4
nist-pdf-0016	pdf	hybrid	4	5	0	1703	3628	4
nist-pdf-0016	pdf	hybrid	5	5	0	1703	3688	4
nist-pdf-0016	pdf	hist	0	5	0	1612	3752	4
nist-pdf-0016	pdf	hist	5	5	0	1803	3752	4
nist-pdf-0016	pdf	minimal	0	6	0	1638	3584	4
nist-pdf-0016	pdf	fts	0	6	0	1666	3752	4
nist-pdf-0016	pdf	structural	0	6	0	1599	3696	4
nist-pdf-0016	pdf	structural	1	6	0	1708	3708	4
nist-pdf-0016	pdf	full	0	6	0	1626	3424	4
nist-pdf-0016	pdf	full	1	6	0	1648	3772	4
nist-pdf-0016	pdf	full	2	6	0	1586	3700	4
nist-pdf-0016	pdf	full	3	6	0	1791	3772	4
nist-pdf-0016	pdf	full	4	6	0	1650	3708	4
nist-pdf-0016	pdf	full	5	6	0	1635	3756	4
nist-pdf-0016	pdf	adaptive	0	6	0	1709	3700	4
nist-pdf-0016	pdf	adaptive	1	6	0	1697	3792	4
nist-pdf-0016	pdf	adaptive	2	6	0	1685	3712	4
nist-pdf-0016	pdf	adaptive	3	6	0	1669	3712	4
nist-pdf-0016	pdf	adaptive	4	6	0	1758	3596	4
nist-pdf-0016	pdf	adaptive	5	6	0	1617	3792	4
nist-pdf-0016	pdf	hybrid	0	6	0	1571	3764	4
nist-pdf-0016	pdf	hybrid	1	6	0	1628	3772	4
nist-pdf-0016	pdf	hybrid	2	6	0	1736	3760	4
nist-pdf-0016	pdf	hybrid	3	6	0	1590	3776	4
nist-pdf-0016	pdf	hybrid	4	6	0	1670	3772	4
nist-pdf-0016	pdf	hybrid	5	6	0	1777	3816	4
nist-pdf-0016	pdf	hist	0	6	0	1620	3800	4
nist-pdf-0016	pdf	hist	5	6	0	1788	3752	4
nist-pdf-0016	pdf	vole	0	6	0	1876	4316	4
nist-pdf-0016	pdf	vole	1	6	0	1848	4316	4
nist-pdf-0016	pdf	vole	2	6	0	1774	3972	4
nist-pdf-0016	pdf	vole	3	6	0	1766	4192	4
nist-pdf-0016	pdf	vole	4	6	0	1786	4164	4
nist-pdf-0016	pdf	vole	5	6	0	1709	4184	4
nist-pdf-0016	pdf	vole	0	7	0	1774	4216	4
nist-pdf-0016	pdf	vole	1	7	0	1768	4304	4
nist-pdf-0016	pdf	vole	2	7	0	1792	4216	4
nist-pdf-0016	pdf	vole	3	7	0	1835	4048	4
nist-pdf-0016	pdf	vole	4	7	0	1738	4180	4
nist-pdf-0016	pdf	vole	5	7	0	1773	4192	4
nist-pdf-0016	pdf	minimal	0	7	0	1637	3680	4
nist-pdf-0016	pdf	fts	0	7	0	1597	3632	4
nist-pdf-0016	pdf	structural	0	7	0	1616	3640	4
nist-pdf-0016	pdf	structural	1	7	0	1698	3800	4
nist-pdf-0016	pdf	full	0	7	0	1668	3744	4
nist-pdf-0016	pdf	full	1	7	0	1616	3760	4
nist-pdf-0016	pdf	full	2	7	0	1661	3712	4
nist-pdf-0016	pdf	full	3	7	0	1706	3792	4
nist-pdf-0016	pdf	full	4	7	0	1699	3700	4
nist-pdf-0016	pdf	full	5	7	0	1730	3700	4
nist-pdf-0016	pdf	adaptive	0	7	0	1691	3760	4
nist-pdf-0016	pdf	adaptive	1	7	0	1722	3772	4
nist-pdf-0016	pdf	adaptive	2	7	0	1662	3760	4
nist-pdf-0016	pdf	adaptive	3	7	0	1692	3624	4
nist-pdf-0016	pdf	adaptive	4	7	0	1732	3820	4
nist-pdf-0016	pdf	adaptive	5	7	0	1808	3716	4
nist-pdf-0016	pdf	hybrid	0	7	0	1596	3768	4
nist-pdf-0016	pdf	hybrid	1	7	0	1653	3748	4
nist-pdf-0016	pdf	hybrid	2	7	0	1682	3708	4
nist-pdf-0016	pdf	hybrid	3	7	0	1635	3712	4
nist-pdf-0016	pdf	hybrid	4	7	0	1648	3788	4
nist-pdf-0016	pdf	hybrid	5	7	0	1751	3708	4
nist-pdf-0016	pdf	hist	0	7	0	1603	3696	4
nist-pdf-0016	pdf	hist	5	7	0	1760	3796	4
nist-pdf-0016	pdf	minimal	0	8	0	1671	3764	4
nist-pdf-0016	pdf	fts	0	8	0	1578	3800	4
nist-pdf-0016	pdf	structural	0	8	0	1677	3728	4
nist-pdf-0016	pdf	structural	1	8	0	1638	3788	4
nist-pdf-0016	pdf	full	0	8	0	1626	3816	4
nist-pdf-0016	pdf	full	1	8	0	1619	3780	4
nist-pdf-0016	pdf	full	2	8	0	1637	3772	4
nist-pdf-0016	pdf	full	3	8	0	1658	3644	4
nist-pdf-0016	pdf	full	4	8	0	1775	3720	4
nist-pdf-0016	pdf	full	5	8	0	1663	3704	4
nist-pdf-0016	pdf	adaptive	0	8	0	1662	3740	4
nist-pdf-0016	pdf	adaptive	1	8	0	1599	3688	4
nist-pdf-0016	pdf	adaptive	2	8	0	1667	3764	4
nist-pdf-0016	pdf	adaptive	3	8	0	1669	3720	4
nist-pdf-0016	pdf	adaptive	4	8	0	1723	3780	4
nist-pdf-0016	pdf	adaptive	5	8	0	1642	3760	4
nist-pdf-0016	pdf	hybrid	0	8	0	1620	3756	4
nist-pdf-0016	pdf	hybrid	1	8	0	1646	3760	4
nist-pdf-0016	pdf	hybrid	2	8	0	1658	3772	4
nist-pdf-0016	pdf	hybrid	3	8	0	1665	3700	4
nist-pdf-0016	pdf	hybrid	4	8	0	1658	3704	4
nist-pdf-0016	pdf	hybrid	5	8	0	1651	3752	4
nist-pdf-0016	pdf	hist	0	8	0	1684	3688	4
nist-pdf-0016	pdf	hist	5	8	0	1745	3784	4
nist-pdf-0016	pdf	vole	0	8	0	1781	4308	4
nist-pdf-0016	pdf	vole	1	8	0	1877	4124	4
nist-pdf-0016	pdf	vole	2	8	0	1752	4284	4
nist-pdf-0016	pdf	vole	3	8	0	1855	4072	4
nist-pdf-0016	pdf	vole	4	8	0	1734	4280	4
nist-pdf-0016	pdf	vole	5	8	0	1767	4168	4
nist-pdf-0016	pdf	vole	0	9	0	1791	4136	4
nist-pdf-0016	pdf	vole	1	9	0	1763	4296	4
nist-pdf-0016	pdf	vole	2	9	0	1763	3896	4
nist-pdf-0016	pdf	vole	3	9	0	1714	4112	4
nist-pdf-0016	pdf	vole	4	9	0	1814	4216	4
nist-pdf-0016	pdf	vole	5	9	0	1760	4204	4
nist-pdf-0016	pdf	minimal	0	9	0	1653	3772	4
nist-pdf-0016	pdf	fts	0	9	0	1610	3740	4
nist-pdf-0016	pdf	structural	0	9	0	1585	3640	4
nist-pdf-0016	pdf	structural	1	9	0	1656	3616	4
nist-pdf-0016	pdf	full	0	9	0	1602	3572	4
nist-pdf-0016	pdf	full	1	9	0	1635	3772	4
nist-pdf-0016	pdf	full	2	9	0	1665	3756	4
nist-pdf-0016	pdf	full	3	9	0	1672	3780	4
nist-pdf-0016	pdf	full	4	9	0	1742	3680	4
nist-pdf-0016	pdf	full	5	9	0	1757	3752	4
nist-pdf-0016	pdf	adaptive	0	9	0	1657	3716	4
nist-pdf-0016	pdf	adaptive	1	9	0	1713	3796	4
nist-pdf-0016	pdf	adaptive	2	9	0	1709	3656	4
nist-pdf-0016	pdf	adaptive	3	9	0	1617	3704	4
nist-pdf-0016	pdf	adaptive	4	9	0	1659	3740	4
nist-pdf-0016	pdf	adaptive	5	9	0	1772	3776	4
nist-pdf-0016	pdf	hybrid	0	9	0	1596	3796	4
nist-pdf-0016	pdf	hybrid	1	9	0	1598	3544	4
nist-pdf-0016	pdf	hybrid	2	9	0	1726	3572	4
nist-pdf-0016	pdf	hybrid	3	9	0	1687	3768	4
nist-pdf-0016	pdf	hybrid	4	9	0	1760	3696	4
nist-pdf-0016	pdf	hybrid	5	9	0	1746	3760	4
nist-pdf-0016	pdf	hist	0	9	0	1689	3740	4
nist-pdf-0016	pdf	hist	5	9	0	1788	3712	4
nist-pdf-0016	pdf	minimal	0	10	0	1645	3688	4
nist-pdf-0016	pdf	fts	0	10	0	1553	3780	4
nist-pdf-0016	pdf	structural	0	10	0	1623	3784	4
nist-pdf-0016	pdf	structural	1	10	0	1601	3740	4
nist-pdf-0016	pdf	full	0	10	0	1583	3784	4
nist-pdf-0016	pdf	full	1	10	0	1742	3740	4
nist-pdf-0016	pdf	full	2	10	0	1570	3748	4
nist-pdf-0016	pdf	full	3	10	0	1709	3792	4
nist-pdf-0016	pdf	full	4	10	0	1771	3764	4
nist-pdf-0016	pdf	full	5	10	0	1686	3652	4
nist-pdf-0016	pdf	adaptive	0	10	0	1617	3780	4
nist-pdf-0016	pdf	adaptive	1	10	0	1698	3704	4
nist-pdf-0016	pdf	adaptive	2	10	0	1633	3692	4
nist-pdf-0016	pdf	adaptive	3	10	0	1811	3708	4
nist-pdf-0016	pdf	adaptive	4	10	0	1633	3748	4
nist-pdf-0016	pdf	adaptive	5	10	0	1757	3740	4
nist-pdf-0016	pdf	hybrid	0	10	0	1538	3760	4
nist-pdf-0016	pdf	hybrid	1	10	0	1631	3720	4
nist-pdf-0016	pdf	hybrid	2	10	0	1735	3700	4
nist-pdf-0016	pdf	hybrid	3	10	0	1608	3808	4
nist-pdf-0016	pdf	hybrid	4	10	0	1671	3676	4
nist-pdf-0016	pdf	hybrid	5	10	0	1706	3772	4
nist-pdf-0016	pdf	hist	0	10	0	1709	3544	4
nist-pdf-0016	pdf	hist	5	10	0	1758	3724	4
nist-pdf-0016	pdf	vole	0	10	0	1736	4128	4
nist-pdf-0016	pdf	vole	1	10	0	1800	4100	4
nist-pdf-0016	pdf	vole	2	10	0	1692	4244	4
nist-pdf-0016	pdf	vole	3	10	0	1755	4048	4
nist-pdf-0016	pdf	vole	4	10	0	1783	4300	4
nist-pdf-0016	pdf	vole	5	10	0	1748	4268	4
nist-pdf-0017	pdf	vole	0	1	0	4066	6704	4
nist-pdf-0017	pdf	vole	1	1	0	4049	6544	4
nist-pdf-0017	pdf	vole	2	1	0	4025	6856	4
nist-pdf-0017	pdf	vole	3	1	0	4081	6868	4
nist-pdf-0017	pdf	vole	4	1	0	4150	6848	4
nist-pdf-0017	pdf	vole	5	1	0	4048	6588	4
nist-pdf-0017	pdf	minimal	0	1	0	2170	7208	4
nist-pdf-0017	pdf	fts	0	1	0	2228	7196	4
nist-pdf-0017	pdf	structural	0	1	0	2367	7232	4
nist-pdf-0017	pdf	structural	1	1	0	2490	7080	4
nist-pdf-0017	pdf	full	0	1	0	2146	7164	4
nist-pdf-0017	pdf	full	1	1	0	2344	7156	4
nist-pdf-0017	pdf	full	2	1	0	2229	7256	4
nist-pdf-0017	pdf	full	3	1	0	2168	7220	4
nist-pdf-0017	pdf	full	4	1	0	2387	7264	4
nist-pdf-0017	pdf	full	5	1	0	2354	7168	4
nist-pdf-0017	pdf	adaptive	0	1	0	2208	7148	4
nist-pdf-0017	pdf	adaptive	1	1	0	2444	7216	4
nist-pdf-0017	pdf	adaptive	2	1	0	2473	7164	4
nist-pdf-0017	pdf	adaptive	3	1	0	2443	7228	4
nist-pdf-0017	pdf	adaptive	4	1	0	2363	7224	4
nist-pdf-0017	pdf	adaptive	5	1	0	2297	6960	4
nist-pdf-0017	pdf	hybrid	0	1	0	2231	7152	4
nist-pdf-0017	pdf	hybrid	1	1	0	2250	7136	4
nist-pdf-0017	pdf	hybrid	2	1	0	2180	7256	4
nist-pdf-0017	pdf	hybrid	3	1	0	2490	7272	4
nist-pdf-0017	pdf	hybrid	4	1	0	2389	7380	4
nist-pdf-0017	pdf	hybrid	5	1	0	2629	7156	4
nist-pdf-0017	pdf	hist	0	1	0	2319	7200	4
nist-pdf-0017	pdf	hist	5	1	0	2383	7204	4
nist-pdf-0017	pdf	minimal	0	2	0	2384	7196	4
nist-pdf-0017	pdf	fts	0	2	0	2494	7148	4
nist-pdf-0017	pdf	structural	0	2	0	2379	7208	4
nist-pdf-0017	pdf	structural	1	2	0	2204	7236	4
nist-pdf-0017	pdf	full	0	2	0	2258	7228	4
nist-pdf-0017	pdf	full	1	2	0	2503	7216	4
nist-pdf-0017	pdf	full	2	2	0	2307	7196	4
nist-pdf-0017	pdf	full	3	2	0	2304	7224	4
nist-pdf-0017	pdf	full	4	2	0	2472	7336	4
nist-pdf-0017	pdf	full	5	2	0	2381	7400	4
nist-pdf-0017	pdf	adaptive	0	2	0	2617	7148	4
nist-pdf-0017	pdf	adaptive	1	2	0	2766	7216	4
nist-pdf-0017	pdf	adaptive	2	2	0	2648	7176	4
nist-pdf-0017	pdf	adaptive	3	2	0	2674	7184	4
nist-pdf-0017	pdf	adaptive	4	2	0	2833	7268	4
nist-pdf-0017	pdf	adaptive	5	2	0	2669	7336	4
nist-pdf-0017	pdf	hybrid	0	2	0	2710	7172	4
nist-pdf-0017	pdf	hybrid	1	2	0	2422	7168	4
nist-pdf-0017	pdf	hybrid	2	2	0	2567	7216	4
nist-pdf-0017	pdf	hybrid	3	2	0	2925	7236	4
nist-pdf-0017	pdf	hybrid	4	2	0	2516	7380	4
nist-pdf-0017	pdf	hybrid	5	2	0	2638	7092	4
nist-pdf-0017	pdf	hist	0	2	0	2533	7184	4
nist-pdf-0017	pdf	hist	5	2	0	2689	7304	4
nist-pdf-0017	pdf	vole	0	2	0	4282	6920	4
nist-pdf-0017	pdf	vole	1	2	0	4268	6588	4
nist-pdf-0017	pdf	vole	2	2	0	4338	6588	4
nist-pdf-0017	pdf	vole	3	2	0	4199	6636	4
nist-pdf-0017	pdf	vole	4	2	0	4279	6512	4
nist-pdf-0017	pdf	vole	5	2	0	4191	6700	4
nist-pdf-0017	pdf	vole	0	3	0	4115	6440	4
nist-pdf-0017	pdf	vole	1	3	0	4170	6748	4
nist-pdf-0017	pdf	vole	2	3	0	4060	6732	4
nist-pdf-0017	pdf	vole	3	3	0	4164	6704	4
nist-pdf-0017	pdf	vole	4	3	0	4096	6632	4
nist-pdf-0017	pdf	vole	5	3	0	4227	6576	4
nist-pdf-0017	pdf	minimal	0	3	0	2376	7208	4
nist-pdf-0017	pdf	fts	0	3	0	2336	7236	4
nist-pdf-0017	pdf	structural	0	3	0	2188	7172	4
nist-pdf-0017	pdf	structural	1	3	0	2278	7216	4
nist-pdf-0017	pdf	full	0	3	0	2172	7228	4
nist-pdf-0017	pdf	full	1	3	0	2353	7232	4
nist-pdf-0017	pdf	full	2	3	0	2247	7156	4
nist-pdf-0017	pdf	full	3	3	0	2300	7208	4
nist-pdf-0017	pdf	full	4	3	0	2468	7344	4
nist-pdf-0017	pdf	full	5	3	0	2341	7340	4
nist-pdf-0017	pdf	adaptive	0	3	0	2384	7272	4
nist-pdf-0017	pdf	adaptive	1	3	0	2687	7200	4
nist-pdf-0017	pdf	adaptive	2	3	0	2597	7196	4
nist-pdf-0017	pdf	adaptive	3	3	0	2553	7164	4
nist-pdf-0017	pdf	adaptive	4	3	0	2631	7292	4
nist-pdf-0017	pdf	adaptive	5	3	0	2532	7324	4
nist-pdf-0017	pdf	hybrid	0	3	0	2630	7244	4
nist-pdf-0017	pdf	hybrid	1	3	0	2993	7200	4
nist-pdf-0017	pdf	hybrid	2	3	0	2505	7164	4
nist-pdf-0017	pdf	hybrid	3	3	0	2193	7148	4
nist-pdf-0017	pdf	hybrid	4	3	0	2280	7276	4
nist-pdf-0017	pdf	hybrid	5	3	0	2404	7312	4
nist-pdf-0017	pdf	hist	0	3	0	2107	7172	4
nist-pdf-0017	pdf	hist	5	3	0	2401	7348	4
nist-pdf-0017	pdf	minimal	0	4	0	2479	7156	4
nist-pdf-0017	pdf	fts	0	4	0	2349	7200	4
nist-pdf-0017	pdf	structural	0	4	0	2158	7196	4
nist-pdf-0017	pdf	structural	1	4	0	2437	7240	4
nist-pdf-0017	pdf	full	0	4	0	2222	7096	4
nist-pdf-0017	pdf	full	1	4	0	2295	7168	4
nist-pdf-0017	pdf	full	2	4	0	2370	7216	4
nist-pdf-0017	pdf	full	3	4	0	2355	7216	4
nist-pdf-0017	pdf	full	4	4	0	2403	7364	4
nist-pdf-0017	pdf	full	5	4	0	2303	7304	4
nist-pdf-0017	pdf	adaptive	0	4	0	2217	7184	4
nist-pdf-0017	pdf	adaptive	1	4	0	2286	7156	4
nist-pdf-0017	pdf	adaptive	2	4	0	2397	7240	4
nist-pdf-0017	pdf	adaptive	3	4	0	2310	7136	4
nist-pdf-0017	pdf	adaptive	4	4	0	2416	7216	4
nist-pdf-0017	pdf	adaptive	5	4	0	2395	7152	4
nist-pdf-0017	pdf	hybrid	0	4	0	2152	7208	4
nist-pdf-0017	pdf	hybrid	1	4	0	2266	7248	4
nist-pdf-0017	pdf	hybrid	2	4	0	2262	7184	4
nist-pdf-0017	pdf	hybrid	3	4	0	2291	7172	4
nist-pdf-0017	pdf	hybrid	4	4	0	2679	7084	4
nist-pdf-0017	pdf	hybrid	5	4	0	2485	7328	4
nist-pdf-0017	pdf	hist	0	4	0	2332	7108	4
nist-pdf-0017	pdf	hist	5	4	0	2404	7300	4
nist-pdf-0017	pdf	vole	0	4	0	4194	6560	4
nist-pdf-0017	pdf	vole	1	4	0	4233	6492	4
nist-pdf-0017	pdf	vole	2	4	0	4037	6804	4
nist-pdf-0017	pdf	vole	3	4	0	4052	6812	4
nist-pdf-0017	pdf	vole	4	4	0	4087	6884	4
nist-pdf-0017	pdf	vole	5	4	0	4176	6612	4
nist-pdf-0017	pdf	vole	0	5	0	4053	6644	4
nist-pdf-0017	pdf	vole	1	5	0	4129	6920	4
nist-pdf-0017	pdf	vole	2	5	0	4022	6776	4
nist-pdf-0017	pdf	vole	3	5	0	4192	6884	4
nist-pdf-0017	pdf	vole	4	5	0	4126	6612	4
nist-pdf-0017	pdf	vole	5	5	0	4192	6540	4
nist-pdf-0017	pdf	minimal	0	5	0	2457	7236	4
nist-pdf-0017	pdf	fts	0	5	0	2299	7220	4
nist-pdf-0017	pdf	structural	0	5	0	2120	7272	4
nist-pdf-0017	pdf	structural	1	5	0	2291	7180	4
nist-pdf-0017	pdf	full	0	5	0	2166	7140	4
nist-pdf-0017	pdf	full	1	5	0	2252	7120	4
nist-pdf-0017	pdf	full	2	5	0	2229	7148	4
nist-pdf-0017	pdf	full	3	5	0	2183	7164	4
nist-pdf-0017	pdf	full	4	5	0	2353	7280	4
nist-pdf-0017	pdf	full	5	5	0	2268	7372	4
nist-pdf-0017	pdf	adaptive	0	5	0	2226	7156	4
nist-pdf-0017	pdf	adaptive	1	5	0	2356	7200	4
nist-pdf-0017	pdf	adaptive	2	5	0	2349	7092	4
nist-pdf-0017	pdf	adaptive	3	5	0	2318	7220	4
nist-pdf-0017	pdf	adaptive	4	5	0	2238	7336	4
nist-pdf-0017	pdf	adaptive	5	5	0	2415	7284	4
nist-pdf-0017	pdf	hybrid	0	5	0	2255	7160	4
nist-pdf-0017	pdf	hybrid	1	5	0	2297	7216	4
nist-pdf-0017	pdf	hybrid	2	5	0	2331	7168	4
nist-pdf-0017	pdf	hybrid	3	5	0	2172	7152	4
nist-pdf-0017	pdf	hybrid	4	5	0	2268	7344	4
nist-pdf-0017	pdf	hybrid	5	5	0	2603	7308	4
nist-pdf-0017	pdf	hist	0	5	0	2244	7100	4
nist-pdf-0017	pdf	hist	5	5	0	2565	7288	4
nist-pdf-0017	pdf	minimal	0	6	0	2432	7084	4
nist-pdf-0017	pdf	fts	0	6	0	2212	7272	4
nist-pdf-0017	pdf	structural	0	6	0	2044	7168	4
nist-pdf-0017	pdf	structural	1	6	0	2130	7212	4
nist-pdf-0017	pdf	full	0	6	0	2188	7228	4
nist-pdf-0017	pdf	full	1	6	0	2146	7136	4
nist-pdf-0017	pdf	full	2	6	0	2462	7228	4
nist-pdf-0017	pdf	full	3	6	0	2432	7136	4
nist-pdf-0017	pdf	full	4	6	0	2197	7312	4
nist-pdf-0017	pdf	full	5	6	0	2586	7372	4
nist-pdf-0017	pdf	adaptive	0	6	0	2364	7228	4
nist-pdf-0017	pdf	adaptive	1	6	0	2348	7160	4
nist-pdf-0017	pdf	adaptive	2	6	0	2332	7220	4
nist-pdf-0017	pdf	adaptive	3	6	0	2299	7188	4
nist-pdf-0017	pdf	adaptive	4	6	0	2322	7336	4
nist-pdf-0017	pdf	adaptive	5	6	0	2444	7160	4
nist-pdf-0017	pdf	hybrid	0	6	0	2339	7172	4
nist-pdf-0017	pdf	hybrid	1	6	0	2149	7184	4
nist-pdf-0017	pdf	hybrid	2	6	0	2405	7236	4
nist-pdf-0017	pdf	hybrid	3	6	0	2263	7220	4
nist-pdf-0017	pdf	hybrid	4	6	0	2285	7216	4
nist-pdf-0017	pdf	hybrid	5	6	0	2446	7108	4
nist-pdf-0017	pdf	hist	0	6	0	2272	7144	4
nist-pdf-0017	pdf	hist	5	6	0	2649	7332	4
nist-pdf-0017	pdf	vole	0	6	0	4042	6820	4
nist-pdf-0017	pdf	vole	1	6	0	4151	6420	4
nist-pdf-0017	pdf	vole	2	6	0	4142	6612	4
nist-pdf-0017	pdf	vole	3	6	0	4207	6664	4
nist-pdf-0017	pdf	vole	4	6	0	4030	6636	4
nist-pdf-0017	pdf	vole	5	6	0	3971	6612	4
nist-pdf-0017	pdf	vole	0	7	0	4174	6768	4
nist-pdf-0017	pdf	vole	1	7	0	4116	6700	4
nist-pdf-0017	pdf	vole	2	7	0	4103	6636	4
nist-pdf-0017	pdf	vole	3	7	0	4056	6764	4
nist-pdf-0017	pdf	vole	4	7	0	4214	6808	4
nist-pdf-0017	pdf	vole	5	7	0	4038	6748	4
nist-pdf-0017	pdf	minimal	0	7	0	2322	7208	4
nist-pdf-0017	pdf	fts	0	7	0	2183	7148	4
nist-pdf-0017	pdf	structural	0	7	0	2126	7232	4
nist-pdf-0017	pdf	structural	1	7	0	2227	7172	4
nist-pdf-0017	pdf	full	0	7	0	2299	7184	4
nist-pdf-0017	pdf	full	1	7	0	2344	7216	4
nist-pdf-0017	pdf	full	2	7	0	2183	7092	4
nist-pdf-0017	pdf	full	3	7	0	2405	7176	4
nist-pdf-0017	pdf	full	4	7	0	2276	7132	4
nist-pdf-0017	pdf	full	5	7	0	2310	7380	4
nist-pdf-0017	pdf	adaptive	0	7	0	2311	7208	4
nist-pdf-0017	pdf	adaptive	1	7	0	2281	7148	4
nist-pdf-0017	pdf	adaptive	2	7	0	2155	7220	4
nist-pdf-0017	pdf	adaptive	3	7	0	2290	7160	4
nist-pdf-0017	pdf	adaptive	4	7	0	2457	7300	4
nist-pdf-0017	pdf	adaptive	5	7	0	2380	7304	4
nist-pdf-0017	pdf	hybrid	0	7	0	2351	7244	4
nist-pdf-0017	pdf	hybrid	1	7	0	2294	7164	4
nist-pdf-0017	pdf	hybrid	2	7	0	2434	7180	4
nist-pdf-0017	pdf	hybrid	3	7	0	2198	7232	4
nist-pdf-0017	pdf	hybrid	4	7	0	2449	7168	4
nist-pdf-0017	pdf	hybrid	5	7	0	2371	7248	4
nist-pdf-0017	pdf	hist	0	7	0	2339	7136	4
nist-pdf-0017	pdf	hist	5	7	0	2332	7364	4
nist-pdf-0017	pdf	minimal	0	8	0	2496	7212	4
nist-pdf-0017	pdf	fts	0	8	0	2196	7152	4
nist-pdf-0017	pdf	structural	0	8	0	2340	7220	4
nist-pdf-0017	pdf	structural	1	8	0	2257	7228	4
nist-pdf-0017	pdf	full	0	8	0	2369	7244	4
nist-pdf-0017	pdf	full	1	8	0	2390	7184	4
nist-pdf-0017	pdf	full	2	8	0	2227	7256	4
nist-pdf-0017	pdf	full	3	8	0	2200	7112	4
nist-pdf-0017	pdf	full	4	8	0	2459	7328	4
nist-pdf-0017	pdf	full	5	8	0	2288	7268	4
nist-pdf-0017	pdf	adaptive	0	8	0	2242	7212	4
nist-pdf-0017	pdf	adaptive	1	8	0	2211	7204	4
nist-pdf-0017	pdf	adaptive	2	8	0	2427	7176	4
nist-pdf-0017	pdf	adaptive	3	8	0	2305	7220	4
nist-pdf-0017	pdf	adaptive	4	8	0	2379	7364	4
nist-pdf-0017	pdf	adaptive	5	8	0	2478	7184	4
nist-pdf-0017	pdf	hybrid	0	8	0	2307	7216	4
nist-pdf-0017	pdf	hybrid	1	8	0	2139	7160	4
nist-pdf-0017	pdf	hybrid	2	8	0	2375	7208	4
nist-pdf-0017	pdf	hybrid	3	8	0	2392	7144	4
nist-pdf-0017	pdf	hybrid	4	8	0	2366	7272	4
nist-pdf-0017	pdf	hybrid	5	8	0	2432	7232	4
nist-pdf-0017	pdf	hist	0	8	0	2323	7156	4
nist-pdf-0017	pdf	hist	5	8	0	2414	7244	4
nist-pdf-0017	pdf	vole	0	8	0	4050	6488	4
nist-pdf-0017	pdf	vole	1	8	0	4157	6912	4
nist-pdf-0017	pdf	vole	2	8	0	4059	6552	4
nist-pdf-0017	pdf	vole	3	8	0	4255	6700	4
nist-pdf-0017	pdf	vole	4	8	0	4015	6664	4
nist-pdf-0017	pdf	vole	5	8	0	4125	6528	4
nist-pdf-0017	pdf	vole	0	9	0	4311	6740	4
nist-pdf-0017	pdf	vole	1	9	0	4113	6608	4
nist-pdf-0017	pdf	vole	2	9	0	4453	6516	4
nist-pdf-0017	pdf	vole	3	9	0	4187	6644	4
nist-pdf-0017	pdf	vole	4	9	0	4086	6492	4
nist-pdf-0017	pdf	vole	5	9	0	4105	6644	4
nist-pdf-0017	pdf	minimal	0	9	0	2491	7108	4
nist-pdf-0017	pdf	fts	0	9	0	2386	7208	4
nist-pdf-0017	pdf	structural	0	9	0	2186	7144	4
nist-pdf-0017	pdf	structural	1	9	0	2329	7156	4
nist-pdf-0017	pdf	full	0	9	0	2270	7020	4
nist-pdf-0017	pdf	full	1	9	0	2242	7232	4
nist-pdf-0017	pdf	full	2	9	0	2340	7156	4
nist-pdf-0017	pdf	full	3	9	0	2241	7216	4
nist-pdf-0017	pdf	full	4	9	0	2337	7360	4
nist-pdf-0017	pdf	full	5	9	0	2455	7288	4
nist-pdf-0017	pdf	adaptive	0	9	0	2289	7152	4
nist-pdf-0017	pdf	adaptive	1	9	0	2269	7136	4
nist-pdf-0017	pdf	adaptive	2	9	0	2420	7180	4
nist-pdf-0017	pdf	adaptive	3	9	0	2206	7224	4
nist-pdf-0017	pdf	adaptive	4	9	0	2343	7296	4
nist-pdf-0017	pdf	adaptive	5	9	0	2259	7324	4
nist-pdf-0017	pdf	hybrid	0	9	0	2487	7232	4
nist-pdf-0017	pdf	hybrid	1	9	0	2426	7212	4
nist-pdf-0017	pdf	hybrid	2	9	0	2398	7216	4
nist-pdf-0017	pdf	hybrid	3	9	0	2287	7180	4
nist-pdf-0017	pdf	hybrid	4	9	0	2240	7296	4
nist-pdf-0017	pdf	hybrid	5	9	0	2538	7068	4
nist-pdf-0017	pdf	hist	0	9	0	2222	7064	4
nist-pdf-0017	pdf	hist	5	9	0	2453	7356	4
nist-pdf-0017	pdf	minimal	0	10	0	2379	7196	4
nist-pdf-0017	pdf	fts	0	10	0	2517	7236	4
nist-pdf-0017	pdf	structural	0	10	0	2309	7208	4
nist-pdf-0017	pdf	structural	1	10	0	2310	7200	4
nist-pdf-0017	pdf	full	0	10	0	2341	7228	4
nist-pdf-0017	pdf	full	1	10	0	2359	7220	4
nist-pdf-0017	pdf	full	2	10	0	2342	7208	4
nist-pdf-0017	pdf	full	3	10	0	2297	7208	4
nist-pdf-0017	pdf	full	4	10	0	2350	7196	4
nist-pdf-0017	pdf	full	5	10	0	2362	7208	4
nist-pdf-0017	pdf	adaptive	0	10	0	2204	7156	4
nist-pdf-0017	pdf	adaptive	1	10	0	2336	7228	4
nist-pdf-0017	pdf	adaptive	2	10	0	2268	7228	4
nist-pdf-0017	pdf	adaptive	3	10	0	2436	7156	4
nist-pdf-0017	pdf	adaptive	4	10	0	2323	7388	4
nist-pdf-0017	pdf	adaptive	5	10	0	2484	7156	4
nist-pdf-0017	pdf	hybrid	0	10	0	2389	7216	4
nist-pdf-0017	pdf	hybrid	1	10	0	2194	7272	4
nist-pdf-0017	pdf	hybrid	2	10	0	2159	7160	4
nist-pdf-0017	pdf	hybrid	3	10	0	2421	7160	4
nist-pdf-0017	pdf	hybrid	4	10	0	2304	7304	4
nist-pdf-0017	pdf	hybrid	5	10	0	2258	7284	4
nist-pdf-0017	pdf	hist	0	10	0	2378	7244	4
nist-pdf-0017	pdf	hist	5	10	0	2504	7296	4
nist-pdf-0017	pdf	vole	0	10	0	4283	6516	4
nist-pdf-0017	pdf	vole	1	10	0	4083	6620	4
nist-pdf-0017	pdf	vole	2	10	0	4118	6588	4
nist-pdf-0017	pdf	vole	3	10	0	4192	6664	4
nist-pdf-0017	pdf	vole	4	10	0	4198	6496	4
nist-pdf-0017	pdf	vole	5	10	0	4173	6632	4
nist-docx-0005	docx	vole	0	1	0	1626	4112	8
nist-docx-0005	docx	vole	1	1	0	1774	4232	8
nist-docx-0005	docx	vole	2	1	0	1586	3984	8
nist-docx-0005	docx	vole	3	1	0	1539	4096	8
nist-docx-0005	docx	vole	4	1	0	1697	4244	8
nist-docx-0005	docx	vole	5	1	0	1577	4264	8
nist-docx-0005	docx	minimal	0	1	0	1674	3112	8
nist-docx-0005	docx	fts	0	1	0	1657	3100	8
nist-docx-0005	docx	structural	0	1	0	1707	3064	8
nist-docx-0005	docx	structural	1	1	0	1718	3276	8
nist-docx-0005	docx	full	0	1	0	1688	3260	8
nist-docx-0005	docx	full	1	1	0	1745	3240	8
nist-docx-0005	docx	full	2	1	0	1873	3524	8
nist-docx-0005	docx	full	3	1	0	1839	3544	8
nist-docx-0005	docx	full	4	1	0	1968	3464	8
nist-docx-0005	docx	full	5	1	0	1932	3448	8
nist-docx-0005	docx	adaptive	0	1	0	1614	3132	8
nist-docx-0005	docx	adaptive	1	1	0	1789	3268	8
nist-docx-0005	docx	adaptive	2	1	0	1894	3496	8
nist-docx-0005	docx	adaptive	3	1	0	1930	3536	8
nist-docx-0005	docx	adaptive	4	1	0	2098	3484	8
nist-docx-0005	docx	adaptive	5	1	0	1913	3532	8
nist-docx-0005	docx	hybrid	0	1	0	1668	3192	8
nist-docx-0005	docx	hybrid	1	1	0	1782	3196	8
nist-docx-0005	docx	hybrid	2	1	0	1915	3500	8
nist-docx-0005	docx	hybrid	3	1	0	1801	3440	8
nist-docx-0005	docx	hybrid	4	1	0	1921	3524	8
nist-docx-0005	docx	hybrid	5	1	0	1979	3520	8
nist-docx-0005	docx	hist	0	1	0	1617	3232	8
nist-docx-0005	docx	hist	5	1	0	1813	3200	8
nist-docx-0005	docx	minimal	0	2	0	1737	3136	8
nist-docx-0005	docx	fts	0	2	0	1697	3124	8
nist-docx-0005	docx	structural	0	2	0	1668	3068	8
nist-docx-0005	docx	structural	1	2	0	1693	3188	8
nist-docx-0005	docx	full	0	2	0	1671	3248	8
nist-docx-0005	docx	full	1	2	0	1780	3240	8
nist-docx-0005	docx	full	2	2	0	1944	3496	8
nist-docx-0005	docx	full	3	2	0	1884	3464	8
nist-docx-0005	docx	full	4	2	0	2033	3504	8
nist-docx-0005	docx	full	5	2	0	1992	3516	8
nist-docx-0005	docx	adaptive	0	2	0	1706	3136	8
nist-docx-0005	docx	adaptive	1	2	0	1889	3280	8
nist-docx-0005	docx	adaptive	2	2	0	1969	3516	8
nist-docx-0005	docx	adaptive	3	2	0	1907	3472	8
nist-docx-0005	docx	adaptive	4	2	0	1984	3544	8
nist-docx-0005	docx	adaptive	5	2	0	1913	3460	8
nist-docx-0005	docx	hybrid	0	2	0	1695	3216	8
nist-docx-0005	docx	hybrid	1	2	0	1686	3284	8
nist-docx-0005	docx	hybrid	2	2	0	1761	3424	8
nist-docx-0005	docx	hybrid	3	2	0	1890	3532	8
nist-docx-0005	docx	hybrid	4	2	0	1977	3504	8
nist-docx-0005	docx	hybrid	5	2	0	1981	3520	8
nist-docx-0005	docx	hist	0	2	0	1839	3056	8
nist-docx-0005	docx	hist	5	2	0	1905	3284	8
nist-docx-0005	docx	vole	0	2	0	1648	4212	8
nist-docx-0005	docx	vole	1	2	0	1621	4148	8
nist-docx-0005	docx	vole	2	2	0	1604	4344	8
nist-docx-0005	docx	vole	3	2	0	1676	4060	8
nist-docx-0005	docx	vole	4	2	0	1634	3996	8
nist-docx-0005	docx	vole	5	2	0	1626	4180	8
nist-docx-0005	docx	vole	0	3	0	1651	4184	8
nist-docx-0005	docx	vole	1	3	0	1603	4176	8
nist-docx-0005	docx	vole	2	3	0	1686	4132	8
nist-docx-0005	docx	vole	3	3	0	1648	4052	8
nist-docx-0005	docx	vole	4	3	0	1687	4296	8
nist-docx-0005	docx	vole	5	3	0	1631	4084	8
nist-docx-0005	docx	minimal	0	3	0	1706	2984	8
nist-docx-0005	docx	fts	0	3	0	1676	3100	8
nist-docx-0005	docx	structural	0	3	0	1715	3068	8
nist-docx-0005	docx	structural	1	3	0	1735	3184	8
nist-docx-0005	docx	full	0	3	0	1648	3208	8
nist-docx-0005	docx	full	1	3	0	1702	3200	8
nist-docx-0005	docx	full	2	3	0	1854	3328	8
nist-docx-0005	docx	full	3	3	0	1829	3524	8
nist-docx-0005	docx	full	4	3	0	2037	3544	8
nist-docx-0005	docx	full	5	3	0	1922	3436	8
nist-docx-0005	docx	adaptive	0	3	0	1671	3168	8
nist-docx-0005	docx	adaptive	1	3	0	1732	3296	8
nist-docx-0005	docx	adaptive	2	3	0	1947	3536	8
nist-docx-0005	docx	adaptive	3	3	0	1879	3496	8
nist-docx-0005	docx	adaptive	4	3	0	1994	3488	8
nist-docx-0005	docx	adaptive	5	3	0	1964	3552	8
nist-docx-0005	docx	hybrid	0	3	0	1693	3236	8
nist-docx-0005	docx	hybrid	1	3	0	1743	3252	8
nist-docx-0005	docx	hybrid	2	3	0	1814	3508	8
nist-docx-0005	docx	hybrid	3	3	0	1858	3524	8
nist-docx-0005	docx	hybrid	4	3	0	2059	3404	8
nist-docx-0005	docx	hybrid	5	3	0	1989	3444	8
nist-docx-0005	docx	hist	0	3	0	1662	3248	8
nist-docx-0005	docx	hist	5	3	0	1883	3188	8
nist-docx-0005	docx	minimal	0	4	0	1698	3140	8
nist-docx-0005	docx	fts	0	4	0	1646	3132	8
nist-docx-0005	docx	structural	0	4	0	1662	3140	8
nist-docx-0005	docx	structural	1	4	0	1849	3184	8
nist-docx-0005	docx	full	0	4	0	1693	3164	8
nist-docx-0005	docx	full	1	4	0	1741	3268	8
nist-docx-0005	docx	full	2	4	0	1862	3240	8
nist-docx-0005	docx	full	3	4	0	1967	3516	8
nist-docx-0005	docx	full	4	4	0	2011	3536	8
nist-docx-0005	docx	full	5	4	0	1908	3484	8
nist-docx-0005	docx	adaptive	0	4	0	1697	3112	8
nist-docx-0005	docx	adaptive	1	4	0	1776	3264	8
nist-docx-0005	docx	adaptive	2	4	0	1832	3448	8
nist-docx-0005	docx	adaptive	3	4	0	1859	3536	8
nist-docx-0005	docx	adaptive	4	4	0	2034	3448	8
nist-docx-0005	docx	adaptive	5	4	0	1968	3520	8
nist-docx-0005	docx	hybrid	0	4	0	1715	3248	8
nist-docx-0005	docx	hybrid	1	4	0	1773	3288	8
nist-docx-0005	docx	hybrid	2	4	0	1890	3516	8
nist-docx-0005	docx	hybrid	3	4	0	1871	3456	8
nist-docx-0005	docx	hybrid	4	4	0	1961	3512	8
nist-docx-0005	docx	hybrid	5	4	0	1906	3540	8
nist-docx-0005	docx	hist	0	4	0	1636	3284	8
nist-docx-0005	docx	hist	5	4	0	1852	3240	8
nist-docx-0005	docx	vole	0	4	0	1585	4048	8
nist-docx-0005	docx	vole	1	4	0	1621	4196	8
nist-docx-0005	docx	vole	2	4	0	1561	4148	8
nist-docx-0005	docx	vole	3	4	0	1626	4176	8
nist-docx-0005	docx	vole	4	4	0	1593	4232	8
nist-docx-0005	docx	vole	5	4	0	1630	4084	8
nist-docx-0005	docx	vole	0	5	0	1690	4156	8
nist-docx-0005	docx	vole	1	5	0	1625	4244	8
nist-docx-0005	docx	vole	2	5	0	1667	4184	8
nist-docx-0005	docx	vole	3	5	0	1663	4072	8
nist-docx-0005	docx	vole	4	5	0	1608	4296	8
nist-docx-0005	docx	vole	5	5	0	1611	4028	8
nist-docx-0005	docx	minimal	0	5	0	1703	3060	8
nist-docx-0005	docx	fts	0	5	0	1666	3032	8
nist-docx-0005	docx	structural	0	5	0	1671	3076	8
nist-docx-0005	docx	structural	1	5	0	1674	3284	8
nist-docx-0005	docx	full	0	5	0	1706	3284	8
nist-docx-0005	docx	full	1	5	0	1686	3276	8
nist-docx-0005	docx	full	2	5	0	1864	3544	8
nist-docx-0005	docx	full	3	5	0	1864	3496	8
nist-docx-0005	docx	full	4	5	0	1943	3424	8
nist-docx-0005	docx	full	5	5	0	1913	3536	8
nist-docx-0005	docx	adaptive	0	5	0	1632	3052	8
nist-docx-0005	docx	adaptive	1	5	0	1860	3248	8
nist-docx-0005	docx	adaptive	2	5	0	2011	3324	8
nist-docx-0005	docx	adaptive	3	5	0	1931	3488	8
nist-docx-0005	docx	adaptive	4	5	0	2029	3544	8
nist-docx-0005	docx	adaptive	5	5	0	1954	3512	8
nist-docx-0005	docx	hybrid	0	5	0	1751	3264	8
nist-docx-0005	docx	hybrid	1	5	0	1923	3188	8
nist-docx-0005	docx	hybrid	2	5	0	1899	3484	8
nist-docx-0005	docx	hybrid	3	5	0	1892	3552	8
nist-docx-0005	docx	hybrid	4	5	0	1937	3440	8
nist-docx-0005	docx	hybrid	5	5	0	2039	3564	8
nist-docx-0005	docx	hist	0	5	0	1698	3248	8
nist-docx-0005	docx	hist	5	5	0	1873	3252	8
nist-docx-0005	docx	minimal	0	6	0	1694	3068	8
nist-docx-0005	docx	fts	0	6	0	1670	3076	8
nist-docx-0005	docx	structural	0	6	0	1633	3120	8
nist-docx-0005	docx	structural	1	6	0	1784	3248	8
nist-docx-0005	docx	full	0	6	0	1693	3212	8
nist-docx-0005	docx	full	1	6	0	1803	3260	8
nist-docx-0005	docx	full	2	6	0	2039	3376	8
nist-docx-0005	docx	full	3	6	0	1862	3552	8
nist-docx-0005	docx	full	4	6	0	1965	3444	8
nist-docx-0005	docx	full	5	6	0	2000	3444	8
nist-docx-0005	docx	adaptive	0	6	0	1673	3084	8
nist-docx-0005	docx	adaptive	1	6	0	1837	3268	8
nist-docx-0005	docx	adaptive	2	6	0	1960	3492	8
nist-docx-0005	docx	adaptive	3	6	0	1985	3540	8
nist-docx-0005	docx	adaptive	4	6	0	1930	3460	8
nist-docx-0005	docx	adaptive	5	6	0	1981	3448	8
nist-docx-0005	docx	hybrid	0	6	0	1696	3256	8
nist-docx-0005	docx	hybrid	1	6	0	1719	3208	8
nist-docx-0005	docx	hybrid	2	6	0	1891	3532	8
nist-docx-0005	docx	hybrid	3	6	0	1858	3536	8
nist-docx-0005	docx	hybrid	4	6	0	1995	3448	8
nist-docx-0005	docx	hybrid	5	6	0	2006	3444	8
nist-docx-0005	docx	hist	0	6	0	1689	3280	8
nist-docx-0005	docx	hist	5	6	0	1903	3188	8
nist-docx-0005	docx	vole	0	6	0	1743	4184	8
nist-docx-0005	docx	vole	1	6	0	1666	4180	8
nist-docx-0005	docx	vole	2	6	0	1626	4180	8
nist-docx-0005	docx	vole	3	6	0	1569	4140	8
nist-docx-0005	docx	vole	4	6	0	1596	4296	8
nist-docx-0005	docx	vole	5	6	0	1647	4032	8
nist-docx-0005	docx	vole	0	7	0	1642	4028	8
nist-docx-0005	docx	vole	1	7	0	1690	4036	8
nist-docx-0005	docx	vole	2	7	0	1638	4116	8
nist-docx-0005	docx	vole	3	7	0	1540	4160	8
nist-docx-0005	docx	vole	4	7	0	1692	4132	8
nist-docx-0005	docx	vole	5	7	0	1752	4180	8
nist-docx-0005	docx	minimal	0	7	0	1676	3040	8
nist-docx-0005	docx	fts	0	7	0	1860	3060	8
nist-docx-0005	docx	structural	0	7	0	1614	3052	8
nist-docx-0005	docx	structural	1	7	0	1817	3300	8
nist-docx-0005	docx	full	0	7	0	1689	3236	8
nist-docx-0005	docx	full	1	7	0	1923	3260	8
nist-docx-0005	docx	full	2	7	0	1869	3512	8
nist-docx-0005	docx	full	3	7	0	1926	3456	8
nist-docx-0005	docx	full	4	7	0	1899	3496	8
nist-docx-0005	docx	full	5	7	0	2115	3400	8
nist-docx-0005	docx	adaptive	0	7	0	1746	3100	8
nist-docx-0005	docx	adaptive	1	7	0	1783	3276	8
nist-docx-0005	docx	adaptive	2	7	0	1905	3540	8
nist-docx-0005	docx	adaptive	3	7	0	1873	3460	8
nist-docx-0005	docx	adaptive	4	7	0	2013	3504	8
nist-docx-0005	docx	adaptive	5	7	0	2081	3368	8
nist-docx-0005	docx	hybrid	0	7	0	1748	3260	8
nist-docx-0005	docx	hybrid	1	7	0	1657	3180	8
nist-docx-0005	docx	hybrid	2	7	0	1952	3528	8
nist-docx-0005	docx	hybrid	3	7	0	1854	3452	8
nist-docx-0005	docx	hybrid	4	7	0	2040	3416	8
nist-docx-0005	docx	hybrid	5	7	0	2037	3400	8
nist-docx-0005	docx	hist	0	7	0	1708	3192	8
nist-docx-0005	docx	hist	5	7	0	2011	3200	8
nist-docx-0005	docx	minimal	0	8	0	1690	3072	8
nist-docx-0005	docx	fts	0	8	0	1728	3120	8
nist-docx-0005	docx	structural	0	8	0	1717	3132	8
nist-docx-0005	docx	structural	1	8	0	1764	3188	8
nist-docx-0005	docx	full	0	8	0	1639	3200	8
nist-docx-0005	docx	full	1	8	0	1816	3060	8
nist-docx-0005	docx	full	2	8	0	1852	3536	8
nist-docx-0005	docx	full	3	8	0	1835	3388	8
nist-docx-0005	docx	full	4	8	0	1943	3504	8
nist-docx-0005	docx	full	5	8	0	1978	3388	8
nist-docx-0005	docx	adaptive	0	8	0	1693	3132	8
nist-docx-0005	docx	adaptive	1	8	0	1947	3240	8
nist-docx-0005	docx	adaptive	2	8	0	1952	3492	8
nist-docx-0005	docx	adaptive	3	8	0	1920	3384	8
nist-docx-0005	docx	adaptive	4	8	0	1949	3504	8
nist-docx-0005	docx	adaptive	5	8	0	1876	3424	8
nist-docx-0005	docx	hybrid	0	8	0	1683	3200	8
nist-docx-0005	docx	hybrid	1	8	0	1848	3128	8
nist-docx-0005	docx	hybrid	2	8	0	1825	3432	8
nist-docx-0005	docx	hybrid	3	8	0	1815	3508	8
nist-docx-0005	docx	hybrid	4	8	0	1930	3444	8
nist-docx-0005	docx	hybrid	5	8	0	1906	3520	8
nist-docx-0005	docx	hist	0	8	0	1720	3216	8
nist-docx-0005	docx	hist	5	8	0	1876	3248	8
nist-docx-0005	docx	vole	0	8	0	1597	4184	8
nist-docx-0005	docx	vole	1	8	0	1620	4296	8
nist-docx-0005	docx	vole	2	8	0	1550	4144	8
nist-docx-0005	docx	vole	3	8	0	1622	4204	8
nist-docx-0005	docx	vole	4	8	0	1737	4164	8
nist-docx-0005	docx	vole	5	8	0	1604	3940	8
nist-docx-0005	docx	vole	0	9	0	1714	4164	8
nist-docx-0005	docx	vole	1	9	0	1701	4188	8
nist-docx-0005	docx	vole	2	9	0	1604	4216	8
nist-docx-0005	docx	vole	3	9	0	1645	4080	8
nist-docx-0005	docx	vole	4	9	0	1614	4340	8
nist-docx-0005	docx	vole	5	9	0	1614	4176	8
nist-docx-0005	docx	minimal	0	9	0	1662	3112	8
nist-docx-0005	docx	fts	0	9	0	1778	3076	8
nist-docx-0005	docx	structural	0	9	0	1656	2840	8
nist-docx-0005	docx	structural	1	9	0	1876	3308	8
nist-docx-0005	docx	full	0	9	0	1722	3180	8
nist-docx-0005	docx	full	1	9	0	1889	3148	8
nist-docx-0005	docx	full	2	9	0	1953	3432	8
nist-docx-0005	docx	full	3	9	0	1961	3536	8
nist-docx-0005	docx	full	4	9	0	2049	3512	8
nist-docx-0005	docx	full	5	9	0	1955	3520	8
nist-docx-0005	docx	adaptive	0	9	0	1735	3052	8
nist-docx-0005	docx	adaptive	1	9	0	1790	3288	8
nist-docx-0005	docx	adaptive	2	9	0	1905	3524	8
nist-docx-0005	docx	adaptive	3	9	0	1966	3504	8
nist-docx-0005	docx	adaptive	4	9	0	2142	3396	8
nist-docx-0005	docx	adaptive	5	9	0	2010	3440	8
nist-docx-0005	docx	hybrid	0	9	0	1751	3188	8
nist-docx-0005	docx	hybrid	1	9	0	1724	3276	8
nist-docx-0005	docx	hybrid	2	9	0	1948	3440	8
nist-docx-0005	docx	hybrid	3	9	0	2070	3444	8
nist-docx-0005	docx	hybrid	4	9	0	2041	3316	8
nist-docx-0005	docx	hybrid	5	9	0	1952	3444	8
nist-docx-0005	docx	hist	0	9	0	1682	3228	8
nist-docx-0005	docx	hist	5	9	0	1900	3240	8
nist-docx-0005	docx	minimal	0	10	0	1715	3072	8
nist-docx-0005	docx	fts	0	10	0	1690	2968	8
nist-docx-0005	docx	structural	0	10	0	1602	3140	8
nist-docx-0005	docx	structural	1	10	0	1736	3200	8
nist-docx-0005	docx	full	0	10	0	1768	3180	8
nist-docx-0005	docx	full	1	10	0	1807	3200	8
nist-docx-0005	docx	full	2	10	0	1817	3484	8
nist-docx-0005	docx	full	3	10	0	1892	3272	8
nist-docx-0005	docx	full	4	10	0	1949	3552	8
nist-docx-0005	docx	full	5	10	0	2003	3524	8
nist-docx-0005	docx	adaptive	0	10	0	1696	2916	8
nist-docx-0005	docx	adaptive	1	10	0	1711	3148	8
nist-docx-0005	docx	adaptive	2	10	0	2049	3444	8
nist-docx-0005	docx	adaptive	3	10	0	1934	3496	8
nist-docx-0005	docx	adaptive	4	10	0	1976	3552	8
nist-docx-0005	docx	adaptive	5	10	0	1917	3516	8
nist-docx-0005	docx	hybrid	0	10	0	1702	3248	8
nist-docx-0005	docx	hybrid	1	10	0	1689	3248	8
nist-docx-0005	docx	hybrid	2	10	0	2012	3444	8
nist-docx-0005	docx	hybrid	3	10	0	1976	3336	8
nist-docx-0005	docx	hybrid	4	10	0	1985	3456	8
nist-docx-0005	docx	hybrid	5	10	0	1972	3544	8
nist-docx-0005	docx	hist	0	10	0	1769	3168	8
nist-docx-0005	docx	hist	5	10	0	1827	3260	8
nist-docx-0005	docx	vole	0	10	0	1699	4224	8
nist-docx-0005	docx	vole	1	10	0	1629	3920	8
nist-docx-0005	docx	vole	2	10	0	1649	4300	8
nist-docx-0005	docx	vole	3	10	0	1692	3940	8
nist-docx-0005	docx	vole	4	10	0	1611	4044	8
nist-docx-0005	docx	vole	5	10	0	1795	4200	8
nist-docx-0008	docx	vole	0	1	0	1565	3860	8
nist-docx-0008	docx	vole	1	1	0	1385	3888	8
nist-docx-0008	docx	vole	2	1	0	1403	3704	8
nist-docx-0008	docx	vole	3	1	0	1343	3828	8
nist-docx-0008	docx	vole	4	1	0	1396	3848	8
nist-docx-0008	docx	vole	5	1	0	1378	3960	8
nist-docx-0008	docx	minimal	0	1	0	1573	3008	8
nist-docx-0008	docx	fts	0	1	0	1572	2748	8
nist-docx-0008	docx	structural	0	1	0	1579	3024	8
nist-docx-0008	docx	structural	1	1	0	1649	3028	8
nist-docx-0008	docx	full	0	1	0	1574	3076	8
nist-docx-0008	docx	full	1	1	0	1610	3072	8
nist-docx-0008	docx	full	2	1	0	1751	3436	8
nist-docx-0008	docx	full	3	1	0	1758	3368	8
nist-docx-0008	docx	full	4	1	0	1838	3192	8
nist-docx-0008	docx	full	5	1	0	1790	3380	8
nist-docx-0008	docx	adaptive	0	1	0	1614	2904	8
nist-docx-0008	docx	adaptive	1	1	0	1683	3032	8
nist-docx-0008	docx	adaptive	2	1	0	1843	3208	8
nist-docx-0008	docx	adaptive	3	1	0	1731	3380	8
nist-docx-0008	docx	adaptive	4	1	0	1793	3356	8
nist-docx-0008	docx	adaptive	5	1	0	1833	3388	8
nist-docx-0008	docx	hybrid	0	1	0	1616	3020	8
nist-docx-0008	docx	hybrid	1	1	0	1616	3072	8
nist-docx-0008	docx	hybrid	2	1	0	1724	3260	8
nist-docx-0008	docx	hybrid	3	1	0	1705	3412	8
nist-docx-0008	docx	hybrid	4	1	0	1803	3316	8
nist-docx-0008	docx	hybrid	5	1	0	1853	3288	8
nist-docx-0008	docx	hist	0	1	0	1653	2948	8
nist-docx-0008	docx	hist	5	1	0	1803	2952	8
nist-docx-0008	docx	minimal	0	2	0	1594	2972	8
nist-docx-0008	docx	fts	0	2	0	1565	2972	8
nist-docx-0008	docx	structural	0	2	0	1570	2924	8
nist-docx-0008	docx	structural	1	2	0	1647	3168	8
nist-docx-0008	docx	full	0	2	0	1615	3140	8
nist-docx-0008	docx	full	1	2	0	1831	3044	8
nist-docx-0008	docx	full	2	2	0	1778	3304	8
nist-docx-0008	docx	full	3	2	0	1838	3176	8
nist-docx-0008	docx	full	4	2	0	1839	3336	8
nist-docx-0008	docx	full	5	2	0	1885	3388	8
nist-docx-0008	docx	adaptive	0	2	0	1592	2940	8
nist-docx-0008	docx	adaptive	1	2	0	1648	3140	8
nist-docx-0008	docx	adaptive	2	2	0	1715	3352	8
nist-docx-0008	docx	adaptive	3	2	0	1787	3356	8
nist-docx-0008	docx	adaptive	4	2	0	1794	3376	8
nist-docx-0008	docx	adaptive	5	2	0	1784	3384	8
nist-docx-0008	docx	hybrid	0	2	0	1688	3120	8
nist-docx-0008	docx	hybrid	1	2	0	1646	3124	8
nist-docx-0008	docx	hybrid	2	2	0	1812	3416	8
nist-docx-0008	docx	hybrid	3	2	0	1722	3404	8
nist-docx-0008	docx	hybrid	4	2	0	1857	3332	8
nist-docx-0008	docx	hybrid	5	2	0	2022	3344	8
nist-docx-0008	docx	hist	0	2	0	1558	2972	8
nist-docx-0008	docx	hist	5	2	0	1809	3004	8
nist-docx-0008	docx	vole	0	2	0	1365	3876	8
nist-docx-0008	docx	vole	1	2	0	1361	3820	8
nist-docx-0008	docx	vole	2	2	0	1440	3948	8
nist-docx-0008	docx	vole	3	2	0	1391	3888	8
nist-docx-0008	docx	vole	4	2	0	1347	3944	8
nist-docx-0008	docx	vole	5	2	0	1488	3996	8
nist-docx-0008	docx	vole	0	3	0	1466	3960	8
nist-docx-0008	docx	vole	1	3	0	1391	3784	8
nist-docx-0008	docx	vole	2	3	0	1336	3912	8
nist-docx-0008	docx	vole	3	3	0	1436	3944	8
nist-docx-0008	docx	vole	4	3	0	1391	3876	8
nist-docx-0008	docx	vole	5	3	0	1313	3888	8
nist-docx-0008	docx	minimal	0	3	0	1562	3004	8
nist-docx-0008	docx	fts	0	3	0	1579	3012	8
nist-docx-0008	docx	structural	0	3	0	1533	3020	8
nist-docx-0008	docx	structural	1	3	0	1674	3052	8
nist-docx-0008	docx	full	0	3	0	1646	2936	8
nist-docx-0008	docx	full	1	3	0	1659	3032	8
nist-docx-0008	docx	full	2	3	0	1826	3140	8
nist-docx-0008	docx	full	3	3	0	1711	3320	8
nist-docx-0008	docx	full	4	3	0	1907	3228	8
nist-docx-0008	docx	full	5	3	0	1848	3376	8
nist-docx-0008	docx	adaptive	0	3	0	1642	2912	8
nist-docx-0008	docx	adaptive	1	3	0	1659	3052	8
nist-docx-0008	docx	adaptive	2	3	0	1742	3332	8
nist-docx-0008	docx	adaptive	3	3	0	1713	3316	8
nist-docx-0008	docx	adaptive	4	3	0	1837	3356	8
nist-docx-0008	docx	adaptive	5	3	0	1858	3328	8
nist-docx-0008	docx	hybrid	0	3	0	1582	3064	8
nist-docx-0008	docx	hybrid	1	3	0	1616	3152	8
nist-docx-0008	docx	hybrid	2	3	0	1806	3212	8
nist-docx-0008	docx	hybrid	3	3	0	1776	3368	8
nist-docx-0008	docx	hybrid	4	3	0	1809	3412	8
nist-docx-0008	docx	hybrid	5	3	0	1850	3360	8
nist-docx-0008	docx	hist	0	3	0	1656	2984	8
nist-docx-0008	docx	hist	5	3	0	1741	3020	8
nist-docx-0008	docx	minimal	0	4	0	1653	3000	8
nist-docx-0008	docx	fts	0	4	0	1588	3008	8
nist-docx-0008	docx	structural	0	4	0	1655	2908	8
nist-docx-0008	docx	structural	1	4	0	1734	3088	8
nist-docx-0008	docx	full	0	4	0	1609	3120	8
nist-docx-0008	docx	full	1	4	0	1645	3112	8
nist-docx-0008	docx	full	2	4	0	1767	3176	8
nist-docx-0008	docx	full	3	4	0	1763	3380	8
nist-docx-0008	docx	full	4	4	0	1818	3316	8
nist-docx-0008	docx	full	5	4	0	1751	3368	8
nist-docx-0008	docx	adaptive	0	4	0	1579	2924	8
nist-docx-0008	docx	adaptive	1	4	0	1654	3052	8
nist-docx-0008	docx	adaptive	2	4	0	1849	3376	8
nist-docx-0008	docx	adaptive	3	4	0	1766	3356	8
nist-docx-0008	docx	adaptive	4	4	0	1821	3344	8
nist-docx-0008	docx	adaptive	5	4	0	1845	3388	8
nist-docx-0008	docx	hybrid	0	4	0	1687	3060	8
nist-docx-0008	docx	hybrid	1	4	0	1679	3052	8
nist-docx-0008	docx	hybrid	2	4	0	1845	3148	8
nist-docx-0008	docx	hybrid	3	4	0	1728	3424	8
nist-docx-0008	docx	hybrid	4	4	0	1908	3404	8
nist-docx-0008	docx	hybrid	5	4	0	1829	3376	8
nist-docx-0008	docx	hist	0	4	0	1559	3016	8
nist-docx-0008	docx	hist	5	4	0	1783	3000	8
nist-docx-0008	docx	vole	0	4	0	1525	3964	8
nist-docx-0008	docx	vole	1	4	0	1364	3692	8
nist-docx-0008	docx	vole	2	4	0	1350	3876	8
nist-docx-0008	docx	vole	3	4	0	1313	3928	8
nist-docx-0008	docx	vole	4	4	0	1339	3872	8
nist-docx-0008	docx	vole	5	4	0	1328	3736	8
nist-docx-0008	docx	vole	0	5	0	1480	3948	8
nist-docx-0008	docx	vole	1	5	0	1385	3768	8
nist-docx-0008	docx	vole	2	5	0	1399	3844	8
nist-docx-0008	docx	vole	3	5	0	1338	3840	8
nist-docx-0008	docx	vole	4	5	0	1375	3932	8
nist-docx-0008	docx	vole	5	5	0	1389	3792	8
nist-docx-0008	docx	minimal	0	5	0	1607	2948	8
nist-docx-0008	docx	fts	0	5	0	1556	2972	8
nist-docx-0008	docx	structural	0	5	0	1619	2992	8
nist-docx-0008	docx	structural	1	5	0	1696	3048	8
nist-docx-0008	docx	full	0	5	0	1601	3076	8
nist-docx-0008	docx	full	1	5	0	1708	3064	8
nist-docx-0008	docx	full	2	5	0	1828	3252	8
nist-docx-0008	docx	full	3	5	0	1776	3404	8
nist-docx-0008	docx	full	4	5	0	1868	3396	8
nist-docx-0008	docx	full	5	5	0	1863	3192	8
nist-docx-0008	docx	adaptive	0	5	0	1680	2972	8
nist-docx-0008	docx	adaptive	1	5	0	1716	3060	8
nist-docx-0008	docx	adaptive	2	5	0	1698	3368	8
nist-docx-0008	docx	adaptive	3	5	0	1685	3328	8
nist-docx-0008	docx	adaptive	4	5	0	1809	3372	8
nist-docx-0008	docx	adaptive	5	5	0	1950	3140	8
nist-docx-0008	docx	hybrid	0	5	0	1694	3132	8
nist-docx-0008	docx	hybrid	1	5	0	1694	3064	8
nist-docx-0008	docx	hybrid	2	5	0	1725	3404	8
nist-docx-0008	docx	hybrid	3	5	0	1768	3296	8
nist-docx-0008	docx	hybrid	4	5	0	1830	3388	8
nist-docx-0008	docx	hybrid	5	5	0	1829	3316	8
nist-docx-0008	docx	hist	0	5	0	1591	2972	8
nist-docx-0008	docx	hist	5	5	0	1741	2912	8
nist-docx-0008	docx	minimal	0	6	0	1609	2932	8
nist-docx-0008	docx	fts	0	6	0	1589	2972	8
nist-docx-0008	docx	structural	0	6	0	1557	2928	8
nist-docx-0008	docx	structural	1	6	0	1695	3120	8
nist-docx-0008	docx	full	0	6	0	1677	3068	8
nist-docx-0008	docx	full	1	6	0	1595	3076	8
nist-docx-0008	docx	full	2	6	0	1714	3308	8
nist-docx-0008	docx	full	3	6	0	1756	3300	8
nist-docx-0008	docx	full	4	6	0	1795	3280	8
nist-docx-0008	docx	full	5	6	0	2016	3376	8
nist-docx-0008	docx	adaptive	0	6	0	1639	2936	8
nist-docx-0008	docx	adaptive	1	6	0	1627	3132	8
nist-docx-0008	docx	adaptive	2	6	0	1814	3400	8
nist-docx-0008	docx	adaptive	3	6	0	1880	3204	8
nist-docx-0008	docx	adaptive	4	6	0	1806	3408	8
nist-docx-0008	docx	adaptive	5	6	0	1909	3188	8
nist-docx-0008	docx	hybrid	0	6	0	1615	3136	8
nist-docx-0008	docx	hybrid	1	6	0	1675	3100	8
nist-docx-0008	docx	hybrid	2	6	0	1673	3316	8
nist-docx-0008	docx	hybrid	3	6	0	1738	3328	8
nist-docx-0008	docx	hybrid	4	6	0	1843	3376	8
nist-docx-0008	docx	hybrid	5	6	0	1776	3320	8
nist-docx-0008	docx	hist	0	6	0	1631	2948	8
nist-docx-0008	docx	hist	5	6	0	1843	3020	8
nist-docx-0008	docx	vole	0	6	0	1393	3968	8
nist-docx-0008	docx	vole	1	6	0	1369	3984	8
nist-docx-0008	docx	vole	2	6	0	1367	3960	8
nist-docx-0008	docx	vole	3	6	0	1444	3976	8
nist-docx-0008	docx	vole	4	6	0	1316	3888	8
nist-docx-0008	docx	vole	5	6	0	1343	3904	8
nist-docx-0008	docx	vole	0	7	0	1387	3896	8
nist-docx-0008	docx	vole	1	7	0	1383	3816	8
nist-docx-0008	docx	vole	2	7	0	1371	3964	8
nist-docx-0008	docx	vole	3	7	0	1380	3904	8
nist-docx-0008	docx	vole	4	7	0	1540	4008	8
nist-docx-0008	docx	vole	5	7	0	1369	4064	8
nist-docx-0008	docx	minimal	0	7	0	1528	2972	8
nist-docx-0008	docx	fts	0	7	0	1598	2996	8
nist-docx-0008	docx	structural	0	7	0	1551	2956	8
nist-docx-0008	docx	structural	1	7	0	1752	3124	8
nist-docx-0008	docx	full	0	7	0	1655	3144	8
nist-docx-0008	docx	full	1	7	0	1707	3088	8
nist-docx-0008	docx	full	2	7	0	1841	3204	8
nist-docx-0008	docx	full	3	7	0	1715	3388	8
nist-docx-0008	docx	full	4	7	0	1985	3176	8
nist-docx-0008	docx	full	5	7	0	1783	3380	8
nist-docx-0008	docx	adaptive	0	7	0	1574	2948	8
nist-docx-0008	docx	adaptive	1	7	0	1684	3136	8
nist-docx-0008	docx	adaptive	2	7	0	1799	3376	8
nist-docx-0008	docx	adaptive	3	7	0	1684	3376	8
nist-docx-0008	docx	adaptive	4	7	0	1868	3296	8
nist-docx-0008	docx	adaptive	5	7	0	1783	3412	8
nist-docx-0008	docx	hybrid	0	7	0	1592	3076	8
nist-docx-0008	docx	hybrid	1	7	0	1710	3112	8
nist-docx-0008	docx	hybrid	2	7	0	1781	3328	8
nist-docx-0008	docx	hybrid	3	7	0	1734	3396	8
nist-docx-0008	docx	hybrid	4	7	0	1787	3304	8
nist-docx-0008	docx	hybrid	5	7	0	1837	3424	8
nist-docx-0008	docx	hist	0	7	0	1674	3004	8
nist-docx-0008	docx	hist	5	7	0	1879	2956	8
nist-docx-0008	docx	minimal	0	8	0	1664	3028	8
nist-docx-0008	docx	fts	0	8	0	1622	2984	8
nist-docx-0008	docx	structural	0	8	0	1593	2872	8
nist-docx-0008	docx	structural	1	8	0	1718	3144	8
nist-docx-0008	docx	full	0	8	0	1576	3052	8
nist-docx-0008	docx	full	1	8	0	1635	3040	8
nist-docx-0008	docx	full	2	8	0	1694	3356	8
nist-docx-0008	docx	full	3	8	0	1761	3188	8
nist-docx-0008	docx	full	4	8	0	1899	3232	8
nist-docx-0008	docx	full	5	8	0	1800	3316	8
nist-docx-0008	docx	adaptive	0	8	0	1630	3032	8
nist-docx-0008	docx	adaptive	1	8	0	1627	3072	8
nist-docx-0008	docx	adaptive	2	8	0	1778	3312	8
nist-docx-0008	docx	adaptive	3	8	0	1749	3404	8
nist-docx-0008	docx	adaptive	4	8	0	1829	3396	8
nist-docx-0008	docx	adaptive	5	8	0	2015	3320	8
nist-docx-0008	docx	hybrid	0	8	0	1668	3140	8
nist-docx-0008	docx	hybrid	1	8	0	1645	2960	8
nist-docx-0008	docx	hybrid	2	8	0	1689	3328	8
nist-docx-0008	docx	hybrid	3	8	0	1699	3368	8
nist-docx-0008	docx	hybrid	4	8	0	1842	3348	8
nist-docx-0008	docx	hybrid	5	8	0	1839	3088	8
nist-docx-0008	docx	hist	0	8	0	1727	2988	8
nist-docx-0008	docx	hist	5	8	0	1871	3004	8
nist-docx-0008	docx	vole	0	8	0	1396	3784	8
nist-docx-0008	docx	vole	1	8	0	1326	3864	8
nist-docx-0008	docx	vole	2	8	0	1429	3968	8
nist-docx-0008	docx	vole	3	8	0	1379	3828	8
nist-docx-0008	docx	vole	4	8	0	1314	3788	8
nist-docx-0008	docx	vole	5	8	0	1303	4024	8
nist-docx-0008	docx	vole	0	9	0	1458	3760	8
nist-docx-0008	docx	vole	1	9	0	1528	3688	8
nist-docx-0008	docx	vole	2	9	0	1570	3852	8
nist-docx-0008	docx	vole	3	9	0	1494	3692	8
nist-docx-0008	docx	vole	4	9	0	1355	3884	8
nist-docx-0008	docx	vole	5	9	0	1345	3896	8
nist-docx-0008	docx	minimal	0	9	0	1631	2988	8
nist-docx-0008	docx	fts	0	9	0	1595	2988	8
nist-docx-0008	docx	structural	0	9	0	1588	2948	8
nist-docx-0008	docx	structural	1	9	0	1651	3116	8
nist-docx-0008	docx	full	0	9	0	1586	3132	8
nist-docx-0008	docx	full	1	9	0	1699	3152	8
nist-docx-0008	docx	full	2	9	0	1715	3392	8
nist-docx-0008	docx	full	3	9	0	1689	3436	8
nist-docx-0008	docx	full	4	9	0	1817	3340	8
nist-docx-0008	docx	full	5	9	0	1876	3344	8
nist-docx-0008	docx	adaptive	0	9	0	1537	2952	8
nist-docx-0008	docx	adaptive	1	9	0	1717	3128	8
nist-docx-0008	docx	adaptive	2	9	0	1776	3344	8
nist-docx-0008	docx	adaptive	3	9	0	1789	3316	8
nist-docx-0008	docx	adaptive	4	9	0	1791	3376	8
nist-docx-0008	docx	adaptive	5	9	0	1992	3356	8
nist-docx-0008	docx	hybrid	0	9	0	1565	3080	8
nist-docx-0008	docx	hybrid	1	9	0	1606	3124	8
nist-docx-0008	docx	hybrid	2	9	0	1674	3380	8
nist-docx-0008	docx	hybrid	3	9	0	1885	3164	8
nist-docx-0008	docx	hybrid	4	9	0	1848	3352	8
nist-docx-0008	docx	hybrid	5	9	0	1745	3380	8
nist-docx-0008	docx	hist	0	9	0	1557	2920	8
nist-docx-0008	docx	hist	5	9	0	1704	2916	8
nist-docx-0008	docx	minimal	0	10	0	1596	2924	8
nist-docx-0008	docx	fts	0	10	0	1615	2976	8
nist-docx-0008	docx	structural	0	10	0	1531	2984	8
nist-docx-0008	docx	structural	1	10	0	1673	3120	8
nist-docx-0008	docx	full	0	10	0	1703	2920	8
nist-docx-0008	docx	full	1	10	0	1674	3080	8
nist-docx-0008	docx	full	2	10	0	1806	3392	8
nist-docx-0008	docx	full	3	10	0	1763	3080	8
nist-docx-0008	docx	full	4	10	0	1922	3396	8
nist-docx-0008	docx	full	5	10	0	1934	3188	8
nist-docx-0008	docx	adaptive	0	10	0	1561	3000	8
nist-docx-0008	docx	adaptive	1	10	0	2117	3056	8
nist-docx-0008	docx	adaptive	2	10	0	1894	3204	8
nist-docx-0008	docx	adaptive	3	10	0	1887	3428	8
nist-docx-0008	docx	adaptive	4	10	0	1860	3412	8
nist-docx-0008	docx	adaptive	5	10	0	1928	3404	8
nist-docx-0008	docx	hybrid	0	10	0	1648	3060	8
nist-docx-0008	docx	hybrid	1	10	0	1658	3060	8
nist-docx-0008	docx	hybrid	2	10	0	1897	3320	8
nist-docx-0008	docx	hybrid	3	10	0	1832	3368	8
nist-docx-0008	docx	hybrid	4	10	0	1963	3360	8
nist-docx-0008	docx	hybrid	5	10	0	1973	3328	8
nist-docx-0008	docx	hist	0	10	0	1689	2992	8
nist-docx-0008	docx	hist	5	10	0	1788	2992	8
nist-docx-0008	docx	vole	0	10	0	1405	3732	8
nist-docx-0008	docx	vole	1	10	0	1316	3780	8
nist-docx-0008	docx	vole	2	10	0	1395	3704	8
nist-docx-0008	docx	vole	3	10	0	1355	3880	8
nist-docx-0008	docx	vole	4	10	0	1378	3776	8
nist-docx-0008	docx	vole	5	10	0	1427	3872	8
nist-docx-0009	docx	vole	0	1	0	2114	4624	8
nist-docx-0009	docx	vole	1	1	0	2025	4648	8
nist-docx-0009	docx	vole	2	1	0	2108	4660	8
nist-docx-0009	docx	vole	3	1	0	2026	4748	8
nist-docx-0009	docx	vole	4	1	0	2009	4660	8
nist-docx-0009	docx	vole	5	1	0	2141	4572	8
nist-docx-0009	docx	minimal	0	1	0	1683	3316	8
nist-docx-0009	docx	fts	0	1	0	1703	3388	8
nist-docx-0009	docx	structural	0	1	0	1687	3304	8
nist-docx-0009	docx	structural	1	1	0	1799	3492	8
nist-docx-0009	docx	full	0	1	0	1711	3368	8
nist-docx-0009	docx	full	1	1	0	1951	3264	8
nist-docx-0009	docx	full	2	1	0	1972	3496	8
nist-docx-0009	docx	full	3	1	0	2054	3468	8
nist-docx-0009	docx	full	4	1	0	1937	3600	8
nist-docx-0009	docx	full	5	1	0	2042	3628	8
nist-docx-0009	docx	adaptive	0	1	0	1972	3376	8
nist-docx-0009	docx	adaptive	1	1	0	1814	3488	8
nist-docx-0009	docx	adaptive	2	1	0	1960	3624	8
nist-docx-0009	docx	adaptive	3	1	0	1956	3392	8
nist-docx-0009	docx	adaptive	4	1	0	2113	3552	8
nist-docx-0009	docx	adaptive	5	1	0	2038	3560	8
nist-docx-0009	docx	hybrid	0	1	0	1764	3500	8
nist-docx-0009	docx	hybrid	1	1	0	1856	3468	8
nist-docx-0009	docx	hybrid	2	1	0	1983	3628	8
nist-docx-0009	docx	hybrid	3	1	0	1933	3636	8
nist-docx-0009	docx	hybrid	4	1	0	2059	3660	8
nist-docx-0009	docx	hybrid	5	1	0	2021	3592	8
nist-docx-0009	docx	hist	0	1	0	1706	3296	8
nist-docx-0009	docx	hist	5	1	0	1959	3328	8
nist-docx-0009	docx	minimal	0	2	0	1712	3304	8
nist-docx-0009	docx	fts	0	2	0	1856	3304	8
nist-docx-0009	docx	structural	0	2	0	1673	3376	8
nist-docx-0009	docx	structural	1	2	0	1773	3488	8
nist-docx-0009	docx	full	0	2	0	1690	3520	8
nist-docx-0009	docx	full	1	2	0	1718	3480	8
nist-docx-0009	docx	full	2	2	0	1931	3628	8
nist-docx-0009	docx	full	3	2	0	1847	3596	8
nist-docx-0009	docx	full	4	2	0	1976	3700	8
nist-docx-0009	docx	full	5	2	0	1943	3568	8
nist-docx-0009	docx	adaptive	0	2	0	1744	3404	8
nist-docx-0009	docx	adaptive	1	2	0	1886	3428	8
nist-docx-0009	docx	adaptive	2	2	0	1885	3636	8
nist-docx-0009	docx	adaptive	3	2	0	1950	3628	8
nist-docx-0009	docx	adaptive	4	2	0	1967	3564	8
nist-docx-0009	docx	adaptive	5	2	0	2007	3580	8
nist-docx-0009	docx	hybrid	0	2	0	1834	3428	8
nist-docx-0009	docx	hybrid	1	2	0	1825	3416	8
nist-docx-0009	docx	hybrid	2	2	0	1910	3616	8
nist-docx-0009	docx	hybrid	3	2	0	1989	3548	8
nist-docx-0009	docx	hybrid	4	2	0	1992	3600	8
nist-docx-0009	docx	hybrid	5	2	0	2106	3572	8
nist-docx-0009	docx	hist	0	2	0	1746	3416	8
nist-docx-0009	docx	hist	5	2	0	1932	3356	8
nist-docx-0009	docx	vole	0	2	0	2133	4856	8
nist-docx-0009	docx	vole	1	2	0	2069	4692	8
nist-docx-0009	docx	vole	2	2	0	2093	4724	8
nist-docx-0009	docx	vole	3	2	0	2059	4632	8
nist-docx-0009	docx	vole	4	2	0	2082	4624	8
nist-docx-0009	docx	vole	5	2	0	2142	4572	8
nist-docx-0009	docx	vole	0	3	0	2167	4652	8
nist-docx-0009	docx	vole	1	3	0	2113	4548	8
nist-docx-0009	docx	vole	2	3	0	2098	4760	8
nist-docx-0009	docx	vole	3	3	0	2013	4620	8
nist-docx-0009	docx	vole	4	3	0	2109	4548	8
nist-docx-0009	docx	vole	5	3	0	2105	4660	8
nist-docx-0009	docx	minimal	0	3	0	1727	3332	8
nist-docx-0009	docx	fts	0	3	0	1676	3324	8
nist-docx-0009	docx	structural	0	3	0	1870	3332	8
nist-docx-0009	docx	structural	1	3	0	1903	3484	8
nist-docx-0009	docx	full	0	3	0	1780	3464	8
nist-docx-0009	docx	full	1	3	0	1758	3476	8
nist-docx-0009	docx	full	2	3	0	1990	3640	8
nist-docx-0009	docx	full	3	3	0	1911	3532	8
nist-docx-0009	docx	full	4	3	0	1961	3444	8
nist-docx-0009	docx	full	5	3	0	1950	3564	8
nist-docx-0009	docx	adaptive	0	3	0	1685	3344	8
nist-docx-0009	docx	adaptive	1	3	0	1851	3512	8
nist-docx-0009	docx	adaptive	2	3	0	1989	3612	8
nist-docx-0009	docx	adaptive	3	3	0	1910	3612	8
nist-docx-0009	docx	adaptive	4	3	0	1919	3540	8
nist-docx-0009	docx	adaptive	5	3	0	2069	3624	8
nist-docx-0009	docx	hybrid	0	3	0	1819	3444	8
nist-docx-0009	docx	hybrid	1	3	0	1884	3432	8
nist-docx-0009	docx	hybrid	2	3	0	1893	3600	8
nist-docx-0009	docx	hybrid	3	3	0	1907	3604	8
nist-docx-0009	docx	hybrid	4	3	0	2009	3588	8
nist-docx-0009	docx	hybrid	5	3	0	1986	3636	8
nist-docx-0009	docx	hist	0	3	0	1833	3272	8
nist-docx-0009	docx	hist	5	3	0	1930	3392	8
nist-docx-0009	docx	minimal	0	4	0	1823	3360	8
nist-docx-0009	docx	fts	0	4	0	1800	3412	8
nist-docx-0009	docx	structural	0	4	0	1856	3388	8
nist-docx-0009	docx	structural	1	4	0	1879	3516	8
nist-docx-0009	docx	full	0	4	0	1787	3388	8
nist-docx-0009	docx	full	1	4	0	1928	3428	8
nist-docx-0009	docx	full	2	4	0	2148	3520	8
nist-docx-0009	docx	full	3	4	0	1887	3472	8
nist-docx-0009	docx	full	4	4	0	2075	3576	8
nist-docx-0009	docx	full	5	4	0	2015	3440	8
nist-docx-0009	docx	adaptive	0	4	0	1737	3380	8
nist-docx-0009	docx	adaptive	1	4	0	1800	3396	8
nist-docx-0009	docx	adaptive	2	4	0	1899	3584	8
nist-docx-0009	docx	adaptive	3	4	0	1891	3532	8
nist-docx-0009	docx	adaptive	4	4	0	2024	3616	8
nist-docx-0009	docx	adaptive	5	4	0	1932	3588	8
nist-docx-0009	docx	hybrid	0	4	0	1842	3456	8
nist-docx-0009	docx	hybrid	1	4	0	1837	3508	8
nist-docx-0009	docx	hybrid	2	4	0	2104	3588	8
nist-docx-0009	docx	hybrid	3	4	0	2051	3600	8
nist-docx-0009	docx	hybrid	4	4	0	2041	3560	8
nist-docx-0009	docx	hybrid	5	4	0	2093	3604	8
nist-docx-0009	docx	hist	0	4	0	1674	3324	8
nist-docx-0009	docx	hist	5	4	0	1999	3376	8
nist-docx-0009	docx	vole	0	4	0	2130	4784	8
nist-docx-0009	docx	vole	1	4	0	1999	4632	8
nist-docx-0009	docx	vole	2	4	0	2042	4616	8
nist-docx-0009	docx	vole	3	4	0	2127	4624	8
nist-docx-0009	docx	vole	4	4	0	2133	4560	8
nist-docx-0009	docx	vole	5	4	0	2342	4596	8
nist-docx-0009	docx	vole	0	5	0	2070	4712	8
nist-docx-0009	docx	vole	1	5	0	2127	4596	8
nist-docx-0009	docx	vole	2	5	0	2122	4572	8
nist-docx-0009	docx	vole	3	5	0	2021	4700	8
nist-docx-0009	docx	vole	4	5	0	2003	4744	8
nist-docx-0009	docx	vole	5	5	0	2150	4640	8
nist-docx-0009	docx	minimal	0	5	0	1749	3412	8
nist-docx-0009	docx	fts	0	5	0	1708	3380	8
nist-docx-0009	docx	structural	0	5	0	1728	3368	8
nist-docx-0009	docx	structural	1	5	0	1806	3468	8
nist-docx-0009	docx	full	0	5	0	1797	3496	8
nist-docx-0009	docx	full	1	5	0	1889	3416	8
nist-docx-0009	docx	full	2	5	0	1938	3544	8
nist-docx-0009	docx	full	3	5	0	1930	3588	8
nist-docx-0009	docx	full	4	5	0	1924	3544	8
nist-docx-0009	docx	full	5	5	0	2068	3640	8
nist-docx-0009	docx	adaptive	0	5	0	1794	3332	8
nist-docx-0009	docx	adaptive	1	5	0	1793	3408	8
nist-docx-0009	docx	adaptive	2	5	0	2078	3612	8
nist-docx-0009	docx	adaptive	3	5	0	1952	3524	8
nist-docx-0009	docx	adaptive	4	5	0	2010	3636	8
nist-docx-0009	docx	adaptive	5	5	0	2011	3648	8
nist-docx-0009	docx	hybrid	0	5	0	1843	3380	8
nist-docx-0009	docx	hybrid	1	5	0	1911	3492	8
nist-docx-0009	docx	hybrid	2	5	0	2009	3584	8
nist-docx-0009	docx	hybrid	3	5	0	1928	3612	8
nist-docx-0009	docx	hybrid	4	5	0	1984	3624	8
nist-docx-0009	docx	hybrid	5	5	0	1987	3616	8
nist-docx-0009	docx	hist	0	5	0	1916	3356	8
nist-docx-0009	docx	hist	5	5	0	2033	3468	8
nist-docx-0009	docx	minimal	0	6	0	1785	3116	8
nist-docx-0009	docx	fts	0	6	0	1875	3368	8
nist-docx-0009	docx	structural	0	6	0	1721	3304	8
nist-docx-0009	docx	structural	1	6	0	1831	3376	8
nist-docx-0009	docx	full	0	6	0	1809	3468	8
nist-docx-0009	docx	full	1	6	0	1781	3424	8
nist-docx-0009	docx	full	2	6	0	1952	3608	8
nist-docx-0009	docx	full	3	6	0	2009	3620	8
nist-docx-0009	docx	full	4	6	0	1983	3628	8
nist-docx-0009	docx	full	5	6	0	2005	3588	8
nist-docx-0009	docx	adaptive	0	6	0	1790	3356	8
nist-docx-0009	docx	adaptive	1	6	0	1875	3408	8
nist-docx-0009	docx	adaptive	2	6	0	1954	3640	8
nist-docx-0009	docx	adaptive	3	6	0	1994	3536	8
nist-docx-0009	docx	adaptive	4	6	0	2039	3456	8
nist-docx-0009	docx	adaptive	5	6	0	1999	3648	8
nist-docx-0009	docx	hybrid	0	6	0	1840	3388	8
nist-docx-0009	docx	hybrid	1	6	0	1803	3480	8
nist-docx-0009	docx	hybrid	2	6	0	1879	3560	8
nist-docx-0009	docx	hybrid	3	6	0	1878	3600	8
nist-docx-0009	docx	hybrid	4	6	0	2054	3592	8
nist-docx-0009	docx	hybrid	5	6	0	2040	3412	8
nist-docx-0009	docx	hist	0	6	0	1822	3308	8
nist-docx-0009	docx	hist	5	6	0	1941	3324	8
nist-docx-0009	docx	vole	0	6	0	2202	4544	8
nist-docx-0009	docx	vole	1	6	0	2159	4592	8
nist-docx-0009	docx	vole	2	6	0	2185	4672	8
nist-docx-0009	docx	vole	3	6	0	2144	4556	8
nist-docx-0009	docx	vole	4	6	0	2049	4644	8
nist-docx-0009	docx	vole	5	6	0	1989	4796	8
nist-docx-0009	docx	vole	0	7	0	2074	4672	8
nist-docx-0009	docx	vole	1	7	0	2081	4700	8
nist-docx-0009	docx	vole	2	7	0	2068	4712	8
nist-docx-0009	docx	vole	3	7	0	2072	4620	8
nist-docx-0009	docx	vole	4	7	0	2118	4852	8
nist-docx-0009	docx	vole	5	7	0	2074	4688	8
nist-docx-0009	docx	minimal	0	7	0	1743	3408	8
nist-docx-0009	docx	fts	0	7	0	1760	3312	8
nist-docx-0009	docx	structural	0	7	0	1722	3308	8
nist-docx-0009	docx	structural	1	7	0	1912	3356	8
nist-docx-0009	docx	full	0	7	0	1731	3444	8
nist-docx-0009	docx	full	1	7	0	1817	3404	8
nist-docx-0009	docx	full	2	7	0	1990	3648	8
nist-docx-0009	docx	full	3	7	0	1943	3600	8
nist-docx-0009	docx	full	4	7	0	2054	3652	8
nist-docx-0009	docx	full	5	7	0	1898	3548	8
nist-docx-0009	docx	adaptive	0	7	0	1748	3312	8
nist-docx-0009	docx	adaptive	1	7	0	1882	3480	8
nist-docx-0009	docx	adaptive	2	7	0	1960	3564	8
nist-docx-0009	docx	adaptive	3	7	0	1920	3560	8
nist-docx-0009	docx	adaptive	4	7	0	1967	3484	8
nist-docx-0009	docx	adaptive	5	7	0	1972	3616	8
nist-docx-0009	docx	hybrid	0	7	0	1752	3420	8
nist-docx-0009	docx	hybrid	1	7	0	1813	3476	8
nist-docx-0009	docx	hybrid	2	7	0	1956	3656	8
nist-docx-0009	docx	hybrid	3	7	0	1912	3548	8
nist-docx-0009	docx	hybrid	4	7	0	1996	3600	8
nist-docx-0009	docx	hybrid	5	7	0	2014	3500	8
nist-docx-0009	docx	hist	0	7	0	1786	3332	8
nist-docx-0009	docx	hist	5	7	0	1891	3376	8
nist-docx-0009	docx	minimal	0	8	0	1838	3356	8
nist-docx-0009	docx	fts	0	8	0	1849	3412	8
nist-docx-0009	docx	structural	0	8	0	1760	3432	8
nist-docx-0009	docx	structural	1	8	0	1719	3484	8
nist-docx-0009	docx	full	0	8	0	1841	3416	8
nist-docx-0009	docx	full	1	8	0	1916	3300	8
nist-docx-0009	docx	full	2	8	0	1908	3380	8
nist-docx-0009	docx	full	3	8	0	1904	3560	8
nist-docx-0009	docx	full	4	8	0	2059	3396	8
nist-docx-0009	docx	full	5	8	0	1956	3540	8
nist-docx-0009	docx	adaptive	0	8	0	1737	3300	8
nist-docx-0009	docx	adaptive	1	8	0	1842	3420	8
nist-docx-0009	docx	adaptive	2	8	0	2012	3592	8
nist-docx-0009	docx	adaptive	3	8	0	1981	3436	8
nist-docx-0009	docx	adaptive	4	8	0	1942	3600	8
nist-docx-0009	docx	adaptive	5	8	0	1908	3612	8
nist-docx-0009	docx	hybrid	0	8	0	1847	3308	8
nist-docx-0009	docx	hybrid	1	8	0	1844	3312	8
nist-docx-0009	docx	hybrid	2	8	0	1921	3564	8
nist-docx-0009	docx	hybrid	3	8	0	1802	3572	8
nist-docx-0009	docx	hybrid	4	8	0	2113	3552	8
nist-docx-0009	docx	hybrid	5	8	0	2111	3428	8
nist-docx-0009	docx	hist	0	8	0	1857	3408	8
nist-docx-0009	docx	hist	5	8	0	2031	3420	8
nist-docx-0009	docx	vole	0	8	0	2044	4736	8
nist-docx-0009	docx	vole	1	8	0	2022	4636	8
nist-docx-0009	docx	vole	2	8	0	2071	4744	8
nist-docx-0009	docx	vole	3	8	0	2038	4676	8
nist-docx-0009	docx	vole	4	8	0	2039	4756	8
nist-docx-0009	docx	vole	5	8	0	2114	4652	8
nist-docx-0009	docx	vole	0	9	0	2132	4492	8
nist-docx-0009	docx	vole	1	9	0	2184	4696	8
nist-docx-0009	docx	vole	2	9	0	2024	4744	8
nist-docx-0009	docx	vole	3	9	0	2051	4660	8
nist-docx-0009	docx	vole	4	9	0	2108	4692	8
nist-docx-0009	docx	vole	5	9	0	2150	4692	8
nist-docx-0009	docx	minimal	0	9	0	1754	3380	8
nist-docx-0009	docx	fts	0	9	0	1840	3388	8
nist-docx-0009	docx	structural	0	9	0	1845	3192	8
nist-docx-0009	docx	structural	1	9	0	1872	3464	8
nist-docx-0009	docx	full	0	9	0	1794	3424	8
nist-docx-0009	docx	full	1	9	0	1829	3508	8
nist-docx-0009	docx	full	2	9	0	1920	3432	8
nist-docx-0009	docx	full	3	9	0	1976	3544	8
nist-docx-0009	docx	full	4	9	0	2063	3632	8
nist-docx-0009	docx	full	5	9	0	1998	3640	8
nist-docx-0009	docx	adaptive	0	9	0	1776	3368	8
nist-docx-0009	docx	adaptive	1	9	0	1929	3328	8
nist-docx-0009	docx	adaptive	2	9	0	1968	3596	8
nist-docx-0009	docx	adaptive	3	9	0	1969	3648	8
nist-docx-0009	docx	adaptive	4	9	0	1973	3600	8
nist-docx-0009	docx	adaptive	5	9	0	2016	3628	8
nist-docx-0009	docx	hybrid	0	9	0	1831	3392	8
nist-docx-0009	docx	hybrid	1	9	0	1790	3436	8
nist-docx-0009	docx	hybrid	2	9	0	1980	3624	8
nist-docx-0009	docx	hybrid	3	9	0	1876	3588	8
nist-docx-0009	docx	hybrid	4	9	0	1956	3580	8
nist-docx-0009	docx	hybrid	5	9	0	1983	3576	8
nist-docx-0009	docx	hist	0	9	0	1846	3328	8
nist-docx-0009	docx	hist	5	9	0	2005	3304	8
nist-docx-0009	docx	minimal	0	10	0	1709	3416	8
nist-docx-0009	docx	fts	0	10	0	1813	3376	8
nist-docx-0009	docx	structural	0	10	0	1705	3396	8
nist-docx-0009	docx	structural	1	10	0	1800	3500	8
nist-docx-0009	docx	full	0	10	0	1841	3340	8
nist-docx-0009	docx	full	1	10	0	1863	3316	8
nist-docx-0009	docx	full	2	10	0	2122	3532	8
nist-docx-0009	docx	full	3	10	0	1992	3600	8
nist-docx-0009	docx	full	4	10	0	1954	3648	8
nist-docx-0009	docx	full	5	10	0	2043	3616	8
nist-docx-0009	docx	adaptive	0	10	0	1873	3308	8
nist-docx-0009	docx	adaptive	1	10	0	1783	3496	8
nist-docx-0009	docx	adaptive	2	10	0	1956	3640	8
nist-docx-0009	docx	adaptive	3	10	0	1986	3560	8
nist-docx-0009	docx	adaptive	4	10	0	2125	3356	8
nist-docx-0009	docx	adaptive	5	10	0	2011	3628	8
nist-docx-0009	docx	hybrid	0	10	0	1789	3408	8
nist-docx-0009	docx	hybrid	1	10	0	1806	3416	8
nist-docx-0009	docx	hybrid	2	10	0	1964	3540	8
nist-docx-0009	docx	hybrid	3	10	0	2019	3612	8
nist-docx-0009	docx	hybrid	4	10	0	2015	3568	8
nist-docx-0009	docx	hybrid	5	10	0	2017	3652	8
nist-docx-0009	docx	hist	0	10	0	1817	3216	8
nist-docx-0009	docx	hist	5	10	0	1951	3308	8
nist-docx-0009	docx	vole	0	10	0	2060	4592	8
nist-docx-0009	docx	vole	1	10	0	2098	4624	8
nist-docx-0009	docx	vole	2	10	0	2110	4456	8
nist-docx-0009	docx	vole	3	10	0	2072	4420	8
nist-docx-0009	docx	vole	4	10	0	2073	4648	8
nist-docx-0009	docx	vole	5	10	0	2126	4808	8
nist-docx-0014	docx	vole	0	1	0	3955	6880	8
nist-docx-0014	docx	vole	1	1	0	4014	6788	8
nist-docx-0014	docx	vole	2	1	0	3861	6724	8
nist-docx-0014	docx	vole	3	1	0	4066	6908	8
nist-docx-0014	docx	vole	4	1	0	4016	6652	8
nist-docx-0014	docx	vole	5	1	0	3973	6764	8
nist-docx-0014	docx	minimal	0	1	0	2282	5660	8
nist-docx-0014	docx	fts	0	1	0	2419	5552	8
nist-docx-0014	docx	structural	0	1	0	2522	5672	8
nist-docx-0014	docx	structural	1	1	0	2434	5648	8
nist-docx-0014	docx	full	0	1	0	2317	5668	8
nist-docx-0014	docx	full	1	1	0	2544	5608	8
nist-docx-0014	docx	full	2	1	0	2568	5624	8
nist-docx-0014	docx	full	3	1	0	2788	5628	8
nist-docx-0014	docx	full	4	1	0	2649	5684	8
nist-docx-0014	docx	full	5	1	0	2581	5632	8
nist-docx-0014	docx	adaptive	0	1	0	2539	5700	8
nist-docx-0014	docx	adaptive	1	1	0	2443	5712	8
nist-docx-0014	docx	adaptive	2	1	0	2522	5628	8
nist-docx-0014	docx	adaptive	3	1	0	2526	5660	8
nist-docx-0014	docx	adaptive	4	1	0	2699	5620	8
nist-docx-0014	docx	adaptive	5	1	0	2724	5692	8
nist-docx-0014	docx	hybrid	0	1	0	2378	5636	8
nist-docx-0014	docx	hybrid	1	1	0	2450	5620	8
nist-docx-0014	docx	hybrid	2	1	0	2613	5604	8
nist-docx-0014	docx	hybrid	3	1	0	2569	5676	8
nist-docx-0014	docx	hybrid	4	1	0	2651	5700	8
nist-docx-0014	docx	hybrid	5	1	0	2723	5692	8
nist-docx-0014	docx	hist	0	1	0	2455	5632	8
nist-docx-0014	docx	hist	5	1	0	2459	5616	8
nist-docx-0014	docx	minimal	0	2	0	2537	5684	8
nist-docx-0014	docx	fts	0	2	0	2485	5680	8
nist-docx-0014	docx	structural	0	2	0	2533	5480	8
nist-docx-0014	docx	structural	1	2	0	2526	5584	8
nist-docx-0014	docx	full	0	2	0	2463	5672	8
nist-docx-0014	docx	full	1	2	0	2652	5680	8
nist-docx-0014	docx	full	2	2	0	2520	5696	8
nist-docx-0014	docx	full	3	2	0	2633	5612	8
nist-docx-0014	docx	full	4	2	0	2757	5692	8
nist-docx-0014	docx	full	5	2	0	2741	5660	8
nist-docx-0014	docx	adaptive	0	2	0	2301	5608	8
nist-docx-0014	docx	adaptive	1	2	0	2571	5680	8
nist-docx-0014	docx	adaptive	2	2	0	2598	5664	8
nist-docx-0014	docx	adaptive	3	2	0	2480	5704	8
nist-docx-0014	docx	adaptive	4	2	0	2599	5632	8
nist-docx-0014	docx	adaptive	5	2	0	2661	5692	8
nist-docx-0014	docx	hybrid	0	2	0	2383	5608	8
nist-docx-0014	docx	hybrid	1	2	0	2415	5676	8
nist-docx-0014	docx	hybrid	2	2	0	2602	5720	8
nist-docx-0014	docx	hybrid	3	2	0	2633	5712	8
nist-docx-0014	docx	hybrid	4	2	0	2859	5492	8
nist-docx-0014	docx	hybrid	5	2	0	2749	5692	8
nist-docx-0014	docx	hist	0	2	0	2397	5708	8
nist-docx-0014	docx	hist	5	2	0	2513	5752	8
nist-docx-0014	docx	vole	0	2	0	4040	6892	8
nist-docx-0014	docx	vole	1	2	0	4159	6688	8
nist-docx-0014	docx	vole	2	2	0	3906	6800	8
nist-docx-0014	docx	vole	3	2	0	4069	6820	8
nist-docx-0014	docx	vole	4	2	0	3932	6764	8
nist-docx-0014	docx	vole	5	2	0	3933	6540	8
nist-docx-0014	docx	vole	0	3	0	4017	6528	8
nist-docx-0014	docx	vole	1	3	0	4110	6596	8
nist-docx-0014	docx	vole	2	3	0	3955	6816	8
nist-docx-0014	docx	vole	3	3	0	4049	6688	8
nist-docx-0014	docx	vole	4	3	0	3962	6600	8
nist-docx-0014	docx	vole	5	3	0	4209	6588	8
nist-docx-0014	docx	minimal	0	3	0	2328	5624	8
nist-docx-0014	docx	fts	0	3	0	2394	5508	8
nist-docx-0014	docx	structural	0	3	0	2371	5688	8
nist-docx-0014	docx	structural	1	3	0	2474	5700	8
nist-docx-0014	docx	full	0	3	0	2411	5692	8
nist-docx-0014	docx	full	1	3	0	2456	5572	8
nist-docx-0014	docx	full	2	3	0	2646	5496	8
nist-docx-0014	docx	full	3	3	0	2620	5660	8
nist-docx-0014	docx	full	4	3	0	2539	5612	8
nist-docx-0014	docx	full	5	3	0	2819	5728	8
nist-docx-0014	docx	adaptive	0	3	0	2349	5544	8
nist-docx-0014	docx	adaptive	1	3	0	2473	5544	8
nist-docx-0014	docx	adaptive	2	3	0	2511	5688	8
nist-docx-0014	docx	adaptive	3	3	0	2641	5608	8
nist-docx-0014	docx	adaptive	4	3	0	2606	5680	8
nist-docx-0014	docx	adaptive	5	3	0	2839	5600	8
nist-docx-0014	docx	hybrid	0	3	0	2421	5680	8
nist-docx-0014	docx	hybrid	1	3	0	2440	5640	8
nist-docx-0014	docx	hybrid	2	3	0	2620	5544	8
nist-docx-0014	docx	hybrid	3	3	0	2534	5564	8
nist-docx-0014	docx	hybrid	4	3	0	2873	5684	8
nist-docx-0014	docx	hybrid	5	3	0	2855	5728	8
nist-docx-0014	docx	hist	0	3	0	2280	5608	8
nist-docx-0014	docx	hist	5	3	0	2548	5672	8
nist-docx-0014	docx	minimal	0	4	0	2302	5640	8
nist-docx-0014	docx	fts	0	4	0	2282	5612	8
nist-docx-0014	docx	structural	0	4	0	2334	5672	8
nist-docx-0014	docx	structural	1	4	0	2538	5716	8
nist-docx-0014	docx	full	0	4	0	2384	5644	8
nist-docx-0014	docx	full	1	4	0	2329	5644	8
nist-docx-0014	docx	full	2	4	0	2528	5736	8
nist-docx-0014	docx	full	3	4	0	2633	5624	8
nist-docx-0014	docx	full	4	4	0	2813	5660	8
nist-docx-0014	docx	full	5	4	0	2659	5612	8
nist-docx-0014	docx	adaptive	0	4	0	2529	5584	8
nist-docx-0014	docx	adaptive	1	4	0	2473	5720	8
nist-docx-0014	docx	adaptive	2	4	0	2579	5608	8
nist-docx-0014	docx	adaptive	3	4	0	2761	5692	8
nist-docx-0014	docx	adaptive	4	4	0	2740	5600	8
nist-docx-0014	docx	adaptive	5	4	0	2689	5736	8
nist-docx-0014	docx	hybrid	0	4	0	2544	5612	8
nist-docx-0014	docx	hybrid	1	4	0	2564	5660	8
nist-docx-0014	docx	hybrid	2	4	0	2668	5692	8
nist-docx-0014	docx	hybrid	3	4	0	2687	5692	8
nist-docx-0014	docx	hybrid	4	4	0	2781	5468	8
nist-docx-0014	docx	hybrid	5	4	0	2707	5624	8
nist-docx-0014	docx	hist	0	4	0	2250	5672	8
nist-docx-0014	docx	hist	5	4	0	2541	5800	8
nist-docx-0014	docx	vole	0	4	0	3869	6944	8
nist-docx-0014	docx	vole	1	4	0	4014	6676	8
nist-docx-0014	docx	vole	2	4	0	4000	6816	8
nist-docx-0014	docx	vole	3	4	0	3888	6760	8
nist-docx-0014	docx	vole	4	4	0	3914	6884	8
nist-docx-0014	docx	vole	5	4	0	3943	6900	8
nist-docx-0014	docx	vole	0	5	0	4409	6880	8
nist-docx-0014	docx	vole	1	5	0	3950	6708	8
nist-docx-0014	docx	vole	2	5	0	4025	6824	8
nist-docx-0014	docx	vole	3	5	0	4066	6644	8
nist-docx-0014	docx	vole	4	5	0	4010	6720	8
nist-docx-0014	docx	vole	5	5	0	3901	6720	8
nist-docx-0014	docx	minimal	0	5	0	2417	5648	8
nist-docx-0014	docx	fts	0	5	0	2366	5676	8
nist-docx-0014	docx	structural	0	5	0	2365	5676	8
nist-docx-0014	docx	structural	1	5	0	2493	5692	8
nist-docx-0014	docx	full	0	5	0	2282	5680	8
nist-docx-0014	docx	full	1	5	0	2327	5708	8
nist-docx-0014	docx	full	2	5	0	2518	5620	8
nist-docx-0014	docx	full	3	5	0	2585	5672	8
nist-docx-0014	docx	full	4	5	0	2655	5628	8
nist-docx-0014	docx	full	5	5	0	2730	5416	8
nist-docx-0014	docx	adaptive	0	5	0	2169	5672	8
nist-docx-0014	docx	adaptive	1	5	0	2372	5684	8
nist-docx-0014	docx	adaptive	2	5	0	2698	5684	8
nist-docx-0014	docx	adaptive	3	5	0	2779	5660	8
nist-docx-0014	docx	adaptive	4	5	0	2759	5612	8
nist-docx-0014	docx	adaptive	5	5	0	2673	5632	8
nist-docx-0014	docx	hybrid	0	5	0	2292	5660	8
nist-docx-0014	docx	hybrid	1	5	0	2384	5704	8
nist-docx-0014	docx	hybrid	2	5	0	2619	5608	8
nist-docx-0014	docx	hybrid	3	5	0	2632	5632	8
nist-docx-0014	docx	hybrid	4	5	0	2578	5628	8
nist-docx-0014	docx	hybrid	5	5	0	2675	5712	8
nist-docx-0014	docx	hist	0	5	0	2474	5692	8
nist-docx-0014	docx	hist	5	5	0	2733	5636	8
nist-docx-0014	docx	minimal	0	6	0	2519	5672	8
nist-docx-0014	docx	fts	0	6	0	2348	5612	8
nist-docx-0014	docx	structural	0	6	0	2391	5684	8
nist-docx-0014	docx	structural	1	6	0	2448	5616	8
nist-docx-0014	docx	full	0	6	0	2449	5720	8
nist-docx-0014	docx	full	1	6	0	2713	5628	8
nist-docx-0014	docx	full	2	6	0	2499	5664	8
nist-docx-0014	docx	full	3	6	0	2566	5732	8
nist-docx-0014	docx	full	4	6	0	2680	5660	8
nist-docx-0014	docx	full	5	6	0	2724	5692	8
nist-docx-0014	docx	adaptive	0	6	0	2438	5500	8
nist-docx-0014	docx	adaptive	1	6	0	2536	5660	8
nist-docx-0014	docx	adaptive	2	6	0	2622	5620	8
nist-docx-0014	docx	adaptive	3	6	0	2654	5716	8
nist-docx-0014	docx	adaptive	4	6	0	2696	5636	8
nist-docx-0014	docx	adaptive	5	6	0	2693	5620	8
nist-docx-0014	docx	hybrid	0	6	0	2427	5692	8
nist-docx-0014	docx	hybrid	1	6	0	2370	5640	8
nist-docx-0014	docx	hybrid	2	6	0	2658	5568	8
nist-docx-0014	docx	hybrid	3	6	0	2577	5700	8
nist-docx-0014	docx	hybrid	4	6	0	2687	5680	8
nist-docx-0014	docx	hybrid	5	6	0	2636	5688	8
nist-docx-0014	docx	hist	0	6	0	2413	5712	8
nist-docx-0014	docx	hist	5	6	0	2402	5748	8
nist-docx-0014	docx	vole	0	6	0	3989	6860	8
nist-docx-0014	docx	vole	1	6	0	3925	6824	8
nist-docx-0014	docx	vole	2	6	0	3956	6568	8
nist-docx-0014	docx	vole	3	6	0	3982	6580	8
nist-docx-0014	docx	vole	4	6	0	4068	6648	8
nist-docx-0014	docx	vole	5	6	0	3973	6796	8
nist-docx-0014	docx	vole	0	7	0	4040	6988	8
nist-docx-0014	docx	vole	1	7	0	3991	6932	8
nist-docx-0014	docx	vole	2	7	0	4041	6692	8
nist-docx-0014	docx	vole	3	7	0	3935	6864	8
nist-docx-0014	docx	vole	4	7	0	3893	6944	8
nist-docx-0014	docx	vole	5	7	0	4057	6840	8
nist-docx-0014	docx	minimal	0	7	0	2222	5660	8
nist-docx-0014	docx	fts	0	7	0	2281	5512	8
nist-docx-0014	docx	structural	0	7	0	2298	5608	8
nist-docx-0014	docx	structural	1	7	0	2581	5596	8
nist-docx-0014	docx	full	0	7	0	2641	5596	8
nist-docx-0014	docx	full	1	7	0	2639	5696	8
nist-docx-0014	docx	full	2	7	0	2797	5692	8
nist-docx-0014	docx	full	3	7	0	2677	5484	8
nist-docx-0014	docx	full	4	7	0	2677	5576	8
nist-docx-0014	docx	full	5	7	0	2799	5684	8
nist-docx-0014	docx	adaptive	0	7	0	2445	5632	8
nist-docx-0014	docx	adaptive	1	7	0	2548	5628	8
nist-docx-0014	docx	adaptive	2	7	0	2636	5608	8
nist-docx-0014	docx	adaptive	3	7	0	2831	5660	8
nist-docx-0014	docx	adaptive	4	7	0	2790	5608	8
nist-docx-0014	docx	adaptive	5	7	0	2683	5676	8
nist-docx-0014	docx	hybrid	0	7	0	2466	5688	8
nist-docx-0014	docx	hybrid	1	7	0	2500	5632	8
nist-docx-0014	docx	hybrid	2	7	0	2659	5672	8
nist-docx-0014	docx	hybrid	3	7	0	2645	5720	8
nist-docx-0014	docx	hybrid	4	7	0	2715	5604	8
nist-docx-0014	docx	hybrid	5	7	0	2629	5684	8
nist-docx-0014	docx	hist	0	7	0	2278	5676	8
nist-docx-0014	docx	hist	5	7	0	2574	5792	8
nist-docx-0014	docx	minimal	0	8	0	2637	5684	8
nist-docx-0014	docx	fts	0	8	0	2241	5684	8
nist-docx-0014	docx	structural	0	8	0	2312	5672	8
nist-docx-0014	docx	structural	1	8	0	2363	5644	8
nist-docx-0014	docx	full	0	8	0	2335	5664	8
nist-docx-0014	docx	full	1	8	0	2509	5640	8
nist-docx-0014	docx	full	2	8	0	2512	5600	8
nist-docx-0014	docx	full	3	8	0	2462	5672	8
nist-docx-0014	docx	full	4	8	0	2658	5680	8
nist-docx-0014	docx	full	5	8	0	2724	5616	8
nist-docx-0014	docx	adaptive	0	8	0	2401	5604	8
nist-docx-0014	docx	adaptive	1	8	0	2473	5548	8
nist-docx-0014	docx	adaptive	2	8	0	2581	5680	8
nist-docx-0014	docx	adaptive	3	8	0	2610	5576	8
nist-docx-0014	docx	adaptive	4	8	0	2692	5672	8
nist-docx-0014	docx	adaptive	5	8	0	2690	5692	8
nist-docx-0014	docx	hybrid	0	8	0	2479	5680	8
nist-docx-0014	docx	hybrid	1	8	0	2527	5636	8
nist-docx-0014	docx	hybrid	2	8	0	2604	5636	8
nist-docx-0014	docx	hybrid	3	8	0	2670	5600	8
nist-docx-0014	docx	hybrid	4	8	0	2601	5700	8
nist-docx-0014	docx	hybrid	5	8	0	2780	5692	8
nist-docx-0014	docx	hist	0	8	0	2318	5544	8
nist-docx-0014	docx	hist	5	8	0	2641	5808	8
nist-docx-0014	docx	vole	0	8	0	3922	6836	8
nist-docx-0014	docx	vole	1	8	0	4084	6876	8
nist-docx-0014	docx	vole	2	8	0	4031	6820	8
nist-docx-0014	docx	vole	3	8	0	3927	6864	8
nist-docx-0014	docx	vole	4	8	0	4029	6640	8
nist-docx-0014	docx	vole	5	8	0	4000	6624	8
nist-docx-0014	docx	vole	0	9	0	4254	6656	8
nist-docx-0014	docx	vole	1	9	0	3965	6788	8
nist-docx-0014	docx	vole	2	9	0	4003	6688	8
nist-docx-0014	docx	vole	3	9	0	4020	7012	8
nist-docx-0014	docx	vole	4	9	0	3879	6836	8
nist-docx-0014	docx	vole	5	9	0	3959	6716	8
nist-docx-0014	docx	minimal	0	9	0	2290	5668	8
nist-docx-0014	docx	fts	0	9	0	2363	5484	8
nist-docx-0014	docx	structural	0	9	0	2234	5688	8
nist-docx-0014	docx	structural	1	9	0	2451	5632	8
nist-docx-0014	docx	full	0	9	0	2506	5724	8
nist-docx-0014	docx	full	1	9	0	2445	5620	8
nist-docx-0014	docx	full	2	9	0	2597	5660	8
nist-docx-0014	docx	full	3	9	0	2629	5672	8
nist-docx-0014	docx	full	4	9	0	2707	5708	8
nist-docx-0014	docx	full	5	9	0	2828	5712	8
nist-docx-0014	docx	adaptive	0	9	0	2474	5644	8
nist-docx-0014	docx	adaptive	1	9	0	2542	5672	8
nist-docx-0014	docx	adaptive	2	9	0	2540	5712	8
nist-docx-0014	docx	adaptive	3	9	0	2585	5684	8
nist-docx-0014	docx	adaptive	4	9	0	2650	5560	8
nist-docx-0014	docx	adaptive	5	9	0	2831	5712	8
nist-docx-0014	docx	hybrid	0	9	0	2482	5608	8
nist-docx-0014	docx	hybrid	1	9	0	2451	5624	8
nist-docx-0014	docx	hybrid	2	9	0	2645	5720	8
nist-docx-0014	docx	hybrid	3	9	0	2647	5672	8
nist-docx-0014	docx	hybrid	4	9	0	2693	5652	8
nist-docx-0014	docx	hybrid	5	9	0	2656	5708	8
nist-docx-0014	docx	hist	0	9	0	2421	5536	8
nist-docx-0014	docx	hist	5	9	0	2690	5656	8
nist-docx-0014	docx	minimal	0	10	0	2282	5672	8
nist-docx-0014	docx	fts	0	10	0	2431	5680	8
nist-docx-0014	docx	structural	0	10	0	2445	5556	8
nist-docx-0014	docx	structural	1	10	0	2399	5620	8
nist-docx-0014	docx	full	0	10	0	2350	5692	8
nist-docx-0014	docx	full	1	10	0	2454	5600	8
nist-docx-0014	docx	full	2	10	0	2683	5560	8
nist-docx-0014	docx	full	3	10	0	2462	5712	8
nist-docx-0014	docx	full	4	10	0	2541	5680	8
nist-docx-0014	docx	full	5	10	0	2754	5556	8
nist-docx-0014	docx	adaptive	0	10	0	2288	5640	8
nist-docx-0014	docx	adaptive	1	10	0	2477	5600	8
nist-docx-0014	docx	adaptive	2	10	0	2626	5672	8
nist-docx-0014	docx	adaptive	3	10	0	2702	5600	8
nist-docx-0014	docx	adaptive	4	10	0	2633	5620	8
nist-docx-0014	docx	adaptive	5	10	0	2568	5708	8
nist-docx-0014	docx	hybrid	0	10	0	2382	5664	8
nist-docx-0014	docx	hybrid	1	10	0	2497	5696	8
nist-docx-0014	docx	hybrid	2	10	0	2471	5684	8
nist-docx-0014	docx	hybrid	3	10	0	2780	5664	8
nist-docx-0014	docx	hybrid	4	10	0	2727	5672	8
nist-docx-0014	docx	hybrid	5	10	0	2771	5636	8
nist-docx-0014	docx	hist	0	10	0	2824	5536	8
nist-docx-0014	docx	hist	5	10	0	2506	5748	8
nist-docx-0014	docx	vole	0	10	0	3981	6976	8
nist-docx-0014	docx	vole	1	10	0	4107	7020	8
nist-docx-0014	docx	vole	2	10	0	3941	6888	8
nist-docx-0014	docx	vole	3	10	0	4019	6812	8
nist-docx-0014	docx	vole	4	10	0	3912	6704	8
nist-docx-0014	docx	vole	5	10	0	3964	6620	8
nist-epub-0003	epub	vole	0	1	0	3336	4504	8
nist-epub-0003	epub	vole	1	1	0	3399	4412	8
nist-epub-0003	epub	vole	2	1	0	3243	4492	8
nist-epub-0003	epub	vole	3	1	0	3292	4488	8
nist-epub-0003	epub	vole	4	1	0	3272	4528	8
nist-epub-0003	epub	vole	5	1	0	3344	4624	8
nist-epub-0003	epub	minimal	0	1	0	1926	3708	8
nist-epub-0003	epub	fts	0	1	0	1937	3764	8
nist-epub-0003	epub	structural	0	1	0	1987	3692	8
nist-epub-0003	epub	structural	1	1	0	2080	3760	8
nist-epub-0003	epub	full	0	1	0	2051	3792	8
nist-epub-0003	epub	full	1	1	0	2238	3700	8
nist-epub-0003	epub	full	2	1	0	2210	3820	8
nist-epub-0003	epub	full	3	1	0	2274	3872	8
nist-epub-0003	epub	full	4	1	0	2368	3880	8
nist-epub-0003	epub	full	5	1	0	2272	3808	8
nist-epub-0003	epub	adaptive	0	1	0	1970	3740	8
nist-epub-0003	epub	adaptive	1	1	0	2077	3588	8
nist-epub-0003	epub	adaptive	2	1	0	2181	3912	8
nist-epub-0003	epub	adaptive	3	1	0	2260	3924	8
nist-epub-0003	epub	adaptive	4	1	0	2228	3896	8
nist-epub-0003	epub	adaptive	5	1	0	2386	3908	8
nist-epub-0003	epub	hybrid	0	1	0	1921	3740	8
nist-epub-0003	epub	hybrid	1	1	0	2001	3696	8
nist-epub-0003	epub	hybrid	2	1	0	2214	3924	8
nist-epub-0003	epub	hybrid	3	1	0	2207	3932	8
nist-epub-0003	epub	hybrid	4	1	0	2411	3764	8
nist-epub-0003	epub	hybrid	5	1	0	2257	3812	8
nist-epub-0003	epub	hist	0	1	0	1840	3796	8
nist-epub-0003	epub	hist	5	1	0	2161	3632	8
nist-epub-0003	epub	minimal	0	2	0	1930	3668	8
nist-epub-0003	epub	fts	0	2	0	1890	3696	8
nist-epub-0003	epub	structural	0	2	0	1873	3772	8
nist-epub-0003	epub	structural	1	2	0	1968	3740	8
nist-epub-0003	epub	full	0	2	0	1981	3772	8
nist-epub-0003	epub	full	1	2	0	2052	3720	8
nist-epub-0003	epub	full	2	2	0	2278	3904	8
nist-epub-0003	epub	full	3	2	0	2212	3900	8
nist-epub-0003	epub	full	4	2	0	2288	3872	8
nist-epub-0003	epub	full	5	2	0	2299	3936	8
nist-epub-0003	epub	adaptive	0	2	0	1999	3712	8
nist-epub-0003	epub	adaptive	1	2	0	2043	3820	8
nist-epub-0003	epub	adaptive	2	2	0	2173	3848	8
nist-epub-0003	epub	adaptive	3	2	0	2131	3920	8
nist-epub-0003	epub	adaptive	4	2	0	2264	3840	8
nist-epub-0003	epub	adaptive	5	2	0	2294	3888	8
nist-epub-0003	epub	hybrid	0	2	0	1990	3740	8
nist-epub-0003	epub	hybrid	1	2	0	2057	3704	8
nist-epub-0003	epub	hybrid	2	2	0	2245	3872	8
nist-epub-0003	epub	hybrid	3	2	0	2307	3832	8
nist-epub-0003	epub	hybrid	4	2	0	2226	3880	8
nist-epub-0003	epub	hybrid	5	2	0	2195	3840	8
nist-epub-0003	epub	hist	0	2	0	1965	3644	8
nist-epub-0003	epub	hist	5	2	0	2325	3920	8
nist-epub-0003	epub	vole	0	2	0	3360	4636	8
nist-epub-0003	epub	vole	1	2	0	3256	4428	8
nist-epub-0003	epub	vole	2	2	0	3322	4600	8
nist-epub-0003	epub	vole	3	2	0	3321	4520	8
nist-epub-0003	epub	vole	4	2	0	3437	4468	8
nist-epub-0003	epub	vole	5	2	0	3336	4640	8
nist-epub-0003	epub	vole	0	3	0	3308	4636	8
nist-epub-0003	epub	vole	1	3	0	3286	4420	8
nist-epub-0003	epub	vole	2	3	0	3334	4572	8
nist-epub-0003	epub	vole	3	3	0	3325	4532	8
nist-epub-0003	epub	vole	4	3	0	3382	4420	8
nist-epub-0003	epub	vole	5	3	0	3231	4496	8
nist-epub-0003	epub	minimal	0	3	0	2365	3760	8
nist-epub-0003	epub	fts	0	3	0	1849	3796	8
nist-epub-0003	epub	structural	0	3	0	2001	3780	8
nist-epub-0003	epub	structural	1	3	0	2092	3752	8
nist-epub-0003	epub	full	0	3	0	1962	3716	8
nist-epub-0003	epub	full	1	3	0	1997	3800	8
nist-epub-0003	epub	full	2	3	0	2245	3820	8
nist-epub-0003	epub	full	3	3	0	2296	3780	8
nist-epub-0003	epub	full	4	3	0	2290	3880	8
nist-epub-0003	epub	full	5	3	0	2285	3880	8
nist-epub-0003	epub	adaptive	0	3	0	2055	3796	8
nist-epub-0003	epub	adaptive	1	3	0	2034	3688	8
nist-epub-0003	epub	adaptive	2	3	0	2257	3856	8
nist-epub-0003	epub	adaptive	3	3	0	2226	3912	8
nist-epub-0003	epub	adaptive	4	3	0	2340	3900	8
nist-epub-0003	epub	adaptive	5	3	0	2298	3892	8
nist-epub-0003	epub	hybrid	0	3	0	2015	3764	8
nist-epub-0003	epub	hybrid	1	3	0	2031	3772	8
nist-epub-0003	epub	hybrid	2	3	0	2087	3916	8
nist-epub-0003	epub	hybrid	3	3	0	2250	3840	8
nist-epub-0003	epub	hybrid	4	3	0	2336	3700	8
nist-epub-0003	epub	hybrid	5	3	0	2325	3844	8
nist-epub-0003	epub	hist	0	3	0	1970	3772	8
nist-epub-0003	epub	hist	5	3	0	2139	3896	8
nist-epub-0003	epub	minimal	0	4	0	2001	3776	8
nist-epub-0003	epub	fts	0	4	0	1973	3764	8
nist-epub-0003	epub	structural	0	4	0	1821	3808	8
nist-epub-0003	epub	structural	1	4	0	2147	3792	8
nist-epub-0003	epub	full	0	4	0	1986	3780	8
nist-epub-0003	epub	full	1	4	0	1989	3684	8
nist-epub-0003	epub	full	2	4	0	2180	3824	8
nist-epub-0003	epub	full	3	4	0	2160	3888	8
nist-epub-0003	epub	full	4	4	0	2273	3588	8
nist-epub-0003	epub	full	5	4	0	2283	3892	8
nist-epub-0003	epub	adaptive	0	4	0	2064	3680	8
nist-epub-0003	epub	adaptive	1	4	0	2036	3772	8
nist-epub-0003	epub	adaptive	2	4	0	2272	3932	8
nist-epub-0003	epub	adaptive	3	4	0	2195	3920	8
nist-epub-0003	epub	adaptive	4	4	0	2344	3904	8
nist-epub-0003	epub	adaptive	5	4	0	2310	3892	8
nist-epub-0003	epub	hybrid	0	4	0	1942	3708	8
nist-epub-0003	epub	hybrid	1	4	0	2034	3772	8
nist-epub-0003	epub	hybrid	2	4	0	2273	3924	8
nist-epub-0003	epub	hybrid	3	4	0	2121	3868	8
nist-epub-0003	epub	hybrid	4	4	0	2303	3808	8
nist-epub-0003	epub	hybrid	5	4	0	2359	3892	8
nist-epub-0003	epub	hist	0	4	0	2253	3796	8
nist-epub-0003	epub	hist	5	4	0	2248	3880	8
nist-epub-0003	epub	vole	0	4	0	3456	4576	8
nist-epub-0003	epub	vole	1	4	0	3440	4628	8
nist-epub-0003	epub	vole	2	4	0	3343	4548	8
nist-epub-0003	epub	vole	3	4	0	3366	4536	8
nist-epub-0003	epub	vole	4	4	0	3493	4492	8
nist-epub-0003	epub	vole	5	4	0	3384	4500	8
nist-epub-0003	epub	vole	0	5	0	3570	4516	8
nist-epub-0003	epub	vole	1	5	0	3302	4496	8
nist-epub-0003	epub	vole	2	5	0	3343	4568	8
nist-epub-0003	epub	vole	3	5	0	3281	4304	8
nist-epub-0003	epub	vole	4	5	0	3452	4492	8
nist-epub-0003	epub	vole	5	5	0	3497	4464	8
nist-epub-0003	epub	minimal	0	5	0	1857	3704	8
nist-epub-0003	epub	fts	0	5	0	1900	3700	8
nist-epub-0003	epub	structural	0	5	0	1883	3644	8
nist-epub-0003	epub	structural	1	5	0	2044	3764	8
nist-epub-0003	epub	full	0	5	0	2252	3656	8
nist-epub-0003	epub	full	1	5	0	2012	3780	8
nist-epub-0003	epub	full	2	5	0	2148	3932	8
nist-epub-0003	epub	full	3	5	0	2221	3840	8
nist-epub-0003	epub	full	4	5	0	2269	3880	8
nist-epub-0003	epub	full	5	5	0	2299	3840	8
nist-epub-0003	epub	adaptive	0	5	0	1960	3780	8
nist-epub-0003	epub	adaptive	1	5	0	2158	3808	8
nist-epub-0003	epub	adaptive	2	5	0	2249	3924	8
nist-epub-0003	epub	adaptive	3	5	0	2172	3780	8
nist-epub-0003	epub	adaptive	4	5	0	2298	3920	8
nist-epub-0003	epub	adaptive	5	5	0	2281	3856	8
nist-epub-0003	epub	hybrid	0	5	0	1951	3788	8
nist-epub-0003	epub	hybrid	1	5	0	2044	3680	8
nist-epub-0003	epub	hybrid	2	5	0	2273	3880	8
nist-epub-0003	epub	hybrid	3	5	0	2245	3760	8
nist-epub-0003	epub	hybrid	4	5	0	2304	3888	8
nist-epub-0003	epub	hybrid	5	5	0	2183	3832	8
nist-epub-0003	epub	hist	0	5	0	1859	3712	8
nist-epub-0003	epub	hist	5	5	0	2268	3888	8
nist-epub-0003	epub	minimal	0	6	0	1961	3760	8
nist-epub-0003	epub	fts	0	6	0	1965	3684	8
nist-epub-0003	epub	structural	0	6	0	1870	3772	8
nist-epub-0003	epub	structural	1	6	0	2007	3684	8
nist-epub-0003	epub	full	0	6	0	2081	3700	8
nist-epub-0003	epub	full	1	6	0	2109	3788	8
nist-epub-0003	epub	full	2	6	0	2199	3860	8
nist-epub-0003	epub	full	3	6	0	2347	3844	8
nist-epub-0003	epub	full	4	6	0	2398	3868	8
nist-epub-0003	epub	full	5	6	0	2339	3908	8
nist-epub-0003	epub	adaptive	0	6	0	1909	3688	8
nist-epub-0003	epub	adaptive	1	6	0	1994	3772	8
nist-epub-0003	epub	adaptive	2	6	0	2212	3924	8
nist-epub-0003	epub	adaptive	3	6	0	2190	3824	8
nist-epub-0003	epub	adaptive	4	6	0	2289	3804	8
nist-epub-0003	epub	adaptive	5	6	0	2231	3840	8
nist-epub-0003	epub	hybrid	0	6	0	2016	3740	8
nist-epub-0003	epub	hybrid	1	6	0	1956	3784	8
nist-epub-0003	epub	hybrid	2	6	0	2207	3812	8
nist-epub-0003	epub	hybrid	3	6	0	2162	3740	8
nist-epub-0003	epub	hybrid	4	6	0	2360	3892	8
nist-epub-0003	epub	hybrid	5	6	0	2272	3924	8
nist-epub-0003	epub	hist	0	6	0	1970	3704	8
nist-epub-0003	epub	hist	5	6	0	2209	3844	8
nist-epub-0003	epub	vole	0	6	0	3357	4484	8
nist-epub-0003	epub	vole	1	6	0	3323	4552	8
nist-epub-0003	epub	vole	2	6	0	3221	4340	8
nist-epub-0003	epub	vole	3	6	0	3301	4564	8
nist-epub-0003	epub	vole	4	6	0	3191	4536	8
nist-epub-0003	epub	vole	5	6	0	3368	4428	8
nist-epub-0003	epub	vole	0	7	0	3295	4680	8
nist-epub-0003	epub	vole	1	7	0	3226	4428	8
nist-epub-0003	epub	vole	2	7	0	3215	4588	8
nist-epub-0003	epub	vole	3	7	0	3309	4548	8
nist-epub-0003	epub	vole	4	7	0	3325	4412	8
nist-epub-0003	epub	vole	5	7	0	3252	4484	8
nist-epub-0003	epub	minimal	0	7	0	1871	3708	8
nist-epub-0003	epub	fts	0	7	0	1871	3744	8
nist-epub-0003	epub	structural	0	7	0	1927	3772	8
nist-epub-0003	epub	structural	1	7	0	2010	3680	8
nist-epub-0003	epub	full	0	7	0	1937	3800	8
nist-epub-0003	epub	full	1	7	0	2105	3720	8
nist-epub-0003	epub	full	2	7	0	2174	3724	8
nist-epub-0003	epub	full	3	7	0	2204	3696	8
nist-epub-0003	epub	full	4	7	0	2383	3936	8
nist-epub-0003	epub	full	5	7	0	2293	3840	8
nist-epub-0003	epub	adaptive	0	7	0	1901	3688	8
nist-epub-0003	epub	adaptive	1	7	0	2036	3716	8
nist-epub-0003	epub	adaptive	2	7	0	2440	3704	8
nist-epub-0003	epub	adaptive	3	7	0	2198	3908	8
nist-epub-0003	epub	adaptive	4	7	0	2166	3816	8
nist-epub-0003	epub	adaptive	5	7	0	2241	3880	8
nist-epub-0003	epub	hybrid	0	7	0	2161	3760	8
nist-epub-0003	epub	hybrid	1	7	0	2050	3684	8
nist-epub-0003	epub	hybrid	2	7	0	2222	3752	8
nist-epub-0003	epub	hybrid	3	7	0	2062	3828	8
nist-epub-0003	epub	hybrid	4	7	0	2237	3912	8
nist-epub-0003	epub	hybrid	5	7	0	2210	3892	8
nist-epub-0003	epub	hist	0	7	0	1897	3756	8
nist-epub-0003	epub	hist	5	7	0	2125	3900	8
nist-epub-0003	epub	minimal	0	8	0	2008	3740	8
nist-epub-0003	epub	fts	0	8	0	1853	3772	8
nist-epub-0003	epub	structural	0	8	0	1966	3796	8
nist-epub-0003	epub	structural	1	8	0	2063	3752	8
nist-epub-0003	epub	full	0	8	0	1973	3764	8
nist-epub-0003	epub	full	1	8	0	2074	3788	8
nist-epub-0003	epub	full	2	8	0	2252	3904	8
nist-epub-0003	epub	full	3	8	0	2240	3820	8
nist-epub-0003	epub	full	4	8	0	2427	3916	8
nist-epub-0003	epub	full	5	8	0	2362	3836	8
nist-epub-0003	epub	adaptive	0	8	0	1854	3740	8
nist-epub-0003	epub	adaptive	1	8	0	2018	3744	8
nist-epub-0003	epub	adaptive	2	8	0	2271	3876	8
nist-epub-0003	epub	adaptive	3	8	0	2231	3752	8
nist-epub-0003	epub	adaptive	4	8	0	2315	3880	8
nist-epub-0003	epub	adaptive	5	8	0	2277	3844	8
nist-epub-0003	epub	hybrid	0	8	0	1979	3752	8
nist-epub-0003	epub	hybrid	1	8	0	2162	3752	8
nist-epub-0003	epub	hybrid	2	8	0	2174	3828	8
nist-epub-0003	epub	hybrid	3	8	0	2215	3860	8
nist-epub-0003	epub	hybrid	4	8	0	2291	3820	8
nist-epub-0003	epub	hybrid	5	8	0	2189	3924	8
nist-epub-0003	epub	hist	0	8	0	2148	3632	8
nist-epub-0003	epub	hist	5	8	0	2122	3908	8
nist-epub-0003	epub	vole	0	8	0	3295	4536	8
nist-epub-0003	epub	vole	1	8	0	3315	4436	8
nist-epub-0003	epub	vole	2	8	0	3313	4584	8
nist-epub-0003	epub	vole	3	8	0	3374	4660	8
nist-epub-0003	epub	vole	4	8	0	3435	4540	8
nist-epub-0003	epub	vole	5	8	0	3288	4600	8
nist-epub-0003	epub	vole	0	9	0	3353	4500	8
nist-epub-0003	epub	vole	1	9	0	3217	4576	8
nist-epub-0003	epub	vole	2	9	0	3324	4556	8
nist-epub-0003	epub	vole	3	9	0	3308	4664	8
nist-epub-0003	epub	vole	4	9	0	3223	4464	8
nist-epub-0003	epub	vole	5	9	0	3364	4528	8
nist-epub-0003	epub	minimal	0	9	0	1873	3600	8
nist-epub-0003	epub	fts	0	9	0	1887	3700	8
nist-epub-0003	epub	structural	0	9	0	1922	3700	8
nist-epub-0003	epub	structural	1	9	0	2065	3692	8
nist-epub-0003	epub	full	0	9	0	1961	3752	8
nist-epub-0003	epub	full	1	9	0	1993	3740	8
nist-epub-0003	epub	full	2	9	0	2182	3696	8
nist-epub-0003	epub	full	3	9	0	2290	3772	8
nist-epub-0003	epub	full	4	9	0	2259	3840	8
nist-epub-0003	epub	full	5	9	0	2266	3760	8
nist-epub-0003	epub	adaptive	0	9	0	2041	3776	8
nist-epub-0003	epub	adaptive	1	9	0	2032	3708	8
nist-epub-0003	epub	adaptive	2	9	0	2136	3900	8
nist-epub-0003	epub	adaptive	3	9	0	2180	3880	8
nist-epub-0003	epub	adaptive	4	9	0	2387	3860	8
nist-epub-0003	epub	adaptive	5	9	0	2342	3764	8
nist-epub-0003	epub	hybrid	0	9	0	2015	3752	8
nist-epub-0003	epub	hybrid	1	9	0	2014	3744	8
nist-epub-0003	epub	hybrid	2	9	0	2248	3812	8
nist-epub-0003	epub	hybrid	3	9	0	2111	3832	8
nist-epub-0003	epub	hybrid	4	9	0	2239	3716	8
nist-epub-0003	epub	hybrid	5	9	0	2691	3924	8
nist-epub-0003	epub	hist	0	9	0	1969	3600	8
nist-epub-0003	epub	hist	5	9	0	2142	3908	8
nist-epub-0003	epub	minimal	0	10	0	1949	3780	8
nist-epub-0003	epub	fts	0	10	0	1903	3640	8
nist-epub-0003	epub	structural	0	10	0	1863	3768	8
nist-epub-0003	epub	structural	1	10	0	2047	3668	8
nist-epub-0003	epub	full	0	10	0	2030	3752	8
nist-epub-0003	epub	full	1	10	0	1969	3816	8
nist-epub-0003	epub	full	2	10	0	2296	3832	8
nist-epub-0003	epub	full	3	10	0	2239	3588	8
nist-epub-0003	epub	full	4	10	0	2326	3868	8
nist-epub-0003	epub	full	5	10	0	2183	3904	8
nist-epub-0003	epub	adaptive	0	10	0	2056	3716	8
nist-epub-0003	epub	adaptive	1	10	0	2012	3792	8
nist-epub-0003	epub	adaptive	2	10	0	2246	3904	8
nist-epub-0003	epub	adaptive	3	10	0	2162	3832	8
nist-epub-0003	epub	adaptive	4	10	0	2217	3900	8
nist-epub-0003	epub	adaptive	5	10	0	2224	3896	8
nist-epub-0003	epub	hybrid	0	10	0	1981	3752	8
nist-epub-0003	epub	hybrid	1	10	0	2096	3780	8
nist-epub-0003	epub	hybrid	2	10	0	2226	3824	8
nist-epub-0003	epub	hybrid	3	10	0	2153	3920	8
nist-epub-0003	epub	hybrid	4	10	0	2267	3640	8
nist-epub-0003	epub	hybrid	5	10	0	2274	3908	8
nist-epub-0003	epub	hist	0	10	0	2010	3712	8
nist-epub-0003	epub	hist	5	10	0	2332	3900	8
nist-epub-0003	epub	vole	0	10	0	3258	4484	8
nist-epub-0003	epub	vole	1	10	0	3306	4552	8
nist-epub-0003	epub	vole	2	10	0	3300	4532	8
nist-epub-0003	epub	vole	3	10	0	3356	4492	8
nist-epub-0003	epub	vole	4	10	0	3411	4288	8
nist-epub-0003	epub	vole	5	10	0	3243	4392	8
nist-epub-0006	epub	vole	0	1	0	2666	4276	8
nist-epub-0006	epub	vole	1	1	0	2706	4208	8
nist-epub-0006	epub	vole	2	1	0	2671	4344	8
nist-epub-0006	epub	vole	3	1	0	2719	4384	8
nist-epub-0006	epub	vole	4	1	0	2604	4236	8
nist-epub-0006	epub	vole	5	1	0	2823	4116	8
nist-epub-0006	epub	minimal	0	1	0	1770	3336	8
nist-epub-0006	epub	fts	0	1	0	1722	3064	8
nist-epub-0006	epub	structural	0	1	0	1606	3376	8
nist-epub-0006	epub	structural	1	1	0	1823	3324	8
nist-epub-0006	epub	full	0	1	0	1787	3328	8
nist-epub-0006	epub	full	1	1	0	1721	3336	8
nist-epub-0006	epub	full	2	1	0	1956	3456	8
nist-epub-0006	epub	full	3	1	0	1903	3680	8
nist-epub-0006	epub	full	4	1	0	2093	3616	8
nist-epub-0006	epub	full	5	1	0	2001	3612	8
nist-epub-0006	epub	adaptive	0	1	0	1868	3236	8
nist-epub-0006	epub	adaptive	1	1	0	1921	3336	8
nist-epub-0006	epub	adaptive	2	1	0	1997	3644	8
nist-epub-0006	epub	adaptive	3	1	0	1970	3560	8
nist-epub-0006	epub	adaptive	4	1	0	1939	3648	8
nist-epub-0006	epub	adaptive	5	1	0	1944	3436	8
nist-epub-0006	epub	hybrid	0	1	0	1739	3416	8
nist-epub-0006	epub	hybrid	1	1	0	1697	3348	8
nist-epub-0006	epub	hybrid	2	1	0	1874	3572	8
nist-epub-0006	epub	hybrid	3	1	0	1901	3560	8
nist-epub-0006	epub	hybrid	4	1	0	1873	3588	8
nist-epub-0006	epub	hybrid	5	1	0	2042	3660	8
nist-epub-0006	epub	hist	0	1	0	1720	3368	8
nist-epub-0006	epub	hist	5	1	0	1957	3320	8
nist-epub-0006	epub	minimal	0	2	0	1667	3396	8
nist-epub-0006	epub	fts	0	2	0	1656	3432	8
nist-epub-0006	epub	structural	0	2	0	1635	3260	8
nist-epub-0006	epub	structural	1	2	0	1946	3280	8
nist-epub-0006	epub	full	0	2	0	1676	3328	8
nist-epub-0006	epub	full	1	2	0	1802	3352	8
nist-epub-0006	epub	full	2	2	0	1880	3664	8
nist-epub-0006	epub	full	3	2	0	2066	3576	8
nist-epub-0006	epub	full	4	2	0	2020	3516	8
nist-epub-0006	epub	full	5	2	0	1981	3572	8
nist-epub-0006	epub	adaptive	0	2	0	1696	3152	8
nist-epub-0006	epub	adaptive	1	2	0	1776	3416	8
nist-epub-0006	epub	adaptive	2	2	0	2073	3612	8
nist-epub-0006	epub	adaptive	3	2	0	1923	3616	8
nist-epub-0006	epub	adaptive	4	2	0	2033	3564	8
nist-epub-0006	epub	adaptive	5	2	0	2002	3676	8
nist-epub-0006	epub	hybrid	0	2	0	1929	3400	8
nist-epub-0006	epub	hybrid	1	2	0	1877	3388	8
nist-epub-0006	epub	hybrid	2	2	0	1925	3572	8
nist-epub-0006	epub	hybrid	3	2	0	2125	3652	8
nist-epub-0006	epub	hybrid	4	2	0	2022	3624	8
nist-epub-0006	epub	hybrid	5	2	0	1926	3672	8
nist-epub-0006	epub	hist	0	2	0	1812	3316	8
nist-epub-0006	epub	hist	5	2	0	1925	3404	8
nist-epub-0006	epub	vole	0	2	0	2650	4260	8
nist-epub-0006	epub	vole	1	2	0	2722	4368	8
nist-epub-0006	epub	vole	2	2	0	2797	4324	8
nist-epub-0006	epub	vole	3	2	0	2657	4184	8
nist-epub-0006	epub	vole	4	2	0	2741	4100	8
nist-epub-0006	epub	vole	5	2	0	2667	4368	8
nist-epub-0006	epub	vole	0	3	0	2804	4424	8
nist-epub-0006	epub	vole	1	3	0	2673	4224	8
nist-epub-0006	epub	vole	2	3	0	2647	4244	8
nist-epub-0006	epub	vole	3	3	0	2674	4252	8
nist-epub-0006	epub	vole	4	3	0	2615	4236	8
nist-epub-0006	epub	vole	5	3	0	2677	4296	8
nist-epub-0006	epub	minimal	0	3	0	1657	3336	8
nist-epub-0006	epub	fts	0	3	0	1634	3416	8
nist-epub-0006	epub	structural	0	3	0	1710	3360	8
nist-epub-0006	epub	structural	1	3	0	1728	3368	8
nist-epub-0006	epub	full	0	3	0	1737	3396	8
nist-epub-0006	epub	full	1	3	0	1844	3316	8
nist-epub-0006	epub	full	2	3	0	1930	3592	8
nist-epub-0006	epub	full	3	3	0	1894	3564	8
nist-epub-0006	epub	full	4	3	0	2018	3568	8
nist-epub-0006	epub	full	5	3	0	1903	3636	8
nist-epub-0006	epub	adaptive	0	3	0	1664	3364	8
nist-epub-0006	epub	adaptive	1	3	0	1765	3332	8
nist-epub-0006	epub	adaptive	2	3	0	1907	3672	8
nist-epub-0006	epub	adaptive	3	3	0	1870	3640	8
nist-epub-0006	epub	adaptive	4	3	0	2032	3668	8
nist-epub-0006	epub	adaptive	5	3	0	1990	3524	8
nist-epub-0006	epub	hybrid	0	3	0	1698	3376	8
nist-epub-0006	epub	hybrid	1	3	0	1774	3380	8
nist-epub-0006	epub	hybrid	2	3	0	1980	3576	8
nist-epub-0006	epub	hybrid	3	3	0	1866	3576	8
nist-epub-0006	epub	hybrid	4	3	0	1960	3660	8
nist-epub-0006	epub	hybrid	5	3	0	1911	3612	8
nist-epub-0006	epub	hist	0	3	0	1702	3324	8
nist-epub-0006	epub	hist	5	3	0	1875	3368	8
nist-epub-0006	epub	minimal	0	4	0	1740	3380	8
nist-epub-0006	epub	fts	0	4	0	1719	3392	8
nist-epub-0006	epub	structural	0	4	0	1723	3204	8
nist-epub-0006	epub	structural	1	4	0	1791	3192	8
nist-epub-0006	epub	full	0	4	0	1734	3336	8
nist-epub-0006	epub	full	1	4	0	1758	3388	8
nist-epub-0006	epub	full	2	4	0	1829	3636	8
nist-epub-0006	epub	full	3	4	0	1863	3624	8
nist-epub-0006	epub	full	4	4	0	1977	3624	8
nist-epub-0006	epub	full	5	4	0	1995	3580	8
nist-epub-0006	epub	adaptive	0	4	0	1717	3304	8
nist-epub-0006	epub	adaptive	1	4	0	1894	3252	8
nist-epub-0006	epub	adaptive	2	4	0	1897	3584	8
nist-epub-0006	epub	adaptive	3	4	0	2047	3652	8
nist-epub-0006	epub	adaptive	4	4	0	2167	3664	8
nist-epub-0006	epub	adaptive	5	4	0	2148	3544	8
nist-epub-0006	epub	hybrid	0	4	0	1822	3424	8
nist-epub-0006	epub	hybrid	1	4	0	1786	3368	8
nist-epub-0006	epub	hybrid	2	4	0	2098	3408	8
nist-epub-0006	epub	hybrid	3	4	0	2065	3508	8
nist-epub-0006	epub	hybrid	4	4	0	1996	3616	8
nist-epub-0006	epub	hybrid	5	4	0	2282	3504	8
nist-epub-0006	epub	hist	0	4	0	1651	3304	8
nist-epub-0006	epub	hist	5	4	0	1810	3384	8
nist-epub-0006	epub	vole	0	4	0	2597	4324	8
nist-epub-0006	epub	vole	1	4	0	2720	4452	8
nist-epub-0006	epub	vole	2	4	0	2697	3888	8
nist-epub-0006	epub	vole	3	4	0	2673	4344	8
nist-epub-0006	epub	vole	4	4	0	2648	4360	8
nist-epub-0006	epub	vole	5	4	0	2715	4312	8
nist-epub-0006	epub	vole	0	5	0	2754	4368	8
nist-epub-0006	epub	vole	1	5	0	2619	4152	8
nist-epub-0006	epub	vole	2	5	0	2678	4268	8
nist-epub-0006	epub	vole	3	5	0	2649	4428	8
nist-epub-0006	epub	vole	4	5	0	2717	4188	8
nist-epub-0006	epub	vole	5	5	0	2677	4216	8
nist-epub-0006	epub	minimal	0	5	0	1740	3316	8
nist-epub-0006	epub	fts	0	5	0	1719	3408	8
nist-epub-0006	epub	structural	0	5	0	1606	3424	8
nist-epub-0006	epub	structural	1	5	0	1700	3412	8
nist-epub-0006	epub	full	0	5	0	1708	3368	8
nist-epub-0006	epub	full	1	5	0	1694	3368	8
nist-epub-0006	epub	full	2	5	0	1968	3428	8
nist-epub-0006	epub	full	3	5	0	1880	3568	8
nist-epub-0006	epub	full	4	5	0	1962	3660	8
nist-epub-0006	epub	full	5	5	0	1933	3576	8
nist-epub-0006	epub	adaptive	0	5	0	1751	3408	8
nist-epub-0006	epub	adaptive	1	5	0	1821	3380	8
nist-epub-0006	epub	adaptive	2	5	0	1934	3652	8
nist-epub-0006	epub	adaptive	3	5	0	1888	3624	8
nist-epub-0006	epub	adaptive	4	5	0	1987	3612	8
nist-epub-0006	epub	adaptive	5	5	0	1991	3448	8
nist-epub-0006	epub	hybrid	0	5	0	1671	3328	8
nist-epub-0006	epub	hybrid	1	5	0	1791	3396	8
nist-epub-0006	epub	hybrid	2	5	0	1920	3612	8
nist-epub-0006	epub	hybrid	3	5	0	1869	3644	8
nist-epub-0006	epub	hybrid	4	5	0	1980	3396	8
nist-epub-0006	epub	hybrid	5	5	0	2045	3532	8
nist-epub-0006	epub	hist	0	5	0	1718	3304	8
nist-epub-0006	epub	hist	5	5	0	1935	3376	8
nist-epub-0006	epub	minimal	0	6	0	1767	3256	8
nist-epub-0006	epub	fts	0	6	0	1618	3344	8
nist-epub-0006	epub	structural	0	6	0	1645	3328	8
nist-epub-0006	epub	structural	1	6	0	1810	3340	8
nist-epub-0006	epub	full	0	6	0	1787	3396	8
nist-epub-0006	epub	full	1	6	0	1822	3312	8
nist-epub-0006	epub	full	2	6	0	1938	3464	8
nist-epub-0006	epub	full	3	6	0	1876	3628	8
nist-epub-0006	epub	full	4	6	0	2045	3588	8
nist-epub-0006	epub	full	5	6	0	1888	3624	8
nist-epub-0006	epub	adaptive	0	6	0	1643	3392	8
nist-epub-0006	epub	adaptive	1	6	0	1846	3192	8
nist-epub-0006	epub	adaptive	2	6	0	2142	3336	8
nist-epub-0006	epub	adaptive	3	6	0	1982	3636	8
nist-epub-0006	epub	adaptive	4	6	0	1930	3572	8
nist-epub-0006	epub	adaptive	5	6	0	2011	3440	8
nist-epub-0006	epub	hybrid	0	6	0	1745	3368	8
nist-epub-0006	epub	hybrid	1	6	0	1854	3344	8
nist-epub-0006	epub	hybrid	2	6	0	1901	3672	8
nist-epub-0006	epub	hybrid	3	6	0	1916	3644	8
nist-epub-0006	epub	hybrid	4	6	0	2013	3568	8
nist-epub-0006	epub	hybrid	5	6	0	1947	3552	8
nist-epub-0006	epub	hist	0	6	0	1721	3320	8
nist-epub-0006	epub	hist	5	6	0	1912	3300	8
nist-epub-0006	epub	vole	0	6	0	2649	4324	8
nist-epub-0006	epub	vole	1	6	0	2666	4172	8
nist-epub-0006	epub	vole	2	6	0	2657	4312	8
nist-epub-0006	epub	vole	3	6	0	2707	4356	8
nist-epub-0006	epub	vole	4	6	0	2723	4160	8
nist-epub-0006	epub	vole	5	6	0	2638	4176	8
nist-epub-0006	epub	vole	0	7	0	2828	4096	8
nist-epub-0006	epub	vole	1	7	0	2649	4424	8
nist-epub-0006	epub	vole	2	7	0	2637	4072	8
nist-epub-0006	epub	vole	3	7	0	2631	4352	8
nist-epub-0006	epub	vole	4	7	0	2714	4132	8
nist-epub-0006	epub	vole	5	7	0	2734	4356	8
nist-epub-0006	epub	minimal	0	7	0	1639	3424	8
nist-epub-0006	epub	fts	0	7	0	1679	3328	8
nist-epub-0006	epub	structural	0	7	0	1650	3408	8
nist-epub-0006	epub	structural	1	7	0	1784	3288	8
nist-epub-0006	epub	full	0	7	0	1867	3260	8
nist-epub-0006	epub	full	1	7	0	1752	3392	8
nist-epub-0006	epub	full	2	7	0	1920	3564	8
nist-epub-0006	epub	full	3	7	0	1857	3432	8
nist-epub-0006	epub	full	4	7	0	2008	3560	8
nist-epub-0006	epub	full	5	7	0	2016	3456	8
nist-epub-0006	epub	adaptive	0	7	0	1667	3356	8
nist-epub-0006	epub	adaptive	1	7	0	1903	3312	8
nist-epub-0006	epub	adaptive	2	7	0	1964	3316	8
nist-epub-0006	epub	adaptive	3	7	0	1925	3632	8
nist-epub-0006	epub	adaptive	4	7	0	1963	3672	8
nist-epub-0006	epub	adaptive	5	7	0	2089	3612	8
nist-epub-0006	epub	hybrid	0	7	0	1746	3396	8
nist-epub-0006	epub	hybrid	1	7	0	1763	3320	8
nist-epub-0006	epub	hybrid	2	7	0	1948	3612	8
nist-epub-0006	epub	hybrid	3	7	0	1888	3588	8
nist-epub-0006	epub	hybrid	4	7	0	1991	3672	8
nist-epub-0006	epub	hybrid	5	7	0	2030	3516	8
nist-epub-0006	epub	hist	0	7	0	1680	3376	8
nist-epub-0006	epub	hist	5	7	0	2049	3376	8
nist-epub-0006	epub	minimal	0	8	0	1779	3200	8
nist-epub-0006	epub	fts	0	8	0	1774	3424	8
nist-epub-0006	epub	structural	0	8	0	1754	3404	8
nist-epub-0006	epub	structural	1	8	0	1773	3364	8
nist-epub-0006	epub	full	0	8	0	1820	3304	8
nist-epub-0006	epub	full	1	8	0	1731	3420	8
nist-epub-0006	epub	full	2	8	0	1976	3568	8
nist-epub-0006	epub	full	3	8	0	1873	3668	8
nist-epub-0006	epub	full	4	8	0	1971	3572	8
nist-epub-0006	epub	full	5	8	0	1958	3592	8
nist-epub-0006	epub	adaptive	0	8	0	1774	3300	8
nist-epub-0006	epub	adaptive	1	8	0	1811	3360	8
nist-epub-0006	epub	adaptive	2	8	0	1877	3572	8
nist-epub-0006	epub	adaptive	3	8	0	1902	3552	8
nist-epub-0006	epub	adaptive	4	8	0	2085	3520	8
nist-epub-0006	epub	adaptive	5	8	0	1921	3660	8
nist-epub-0006	epub	hybrid	0	8	0	1704	3388	8
nist-epub-0006	epub	hybrid	1	8	0	1743	3324	8
nist-epub-0006	epub	hybrid	2	8	0	1968	3576	8
nist-epub-0006	epub	hybrid	3	8	0	1986	3384	8
nist-epub-0006	epub	hybrid	4	8	0	1967	3524	8
nist-epub-0006	epub	hybrid	5	8	0	1906	3636	8
nist-epub-0006	epub	hist	0	8	0	1695	3312	8
nist-epub-0006	epub	hist	5	8	0	1946	3252	8
nist-epub-0006	epub	vole	0	8	0	2784	4100	8
nist-epub-0006	epub	vole	1	8	0	2619	4336	8
nist-epub-0006	epub	vole	2	8	0	2878	4100	8
nist-epub-0006	epub	vole	3	8	0	2728	4268	8
nist-epub-0006	epub	vole	4	8	0	2707	4256	8
nist-epub-0006	epub	vole	5	8	0	2716	4212	8
nist-epub-0006	epub	vole	0	9	0	2679	4056	8
nist-epub-0006	epub	vole	1	9	0	2744	4080	8
nist-epub-0006	epub	vole	2	9	0	2630	4244	8
nist-epub-0006	epub	vole	3	9	0	2878	4048	8
nist-epub-0006	epub	vole	4	9	0	2679	4104	8
nist-epub-0006	epub	vole	5	9	0	2658	4316	8
nist-epub-0006	epub	minimal	0	9	0	1665	3388	8
nist-epub-0006	epub	fts	0	9	0	1717	3376	8
nist-epub-0006	epub	structural	0	9	0	1751	3368	8
nist-epub-0006	epub	structural	1	9	0	1763	3432	8
nist-epub-0006	epub	full	0	9	0	1779	3332	8
nist-epub-0006	epub	full	1	9	0	1754	3340	8
nist-epub-0006	epub	full	2	9	0	1900	3588	8
nist-epub-0006	epub	full	3	9	0	2010	3644	8
nist-epub-0006	epub	full	4	9	0	1954	3556	8
nist-epub-0006	epub	full	5	9	0	2111	3576	8
nist-epub-0006	epub	adaptive	0	9	0	1729	3412	8
nist-epub-0006	epub	adaptive	1	9	0	1814	3356	8
nist-epub-0006	epub	adaptive	2	9	0	2140	3632	8
nist-epub-0006	epub	adaptive	3	9	0	1933	3644	8
nist-epub-0006	epub	adaptive	4	9	0	1953	3660	8
nist-epub-0006	epub	adaptive	5	9	0	1993	3516	8
nist-epub-0006	epub	hybrid	0	9	0	1874	3216	8
nist-epub-0006	epub	hybrid	1	9	0	1757	3300	8
nist-epub-0006	epub	hybrid	2	9	0	1816	3576	8
nist-epub-0006	epub	hybrid	3	9	0	1850	3636	8
nist-epub-0006	epub	hybrid	4	9	0	2044	3612	8
nist-epub-0006	epub	hybrid	5	9	0	1974	3624	8
nist-epub-0006	epub	hist	0	9	0	1717	3380	8
nist-epub-0006	epub	hist	5	9	0	1908	3376	8
nist-epub-0006	epub	minimal	0	10	0	1737	3384	8
nist-epub-0006	epub	fts	0	10	0	1839	3392	8
nist-epub-0006	epub	structural	0	10	0	1710	3400	8
nist-epub-0006	epub	structural	1	10	0	1755	3312	8
nist-epub-0006	epub	full	0	10	0	1743	3332	8
nist-epub-0006	epub	full	1	10	0	1939	3336	8
nist-epub-0006	epub	full	2	10	0	1876	3584	8
nist-epub-0006	epub	full	3	10	0	1992	3632	8
nist-epub-0006	epub	full	4	10	0	1939	3628	8
nist-epub-0006	epub	full	5	10	0	1958	3612	8
nist-epub-0006	epub	adaptive	0	10	0	1704	3344	8
nist-epub-0006	epub	adaptive	1	10	0	1803	3380	8
nist-epub-0006	epub	adaptive	2	10	0	1933	3576	8
nist-epub-0006	epub	adaptive	3	10	0	1926	3668	8
nist-epub-0006	epub	adaptive	4	10	0	1955	3568	8
nist-epub-0006	epub	adaptive	5	10	0	1925	3628	8
nist-epub-0006	epub	hybrid	0	10	0	1681	3356	8
nist-epub-0006	epub	hybrid	1	10	0	1797	3436	8
nist-epub-0006	epub	hybrid	2	10	0	1881	3572	8
nist-epub-0006	epub	hybrid	3	10	0	1953	3584	8
nist-epub-0006	epub	hybrid	4	10	0	1952	3588	8
nist-epub-0006	epub	hybrid	5	10	0	2014	3576	8
nist-epub-0006	epub	hist	0	10	0	1863	3388	8
nist-epub-0006	epub	hist	5	10	0	1906	3392	8
nist-epub-0006	epub	vole	0	10	0	2688	4148	8
nist-epub-0006	epub	vole	1	10	0	2675	4288	8
nist-epub-0006	epub	vole	2	10	0	2662	4208	8
nist-epub-0006	epub	vole	3	10	0	2642	4276	8
nist-epub-0006	epub	vole	4	10	0	2703	4096	8
nist-epub-0006	epub	vole	5	10	0	2634	4112	8
nist-epub-0008	epub	vole	0	1	0	1893	3760	8
nist-epub-0008	epub	vole	1	1	0	1893	3844	8
nist-epub-0008	epub	vole	2	1	0	1881	3780	8
nist-epub-0008	epub	vole	3	1	0	1796	3780	8
nist-epub-0008	epub	vole	4	1	0	1816	3948	8
nist-epub-0008	epub	vole	5	1	0	1774	3796	8
nist-epub-0008	epub	minimal	0	1	0	1630	3008	8
nist-epub-0008	epub	fts	0	1	0	1562	3048	8
nist-epub-0008	epub	structural	0	1	0	1664	2920	8
nist-epub-0008	epub	structural	1	1	0	1659	3124	8
nist-epub-0008	epub	full	0	1	0	1583	3112	8
nist-epub-0008	epub	full	1	1	0	1596	3148	8
nist-epub-0008	epub	full	2	1	0	1771	3268	8
nist-epub-0008	epub	full	3	1	0	1749	3396	8
nist-epub-0008	epub	full	4	1	0	1780	3396	8
nist-epub-0008	epub	full	5	1	0	1768	3404	8
nist-epub-0008	epub	adaptive	0	1	0	1653	2932	8
nist-epub-0008	epub	adaptive	1	1	0	1750	3168	8
nist-epub-0008	epub	adaptive	2	1	0	1782	3320	8
nist-epub-0008	epub	adaptive	3	1	0	1762	3376	8
nist-epub-0008	epub	adaptive	4	1	0	1836	3316	8
nist-epub-0008	epub	adaptive	5	1	0	1809	3312	8
nist-epub-0008	epub	hybrid	0	1	0	1664	3100	8
nist-epub-0008	epub	hybrid	1	1	0	1629	3148	8
nist-epub-0008	epub	hybrid	2	1	0	1698	3296	8
nist-epub-0008	epub	hybrid	3	1	0	1799	3416	8
nist-epub-0008	epub	hybrid	4	1	0	1810	3120	8
nist-epub-0008	epub	hybrid	5	1	0	1766	3404	8
nist-epub-0008	epub	hist	0	1	0	1626	3052	8
nist-epub-0008	epub	hist	5	1	0	1813	3040	8
nist-epub-0008	epub	minimal	0	2	0	1562	3028	8
nist-epub-0008	epub	fts	0	2	0	1605	2992	8
nist-epub-0008	epub	structural	0	2	0	1655	2944	8
nist-epub-0008	epub	structural	1	2	0	1650	3140	8
nist-epub-0008	epub	full	0	2	0	1638	3124	8
nist-epub-0008	epub	full	1	2	0	1749	3056	8
nist-epub-0008	epub	full	2	2	0	1857	3376	8
nist-epub-0008	epub	full	3	2	0	1812	3308	8
nist-epub-0008	epub	full	4	2	0	1836	3324	8
nist-epub-0008	epub	full	5	2	0	1823	3384	8
nist-epub-0008	epub	adaptive	0	2	0	1618	3016	8
nist-epub-0008	epub	adaptive	1	2	0	1635	3056	8
nist-epub-0008	epub	adaptive	2	2	0	1817	3356	8
nist-epub-0008	epub	adaptive	3	2	0	1675	3388	8
nist-epub-0008	epub	adaptive	4	2	0	1802	3308	8
nist-epub-0008	epub	adaptive	5	2	0	1860	3388	8
nist-epub-0008	epub	hybrid	0	2	0	1600	2988	8
nist-epub-0008	epub	hybrid	1	2	0	1652	3052	8
nist-epub-0008	epub	hybrid	2	2	0	1758	3364	8
nist-epub-0008	epub	hybrid	3	2	0	1768	3312	8
nist-epub-0008	epub	hybrid	4	2	0	1822	3356	8
nist-epub-0008	epub	hybrid	5	2	0	1945	3160	8
nist-epub-0008	epub	hist	0	2	0	1677	2924	8
nist-epub-0008	epub	hist	5	2	0	1803	3004	8
nist-epub-0008	epub	vole	0	2	0	1942	3916	8
nist-epub-0008	epub	vole	1	2	0	1840	4008	8
nist-epub-0008	epub	vole	2	2	0	1857	3904	8
nist-epub-0008	epub	vole	3	2	0	1829	3984	8
nist-epub-0008	epub	vole	4	2	0	1787	3924	8
nist-epub-0008	epub	vole	5	2	0	1782	3780	8
nist-epub-0008	epub	vole	0	3	0	1855	3972	8
nist-epub-0008	epub	vole	1	3	0	1869	3936	8
nist-epub-0008	epub	vole	2	3	0	1799	3960	8
nist-epub-0008	epub	vole	3	3	0	1840	3816	8
nist-epub-0008	epub	vole	4	3	0	1820	3840	8
nist-epub-0008	epub	vole	5	3	0	1898	3984	8
nist-epub-0008	epub	minimal	0	3	0	1594	2908	8
nist-epub-0008	epub	fts	0	3	0	1662	2992	8
nist-epub-0008	epub	structural	0	3	0	1542	2972	8
nist-epub-0008	epub	structural	1	3	0	1672	3116	8
nist-epub-0008	epub	full	0	3	0	1617	2992	8
nist-epub-0008	epub	full	1	3	0	1695	3120	8
nist-epub-0008	epub	full	2	3	0	1763	3392	8
nist-epub-0008	epub	full	3	3	0	1692	3316	8
nist-epub-0008	epub	full	4	3	0	1888	3248	8
nist-epub-0008	epub	full	5	3	0	1870	3392	8
nist-epub-0008	epub	adaptive	0	3	0	1569	2920	8
nist-epub-0008	epub	adaptive	1	3	0	1635	3140	8
nist-epub-0008	epub	adaptive	2	3	0	1804	3380	8
nist-epub-0008	epub	adaptive	3	3	0	1873	3164	8
nist-epub-0008	epub	adaptive	4	3	0	1809	3368	8
nist-epub-0008	epub	adaptive	5	3	0	1787	3416	8
nist-epub-0008	epub	hybrid	0	3	0	1648	3088	8
nist-epub-0008	epub	hybrid	1	3	0	1615	3128	8
nist-epub-0008	epub	hybrid	2	3	0	1769	3308	8
nist-epub-0008	epub	hybrid	3	3	0	1874	3252	8
nist-epub-0008	epub	hybrid	4	3	0	1822	3340	8
nist-epub-0008	epub	hybrid	5	3	0	1787	3396	8
nist-epub-0008	epub	hist	0	3	0	1576	2972	8
nist-epub-0008	epub	hist	5	3	0	1784	2948	8
nist-epub-0008	epub	minimal	0	4	0	1531	2940	8
nist-epub-0008	epub	fts	0	4	0	1607	2940	8
nist-epub-0008	epub	structural	0	4	0	1598	3000	8
nist-epub-0008	epub	structural	1	4	0	1591	3168	8
nist-epub-0008	epub	full	0	4	0	1628	3140	8
nist-epub-0008	epub	full	1	4	0	1637	3084	8
nist-epub-0008	epub	full	2	4	0	1737	3396	8
nist-epub-0008	epub	full	3	4	0	1951	3296	8
nist-epub-0008	epub	full	4	4	0	1916	3184	8
nist-epub-0008	epub	full	5	4	0	1754	3336	8
nist-epub-0008	epub	adaptive	0	4	0	1620	2944	8
nist-epub-0008	epub	adaptive	1	4	0	1669	3068	8
nist-epub-0008	epub	adaptive	2	4	0	1873	3308	8
nist-epub-0008	epub	adaptive	3	4	0	1745	3316	8
nist-epub-0008	epub	adaptive	4	4	0	1761	3360	8
nist-epub-0008	epub	adaptive	5	4	0	1825	3380	8
nist-epub-0008	epub	hybrid	0	4	0	1722	3036	8
nist-epub-0008	epub	hybrid	1	4	0	1701	3052	8
nist-epub-0008	epub	hybrid	2	4	0	1763	3336	8
nist-epub-0008	epub	hybrid	3	4	0	1803	3320	8
nist-epub-0008	epub	hybrid	4	4	0	1762	3388	8
nist-epub-0008	epub	hybrid	5	4	0	1841	3316	8
nist-epub-0008	epub	hist	0	4	0	1553	2928	8
nist-epub-0008	epub	hist	5	4	0	1742	2992	8
nist-epub-0008	epub	vole	0	4	0	1817	3960	8
nist-epub-0008	epub	vole	1	4	0	1840	3796	8
nist-epub-0008	epub	vole	2	4	0	1768	3896	8
nist-epub-0008	epub	vole	3	4	0	1869	3888	8
nist-epub-0008	epub	vole	4	4	0	1876	3708	8
nist-epub-0008	epub	vole	5	4	0	1815	3800	8
nist-epub-0008	epub	vole	0	5	0	1841	3948	8
nist-epub-0008	epub	vole	1	5	0	1940	3956	8
nist-epub-0008	epub	vole	2	5	0	1855	3896	8
nist-epub-0008	epub	vole	3	5	0	1843	3892	8
nist-epub-0008	epub	vole	4	5	0	1863	3920	8
nist-epub-0008	epub	vole	5	5	0	1843	3664	8
nist-epub-0008	epub	minimal	0	5	0	1558	2936	8
nist-epub-0008	epub	fts	0	5	0	1571	3012	8
nist-epub-0008	epub	structural	0	5	0	1609	2948	8
nist-epub-0008	epub	structural	1	5	0	1611	3120	8
nist-epub-0008	epub	full	0	5	0	1612	3120	8
nist-epub-0008	epub	full	1	5	0	1694	3084	8
nist-epub-0008	epub	full	2	5	0	1823	3276	8
nist-epub-0008	epub	full	3	5	0	1835	3408	8
nist-epub-0008	epub	full	4	5	0	1812	3408	8
nist-epub-0008	epub	full	5	5	0	1850	3188	8
nist-epub-0008	epub	adaptive	0	5	0	1610	2996	8
nist-epub-0008	epub	adaptive	1	5	0	1818	3100	8
nist-epub-0008	epub	adaptive	2	5	0	1708	3404	8
nist-epub-0008	epub	adaptive	3	5	0	1733	3308	8
nist-epub-0008	epub	adaptive	4	5	0	1797	3384	8
nist-epub-0008	epub	adaptive	5	5	0	1953	3372	8
nist-epub-0008	epub	hybrid	0	5	0	1576	3056	8
nist-epub-0008	epub	hybrid	1	5	0	1753	3076	8
nist-epub-0008	epub	hybrid	2	5	0	1796	3304	8
nist-epub-0008	epub	hybrid	3	5	0	1785	3372	8
nist-epub-0008	epub	hybrid	4	5	0	1908	3312	8
nist-epub-0008	epub	hybrid	5	5	0	1909	3316	8
nist-epub-0008	epub	hist	0	5	0	1680	2936	8
nist-epub-0008	epub	hist	5	5	0	1789	2912	8
nist-epub-0008	epub	minimal	0	6	0	1674	3012	8
nist-epub-0008	epub	fts	0	6	0	1593	2888	8
nist-epub-0008	epub	structural	0	6	0	1611	2924	8
nist-epub-0008	epub	structural	1	6	0	1748	3100	8
nist-epub-0008	epub	full	0	6	0	1711	3080	8
nist-epub-0008	epub	full	1	6	0	1689	3076	8
nist-epub-0008	epub	full	2	6	0	1771	3248	8
nist-epub-0008	epub	full	3	6	0	1723	3376	8
nist-epub-0008	epub	full	4	6	0	1908	3372	8
nist-epub-0008	epub	full	5	6	0	1823	3320	8
nist-epub-0008	epub	adaptive	0	6	0	1625	2944	8
nist-epub-0008	epub	adaptive	1	6	0	1662	3148	8
nist-epub-0008	epub	adaptive	2	6	0	1766	3312	8
nist-epub-0008	epub	adaptive	3	6	0	1783	3308	8
nist-epub-0008	epub	adaptive	4	6	0	1854	3404	8
nist-epub-0008	epub	adaptive	5	6	0	1870	3372	8
nist-epub-0008	epub	hybrid	0	6	0	1675	3112	8
nist-epub-0008	epub	hybrid	1	6	0	1590	3048	8
nist-epub-0008	epub	hybrid	2	6	0	1776	3252	8
nist-epub-0008	epub	hybrid	3	6	0	1690	3388	8
nist-epub-0008	epub	hybrid	4	6	0	1984	3252	8
nist-epub-0008	epub	hybrid	5	6	0	1856	3360	8
nist-epub-0008	epub	hist	0	6	0	1597	3040	8
nist-epub-0008	epub	hist	5	6	0	1785	3032	8
nist-epub-0008	epub	vole	0	6	0	1858	4080	8
nist-epub-0008	epub	vole	1	6	0	1891	3708	8
nist-epub-0008	epub	vole	2	6	0	2012	3896	8
nist-epub-0008	epub	vole	3	6	0	1921	3636	8
nist-epub-0008	epub	vole	4	6	0	1823	3896	8
nist-epub-0008	epub	vole	5	6	0	1848	3968	8
nist-epub-0008	epub	vole	0	7	0	1871	3688	8
nist-epub-0008	epub	vole	1	7	0	1866	3956	8
nist-epub-0008	epub	vole	2	7	0	2007	3956	8
nist-epub-0008	epub	vole	3	7	0	1806	3948	8
nist-epub-0008	epub	vole	4	7	0	1845	3832	8
nist-epub-0008	epub	vole	5	7	0	1805	3932	8
nist-epub-0008	epub	minimal	0	7	0	1567	3000	8
nist-epub-0008	epub	fts	0	7	0	1551	2820	8
nist-epub-0008	epub	structural	0	7	0	1627	2920	8
nist-epub-0008	epub	structural	1	7	0	1612	3132	8
nist-epub-0008	epub	full	0	7	0	1573	3120	8
nist-epub-0008	epub	full	1	7	0	1656	3048	8
nist-epub-0008	epub	full	2	7	0	1742	3388	8
nist-epub-0008	epub	full	3	7	0	1800	3396	8
nist-epub-0008	epub	full	4	7	0	1862	3408	8
nist-epub-0008	epub	full	5	7	0	1778	3308	8
nist-epub-0008	epub	adaptive	0	7	0	1601	2816	8
nist-epub-0008	epub	adaptive	1	7	0	1733	3084	8
nist-epub-0008	epub	adaptive	2	7	0	1771	3372	8
nist-epub-0008	epub	adaptive	3	7	0	1699	3316	8
nist-epub-0008	epub	adaptive	4	7	0	1838	3304	8
nist-epub-0008	epub	adaptive	5	7	0	1818	3400	8
nist-epub-0008	epub	hybrid	0	7	0	1630	3128	8
nist-epub-0008	epub	hybrid	1	7	0	1759	3160	8
nist-epub-0008	epub	hybrid	2	7	0	1811	3412	8
nist-epub-0008	epub	hybrid	3	7	0	1739	3424	8
nist-epub-0008	epub	hybrid	4	7	0	1919	3240	8
nist-epub-0008	epub	hybrid	5	7	0	1925	3356	8
nist-epub-0008	epub	hist	0	7	0	1634	2776	8
nist-epub-0008	epub	hist	5	7	0	1856	3036	8
nist-epub-0008	epub	minimal	0	8	0	1685	3020	8
nist-epub-0008	epub	fts	0	8	0	1609	2984	8
nist-epub-0008	epub	structural	0	8	0	1630	2912	8
nist-epub-0008	epub	structural	1	8	0	1652	3100	8
nist-epub-0008	epub	full	0	8	0	1609	3072	8
nist-epub-0008	epub	full	1	8	0	1711	3140	8
nist-epub-0008	epub	full	2	8	0	1768	3316	8
nist-epub-0008	epub	full	3	8	0	1727	3388	8
nist-epub-0008	epub	full	4	8	0	1815	3308	8
nist-epub-0008	epub	full	5	8	0	1822	3304	8
nist-epub-0008	epub	adaptive	0	8	0	1630	2784	8
nist-epub-0008	epub	adaptive	1	8	0	1689	3124	8
nist-epub-0008	epub	adaptive	2	8	0	1816	3304	8
nist-epub-0008	epub	adaptive	3	8	0	1711	3360	8
nist-epub-0008	epub	adaptive	4	8	0	1822	3336	8
nist-epub-0008	epub	adaptive	5	8	0	1762	3388	8
nist-epub-0008	epub	hybrid	0	8	0	1624	2836	8
nist-epub-0008	epub	hybrid	1	8	0	1652	3024	8
nist-epub-0008	epub	hybrid	2	8	0	1823	3072	8
nist-epub-0008	epub	hybrid	3	8	0	1722	3340	8
nist-epub-0008	epub	hybrid	4	8	0	1881	3332	8
nist-epub-0008	epub	hybrid	5	8	0	1853	3436	8
nist-epub-0008	epub	hist	0	8	0	1581	2956	8
nist-epub-0008	epub	hist	5	8	0	1826	2932	8
nist-epub-0008	epub	vole	0	8	0	1800	3876	8
nist-epub-0008	epub	vole	1	8	0	1856	3976	8
nist-epub-0008	epub	vole	2	8	0	1878	3784	8
nist-epub-0008	epub	vole	3	8	0	1860	3788	8
nist-epub-0008	epub	vole	4	8	0	1826	3804	8
nist-epub-0008	epub	vole	5	8	0	1839	3932	8
nist-epub-0008	epub	vole	0	9	0	1854	4020	8
nist-epub-0008	epub	vole	1	9	0	1890	3844	8
nist-epub-0008	epub	vole	2	9	0	1884	3800	8
nist-epub-0008	epub	vole	3	9	0	1918	4024	8
nist-epub-0008	epub	vole	4	9	0	1891	3912	8
nist-epub-0008	epub	vole	5	9	0	1914	3940	8
nist-epub-0008	epub	minimal	0	9	0	1528	2992	8
nist-epub-0008	epub	fts	0	9	0	1661	2928	8
nist-epub-0008	epub	structural	0	9	0	1620	2912	8
nist-epub-0008	epub	structural	1	9	0	1678	3128	8
nist-epub-0008	epub	full	0	9	0	1583	3136	8
nist-epub-0008	epub	full	1	9	0	1705	3044	8
nist-epub-0008	epub	full	2	9	0	1747	3332	8
nist-epub-0008	epub	full	3	9	0	1801	3180	8
nist-epub-0008	epub	full	4	9	0	1860	3300	8
nist-epub-0008	epub	full	5	9	0	1813	3220	8
nist-epub-0008	epub	adaptive	0	9	0	1590	2916	8
nist-epub-0008	epub	adaptive	1	9	0	1714	3052	8
nist-epub-0008	epub	adaptive	2	9	0	1700	3324	8
nist-epub-0008	epub	adaptive	3	9	0	1812	3376	8
nist-epub-0008	epub	adaptive	4	9	0	1851	3380	8
nist-epub-0008	epub	adaptive	5	9	0	1849	3252	8
nist-epub-0008	epub	hybrid	0	9	0	1656	2996	8
nist-epub-0008	epub	hybrid	1	9	0	1637	3116	8
nist-epub-0008	epub	hybrid	2	9	0	1785	3152	8
nist-epub-0008	epub	hybrid	3	9	0	1792	3408	8
nist-epub-0008	epub	hybrid	4	9	0	1780	3380	8
nist-epub-0008	epub	hybrid	5	9	0	1797	3400	8
nist-epub-0008	epub	hist	0	9	0	1661	3012	8
nist-epub-0008	epub	hist	5	9	0	1817	3024	8
nist-epub-0008	epub	minimal	0	10	0	1572	3020	8
nist-epub-0008	epub	fts	0	10	0	1621	3012	8
nist-epub-0008	epub	structural	0	10	0	1573	2936	8
nist-epub-0008	epub	structural	1	10	0	1691	3124	8
nist-epub-0008	epub	full	0	10	0	1636	3064	8
nist-epub-0008	epub	full	1	10	0	1757	3120	8
nist-epub-0008	epub	full	2	10	0	1860	3132	8
nist-epub-0008	epub	full	3	10	0	1784	3416	8
nist-epub-0008	epub	full	4	10	0	1864	3372	8
nist-epub-0008	epub	full	5	10	0	1791	3332	8
nist-epub-0008	epub	adaptive	0	10	0	1611	2972	8
nist-epub-0008	epub	adaptive	1	10	0	1858	3152	8
nist-epub-0008	epub	adaptive	2	10	0	1787	3356	8
nist-epub-0008	epub	adaptive	3	10	0	1720	3172	8
nist-epub-0008	epub	adaptive	4	10	0	1827	3404	8
nist-epub-0008	epub	adaptive	5	10	0	1857	3144	8
nist-epub-0008	epub	hybrid	0	10	0	1681	2976	8
nist-epub-0008	epub	hybrid	1	10	0	1778	3004	8
nist-epub-0008	epub	hybrid	2	10	0	1695	3412	8
nist-epub-0008	epub	hybrid	3	10	0	1766	3312	8
nist-epub-0008	epub	hybrid	4	10	0	1792	3308	8
nist-epub-0008	epub	hybrid	5	10	0	1797	3360	8
nist-epub-0008	epub	hist	0	10	0	1709	3048	8
nist-epub-0008	epub	hist	5	10	0	1747	3052	8
nist-epub-0008	epub	vole	0	10	0	1908	3708	8
nist-epub-0008	epub	vole	1	10	0	1778	3960	8
nist-epub-0008	epub	vole	2	10	0	1785	3820	8
nist-epub-0008	epub	vole	3	10	0	1763	3836	8
nist-epub-0008	epub	vole	4	10	0	1863	3816	8
nist-epub-0008	epub	vole	5	10	0	1850	3876	8
nist-epub-0009	epub	vole	0	1	0	6149	7136	8
nist-epub-0009	epub	vole	1	1	0	5949	7060	8
nist-epub-0009	epub	vole	2	1	0	5943	7076	8
nist-epub-0009	epub	vole	3	1	0	6083	7100	8
nist-epub-0009	epub	vole	4	1	0	6029	6728	8
nist-epub-0009	epub	vole	5	1	0	6137	7224	8
nist-epub-0009	epub	minimal	0	1	0	2736	6636	8
nist-epub-0009	epub	fts	0	1	0	2481	6448	8
nist-epub-0009	epub	structural	0	1	0	2648	6560	8
nist-epub-0009	epub	structural	1	1	0	2630	6532	8
nist-epub-0009	epub	full	0	1	0	3040	6516	8
nist-epub-0009	epub	full	1	1	0	2829	6548	8
nist-epub-0009	epub	full	2	1	0	2958	6528	8
nist-epub-0009	epub	full	3	1	0	2920	6496	8
nist-epub-0009	epub	full	4	1	0	3143	6612	8
nist-epub-0009	epub	full	5	1	0	2876	6516	8
nist-epub-0009	epub	adaptive	0	1	0	2548	6440	8
nist-epub-0009	epub	adaptive	1	1	0	2754	6560	8
nist-epub-0009	epub	adaptive	2	1	0	3150	6580	8
nist-epub-0009	epub	adaptive	3	1	0	2925	6608	8
nist-epub-0009	epub	adaptive	4	1	0	3127	6504	8
nist-epub-0009	epub	adaptive	5	1	0	2942	6616	8
nist-epub-0009	epub	hybrid	0	1	0	2773	6428	8
nist-epub-0009	epub	hybrid	1	1	0	2976	6544	8
nist-epub-0009	epub	hybrid	2	1	0	2881	6496	8
nist-epub-0009	epub	hybrid	3	1	0	3076	6448	8
nist-epub-0009	epub	hybrid	4	1	0	3133	6608	8
nist-epub-0009	epub	hybrid	5	1	0	3040	6468	8
nist-epub-0009	epub	hist	0	1	0	2790	6596	8
nist-epub-0009	epub	hist	5	1	0	2863	6556	8
nist-epub-0009	epub	minimal	0	2	0	2601	6528	8
nist-epub-0009	epub	fts	0	2	0	2588	6504	8
nist-epub-0009	epub	structural	0	2	0	2561	6516	8
nist-epub-0009	epub	structural	1	2	0	2766	6324	8
nist-epub-0009	epub	full	0	2	0	2730	6320	8
nist-epub-0009	epub	full	1	2	0	2879	6620	8
nist-epub-0009	epub	full	2	2	0	3234	6592	8
nist-epub-0009	epub	full	3	2	0	2934	6600	8
nist-epub-0009	epub	full	4	2	0	4568	6592	8
nist-epub-0009	epub	full	5	2	0	3070	6512	8
nist-epub-0009	epub	adaptive	0	2	0	2666	6464	8
nist-epub-0009	epub	adaptive	1	2	0	2820	6432	8
nist-epub-0009	epub	adaptive	2	2	0	2897	6612	8
nist-epub-0009	epub	adaptive	3	2	0	2800	6596	8
nist-epub-0009	epub	adaptive	4	2	0	3004	6568	8
nist-epub-0009	epub	adaptive	5	2	0	2887	6556	8
nist-epub-0009	epub	hybrid	0	2	0	2759	6576	8
nist-epub-0009	epub	hybrid	1	2	0	2857	6528	8
nist-epub-0009	epub	hybrid	2	2	0	2974	6484	8
nist-epub-0009	epub	hybrid	3	2	0	3091	6564	8
nist-epub-0009	epub	hybrid	4	2	0	3171	6588	8
nist-epub-0009	epub	hybrid	5	2	0	3017	6508	8
nist-epub-0009	epub	hist	0	2	0	2707	6416	8
nist-epub-0009	epub	hist	5	2	0	3243	6588	8
nist-epub-0009	epub	vole	0	2	0	6039	7104	8
nist-epub-0009	epub	vole	1	2	0	6143	7168	8
nist-epub-0009	epub	vole	2	2	0	6029	7240	8
nist-epub-0009	epub	vole	3	2	0	6490	7168	8
nist-epub-0009	epub	vole	4	2	0	6231	7032	8
nist-epub-0009	epub	vole	5	2	0	6037	7060	8
nist-epub-0009	epub	vole	0	3	0	6064	7236	8
nist-epub-0009	epub	vole	1	3	0	6087	7192	8
nist-epub-0009	epub	vole	2	3	0	6163	7056	8
nist-epub-0009	epub	vole	3	3	0	6009	7108	8
nist-epub-0009	epub	vole	4	3	0	6149	6988	8
nist-epub-0009	epub	vole	5	3	0	6023	7228	8
nist-epub-0009	epub	minimal	0	3	0	2667	6596	8
nist-epub-0009	epub	fts	0	3	0	2570	6560	8
nist-epub-0009	epub	structural	0	3	0	2644	6516	8
nist-epub-0009	epub	structural	1	3	0	2888	6380	8
nist-epub-0009	epub	full	0	3	0	2641	6520	8
nist-epub-0009	epub	full	1	3	0	2816	6584	8
nist-epub-0009	epub	full	2	3	0	2937	6576	8
nist-epub-0009	epub	full	3	3	0	2837	6560	8
nist-epub-0009	epub	full	4	3	0	3061	6528	8
nist-epub-0009	epub	full	5	3	0	3273	6576	8
nist-epub-0009	epub	adaptive	0	3	0	2752	6560	8
nist-epub-0009	epub	adaptive	1	3	0	2982	6532	8
nist-epub-0009	epub	adaptive	2	3	0	3481	6604	8
nist-epub-0009	epub	adaptive	3	3	0	2834	6636	8
nist-epub-0009	epub	adaptive	4	3	0	2968	6476	8
nist-epub-0009	epub	adaptive	5	3	0	3045	6576	8
nist-epub-0009	epub	hybrid	0	3	0	2570	6596	8
nist-epub-0009	epub	hybrid	1	3	0	2766	6448	8
nist-epub-0009	epub	hybrid	2	3	0	3092	6388	8
nist-epub-0009	epub	hybrid	3	3	0	3035	6512	8
nist-epub-0009	epub	hybrid	4	3	0	2977	6588	8
nist-epub-0009	epub	hybrid	5	3	0	3206	6504	8
nist-epub-0009	epub	hist	0	3	0	2526	6520	8
nist-epub-0009	epub	hist	5	3	0	2752	6524	8
nist-epub-0009	epub	minimal	0	4	0	2664	6528	8
nist-epub-0009	epub	fts	0	4	0	2698	6596	8
nist-epub-0009	epub	structural	0	4	0	2557	6588	8
nist-epub-0009	epub	structural	1	4	0	2766	6520	8
nist-epub-0009	epub	full	0	4	0	2619	6512	8
nist-epub-0009	epub	full	1	4	0	2696	6540	8
nist-epub-0009	epub	full	2	4	0	2772	6536	8
nist-epub-0009	epub	full	3	4	0	2786	6496	8
nist-epub-0009	epub	full	4	4	0	3059	6576	8
nist-epub-0009	epub	full	5	4	0	3183	6580	8
nist-epub-0009	epub	adaptive	0	4	0	2721	6600	8
nist-epub-0009	epub	adaptive	1	4	0	2742	6156	8
nist-epub-0009	epub	adaptive	2	4	0	2944	6376	8
nist-epub-0009	epub	adaptive	3	4	0	2760	6556	8
nist-epub-0009	epub	adaptive	4	4	0	3095	6608	8
nist-epub-0009	epub	adaptive	5	4	0	3007	6532	8
nist-epub-0009	epub	hybrid	0	4	0	2754	6580	8
nist-epub-0009	epub	hybrid	1	4	0	2805	6520	8
nist-epub-0009	epub	hybrid	2	4	0	2944	6568	8
nist-epub-0009	epub	hybrid	3	4	0	2883	6504	8
nist-epub-0009	epub	hybrid	4	4	0	3151	6540	8
nist-epub-0009	epub	hybrid	5	4	0	3013	6568	8
nist-epub-0009	epub	hist	0	4	0	2765	6508	8
nist-epub-0009	epub	hist	5	4	0	2950	6496	8
nist-epub-0009	epub	vole	0	4	0	6144	7120	8
nist-epub-0009	epub	vole	1	4	0	6078	7116	8
nist-epub-0009	epub	vole	2	4	0	5964	7224	8
nist-epub-0009	epub	vole	3	4	0	6191	7180	8
nist-epub-0009	epub	vole	4	4	0	6390	7212	8
nist-epub-0009	epub	vole	5	4	0	6133	7224	8
nist-epub-0009	epub	vole	0	5	0	7696	6848	8
nist-epub-0009	epub	vole	1	5	0	6337	7144	8
nist-epub-0009	epub	vole	2	5	0	6238	7208	8
nist-epub-0009	epub	vole	3	5	0	6364	7220	8
nist-epub-0009	epub	vole	4	5	0	5975	7112	8
nist-epub-0009	epub	vole	5	5	0	6131	7008	8
nist-epub-0009	epub	minimal	0	5	0	2561	6632	8
nist-epub-0009	epub	fts	0	5	0	2612	6608	8
nist-epub-0009	epub	structural	0	5	0	2547	6504	8
nist-epub-0009	epub	structural	1	5	0	3052	6516	8
nist-epub-0009	epub	full	0	5	0	2805	6584	8
nist-epub-0009	epub	full	1	5	0	2945	6512	8
nist-epub-0009	epub	full	2	5	0	3071	6616	8
nist-epub-0009	epub	full	3	5	0	3253	6588	8
nist-epub-0009	epub	full	4	5	0	3280	6348	8
nist-epub-0009	epub	full	5	5	0	3205	6520	8
nist-epub-0009	epub	adaptive	0	5	0	2679	6524	8
nist-epub-0009	epub	adaptive	1	5	0	2939	6444	8
nist-epub-0009	epub	adaptive	2	5	0	2843	6460	8
nist-epub-0009	epub	adaptive	3	5	0	3082	6532	8
nist-epub-0009	epub	adaptive	4	5	0	3304	6460	8
nist-epub-0009	epub	adaptive	5	5	0	2880	6504	8
nist-epub-0009	epub	hybrid	0	5	0	2685	6408	8
nist-epub-0009	epub	hybrid	1	5	0	3022	6520	8
nist-epub-0009	epub	hybrid	2	5	0	2875	6488	8
nist-epub-0009	epub	hybrid	3	5	0	2842	6604	8
nist-epub-0009	epub	hybrid	4	5	0	3248	6332	8
nist-epub-0009	epub	hybrid	5	5	0	3022	6600	8
nist-epub-0009	epub	hist	0	5	0	2690	6508	8
nist-epub-0009	epub	hist	5	5	0	2990	6588	8
nist-epub-0009	epub	minimal	0	6	0	2725	6556	8
nist-epub-0009	epub	fts	0	6	0	2843	6584	8
nist-epub-0009	epub	structural	0	6	0	2538	6512	8
nist-epub-0009	epub	structural	1	6	0	2759	6596	8
nist-epub-0009	epub	full	0	6	0	2674	6576	8
nist-epub-0009	epub	full	1	6	0	2904	6568	8
nist-epub-0009	epub	full	2	6	0	3100	6592	8
nist-epub-0009	epub	full	3	6	0	3347	6308	8
nist-epub-0009	epub	full	4	6	0	3062	6588	8
nist-epub-0009	epub	full	5	6	0	3073	6440	8
nist-epub-0009	epub	adaptive	0	6	0	2644	6392	8
nist-epub-0009	epub	adaptive	1	6	0	2959	6604	8
nist-epub-0009	epub	adaptive	2	6	0	2915	6580	8
nist-epub-0009	epub	adaptive	3	6	0	2948	6580	8
nist-epub-0009	epub	adaptive	4	6	0	3205	6604	8
nist-epub-0009	epub	adaptive	5	6	0	3146	6400	8
nist-epub-0009	epub	hybrid	0	6	0	2817	6456	8
nist-epub-0009	epub	hybrid	1	6	0	2774	6440	8
nist-epub-0009	epub	hybrid	2	6	0	3022	6636	8
nist-epub-0009	epub	hybrid	3	6	0	3002	6568	8
nist-epub-0009	epub	hybrid	4	6	0	3133	6560	8
nist-epub-0009	epub	hybrid	5	6	0	3079	6392	8
nist-epub-0009	epub	hist	0	6	0	2703	6528	8
nist-epub-0009	epub	hist	5	6	0	2890	6548	8
nist-epub-0009	epub	vole	0	6	0	5993	6952	8
nist-epub-0009	epub	vole	1	6	0	6220	7156	8
nist-epub-0009	epub	vole	2	6	0	5985	7208	8
nist-epub-0009	epub	vole	3	6	0	6412	6996	8
nist-epub-0009	epub	vole	4	6	0	6152	7212	8
nist-epub-0009	epub	vole	5	6	0	6065	7212	8
nist-epub-0009	epub	vole	0	7	0	6112	6932	8
nist-epub-0009	epub	vole	1	7	0	5929	7132	8
nist-epub-0009	epub	vole	2	7	0	5996	7248	8
nist-epub-0009	epub	vole	3	7	0	5947	7200	8
nist-epub-0009	epub	vole	4	7	0	5978	7092	8
nist-epub-0009	epub	vole	5	7	0	6127	7040	8
nist-epub-0009	epub	minimal	0	7	0	2856	6520	8
nist-epub-0009	epub	fts	0	7	0	2524	6532	8
nist-epub-0009	epub	structural	0	7	0	2666	6524	8
nist-epub-0009	epub	structural	1	7	0	2802	6304	8
nist-epub-0009	epub	full	0	7	0	2954	6340	8
nist-epub-0009	epub	full	1	7	0	2867	6516	8
nist-epub-0009	epub	full	2	7	0	2875	6520	8
nist-epub-0009	epub	full	3	7	0	2954	6496	8
nist-epub-0009	epub	full	4	7	0	3085	6464	8
nist-epub-0009	epub	full	5	7	0	2963	6580	8
nist-epub-0009	epub	adaptive	0	7	0	2664	6560	8
nist-epub-0009	epub	adaptive	1	7	0	3096	6520	8
nist-epub-0009	epub	adaptive	2	7	0	2827	6532	8
nist-epub-0009	epub	adaptive	3	7	0	3061	6464	8
nist-epub-0009	epub	adaptive	4	7	0	2947	6612	8
nist-epub-0009	epub	adaptive	5	7	0	3176	6352	8
nist-epub-0009	epub	hybrid	0	7	0	2964	6612	8
nist-epub-0009	epub	hybrid	1	7	0	2901	6452	8
nist-epub-0009	epub	hybrid	2	7	0	3089	6556	8
nist-epub-0009	epub	hybrid	3	7	0	3040	6592	8
nist-epub-0009	epub	hybrid	4	7	0	3136	6476	8
nist-epub-0009	epub	hybrid	5	7	0	3086	6452	8
nist-epub-0009	epub	hist	0	7	0	2712	6512	8
nist-epub-0009	epub	hist	5	7	0	2799	6604	8
nist-epub-0009	epub	minimal	0	8	0	2568	6556	8
nist-epub-0009	epub	fts	0	8	0	2654	6516	8
nist-epub-0009	epub	structural	0	8	0	2526	6588	8
nist-epub-0009	epub	structural	1	8	0	2979	6512	8
nist-epub-0009	epub	full	0	8	0	2872	6616	8
nist-epub-0009	epub	full	1	8	0	2679	6508	8
nist-epub-0009	epub	full	2	8	0	2901	6496	8
nist-epub-0009	epub	full	3	8	0	2926	6556	8
nist-epub-0009	epub	full	4	8	0	3048	6508	8
nist-epub-0009	epub	full	5	8	0	2993	6616	8
nist-epub-0009	epub	adaptive	0	8	0	2594	6596	8
nist-epub-0009	epub	adaptive	1	8	0	2873	6516	8
nist-epub-0009	epub	adaptive	2	8	0	3124	6588	8
nist-epub-0009	epub	adaptive	3	8	0	2866	6252	8
nist-epub-0009	epub	adaptive	4	8	0	2980	6576	8
nist-epub-0009	epub	adaptive	5	8	0	3063	6568	8
nist-epub-0009	epub	hybrid	0	8	0	2654	6520	8
nist-epub-0009	epub	hybrid	1	8	0	2625	6508	8
nist-epub-0009	epub	hybrid	2	8	0	3125	6488	8
nist-epub-0009	epub	hybrid	3	8	0	3143	6588	8
nist-epub-0009	epub	hybrid	4	8	0	3089	6508	8
nist-epub-0009	epub	hybrid	5	8	0	3022	6616	8
nist-epub-0009	epub	hist	0	8	0	2727	6400	8
nist-epub-0009	epub	hist	5	8	0	2841	6568	8
nist-epub-0009	epub	vole	0	8	0	6106	7176	8
nist-epub-0009	epub	vole	1	8	0	5945	7252	8
nist-epub-0009	epub	vole	2	8	0	6077	7088	8
nist-epub-0009	epub	vole	3	8	0	5995	7264	8
nist-epub-0009	epub	vole	4	8	0	6231	7132	8
nist-epub-0009	epub	vole	5	8	0	6029	7084	8
nist-epub-0009	epub	vole	0	9	0	6083	7064	8
nist-epub-0009	epub	vole	1	9	0	6079	7124	8
nist-epub-0009	epub	vole	2	9	0	6483	7176	8
nist-epub-0009	epub	vole	3	9	0	5978	7156	8
nist-epub-0009	epub	vole	4	9	0	6059	6860	8
nist-epub-0009	epub	vole	5	9	0	6115	7088	8
nist-epub-0009	epub	minimal	0	9	0	2724	6520	8
nist-epub-0009	epub	fts	0	9	0	2647	6568	8
nist-epub-0009	epub	structural	0	9	0	2717	6460	8
nist-epub-0009	epub	structural	1	9	0	2754	6632	8
nist-epub-0009	epub	full	0	9	0	2803	6556	8
nist-epub-0009	epub	full	1	9	0	2725	6612	8
nist-epub-0009	epub	full	2	9	0	3101	6584	8
nist-epub-0009	epub	full	3	9	0	2905	6376	8
nist-epub-0009	epub	full	4	9	0	3119	6516	8
nist-epub-0009	epub	full	5	9	0	3008	6460	8
nist-epub-0009	epub	adaptive	0	9	0	4330	6576	8
nist-epub-0009	epub	adaptive	1	9	0	2920	6492	8
nist-epub-0009	epub	adaptive	2	9	0	2949	6576	8
nist-epub-0009	epub	adaptive	3	9	0	2876	6448	8
nist-epub-0009	epub	adaptive	4	9	0	3138	6524	8
nist-epub-0009	epub	adaptive	5	9	0	3055	6620	8
nist-epub-0009	epub	hybrid	0	9	0	2787	6612	8
nist-epub-0009	epub	hybrid	1	9	0	2768	6588	8
nist-epub-0009	epub	hybrid	2	9	0	2774	6448	8
nist-epub-0009	epub	hybrid	3	9	0	2920	6516	8
nist-epub-0009	epub	hybrid	4	9	0	2865	6536	8
nist-epub-0009	epub	hybrid	5	9	0	3001	6556	8
nist-epub-0009	epub	hist	0	9	0	2755	6468	8
nist-epub-0009	epub	hist	5	9	0	2946	6516	8
nist-epub-0009	epub	minimal	0	10	0	2719	6524	8
nist-epub-0009	epub	fts	0	10	0	2659	6584	8
nist-epub-0009	epub	structural	0	10	0	2551	6624	8
nist-epub-0009	epub	structural	1	10	0	2883	6632	8
nist-epub-0009	epub	full	0	10	0	2820	6596	8
nist-epub-0009	epub	full	1	10	0	2866	6608	8
nist-epub-0009	epub	full	2	10	0	2931	6608	8
nist-epub-0009	epub	full	3	10	0	3011	6528	8
nist-epub-0009	epub	full	4	10	0	2903	6528	8
nist-epub-0009	epub	full	5	10	0	3001	6632	8
nist-epub-0009	epub	adaptive	0	10	0	2642	6568	8
nist-epub-0009	epub	adaptive	1	10	0	2970	6536	8
nist-epub-0009	epub	adaptive	2	10	0	2850	6412	8
nist-epub-0009	epub	adaptive	3	10	0	2897	6576	8
nist-epub-0009	epub	adaptive	4	10	0	2945	6512	8
nist-epub-0009	epub	adaptive	5	10	0	2991	6568	8
nist-epub-0009	epub	hybrid	0	10	0	2601	6572	8
nist-epub-0009	epub	hybrid	1	10	0	2820	6404	8
nist-epub-0009	epub	hybrid	2	10	0	2942	6372	8
nist-epub-0009	epub	hybrid	3	10	0	2839	6596	8
nist-epub-0009	epub	hybrid	4	10	0	3094	6624	8
nist-epub-0009	epub	hybrid	5	10	0	3149	6520	8
nist-epub-0009	epub	hist	0	10	0	3021	6532	8
nist-epub-0009	epub	hist	5	10	0	2971	6508	8
nist-epub-0009	epub	vole	0	10	0	6199	7124	8
nist-epub-0009	epub	vole	1	10	0	6038	7008	8
nist-epub-0009	epub	vole	2	10	0	5976	7180	8
nist-epub-0009	epub	vole	3	10	0	6182	7028	8
nist-epub-0009	epub	vole	4	10	0	5896	7056	8
nist-epub-0009	epub	vole	5	10	0	6000	7280	8
