id,depth,rep,vole_us,sqlite_us,ratio
nist-docx-0005,0,1,1342,1379,0.97317
nist-docx-0005,0,2,1426,1453,0.98142
nist-docx-0005,0,3,1292,1427,0.90540
nist-docx-0005,0,4,1464,1346,1.08767
nist-docx-0005,0,5,1477,1664,0.88762
nist-docx-0005,0,6,1466,1534,0.95567
nist-docx-0005,0,7,1353,1992,0.67922
nist-docx-0005,0,8,1480,1443,1.02564
nist-docx-0005,0,9,1884,1424,1.32303
nist-docx-0005,0,10,1491,1392,1.07112
nist-docx-0005,0,11,1336,1478,0.90392
nist-docx-0005,0,12,1327,1355,0.97934
nist-docx-0005,0,13,1279,1348,0.94881
nist-docx-0005,0,14,1438,1531,0.93926
nist-docx-0005,0,15,1357,1618,0.83869
nist-docx-0005,0,16,1475,1426,1.03436
nist-docx-0005,0,17,1285,1554,0.82690
nist-docx-0005,0,18,1437,1402,1.02496
nist-docx-0005,0,19,1265,1629,0.77655
nist-docx-0005,0,20,1440,1428,1.00840
nist-docx-0005,0,21,1324,1454,0.91059
nist-docx-0005,0,22,1278,1359,0.94040
nist-docx-0005,0,23,1263,1338,0.94395
nist-docx-0005,0,24,1372,1347,1.01856
nist-docx-0005,0,25,1264,1371,0.92195
nist-docx-0005,0,26,1366,1401,0.97502
nist-docx-0005,0,27,1235,1345,0.91822
nist-docx-0005,0,28,1342,1340,1.00149
nist-docx-0005,0,29,1295,1490,0.86913
nist-docx-0005,0,30,1328,1372,0.96793
nist-docx-0005,0,31,1299,1448,0.89710
nist-docx-0005,0,32,1510,1429,1.05668
nist-docx-0005,0,33,1301,1315,0.98935
nist-docx-0005,0,34,1305,1314,0.99315
nist-docx-0005,0,35,1313,1336,0.98278
nist-docx-0005,0,36,1442,1329,1.08503
nist-docx-0005,0,37,1275,1355,0.94096
nist-docx-0005,0,38,1318,1462,0.90150
nist-docx-0005,0,39,1244,1405,0.88541
nist-docx-0005,0,40,1369,1373,0.99709
nist-docx-0005,0,41,1284,1331,0.96469
nist-docx-0005,0,42,1305,1346,0.96954
nist-docx-0005,0,43,1213,1438,0.84353
nist-docx-0005,0,44,1359,1356,1.00221
nist-docx-0005,0,45,1263,1394,0.90603
nist-docx-0005,0,46,1387,1364,1.01686
nist-docx-0005,0,47,1274,1338,0.95217
nist-docx-0005,0,48,1311,1324,0.99018
nist-docx-0005,0,49,1237,1365,0.90623
nist-docx-0005,0,50,1446,1335,1.08315
nist-docx-0005,0,51,1273,1399,0.90994
nist-docx-0005,0,52,1325,1349,0.98221
nist-docx-0005,0,53,1275,1333,0.95649
nist-docx-0005,0,54,1386,1335,1.03820
nist-docx-0005,0,55,1263,1816,0.69548
nist-docx-0005,0,56,1782,1368,1.30263
nist-docx-0005,0,57,1294,1409,0.91838
nist-docx-0005,0,58,1521,1467,1.03681
nist-docx-0005,0,59,1239,1501,0.82545
nist-docx-0005,0,60,1459,1399,1.04289
nist-docx-0005,0,61,1366,1425,0.95860
nist-docx-0005,0,62,1515,1442,1.05062
nist-docx-0005,0,63,1266,1385,0.91408
nist-docx-0005,0,64,1270,1333,0.95274
nist-docx-0005,0,65,1375,1508,0.91180
nist-docx-0005,0,66,2743,1384,1.98194
nist-docx-0005,0,67,1309,1603,0.81659
nist-docx-0005,0,68,1481,1443,1.02633
nist-docx-0005,0,69,1325,1662,0.79723
nist-docx-0005,0,70,1488,1399,1.06362
nist-docx-0005,0,71,1353,1529,0.88489
nist-docx-0005,0,72,1456,1342,1.08495
nist-docx-0005,0,73,1302,1415,0.92014
nist-docx-0005,0,74,1452,1847,0.78614
nist-docx-0005,0,75,1303,1376,0.94695
nist-docx-0005,0,76,1342,1347,0.99629
nist-docx-0005,0,77,1273,1407,0.90476
nist-docx-0005,0,78,1285,1345,0.95539
nist-docx-0005,0,79,1397,1359,1.02796
nist-docx-0005,0,80,1359,1377,0.98693
nist-docx-0005,0,81,1267,1354,0.93575
nist-docx-0005,0,82,1322,1458,0.90672
nist-docx-0005,0,83,1275,1405,0.90747
nist-docx-0005,0,84,1297,1355,0.95720
nist-docx-0005,0,85,1294,1449,0.89303
nist-docx-0005,0,86,1401,1364,1.02713
nist-docx-0005,0,87,1377,1356,1.01549
nist-docx-0005,0,88,1258,1311,0.95957
nist-docx-0005,0,89,1226,1460,0.83973
nist-docx-0005,0,90,1365,1396,0.97779
nist-docx-0005,0,91,1328,1371,0.96864
nist-docx-0005,0,92,1322,1437,0.91997
nist-docx-0005,0,93,1268,1384,0.91618
nist-docx-0005,0,94,1294,1498,0.86382
nist-docx-0005,0,95,1215,1364,0.89076
nist-docx-0005,0,96,1311,1298,1.01002
nist-docx-0005,0,97,1252,1364,0.91789
nist-docx-0005,0,98,1275,1354,0.94165
nist-docx-0005,0,99,1284,1356,0.94690
nist-docx-0005,0,100,1313,1420,0.92465
nist-docx-0008,0,1,1041,1259,0.82685
nist-docx-0008,0,2,1216,1279,0.95074
nist-docx-0008,0,3,1050,1322,0.79425
nist-docx-0008,0,4,1074,1293,0.83063
nist-docx-0008,0,5,1028,1278,0.80438
nist-docx-0008,0,6,1140,1309,0.87089
nist-docx-0008,0,7,1190,1426,0.83450
nist-docx-0008,0,8,1190,1349,0.88213
nist-docx-0008,0,9,1063,1284,0.82788
nist-docx-0008,0,10,1276,1299,0.98229
nist-docx-0008,0,11,1060,1405,0.75445
nist-docx-0008,0,12,1256,1351,0.92968
nist-docx-0008,0,13,1026,1560,0.65769
nist-docx-0008,0,14,1252,1400,0.89429
nist-docx-0008,0,15,1101,1346,0.81798
nist-docx-0008,0,16,1186,1344,0.88244
nist-docx-0008,0,17,1014,1294,0.78362
nist-docx-0008,0,18,1114,1298,0.85824
nist-docx-0008,0,19,973,1399,0.69550
nist-docx-0008,0,20,1056,1365,0.77363
nist-docx-0008,0,21,1034,1280,0.80781
nist-docx-0008,0,22,1064,1301,0.81783
nist-docx-0008,0,23,1035,1310,0.79008
nist-docx-0008,0,24,1055,1339,0.78790
nist-docx-0008,0,25,1060,1255,0.84462
nist-docx-0008,0,26,1048,1264,0.82911
nist-docx-0008,0,27,997,1264,0.78877
nist-docx-0008,0,28,1033,1263,0.81789
nist-docx-0008,0,29,1021,1232,0.82873
nist-docx-0008,0,30,1037,1235,0.83968
nist-docx-0008,0,31,1132,1257,0.90056
nist-docx-0008,0,32,1134,1274,0.89011
nist-docx-0008,0,33,988,1235,0.80000
nist-docx-0008,0,34,1060,1245,0.85141
nist-docx-0008,0,35,1023,1264,0.80934
nist-docx-0008,0,36,1066,1285,0.82957
nist-docx-0008,0,37,986,1428,0.69048
nist-docx-0008,0,38,1134,1301,0.87164
nist-docx-0008,0,39,1000,1330,0.75188
nist-docx-0008,0,40,1037,1256,0.82564
nist-docx-0008,0,41,991,1274,0.77786
nist-docx-0008,0,42,1079,1267,0.85162
nist-docx-0008,0,43,1048,1247,0.84042
nist-docx-0008,0,44,1062,1267,0.83820
nist-docx-0008,0,45,982,1295,0.75830
nist-docx-0008,0,46,1057,1242,0.85105
nist-docx-0008,0,47,1026,1232,0.83279
nist-docx-0008,0,48,1024,1338,0.76532
nist-docx-0008,0,49,1006,1247,0.80674
nist-docx-0008,0,50,1064,1246,0.85393
nist-docx-0008,0,51,1020,1383,0.73753
nist-docx-0008,0,52,1037,1354,0.76588
nist-docx-0008,0,53,1018,1275,0.79843
nist-docx-0008,0,54,1045,1254,0.83333
nist-docx-0008,0,55,1046,1308,0.79969
nist-docx-0008,0,56,1183,1307,0.90513
nist-docx-0008,0,57,996,1348,0.73887
nist-docx-0008,0,58,1213,1319,0.91964
nist-docx-0008,0,59,1058,1309,0.80825
nist-docx-0008,0,60,1216,1481,0.82107
nist-docx-0008,0,61,1214,1356,0.89528
nist-docx-0008,0,62,1081,1276,0.84718
nist-docx-0008,0,63,1026,1335,0.76854
nist-docx-0008,0,64,1285,1337,0.96111
nist-docx-0008,0,65,1047,1681,0.62284
nist-docx-0008,0,66,1273,1350,0.94296
nist-docx-0008,0,67,1039,1479,0.70250
nist-docx-0008,0,68,1152,1268,0.90852
nist-docx-0008,0,69,1055,1295,0.81467
nist-docx-0008,0,70,1155,1332,0.86712
nist-docx-0008,0,71,1053,1316,0.80015
nist-docx-0008,0,72,1015,1243,0.81657
nist-docx-0008,0,73,1024,1269,0.80693
nist-docx-0008,0,74,1086,1244,0.87299
nist-docx-0008,0,75,1052,1290,0.81550
nist-docx-0008,0,76,1033,1247,0.82839
nist-docx-0008,0,77,1026,1270,0.80787
nist-docx-0008,0,78,1133,1312,0.86357
nist-docx-0008,0,79,1105,1337,0.82648
nist-docx-0008,0,80,1071,1243,0.86163
nist-docx-0008,0,81,1014,1283,0.79034
nist-docx-0008,0,82,1079,1292,0.83514
nist-docx-0008,0,83,1090,1296,0.84105
nist-docx-0008,0,84,1214,1309,0.92743
nist-docx-0008,0,85,1085,1317,0.82384
nist-docx-0008,0,86,1134,1266,0.89573
nist-docx-0008,0,87,1062,1628,0.65233
nist-docx-0008,0,88,1329,1379,0.96374
nist-docx-0008,0,89,1107,1592,0.69535
nist-docx-0008,0,90,1214,1337,0.90800
nist-docx-0008,0,91,1132,1512,0.74868
nist-docx-0008,0,92,1326,1296,1.02315
nist-docx-0008,0,93,1072,1400,0.76571
nist-docx-0008,0,94,1240,1321,0.93868
nist-docx-0008,0,95,1033,1424,0.72542
nist-docx-0008,0,96,1310,1264,1.03639
nist-docx-0008,0,97,1024,1441,0.71062
nist-docx-0008,0,98,1201,1307,0.91890
nist-docx-0008,0,99,1072,1352,0.79290
nist-docx-0008,0,100,1165,1314,0.88661
nist-docx-0009,0,1,1781,1560,1.14167
nist-docx-0009,0,2,1810,1436,1.26045
nist-docx-0009,0,3,1713,1742,0.98335
nist-docx-0009,0,4,1899,1526,1.24443
nist-docx-0009,0,5,1793,1866,0.96088
nist-docx-0009,0,6,1964,1519,1.29296
nist-docx-0009,0,7,1672,1445,1.15709
nist-docx-0009,0,8,1878,1481,1.26806
nist-docx-0009,0,9,1848,1552,1.19072
nist-docx-0009,0,10,1733,1459,1.18780
nist-docx-0009,0,11,1777,1378,1.28955
nist-docx-0009,0,12,1779,1368,1.30044
nist-docx-0009,0,13,1739,1366,1.27306
nist-docx-0009,0,14,1749,1508,1.15981
nist-docx-0009,0,15,1730,1403,1.23307
nist-docx-0009,0,16,1799,1360,1.32279
nist-docx-0009,0,17,1766,1397,1.26414
nist-docx-0009,0,18,1702,1373,1.23962
nist-docx-0009,0,19,1668,1401,1.19058
nist-docx-0009,0,20,1726,1395,1.23728
nist-docx-0009,0,21,1708,1408,1.21307
nist-docx-0009,0,22,2115,1561,1.35490
nist-docx-0009,0,23,1767,1446,1.22199
nist-docx-0009,0,24,1738,1390,1.25036
nist-docx-0009,0,25,1706,1391,1.22646
nist-docx-0009,0,26,1892,1415,1.33710
nist-docx-0009,0,27,1768,1478,1.19621
nist-docx-0009,0,28,1733,1390,1.24676
nist-docx-0009,0,29,1705,1540,1.10714
nist-docx-0009,0,30,2058,1551,1.32689
nist-docx-0009,0,31,1742,1456,1.19643
nist-docx-0009,0,32,1774,1397,1.26986
nist-docx-0009,0,33,1785,1753,1.01825
nist-docx-0009,0,34,1944,1455,1.33608
nist-docx-0009,0,35,1751,1790,0.97821
nist-docx-0009,0,36,2044,1505,1.35814
nist-docx-0009,0,37,1792,1609,1.11374
nist-docx-0009,0,38,1932,1473,1.31161
nist-docx-0009,0,39,1791,1581,1.13283
nist-docx-0009,0,40,1713,1437,1.19207
nist-docx-0009,0,41,1710,1462,1.16963
nist-docx-0009,0,42,1740,1403,1.24020
nist-docx-0009,0,43,1696,1377,1.23166
nist-docx-0009,0,44,1704,1386,1.22944
nist-docx-0009,0,45,1646,1426,1.15428
nist-docx-0009,0,46,1701,1520,1.11908
nist-docx-0009,0,47,1723,1400,1.23071
nist-docx-0009,0,48,1713,1404,1.22009
nist-docx-0009,0,49,1722,1440,1.19583
nist-docx-0009,0,50,1844,1406,1.31152
nist-docx-0009,0,51,1811,1458,1.24211
nist-docx-0009,0,52,1781,1470,1.21156
nist-docx-0009,0,53,1716,1402,1.22397
nist-docx-0009,0,54,1759,1453,1.21060
nist-docx-0009,0,55,1729,1455,1.18832
nist-docx-0009,0,56,1705,1423,1.19817
nist-docx-0009,0,57,1775,1390,1.27698
nist-docx-0009,0,58,1748,1445,1.20969
nist-docx-0009,0,59,1820,1460,1.24658
nist-docx-0009,0,60,1795,1445,1.24221
nist-docx-0009,0,61,1704,1413,1.20594
nist-docx-0009,0,62,1732,1523,1.13723
nist-docx-0009,0,63,1685,1401,1.20271
nist-docx-0009,0,64,1747,1389,1.25774
nist-docx-0009,0,65,1811,1426,1.26999
nist-docx-0009,0,66,1674,1399,1.19657
nist-docx-0009,0,67,1681,1453,1.15692
nist-docx-0009,0,68,1752,1412,1.24079
nist-docx-0009,0,69,1704,1367,1.24653
nist-docx-0009,0,70,1730,1399,1.23660
nist-docx-0009,0,71,1728,1413,1.22293
nist-docx-0009,0,72,1682,1390,1.21007
nist-docx-0009,0,73,1768,1438,1.22949
nist-docx-0009,0,74,1714,1403,1.22167
nist-docx-0009,0,75,1736,1433,1.21144
nist-docx-0009,0,76,1740,1397,1.24553
nist-docx-0009,0,77,1663,1484,1.12062
nist-docx-0009,0,78,1765,1436,1.22911
nist-docx-0009,0,79,1716,1473,1.16497
nist-docx-0009,0,80,1704,1536,1.10938
nist-docx-0009,0,81,1651,1412,1.16926
nist-docx-0009,0,82,1798,1464,1.22814
nist-docx-0009,0,83,1763,1420,1.24155
nist-docx-0009,0,84,1726,1440,1.19861
nist-docx-0009,0,85,1809,1608,1.12500
nist-docx-0009,0,86,1729,1499,1.15344
nist-docx-0009,0,87,1715,1391,1.23293
nist-docx-0009,0,88,1770,1424,1.24298
nist-docx-0009,0,89,1734,1459,1.18849
nist-docx-0009,0,90,1773,1424,1.24508
nist-docx-0009,0,91,1731,1415,1.22332
nist-docx-0009,0,92,1790,1414,1.26591
nist-docx-0009,0,93,1700,1523,1.11622
nist-docx-0009,0,94,1757,1427,1.23125
nist-docx-0009,0,95,1712,1475,1.16068
nist-docx-0009,0,96,1692,1435,1.17909
nist-docx-0009,0,97,1726,1413,1.22151
nist-docx-0009,0,98,1719,1424,1.20716
nist-docx-0009,0,99,1672,1419,1.17829
nist-docx-0009,0,100,1845,1396,1.32163
nist-docx-0014,0,1,3670,1986,1.84794
nist-docx-0014,0,2,3809,1959,1.94436
nist-docx-0014,0,3,3705,1999,1.85343
nist-docx-0014,0,4,3675,2037,1.80412
nist-docx-0014,0,5,3603,2203,1.63550
nist-docx-0014,0,6,3747,1916,1.95564
nist-docx-0014,0,7,3491,2093,1.66794
nist-docx-0014,0,8,3652,1909,1.91304
nist-docx-0014,0,9,3617,1956,1.84918
nist-docx-0014,0,10,3603,1907,1.88936
nist-docx-0014,0,11,3654,1965,1.85954
nist-docx-0014,0,12,3551,1914,1.85528
nist-docx-0014,0,13,3668,2204,1.66425
nist-docx-0014,0,14,3675,1939,1.89531
nist-docx-0014,0,15,3724,1994,1.86760
nist-docx-0014,0,16,3544,2004,1.76846
nist-docx-0014,0,17,3503,1990,1.76030
nist-docx-0014,0,18,3529,2066,1.70813
nist-docx-0014,0,19,3528,1940,1.81856
nist-docx-0014,0,20,3599,1955,1.84092
nist-docx-0014,0,21,3672,1972,1.86207
nist-docx-0014,0,22,3568,1926,1.85254
nist-docx-0014,0,23,3545,2038,1.73945
nist-docx-0014,0,24,3633,2138,1.69925
nist-docx-0014,0,25,3789,2094,1.80946
nist-docx-0014,0,26,3584,2071,1.73056
nist-docx-0014,0,27,3496,2103,1.66239
nist-docx-0014,0,28,3613,2058,1.75559
nist-docx-0014,0,29,3560,1939,1.83600
nist-docx-0014,0,30,3695,2020,1.82921
nist-docx-0014,0,31,3504,1935,1.81085
nist-docx-0014,0,32,3755,1959,1.91679
nist-docx-0014,0,33,3676,2010,1.82886
nist-docx-0014,0,34,3803,2020,1.88267
nist-docx-0014,0,35,3713,2004,1.85279
nist-docx-0014,0,36,3653,1994,1.83200
nist-docx-0014,0,37,3595,2016,1.78323
nist-docx-0014,0,38,3732,1934,1.92968
nist-docx-0014,0,39,3581,2269,1.57823
nist-docx-0014,0,40,3610,1890,1.91005
nist-docx-0014,0,41,3489,2081,1.67660
nist-docx-0014,0,42,3705,2087,1.77528
nist-docx-0014,0,43,3596,2204,1.63158
nist-docx-0014,0,44,3612,1896,1.90506
nist-docx-0014,0,45,3470,2001,1.73413
nist-docx-0014,0,46,3605,1908,1.88941
nist-docx-0014,0,47,3573,2155,1.65800
nist-docx-0014,0,48,3659,2064,1.77277
nist-docx-0014,0,49,3605,1913,1.88447
nist-docx-0014,0,50,3548,1955,1.81483
nist-docx-0014,0,51,3749,2016,1.85962
nist-docx-0014,0,52,3634,2055,1.76837
nist-docx-0014,0,53,3539,1962,1.80377
nist-docx-0014,0,54,3713,2020,1.83812
nist-docx-0014,0,55,3518,1937,1.81621
nist-docx-0014,0,56,3687,1936,1.90444
nist-docx-0014,0,57,3490,2066,1.68925
nist-docx-0014,0,58,3731,2072,1.80068
nist-docx-0014,0,59,3498,2320,1.50776
nist-docx-0014,0,60,3554,1909,1.86171
nist-docx-0014,0,61,3618,2110,1.71469
nist-docx-0014,0,62,3685,1908,1.93134
nist-docx-0014,0,63,3568,1934,1.84488
nist-docx-0014,0,64,3629,2376,1.52736
nist-docx-0014,0,65,3517,2058,1.70894
nist-docx-0014,0,66,3684,1946,1.89311
nist-docx-0014,0,67,3506,2071,1.69290
nist-docx-0014,0,68,3577,1950,1.83436
nist-docx-0014,0,69,3550,2040,1.74020
nist-docx-0014,0,70,3681,1933,1.90429
nist-docx-0014,0,71,3692,2084,1.77159
nist-docx-0014,0,72,3557,2116,1.68100
nist-docx-0014,0,73,3506,1915,1.83081
nist-docx-0014,0,74,3611,1965,1.83766
nist-docx-0014,0,75,3516,1957,1.79663
nist-docx-0014,0,76,3558,2043,1.74156
nist-docx-0014,0,77,3599,2011,1.78966
nist-docx-0014,0,78,3655,1917,1.90662
nist-docx-0014,0,79,3477,1961,1.77307
nist-docx-0014,0,80,3576,2161,1.65479
nist-docx-0014,0,81,3652,2186,1.67063
nist-docx-0014,0,82,3554,2016,1.76290
nist-docx-0014,0,83,3529,2056,1.71644
nist-docx-0014,0,84,3663,2026,1.80800
nist-docx-0014,0,85,3518,2244,1.56774
nist-docx-0014,0,86,3765,2011,1.87220
nist-docx-0014,0,87,3669,1978,1.85490
nist-docx-0014,0,88,3685,1966,1.87436
nist-docx-0014,0,89,3531,2081,1.69678
nist-docx-0014,0,90,3707,2075,1.78651
nist-docx-0014,0,91,3485,2040,1.70833
nist-docx-0014,0,92,3689,1970,1.87259
nist-docx-0014,0,93,3534,2000,1.76700
nist-docx-0014,0,94,3727,1992,1.87098
nist-docx-0014,0,95,3508,1997,1.75663
nist-docx-0014,0,96,3598,2008,1.79183
nist-docx-0014,0,97,3536,1954,1.80962
nist-docx-0014,0,98,3682,1982,1.85772
nist-docx-0014,0,99,3533,2236,1.58005
nist-docx-0014,0,100,3676,2040,1.80196
nist-epub-0003,0,1,2933,1598,1.83542
nist-epub-0003,0,2,3017,1628,1.85319
nist-epub-0003,0,3,2855,1600,1.78438
nist-epub-0003,0,4,2966,1574,1.88437
nist-epub-0003,0,5,2860,1576,1.81472
nist-epub-0003,0,6,2902,1575,1.84254
nist-epub-0003,0,7,2885,1545,1.86731
nist-epub-0003,0,8,2894,1542,1.87678
nist-epub-0003,0,9,2846,1592,1.78769
nist-epub-0003,0,10,2964,1578,1.87833
nist-epub-0003,0,11,2930,1656,1.76932
nist-epub-0003,0,12,3427,1635,2.09602
nist-epub-0003,0,13,2862,1615,1.77214
nist-epub-0003,0,14,2919,1530,1.90784
nist-epub-0003,0,15,2816,1785,1.57759
nist-epub-0003,0,16,3043,1642,1.85323
nist-epub-0003,0,17,2998,1849,1.62142
nist-epub-0003,0,18,3097,1634,1.89535
nist-epub-0003,0,19,2876,1740,1.65287
nist-epub-0003,0,20,2955,1617,1.82746
nist-epub-0003,0,21,3027,1943,1.55790
nist-epub-0003,0,22,3292,1808,1.82080
nist-epub-0003,0,23,3281,2083,1.57513
nist-epub-0003,0,24,3168,1693,1.87123
nist-epub-0003,0,25,2937,2035,1.44324
nist-epub-0003,0,26,3096,1688,1.83412
nist-epub-0003,0,27,2847,2147,1.32604
nist-epub-0003,0,28,3265,1717,1.90157
nist-epub-0003,0,29,3090,1907,1.62035
nist-epub-0003,0,30,3066,1793,1.70998
nist-epub-0003,0,31,2885,1915,1.50653
nist-epub-0003,0,32,3111,1673,1.85953
nist-epub-0003,0,33,3003,1717,1.74898
nist-epub-0003,0,34,3073,1644,1.86922
nist-epub-0003,0,35,3022,1650,1.83152
nist-epub-0003,0,36,3041,1634,1.86108
nist-epub-0003,0,37,3015,1692,1.78191
nist-epub-0003,0,38,3129,1538,2.03446
nist-epub-0003,0,39,2904,1798,1.61513
nist-epub-0003,0,40,3079,1655,1.86042
nist-epub-0003,0,41,3059,2031,1.50615
nist-epub-0003,0,42,3180,1689,1.88277
nist-epub-0003,0,43,2887,1615,1.78762
nist-epub-0003,0,44,3280,1959,1.67432
nist-epub-0003,0,45,3013,2131,1.41389
nist-epub-0003,0,46,3180,1744,1.82339
nist-epub-0003,0,47,2917,1886,1.54666
nist-epub-0003,0,48,3088,1680,1.83810
nist-epub-0003,0,49,3076,1925,1.59792
nist-epub-0003,0,50,3157,1619,1.94997
nist-epub-0003,0,51,3373,1625,2.07569
nist-epub-0003,0,52,3171,1743,1.81928
nist-epub-0003,0,53,2990,2005,1.49127
nist-epub-0003,0,54,3122,2619,1.19206
nist-epub-0003,0,55,3095,1993,1.55294
nist-epub-0003,0,56,3303,1766,1.87033
nist-epub-0003,0,57,2996,1909,1.56941
nist-epub-0003,0,58,3060,1586,1.92938
nist-epub-0003,0,59,2967,1943,1.52702
nist-epub-0003,0,60,3109,1582,1.96523
nist-epub-0003,0,61,3058,1908,1.60273
nist-epub-0003,0,62,3221,1633,1.97244
nist-epub-0003,0,63,2982,2404,1.24043
nist-epub-0003,0,64,3157,1679,1.88029
nist-epub-0003,0,65,3025,2104,1.43774
nist-epub-0003,0,66,3149,1763,1.78616
nist-epub-0003,0,67,2935,1862,1.57626
nist-epub-0003,0,68,3116,1770,1.76045
nist-epub-0003,0,69,2972,1772,1.67720
nist-epub-0003,0,70,3171,2062,1.53783
nist-epub-0003,0,71,2924,1967,1.48653
nist-epub-0003,0,72,3256,1873,1.73839
nist-epub-0003,0,73,2913,1880,1.54947
nist-epub-0003,0,74,3079,1686,1.82622
nist-epub-0003,0,75,3008,1892,1.58985
nist-epub-0003,0,76,3169,1813,1.74793
nist-epub-0003,0,77,2922,1686,1.73310
nist-epub-0003,0,78,2916,1581,1.84440
nist-epub-0003,0,79,2989,2162,1.38252
nist-epub-0003,0,80,3120,1787,1.74594
nist-epub-0003,0,81,2956,1966,1.50356
nist-epub-0003,0,82,3159,1714,1.84306
nist-epub-0003,0,83,2880,1942,1.48301
nist-epub-0003,0,84,3049,1684,1.81057
nist-epub-0003,0,85,2981,2513,1.18623
nist-epub-0003,0,86,2984,1626,1.83518
nist-epub-0003,0,87,2979,1905,1.56378
nist-epub-0003,0,88,3120,1794,1.73913
nist-epub-0003,0,89,2940,1687,1.74274
nist-epub-0003,0,90,3323,1792,1.85435
nist-epub-0003,0,91,3096,2109,1.46799
nist-epub-0003,0,92,3211,1677,1.91473
nist-epub-0003,0,93,2892,1832,1.57860
nist-epub-0003,0,94,3170,1728,1.83449
nist-epub-0003,0,95,3048,1932,1.57764
nist-epub-0003,0,96,3050,1636,1.86430
nist-epub-0003,0,97,2920,1963,1.48752
nist-epub-0003,0,98,3303,1668,1.98022
nist-epub-0003,0,99,2960,1931,1.53288
nist-epub-0003,0,100,3123,1739,1.79586
nist-epub-0006,0,1,2335,1379,1.69326
nist-epub-0006,0,2,2446,1385,1.76606
nist-epub-0006,0,3,2380,1413,1.68436
nist-epub-0006,0,4,2419,1372,1.76312
nist-epub-0006,0,5,2292,1406,1.63016
nist-epub-0006,0,6,2587,1368,1.89108
nist-epub-0006,0,7,2329,1549,1.50355
nist-epub-0006,0,8,2485,1381,1.79942
nist-epub-0006,0,9,2341,1561,1.49968
nist-epub-0006,0,10,2638,1432,1.84218
nist-epub-0006,0,11,2431,1618,1.50247
nist-epub-0006,0,12,2614,1418,1.84344
nist-epub-0006,0,13,2340,1687,1.38708
nist-epub-0006,0,14,2613,1444,1.80956
nist-epub-0006,0,15,2389,1744,1.36984
nist-epub-0006,0,16,2540,1415,1.79505
nist-epub-0006,0,17,2460,1901,1.29406
nist-epub-0006,0,18,2675,1410,1.89716
nist-epub-0006,0,19,2337,1491,1.56740
nist-epub-0006,0,20,2500,1550,1.61290
nist-epub-0006,0,21,2602,1799,1.44636
nist-epub-0006,0,22,2622,1489,1.76091
nist-epub-0006,0,23,2340,1697,1.37890
nist-epub-0006,0,24,2560,1526,1.67759
nist-epub-0006,0,25,2380,1645,1.44681
nist-epub-0006,0,26,2511,1466,1.71282
nist-epub-0006,0,27,2376,1746,1.36082
nist-epub-0006,0,28,2438,1427,1.70848
nist-epub-0006,0,29,2355,1782,1.32155
nist-epub-0006,0,30,2621,1436,1.82521
nist-epub-0006,0,31,2380,2017,1.17997
nist-epub-0006,0,32,2637,1506,1.75100
nist-epub-0006,0,33,2342,1544,1.51684
nist-epub-0006,0,34,2613,1582,1.65171
nist-epub-0006,0,35,2300,1590,1.44654
nist-epub-0006,0,36,2435,1444,1.68629
nist-epub-0006,0,37,2387,1854,1.28749
nist-epub-0006,0,38,2676,1580,1.69367
nist-epub-0006,0,39,2426,1693,1.43296
nist-epub-0006,0,40,2580,1490,1.73154
nist-epub-0006,0,41,2361,1637,1.44227
nist-epub-0006,0,42,2715,1580,1.71835
nist-epub-0006,0,43,2418,1720,1.40581
nist-epub-0006,0,44,2436,1429,1.70469
nist-epub-0006,0,45,2322,1443,1.60915
nist-epub-0006,0,46,2642,1475,1.79119
nist-epub-0006,0,47,2417,1932,1.25104
nist-epub-0006,0,48,2608,1446,1.80360
nist-epub-0006,0,49,2439,1743,1.39931
nist-epub-0006,0,50,2763,1398,1.97639
nist-epub-0006,0,51,2334,1704,1.36972
nist-epub-0006,0,52,2518,1451,1.73535
nist-epub-0006,0,53,2334,1544,1.51166
nist-epub-0006,0,54,2618,1516,1.72691
nist-epub-0006,0,55,2537,1932,1.31315
nist-epub-0006,0,56,2568,1475,1.74102
nist-epub-0006,0,57,2430,1766,1.37599
nist-epub-0006,0,58,2510,1476,1.70054
nist-epub-0006,0,59,2375,1495,1.58863
nist-epub-0006,0,60,2639,1459,1.80877
nist-epub-0006,0,61,2401,2006,1.19691
nist-epub-0006,0,62,2762,1533,1.80170
nist-epub-0006,0,63,2458,1796,1.36860
nist-epub-0006,0,64,2521,1417,1.77911
nist-epub-0006,0,65,2492,1792,1.39062
nist-epub-0006,0,66,2539,1398,1.81617
nist-epub-0006,0,67,2322,1490,1.55839
nist-epub-0006,0,68,2599,1456,1.78503
nist-epub-0006,0,69,2454,1692,1.45035
nist-epub-0006,0,70,2536,1437,1.76479
nist-epub-0006,0,71,2412,1743,1.38382
nist-epub-0006,0,72,2551,1418,1.79901
nist-epub-0006,0,73,2465,1734,1.42157
nist-epub-0006,0,74,2556,1461,1.74949
nist-epub-0006,0,75,2448,1410,1.73617
nist-epub-0006,0,76,3151,1388,2.27017
nist-epub-0006,0,77,2463,1808,1.36228
nist-epub-0006,0,78,2662,1438,1.85118
nist-epub-0006,0,79,2381,1774,1.34216
nist-epub-0006,0,80,2490,1411,1.76471
nist-epub-0006,0,81,2397,1756,1.36503
nist-epub-0006,0,82,2439,1369,1.78159
nist-epub-0006,0,83,2350,1418,1.65726
nist-epub-0006,0,84,2552,1351,1.88897
nist-epub-0006,0,85,2429,1707,1.42296
nist-epub-0006,0,86,2366,1429,1.65570
nist-epub-0006,0,87,3756,1622,2.31566
nist-epub-0006,0,88,2670,1398,1.90987
nist-epub-0006,0,89,2368,1739,1.36170
nist-epub-0006,0,90,2602,1403,1.85460
nist-epub-0006,0,91,2467,2587,0.95361
nist-epub-0006,0,92,2544,1485,1.71313
nist-epub-0006,0,93,2335,1429,1.63401
nist-epub-0006,0,94,2369,1400,1.69214
nist-epub-0006,0,95,3395,1768,1.92025
nist-epub-0006,0,96,2593,1471,1.76275
nist-epub-0006,0,97,2330,1724,1.35151
nist-epub-0006,0,98,2529,1447,1.74775
nist-epub-0006,0,99,2407,1624,1.48214
nist-epub-0006,0,100,2525,1511,1.67108
nist-epub-0008,0,1,1559,1314,1.18645
nist-epub-0008,0,2,1742,1338,1.30194
nist-epub-0008,0,3,1496,1599,0.93558
nist-epub-0008,0,4,1769,1597,1.10770
nist-epub-0008,0,5,1497,1706,0.87749
nist-epub-0008,0,6,1746,1358,1.28571
nist-epub-0008,0,7,1751,1621,1.08020
nist-epub-0008,0,8,1648,1315,1.25323
nist-epub-0008,0,9,1539,1373,1.12090
nist-epub-0008,0,10,1801,1333,1.35109
nist-epub-0008,0,11,1629,1557,1.04624
nist-epub-0008,0,12,1824,1550,1.17677
nist-epub-0008,0,13,1527,1608,0.94963
nist-epub-0008,0,14,1688,1302,1.29647
nist-epub-0008,0,15,1559,1487,1.04842
nist-epub-0008,0,16,1802,1395,1.29176
nist-epub-0008,0,17,1508,1368,1.10234
nist-epub-0008,0,18,1671,1321,1.26495
nist-epub-0008,0,19,1576,1564,1.00767
nist-epub-0008,0,20,1680,1432,1.17318
nist-epub-0008,0,21,1529,1759,0.86924
nist-epub-0008,0,22,2652,1341,1.97763
nist-epub-0008,0,23,1626,1585,1.02587
nist-epub-0008,0,24,1802,1432,1.25838
nist-epub-0008,0,25,1568,1565,1.00192
nist-epub-0008,0,26,1660,1429,1.16165
nist-epub-0008,0,27,1475,1344,1.09747
nist-epub-0008,0,28,2098,1279,1.64034
nist-epub-0008,0,29,1607,1509,1.06494
nist-epub-0008,0,30,1748,1495,1.16923
nist-epub-0008,0,31,1692,1738,0.97353
nist-epub-0008,0,32,1683,1317,1.27790
nist-epub-0008,0,33,1583,1415,1.11873
nist-epub-0008,0,34,1665,1482,1.12348
nist-epub-0008,0,35,1462,1642,0.89038
nist-epub-0008,0,36,1728,1351,1.27905
nist-epub-0008,0,37,1544,1352,1.14201
nist-epub-0008,0,38,1682,1613,1.04278
nist-epub-0008,0,39,1603,1659,0.96624
nist-epub-0008,0,40,1820,1468,1.23978
nist-epub-0008,0,41,1583,1647,0.96114
nist-epub-0008,0,42,1685,1369,1.23083
nist-epub-0008,0,43,1500,1704,0.88028
nist-epub-0008,0,44,1686,1330,1.26767
nist-epub-0008,0,45,1562,1369,1.14098
nist-epub-0008,0,46,1772,1531,1.15741
nist-epub-0008,0,47,1538,1673,0.91931
nist-epub-0008,0,48,1889,1387,1.36193
nist-epub-0008,0,49,1624,1583,1.02590
nist-epub-0008,0,50,1693,1345,1.25874
nist-epub-0008,0,51,1568,1601,0.97939
nist-epub-0008,0,52,1608,1290,1.24651
nist-epub-0008,0,53,1605,1503,1.06786
nist-epub-0008,0,54,3198,1271,2.51613
nist-epub-0008,0,55,1513,1796,0.84243
nist-epub-0008,0,56,1680,1330,1.26316
nist-epub-0008,0,57,1578,1649,0.95694
nist-epub-0008,0,58,1676,1328,1.26205
nist-epub-0008,0,59,1544,1459,1.05826
nist-epub-0008,0,60,1831,1354,1.35229
nist-epub-0008,0,61,1533,1673,0.91632
nist-epub-0008,0,62,1698,1577,1.07673
nist-epub-0008,0,63,1579,1354,1.16617
nist-epub-0008,0,64,1819,1350,1.34741
nist-epub-0008,0,65,1584,1588,0.99748
nist-epub-0008,0,66,2077,1380,1.50507
nist-epub-0008,0,67,1540,1618,0.95179
nist-epub-0008,0,68,1784,1385,1.28809
nist-epub-0008,0,69,1506,1387,1.08580
nist-epub-0008,0,70,1770,1312,1.34909
nist-epub-0008,0,71,1550,1396,1.11032
nist-epub-0008,0,72,1645,1361,1.20867
nist-epub-0008,0,73,1559,1552,1.00451
nist-epub-0008,0,74,1808,1361,1.32843
nist-epub-0008,0,75,1586,1723,0.92049
nist-epub-0008,0,76,1858,1346,1.38039
nist-epub-0008,0,77,1574,1517,1.03757
nist-epub-0008,0,78,1668,1311,1.27231
nist-epub-0008,0,79,1570,1546,1.01552
nist-epub-0008,0,80,1770,1299,1.36259
nist-epub-0008,0,81,2217,1486,1.49192
nist-epub-0008,0,82,1751,1305,1.34176
nist-epub-0008,0,83,1549,1719,0.90111
nist-epub-0008,0,84,1806,1336,1.35180
nist-epub-0008,0,85,1634,1663,0.98256
nist-epub-0008,0,86,1725,1514,1.13937
nist-epub-0008,0,87,1472,1574,0.93520
nist-epub-0008,0,88,1666,1308,1.27370
nist-epub-0008,0,89,1523,1450,1.05034
nist-epub-0008,0,90,1637,1269,1.28999
nist-epub-0008,0,91,1640,1597,1.02693
nist-epub-0008,0,92,1778,1337,1.32984
nist-epub-0008,0,93,1763,1615,1.09164
nist-epub-0008,0,94,1723,1384,1.24494
nist-epub-0008,0,95,1598,1467,1.08930
nist-epub-0008,0,96,1696,1305,1.29962
nist-epub-0008,0,97,1550,1574,0.98475
nist-epub-0008,0,98,1768,1339,1.32039
nist-epub-0008,0,99,1527,1414,1.07992
nist-epub-0008,0,100,1755,1391,1.26168
nist-epub-0009,0,1,5873,2742,2.14187
nist-epub-0009,0,2,6050,2268,2.66755
nist-epub-0009,0,3,5920,3131,1.89077
nist-epub-0009,0,4,6122,2537,2.41309
nist-epub-0009,0,5,6181,2907,2.12625
nist-epub-0009,0,6,6092,2350,2.59234
nist-epub-0009,0,7,5840,2894,2.01797
nist-epub-0009,0,8,6380,2561,2.49121
nist-epub-0009,0,9,5902,3090,1.91003
nist-epub-0009,0,10,6053,2325,2.60344
nist-epub-0009,0,11,5924,2781,2.13017
nist-epub-0009,0,12,5852,2285,2.56105
nist-epub-0009,0,13,5861,3366,1.74124
nist-epub-0009,0,14,6796,2722,2.49669
nist-epub-0009,0,15,5786,3040,1.90329
nist-epub-0009,0,16,5831,2511,2.32218
nist-epub-0009,0,17,5560,3202,1.73641
nist-epub-0009,0,18,6018,2756,2.18360
nist-epub-0009,0,19,5618,2604,2.15745
nist-epub-0009,0,20,5974,2586,2.31013
nist-epub-0009,0,21,5668,2807,2.01924
nist-epub-0009,0,22,5927,2515,2.35666
nist-epub-0009,0,23,5870,2879,2.03890
nist-epub-0009,0,24,6110,2415,2.53002
nist-epub-0009,0,25,5740,2621,2.19000
nist-epub-0009,0,26,6002,2439,2.46084
nist-epub-0009,0,27,5622,2414,2.32891
nist-epub-0009,0,28,5798,2414,2.40182
nist-epub-0009,0,29,5618,2324,2.41738
nist-epub-0009,0,30,6764,2498,2.70777
nist-epub-0009,0,31,5582,2487,2.24447
nist-epub-0009,0,32,5760,2376,2.42424
nist-epub-0009,0,33,5554,2564,2.16615
nist-epub-0009,0,34,6184,2411,2.56491
nist-epub-0009,0,35,5598,2315,2.41814
nist-epub-0009,0,36,6050,2536,2.38565
nist-epub-0009,0,37,5549,2389,2.32273
nist-epub-0009,0,38,5848,2171,2.69369
nist-epub-0009,0,39,5845,2489,2.34833
nist-epub-0009,0,40,5715,2397,2.38423
nist-epub-0009,0,41,5643,2524,2.23574
nist-epub-0009,0,42,5864,2498,2.34748
nist-epub-0009,0,43,5718,2708,2.11152
nist-epub-0009,0,44,5880,2390,2.46025
nist-epub-0009,0,45,5596,2611,2.14324
nist-epub-0009,0,46,5912,2518,2.34790
nist-epub-0009,0,47,5568,2893,1.92465
nist-epub-0009,0,48,6135,2405,2.55094
nist-epub-0009,0,49,5809,2727,2.13018
nist-epub-0009,0,50,5771,2692,2.14376
nist-epub-0009,0,51,6194,2782,2.22646
nist-epub-0009,0,52,6230,2574,2.42036
nist-epub-0009,0,53,5953,3108,1.91538
nist-epub-0009,0,54,5807,2443,2.37700
nist-epub-0009,0,55,5853,3175,1.84346
nist-epub-0009,0,56,6371,2913,2.18709
nist-epub-0009,0,57,5696,3119,1.82623
nist-epub-0009,0,58,5918,2524,2.34469
nist-epub-0009,0,59,5710,2955,1.93232
nist-epub-0009,0,60,5973,2430,2.45802
nist-epub-0009,0,61,5855,2606,2.24674
nist-epub-0009,0,62,5847,2579,2.26716
nist-epub-0009,0,63,5758,2680,2.14851
nist-epub-0009,0,64,5830,2257,2.58307
nist-epub-0009,0,65,5896,2578,2.28704
nist-epub-0009,0,66,6131,2205,2.78050
nist-epub-0009,0,67,5745,2685,2.13966
nist-epub-0009,0,68,6661,2272,2.93178
nist-epub-0009,0,69,5759,2691,2.14010
nist-epub-0009,0,70,5935,2408,2.46470
nist-epub-0009,0,71,5877,2679,2.19373
nist-epub-0009,0,72,5880,2514,2.33890
nist-epub-0009,0,73,5814,2773,2.09665
nist-epub-0009,0,74,5799,2464,2.35349
nist-epub-0009,0,75,5530,2769,1.99711
nist-epub-0009,0,76,5785,2233,2.59069
nist-epub-0009,0,77,5586,2285,2.44464
nist-epub-0009,0,78,5871,2221,2.64340
nist-epub-0009,0,79,5622,2609,2.15485
nist-epub-0009,0,80,5712,2485,2.29859
nist-epub-0009,0,81,5736,2732,2.09956
nist-epub-0009,0,82,5857,2566,2.28254
nist-epub-0009,0,83,5877,2914,2.01682
nist-epub-0009,0,84,5934,2315,2.56328
nist-epub-0009,0,85,5828,2772,2.10245
nist-epub-0009,0,86,5759,2182,2.63932
nist-epub-0009,0,87,5777,2248,2.56984
nist-epub-0009,0,88,5661,2437,2.32294
nist-epub-0009,0,89,5501,2474,2.22352
nist-epub-0009,0,90,5957,2301,2.58887
nist-epub-0009,0,91,5612,2449,2.29155
nist-epub-0009,0,92,5661,2216,2.55460
nist-epub-0009,0,93,5634,2534,2.22336
nist-epub-0009,0,94,5745,2504,2.29433
nist-epub-0009,0,95,5551,2307,2.40616
nist-epub-0009,0,96,5673,2270,2.49912
nist-epub-0009,0,97,5689,2405,2.36549
nist-epub-0009,0,98,5589,2220,2.51757
nist-epub-0009,0,99,5592,2290,2.44192
nist-epub-0009,0,100,5796,2246,2.58059
nist-pdf-0002,0,1,1391,1431,0.97205
nist-pdf-0002,0,2,1574,1374,1.14556
nist-pdf-0002,0,3,1446,1527,0.94695
nist-pdf-0002,0,4,1618,1460,1.10822
nist-pdf-0002,0,5,1387,1430,0.96993
nist-pdf-0002,0,6,1575,1366,1.15300
nist-pdf-0002,0,7,1371,1560,0.87885
nist-pdf-0002,0,8,1481,1357,1.09138
nist-pdf-0002,0,9,1414,1561,0.90583
nist-pdf-0002,0,10,1486,1342,1.10730
nist-pdf-0002,0,11,1411,1431,0.98602
nist-pdf-0002,0,12,1531,1357,1.12822
nist-pdf-0002,0,13,1383,1551,0.89168
nist-pdf-0002,0,14,1479,1433,1.03210
nist-pdf-0002,0,15,1532,1565,0.97891
nist-pdf-0002,0,16,1573,1464,1.07445
nist-pdf-0002,0,17,1552,1479,1.04936
nist-pdf-0002,0,18,1506,1358,1.10898
nist-pdf-0002,0,19,1367,1545,0.88479
nist-pdf-0002,0,20,1524,1402,1.08702
nist-pdf-0002,0,21,1345,1506,0.89309
nist-pdf-0002,0,22,1468,1389,1.05688
nist-pdf-0002,0,23,1441,1539,0.93632
nist-pdf-0002,0,24,1665,1540,1.08117
nist-pdf-0002,0,25,1435,1572,0.91285
nist-pdf-0002,0,26,1479,1461,1.01232
nist-pdf-0002,0,27,1364,1411,0.96669
nist-pdf-0002,0,28,1456,1439,1.01181
nist-pdf-0002,0,29,1358,1520,0.89342
nist-pdf-0002,0,30,1605,1366,1.17496
nist-pdf-0002,0,31,1370,1376,0.99564
nist-pdf-0002,0,32,1495,1531,0.97649
nist-pdf-0002,0,33,1354,1369,0.98904
nist-pdf-0002,0,34,1426,1353,1.05395
nist-pdf-0002,0,35,1394,1492,0.93432
nist-pdf-0002,0,36,1527,1372,1.11297
nist-pdf-0002,0,37,1374,1378,0.99710
nist-pdf-0002,0,38,1455,1351,1.07698
nist-pdf-0002,0,39,1457,1501,0.97069
nist-pdf-0002,0,40,1556,1310,1.18779
nist-pdf-0002,0,41,1431,1537,0.93103
nist-pdf-0002,0,42,1482,1335,1.11011
nist-pdf-0002,0,43,1343,1477,0.90928
nist-pdf-0002,0,44,1435,1359,1.05592
nist-pdf-0002,0,45,1369,1477,0.92688
nist-pdf-0002,0,46,1504,1473,1.02105
nist-pdf-0002,0,47,1350,1397,0.96636
nist-pdf-0002,0,48,1551,1432,1.08310
nist-pdf-0002,0,49,1408,1394,1.01004
nist-pdf-0002,0,50,1407,1406,1.00071
nist-pdf-0002,0,51,1346,1366,0.98536
nist-pdf-0002,0,52,1406,1343,1.04691
nist-pdf-0002,0,53,1338,1350,0.99111
nist-pdf-0002,0,54,1340,1279,1.04769
nist-pdf-0002,0,55,1344,1347,0.99777
nist-pdf-0002,0,56,1298,1283,1.01169
nist-pdf-0002,0,57,1301,1306,0.99617
nist-pdf-0002,0,58,1333,1296,1.02855
nist-pdf-0002,0,59,1296,1291,1.00387
nist-pdf-0002,0,60,1332,1340,0.99403
nist-pdf-0002,0,61,1345,1301,1.03382
nist-pdf-0002,0,62,1287,1285,1.00156
nist-pdf-0002,0,63,1284,1240,1.03548
nist-pdf-0002,0,64,1299,1293,1.00464
nist-pdf-0002,0,65,1271,1316,0.96581
nist-pdf-0002,0,66,1294,1307,0.99005
nist-pdf-0002,0,67,1343,1279,1.05004
nist-pdf-0002,0,68,1337,1267,1.05525
nist-pdf-0002,0,69,1299,1284,1.01168
nist-pdf-0002,0,70,1318,1260,1.04603
nist-pdf-0002,0,71,1332,1526,0.87287
nist-pdf-0002,0,72,1595,1461,1.09172
nist-pdf-0002,0,73,1418,1744,0.81307
nist-pdf-0002,0,74,1560,1382,1.12880
nist-pdf-0002,0,75,1356,1626,0.83395
nist-pdf-0002,0,76,1523,1365,1.11575
nist-pdf-0002,0,77,1385,1587,0.87272
nist-pdf-0002,0,78,1672,1420,1.17746
nist-pdf-0002,0,79,1436,1818,0.78988
nist-pdf-0002,0,80,1589,1438,1.10501
nist-pdf-0002,0,81,1392,1704,0.81690
nist-pdf-0002,0,82,1550,1470,1.05442
nist-pdf-0002,0,83,1367,1631,0.83814
nist-pdf-0002,0,84,1508,1350,1.11704
nist-pdf-0002,0,85,1316,1671,0.78755
nist-pdf-0002,0,86,1519,1504,1.00997
nist-pdf-0002,0,87,1374,1631,0.84243
nist-pdf-0002,0,88,1491,1338,1.11435
nist-pdf-0002,0,89,1304,1325,0.98415
nist-pdf-0002,0,90,1508,1362,1.10720
nist-pdf-0002,0,91,1354,1385,0.97762
nist-pdf-0002,0,92,1584,1315,1.20456
nist-pdf-0002,0,93,1436,1334,1.07646
nist-pdf-0002,0,94,1422,1412,1.00708
nist-pdf-0002,0,95,1289,1357,0.94989
nist-pdf-0002,0,96,1476,1418,1.04090
nist-pdf-0002,0,97,1367,1458,0.93759
nist-pdf-0002,0,98,1351,1332,1.01426
nist-pdf-0002,0,99,1319,1334,0.98876
nist-pdf-0002,0,100,1427,1403,1.01711
nist-pdf-0004,0,1,3169,2019,1.56959
nist-pdf-0004,0,2,3121,1903,1.64004
nist-pdf-0004,0,3,3093,2193,1.41040
nist-pdf-0004,0,4,3222,1735,1.85706
nist-pdf-0004,0,5,3123,2467,1.26591
nist-pdf-0004,0,6,3189,2028,1.57249
nist-pdf-0004,0,7,3067,2174,1.41076
nist-pdf-0004,0,8,3106,1694,1.83353
nist-pdf-0004,0,9,3013,2129,1.41522
nist-pdf-0004,0,10,3215,1970,1.63198
nist-pdf-0004,0,11,2909,2320,1.25388
nist-pdf-0004,0,12,3133,2005,1.56259
nist-pdf-0004,0,13,3189,2284,1.39623
nist-pdf-0004,0,14,3223,2114,1.52460
nist-pdf-0004,0,15,3014,2038,1.47890
nist-pdf-0004,0,16,3259,2046,1.59286
nist-pdf-0004,0,17,2930,2093,1.39990
nist-pdf-0004,0,18,3103,1783,1.74033
nist-pdf-0004,0,19,2957,2468,1.19814
nist-pdf-0004,0,20,3183,1957,1.62647
nist-pdf-0004,0,21,3128,2299,1.36059
nist-pdf-0004,0,22,3311,1971,1.67986
nist-pdf-0004,0,23,3167,2289,1.38357
nist-pdf-0004,0,24,3233,1929,1.67600
nist-pdf-0004,0,25,3901,2249,1.73455
nist-pdf-0004,0,26,3451,1723,2.00290
nist-pdf-0004,0,27,3007,2278,1.32002
nist-pdf-0004,0,28,3224,1932,1.66874
nist-pdf-0004,0,29,2925,2083,1.40422
nist-pdf-0004,0,30,3041,1929,1.57646
nist-pdf-0004,0,31,2902,1745,1.66304
nist-pdf-0004,0,32,2906,1720,1.68953
nist-pdf-0004,0,33,2875,1768,1.62613
nist-pdf-0004,0,34,2955,1706,1.73212
nist-pdf-0004,0,35,2968,1717,1.72860
nist-pdf-0004,0,36,2918,1753,1.66458
nist-pdf-0004,0,37,3000,1722,1.74216
nist-pdf-0004,0,38,2948,1663,1.77270
nist-pdf-0004,0,39,2871,1735,1.65476
nist-pdf-0004,0,40,2981,1645,1.81216
nist-pdf-0004,0,41,2867,1696,1.69045
nist-pdf-0004,0,42,2946,1902,1.54890
nist-pdf-0004,0,43,2848,1695,1.68024
nist-pdf-0004,0,44,3000,1846,1.62514
nist-pdf-0004,0,45,3032,1759,1.72371
nist-pdf-0004,0,46,2938,1612,1.82258
nist-pdf-0004,0,47,2961,1896,1.56171
nist-pdf-0004,0,48,2993,1914,1.56374
nist-pdf-0004,0,49,2861,1731,1.65280
nist-pdf-0004,0,50,3009,1655,1.81813
nist-pdf-0004,0,51,3001,1850,1.62216
nist-pdf-0004,0,52,2880,1853,1.55424
nist-pdf-0004,0,53,2831,1706,1.65944
nist-pdf-0004,0,54,3094,1630,1.89816
nist-pdf-0004,0,55,2943,1803,1.63228
nist-pdf-0004,0,56,2980,1879,1.58595
nist-pdf-0004,0,57,2961,1773,1.67005
nist-pdf-0004,0,58,3061,1757,1.74217
nist-pdf-0004,0,59,3025,1719,1.75974
nist-pdf-0004,0,60,2932,1655,1.77160
nist-pdf-0004,0,61,2874,1758,1.63481
nist-pdf-0004,0,62,2947,1662,1.77316
nist-pdf-0004,0,63,2913,1853,1.57205
nist-pdf-0004,0,64,2957,1866,1.58467
nist-pdf-0004,0,65,2895,1691,1.71200
nist-pdf-0004,0,66,2885,1794,1.60814
nist-pdf-0004,0,67,3020,1669,1.80947
nist-pdf-0004,0,68,2983,1797,1.65999
nist-pdf-0004,0,69,3048,1759,1.73280
nist-pdf-0004,0,70,3364,1702,1.97650
nist-pdf-0004,0,71,2973,1891,1.57218
nist-pdf-0004,0,72,3036,1795,1.69136
nist-pdf-0004,0,73,2857,1680,1.70060
nist-pdf-0004,0,74,2940,1686,1.74377
nist-pdf-0004,0,75,2879,1836,1.56808
nist-pdf-0004,0,76,3051,1696,1.79894
nist-pdf-0004,0,77,2910,2056,1.41537
nist-pdf-0004,0,78,3027,1725,1.75478
nist-pdf-0004,0,79,2945,1690,1.74260
nist-pdf-0004,0,80,2968,1708,1.73770
nist-pdf-0004,0,81,2896,1840,1.57391
nist-pdf-0004,0,82,2966,1680,1.76548
nist-pdf-0004,0,83,3056,1750,1.74629
nist-pdf-0004,0,84,3035,1757,1.72738
nist-pdf-0004,0,85,2851,1705,1.67214
nist-pdf-0004,0,86,2929,2206,1.32774
nist-pdf-0004,0,87,2974,1898,1.56691
nist-pdf-0004,0,88,2924,1700,1.72000
nist-pdf-0004,0,89,2995,2186,1.37008
nist-pdf-0004,0,90,3236,1852,1.74730
nist-pdf-0004,0,91,3085,2114,1.45932
nist-pdf-0004,0,92,3204,1849,1.73283
nist-pdf-0004,0,93,2970,1861,1.59592
nist-pdf-0004,0,94,3135,1703,1.84087
nist-pdf-0004,0,95,3095,2278,1.35865
nist-pdf-0004,0,96,3292,1872,1.75855
nist-pdf-0004,0,97,2967,2591,1.14512
nist-pdf-0004,0,98,3207,1779,1.80270
nist-pdf-0004,0,99,3103,2348,1.32155
nist-pdf-0004,0,100,3162,1931,1.63749
nist-pdf-0016,0,1,1479,1358,1.08910
nist-pdf-0016,0,2,1423,1385,1.02744
nist-pdf-0016,0,3,1419,1297,1.09406
nist-pdf-0016,0,4,1360,1335,1.01873
nist-pdf-0016,0,5,1520,1308,1.16208
nist-pdf-0016,0,6,1479,1342,1.10209
nist-pdf-0016,0,7,1408,1385,1.01661
nist-pdf-0016,0,8,1538,1348,1.14095
nist-pdf-0016,0,9,1393,1433,0.97209
nist-pdf-0016,0,10,1521,1359,1.11921
nist-pdf-0016,0,11,1470,1646,0.89307
nist-pdf-0016,0,12,1589,1312,1.21113
nist-pdf-0016,0,13,1709,1497,1.14162
nist-pdf-0016,0,14,1602,1379,1.16171
nist-pdf-0016,0,15,1448,1359,1.06549
nist-pdf-0016,0,16,1563,2278,0.68613
nist-pdf-0016,0,17,1484,1734,0.85582
nist-pdf-0016,0,18,1582,1499,1.05537
nist-pdf-0016,0,19,1437,1742,0.82491
nist-pdf-0016,0,20,1676,1516,1.10554
nist-pdf-0016,0,21,1414,1393,1.01508
nist-pdf-0016,0,22,1580,1396,1.13181
nist-pdf-0016,0,23,1505,1742,0.86395
nist-pdf-0016,0,24,1511,1407,1.07392
nist-pdf-0016,0,25,1420,1347,1.05419
nist-pdf-0016,0,26,1481,1281,1.15613
nist-pdf-0016,0,27,1452,2220,0.65405
nist-pdf-0016,0,28,1579,1375,1.14836
nist-pdf-0016,0,29,1565,2063,0.75860
nist-pdf-0016,0,30,1603,1411,1.13607
nist-pdf-0016,0,31,1504,1662,0.90493
nist-pdf-0016,0,32,1601,1455,1.10034
nist-pdf-0016,0,33,1393,1456,0.95673
nist-pdf-0016,0,34,1886,1378,1.36865
nist-pdf-0016,0,35,1504,1692,0.88889
nist-pdf-0016,0,36,1649,1444,1.14197
nist-pdf-0016,0,37,1462,1640,0.89146
nist-pdf-0016,0,38,1699,1352,1.25666
nist-pdf-0016,0,39,1554,1754,0.88597
nist-pdf-0016,0,40,1645,1469,1.11981
nist-pdf-0016,0,41,1630,1745,0.93410
nist-pdf-0016,0,42,1571,1505,1.04385
nist-pdf-0016,0,43,1414,1600,0.88375
nist-pdf-0016,0,44,1622,1387,1.16943
nist-pdf-0016,0,45,1499,1549,0.96772
nist-pdf-0016,0,46,1560,1461,1.06776
nist-pdf-0016,0,47,1429,1639,0.87187
nist-pdf-0016,0,48,2096,1341,1.56301
nist-pdf-0016,0,49,1448,1347,1.07498
nist-pdf-0016,0,50,1996,2120,0.94151
nist-pdf-0016,0,51,1478,1523,0.97045
nist-pdf-0016,0,52,1660,1416,1.17232
nist-pdf-0016,0,53,1478,1562,0.94622
nist-pdf-0016,0,54,1586,1706,0.92966
nist-pdf-0016,0,55,1485,1480,1.00338
nist-pdf-0016,0,56,1488,1356,1.09735
nist-pdf-0016,0,57,1431,1541,0.92862
nist-pdf-0016,0,58,1469,1382,1.06295
nist-pdf-0016,0,59,1410,1470,0.95918
nist-pdf-0016,0,60,1634,1393,1.17301
nist-pdf-0016,0,61,1489,1450,1.02690
nist-pdf-0016,0,62,1603,1539,1.04159
nist-pdf-0016,0,63,1507,1654,0.91112
nist-pdf-0016,0,64,1573,1380,1.13986
nist-pdf-0016,0,65,1438,1444,0.99584
nist-pdf-0016,0,66,1501,1347,1.11433
nist-pdf-0016,0,67,1383,1589,0.87036
nist-pdf-0016,0,68,1408,1348,1.04451
nist-pdf-0016,0,69,1381,1382,0.99928
nist-pdf-0016,0,70,1387,1363,1.01761
nist-pdf-0016,0,71,1447,1308,1.10627
nist-pdf-0016,0,72,1441,1295,1.11274
nist-pdf-0016,0,73,1436,1324,1.08459
nist-pdf-0016,0,74,1361,1374,0.99054
nist-pdf-0016,0,75,1375,1295,1.06178
nist-pdf-0016,0,76,1450,1371,1.05762
nist-pdf-0016,0,77,1475,1324,1.11405
nist-pdf-0016,0,78,1397,1272,1.09827
nist-pdf-0016,0,79,1400,1314,1.06545
nist-pdf-0016,0,80,1380,1276,1.08150
nist-pdf-0016,0,81,1406,1368,1.02778
nist-pdf-0016,0,82,1374,1310,1.04885
nist-pdf-0016,0,83,1376,1683,0.81759
nist-pdf-0016,0,84,1521,1311,1.16018
nist-pdf-0016,0,85,1438,1508,0.95358
nist-pdf-0016,0,86,1423,1358,1.04786
nist-pdf-0016,0,87,1354,1331,1.01728
nist-pdf-0016,0,88,1592,1360,1.17059
nist-pdf-0016,0,89,1402,1323,1.05971
nist-pdf-0016,0,90,1624,1422,1.14205
nist-pdf-0016,0,91,1449,1415,1.02403
nist-pdf-0016,0,92,1468,1455,1.00893
nist-pdf-0016,0,93,1403,1539,0.91163
nist-pdf-0016,0,94,1503,1312,1.14558
nist-pdf-0016,0,95,1486,1724,0.86195
nist-pdf-0016,0,96,1639,1494,1.09705
nist-pdf-0016,0,97,1432,1669,0.85800
nist-pdf-0016,0,98,1635,1392,1.17457
nist-pdf-0016,0,99,1447,1712,0.84521
nist-pdf-0016,0,100,1589,1416,1.12218
nist-pdf-0017,0,1,3719,2523,1.47404
nist-pdf-0017,0,2,4163,2210,1.88371
nist-pdf-0017,0,3,3864,2652,1.45701
nist-pdf-0017,0,4,3874,2071,1.87059
nist-pdf-0017,0,5,3732,2343,1.59283
nist-pdf-0017,0,6,3875,2066,1.87561
nist-pdf-0017,0,7,3875,2307,1.67967
nist-pdf-0017,0,8,5575,2156,2.58581
nist-pdf-0017,0,9,3891,2453,1.58622
nist-pdf-0017,0,10,4042,2320,1.74224
nist-pdf-0017,0,11,3998,2569,1.55625
nist-pdf-0017,0,12,3868,1973,1.96047
nist-pdf-0017,0,13,3894,2502,1.55635
nist-pdf-0017,0,14,3966,2207,1.79701
nist-pdf-0017,0,15,3847,2952,1.30318
nist-pdf-0017,0,16,4228,2045,2.06748
nist-pdf-0017,0,17,3926,3081,1.27426
nist-pdf-0017,0,18,3958,2135,1.85386
nist-pdf-0017,0,19,3680,2345,1.56930
nist-pdf-0017,0,20,4004,2618,1.52941
nist-pdf-0017,0,21,3743,2634,1.42103
nist-pdf-0017,0,22,4195,2015,2.08189
nist-pdf-0017,0,23,3968,3011,1.31783
nist-pdf-0017,0,24,3887,2085,1.86427
nist-pdf-0017,0,25,3731,2456,1.51914
nist-pdf-0017,0,26,3921,2148,1.82542
nist-pdf-0017,0,27,3687,2379,1.54981
nist-pdf-0017,0,28,4028,2183,1.84517
nist-pdf-0017,0,29,3984,2601,1.53172
nist-pdf-0017,0,30,4017,2164,1.85628
nist-pdf-0017,0,31,3823,2218,1.72362
nist-pdf-0017,0,32,3862,2183,1.76913
nist-pdf-0017,0,33,3745,2310,1.62121
nist-pdf-0017,0,34,3868,2326,1.66294
nist-pdf-0017,0,35,3817,2287,1.66900
nist-pdf-0017,0,36,3973,2386,1.66513
nist-pdf-0017,0,37,3689,2343,1.57448
nist-pdf-0017,0,38,3938,2021,1.94854
nist-pdf-0017,0,39,3832,2521,1.52003
nist-pdf-0017,0,40,4034,1955,2.06343
nist-pdf-0017,0,41,4005,2651,1.51075
nist-pdf-0017,0,42,3916,2130,1.83850
nist-pdf-0017,0,43,3690,2556,1.44366
nist-pdf-0017,0,44,3926,2243,1.75033
nist-pdf-0017,0,45,3890,2226,1.74753
nist-pdf-0017,0,46,4279,3257,1.31379
nist-pdf-0017,0,47,3930,2489,1.57895
nist-pdf-0017,0,48,4178,2167,1.92801
nist-pdf-0017,0,49,3785,2282,1.65863
nist-pdf-0017,0,50,4160,2368,1.75676
nist-pdf-0017,0,51,3889,2445,1.59059
nist-pdf-0017,0,52,3785,1886,2.00689
nist-pdf-0017,0,53,3722,2182,1.70577
nist-pdf-0017,0,54,4234,2213,1.91324
nist-pdf-0017,0,55,3950,2656,1.48720
nist-pdf-0017,0,56,4042,2056,1.96595
nist-pdf-0017,0,57,3842,2491,1.54235
nist-pdf-0017,0,58,3960,1994,1.98596
nist-pdf-0017,0,59,4186,2629,1.59224
nist-pdf-0017,0,60,5043,2096,2.40601
nist-pdf-0017,0,61,3826,2455,1.55845
nist-pdf-0017,0,62,3876,2103,1.84308
nist-pdf-0017,0,63,4054,2648,1.53097
nist-pdf-0017,0,64,3789,1966,1.92726
nist-pdf-0017,0,65,3692,1978,1.86653
nist-pdf-0017,0,66,4072,2157,1.88781
nist-pdf-0017,0,67,4013,2760,1.45399
nist-pdf-0017,0,68,4001,2123,1.88460
nist-pdf-0017,0,69,3716,2298,1.61706
nist-pdf-0017,0,70,3821,2014,1.89722
nist-pdf-0017,0,71,3920,2556,1.53365
nist-pdf-0017,0,72,3879,2528,1.53441
nist-pdf-0017,0,73,3799,2040,1.86225
nist-pdf-0017,0,74,5466,1886,2.89820
nist-pdf-0017,0,75,3749,3584,1.04604
nist-pdf-0017,0,76,4173,2129,1.96008
nist-pdf-0017,0,77,3959,2464,1.60674
nist-pdf-0017,0,78,4371,2040,2.14265
nist-pdf-0017,0,79,3772,2942,1.28212
nist-pdf-0017,0,80,3749,1900,1.97316
nist-pdf-0017,0,81,5420,2727,1.98753
nist-pdf-0017,0,82,3863,2038,1.89549
nist-pdf-0017,0,83,3781,2417,1.56434
nist-pdf-0017,0,84,4043,1929,2.09590
nist-pdf-0017,0,85,3774,2528,1.49288
nist-pdf-0017,0,86,3981,2264,1.75839
nist-pdf-0017,0,87,3820,2052,1.86160
nist-pdf-0017,0,88,3938,2128,1.85056
nist-pdf-0017,0,89,4096,2606,1.57176
nist-pdf-0017,0,90,4041,2258,1.78964
nist-pdf-0017,0,91,3850,2512,1.53264
nist-pdf-0017,0,92,3891,1968,1.97713
nist-pdf-0017,0,93,3939,2447,1.60973
nist-pdf-0017,0,94,4082,2114,1.93094
nist-pdf-0017,0,95,3798,2821,1.34633
nist-pdf-0017,0,96,4007,2293,1.74749
nist-pdf-0017,0,97,3726,2545,1.46405
nist-pdf-0017,0,98,4105,1936,2.12035
nist-pdf-0017,0,99,3710,2600,1.42692
nist-pdf-0017,0,100,3852,2032,1.89567
nist-docx-0005,1,1,1287,1451,0.88697
nist-docx-0005,1,2,1357,1576,0.86104
nist-docx-0005,1,3,1293,1445,0.89481
nist-docx-0005,1,4,1320,1469,0.89857
nist-docx-0005,1,5,1318,1496,0.88102
nist-docx-0005,1,6,1373,1593,0.86190
nist-docx-0005,1,7,1297,1618,0.80161
nist-docx-0005,1,8,1342,1454,0.92297
nist-docx-0005,1,9,1306,1428,0.91457
nist-docx-0005,1,10,1481,2275,0.65099
nist-docx-0005,1,11,1318,1433,0.91975
nist-docx-0005,1,12,1265,1476,0.85705
nist-docx-0005,1,13,1253,1380,0.90797
nist-docx-0005,1,14,1365,1496,0.91243
nist-docx-0005,1,15,1382,1647,0.83910
nist-docx-0005,1,16,1391,1519,0.91573
nist-docx-0005,1,17,1333,1549,0.86056
nist-docx-0005,1,18,1367,1443,0.94733
nist-docx-0005,1,19,1277,1545,0.82654
nist-docx-0005,1,20,1798,1373,1.30954
nist-docx-0005,1,21,1296,1408,0.92045
nist-docx-0005,1,22,1283,1389,0.92369
nist-docx-0005,1,23,1295,1481,0.87441
nist-docx-0005,1,24,1279,1369,0.93426
nist-docx-0005,1,25,1424,1350,1.05481
nist-docx-0005,1,26,1273,1804,0.70565
nist-docx-0005,1,27,1289,1401,0.92006
nist-docx-0005,1,28,1323,1441,0.91811
nist-docx-0005,1,29,1293,1891,0.68377
nist-docx-0005,1,30,1343,1368,0.98173
nist-docx-0005,1,31,1283,1373,0.93445
nist-docx-0005,1,32,1326,1384,0.95809
nist-docx-0005,1,33,1236,1426,0.86676
nist-docx-0005,1,34,1247,1404,0.88818
nist-docx-0005,1,35,1282,1409,0.90987
nist-docx-0005,1,36,1337,1351,0.98964
nist-docx-0005,1,37,1322,1343,0.98436
nist-docx-0005,1,38,1256,1380,0.91014
nist-docx-0005,1,39,1278,1374,0.93013
nist-docx-0005,1,40,1297,1492,0.86930
nist-docx-0005,1,41,1233,1361,0.90595
nist-docx-0005,1,42,1231,1379,0.89268
nist-docx-0005,1,43,1273,1383,0.92046
nist-docx-0005,1,44,1318,1491,0.88397
nist-docx-0005,1,45,1304,1629,0.80049
nist-docx-0005,1,46,1400,1349,1.03781
nist-docx-0005,1,47,1231,1453,0.84721
nist-docx-0005,1,48,1282,1382,0.92764
nist-docx-0005,1,49,1308,1372,0.95335
nist-docx-0005,1,50,1272,1480,0.85946
nist-docx-0005,1,51,1265,1412,0.89589
nist-docx-0005,1,52,1295,1472,0.87976
nist-docx-0005,1,53,1235,1366,0.90410
nist-docx-0005,1,54,1300,1378,0.94340
nist-docx-0005,1,55,1258,1503,0.83699
nist-docx-0005,1,56,1308,1359,0.96247
nist-docx-0005,1,57,1286,1404,0.91595
nist-docx-0005,1,58,1314,1429,0.91952
nist-docx-0005,1,59,1361,1443,0.94317
nist-docx-0005,1,60,1314,1394,0.94261
nist-docx-0005,1,61,1316,1408,0.93466
nist-docx-0005,1,62,1327,1476,0.89905
nist-docx-0005,1,63,1310,1436,0.91226
nist-docx-0005,1,64,1324,1377,0.96151
nist-docx-0005,1,65,1277,1417,0.90120
nist-docx-0005,1,66,1389,1421,0.97748
nist-docx-0005,1,67,1270,1446,0.87828
nist-docx-0005,1,68,1316,1481,0.88859
nist-docx-0005,1,69,1352,1546,0.87451
nist-docx-0005,1,70,1324,1539,0.86030
nist-docx-0005,1,71,1291,1488,0.86761
nist-docx-0005,1,72,1289,1406,0.91679
nist-docx-0005,1,73,1254,1390,0.90216
nist-docx-0005,1,74,1373,1409,0.97445
nist-docx-0005,1,75,1363,1415,0.96325
nist-docx-0005,1,76,1280,1413,0.90587
nist-docx-0005,1,77,1267,1477,0.85782
nist-docx-0005,1,78,1238,1370,0.90365
nist-docx-0005,1,79,1296,1386,0.93506
nist-docx-0005,1,80,1344,1423,0.94448
nist-docx-0005,1,81,1298,1426,0.91024
nist-docx-0005,1,82,1282,1468,0.87330
nist-docx-0005,1,83,1302,1381,0.94280
nist-docx-0005,1,84,1277,1346,0.94874
nist-docx-0005,1,85,1231,1442,0.85368
nist-docx-0005,1,86,1316,1404,0.93732
nist-docx-0005,1,87,1383,1352,1.02293
nist-docx-0005,1,88,1328,1362,0.97504
nist-docx-0005,1,89,1229,1399,0.87848
nist-docx-0005,1,90,1297,1463,0.88653
nist-docx-0005,1,91,1250,1366,0.91508
nist-docx-0005,1,92,1304,1568,0.83163
nist-docx-0005,1,93,1241,1387,0.89474
nist-docx-0005,1,94,1332,1408,0.94602
nist-docx-0005,1,95,1237,1420,0.87113
nist-docx-0005,1,96,1312,1377,0.95280
nist-docx-0005,1,97,1243,1426,0.87167
nist-docx-0005,1,98,1315,1402,0.93795
nist-docx-0005,1,99,1276,1344,0.94940
nist-docx-0005,1,100,1355,1375,0.98545
nist-docx-0008,1,1,1085,1279,0.84832
nist-docx-0008,1,2,1120,1389,0.80634
nist-docx-0008,1,3,1068,1482,0.72065
nist-docx-0008,1,4,1006,1314,0.76560
nist-docx-0008,1,5,1000,1311,0.76278
nist-docx-0008,1,6,1082,1296,0.83488
nist-docx-0008,1,7,1133,1398,0.81044
nist-docx-0008,1,8,1135,1314,0.86377
nist-docx-0008,1,9,1021,1305,0.78238
nist-docx-0008,1,10,1196,1335,0.89588
nist-docx-0008,1,11,1075,1383,0.77730
nist-docx-0008,1,12,1035,1380,0.75000
nist-docx-0008,1,13,1060,1458,0.72702
nist-docx-0008,1,14,1085,1341,0.80910
nist-docx-0008,1,15,1085,1330,0.81579
nist-docx-0008,1,16,1112,1352,0.82249
nist-docx-0008,1,17,1034,1312,0.78811
nist-docx-0008,1,18,1085,1797,0.60378
nist-docx-0008,1,19,1094,1282,0.85335
nist-docx-0008,1,20,1032,1350,0.76444
nist-docx-0008,1,21,1023,1266,0.80806
nist-docx-0008,1,22,1069,1307,0.81790
nist-docx-0008,1,23,1063,1265,0.84032
nist-docx-0008,1,24,1018,1267,0.80347
nist-docx-0008,1,25,1304,1309,0.99618
nist-docx-0008,1,26,1008,1389,0.72570
nist-docx-0008,1,27,998,1427,0.69937
nist-docx-0008,1,28,1003,1335,0.75131
nist-docx-0008,1,29,987,1269,0.77778
nist-docx-0008,1,30,1106,1313,0.84235
nist-docx-0008,1,31,1011,1318,0.76707
nist-docx-0008,1,32,1042,1267,0.82242
nist-docx-0008,1,33,994,1284,0.77414
nist-docx-0008,1,34,1001,1297,0.77178
nist-docx-0008,1,35,1021,1261,0.80967
nist-docx-0008,1,36,1044,1352,0.77219
nist-docx-0008,1,37,1006,1301,0.77325
nist-docx-0008,1,38,1020,1302,0.78341
nist-docx-0008,1,39,1035,1312,0.78887
nist-docx-0008,1,40,1012,1293,0.78268
nist-docx-0008,1,41,1029,1310,0.78550
nist-docx-0008,1,42,1044,1363,0.76596
nist-docx-0008,1,43,999,1272,0.78538
nist-docx-0008,1,44,1069,1281,0.83450
nist-docx-0008,1,45,1057,1301,0.81245
nist-docx-0008,1,46,1067,1292,0.82585
nist-docx-0008,1,47,1005,1291,0.77847
nist-docx-0008,1,48,997,1466,0.68008
nist-docx-0008,1,49,985,1277,0.77134
nist-docx-0008,1,50,1059,1287,0.82284
nist-docx-0008,1,51,1049,1314,0.79833
nist-docx-0008,1,52,1032,1283,0.80436
nist-docx-0008,1,53,1075,1299,0.82756
nist-docx-0008,1,54,1059,1313,0.80655
nist-docx-0008,1,55,1041,1339,0.77745
nist-docx-0008,1,56,1039,1340,0.77537
nist-docx-0008,1,57,1013,1334,0.75937
nist-docx-0008,1,58,1111,1324,0.83912
nist-docx-0008,1,59,1052,1315,0.80000
nist-docx-0008,1,60,1134,1356,0.83628
nist-docx-0008,1,61,1113,1344,0.82812
nist-docx-0008,1,62,1173,1357,0.86441
nist-docx-0008,1,63,1036,1337,0.77487
nist-docx-0008,1,64,1162,1397,0.83178
nist-docx-0008,1,65,1045,1507,0.69343
nist-docx-0008,1,66,1170,1298,0.90139
nist-docx-0008,1,67,1112,1393,0.79828
nist-docx-0008,1,68,1043,1385,0.75307
nist-docx-0008,1,69,1011,1308,0.77294
nist-docx-0008,1,70,1042,1342,0.77645
nist-docx-0008,1,71,1042,1311,0.79481
nist-docx-0008,1,72,1076,1300,0.82769
nist-docx-0008,1,73,993,1372,0.72376
nist-docx-0008,1,74,1025,1288,0.79581
nist-docx-0008,1,75,984,1305,0.75402
nist-docx-0008,1,76,1026,1359,0.75497
nist-docx-0008,1,77,1017,1491,0.68209
nist-docx-0008,1,78,1080,1297,0.83269
nist-docx-0008,1,79,1134,1353,0.83814
nist-docx-0008,1,80,1038,1346,0.77117
nist-docx-0008,1,81,1030,1298,0.79353
nist-docx-0008,1,82,1027,1349,0.76130
nist-docx-0008,1,83,1040,1464,0.71038
nist-docx-0008,1,84,1250,1304,0.95859
nist-docx-0008,1,85,1040,1328,0.78313
nist-docx-0008,1,86,1594,1284,1.24143
nist-docx-0008,1,87,1060,1470,0.72109
nist-docx-0008,1,88,1190,1340,0.88806
nist-docx-0008,1,89,1047,1494,0.70080
nist-docx-0008,1,90,1154,1421,0.81210
nist-docx-0008,1,91,1213,1414,0.85785
nist-docx-0008,1,92,1138,1360,0.83676
nist-docx-0008,1,93,1065,1394,0.76399
nist-docx-0008,1,94,1177,1366,0.86164
nist-docx-0008,1,95,1060,1350,0.78519
nist-docx-0008,1,96,1102,1330,0.82857
nist-docx-0008,1,97,1047,1338,0.78251
nist-docx-0008,1,98,1063,1370,0.77591
nist-docx-0008,1,99,1110,1336,0.83084
nist-docx-0008,1,100,1070,1332,0.80330
nist-docx-0009,1,1,1872,1546,1.21087
nist-docx-0009,1,2,1699,1474,1.15265
nist-docx-0009,1,3,1832,1543,1.18730
nist-docx-0009,1,4,1734,1499,1.15677
nist-docx-0009,1,5,1924,1542,1.24773
nist-docx-0009,1,6,1747,1612,1.08375
nist-docx-0009,1,7,1735,1450,1.19655
nist-docx-0009,1,8,1720,1501,1.14590
nist-docx-0009,1,9,1816,1505,1.20664
nist-docx-0009,1,10,1694,1478,1.14614
nist-docx-0009,1,11,1710,1486,1.15074
nist-docx-0009,1,12,1671,1426,1.17181
nist-docx-0009,1,13,1677,1497,1.12024
nist-docx-0009,1,14,1687,1427,1.18220
nist-docx-0009,1,15,1674,1424,1.17556
nist-docx-0009,1,16,1833,1447,1.26676
nist-docx-0009,1,17,1795,1403,1.27940
nist-docx-0009,1,18,1660,1410,1.17730
nist-docx-0009,1,19,1720,1447,1.18867
nist-docx-0009,1,20,1721,1413,1.21798
nist-docx-0009,1,21,1707,1458,1.17078
nist-docx-0009,1,22,1757,1565,1.12268
nist-docx-0009,1,23,1747,1547,1.12928
nist-docx-0009,1,24,1743,1432,1.21718
nist-docx-0009,1,25,1670,1476,1.13144
nist-docx-0009,1,26,1741,1395,1.24803
nist-docx-0009,1,27,1728,1509,1.14513
nist-docx-0009,1,28,1782,1454,1.22558
nist-docx-0009,1,29,1689,1533,1.10176
nist-docx-0009,1,30,1905,1524,1.25000
nist-docx-0009,1,31,1807,1468,1.23093
nist-docx-0009,1,32,1773,1421,1.24771
nist-docx-0009,1,33,1791,1648,1.08677
nist-docx-0009,1,34,1828,1522,1.20105
nist-docx-0009,1,35,1765,1655,1.06647
nist-docx-0009,1,36,1831,1542,1.18742
nist-docx-0009,1,37,1734,1517,1.14305
nist-docx-0009,1,38,1844,1488,1.23925
nist-docx-0009,1,39,1755,1588,1.10516
nist-docx-0009,1,40,1731,1630,1.06196
nist-docx-0009,1,41,1706,1458,1.17010
nist-docx-0009,1,42,1761,1463,1.20369
nist-docx-0009,1,43,1720,1425,1.20702
nist-docx-0009,1,44,1726,1457,1.18463
nist-docx-0009,1,45,1661,1479,1.12306
nist-docx-0009,1,46,1726,1423,1.21293
nist-docx-0009,1,47,1688,1442,1.17060
nist-docx-0009,1,48,1785,1523,1.17203
nist-docx-0009,1,49,1712,1492,1.14745
nist-docx-0009,1,50,1778,1404,1.26638
nist-docx-0009,1,51,1820,1438,1.26565
nist-docx-0009,1,52,1746,1512,1.15476
nist-docx-0009,1,53,1758,1419,1.23890
nist-docx-0009,1,54,1732,1420,1.21972
nist-docx-0009,1,55,1764,1443,1.22245
nist-docx-0009,1,56,1806,1421,1.27094
nist-docx-0009,1,57,1723,1462,1.17852
nist-docx-0009,1,58,1695,1585,1.06940
nist-docx-0009,1,59,1668,1474,1.13161
nist-docx-0009,1,60,1709,1470,1.16259
nist-docx-0009,1,61,1785,1495,1.19398
nist-docx-0009,1,62,1800,1454,1.23796
nist-docx-0009,1,63,1664,1583,1.05117
nist-docx-0009,1,64,1730,1477,1.17129
nist-docx-0009,1,65,1829,1457,1.25532
nist-docx-0009,1,66,1661,1468,1.13147
nist-docx-0009,1,67,1681,1431,1.17470
nist-docx-0009,1,68,1731,1444,1.19875
nist-docx-0009,1,69,1702,1489,1.14305
nist-docx-0009,1,70,1711,1444,1.18490
nist-docx-0009,1,71,1694,1477,1.14692
nist-docx-0009,1,72,1827,1455,1.25567
nist-docx-0009,1,73,1720,1452,1.18457
nist-docx-0009,1,74,1803,1416,1.27331
nist-docx-0009,1,75,1712,1752,0.97717
nist-docx-0009,1,76,1739,1537,1.13142
nist-docx-0009,1,77,1796,1446,1.24205
nist-docx-0009,1,78,1705,1452,1.17424
nist-docx-0009,1,79,1650,1433,1.15143
nist-docx-0009,1,80,1714,1467,1.16837
nist-docx-0009,1,81,1728,1557,1.10983
nist-docx-0009,1,82,1855,1530,1.21242
nist-docx-0009,1,83,1759,1448,1.21478
nist-docx-0009,1,84,1703,1540,1.10584
nist-docx-0009,1,85,1728,1465,1.17952
nist-docx-0009,1,86,1730,1431,1.20894
nist-docx-0009,1,87,1725,1425,1.21053
nist-docx-0009,1,88,1687,1474,1.14450
nist-docx-0009,1,89,1761,1448,1.21616
nist-docx-0009,1,90,1786,1443,1.23770
nist-docx-0009,1,91,1706,1459,1.16929
nist-docx-0009,1,92,1724,1520,1.13421
nist-docx-0009,1,93,1760,1454,1.21045
nist-docx-0009,1,94,1798,1428,1.25910
nist-docx-0009,1,95,1697,1452,1.16873
nist-docx-0009,1,96,1708,1439,1.18694
nist-docx-0009,1,97,1712,1487,1.15131
nist-docx-0009,1,98,1736,1428,1.21569
nist-docx-0009,1,99,1663,1426,1.16620
nist-docx-0009,1,100,1971,1533,1.28571
nist-docx-0014,1,1,3729,2111,1.76646
nist-docx-0014,1,2,3587,1977,1.81437
nist-docx-0014,1,3,3672,1962,1.87156
nist-docx-0014,1,4,3732,2023,1.84478
nist-docx-0014,1,5,3593,1962,1.83129
nist-docx-0014,1,6,3550,2069,1.71580
nist-docx-0014,1,7,3802,2042,1.86190
nist-docx-0014,1,8,3530,2040,1.73039
nist-docx-0014,1,9,3648,2046,1.78299
nist-docx-0014,1,10,3624,1923,1.88456
nist-docx-0014,1,11,3654,1957,1.86714
nist-docx-0014,1,12,3516,2079,1.69120
nist-docx-0014,1,13,3566,2079,1.71525
nist-docx-0014,1,14,3599,1978,1.81951
nist-docx-0014,1,15,3531,1937,1.82292
nist-docx-0014,1,16,3596,1964,1.83096
nist-docx-0014,1,17,3482,2108,1.65180
nist-docx-0014,1,18,3686,1948,1.89220
nist-docx-0014,1,19,3521,1956,1.80010
nist-docx-0014,1,20,3615,1980,1.82576
nist-docx-0014,1,21,3628,2020,1.79604
nist-docx-0014,1,22,3591,1987,1.80725
nist-docx-0014,1,23,3717,2146,1.73206
nist-docx-0014,1,24,3599,1948,1.84754
nist-docx-0014,1,25,3649,1995,1.82907
nist-docx-0014,1,26,3524,2067,1.70489
nist-docx-0014,1,27,3583,2134,1.67901
nist-docx-0014,1,28,3539,2022,1.75025
nist-docx-0014,1,29,3559,1941,1.83359
nist-docx-0014,1,30,3518,1943,1.81060
nist-docx-0014,1,31,3662,2107,1.73802
nist-docx-0014,1,32,3663,1940,1.88814
nist-docx-0014,1,33,3499,2081,1.68140
nist-docx-0014,1,34,3673,1971,1.86352
nist-docx-0014,1,35,3587,2126,1.68721
nist-docx-0014,1,36,3676,2059,1.78533
nist-docx-0014,1,37,3599,2087,1.72448
nist-docx-0014,1,38,3601,1955,1.84194
nist-docx-0014,1,39,3652,2081,1.75493
nist-docx-0014,1,40,3596,1992,1.80522
nist-docx-0014,1,41,3500,1949,1.79579
nist-docx-0014,1,42,3588,2005,1.78953
nist-docx-0014,1,43,3782,2206,1.71442
nist-docx-0014,1,44,3527,1950,1.80872
nist-docx-0014,1,45,3594,2028,1.77219
nist-docx-0014,1,46,3535,1941,1.82123
nist-docx-0014,1,47,3473,2029,1.71168
nist-docx-0014,1,48,3554,2087,1.70292
nist-docx-0014,1,49,3477,2150,1.61721
nist-docx-0014,1,50,3572,2128,1.67857
nist-docx-0014,1,51,3522,2042,1.72478
nist-docx-0014,1,52,3870,2054,1.88413
nist-docx-0014,1,53,3588,1963,1.82781
nist-docx-0014,1,54,3579,2014,1.77706
nist-docx-0014,1,55,3609,2102,1.71694
nist-docx-0014,1,56,3522,1967,1.79054
nist-docx-0014,1,57,3529,2108,1.67410
nist-docx-0014,1,58,3635,1954,1.86029
nist-docx-0014,1,59,3655,1983,1.84317
nist-docx-0014,1,60,3537,1968,1.79726
nist-docx-0014,1,61,3542,2089,1.69555
nist-docx-0014,1,62,3672,2142,1.71429
nist-docx-0014,1,63,3707,2071,1.78996
nist-docx-0014,1,64,3646,1964,1.85642
nist-docx-0014,1,65,3687,2116,1.74244
nist-docx-0014,1,66,3569,2064,1.72917
nist-docx-0014,1,67,3471,2035,1.70565
nist-docx-0014,1,68,3546,1951,1.81753
nist-docx-0014,1,69,3564,2067,1.72424
nist-docx-0014,1,70,3576,1990,1.79698
nist-docx-0014,1,71,3513,1980,1.77424
nist-docx-0014,1,72,3618,1995,1.81353
nist-docx-0014,1,73,3451,1968,1.75356
nist-docx-0014,1,74,3649,1952,1.86936
nist-docx-0014,1,75,3566,2213,1.61139
nist-docx-0014,1,76,3732,1940,1.92371
nist-docx-0014,1,77,3527,2129,1.65665
nist-docx-0014,1,78,3755,2072,1.81226
nist-docx-0014,1,79,3502,1957,1.78947
nist-docx-0014,1,80,3557,2100,1.69381
nist-docx-0014,1,81,3661,2006,1.82502
nist-docx-0014,1,82,3654,2107,1.73422
nist-docx-0014,1,83,3598,2056,1.75000
nist-docx-0014,1,84,3628,1986,1.82679
nist-docx-0014,1,85,3534,2084,1.69578
nist-docx-0014,1,86,3631,2034,1.78515
nist-docx-0014,1,87,3618,1997,1.81172
nist-docx-0014,1,88,3907,2081,1.87746
nist-docx-0014,1,89,3497,2075,1.68530
nist-docx-0014,1,90,3550,2086,1.70182
nist-docx-0014,1,91,3506,1976,1.77429
nist-docx-0014,1,92,3598,2110,1.70521
nist-docx-0014,1,93,3538,2110,1.67678
nist-docx-0014,1,94,3655,1956,1.86861
nist-docx-0014,1,95,3469,1972,1.75913
nist-docx-0014,1,96,3576,2115,1.69078
nist-docx-0014,1,97,3526,2105,1.67506
nist-docx-0014,1,98,3598,2018,1.78295
nist-docx-0014,1,99,3518,2020,1.74158
nist-docx-0014,1,100,3568,2086,1.71045
nist-epub-0003,1,1,2895,1609,1.79925
nist-epub-0003,1,2,2903,1674,1.73417
nist-epub-0003,1,3,2865,1682,1.70333
nist-epub-0003,1,4,2888,1648,1.75243
nist-epub-0003,1,5,2913,1573,1.85188
nist-epub-0003,1,6,2909,1626,1.78905
nist-epub-0003,1,7,3051,1590,1.91887
nist-epub-0003,1,8,2995,1547,1.93601
nist-epub-0003,1,9,2829,1629,1.73665
nist-epub-0003,1,10,2954,1630,1.81227
nist-epub-0003,1,11,2836,1592,1.78141
nist-epub-0003,1,12,2921,1680,1.73869
nist-epub-0003,1,13,2910,1587,1.83365
nist-epub-0003,1,14,2968,1659,1.78903
nist-epub-0003,1,15,2886,1680,1.71786
nist-epub-0003,1,16,2937,1678,1.75030
nist-epub-0003,1,17,2904,1802,1.61154
nist-epub-0003,1,18,3047,1610,1.89255
nist-epub-0003,1,19,2927,1678,1.74434
nist-epub-0003,1,20,4345,1675,2.59403
nist-epub-0003,1,21,3176,1848,1.71861
nist-epub-0003,1,22,3112,1841,1.69039
nist-epub-0003,1,23,3225,1761,1.83135
nist-epub-0003,1,24,3045,1743,1.74699
nist-epub-0003,1,25,3024,1883,1.60595
nist-epub-0003,1,26,2985,1730,1.72543
nist-epub-0003,1,27,2983,1785,1.67115
nist-epub-0003,1,28,3027,1787,1.69390
nist-epub-0003,1,29,3031,1749,1.73299
nist-epub-0003,1,30,3026,1925,1.57195
nist-epub-0003,1,31,3008,1984,1.51613
nist-epub-0003,1,32,3056,1865,1.63861
nist-epub-0003,1,33,2953,1665,1.77357
nist-epub-0003,1,34,3001,1829,1.64079
nist-epub-0003,1,35,2954,1616,1.82797
nist-epub-0003,1,36,2977,1651,1.80315
nist-epub-0003,1,37,2968,1703,1.74281
nist-epub-0003,1,38,3103,1601,1.93816
nist-epub-0003,1,39,2894,1748,1.65561
nist-epub-0003,1,40,2951,1724,1.71172
nist-epub-0003,1,41,2993,1853,1.61522
nist-epub-0003,1,42,3030,1809,1.67496
nist-epub-0003,1,43,2904,1702,1.70623
nist-epub-0003,1,44,2996,1762,1.70034
nist-epub-0003,1,45,2982,1965,1.51756
nist-epub-0003,1,46,3078,1822,1.68935
nist-epub-0003,1,47,2885,1729,1.66859
nist-epub-0003,1,48,2946,1784,1.65135
nist-epub-0003,1,49,2982,2305,1.29371
nist-epub-0003,1,50,2940,1639,1.79378
nist-epub-0003,1,51,2941,1728,1.70197
nist-epub-0003,1,52,3048,1921,1.58667
nist-epub-0003,1,53,2949,1839,1.60359
nist-epub-0003,1,54,2958,1753,1.68739
nist-epub-0003,1,55,2927,1923,1.52210
nist-epub-0003,1,56,2978,1885,1.57984
nist-epub-0003,1,57,2930,1759,1.66572
nist-epub-0003,1,58,3063,1647,1.85974
nist-epub-0003,1,59,2962,1788,1.65660
nist-epub-0003,1,60,3015,1718,1.75495
nist-epub-0003,1,61,3011,1689,1.78271
nist-epub-0003,1,62,3028,1655,1.82961
nist-epub-0003,1,63,2985,1817,1.64282
nist-epub-0003,1,64,3012,1742,1.72905
nist-epub-0003,1,65,3016,2072,1.45560
nist-epub-0003,1,66,3036,2010,1.51045
nist-epub-0003,1,67,2895,1723,1.68021
nist-epub-0003,1,68,3038,1735,1.75101
nist-epub-0003,1,69,2872,1756,1.63554
nist-epub-0003,1,70,2983,1803,1.65446
nist-epub-0003,1,71,2962,1878,1.57721
nist-epub-0003,1,72,3137,1769,1.77332
nist-epub-0003,1,73,2989,1737,1.72078
nist-epub-0003,1,74,2941,1702,1.72797
nist-epub-0003,1,75,3013,1993,1.51179
nist-epub-0003,1,76,2991,1708,1.75117
nist-epub-0003,1,77,2904,1654,1.75574
nist-epub-0003,1,78,2913,1655,1.76012
nist-epub-0003,1,79,2995,1876,1.59648
nist-epub-0003,1,80,3083,1716,1.79662
nist-epub-0003,1,81,2982,1779,1.67622
nist-epub-0003,1,82,3054,1717,1.77868
nist-epub-0003,1,83,2886,1847,1.56253
nist-epub-0003,1,84,3100,1658,1.86972
nist-epub-0003,1,85,3071,1702,1.80435
nist-epub-0003,1,86,2997,1611,1.86034
nist-epub-0003,1,87,2878,1728,1.66551
nist-epub-0003,1,88,2944,1682,1.75030
nist-epub-0003,1,89,3112,1721,1.80825
nist-epub-0003,1,90,3103,1906,1.62802
nist-epub-0003,1,91,2999,2008,1.49353
nist-epub-0003,1,92,2975,1706,1.74385
nist-epub-0003,1,93,2965,1911,1.55154
nist-epub-0003,1,94,3019,1869,1.61530
nist-epub-0003,1,95,3012,1733,1.73803
nist-epub-0003,1,96,2933,1773,1.65426
nist-epub-0003,1,97,3014,1825,1.65151
nist-epub-0003,1,98,3079,1875,1.64213
nist-epub-0003,1,99,3112,1783,1.74537
nist-epub-0003,1,100,3080,1680,1.83333
nist-epub-0006,1,1,2330,1377,1.69208
nist-epub-0006,1,2,2400,1433,1.67481
nist-epub-0006,1,3,2276,1529,1.48855
nist-epub-0006,1,4,2361,1418,1.66502
nist-epub-0006,1,5,2331,1465,1.59113
nist-epub-0006,1,6,2354,1438,1.63700
nist-epub-0006,1,7,2586,1415,1.82756
nist-epub-0006,1,8,2503,1413,1.77141
nist-epub-0006,1,9,2347,1562,1.50256
nist-epub-0006,1,10,2479,1460,1.69795
nist-epub-0006,1,11,2334,1486,1.57066
nist-epub-0006,1,12,2427,1453,1.67034
nist-epub-0006,1,13,2393,1714,1.39615
nist-epub-0006,1,14,2491,1466,1.69918
nist-epub-0006,1,15,2396,1534,1.56193
nist-epub-0006,1,16,2535,1475,1.71864
nist-epub-0006,1,17,2458,1616,1.52104
nist-epub-0006,1,18,2360,1464,1.61202
nist-epub-0006,1,19,2317,1608,1.44092
nist-epub-0006,1,20,2422,1549,1.56359
nist-epub-0006,1,21,2482,1674,1.48268
nist-epub-0006,1,22,2454,1531,1.60287
nist-epub-0006,1,23,2477,1524,1.62533
nist-epub-0006,1,24,2419,1459,1.65798
nist-epub-0006,1,25,2401,1864,1.28809
nist-epub-0006,1,26,2399,1484,1.61658
nist-epub-0006,1,27,2335,1519,1.53720
nist-epub-0006,1,28,2410,1443,1.67013
nist-epub-0006,1,29,2412,1608,1.50000
nist-epub-0006,1,30,2408,1682,1.43163
nist-epub-0006,1,31,2446,1639,1.49237
nist-epub-0006,1,32,2443,1604,1.52307
nist-epub-0006,1,33,2369,1450,1.63379
nist-epub-0006,1,34,2404,1569,1.53219
nist-epub-0006,1,35,2316,1605,1.44299
nist-epub-0006,1,36,2355,1435,1.64111
nist-epub-0006,1,37,2400,1634,1.46879
nist-epub-0006,1,38,2442,1510,1.61722
nist-epub-0006,1,39,2389,1494,1.59906
nist-epub-0006,1,40,2463,1536,1.60352
nist-epub-0006,1,41,2347,1505,1.55947
nist-epub-0006,1,42,2381,1595,1.49279
nist-epub-0006,1,43,2547,1525,1.67016
nist-epub-0006,1,44,2314,1441,1.60583
nist-epub-0006,1,45,2469,1498,1.64820
nist-epub-0006,1,46,2584,1512,1.70899
nist-epub-0006,1,47,2441,1622,1.50493
nist-epub-0006,1,48,2505,1727,1.45049
nist-epub-0006,1,49,2369,1640,1.44451
nist-epub-0006,1,50,2481,1449,1.71222
nist-epub-0006,1,51,2387,1612,1.48077
nist-epub-0006,1,52,2406,1477,1.62898
nist-epub-0006,1,53,2328,1540,1.51169
nist-epub-0006,1,54,2592,1541,1.68202
nist-epub-0006,1,55,2512,1672,1.50239
nist-epub-0006,1,56,2389,2163,1.10448
nist-epub-0006,1,57,2407,1664,1.44651
nist-epub-0006,1,58,2501,1610,1.55342
nist-epub-0006,1,59,2324,1518,1.53096
nist-epub-0006,1,60,2420,1744,1.38761
nist-epub-0006,1,61,2355,1832,1.28548
nist-epub-0006,1,62,2485,1485,1.67340
nist-epub-0006,1,63,2343,1558,1.50385
nist-epub-0006,1,64,2451,1405,1.74448
nist-epub-0006,1,65,2421,1555,1.55691
nist-epub-0006,1,66,2634,1381,1.90731
nist-epub-0006,1,67,2306,1496,1.54144
nist-epub-0006,1,68,2363,1550,1.52452
nist-epub-0006,1,69,2348,1629,1.44138
nist-epub-0006,1,70,2440,1567,1.55712
nist-epub-0006,1,71,2341,1451,1.61337
nist-epub-0006,1,72,2367,1604,1.47569
nist-epub-0006,1,73,2568,1569,1.63671
nist-epub-0006,1,74,2429,1561,1.55605
nist-epub-0006,1,75,2399,1440,1.66597
nist-epub-0006,1,76,2586,1416,1.82627
nist-epub-0006,1,77,2360,1520,1.55263
nist-epub-0006,1,78,2578,1447,1.78162
nist-epub-0006,1,79,2426,1577,1.53836
nist-epub-0006,1,80,2367,1506,1.57171
nist-epub-0006,1,81,2416,1533,1.57599
nist-epub-0006,1,82,2307,1491,1.54728
nist-epub-0006,1,83,2321,1436,1.61630
nist-epub-0006,1,84,2548,1408,1.80966
nist-epub-0006,1,85,2361,1519,1.55431
nist-epub-0006,1,86,2411,1469,1.64125
nist-epub-0006,1,87,2515,1507,1.66888
nist-epub-0006,1,88,2443,1536,1.59049
nist-epub-0006,1,89,2505,1720,1.45640
nist-epub-0006,1,90,2409,1536,1.56836
nist-epub-0006,1,91,2437,1786,1.36450
nist-epub-0006,1,92,2369,1547,1.53135
nist-epub-0006,1,93,2412,1441,1.67384
nist-epub-0006,1,94,2333,1457,1.60124
nist-epub-0006,1,95,2408,1628,1.47912
nist-epub-0006,1,96,2396,1556,1.53985
nist-epub-0006,1,97,2413,1661,1.45274
nist-epub-0006,1,98,2447,1590,1.53899
nist-epub-0006,1,99,2346,2570,0.91284
nist-epub-0006,1,100,2331,1510,1.54371
nist-epub-0008,1,1,1519,2647,0.57386
nist-epub-0008,1,2,1610,1369,1.17604
nist-epub-0008,1,3,1499,1428,1.04972
nist-epub-0008,1,4,1593,1500,1.06200
nist-epub-0008,1,5,1674,1406,1.19061
nist-epub-0008,1,6,1548,1398,1.10730
nist-epub-0008,1,7,1593,1476,1.07927
nist-epub-0008,1,8,1568,1377,1.13871
nist-epub-0008,1,9,1475,1385,1.06498
nist-epub-0008,1,10,1798,1369,1.31337
nist-epub-0008,1,11,1623,1389,1.16847
nist-epub-0008,1,12,1779,1439,1.23628
nist-epub-0008,1,13,1550,1827,0.84839
nist-epub-0008,1,14,1543,1415,1.09046
nist-epub-0008,1,15,1546,1377,1.12273
nist-epub-0008,1,16,1605,1364,1.17669
nist-epub-0008,1,17,1500,1363,1.10051
nist-epub-0008,1,18,1603,1381,1.16075
nist-epub-0008,1,19,1558,1894,0.82260
nist-epub-0008,1,20,1551,1448,1.07113
nist-epub-0008,1,21,1562,1742,0.89667
nist-epub-0008,1,22,1642,1425,1.15228
nist-epub-0008,1,23,1590,1562,1.01793
nist-epub-0008,1,24,1639,1352,1.21228
nist-epub-0008,1,25,1627,1442,1.12829
nist-epub-0008,1,26,1534,1397,1.09807
nist-epub-0008,1,27,1552,1396,1.11175
nist-epub-0008,1,28,1673,1443,1.15939
nist-epub-0008,1,29,1520,1431,1.06219
nist-epub-0008,1,30,1601,1374,1.16521
nist-epub-0008,1,31,1608,1625,0.98954
nist-epub-0008,1,32,1630,1333,1.22281
nist-epub-0008,1,33,1576,1426,1.10519
nist-epub-0008,1,34,1707,1426,1.19705
nist-epub-0008,1,35,1544,1382,1.11722
nist-epub-0008,1,36,1584,1406,1.12660
nist-epub-0008,1,37,1586,1370,1.15766
nist-epub-0008,1,38,1622,1359,1.19352
nist-epub-0008,1,39,1557,1749,0.89022
nist-epub-0008,1,40,1592,1431,1.11251
nist-epub-0008,1,41,1543,1419,1.08739
nist-epub-0008,1,42,1549,1419,1.09161
nist-epub-0008,1,43,1505,1590,0.94654
nist-epub-0008,1,44,1627,1390,1.17050
nist-epub-0008,1,45,1564,1378,1.13498
nist-epub-0008,1,46,1596,1500,1.06400
nist-epub-0008,1,47,1497,1590,0.94151
nist-epub-0008,1,48,1586,1359,1.16703
nist-epub-0008,1,49,1628,1442,1.12899
nist-epub-0008,1,50,1541,1436,1.07312
nist-epub-0008,1,51,1577,1403,1.12402
nist-epub-0008,1,52,1528,1460,1.04658
nist-epub-0008,1,53,1514,1388,1.09078
nist-epub-0008,1,54,1583,1328,1.19202
nist-epub-0008,1,55,1786,1487,1.20108
nist-epub-0008,1,56,1540,1371,1.12327
nist-epub-0008,1,57,1567,1473,1.06382
nist-epub-0008,1,58,1532,1353,1.13230
nist-epub-0008,1,59,1611,1480,1.08851
nist-epub-0008,1,60,1566,1359,1.15232
nist-epub-0008,1,61,1562,1437,1.08699
nist-epub-0008,1,62,1679,1459,1.15079
nist-epub-0008,1,63,1553,1384,1.12211
nist-epub-0008,1,64,2773,1499,1.84990
nist-epub-0008,1,65,1590,1503,1.05788
nist-epub-0008,1,66,1587,1374,1.15502
nist-epub-0008,1,67,1644,1516,1.08443
nist-epub-0008,1,68,1577,1406,1.12162
nist-epub-0008,1,69,1550,1396,1.11032
nist-epub-0008,1,70,1590,1350,1.17778
nist-epub-0008,1,71,1546,1340,1.15373
nist-epub-0008,1,72,1542,1357,1.13633
nist-epub-0008,1,73,1596,1396,1.14327
nist-epub-0008,1,74,1634,1378,1.18578
nist-epub-0008,1,75,1549,1495,1.03612
nist-epub-0008,1,76,2014,1442,1.39667
nist-epub-0008,1,77,1602,1406,1.13940
nist-epub-0008,1,78,1576,1388,1.13545
nist-epub-0008,1,79,1601,1495,1.07090
nist-epub-0008,1,80,1566,1396,1.12178
nist-epub-0008,1,81,1581,1382,1.14399
nist-epub-0008,1,82,1609,1350,1.19185
nist-epub-0008,1,83,1538,1625,0.94646
nist-epub-0008,1,84,1629,1357,1.20044
nist-epub-0008,1,85,1765,1502,1.17510
nist-epub-0008,1,86,1554,1475,1.05356
nist-epub-0008,1,87,1506,1465,1.02799
nist-epub-0008,1,88,1614,1332,1.21171
nist-epub-0008,1,89,1517,1352,1.12204
nist-epub-0008,1,90,1624,1435,1.13171
nist-epub-0008,1,91,1626,1498,1.08545
nist-epub-0008,1,92,1700,1338,1.27055
nist-epub-0008,1,93,1581,1648,0.95934
nist-epub-0008,1,94,1569,1440,1.08958
nist-epub-0008,1,95,1591,1415,1.12438
nist-epub-0008,1,96,1671,1315,1.27072
nist-epub-0008,1,97,1538,1430,1.07552
nist-epub-0008,1,98,1607,1366,1.17643
nist-epub-0008,1,99,1531,1355,1.12989
nist-epub-0008,1,100,1707,1528,1.11715
nist-epub-0009,1,1,5728,2786,2.05599
nist-epub-0009,1,2,5830,2505,2.32735
nist-epub-0009,1,3,5638,2510,2.24622
nist-epub-0009,1,4,6016,2643,2.27620
nist-epub-0009,1,5,5937,2709,2.19158
nist-epub-0009,1,6,5805,2640,2.19886
nist-epub-0009,1,7,5626,2592,2.17052
nist-epub-0009,1,8,6110,2427,2.51751
nist-epub-0009,1,9,5872,2792,2.10315
nist-epub-0009,1,10,5925,2603,2.27622
nist-epub-0009,1,11,6309,2544,2.47995
nist-epub-0009,1,12,5771,2457,2.34880
nist-epub-0009,1,13,5717,2802,2.04033
nist-epub-0009,1,14,5909,2485,2.37787
nist-epub-0009,1,15,5860,2427,2.41450
nist-epub-0009,1,16,5655,2455,2.30346
nist-epub-0009,1,17,6880,2768,2.48555
nist-epub-0009,1,18,5913,2719,2.17470
nist-epub-0009,1,19,5588,2493,2.24148
nist-epub-0009,1,20,5804,2486,2.33467
nist-epub-0009,1,21,5844,2563,2.28014
nist-epub-0009,1,22,5929,2581,2.29717
nist-epub-0009,1,23,5829,2593,2.24798
nist-epub-0009,1,24,5885,2338,2.51711
nist-epub-0009,1,25,5698,2655,2.14614
nist-epub-0009,1,26,5736,2311,2.48204
nist-epub-0009,1,27,5609,2468,2.27269
nist-epub-0009,1,28,5579,2508,2.22448
nist-epub-0009,1,29,5650,2385,2.36897
nist-epub-0009,1,30,5758,2500,2.30320
nist-epub-0009,1,31,5834,2449,2.38220
nist-epub-0009,1,32,5984,2313,2.58712
nist-epub-0009,1,33,5778,2355,2.45350
nist-epub-0009,1,34,5681,2458,2.31123
nist-epub-0009,1,35,5593,2646,2.11376
nist-epub-0009,1,36,5853,2451,2.38800
nist-epub-0009,1,37,5653,2490,2.27028
nist-epub-0009,1,38,5718,2354,2.42906
nist-epub-0009,1,39,5748,2366,2.42942
nist-epub-0009,1,40,5633,2263,2.48917
nist-epub-0009,1,41,5597,2319,2.41354
nist-epub-0009,1,42,5649,2322,2.43282
nist-epub-0009,1,43,5938,2563,2.31682
nist-epub-0009,1,44,6008,2681,2.24095
nist-epub-0009,1,45,5670,2413,2.34977
nist-epub-0009,1,46,5758,2296,2.50784
nist-epub-0009,1,47,5802,2671,2.17222
nist-epub-0009,1,48,5866,2756,2.12845
nist-epub-0009,1,49,5630,2578,2.18386
nist-epub-0009,1,50,5842,2618,2.23147
nist-epub-0009,1,51,6177,2677,2.30743
nist-epub-0009,1,52,6042,2396,2.52170
nist-epub-0009,1,53,5897,2589,2.27771
nist-epub-0009,1,54,5603,2308,2.42764
nist-epub-0009,1,55,5959,2678,2.22517
nist-epub-0009,1,56,6492,2654,2.44612
nist-epub-0009,1,57,5830,2620,2.22519
nist-epub-0009,1,58,5836,2400,2.43167
nist-epub-0009,1,59,5911,2658,2.22385
nist-epub-0009,1,60,6138,2801,2.19136
nist-epub-0009,1,61,5786,2543,2.27527
nist-epub-0009,1,62,5792,2516,2.30207
nist-epub-0009,1,63,5772,2600,2.22000
nist-epub-0009,1,64,5638,2210,2.55113
nist-epub-0009,1,65,5659,2454,2.30603
nist-epub-0009,1,66,5643,2422,2.32989
nist-epub-0009,1,67,5654,2381,2.37463
nist-epub-0009,1,68,6032,2518,2.39555
nist-epub-0009,1,69,5667,2380,2.38109
nist-epub-0009,1,70,5833,2449,2.38179
nist-epub-0009,1,71,5801,2716,2.13586
nist-epub-0009,1,72,5867,2419,2.42538
nist-epub-0009,1,73,5641,2475,2.27919
nist-epub-0009,1,74,5823,2273,2.56181
nist-epub-0009,1,75,5656,2745,2.06047
nist-epub-0009,1,76,5573,2387,2.33473
nist-epub-0009,1,77,5683,2774,2.04867
nist-epub-0009,1,78,5713,2201,2.59564
nist-epub-0009,1,79,5602,2717,2.06183
nist-epub-0009,1,80,5706,2539,2.24734
nist-epub-0009,1,81,5655,2307,2.45124
nist-epub-0009,1,82,5807,2508,2.31539
nist-epub-0009,1,83,5852,2648,2.20997
nist-epub-0009,1,84,5752,2281,2.52170
nist-epub-0009,1,85,5921,2349,2.52065
nist-epub-0009,1,86,5676,2366,2.39899
nist-epub-0009,1,87,5523,2350,2.35021
nist-epub-0009,1,88,5680,2222,2.55626
nist-epub-0009,1,89,5489,2416,2.27194
nist-epub-0009,1,90,5792,2290,2.52926
nist-epub-0009,1,91,5546,2344,2.36604
nist-epub-0009,1,92,5773,2189,2.63728
nist-epub-0009,1,93,5729,2268,2.52601
nist-epub-0009,1,94,5674,2408,2.35631
nist-epub-0009,1,95,5547,2711,2.04611
nist-epub-0009,1,96,5734,2278,2.51712
nist-epub-0009,1,97,5622,2319,2.42432
nist-epub-0009,1,98,5706,2291,2.49062
nist-epub-0009,1,99,5647,2573,2.19471
nist-epub-0009,1,100,5689,2252,2.52620
nist-pdf-0002,1,1,1394,1421,0.98100
nist-pdf-0002,1,2,1412,1389,1.01656
nist-pdf-0002,1,3,1395,1447,0.96406
nist-pdf-0002,1,4,1438,1423,1.01054
nist-pdf-0002,1,5,1421,1399,1.01573
nist-pdf-0002,1,6,1415,1315,1.07605
nist-pdf-0002,1,7,1336,1467,0.91070
nist-pdf-0002,1,8,1448,1373,1.05462
nist-pdf-0002,1,9,1366,1570,0.87006
nist-pdf-0002,1,10,1429,1354,1.05539
nist-pdf-0002,1,11,1360,1432,0.94972
nist-pdf-0002,1,12,1416,1505,0.94086
nist-pdf-0002,1,13,1385,1395,0.99283
nist-pdf-0002,1,14,1426,1406,1.01422
nist-pdf-0002,1,15,1415,1342,1.05440
nist-pdf-0002,1,16,1529,1444,1.05886
nist-pdf-0002,1,17,1458,1390,1.04892
nist-pdf-0002,1,18,1428,1363,1.04769
nist-pdf-0002,1,19,1351,1552,0.87049
nist-pdf-0002,1,20,1442,1409,1.02342
nist-pdf-0002,1,21,1379,1478,0.93302
nist-pdf-0002,1,22,1407,1368,1.02851
nist-pdf-0002,1,23,1426,1439,0.99097
nist-pdf-0002,1,24,1497,1480,1.01149
nist-pdf-0002,1,25,1445,1459,0.99040
nist-pdf-0002,1,26,1387,1390,0.99784
nist-pdf-0002,1,27,1427,1452,0.98278
nist-pdf-0002,1,28,1409,1387,1.01586
nist-pdf-0002,1,29,1434,1369,1.04748
nist-pdf-0002,1,30,1462,1378,1.06096
nist-pdf-0002,1,31,1361,1366,0.99634
nist-pdf-0002,1,32,1344,1397,0.96206
nist-pdf-0002,1,33,1388,1343,1.03351
nist-pdf-0002,1,34,1421,1462,0.97196
nist-pdf-0002,1,35,1412,1481,0.95341
nist-pdf-0002,1,36,1445,1369,1.05551
nist-pdf-0002,1,37,1357,1406,0.96515
nist-pdf-0002,1,38,1447,1352,1.07027
nist-pdf-0002,1,39,1351,1372,0.98469
nist-pdf-0002,1,40,1432,1345,1.06468
nist-pdf-0002,1,41,1454,1391,1.04529
nist-pdf-0002,1,42,1352,1447,0.93435
nist-pdf-0002,1,43,1374,1354,1.01477
nist-pdf-0002,1,44,1388,1613,0.86051
nist-pdf-0002,1,45,1366,1432,0.95391
nist-pdf-0002,1,46,1407,1427,0.98598
nist-pdf-0002,1,47,1349,1431,0.94270
nist-pdf-0002,1,48,1365,1411,0.96740
nist-pdf-0002,1,49,1361,1372,0.99198
nist-pdf-0002,1,50,1379,1336,1.03219
nist-pdf-0002,1,51,1322,1361,0.97134
nist-pdf-0002,1,52,1354,1347,1.00520
nist-pdf-0002,1,53,1365,1320,1.03409
nist-pdf-0002,1,54,1315,1331,0.98798
nist-pdf-0002,1,55,1496,1317,1.13591
nist-pdf-0002,1,56,1322,1317,1.00380
nist-pdf-0002,1,57,1287,1292,0.99613
nist-pdf-0002,1,58,1300,1291,1.00697
nist-pdf-0002,1,59,1394,1339,1.04108
nist-pdf-0002,1,60,1310,1334,0.98201
nist-pdf-0002,1,61,1292,1318,0.98027
nist-pdf-0002,1,62,1364,1286,1.06065
nist-pdf-0002,1,63,1279,1292,0.98994
nist-pdf-0002,1,64,1354,1318,1.02731
nist-pdf-0002,1,65,1305,1320,0.98864
nist-pdf-0002,1,66,1274,1299,0.98075
nist-pdf-0002,1,67,1320,1289,1.02405
nist-pdf-0002,1,68,1359,1295,1.04942
nist-pdf-0002,1,69,1303,1283,1.01559
nist-pdf-0002,1,70,1325,1277,1.03759
nist-pdf-0002,1,71,1378,1451,0.94969
nist-pdf-0002,1,72,1387,1408,0.98509
nist-pdf-0002,1,73,1403,1503,0.93347
nist-pdf-0002,1,74,1450,1391,1.04242
nist-pdf-0002,1,75,1394,1465,0.95154
nist-pdf-0002,1,76,1390,1336,1.04042
nist-pdf-0002,1,77,1393,1506,0.92497
nist-pdf-0002,1,78,1487,1420,1.04718
nist-pdf-0002,1,79,1504,1693,0.88836
nist-pdf-0002,1,80,1429,1548,0.92313
nist-pdf-0002,1,81,1331,1548,0.85982
nist-pdf-0002,1,82,1411,1457,0.96843
nist-pdf-0002,1,83,1458,1381,1.05576
nist-pdf-0002,1,84,1383,1436,0.96309
nist-pdf-0002,1,85,1310,1573,0.83280
nist-pdf-0002,1,86,1423,1465,0.97133
nist-pdf-0002,1,87,1307,1410,0.92695
nist-pdf-0002,1,88,1380,1414,0.97595
nist-pdf-0002,1,89,1302,1351,0.96373
nist-pdf-0002,1,90,1338,1356,0.98673
nist-pdf-0002,1,91,1410,1433,0.98395
nist-pdf-0002,1,92,1390,1318,1.05463
nist-pdf-0002,1,93,1451,1325,1.09509
nist-pdf-0002,1,94,1399,1394,1.00359
nist-pdf-0002,1,95,1270,1331,0.95417
nist-pdf-0002,1,96,1487,1358,1.09499
nist-pdf-0002,1,97,1342,1366,0.98243
nist-pdf-0002,1,98,1385,1419,0.97604
nist-pdf-0002,1,99,1299,1322,0.98260
nist-pdf-0002,1,100,1371,1350,1.01556
nist-pdf-0004,1,1,3073,1835,1.67466
nist-pdf-0004,1,2,2996,1783,1.68031
nist-pdf-0004,1,3,2889,1840,1.57011
nist-pdf-0004,1,4,3361,2005,1.67631
nist-pdf-0004,1,5,3167,2124,1.49105
nist-pdf-0004,1,6,3007,2021,1.48788
nist-pdf-0004,1,7,3059,2016,1.51736
nist-pdf-0004,1,8,3017,2048,1.47314
nist-pdf-0004,1,9,3089,1938,1.59391
nist-pdf-0004,1,10,3000,2049,1.46413
nist-pdf-0004,1,11,2921,2386,1.22422
nist-pdf-0004,1,12,3177,1972,1.61105
nist-pdf-0004,1,13,3097,2089,1.48253
nist-pdf-0004,1,14,3233,1918,1.68561
nist-pdf-0004,1,15,3008,1782,1.68799
nist-pdf-0004,1,16,2961,2240,1.32187
nist-pdf-0004,1,17,2933,1924,1.52443
nist-pdf-0004,1,18,2952,1918,1.53910
nist-pdf-0004,1,19,3257,2131,1.52839
nist-pdf-0004,1,20,3138,1853,1.69347
nist-pdf-0004,1,21,3333,1976,1.68674
nist-pdf-0004,1,22,3067,1982,1.54743
nist-pdf-0004,1,23,3013,1879,1.60351
nist-pdf-0004,1,24,3010,1860,1.61828
nist-pdf-0004,1,25,2966,2003,1.48078
nist-pdf-0004,1,26,3695,1722,2.14576
nist-pdf-0004,1,27,3004,2171,1.38369
nist-pdf-0004,1,28,2959,1948,1.51899
nist-pdf-0004,1,29,2881,2261,1.27421
nist-pdf-0004,1,30,2953,1735,1.70202
nist-pdf-0004,1,31,2860,1732,1.65127
nist-pdf-0004,1,32,2871,1885,1.52308
nist-pdf-0004,1,33,2825,1748,1.61613
nist-pdf-0004,1,34,2865,1671,1.71454
nist-pdf-0004,1,35,2908,1662,1.74970
nist-pdf-0004,1,36,2854,1693,1.68576
nist-pdf-0004,1,37,2901,1728,1.67882
nist-pdf-0004,1,38,2878,1793,1.60513
nist-pdf-0004,1,39,2943,1698,1.73322
nist-pdf-0004,1,40,2888,1789,1.61431
nist-pdf-0004,1,41,2933,1782,1.64590
nist-pdf-0004,1,42,3085,1683,1.83304
nist-pdf-0004,1,43,2943,1669,1.76333
nist-pdf-0004,1,44,2892,1746,1.65636
nist-pdf-0004,1,45,2940,1841,1.59696
nist-pdf-0004,1,46,2977,1684,1.76781
nist-pdf-0004,1,47,3027,1758,1.72184
nist-pdf-0004,1,48,2868,1787,1.60492
nist-pdf-0004,1,49,2854,1752,1.62900
nist-pdf-0004,1,50,2990,1772,1.68736
nist-pdf-0004,1,51,2972,1942,1.53038
nist-pdf-0004,1,52,2949,1796,1.64198
nist-pdf-0004,1,53,2827,1730,1.63410
nist-pdf-0004,1,54,2995,1661,1.80313
nist-pdf-0004,1,55,2874,1784,1.61099
nist-pdf-0004,1,56,2874,1853,1.55100
nist-pdf-0004,1,57,2904,1686,1.72242
nist-pdf-0004,1,58,2949,1699,1.73573
nist-pdf-0004,1,59,2965,1878,1.57881
nist-pdf-0004,1,60,2947,1699,1.73455
nist-pdf-0004,1,61,2955,1738,1.70023
nist-pdf-0004,1,62,2978,1819,1.63716
nist-pdf-0004,1,63,2940,1688,1.74171
nist-pdf-0004,1,64,2863,1687,1.69710
nist-pdf-0004,1,65,2877,1652,1.74153
nist-pdf-0004,1,66,2922,1870,1.56257
nist-pdf-0004,1,67,2939,1784,1.64742
nist-pdf-0004,1,68,3003,1705,1.76129
nist-pdf-0004,1,69,2865,1733,1.65320
nist-pdf-0004,1,70,2899,1668,1.73801
nist-pdf-0004,1,71,2946,1841,1.60022
nist-pdf-0004,1,72,2963,1749,1.69411
nist-pdf-0004,1,73,2846,1685,1.68902
nist-pdf-0004,1,74,2939,1805,1.62825
nist-pdf-0004,1,75,2989,1790,1.66983
nist-pdf-0004,1,76,2918,1856,1.57220
nist-pdf-0004,1,77,2895,1876,1.54318
nist-pdf-0004,1,78,2927,1732,1.68995
nist-pdf-0004,1,79,2924,1711,1.70894
nist-pdf-0004,1,80,2861,1903,1.50342
nist-pdf-0004,1,81,2924,1913,1.52849
nist-pdf-0004,1,82,2924,1781,1.64177
nist-pdf-0004,1,83,2916,1776,1.64189
nist-pdf-0004,1,84,2857,1833,1.55865
nist-pdf-0004,1,85,2876,1728,1.66435
nist-pdf-0004,1,86,2967,1734,1.71107
nist-pdf-0004,1,87,2953,1745,1.69226
nist-pdf-0004,1,88,3026,1817,1.66538
nist-pdf-0004,1,89,2997,1764,1.69898
nist-pdf-0004,1,90,2991,1862,1.60634
nist-pdf-0004,1,91,3019,1898,1.59062
nist-pdf-0004,1,92,3061,1792,1.70815
nist-pdf-0004,1,93,3009,1978,1.52123
nist-pdf-0004,1,94,3015,1719,1.75393
nist-pdf-0004,1,95,3014,2082,1.44765
nist-pdf-0004,1,96,3180,2034,1.56342
nist-pdf-0004,1,97,3004,2079,1.44493
nist-pdf-0004,1,98,3001,1927,1.55734
nist-pdf-0004,1,99,2961,2166,1.36704
nist-pdf-0004,1,100,3025,1891,1.59968
nist-pdf-0016,1,1,1401,1377,1.01743
nist-pdf-0016,1,2,1414,1341,1.05444
nist-pdf-0016,1,3,1474,1394,1.05739
nist-pdf-0016,1,4,1423,1283,1.10912
nist-pdf-0016,1,5,1396,1329,1.05041
nist-pdf-0016,1,6,1453,1330,1.09248
nist-pdf-0016,1,7,1438,1363,1.05503
nist-pdf-0016,1,8,1447,1375,1.05236
nist-pdf-0016,1,9,1423,1314,1.08295
nist-pdf-0016,1,10,1497,1329,1.12641
nist-pdf-0016,1,11,1452,1806,0.80399
nist-pdf-0016,1,12,1459,1399,1.04289
nist-pdf-0016,1,13,1477,1369,1.07889
nist-pdf-0016,1,14,1476,1355,1.08930
nist-pdf-0016,1,15,1397,1326,1.05354
nist-pdf-0016,1,16,1463,1472,0.99389
nist-pdf-0016,1,17,1459,1594,0.91531
nist-pdf-0016,1,18,1426,1553,0.91822
nist-pdf-0016,1,19,1598,1716,0.93124
nist-pdf-0016,1,20,1487,1462,1.01710
nist-pdf-0016,1,21,1419,1361,1.04262
nist-pdf-0016,1,22,1463,1371,1.06710
nist-pdf-0016,1,23,1476,1475,1.00068
nist-pdf-0016,1,24,1410,1336,1.05539
nist-pdf-0016,1,25,1441,1423,1.01265
nist-pdf-0016,1,26,1474,1354,1.08863
nist-pdf-0016,1,27,2395,1645,1.45593
nist-pdf-0016,1,28,1431,1375,1.04073
nist-pdf-0016,1,29,1578,1563,1.00960
nist-pdf-0016,1,30,1425,1474,0.96676
nist-pdf-0016,1,31,1392,1423,0.97822
nist-pdf-0016,1,32,1439,1376,1.04578
nist-pdf-0016,1,33,1355,1424,0.95154
nist-pdf-0016,1,34,1603,1409,1.13769
nist-pdf-0016,1,35,1471,1661,0.88561
nist-pdf-0016,1,36,1525,1478,1.03180
nist-pdf-0016,1,37,1596,1579,1.01077
nist-pdf-0016,1,38,1753,1402,1.25036
nist-pdf-0016,1,39,2197,1744,1.25975
nist-pdf-0016,1,40,1621,1441,1.12491
nist-pdf-0016,1,41,1561,1510,1.03377
nist-pdf-0016,1,42,1464,1548,0.94574
nist-pdf-0016,1,43,1579,1508,1.04708
nist-pdf-0016,1,44,1446,1417,1.02047
nist-pdf-0016,1,45,1455,1525,0.95410
nist-pdf-0016,1,46,1464,1389,1.05400
nist-pdf-0016,1,47,1476,1483,0.99528
nist-pdf-0016,1,48,1412,1346,1.04903
nist-pdf-0016,1,49,1412,1400,1.00857
nist-pdf-0016,1,50,1581,1545,1.02330
nist-pdf-0016,1,51,1453,1416,1.02613
nist-pdf-0016,1,52,1521,1338,1.13677
nist-pdf-0016,1,53,1446,1409,1.02626
nist-pdf-0016,1,54,1488,1532,0.97128
nist-pdf-0016,1,55,1460,1404,1.03989
nist-pdf-0016,1,56,1397,1350,1.03481
nist-pdf-0016,1,57,1474,1397,1.05512
nist-pdf-0016,1,58,1373,1501,0.91472
nist-pdf-0016,1,59,1411,1349,1.04596
nist-pdf-0016,1,60,1486,1549,0.95933
nist-pdf-0016,1,61,1416,1383,1.02386
nist-pdf-0016,1,62,1509,1481,1.01891
nist-pdf-0016,1,63,1397,1472,0.94905
nist-pdf-0016,1,64,1542,1438,1.07232
nist-pdf-0016,1,65,1410,1336,1.05539
nist-pdf-0016,1,66,1478,1437,1.02853
nist-pdf-0016,1,67,1459,1394,1.04663
nist-pdf-0016,1,68,1360,1310,1.03817
nist-pdf-0016,1,69,1403,1376,1.01962
nist-pdf-0016,1,70,1374,1391,0.98778
nist-pdf-0016,1,71,1445,1385,1.04332
nist-pdf-0016,1,72,1392,1326,1.04977
nist-pdf-0016,1,73,1467,1316,1.11474
nist-pdf-0016,1,74,1386,1281,1.08197
nist-pdf-0016,1,75,1394,1304,1.06902
nist-pdf-0016,1,76,1377,1253,1.09896
nist-pdf-0016,1,77,1554,1349,1.15196
nist-pdf-0016,1,78,1413,1309,1.07945
nist-pdf-0016,1,79,1470,1345,1.09294
nist-pdf-0016,1,80,1369,1314,1.04186
nist-pdf-0016,1,81,1412,1358,1.03976
nist-pdf-0016,1,82,1347,1311,1.02746
nist-pdf-0016,1,83,1411,1343,1.05063
nist-pdf-0016,1,84,1467,1295,1.13282
nist-pdf-0016,1,85,1418,1383,1.02531
nist-pdf-0016,1,86,1420,1339,1.06049
nist-pdf-0016,1,87,1397,1404,0.99501
nist-pdf-0016,1,88,1389,1425,0.97474
nist-pdf-0016,1,89,1391,1366,1.01830
nist-pdf-0016,1,90,1529,1576,0.97018
nist-pdf-0016,1,91,1493,1437,1.03897
nist-pdf-0016,1,92,1511,1475,1.02441
nist-pdf-0016,1,93,1480,1406,1.05263
nist-pdf-0016,1,94,1445,1347,1.07275
nist-pdf-0016,1,95,1407,1511,0.93117
nist-pdf-0016,1,96,1502,1419,1.05849
nist-pdf-0016,1,97,1479,1526,0.96920
nist-pdf-0016,1,98,1572,1568,1.00255
nist-pdf-0016,1,99,1454,1493,0.97388
nist-pdf-0016,1,100,1490,1475,1.01017
nist-pdf-0017,1,1,3690,2389,1.54458
nist-pdf-0017,1,2,3993,2229,1.79139
nist-pdf-0017,1,3,3840,2301,1.66884
nist-pdf-0017,1,4,3777,1977,1.91047
nist-pdf-0017,1,5,3713,2343,1.58472
nist-pdf-0017,1,6,3842,2332,1.64751
nist-pdf-0017,1,7,3817,2105,1.81330
nist-pdf-0017,1,8,3842,1927,1.99377
nist-pdf-0017,1,9,3718,2881,1.29052
nist-pdf-0017,1,10,3978,2460,1.61707
nist-pdf-0017,1,11,3880,2365,1.64059
nist-pdf-0017,1,12,3997,2001,1.99750
nist-pdf-0017,1,13,3893,2026,1.92152
nist-pdf-0017,1,14,3982,2177,1.82912
nist-pdf-0017,1,15,3824,2531,1.51087
nist-pdf-0017,1,16,4088,1943,2.10396
nist-pdf-0017,1,17,3758,2510,1.49721
nist-pdf-0017,1,18,3840,2191,1.75262
nist-pdf-0017,1,19,3625,2010,1.80348
nist-pdf-0017,1,20,3980,2232,1.78315
nist-pdf-0017,1,21,3768,2102,1.79258
nist-pdf-0017,1,22,3999,2304,1.73568
nist-pdf-0017,1,23,3895,2159,1.80408
nist-pdf-0017,1,24,3795,2127,1.78420
nist-pdf-0017,1,25,3735,2061,1.81223
nist-pdf-0017,1,26,3679,1954,1.88280
nist-pdf-0017,1,27,3885,1995,1.94737
nist-pdf-0017,1,28,3997,1998,2.00050
nist-pdf-0017,1,29,4166,2398,1.73728
nist-pdf-0017,1,30,3832,2115,1.81182
nist-pdf-0017,1,31,4056,2317,1.75054
nist-pdf-0017,1,32,3906,2353,1.66001
nist-pdf-0017,1,33,3743,2063,1.81435
nist-pdf-0017,1,34,3840,2445,1.57055
nist-pdf-0017,1,35,3951,2111,1.87162
nist-pdf-0017,1,36,3987,2194,1.81723
nist-pdf-0017,1,37,3885,2498,1.55524
nist-pdf-0017,1,38,4064,2339,1.73749
nist-pdf-0017,1,39,3663,2243,1.63308
nist-pdf-0017,1,40,3982,1996,1.99499
nist-pdf-0017,1,41,3800,2278,1.66813
nist-pdf-0017,1,42,3918,2017,1.94249
nist-pdf-0017,1,43,3676,2063,1.78187
nist-pdf-0017,1,44,3862,2164,1.78466
nist-pdf-0017,1,45,3869,2298,1.68364
nist-pdf-0017,1,46,4163,2044,2.03669
nist-pdf-0017,1,47,3770,2266,1.66372
nist-pdf-0017,1,48,3979,2032,1.95817
nist-pdf-0017,1,49,3674,2035,1.80541
nist-pdf-0017,1,50,3768,2065,1.82470
nist-pdf-0017,1,51,3783,2404,1.57363
nist-pdf-0017,1,52,3680,2091,1.75992
nist-pdf-0017,1,53,3727,2531,1.47254
nist-pdf-0017,1,54,3944,2212,1.78300
nist-pdf-0017,1,55,3935,2172,1.81169
nist-pdf-0017,1,56,3752,2008,1.86853
nist-pdf-0017,1,57,3954,2242,1.76360
nist-pdf-0017,1,58,3709,2002,1.85265
nist-pdf-0017,1,59,3657,2234,1.63697
nist-pdf-0017,1,60,4019,1994,2.01555
nist-pdf-0017,1,61,3725,2259,1.64896
nist-pdf-0017,1,62,3795,2104,1.80371
nist-pdf-0017,1,63,4016,2245,1.78886
nist-pdf-0017,1,64,3630,2093,1.73435
nist-pdf-0017,1,65,3619,2245,1.61203
nist-pdf-0017,1,66,3781,2120,1.78349
nist-pdf-0017,1,67,3903,2257,1.72929
nist-pdf-0017,1,68,3798,2096,1.81202
nist-pdf-0017,1,69,3862,2253,1.71416
nist-pdf-0017,1,70,3836,2144,1.78918
nist-pdf-0017,1,71,3714,2247,1.65287
nist-pdf-0017,1,72,3725,2314,1.60977
nist-pdf-0017,1,73,3758,2107,1.78358
nist-pdf-0017,1,74,3895,1940,2.00773
nist-pdf-0017,1,75,3780,2375,1.59158
nist-pdf-0017,1,76,4166,2341,1.77958
nist-pdf-0017,1,77,4001,2270,1.76256
nist-pdf-0017,1,78,4069,2189,1.85884
nist-pdf-0017,1,79,3902,2087,1.86967
nist-pdf-0017,1,80,3639,1909,1.90623
nist-pdf-0017,1,81,3811,2294,1.66129
nist-pdf-0017,1,82,3918,2126,1.84290
nist-pdf-0017,1,83,3866,2211,1.74853
nist-pdf-0017,1,84,3835,2050,1.87073
nist-pdf-0017,1,85,3963,2475,1.60121
nist-pdf-0017,1,86,4029,2069,1.94732
nist-pdf-0017,1,87,3778,3801,0.99395
nist-pdf-0017,1,88,3749,2066,1.81462
nist-pdf-0017,1,89,4092,2345,1.74499
nist-pdf-0017,1,90,3954,2007,1.97010
nist-pdf-0017,1,91,3714,2912,1.27541
nist-pdf-0017,1,92,3880,2326,1.66810
nist-pdf-0017,1,93,4559,2300,1.98217
nist-pdf-0017,1,94,4020,2398,1.67640
nist-pdf-0017,1,95,3872,2599,1.48980
nist-pdf-0017,1,96,3861,2261,1.70765
nist-pdf-0017,1,97,3945,2400,1.64375
nist-pdf-0017,1,98,4071,1958,2.07916
nist-pdf-0017,1,99,3741,2086,1.79338
nist-pdf-0017,1,100,3848,2006,1.91825
nist-docx-0005,2,1,1865,1588,1.17443
nist-docx-0005,2,2,1309,1518,0.86232
nist-docx-0005,2,3,1237,1481,0.83525
nist-docx-0005,2,4,1342,1549,0.86637
nist-docx-0005,2,5,1465,1660,0.88253
nist-docx-0005,2,6,1386,1742,0.79564
nist-docx-0005,2,7,1277,1566,0.81545
nist-docx-0005,2,8,1305,1529,0.85350
nist-docx-0005,2,9,1301,1497,0.86907
nist-docx-0005,2,10,1453,1578,0.92079
nist-docx-0005,2,11,1402,1467,0.95569
nist-docx-0005,2,12,1330,1524,0.87270
nist-docx-0005,2,13,1254,1464,0.85656
nist-docx-0005,2,14,1342,1559,0.86081
nist-docx-0005,2,15,1315,1616,0.81374
nist-docx-0005,2,16,1314,1663,0.79014
nist-docx-0005,2,17,1266,1601,0.79076
nist-docx-0005,2,18,1284,1586,0.80958
nist-docx-0005,2,19,1312,2327,0.56382
nist-docx-0005,2,20,1312,1488,0.88172
nist-docx-0005,2,21,1215,1455,0.83505
nist-docx-0005,2,22,1247,1464,0.85178
nist-docx-0005,2,23,1224,1506,0.81275
nist-docx-0005,2,24,1291,1446,0.89281
nist-docx-0005,2,25,1301,1468,0.88624
nist-docx-0005,2,26,1259,1513,0.83212
nist-docx-0005,2,27,1241,1460,0.85000
nist-docx-0005,2,28,1311,1447,0.90601
nist-docx-0005,2,29,1284,1457,0.88126
nist-docx-0005,2,30,1283,1498,0.85648
nist-docx-0005,2,31,1371,1483,0.92448
nist-docx-0005,2,32,1395,1463,0.95352
nist-docx-0005,2,33,1209,1467,0.82413
nist-docx-0005,2,34,1231,1440,0.85486
nist-docx-0005,2,35,1257,1432,0.87779
nist-docx-0005,2,36,1333,1435,0.92892
nist-docx-0005,2,37,1300,1540,0.84416
nist-docx-0005,2,38,1282,1484,0.86388
nist-docx-0005,2,39,1245,1492,0.83445
nist-docx-0005,2,40,1275,1506,0.84661
nist-docx-0005,2,41,1261,1498,0.84179
nist-docx-0005,2,42,1240,1569,0.79031
nist-docx-0005,2,43,1250,1510,0.82781
nist-docx-0005,2,44,1310,1439,0.91035
nist-docx-0005,2,45,1280,1531,0.83605
nist-docx-0005,2,46,1299,1513,0.85856
nist-docx-0005,2,47,1269,1450,0.87517
nist-docx-0005,2,48,1280,1561,0.81999
nist-docx-0005,2,49,1228,1493,0.82251
nist-docx-0005,2,50,1286,1468,0.87602
nist-docx-0005,2,51,1236,1501,0.82345
nist-docx-0005,2,52,1354,1531,0.88439
nist-docx-0005,2,53,1261,1481,0.85145
nist-docx-0005,2,54,1257,1486,0.84590
nist-docx-0005,2,55,1226,1449,0.84610
nist-docx-0005,2,56,1299,1484,0.87534
nist-docx-0005,2,57,1249,1474,0.84735
nist-docx-0005,2,58,1280,1598,0.80100
nist-docx-0005,2,59,1480,1484,0.99730
nist-docx-0005,2,60,1259,1478,0.85183
nist-docx-0005,2,61,1309,1499,0.87325
nist-docx-0005,2,62,1276,1919,0.66493
nist-docx-0005,2,63,1232,1486,0.82907
nist-docx-0005,2,64,1282,1512,0.84788
nist-docx-0005,2,65,1259,1480,0.85068
nist-docx-0005,2,66,1304,1453,0.89745
nist-docx-0005,2,67,1328,1501,0.88474
nist-docx-0005,2,68,1305,1732,0.75346
nist-docx-0005,2,69,1315,1575,0.83492
nist-docx-0005,2,70,1306,1597,0.81778
nist-docx-0005,2,71,1314,1506,0.87251
nist-docx-0005,2,72,1262,1549,0.81472
nist-docx-0005,2,73,1248,1556,0.80206
nist-docx-0005,2,74,1295,1478,0.87618
nist-docx-0005,2,75,1318,1434,0.91911
nist-docx-0005,2,76,1257,1494,0.84137
nist-docx-0005,2,77,1321,1472,0.89742
nist-docx-0005,2,78,1228,1467,0.83708
nist-docx-0005,2,79,1363,1481,0.92032
nist-docx-0005,2,80,1316,1424,0.92416
nist-docx-0005,2,81,1301,1493,0.87140
nist-docx-0005,2,82,1287,1523,0.84504
nist-docx-0005,2,83,1280,1481,0.86428
nist-docx-0005,2,84,1261,1460,0.86370
nist-docx-0005,2,85,1279,1500,0.85267
nist-docx-0005,2,86,1264,1539,0.82131
nist-docx-0005,2,87,1340,1465,0.91468
nist-docx-0005,2,88,1329,1502,0.88482
nist-docx-0005,2,89,1237,1509,0.81975
nist-docx-0005,2,90,1260,1460,0.86301
nist-docx-0005,2,91,1234,1474,0.83718
nist-docx-0005,2,92,1280,1528,0.83770
nist-docx-0005,2,93,1255,1528,0.82134
nist-docx-0005,2,94,1272,1501,0.84744
nist-docx-0005,2,95,1759,1407,1.25018
nist-docx-0005,2,96,1291,1490,0.86644
nist-docx-0005,2,97,1297,1426,0.90954
nist-docx-0005,2,98,1239,1474,0.84057
nist-docx-0005,2,99,1268,1503,0.84365
nist-docx-0005,2,100,1310,1452,0.90220
nist-docx-0008,2,1,1116,1328,0.84036
nist-docx-0008,2,2,1062,1567,0.67773
nist-docx-0008,2,3,1022,1415,0.72226
nist-docx-0008,2,4,1033,1362,0.75844
nist-docx-0008,2,5,1041,1326,0.78507
nist-docx-0008,2,6,1048,1375,0.76218
nist-docx-0008,2,7,1096,1363,0.80411
nist-docx-0008,2,8,1102,1403,0.78546
nist-docx-0008,2,9,1060,1364,0.77713
nist-docx-0008,2,10,1107,1457,0.75978
nist-docx-0008,2,11,1143,1439,0.79430
nist-docx-0008,2,12,1094,1392,0.78592
nist-docx-0008,2,13,1053,2042,0.51567
nist-docx-0008,2,14,1096,1452,0.75482
nist-docx-0008,2,15,1042,1393,0.74803
nist-docx-0008,2,16,1078,1411,0.76400
nist-docx-0008,2,17,1057,1432,0.73813
nist-docx-0008,2,18,1037,1366,0.75915
nist-docx-0008,2,19,994,1300,0.76462
nist-docx-0008,2,20,1053,1387,0.75919
nist-docx-0008,2,21,1037,1476,0.70257
nist-docx-0008,2,22,1015,1358,0.74742
nist-docx-0008,2,23,1030,1356,0.75959
nist-docx-0008,2,24,994,1381,0.71977
nist-docx-0008,2,25,1024,1357,0.75461
nist-docx-0008,2,26,994,1392,0.71408
nist-docx-0008,2,27,981,1408,0.69673
nist-docx-0008,2,28,1004,1399,0.71766
nist-docx-0008,2,29,1079,1367,0.78932
nist-docx-0008,2,30,1115,1378,0.80914
nist-docx-0008,2,31,1089,1397,0.77953
nist-docx-0008,2,32,1024,1402,0.73039
nist-docx-0008,2,33,1022,1358,0.75258
nist-docx-0008,2,34,1022,1436,0.71170
nist-docx-0008,2,35,1042,1379,0.75562
nist-docx-0008,2,36,1041,1416,0.73517
nist-docx-0008,2,37,1040,1359,0.76527
nist-docx-0008,2,38,1030,1357,0.75903
nist-docx-0008,2,39,1039,1346,0.77192
nist-docx-0008,2,40,996,1339,0.74384
nist-docx-0008,2,41,1029,1347,0.76392
nist-docx-0008,2,42,1020,1394,0.73171
nist-docx-0008,2,43,1037,1376,0.75363
nist-docx-0008,2,44,1009,1333,0.75694
nist-docx-0008,2,45,1079,1337,0.80703
nist-docx-0008,2,46,1039,1349,0.77020
nist-docx-0008,2,47,1020,1351,0.75500
nist-docx-0008,2,48,977,1391,0.70237
nist-docx-0008,2,49,1007,1353,0.74427
nist-docx-0008,2,50,1018,1354,0.75185
nist-docx-0008,2,51,1016,1500,0.67733
nist-docx-0008,2,52,1088,1341,0.81133
nist-docx-0008,2,53,984,1342,0.73323
nist-docx-0008,2,54,1038,1322,0.78517
nist-docx-0008,2,55,1008,1395,0.72258
nist-docx-0008,2,56,1062,1355,0.78376
nist-docx-0008,2,57,1045,1388,0.75288
nist-docx-0008,2,58,1146,1387,0.82624
nist-docx-0008,2,59,1063,1378,0.77141
nist-docx-0008,2,60,1129,1447,0.78023
nist-docx-0008,2,61,1046,1417,0.73818
nist-docx-0008,2,62,1064,1392,0.76437
nist-docx-0008,2,63,1084,1375,0.78836
nist-docx-0008,2,64,1125,1396,0.80587
nist-docx-0008,2,65,1129,1639,0.68883
nist-docx-0008,2,66,1062,1440,0.73750
nist-docx-0008,2,67,1082,1458,0.74211
nist-docx-0008,2,68,1011,1358,0.74448
nist-docx-0008,2,69,989,1400,0.70643
nist-docx-0008,2,70,1023,1425,0.71789
nist-docx-0008,2,71,1039,1344,0.77307
nist-docx-0008,2,72,1033,1426,0.72440
nist-docx-0008,2,73,1053,1434,0.73431
nist-docx-0008,2,74,1017,1355,0.75055
nist-docx-0008,2,75,1037,1359,0.76306
nist-docx-0008,2,76,1030,1360,0.75735
nist-docx-0008,2,77,976,1383,0.70571
nist-docx-0008,2,78,1125,1337,0.84144
nist-docx-0008,2,79,1073,1413,0.75938
nist-docx-0008,2,80,1022,1410,0.72482
nist-docx-0008,2,81,996,1427,0.69797
nist-docx-0008,2,82,1069,1374,0.77802
nist-docx-0008,2,83,994,1406,0.70697
nist-docx-0008,2,84,1179,1441,0.81818
nist-docx-0008,2,85,1059,1362,0.77753
nist-docx-0008,2,86,1532,1353,1.13230
nist-docx-0008,2,87,1111,1641,0.67703
nist-docx-0008,2,88,1068,1411,0.75691
nist-docx-0008,2,89,1146,1622,0.70654
nist-docx-0008,2,90,1134,1454,0.77992
nist-docx-0008,2,91,1118,1422,0.78622
nist-docx-0008,2,92,1099,1453,0.75637
nist-docx-0008,2,93,1020,1426,0.71529
nist-docx-0008,2,94,1104,1435,0.76934
nist-docx-0008,2,95,1037,1393,0.74444
nist-docx-0008,2,96,1068,1481,0.72113
nist-docx-0008,2,97,1113,1458,0.76337
nist-docx-0008,2,98,1081,1384,0.78107
nist-docx-0008,2,99,1075,1378,0.78012
nist-docx-0008,2,100,1058,1370,0.77226
nist-docx-0009,2,1,1779,1658,1.07298
nist-docx-0009,2,2,1800,1551,1.16054
nist-docx-0009,2,3,2030,1600,1.26875
nist-docx-0009,2,4,1870,1626,1.15006
nist-docx-0009,2,5,1878,1615,1.16285
nist-docx-0009,2,6,1797,1510,1.19007
nist-docx-0009,2,7,1805,1529,1.18051
nist-docx-0009,2,8,1733,1555,1.11447
nist-docx-0009,2,9,1708,1520,1.12368
nist-docx-0009,2,10,1752,1530,1.14510
nist-docx-0009,2,11,1780,1555,1.14469
nist-docx-0009,2,12,1692,1527,1.10806
nist-docx-0009,2,13,1753,1530,1.14575
nist-docx-0009,2,14,1685,1527,1.10347
nist-docx-0009,2,15,1704,1544,1.10363
nist-docx-0009,2,16,1724,1494,1.15395
nist-docx-0009,2,17,1775,1477,1.20176
nist-docx-0009,2,18,1683,1475,1.14102
nist-docx-0009,2,19,1698,1560,1.08846
nist-docx-0009,2,20,1703,1477,1.15301
nist-docx-0009,2,21,1700,1479,1.14943
nist-docx-0009,2,22,1697,1549,1.09555
nist-docx-0009,2,23,1642,1512,1.08598
nist-docx-0009,2,24,1783,1461,1.22040
nist-docx-0009,2,25,1662,1520,1.09342
nist-docx-0009,2,26,1780,1657,1.07423
nist-docx-0009,2,27,1728,1564,1.10486
nist-docx-0009,2,28,1699,1519,1.11850
nist-docx-0009,2,29,1701,1558,1.09178
nist-docx-0009,2,30,1768,1604,1.10224
nist-docx-0009,2,31,1841,1630,1.12945
nist-docx-0009,2,32,1728,1538,1.12354
nist-docx-0009,2,33,1754,1717,1.02155
nist-docx-0009,2,34,1790,1556,1.15039
nist-docx-0009,2,35,1746,1711,1.02046
nist-docx-0009,2,36,2297,1591,1.44375
nist-docx-0009,2,37,1814,1542,1.17639
nist-docx-0009,2,38,1737,1528,1.13678
nist-docx-0009,2,39,1803,1553,1.16098
nist-docx-0009,2,40,1776,1629,1.09024
nist-docx-0009,2,41,1706,1484,1.14960
nist-docx-0009,2,42,1723,1490,1.15638
nist-docx-0009,2,43,1684,1493,1.12793
nist-docx-0009,2,44,1710,1493,1.14534
nist-docx-0009,2,45,1669,1494,1.11714
nist-docx-0009,2,46,1715,1483,1.15644
nist-docx-0009,2,47,1771,1608,1.10137
nist-docx-0009,2,48,1719,1656,1.03804
nist-docx-0009,2,49,1726,1570,1.09936
nist-docx-0009,2,50,1822,1494,1.21954
nist-docx-0009,2,51,1832,1530,1.19739
nist-docx-0009,2,52,1713,1529,1.12034
nist-docx-0009,2,53,1720,1515,1.13531
nist-docx-0009,2,54,1683,1507,1.11679
nist-docx-0009,2,55,1744,1524,1.14436
nist-docx-0009,2,56,1719,1511,1.13766
nist-docx-0009,2,57,1749,1526,1.14613
nist-docx-0009,2,58,1686,1510,1.11656
nist-docx-0009,2,59,1712,1548,1.10594
nist-docx-0009,2,60,1729,1495,1.15652
nist-docx-0009,2,61,1644,1560,1.05385
nist-docx-0009,2,62,1749,1530,1.14314
nist-docx-0009,2,63,1789,1547,1.15643
nist-docx-0009,2,64,1717,1520,1.12961
nist-docx-0009,2,65,1731,1575,1.09905
nist-docx-0009,2,66,1705,1523,1.11950
nist-docx-0009,2,67,1696,1527,1.11067
nist-docx-0009,2,68,1681,1502,1.11917
nist-docx-0009,2,69,1666,1541,1.08112
nist-docx-0009,2,70,1690,1528,1.10602
nist-docx-0009,2,71,1666,1581,1.05376
nist-docx-0009,2,72,1743,1467,1.18814
nist-docx-0009,2,73,1696,1504,1.12766
nist-docx-0009,2,74,1768,1487,1.18897
nist-docx-0009,2,75,1676,1493,1.12257
nist-docx-0009,2,76,1835,1529,1.20013
nist-docx-0009,2,77,1745,1550,1.12581
nist-docx-0009,2,78,1699,1522,1.11629
nist-docx-0009,2,79,1644,1521,1.08087
nist-docx-0009,2,80,1678,1533,1.09459
nist-docx-0009,2,81,1660,1521,1.09139
nist-docx-0009,2,82,1760,1490,1.18121
nist-docx-0009,2,83,1744,1568,1.11224
nist-docx-0009,2,84,1794,1596,1.12406
nist-docx-0009,2,85,1693,1521,1.11308
nist-docx-0009,2,86,1692,1493,1.13329
nist-docx-0009,2,87,1702,1550,1.09806
nist-docx-0009,2,88,1671,1469,1.13751
nist-docx-0009,2,89,1706,1529,1.11576
nist-docx-0009,2,90,1767,1543,1.14517
nist-docx-0009,2,91,1721,1583,1.08718
nist-docx-0009,2,92,1692,1509,1.12127
nist-docx-0009,2,93,1815,1609,1.12803
nist-docx-0009,2,94,1786,1553,1.15003
nist-docx-0009,2,95,1687,1486,1.13526
nist-docx-0009,2,96,1681,1479,1.13658
nist-docx-0009,2,97,1746,1506,1.15936
nist-docx-0009,2,98,1741,1600,1.08813
nist-docx-0009,2,99,1715,1547,1.10860
nist-docx-0009,2,100,1717,1544,1.11205
nist-docx-0014,2,1,3522,2151,1.63738
nist-docx-0014,2,2,3514,2094,1.67813
nist-docx-0014,2,3,3596,1991,1.80613
nist-docx-0014,2,4,3779,2021,1.86987
nist-docx-0014,2,5,3676,2070,1.77585
nist-docx-0014,2,6,3843,2103,1.82739
nist-docx-0014,2,7,3529,2044,1.72652
nist-docx-0014,2,8,3587,2006,1.78814
nist-docx-0014,2,9,3629,2030,1.78768
nist-docx-0014,2,10,3499,1991,1.75741
nist-docx-0014,2,11,3701,2116,1.74905
nist-docx-0014,2,12,3630,2137,1.69864
nist-docx-0014,2,13,3547,2032,1.74557
nist-docx-0014,2,14,3544,2060,1.72039
nist-docx-0014,2,15,3660,2127,1.72073
nist-docx-0014,2,16,3514,1997,1.75964
nist-docx-0014,2,17,3498,2092,1.67208
nist-docx-0014,2,18,3646,1988,1.83400
nist-docx-0014,2,19,3541,2099,1.68699
nist-docx-0014,2,20,3568,2154,1.65645
nist-docx-0014,2,21,3491,2132,1.63743
nist-docx-0014,2,22,3564,2103,1.69472
nist-docx-0014,2,23,3648,2127,1.71509
nist-docx-0014,2,24,3544,2232,1.58781
nist-docx-0014,2,25,3698,2046,1.80743
nist-docx-0014,2,26,3549,2039,1.74056
nist-docx-0014,2,27,3620,2027,1.78589
nist-docx-0014,2,28,3521,2190,1.60776
nist-docx-0014,2,29,3641,2009,1.81234
nist-docx-0014,2,30,3504,2085,1.68058
nist-docx-0014,2,31,3616,2294,1.57629
nist-docx-0014,2,32,3650,1986,1.83787
nist-docx-0014,2,33,3566,2160,1.65093
nist-docx-0014,2,34,3549,2083,1.70379
nist-docx-0014,2,35,3611,2054,1.75803
nist-docx-0014,2,36,3765,2317,1.62495
nist-docx-0014,2,37,3490,2160,1.61574
nist-docx-0014,2,38,3602,2063,1.74600
nist-docx-0014,2,39,3632,2222,1.63456
nist-docx-0014,2,40,3537,2014,1.75621
nist-docx-0014,2,41,3496,2085,1.67674
nist-docx-0014,2,42,3511,2053,1.71018
nist-docx-0014,2,43,3724,2125,1.75247
nist-docx-0014,2,44,3534,2040,1.73235
nist-docx-0014,2,45,3767,2036,1.85020
nist-docx-0014,2,46,3599,2012,1.78877
nist-docx-0014,2,47,3520,2184,1.61172
nist-docx-0014,2,48,3515,2050,1.71463
nist-docx-0014,2,49,3495,2043,1.71072
nist-docx-0014,2,50,3638,2186,1.66423
nist-docx-0014,2,51,3531,2050,1.72244
nist-docx-0014,2,52,3626,2035,1.78182
nist-docx-0014,2,53,3549,2085,1.70216
nist-docx-0014,2,54,3515,2051,1.71380
nist-docx-0014,2,55,3563,2013,1.77000
nist-docx-0014,2,56,3732,2013,1.85395
nist-docx-0014,2,57,3549,2090,1.69809
nist-docx-0014,2,58,3675,2006,1.83200
nist-docx-0014,2,59,3694,2053,1.79932
nist-docx-0014,2,60,3541,2038,1.73749
nist-docx-0014,2,61,3602,2100,1.71524
nist-docx-0014,2,62,3643,2296,1.58667
nist-docx-0014,2,63,3644,2057,1.77151
nist-docx-0014,2,64,3579,2013,1.77794
nist-docx-0014,2,65,3518,2196,1.60200
nist-docx-0014,2,66,3573,2287,1.56231
nist-docx-0014,2,67,3636,2152,1.68959
nist-docx-0014,2,68,3636,2095,1.73556
nist-docx-0014,2,69,3486,2048,1.70215
nist-docx-0014,2,70,3600,2082,1.72911
nist-docx-0014,2,71,3661,2109,1.73589
nist-docx-0014,2,72,3543,2061,1.71907
nist-docx-0014,2,73,3521,2069,1.70179
nist-docx-0014,2,74,3750,2203,1.70222
nist-docx-0014,2,75,3604,2197,1.64042
nist-docx-0014,2,76,3698,2029,1.82257
nist-docx-0014,2,77,3641,2298,1.58442
nist-docx-0014,2,78,3526,2183,1.61521
nist-docx-0014,2,79,3525,2024,1.74160
nist-docx-0014,2,80,3533,2111,1.67361
nist-docx-0014,2,81,3607,2050,1.75951
nist-docx-0014,2,82,3508,2048,1.71289
nist-docx-0014,2,83,3537,2030,1.74236
nist-docx-0014,2,84,3539,2049,1.72718
nist-docx-0014,2,85,3515,2071,1.69725
nist-docx-0014,2,86,3593,2075,1.73157
nist-docx-0014,2,87,3533,2270,1.55639
nist-docx-0014,2,88,3513,2033,1.72799
nist-docx-0014,2,89,3501,2396,1.46119
nist-docx-0014,2,90,3574,2168,1.64852
nist-docx-0014,2,91,3584,1998,1.79379
nist-docx-0014,2,92,3567,2077,1.71738
nist-docx-0014,2,93,3527,2087,1.68999
nist-docx-0014,2,94,3551,2093,1.69661
nist-docx-0014,2,95,3623,1986,1.82427
nist-docx-0014,2,96,3593,2085,1.72326
nist-docx-0014,2,97,3542,2126,1.66604
nist-docx-0014,2,98,3533,2110,1.67441
nist-docx-0014,2,99,3511,2149,1.63378
nist-docx-0014,2,100,3663,2065,1.77385
nist-epub-0003,2,1,2883,1839,1.56770
nist-epub-0003,2,2,2960,1765,1.67705
nist-epub-0003,2,3,2887,1724,1.67459
nist-epub-0003,2,4,2941,1870,1.57273
nist-epub-0003,2,5,2933,1881,1.55928
nist-epub-0003,2,6,2935,1686,1.74081
nist-epub-0003,2,7,2915,1714,1.70070
nist-epub-0003,2,8,2921,1659,1.76070
nist-epub-0003,2,9,2845,1696,1.67748
nist-epub-0003,2,10,2889,1686,1.71352
nist-epub-0003,2,11,2995,1688,1.77429
nist-epub-0003,2,12,2957,1645,1.79757
nist-epub-0003,2,13,2896,1733,1.67109
nist-epub-0003,2,14,2852,1770,1.61130
nist-epub-0003,2,15,2909,1712,1.69918
nist-epub-0003,2,16,2983,1816,1.64262
nist-epub-0003,2,17,2943,1900,1.54895
nist-epub-0003,2,18,2993,1712,1.74825
nist-epub-0003,2,19,2930,1805,1.62327
nist-epub-0003,2,20,3114,1725,1.80522
nist-epub-0003,2,21,3054,1920,1.59062
nist-epub-0003,2,22,3084,1876,1.64392
nist-epub-0003,2,23,3069,1852,1.65713
nist-epub-0003,2,24,3079,1912,1.61036
nist-epub-0003,2,25,2992,1862,1.60687
nist-epub-0003,2,26,2973,1887,1.57552
nist-epub-0003,2,27,2856,1876,1.52239
nist-epub-0003,2,28,3088,1857,1.66290
nist-epub-0003,2,29,3053,1834,1.66467
nist-epub-0003,2,30,3010,1799,1.67315
nist-epub-0003,2,31,2909,1895,1.53509
nist-epub-0003,2,32,2996,2310,1.29697
nist-epub-0003,2,33,2930,1773,1.65257
nist-epub-0003,2,34,2986,1816,1.64427
nist-epub-0003,2,35,2867,1756,1.63269
nist-epub-0003,2,36,2900,1711,1.69492
nist-epub-0003,2,37,3110,1814,1.71444
nist-epub-0003,2,38,3067,1920,1.59740
nist-epub-0003,2,39,2887,1822,1.58452
nist-epub-0003,2,40,2923,1829,1.59814
nist-epub-0003,2,41,2927,1850,1.58216
nist-epub-0003,2,42,2943,1867,1.57633
nist-epub-0003,2,43,2998,1720,1.74302
nist-epub-0003,2,44,2938,1881,1.56194
nist-epub-0003,2,45,2900,1974,1.46910
nist-epub-0003,2,46,3065,1783,1.71901
nist-epub-0003,2,47,2883,1768,1.63066
nist-epub-0003,2,48,2964,1839,1.61175
nist-epub-0003,2,49,2971,1886,1.57529
nist-epub-0003,2,50,2887,1753,1.64689
nist-epub-0003,2,51,3027,1761,1.71891
nist-epub-0003,2,52,3092,2053,1.50609
nist-epub-0003,2,53,2999,1781,1.68389
nist-epub-0003,2,54,3035,2066,1.46902
nist-epub-0003,2,55,2924,1886,1.55037
nist-epub-0003,2,56,3016,1911,1.57823
nist-epub-0003,2,57,2912,1780,1.63596
nist-epub-0003,2,58,3023,1853,1.63141
nist-epub-0003,2,59,3069,1810,1.69558
nist-epub-0003,2,60,3024,1927,1.56928
nist-epub-0003,2,61,3113,1865,1.66917
nist-epub-0003,2,62,2944,1946,1.51285
nist-epub-0003,2,63,2951,1869,1.57892
nist-epub-0003,2,64,3022,1860,1.62473
nist-epub-0003,2,65,3080,1945,1.58355
nist-epub-0003,2,66,3006,1864,1.61266
nist-epub-0003,2,67,2928,1856,1.57759
nist-epub-0003,2,68,2920,1772,1.64786
nist-epub-0003,2,69,2940,1847,1.59177
nist-epub-0003,2,70,3014,1843,1.63538
nist-epub-0003,2,71,2948,1935,1.52351
nist-epub-0003,2,72,3072,1952,1.57377
nist-epub-0003,2,73,3028,1872,1.61752
nist-epub-0003,2,74,2973,2097,1.41774
nist-epub-0003,2,75,3521,1928,1.82624
nist-epub-0003,2,76,2903,1863,1.55824
nist-epub-0003,2,77,2885,1728,1.66956
nist-epub-0003,2,78,2957,1748,1.69165
nist-epub-0003,2,79,3107,1891,1.64305
nist-epub-0003,2,80,3095,1792,1.72712
nist-epub-0003,2,81,2987,1912,1.56224
nist-epub-0003,2,82,2973,1888,1.57468
nist-epub-0003,2,83,3097,1767,1.75269
nist-epub-0003,2,84,3516,1857,1.89338
nist-epub-0003,2,85,3070,1792,1.71317
nist-epub-0003,2,86,2903,1678,1.73004
nist-epub-0003,2,87,2984,1943,1.53577
nist-epub-0003,2,88,3040,1803,1.68608
nist-epub-0003,2,89,2970,1832,1.62118
nist-epub-0003,2,90,2980,1832,1.62664
nist-epub-0003,2,91,3154,2086,1.51198
nist-epub-0003,2,92,2977,1865,1.59625
nist-epub-0003,2,93,2892,1900,1.52211
nist-epub-0003,2,94,2987,1801,1.65852
nist-epub-0003,2,95,2987,1829,1.63313
nist-epub-0003,2,96,2863,1818,1.57481
nist-epub-0003,2,97,3059,1820,1.68077
nist-epub-0003,2,98,3016,1845,1.63469
nist-epub-0003,2,99,3149,1878,1.67678
nist-epub-0003,2,100,3003,1791,1.67672
nist-epub-0006,2,1,2350,1470,1.59864
nist-epub-0006,2,2,2393,1572,1.52226
nist-epub-0006,2,3,2410,1483,1.62508
nist-epub-0006,2,4,2262,1509,1.49901
nist-epub-0006,2,5,2338,1514,1.54425
nist-epub-0006,2,6,2392,1492,1.60322
nist-epub-0006,2,7,2372,1520,1.56053
nist-epub-0006,2,8,2488,1436,1.73259
nist-epub-0006,2,9,2357,1535,1.53550
nist-epub-0006,2,10,2370,1643,1.44248
nist-epub-0006,2,11,2375,1516,1.56662
nist-epub-0006,2,12,2442,1549,1.57650
nist-epub-0006,2,13,2408,1687,1.42739
nist-epub-0006,2,14,2362,1679,1.40679
nist-epub-0006,2,15,2783,2242,1.24130
nist-epub-0006,2,16,2446,1552,1.57603
nist-epub-0006,2,17,2488,1625,1.53108
nist-epub-0006,2,18,2387,1602,1.49001
nist-epub-0006,2,19,2418,1576,1.53426
nist-epub-0006,2,20,2452,1605,1.52773
nist-epub-0006,2,21,2382,1809,1.31675
nist-epub-0006,2,22,2448,1543,1.58652
nist-epub-0006,2,23,2417,1649,1.46574
nist-epub-0006,2,24,2455,1602,1.53246
nist-epub-0006,2,25,2332,1623,1.43685
nist-epub-0006,2,26,2367,1530,1.54706
nist-epub-0006,2,27,2992,1633,1.83221
nist-epub-0006,2,28,2341,1579,1.48258
nist-epub-0006,2,29,2305,1686,1.36714
nist-epub-0006,2,30,2454,1587,1.54631
nist-epub-0006,2,31,2352,1664,1.41346
nist-epub-0006,2,32,2552,1610,1.58509
nist-epub-0006,2,33,2297,1490,1.54161
nist-epub-0006,2,34,2320,1528,1.51832
nist-epub-0006,2,35,2423,1579,1.53452
nist-epub-0006,2,36,2374,1552,1.52964
nist-epub-0006,2,37,2360,1808,1.30531
nist-epub-0006,2,38,2509,1633,1.53644
nist-epub-0006,2,39,2385,1729,1.37941
nist-epub-0006,2,40,2459,1650,1.49030
nist-epub-0006,2,41,2421,1715,1.41166
nist-epub-0006,2,42,2344,1582,1.48167
nist-epub-0006,2,43,2373,1576,1.50571
nist-epub-0006,2,44,2408,1459,1.65045
nist-epub-0006,2,45,2475,1603,1.54398
nist-epub-0006,2,46,2440,1550,1.57419
nist-epub-0006,2,47,2485,1551,1.60219
nist-epub-0006,2,48,2657,1628,1.63206
nist-epub-0006,2,49,2334,1608,1.45149
nist-epub-0006,2,50,2502,1524,1.64173
nist-epub-0006,2,51,2397,1562,1.53457
nist-epub-0006,2,52,2382,1517,1.57020
nist-epub-0006,2,53,2508,1546,1.62225
nist-epub-0006,2,54,2558,1686,1.51720
nist-epub-0006,2,55,2503,1689,1.48194
nist-epub-0006,2,56,2413,1629,1.48128
nist-epub-0006,2,57,2472,1562,1.58259
nist-epub-0006,2,58,2400,1595,1.50470
nist-epub-0006,2,59,2342,1522,1.53876
nist-epub-0006,2,60,2374,1596,1.48747
nist-epub-0006,2,61,2403,1707,1.40773
nist-epub-0006,2,62,2427,1546,1.56986
nist-epub-0006,2,63,2434,1651,1.47426
nist-epub-0006,2,64,2442,1559,1.56639
nist-epub-0006,2,65,2444,1602,1.52559
nist-epub-0006,2,66,2487,1748,1.42277
nist-epub-0006,2,67,2303,2376,0.96928
nist-epub-0006,2,68,2414,1567,1.54052
nist-epub-0006,2,69,2401,1718,1.39756
nist-epub-0006,2,70,2425,1617,1.49969
nist-epub-0006,2,71,2423,1489,1.62727
nist-epub-0006,2,72,2338,1738,1.34522
nist-epub-0006,2,73,2453,1551,1.58156
nist-epub-0006,2,74,2345,1542,1.52075
nist-epub-0006,2,75,2349,1592,1.47550
nist-epub-0006,2,76,2466,1508,1.63528
nist-epub-0006,2,77,2430,1597,1.52160
nist-epub-0006,2,78,2444,1588,1.53904
nist-epub-0006,2,79,2431,1662,1.46270
nist-epub-0006,2,80,2308,1608,1.43532
nist-epub-0006,2,81,3411,1538,2.21782
nist-epub-0006,2,82,2317,1502,1.54261
nist-epub-0006,2,83,2276,1488,1.52957
nist-epub-0006,2,84,2481,1589,1.56136
nist-epub-0006,2,85,2367,1541,1.53602
nist-epub-0006,2,86,2280,1486,1.53432
nist-epub-0006,2,87,2439,1705,1.43050
nist-epub-0006,2,88,2502,1587,1.57656
nist-epub-0006,2,89,2438,1553,1.56986
nist-epub-0006,2,90,2345,1602,1.46380
nist-epub-0006,2,91,2321,1684,1.37827
nist-epub-0006,2,92,2453,1567,1.56541
nist-epub-0006,2,93,2439,1523,1.60144
nist-epub-0006,2,94,2382,1502,1.58589
nist-epub-0006,2,95,2405,1600,1.50313
nist-epub-0006,2,96,2451,1714,1.42999
nist-epub-0006,2,97,2531,1595,1.58683
nist-epub-0006,2,98,2388,1553,1.53767
nist-epub-0006,2,99,2426,1812,1.33885
nist-epub-0006,2,100,2449,1576,1.55393
nist-epub-0008,2,1,1570,1502,1.04527
nist-epub-0008,2,2,1603,1491,1.07512
nist-epub-0008,2,3,1469,1561,0.94106
nist-epub-0008,2,4,1606,1435,1.11916
nist-epub-0008,2,5,1628,1498,1.08678
nist-epub-0008,2,6,1595,1509,1.05699
nist-epub-0008,2,7,1591,1554,1.02381
nist-epub-0008,2,8,1590,1426,1.11501
nist-epub-0008,2,9,1553,1410,1.10142
nist-epub-0008,2,10,1602,1547,1.03555
nist-epub-0008,2,11,1651,1427,1.15697
nist-epub-0008,2,12,1577,1477,1.06770
nist-epub-0008,2,13,1637,1524,1.07415
nist-epub-0008,2,14,1554,1398,1.11159
nist-epub-0008,2,15,1590,1406,1.13087
nist-epub-0008,2,16,1558,1455,1.07079
nist-epub-0008,2,17,1484,1395,1.06380
nist-epub-0008,2,18,1553,1413,1.09908
nist-epub-0008,2,19,1541,1477,1.04333
nist-epub-0008,2,20,1517,1437,1.05567
nist-epub-0008,2,21,1657,1552,1.06765
nist-epub-0008,2,22,1678,1444,1.16205
nist-epub-0008,2,23,1683,1547,1.08791
nist-epub-0008,2,24,1568,1417,1.10656
nist-epub-0008,2,25,1591,1460,1.08973
nist-epub-0008,2,26,1577,1518,1.03887
nist-epub-0008,2,27,1525,1516,1.00594
nist-epub-0008,2,28,1577,1476,1.06843
nist-epub-0008,2,29,1522,1452,1.04821
nist-epub-0008,2,30,1579,1586,0.99559
nist-epub-0008,2,31,1609,1589,1.01259
nist-epub-0008,2,32,1537,1388,1.10735
nist-epub-0008,2,33,1578,1414,1.11598
nist-epub-0008,2,34,1639,1398,1.17239
nist-epub-0008,2,35,1529,1494,1.02343
nist-epub-0008,2,36,1519,1407,1.07960
nist-epub-0008,2,37,1525,1412,1.08003
nist-epub-0008,2,38,1543,1512,1.02050
nist-epub-0008,2,39,1544,1659,0.93068
nist-epub-0008,2,40,1589,1443,1.10118
nist-epub-0008,2,41,1702,1488,1.14382
nist-epub-0008,2,42,1516,1412,1.07365
nist-epub-0008,2,43,1552,1503,1.03260
nist-epub-0008,2,44,1571,1509,1.04109
nist-epub-0008,2,45,1565,1455,1.07560
nist-epub-0008,2,46,1507,1503,1.00266
nist-epub-0008,2,47,1489,1664,0.89483
nist-epub-0008,2,48,1610,1447,1.11265
nist-epub-0008,2,49,1596,1460,1.09315
nist-epub-0008,2,50,1587,1433,1.10747
nist-epub-0008,2,51,1564,1497,1.04476
nist-epub-0008,2,52,1503,1386,1.08442
nist-epub-0008,2,53,1949,1411,1.38129
nist-epub-0008,2,54,1580,1489,1.06111
nist-epub-0008,2,55,1571,1481,1.06077
nist-epub-0008,2,56,1730,1583,1.09286
nist-epub-0008,2,57,1581,1630,0.96994
nist-epub-0008,2,58,1579,1468,1.07561
nist-epub-0008,2,59,1577,1510,1.04437
nist-epub-0008,2,60,1548,1403,1.10335
nist-epub-0008,2,61,1544,1464,1.05464
nist-epub-0008,2,62,1578,1484,1.06334
nist-epub-0008,2,63,1549,1448,1.06975
nist-epub-0008,2,64,1729,1468,1.17779
nist-epub-0008,2,65,1554,1578,0.98479
nist-epub-0008,2,66,1557,1590,0.97925
nist-epub-0008,2,67,1567,1497,1.04676
nist-epub-0008,2,68,1548,1434,1.07950
nist-epub-0008,2,69,1502,1463,1.02666
nist-epub-0008,2,70,1669,1549,1.07747
nist-epub-0008,2,71,1594,1389,1.14759
nist-epub-0008,2,72,1557,1396,1.11533
nist-epub-0008,2,73,1559,1541,1.01168
nist-epub-0008,2,74,1543,1480,1.04257
nist-epub-0008,2,75,1587,1623,0.97782
nist-epub-0008,2,76,1649,1435,1.14913
nist-epub-0008,2,77,1589,1426,1.11431
nist-epub-0008,2,78,1605,1456,1.10234
nist-epub-0008,2,79,1535,1511,1.01588
nist-epub-0008,2,80,1517,1486,1.02086
nist-epub-0008,2,81,1498,1451,1.03239
nist-epub-0008,2,82,1672,1452,1.15152
nist-epub-0008,2,83,1551,1695,0.91504
nist-epub-0008,2,84,1623,1444,1.12396
nist-epub-0008,2,85,2207,1526,1.44626
nist-epub-0008,2,86,1492,1436,1.03900
nist-epub-0008,2,87,1529,1463,1.04511
nist-epub-0008,2,88,1552,1415,1.09682
nist-epub-0008,2,89,1647,1409,1.16891
nist-epub-0008,2,90,1676,1424,1.17697
nist-epub-0008,2,91,1560,1592,0.97990
nist-epub-0008,2,92,1723,1502,1.14714
nist-epub-0008,2,93,1594,1676,0.95107
nist-epub-0008,2,94,1630,1467,1.11111
nist-epub-0008,2,95,1528,1612,0.94789
nist-epub-0008,2,96,1587,1456,1.08997
nist-epub-0008,2,97,1530,1459,1.04866
nist-epub-0008,2,98,1509,1416,1.06568
nist-epub-0008,2,99,1551,1472,1.05367
nist-epub-0008,2,100,1565,1572,0.99555
nist-epub-0009,2,1,5703,2866,1.98988
nist-epub-0009,2,2,5602,2478,2.26069
nist-epub-0009,2,3,5616,2964,1.89474
nist-epub-0009,2,4,5886,2780,2.11727
nist-epub-0009,2,5,6114,2498,2.44756
nist-epub-0009,2,6,5780,2629,2.19855
nist-epub-0009,2,7,5811,2844,2.04325
nist-epub-0009,2,8,6452,2456,2.62704
nist-epub-0009,2,9,5930,2944,2.01427
nist-epub-0009,2,10,5960,2661,2.23976
nist-epub-0009,2,11,5885,2625,2.24190
nist-epub-0009,2,12,6041,2609,2.31545
nist-epub-0009,2,13,5701,2499,2.28131
nist-epub-0009,2,14,5785,2877,2.01078
nist-epub-0009,2,15,5908,2716,2.17526
nist-epub-0009,2,16,5716,2413,2.36884
nist-epub-0009,2,17,5953,2618,2.27387
nist-epub-0009,2,18,6040,3130,1.92971
nist-epub-0009,2,19,5806,2367,2.45289
nist-epub-0009,2,20,5669,3099,1.82930
nist-epub-0009,2,21,5804,2598,2.23403
nist-epub-0009,2,22,5898,2438,2.41920
nist-epub-0009,2,23,5743,2586,2.22080
nist-epub-0009,2,24,5887,2370,2.48397
nist-epub-0009,2,25,5903,2430,2.42922
nist-epub-0009,2,26,5921,2356,2.51316
nist-epub-0009,2,27,5849,2369,2.46897
nist-epub-0009,2,28,5866,2494,2.35204
nist-epub-0009,2,29,5600,2539,2.20559
nist-epub-0009,2,30,5630,2484,2.26651
nist-epub-0009,2,31,5823,2367,2.46008
nist-epub-0009,2,32,5725,2519,2.27273
nist-epub-0009,2,33,5637,2403,2.34582
nist-epub-0009,2,34,5626,2392,2.35201
nist-epub-0009,2,35,5571,2622,2.12471
nist-epub-0009,2,36,5778,2643,2.18615
nist-epub-0009,2,37,5637,2545,2.21493
nist-epub-0009,2,38,5715,2568,2.22547
nist-epub-0009,2,39,5648,2509,2.25110
nist-epub-0009,2,40,5652,2509,2.25269
nist-epub-0009,2,41,5868,2357,2.48961
nist-epub-0009,2,42,5639,2315,2.43585
nist-epub-0009,2,43,5973,2525,2.36554
nist-epub-0009,2,44,5718,2422,2.36086
nist-epub-0009,2,45,5651,2611,2.16430
nist-epub-0009,2,46,5611,2637,2.12780
nist-epub-0009,2,47,6288,2549,2.46685
nist-epub-0009,2,48,5678,2621,2.16635
nist-epub-0009,2,49,5699,2683,2.12411
nist-epub-0009,2,50,5848,2437,2.39967
nist-epub-0009,2,51,6009,2568,2.33995
nist-epub-0009,2,52,5923,2521,2.34946
nist-epub-0009,2,53,5875,2483,2.36609
nist-epub-0009,2,54,5546,2403,2.30795
nist-epub-0009,2,55,5775,3053,1.89158
nist-epub-0009,2,56,6078,2872,2.11630
nist-epub-0009,2,57,5601,2800,2.00036
nist-epub-0009,2,58,5794,2786,2.07968
nist-epub-0009,2,59,5823,2517,2.31347
nist-epub-0009,2,60,5862,3061,1.91506
nist-epub-0009,2,61,5813,2649,2.19441
nist-epub-0009,2,62,5872,2727,2.15328
nist-epub-0009,2,63,5579,2507,2.22537
nist-epub-0009,2,64,5598,2368,2.36402
nist-epub-0009,2,65,5855,2440,2.39959
nist-epub-0009,2,66,5613,2522,2.22561
nist-epub-0009,2,67,5721,2592,2.20718
nist-epub-0009,2,68,5823,2632,2.21239
nist-epub-0009,2,69,5844,2665,2.19287
nist-epub-0009,2,70,6051,2568,2.35631
nist-epub-0009,2,71,5968,2673,2.23270
nist-epub-0009,2,72,5864,2633,2.22712
nist-epub-0009,2,73,5561,2625,2.11848
nist-epub-0009,2,74,5591,2824,1.97982
nist-epub-0009,2,75,5888,2410,2.44315
nist-epub-0009,2,76,5725,2319,2.46874
nist-epub-0009,2,77,5714,2385,2.39581
nist-epub-0009,2,78,5819,2449,2.37607
nist-epub-0009,2,79,5801,2538,2.28566
nist-epub-0009,2,80,6249,2569,2.43246
nist-epub-0009,2,81,5770,2391,2.41322
nist-epub-0009,2,82,5669,2351,2.41131
nist-epub-0009,2,83,5854,2507,2.33506
nist-epub-0009,2,84,5757,2610,2.20575
nist-epub-0009,2,85,5645,2556,2.20853
nist-epub-0009,2,86,5604,2359,2.37558
nist-epub-0009,2,87,5711,2643,2.16080
nist-epub-0009,2,88,5652,2416,2.33940
nist-epub-0009,2,89,5587,2481,2.25191
nist-epub-0009,2,90,5706,2630,2.16958
nist-epub-0009,2,91,5793,2336,2.47988
nist-epub-0009,2,92,5658,2309,2.45041
nist-epub-0009,2,93,5543,2402,2.30766
nist-epub-0009,2,94,5497,2675,2.05495
nist-epub-0009,2,95,5547,2579,2.15083
nist-epub-0009,2,96,5588,2536,2.20347
nist-epub-0009,2,97,5646,2374,2.37826
nist-epub-0009,2,98,5621,2315,2.42808
nist-epub-0009,2,99,5530,2377,2.32646
nist-epub-0009,2,100,5738,2358,2.43342
nist-pdf-0002,2,1,1496,1411,1.06024
nist-pdf-0002,2,2,1448,1370,1.05693
nist-pdf-0002,2,3,1326,1409,0.94109
nist-pdf-0002,2,4,1374,1408,0.97585
nist-pdf-0002,2,5,1353,1490,0.90805
nist-pdf-0002,2,6,1369,1399,0.97856
nist-pdf-0002,2,7,1335,1439,0.92773
nist-pdf-0002,2,8,1385,1390,0.99640
nist-pdf-0002,2,9,1379,1486,0.92799
nist-pdf-0002,2,10,1357,1535,0.88404
nist-pdf-0002,2,11,1421,1375,1.03345
nist-pdf-0002,2,12,1367,1415,0.96608
nist-pdf-0002,2,13,1363,1422,0.95851
nist-pdf-0002,2,14,1480,1519,0.97433
nist-pdf-0002,2,15,1411,1412,0.99929
nist-pdf-0002,2,16,1446,1352,1.06953
nist-pdf-0002,2,17,1417,1378,1.02830
nist-pdf-0002,2,18,1400,1408,0.99432
nist-pdf-0002,2,19,1431,1495,0.95719
nist-pdf-0002,2,20,1386,1464,0.94672
nist-pdf-0002,2,21,1367,1534,0.89113
nist-pdf-0002,2,22,1392,1446,0.96266
nist-pdf-0002,2,23,1383,1458,0.94856
nist-pdf-0002,2,24,1524,1512,1.00794
nist-pdf-0002,2,25,1433,1439,0.99583
nist-pdf-0002,2,26,1351,1376,0.98183
nist-pdf-0002,2,27,1323,1408,0.93963
nist-pdf-0002,2,28,1357,1397,0.97137
nist-pdf-0002,2,29,1502,1434,1.04742
nist-pdf-0002,2,30,1419,1373,1.03350
nist-pdf-0002,2,31,1352,1432,0.94413
nist-pdf-0002,2,32,1465,1527,0.95940
nist-pdf-0002,2,33,1411,1396,1.01074
nist-pdf-0002,2,34,1348,1386,0.97258
nist-pdf-0002,2,35,1387,1448,0.95787
nist-pdf-0002,2,36,1413,1394,1.01363
nist-pdf-0002,2,37,1348,1523,0.88510
nist-pdf-0002,2,38,1387,1404,0.98789
nist-pdf-0002,2,39,1399,1407,0.99431
nist-pdf-0002,2,40,1465,1441,1.01666
nist-pdf-0002,2,41,1351,1389,0.97264
nist-pdf-0002,2,42,1395,1367,1.02048
nist-pdf-0002,2,43,1381,1428,0.96709
nist-pdf-0002,2,44,1331,1515,0.87855
nist-pdf-0002,2,45,1336,1394,0.95839
nist-pdf-0002,2,46,1451,1486,0.97645
nist-pdf-0002,2,47,1335,1430,0.93357
nist-pdf-0002,2,48,1342,1402,0.95720
nist-pdf-0002,2,49,1347,1455,0.92577
nist-pdf-0002,2,50,1345,1379,0.97534
nist-pdf-0002,2,51,1351,1395,0.96846
nist-pdf-0002,2,52,1362,1332,1.02252
nist-pdf-0002,2,53,1355,1382,0.98046
nist-pdf-0002,2,54,1274,1312,0.97104
nist-pdf-0002,2,55,1372,1317,1.04176
nist-pdf-0002,2,56,1273,1388,0.91715
nist-pdf-0002,2,57,1296,1310,0.98931
nist-pdf-0002,2,58,1280,1328,0.96386
nist-pdf-0002,2,59,1327,1337,0.99252
nist-pdf-0002,2,60,1277,1381,0.92469
nist-pdf-0002,2,61,1329,1298,1.02388
nist-pdf-0002,2,62,1307,1313,0.99543
nist-pdf-0002,2,63,1430,1306,1.09495
nist-pdf-0002,2,64,1282,1574,0.81449
nist-pdf-0002,2,65,1264,1321,0.95685
nist-pdf-0002,2,66,1294,1318,0.98179
nist-pdf-0002,2,67,1316,1315,1.00076
nist-pdf-0002,2,68,1292,1320,0.97879
nist-pdf-0002,2,69,1284,1312,0.97866
nist-pdf-0002,2,70,1424,1313,1.08454
nist-pdf-0002,2,71,1382,1447,0.95508
nist-pdf-0002,2,72,1377,1439,0.95691
nist-pdf-0002,2,73,1335,1550,0.86129
nist-pdf-0002,2,74,1376,1417,0.97107
nist-pdf-0002,2,75,1391,1457,0.95470
nist-pdf-0002,2,76,1367,1401,0.97573
nist-pdf-0002,2,77,1430,1499,0.95397
nist-pdf-0002,2,78,1414,1413,1.00071
nist-pdf-0002,2,79,1407,1473,0.95519
nist-pdf-0002,2,80,1376,1474,0.93351
nist-pdf-0002,2,81,1364,1498,0.91055
nist-pdf-0002,2,82,1337,1553,0.86091
nist-pdf-0002,2,83,1393,1385,1.00578
nist-pdf-0002,2,84,1411,1402,1.00642
nist-pdf-0002,2,85,1364,1561,0.87380
nist-pdf-0002,2,86,1375,1421,0.96763
nist-pdf-0002,2,87,1348,1546,0.87193
nist-pdf-0002,2,88,1359,1383,0.98265
nist-pdf-0002,2,89,1281,1487,0.86147
nist-pdf-0002,2,90,1456,1391,1.04673
nist-pdf-0002,2,91,1305,1384,0.94292
nist-pdf-0002,2,92,1369,1467,0.93320
nist-pdf-0002,2,93,1371,1322,1.03707
nist-pdf-0002,2,94,1357,1418,0.95698
nist-pdf-0002,2,95,1296,1450,0.89379
nist-pdf-0002,2,96,1376,1409,0.97658
nist-pdf-0002,2,97,1369,1351,1.01332
nist-pdf-0002,2,98,1348,1521,0.88626
nist-pdf-0002,2,99,1293,1501,0.86143
nist-pdf-0002,2,100,1352,1360,0.99412
nist-pdf-0004,2,1,3089,1900,1.62579
nist-pdf-0004,2,2,2993,1845,1.62222
nist-pdf-0004,2,3,3105,2209,1.40561
nist-pdf-0004,2,4,3186,1991,1.60020
nist-pdf-0004,2,5,3185,1909,1.66841
nist-pdf-0004,2,6,3030,2134,1.41987
nist-pdf-0004,2,7,2936,1844,1.59219
nist-pdf-0004,2,8,2950,1936,1.52376
nist-pdf-0004,2,9,3015,1882,1.60202
nist-pdf-0004,2,10,3071,2033,1.51058
nist-pdf-0004,2,11,3046,2030,1.50049
nist-pdf-0004,2,12,3339,1934,1.72647
nist-pdf-0004,2,13,3131,1956,1.60072
nist-pdf-0004,2,14,3174,2073,1.53111
nist-pdf-0004,2,15,3070,2035,1.50860
nist-pdf-0004,2,16,3624,1933,1.87481
nist-pdf-0004,2,17,3022,2681,1.12719
nist-pdf-0004,2,18,2978,1850,1.60973
nist-pdf-0004,2,19,3037,2277,1.33377
nist-pdf-0004,2,20,3107,1953,1.59089
nist-pdf-0004,2,21,3122,2132,1.46435
nist-pdf-0004,2,22,3189,1991,1.60171
nist-pdf-0004,2,23,3097,1833,1.68958
nist-pdf-0004,2,24,3095,1727,1.79213
nist-pdf-0004,2,25,3057,2096,1.45849
nist-pdf-0004,2,26,3041,2039,1.49142
nist-pdf-0004,2,27,3158,2012,1.56958
nist-pdf-0004,2,28,3037,1830,1.65956
nist-pdf-0004,2,29,2886,2174,1.32751
nist-pdf-0004,2,30,2935,1761,1.66667
nist-pdf-0004,2,31,2941,1781,1.65132
nist-pdf-0004,2,32,2946,1928,1.52801
nist-pdf-0004,2,33,2861,1733,1.65089
nist-pdf-0004,2,34,2888,1686,1.71293
nist-pdf-0004,2,35,2869,1772,1.61907
nist-pdf-0004,2,36,2959,1706,1.73447
nist-pdf-0004,2,37,2897,1750,1.65543
nist-pdf-0004,2,38,3006,1940,1.54948
nist-pdf-0004,2,39,2917,1827,1.59661
nist-pdf-0004,2,40,2944,1899,1.55029
nist-pdf-0004,2,41,2947,1729,1.70445
nist-pdf-0004,2,42,2893,1725,1.67710
nist-pdf-0004,2,43,2914,1718,1.69616
nist-pdf-0004,2,44,2911,1731,1.68169
nist-pdf-0004,2,45,2910,1800,1.61667
nist-pdf-0004,2,46,2958,1737,1.70294
nist-pdf-0004,2,47,2941,1828,1.60886
nist-pdf-0004,2,48,2887,1757,1.64314
nist-pdf-0004,2,49,2929,1687,1.73622
nist-pdf-0004,2,50,2927,1800,1.62611
nist-pdf-0004,2,51,2890,1765,1.63739
nist-pdf-0004,2,52,2881,1739,1.65670
nist-pdf-0004,2,53,2861,1728,1.65567
nist-pdf-0004,2,54,2941,1731,1.69902
nist-pdf-0004,2,55,2939,1877,1.56580
nist-pdf-0004,2,56,2855,1795,1.59053
nist-pdf-0004,2,57,2968,1841,1.61217
nist-pdf-0004,2,58,2965,1742,1.70207
nist-pdf-0004,2,59,3099,1855,1.67062
nist-pdf-0004,2,60,2967,1686,1.75979
nist-pdf-0004,2,61,2869,1920,1.49427
nist-pdf-0004,2,62,2971,1921,1.54659
nist-pdf-0004,2,63,2942,1719,1.71146
nist-pdf-0004,2,64,2970,1912,1.55335
nist-pdf-0004,2,65,2880,1727,1.66763
nist-pdf-0004,2,66,2956,1896,1.55907
nist-pdf-0004,2,67,2954,1737,1.70063
nist-pdf-0004,2,68,2849,1835,1.55259
nist-pdf-0004,2,69,2869,1901,1.50921
nist-pdf-0004,2,70,3009,1691,1.77942
nist-pdf-0004,2,71,2856,1738,1.64327
nist-pdf-0004,2,72,2930,1713,1.71045
nist-pdf-0004,2,73,2910,1721,1.69088
nist-pdf-0004,2,74,2929,1730,1.69306
nist-pdf-0004,2,75,2951,1898,1.55479
nist-pdf-0004,2,76,2946,1891,1.55791
nist-pdf-0004,2,77,2904,2021,1.43691
nist-pdf-0004,2,78,3004,1858,1.61679
nist-pdf-0004,2,79,2904,1688,1.72038
nist-pdf-0004,2,80,2925,1708,1.71253
nist-pdf-0004,2,81,2896,1830,1.58251
nist-pdf-0004,2,82,2889,1834,1.57525
nist-pdf-0004,2,83,2970,1781,1.66760
nist-pdf-0004,2,84,3395,1740,1.95115
nist-pdf-0004,2,85,2906,1747,1.66342
nist-pdf-0004,2,86,2987,1889,1.58126
nist-pdf-0004,2,87,2934,1883,1.55815
nist-pdf-0004,2,88,3011,1890,1.59312
nist-pdf-0004,2,89,3007,1991,1.51030
nist-pdf-0004,2,90,2968,2045,1.45134
nist-pdf-0004,2,91,3131,2043,1.53255
nist-pdf-0004,2,92,3003,2461,1.22024
nist-pdf-0004,2,93,2904,1811,1.60353
nist-pdf-0004,2,94,2901,1948,1.48922
nist-pdf-0004,2,95,2936,2140,1.37196
nist-pdf-0004,2,96,3120,1899,1.64297
nist-pdf-0004,2,97,3055,2258,1.35297
nist-pdf-0004,2,98,2966,1967,1.50788
nist-pdf-0004,2,99,3070,1908,1.60901
nist-pdf-0004,2,100,3135,1878,1.66933
nist-pdf-0016,2,1,1383,1334,1.03673
nist-pdf-0016,2,2,1399,1346,1.03938
nist-pdf-0016,2,3,1399,1358,1.03019
nist-pdf-0016,2,4,1395,1366,1.02123
nist-pdf-0016,2,5,1444,1370,1.05401
nist-pdf-0016,2,6,1436,1423,1.00914
nist-pdf-0016,2,7,1435,1365,1.05128
nist-pdf-0016,2,8,1495,1351,1.10659
nist-pdf-0016,2,9,1471,1484,0.99124
nist-pdf-0016,2,10,1546,1379,1.12110
nist-pdf-0016,2,11,1486,1474,1.00814
nist-pdf-0016,2,12,1427,1445,0.98754
nist-pdf-0016,2,13,1428,1366,1.04539
nist-pdf-0016,2,14,1438,1365,1.05348
nist-pdf-0016,2,15,1367,1382,0.98915
nist-pdf-0016,2,16,1484,1485,0.99933
nist-pdf-0016,2,17,1452,1566,0.92720
nist-pdf-0016,2,18,1543,1877,0.82206
nist-pdf-0016,2,19,1528,1577,0.96893
nist-pdf-0016,2,20,1515,1542,0.98249
nist-pdf-0016,2,21,1365,1433,0.95255
nist-pdf-0016,2,22,1468,1520,0.96579
nist-pdf-0016,2,23,1505,1417,1.06210
nist-pdf-0016,2,24,1412,1401,1.00785
nist-pdf-0016,2,25,1414,1447,0.97719
nist-pdf-0016,2,26,1455,1389,1.04752
nist-pdf-0016,2,27,1628,1901,0.85639
nist-pdf-0016,2,28,1408,1447,0.97305
nist-pdf-0016,2,29,1535,1498,1.02470
nist-pdf-0016,2,30,1417,1460,0.97055
nist-pdf-0016,2,31,1560,1518,1.02767
nist-pdf-0016,2,32,1480,1459,1.01439
nist-pdf-0016,2,33,1411,1471,0.95921
nist-pdf-0016,2,34,1560,1376,1.13372
nist-pdf-0016,2,35,1414,1666,0.84874
nist-pdf-0016,2,36,1522,1389,1.09575
nist-pdf-0016,2,37,1525,1649,0.92480
nist-pdf-0016,2,38,1560,1447,1.07809
nist-pdf-0016,2,39,1586,1552,1.02191
nist-pdf-0016,2,40,1565,1423,1.09979
nist-pdf-0016,2,41,1539,1440,1.06875
nist-pdf-0016,2,42,1584,1487,1.06523
nist-pdf-0016,2,43,1523,1523,1.00000
nist-pdf-0016,2,44,1437,1439,0.99861
nist-pdf-0016,2,45,1439,1411,1.01984
nist-pdf-0016,2,46,1460,1347,1.08389
nist-pdf-0016,2,47,1537,1406,1.09317
nist-pdf-0016,2,48,1417,1415,1.00141
nist-pdf-0016,2,49,1362,1356,1.00442
nist-pdf-0016,2,50,1515,1537,0.98569
nist-pdf-0016,2,51,1441,1450,0.99379
nist-pdf-0016,2,52,1533,1610,0.95217
nist-pdf-0016,2,53,1406,1459,0.96367
nist-pdf-0016,2,54,1422,1490,0.95436
nist-pdf-0016,2,55,1392,1418,0.98166
nist-pdf-0016,2,56,1468,1408,1.04261
nist-pdf-0016,2,57,1474,1414,1.04243
nist-pdf-0016,2,58,1427,1407,1.01421
nist-pdf-0016,2,59,1391,1367,1.01756
nist-pdf-0016,2,60,1480,1445,1.02422
nist-pdf-0016,2,61,1471,1526,0.96396
nist-pdf-0016,2,62,1507,1472,1.02378
nist-pdf-0016,2,63,1527,1412,1.08144
nist-pdf-0016,2,64,1501,1535,0.97785
nist-pdf-0016,2,65,1446,1370,1.05547
nist-pdf-0016,2,66,1455,1454,1.00069
nist-pdf-0016,2,67,1449,1467,0.98773
nist-pdf-0016,2,68,1393,1353,1.02956
nist-pdf-0016,2,69,1474,1324,1.11329
nist-pdf-0016,2,70,1341,1307,1.02601
nist-pdf-0016,2,71,1351,1330,1.01579
nist-pdf-0016,2,72,1363,1377,0.98983
nist-pdf-0016,2,73,1448,1355,1.06863
nist-pdf-0016,2,74,1379,1360,1.01397
nist-pdf-0016,2,75,1492,1383,1.07881
nist-pdf-0016,2,76,1359,1384,0.98194
nist-pdf-0016,2,77,1406,1337,1.05161
nist-pdf-0016,2,78,1372,1333,1.02926
nist-pdf-0016,2,79,1426,1337,1.06657
nist-pdf-0016,2,80,1344,1316,1.02128
nist-pdf-0016,2,81,1373,1340,1.02463
nist-pdf-0016,2,82,1366,1315,1.03878
nist-pdf-0016,2,83,1334,1309,1.01910
nist-pdf-0016,2,84,1488,1436,1.03621
nist-pdf-0016,2,85,1462,1363,1.07263
nist-pdf-0016,2,86,1400,1323,1.05820
nist-pdf-0016,2,87,1355,1425,0.95088
nist-pdf-0016,2,88,1391,1521,0.91453
nist-pdf-0016,2,89,1352,1337,1.01122
nist-pdf-0016,2,90,1467,1509,0.97217
nist-pdf-0016,2,91,1493,1409,1.05962
nist-pdf-0016,2,92,1450,1466,0.98909
nist-pdf-0016,2,93,1467,1539,0.95322
nist-pdf-0016,2,94,1391,1394,0.99785
nist-pdf-0016,2,95,1492,1432,1.04190
nist-pdf-0016,2,96,1440,1547,0.93083
nist-pdf-0016,2,97,1521,1431,1.06289
nist-pdf-0016,2,98,1442,1414,1.01980
nist-pdf-0016,2,99,1426,1531,0.93142
nist-pdf-0016,2,100,1480,1472,1.00543
nist-pdf-0017,2,1,3663,2508,1.46053
nist-pdf-0017,2,2,4003,2263,1.76889
nist-pdf-0017,2,3,4106,2291,1.79223
nist-pdf-0017,2,4,3773,2198,1.71656
nist-pdf-0017,2,5,3678,2244,1.63904
nist-pdf-0017,2,6,3891,2112,1.84233
nist-pdf-0017,2,7,3889,2193,1.77337
nist-pdf-0017,2,8,3788,2291,1.65343
nist-pdf-0017,2,9,3756,2364,1.58883
nist-pdf-0017,2,10,3976,2101,1.89243
nist-pdf-0017,2,11,3871,2174,1.78059
nist-pdf-0017,2,12,4141,2006,2.06431
nist-pdf-0017,2,13,3936,1970,1.99797
nist-pdf-0017,2,14,3751,2157,1.73899
nist-pdf-0017,2,15,4807,2411,1.99378
nist-pdf-0017,2,16,3763,2288,1.64467
nist-pdf-0017,2,17,3789,2418,1.56700
nist-pdf-0017,2,18,3827,2503,1.52897
nist-pdf-0017,2,19,3611,2222,1.62511
nist-pdf-0017,2,20,4035,2333,1.72953
nist-pdf-0017,2,21,4333,2204,1.96597
nist-pdf-0017,2,22,3994,2396,1.66694
nist-pdf-0017,2,23,3781,2257,1.67523
nist-pdf-0017,2,24,3808,2008,1.89641
nist-pdf-0017,2,25,4046,2056,1.96790
nist-pdf-0017,2,26,3714,1952,1.90266
nist-pdf-0017,2,27,3805,1955,1.94629
nist-pdf-0017,2,28,3934,2053,1.91622
nist-pdf-0017,2,29,4234,2613,1.62036
nist-pdf-0017,2,30,3742,2015,1.85707
nist-pdf-0017,2,31,3909,2207,1.77118
nist-pdf-0017,2,32,3856,2229,1.72992
nist-pdf-0017,2,33,3804,2387,1.59363
nist-pdf-0017,2,34,3771,2184,1.72665
nist-pdf-0017,2,35,3795,2078,1.82628
nist-pdf-0017,2,36,3825,2284,1.67469
nist-pdf-0017,2,37,3784,2532,1.49447
nist-pdf-0017,2,38,3882,2078,1.86814
nist-pdf-0017,2,39,3715,2437,1.52442
nist-pdf-0017,2,40,4382,2378,1.84272
nist-pdf-0017,2,41,3993,2287,1.74596
nist-pdf-0017,2,42,3818,1985,1.92343
nist-pdf-0017,2,43,3740,2056,1.81907
nist-pdf-0017,2,44,3721,2369,1.57070
nist-pdf-0017,2,45,3709,2164,1.71396
nist-pdf-0017,2,46,4111,2221,1.85097
nist-pdf-0017,2,47,3980,2154,1.84773
nist-pdf-0017,2,48,3839,2135,1.79813
nist-pdf-0017,2,49,3712,2358,1.57422
nist-pdf-0017,2,50,3820,2155,1.77262
nist-pdf-0017,2,51,3703,2211,1.67481
nist-pdf-0017,2,52,3656,1920,1.90417
nist-pdf-0017,2,53,3770,2157,1.74780
nist-pdf-0017,2,54,4047,2063,1.96171
nist-pdf-0017,2,55,3784,2210,1.71222
nist-pdf-0017,2,56,3683,1944,1.89455
nist-pdf-0017,2,57,3882,2237,1.73536
nist-pdf-0017,2,58,3699,2018,1.83300
nist-pdf-0017,2,59,3722,2456,1.51547
nist-pdf-0017,2,60,3931,2534,1.55130
nist-pdf-0017,2,61,3844,2258,1.70239
nist-pdf-0017,2,62,3817,2127,1.79455
nist-pdf-0017,2,63,3908,2047,1.90914
nist-pdf-0017,2,64,3668,2129,1.72287
nist-pdf-0017,2,65,3622,2022,1.79130
nist-pdf-0017,2,66,3929,2181,1.80147
nist-pdf-0017,2,67,4045,2208,1.83197
nist-pdf-0017,2,68,3823,2003,1.90864
nist-pdf-0017,2,69,3787,2227,1.70049
nist-pdf-0017,2,70,4032,2088,1.93103
nist-pdf-0017,2,71,3990,2072,1.92568
nist-pdf-0017,2,72,3750,2176,1.72335
nist-pdf-0017,2,73,3649,1968,1.85417
nist-pdf-0017,2,74,3943,2034,1.93854
nist-pdf-0017,2,75,3767,2129,1.76938
nist-pdf-0017,2,76,3988,2218,1.79802
nist-pdf-0017,2,77,3981,2181,1.82531
nist-pdf-0017,2,78,3898,2157,1.80714
nist-pdf-0017,2,79,3808,2214,1.71996
nist-pdf-0017,2,80,3847,2076,1.85308
nist-pdf-0017,2,81,3913,2330,1.67940
nist-pdf-0017,2,82,3772,2212,1.70524
nist-pdf-0017,2,83,3779,2238,1.68856
nist-pdf-0017,2,84,3826,2359,1.62187
nist-pdf-0017,2,85,3857,2251,1.71346
nist-pdf-0017,2,86,3774,2405,1.56923
nist-pdf-0017,2,87,3853,2262,1.70336
nist-pdf-0017,2,88,4044,2360,1.71356
nist-pdf-0017,2,89,4051,2068,1.95890
nist-pdf-0017,2,90,3979,1991,1.99849
nist-pdf-0017,2,91,3877,2558,1.51564
nist-pdf-0017,2,92,3698,2070,1.78647
nist-pdf-0017,2,93,3968,2133,1.86029
nist-pdf-0017,2,94,3989,2083,1.91503
nist-pdf-0017,2,95,3913,2571,1.52198
nist-pdf-0017,2,96,4472,2108,2.12144
nist-pdf-0017,2,97,3873,2512,1.54180
nist-pdf-0017,2,98,3927,2224,1.76574
nist-pdf-0017,2,99,3811,2050,1.85902
nist-pdf-0017,2,100,3843,1982,1.93895
nist-docx-0005,3,1,1314,1577,0.83323
nist-docx-0005,3,2,1286,1534,0.83833
nist-docx-0005,3,3,1299,1490,0.87181
nist-docx-0005,3,4,1360,1454,0.93535
nist-docx-0005,3,5,1361,1543,0.88205
nist-docx-0005,3,6,1294,1836,0.70479
nist-docx-0005,3,7,1365,1601,0.85259
nist-docx-0005,3,8,1385,1516,0.91359
nist-docx-0005,3,9,1302,1465,0.88874
nist-docx-0005,3,10,1381,1479,0.93374
nist-docx-0005,3,11,1307,1485,0.88013
nist-docx-0005,3,12,1283,1487,0.86281
nist-docx-0005,3,13,1284,1550,0.82839
nist-docx-0005,3,14,1299,1597,0.81340
nist-docx-0005,3,15,1326,1633,0.81200
nist-docx-0005,3,16,1349,1605,0.84050
nist-docx-0005,3,17,1286,1500,0.85733
nist-docx-0005,3,18,1289,1506,0.85591
nist-docx-0005,3,19,1241,1489,0.83345
nist-docx-0005,3,20,1334,1456,0.91621
nist-docx-0005,3,21,1294,1457,0.88813
nist-docx-0005,3,22,1264,1434,0.88145
nist-docx-0005,3,23,1225,1472,0.83220
nist-docx-0005,3,24,1253,1461,0.85763
nist-docx-0005,3,25,1250,1488,0.84005
nist-docx-0005,3,26,1252,1486,0.84253
nist-docx-0005,3,27,1273,1576,0.80774
nist-docx-0005,3,28,1271,1459,0.87114
nist-docx-0005,3,29,1289,1502,0.85819
nist-docx-0005,3,30,1305,1580,0.82595
nist-docx-0005,3,31,1282,1521,0.84287
nist-docx-0005,3,32,1312,1536,0.85417
nist-docx-0005,3,33,1297,1463,0.88653
nist-docx-0005,3,34,1262,1493,0.84528
nist-docx-0005,3,35,1243,1432,0.86802
nist-docx-0005,3,36,1282,1444,0.88781
nist-docx-0005,3,37,1254,1481,0.84673
nist-docx-0005,3,38,1308,1529,0.85546
nist-docx-0005,3,39,1349,1482,0.91026
nist-docx-0005,3,40,1288,1461,0.88159
nist-docx-0005,3,41,1337,1482,0.90216
nist-docx-0005,3,42,1297,1470,0.88231
nist-docx-0005,3,43,1317,1563,0.84261
nist-docx-0005,3,44,1319,1458,0.90466
nist-docx-0005,3,45,1248,1463,0.85304
nist-docx-0005,3,46,1299,1528,0.85013
nist-docx-0005,3,47,1266,1487,0.85138
nist-docx-0005,3,48,1257,1534,0.81943
nist-docx-0005,3,49,1301,1577,0.82498
nist-docx-0005,3,50,1290,1492,0.86461
nist-docx-0005,3,51,1302,1482,0.87854
nist-docx-0005,3,52,1410,1471,0.95853
nist-docx-0005,3,53,1269,1526,0.83159
nist-docx-0005,3,54,1260,1432,0.87989
nist-docx-0005,3,55,1296,1988,0.65191
nist-docx-0005,3,56,1328,1491,0.89068
nist-docx-0005,3,57,1228,1512,0.81217
nist-docx-0005,3,58,1290,1514,0.85205
nist-docx-0005,3,59,1326,1501,0.88341
nist-docx-0005,3,60,1280,1529,0.83715
nist-docx-0005,3,61,1276,1485,0.85926
nist-docx-0005,3,62,1349,1541,0.87541
nist-docx-0005,3,63,1255,1533,0.81866
nist-docx-0005,3,64,1259,1453,0.86648
nist-docx-0005,3,65,1257,1474,0.85278
nist-docx-0005,3,66,1260,1456,0.86538
nist-docx-0005,3,67,1275,1609,0.79242
nist-docx-0005,3,68,1264,1625,0.77785
nist-docx-0005,3,69,1283,1530,0.83856
nist-docx-0005,3,70,1337,1477,0.90521
nist-docx-0005,3,71,1253,1546,0.81048
nist-docx-0005,3,72,1339,1582,0.84640
nist-docx-0005,3,73,1281,1539,0.83236
nist-docx-0005,3,74,1293,1671,0.77379
nist-docx-0005,3,75,1293,1595,0.81066
nist-docx-0005,3,76,1334,1544,0.86399
nist-docx-0005,3,77,1267,1477,0.85782
nist-docx-0005,3,78,1259,1481,0.85010
nist-docx-0005,3,79,1297,1447,0.89634
nist-docx-0005,3,80,1302,1444,0.90166
nist-docx-0005,3,81,1286,1437,0.89492
nist-docx-0005,3,82,1232,1508,0.81698
nist-docx-0005,3,83,1284,1450,0.88552
nist-docx-0005,3,84,1301,1454,0.89477
nist-docx-0005,3,85,1288,1475,0.87322
nist-docx-0005,3,86,1244,1615,0.77028
nist-docx-0005,3,87,1280,1485,0.86195
nist-docx-0005,3,88,1263,1491,0.84708
nist-docx-0005,3,89,1251,1542,0.81128
nist-docx-0005,3,90,1303,1481,0.87981
nist-docx-0005,3,91,1324,1498,0.88385
nist-docx-0005,3,92,1304,1489,0.87576
nist-docx-0005,3,93,1266,1430,0.88531
nist-docx-0005,3,94,1298,1492,0.86997
nist-docx-0005,3,95,1361,1485,0.91650
nist-docx-0005,3,96,1324,1595,0.83009
nist-docx-0005,3,97,1292,1490,0.86711
nist-docx-0005,3,98,1270,1447,0.87768
nist-docx-0005,3,99,1299,1471,0.88307
nist-docx-0005,3,100,1242,1429,0.86914
nist-docx-0008,3,1,1053,1334,0.78936
nist-docx-0008,3,2,1086,1468,0.73978
nist-docx-0008,3,3,1016,1425,0.71298
nist-docx-0008,3,4,1042,1377,0.75672
nist-docx-0008,3,5,1025,1453,0.70544
nist-docx-0008,3,6,1022,1418,0.72073
nist-docx-0008,3,7,1116,1346,0.82912
nist-docx-0008,3,8,1063,1498,0.70961
nist-docx-0008,3,9,1020,1380,0.73913
nist-docx-0008,3,10,1667,1905,0.87507
nist-docx-0008,3,11,1071,1417,0.75582
nist-docx-0008,3,12,1067,1389,0.76818
nist-docx-0008,3,13,1020,1452,0.70248
nist-docx-0008,3,14,1104,1460,0.75616
nist-docx-0008,3,15,1046,1358,0.77025
nist-docx-0008,3,16,1051,1408,0.74645
nist-docx-0008,3,17,1075,1384,0.77673
nist-docx-0008,3,18,1005,1350,0.74444
nist-docx-0008,3,19,1007,1369,0.73557
nist-docx-0008,3,20,1041,1454,0.71596
nist-docx-0008,3,21,1023,1366,0.74890
nist-docx-0008,3,22,1001,1348,0.74258
nist-docx-0008,3,23,1062,1350,0.78667
nist-docx-0008,3,24,1041,1351,0.77054
nist-docx-0008,3,25,1035,1320,0.78409
nist-docx-0008,3,26,1056,1340,0.78806
nist-docx-0008,3,27,1009,1348,0.74852
nist-docx-0008,3,28,991,1321,0.75019
nist-docx-0008,3,29,991,1370,0.72336
nist-docx-0008,3,30,1048,1347,0.77803
nist-docx-0008,3,31,1030,1419,0.72586
nist-docx-0008,3,32,992,1434,0.69177
nist-docx-0008,3,33,1007,1367,0.73665
nist-docx-0008,3,34,1025,1362,0.75257
nist-docx-0008,3,35,1031,1398,0.73748
nist-docx-0008,3,36,1011,1371,0.73742
nist-docx-0008,3,37,996,1440,0.69167
nist-docx-0008,3,38,1061,1380,0.76884
nist-docx-0008,3,39,998,1342,0.74367
nist-docx-0008,3,40,1007,1371,0.73450
nist-docx-0008,3,41,1036,1390,0.74532
nist-docx-0008,3,42,1013,1346,0.75260
nist-docx-0008,3,43,988,1328,0.74398
nist-docx-0008,3,44,1029,1356,0.75885
nist-docx-0008,3,45,1069,1316,0.81231
nist-docx-0008,3,46,1062,1342,0.79136
nist-docx-0008,3,47,988,1379,0.71646
nist-docx-0008,3,48,1026,1362,0.75330
nist-docx-0008,3,49,1057,1669,0.63331
nist-docx-0008,3,50,1039,1346,0.77192
nist-docx-0008,3,51,1019,1433,0.71110
nist-docx-0008,3,52,1011,1383,0.73102
nist-docx-0008,3,53,1047,1350,0.77556
nist-docx-0008,3,54,1071,1507,0.71068
nist-docx-0008,3,55,1041,1397,0.74517
nist-docx-0008,3,56,1018,1381,0.73715
nist-docx-0008,3,57,1004,1443,0.69577
nist-docx-0008,3,58,1085,1381,0.78566
nist-docx-0008,3,59,1004,1387,0.72386
nist-docx-0008,3,60,1112,1397,0.79599
nist-docx-0008,3,61,1054,1391,0.75773
nist-docx-0008,3,62,1021,1382,0.73878
nist-docx-0008,3,63,1085,2050,0.52927
nist-docx-0008,3,64,1124,1395,0.80573
nist-docx-0008,3,65,1043,1523,0.68483
nist-docx-0008,3,66,1099,1410,0.77943
nist-docx-0008,3,67,1087,1397,0.77810
nist-docx-0008,3,68,1003,1413,0.70984
nist-docx-0008,3,69,1005,1394,0.72095
nist-docx-0008,3,70,1058,1391,0.76060
nist-docx-0008,3,71,1011,1382,0.73155
nist-docx-0008,3,72,1058,1366,0.77452
nist-docx-0008,3,73,1072,1381,0.77625
nist-docx-0008,3,74,1006,1390,0.72374
nist-docx-0008,3,75,1004,1363,0.73661
nist-docx-0008,3,76,1005,1330,0.75564
nist-docx-0008,3,77,1123,1366,0.82211
nist-docx-0008,3,78,1105,1340,0.82463
nist-docx-0008,3,79,1075,1420,0.75704
nist-docx-0008,3,80,1081,1439,0.75122
nist-docx-0008,3,81,996,1381,0.72122
nist-docx-0008,3,82,1060,1372,0.77259
nist-docx-0008,3,83,1054,1534,0.68709
nist-docx-0008,3,84,1104,1485,0.74343
nist-docx-0008,3,85,1100,1432,0.76816
nist-docx-0008,3,86,1108,1399,0.79199
nist-docx-0008,3,87,1142,1568,0.72832
nist-docx-0008,3,88,1112,1474,0.75441
nist-docx-0008,3,89,1032,1554,0.66409
nist-docx-0008,3,90,1194,1491,0.80080
nist-docx-0008,3,91,1116,1463,0.76282
nist-docx-0008,3,92,1049,1505,0.69701
nist-docx-0008,3,93,1063,1381,0.76973
nist-docx-0008,3,94,1117,1415,0.78940
nist-docx-0008,3,95,1033,1381,0.74801
nist-docx-0008,3,96,1043,1793,0.58171
nist-docx-0008,3,97,1044,1493,0.69926
nist-docx-0008,3,98,1125,1475,0.76271
nist-docx-0008,3,99,1051,1430,0.73497
nist-docx-0008,3,100,1063,1409,0.75444
nist-docx-0009,3,1,1848,1557,1.18690
nist-docx-0009,3,2,2635,1540,1.71104
nist-docx-0009,3,3,2020,1621,1.24614
nist-docx-0009,3,4,1742,1592,1.09422
nist-docx-0009,3,5,1750,1571,1.11394
nist-docx-0009,3,6,1691,1640,1.03110
nist-docx-0009,3,7,1758,1629,1.07919
nist-docx-0009,3,8,1693,1515,1.11749
nist-docx-0009,3,9,1703,1529,1.11380
nist-docx-0009,3,10,1736,1472,1.17935
nist-docx-0009,3,11,1674,1492,1.12198
nist-docx-0009,3,12,1664,1462,1.13817
nist-docx-0009,3,13,1659,1533,1.08219
nist-docx-0009,3,14,1869,1535,1.21759
nist-docx-0009,3,15,1701,1530,1.11176
nist-docx-0009,3,16,1688,1549,1.08974
nist-docx-0009,3,17,1765,1502,1.17510
nist-docx-0009,3,18,1759,1505,1.16877
nist-docx-0009,3,19,1735,1482,1.17072
nist-docx-0009,3,20,1743,1465,1.18976
nist-docx-0009,3,21,1700,1513,1.12360
nist-docx-0009,3,22,1688,1675,1.00776
nist-docx-0009,3,23,1676,1547,1.08339
nist-docx-0009,3,24,1839,1506,1.22112
nist-docx-0009,3,25,1772,1485,1.19327
nist-docx-0009,3,26,1724,1538,1.12094
nist-docx-0009,3,27,1724,1581,1.09045
nist-docx-0009,3,28,1753,1616,1.08478
nist-docx-0009,3,29,1758,1570,1.11975
nist-docx-0009,3,30,1784,1584,1.12626
nist-docx-0009,3,31,1835,1662,1.10409
nist-docx-0009,3,32,1682,1522,1.10512
nist-docx-0009,3,33,1747,1754,0.99601
nist-docx-0009,3,34,1769,1542,1.14721
nist-docx-0009,3,35,1840,1600,1.15000
nist-docx-0009,3,36,1776,1544,1.15026
nist-docx-0009,3,37,1782,1521,1.17160
nist-docx-0009,3,38,1678,1508,1.11273
nist-docx-0009,3,39,1673,1582,1.05752
nist-docx-0009,3,40,1713,1493,1.14735
nist-docx-0009,3,41,1844,1511,1.22038
nist-docx-0009,3,42,1771,1564,1.13235
nist-docx-0009,3,43,1716,1524,1.12598
nist-docx-0009,3,44,1717,1568,1.09503
nist-docx-0009,3,45,1672,1507,1.10949
nist-docx-0009,3,46,1719,1483,1.15914
nist-docx-0009,3,47,1785,1600,1.11563
nist-docx-0009,3,48,1690,1535,1.10098
nist-docx-0009,3,49,1695,1502,1.12850
nist-docx-0009,3,50,1803,1484,1.21496
nist-docx-0009,3,51,1763,1509,1.16832
nist-docx-0009,3,52,1710,1541,1.10967
nist-docx-0009,3,53,1733,1528,1.13416
nist-docx-0009,3,54,1714,1518,1.12912
nist-docx-0009,3,55,1824,1493,1.22170
nist-docx-0009,3,56,1829,1582,1.15613
nist-docx-0009,3,57,1716,1470,1.16735
nist-docx-0009,3,58,1686,1514,1.11361
nist-docx-0009,3,59,1697,1497,1.13360
nist-docx-0009,3,60,1756,1545,1.13657
nist-docx-0009,3,61,1757,1528,1.14987
nist-docx-0009,3,62,1774,1519,1.16787
nist-docx-0009,3,63,1674,1519,1.10204
nist-docx-0009,3,64,1772,1519,1.16656
nist-docx-0009,3,65,1636,1543,1.06027
nist-docx-0009,3,66,1716,1524,1.12598
nist-docx-0009,3,67,1661,1503,1.10512
nist-docx-0009,3,68,1710,1538,1.11183
nist-docx-0009,3,69,1716,1504,1.14096
nist-docx-0009,3,70,1690,1504,1.12367
nist-docx-0009,3,71,1670,1522,1.09724
nist-docx-0009,3,72,1716,1493,1.14936
nist-docx-0009,3,73,1821,1482,1.22874
nist-docx-0009,3,74,1714,1444,1.18698
nist-docx-0009,3,75,1708,1539,1.10981
nist-docx-0009,3,76,1729,1520,1.13750
nist-docx-0009,3,77,1770,1518,1.16601
nist-docx-0009,3,78,1728,1493,1.15740
nist-docx-0009,3,79,1723,1643,1.04869
nist-docx-0009,3,80,1759,1484,1.18531
nist-docx-0009,3,81,1683,1518,1.10870
nist-docx-0009,3,82,1685,1482,1.13698
nist-docx-0009,3,83,1769,1511,1.17075
nist-docx-0009,3,84,1778,1484,1.19811
nist-docx-0009,3,85,1752,1512,1.15873
nist-docx-0009,3,86,1739,1527,1.13883
nist-docx-0009,3,87,1694,1535,1.10358
nist-docx-0009,3,88,1688,1558,1.08344
nist-docx-0009,3,89,1690,1650,1.02424
nist-docx-0009,3,90,1761,1531,1.15023
nist-docx-0009,3,91,1689,1562,1.08131
nist-docx-0009,3,92,1675,1491,1.12341
nist-docx-0009,3,93,1697,1496,1.13436
nist-docx-0009,3,94,1702,1518,1.12121
nist-docx-0009,3,95,1694,1505,1.12558
nist-docx-0009,3,96,1773,1545,1.14757
nist-docx-0009,3,97,1741,1542,1.12905
nist-docx-0009,3,98,1717,1498,1.14619
nist-docx-0009,3,99,1755,1513,1.15995
nist-docx-0009,3,100,1754,1512,1.16005
nist-docx-0014,3,1,3537,2108,1.67789
nist-docx-0014,3,2,3634,2130,1.70610
nist-docx-0014,3,3,3660,1989,1.84012
nist-docx-0014,3,4,3583,2250,1.59244
nist-docx-0014,3,5,3523,2118,1.66336
nist-docx-0014,3,6,3520,2034,1.73058
nist-docx-0014,3,7,3504,2252,1.55595
nist-docx-0014,3,8,3551,2003,1.77284
nist-docx-0014,3,9,3567,2022,1.76409
nist-docx-0014,3,10,3584,2032,1.76378
nist-docx-0014,3,11,3545,2081,1.70351
nist-docx-0014,3,12,3631,2066,1.75750
nist-docx-0014,3,13,3590,2142,1.67600
nist-docx-0014,3,14,3681,2129,1.72898
nist-docx-0014,3,15,3544,2126,1.66698
nist-docx-0014,3,16,3688,2074,1.77821
nist-docx-0014,3,17,3546,2139,1.65778
nist-docx-0014,3,18,3594,2136,1.68258
nist-docx-0014,3,19,3507,2297,1.52677
nist-docx-0014,3,20,3709,2327,1.59390
nist-docx-0014,3,21,3552,2257,1.57377
nist-docx-0014,3,22,3607,2055,1.75523
nist-docx-0014,3,23,3548,2124,1.67043
nist-docx-0014,3,24,3577,2048,1.74658
nist-docx-0014,3,25,3588,2234,1.60609
nist-docx-0014,3,26,3523,2052,1.71686
nist-docx-0014,3,27,3507,2098,1.67159
nist-docx-0014,3,28,3548,2120,1.67358
nist-docx-0014,3,29,3489,2245,1.55412
nist-docx-0014,3,30,3495,2010,1.73881
nist-docx-0014,3,31,3537,2202,1.60627
nist-docx-0014,3,32,3643,2021,1.80257
nist-docx-0014,3,33,3493,2161,1.61638
nist-docx-0014,3,34,3624,2296,1.57840
nist-docx-0014,3,35,3687,2137,1.72532
nist-docx-0014,3,36,3638,2060,1.76602
nist-docx-0014,3,37,3512,2021,1.73775
nist-docx-0014,3,38,3565,2114,1.68638
nist-docx-0014,3,39,3622,2182,1.65995
nist-docx-0014,3,40,3512,2399,1.46394
nist-docx-0014,3,41,3483,2273,1.53234
nist-docx-0014,3,42,3474,2045,1.69878
nist-docx-0014,3,43,3582,2121,1.68883
nist-docx-0014,3,44,3713,2196,1.69080
nist-docx-0014,3,45,3736,2065,1.80920
nist-docx-0014,3,46,3576,1982,1.80424
nist-docx-0014,3,47,3518,2145,1.64009
nist-docx-0014,3,48,3585,2032,1.76427
nist-docx-0014,3,49,3756,2142,1.75350
nist-docx-0014,3,50,3767,2162,1.74237
nist-docx-0014,3,51,3561,2375,1.49937
nist-docx-0014,3,52,3554,2128,1.67011
nist-docx-0014,3,53,3655,2058,1.77600
nist-docx-0014,3,54,3562,2073,1.71828
nist-docx-0014,3,55,3503,2431,1.44097
nist-docx-0014,3,56,3545,2120,1.67217
nist-docx-0014,3,57,3516,2082,1.68876
nist-docx-0014,3,58,3585,2186,1.63998
nist-docx-0014,3,59,3541,2189,1.61763
nist-docx-0014,3,60,3515,1998,1.75926
nist-docx-0014,3,61,3502,2265,1.54614
nist-docx-0014,3,62,3662,2051,1.78547
nist-docx-0014,3,63,3589,2417,1.48490
nist-docx-0014,3,64,3648,2099,1.73797
nist-docx-0014,3,65,3538,2154,1.64253
nist-docx-0014,3,66,3541,2133,1.66010
nist-docx-0014,3,67,3733,2032,1.83711
nist-docx-0014,3,68,3642,2011,1.81104
nist-docx-0014,3,69,3806,2222,1.71287
nist-docx-0014,3,70,3522,2201,1.60018
nist-docx-0014,3,71,3620,2127,1.70193
nist-docx-0014,3,72,3625,2060,1.75971
nist-docx-0014,3,73,3495,2069,1.68922
nist-docx-0014,3,74,3664,2007,1.82561
nist-docx-0014,3,75,3719,2083,1.78541
nist-docx-0014,3,76,3625,2013,1.80079
nist-docx-0014,3,77,3512,2027,1.73261
nist-docx-0014,3,78,3546,2208,1.60598
nist-docx-0014,3,79,3496,2112,1.65530
nist-docx-0014,3,80,3443,2033,1.69356
nist-docx-0014,3,81,3615,2059,1.75571
nist-docx-0014,3,82,3560,2039,1.74595
nist-docx-0014,3,83,3470,2089,1.66108
nist-docx-0014,3,84,3618,2006,1.80359
nist-docx-0014,3,85,3516,2168,1.62177
nist-docx-0014,3,86,3699,2117,1.74728
nist-docx-0014,3,87,3484,2095,1.66301
nist-docx-0014,3,88,3496,2147,1.62832
nist-docx-0014,3,89,3540,2056,1.72179
nist-docx-0014,3,90,3599,2076,1.73362
nist-docx-0014,3,91,3459,2157,1.60362
nist-docx-0014,3,92,3577,2042,1.75171
nist-docx-0014,3,93,3556,1987,1.78963
nist-docx-0014,3,94,3526,2107,1.67347
nist-docx-0014,3,95,3654,2045,1.78680
nist-docx-0014,3,96,3503,2055,1.70462
nist-docx-0014,3,97,3538,2388,1.48157
nist-docx-0014,3,98,3863,2005,1.92668
nist-docx-0014,3,99,3562,2114,1.68496
nist-docx-0014,3,100,3545,2197,1.61356
nist-epub-0003,3,1,2856,1780,1.60449
nist-epub-0003,3,2,2923,1719,1.70041
nist-epub-0003,3,3,2830,1742,1.62457
nist-epub-0003,3,4,2942,1768,1.66403
nist-epub-0003,3,5,2838,1718,1.65192
nist-epub-0003,3,6,2893,1726,1.67613
nist-epub-0003,3,7,2894,1681,1.72159
nist-epub-0003,3,8,2871,1692,1.69681
nist-epub-0003,3,9,2847,1718,1.65716
nist-epub-0003,3,10,2966,1676,1.76969
nist-epub-0003,3,11,2836,1754,1.61688
nist-epub-0003,3,12,2869,1681,1.70672
nist-epub-0003,3,13,2894,1705,1.69736
nist-epub-0003,3,14,2873,1762,1.63053
nist-epub-0003,3,15,2881,1801,1.59967
nist-epub-0003,3,16,2914,1886,1.54507
nist-epub-0003,3,17,2954,1851,1.59589
nist-epub-0003,3,18,2901,2554,1.13587
nist-epub-0003,3,19,2964,1812,1.63576
nist-epub-0003,3,20,3052,1773,1.72138
nist-epub-0003,3,21,3029,1975,1.53367
nist-epub-0003,3,22,3021,1777,1.70006
nist-epub-0003,3,23,2982,1851,1.61102
nist-epub-0003,3,24,3204,1825,1.75562
nist-epub-0003,3,25,3017,1952,1.54559
nist-epub-0003,3,26,2929,1845,1.58753
nist-epub-0003,3,27,2969,1817,1.63401
nist-epub-0003,3,28,3197,1822,1.75467
nist-epub-0003,3,29,3092,1934,1.59876
nist-epub-0003,3,30,2991,1921,1.55700
nist-epub-0003,3,31,2896,1781,1.62605
nist-epub-0003,3,32,3013,1767,1.70515
nist-epub-0003,3,33,2926,1712,1.70911
nist-epub-0003,3,34,3017,1805,1.67147
nist-epub-0003,3,35,2851,1766,1.61438
nist-epub-0003,3,36,3017,1700,1.77471
nist-epub-0003,3,37,2911,1841,1.58121
nist-epub-0003,3,38,3060,1860,1.64516
nist-epub-0003,3,39,2882,1883,1.53054
nist-epub-0003,3,40,2975,1764,1.68651
nist-epub-0003,3,41,2901,1909,1.51964
nist-epub-0003,3,42,2847,1871,1.52165
nist-epub-0003,3,43,2947,1802,1.63541
nist-epub-0003,3,44,3008,1943,1.54812
nist-epub-0003,3,45,3060,1909,1.60293
nist-epub-0003,3,46,2998,1853,1.61792
nist-epub-0003,3,47,2913,1796,1.62194
nist-epub-0003,3,48,3033,1933,1.56906
nist-epub-0003,3,49,2948,1952,1.51025
nist-epub-0003,3,50,2877,1806,1.59302
nist-epub-0003,3,51,2880,1738,1.65708
nist-epub-0003,3,52,2948,1944,1.51646
nist-epub-0003,3,53,3059,1837,1.66522
nist-epub-0003,3,54,2924,1874,1.56030
nist-epub-0003,3,55,2887,1953,1.47824
nist-epub-0003,3,56,3057,1901,1.60810
nist-epub-0003,3,57,2965,1790,1.65642
nist-epub-0003,3,58,2928,1866,1.56913
nist-epub-0003,3,59,2944,1753,1.67941
nist-epub-0003,3,60,3050,1979,1.54118
nist-epub-0003,3,61,3039,1786,1.70157
nist-epub-0003,3,62,2900,1779,1.63013
nist-epub-0003,3,63,2989,1894,1.57814
nist-epub-0003,3,64,3054,2091,1.46055
nist-epub-0003,3,65,2969,1843,1.61096
nist-epub-0003,3,66,3015,1867,1.61489
nist-epub-0003,3,67,3039,1743,1.74355
nist-epub-0003,3,68,2961,1846,1.60401
nist-epub-0003,3,69,2941,2797,1.05148
nist-epub-0003,3,70,3024,1892,1.59831
nist-epub-0003,3,71,2968,1987,1.49371
nist-epub-0003,3,72,3064,2001,1.53123
nist-epub-0003,3,73,3053,1927,1.58433
nist-epub-0003,3,74,3005,1931,1.55619
nist-epub-0003,3,75,2972,2826,1.05166
nist-epub-0003,3,76,3006,1869,1.60835
nist-epub-0003,3,77,2911,1780,1.63539
nist-epub-0003,3,78,2927,1756,1.66686
nist-epub-0003,3,79,2894,1983,1.45940
nist-epub-0003,3,80,2990,1917,1.55973
nist-epub-0003,3,81,2902,1838,1.57889
nist-epub-0003,3,82,2980,1885,1.58090
nist-epub-0003,3,83,3066,1857,1.65105
nist-epub-0003,3,84,3056,1828,1.67177
nist-epub-0003,3,85,2944,1741,1.69098
nist-epub-0003,3,86,2873,1780,1.61404
nist-epub-0003,3,87,2978,1859,1.60194
nist-epub-0003,3,88,2985,1783,1.67414
nist-epub-0003,3,89,2988,1760,1.69773
nist-epub-0003,3,90,3059,1754,1.74401
nist-epub-0003,3,91,3140,1955,1.60614
nist-epub-0003,3,92,3045,1826,1.66758
nist-epub-0003,3,93,2902,1904,1.52416
nist-epub-0003,3,94,2893,1789,1.61710
nist-epub-0003,3,95,3051,1793,1.70162
nist-epub-0003,3,96,2831,1832,1.54531
nist-epub-0003,3,97,2981,1790,1.66536
nist-epub-0003,3,98,2942,1856,1.58513
nist-epub-0003,3,99,3112,1996,1.55912
nist-epub-0003,3,100,3022,1875,1.61173
nist-epub-0006,3,1,2362,1524,1.54987
nist-epub-0006,3,2,2309,1489,1.55071
nist-epub-0006,3,3,2390,1486,1.60834
nist-epub-0006,3,4,2319,1497,1.54910
nist-epub-0006,3,5,2408,1488,1.61828
nist-epub-0006,3,6,2319,1489,1.55742
nist-epub-0006,3,7,2380,1565,1.52077
nist-epub-0006,3,8,2389,1548,1.54328
nist-epub-0006,3,9,2339,1716,1.36305
nist-epub-0006,3,10,2345,1574,1.48983
nist-epub-0006,3,11,2438,1513,1.61137
nist-epub-0006,3,12,2457,1732,1.41859
nist-epub-0006,3,13,2410,1809,1.33223
nist-epub-0006,3,14,2402,1517,1.58339
nist-epub-0006,3,15,2466,1601,1.54029
nist-epub-0006,3,16,2503,1499,1.66978
nist-epub-0006,3,17,2528,1621,1.55953
nist-epub-0006,3,18,2316,1540,1.50390
nist-epub-0006,3,19,2314,1564,1.47954
nist-epub-0006,3,20,2391,1564,1.52877
nist-epub-0006,3,21,2411,1718,1.40338
nist-epub-0006,3,22,2385,1572,1.51718
nist-epub-0006,3,23,2367,1580,1.49810
nist-epub-0006,3,24,2395,1663,1.44017
nist-epub-0006,3,25,2385,1632,1.46140
nist-epub-0006,3,26,2305,1521,1.51545
nist-epub-0006,3,27,2403,1511,1.59034
nist-epub-0006,3,28,2335,1544,1.51231
nist-epub-0006,3,29,2464,1685,1.46231
nist-epub-0006,3,30,2354,1656,1.42150
nist-epub-0006,3,31,2334,1540,1.51558
nist-epub-0006,3,32,2437,1604,1.51933
nist-epub-0006,3,33,2351,1532,1.53460
nist-epub-0006,3,34,2437,1536,1.58659
nist-epub-0006,3,35,2344,1506,1.55644
nist-epub-0006,3,36,2888,1517,1.90376
nist-epub-0006,3,37,2413,1587,1.52048
nist-epub-0006,3,38,2359,1625,1.45169
nist-epub-0006,3,39,2346,1573,1.49142
nist-epub-0006,3,40,2358,1570,1.50191
nist-epub-0006,3,41,2286,1571,1.45512
nist-epub-0006,3,42,2409,1852,1.30076
nist-epub-0006,3,43,2379,1561,1.52402
nist-epub-0006,3,44,2326,1513,1.53734
nist-epub-0006,3,45,2448,1515,1.61584
nist-epub-0006,3,46,2491,1576,1.58058
nist-epub-0006,3,47,2455,1545,1.58900
nist-epub-0006,3,48,2436,1490,1.63490
nist-epub-0006,3,49,2445,1568,1.55931
nist-epub-0006,3,50,2386,1626,1.46740
nist-epub-0006,3,51,2358,1529,1.54218
nist-epub-0006,3,52,2418,1580,1.53038
nist-epub-0006,3,53,2464,1529,1.61151
nist-epub-0006,3,54,2420,1590,1.52201
nist-epub-0006,3,55,2480,1568,1.58163
nist-epub-0006,3,56,2375,1523,1.55942
nist-epub-0006,3,57,2460,1606,1.53176
nist-epub-0006,3,58,2436,1533,1.58904
nist-epub-0006,3,59,2357,1550,1.52065
nist-epub-0006,3,60,2463,1574,1.56480
nist-epub-0006,3,61,2395,1850,1.29459
nist-epub-0006,3,62,2864,1580,1.81266
nist-epub-0006,3,63,2404,1514,1.58785
nist-epub-0006,3,64,2546,1515,1.68053
nist-epub-0006,3,65,2416,1533,1.57599
nist-epub-0006,3,66,2452,1561,1.57079
nist-epub-0006,3,67,2346,1637,1.43311
nist-epub-0006,3,68,2352,1564,1.50384
nist-epub-0006,3,69,2399,1817,1.32031
nist-epub-0006,3,70,2379,1664,1.42969
nist-epub-0006,3,71,2392,1488,1.60753
nist-epub-0006,3,72,2330,1523,1.52988
nist-epub-0006,3,73,2477,1653,1.49849
nist-epub-0006,3,74,2379,1521,1.56410
nist-epub-0006,3,75,2408,1616,1.49010
nist-epub-0006,3,76,2410,1565,1.53994
nist-epub-0006,3,77,2434,1529,1.59189
nist-epub-0006,3,78,2485,1550,1.60323
nist-epub-0006,3,79,2471,1555,1.58907
nist-epub-0006,3,80,2402,1524,1.57612
nist-epub-0006,3,81,2466,1513,1.62987
nist-epub-0006,3,82,2342,1593,1.47018
nist-epub-0006,3,83,2387,1519,1.57143
nist-epub-0006,3,84,2452,1528,1.60471
nist-epub-0006,3,85,2343,1560,1.50192
nist-epub-0006,3,86,2390,1537,1.55498
nist-epub-0006,3,87,2528,1721,1.46891
nist-epub-0006,3,88,2468,1737,1.42084
nist-epub-0006,3,89,2356,1670,1.41078
nist-epub-0006,3,90,2312,1560,1.48205
nist-epub-0006,3,91,2332,1624,1.43596
nist-epub-0006,3,92,2382,2019,1.17979
nist-epub-0006,3,93,2405,1515,1.58746
nist-epub-0006,3,94,2391,1497,1.59719
nist-epub-0006,3,95,2384,1578,1.51077
nist-epub-0006,3,96,2311,1728,1.33738
nist-epub-0006,3,97,2459,1578,1.55830
nist-epub-0006,3,98,2354,1549,1.51969
nist-epub-0006,3,99,2397,1650,1.45273
nist-epub-0006,3,100,2495,1573,1.58614
nist-epub-0008,3,1,1574,1443,1.09078
nist-epub-0008,3,2,1549,1413,1.09625
nist-epub-0008,3,3,1575,1494,1.05422
nist-epub-0008,3,4,1604,1669,0.96105
nist-epub-0008,3,5,1658,1481,1.11951
nist-epub-0008,3,6,1626,1376,1.18169
nist-epub-0008,3,7,1576,1435,1.09826
nist-epub-0008,3,8,1509,1463,1.03144
nist-epub-0008,3,9,1542,1451,1.06272
nist-epub-0008,3,10,1654,1492,1.10858
nist-epub-0008,3,11,1534,1416,1.08333
nist-epub-0008,3,12,1625,1460,1.11301
nist-epub-0008,3,13,1562,1536,1.01693
nist-epub-0008,3,14,1520,1468,1.03542
nist-epub-0008,3,15,1521,1533,0.99217
nist-epub-0008,3,16,1562,1433,1.09002
nist-epub-0008,3,17,1518,1428,1.06303
nist-epub-0008,3,18,1530,1424,1.07444
nist-epub-0008,3,19,1589,1437,1.10578
nist-epub-0008,3,20,1577,1472,1.07133
nist-epub-0008,3,21,1574,1795,0.87688
nist-epub-0008,3,22,1632,1453,1.12319
nist-epub-0008,3,23,1541,1552,0.99291
nist-epub-0008,3,24,1638,1433,1.14306
nist-epub-0008,3,25,1648,1438,1.14604
nist-epub-0008,3,26,1541,1485,1.03771
nist-epub-0008,3,27,1508,1463,1.03076
nist-epub-0008,3,28,1604,1593,1.00691
nist-epub-0008,3,29,1526,1495,1.02074
nist-epub-0008,3,30,1553,1503,1.03327
nist-epub-0008,3,31,1519,1490,1.01946
nist-epub-0008,3,32,1575,1427,1.10371
nist-epub-0008,3,33,1532,1506,1.01726
nist-epub-0008,3,34,1537,1444,1.06440
nist-epub-0008,3,35,1532,1431,1.07058
nist-epub-0008,3,36,1583,1404,1.12749
nist-epub-0008,3,37,1545,1378,1.12119
nist-epub-0008,3,38,1538,1434,1.07252
nist-epub-0008,3,39,1553,1564,0.99297
nist-epub-0008,3,40,1538,1452,1.05923
nist-epub-0008,3,41,1549,1465,1.05734
nist-epub-0008,3,42,1496,1442,1.03745
nist-epub-0008,3,43,1549,1464,1.05806
nist-epub-0008,3,44,1527,1418,1.07687
nist-epub-0008,3,45,1473,1502,0.98069
nist-epub-0008,3,46,1512,1484,1.01887
nist-epub-0008,3,47,1495,1526,0.97969
nist-epub-0008,3,48,1928,1438,1.34075
nist-epub-0008,3,49,1521,1477,1.02979
nist-epub-0008,3,50,1511,1415,1.06784
nist-epub-0008,3,51,1579,1609,0.98135
nist-epub-0008,3,52,1513,1407,1.07534
nist-epub-0008,3,53,1625,1399,1.16154
nist-epub-0008,3,54,1576,1407,1.12011
nist-epub-0008,3,55,1540,1510,1.01987
nist-epub-0008,3,56,1633,1620,1.00802
nist-epub-0008,3,57,1566,1649,0.94967
nist-epub-0008,3,58,1461,1437,1.01670
nist-epub-0008,3,59,1566,1454,1.07703
nist-epub-0008,3,60,1501,1426,1.05259
nist-epub-0008,3,61,1513,1478,1.02368
nist-epub-0008,3,62,1599,1419,1.12685
nist-epub-0008,3,63,1505,1462,1.02941
nist-epub-0008,3,64,1635,1437,1.13779
nist-epub-0008,3,65,1703,1474,1.15536
nist-epub-0008,3,66,1609,1596,1.00815
nist-epub-0008,3,67,1573,1657,0.94931
nist-epub-0008,3,68,1753,1516,1.15633
nist-epub-0008,3,69,1477,1475,1.00136
nist-epub-0008,3,70,1631,1509,1.08085
nist-epub-0008,3,71,1571,1417,1.10868
nist-epub-0008,3,72,1544,1493,1.03416
nist-epub-0008,3,73,1611,1518,1.06126
nist-epub-0008,3,74,1532,1765,0.86799
nist-epub-0008,3,75,1570,1588,0.98866
nist-epub-0008,3,76,1617,1451,1.11440
nist-epub-0008,3,77,1536,1439,1.06741
nist-epub-0008,3,78,1557,1688,0.92239
nist-epub-0008,3,79,1566,1428,1.09664
nist-epub-0008,3,80,1569,1407,1.11514
nist-epub-0008,3,81,1555,1417,1.09739
nist-epub-0008,3,82,1532,1523,1.00591
nist-epub-0008,3,83,1528,1585,0.96404
nist-epub-0008,3,84,1640,1496,1.09626
nist-epub-0008,3,85,1672,1504,1.11170
nist-epub-0008,3,86,1489,1417,1.05081
nist-epub-0008,3,87,1534,1451,1.05720
nist-epub-0008,3,88,1574,1398,1.12589
nist-epub-0008,3,89,1647,1482,1.11134
nist-epub-0008,3,90,2618,1511,1.73263
nist-epub-0008,3,91,1569,1570,0.99936
nist-epub-0008,3,92,1824,1399,1.30379
nist-epub-0008,3,93,1581,1513,1.04494
nist-epub-0008,3,94,1558,1443,1.07970
nist-epub-0008,3,95,1561,1499,1.04136
nist-epub-0008,3,96,1576,1524,1.03412
nist-epub-0008,3,97,1512,1439,1.05073
nist-epub-0008,3,98,1493,1490,1.00201
nist-epub-0008,3,99,1500,1413,1.06157
nist-epub-0008,3,100,1535,1497,1.02538
nist-epub-0009,3,1,5710,2607,2.19026
nist-epub-0009,3,2,5731,2675,2.14243
nist-epub-0009,3,3,5563,2721,2.04447
nist-epub-0009,3,4,6031,2848,2.11763
nist-epub-0009,3,5,6005,2545,2.35953
nist-epub-0009,3,6,5686,2466,2.30576
nist-epub-0009,3,7,5653,2613,2.16341
nist-epub-0009,3,8,5864,3381,1.73440
nist-epub-0009,3,9,5692,2815,2.02202
nist-epub-0009,3,10,5817,2560,2.27227
nist-epub-0009,3,11,5848,2468,2.36953
nist-epub-0009,3,12,6313,2376,2.65699
nist-epub-0009,3,13,5794,2789,2.07745
nist-epub-0009,3,14,5722,2766,2.06869
nist-epub-0009,3,15,6142,2557,2.40203
nist-epub-0009,3,16,5768,2437,2.36684
nist-epub-0009,3,17,5893,2537,2.32282
nist-epub-0009,3,18,6009,2782,2.15996
nist-epub-0009,3,19,5695,2647,2.15149
nist-epub-0009,3,20,5608,2716,2.06480
nist-epub-0009,3,21,5725,2414,2.37158
nist-epub-0009,3,22,5979,2575,2.32194
nist-epub-0009,3,23,5973,2836,2.10614
nist-epub-0009,3,24,5825,2515,2.31610
nist-epub-0009,3,25,5821,2757,2.11135
nist-epub-0009,3,26,5593,2725,2.05248
nist-epub-0009,3,27,5602,2738,2.04602
nist-epub-0009,3,28,5642,2682,2.10365
nist-epub-0009,3,29,5516,2853,1.93340
nist-epub-0009,3,30,5805,2452,2.36746
nist-epub-0009,3,31,5709,2431,2.34842
nist-epub-0009,3,32,5637,2397,2.35169
nist-epub-0009,3,33,5581,2348,2.37692
nist-epub-0009,3,34,5650,2325,2.43011
nist-epub-0009,3,35,5718,2458,2.32628
nist-epub-0009,3,36,5843,2530,2.30949
nist-epub-0009,3,37,5522,2359,2.34082
nist-epub-0009,3,38,5793,2787,2.07858
nist-epub-0009,3,39,5547,2427,2.28554
nist-epub-0009,3,40,5690,2703,2.10507
nist-epub-0009,3,41,5658,2612,2.16616
nist-epub-0009,3,42,5674,2508,2.26236
nist-epub-0009,3,43,5840,2386,2.44761
nist-epub-0009,3,44,5888,2550,2.30902
nist-epub-0009,3,45,5921,2662,2.22427
nist-epub-0009,3,46,5847,2504,2.33506
nist-epub-0009,3,47,5599,2401,2.33195
nist-epub-0009,3,48,5796,2551,2.27205
nist-epub-0009,3,49,5612,2547,2.20338
nist-epub-0009,3,50,5833,2775,2.10198
nist-epub-0009,3,51,6119,2633,2.32397
nist-epub-0009,3,52,5841,2416,2.41763
nist-epub-0009,3,53,5704,2757,2.06892
nist-epub-0009,3,54,5671,2526,2.24505
nist-epub-0009,3,55,5847,2772,2.10931
nist-epub-0009,3,56,5914,2770,2.13502
nist-epub-0009,3,57,5793,3602,1.60827
nist-epub-0009,3,58,6321,2652,2.38348
nist-epub-0009,3,59,5746,2615,2.19732
nist-epub-0009,3,60,6053,2849,2.12461
nist-epub-0009,3,61,5954,2782,2.14019
nist-epub-0009,3,62,5741,2596,2.21148
nist-epub-0009,3,63,5638,2608,2.16181
nist-epub-0009,3,64,5511,2580,2.13605
nist-epub-0009,3,65,5663,2372,2.38744
nist-epub-0009,3,66,5822,2658,2.19037
nist-epub-0009,3,67,5613,2539,2.21071
nist-epub-0009,3,68,5851,2527,2.31539
nist-epub-0009,3,69,5589,2622,2.13158
nist-epub-0009,3,70,5673,2753,2.06066
nist-epub-0009,3,71,6039,2718,2.22185
nist-epub-0009,3,72,5610,2500,2.24400
nist-epub-0009,3,73,5520,2420,2.28099
nist-epub-0009,3,74,6011,2465,2.43854
nist-epub-0009,3,75,5576,2609,2.13722
nist-epub-0009,3,76,5665,2538,2.23207
nist-epub-0009,3,77,5562,2335,2.38201
nist-epub-0009,3,78,5718,2367,2.41572
nist-epub-0009,3,79,5779,2352,2.45706
nist-epub-0009,3,80,5961,2487,2.39686
nist-epub-0009,3,81,5671,2510,2.25936
nist-epub-0009,3,82,5816,2649,2.19555
nist-epub-0009,3,83,5956,2913,2.04463
nist-epub-0009,3,84,5874,2583,2.27410
nist-epub-0009,3,85,5563,2551,2.18071
nist-epub-0009,3,86,5690,2589,2.19776
nist-epub-0009,3,87,5751,2457,2.34066
nist-epub-0009,3,88,5531,2295,2.41002
nist-epub-0009,3,89,5641,2478,2.27643
nist-epub-0009,3,90,5769,2377,2.42701
nist-epub-0009,3,91,5513,2318,2.37834
nist-epub-0009,3,92,5691,2423,2.34874
nist-epub-0009,3,93,5541,2309,2.39974
nist-epub-0009,3,94,5577,2401,2.32278
nist-epub-0009,3,95,5600,2522,2.22046
nist-epub-0009,3,96,5505,2610,2.10920
nist-epub-0009,3,97,5671,2322,2.44229
nist-epub-0009,3,98,5780,2332,2.47856
nist-epub-0009,3,99,5767,2476,2.32916
nist-epub-0009,3,100,5531,2339,2.36469
nist-pdf-0002,3,1,1390,1473,0.94365
nist-pdf-0002,3,2,1588,1363,1.16508
nist-pdf-0002,3,3,1311,1493,0.87810
nist-pdf-0002,3,4,1405,1396,1.00645
nist-pdf-0002,3,5,1359,2079,0.65368
nist-pdf-0002,3,6,1320,1470,0.89796
nist-pdf-0002,3,7,1380,1480,0.93243
nist-pdf-0002,3,8,1378,1399,0.98499
nist-pdf-0002,3,9,1342,1555,0.86302
nist-pdf-0002,3,10,1439,1447,0.99447
nist-pdf-0002,3,11,1346,1417,0.94989
nist-pdf-0002,3,12,1404,1398,1.00429
nist-pdf-0002,3,13,1372,1441,0.95212
nist-pdf-0002,3,14,1376,1476,0.93225
nist-pdf-0002,3,15,1422,1421,1.00070
nist-pdf-0002,3,16,1420,1366,1.03953
nist-pdf-0002,3,17,1349,1406,0.95946
nist-pdf-0002,3,18,1386,1429,0.96991
nist-pdf-0002,3,19,1382,1421,0.97255
nist-pdf-0002,3,20,1344,1404,0.95726
nist-pdf-0002,3,21,1352,1454,0.92985
nist-pdf-0002,3,22,1371,1420,0.96549
nist-pdf-0002,3,23,1356,1372,0.98834
nist-pdf-0002,3,24,1494,1465,1.01980
nist-pdf-0002,3,25,1382,1420,0.97324
nist-pdf-0002,3,26,1334,1412,0.94476
nist-pdf-0002,3,27,1389,1575,0.88190
nist-pdf-0002,3,28,1396,1408,0.99148
nist-pdf-0002,3,29,1958,1406,1.39260
nist-pdf-0002,3,30,1408,1475,0.95458
nist-pdf-0002,3,31,1328,1388,0.95677
nist-pdf-0002,3,32,1464,1445,1.01315
nist-pdf-0002,3,33,1376,1370,1.00438
nist-pdf-0002,3,34,1404,1464,0.95902
nist-pdf-0002,3,35,1420,1458,0.97394
nist-pdf-0002,3,36,1332,1456,0.91484
nist-pdf-0002,3,37,1342,1400,0.95857
nist-pdf-0002,3,38,1397,1370,1.01971
nist-pdf-0002,3,39,1374,1445,0.95087
nist-pdf-0002,3,40,1447,1588,0.91121
nist-pdf-0002,3,41,1418,1471,0.96397
nist-pdf-0002,3,42,1434,1512,0.94841
nist-pdf-0002,3,43,1407,1390,1.01223
nist-pdf-0002,3,44,1393,1420,0.98099
nist-pdf-0002,3,45,1312,1434,0.91492
nist-pdf-0002,3,46,1378,1402,0.98288
nist-pdf-0002,3,47,1369,1422,0.96273
nist-pdf-0002,3,48,1359,1537,0.88419
nist-pdf-0002,3,49,1418,1405,1.00925
nist-pdf-0002,3,50,1311,1367,0.95903
nist-pdf-0002,3,51,1361,1432,0.95042
nist-pdf-0002,3,52,1313,1326,0.99020
nist-pdf-0002,3,53,1297,1352,0.95932
nist-pdf-0002,3,54,1275,1343,0.94937
nist-pdf-0002,3,55,1350,1444,0.93490
nist-pdf-0002,3,56,1259,1339,0.94025
nist-pdf-0002,3,57,1283,1325,0.96830
nist-pdf-0002,3,58,1282,1303,0.98388
nist-pdf-0002,3,59,1665,1341,1.24161
nist-pdf-0002,3,60,1275,1301,0.98002
nist-pdf-0002,3,61,1304,1302,1.00154
nist-pdf-0002,3,62,1304,1332,0.97898
nist-pdf-0002,3,63,1365,1297,1.05243
nist-pdf-0002,3,64,1259,1357,0.92778
nist-pdf-0002,3,65,1262,1304,0.96779
nist-pdf-0002,3,66,1318,1342,0.98212
nist-pdf-0002,3,67,1317,1313,1.00305
nist-pdf-0002,3,68,1313,1350,0.97259
nist-pdf-0002,3,69,1323,1310,1.00992
nist-pdf-0002,3,70,1431,1378,1.03846
nist-pdf-0002,3,71,1418,1476,0.96070
nist-pdf-0002,3,72,1408,1460,0.96438
nist-pdf-0002,3,73,1399,1460,0.95822
nist-pdf-0002,3,74,1379,1425,0.96772
nist-pdf-0002,3,75,1447,1500,0.96467
nist-pdf-0002,3,76,1603,1367,1.17264
nist-pdf-0002,3,77,1412,1437,0.98260
nist-pdf-0002,3,78,1483,1458,1.01715
nist-pdf-0002,3,79,1489,1603,0.92888
nist-pdf-0002,3,80,1384,1420,0.97465
nist-pdf-0002,3,81,1402,1483,0.94538
nist-pdf-0002,3,82,1374,1458,0.94239
nist-pdf-0002,3,83,1391,1440,0.96597
nist-pdf-0002,3,84,1443,1453,0.99312
nist-pdf-0002,3,85,1354,1423,0.95151
nist-pdf-0002,3,86,1544,1500,1.02933
nist-pdf-0002,3,87,1337,1472,0.90829
nist-pdf-0002,3,88,1347,1416,0.95127
nist-pdf-0002,3,89,1380,1359,1.01545
nist-pdf-0002,3,90,1298,1374,0.94469
nist-pdf-0002,3,91,1346,1440,0.93472
nist-pdf-0002,3,92,1382,1363,1.01394
nist-pdf-0002,3,93,1525,1399,1.09006
nist-pdf-0002,3,94,1331,1434,0.92817
nist-pdf-0002,3,95,1330,1605,0.82866
nist-pdf-0002,3,96,1307,1356,0.96386
nist-pdf-0002,3,97,1382,1333,1.03676
nist-pdf-0002,3,98,1380,1385,0.99639
nist-pdf-0002,3,99,1309,1527,0.85724
nist-pdf-0002,3,100,1358,1350,1.00593
nist-pdf-0004,3,1,3063,1818,1.68482
nist-pdf-0004,3,2,3023,2052,1.47320
nist-pdf-0004,3,3,3593,1855,1.93693
nist-pdf-0004,3,4,3293,1864,1.76663
nist-pdf-0004,3,5,3149,1906,1.65215
nist-pdf-0004,3,6,2972,1971,1.50786
nist-pdf-0004,3,7,3151,1992,1.58183
nist-pdf-0004,3,8,3015,1821,1.65568
nist-pdf-0004,3,9,3059,1986,1.54028
nist-pdf-0004,3,10,3225,1910,1.68848
nist-pdf-0004,3,11,3258,2074,1.57088
nist-pdf-0004,3,12,3267,2080,1.57067
nist-pdf-0004,3,13,3175,2163,1.46787
nist-pdf-0004,3,14,3106,1998,1.55455
nist-pdf-0004,3,15,2980,1942,1.53450
nist-pdf-0004,3,16,2980,1952,1.52664
nist-pdf-0004,3,17,2996,2203,1.35996
nist-pdf-0004,3,18,3043,1711,1.77849
nist-pdf-0004,3,19,3051,2069,1.47463
nist-pdf-0004,3,20,3175,1990,1.59548
nist-pdf-0004,3,21,3138,1947,1.61171
nist-pdf-0004,3,22,2995,1843,1.62507
nist-pdf-0004,3,23,3038,1851,1.64127
nist-pdf-0004,3,24,2947,1709,1.72440
nist-pdf-0004,3,25,3004,1947,1.54289
nist-pdf-0004,3,26,3040,1899,1.60084
nist-pdf-0004,3,27,3029,1893,1.60011
nist-pdf-0004,3,28,3002,1990,1.50854
nist-pdf-0004,3,29,2909,2147,1.35491
nist-pdf-0004,3,30,2952,1770,1.66780
nist-pdf-0004,3,31,2877,1919,1.49922
nist-pdf-0004,3,32,2877,1812,1.58775
nist-pdf-0004,3,33,2920,1725,1.69275
nist-pdf-0004,3,34,2946,1689,1.74423
nist-pdf-0004,3,35,2922,1779,1.64250
nist-pdf-0004,3,36,2896,1820,1.59121
nist-pdf-0004,3,37,2864,1723,1.66222
nist-pdf-0004,3,38,2889,1882,1.53507
nist-pdf-0004,3,39,2930,1765,1.66006
nist-pdf-0004,3,40,2902,1862,1.55854
nist-pdf-0004,3,41,2861,1764,1.62188
nist-pdf-0004,3,42,2935,1737,1.68969
nist-pdf-0004,3,43,2894,1700,1.70235
nist-pdf-0004,3,44,2914,1736,1.67857
nist-pdf-0004,3,45,3001,1723,1.74173
nist-pdf-0004,3,46,2954,1672,1.76675
nist-pdf-0004,3,47,2952,1831,1.61223
nist-pdf-0004,3,48,2851,1835,1.55368
nist-pdf-0004,3,49,2853,1702,1.67626
nist-pdf-0004,3,50,2879,2013,1.43020
nist-pdf-0004,3,51,2993,1902,1.57361
nist-pdf-0004,3,52,2973,1795,1.65627
nist-pdf-0004,3,53,2957,1815,1.62920
nist-pdf-0004,3,54,2914,1975,1.47544
nist-pdf-0004,3,55,2954,1755,1.68319
nist-pdf-0004,3,56,2963,1738,1.70483
nist-pdf-0004,3,57,2957,1746,1.69359
nist-pdf-0004,3,58,2954,1853,1.59417
nist-pdf-0004,3,59,3009,1743,1.72633
nist-pdf-0004,3,60,2876,1660,1.73253
nist-pdf-0004,3,61,2910,1756,1.65718
nist-pdf-0004,3,62,2972,1668,1.78177
nist-pdf-0004,3,63,2869,1781,1.61089
nist-pdf-0004,3,64,2856,1761,1.62181
nist-pdf-0004,3,65,2882,1778,1.62092
nist-pdf-0004,3,66,2998,1780,1.68427
nist-pdf-0004,3,67,3002,1808,1.66040
nist-pdf-0004,3,68,2930,1989,1.47310
nist-pdf-0004,3,69,2923,1779,1.64306
nist-pdf-0004,3,70,2932,1693,1.73184
nist-pdf-0004,3,71,2915,1882,1.54888
nist-pdf-0004,3,72,2862,1861,1.53788
nist-pdf-0004,3,73,2866,1747,1.64053
nist-pdf-0004,3,74,3016,1828,1.64989
nist-pdf-0004,3,75,2960,1791,1.65271
nist-pdf-0004,3,76,2943,1807,1.62867
nist-pdf-0004,3,77,2934,1968,1.49085
nist-pdf-0004,3,78,2965,1872,1.58387
nist-pdf-0004,3,79,2870,1691,1.69722
nist-pdf-0004,3,80,2877,1900,1.51421
nist-pdf-0004,3,81,2857,1783,1.60236
nist-pdf-0004,3,82,2856,1795,1.59109
nist-pdf-0004,3,83,2966,1782,1.66442
nist-pdf-0004,3,84,2927,1749,1.67353
nist-pdf-0004,3,85,2897,1888,1.53443
nist-pdf-0004,3,86,2927,1797,1.62883
nist-pdf-0004,3,87,2872,1875,1.53173
nist-pdf-0004,3,88,2945,1812,1.62528
nist-pdf-0004,3,89,3081,2103,1.46505
nist-pdf-0004,3,90,3065,1935,1.58398
nist-pdf-0004,3,91,3006,1904,1.57878
nist-pdf-0004,3,92,2920,2480,1.17742
nist-pdf-0004,3,93,3339,1837,1.81764
nist-pdf-0004,3,94,3009,1992,1.51054
nist-pdf-0004,3,95,3044,2078,1.46487
nist-pdf-0004,3,96,3082,2323,1.32673
nist-pdf-0004,3,97,3043,1895,1.60580
nist-pdf-0004,3,98,2949,1894,1.55702
nist-pdf-0004,3,99,2963,1969,1.50482
nist-pdf-0004,3,100,3077,2419,1.27201
nist-pdf-0016,3,1,1378,1342,1.02683
nist-pdf-0016,3,2,1374,1380,0.99565
nist-pdf-0016,3,3,1508,1345,1.12119
nist-pdf-0016,3,4,1398,1329,1.05192
nist-pdf-0016,3,5,1387,1319,1.05155
nist-pdf-0016,3,6,1413,1437,0.98330
nist-pdf-0016,3,7,1501,1400,1.07214
nist-pdf-0016,3,8,1451,1416,1.02472
nist-pdf-0016,3,9,1492,1369,1.08985
nist-pdf-0016,3,10,1460,1353,1.07908
nist-pdf-0016,3,11,1465,1460,1.00342
nist-pdf-0016,3,12,1418,1343,1.05585
nist-pdf-0016,3,13,1418,1431,0.99092
nist-pdf-0016,3,14,1435,1533,0.93607
nist-pdf-0016,3,15,1444,1337,1.08003
nist-pdf-0016,3,16,1423,1394,1.02080
nist-pdf-0016,3,17,1502,1498,1.00267
nist-pdf-0016,3,18,1535,1694,0.90614
nist-pdf-0016,3,19,1406,1576,0.89213
nist-pdf-0016,3,20,1478,1435,1.02997
nist-pdf-0016,3,21,1368,1374,0.99563
nist-pdf-0016,3,22,1433,1403,1.02138
nist-pdf-0016,3,23,1472,1484,0.99191
nist-pdf-0016,3,24,1392,1474,0.94437
nist-pdf-0016,3,25,1444,1378,1.04790
nist-pdf-0016,3,26,1417,1367,1.03658
nist-pdf-0016,3,27,1544,1528,1.01047
nist-pdf-0016,3,28,1528,1358,1.12518
nist-pdf-0016,3,29,1554,1474,1.05427
nist-pdf-0016,3,30,1423,1415,1.00565
nist-pdf-0016,3,31,1641,1441,1.13879
nist-pdf-0016,3,32,1480,1454,1.01788
nist-pdf-0016,3,33,1406,1430,0.98322
nist-pdf-0016,3,34,1513,1355,1.11661
nist-pdf-0016,3,35,1444,1591,0.90761
nist-pdf-0016,3,36,1439,1474,0.97626
nist-pdf-0016,3,37,1474,1413,1.04317
nist-pdf-0016,3,38,1554,1588,0.97859
nist-pdf-0016,3,39,1529,1575,0.97079
nist-pdf-0016,3,40,1571,1340,1.17239
nist-pdf-0016,3,41,1511,1420,1.06408
nist-pdf-0016,3,42,1445,1526,0.94692
nist-pdf-0016,3,43,1482,1484,0.99865
nist-pdf-0016,3,44,1463,1362,1.07416
nist-pdf-0016,3,45,1480,1430,1.03497
nist-pdf-0016,3,46,1394,1612,0.86476
nist-pdf-0016,3,47,1537,1489,1.03224
nist-pdf-0016,3,48,1394,1346,1.03566
nist-pdf-0016,3,49,1389,1372,1.01239
nist-pdf-0016,3,50,1508,1454,1.03714
nist-pdf-0016,3,51,1402,1370,1.02336
nist-pdf-0016,3,52,1472,1689,0.87152
nist-pdf-0016,3,53,1472,1401,1.05068
nist-pdf-0016,3,54,1402,1408,0.99574
nist-pdf-0016,3,55,1407,1477,0.95261
nist-pdf-0016,3,56,1373,1353,1.01478
nist-pdf-0016,3,57,1448,1384,1.04624
nist-pdf-0016,3,58,1428,1435,0.99512
nist-pdf-0016,3,59,1513,1342,1.12742
nist-pdf-0016,3,60,1463,1479,0.98918
nist-pdf-0016,3,61,1513,1413,1.07077
nist-pdf-0016,3,62,1455,1432,1.01606
nist-pdf-0016,3,63,1523,1447,1.05252
nist-pdf-0016,3,64,1457,1510,0.96490
nist-pdf-0016,3,65,1400,1407,0.99502
nist-pdf-0016,3,66,1416,1395,1.01505
nist-pdf-0016,3,67,1461,1390,1.05108
nist-pdf-0016,3,68,1400,1367,1.02414
nist-pdf-0016,3,69,1577,1397,1.12885
nist-pdf-0016,3,70,1360,1348,1.00890
nist-pdf-0016,3,71,1357,1373,0.98835
nist-pdf-0016,3,72,1385,1292,1.07198
nist-pdf-0016,3,73,1504,1329,1.13168
nist-pdf-0016,3,74,1361,1309,1.03972
nist-pdf-0016,3,75,1351,1374,0.98326
nist-pdf-0016,3,76,1387,1355,1.02362
nist-pdf-0016,3,77,1369,1432,0.95601
nist-pdf-0016,3,78,1419,1337,1.06133
nist-pdf-0016,3,79,1389,1409,0.98581
nist-pdf-0016,3,80,1354,1309,1.03438
nist-pdf-0016,3,81,1434,1349,1.06301
nist-pdf-0016,3,82,1377,1320,1.04318
nist-pdf-0016,3,83,1359,1385,0.98123
nist-pdf-0016,3,84,1472,1433,1.02722
nist-pdf-0016,3,85,1463,1410,1.03759
nist-pdf-0016,3,86,1384,1461,0.94730
nist-pdf-0016,3,87,1350,1407,0.95949
nist-pdf-0016,3,88,1483,1414,1.04880
nist-pdf-0016,3,89,1362,1385,0.98339
nist-pdf-0016,3,90,1427,1507,0.94691
nist-pdf-0016,3,91,1403,1385,1.01300
nist-pdf-0016,3,92,1486,1472,1.00951
nist-pdf-0016,3,93,1496,1408,1.06250
nist-pdf-0016,3,94,1437,1459,0.98492
nist-pdf-0016,3,95,1530,1620,0.94444
nist-pdf-0016,3,96,1392,1477,0.94245
nist-pdf-0016,3,97,1485,1460,1.01712
nist-pdf-0016,3,98,1437,1544,0.93070
nist-pdf-0016,3,99,1430,1547,0.92437
nist-pdf-0016,3,100,1449,1494,0.96988
nist-pdf-0017,3,1,3846,2935,1.31039
nist-pdf-0017,3,2,4127,2041,2.02205
nist-pdf-0017,3,3,4016,2070,1.94010
nist-pdf-0017,3,4,3704,2170,1.70691
nist-pdf-0017,3,5,3704,2292,1.61606
nist-pdf-0017,3,6,3805,2234,1.70322
nist-pdf-0017,3,7,3755,2082,1.80355
nist-pdf-0017,3,8,4015,2071,1.93868
nist-pdf-0017,3,9,3745,2492,1.50281
nist-pdf-0017,3,10,3802,2040,1.86373
nist-pdf-0017,3,11,3945,2138,1.84518
nist-pdf-0017,3,12,4245,2030,2.09113
nist-pdf-0017,3,13,3852,2013,1.91356
nist-pdf-0017,3,14,3699,2276,1.62522
nist-pdf-0017,3,15,3991,2320,1.72026
nist-pdf-0017,3,16,3972,2167,1.83295
nist-pdf-0017,3,17,3685,2362,1.56012
nist-pdf-0017,3,18,3875,2221,1.74471
nist-pdf-0017,3,19,3831,2028,1.88905
nist-pdf-0017,3,20,3854,2269,1.69855
nist-pdf-0017,3,21,4052,2298,1.76327
nist-pdf-0017,3,22,3927,2357,1.66610
nist-pdf-0017,3,23,3844,2062,1.86421
nist-pdf-0017,3,24,3939,2071,1.90198
nist-pdf-0017,3,25,4020,2213,1.81654
nist-pdf-0017,3,26,4173,1990,2.09698
nist-pdf-0017,3,27,3717,1972,1.88489
nist-pdf-0017,3,28,3711,2552,1.45415
nist-pdf-0017,3,29,4025,2403,1.67499
nist-pdf-0017,3,30,3765,2525,1.49109
nist-pdf-0017,3,31,4056,2041,1.98726
nist-pdf-0017,3,32,3771,2167,1.74019
nist-pdf-0017,3,33,3808,2456,1.55049
nist-pdf-0017,3,34,3756,2777,1.35254
nist-pdf-0017,3,35,3813,2647,1.44050
nist-pdf-0017,3,36,3893,2292,1.69852
nist-pdf-0017,3,37,3863,2312,1.67085
nist-pdf-0017,3,38,3753,2210,1.69819
nist-pdf-0017,3,39,3866,2490,1.55261
nist-pdf-0017,3,40,3965,2213,1.79169
nist-pdf-0017,3,41,3926,2076,1.89114
nist-pdf-0017,3,42,3878,2338,1.65868
nist-pdf-0017,3,43,3700,2242,1.65031
nist-pdf-0017,3,44,3848,2261,1.70190
nist-pdf-0017,3,45,3818,2167,1.76188
nist-pdf-0017,3,46,3893,2048,1.90088
nist-pdf-0017,3,47,3850,2268,1.69753
nist-pdf-0017,3,48,3820,2235,1.70917
nist-pdf-0017,3,49,3641,2089,1.74294
nist-pdf-0017,3,50,4030,2178,1.85032
nist-pdf-0017,3,51,3751,2128,1.76269
nist-pdf-0017,3,52,3804,2123,1.79180
nist-pdf-0017,3,53,4533,2254,2.01109
nist-pdf-0017,3,54,3983,2164,1.84057
nist-pdf-0017,3,55,3738,2239,1.66950
nist-pdf-0017,3,56,3824,1995,1.91679
nist-pdf-0017,3,57,3710,2258,1.64305
nist-pdf-0017,3,58,3653,2072,1.76303
nist-pdf-0017,3,59,4258,2424,1.75660
nist-pdf-0017,3,60,3959,2535,1.56174
nist-pdf-0017,3,61,3868,2052,1.88499
nist-pdf-0017,3,62,3686,1974,1.86727
nist-pdf-0017,3,63,3760,2208,1.70290
nist-pdf-0017,3,64,3730,1995,1.86967
nist-pdf-0017,3,65,3643,2477,1.47073
nist-pdf-0017,3,66,3719,2232,1.66622
nist-pdf-0017,3,67,3756,2118,1.77337
nist-pdf-0017,3,68,3888,2320,1.67586
nist-pdf-0017,3,69,3931,2013,1.95281
nist-pdf-0017,3,70,3749,2392,1.56731
nist-pdf-0017,3,71,4026,2241,1.79652
nist-pdf-0017,3,72,3701,2018,1.83399
nist-pdf-0017,3,73,3737,2089,1.78889
nist-pdf-0017,3,74,3949,2218,1.78043
nist-pdf-0017,3,75,3967,2174,1.82475
nist-pdf-0017,3,76,3932,2210,1.77919
nist-pdf-0017,3,77,4062,2021,2.00990
nist-pdf-0017,3,78,3994,2243,1.78065
nist-pdf-0017,3,79,3835,2073,1.84998
nist-pdf-0017,3,80,4216,1935,2.17881
nist-pdf-0017,3,81,4171,2018,2.06690
nist-pdf-0017,3,82,3882,2439,1.59164
nist-pdf-0017,3,83,3961,2022,1.95895
nist-pdf-0017,3,84,3690,2246,1.64292
nist-pdf-0017,3,85,3846,2134,1.80225
nist-pdf-0017,3,86,3800,2291,1.65866
nist-pdf-0017,3,87,3757,2279,1.64853
nist-pdf-0017,3,88,3891,2219,1.75349
nist-pdf-0017,3,89,3862,2210,1.74751
nist-pdf-0017,3,90,3815,1949,1.95741
nist-pdf-0017,3,91,3890,2367,1.64343
nist-pdf-0017,3,92,3720,2185,1.70252
nist-pdf-0017,3,93,3911,2322,1.68432
nist-pdf-0017,3,94,4075,2085,1.95444
nist-pdf-0017,3,95,3792,2305,1.64512
nist-pdf-0017,3,96,4012,2159,1.85827
nist-pdf-0017,3,97,3887,2249,1.72832
nist-pdf-0017,3,98,4015,1999,2.00850
nist-pdf-0017,3,99,3731,2190,1.70365
nist-pdf-0017,3,100,3861,2158,1.78916
nist-docx-0005,4,1,1324,1672,0.79187
nist-docx-0005,4,2,1361,1598,0.85169
nist-docx-0005,4,3,1289,1610,0.80062
nist-docx-0005,4,4,1286,1604,0.80175
nist-docx-0005,4,5,1338,1679,0.79690
nist-docx-0005,4,6,1283,1677,0.76506
nist-docx-0005,4,7,1276,1634,0.78091
nist-docx-0005,4,8,1305,1607,0.81207
nist-docx-0005,4,9,1290,1553,0.83065
nist-docx-0005,4,10,1319,1610,0.81925
nist-docx-0005,4,11,1383,1583,0.87366
nist-docx-0005,4,12,1239,1612,0.76861
nist-docx-0005,4,13,1293,1519,0.85122
nist-docx-0005,4,14,1344,1628,0.82555
nist-docx-0005,4,15,1286,1710,0.75205
nist-docx-0005,4,16,1308,1670,0.78323
nist-docx-0005,4,17,1245,1602,0.77715
nist-docx-0005,4,18,1274,1541,0.82674
nist-docx-0005,4,19,1237,1577,0.78440
nist-docx-0005,4,20,1248,1527,0.81729
nist-docx-0005,4,21,1345,1536,0.87565
nist-docx-0005,4,22,1275,1555,0.81994
nist-docx-0005,4,23,1216,1550,0.78452
nist-docx-0005,4,24,1242,1764,0.70408
nist-docx-0005,4,25,1257,1720,0.73081
nist-docx-0005,4,26,1288,1584,0.81313
nist-docx-0005,4,27,1270,1576,0.80584
nist-docx-0005,4,28,1296,1593,0.81356
nist-docx-0005,4,29,1318,1534,0.85919
nist-docx-0005,4,30,1298,1522,0.85283
nist-docx-0005,4,31,1324,1582,0.83692
nist-docx-0005,4,32,1241,1539,0.80637
nist-docx-0005,4,33,1241,1562,0.79449
nist-docx-0005,4,34,1272,1532,0.83029
nist-docx-0005,4,35,1215,1550,0.78387
nist-docx-0005,4,36,1257,1501,0.83744
nist-docx-0005,4,37,1281,1631,0.78541
nist-docx-0005,4,38,1309,1554,0.84234
nist-docx-0005,4,39,1290,1534,0.84094
nist-docx-0005,4,40,1253,1511,0.82925
nist-docx-0005,4,41,1299,1551,0.83752
nist-docx-0005,4,42,1281,1585,0.80820
nist-docx-0005,4,43,1293,1503,0.86028
nist-docx-0005,4,44,1279,1536,0.83268
nist-docx-0005,4,45,1299,1566,0.82950
nist-docx-0005,4,46,1305,1518,0.85968
nist-docx-0005,4,47,1295,1602,0.80836
nist-docx-0005,4,48,1266,1582,0.80025
nist-docx-0005,4,49,1273,1552,0.82023
nist-docx-0005,4,50,1336,1549,0.86249
nist-docx-0005,4,51,1266,1523,0.83125
nist-docx-0005,4,52,1322,1562,0.84635
nist-docx-0005,4,53,1239,1575,0.78667
nist-docx-0005,4,54,1242,1553,0.79974
nist-docx-0005,4,55,1294,1507,0.85866
nist-docx-0005,4,56,1312,1524,0.86089
nist-docx-0005,4,57,1312,1634,0.80294
nist-docx-0005,4,58,1347,1544,0.87241
nist-docx-0005,4,59,1334,1563,0.85349
nist-docx-0005,4,60,1357,1566,0.86654
nist-docx-0005,4,61,1307,1554,0.84106
nist-docx-0005,4,62,1533,1640,0.93476
nist-docx-0005,4,63,1264,1524,0.82940
nist-docx-0005,4,64,1274,1588,0.80227
nist-docx-0005,4,65,1291,1503,0.85895
nist-docx-0005,4,66,1325,1538,0.86151
nist-docx-0005,4,67,1282,1628,0.78747
nist-docx-0005,4,68,1274,1717,0.74199
nist-docx-0005,4,69,1304,1626,0.80197
nist-docx-0005,4,70,1359,1561,0.87060
nist-docx-0005,4,71,1244,1521,0.81788
nist-docx-0005,4,72,1293,1562,0.82778
nist-docx-0005,4,73,1263,1712,0.73773
nist-docx-0005,4,74,1282,1659,0.77275
nist-docx-0005,4,75,1327,1622,0.81813
nist-docx-0005,4,76,1290,1513,0.85261
nist-docx-0005,4,77,1285,1566,0.82056
nist-docx-0005,4,78,1255,1504,0.83444
nist-docx-0005,4,79,1249,1548,0.80685
nist-docx-0005,4,80,1275,1560,0.81731
nist-docx-0005,4,81,1352,1650,0.81939
nist-docx-0005,4,82,1261,1560,0.80833
nist-docx-0005,4,83,1259,1667,0.75525
nist-docx-0005,4,84,1384,1493,0.92699
nist-docx-0005,4,85,1310,1525,0.85902
nist-docx-0005,4,86,1316,1516,0.86807
nist-docx-0005,4,87,1323,1501,0.88141
nist-docx-0005,4,88,1244,1515,0.82112
nist-docx-0005,4,89,1265,1568,0.80676
nist-docx-0005,4,90,1303,1550,0.84065
nist-docx-0005,4,91,1282,1516,0.84565
nist-docx-0005,4,92,1294,1575,0.82159
nist-docx-0005,4,93,1266,1615,0.78390
nist-docx-0005,4,94,1259,1559,0.80757
nist-docx-0005,4,95,1287,1608,0.80037
nist-docx-0005,4,96,1250,1589,0.78666
nist-docx-0005,4,97,1215,1587,0.76560
nist-docx-0005,4,98,1244,1518,0.81950
nist-docx-0005,4,99,1374,1540,0.89221
nist-docx-0005,4,100,1281,1653,0.77495
nist-docx-0008,4,1,1034,1443,0.71656
nist-docx-0008,4,2,1005,1530,0.65686
nist-docx-0008,4,3,1046,1441,0.72588
nist-docx-0008,4,4,1026,1436,0.71448
nist-docx-0008,4,5,1042,1515,0.68779
nist-docx-0008,4,6,1072,1431,0.74913
nist-docx-0008,4,7,1071,1475,0.72610
nist-docx-0008,4,8,1067,1560,0.68397
nist-docx-0008,4,9,1050,1543,0.68049
nist-docx-0008,4,10,1110,1504,0.73803
nist-docx-0008,4,11,1052,1588,0.66247
nist-docx-0008,4,12,1062,1574,0.67471
nist-docx-0008,4,13,1022,1546,0.66106
nist-docx-0008,4,14,1028,1638,0.62759
nist-docx-0008,4,15,1083,1476,0.73374
nist-docx-0008,4,16,1053,1468,0.71730
nist-docx-0008,4,17,1056,1443,0.73181
nist-docx-0008,4,18,987,1452,0.67975
nist-docx-0008,4,19,989,1408,0.70241
nist-docx-0008,4,20,1011,1451,0.69676
nist-docx-0008,4,21,1040,1411,0.73707
nist-docx-0008,4,22,987,1417,0.69654
nist-docx-0008,4,23,1058,1433,0.73831
nist-docx-0008,4,24,1000,1474,0.67843
nist-docx-0008,4,25,1020,1427,0.71479
nist-docx-0008,4,26,1016,1473,0.68975
nist-docx-0008,4,27,1010,1435,0.70383
nist-docx-0008,4,28,1019,1420,0.71761
nist-docx-0008,4,29,1016,1400,0.72571
nist-docx-0008,4,30,1061,1410,0.75248
nist-docx-0008,4,31,1026,1418,0.72355
nist-docx-0008,4,32,998,1470,0.67891
nist-docx-0008,4,33,998,1446,0.69018
nist-docx-0008,4,34,1004,1404,0.71510
nist-docx-0008,4,35,1021,1461,0.69884
nist-docx-0008,4,36,1008,1429,0.70539
nist-docx-0008,4,37,1005,1417,0.70924
nist-docx-0008,4,38,1073,1399,0.76698
nist-docx-0008,4,39,1011,1412,0.71601
nist-docx-0008,4,40,1021,1472,0.69361
nist-docx-0008,4,41,1075,1451,0.74087
nist-docx-0008,4,42,1014,1411,0.71864
nist-docx-0008,4,43,1001,1443,0.69369
nist-docx-0008,4,44,1060,1471,0.72060
nist-docx-0008,4,45,1021,1487,0.68662
nist-docx-0008,4,46,1034,1462,0.70725
nist-docx-0008,4,47,1011,1407,0.71855
nist-docx-0008,4,48,1034,1422,0.72714
nist-docx-0008,4,49,1036,1426,0.72651
nist-docx-0008,4,50,989,1592,0.62123
nist-docx-0008,4,51,1009,1412,0.71459
nist-docx-0008,4,52,1007,1409,0.71469
nist-docx-0008,4,53,1026,1432,0.71648
nist-docx-0008,4,54,1036,1486,0.69717
nist-docx-0008,4,55,1050,1500,0.70000
nist-docx-0008,4,56,996,1457,0.68360
nist-docx-0008,4,57,1111,1450,0.76621
nist-docx-0008,4,58,1044,1466,0.71214
nist-docx-0008,4,59,1054,1435,0.73449
nist-docx-0008,4,60,1063,1520,0.69934
nist-docx-0008,4,61,1197,1445,0.82837
nist-docx-0008,4,62,1037,1539,0.67381
nist-docx-0008,4,63,1066,1520,0.70132
nist-docx-0008,4,64,1113,1430,0.77832
nist-docx-0008,4,65,1025,1547,0.66257
nist-docx-0008,4,66,1096,1475,0.74305
nist-docx-0008,4,67,1084,1439,0.75330
nist-docx-0008,4,68,1033,1463,0.70608
nist-docx-0008,4,69,1001,1562,0.64085
nist-docx-0008,4,70,1052,1461,0.72005
nist-docx-0008,4,71,1019,1461,0.69747
nist-docx-0008,4,72,1010,1415,0.71378
nist-docx-0008,4,73,1017,1438,0.70723
nist-docx-0008,4,74,1033,1511,0.68365
nist-docx-0008,4,75,1009,1513,0.66689
nist-docx-0008,4,76,1022,1406,0.72688
nist-docx-0008,4,77,1074,1394,0.77044
nist-docx-0008,4,78,1027,1525,0.67344
nist-docx-0008,4,79,1087,1440,0.75486
nist-docx-0008,4,80,1070,1429,0.74878
nist-docx-0008,4,81,1000,1432,0.69832
nist-docx-0008,4,82,1009,1455,0.69347
nist-docx-0008,4,83,990,1636,0.60513
nist-docx-0008,4,84,1053,1465,0.71877
nist-docx-0008,4,85,1070,1514,0.70674
nist-docx-0008,4,86,1113,1454,0.76547
nist-docx-0008,4,87,1054,1542,0.68353
nist-docx-0008,4,88,1128,1752,0.64384
nist-docx-0008,4,89,1029,1584,0.64962
nist-docx-0008,4,90,1177,1539,0.76478
nist-docx-0008,4,91,1230,1554,0.79151
nist-docx-0008,4,92,1070,1472,0.72690
nist-docx-0008,4,93,1069,1505,0.71030
nist-docx-0008,4,94,1031,1585,0.65047
nist-docx-0008,4,95,1034,1590,0.65031
nist-docx-0008,4,96,1043,1490,0.70000
nist-docx-0008,4,97,1091,1571,0.69446
nist-docx-0008,4,98,1091,1462,0.74624
nist-docx-0008,4,99,1059,1465,0.72287
nist-docx-0008,4,100,1092,1431,0.76310
nist-docx-0009,4,1,1766,1667,1.05939
nist-docx-0009,4,2,1909,1630,1.17117
nist-docx-0009,4,3,1765,1659,1.06389
nist-docx-0009,4,4,1815,1808,1.00387
nist-docx-0009,4,5,1735,1656,1.04771
nist-docx-0009,4,6,1704,1702,1.00118
nist-docx-0009,4,7,1685,1755,0.96011
nist-docx-0009,4,8,1678,1644,1.02068
nist-docx-0009,4,9,1717,1562,1.09923
nist-docx-0009,4,10,1816,1589,1.14286
nist-docx-0009,4,11,1739,1576,1.10343
nist-docx-0009,4,12,1720,1549,1.11039
nist-docx-0009,4,13,1687,1580,1.06772
nist-docx-0009,4,14,1664,1584,1.05051
nist-docx-0009,4,15,1636,1542,1.06096
nist-docx-0009,4,16,1665,1569,1.06119
nist-docx-0009,4,17,1734,1550,1.11871
nist-docx-0009,4,18,1687,1658,1.01749
nist-docx-0009,4,19,1669,1603,1.04117
nist-docx-0009,4,20,1717,1589,1.08055
nist-docx-0009,4,21,1697,1617,1.04947
nist-docx-0009,4,22,1654,1690,0.97870
nist-docx-0009,4,23,1666,1612,1.03350
nist-docx-0009,4,24,1779,1587,1.12098
nist-docx-0009,4,25,1696,1533,1.10633
nist-docx-0009,4,26,1720,1618,1.06304
nist-docx-0009,4,27,1802,1638,1.10012
nist-docx-0009,4,28,1748,1592,1.09799
nist-docx-0009,4,29,1731,1650,1.04909
nist-docx-0009,4,30,1798,1815,0.99063
nist-docx-0009,4,31,1786,1691,1.05618
nist-docx-0009,4,32,1715,1575,1.08889
nist-docx-0009,4,33,1651,1759,0.93860
nist-docx-0009,4,34,1861,1679,1.10840
nist-docx-0009,4,35,1872,1863,1.00483
nist-docx-0009,4,36,1728,1713,1.00876
nist-docx-0009,4,37,1809,1613,1.12151
nist-docx-0009,4,38,1726,1665,1.03664
nist-docx-0009,4,39,1862,1589,1.17181
nist-docx-0009,4,40,1823,1625,1.12185
nist-docx-0009,4,41,1729,1593,1.08537
nist-docx-0009,4,42,1692,1590,1.06415
nist-docx-0009,4,43,1743,1548,1.12597
nist-docx-0009,4,44,1751,1583,1.10613
nist-docx-0009,4,45,1770,1572,1.12595
nist-docx-0009,4,46,1702,1599,1.06442
nist-docx-0009,4,47,1691,1652,1.02361
nist-docx-0009,4,48,1714,1556,1.10154
nist-docx-0009,4,49,1662,1540,1.07922
nist-docx-0009,4,50,1815,1589,1.14223
nist-docx-0009,4,51,1697,1574,1.07814
nist-docx-0009,4,52,1720,1624,1.05911
nist-docx-0009,4,53,1651,1711,0.96493
nist-docx-0009,4,54,1676,1579,1.06143
nist-docx-0009,4,55,1689,1598,1.05695
nist-docx-0009,4,56,1843,1556,1.18445
nist-docx-0009,4,57,1690,1573,1.07438
nist-docx-0009,4,58,1699,1598,1.06320
nist-docx-0009,4,59,1797,1593,1.12806
nist-docx-0009,4,60,1768,1601,1.10431
nist-docx-0009,4,61,1689,1627,1.03811
nist-docx-0009,4,62,1661,1651,1.00606
nist-docx-0009,4,63,1679,1596,1.05201
nist-docx-0009,4,64,1685,1560,1.08013
nist-docx-0009,4,65,1698,1585,1.07129
nist-docx-0009,4,66,1687,1588,1.06234
nist-docx-0009,4,67,1708,1631,1.04721
nist-docx-0009,4,68,1751,1558,1.12388
nist-docx-0009,4,69,1700,1554,1.09395
nist-docx-0009,4,70,1737,1585,1.09590
nist-docx-0009,4,71,1662,1566,1.06130
nist-docx-0009,4,72,1690,1600,1.05625
nist-docx-0009,4,73,1673,1552,1.07796
nist-docx-0009,4,74,1733,1622,1.06843
nist-docx-0009,4,75,1781,1552,1.14755
nist-docx-0009,4,76,1663,1599,1.04003
nist-docx-0009,4,77,1752,1573,1.11380
nist-docx-0009,4,78,1734,2391,0.72522
nist-docx-0009,4,79,1742,1644,1.05961
nist-docx-0009,4,80,1744,1640,1.06341
nist-docx-0009,4,81,1725,1594,1.08218
nist-docx-0009,4,82,1728,1590,1.08679
nist-docx-0009,4,83,1826,1611,1.13346
nist-docx-0009,4,84,1742,1564,1.11381
nist-docx-0009,4,85,1702,1613,1.05518
nist-docx-0009,4,86,1668,1657,1.00664
nist-docx-0009,4,87,1689,1697,0.99529
nist-docx-0009,4,88,1753,1577,1.11160
nist-docx-0009,4,89,1751,1567,1.11742
nist-docx-0009,4,90,1832,1590,1.15220
nist-docx-0009,4,91,1687,1626,1.03752
nist-docx-0009,4,92,1684,1616,1.04208
nist-docx-0009,4,93,1705,1562,1.09155
nist-docx-0009,4,94,1761,1608,1.09515
nist-docx-0009,4,95,1751,1566,1.11814
nist-docx-0009,4,96,1726,1586,1.08827
nist-docx-0009,4,97,1701,1606,1.05915
nist-docx-0009,4,98,1727,1576,1.09581
nist-docx-0009,4,99,1679,1580,1.06266
nist-docx-0009,4,100,1764,1583,1.11434
nist-docx-0014,4,1,3675,2308,1.59229
nist-docx-0014,4,2,3658,2143,1.70695
nist-docx-0014,4,3,3613,2253,1.60364
nist-docx-0014,4,4,3788,2143,1.76762
nist-docx-0014,4,5,3471,2156,1.60993
nist-docx-0014,4,6,3513,2095,1.67685
nist-docx-0014,4,7,3519,2166,1.62465
nist-docx-0014,4,8,3526,2076,1.69846
nist-docx-0014,4,9,3550,2105,1.68646
nist-docx-0014,4,10,3584,2085,1.71894
nist-docx-0014,4,11,3580,2120,1.68868
nist-docx-0014,4,12,3546,2169,1.63485
nist-docx-0014,4,13,3621,2088,1.73420
nist-docx-0014,4,14,3517,2163,1.62598
nist-docx-0014,4,15,3590,2279,1.57525
nist-docx-0014,4,16,3618,2073,1.74530
nist-docx-0014,4,17,3680,2061,1.78554
nist-docx-0014,4,18,3582,2061,1.73799
nist-docx-0014,4,19,3622,2295,1.57821
nist-docx-0014,4,20,3659,2179,1.67921
nist-docx-0014,4,21,3658,2362,1.54869
nist-docx-0014,4,22,3922,2083,1.88286
nist-docx-0014,4,23,3608,2158,1.67192
nist-docx-0014,4,24,3699,2060,1.79563
nist-docx-0014,4,25,3701,2083,1.77676
nist-docx-0014,4,26,3654,2170,1.68387
nist-docx-0014,4,27,3559,2157,1.64998
nist-docx-0014,4,28,3506,2121,1.65299
nist-docx-0014,4,29,3539,2215,1.59774
nist-docx-0014,4,30,3470,2156,1.60946
nist-docx-0014,4,31,3759,2242,1.67663
nist-docx-0014,4,32,3508,2243,1.56398
nist-docx-0014,4,33,3569,2146,1.66309
nist-docx-0014,4,34,3674,2120,1.73302
nist-docx-0014,4,35,3753,2149,1.74639
nist-docx-0014,4,36,3519,2126,1.65522
nist-docx-0014,4,37,3491,2189,1.59479
nist-docx-0014,4,38,3865,2169,1.78193
nist-docx-0014,4,39,3659,2103,1.73990
nist-docx-0014,4,40,3507,2204,1.59120
nist-docx-0014,4,41,3814,2130,1.79061
nist-docx-0014,4,42,3493,2405,1.45239
nist-docx-0014,4,43,3722,2228,1.67056
nist-docx-0014,4,44,3466,2163,1.60240
nist-docx-0014,4,45,3587,2264,1.58436
nist-docx-0014,4,46,3544,2322,1.52627
nist-docx-0014,4,47,3529,2200,1.60409
nist-docx-0014,4,48,3540,2253,1.57124
nist-docx-0014,4,49,3594,2146,1.67474
nist-docx-0014,4,50,3671,2340,1.56880
nist-docx-0014,4,51,3620,2360,1.53390
nist-docx-0014,4,52,3662,2268,1.61464
nist-docx-0014,4,53,3578,2495,1.43407
nist-docx-0014,4,54,3525,2084,1.69146
nist-docx-0014,4,55,3482,2315,1.50410
nist-docx-0014,4,56,3634,2378,1.52817
nist-docx-0014,4,57,3512,2129,1.64960
nist-docx-0014,4,58,3556,2323,1.53078
nist-docx-0014,4,59,3621,2193,1.65116
nist-docx-0014,4,60,3652,2097,1.74154
nist-docx-0014,4,61,3509,2139,1.64049
nist-docx-0014,4,62,3695,2150,1.71860
nist-docx-0014,4,63,3663,2416,1.51614
nist-docx-0014,4,64,3723,2102,1.77117
nist-docx-0014,4,65,3653,2230,1.63812
nist-docx-0014,4,66,3516,2157,1.63004
nist-docx-0014,4,67,3521,2167,1.62483
nist-docx-0014,4,68,3495,2463,1.41900
nist-docx-0014,4,69,3583,2148,1.66806
nist-docx-0014,4,70,3540,2176,1.62684
nist-docx-0014,4,71,3621,2224,1.62815
nist-docx-0014,4,72,3850,2112,1.82292
nist-docx-0014,4,73,3517,2227,1.57925
nist-docx-0014,4,74,3537,2092,1.69073
nist-docx-0014,4,75,3529,2250,1.56844
nist-docx-0014,4,76,3885,2057,1.88867
nist-docx-0014,4,77,3607,2300,1.56826
nist-docx-0014,4,78,3488,2313,1.50800
nist-docx-0014,4,79,3558,2373,1.49937
nist-docx-0014,4,80,3593,2097,1.71340
nist-docx-0014,4,81,3605,2148,1.67831
nist-docx-0014,4,82,3647,2096,1.73998
nist-docx-0014,4,83,3500,2108,1.66034
nist-docx-0014,4,84,3650,2076,1.75819
nist-docx-0014,4,85,3590,2187,1.64152
nist-docx-0014,4,86,3601,2207,1.63163
nist-docx-0014,4,87,3484,2192,1.58942
nist-docx-0014,4,88,3705,2117,1.75012
nist-docx-0014,4,89,3525,2181,1.61623
nist-docx-0014,4,90,3521,2129,1.65383
nist-docx-0014,4,91,3714,2180,1.70367
nist-docx-0014,4,92,3505,2133,1.64323
nist-docx-0014,4,93,3537,2169,1.63071
nist-docx-0014,4,94,3535,2241,1.57742
nist-docx-0014,4,95,3530,2116,1.66824
nist-docx-0014,4,96,3693,2097,1.76109
nist-docx-0014,4,97,3516,2119,1.65927
nist-docx-0014,4,98,3511,2118,1.65770
nist-docx-0014,4,99,3503,2299,1.52371
nist-docx-0014,4,100,3672,2197,1.67137
nist-epub-0003,4,1,2925,1804,1.62140
nist-epub-0003,4,2,2874,1823,1.57652
nist-epub-0003,4,3,2874,1839,1.56281
nist-epub-0003,4,4,2893,1803,1.60455
nist-epub-0003,4,5,2970,1793,1.65644
nist-epub-0003,4,6,2878,1782,1.61504
nist-epub-0003,4,7,2865,1799,1.59255
nist-epub-0003,4,8,2918,1726,1.69061
nist-epub-0003,4,9,2856,1818,1.57096
nist-epub-0003,4,10,2858,1844,1.54989
nist-epub-0003,4,11,2890,1882,1.53560
nist-epub-0003,4,12,2847,1758,1.61945
nist-epub-0003,4,13,2879,1768,1.62839
nist-epub-0003,4,14,2900,1791,1.61921
nist-epub-0003,4,15,2882,1910,1.50890
nist-epub-0003,4,16,2949,1845,1.59837
nist-epub-0003,4,17,2855,1822,1.56696
nist-epub-0003,4,18,2928,1898,1.54268
nist-epub-0003,4,19,2939,1896,1.55011
nist-epub-0003,4,20,3131,1922,1.62903
nist-epub-0003,4,21,3038,1941,1.56517
nist-epub-0003,4,22,2982,1907,1.56371
nist-epub-0003,4,23,3144,1819,1.72842
nist-epub-0003,4,24,2981,1889,1.57808
nist-epub-0003,4,25,3089,1905,1.62152
nist-epub-0003,4,26,2942,1837,1.60152
nist-epub-0003,4,27,2955,1936,1.52634
nist-epub-0003,4,28,3060,1837,1.66576
nist-epub-0003,4,29,3117,1950,1.59846
nist-epub-0003,4,30,2889,1882,1.53507
nist-epub-0003,4,31,2898,2020,1.43465
nist-epub-0003,4,32,2953,1857,1.59020
nist-epub-0003,4,33,3029,2117,1.43080
nist-epub-0003,4,34,2982,1914,1.55799
nist-epub-0003,4,35,2894,1940,1.49175
nist-epub-0003,4,36,3009,1852,1.62473
nist-epub-0003,4,37,2973,1864,1.59496
nist-epub-0003,4,38,2951,1833,1.60993
nist-epub-0003,4,39,2952,1988,1.48491
nist-epub-0003,4,40,2973,1858,1.60011
nist-epub-0003,4,41,3355,2022,1.65925
nist-epub-0003,4,42,2925,1852,1.57937
nist-epub-0003,4,43,3030,1899,1.59558
nist-epub-0003,4,44,2923,1918,1.52398
nist-epub-0003,4,45,3006,1897,1.58461
nist-epub-0003,4,46,3058,1990,1.53668
nist-epub-0003,4,47,2977,1943,1.53217
nist-epub-0003,4,48,3090,1843,1.67661
nist-epub-0003,4,49,2994,1865,1.60536
nist-epub-0003,4,50,2928,1832,1.59825
nist-epub-0003,4,51,2873,1997,1.43866
nist-epub-0003,4,52,3081,1863,1.65378
nist-epub-0003,4,53,2979,1883,1.58205
nist-epub-0003,4,54,3032,2024,1.49802
nist-epub-0003,4,55,2919,1912,1.52667
nist-epub-0003,4,56,2999,1814,1.65325
nist-epub-0003,4,57,2881,1914,1.50522
nist-epub-0003,4,58,2890,1846,1.56555
nist-epub-0003,4,59,3028,1846,1.64030
nist-epub-0003,4,60,3041,2100,1.44810
nist-epub-0003,4,61,2994,1897,1.57828
nist-epub-0003,4,62,2894,1889,1.53203
nist-epub-0003,4,63,2984,1921,1.55336
nist-epub-0003,4,64,2948,1948,1.51335
nist-epub-0003,4,65,3047,1874,1.62593
nist-epub-0003,4,66,2888,1988,1.45272
nist-epub-0003,4,67,3005,1881,1.59755
nist-epub-0003,4,68,2943,1872,1.57212
nist-epub-0003,4,69,2986,2040,1.46373
nist-epub-0003,4,70,3009,1928,1.56068
nist-epub-0003,4,71,2922,1960,1.49082
nist-epub-0003,4,72,3098,1948,1.59035
nist-epub-0003,4,73,2976,1959,1.51914
nist-epub-0003,4,74,2970,1949,1.52386
nist-epub-0003,4,75,2955,1972,1.49848
nist-epub-0003,4,76,2969,1949,1.52335
nist-epub-0003,4,77,3003,1946,1.54317
nist-epub-0003,4,78,3421,1778,1.92407
nist-epub-0003,4,79,2896,2580,1.12248
nist-epub-0003,4,80,3148,1904,1.65336
nist-epub-0003,4,81,2967,1958,1.51532
nist-epub-0003,4,82,2962,1791,1.65382
nist-epub-0003,4,83,2912,1898,1.53425
nist-epub-0003,4,84,3127,1811,1.72667
nist-epub-0003,4,85,3002,1841,1.63064
nist-epub-0003,4,86,2997,1880,1.59415
nist-epub-0003,4,87,2942,1927,1.52673
nist-epub-0003,4,88,2928,1917,1.52739
nist-epub-0003,4,89,2983,2308,1.29246
nist-epub-0003,4,90,3028,1990,1.52161
nist-epub-0003,4,91,3082,2093,1.47253
nist-epub-0003,4,92,2982,1966,1.51679
nist-epub-0003,4,93,2930,1925,1.52208
nist-epub-0003,4,94,3450,1917,1.79969
nist-epub-0003,4,95,2927,1860,1.57366
nist-epub-0003,4,96,2855,1848,1.54491
nist-epub-0003,4,97,2937,1970,1.49086
nist-epub-0003,4,98,2983,1960,1.52194
nist-epub-0003,4,99,3046,2039,1.49387
nist-epub-0003,4,100,3059,1837,1.66522
nist-epub-0006,4,1,2348,1569,1.49649
nist-epub-0006,4,2,2317,1528,1.51636
nist-epub-0006,4,3,2299,1557,1.47656
nist-epub-0006,4,4,2348,1687,1.39182
nist-epub-0006,4,5,2351,1569,1.49841
nist-epub-0006,4,6,2387,1573,1.51748
nist-epub-0006,4,7,2296,1638,1.40171
nist-epub-0006,4,8,2393,1579,1.51552
nist-epub-0006,4,9,2361,1775,1.33014
nist-epub-0006,4,10,2447,1596,1.53321
nist-epub-0006,4,11,2379,1587,1.49905
nist-epub-0006,4,12,2515,1679,1.49792
nist-epub-0006,4,13,2392,1683,1.42127
nist-epub-0006,4,14,2340,1738,1.34638
nist-epub-0006,4,15,2459,1618,1.51978
nist-epub-0006,4,16,2462,1614,1.52540
nist-epub-0006,4,17,2467,1613,1.52945
nist-epub-0006,4,18,2324,1615,1.43901
nist-epub-0006,4,19,2383,1668,1.42866
nist-epub-0006,4,20,2447,1576,1.55266
nist-epub-0006,4,21,2525,1729,1.46038
nist-epub-0006,4,22,2377,1701,1.39741
nist-epub-0006,4,23,2370,1711,1.38515
nist-epub-0006,4,24,2381,1699,1.40141
nist-epub-0006,4,25,2386,1678,1.42193
nist-epub-0006,4,26,2288,1563,1.46385
nist-epub-0006,4,27,2382,1561,1.52594
nist-epub-0006,4,28,2388,1596,1.49624
nist-epub-0006,4,29,2367,1645,1.43891
nist-epub-0006,4,30,2458,1577,1.55866
nist-epub-0006,4,31,2316,1896,1.22152
nist-epub-0006,4,32,2676,1643,1.62873
nist-epub-0006,4,33,2329,1586,1.46847
nist-epub-0006,4,34,2350,1566,1.50064
nist-epub-0006,4,35,2325,1630,1.42638
nist-epub-0006,4,36,3108,1608,1.93284
nist-epub-0006,4,37,2440,1641,1.48690
nist-epub-0006,4,38,2416,1652,1.46247
nist-epub-0006,4,39,2370,1739,1.36285
nist-epub-0006,4,40,2408,1680,1.43333
nist-epub-0006,4,41,2990,1693,1.76610
nist-epub-0006,4,42,2444,1589,1.53807
nist-epub-0006,4,43,2337,1641,1.42413
nist-epub-0006,4,44,2452,1556,1.57584
nist-epub-0006,4,45,2349,1583,1.48389
nist-epub-0006,4,46,2434,1629,1.49417
nist-epub-0006,4,47,2372,1647,1.44019
nist-epub-0006,4,48,2400,1591,1.50849
nist-epub-0006,4,49,2385,1777,1.34215
nist-epub-0006,4,50,2441,1624,1.50308
nist-epub-0006,4,51,2383,1672,1.42524
nist-epub-0006,4,52,2354,1592,1.47864
nist-epub-0006,4,53,2319,1775,1.30648
nist-epub-0006,4,54,2467,1570,1.57134
nist-epub-0006,4,55,2365,1659,1.42556
nist-epub-0006,4,56,2556,1692,1.51064
nist-epub-0006,4,57,2410,1609,1.49782
nist-epub-0006,4,58,2399,1628,1.47359
nist-epub-0006,4,59,2375,1630,1.45706
nist-epub-0006,4,60,2479,1889,1.31233
nist-epub-0006,4,61,2517,1701,1.47972
nist-epub-0006,4,62,2475,1667,1.48470
nist-epub-0006,4,63,2429,1583,1.53443
nist-epub-0006,4,64,2516,1543,1.63059
nist-epub-0006,4,65,2440,1698,1.43698
nist-epub-0006,4,66,2365,1630,1.45092
nist-epub-0006,4,67,2406,1699,1.41613
nist-epub-0006,4,68,2372,1645,1.44195
nist-epub-0006,4,69,2368,1772,1.33634
nist-epub-0006,4,70,2361,1668,1.41547
nist-epub-0006,4,71,2441,1603,1.52277
nist-epub-0006,4,72,2331,1663,1.40168
nist-epub-0006,4,73,2644,1633,1.61911
nist-epub-0006,4,74,2376,1618,1.46848
nist-epub-0006,4,75,2509,1564,1.60422
nist-epub-0006,4,76,2399,1582,1.51643
nist-epub-0006,4,77,2357,1595,1.47774
nist-epub-0006,4,78,2367,1708,1.38583
nist-epub-0006,4,79,2347,1751,1.34038
nist-epub-0006,4,80,2388,1573,1.51812
nist-epub-0006,4,81,2437,1639,1.48688
nist-epub-0006,4,82,2336,1634,1.42962
nist-epub-0006,4,83,2386,1560,1.52949
nist-epub-0006,4,84,2450,1726,1.41947
nist-epub-0006,4,85,2398,1549,1.54810
nist-epub-0006,4,86,2397,1524,1.57283
nist-epub-0006,4,87,2423,1648,1.47027
nist-epub-0006,4,88,2430,1636,1.48533
nist-epub-0006,4,89,2353,1701,1.38330
nist-epub-0006,4,90,2438,1600,1.52375
nist-epub-0006,4,91,2335,1760,1.32670
nist-epub-0006,4,92,2339,1655,1.41329
nist-epub-0006,4,93,2373,1585,1.49716
nist-epub-0006,4,94,2329,1546,1.50647
nist-epub-0006,4,95,2585,1641,1.57526
nist-epub-0006,4,96,2430,1687,1.44043
nist-epub-0006,4,97,2491,1689,1.47484
nist-epub-0006,4,98,2447,1542,1.58690
nist-epub-0006,4,99,2341,1681,1.39262
nist-epub-0006,4,100,2323,1650,1.40788
nist-epub-0008,4,1,1570,1577,0.99556
nist-epub-0008,4,2,1575,1457,1.08099
nist-epub-0008,4,3,1550,1705,0.90909
nist-epub-0008,4,4,1560,1528,1.02094
nist-epub-0008,4,5,1557,1503,1.03593
nist-epub-0008,4,6,1570,1616,0.97153
nist-epub-0008,4,7,1587,1489,1.06582
nist-epub-0008,4,8,1534,1476,1.03930
nist-epub-0008,4,9,1486,1507,0.98607
nist-epub-0008,4,10,1651,1575,1.04825
nist-epub-0008,4,11,1583,1491,1.06170
nist-epub-0008,4,12,1595,1738,0.91772
nist-epub-0008,4,13,1528,1589,0.96161
nist-epub-0008,4,14,1544,1511,1.02184
nist-epub-0008,4,15,1507,1572,0.95865
nist-epub-0008,4,16,1478,1583,0.93367
nist-epub-0008,4,17,1547,2159,0.71654
nist-epub-0008,4,18,1649,1483,1.11194
nist-epub-0008,4,19,1551,1810,0.85691
nist-epub-0008,4,20,1576,1498,1.05207
nist-epub-0008,4,21,1653,1689,0.97869
nist-epub-0008,4,22,1629,1602,1.01685
nist-epub-0008,4,23,1592,1575,1.01079
nist-epub-0008,4,24,1564,1505,1.03920
nist-epub-0008,4,25,1567,1831,0.85582
nist-epub-0008,4,26,1534,1500,1.02267
nist-epub-0008,4,27,1504,1602,0.93883
nist-epub-0008,4,28,1564,1623,0.96365
nist-epub-0008,4,29,1564,1549,1.00968
nist-epub-0008,4,30,1575,1609,0.97887
nist-epub-0008,4,31,1624,1492,1.08847
nist-epub-0008,4,32,1689,1553,1.08757
nist-epub-0008,4,33,1568,1531,1.02417
nist-epub-0008,4,34,1542,1595,0.96677
nist-epub-0008,4,35,1538,1481,1.03849
nist-epub-0008,4,36,1570,1526,1.02883
nist-epub-0008,4,37,1525,1613,0.94544
nist-epub-0008,4,38,1519,1489,1.02015
nist-epub-0008,4,39,1700,1672,1.01675
nist-epub-0008,4,40,1615,1494,1.08099
nist-epub-0008,4,41,1591,1676,0.94928
nist-epub-0008,4,42,1587,1553,1.02189
nist-epub-0008,4,43,1503,1578,0.95247
nist-epub-0008,4,44,1474,1465,1.00614
nist-epub-0008,4,45,1475,1597,0.92361
nist-epub-0008,4,46,1528,1471,1.03875
nist-epub-0008,4,47,1649,1610,1.02422
nist-epub-0008,4,48,1713,1636,1.04707
nist-epub-0008,4,49,1618,1486,1.08883
nist-epub-0008,4,50,1510,1571,0.96117
nist-epub-0008,4,51,1699,1549,1.09684
nist-epub-0008,4,52,1495,1479,1.01082
nist-epub-0008,4,53,1578,1546,1.02070
nist-epub-0008,4,54,1537,1474,1.04274
nist-epub-0008,4,55,1681,1619,1.03830
nist-epub-0008,4,56,1583,1800,0.87944
nist-epub-0008,4,57,1581,1560,1.01346
nist-epub-0008,4,58,1578,1467,1.07566
nist-epub-0008,4,59,1560,1475,1.05763
nist-epub-0008,4,60,1518,1576,0.96320
nist-epub-0008,4,61,1649,1648,1.00061
nist-epub-0008,4,62,1571,1534,1.02412
nist-epub-0008,4,63,1501,1517,0.98945
nist-epub-0008,4,64,1535,1581,0.97090
nist-epub-0008,4,65,1584,1498,1.05741
nist-epub-0008,4,66,1540,1537,1.00195
nist-epub-0008,4,67,1545,1756,0.87984
nist-epub-0008,4,68,1528,1526,1.00131
nist-epub-0008,4,69,1532,1570,0.97580
nist-epub-0008,4,70,1649,1569,1.05099
nist-epub-0008,4,71,1543,1500,1.02867
nist-epub-0008,4,72,1546,1498,1.03204
nist-epub-0008,4,73,1575,1511,1.04236
nist-epub-0008,4,74,1589,1569,1.01275
nist-epub-0008,4,75,1647,1738,0.94764
nist-epub-0008,4,76,1572,1503,1.04591
nist-epub-0008,4,77,1528,1471,1.03875
nist-epub-0008,4,78,1524,1548,0.98450
nist-epub-0008,4,79,1671,1506,1.10956
nist-epub-0008,4,80,1514,1521,0.99540
nist-epub-0008,4,81,1557,1482,1.05061
nist-epub-0008,4,82,1557,1509,1.03181
nist-epub-0008,4,83,1580,1615,0.97833
nist-epub-0008,4,84,1567,1523,1.02889
nist-epub-0008,4,85,1612,1622,0.99383
nist-epub-0008,4,86,1503,1476,1.01829
nist-epub-0008,4,87,1558,1609,0.96830
nist-epub-0008,4,88,1513,1533,0.98695
nist-epub-0008,4,89,1806,1572,1.14885
nist-epub-0008,4,90,1677,1488,1.12702
nist-epub-0008,4,91,1628,1506,1.08101
nist-epub-0008,4,92,1711,1640,1.04329
nist-epub-0008,4,93,1581,1500,1.05400
nist-epub-0008,4,94,1553,1489,1.04298
nist-epub-0008,4,95,1497,1632,0.91728
nist-epub-0008,4,96,1546,1516,1.01979
nist-epub-0008,4,97,1521,1490,1.02081
nist-epub-0008,4,98,1546,1548,0.99871
nist-epub-0008,4,99,1497,1445,1.03599
nist-epub-0008,4,100,1536,1788,0.85906
nist-epub-0009,4,1,5853,2678,2.18559
nist-epub-0009,4,2,5950,2757,2.15814
nist-epub-0009,4,3,5632,2838,1.98450
nist-epub-0009,4,4,5790,2925,1.97949
nist-epub-0009,4,5,5765,2576,2.23797
nist-epub-0009,4,6,5690,2902,1.96072
nist-epub-0009,4,7,6127,2768,2.21351
nist-epub-0009,4,8,5903,2689,2.19524
nist-epub-0009,4,9,5979,2905,2.05818
nist-epub-0009,4,10,5760,2826,2.03822
nist-epub-0009,4,11,5789,2776,2.08537
nist-epub-0009,4,12,6103,2435,2.50637
nist-epub-0009,4,13,5804,2801,2.07212
nist-epub-0009,4,14,5738,3311,1.73301
nist-epub-0009,4,15,5637,2522,2.23513
nist-epub-0009,4,16,5616,2611,2.15090
nist-epub-0009,4,17,5796,2842,2.03941
nist-epub-0009,4,18,5916,2561,2.31004
nist-epub-0009,4,19,6408,3030,2.11485
nist-epub-0009,4,20,5620,2705,2.07763
nist-epub-0009,4,21,5629,2927,1.92313
nist-epub-0009,4,22,5758,2571,2.23960
nist-epub-0009,4,23,5873,2715,2.16317
nist-epub-0009,4,24,5869,2453,2.39258
nist-epub-0009,4,25,5605,2630,2.13118
nist-epub-0009,4,26,5735,2592,2.21258
nist-epub-0009,4,27,5659,2831,1.99894
nist-epub-0009,4,28,5544,2706,2.04878
nist-epub-0009,4,29,5668,2589,2.18926
nist-epub-0009,4,30,5602,2690,2.08253
nist-epub-0009,4,31,5678,2669,2.12739
nist-epub-0009,4,32,5566,2684,2.07377
nist-epub-0009,4,33,5521,2909,1.89790
nist-epub-0009,4,34,5586,2587,2.15926
nist-epub-0009,4,35,5710,2657,2.14904
nist-epub-0009,4,36,5684,3287,1.72924
nist-epub-0009,4,37,5823,2465,2.36227
nist-epub-0009,4,38,5928,2440,2.42951
nist-epub-0009,4,39,5717,2658,2.15087
nist-epub-0009,4,40,5557,2515,2.20954
nist-epub-0009,4,41,5848,2613,2.23804
nist-epub-0009,4,42,5794,2676,2.16517
nist-epub-0009,4,43,5856,2727,2.14741
nist-epub-0009,4,44,5878,2674,2.19820
nist-epub-0009,4,45,5878,2747,2.13979
nist-epub-0009,4,46,5601,2759,2.03008
nist-epub-0009,4,47,5851,2656,2.20294
nist-epub-0009,4,48,5697,2780,2.04928
nist-epub-0009,4,49,6191,2887,2.14444
nist-epub-0009,4,50,5954,2600,2.29000
nist-epub-0009,4,51,6232,2666,2.33758
nist-epub-0009,4,52,5866,2595,2.26050
nist-epub-0009,4,53,6427,2849,2.25588
nist-epub-0009,4,54,6385,2635,2.42315
nist-epub-0009,4,55,5629,2886,1.95045
nist-epub-0009,4,56,5688,2947,1.93010
nist-epub-0009,4,57,5969,3061,1.95002
nist-epub-0009,4,58,5787,2845,2.03409
nist-epub-0009,4,59,5675,2615,2.17017
nist-epub-0009,4,60,5759,2715,2.12118
nist-epub-0009,4,61,5787,2797,2.06900
nist-epub-0009,4,62,5853,2764,2.11758
nist-epub-0009,4,63,5831,2644,2.20537
nist-epub-0009,4,64,5643,2847,1.98209
nist-epub-0009,4,65,5590,2617,2.13603
nist-epub-0009,4,66,5778,2773,2.08366
nist-epub-0009,4,67,5971,2710,2.20332
nist-epub-0009,4,68,5763,2595,2.22081
nist-epub-0009,4,69,5512,2738,2.01315
nist-epub-0009,4,70,6016,2753,2.18525
nist-epub-0009,4,71,5731,2861,2.00315
nist-epub-0009,4,72,5913,2525,2.34178
nist-epub-0009,4,73,5693,2458,2.31611
nist-epub-0009,4,74,5662,2556,2.21518
nist-epub-0009,4,75,5568,2477,2.24788
nist-epub-0009,4,76,5625,2540,2.21457
nist-epub-0009,4,77,5544,2430,2.28148
nist-epub-0009,4,78,5624,2543,2.21156
nist-epub-0009,4,79,5716,2488,2.29743
nist-epub-0009,4,80,5810,2483,2.33991
nist-epub-0009,4,81,5652,2570,2.19922
nist-epub-0009,4,82,6007,2897,2.07352
nist-epub-0009,4,83,6003,2510,2.39163
nist-epub-0009,4,84,5655,2682,2.10850
nist-epub-0009,4,85,5567,2517,2.21176
nist-epub-0009,4,86,5556,2540,2.18740
nist-epub-0009,4,87,5611,2560,2.19180
nist-epub-0009,4,88,5536,2549,2.17183
nist-epub-0009,4,89,5617,2608,2.15376
nist-epub-0009,4,90,5977,2594,2.30416
nist-epub-0009,4,91,5748,2409,2.38605
nist-epub-0009,4,92,5741,2363,2.42954
nist-epub-0009,4,93,5598,2702,2.07180
nist-epub-0009,4,94,5587,2582,2.16383
nist-epub-0009,4,95,5472,2485,2.20201
nist-epub-0009,4,96,5664,2597,2.18098
nist-epub-0009,4,97,5729,2528,2.26622
nist-epub-0009,4,98,5889,2392,2.46196
nist-epub-0009,4,99,5622,2655,2.11751
nist-epub-0009,4,100,5533,2571,2.15208
nist-pdf-0002,4,1,1428,1526,0.93578
nist-pdf-0002,4,2,1572,1596,0.98496
nist-pdf-0002,4,3,1391,1518,0.91634
nist-pdf-0002,4,4,1402,1559,0.89929
nist-pdf-0002,4,5,1316,1448,0.90884
nist-pdf-0002,4,6,1310,1433,0.91417
nist-pdf-0002,4,7,1329,1491,0.89135
nist-pdf-0002,4,8,1423,1463,0.97266
nist-pdf-0002,4,9,1343,1515,0.88647
nist-pdf-0002,4,10,1410,1478,0.95399
nist-pdf-0002,4,11,1415,1492,0.94839
nist-pdf-0002,4,12,1407,1495,0.94114
nist-pdf-0002,4,13,1417,1528,0.92736
nist-pdf-0002,4,14,1514,1476,1.02575
nist-pdf-0002,4,15,1381,1424,0.96980
nist-pdf-0002,4,16,1420,1493,0.95111
nist-pdf-0002,4,17,1365,1469,0.92920
nist-pdf-0002,4,18,1425,1441,0.98890
nist-pdf-0002,4,19,1314,1466,0.89632
nist-pdf-0002,4,20,1346,1459,0.92255
nist-pdf-0002,4,21,1335,1503,0.88822
nist-pdf-0002,4,22,1477,1427,1.03504
nist-pdf-0002,4,23,1439,1477,0.97427
nist-pdf-0002,4,24,1464,1502,0.97470
nist-pdf-0002,4,25,1443,1472,0.98030
nist-pdf-0002,4,26,1314,1530,0.85882
nist-pdf-0002,4,27,1352,1450,0.93241
nist-pdf-0002,4,28,1343,1505,0.89236
nist-pdf-0002,4,29,1428,1477,0.96682
nist-pdf-0002,4,30,1399,1488,0.94019
nist-pdf-0002,4,31,1310,1480,0.88514
nist-pdf-0002,4,32,1349,1518,0.88867
nist-pdf-0002,4,33,1355,1525,0.88852
nist-pdf-0002,4,34,1370,1406,0.97440
nist-pdf-0002,4,35,1390,1466,0.94816
nist-pdf-0002,4,36,1366,1478,0.92422
nist-pdf-0002,4,37,1346,1507,0.89317
nist-pdf-0002,4,38,1314,1439,0.91313
nist-pdf-0002,4,39,1374,1481,0.92775
nist-pdf-0002,4,40,1381,1603,0.86151
nist-pdf-0002,4,41,1358,1463,0.92823
nist-pdf-0002,4,42,1346,1545,0.87120
nist-pdf-0002,4,43,1417,1516,0.93470
nist-pdf-0002,4,44,1313,1486,0.88358
nist-pdf-0002,4,45,1432,1434,0.99861
nist-pdf-0002,4,46,1372,1491,0.92019
nist-pdf-0002,4,47,1394,1493,0.93369
nist-pdf-0002,4,48,1386,1543,0.89825
nist-pdf-0002,4,49,1350,1443,0.93555
nist-pdf-0002,4,50,1350,1398,0.96567
nist-pdf-0002,4,51,1394,1477,0.94381
nist-pdf-0002,4,52,1338,1381,0.96886
nist-pdf-0002,4,53,1350,1382,0.97685
nist-pdf-0002,4,54,1287,1417,0.90826
nist-pdf-0002,4,55,1310,1393,0.94042
nist-pdf-0002,4,56,1283,1360,0.94338
nist-pdf-0002,4,57,1324,1437,0.92136
nist-pdf-0002,4,58,1291,1383,0.93348
nist-pdf-0002,4,59,1322,1488,0.88844
nist-pdf-0002,4,60,1271,1408,0.90270
nist-pdf-0002,4,61,1336,1382,0.96671
nist-pdf-0002,4,62,1287,1346,0.95617
nist-pdf-0002,4,63,1354,1450,0.93379
nist-pdf-0002,4,64,1337,1371,0.97520
nist-pdf-0002,4,65,1266,1401,0.90364
nist-pdf-0002,4,66,1338,1394,0.95983
nist-pdf-0002,4,67,1305,1372,0.95117
nist-pdf-0002,4,68,1318,1348,0.97774
nist-pdf-0002,4,69,1267,1454,0.87139
nist-pdf-0002,4,70,1429,1384,1.03251
nist-pdf-0002,4,71,1350,1844,0.73210
nist-pdf-0002,4,72,1534,1547,0.99160
nist-pdf-0002,4,73,1381,1604,0.86097
nist-pdf-0002,4,74,1355,1467,0.92365
nist-pdf-0002,4,75,1432,1482,0.96626
nist-pdf-0002,4,76,1465,1499,0.97732
nist-pdf-0002,4,77,1417,1526,0.92857
nist-pdf-0002,4,78,1459,1459,1.00000
nist-pdf-0002,4,79,1486,1507,0.98607
nist-pdf-0002,4,80,1422,1681,0.84593
nist-pdf-0002,4,81,1442,1520,0.94868
nist-pdf-0002,4,82,1370,1503,0.91151
nist-pdf-0002,4,83,1340,1523,0.87984
nist-pdf-0002,4,84,1370,1431,0.95737
nist-pdf-0002,4,85,1326,1484,0.89353
nist-pdf-0002,4,86,1375,1529,0.89928
nist-pdf-0002,4,87,1368,1557,0.87861
nist-pdf-0002,4,88,1322,1428,0.92577
nist-pdf-0002,4,89,1316,1514,0.86922
nist-pdf-0002,4,90,1364,1449,0.94134
nist-pdf-0002,4,91,1339,1511,0.88617
nist-pdf-0002,4,92,1333,1454,0.91678
nist-pdf-0002,4,93,1377,1911,0.72057
nist-pdf-0002,4,94,1347,1420,0.94859
nist-pdf-0002,4,95,1273,1470,0.86599
nist-pdf-0002,4,96,1405,1403,1.00143
nist-pdf-0002,4,97,1334,1360,0.98088
nist-pdf-0002,4,98,1353,1420,0.95282
nist-pdf-0002,4,99,1307,1559,0.83836
nist-pdf-0002,4,100,1368,1556,0.87918
nist-pdf-0004,4,1,2946,2039,1.44483
nist-pdf-0004,4,2,2962,2039,1.45267
nist-pdf-0004,4,3,4189,2010,2.08408
nist-pdf-0004,4,4,3358,2125,1.58024
nist-pdf-0004,4,5,3071,2068,1.48501
nist-pdf-0004,4,6,2940,1955,1.50384
nist-pdf-0004,4,7,3101,1976,1.56933
nist-pdf-0004,4,8,3092,1946,1.58890
nist-pdf-0004,4,9,3091,2367,1.30587
nist-pdf-0004,4,10,3054,1985,1.53854
nist-pdf-0004,4,11,3213,2211,1.45319
nist-pdf-0004,4,12,3080,1975,1.55949
nist-pdf-0004,4,13,3202,1972,1.62373
nist-pdf-0004,4,14,3195,2014,1.58640
nist-pdf-0004,4,15,3080,2224,1.38489
nist-pdf-0004,4,16,3024,1887,1.60254
nist-pdf-0004,4,17,2902,1910,1.51937
nist-pdf-0004,4,18,2981,3431,0.86884
nist-pdf-0004,4,19,3108,2009,1.54704
nist-pdf-0004,4,20,3223,2126,1.51599
nist-pdf-0004,4,21,3128,2025,1.54469
nist-pdf-0004,4,22,2985,1889,1.58020
nist-pdf-0004,4,23,3065,1948,1.57341
nist-pdf-0004,4,24,2894,1765,1.63966
nist-pdf-0004,4,25,2975,1834,1.62214
nist-pdf-0004,4,26,2887,1938,1.48968
nist-pdf-0004,4,27,3009,2006,1.50000
nist-pdf-0004,4,28,2873,1953,1.47107
nist-pdf-0004,4,29,2967,2037,1.45655
nist-pdf-0004,4,30,2899,1818,1.59461
nist-pdf-0004,4,31,2919,1902,1.53470
nist-pdf-0004,4,32,2866,1809,1.58430
nist-pdf-0004,4,33,2870,1777,1.61508
nist-pdf-0004,4,34,3142,1744,1.80161
nist-pdf-0004,4,35,2986,1778,1.67942
nist-pdf-0004,4,36,2842,1764,1.61111
nist-pdf-0004,4,37,2956,1701,1.73780
nist-pdf-0004,4,38,2907,1854,1.56796
nist-pdf-0004,4,39,3035,1978,1.53438
nist-pdf-0004,4,40,2982,1805,1.65208
nist-pdf-0004,4,41,3073,1756,1.75000
nist-pdf-0004,4,42,2893,1773,1.63170
nist-pdf-0004,4,43,2877,1842,1.56189
nist-pdf-0004,4,44,2953,1824,1.61897
nist-pdf-0004,4,45,2911,1934,1.50517
nist-pdf-0004,4,46,2883,1974,1.46049
nist-pdf-0004,4,47,2910,1795,1.62117
nist-pdf-0004,4,48,2907,1917,1.51643
nist-pdf-0004,4,49,2926,1741,1.68064
nist-pdf-0004,4,50,3013,1737,1.73460
nist-pdf-0004,4,51,2916,1820,1.60220
nist-pdf-0004,4,52,2868,1749,1.63979
nist-pdf-0004,4,53,2884,1767,1.63214
nist-pdf-0004,4,54,2943,1800,1.63500
nist-pdf-0004,4,55,2915,1793,1.62577
nist-pdf-0004,4,56,3054,1859,1.64282
nist-pdf-0004,4,57,2986,1836,1.62636
nist-pdf-0004,4,58,2927,1786,1.63886
nist-pdf-0004,4,59,2899,1758,1.64903
nist-pdf-0004,4,60,2923,1821,1.60516
nist-pdf-0004,4,61,2950,1926,1.53167
nist-pdf-0004,4,62,2931,1788,1.63926
nist-pdf-0004,4,63,2928,1842,1.58958
nist-pdf-0004,4,64,3046,1815,1.67824
nist-pdf-0004,4,65,2858,1744,1.63876
nist-pdf-0004,4,66,2935,1754,1.67332
nist-pdf-0004,4,67,2920,1798,1.62403
nist-pdf-0004,4,68,3009,1859,1.61861
nist-pdf-0004,4,69,2938,1796,1.63586
nist-pdf-0004,4,70,2923,1905,1.53438
nist-pdf-0004,4,71,2913,1847,1.57715
nist-pdf-0004,4,72,2879,1956,1.47188
nist-pdf-0004,4,73,2845,1959,1.45227
nist-pdf-0004,4,74,2993,1881,1.59117
nist-pdf-0004,4,75,2941,1861,1.58033
nist-pdf-0004,4,76,2880,1955,1.47315
nist-pdf-0004,4,77,2892,1864,1.55150
nist-pdf-0004,4,78,2896,1798,1.61068
nist-pdf-0004,4,79,2886,1895,1.52296
nist-pdf-0004,4,80,2829,1925,1.46961
nist-pdf-0004,4,81,2917,1776,1.64245
nist-pdf-0004,4,82,2914,1815,1.60551
nist-pdf-0004,4,83,2861,2020,1.41634
nist-pdf-0004,4,84,2873,1752,1.63984
nist-pdf-0004,4,85,2926,1880,1.55638
nist-pdf-0004,4,86,2996,1841,1.62738
nist-pdf-0004,4,87,2873,1885,1.52414
nist-pdf-0004,4,88,3000,1861,1.61204
nist-pdf-0004,4,89,3091,2115,1.46147
nist-pdf-0004,4,90,3039,2037,1.49190
nist-pdf-0004,4,91,2939,1849,1.58951
nist-pdf-0004,4,92,2933,2077,1.41213
nist-pdf-0004,4,93,3060,1841,1.66214
nist-pdf-0004,4,94,3156,1989,1.58673
nist-pdf-0004,4,95,2934,2055,1.42774
nist-pdf-0004,4,96,3138,1933,1.62338
nist-pdf-0004,4,97,3044,2009,1.51518
nist-pdf-0004,4,98,3067,2010,1.52587
nist-pdf-0004,4,99,2950,1891,1.56002
nist-pdf-0004,4,100,2997,2027,1.47854
nist-pdf-0016,4,1,1348,1380,0.97681
nist-pdf-0016,4,2,1398,1408,0.99290
nist-pdf-0016,4,3,1450,1480,0.97973
nist-pdf-0016,4,4,1381,1402,0.98502
nist-pdf-0016,4,5,1399,1393,1.00431
nist-pdf-0016,4,6,1515,1442,1.05062
nist-pdf-0016,4,7,1524,1421,1.07248
nist-pdf-0016,4,8,1432,1440,0.99444
nist-pdf-0016,4,9,1466,1539,0.95257
nist-pdf-0016,4,10,1554,1417,1.09668
nist-pdf-0016,4,11,1505,1512,0.99537
nist-pdf-0016,4,12,1526,1448,1.05387
nist-pdf-0016,4,13,1428,1421,1.00493
nist-pdf-0016,4,14,1450,1462,0.99179
nist-pdf-0016,4,15,1456,1429,1.01889
nist-pdf-0016,4,16,1514,1579,0.95883
nist-pdf-0016,4,17,1476,1762,0.83768
nist-pdf-0016,4,18,1465,1615,0.90712
nist-pdf-0016,4,19,1522,1495,1.01806
nist-pdf-0016,4,20,1401,1460,0.95959
nist-pdf-0016,4,21,1439,1517,0.94858
nist-pdf-0016,4,22,1457,1503,0.96939
nist-pdf-0016,4,23,1531,1458,1.05007
nist-pdf-0016,4,24,1373,1505,0.91229
nist-pdf-0016,4,25,1480,1478,1.00135
nist-pdf-0016,4,26,1434,1381,1.03838
nist-pdf-0016,4,27,1519,1561,0.97309
nist-pdf-0016,4,28,1487,1431,1.03913
nist-pdf-0016,4,29,1454,1626,0.89422
nist-pdf-0016,4,30,1405,1595,0.88088
nist-pdf-0016,4,31,1544,1647,0.93746
nist-pdf-0016,4,32,1423,1484,0.95889
nist-pdf-0016,4,33,1427,1441,0.99028
nist-pdf-0016,4,34,1469,1491,0.98524
nist-pdf-0016,4,35,1361,1670,0.81497
nist-pdf-0016,4,36,1451,1414,1.02617
nist-pdf-0016,4,37,2220,1444,1.53740
nist-pdf-0016,4,38,1508,1573,0.95868
nist-pdf-0016,4,39,1516,1574,0.96315
nist-pdf-0016,4,40,1447,1499,0.96531
nist-pdf-0016,4,41,1455,1721,0.84544
nist-pdf-0016,4,42,1502,1517,0.99011
nist-pdf-0016,4,43,1527,1638,0.93223
nist-pdf-0016,4,44,1434,1469,0.97617
nist-pdf-0016,4,45,1387,1521,0.91190
nist-pdf-0016,4,46,1544,1493,1.03416
nist-pdf-0016,4,47,1437,1598,0.89925
nist-pdf-0016,4,48,1393,1489,0.93553
nist-pdf-0016,4,49,1411,1389,1.01584
nist-pdf-0016,4,50,1526,1544,0.98834
nist-pdf-0016,4,51,1455,1423,1.02249
nist-pdf-0016,4,52,1469,1478,0.99391
nist-pdf-0016,4,53,1429,1495,0.95585
nist-pdf-0016,4,54,1419,1482,0.95749
nist-pdf-0016,4,55,1431,1498,0.95527
nist-pdf-0016,4,56,1423,1429,0.99580
nist-pdf-0016,4,57,1454,1509,0.96355
nist-pdf-0016,4,58,1446,1400,1.03286
nist-pdf-0016,4,59,1367,1406,0.97226
nist-pdf-0016,4,60,1974,1489,1.32572
nist-pdf-0016,4,61,1437,1530,0.93922
nist-pdf-0016,4,62,1397,1430,0.97692
nist-pdf-0016,4,63,1513,1418,1.06700
nist-pdf-0016,4,64,1431,1533,0.93346
nist-pdf-0016,4,65,1460,1536,0.95052
nist-pdf-0016,4,66,1417,1382,1.02533
nist-pdf-0016,4,67,1411,1399,1.00858
nist-pdf-0016,4,68,1424,1503,0.94744
nist-pdf-0016,4,69,1438,1430,1.00559
nist-pdf-0016,4,70,1428,1367,1.04462
nist-pdf-0016,4,71,1352,1353,0.99926
nist-pdf-0016,4,72,1414,1413,1.00071
nist-pdf-0016,4,73,1391,1487,0.93544
nist-pdf-0016,4,74,1422,1363,1.04329
nist-pdf-0016,4,75,1515,1406,1.07752
nist-pdf-0016,4,76,1419,1465,0.96860
nist-pdf-0016,4,77,1368,1403,0.97505
nist-pdf-0016,4,78,1376,1426,0.96494
nist-pdf-0016,4,79,1404,1434,0.97908
nist-pdf-0016,4,80,1518,1368,1.10965
nist-pdf-0016,4,81,1375,1419,0.96899
nist-pdf-0016,4,82,1380,1358,1.01620
nist-pdf-0016,4,83,1396,1414,0.98727
nist-pdf-0016,4,84,1470,1403,1.04775
nist-pdf-0016,4,85,1404,1381,1.01665
nist-pdf-0016,4,86,1411,1403,1.00570
nist-pdf-0016,4,87,1338,1495,0.89498
nist-pdf-0016,4,88,1412,1464,0.96448
nist-pdf-0016,4,89,1381,1536,0.89909
nist-pdf-0016,4,90,1445,1530,0.94444
nist-pdf-0016,4,91,1417,1391,1.01869
nist-pdf-0016,4,92,1430,1488,0.96102
nist-pdf-0016,4,93,1419,1478,0.96008
nist-pdf-0016,4,94,1393,1403,0.99287
nist-pdf-0016,4,95,1564,1597,0.97934
nist-pdf-0016,4,96,1450,1503,0.96474
nist-pdf-0016,4,97,1415,1450,0.97586
nist-pdf-0016,4,98,1385,1484,0.93329
nist-pdf-0016,4,99,1382,1536,0.89974
nist-pdf-0016,4,100,1456,1505,0.96744
nist-pdf-0017,4,1,3700,2690,1.37546
nist-pdf-0017,4,2,3988,2286,1.74453
nist-pdf-0017,4,3,3991,2414,1.65327
nist-pdf-0017,4,4,3881,2247,1.72719
nist-pdf-0017,4,5,3891,2029,1.91769
nist-pdf-0017,4,6,3890,2049,1.89849
nist-pdf-0017,4,7,3867,2100,1.84143
nist-pdf-0017,4,8,3935,2240,1.75670
nist-pdf-0017,4,9,3699,2406,1.53741
nist-pdf-0017,4,10,4393,2533,1.73431
nist-pdf-0017,4,11,3833,2119,1.80887
nist-pdf-0017,4,12,3900,2196,1.77596
nist-pdf-0017,4,13,3825,2068,1.84961
nist-pdf-0017,4,14,3733,2127,1.75505
nist-pdf-0017,4,15,3722,2277,1.63461
nist-pdf-0017,4,16,3771,2390,1.57782
nist-pdf-0017,4,17,3890,2371,1.64066
nist-pdf-0017,4,18,3754,2149,1.74686
nist-pdf-0017,4,19,4034,1989,2.02815
nist-pdf-0017,4,20,3857,2198,1.75478
nist-pdf-0017,4,21,3936,2277,1.72859
nist-pdf-0017,4,22,4071,2614,1.55738
nist-pdf-0017,4,23,4080,2337,1.74583
nist-pdf-0017,4,24,3733,2431,1.53558
nist-pdf-0017,4,25,3973,2119,1.87494
nist-pdf-0017,4,26,3923,1934,2.02844
nist-pdf-0017,4,27,3688,2013,1.83209
nist-pdf-0017,4,28,3963,2308,1.71707
nist-pdf-0017,4,29,3951,2274,1.73747
nist-pdf-0017,4,30,3789,2300,1.64739
nist-pdf-0017,4,31,4145,2117,1.95796
nist-pdf-0017,4,32,3806,2127,1.78937
nist-pdf-0017,4,33,3731,2322,1.60680
nist-pdf-0017,4,34,3803,2288,1.66215
nist-pdf-0017,4,35,3911,2549,1.53433
nist-pdf-0017,4,36,3754,2303,1.63005
nist-pdf-0017,4,37,3878,2063,1.87979
nist-pdf-0017,4,38,3690,2181,1.69188
nist-pdf-0017,4,39,3775,2215,1.70429
nist-pdf-0017,4,40,4119,2490,1.65422
nist-pdf-0017,4,41,3909,2194,1.78168
nist-pdf-0017,4,42,3680,2493,1.47613
nist-pdf-0017,4,43,3679,2131,1.72642
nist-pdf-0017,4,44,3720,2311,1.60969
nist-pdf-0017,4,45,3683,2430,1.51564
nist-pdf-0017,4,46,3858,2473,1.56005
nist-pdf-0017,4,47,3935,2133,1.84482
nist-pdf-0017,4,48,3905,2341,1.66809
nist-pdf-0017,4,49,3932,2218,1.77277
nist-pdf-0017,4,50,3736,2122,1.76060
nist-pdf-0017,4,51,3809,2015,1.89032
nist-pdf-0017,4,52,3883,1934,2.00776
nist-pdf-0017,4,53,4001,2059,1.94318
nist-pdf-0017,4,54,3960,2501,1.58337
nist-pdf-0017,4,55,3804,2337,1.62773
nist-pdf-0017,4,56,3700,2296,1.61150
nist-pdf-0017,4,57,3863,2122,1.82045
nist-pdf-0017,4,58,3773,1972,1.91329
nist-pdf-0017,4,59,3849,2417,1.59247
nist-pdf-0017,4,60,4035,2710,1.48893
nist-pdf-0017,4,61,3883,2280,1.70307
nist-pdf-0017,4,62,3886,1977,1.96560
nist-pdf-0017,4,63,3856,2327,1.65707
nist-pdf-0017,4,64,3838,1946,1.97225
nist-pdf-0017,4,65,3584,2354,1.52251
nist-pdf-0017,4,66,4016,2435,1.64928
nist-pdf-0017,4,67,3773,2078,1.81569
nist-pdf-0017,4,68,3750,2385,1.57233
nist-pdf-0017,4,69,3851,2346,1.64152
nist-pdf-0017,4,70,3706,2040,1.81667
nist-pdf-0017,4,71,4140,2081,1.98943
nist-pdf-0017,4,72,3848,2405,1.60000
nist-pdf-0017,4,73,3633,2060,1.76359
nist-pdf-0017,4,74,3928,2183,1.79936
nist-pdf-0017,4,75,3897,2269,1.71750
nist-pdf-0017,4,76,4525,2250,2.01111
nist-pdf-0017,4,77,3830,2306,1.66088
nist-pdf-0017,4,78,3958,2040,1.94020
nist-pdf-0017,4,79,3886,2224,1.74730
nist-pdf-0017,4,80,3936,2029,1.93987
nist-pdf-0017,4,81,3988,2022,1.97230
nist-pdf-0017,4,82,3858,2420,1.59421
nist-pdf-0017,4,83,4169,2318,1.79853
nist-pdf-0017,4,84,3673,2876,1.27712
nist-pdf-0017,4,85,3963,2385,1.66164
nist-pdf-0017,4,86,3849,2171,1.77292
nist-pdf-0017,4,87,3760,2284,1.64623
nist-pdf-0017,4,88,4003,2086,1.91898
nist-pdf-0017,4,89,4035,3064,1.31691
nist-pdf-0017,4,90,3723,2053,1.81344
nist-pdf-0017,4,91,3690,2181,1.69188
nist-pdf-0017,4,92,3949,2235,1.76689
nist-pdf-0017,4,93,3968,2206,1.79873
nist-pdf-0017,4,94,3904,3325,1.17414
nist-pdf-0017,4,95,3932,2355,1.66964
nist-pdf-0017,4,96,3896,2056,1.89494
nist-pdf-0017,4,97,3841,2290,1.67729
nist-pdf-0017,4,98,3884,2698,1.43958
nist-pdf-0017,4,99,3863,2142,1.80345
nist-pdf-0017,4,100,3868,2092,1.84895
nist-docx-0005,5,1,1284,1648,0.77913
nist-docx-0005,5,2,1299,1535,0.84625
nist-docx-0005,5,3,1266,1538,0.82315
nist-docx-0005,5,4,1274,1664,0.76562
nist-docx-0005,5,5,1338,1693,0.79031
nist-docx-0005,5,6,1312,1613,0.81339
nist-docx-0005,5,7,1296,1617,0.80148
nist-docx-0005,5,8,1251,1618,0.77318
nist-docx-0005,5,9,1313,1593,0.82423
nist-docx-0005,5,10,1292,1626,0.79459
nist-docx-0005,5,11,1291,1574,0.82020
nist-docx-0005,5,12,1246,1602,0.77778
nist-docx-0005,5,13,1257,1671,0.75224
nist-docx-0005,5,14,1312,1548,0.84755
nist-docx-0005,5,15,1318,1584,0.83207
nist-docx-0005,5,16,1390,1679,0.82787
nist-docx-0005,5,17,1287,1600,0.80437
nist-docx-0005,5,18,1260,1511,0.83388
nist-docx-0005,5,19,1268,1593,0.79598
nist-docx-0005,5,20,1278,1693,0.75487
nist-docx-0005,5,21,1292,1549,0.83409
nist-docx-0005,5,22,1277,1555,0.82122
nist-docx-0005,5,23,1303,1536,0.84831
nist-docx-0005,5,24,1283,1561,0.82191
nist-docx-0005,5,25,1211,1635,0.74067
nist-docx-0005,5,26,1231,1533,0.80300
nist-docx-0005,5,27,1261,1569,0.80370
nist-docx-0005,5,28,1263,1606,0.78643
nist-docx-0005,5,29,1390,1561,0.89045
nist-docx-0005,5,30,1269,1524,0.83268
nist-docx-0005,5,31,1291,1710,0.75497
nist-docx-0005,5,32,1269,1511,0.83984
nist-docx-0005,5,33,1299,1504,0.86370
nist-docx-0005,5,34,1248,1516,0.82322
nist-docx-0005,5,35,1250,1594,0.78419
nist-docx-0005,5,36,1317,1734,0.75952
nist-docx-0005,5,37,1272,1545,0.82330
nist-docx-0005,5,38,1282,1539,0.83301
nist-docx-0005,5,39,1354,1600,0.84625
nist-docx-0005,5,40,1320,1734,0.76125
nist-docx-0005,5,41,1319,1524,0.86549
nist-docx-0005,5,42,1272,1507,0.84406
nist-docx-0005,5,43,1292,1689,0.76495
nist-docx-0005,5,44,1299,1571,0.82686
nist-docx-0005,5,45,1287,1533,0.83953
nist-docx-0005,5,46,1287,1576,0.81662
nist-docx-0005,5,47,1230,1526,0.80603
nist-docx-0005,5,48,1245,1507,0.82614
nist-docx-0005,5,49,1232,1529,0.80576
nist-docx-0005,5,50,1259,1568,0.80293
nist-docx-0005,5,51,1399,1567,0.89279
nist-docx-0005,5,52,1322,1521,0.86917
nist-docx-0005,5,53,1254,1531,0.81907
nist-docx-0005,5,54,1288,1500,0.85867
nist-docx-0005,5,55,1251,1612,0.77605
nist-docx-0005,5,56,1305,1611,0.81006
nist-docx-0005,5,57,1359,1576,0.86231
nist-docx-0005,5,58,1279,1519,0.84200
nist-docx-0005,5,59,1271,1539,0.82586
nist-docx-0005,5,60,1308,1555,0.84116
nist-docx-0005,5,61,1325,1561,0.84881
nist-docx-0005,5,62,1294,1564,0.82737
nist-docx-0005,5,63,1331,1510,0.88146
nist-docx-0005,5,64,1322,1535,0.86124
nist-docx-0005,5,65,1283,1526,0.84076
nist-docx-0005,5,66,1310,1676,0.78162
nist-docx-0005,5,67,1283,1746,0.73482
nist-docx-0005,5,68,1254,1650,0.76000
nist-docx-0005,5,69,1449,1591,0.91075
nist-docx-0005,5,70,1298,1582,0.82048
nist-docx-0005,5,71,1344,1541,0.87216
nist-docx-0005,5,72,1242,1598,0.77722
nist-docx-0005,5,73,1277,1628,0.78440
nist-docx-0005,5,74,1369,1532,0.89360
nist-docx-0005,5,75,1303,1571,0.82941
nist-docx-0005,5,76,1265,1773,0.71348
nist-docx-0005,5,77,1264,1590,0.79497
nist-docx-0005,5,78,1268,1524,0.83202
nist-docx-0005,5,79,1290,1493,0.86403
nist-docx-0005,5,80,1257,1614,0.77881
nist-docx-0005,5,81,1280,1659,0.77155
nist-docx-0005,5,82,1238,1583,0.78206
nist-docx-0005,5,83,1242,1582,0.78508
nist-docx-0005,5,84,1311,1551,0.84526
nist-docx-0005,5,85,1238,1548,0.79974
nist-docx-0005,5,86,1278,1640,0.77927
nist-docx-0005,5,87,1298,1580,0.82152
nist-docx-0005,5,88,1273,1537,0.82824
nist-docx-0005,5,89,1275,1554,0.82046
nist-docx-0005,5,90,1263,1643,0.76872
nist-docx-0005,5,91,1268,1647,0.76988
nist-docx-0005,5,92,1306,1520,0.85921
nist-docx-0005,5,93,1224,1567,0.78111
nist-docx-0005,5,94,1233,1604,0.76870
nist-docx-0005,5,95,1319,1592,0.82852
nist-docx-0005,5,96,1290,1536,0.83984
nist-docx-0005,5,97,1300,1722,0.75494
nist-docx-0005,5,98,1249,1536,0.81315
nist-docx-0005,5,99,1393,1491,0.93427
nist-docx-0005,5,100,1297,1564,0.82928
nist-docx-0008,5,1,1037,1412,0.73442
nist-docx-0008,5,2,1023,1539,0.66472
nist-docx-0008,5,3,1036,1413,0.73319
nist-docx-0008,5,4,1031,1498,0.68825
nist-docx-0008,5,5,1022,1466,0.69714
nist-docx-0008,5,6,1138,1411,0.80652
nist-docx-0008,5,7,1040,1667,0.62388
nist-docx-0008,5,8,1075,1458,0.73731
nist-docx-0008,5,9,1041,1497,0.69539
nist-docx-0008,5,10,1079,1658,0.65078
nist-docx-0008,5,11,1053,1532,0.68734
nist-docx-0008,5,12,1020,1559,0.65427
nist-docx-0008,5,13,1126,1559,0.72226
nist-docx-0008,5,14,1018,1465,0.69488
nist-docx-0008,5,15,1076,1445,0.74464
nist-docx-0008,5,16,1069,1594,0.67064
nist-docx-0008,5,17,1019,1501,0.67888
nist-docx-0008,5,18,986,1455,0.67766
nist-docx-0008,5,19,1004,1495,0.67157
nist-docx-0008,5,20,996,1432,0.69553
nist-docx-0008,5,21,1009,1412,0.71459
nist-docx-0008,5,22,1018,1484,0.68598
nist-docx-0008,5,23,1011,1471,0.68729
nist-docx-0008,5,24,987,1463,0.67464
nist-docx-0008,5,25,1006,1391,0.72322
nist-docx-0008,5,26,1053,1374,0.76638
nist-docx-0008,5,27,998,1482,0.67341
nist-docx-0008,5,28,1089,1412,0.77125
nist-docx-0008,5,29,987,1404,0.70299
nist-docx-0008,5,30,1093,1429,0.76487
nist-docx-0008,5,31,999,1418,0.70451
nist-docx-0008,5,32,1010,1480,0.68243
nist-docx-0008,5,33,1043,1444,0.72230
nist-docx-0008,5,34,1106,1437,0.76966
nist-docx-0008,5,35,1016,1463,0.69446
nist-docx-0008,5,36,984,1456,0.67582
nist-docx-0008,5,37,1091,1406,0.77596
nist-docx-0008,5,38,989,1417,0.69795
nist-docx-0008,5,39,1013,1498,0.67623
nist-docx-0008,5,40,999,1433,0.69714
nist-docx-0008,5,41,1090,1452,0.75069
nist-docx-0008,5,42,1014,1413,0.71762
nist-docx-0008,5,43,1023,1392,0.73491
nist-docx-0008,5,44,980,1427,0.68676
nist-docx-0008,5,45,1020,1489,0.68502
nist-docx-0008,5,46,1036,1423,0.72804
nist-docx-0008,5,47,976,1429,0.68300
nist-docx-0008,5,48,1014,1408,0.72017
nist-docx-0008,5,49,985,1441,0.68355
nist-docx-0008,5,50,1041,1408,0.73935
nist-docx-0008,5,51,1058,1455,0.72715
nist-docx-0008,5,52,1041,1435,0.72544
nist-docx-0008,5,53,1048,1403,0.74697
nist-docx-0008,5,54,1066,1441,0.73976
nist-docx-0008,5,55,1053,1478,0.71245
nist-docx-0008,5,56,1062,1438,0.73853
nist-docx-0008,5,57,1092,1480,0.73784
nist-docx-0008,5,58,1037,1491,0.69551
nist-docx-0008,5,59,1030,1493,0.68989
nist-docx-0008,5,60,1095,1572,0.69656
nist-docx-0008,5,61,1090,1452,0.75069
nist-docx-0008,5,62,1046,1508,0.69363
nist-docx-0008,5,63,1013,1492,0.67895
nist-docx-0008,5,64,1095,1459,0.75051
nist-docx-0008,5,65,1046,1480,0.70676
nist-docx-0008,5,66,1133,1457,0.77763
nist-docx-0008,5,67,1063,1621,0.65577
nist-docx-0008,5,68,1057,1474,0.71710
nist-docx-0008,5,69,1011,1513,0.66821
nist-docx-0008,5,70,1030,1497,0.68804
nist-docx-0008,5,71,1038,1464,0.70902
nist-docx-0008,5,72,1051,1408,0.74645
nist-docx-0008,5,73,1030,1436,0.71727
nist-docx-0008,5,74,1032,1490,0.69262
nist-docx-0008,5,75,1060,1451,0.73053
nist-docx-0008,5,76,1053,1395,0.75484
nist-docx-0008,5,77,1092,1434,0.76151
nist-docx-0008,5,78,1198,1469,0.81552
nist-docx-0008,5,79,1058,1446,0.73167
nist-docx-0008,5,80,1006,1467,0.68575
nist-docx-0008,5,81,990,1692,0.58511
nist-docx-0008,5,82,1114,1460,0.76301
nist-docx-0008,5,83,1018,1505,0.67641
nist-docx-0008,5,84,1044,1466,0.71214
nist-docx-0008,5,85,1030,1485,0.69360
nist-docx-0008,5,86,1093,1508,0.72480
nist-docx-0008,5,87,1156,1587,0.72842
nist-docx-0008,5,88,1077,1538,0.70026
nist-docx-0008,5,89,1062,1555,0.68296
nist-docx-0008,5,90,1120,1564,0.71611
nist-docx-0008,5,91,1205,1521,0.79224
nist-docx-0008,5,92,1144,1613,0.70924
nist-docx-0008,5,93,1130,1499,0.75384
nist-docx-0008,5,94,1017,1517,0.67040
nist-docx-0008,5,95,1046,1479,0.70723
nist-docx-0008,5,96,1019,1604,0.63529
nist-docx-0008,5,97,1096,1479,0.74104
nist-docx-0008,5,98,1041,1482,0.70243
nist-docx-0008,5,99,1085,1455,0.74570
nist-docx-0008,5,100,1018,1450,0.70207
nist-docx-0009,5,1,1745,1600,1.09062
nist-docx-0009,5,2,1834,1587,1.15564
nist-docx-0009,5,3,1745,1629,1.07121
nist-docx-0009,5,4,1826,1619,1.12786
nist-docx-0009,5,5,1753,1733,1.01154
nist-docx-0009,5,6,1687,1607,1.04978
nist-docx-0009,5,7,1733,1720,1.00756
nist-docx-0009,5,8,1699,1593,1.06654
nist-docx-0009,5,9,1723,1566,1.10026
nist-docx-0009,5,10,1698,1607,1.05663
nist-docx-0009,5,11,1728,1583,1.09160
nist-docx-0009,5,12,1712,1607,1.06534
nist-docx-0009,5,13,1786,1593,1.12116
nist-docx-0009,5,14,1684,1644,1.02433
nist-docx-0009,5,15,1718,1573,1.09218
nist-docx-0009,5,16,1710,1566,1.09195
nist-docx-0009,5,17,1691,1540,1.09805
nist-docx-0009,5,18,1761,1581,1.11385
nist-docx-0009,5,19,1687,1587,1.06301
nist-docx-0009,5,20,1838,1583,1.16109
nist-docx-0009,5,21,1706,1549,1.10136
nist-docx-0009,5,22,1710,1684,1.01544
nist-docx-0009,5,23,1716,1588,1.08060
nist-docx-0009,5,24,1767,1592,1.10992
nist-docx-0009,5,25,1705,1668,1.02218
nist-docx-0009,5,26,1676,1716,0.97669
nist-docx-0009,5,27,1780,1592,1.11809
nist-docx-0009,5,28,2100,1616,1.29950
nist-docx-0009,5,29,1730,1646,1.05103
nist-docx-0009,5,30,1724,1717,1.00408
nist-docx-0009,5,31,1806,1673,1.07950
nist-docx-0009,5,32,1701,1687,1.00830
nist-docx-0009,5,33,1808,1723,1.04933
nist-docx-0009,5,34,1752,1664,1.05288
nist-docx-0009,5,35,1941,1616,1.20111
nist-docx-0009,5,36,1787,1845,0.96856
nist-docx-0009,5,37,1737,1790,0.97039
nist-docx-0009,5,38,1678,1861,0.90167
nist-docx-0009,5,39,1701,1641,1.03656
nist-docx-0009,5,40,1705,1595,1.06897
nist-docx-0009,5,41,1759,1562,1.12612
nist-docx-0009,5,42,1789,1654,1.08162
nist-docx-0009,5,43,1663,1600,1.03937
nist-docx-0009,5,44,1708,1584,1.07828
nist-docx-0009,5,45,1752,1552,1.12887
nist-docx-0009,5,46,1704,1608,1.05970
nist-docx-0009,5,47,1694,1554,1.09009
nist-docx-0009,5,48,1698,1674,1.01434
nist-docx-0009,5,49,1655,1575,1.05079
nist-docx-0009,5,50,1837,1830,1.00383
nist-docx-0009,5,51,1811,1601,1.13117
nist-docx-0009,5,52,1687,1644,1.02616
nist-docx-0009,5,53,1711,1729,0.98959
nist-docx-0009,5,54,1744,1584,1.10101
nist-docx-0009,5,55,1739,1629,1.06753
nist-docx-0009,5,56,1732,1534,1.12907
nist-docx-0009,5,57,1695,1591,1.06537
nist-docx-0009,5,58,1689,1621,1.04195
nist-docx-0009,5,59,1823,1602,1.13795
nist-docx-0009,5,60,1727,1608,1.07400
nist-docx-0009,5,61,1719,1574,1.09212
nist-docx-0009,5,62,1784,1591,1.12131
nist-docx-0009,5,63,1704,1550,1.09935
nist-docx-0009,5,64,1702,1536,1.10807
nist-docx-0009,5,65,1736,1606,1.08095
nist-docx-0009,5,66,1710,1582,1.08091
nist-docx-0009,5,67,1675,1599,1.04753
nist-docx-0009,5,68,1755,1623,1.08133
nist-docx-0009,5,69,1664,1581,1.05250
nist-docx-0009,5,70,1733,1569,1.10453
nist-docx-0009,5,71,1746,1600,1.09125
nist-docx-0009,5,72,1711,1558,1.09820
nist-docx-0009,5,73,1747,1635,1.06850
nist-docx-0009,5,74,1719,1564,1.09910
nist-docx-0009,5,75,1796,1553,1.15647
nist-docx-0009,5,76,1685,1588,1.06108
nist-docx-0009,5,77,1758,1540,1.14156
nist-docx-0009,5,78,1708,1706,1.00117
nist-docx-0009,5,79,1699,1647,1.03157
nist-docx-0009,5,80,1736,1606,1.08095
nist-docx-0009,5,81,1708,1668,1.02398
nist-docx-0009,5,82,1937,1677,1.15504
nist-docx-0009,5,83,1710,1644,1.04015
nist-docx-0009,5,84,2370,1562,1.51729
nist-docx-0009,5,85,1821,1590,1.14528
nist-docx-0009,5,86,1680,1624,1.03448
nist-docx-0009,5,87,1662,1572,1.05725
nist-docx-0009,5,88,1854,1639,1.13118
nist-docx-0009,5,89,1753,1567,1.11870
nist-docx-0009,5,90,1710,1597,1.07076
nist-docx-0009,5,91,1693,1622,1.04377
nist-docx-0009,5,92,1736,1649,1.05276
nist-docx-0009,5,93,1716,1647,1.04189
nist-docx-0009,5,94,1706,1609,1.06029
nist-docx-0009,5,95,1741,1611,1.08070
nist-docx-0009,5,96,1675,1558,1.07510
nist-docx-0009,5,97,1700,1550,1.09677
nist-docx-0009,5,98,1705,1555,1.09646
nist-docx-0009,5,99,1766,1666,1.06002
nist-docx-0009,5,100,1686,1690,0.99763
nist-docx-0014,5,1,3500,2135,1.63934
nist-docx-0014,5,2,3607,2080,1.73413
nist-docx-0014,5,3,5861,2073,2.82730
nist-docx-0014,5,4,3727,2255,1.65277
nist-docx-0014,5,5,3609,2124,1.69915
nist-docx-0014,5,6,3538,2093,1.69040
nist-docx-0014,5,7,3553,2350,1.51191
nist-docx-0014,5,8,3731,2095,1.78091
nist-docx-0014,5,9,3500,2090,1.67464
nist-docx-0014,5,10,3492,2197,1.58944
nist-docx-0014,5,11,3517,2484,1.41586
nist-docx-0014,5,12,3491,2184,1.59844
nist-docx-0014,5,13,3573,2244,1.59225
nist-docx-0014,5,14,3690,2189,1.68570
nist-docx-0014,5,15,3643,2259,1.61266
nist-docx-0014,5,16,3536,2095,1.68783
nist-docx-0014,5,17,3771,2120,1.77877
nist-docx-0014,5,18,3563,2047,1.74060
nist-docx-0014,5,19,3529,2477,1.42471
nist-docx-0014,5,20,3729,2141,1.74171
nist-docx-0014,5,21,3614,2132,1.69512
nist-docx-0014,5,22,3606,2285,1.57812
nist-docx-0014,5,23,3662,2077,1.76312
nist-docx-0014,5,24,3754,2186,1.71729
nist-docx-0014,5,25,3543,2239,1.58240
nist-docx-0014,5,26,3620,2202,1.64396
nist-docx-0014,5,27,3589,2089,1.71805
nist-docx-0014,5,28,3507,2128,1.64803
nist-docx-0014,5,29,3522,2124,1.65819
nist-docx-0014,5,30,3541,2126,1.66557
nist-docx-0014,5,31,3618,2187,1.65432
nist-docx-0014,5,32,3525,2244,1.57086
nist-docx-0014,5,33,3529,2139,1.64984
nist-docx-0014,5,34,3597,2229,1.61373
nist-docx-0014,5,35,3675,2274,1.61609
nist-docx-0014,5,36,3541,2237,1.58292
nist-docx-0014,5,37,3473,2224,1.56160
nist-docx-0014,5,38,3615,2076,1.74133
nist-docx-0014,5,39,3661,2288,1.60009
nist-docx-0014,5,40,3542,2124,1.66761
nist-docx-0014,5,41,3700,2332,1.58662
nist-docx-0014,5,42,3646,2086,1.74784
nist-docx-0014,5,43,3619,2127,1.70146
nist-docx-0014,5,44,3489,2103,1.65906
nist-docx-0014,5,45,3796,2309,1.64400
nist-docx-0014,5,46,3517,2064,1.70397
nist-docx-0014,5,47,3620,2115,1.71158
nist-docx-0014,5,48,3495,2148,1.62709
nist-docx-0014,5,49,3790,2298,1.64926
nist-docx-0014,5,50,3590,2154,1.66667
nist-docx-0014,5,51,3546,2391,1.48306
nist-docx-0014,5,52,3680,2220,1.65766
nist-docx-0014,5,53,3586,2144,1.67257
nist-docx-0014,5,54,3911,2249,1.73900
nist-docx-0014,5,55,3547,2568,1.38123
nist-docx-0014,5,56,3640,2243,1.62283
nist-docx-0014,5,57,3675,2082,1.76513
nist-docx-0014,5,58,3500,2385,1.46751
nist-docx-0014,5,59,3566,2130,1.67418
nist-docx-0014,5,60,3495,2150,1.62558
nist-docx-0014,5,61,3811,2201,1.73149
nist-docx-0014,5,62,3643,2226,1.63657
nist-docx-0014,5,63,3493,2113,1.65310
nist-docx-0014,5,64,3651,2127,1.71650
nist-docx-0014,5,65,3603,2178,1.65427
nist-docx-0014,5,66,3522,2178,1.61708
nist-docx-0014,5,67,3706,2103,1.76224
nist-docx-0014,5,68,3575,2223,1.60819
nist-docx-0014,5,69,3538,2169,1.63117
nist-docx-0014,5,70,3614,2242,1.61195
nist-docx-0014,5,71,3562,2163,1.64679
nist-docx-0014,5,72,3573,2100,1.70143
nist-docx-0014,5,73,3511,2221,1.58082
nist-docx-0014,5,74,3773,2095,1.80095
nist-docx-0014,5,75,3509,2156,1.62755
nist-docx-0014,5,76,3499,2110,1.65829
nist-docx-0014,5,77,3564,2150,1.65767
nist-docx-0014,5,78,3473,2646,1.31255
nist-docx-0014,5,79,3616,2363,1.53026
nist-docx-0014,5,80,3611,2297,1.57205
nist-docx-0014,5,81,3539,2149,1.64681
nist-docx-0014,5,82,3486,2257,1.54453
nist-docx-0014,5,83,3589,2360,1.52076
nist-docx-0014,5,84,3814,2083,1.83101
nist-docx-0014,5,85,3587,2236,1.60420
nist-docx-0014,5,86,3535,2149,1.64495
nist-docx-0014,5,87,3607,2190,1.64703
nist-docx-0014,5,88,3532,2079,1.69889
nist-docx-0014,5,89,3498,2177,1.60680
nist-docx-0014,5,90,3514,2104,1.67015
nist-docx-0014,5,91,3547,2339,1.51646
nist-docx-0014,5,92,3490,2166,1.61127
nist-docx-0014,5,93,3481,2101,1.65683
nist-docx-0014,5,94,3526,2099,1.67985
nist-docx-0014,5,95,3482,2193,1.58778
nist-docx-0014,5,96,3674,2173,1.69075
nist-docx-0014,5,97,3550,2331,1.52295
nist-docx-0014,5,98,3557,2083,1.70763
nist-docx-0014,5,99,3680,2287,1.60909
nist-docx-0014,5,100,3697,2291,1.61371
nist-epub-0003,5,1,2894,1785,1.62129
nist-epub-0003,5,2,2826,1863,1.51691
nist-epub-0003,5,3,2953,1752,1.68550
nist-epub-0003,5,4,2846,1875,1.51787
nist-epub-0003,5,5,2864,1790,1.60000
nist-epub-0003,5,6,2859,1770,1.61525
nist-epub-0003,5,7,2865,1723,1.66280
nist-epub-0003,5,8,2832,1759,1.61001
nist-epub-0003,5,9,2825,1872,1.50908
nist-epub-0003,5,10,2888,1794,1.60981
nist-epub-0003,5,11,2851,1792,1.59096
nist-epub-0003,5,12,2910,2147,1.35538
nist-epub-0003,5,13,2888,1745,1.65501
nist-epub-0003,5,14,2869,1747,1.64224
nist-epub-0003,5,15,2892,2064,1.40116
nist-epub-0003,5,16,2941,1862,1.57948
nist-epub-0003,5,17,2971,1873,1.58623
nist-epub-0003,5,18,2902,1880,1.54362
nist-epub-0003,5,19,2905,1784,1.62836
nist-epub-0003,5,20,3115,1807,1.72385
nist-epub-0003,5,21,3020,1916,1.57620
nist-epub-0003,5,22,3053,2012,1.51740
nist-epub-0003,5,23,2998,1872,1.60150
nist-epub-0003,5,24,2895,1977,1.46434
nist-epub-0003,5,25,3087,1834,1.68321
nist-epub-0003,5,26,2930,1844,1.58894
nist-epub-0003,5,27,2972,1959,1.51710
nist-epub-0003,5,28,3037,1962,1.54791
nist-epub-0003,5,29,3036,1880,1.61489
nist-epub-0003,5,30,2950,1885,1.56499
nist-epub-0003,5,31,2972,1835,1.61962
nist-epub-0003,5,32,3024,1860,1.62581
nist-epub-0003,5,33,2953,1837,1.60751
nist-epub-0003,5,34,3069,1769,1.73488
nist-epub-0003,5,35,2911,1921,1.51536
nist-epub-0003,5,36,2961,1868,1.58512
nist-epub-0003,5,37,2984,2028,1.47140
nist-epub-0003,5,38,2994,1940,1.54330
nist-epub-0003,5,39,2855,1841,1.55079
nist-epub-0003,5,40,2945,1842,1.59881
nist-epub-0003,5,41,3172,1998,1.58759
nist-epub-0003,5,42,2970,1933,1.53647
nist-epub-0003,5,43,2954,1864,1.58476
nist-epub-0003,5,44,3043,2017,1.50868
nist-epub-0003,5,45,3025,1923,1.57306
nist-epub-0003,5,46,2997,2064,1.45203
nist-epub-0003,5,47,3048,1839,1.65742
nist-epub-0003,5,48,3058,1846,1.65655
nist-epub-0003,5,49,2975,1883,1.57993
nist-epub-0003,5,50,2930,1865,1.57105
nist-epub-0003,5,51,2848,2035,1.39951
nist-epub-0003,5,52,3548,1836,1.93246
nist-epub-0003,5,53,3000,1861,1.61204
nist-epub-0003,5,54,2976,1901,1.56549
nist-epub-0003,5,55,2854,1863,1.53194
nist-epub-0003,5,56,2966,1872,1.58440
nist-epub-0003,5,57,2884,1837,1.56995
nist-epub-0003,5,58,2999,1843,1.62724
nist-epub-0003,5,59,2980,1812,1.64459
nist-epub-0003,5,60,2932,1886,1.55461
nist-epub-0003,5,61,2956,1850,1.59784
nist-epub-0003,5,62,2962,1868,1.58565
nist-epub-0003,5,63,2897,1904,1.52153
nist-epub-0003,5,64,3025,2010,1.50498
nist-epub-0003,5,65,3093,1996,1.54960
nist-epub-0003,5,66,2942,1877,1.56739
nist-epub-0003,5,67,2996,2012,1.48907
nist-epub-0003,5,68,2898,1831,1.58274
nist-epub-0003,5,69,3024,2028,1.49112
nist-epub-0003,5,70,2968,1951,1.52127
nist-epub-0003,5,71,2974,1962,1.51580
nist-epub-0003,5,72,3056,2027,1.50765
nist-epub-0003,5,73,2889,1896,1.52373
nist-epub-0003,5,74,2893,1885,1.53475
nist-epub-0003,5,75,2942,2169,1.35639
nist-epub-0003,5,76,3015,1798,1.67686
nist-epub-0003,5,77,2919,1860,1.56935
nist-epub-0003,5,78,3293,1771,1.85940
nist-epub-0003,5,79,2928,1979,1.47954
nist-epub-0003,5,80,3052,1969,1.55003
nist-epub-0003,5,81,3035,2035,1.49140
nist-epub-0003,5,82,3091,1834,1.68539
nist-epub-0003,5,83,2937,1830,1.60492
nist-epub-0003,5,84,3052,1921,1.58876
nist-epub-0003,5,85,2982,1858,1.60495
nist-epub-0003,5,86,3044,1747,1.74242
nist-epub-0003,5,87,2977,1957,1.52121
nist-epub-0003,5,88,2954,1838,1.60718
nist-epub-0003,5,89,2959,1921,1.54034
nist-epub-0003,5,90,3043,2070,1.47005
nist-epub-0003,5,91,3026,1856,1.63039
nist-epub-0003,5,92,2934,1913,1.53372
nist-epub-0003,5,93,2941,1988,1.47938
nist-epub-0003,5,94,3056,1826,1.67360
nist-epub-0003,5,95,2960,1859,1.59225
nist-epub-0003,5,96,2900,1777,1.63196
nist-epub-0003,5,97,4070,1885,2.15915
nist-epub-0003,5,98,3002,1997,1.50325
nist-epub-0003,5,99,3089,1959,1.57682
nist-epub-0003,5,100,2883,1886,1.52863
nist-epub-0006,5,1,2311,1570,1.47197
nist-epub-0006,5,2,2391,1589,1.50472
nist-epub-0006,5,3,2335,1584,1.47412
nist-epub-0006,5,4,2316,1555,1.48939
nist-epub-0006,5,5,2306,1569,1.46973
nist-epub-0006,5,6,2322,1606,1.44583
nist-epub-0006,5,7,2279,1645,1.38541
nist-epub-0006,5,8,2392,1599,1.49593
nist-epub-0006,5,9,2306,1646,1.40097
nist-epub-0006,5,10,2369,1582,1.49747
nist-epub-0006,5,11,2323,1577,1.47305
nist-epub-0006,5,12,2460,1681,1.46341
nist-epub-0006,5,13,2351,1692,1.38948
nist-epub-0006,5,14,2424,1618,1.49815
nist-epub-0006,5,15,2425,1593,1.52228
nist-epub-0006,5,16,2485,1647,1.50880
nist-epub-0006,5,17,2384,1579,1.50982
nist-epub-0006,5,18,2284,1621,1.40901
nist-epub-0006,5,19,2365,1613,1.46621
nist-epub-0006,5,20,2396,1621,1.47810
nist-epub-0006,5,21,2414,1608,1.50124
nist-epub-0006,5,22,2385,1689,1.41208
nist-epub-0006,5,23,2393,1624,1.47352
nist-epub-0006,5,24,2383,1654,1.44075
nist-epub-0006,5,25,2318,1594,1.45420
nist-epub-0006,5,26,2354,1670,1.40958
nist-epub-0006,5,27,2459,1589,1.54751
nist-epub-0006,5,28,2389,1563,1.52847
nist-epub-0006,5,29,2581,1634,1.57956
nist-epub-0006,5,30,2433,1659,1.46655
nist-epub-0006,5,31,2308,1650,1.39879
nist-epub-0006,5,32,2340,1596,1.46617
nist-epub-0006,5,33,2359,1644,1.43491
nist-epub-0006,5,34,2391,1683,1.42068
nist-epub-0006,5,35,2318,1687,1.37404
nist-epub-0006,5,36,2497,1573,1.58741
nist-epub-0006,5,37,2467,1647,1.49787
nist-epub-0006,5,38,2325,1691,1.37493
nist-epub-0006,5,39,2332,1642,1.42022
nist-epub-0006,5,40,2372,1717,1.38148
nist-epub-0006,5,41,2450,1760,1.39205
nist-epub-0006,5,42,2389,1674,1.42712
nist-epub-0006,5,43,2340,1794,1.30435
nist-epub-0006,5,44,2382,1665,1.43063
nist-epub-0006,5,45,2442,1792,1.36272
nist-epub-0006,5,46,2419,1642,1.47320
nist-epub-0006,5,47,2380,1622,1.46732
nist-epub-0006,5,48,2475,1572,1.57443
nist-epub-0006,5,49,2373,1610,1.47391
nist-epub-0006,5,50,2469,1565,1.57764
nist-epub-0006,5,51,2360,1661,1.42083
nist-epub-0006,5,52,2351,1637,1.43616
nist-epub-0006,5,53,2309,1654,1.39601
nist-epub-0006,5,54,2541,1624,1.56466
nist-epub-0006,5,55,2434,1648,1.47694
nist-epub-0006,5,56,2433,1676,1.45167
nist-epub-0006,5,57,2507,1777,1.41080
nist-epub-0006,5,58,2335,1585,1.47319
nist-epub-0006,5,59,2367,1643,1.44066
nist-epub-0006,5,60,2480,1643,1.50943
nist-epub-0006,5,61,2534,1745,1.45215
nist-epub-0006,5,62,2426,1762,1.37684
nist-epub-0006,5,63,2398,1682,1.42568
nist-epub-0006,5,64,2517,1679,1.49911
nist-epub-0006,5,65,2365,1561,1.51505
nist-epub-0006,5,66,2343,1622,1.44451
nist-epub-0006,5,67,2401,1804,1.33093
nist-epub-0006,5,68,2409,1619,1.48796
nist-epub-0006,5,69,2388,1613,1.48047
nist-epub-0006,5,70,2452,1624,1.50985
nist-epub-0006,5,71,2469,1550,1.59290
nist-epub-0006,5,72,2407,1606,1.49875
nist-epub-0006,5,73,2507,1613,1.55425
nist-epub-0006,5,74,2403,2196,1.09426
nist-epub-0006,5,75,2392,1535,1.55831
nist-epub-0006,5,76,2409,1735,1.38847
nist-epub-0006,5,77,2407,1661,1.44913
nist-epub-0006,5,78,2384,1676,1.42243
nist-epub-0006,5,79,2380,1627,1.46281
nist-epub-0006,5,80,2400,1665,1.44144
nist-epub-0006,5,81,2426,1675,1.44836
nist-epub-0006,5,82,2285,1599,1.42902
nist-epub-0006,5,83,2438,1539,1.58415
nist-epub-0006,5,84,2333,1623,1.43746
nist-epub-0006,5,85,2335,1575,1.48254
nist-epub-0006,5,86,2378,1702,1.39718
nist-epub-0006,5,87,2456,1698,1.44641
nist-epub-0006,5,88,2478,1667,1.48650
nist-epub-0006,5,89,2345,1681,1.39500
nist-epub-0006,5,90,2412,1614,1.49442
nist-epub-0006,5,91,2345,1623,1.44486
nist-epub-0006,5,92,2376,1605,1.48037
nist-epub-0006,5,93,2346,1634,1.43574
nist-epub-0006,5,94,2465,1650,1.49394
nist-epub-0006,5,95,2446,1562,1.56594
nist-epub-0006,5,96,2366,1620,1.46049
nist-epub-0006,5,97,2482,1647,1.50698
nist-epub-0006,5,98,2346,1765,1.32918
nist-epub-0006,5,99,2388,1689,1.41385
nist-epub-0006,5,100,2417,1557,1.55234
nist-epub-0008,5,1,1581,1604,0.98566
nist-epub-0008,5,2,1525,1600,0.95312
nist-epub-0008,5,3,1570,1584,0.99116
nist-epub-0008,5,4,1635,1851,0.88331
nist-epub-0008,5,5,1553,1511,1.02780
nist-epub-0008,5,6,1622,1532,1.05875
nist-epub-0008,5,7,1533,1455,1.05361
nist-epub-0008,5,8,1518,1647,0.92168
nist-epub-0008,5,9,1508,1524,0.98950
nist-epub-0008,5,10,1565,1625,0.96308
nist-epub-0008,5,11,1521,1578,0.96388
nist-epub-0008,5,12,1562,1721,0.90761
nist-epub-0008,5,13,1545,1519,1.01712
nist-epub-0008,5,14,1545,1510,1.02318
nist-epub-0008,5,15,1512,1622,0.93218
nist-epub-0008,5,16,1549,1535,1.00912
nist-epub-0008,5,17,1570,1559,1.00706
nist-epub-0008,5,18,1714,1486,1.15343
nist-epub-0008,5,19,1747,1538,1.13589
nist-epub-0008,5,20,1525,1508,1.01127
nist-epub-0008,5,21,1535,1540,0.99675
nist-epub-0008,5,22,1574,1569,1.00319
nist-epub-0008,5,23,1522,1570,0.96943
nist-epub-0008,5,24,1519,1499,1.01334
nist-epub-0008,5,25,1536,1554,0.98842
nist-epub-0008,5,26,1491,1590,0.93774
nist-epub-0008,5,27,1558,1507,1.03384
nist-epub-0008,5,28,1602,1595,1.00439
nist-epub-0008,5,29,1562,1524,1.02493
nist-epub-0008,5,30,1522,1540,0.98831
nist-epub-0008,5,31,1618,1501,1.07795
nist-epub-0008,5,32,1588,1474,1.07734
nist-epub-0008,5,33,1562,1582,0.98736
nist-epub-0008,5,34,1538,1504,1.02261
nist-epub-0008,5,35,1530,1502,1.01864
nist-epub-0008,5,36,1542,1598,0.96496
nist-epub-0008,5,37,1498,1688,0.88744
nist-epub-0008,5,38,1501,1495,1.00401
nist-epub-0008,5,39,1567,1631,0.96076
nist-epub-0008,5,40,1543,1509,1.02253
nist-epub-0008,5,41,1608,1604,1.00249
nist-epub-0008,5,42,1488,1442,1.03190
nist-epub-0008,5,43,1492,1510,0.98808
nist-epub-0008,5,44,1450,1448,1.00138
nist-epub-0008,5,45,1543,1543,1.00000
nist-epub-0008,5,46,1549,1533,1.01044
nist-epub-0008,5,47,1535,1562,0.98271
nist-epub-0008,5,48,1611,1645,0.97933
nist-epub-0008,5,49,1571,1467,1.07089
nist-epub-0008,5,50,1550,1480,1.04730
nist-epub-0008,5,51,1623,1656,0.98007
nist-epub-0008,5,52,1523,1494,1.01941
nist-epub-0008,5,53,1539,1497,1.02806
nist-epub-0008,5,54,1547,1438,1.07580
nist-epub-0008,5,55,1533,1520,1.00855
nist-epub-0008,5,56,1554,1546,1.00517
nist-epub-0008,5,57,1541,1650,0.93394
nist-epub-0008,5,58,1564,1481,1.05604
nist-epub-0008,5,59,1578,1516,1.04090
nist-epub-0008,5,60,1565,1615,0.96904
nist-epub-0008,5,61,1569,2149,0.73011
nist-epub-0008,5,62,1659,1544,1.07448
nist-epub-0008,5,63,1490,1486,1.00269
nist-epub-0008,5,64,1609,1587,1.01386
nist-epub-0008,5,65,1566,1575,0.99429
nist-epub-0008,5,66,1630,1543,1.05638
nist-epub-0008,5,67,1650,1663,0.99218
nist-epub-0008,5,68,1638,1562,1.04866
nist-epub-0008,5,69,1515,1471,1.02991
nist-epub-0008,5,70,1615,1532,1.05418
nist-epub-0008,5,71,1490,1676,0.88902
nist-epub-0008,5,72,1519,1466,1.03615
nist-epub-0008,5,73,1543,1479,1.04327
nist-epub-0008,5,74,1569,1537,1.02082
nist-epub-0008,5,75,1571,1571,1.00000
nist-epub-0008,5,76,1789,1514,1.18164
nist-epub-0008,5,77,1581,1511,1.04633
nist-epub-0008,5,78,1553,1493,1.04019
nist-epub-0008,5,79,1603,1498,1.07009
nist-epub-0008,5,80,1532,1481,1.03444
nist-epub-0008,5,81,1555,2408,0.64576
nist-epub-0008,5,82,1535,1484,1.03437
nist-epub-0008,5,83,1636,1533,1.06719
nist-epub-0008,5,84,1688,1558,1.08344
nist-epub-0008,5,85,1582,1552,1.01933
nist-epub-0008,5,86,1497,1630,0.91840
nist-epub-0008,5,87,1633,1590,1.02704
nist-epub-0008,5,88,1510,1502,1.00533
nist-epub-0008,5,89,1609,1498,1.07410
nist-epub-0008,5,90,1566,1555,1.00707
nist-epub-0008,5,91,1612,1510,1.06755
nist-epub-0008,5,92,1533,1683,0.91087
nist-epub-0008,5,93,1597,1541,1.03634
nist-epub-0008,5,94,1499,1583,0.94694
nist-epub-0008,5,95,1462,1489,0.98187
nist-epub-0008,5,96,1608,1655,0.97160
nist-epub-0008,5,97,1497,1526,0.98100
nist-epub-0008,5,98,1491,1529,0.97515
nist-epub-0008,5,99,1608,1466,1.09686
nist-epub-0008,5,100,1588,1534,1.03520
nist-epub-0009,5,1,5818,2471,2.35451
nist-epub-0009,5,2,5750,2529,2.27363
nist-epub-0009,5,3,5634,3014,1.86928
nist-epub-0009,5,4,5709,2753,2.07374
nist-epub-0009,5,5,5710,2745,2.08015
nist-epub-0009,5,6,5666,2833,2.00000
nist-epub-0009,5,7,6025,2683,2.24562
nist-epub-0009,5,8,5827,2669,2.18321
nist-epub-0009,5,9,6016,2741,2.19482
nist-epub-0009,5,10,5720,2514,2.27526
nist-epub-0009,5,11,5737,2625,2.18552
nist-epub-0009,5,12,5990,2502,2.39408
nist-epub-0009,5,13,5923,2653,2.23257
nist-epub-0009,5,14,5580,2724,2.04846
nist-epub-0009,5,15,5590,2601,2.14917
nist-epub-0009,5,16,5645,2570,2.19650
nist-epub-0009,5,17,5813,2751,2.11305
nist-epub-0009,5,18,5954,2545,2.33949
nist-epub-0009,5,19,5775,2753,2.09771
nist-epub-0009,5,20,5802,2625,2.21029
nist-epub-0009,5,21,5715,2719,2.10188
nist-epub-0009,5,22,5831,2683,2.17331
nist-epub-0009,5,23,5862,2714,2.15991
nist-epub-0009,5,24,5798,2552,2.27194
nist-epub-0009,5,25,5614,2530,2.21897
nist-epub-0009,5,26,5713,2423,2.35782
nist-epub-0009,5,27,5571,2519,2.21159
nist-epub-0009,5,28,5836,2476,2.35703
nist-epub-0009,5,29,5555,2455,2.26273
nist-epub-0009,5,30,5541,2665,2.07917
nist-epub-0009,5,31,5540,2638,2.10008
nist-epub-0009,5,32,5668,2387,2.37453
nist-epub-0009,5,33,5570,2574,2.16395
nist-epub-0009,5,34,5530,2388,2.31575
nist-epub-0009,5,35,5537,2581,2.14529
nist-epub-0009,5,36,5598,2645,2.11645
nist-epub-0009,5,37,5830,2449,2.38056
nist-epub-0009,5,38,5807,2381,2.43889
nist-epub-0009,5,39,5689,2447,2.32489
nist-epub-0009,5,40,5738,2518,2.27879
nist-epub-0009,5,41,5600,2563,2.18494
nist-epub-0009,5,42,5801,2454,2.36390
nist-epub-0009,5,43,5904,3097,1.90636
nist-epub-0009,5,44,5617,2712,2.07117
nist-epub-0009,5,45,5836,3094,1.88623
nist-epub-0009,5,46,5603,2524,2.21989
nist-epub-0009,5,47,5886,2749,2.14114
nist-epub-0009,5,48,6062,2832,2.14054
nist-epub-0009,5,49,5598,2873,1.94849
nist-epub-0009,5,50,6005,2785,2.15619
nist-epub-0009,5,51,6088,2748,2.21543
nist-epub-0009,5,52,5683,2526,2.24980
nist-epub-0009,5,53,6126,2712,2.25885
nist-epub-0009,5,54,6099,2534,2.40687
nist-epub-0009,5,55,5825,2641,2.20560
nist-epub-0009,5,56,5904,2964,1.99190
nist-epub-0009,5,57,6096,2697,2.26029
nist-epub-0009,5,58,5596,2776,2.01585
nist-epub-0009,5,59,6216,2528,2.45886
nist-epub-0009,5,60,6189,3224,1.91967
nist-epub-0009,5,61,5725,2703,2.11802
nist-epub-0009,5,62,5658,2630,2.15133
nist-epub-0009,5,63,5811,2554,2.27525
nist-epub-0009,5,64,5533,2702,2.04774
nist-epub-0009,5,65,5578,2423,2.30210
nist-epub-0009,5,66,5586,2724,2.05066
nist-epub-0009,5,67,5668,2538,2.23325
nist-epub-0009,5,68,5711,2710,2.10738
nist-epub-0009,5,69,5899,2497,2.36243
nist-epub-0009,5,70,6146,2704,2.27293
nist-epub-0009,5,71,5637,2544,2.21580
nist-epub-0009,5,72,5901,2637,2.23777
nist-epub-0009,5,73,5813,2485,2.33924
nist-epub-0009,5,74,5590,2542,2.19906
nist-epub-0009,5,75,5679,2610,2.17586
nist-epub-0009,5,76,5669,2600,2.18038
nist-epub-0009,5,77,5568,2606,2.13661
nist-epub-0009,5,78,5526,2688,2.05580
nist-epub-0009,5,79,5627,2722,2.06723
nist-epub-0009,5,80,5814,2415,2.40745
nist-epub-0009,5,81,5616,2598,2.16166
nist-epub-0009,5,82,5828,2658,2.19263
nist-epub-0009,5,83,5821,2621,2.22091
nist-epub-0009,5,84,5713,2618,2.18220
nist-epub-0009,5,85,5709,2462,2.31885
nist-epub-0009,5,86,5750,2493,2.30646
nist-epub-0009,5,87,5649,2845,1.98559
nist-epub-0009,5,88,5491,2420,2.26901
nist-epub-0009,5,89,5552,2544,2.18239
nist-epub-0009,5,90,5683,2526,2.24980
nist-epub-0009,5,91,5565,2513,2.21448
nist-epub-0009,5,92,5693,2955,1.92657
nist-epub-0009,5,93,5606,2596,2.15948
nist-epub-0009,5,94,5768,2562,2.25137
nist-epub-0009,5,95,5538,2524,2.19414
nist-epub-0009,5,96,5706,2405,2.37256
nist-epub-0009,5,97,5768,2757,2.09213
nist-epub-0009,5,98,5822,2478,2.34948
nist-epub-0009,5,99,5583,2432,2.29564
nist-epub-0009,5,100,5565,2404,2.31489
nist-pdf-0002,5,1,1341,1471,0.91162
nist-pdf-0002,5,2,1495,1493,1.00134
nist-pdf-0002,5,3,1338,1536,0.87109
nist-pdf-0002,5,4,1359,1499,0.90660
nist-pdf-0002,5,5,1356,1427,0.95025
nist-pdf-0002,5,6,1407,1504,0.93551
nist-pdf-0002,5,7,1311,1418,0.92454
nist-pdf-0002,5,8,1389,1457,0.95333
nist-pdf-0002,5,9,1316,1567,0.83982
nist-pdf-0002,5,10,1349,1477,0.91334
nist-pdf-0002,5,11,1382,1515,0.91221
nist-pdf-0002,5,12,1431,1464,0.97746
nist-pdf-0002,5,13,1384,1422,0.97328
nist-pdf-0002,5,14,1352,1567,0.86280
nist-pdf-0002,5,15,1394,1415,0.98516
nist-pdf-0002,5,16,1410,1440,0.97917
nist-pdf-0002,5,17,1361,1527,0.89129
nist-pdf-0002,5,18,1393,1592,0.87500
nist-pdf-0002,5,19,1354,1563,0.86628
nist-pdf-0002,5,20,1398,1500,0.93200
nist-pdf-0002,5,21,1389,1522,0.91261
nist-pdf-0002,5,22,1456,1425,1.02175
nist-pdf-0002,5,23,1346,1478,0.91069
nist-pdf-0002,5,24,1412,1518,0.93017
nist-pdf-0002,5,25,1406,1502,0.93609
nist-pdf-0002,5,26,1335,1446,0.92324
nist-pdf-0002,5,27,1386,1471,0.94222
nist-pdf-0002,5,28,1336,1449,0.92202
nist-pdf-0002,5,29,1402,1537,0.91217
nist-pdf-0002,5,30,1367,1521,0.89875
nist-pdf-0002,5,31,1362,1428,0.95378
nist-pdf-0002,5,32,1382,1505,0.91827
nist-pdf-0002,5,33,1310,1414,0.92645
nist-pdf-0002,5,34,1338,1452,0.92149
nist-pdf-0002,5,35,1378,1472,0.93614
nist-pdf-0002,5,36,1392,1511,0.92124
nist-pdf-0002,5,37,1316,1469,0.89585
nist-pdf-0002,5,38,1377,1381,0.99710
nist-pdf-0002,5,39,1402,1526,0.91874
nist-pdf-0002,5,40,1371,1567,0.87492
nist-pdf-0002,5,41,1379,1433,0.96232
nist-pdf-0002,5,42,1354,1512,0.89550
nist-pdf-0002,5,43,1368,1473,0.92872
nist-pdf-0002,5,44,1383,1416,0.97669
nist-pdf-0002,5,45,1356,1467,0.92434
nist-pdf-0002,5,46,1360,1495,0.90970
nist-pdf-0002,5,47,1428,1584,0.90152
nist-pdf-0002,5,48,1332,1467,0.90798
nist-pdf-0002,5,49,1350,1567,0.86152
nist-pdf-0002,5,50,1356,1506,0.90040
nist-pdf-0002,5,51,1482,1438,1.03060
nist-pdf-0002,5,52,1366,1405,0.97224
nist-pdf-0002,5,53,1356,1382,0.98119
nist-pdf-0002,5,54,1280,1369,0.93499
nist-pdf-0002,5,55,1340,1365,0.98168
nist-pdf-0002,5,56,1314,1391,0.94464
nist-pdf-0002,5,57,1303,1398,0.93205
nist-pdf-0002,5,58,1329,1428,0.93067
nist-pdf-0002,5,59,1346,1405,0.95801
nist-pdf-0002,5,60,1298,1429,0.90833
nist-pdf-0002,5,61,1286,1368,0.94006
nist-pdf-0002,5,62,1299,1372,0.94679
nist-pdf-0002,5,63,1393,1405,0.99146
nist-pdf-0002,5,64,1274,1389,0.91721
nist-pdf-0002,5,65,1277,1404,0.90954
nist-pdf-0002,5,66,1555,1359,1.14422
nist-pdf-0002,5,67,1293,1453,0.88988
nist-pdf-0002,5,68,1324,1375,0.96291
nist-pdf-0002,5,69,1279,1377,0.92883
nist-pdf-0002,5,70,1357,1341,1.01193
nist-pdf-0002,5,71,1470,1490,0.98658
nist-pdf-0002,5,72,1478,1473,1.00339
nist-pdf-0002,5,73,1445,1596,0.90539
nist-pdf-0002,5,74,1369,1487,0.92065
nist-pdf-0002,5,75,1402,1468,0.95504
nist-pdf-0002,5,76,2021,1477,1.36831
nist-pdf-0002,5,77,1341,1484,0.90364
nist-pdf-0002,5,78,1419,1467,0.96728
nist-pdf-0002,5,79,1518,1614,0.94052
nist-pdf-0002,5,80,1392,1649,0.84415
nist-pdf-0002,5,81,1372,1555,0.88232
nist-pdf-0002,5,82,1390,1531,0.90790
nist-pdf-0002,5,83,1337,1490,0.89732
nist-pdf-0002,5,84,1374,1541,0.89163
nist-pdf-0002,5,85,1372,1472,0.93207
nist-pdf-0002,5,86,1374,1653,0.83122
nist-pdf-0002,5,87,1306,1502,0.86951
nist-pdf-0002,5,88,1305,1632,0.79963
nist-pdf-0002,5,89,1319,1516,0.87005
nist-pdf-0002,5,90,1331,1425,0.93404
nist-pdf-0002,5,91,1322,1471,0.89871
nist-pdf-0002,5,92,1393,1558,0.89409
nist-pdf-0002,5,93,1427,1450,0.98414
nist-pdf-0002,5,94,1307,1431,0.91335
nist-pdf-0002,5,95,1358,1382,0.98263
nist-pdf-0002,5,96,1390,1354,1.02659
nist-pdf-0002,5,97,1306,1439,0.90757
nist-pdf-0002,5,98,1347,1443,0.93347
nist-pdf-0002,5,99,1370,1530,0.89542
nist-pdf-0002,5,100,1356,1427,0.95025
nist-pdf-0004,5,1,3077,2075,1.48289
nist-pdf-0004,5,2,2949,1964,1.50153
nist-pdf-0004,5,3,3162,1800,1.75667
nist-pdf-0004,5,4,3124,2041,1.53062
nist-pdf-0004,5,5,3042,2082,1.46110
nist-pdf-0004,5,6,2924,1846,1.58397
nist-pdf-0004,5,7,3123,2017,1.54834
nist-pdf-0004,5,8,3000,1875,1.60000
nist-pdf-0004,5,9,3120,2188,1.42596
nist-pdf-0004,5,10,2961,1914,1.54702
nist-pdf-0004,5,11,3102,2111,1.46945
nist-pdf-0004,5,12,3126,2103,1.48645
nist-pdf-0004,5,13,3187,2010,1.58557
nist-pdf-0004,5,14,3022,2002,1.50949
nist-pdf-0004,5,15,2989,2051,1.45734
nist-pdf-0004,5,16,2992,2053,1.45738
nist-pdf-0004,5,17,3040,1876,1.62047
nist-pdf-0004,5,18,2969,2078,1.42878
nist-pdf-0004,5,19,3157,2094,1.50764
nist-pdf-0004,5,20,3021,2205,1.37007
nist-pdf-0004,5,21,3080,2030,1.51724
nist-pdf-0004,5,22,2979,1948,1.52926
nist-pdf-0004,5,23,3036,1802,1.68479
nist-pdf-0004,5,24,2978,2145,1.38834
nist-pdf-0004,5,25,3068,1847,1.66107
nist-pdf-0004,5,26,2990,1945,1.53728
nist-pdf-0004,5,27,2880,2022,1.42433
nist-pdf-0004,5,28,2897,1972,1.46907
nist-pdf-0004,5,29,3054,1860,1.64194
nist-pdf-0004,5,30,2869,1990,1.44171
nist-pdf-0004,5,31,2835,2094,1.35387
nist-pdf-0004,5,32,2878,1796,1.60245
nist-pdf-0004,5,33,2864,1818,1.57536
nist-pdf-0004,5,34,3001,2011,1.49229
nist-pdf-0004,5,35,2906,1931,1.50492
nist-pdf-0004,5,36,2879,1741,1.65365
nist-pdf-0004,5,37,2861,1787,1.60101
nist-pdf-0004,5,38,2894,1790,1.61676
nist-pdf-0004,5,39,2867,1843,1.55562
nist-pdf-0004,5,40,2860,1848,1.54762
nist-pdf-0004,5,41,2917,1786,1.63326
nist-pdf-0004,5,42,2993,1694,1.76682
nist-pdf-0004,5,43,2905,1743,1.66667
nist-pdf-0004,5,44,2956,1771,1.66911
nist-pdf-0004,5,45,2962,1781,1.66311
nist-pdf-0004,5,46,3197,1751,1.82581
nist-pdf-0004,5,47,2935,1889,1.55373
nist-pdf-0004,5,48,2841,1841,1.54318
nist-pdf-0004,5,49,3020,1737,1.73863
nist-pdf-0004,5,50,3046,2007,1.51769
nist-pdf-0004,5,51,2936,1792,1.63839
nist-pdf-0004,5,52,2885,1735,1.66282
nist-pdf-0004,5,53,2847,1754,1.62315
nist-pdf-0004,5,54,2943,1834,1.60469
nist-pdf-0004,5,55,2975,1926,1.54465
nist-pdf-0004,5,56,2976,1844,1.61388
nist-pdf-0004,5,57,2870,1974,1.45390
nist-pdf-0004,5,58,2899,1722,1.68351
nist-pdf-0004,5,59,2911,1823,1.59682
nist-pdf-0004,5,60,2866,1751,1.63678
nist-pdf-0004,5,61,2960,1891,1.56531
nist-pdf-0004,5,62,2901,1890,1.53492
nist-pdf-0004,5,63,2906,1864,1.55901
nist-pdf-0004,5,64,2869,1799,1.59477
nist-pdf-0004,5,65,2936,1900,1.54526
nist-pdf-0004,5,66,2940,1826,1.61008
nist-pdf-0004,5,67,2843,1814,1.56725
nist-pdf-0004,5,68,3087,1791,1.72362
nist-pdf-0004,5,69,2979,1841,1.61814
nist-pdf-0004,5,70,2937,1825,1.60932
nist-pdf-0004,5,71,2883,1775,1.62423
nist-pdf-0004,5,72,2898,1891,1.53252
nist-pdf-0004,5,73,2857,1793,1.59342
nist-pdf-0004,5,74,2887,1857,1.55466
nist-pdf-0004,5,75,2887,1933,1.49353
nist-pdf-0004,5,76,2935,1825,1.60822
nist-pdf-0004,5,77,2866,2026,1.41461
nist-pdf-0004,5,78,2867,1789,1.60257
nist-pdf-0004,5,79,2835,1914,1.48119
nist-pdf-0004,5,80,2878,1895,1.51873
nist-pdf-0004,5,81,2804,1787,1.56911
nist-pdf-0004,5,82,3036,1809,1.67828
nist-pdf-0004,5,83,2969,1860,1.59624
nist-pdf-0004,5,84,2864,1807,1.58495
nist-pdf-0004,5,85,2890,1770,1.63277
nist-pdf-0004,5,86,2892,1789,1.61655
nist-pdf-0004,5,87,2921,1793,1.62911
nist-pdf-0004,5,88,3079,1766,1.74349
nist-pdf-0004,5,89,3066,2117,1.44828
nist-pdf-0004,5,90,3078,1976,1.55769
nist-pdf-0004,5,91,3078,1936,1.58988
nist-pdf-0004,5,92,2930,2006,1.46062
nist-pdf-0004,5,93,2961,1868,1.58512
nist-pdf-0004,5,94,4301,1878,2.29020
nist-pdf-0004,5,95,2895,1992,1.45331
nist-pdf-0004,5,96,2965,2078,1.42685
nist-pdf-0004,5,97,2937,2085,1.40863
nist-pdf-0004,5,98,2953,2057,1.43559
nist-pdf-0004,5,99,3059,2068,1.47921
nist-pdf-0004,5,100,2974,2104,1.41350
nist-pdf-0016,5,1,1369,1493,0.91695
nist-pdf-0016,5,2,1361,1465,0.92901
nist-pdf-0016,5,3,1405,1383,1.01591
nist-pdf-0016,5,4,1362,1383,0.98482
nist-pdf-0016,5,5,1404,1401,1.00214
nist-pdf-0016,5,6,1551,1446,1.07261
nist-pdf-0016,5,7,1381,1403,0.98432
nist-pdf-0016,5,8,1428,1432,0.99721
nist-pdf-0016,5,9,1449,1467,0.98773
nist-pdf-0016,5,10,1494,1438,1.03894
nist-pdf-0016,5,11,1432,1531,0.93534
nist-pdf-0016,5,12,1533,1391,1.10208
nist-pdf-0016,5,13,1420,1490,0.95302
nist-pdf-0016,5,14,1412,1537,0.91867
nist-pdf-0016,5,15,1401,1440,0.97292
nist-pdf-0016,5,16,1441,1443,0.99861
nist-pdf-0016,5,17,1435,1570,0.91401
nist-pdf-0016,5,18,1484,1517,0.97825
nist-pdf-0016,5,19,1493,1556,0.95951
nist-pdf-0016,5,20,1440,1487,0.96839
nist-pdf-0016,5,21,1403,1454,0.96492
nist-pdf-0016,5,22,1402,1591,0.88121
nist-pdf-0016,5,23,1492,1498,0.99599
nist-pdf-0016,5,24,1447,1470,0.98435
nist-pdf-0016,5,25,1453,1398,1.03934
nist-pdf-0016,5,26,1384,1466,0.94407
nist-pdf-0016,5,27,1448,1507,0.96085
nist-pdf-0016,5,28,1525,1419,1.07470
nist-pdf-0016,5,29,1656,1462,1.13269
nist-pdf-0016,5,30,1422,1524,0.93307
nist-pdf-0016,5,31,1515,1571,0.96435
nist-pdf-0016,5,32,1456,1508,0.96552
nist-pdf-0016,5,33,1400,1514,0.92470
nist-pdf-0016,5,34,1435,1574,0.91169
nist-pdf-0016,5,35,1377,1626,0.84686
nist-pdf-0016,5,36,1477,1495,0.98796
nist-pdf-0016,5,37,1462,1443,1.01317
nist-pdf-0016,5,38,1617,1597,1.01252
nist-pdf-0016,5,39,1437,1527,0.94106
nist-pdf-0016,5,40,1420,1421,0.99930
nist-pdf-0016,5,41,1442,1624,0.88793
nist-pdf-0016,5,42,1514,1466,1.03274
nist-pdf-0016,5,43,1485,1901,0.78117
nist-pdf-0016,5,44,1478,1561,0.94683
nist-pdf-0016,5,45,1490,1576,0.94543
nist-pdf-0016,5,46,1498,1478,1.01353
nist-pdf-0016,5,47,1435,1491,0.96244
nist-pdf-0016,5,48,1425,1495,0.95318
nist-pdf-0016,5,49,1380,1442,0.95700
nist-pdf-0016,5,50,1481,1643,0.90140
nist-pdf-0016,5,51,1442,1541,0.93576
nist-pdf-0016,5,52,1433,1443,0.99307
nist-pdf-0016,5,53,1414,1659,0.85232
nist-pdf-0016,5,54,1435,1481,0.96894
nist-pdf-0016,5,55,1385,1488,0.93078
nist-pdf-0016,5,56,1581,1456,1.08585
nist-pdf-0016,5,57,1447,1575,0.91873
nist-pdf-0016,5,58,1401,1427,0.98178
nist-pdf-0016,5,59,1486,1382,1.07525
nist-pdf-0016,5,60,1421,1558,0.91207
nist-pdf-0016,5,61,1406,1628,0.86364
nist-pdf-0016,5,62,1472,1397,1.05369
nist-pdf-0016,5,63,1442,1443,0.99931
nist-pdf-0016,5,64,1431,1456,0.98283
nist-pdf-0016,5,65,1493,1401,1.06567
nist-pdf-0016,5,66,1419,1440,0.98542
nist-pdf-0016,5,67,1362,1381,0.98624
nist-pdf-0016,5,68,1378,1369,1.00657
nist-pdf-0016,5,69,1401,1416,0.98941
nist-pdf-0016,5,70,1404,1374,1.02183
nist-pdf-0016,5,71,1433,1491,0.96110
nist-pdf-0016,5,72,1417,1380,1.02681
nist-pdf-0016,5,73,1407,1402,1.00357
nist-pdf-0016,5,74,1396,1364,1.02346
nist-pdf-0016,5,75,1381,1430,0.96573
nist-pdf-0016,5,76,1494,1354,1.10340
nist-pdf-0016,5,77,1491,1378,1.08200
nist-pdf-0016,5,78,1366,1364,1.00147
nist-pdf-0016,5,79,1395,1368,1.01974
nist-pdf-0016,5,80,1476,1445,1.02145
nist-pdf-0016,5,81,1436,1352,1.06213
nist-pdf-0016,5,82,1409,1414,0.99646
nist-pdf-0016,5,83,1375,1446,0.95090
nist-pdf-0016,5,84,1528,1454,1.05089
nist-pdf-0016,5,85,1406,1455,0.96632
nist-pdf-0016,5,86,1379,1920,0.71823
nist-pdf-0016,5,87,1359,1560,0.87115
nist-pdf-0016,5,88,1365,1489,0.91672
nist-pdf-0016,5,89,1384,1916,0.72234
nist-pdf-0016,5,90,1437,1681,0.85485
nist-pdf-0016,5,91,1399,1439,0.97220
nist-pdf-0016,5,92,1432,1474,0.97151
nist-pdf-0016,5,93,1534,1528,1.00393
nist-pdf-0016,5,94,1427,1472,0.96943
nist-pdf-0016,5,95,2216,1713,1.29364
nist-pdf-0016,5,96,1436,1470,0.97687
nist-pdf-0016,5,97,1428,1519,0.94009
nist-pdf-0016,5,98,1387,1450,0.95655
nist-pdf-0016,5,99,2078,1522,1.36531
nist-pdf-0016,5,100,1398,1461,0.95688
nist-pdf-0017,5,1,3791,2310,1.64113
nist-pdf-0017,5,2,3942,2047,1.92574
nist-pdf-0017,5,3,4015,2322,1.72911
nist-pdf-0017,5,4,3792,2123,1.78615
nist-pdf-0017,5,5,3740,2218,1.68620
nist-pdf-0017,5,6,3885,2404,1.61606
nist-pdf-0017,5,7,3860,2116,1.82420
nist-pdf-0017,5,8,3725,2422,1.53799
nist-pdf-0017,5,9,3689,2131,1.73111
nist-pdf-0017,5,10,3784,2247,1.68402
nist-pdf-0017,5,11,3847,2230,1.72511
nist-pdf-0017,5,12,4382,2257,1.94152
nist-pdf-0017,5,13,3875,2299,1.68552
nist-pdf-0017,5,14,3659,2060,1.77621
nist-pdf-0017,5,15,4067,2123,1.91569
nist-pdf-0017,5,16,4095,2492,1.64326
nist-pdf-0017,5,17,3766,2266,1.66196
nist-pdf-0017,5,18,3690,2098,1.75882
nist-pdf-0017,5,19,3861,2027,1.90479
nist-pdf-0017,5,20,3905,2343,1.66667
nist-pdf-0017,5,21,3891,2391,1.62735
nist-pdf-0017,5,22,4205,2300,1.82826
nist-pdf-0017,5,23,3849,2006,1.91874
nist-pdf-0017,5,24,3868,2303,1.67955
nist-pdf-0017,5,25,4033,2233,1.80609
nist-pdf-0017,5,26,3790,1972,1.92191
nist-pdf-0017,5,27,3634,3236,1.12299
nist-pdf-0017,5,28,3798,2431,1.56232
nist-pdf-0017,5,29,4183,2258,1.85252
nist-pdf-0017,5,30,3924,2285,1.71729
nist-pdf-0017,5,31,3828,2119,1.80651
nist-pdf-0017,5,32,3801,2188,1.73720
nist-pdf-0017,5,33,3675,2466,1.49027
nist-pdf-0017,5,34,3762,2278,1.65145
nist-pdf-0017,5,35,3792,2574,1.47319
nist-pdf-0017,5,36,3776,2230,1.69327
nist-pdf-0017,5,37,3720,2023,1.83885
nist-pdf-0017,5,38,3840,2106,1.82336
nist-pdf-0017,5,39,3755,2288,1.64117
nist-pdf-0017,5,40,3822,2295,1.66536
nist-pdf-0017,5,41,3907,2142,1.82400
nist-pdf-0017,5,42,3975,2146,1.85228
nist-pdf-0017,5,43,3667,2209,1.66003
nist-pdf-0017,5,44,3874,2118,1.82908
nist-pdf-0017,5,45,3651,2118,1.72380
nist-pdf-0017,5,46,3984,2315,1.72095
nist-pdf-0017,5,47,3737,2627,1.42254
nist-pdf-0017,5,48,3725,2308,1.61395
nist-pdf-0017,5,49,4233,2337,1.81130
nist-pdf-0017,5,50,3899,2183,1.78607
nist-pdf-0017,5,51,3698,2050,1.80390
nist-pdf-0017,5,52,3814,2191,1.74076
nist-pdf-0017,5,53,3833,2420,1.58388
nist-pdf-0017,5,54,3903,2452,1.59176
nist-pdf-0017,5,55,4061,2331,1.74217
nist-pdf-0017,5,56,3794,2484,1.52738
nist-pdf-0017,5,57,3921,2137,1.83482
nist-pdf-0017,5,58,3768,2016,1.86905
nist-pdf-0017,5,59,3706,2279,1.62615
nist-pdf-0017,5,60,3857,2765,1.39494
nist-pdf-0017,5,61,4189,2195,1.90843
nist-pdf-0017,5,62,3742,2346,1.59506
nist-pdf-0017,5,63,3823,2176,1.75689
nist-pdf-0017,5,64,3675,1909,1.92509
nist-pdf-0017,5,65,3651,2438,1.49754
nist-pdf-0017,5,66,4081,2327,1.75376
nist-pdf-0017,5,67,3754,2363,1.58866
nist-pdf-0017,5,68,3756,2305,1.62950
nist-pdf-0017,5,69,3767,2262,1.66534
nist-pdf-0017,5,70,3642,2009,1.81284
nist-pdf-0017,5,71,3887,2550,1.52431
nist-pdf-0017,5,72,3813,1964,1.94145
nist-pdf-0017,5,73,3800,2243,1.69416
nist-pdf-0017,5,74,3868,2516,1.53736
nist-pdf-0017,5,75,3745,2054,1.82327
nist-pdf-0017,5,76,4017,2329,1.72477
nist-pdf-0017,5,77,3921,2211,1.77341
nist-pdf-0017,5,78,3795,2247,1.68892
nist-pdf-0017,5,79,3811,1977,1.92767
nist-pdf-0017,5,80,3842,1932,1.98861
nist-pdf-0017,5,81,3846,2211,1.73948
nist-pdf-0017,5,82,3970,2120,1.87264
nist-pdf-0017,5,83,4005,2279,1.75735
nist-pdf-0017,5,84,3646,2382,1.53065
nist-pdf-0017,5,85,3884,2290,1.69607
nist-pdf-0017,5,86,3669,2061,1.78020
nist-pdf-0017,5,87,3669,2366,1.55072
nist-pdf-0017,5,88,3932,2276,1.72759
nist-pdf-0017,5,89,3944,3019,1.30639
nist-pdf-0017,5,90,3764,1987,1.89431
nist-pdf-0017,5,91,3826,2200,1.73909
nist-pdf-0017,5,92,3875,2076,1.86657
nist-pdf-0017,5,93,3820,2454,1.55664
nist-pdf-0017,5,94,3807,2333,1.63180
nist-pdf-0017,5,95,4110,2199,1.86903
nist-pdf-0017,5,96,3803,2133,1.78293
nist-pdf-0017,5,97,3831,2279,1.68100
nist-pdf-0017,5,98,3785,2108,1.79554
nist-pdf-0017,5,99,3697,2351,1.57252
nist-pdf-0017,5,100,4461,2170,2.05576
