id	agency	fmt	sclass	workload	lane	rc	wall_ms
nasa-epub-0001	nasa	epub	1-10MiB	text_once	v	0	39
nasa-epub-0001	nasa	epub	1-10MiB	text_once	a0	0	39
nasa-epub-0001	nasa	epub	1-10MiB	text_once	a1	0	2
nasa-epub-0001	nasa	epub	1-10MiB	heading	v	0	59
nasa-epub-0001	nasa	epub	1-10MiB	heading	a0	0	39
nasa-epub-0001	nasa	epub	1-10MiB	heading	a1	0	2
nasa-epub-0001	nasa	epub	1-10MiB	table	v	0	20
nasa-epub-0001	nasa	epub	1-10MiB	table	a0	0	39
nasa-epub-0001	nasa	epub	1-10MiB	table	a1	0	2
nasa-epub-0001	nasa	epub	1-10MiB	resource	v	0	11
nasa-epub-0001	nasa	epub	1-10MiB	resource	a0	0	41
nasa-epub-0001	nasa	epub	1-10MiB	resource	a1	0	2
nasa-epub-0001	nasa	epub	1-10MiB	metadata	v	0	10
nasa-epub-0001	nasa	epub	1-10MiB	metadata	a0	0	40
nasa-epub-0001	nasa	epub	1-10MiB	metadata	a1	0	2
nasa-epub-0001	nasa	epub	1-10MiB	text_repeat	v	0	50
nasa-epub-0001	nasa	epub	1-10MiB	text_repeat	a0	0	197
nasa-epub-0001	nasa	epub	1-10MiB	text_repeat	a1	0	8
nasa-epub-0001	nasa	epub	1-10MiB	exact	v	0	18
nasa-epub-0001	nasa	epub	1-10MiB	exact	a1	0	4
nasa-epub-0001	nasa	epub	1-10MiB	exact	a0	0	2
nasa-epub-0002	nasa	epub	10-50MiB	text_once	v	0	322
nasa-epub-0002	nasa	epub	10-50MiB	text_once	a0	0	41
nasa-epub-0002	nasa	epub	10-50MiB	text_once	a1	0	1
nasa-epub-0002	nasa	epub	10-50MiB	heading	v	0	37
nasa-epub-0002	nasa	epub	10-50MiB	heading	a0	0	43
nasa-epub-0002	nasa	epub	10-50MiB	heading	a1	0	1
nasa-epub-0002	nasa	epub	10-50MiB	table	v	6	2901
nasa-epub-0002	nasa	epub	10-50MiB	table	a0	0	41
nasa-epub-0002	nasa	epub	10-50MiB	table	a1	0	2
nasa-epub-0002	nasa	epub	10-50MiB	resource	v	0	36
nasa-epub-0002	nasa	epub	10-50MiB	resource	a0	0	39
nasa-epub-0002	nasa	epub	10-50MiB	resource	a1	0	2
nasa-epub-0002	nasa	epub	10-50MiB	metadata	v	0	36
nasa-epub-0002	nasa	epub	10-50MiB	metadata	a0	0	38
nasa-epub-0002	nasa	epub	10-50MiB	metadata	a1	0	1
nasa-epub-0002	nasa	epub	10-50MiB	text_repeat	v	0	187
nasa-epub-0002	nasa	epub	10-50MiB	text_repeat	a0	0	204
nasa-epub-0002	nasa	epub	10-50MiB	text_repeat	a1	0	7
nasa-epub-0002	nasa	epub	10-50MiB	exact	v	0	144
nasa-epub-0002	nasa	epub	10-50MiB	exact	a1	0	8
nasa-epub-0002	nasa	epub	10-50MiB	exact	a0	0	4
nasa-epub-0003	nasa	epub	1-10MiB	text_once	v	0	49
nasa-epub-0003	nasa	epub	1-10MiB	text_once	a0	0	31
nasa-epub-0003	nasa	epub	1-10MiB	text_once	a1	0	2
nasa-epub-0003	nasa	epub	1-10MiB	heading	v	0	16
nasa-epub-0003	nasa	epub	1-10MiB	heading	a0	0	30
nasa-epub-0003	nasa	epub	1-10MiB	heading	a1	0	1
nasa-epub-0003	nasa	epub	1-10MiB	table	v	0	34
nasa-epub-0003	nasa	epub	1-10MiB	table	a0	0	31
nasa-epub-0003	nasa	epub	1-10MiB	table	a1	0	1
nasa-epub-0003	nasa	epub	1-10MiB	resource	v	0	8
nasa-epub-0003	nasa	epub	1-10MiB	resource	a0	0	27
nasa-epub-0003	nasa	epub	1-10MiB	resource	a1	0	2
nasa-epub-0003	nasa	epub	1-10MiB	metadata	v	0	9
nasa-epub-0003	nasa	epub	1-10MiB	metadata	a0	0	27
nasa-epub-0003	nasa	epub	1-10MiB	metadata	a1	0	1
nasa-epub-0003	nasa	epub	1-10MiB	text_repeat	v	0	40
nasa-epub-0003	nasa	epub	1-10MiB	text_repeat	a0	0	145
nasa-epub-0003	nasa	epub	1-10MiB	text_repeat	a1	0	8
nasa-epub-0003	nasa	epub	1-10MiB	exact	v	0	16
nasa-epub-0003	nasa	epub	1-10MiB	exact	a1	0	3
nasa-epub-0003	nasa	epub	1-10MiB	exact	a0	0	1
nasa-epub-0004	nasa	epub	1-10MiB	text_once	v	0	47
nasa-epub-0004	nasa	epub	1-10MiB	text_once	a0	0	30
nasa-epub-0004	nasa	epub	1-10MiB	text_once	a1	0	2
nasa-epub-0004	nasa	epub	1-10MiB	heading	v	0	20
nasa-epub-0004	nasa	epub	1-10MiB	heading	a0	0	32
nasa-epub-0004	nasa	epub	1-10MiB	heading	a1	0	2
nasa-epub-0004	nasa	epub	1-10MiB	table	v	0	41
nasa-epub-0004	nasa	epub	1-10MiB	table	a0	0	28
nasa-epub-0004	nasa	epub	1-10MiB	table	a1	0	2
nasa-epub-0004	nasa	epub	1-10MiB	resource	v	0	11
nasa-epub-0004	nasa	epub	1-10MiB	resource	a0	0	29
nasa-epub-0004	nasa	epub	1-10MiB	resource	a1	0	2
nasa-epub-0004	nasa	epub	1-10MiB	metadata	v	0	11
nasa-epub-0004	nasa	epub	1-10MiB	metadata	a0	0	31
nasa-epub-0004	nasa	epub	1-10MiB	metadata	a1	0	2
nasa-epub-0004	nasa	epub	1-10MiB	text_repeat	v	0	57
nasa-epub-0004	nasa	epub	1-10MiB	text_repeat	a0	0	153
nasa-epub-0004	nasa	epub	1-10MiB	text_repeat	a1	0	7
nasa-epub-0004	nasa	epub	1-10MiB	exact	v	0	20
nasa-epub-0004	nasa	epub	1-10MiB	exact	a1	0	4
nasa-epub-0004	nasa	epub	1-10MiB	exact	a0	0	2
nasa-epub-0005	nasa	epub	1-10MiB	text_once	v	0	126
nasa-epub-0005	nasa	epub	1-10MiB	text_once	a0	0	26
nasa-epub-0005	nasa	epub	1-10MiB	text_once	a1	0	2
nasa-epub-0005	nasa	epub	1-10MiB	heading	v	0	40
nasa-epub-0005	nasa	epub	1-10MiB	heading	a0	0	27
nasa-epub-0005	nasa	epub	1-10MiB	heading	a1	0	2
nasa-epub-0005	nasa	epub	1-10MiB	table	v	0	363
nasa-epub-0005	nasa	epub	1-10MiB	table	a0	0	28
nasa-epub-0005	nasa	epub	1-10MiB	table	a1	0	1
nasa-epub-0005	nasa	epub	1-10MiB	resource	v	0	11
nasa-epub-0005	nasa	epub	1-10MiB	resource	a0	0	27
nasa-epub-0005	nasa	epub	1-10MiB	resource	a1	0	2
nasa-epub-0005	nasa	epub	1-10MiB	metadata	v	0	11
nasa-epub-0005	nasa	epub	1-10MiB	metadata	a0	0	28
nasa-epub-0005	nasa	epub	1-10MiB	metadata	a1	0	1
nasa-epub-0005	nasa	epub	1-10MiB	text_repeat	v	0	56
nasa-epub-0005	nasa	epub	1-10MiB	text_repeat	a0	0	132
nasa-epub-0005	nasa	epub	1-10MiB	text_repeat	a1	0	7
nasa-epub-0005	nasa	epub	1-10MiB	exact	v	0	40
nasa-epub-0005	nasa	epub	1-10MiB	exact	a1	0	4
nasa-epub-0005	nasa	epub	1-10MiB	exact	a0	0	1
nasa-epub-0006	nasa	epub	10-50MiB	text_once	v	0	463
nasa-epub-0006	nasa	epub	10-50MiB	text_once	a0	0	44
nasa-epub-0006	nasa	epub	10-50MiB	text_once	a1	0	2
nasa-epub-0006	nasa	epub	10-50MiB	heading	v	0	79
nasa-epub-0006	nasa	epub	10-50MiB	heading	a0	0	46
nasa-epub-0006	nasa	epub	10-50MiB	heading	a1	0	2
nasa-epub-0006	nasa	epub	10-50MiB	table	v	0	361
nasa-epub-0006	nasa	epub	10-50MiB	table	a0	0	41
nasa-epub-0006	nasa	epub	10-50MiB	table	a1	0	2
nasa-epub-0006	nasa	epub	10-50MiB	resource	v	0	23
nasa-epub-0006	nasa	epub	10-50MiB	resource	a0	0	44
nasa-epub-0006	nasa	epub	10-50MiB	resource	a1	0	3
nasa-epub-0006	nasa	epub	10-50MiB	metadata	v	0	24
nasa-epub-0006	nasa	epub	10-50MiB	metadata	a0	0	44
nasa-epub-0006	nasa	epub	10-50MiB	metadata	a1	0	2
nasa-epub-0006	nasa	epub	10-50MiB	text_repeat	v	0	127
nasa-epub-0006	nasa	epub	10-50MiB	text_repeat	a0	0	219
nasa-epub-0006	nasa	epub	10-50MiB	text_repeat	a1	0	7
nasa-epub-0006	nasa	epub	10-50MiB	exact	v	0	86
nasa-epub-0006	nasa	epub	10-50MiB	exact	a1	0	6
nasa-epub-0006	nasa	epub	10-50MiB	exact	a0	0	3
nasa-epub-0007	nasa	epub	10-50MiB	text_once	v	0	997
nasa-epub-0007	nasa	epub	10-50MiB	text_once	a0	0	57
nasa-epub-0007	nasa	epub	10-50MiB	text_once	a1	0	1
nasa-epub-0007	nasa	epub	10-50MiB	heading	v	6	19951
nasa-epub-0007	nasa	epub	10-50MiB	heading	a0	0	57
nasa-epub-0007	nasa	epub	10-50MiB	heading	a1	0	2
nasa-epub-0007	nasa	epub	10-50MiB	table	v	0	109
nasa-epub-0007	nasa	epub	10-50MiB	table	a0	0	56
nasa-epub-0007	nasa	epub	10-50MiB	table	a1	0	2
nasa-epub-0007	nasa	epub	10-50MiB	resource	v	0	98
nasa-epub-0007	nasa	epub	10-50MiB	resource	a0	0	65
nasa-epub-0007	nasa	epub	10-50MiB	resource	a1	0	2
nasa-epub-0007	nasa	epub	10-50MiB	metadata	v	0	94
nasa-epub-0007	nasa	epub	10-50MiB	metadata	a0	0	55
nasa-epub-0007	nasa	epub	10-50MiB	metadata	a1	0	2
nasa-epub-0007	nasa	epub	10-50MiB	text_repeat	v	0	461
nasa-epub-0007	nasa	epub	10-50MiB	text_repeat	a0	0	258
nasa-epub-0007	nasa	epub	10-50MiB	text_repeat	a1	0	6
nasa-epub-0007	nasa	epub	10-50MiB	exact	v	0	349
nasa-epub-0007	nasa	epub	10-50MiB	exact	a1	0	15
nasa-epub-0007	nasa	epub	10-50MiB	exact	a0	0	7
nasa-epub-0008	nasa	epub	10-50MiB	text_once	v	0	474
nasa-epub-0008	nasa	epub	10-50MiB	text_once	a0	0	47
nasa-epub-0008	nasa	epub	10-50MiB	text_once	a1	0	2
nasa-epub-0008	nasa	epub	10-50MiB	heading	v	6	10413
nasa-epub-0008	nasa	epub	10-50MiB	heading	a0	0	45
nasa-epub-0008	nasa	epub	10-50MiB	heading	a1	0	2
nasa-epub-0008	nasa	epub	10-50MiB	table	v	0	59
nasa-epub-0008	nasa	epub	10-50MiB	table	a0	0	44
nasa-epub-0008	nasa	epub	10-50MiB	table	a1	0	3
nasa-epub-0008	nasa	epub	10-50MiB	resource	v	0	51
nasa-epub-0008	nasa	epub	10-50MiB	resource	a0	0	46
nasa-epub-0008	nasa	epub	10-50MiB	resource	a1	0	1
nasa-epub-0008	nasa	epub	10-50MiB	metadata	v	0	50
nasa-epub-0008	nasa	epub	10-50MiB	metadata	a0	0	44
nasa-epub-0008	nasa	epub	10-50MiB	metadata	a1	0	2
nasa-epub-0008	nasa	epub	10-50MiB	text_repeat	v	0	262
nasa-epub-0008	nasa	epub	10-50MiB	text_repeat	a0	0	221
nasa-epub-0008	nasa	epub	10-50MiB	text_repeat	a1	0	5
nasa-epub-0008	nasa	epub	10-50MiB	exact	v	0	195
nasa-epub-0008	nasa	epub	10-50MiB	exact	a1	0	13
nasa-epub-0008	nasa	epub	10-50MiB	exact	a0	0	6
nasa-epub-0009	nasa	epub	10-50MiB	text_once	v	0	680
nasa-epub-0009	nasa	epub	10-50MiB	text_once	a0	0	57
nasa-epub-0009	nasa	epub	10-50MiB	text_once	a1	0	2
nasa-epub-0009	nasa	epub	10-50MiB	heading	v	6	16691
nasa-epub-0009	nasa	epub	10-50MiB	heading	a0	0	52
nasa-epub-0009	nasa	epub	10-50MiB	heading	a1	0	2
nasa-epub-0009	nasa	epub	10-50MiB	table	v	0	91
nasa-epub-0009	nasa	epub	10-50MiB	table	a0	0	50
nasa-epub-0009	nasa	epub	10-50MiB	table	a1	0	2
nasa-epub-0009	nasa	epub	10-50MiB	resource	v	0	84
nasa-epub-0009	nasa	epub	10-50MiB	resource	a0	0	49
nasa-epub-0009	nasa	epub	10-50MiB	resource	a1	0	2
nasa-epub-0009	nasa	epub	10-50MiB	metadata	v	0	85
nasa-epub-0009	nasa	epub	10-50MiB	metadata	a0	0	48
nasa-epub-0009	nasa	epub	10-50MiB	metadata	a1	0	2
nasa-epub-0009	nasa	epub	10-50MiB	text_repeat	v	0	396
nasa-epub-0009	nasa	epub	10-50MiB	text_repeat	a0	0	235
nasa-epub-0009	nasa	epub	10-50MiB	text_repeat	a1	0	6
nasa-epub-0009	nasa	epub	10-50MiB	exact	v	0	304
nasa-epub-0009	nasa	epub	10-50MiB	exact	a1	0	15
nasa-epub-0009	nasa	epub	10-50MiB	exact	a0	0	7
nasa-epub-0010	nasa	epub	10-50MiB	text_once	v	0	1025
nasa-epub-0010	nasa	epub	10-50MiB	text_once	a0	1	23
nasa-epub-0010	nasa	epub	10-50MiB	text_once	a1	1	1
nasa-epub-0010	nasa	epub	10-50MiB	heading	v	0	507
nasa-epub-0010	nasa	epub	10-50MiB	heading	a0	1	24
nasa-epub-0010	nasa	epub	10-50MiB	heading	a1	1	1
nasa-epub-0010	nasa	epub	10-50MiB	table	v	19	717
nasa-epub-0010	nasa	epub	10-50MiB	table	a0	1	29
nasa-epub-0010	nasa	epub	10-50MiB	table	a1	1	1
nasa-epub-0010	nasa	epub	10-50MiB	resource	v	0	88
nasa-epub-0010	nasa	epub	10-50MiB	resource	a0	1	28
nasa-epub-0010	nasa	epub	10-50MiB	resource	a1	1	1
nasa-epub-0010	nasa	epub	10-50MiB	metadata	v	0	85
nasa-epub-0010	nasa	epub	10-50MiB	metadata	a0	1	25
nasa-epub-0010	nasa	epub	10-50MiB	metadata	a1	1	2
nasa-epub-0010	nasa	epub	10-50MiB	text_repeat	v	0	460
nasa-epub-0010	nasa	epub	10-50MiB	text_repeat	a0	1	138
nasa-epub-0010	nasa	epub	10-50MiB	text_repeat	a1	1	5
nasa-epub-0010	nasa	epub	10-50MiB	exact	v	0	352
nasa-epub-0010	nasa	epub	10-50MiB	exact	a1	1	2
nasa-epub-0010	nasa	epub	10-50MiB	exact	a0	0	406
nasa-epub-0011	nasa	epub	1-10MiB	text_once	v	0	186
nasa-epub-0011	nasa	epub	1-10MiB	text_once	a0	0	48
nasa-epub-0011	nasa	epub	1-10MiB	text_once	a1	0	2
nasa-epub-0011	nasa	epub	1-10MiB	heading	v	0	78
nasa-epub-0011	nasa	epub	1-10MiB	heading	a0	0	46
nasa-epub-0011	nasa	epub	1-10MiB	heading	a1	0	2
nasa-epub-0011	nasa	epub	1-10MiB	table	v	0	463
nasa-epub-0011	nasa	epub	1-10MiB	table	a0	0	48
nasa-epub-0011	nasa	epub	1-10MiB	table	a1	0	2
nasa-epub-0011	nasa	epub	1-10MiB	resource	v	0	22
nasa-epub-0011	nasa	epub	1-10MiB	resource	a0	0	50
nasa-epub-0011	nasa	epub	1-10MiB	resource	a1	0	2
nasa-epub-0011	nasa	epub	1-10MiB	metadata	v	0	22
nasa-epub-0011	nasa	epub	1-10MiB	metadata	a0	0	47
nasa-epub-0011	nasa	epub	1-10MiB	metadata	a1	0	3
nasa-epub-0011	nasa	epub	1-10MiB	text_repeat	v	0	113
nasa-epub-0011	nasa	epub	1-10MiB	text_repeat	a0	0	239
nasa-epub-0011	nasa	epub	1-10MiB	text_repeat	a1	0	7
nasa-epub-0011	nasa	epub	1-10MiB	exact	v	0	84
nasa-epub-0011	nasa	epub	1-10MiB	exact	a1	0	7
nasa-epub-0011	nasa	epub	1-10MiB	exact	a0	0	2
nasa-epub-0012	nasa	epub	10-50MiB	text_once	v	0	547
nasa-epub-0012	nasa	epub	10-50MiB	text_once	a0	0	49
nasa-epub-0012	nasa	epub	10-50MiB	text_once	a1	0	2
nasa-epub-0012	nasa	epub	10-50MiB	heading	v	0	372
nasa-epub-0012	nasa	epub	10-50MiB	heading	a0	0	49
nasa-epub-0012	nasa	epub	10-50MiB	heading	a1	0	2
nasa-epub-0012	nasa	epub	10-50MiB	table	v	0	1172
nasa-epub-0012	nasa	epub	10-50MiB	table	a0	0	50
nasa-epub-0012	nasa	epub	10-50MiB	table	a1	0	2
nasa-epub-0012	nasa	epub	10-50MiB	resource	v	0	67
nasa-epub-0012	nasa	epub	10-50MiB	resource	a0	0	53
nasa-epub-0012	nasa	epub	10-50MiB	resource	a1	0	2
nasa-epub-0012	nasa	epub	10-50MiB	metadata	v	0	64
nasa-epub-0012	nasa	epub	10-50MiB	metadata	a0	0	49
nasa-epub-0012	nasa	epub	10-50MiB	metadata	a1	0	2
nasa-epub-0012	nasa	epub	10-50MiB	text_repeat	v	0	336
nasa-epub-0012	nasa	epub	10-50MiB	text_repeat	a0	0	231
nasa-epub-0012	nasa	epub	10-50MiB	text_repeat	a1	0	6
nasa-epub-0012	nasa	epub	10-50MiB	exact	v	0	252
nasa-epub-0012	nasa	epub	10-50MiB	exact	a1	0	14
nasa-epub-0012	nasa	epub	10-50MiB	exact	a0	0	6
nasa-epub-0013	nasa	epub	1-10MiB	text_once	v	0	45
nasa-epub-0013	nasa	epub	1-10MiB	text_once	a0	0	27
nasa-epub-0013	nasa	epub	1-10MiB	text_once	a1	0	2
nasa-epub-0013	nasa	epub	1-10MiB	heading	v	0	20
nasa-epub-0013	nasa	epub	1-10MiB	heading	a0	0	27
nasa-epub-0013	nasa	epub	1-10MiB	heading	a1	0	2
nasa-epub-0013	nasa	epub	1-10MiB	table	v	0	117
nasa-epub-0013	nasa	epub	1-10MiB	table	a0	0	26
nasa-epub-0013	nasa	epub	1-10MiB	table	a1	0	1
nasa-epub-0013	nasa	epub	1-10MiB	resource	v	0	11
nasa-epub-0013	nasa	epub	1-10MiB	resource	a0	0	27
nasa-epub-0013	nasa	epub	1-10MiB	resource	a1	0	1
nasa-epub-0013	nasa	epub	1-10MiB	metadata	v	0	11
nasa-epub-0013	nasa	epub	1-10MiB	metadata	a0	0	28
nasa-epub-0013	nasa	epub	1-10MiB	metadata	a1	0	2
nasa-epub-0013	nasa	epub	1-10MiB	text_repeat	v	0	59
nasa-epub-0013	nasa	epub	1-10MiB	text_repeat	a0	0	133
nasa-epub-0013	nasa	epub	1-10MiB	text_repeat	a1	0	5
nasa-epub-0013	nasa	epub	1-10MiB	exact	v	0	20
nasa-epub-0013	nasa	epub	1-10MiB	exact	a1	0	4
nasa-epub-0013	nasa	epub	1-10MiB	exact	a0	0	1
nasa-epub-0014	nasa	epub	1-10MiB	text_once	v	0	86
nasa-epub-0014	nasa	epub	1-10MiB	text_once	a0	0	37
nasa-epub-0014	nasa	epub	1-10MiB	text_once	a1	0	2
nasa-epub-0014	nasa	epub	1-10MiB	heading	v	6	595
nasa-epub-0014	nasa	epub	1-10MiB	heading	a0	0	34
nasa-epub-0014	nasa	epub	1-10MiB	heading	a1	0	1
nasa-epub-0014	nasa	epub	1-10MiB	table	v	0	10
nasa-epub-0014	nasa	epub	1-10MiB	table	a0	0	35
nasa-epub-0014	nasa	epub	1-10MiB	table	a1	0	2
nasa-epub-0014	nasa	epub	1-10MiB	resource	v	0	10
nasa-epub-0014	nasa	epub	1-10MiB	resource	a0	0	34
nasa-epub-0014	nasa	epub	1-10MiB	resource	a1	0	1
nasa-epub-0014	nasa	epub	1-10MiB	metadata	v	0	10
nasa-epub-0014	nasa	epub	1-10MiB	metadata	a0	0	35
nasa-epub-0014	nasa	epub	1-10MiB	metadata	a1	0	2
nasa-epub-0014	nasa	epub	1-10MiB	text_repeat	v	0	48
nasa-epub-0014	nasa	epub	1-10MiB	text_repeat	a0	0	193
nasa-epub-0014	nasa	epub	1-10MiB	text_repeat	a1	0	9
nasa-epub-0014	nasa	epub	1-10MiB	exact	v	0	34
nasa-epub-0014	nasa	epub	1-10MiB	exact	a1	0	4
nasa-epub-0014	nasa	epub	1-10MiB	exact	a0	0	2
nasa-epub-0015	nasa	epub	1-10MiB	text_once	v	0	54
nasa-epub-0015	nasa	epub	1-10MiB	text_once	a0	0	32
nasa-epub-0015	nasa	epub	1-10MiB	text_once	a1	0	2
nasa-epub-0015	nasa	epub	1-10MiB	heading	v	0	20
nasa-epub-0015	nasa	epub	1-10MiB	heading	a0	0	29
nasa-epub-0015	nasa	epub	1-10MiB	heading	a1	0	2
nasa-epub-0015	nasa	epub	1-10MiB	table	v	0	89
nasa-epub-0015	nasa	epub	1-10MiB	table	a0	0	27
nasa-epub-0015	nasa	epub	1-10MiB	table	a1	0	2
nasa-epub-0015	nasa	epub	1-10MiB	resource	v	0	10
nasa-epub-0015	nasa	epub	1-10MiB	resource	a0	0	27
nasa-epub-0015	nasa	epub	1-10MiB	resource	a1	0	2
nasa-epub-0015	nasa	epub	1-10MiB	metadata	v	0	11
nasa-epub-0015	nasa	epub	1-10MiB	metadata	a0	0	28
nasa-epub-0015	nasa	epub	1-10MiB	metadata	a1	0	1
nasa-epub-0015	nasa	epub	1-10MiB	text_repeat	v	0	55
nasa-epub-0015	nasa	epub	1-10MiB	text_repeat	a0	0	132
nasa-epub-0015	nasa	epub	1-10MiB	text_repeat	a1	0	5
nasa-epub-0015	nasa	epub	1-10MiB	exact	v	0	21
nasa-epub-0015	nasa	epub	1-10MiB	exact	a1	0	5
nasa-epub-0015	nasa	epub	1-10MiB	exact	a0	0	2
nasa-pdf-eb-01	nasa	pdf	1-10MiB	text_once	v	6	1
nasa-pdf-eb-01	nasa	pdf	1-10MiB	text_once	a0	0	9
nasa-pdf-eb-01	nasa	pdf	1-10MiB	text_once	a1	0	2
nasa-pdf-eb-01	nasa	pdf	1-10MiB	heading	v	3	0
nasa-pdf-eb-01	nasa	pdf	1-10MiB	heading	a0	3	0
nasa-pdf-eb-01	nasa	pdf	1-10MiB	heading	a1	3	0
nasa-pdf-eb-01	nasa	pdf	1-10MiB	table	v	3	0
nasa-pdf-eb-01	nasa	pdf	1-10MiB	table	a0	3	0
nasa-pdf-eb-01	nasa	pdf	1-10MiB	table	a1	3	0
nasa-pdf-eb-01	nasa	pdf	1-10MiB	resource	v	3	0
nasa-pdf-eb-01	nasa	pdf	1-10MiB	resource	a0	3	0
nasa-pdf-eb-01	nasa	pdf	1-10MiB	resource	a1	3	0
nasa-pdf-eb-01	nasa	pdf	1-10MiB	metadata	v	0	10
nasa-pdf-eb-01	nasa	pdf	1-10MiB	metadata	a0	0	8
nasa-pdf-eb-01	nasa	pdf	1-10MiB	metadata	a1	0	1
nasa-pdf-eb-01	nasa	pdf	1-10MiB	text_repeat	v	6	5
nasa-pdf-eb-01	nasa	pdf	1-10MiB	text_repeat	a0	0	39
nasa-pdf-eb-01	nasa	pdf	1-10MiB	text_repeat	a1	0	6
nasa-pdf-eb-01	nasa	pdf	1-10MiB	exact	v	0	42
nasa-pdf-eb-01	nasa	pdf	1-10MiB	exact	a1	0	4
nasa-pdf-eb-01	nasa	pdf	1-10MiB	exact	a0	0	1
nasa-pdf-eb-02	nasa	pdf	10-50MiB	text_once	v	6	2
nasa-pdf-eb-02	nasa	pdf	10-50MiB	text_once	a0	0	5
nasa-pdf-eb-02	nasa	pdf	10-50MiB	text_once	a1	0	2
nasa-pdf-eb-02	nasa	pdf	10-50MiB	heading	v	3	0
nasa-pdf-eb-02	nasa	pdf	10-50MiB	heading	a0	3	0
nasa-pdf-eb-02	nasa	pdf	10-50MiB	heading	a1	3	0
nasa-pdf-eb-02	nasa	pdf	10-50MiB	table	v	3	0
nasa-pdf-eb-02	nasa	pdf	10-50MiB	table	a0	3	0
nasa-pdf-eb-02	nasa	pdf	10-50MiB	table	a1	3	0
nasa-pdf-eb-02	nasa	pdf	10-50MiB	resource	v	3	0
nasa-pdf-eb-02	nasa	pdf	10-50MiB	resource	a0	3	0
nasa-pdf-eb-02	nasa	pdf	10-50MiB	resource	a1	3	0
nasa-pdf-eb-02	nasa	pdf	10-50MiB	metadata	v	0	45
nasa-pdf-eb-02	nasa	pdf	10-50MiB	metadata	a0	0	4
nasa-pdf-eb-02	nasa	pdf	10-50MiB	metadata	a1	0	1
nasa-pdf-eb-02	nasa	pdf	10-50MiB	text_repeat	v	6	7
nasa-pdf-eb-02	nasa	pdf	10-50MiB	text_repeat	a0	0	21
nasa-pdf-eb-02	nasa	pdf	10-50MiB	text_repeat	a1	0	7
nasa-pdf-eb-02	nasa	pdf	10-50MiB	exact	v	0	74
nasa-pdf-eb-02	nasa	pdf	10-50MiB	exact	a1	0	9
nasa-pdf-eb-02	nasa	pdf	10-50MiB	exact	a0	0	4
nasa-pdf-eb-03	nasa	pdf	1-10MiB	text_once	v	0	59
nasa-pdf-eb-03	nasa	pdf	1-10MiB	text_once	a0	0	5
nasa-pdf-eb-03	nasa	pdf	1-10MiB	text_once	a1	0	1
nasa-pdf-eb-03	nasa	pdf	1-10MiB	heading	v	3	0
nasa-pdf-eb-03	nasa	pdf	1-10MiB	heading	a0	3	0
nasa-pdf-eb-03	nasa	pdf	1-10MiB	heading	a1	3	0
nasa-pdf-eb-03	nasa	pdf	1-10MiB	table	v	3	0
nasa-pdf-eb-03	nasa	pdf	1-10MiB	table	a0	3	0
nasa-pdf-eb-03	nasa	pdf	1-10MiB	table	a1	3	0
nasa-pdf-eb-03	nasa	pdf	1-10MiB	resource	v	3	0
nasa-pdf-eb-03	nasa	pdf	1-10MiB	resource	a0	3	0
nasa-pdf-eb-03	nasa	pdf	1-10MiB	resource	a1	3	0
nasa-pdf-eb-03	nasa	pdf	1-10MiB	metadata	v	0	6
nasa-pdf-eb-03	nasa	pdf	1-10MiB	metadata	a0	0	4
nasa-pdf-eb-03	nasa	pdf	1-10MiB	metadata	a1	0	2
nasa-pdf-eb-03	nasa	pdf	1-10MiB	text_repeat	v	0	6
nasa-pdf-eb-03	nasa	pdf	1-10MiB	text_repeat	a0	0	23
nasa-pdf-eb-03	nasa	pdf	1-10MiB	text_repeat	a1	0	6
nasa-pdf-eb-03	nasa	pdf	1-10MiB	exact	v	0	10
nasa-pdf-eb-03	nasa	pdf	1-10MiB	exact	a1	0	3
nasa-pdf-eb-03	nasa	pdf	1-10MiB	exact	a0	0	1
nasa-pdf-eb-04	nasa	pdf	1-10MiB	text_once	v	0	60
nasa-pdf-eb-04	nasa	pdf	1-10MiB	text_once	a0	0	10
nasa-pdf-eb-04	nasa	pdf	1-10MiB	text_once	a1	0	1
nasa-pdf-eb-04	nasa	pdf	1-10MiB	heading	v	3	0
nasa-pdf-eb-04	nasa	pdf	1-10MiB	heading	a0	3	0
nasa-pdf-eb-04	nasa	pdf	1-10MiB	heading	a1	3	0
nasa-pdf-eb-04	nasa	pdf	1-10MiB	table	v	3	0
nasa-pdf-eb-04	nasa	pdf	1-10MiB	table	a0	3	0
nasa-pdf-eb-04	nasa	pdf	1-10MiB	table	a1	3	0
nasa-pdf-eb-04	nasa	pdf	1-10MiB	resource	v	3	0
nasa-pdf-eb-04	nasa	pdf	1-10MiB	resource	a0	3	0
nasa-pdf-eb-04	nasa	pdf	1-10MiB	resource	a1	3	0
nasa-pdf-eb-04	nasa	pdf	1-10MiB	metadata	v	0	9
nasa-pdf-eb-04	nasa	pdf	1-10MiB	metadata	a0	0	4
nasa-pdf-eb-04	nasa	pdf	1-10MiB	metadata	a1	0	2
nasa-pdf-eb-04	nasa	pdf	1-10MiB	text_repeat	v	0	7
nasa-pdf-eb-04	nasa	pdf	1-10MiB	text_repeat	a0	0	47
nasa-pdf-eb-04	nasa	pdf	1-10MiB	text_repeat	a1	0	8
nasa-pdf-eb-04	nasa	pdf	1-10MiB	exact	v	0	15
nasa-pdf-eb-04	nasa	pdf	1-10MiB	exact	a1	0	2
nasa-pdf-eb-04	nasa	pdf	1-10MiB	exact	a0	0	1
nasa-pdf-eb-05	nasa	pdf	1-10MiB	text_once	v	0	23
nasa-pdf-eb-05	nasa	pdf	1-10MiB	text_once	a0	0	4
nasa-pdf-eb-05	nasa	pdf	1-10MiB	text_once	a1	0	2
nasa-pdf-eb-05	nasa	pdf	1-10MiB	heading	v	3	0
nasa-pdf-eb-05	nasa	pdf	1-10MiB	heading	a0	3	0
nasa-pdf-eb-05	nasa	pdf	1-10MiB	heading	a1	3	0
nasa-pdf-eb-05	nasa	pdf	1-10MiB	table	v	3	0
nasa-pdf-eb-05	nasa	pdf	1-10MiB	table	a0	3	0
nasa-pdf-eb-05	nasa	pdf	1-10MiB	table	a1	3	0
nasa-pdf-eb-05	nasa	pdf	1-10MiB	resource	v	3	0
nasa-pdf-eb-05	nasa	pdf	1-10MiB	resource	a0	3	0
nasa-pdf-eb-05	nasa	pdf	1-10MiB	resource	a1	3	0
nasa-pdf-eb-05	nasa	pdf	1-10MiB	metadata	v	0	5
nasa-pdf-eb-05	nasa	pdf	1-10MiB	metadata	a0	0	3
nasa-pdf-eb-05	nasa	pdf	1-10MiB	metadata	a1	0	1
nasa-pdf-eb-05	nasa	pdf	1-10MiB	text_repeat	v	0	6
nasa-pdf-eb-05	nasa	pdf	1-10MiB	text_repeat	a0	0	15
nasa-pdf-eb-05	nasa	pdf	1-10MiB	text_repeat	a1	0	6
nasa-pdf-eb-05	nasa	pdf	1-10MiB	exact	v	0	9
nasa-pdf-eb-05	nasa	pdf	1-10MiB	exact	a1	0	2
nasa-pdf-eb-05	nasa	pdf	1-10MiB	exact	a0	0	2
nasa-pdf-eb-06	nasa	pdf	1-10MiB	text_once	v	6	1
nasa-pdf-eb-06	nasa	pdf	1-10MiB	text_once	a0	0	8
nasa-pdf-eb-06	nasa	pdf	1-10MiB	text_once	a1	0	1
nasa-pdf-eb-06	nasa	pdf	1-10MiB	heading	v	3	0
nasa-pdf-eb-06	nasa	pdf	1-10MiB	heading	a0	3	0
nasa-pdf-eb-06	nasa	pdf	1-10MiB	heading	a1	3	0
nasa-pdf-eb-06	nasa	pdf	1-10MiB	table	v	3	0
nasa-pdf-eb-06	nasa	pdf	1-10MiB	table	a0	3	0
nasa-pdf-eb-06	nasa	pdf	1-10MiB	table	a1	3	0
nasa-pdf-eb-06	nasa	pdf	1-10MiB	resource	v	3	0
nasa-pdf-eb-06	nasa	pdf	1-10MiB	resource	a0	3	0
nasa-pdf-eb-06	nasa	pdf	1-10MiB	resource	a1	3	0
nasa-pdf-eb-06	nasa	pdf	1-10MiB	metadata	v	0	12
nasa-pdf-eb-06	nasa	pdf	1-10MiB	metadata	a0	0	6
nasa-pdf-eb-06	nasa	pdf	1-10MiB	metadata	a1	0	1
nasa-pdf-eb-06	nasa	pdf	1-10MiB	text_repeat	v	6	6
nasa-pdf-eb-06	nasa	pdf	1-10MiB	text_repeat	a0	0	35
nasa-pdf-eb-06	nasa	pdf	1-10MiB	text_repeat	a1	0	6
nasa-pdf-eb-06	nasa	pdf	1-10MiB	exact	v	0	49
nasa-pdf-eb-06	nasa	pdf	1-10MiB	exact	a1	0	3
nasa-pdf-eb-06	nasa	pdf	1-10MiB	exact	a0	0	1
nasa-pdf-eb-07	nasa	pdf	10-50MiB	text_once	v	6	1
nasa-pdf-eb-07	nasa	pdf	10-50MiB	text_once	a0	0	4
nasa-pdf-eb-07	nasa	pdf	10-50MiB	text_once	a1	0	1
nasa-pdf-eb-07	nasa	pdf	10-50MiB	heading	v	3	0
nasa-pdf-eb-07	nasa	pdf	10-50MiB	heading	a0	3	0
nasa-pdf-eb-07	nasa	pdf	10-50MiB	heading	a1	3	0
nasa-pdf-eb-07	nasa	pdf	10-50MiB	table	v	3	0
nasa-pdf-eb-07	nasa	pdf	10-50MiB	table	a0	3	0
nasa-pdf-eb-07	nasa	pdf	10-50MiB	table	a1	3	0
nasa-pdf-eb-07	nasa	pdf	10-50MiB	resource	v	3	0
nasa-pdf-eb-07	nasa	pdf	10-50MiB	resource	a0	3	0
nasa-pdf-eb-07	nasa	pdf	10-50MiB	resource	a1	3	0
nasa-pdf-eb-07	nasa	pdf	10-50MiB	metadata	v	0	75
nasa-pdf-eb-07	nasa	pdf	10-50MiB	metadata	a0	0	5
nasa-pdf-eb-07	nasa	pdf	10-50MiB	metadata	a1	0	2
nasa-pdf-eb-07	nasa	pdf	10-50MiB	text_repeat	v	6	7
nasa-pdf-eb-07	nasa	pdf	10-50MiB	text_repeat	a0	0	20
nasa-pdf-eb-07	nasa	pdf	10-50MiB	text_repeat	a1	0	5
nasa-pdf-eb-07	nasa	pdf	10-50MiB	exact	v	0	315
nasa-pdf-eb-07	nasa	pdf	10-50MiB	exact	a1	0	14
nasa-pdf-eb-07	nasa	pdf	10-50MiB	exact	a0	0	6
nasa-pdf-eb-08	nasa	pdf	10-50MiB	text_once	v	6	2
nasa-pdf-eb-08	nasa	pdf	10-50MiB	text_once	a0	0	6
nasa-pdf-eb-08	nasa	pdf	10-50MiB	text_once	a1	0	1
nasa-pdf-eb-08	nasa	pdf	10-50MiB	heading	v	3	0
nasa-pdf-eb-08	nasa	pdf	10-50MiB	heading	a0	3	0
nasa-pdf-eb-08	nasa	pdf	10-50MiB	heading	a1	3	0
nasa-pdf-eb-08	nasa	pdf	10-50MiB	table	v	3	0
nasa-pdf-eb-08	nasa	pdf	10-50MiB	table	a0	3	0
nasa-pdf-eb-08	nasa	pdf	10-50MiB	table	a1	3	0
nasa-pdf-eb-08	nasa	pdf	10-50MiB	resource	v	3	0
nasa-pdf-eb-08	nasa	pdf	10-50MiB	resource	a0	3	0
nasa-pdf-eb-08	nasa	pdf	10-50MiB	resource	a1	3	0
nasa-pdf-eb-08	nasa	pdf	10-50MiB	metadata	v	0	76
nasa-pdf-eb-08	nasa	pdf	10-50MiB	metadata	a0	0	5
nasa-pdf-eb-08	nasa	pdf	10-50MiB	metadata	a1	0	1
nasa-pdf-eb-08	nasa	pdf	10-50MiB	text_repeat	v	6	6
nasa-pdf-eb-08	nasa	pdf	10-50MiB	text_repeat	a0	0	28
nasa-pdf-eb-08	nasa	pdf	10-50MiB	text_repeat	a1	0	6
nasa-pdf-eb-08	nasa	pdf	10-50MiB	exact	v	0	121
nasa-pdf-eb-08	nasa	pdf	10-50MiB	exact	a1	0	11
nasa-pdf-eb-08	nasa	pdf	10-50MiB	exact	a0	0	5
nasa-pdf-eb-09	nasa	pdf	10-50MiB	text_once	v	0	72
nasa-pdf-eb-09	nasa	pdf	10-50MiB	text_once	a0	0	5
nasa-pdf-eb-09	nasa	pdf	10-50MiB	text_once	a1	0	1
nasa-pdf-eb-09	nasa	pdf	10-50MiB	heading	v	3	0
nasa-pdf-eb-09	nasa	pdf	10-50MiB	heading	a0	3	0
nasa-pdf-eb-09	nasa	pdf	10-50MiB	heading	a1	3	0
nasa-pdf-eb-09	nasa	pdf	10-50MiB	table	v	3	0
nasa-pdf-eb-09	nasa	pdf	10-50MiB	table	a0	3	0
nasa-pdf-eb-09	nasa	pdf	10-50MiB	table	a1	3	0
nasa-pdf-eb-09	nasa	pdf	10-50MiB	resource	v	3	0
nasa-pdf-eb-09	nasa	pdf	10-50MiB	resource	a0	3	0
nasa-pdf-eb-09	nasa	pdf	10-50MiB	resource	a1	3	0
nasa-pdf-eb-09	nasa	pdf	10-50MiB	metadata	v	0	24
nasa-pdf-eb-09	nasa	pdf	10-50MiB	metadata	a0	0	4
nasa-pdf-eb-09	nasa	pdf	10-50MiB	metadata	a1	0	2
nasa-pdf-eb-09	nasa	pdf	10-50MiB	text_repeat	v	0	5
nasa-pdf-eb-09	nasa	pdf	10-50MiB	text_repeat	a0	0	22
nasa-pdf-eb-09	nasa	pdf	10-50MiB	text_repeat	a1	0	6
nasa-pdf-eb-09	nasa	pdf	10-50MiB	exact	v	0	42
nasa-pdf-eb-09	nasa	pdf	10-50MiB	exact	a1	0	4
nasa-pdf-eb-09	nasa	pdf	10-50MiB	exact	a0	0	2
nasa-pdf-eb-10	nasa	pdf	10-50MiB	text_once	v	6	1
nasa-pdf-eb-10	nasa	pdf	10-50MiB	text_once	a0	0	4
nasa-pdf-eb-10	nasa	pdf	10-50MiB	text_once	a1	0	1
nasa-pdf-eb-10	nasa	pdf	10-50MiB	heading	v	3	0
nasa-pdf-eb-10	nasa	pdf	10-50MiB	heading	a0	3	0
nasa-pdf-eb-10	nasa	pdf	10-50MiB	heading	a1	3	0
nasa-pdf-eb-10	nasa	pdf	10-50MiB	table	v	3	0
nasa-pdf-eb-10	nasa	pdf	10-50MiB	table	a0	3	0
nasa-pdf-eb-10	nasa	pdf	10-50MiB	table	a1	3	0
nasa-pdf-eb-10	nasa	pdf	10-50MiB	resource	v	3	0
nasa-pdf-eb-10	nasa	pdf	10-50MiB	resource	a0	3	0
nasa-pdf-eb-10	nasa	pdf	10-50MiB	resource	a1	3	0
nasa-pdf-eb-10	nasa	pdf	10-50MiB	metadata	v	0	32
nasa-pdf-eb-10	nasa	pdf	10-50MiB	metadata	a0	0	4
nasa-pdf-eb-10	nasa	pdf	10-50MiB	metadata	a1	0	2
nasa-pdf-eb-10	nasa	pdf	10-50MiB	text_repeat	v	6	6
nasa-pdf-eb-10	nasa	pdf	10-50MiB	text_repeat	a0	0	17
nasa-pdf-eb-10	nasa	pdf	10-50MiB	text_repeat	a1	0	5
nasa-pdf-eb-10	nasa	pdf	10-50MiB	exact	v	0	57
nasa-pdf-eb-10	nasa	pdf	10-50MiB	exact	a1	0	6
nasa-pdf-eb-10	nasa	pdf	10-50MiB	exact	a0	0	3
nasa-pdf-0001	nasa	pdf	>100MiB	text_once	v	2	2
nasa-pdf-0001	nasa	pdf	>100MiB	text_once	a0	0	9
nasa-pdf-0001	nasa	pdf	>100MiB	text_once	a1	0	2
nasa-pdf-0001	nasa	pdf	>100MiB	heading	v	3	0
nasa-pdf-0001	nasa	pdf	>100MiB	heading	a0	3	0
nasa-pdf-0001	nasa	pdf	>100MiB	heading	a1	3	0
nasa-pdf-0001	nasa	pdf	>100MiB	table	v	3	0
nasa-pdf-0001	nasa	pdf	>100MiB	table	a0	3	0
nasa-pdf-0001	nasa	pdf	>100MiB	table	a1	3	0
nasa-pdf-0001	nasa	pdf	>100MiB	resource	v	3	0
nasa-pdf-0001	nasa	pdf	>100MiB	resource	a0	3	0
nasa-pdf-0001	nasa	pdf	>100MiB	resource	a1	3	0
nasa-pdf-0001	nasa	pdf	>100MiB	metadata	v	2	1
nasa-pdf-0001	nasa	pdf	>100MiB	metadata	a0	0	8
nasa-pdf-0001	nasa	pdf	>100MiB	metadata	a1	0	1
nasa-pdf-0001	nasa	pdf	>100MiB	text_repeat	v	2	6
nasa-pdf-0001	nasa	pdf	>100MiB	text_repeat	a0	0	37
nasa-pdf-0001	nasa	pdf	>100MiB	text_repeat	a1	0	7
nasa-pdf-0001	nasa	pdf	>100MiB	exact	v	3	1
nasa-pdf-0001	nasa	pdf	>100MiB	exact	a1	0	189
nasa-pdf-0001	nasa	pdf	>100MiB	exact	a0	0	125
nasa-pdf-0002	nasa	pdf	>100MiB	text_once	v	2	1
nasa-pdf-0002	nasa	pdf	>100MiB	text_once	a0	0	9
nasa-pdf-0002	nasa	pdf	>100MiB	text_once	a1	0	2
nasa-pdf-0002	nasa	pdf	>100MiB	heading	v	3	0
nasa-pdf-0002	nasa	pdf	>100MiB	heading	a0	3	0
nasa-pdf-0002	nasa	pdf	>100MiB	heading	a1	3	0
nasa-pdf-0002	nasa	pdf	>100MiB	table	v	3	0
nasa-pdf-0002	nasa	pdf	>100MiB	table	a0	3	0
nasa-pdf-0002	nasa	pdf	>100MiB	table	a1	3	0
nasa-pdf-0002	nasa	pdf	>100MiB	resource	v	3	0
nasa-pdf-0002	nasa	pdf	>100MiB	resource	a0	3	0
nasa-pdf-0002	nasa	pdf	>100MiB	resource	a1	3	0
nasa-pdf-0002	nasa	pdf	>100MiB	metadata	v	2	1
nasa-pdf-0002	nasa	pdf	>100MiB	metadata	a0	0	8
nasa-pdf-0002	nasa	pdf	>100MiB	metadata	a1	0	1
nasa-pdf-0002	nasa	pdf	>100MiB	text_repeat	v	2	5
nasa-pdf-0002	nasa	pdf	>100MiB	text_repeat	a0	0	39
nasa-pdf-0002	nasa	pdf	>100MiB	text_repeat	a1	0	6
nasa-pdf-0002	nasa	pdf	>100MiB	exact	v	3	0
nasa-pdf-0002	nasa	pdf	>100MiB	exact	a1	0	3092
nasa-pdf-0002	nasa	pdf	>100MiB	exact	a0	0	2539
nasa-pdf-0003	nasa	pdf	>100MiB	text_once	v	2	2
nasa-pdf-0003	nasa	pdf	>100MiB	text_once	a0	0	8
nasa-pdf-0003	nasa	pdf	>100MiB	text_once	a1	0	2
nasa-pdf-0003	nasa	pdf	>100MiB	heading	v	3	0
nasa-pdf-0003	nasa	pdf	>100MiB	heading	a0	3	0
nasa-pdf-0003	nasa	pdf	>100MiB	heading	a1	3	0
nasa-pdf-0003	nasa	pdf	>100MiB	table	v	3	0
nasa-pdf-0003	nasa	pdf	>100MiB	table	a0	3	0
nasa-pdf-0003	nasa	pdf	>100MiB	table	a1	3	0
nasa-pdf-0003	nasa	pdf	>100MiB	resource	v	3	0
nasa-pdf-0003	nasa	pdf	>100MiB	resource	a0	3	0
nasa-pdf-0003	nasa	pdf	>100MiB	resource	a1	3	0
nasa-pdf-0003	nasa	pdf	>100MiB	metadata	v	2	2
nasa-pdf-0003	nasa	pdf	>100MiB	metadata	a0	0	8
nasa-pdf-0003	nasa	pdf	>100MiB	metadata	a1	0	2
nasa-pdf-0003	nasa	pdf	>100MiB	text_repeat	v	2	5
nasa-pdf-0003	nasa	pdf	>100MiB	text_repeat	a0	0	40
nasa-pdf-0003	nasa	pdf	>100MiB	text_repeat	a1	0	6
nasa-pdf-0003	nasa	pdf	>100MiB	exact	v	3	0
nasa-pdf-0003	nasa	pdf	>100MiB	exact	a1	0	336
nasa-pdf-0003	nasa	pdf	>100MiB	exact	a0	0	95
nasa-pdf-0004	nasa	pdf	50-100MiB	text_once	v	0	504
nasa-pdf-0004	nasa	pdf	50-100MiB	text_once	a0	0	9
nasa-pdf-0004	nasa	pdf	50-100MiB	text_once	a1	0	2
nasa-pdf-0004	nasa	pdf	50-100MiB	heading	v	3	0
nasa-pdf-0004	nasa	pdf	50-100MiB	heading	a0	3	0
nasa-pdf-0004	nasa	pdf	50-100MiB	heading	a1	3	0
nasa-pdf-0004	nasa	pdf	50-100MiB	table	v	3	0
nasa-pdf-0004	nasa	pdf	50-100MiB	table	a0	3	0
nasa-pdf-0004	nasa	pdf	50-100MiB	table	a1	3	0
nasa-pdf-0004	nasa	pdf	50-100MiB	resource	v	3	0
nasa-pdf-0004	nasa	pdf	50-100MiB	resource	a0	3	0
nasa-pdf-0004	nasa	pdf	50-100MiB	resource	a1	3	0
nasa-pdf-0004	nasa	pdf	50-100MiB	metadata	v	0	149
nasa-pdf-0004	nasa	pdf	50-100MiB	metadata	a0	0	7
nasa-pdf-0004	nasa	pdf	50-100MiB	metadata	a1	0	2
nasa-pdf-0004	nasa	pdf	50-100MiB	text_repeat	v	0	7
nasa-pdf-0004	nasa	pdf	50-100MiB	text_repeat	a0	0	37
nasa-pdf-0004	nasa	pdf	50-100MiB	text_repeat	a1	0	6
nasa-pdf-0004	nasa	pdf	50-100MiB	exact	v	0	602
nasa-pdf-0004	nasa	pdf	50-100MiB	exact	a1	0	28
nasa-pdf-0004	nasa	pdf	50-100MiB	exact	a0	0	18
nasa-pdf-0005	nasa	pdf	50-100MiB	text_once	v	0	418
nasa-pdf-0005	nasa	pdf	50-100MiB	text_once	a0	0	6
nasa-pdf-0005	nasa	pdf	50-100MiB	text_once	a1	0	2
nasa-pdf-0005	nasa	pdf	50-100MiB	heading	v	3	0
nasa-pdf-0005	nasa	pdf	50-100MiB	heading	a0	3	0
nasa-pdf-0005	nasa	pdf	50-100MiB	heading	a1	3	0
nasa-pdf-0005	nasa	pdf	50-100MiB	table	v	3	0
nasa-pdf-0005	nasa	pdf	50-100MiB	table	a0	3	0
nasa-pdf-0005	nasa	pdf	50-100MiB	table	a1	3	0
nasa-pdf-0005	nasa	pdf	50-100MiB	resource	v	3	0
nasa-pdf-0005	nasa	pdf	50-100MiB	resource	a0	3	0
nasa-pdf-0005	nasa	pdf	50-100MiB	resource	a1	3	0
nasa-pdf-0005	nasa	pdf	50-100MiB	metadata	v	0	125
nasa-pdf-0005	nasa	pdf	50-100MiB	metadata	a0	0	5
nasa-pdf-0005	nasa	pdf	50-100MiB	metadata	a1	0	2
nasa-pdf-0005	nasa	pdf	50-100MiB	text_repeat	v	0	7
nasa-pdf-0005	nasa	pdf	50-100MiB	text_repeat	a0	0	17
nasa-pdf-0005	nasa	pdf	50-100MiB	text_repeat	a1	0	7
nasa-pdf-0005	nasa	pdf	50-100MiB	exact	v	0	493
nasa-pdf-0005	nasa	pdf	50-100MiB	exact	a1	0	20
nasa-pdf-0005	nasa	pdf	50-100MiB	exact	a0	0	11
nasa-pdf-0006	nasa	pdf	10-50MiB	text_once	v	0	14
nasa-pdf-0006	nasa	pdf	10-50MiB	text_once	a0	0	5
nasa-pdf-0006	nasa	pdf	10-50MiB	text_once	a1	0	1
nasa-pdf-0006	nasa	pdf	10-50MiB	heading	v	3	0
nasa-pdf-0006	nasa	pdf	10-50MiB	heading	a0	3	0
nasa-pdf-0006	nasa	pdf	10-50MiB	heading	a1	3	0
nasa-pdf-0006	nasa	pdf	10-50MiB	table	v	3	0
nasa-pdf-0006	nasa	pdf	10-50MiB	table	a0	3	0
nasa-pdf-0006	nasa	pdf	10-50MiB	table	a1	3	0
nasa-pdf-0006	nasa	pdf	10-50MiB	resource	v	3	0
nasa-pdf-0006	nasa	pdf	10-50MiB	resource	a0	3	0
nasa-pdf-0006	nasa	pdf	10-50MiB	resource	a1	3	0
nasa-pdf-0006	nasa	pdf	10-50MiB	metadata	v	0	40
nasa-pdf-0006	nasa	pdf	10-50MiB	metadata	a0	0	4
nasa-pdf-0006	nasa	pdf	10-50MiB	metadata	a1	0	1
nasa-pdf-0006	nasa	pdf	10-50MiB	text_repeat	v	0	6
nasa-pdf-0006	nasa	pdf	10-50MiB	text_repeat	a0	0	20
nasa-pdf-0006	nasa	pdf	10-50MiB	text_repeat	a1	0	6
nasa-pdf-0006	nasa	pdf	10-50MiB	exact	v	0	155
nasa-pdf-0006	nasa	pdf	10-50MiB	exact	a1	0	9
nasa-pdf-0006	nasa	pdf	10-50MiB	exact	a0	0	4
nasa-pdf-0007	nasa	pdf	1-10MiB	text_once	v	0	85
nasa-pdf-0007	nasa	pdf	1-10MiB	text_once	a0	0	4
nasa-pdf-0007	nasa	pdf	1-10MiB	text_once	a1	0	1
nasa-pdf-0007	nasa	pdf	1-10MiB	heading	v	3	0
nasa-pdf-0007	nasa	pdf	1-10MiB	heading	a0	3	0
nasa-pdf-0007	nasa	pdf	1-10MiB	heading	a1	3	0
nasa-pdf-0007	nasa	pdf	1-10MiB	table	v	3	0
nasa-pdf-0007	nasa	pdf	1-10MiB	table	a0	3	0
nasa-pdf-0007	nasa	pdf	1-10MiB	table	a1	3	0
nasa-pdf-0007	nasa	pdf	1-10MiB	resource	v	3	0
nasa-pdf-0007	nasa	pdf	1-10MiB	resource	a0	3	0
nasa-pdf-0007	nasa	pdf	1-10MiB	resource	a1	3	0
nasa-pdf-0007	nasa	pdf	1-10MiB	metadata	v	0	21
nasa-pdf-0007	nasa	pdf	1-10MiB	metadata	a0	0	4
nasa-pdf-0007	nasa	pdf	1-10MiB	metadata	a1	0	1
nasa-pdf-0007	nasa	pdf	1-10MiB	text_repeat	v	0	6
nasa-pdf-0007	nasa	pdf	1-10MiB	text_repeat	a0	0	18
nasa-pdf-0007	nasa	pdf	1-10MiB	text_repeat	a1	0	6
nasa-pdf-0007	nasa	pdf	1-10MiB	exact	v	0	83
nasa-pdf-0007	nasa	pdf	1-10MiB	exact	a1	0	6
nasa-pdf-0007	nasa	pdf	1-10MiB	exact	a0	0	2
nasa-pdf-0008	nasa	pdf	1-10MiB	text_once	v	0	14
nasa-pdf-0008	nasa	pdf	1-10MiB	text_once	a0	0	5
nasa-pdf-0008	nasa	pdf	1-10MiB	text_once	a1	0	2
nasa-pdf-0008	nasa	pdf	1-10MiB	heading	v	3	0
nasa-pdf-0008	nasa	pdf	1-10MiB	heading	a0	3	0
nasa-pdf-0008	nasa	pdf	1-10MiB	heading	a1	3	0
nasa-pdf-0008	nasa	pdf	1-10MiB	table	v	3	0
nasa-pdf-0008	nasa	pdf	1-10MiB	table	a0	3	0
nasa-pdf-0008	nasa	pdf	1-10MiB	table	a1	3	0
nasa-pdf-0008	nasa	pdf	1-10MiB	resource	v	3	0
nasa-pdf-0008	nasa	pdf	1-10MiB	resource	a0	3	0
nasa-pdf-0008	nasa	pdf	1-10MiB	resource	a1	3	0
nasa-pdf-0008	nasa	pdf	1-10MiB	metadata	v	0	11
nasa-pdf-0008	nasa	pdf	1-10MiB	metadata	a0	0	4
nasa-pdf-0008	nasa	pdf	1-10MiB	metadata	a1	0	2
nasa-pdf-0008	nasa	pdf	1-10MiB	text_repeat	v	0	6
nasa-pdf-0008	nasa	pdf	1-10MiB	text_repeat	a0	0	21
nasa-pdf-0008	nasa	pdf	1-10MiB	text_repeat	a1	0	6
nasa-pdf-0008	nasa	pdf	1-10MiB	exact	v	0	58
nasa-pdf-0008	nasa	pdf	1-10MiB	exact	a1	0	4
nasa-pdf-0008	nasa	pdf	1-10MiB	exact	a0	0	2
nasa-pdf-0009	nasa	pdf	1-10MiB	text_once	v	0	14
nasa-pdf-0009	nasa	pdf	1-10MiB	text_once	a0	0	5
nasa-pdf-0009	nasa	pdf	1-10MiB	text_once	a1	0	2
nasa-pdf-0009	nasa	pdf	1-10MiB	heading	v	3	0
nasa-pdf-0009	nasa	pdf	1-10MiB	heading	a0	3	0
nasa-pdf-0009	nasa	pdf	1-10MiB	heading	a1	3	0
nasa-pdf-0009	nasa	pdf	1-10MiB	table	v	3	0
nasa-pdf-0009	nasa	pdf	1-10MiB	table	a0	3	0
nasa-pdf-0009	nasa	pdf	1-10MiB	table	a1	3	0
nasa-pdf-0009	nasa	pdf	1-10MiB	resource	v	3	0
nasa-pdf-0009	nasa	pdf	1-10MiB	resource	a0	3	0
nasa-pdf-0009	nasa	pdf	1-10MiB	resource	a1	3	0
nasa-pdf-0009	nasa	pdf	1-10MiB	metadata	v	0	8
nasa-pdf-0009	nasa	pdf	1-10MiB	metadata	a0	0	3
nasa-pdf-0009	nasa	pdf	1-10MiB	metadata	a1	0	1
nasa-pdf-0009	nasa	pdf	1-10MiB	text_repeat	v	0	6
nasa-pdf-0009	nasa	pdf	1-10MiB	text_repeat	a0	0	16
nasa-pdf-0009	nasa	pdf	1-10MiB	text_repeat	a1	0	7
nasa-pdf-0009	nasa	pdf	1-10MiB	exact	v	0	28
nasa-pdf-0009	nasa	pdf	1-10MiB	exact	a1	0	3
nasa-pdf-0009	nasa	pdf	1-10MiB	exact	a0	0	1
nasa-pdf-0010	nasa	pdf	1-10MiB	text_once	v	0	13
nasa-pdf-0010	nasa	pdf	1-10MiB	text_once	a0	0	4
nasa-pdf-0010	nasa	pdf	1-10MiB	text_once	a1	0	2
nasa-pdf-0010	nasa	pdf	1-10MiB	heading	v	3	0
nasa-pdf-0010	nasa	pdf	1-10MiB	heading	a0	3	0
nasa-pdf-0010	nasa	pdf	1-10MiB	heading	a1	3	0
nasa-pdf-0010	nasa	pdf	1-10MiB	table	v	3	0
nasa-pdf-0010	nasa	pdf	1-10MiB	table	a0	3	0
nasa-pdf-0010	nasa	pdf	1-10MiB	table	a1	3	0
nasa-pdf-0010	nasa	pdf	1-10MiB	resource	v	3	0
nasa-pdf-0010	nasa	pdf	1-10MiB	resource	a0	3	0
nasa-pdf-0010	nasa	pdf	1-10MiB	resource	a1	3	0
nasa-pdf-0010	nasa	pdf	1-10MiB	metadata	v	0	6
nasa-pdf-0010	nasa	pdf	1-10MiB	metadata	a0	0	4
nasa-pdf-0010	nasa	pdf	1-10MiB	metadata	a1	0	2
nasa-pdf-0010	nasa	pdf	1-10MiB	text_repeat	v	0	6
nasa-pdf-0010	nasa	pdf	1-10MiB	text_repeat	a0	0	19
nasa-pdf-0010	nasa	pdf	1-10MiB	text_repeat	a1	0	7
nasa-pdf-0010	nasa	pdf	1-10MiB	exact	v	0	25
nasa-pdf-0010	nasa	pdf	1-10MiB	exact	a1	0	3
nasa-pdf-0010	nasa	pdf	1-10MiB	exact	a0	0	1
nasa-pdf-0011	nasa	pdf	1-10MiB	text_once	v	0	13
nasa-pdf-0011	nasa	pdf	1-10MiB	text_once	a0	0	4
nasa-pdf-0011	nasa	pdf	1-10MiB	text_once	a1	0	2
nasa-pdf-0011	nasa	pdf	1-10MiB	heading	v	3	0
nasa-pdf-0011	nasa	pdf	1-10MiB	heading	a0	3	0
nasa-pdf-0011	nasa	pdf	1-10MiB	heading	a1	3	0
nasa-pdf-0011	nasa	pdf	1-10MiB	table	v	3	0
nasa-pdf-0011	nasa	pdf	1-10MiB	table	a0	3	0
nasa-pdf-0011	nasa	pdf	1-10MiB	table	a1	3	0
nasa-pdf-0011	nasa	pdf	1-10MiB	resource	v	3	0
nasa-pdf-0011	nasa	pdf	1-10MiB	resource	a0	3	0
nasa-pdf-0011	nasa	pdf	1-10MiB	resource	a1	3	0
nasa-pdf-0011	nasa	pdf	1-10MiB	metadata	v	0	7
nasa-pdf-0011	nasa	pdf	1-10MiB	metadata	a0	0	4
nasa-pdf-0011	nasa	pdf	1-10MiB	metadata	a1	0	1
nasa-pdf-0011	nasa	pdf	1-10MiB	text_repeat	v	0	7
nasa-pdf-0011	nasa	pdf	1-10MiB	text_repeat	a0	0	17
nasa-pdf-0011	nasa	pdf	1-10MiB	text_repeat	a1	0	7
nasa-pdf-0011	nasa	pdf	1-10MiB	exact	v	0	23
nasa-pdf-0011	nasa	pdf	1-10MiB	exact	a1	0	3
nasa-pdf-0011	nasa	pdf	1-10MiB	exact	a0	0	1
nasa-pdf-0012	nasa	pdf	50-100MiB	text_once	v	0	15
nasa-pdf-0012	nasa	pdf	50-100MiB	text_once	a0	0	8
nasa-pdf-0012	nasa	pdf	50-100MiB	text_once	a1	0	1
nasa-pdf-0012	nasa	pdf	50-100MiB	heading	v	3	0
nasa-pdf-0012	nasa	pdf	50-100MiB	heading	a0	3	0
nasa-pdf-0012	nasa	pdf	50-100MiB	heading	a1	3	0
nasa-pdf-0012	nasa	pdf	50-100MiB	table	v	3	0
nasa-pdf-0012	nasa	pdf	50-100MiB	table	a0	3	0
nasa-pdf-0012	nasa	pdf	50-100MiB	table	a1	3	0
nasa-pdf-0012	nasa	pdf	50-100MiB	resource	v	3	0
nasa-pdf-0012	nasa	pdf	50-100MiB	resource	a0	3	0
nasa-pdf-0012	nasa	pdf	50-100MiB	resource	a1	3	0
nasa-pdf-0012	nasa	pdf	50-100MiB	metadata	v	0	143
nasa-pdf-0012	nasa	pdf	50-100MiB	metadata	a0	0	9
nasa-pdf-0012	nasa	pdf	50-100MiB	metadata	a1	0	2
nasa-pdf-0012	nasa	pdf	50-100MiB	text_repeat	v	0	8
nasa-pdf-0012	nasa	pdf	50-100MiB	text_repeat	a0	0	40
nasa-pdf-0012	nasa	pdf	50-100MiB	text_repeat	a1	0	6
nasa-pdf-0012	nasa	pdf	50-100MiB	exact	v	0	617
nasa-pdf-0012	nasa	pdf	50-100MiB	exact	a1	0	33
nasa-pdf-0012	nasa	pdf	50-100MiB	exact	a0	0	18
nasa-pdf-0013	nasa	pdf	50-100MiB	text_once	v	0	594
nasa-pdf-0013	nasa	pdf	50-100MiB	text_once	a0	0	4
nasa-pdf-0013	nasa	pdf	50-100MiB	text_once	a1	0	1
nasa-pdf-0013	nasa	pdf	50-100MiB	heading	v	3	0
nasa-pdf-0013	nasa	pdf	50-100MiB	heading	a0	3	0
nasa-pdf-0013	nasa	pdf	50-100MiB	heading	a1	3	0
nasa-pdf-0013	nasa	pdf	50-100MiB	table	v	3	0
nasa-pdf-0013	nasa	pdf	50-100MiB	table	a0	3	0
nasa-pdf-0013	nasa	pdf	50-100MiB	table	a1	3	0
nasa-pdf-0013	nasa	pdf	50-100MiB	resource	v	3	0
nasa-pdf-0013	nasa	pdf	50-100MiB	resource	a0	3	0
nasa-pdf-0013	nasa	pdf	50-100MiB	resource	a1	3	0
nasa-pdf-0013	nasa	pdf	50-100MiB	metadata	v	0	161
nasa-pdf-0013	nasa	pdf	50-100MiB	metadata	a0	0	4
nasa-pdf-0013	nasa	pdf	50-100MiB	metadata	a1	0	1
nasa-pdf-0013	nasa	pdf	50-100MiB	text_repeat	v	0	8
nasa-pdf-0013	nasa	pdf	50-100MiB	text_repeat	a0	0	21
nasa-pdf-0013	nasa	pdf	50-100MiB	text_repeat	a1	0	7
nasa-pdf-0013	nasa	pdf	50-100MiB	exact	v	0	700
nasa-pdf-0013	nasa	pdf	50-100MiB	exact	a1	0	31
nasa-pdf-0013	nasa	pdf	50-100MiB	exact	a0	0	19
nasa-pdf-0014	nasa	pdf	50-100MiB	text_once	v	0	18
nasa-pdf-0014	nasa	pdf	50-100MiB	text_once	a0	0	15
nasa-pdf-0014	nasa	pdf	50-100MiB	text_once	a1	0	1
nasa-pdf-0014	nasa	pdf	50-100MiB	heading	v	3	0
nasa-pdf-0014	nasa	pdf	50-100MiB	heading	a0	3	0
nasa-pdf-0014	nasa	pdf	50-100MiB	heading	a1	3	0
nasa-pdf-0014	nasa	pdf	50-100MiB	table	v	3	0
nasa-pdf-0014	nasa	pdf	50-100MiB	table	a0	3	0
nasa-pdf-0014	nasa	pdf	50-100MiB	table	a1	3	0
nasa-pdf-0014	nasa	pdf	50-100MiB	resource	v	3	0
nasa-pdf-0014	nasa	pdf	50-100MiB	resource	a0	3	0
nasa-pdf-0014	nasa	pdf	50-100MiB	resource	a1	3	0
nasa-pdf-0014	nasa	pdf	50-100MiB	metadata	v	0	122
nasa-pdf-0014	nasa	pdf	50-100MiB	metadata	a0	0	16
nasa-pdf-0014	nasa	pdf	50-100MiB	metadata	a1	0	2
nasa-pdf-0014	nasa	pdf	50-100MiB	text_repeat	v	0	7
nasa-pdf-0014	nasa	pdf	50-100MiB	text_repeat	a0	0	73
nasa-pdf-0014	nasa	pdf	50-100MiB	text_repeat	a1	0	7
nasa-pdf-0014	nasa	pdf	50-100MiB	exact	v	0	542
nasa-pdf-0014	nasa	pdf	50-100MiB	exact	a1	0	24
nasa-pdf-0014	nasa	pdf	50-100MiB	exact	a0	0	12
nasa-pdf-0015	nasa	pdf	10-50MiB	text_once	v	0	298
nasa-pdf-0015	nasa	pdf	10-50MiB	text_once	a0	0	4
nasa-pdf-0015	nasa	pdf	10-50MiB	text_once	a1	0	1
nasa-pdf-0015	nasa	pdf	10-50MiB	heading	v	3	0
nasa-pdf-0015	nasa	pdf	10-50MiB	heading	a0	3	0
nasa-pdf-0015	nasa	pdf	10-50MiB	heading	a1	3	0
nasa-pdf-0015	nasa	pdf	10-50MiB	table	v	3	0
nasa-pdf-0015	nasa	pdf	10-50MiB	table	a0	3	0
nasa-pdf-0015	nasa	pdf	10-50MiB	table	a1	3	0
nasa-pdf-0015	nasa	pdf	10-50MiB	resource	v	3	0
nasa-pdf-0015	nasa	pdf	10-50MiB	resource	a0	3	0
nasa-pdf-0015	nasa	pdf	10-50MiB	resource	a1	3	0
nasa-pdf-0015	nasa	pdf	10-50MiB	metadata	v	0	77
nasa-pdf-0015	nasa	pdf	10-50MiB	metadata	a0	0	4
nasa-pdf-0015	nasa	pdf	10-50MiB	metadata	a1	0	1
nasa-pdf-0015	nasa	pdf	10-50MiB	text_repeat	v	0	5
nasa-pdf-0015	nasa	pdf	10-50MiB	text_repeat	a0	0	15
nasa-pdf-0015	nasa	pdf	10-50MiB	text_repeat	a1	0	5
nasa-pdf-0015	nasa	pdf	10-50MiB	exact	v	0	332
nasa-pdf-0015	nasa	pdf	10-50MiB	exact	a1	0	15
nasa-pdf-0015	nasa	pdf	10-50MiB	exact	a0	0	7
nasa-pdf-0016	nasa	pdf	10-50MiB	text_once	v	0	229
nasa-pdf-0016	nasa	pdf	10-50MiB	text_once	a0	0	9
nasa-pdf-0016	nasa	pdf	10-50MiB	text_once	a1	0	2
nasa-pdf-0016	nasa	pdf	10-50MiB	heading	v	3	0
nasa-pdf-0016	nasa	pdf	10-50MiB	heading	a0	3	0
nasa-pdf-0016	nasa	pdf	10-50MiB	heading	a1	3	0
nasa-pdf-0016	nasa	pdf	10-50MiB	table	v	3	0
nasa-pdf-0016	nasa	pdf	10-50MiB	table	a0	3	0
nasa-pdf-0016	nasa	pdf	10-50MiB	table	a1	3	0
nasa-pdf-0016	nasa	pdf	10-50MiB	resource	v	3	0
nasa-pdf-0016	nasa	pdf	10-50MiB	resource	a0	3	0
nasa-pdf-0016	nasa	pdf	10-50MiB	resource	a1	3	0
nasa-pdf-0016	nasa	pdf	10-50MiB	metadata	v	0	41
nasa-pdf-0016	nasa	pdf	10-50MiB	metadata	a0	0	8
nasa-pdf-0016	nasa	pdf	10-50MiB	metadata	a1	0	2
nasa-pdf-0016	nasa	pdf	10-50MiB	text_repeat	v	0	7
nasa-pdf-0016	nasa	pdf	10-50MiB	text_repeat	a0	0	81
nasa-pdf-0016	nasa	pdf	10-50MiB	text_repeat	a1	0	11
nasa-pdf-0016	nasa	pdf	10-50MiB	exact	v	0	398
nasa-pdf-0016	nasa	pdf	10-50MiB	exact	a1	0	939
nasa-pdf-0016	nasa	pdf	10-50MiB	exact	a0	0	4
nasa-pdf-0017	nasa	pdf	10-50MiB	text_once	v	0	14
nasa-pdf-0017	nasa	pdf	10-50MiB	text_once	a0	0	6
nasa-pdf-0017	nasa	pdf	10-50MiB	text_once	a1	0	2
nasa-pdf-0017	nasa	pdf	10-50MiB	heading	v	3	0
nasa-pdf-0017	nasa	pdf	10-50MiB	heading	a0	3	0
nasa-pdf-0017	nasa	pdf	10-50MiB	heading	a1	3	0
nasa-pdf-0017	nasa	pdf	10-50MiB	table	v	3	0
nasa-pdf-0017	nasa	pdf	10-50MiB	table	a0	3	0
nasa-pdf-0017	nasa	pdf	10-50MiB	table	a1	3	0
nasa-pdf-0017	nasa	pdf	10-50MiB	resource	v	3	0
nasa-pdf-0017	nasa	pdf	10-50MiB	resource	a0	3	0
nasa-pdf-0017	nasa	pdf	10-50MiB	resource	a1	3	0
nasa-pdf-0017	nasa	pdf	10-50MiB	metadata	v	0	29
nasa-pdf-0017	nasa	pdf	10-50MiB	metadata	a0	0	6
nasa-pdf-0017	nasa	pdf	10-50MiB	metadata	a1	0	2
nasa-pdf-0017	nasa	pdf	10-50MiB	text_repeat	v	0	6
nasa-pdf-0017	nasa	pdf	10-50MiB	text_repeat	a0	0	24
nasa-pdf-0017	nasa	pdf	10-50MiB	text_repeat	a1	0	5
nasa-pdf-0017	nasa	pdf	10-50MiB	exact	v	0	135
nasa-pdf-0017	nasa	pdf	10-50MiB	exact	a1	0	24
nasa-pdf-0017	nasa	pdf	10-50MiB	exact	a0	0	11
nasa-pdf-0018	nasa	pdf	1-10MiB	text_once	v	0	14
nasa-pdf-0018	nasa	pdf	1-10MiB	text_once	a0	0	4
nasa-pdf-0018	nasa	pdf	1-10MiB	text_once	a1	0	1
nasa-pdf-0018	nasa	pdf	1-10MiB	heading	v	3	0
nasa-pdf-0018	nasa	pdf	1-10MiB	heading	a0	3	0
nasa-pdf-0018	nasa	pdf	1-10MiB	heading	a1	3	0
nasa-pdf-0018	nasa	pdf	1-10MiB	table	v	3	0
nasa-pdf-0018	nasa	pdf	1-10MiB	table	a0	3	0
nasa-pdf-0018	nasa	pdf	1-10MiB	table	a1	3	0
nasa-pdf-0018	nasa	pdf	1-10MiB	resource	v	3	0
nasa-pdf-0018	nasa	pdf	1-10MiB	resource	a0	3	0
nasa-pdf-0018	nasa	pdf	1-10MiB	resource	a1	3	0
nasa-pdf-0018	nasa	pdf	1-10MiB	metadata	v	0	10
nasa-pdf-0018	nasa	pdf	1-10MiB	metadata	a0	0	3
nasa-pdf-0018	nasa	pdf	1-10MiB	metadata	a1	0	1
nasa-pdf-0018	nasa	pdf	1-10MiB	text_repeat	v	0	6
nasa-pdf-0018	nasa	pdf	1-10MiB	text_repeat	a0	0	17
nasa-pdf-0018	nasa	pdf	1-10MiB	text_repeat	a1	0	6
nasa-pdf-0018	nasa	pdf	1-10MiB	exact	v	0	44
nasa-pdf-0018	nasa	pdf	1-10MiB	exact	a1	0	3
nasa-pdf-0018	nasa	pdf	1-10MiB	exact	a0	0	2
nasa-pdf-0019	nasa	pdf	50-100MiB	text_once	v	0	15
nasa-pdf-0019	nasa	pdf	50-100MiB	text_once	a0	0	6
nasa-pdf-0019	nasa	pdf	50-100MiB	text_once	a1	0	2
nasa-pdf-0019	nasa	pdf	50-100MiB	heading	v	3	0
nasa-pdf-0019	nasa	pdf	50-100MiB	heading	a0	3	0
nasa-pdf-0019	nasa	pdf	50-100MiB	heading	a1	3	0
nasa-pdf-0019	nasa	pdf	50-100MiB	table	v	3	0
nasa-pdf-0019	nasa	pdf	50-100MiB	table	a0	3	0
nasa-pdf-0019	nasa	pdf	50-100MiB	table	a1	3	0
nasa-pdf-0019	nasa	pdf	50-100MiB	resource	v	3	0
nasa-pdf-0019	nasa	pdf	50-100MiB	resource	a0	3	0
nasa-pdf-0019	nasa	pdf	50-100MiB	resource	a1	3	0
nasa-pdf-0019	nasa	pdf	50-100MiB	metadata	v	0	181
nasa-pdf-0019	nasa	pdf	50-100MiB	metadata	a0	0	6
nasa-pdf-0019	nasa	pdf	50-100MiB	metadata	a1	0	1
nasa-pdf-0019	nasa	pdf	50-100MiB	text_repeat	v	0	5
nasa-pdf-0019	nasa	pdf	50-100MiB	text_repeat	a0	0	22
nasa-pdf-0019	nasa	pdf	50-100MiB	text_repeat	a1	0	6
nasa-pdf-0019	nasa	pdf	50-100MiB	exact	v	0	280
nasa-pdf-0019	nasa	pdf	50-100MiB	exact	a1	0	32
nasa-pdf-0019	nasa	pdf	50-100MiB	exact	a0	0	18
nasa-pdf-0020	nasa	pdf	>100MiB	text_once	v	0	20
nasa-pdf-0020	nasa	pdf	>100MiB	text_once	a0	0	6
nasa-pdf-0020	nasa	pdf	>100MiB	text_once	a1	0	2
nasa-pdf-0020	nasa	pdf	>100MiB	heading	v	3	0
nasa-pdf-0020	nasa	pdf	>100MiB	heading	a0	3	0
nasa-pdf-0020	nasa	pdf	>100MiB	heading	a1	3	0
nasa-pdf-0020	nasa	pdf	>100MiB	table	v	3	0
nasa-pdf-0020	nasa	pdf	>100MiB	table	a0	3	0
nasa-pdf-0020	nasa	pdf	>100MiB	table	a1	3	0
nasa-pdf-0020	nasa	pdf	>100MiB	resource	v	3	0
nasa-pdf-0020	nasa	pdf	>100MiB	resource	a0	3	0
nasa-pdf-0020	nasa	pdf	>100MiB	resource	a1	3	0
nasa-pdf-0020	nasa	pdf	>100MiB	metadata	v	0	393
nasa-pdf-0020	nasa	pdf	>100MiB	metadata	a0	0	5
nasa-pdf-0020	nasa	pdf	>100MiB	metadata	a1	0	1
nasa-pdf-0020	nasa	pdf	>100MiB	text_repeat	v	0	7
nasa-pdf-0020	nasa	pdf	>100MiB	text_repeat	a0	0	21
nasa-pdf-0020	nasa	pdf	>100MiB	text_repeat	a1	0	7
nasa-pdf-0020	nasa	pdf	>100MiB	exact	v	0	634
nasa-pdf-0020	nasa	pdf	>100MiB	exact	a1	0	60
nasa-pdf-0020	nasa	pdf	>100MiB	exact	a0	0	60
nasa-pdf-0021	nasa	pdf	10-50MiB	text_once	v	0	238
nasa-pdf-0021	nasa	pdf	10-50MiB	text_once	a0	0	5
nasa-pdf-0021	nasa	pdf	10-50MiB	text_once	a1	0	2
nasa-pdf-0021	nasa	pdf	10-50MiB	heading	v	3	0
nasa-pdf-0021	nasa	pdf	10-50MiB	heading	a0	3	0
nasa-pdf-0021	nasa	pdf	10-50MiB	heading	a1	3	0
nasa-pdf-0021	nasa	pdf	10-50MiB	table	v	3	0
nasa-pdf-0021	nasa	pdf	10-50MiB	table	a0	3	0
nasa-pdf-0021	nasa	pdf	10-50MiB	table	a1	3	0
nasa-pdf-0021	nasa	pdf	10-50MiB	resource	v	3	0
nasa-pdf-0021	nasa	pdf	10-50MiB	resource	a0	3	0
nasa-pdf-0021	nasa	pdf	10-50MiB	resource	a1	3	0
nasa-pdf-0021	nasa	pdf	10-50MiB	metadata	v	0	68
nasa-pdf-0021	nasa	pdf	10-50MiB	metadata	a0	0	4
nasa-pdf-0021	nasa	pdf	10-50MiB	metadata	a1	0	2
nasa-pdf-0021	nasa	pdf	10-50MiB	text_repeat	v	0	5
nasa-pdf-0021	nasa	pdf	10-50MiB	text_repeat	a0	0	17
nasa-pdf-0021	nasa	pdf	10-50MiB	text_repeat	a1	0	5
nasa-pdf-0021	nasa	pdf	10-50MiB	exact	v	0	273
nasa-pdf-0021	nasa	pdf	10-50MiB	exact	a1	0	13
nasa-pdf-0021	nasa	pdf	10-50MiB	exact	a0	0	7
nasa-pdf-0022	nasa	pdf	10-50MiB	text_once	v	0	14
nasa-pdf-0022	nasa	pdf	10-50MiB	text_once	a0	0	5
nasa-pdf-0022	nasa	pdf	10-50MiB	text_once	a1	0	2
nasa-pdf-0022	nasa	pdf	10-50MiB	heading	v	3	0
nasa-pdf-0022	nasa	pdf	10-50MiB	heading	a0	3	0
nasa-pdf-0022	nasa	pdf	10-50MiB	heading	a1	3	0
nasa-pdf-0022	nasa	pdf	10-50MiB	table	v	3	0
nasa-pdf-0022	nasa	pdf	10-50MiB	table	a0	3	0
nasa-pdf-0022	nasa	pdf	10-50MiB	table	a1	3	0
nasa-pdf-0022	nasa	pdf	10-50MiB	resource	v	3	0
nasa-pdf-0022	nasa	pdf	10-50MiB	resource	a0	3	0
nasa-pdf-0022	nasa	pdf	10-50MiB	resource	a1	3	0
nasa-pdf-0022	nasa	pdf	10-50MiB	metadata	v	0	35
nasa-pdf-0022	nasa	pdf	10-50MiB	metadata	a0	0	5
nasa-pdf-0022	nasa	pdf	10-50MiB	metadata	a1	0	1
nasa-pdf-0022	nasa	pdf	10-50MiB	text_repeat	v	0	7
nasa-pdf-0022	nasa	pdf	10-50MiB	text_repeat	a0	0	22
nasa-pdf-0022	nasa	pdf	10-50MiB	text_repeat	a1	0	7
nasa-pdf-0022	nasa	pdf	10-50MiB	exact	v	0	159
nasa-pdf-0022	nasa	pdf	10-50MiB	exact	a1	0	8
nasa-pdf-0022	nasa	pdf	10-50MiB	exact	a0	0	3
nasa-pdf-0023	nasa	pdf	1-10MiB	text_once	v	0	18
nasa-pdf-0023	nasa	pdf	1-10MiB	text_once	a0	0	5
nasa-pdf-0023	nasa	pdf	1-10MiB	text_once	a1	0	1
nasa-pdf-0023	nasa	pdf	1-10MiB	heading	v	3	0
nasa-pdf-0023	nasa	pdf	1-10MiB	heading	a0	3	0
nasa-pdf-0023	nasa	pdf	1-10MiB	heading	a1	3	0
nasa-pdf-0023	nasa	pdf	1-10MiB	table	v	3	0
nasa-pdf-0023	nasa	pdf	1-10MiB	table	a0	3	0
nasa-pdf-0023	nasa	pdf	1-10MiB	table	a1	3	0
nasa-pdf-0023	nasa	pdf	1-10MiB	resource	v	3	0
nasa-pdf-0023	nasa	pdf	1-10MiB	resource	a0	3	0
nasa-pdf-0023	nasa	pdf	1-10MiB	resource	a1	3	0
nasa-pdf-0023	nasa	pdf	1-10MiB	metadata	v	0	15
nasa-pdf-0023	nasa	pdf	1-10MiB	metadata	a0	0	4
nasa-pdf-0023	nasa	pdf	1-10MiB	metadata	a1	0	2
nasa-pdf-0023	nasa	pdf	1-10MiB	text_repeat	v	0	6
nasa-pdf-0023	nasa	pdf	1-10MiB	text_repeat	a0	0	16
nasa-pdf-0023	nasa	pdf	1-10MiB	text_repeat	a1	0	6
nasa-pdf-0023	nasa	pdf	1-10MiB	exact	v	0	65
nasa-pdf-0023	nasa	pdf	1-10MiB	exact	a1	0	5
nasa-pdf-0023	nasa	pdf	1-10MiB	exact	a0	0	1
nasa-pdf-0024	nasa	pdf	>100MiB	text_once	v	0	1067
nasa-pdf-0024	nasa	pdf	>100MiB	text_once	a0	0	12
nasa-pdf-0024	nasa	pdf	>100MiB	text_once	a1	0	1
nasa-pdf-0024	nasa	pdf	>100MiB	heading	v	3	0
nasa-pdf-0024	nasa	pdf	>100MiB	heading	a0	3	0
nasa-pdf-0024	nasa	pdf	>100MiB	heading	a1	3	0
nasa-pdf-0024	nasa	pdf	>100MiB	table	v	3	0
nasa-pdf-0024	nasa	pdf	>100MiB	table	a0	3	0
nasa-pdf-0024	nasa	pdf	>100MiB	table	a1	3	0
nasa-pdf-0024	nasa	pdf	>100MiB	resource	v	3	0
nasa-pdf-0024	nasa	pdf	>100MiB	resource	a0	3	0
nasa-pdf-0024	nasa	pdf	>100MiB	resource	a1	3	0
nasa-pdf-0024	nasa	pdf	>100MiB	metadata	v	0	320
nasa-pdf-0024	nasa	pdf	>100MiB	metadata	a0	0	12
nasa-pdf-0024	nasa	pdf	>100MiB	metadata	a1	0	1
nasa-pdf-0024	nasa	pdf	>100MiB	text_repeat	v	0	6
nasa-pdf-0024	nasa	pdf	>100MiB	text_repeat	a0	0	57
nasa-pdf-0024	nasa	pdf	>100MiB	text_repeat	a1	0	5
nasa-pdf-0024	nasa	pdf	>100MiB	exact	v	0	1272
nasa-pdf-0024	nasa	pdf	>100MiB	exact	a1	0	54
nasa-pdf-0024	nasa	pdf	>100MiB	exact	a0	0	46
nasa-pdf-0025	nasa	pdf	50-100MiB	text_once	v	0	14
nasa-pdf-0025	nasa	pdf	50-100MiB	text_once	a0	0	5
nasa-pdf-0025	nasa	pdf	50-100MiB	text_once	a1	0	1
nasa-pdf-0025	nasa	pdf	50-100MiB	heading	v	3	0
nasa-pdf-0025	nasa	pdf	50-100MiB	heading	a0	3	0
nasa-pdf-0025	nasa	pdf	50-100MiB	heading	a1	3	0
nasa-pdf-0025	nasa	pdf	50-100MiB	table	v	3	0
nasa-pdf-0025	nasa	pdf	50-100MiB	table	a0	3	0
nasa-pdf-0025	nasa	pdf	50-100MiB	table	a1	3	0
nasa-pdf-0025	nasa	pdf	50-100MiB	resource	v	3	0
nasa-pdf-0025	nasa	pdf	50-100MiB	resource	a0	3	0
nasa-pdf-0025	nasa	pdf	50-100MiB	resource	a1	3	0
nasa-pdf-0025	nasa	pdf	50-100MiB	metadata	v	0	120
nasa-pdf-0025	nasa	pdf	50-100MiB	metadata	a0	0	6
nasa-pdf-0025	nasa	pdf	50-100MiB	metadata	a1	0	1
nasa-pdf-0025	nasa	pdf	50-100MiB	text_repeat	v	0	5
nasa-pdf-0025	nasa	pdf	50-100MiB	text_repeat	a0	0	24
nasa-pdf-0025	nasa	pdf	50-100MiB	text_repeat	a1	0	5
nasa-pdf-0025	nasa	pdf	50-100MiB	exact	v	0	616
nasa-pdf-0025	nasa	pdf	50-100MiB	exact	a1	0	23
nasa-pdf-0025	nasa	pdf	50-100MiB	exact	a0	0	13
nasa-pdf-0026	nasa	pdf	10-50MiB	text_once	v	0	164
nasa-pdf-0026	nasa	pdf	10-50MiB	text_once	a0	0	4
nasa-pdf-0026	nasa	pdf	10-50MiB	text_once	a1	0	1
nasa-pdf-0026	nasa	pdf	10-50MiB	heading	v	3	0
nasa-pdf-0026	nasa	pdf	10-50MiB	heading	a0	3	0
nasa-pdf-0026	nasa	pdf	10-50MiB	heading	a1	3	0
nasa-pdf-0026	nasa	pdf	10-50MiB	table	v	3	0
nasa-pdf-0026	nasa	pdf	10-50MiB	table	a0	3	0
nasa-pdf-0026	nasa	pdf	10-50MiB	table	a1	3	0
nasa-pdf-0026	nasa	pdf	10-50MiB	resource	v	3	0
nasa-pdf-0026	nasa	pdf	10-50MiB	resource	a0	3	0
nasa-pdf-0026	nasa	pdf	10-50MiB	resource	a1	3	0
nasa-pdf-0026	nasa	pdf	10-50MiB	metadata	v	0	41
nasa-pdf-0026	nasa	pdf	10-50MiB	metadata	a0	0	4
nasa-pdf-0026	nasa	pdf	10-50MiB	metadata	a1	0	1
nasa-pdf-0026	nasa	pdf	10-50MiB	text_repeat	v	0	6
nasa-pdf-0026	nasa	pdf	10-50MiB	text_repeat	a0	0	16
nasa-pdf-0026	nasa	pdf	10-50MiB	text_repeat	a1	0	6
nasa-pdf-0026	nasa	pdf	10-50MiB	exact	v	0	174
nasa-pdf-0026	nasa	pdf	10-50MiB	exact	a1	0	8
nasa-pdf-0026	nasa	pdf	10-50MiB	exact	a0	0	4
nasa-pdf-0027	nasa	pdf	1-10MiB	text_once	v	0	80
nasa-pdf-0027	nasa	pdf	1-10MiB	text_once	a0	0	8
nasa-pdf-0027	nasa	pdf	1-10MiB	text_once	a1	0	1
nasa-pdf-0027	nasa	pdf	1-10MiB	heading	v	3	0
nasa-pdf-0027	nasa	pdf	1-10MiB	heading	a0	3	0
nasa-pdf-0027	nasa	pdf	1-10MiB	heading	a1	3	0
nasa-pdf-0027	nasa	pdf	1-10MiB	table	v	3	0
nasa-pdf-0027	nasa	pdf	1-10MiB	table	a0	3	0
nasa-pdf-0027	nasa	pdf	1-10MiB	table	a1	3	0
nasa-pdf-0027	nasa	pdf	1-10MiB	resource	v	3	0
nasa-pdf-0027	nasa	pdf	1-10MiB	resource	a0	3	0
nasa-pdf-0027	nasa	pdf	1-10MiB	resource	a1	3	0
nasa-pdf-0027	nasa	pdf	1-10MiB	metadata	v	0	17
nasa-pdf-0027	nasa	pdf	1-10MiB	metadata	a0	0	6
nasa-pdf-0027	nasa	pdf	1-10MiB	metadata	a1	0	2
nasa-pdf-0027	nasa	pdf	1-10MiB	text_repeat	v	0	5
nasa-pdf-0027	nasa	pdf	1-10MiB	text_repeat	a0	0	30
nasa-pdf-0027	nasa	pdf	1-10MiB	text_repeat	a1	0	6
nasa-pdf-0027	nasa	pdf	1-10MiB	exact	v	0	76
nasa-pdf-0027	nasa	pdf	1-10MiB	exact	a1	0	5
nasa-pdf-0027	nasa	pdf	1-10MiB	exact	a0	0	2
nasa-pdf-0028	nasa	pdf	100KiB-1MiB	text_once	v	0	20
nasa-pdf-0028	nasa	pdf	100KiB-1MiB	text_once	a0	0	4
nasa-pdf-0028	nasa	pdf	100KiB-1MiB	text_once	a1	0	1
nasa-pdf-0028	nasa	pdf	100KiB-1MiB	heading	v	3	0
nasa-pdf-0028	nasa	pdf	100KiB-1MiB	heading	a0	3	0
nasa-pdf-0028	nasa	pdf	100KiB-1MiB	heading	a1	3	0
nasa-pdf-0028	nasa	pdf	100KiB-1MiB	table	v	3	0
nasa-pdf-0028	nasa	pdf	100KiB-1MiB	table	a0	3	0
nasa-pdf-0028	nasa	pdf	100KiB-1MiB	table	a1	3	0
nasa-pdf-0028	nasa	pdf	100KiB-1MiB	resource	v	3	0
nasa-pdf-0028	nasa	pdf	100KiB-1MiB	resource	a0	3	0
nasa-pdf-0028	nasa	pdf	100KiB-1MiB	resource	a1	3	0
nasa-pdf-0028	nasa	pdf	100KiB-1MiB	metadata	v	0	3
nasa-pdf-0028	nasa	pdf	100KiB-1MiB	metadata	a0	0	3
nasa-pdf-0028	nasa	pdf	100KiB-1MiB	metadata	a1	0	2
nasa-pdf-0028	nasa	pdf	100KiB-1MiB	text_repeat	v	0	5
nasa-pdf-0028	nasa	pdf	100KiB-1MiB	text_repeat	a0	0	14
nasa-pdf-0028	nasa	pdf	100KiB-1MiB	text_repeat	a1	0	5
nasa-pdf-0028	nasa	pdf	100KiB-1MiB	exact	v	0	6
nasa-pdf-0028	nasa	pdf	100KiB-1MiB	exact	a1	0	1
nasa-pdf-0028	nasa	pdf	100KiB-1MiB	exact	a0	0	1
nasa-pdf-0029	nasa	pdf	50-100MiB	text_once	v	0	113
nasa-pdf-0029	nasa	pdf	50-100MiB	text_once	a0	0	5
nasa-pdf-0029	nasa	pdf	50-100MiB	text_once	a1	0	1
nasa-pdf-0029	nasa	pdf	50-100MiB	heading	v	3	0
nasa-pdf-0029	nasa	pdf	50-100MiB	heading	a0	3	0
nasa-pdf-0029	nasa	pdf	50-100MiB	heading	a1	3	0
nasa-pdf-0029	nasa	pdf	50-100MiB	table	v	3	0
nasa-pdf-0029	nasa	pdf	50-100MiB	table	a0	3	0
nasa-pdf-0029	nasa	pdf	50-100MiB	table	a1	3	0
nasa-pdf-0029	nasa	pdf	50-100MiB	resource	v	3	0
nasa-pdf-0029	nasa	pdf	50-100MiB	resource	a0	3	0
nasa-pdf-0029	nasa	pdf	50-100MiB	resource	a1	3	0
nasa-pdf-0029	nasa	pdf	50-100MiB	metadata	v	0	103
nasa-pdf-0029	nasa	pdf	50-100MiB	metadata	a0	0	5
nasa-pdf-0029	nasa	pdf	50-100MiB	metadata	a1	0	2
nasa-pdf-0029	nasa	pdf	50-100MiB	text_repeat	v	0	5
nasa-pdf-0029	nasa	pdf	50-100MiB	text_repeat	a0	0	23
nasa-pdf-0029	nasa	pdf	50-100MiB	text_repeat	a1	0	6
nasa-pdf-0029	nasa	pdf	50-100MiB	exact	v	0	176
nasa-pdf-0029	nasa	pdf	50-100MiB	exact	a1	0	17
nasa-pdf-0029	nasa	pdf	50-100MiB	exact	a0	0	11
nasa-pdf-0030	nasa	pdf	1-10MiB	text_once	v	0	35
nasa-pdf-0030	nasa	pdf	1-10MiB	text_once	a0	0	4
nasa-pdf-0030	nasa	pdf	1-10MiB	text_once	a1	0	2
nasa-pdf-0030	nasa	pdf	1-10MiB	heading	v	3	0
nasa-pdf-0030	nasa	pdf	1-10MiB	heading	a0	3	0
nasa-pdf-0030	nasa	pdf	1-10MiB	heading	a1	3	0
nasa-pdf-0030	nasa	pdf	1-10MiB	table	v	3	0
nasa-pdf-0030	nasa	pdf	1-10MiB	table	a0	3	0
nasa-pdf-0030	nasa	pdf	1-10MiB	table	a1	3	0
nasa-pdf-0030	nasa	pdf	1-10MiB	resource	v	3	0
nasa-pdf-0030	nasa	pdf	1-10MiB	resource	a0	3	0
nasa-pdf-0030	nasa	pdf	1-10MiB	resource	a1	3	0
nasa-pdf-0030	nasa	pdf	1-10MiB	metadata	v	0	20
nasa-pdf-0030	nasa	pdf	1-10MiB	metadata	a0	0	4
nasa-pdf-0030	nasa	pdf	1-10MiB	metadata	a1	0	1
nasa-pdf-0030	nasa	pdf	1-10MiB	text_repeat	v	0	6
nasa-pdf-0030	nasa	pdf	1-10MiB	text_repeat	a0	0	18
nasa-pdf-0030	nasa	pdf	1-10MiB	text_repeat	a1	0	6
nasa-pdf-0030	nasa	pdf	1-10MiB	exact	v	0	34
nasa-pdf-0030	nasa	pdf	1-10MiB	exact	a1	0	5
nasa-pdf-0030	nasa	pdf	1-10MiB	exact	a0	0	2
nist-pdf-0001	nist	pdf	100KiB-1MiB	text_once	v	0	20
nist-pdf-0001	nist	pdf	100KiB-1MiB	text_once	a0	0	5
nist-pdf-0001	nist	pdf	100KiB-1MiB	text_once	a1	0	1
nist-pdf-0001	nist	pdf	100KiB-1MiB	heading	v	3	0
nist-pdf-0001	nist	pdf	100KiB-1MiB	heading	a0	3	0
nist-pdf-0001	nist	pdf	100KiB-1MiB	heading	a1	3	0
nist-pdf-0001	nist	pdf	100KiB-1MiB	table	v	3	0
nist-pdf-0001	nist	pdf	100KiB-1MiB	table	a0	3	0
nist-pdf-0001	nist	pdf	100KiB-1MiB	table	a1	3	0
nist-pdf-0001	nist	pdf	100KiB-1MiB	resource	v	3	0
nist-pdf-0001	nist	pdf	100KiB-1MiB	resource	a0	3	0
nist-pdf-0001	nist	pdf	100KiB-1MiB	resource	a1	3	0
nist-pdf-0001	nist	pdf	100KiB-1MiB	metadata	v	0	3
nist-pdf-0001	nist	pdf	100KiB-1MiB	metadata	a0	0	4
nist-pdf-0001	nist	pdf	100KiB-1MiB	metadata	a1	0	1
nist-pdf-0001	nist	pdf	100KiB-1MiB	text_repeat	v	0	5
nist-pdf-0001	nist	pdf	100KiB-1MiB	text_repeat	a0	0	20
nist-pdf-0001	nist	pdf	100KiB-1MiB	text_repeat	a1	0	5
nist-pdf-0001	nist	pdf	100KiB-1MiB	exact	v	0	6
nist-pdf-0001	nist	pdf	100KiB-1MiB	exact	a1	0	1
nist-pdf-0001	nist	pdf	100KiB-1MiB	exact	a0	0	0
nist-pdf-0002	nist	pdf	100KiB-1MiB	text_once	v	0	18
nist-pdf-0002	nist	pdf	100KiB-1MiB	text_once	a0	0	4
nist-pdf-0002	nist	pdf	100KiB-1MiB	text_once	a1	0	2
nist-pdf-0002	nist	pdf	100KiB-1MiB	heading	v	3	0
nist-pdf-0002	nist	pdf	100KiB-1MiB	heading	a0	3	0
nist-pdf-0002	nist	pdf	100KiB-1MiB	heading	a1	3	0
nist-pdf-0002	nist	pdf	100KiB-1MiB	table	v	3	0
nist-pdf-0002	nist	pdf	100KiB-1MiB	table	a0	3	0
nist-pdf-0002	nist	pdf	100KiB-1MiB	table	a1	3	0
nist-pdf-0002	nist	pdf	100KiB-1MiB	resource	v	3	0
nist-pdf-0002	nist	pdf	100KiB-1MiB	resource	a0	3	0
nist-pdf-0002	nist	pdf	100KiB-1MiB	resource	a1	3	0
nist-pdf-0002	nist	pdf	100KiB-1MiB	metadata	v	0	2
nist-pdf-0002	nist	pdf	100KiB-1MiB	metadata	a0	0	4
nist-pdf-0002	nist	pdf	100KiB-1MiB	metadata	a1	0	1
nist-pdf-0002	nist	pdf	100KiB-1MiB	text_repeat	v	0	6
nist-pdf-0002	nist	pdf	100KiB-1MiB	text_repeat	a0	0	20
nist-pdf-0002	nist	pdf	100KiB-1MiB	text_repeat	a1	0	5
nist-pdf-0002	nist	pdf	100KiB-1MiB	exact	v	0	4
nist-pdf-0002	nist	pdf	100KiB-1MiB	exact	a1	0	1
nist-pdf-0002	nist	pdf	100KiB-1MiB	exact	a0	0	1
nist-pdf-0003	nist	pdf	100KiB-1MiB	text_once	v	0	59
nist-pdf-0003	nist	pdf	100KiB-1MiB	text_once	a0	0	7
nist-pdf-0003	nist	pdf	100KiB-1MiB	text_once	a1	0	1
nist-pdf-0003	nist	pdf	100KiB-1MiB	heading	v	3	0
nist-pdf-0003	nist	pdf	100KiB-1MiB	heading	a0	3	0
nist-pdf-0003	nist	pdf	100KiB-1MiB	heading	a1	3	0
nist-pdf-0003	nist	pdf	100KiB-1MiB	table	v	3	0
nist-pdf-0003	nist	pdf	100KiB-1MiB	table	a0	3	0
nist-pdf-0003	nist	pdf	100KiB-1MiB	table	a1	3	0
nist-pdf-0003	nist	pdf	100KiB-1MiB	resource	v	3	0
nist-pdf-0003	nist	pdf	100KiB-1MiB	resource	a0	3	0
nist-pdf-0003	nist	pdf	100KiB-1MiB	resource	a1	3	0
nist-pdf-0003	nist	pdf	100KiB-1MiB	metadata	v	0	3
nist-pdf-0003	nist	pdf	100KiB-1MiB	metadata	a0	0	3
nist-pdf-0003	nist	pdf	100KiB-1MiB	metadata	a1	0	1
nist-pdf-0003	nist	pdf	100KiB-1MiB	text_repeat	v	0	5
nist-pdf-0003	nist	pdf	100KiB-1MiB	text_repeat	a0	0	30
nist-pdf-0003	nist	pdf	100KiB-1MiB	text_repeat	a1	0	5
nist-pdf-0003	nist	pdf	100KiB-1MiB	exact	v	0	7
nist-pdf-0003	nist	pdf	100KiB-1MiB	exact	a1	0	3
nist-pdf-0003	nist	pdf	100KiB-1MiB	exact	a0	0	1
nist-pdf-0004	nist	pdf	1-10MiB	text_once	v	0	21
nist-pdf-0004	nist	pdf	1-10MiB	text_once	a0	0	4
nist-pdf-0004	nist	pdf	1-10MiB	text_once	a1	0	1
nist-pdf-0004	nist	pdf	1-10MiB	heading	v	3	0
nist-pdf-0004	nist	pdf	1-10MiB	heading	a0	3	0
nist-pdf-0004	nist	pdf	1-10MiB	heading	a1	3	0
nist-pdf-0004	nist	pdf	1-10MiB	table	v	3	0
nist-pdf-0004	nist	pdf	1-10MiB	table	a0	3	0
nist-pdf-0004	nist	pdf	1-10MiB	table	a1	3	0
nist-pdf-0004	nist	pdf	1-10MiB	resource	v	3	0
nist-pdf-0004	nist	pdf	1-10MiB	resource	a0	3	0
nist-pdf-0004	nist	pdf	1-10MiB	resource	a1	3	0
nist-pdf-0004	nist	pdf	1-10MiB	metadata	v	0	3
nist-pdf-0004	nist	pdf	1-10MiB	metadata	a0	0	3
nist-pdf-0004	nist	pdf	1-10MiB	metadata	a1	0	1
nist-pdf-0004	nist	pdf	1-10MiB	text_repeat	v	0	5
nist-pdf-0004	nist	pdf	1-10MiB	text_repeat	a0	0	17
nist-pdf-0004	nist	pdf	1-10MiB	text_repeat	a1	0	6
nist-pdf-0004	nist	pdf	1-10MiB	exact	v	0	7
nist-pdf-0004	nist	pdf	1-10MiB	exact	a1	0	1
nist-pdf-0004	nist	pdf	1-10MiB	exact	a0	0	1
nist-pdf-0005	nist	pdf	1-10MiB	text_once	v	0	21
nist-pdf-0005	nist	pdf	1-10MiB	text_once	a0	0	4
nist-pdf-0005	nist	pdf	1-10MiB	text_once	a1	0	2
nist-pdf-0005	nist	pdf	1-10MiB	heading	v	3	0
nist-pdf-0005	nist	pdf	1-10MiB	heading	a0	3	0
nist-pdf-0005	nist	pdf	1-10MiB	heading	a1	3	0
nist-pdf-0005	nist	pdf	1-10MiB	table	v	3	0
nist-pdf-0005	nist	pdf	1-10MiB	table	a0	3	0
nist-pdf-0005	nist	pdf	1-10MiB	table	a1	3	0
nist-pdf-0005	nist	pdf	1-10MiB	resource	v	3	0
nist-pdf-0005	nist	pdf	1-10MiB	resource	a0	3	0
nist-pdf-0005	nist	pdf	1-10MiB	resource	a1	3	0
nist-pdf-0005	nist	pdf	1-10MiB	metadata	v	0	4
nist-pdf-0005	nist	pdf	1-10MiB	metadata	a0	0	3
nist-pdf-0005	nist	pdf	1-10MiB	metadata	a1	0	1
nist-pdf-0005	nist	pdf	1-10MiB	text_repeat	v	0	6
nist-pdf-0005	nist	pdf	1-10MiB	text_repeat	a0	0	18
nist-pdf-0005	nist	pdf	1-10MiB	text_repeat	a1	0	5
nist-pdf-0005	nist	pdf	1-10MiB	exact	v	0	8
nist-pdf-0005	nist	pdf	1-10MiB	exact	a1	0	1
nist-pdf-0005	nist	pdf	1-10MiB	exact	a0	0	0
nist-pdf-0006	nist	pdf	10-50MiB	text_once	v	0	106
nist-pdf-0006	nist	pdf	10-50MiB	text_once	a0	0	6
nist-pdf-0006	nist	pdf	10-50MiB	text_once	a1	0	1
nist-pdf-0006	nist	pdf	10-50MiB	heading	v	3	0
nist-pdf-0006	nist	pdf	10-50MiB	heading	a0	3	0
nist-pdf-0006	nist	pdf	10-50MiB	heading	a1	3	0
nist-pdf-0006	nist	pdf	10-50MiB	table	v	3	0
nist-pdf-0006	nist	pdf	10-50MiB	table	a0	3	0
nist-pdf-0006	nist	pdf	10-50MiB	table	a1	3	0
nist-pdf-0006	nist	pdf	10-50MiB	resource	v	3	0
nist-pdf-0006	nist	pdf	10-50MiB	resource	a0	3	0
nist-pdf-0006	nist	pdf	10-50MiB	resource	a1	3	0
nist-pdf-0006	nist	pdf	10-50MiB	metadata	v	0	27
nist-pdf-0006	nist	pdf	10-50MiB	metadata	a0	0	4
nist-pdf-0006	nist	pdf	10-50MiB	metadata	a1	0	1
nist-pdf-0006	nist	pdf	10-50MiB	text_repeat	v	0	8
nist-pdf-0006	nist	pdf	10-50MiB	text_repeat	a0	0	20
nist-pdf-0006	nist	pdf	10-50MiB	text_repeat	a1	0	6
nist-pdf-0006	nist	pdf	10-50MiB	exact	v	0	102
nist-pdf-0006	nist	pdf	10-50MiB	exact	a1	0	6
nist-pdf-0006	nist	pdf	10-50MiB	exact	a0	0	3
nist-pdf-0007	nist	pdf	100KiB-1MiB	text_once	v	0	23
nist-pdf-0007	nist	pdf	100KiB-1MiB	text_once	a0	0	4
nist-pdf-0007	nist	pdf	100KiB-1MiB	text_once	a1	0	1
nist-pdf-0007	nist	pdf	100KiB-1MiB	heading	v	3	0
nist-pdf-0007	nist	pdf	100KiB-1MiB	heading	a0	3	0
nist-pdf-0007	nist	pdf	100KiB-1MiB	heading	a1	3	0
nist-pdf-0007	nist	pdf	100KiB-1MiB	table	v	3	0
nist-pdf-0007	nist	pdf	100KiB-1MiB	table	a0	3	0
nist-pdf-0007	nist	pdf	100KiB-1MiB	table	a1	3	0
nist-pdf-0007	nist	pdf	100KiB-1MiB	resource	v	3	0
nist-pdf-0007	nist	pdf	100KiB-1MiB	resource	a0	3	0
nist-pdf-0007	nist	pdf	100KiB-1MiB	resource	a1	3	0
nist-pdf-0007	nist	pdf	100KiB-1MiB	metadata	v	0	3
nist-pdf-0007	nist	pdf	100KiB-1MiB	metadata	a0	0	3
nist-pdf-0007	nist	pdf	100KiB-1MiB	metadata	a1	0	1
nist-pdf-0007	nist	pdf	100KiB-1MiB	text_repeat	v	0	8
nist-pdf-0007	nist	pdf	100KiB-1MiB	text_repeat	a0	0	20
nist-pdf-0007	nist	pdf	100KiB-1MiB	text_repeat	a1	0	6
nist-pdf-0007	nist	pdf	100KiB-1MiB	exact	v	0	6
nist-pdf-0007	nist	pdf	100KiB-1MiB	exact	a1	0	1
nist-pdf-0007	nist	pdf	100KiB-1MiB	exact	a0	0	0
nist-pdf-0008	nist	pdf	1-10MiB	text_once	v	0	56
nist-pdf-0008	nist	pdf	1-10MiB	text_once	a0	0	5
nist-pdf-0008	nist	pdf	1-10MiB	text_once	a1	0	1
nist-pdf-0008	nist	pdf	1-10MiB	heading	v	3	0
nist-pdf-0008	nist	pdf	1-10MiB	heading	a0	3	0
nist-pdf-0008	nist	pdf	1-10MiB	heading	a1	3	0
nist-pdf-0008	nist	pdf	1-10MiB	table	v	3	0
nist-pdf-0008	nist	pdf	1-10MiB	table	a0	3	0
nist-pdf-0008	nist	pdf	1-10MiB	table	a1	3	0
nist-pdf-0008	nist	pdf	1-10MiB	resource	v	3	0
nist-pdf-0008	nist	pdf	1-10MiB	resource	a0	3	0
nist-pdf-0008	nist	pdf	1-10MiB	resource	a1	3	0
nist-pdf-0008	nist	pdf	1-10MiB	metadata	v	0	7
nist-pdf-0008	nist	pdf	1-10MiB	metadata	a0	0	3
nist-pdf-0008	nist	pdf	1-10MiB	metadata	a1	0	2
nist-pdf-0008	nist	pdf	1-10MiB	text_repeat	v	0	6
nist-pdf-0008	nist	pdf	1-10MiB	text_repeat	a0	0	20
nist-pdf-0008	nist	pdf	1-10MiB	text_repeat	a1	0	6
nist-pdf-0008	nist	pdf	1-10MiB	exact	v	0	13
nist-pdf-0008	nist	pdf	1-10MiB	exact	a1	0	2
nist-pdf-0008	nist	pdf	1-10MiB	exact	a0	0	1
nist-pdf-0009	nist	pdf	1-10MiB	text_once	v	0	67
nist-pdf-0009	nist	pdf	1-10MiB	text_once	a0	0	5
nist-pdf-0009	nist	pdf	1-10MiB	text_once	a1	0	2
nist-pdf-0009	nist	pdf	1-10MiB	heading	v	3	0
nist-pdf-0009	nist	pdf	1-10MiB	heading	a0	3	0
nist-pdf-0009	nist	pdf	1-10MiB	heading	a1	3	0
nist-pdf-0009	nist	pdf	1-10MiB	table	v	3	0
nist-pdf-0009	nist	pdf	1-10MiB	table	a0	3	0
nist-pdf-0009	nist	pdf	1-10MiB	table	a1	3	0
nist-pdf-0009	nist	pdf	1-10MiB	resource	v	3	0
nist-pdf-0009	nist	pdf	1-10MiB	resource	a0	3	0
nist-pdf-0009	nist	pdf	1-10MiB	resource	a1	3	0
nist-pdf-0009	nist	pdf	1-10MiB	metadata	v	0	9
nist-pdf-0009	nist	pdf	1-10MiB	metadata	a0	0	4
nist-pdf-0009	nist	pdf	1-10MiB	metadata	a1	0	2
nist-pdf-0009	nist	pdf	1-10MiB	text_repeat	v	0	7
nist-pdf-0009	nist	pdf	1-10MiB	text_repeat	a0	0	20
nist-pdf-0009	nist	pdf	1-10MiB	text_repeat	a1	0	6
nist-pdf-0009	nist	pdf	1-10MiB	exact	v	0	16
nist-pdf-0009	nist	pdf	1-10MiB	exact	a1	0	3
nist-pdf-0009	nist	pdf	1-10MiB	exact	a0	0	1
nist-pdf-0010	nist	pdf	1-10MiB	text_once	v	0	31
nist-pdf-0010	nist	pdf	1-10MiB	text_once	a0	0	6
nist-pdf-0010	nist	pdf	1-10MiB	text_once	a1	0	2
nist-pdf-0010	nist	pdf	1-10MiB	heading	v	3	0
nist-pdf-0010	nist	pdf	1-10MiB	heading	a0	3	0
nist-pdf-0010	nist	pdf	1-10MiB	heading	a1	3	0
nist-pdf-0010	nist	pdf	1-10MiB	table	v	3	0
nist-pdf-0010	nist	pdf	1-10MiB	table	a0	3	0
nist-pdf-0010	nist	pdf	1-10MiB	table	a1	3	0
nist-pdf-0010	nist	pdf	1-10MiB	resource	v	3	0
nist-pdf-0010	nist	pdf	1-10MiB	resource	a0	3	0
nist-pdf-0010	nist	pdf	1-10MiB	resource	a1	3	0
nist-pdf-0010	nist	pdf	1-10MiB	metadata	v	0	14
nist-pdf-0010	nist	pdf	1-10MiB	metadata	a0	0	5
nist-pdf-0010	nist	pdf	1-10MiB	metadata	a1	0	1
nist-pdf-0010	nist	pdf	1-10MiB	text_repeat	v	0	6
nist-pdf-0010	nist	pdf	1-10MiB	text_repeat	a0	0	25
nist-pdf-0010	nist	pdf	1-10MiB	text_repeat	a1	0	6
nist-pdf-0010	nist	pdf	1-10MiB	exact	v	0	24
nist-pdf-0010	nist	pdf	1-10MiB	exact	a1	0	4
nist-pdf-0010	nist	pdf	1-10MiB	exact	a0	0	2
nist-pdf-0011	nist	pdf	50-100MiB	text_once	v	0	580
nist-pdf-0011	nist	pdf	50-100MiB	text_once	a0	0	5
nist-pdf-0011	nist	pdf	50-100MiB	text_once	a1	0	2
nist-pdf-0011	nist	pdf	50-100MiB	heading	v	3	0
nist-pdf-0011	nist	pdf	50-100MiB	heading	a0	3	0
nist-pdf-0011	nist	pdf	50-100MiB	heading	a1	3	0
nist-pdf-0011	nist	pdf	50-100MiB	table	v	3	0
nist-pdf-0011	nist	pdf	50-100MiB	table	a0	3	0
nist-pdf-0011	nist	pdf	50-100MiB	table	a1	3	0
nist-pdf-0011	nist	pdf	50-100MiB	resource	v	3	0
nist-pdf-0011	nist	pdf	50-100MiB	resource	a0	3	0
nist-pdf-0011	nist	pdf	50-100MiB	resource	a1	3	0
nist-pdf-0011	nist	pdf	50-100MiB	metadata	v	0	163
nist-pdf-0011	nist	pdf	50-100MiB	metadata	a0	0	4
nist-pdf-0011	nist	pdf	50-100MiB	metadata	a1	0	2
nist-pdf-0011	nist	pdf	50-100MiB	text_repeat	v	0	5
nist-pdf-0011	nist	pdf	50-100MiB	text_repeat	a0	0	20
nist-pdf-0011	nist	pdf	50-100MiB	text_repeat	a1	0	6
nist-pdf-0011	nist	pdf	50-100MiB	exact	v	0	843
nist-pdf-0011	nist	pdf	50-100MiB	exact	a1	0	196
nist-pdf-0011	nist	pdf	50-100MiB	exact	a0	0	84
nist-pdf-0012	nist	pdf	1-10MiB	text_once	v	0	23
nist-pdf-0012	nist	pdf	1-10MiB	text_once	a0	0	4
nist-pdf-0012	nist	pdf	1-10MiB	text_once	a1	0	2
nist-pdf-0012	nist	pdf	1-10MiB	heading	v	3	0
nist-pdf-0012	nist	pdf	1-10MiB	heading	a0	3	0
nist-pdf-0012	nist	pdf	1-10MiB	heading	a1	3	0
nist-pdf-0012	nist	pdf	1-10MiB	table	v	3	0
nist-pdf-0012	nist	pdf	1-10MiB	table	a0	3	0
nist-pdf-0012	nist	pdf	1-10MiB	table	a1	3	0
nist-pdf-0012	nist	pdf	1-10MiB	resource	v	3	0
nist-pdf-0012	nist	pdf	1-10MiB	resource	a0	3	0
nist-pdf-0012	nist	pdf	1-10MiB	resource	a1	3	0
nist-pdf-0012	nist	pdf	1-10MiB	metadata	v	0	7
nist-pdf-0012	nist	pdf	1-10MiB	metadata	a0	0	3
nist-pdf-0012	nist	pdf	1-10MiB	metadata	a1	0	2
nist-pdf-0012	nist	pdf	1-10MiB	text_repeat	v	0	6
nist-pdf-0012	nist	pdf	1-10MiB	text_repeat	a0	0	20
nist-pdf-0012	nist	pdf	1-10MiB	text_repeat	a1	0	6
nist-pdf-0012	nist	pdf	1-10MiB	exact	v	0	13
nist-pdf-0012	nist	pdf	1-10MiB	exact	a1	0	2
nist-pdf-0012	nist	pdf	1-10MiB	exact	a0	0	1
nist-pdf-0013	nist	pdf	50-100MiB	text_once	v	0	36
nist-pdf-0013	nist	pdf	50-100MiB	text_once	a0	0	14
nist-pdf-0013	nist	pdf	50-100MiB	text_once	a1	0	2
nist-pdf-0013	nist	pdf	50-100MiB	heading	v	3	0
nist-pdf-0013	nist	pdf	50-100MiB	heading	a0	3	0
nist-pdf-0013	nist	pdf	50-100MiB	heading	a1	3	0
nist-pdf-0013	nist	pdf	50-100MiB	table	v	3	0
nist-pdf-0013	nist	pdf	50-100MiB	table	a0	3	0
nist-pdf-0013	nist	pdf	50-100MiB	table	a1	3	0
nist-pdf-0013	nist	pdf	50-100MiB	resource	v	3	0
nist-pdf-0013	nist	pdf	50-100MiB	resource	a0	3	0
nist-pdf-0013	nist	pdf	50-100MiB	resource	a1	3	0
nist-pdf-0013	nist	pdf	50-100MiB	metadata	v	0	51
nist-pdf-0013	nist	pdf	50-100MiB	metadata	a0	0	14
nist-pdf-0013	nist	pdf	50-100MiB	metadata	a1	0	2
nist-pdf-0013	nist	pdf	50-100MiB	text_repeat	v	0	7
nist-pdf-0013	nist	pdf	50-100MiB	text_repeat	a0	0	71
nist-pdf-0013	nist	pdf	50-100MiB	text_repeat	a1	0	7
nist-pdf-0013	nist	pdf	50-100MiB	exact	v	0	14898
nist-pdf-0013	nist	pdf	50-100MiB	exact	a1	0	23
nist-pdf-0013	nist	pdf	50-100MiB	exact	a0	0	11
nist-pdf-0014	nist	pdf	1-10MiB	text_once	v	0	65
nist-pdf-0014	nist	pdf	1-10MiB	text_once	a0	0	11
nist-pdf-0014	nist	pdf	1-10MiB	text_once	a1	0	2
nist-pdf-0014	nist	pdf	1-10MiB	heading	v	3	0
nist-pdf-0014	nist	pdf	1-10MiB	heading	a0	3	0
nist-pdf-0014	nist	pdf	1-10MiB	heading	a1	3	0
nist-pdf-0014	nist	pdf	1-10MiB	table	v	3	0
nist-pdf-0014	nist	pdf	1-10MiB	table	a0	3	0
nist-pdf-0014	nist	pdf	1-10MiB	table	a1	3	0
nist-pdf-0014	nist	pdf	1-10MiB	resource	v	3	0
nist-pdf-0014	nist	pdf	1-10MiB	resource	a0	3	0
nist-pdf-0014	nist	pdf	1-10MiB	resource	a1	3	0
nist-pdf-0014	nist	pdf	1-10MiB	metadata	v	0	16
nist-pdf-0014	nist	pdf	1-10MiB	metadata	a0	0	9
nist-pdf-0014	nist	pdf	1-10MiB	metadata	a1	0	1
nist-pdf-0014	nist	pdf	1-10MiB	text_repeat	v	0	5
nist-pdf-0014	nist	pdf	1-10MiB	text_repeat	a0	0	48
nist-pdf-0014	nist	pdf	1-10MiB	text_repeat	a1	0	7
nist-pdf-0014	nist	pdf	1-10MiB	exact	v	0	25
nist-pdf-0014	nist	pdf	1-10MiB	exact	a1	0	4
nist-pdf-0014	nist	pdf	1-10MiB	exact	a0	0	1
nist-pdf-0015	nist	pdf	1-10MiB	text_once	v	0	72
nist-pdf-0015	nist	pdf	1-10MiB	text_once	a0	0	6
nist-pdf-0015	nist	pdf	1-10MiB	text_once	a1	0	1
nist-pdf-0015	nist	pdf	1-10MiB	heading	v	3	0
nist-pdf-0015	nist	pdf	1-10MiB	heading	a0	3	0
nist-pdf-0015	nist	pdf	1-10MiB	heading	a1	3	0
nist-pdf-0015	nist	pdf	1-10MiB	table	v	3	0
nist-pdf-0015	nist	pdf	1-10MiB	table	a0	3	0
nist-pdf-0015	nist	pdf	1-10MiB	table	a1	3	0
nist-pdf-0015	nist	pdf	1-10MiB	resource	v	3	0
nist-pdf-0015	nist	pdf	1-10MiB	resource	a0	3	0
nist-pdf-0015	nist	pdf	1-10MiB	resource	a1	3	0
nist-pdf-0015	nist	pdf	1-10MiB	metadata	v	0	22
nist-pdf-0015	nist	pdf	1-10MiB	metadata	a0	0	5
nist-pdf-0015	nist	pdf	1-10MiB	metadata	a1	0	1
nist-pdf-0015	nist	pdf	1-10MiB	text_repeat	v	0	6
nist-pdf-0015	nist	pdf	1-10MiB	text_repeat	a0	0	28
nist-pdf-0015	nist	pdf	1-10MiB	text_repeat	a1	0	6
nist-pdf-0015	nist	pdf	1-10MiB	exact	v	0	38
nist-pdf-0015	nist	pdf	1-10MiB	exact	a1	0	6
nist-pdf-0015	nist	pdf	1-10MiB	exact	a0	0	2
nist-pdf-0016	nist	pdf	100KiB-1MiB	text_once	v	0	19
nist-pdf-0016	nist	pdf	100KiB-1MiB	text_once	a0	0	4
nist-pdf-0016	nist	pdf	100KiB-1MiB	text_once	a1	0	2
nist-pdf-0016	nist	pdf	100KiB-1MiB	heading	v	3	0
nist-pdf-0016	nist	pdf	100KiB-1MiB	heading	a0	3	0
nist-pdf-0016	nist	pdf	100KiB-1MiB	heading	a1	3	0
nist-pdf-0016	nist	pdf	100KiB-1MiB	table	v	3	0
nist-pdf-0016	nist	pdf	100KiB-1MiB	table	a0	3	0
nist-pdf-0016	nist	pdf	100KiB-1MiB	table	a1	3	0
nist-pdf-0016	nist	pdf	100KiB-1MiB	resource	v	3	0
nist-pdf-0016	nist	pdf	100KiB-1MiB	resource	a0	3	0
nist-pdf-0016	nist	pdf	100KiB-1MiB	resource	a1	3	0
nist-pdf-0016	nist	pdf	100KiB-1MiB	metadata	v	0	2
nist-pdf-0016	nist	pdf	100KiB-1MiB	metadata	a0	0	3
nist-pdf-0016	nist	pdf	100KiB-1MiB	metadata	a1	0	1
nist-pdf-0016	nist	pdf	100KiB-1MiB	text_repeat	v	0	5
nist-pdf-0016	nist	pdf	100KiB-1MiB	text_repeat	a0	0	17
nist-pdf-0016	nist	pdf	100KiB-1MiB	text_repeat	a1	0	5
nist-pdf-0016	nist	pdf	100KiB-1MiB	exact	v	0	5
nist-pdf-0016	nist	pdf	100KiB-1MiB	exact	a1	0	2
nist-pdf-0016	nist	pdf	100KiB-1MiB	exact	a0	0	0
nist-pdf-0017	nist	pdf	1-10MiB	text_once	v	0	15
nist-pdf-0017	nist	pdf	1-10MiB	text_once	a0	0	5
nist-pdf-0017	nist	pdf	1-10MiB	text_once	a1	0	2
nist-pdf-0017	nist	pdf	1-10MiB	heading	v	3	0
nist-pdf-0017	nist	pdf	1-10MiB	heading	a0	3	0
nist-pdf-0017	nist	pdf	1-10MiB	heading	a1	3	0
nist-pdf-0017	nist	pdf	1-10MiB	table	v	3	0
nist-pdf-0017	nist	pdf	1-10MiB	table	a0	3	0
nist-pdf-0017	nist	pdf	1-10MiB	table	a1	3	0
nist-pdf-0017	nist	pdf	1-10MiB	resource	v	3	0
nist-pdf-0017	nist	pdf	1-10MiB	resource	a0	3	0
nist-pdf-0017	nist	pdf	1-10MiB	resource	a1	3	0
nist-pdf-0017	nist	pdf	1-10MiB	metadata	v	0	5
nist-pdf-0017	nist	pdf	1-10MiB	metadata	a0	0	4
nist-pdf-0017	nist	pdf	1-10MiB	metadata	a1	0	2
nist-pdf-0017	nist	pdf	1-10MiB	text_repeat	v	0	6
nist-pdf-0017	nist	pdf	1-10MiB	text_repeat	a0	0	16
nist-pdf-0017	nist	pdf	1-10MiB	text_repeat	a1	0	7
nist-pdf-0017	nist	pdf	1-10MiB	exact	v	0	17
nist-pdf-0017	nist	pdf	1-10MiB	exact	a1	0	2
nist-pdf-0017	nist	pdf	1-10MiB	exact	a0	0	1
nist-pdf-0018	nist	pdf	1-10MiB	text_once	v	0	21
nist-pdf-0018	nist	pdf	1-10MiB	text_once	a0	0	3
nist-pdf-0018	nist	pdf	1-10MiB	text_once	a1	0	1
nist-pdf-0018	nist	pdf	1-10MiB	heading	v	3	0
nist-pdf-0018	nist	pdf	1-10MiB	heading	a0	3	0
nist-pdf-0018	nist	pdf	1-10MiB	heading	a1	3	0
nist-pdf-0018	nist	pdf	1-10MiB	table	v	3	0
nist-pdf-0018	nist	pdf	1-10MiB	table	a0	3	0
nist-pdf-0018	nist	pdf	1-10MiB	table	a1	3	0
nist-pdf-0018	nist	pdf	1-10MiB	resource	v	3	0
nist-pdf-0018	nist	pdf	1-10MiB	resource	a0	3	0
nist-pdf-0018	nist	pdf	1-10MiB	resource	a1	3	0
nist-pdf-0018	nist	pdf	1-10MiB	metadata	v	0	4
nist-pdf-0018	nist	pdf	1-10MiB	metadata	a0	0	3
nist-pdf-0018	nist	pdf	1-10MiB	metadata	a1	0	2
nist-pdf-0018	nist	pdf	1-10MiB	text_repeat	v	0	6
nist-pdf-0018	nist	pdf	1-10MiB	text_repeat	a0	0	17
nist-pdf-0018	nist	pdf	1-10MiB	text_repeat	a1	0	6
nist-pdf-0018	nist	pdf	1-10MiB	exact	v	0	9
nist-pdf-0018	nist	pdf	1-10MiB	exact	a1	0	2
nist-pdf-0018	nist	pdf	1-10MiB	exact	a0	0	1
nist-pdf-0019	nist	pdf	1-10MiB	text_once	v	0	31
nist-pdf-0019	nist	pdf	1-10MiB	text_once	a0	0	4
nist-pdf-0019	nist	pdf	1-10MiB	text_once	a1	0	2
nist-pdf-0019	nist	pdf	1-10MiB	heading	v	3	0
nist-pdf-0019	nist	pdf	1-10MiB	heading	a0	3	0
nist-pdf-0019	nist	pdf	1-10MiB	heading	a1	3	0
nist-pdf-0019	nist	pdf	1-10MiB	table	v	3	0
nist-pdf-0019	nist	pdf	1-10MiB	table	a0	3	0
nist-pdf-0019	nist	pdf	1-10MiB	table	a1	3	0
nist-pdf-0019	nist	pdf	1-10MiB	resource	v	3	0
nist-pdf-0019	nist	pdf	1-10MiB	resource	a0	3	0
nist-pdf-0019	nist	pdf	1-10MiB	resource	a1	3	0
nist-pdf-0019	nist	pdf	1-10MiB	metadata	v	0	5
nist-pdf-0019	nist	pdf	1-10MiB	metadata	a0	0	3
nist-pdf-0019	nist	pdf	1-10MiB	metadata	a1	0	1
nist-pdf-0019	nist	pdf	1-10MiB	text_repeat	v	0	6
nist-pdf-0019	nist	pdf	1-10MiB	text_repeat	a0	0	16
nist-pdf-0019	nist	pdf	1-10MiB	text_repeat	a1	0	5
nist-pdf-0019	nist	pdf	1-10MiB	exact	v	0	19
nist-pdf-0019	nist	pdf	1-10MiB	exact	a1	0	3
nist-pdf-0019	nist	pdf	1-10MiB	exact	a0	0	1
nist-pdf-0020	nist	pdf	1-10MiB	text_once	v	0	20
nist-pdf-0020	nist	pdf	1-10MiB	text_once	a0	0	4
nist-pdf-0020	nist	pdf	1-10MiB	text_once	a1	0	1
nist-pdf-0020	nist	pdf	1-10MiB	heading	v	3	0
nist-pdf-0020	nist	pdf	1-10MiB	heading	a0	3	0
nist-pdf-0020	nist	pdf	1-10MiB	heading	a1	3	0
nist-pdf-0020	nist	pdf	1-10MiB	table	v	3	0
nist-pdf-0020	nist	pdf	1-10MiB	table	a0	3	0
nist-pdf-0020	nist	pdf	1-10MiB	table	a1	3	0
nist-pdf-0020	nist	pdf	1-10MiB	resource	v	3	0
nist-pdf-0020	nist	pdf	1-10MiB	resource	a0	3	0
nist-pdf-0020	nist	pdf	1-10MiB	resource	a1	3	0
nist-pdf-0020	nist	pdf	1-10MiB	metadata	v	0	4
nist-pdf-0020	nist	pdf	1-10MiB	metadata	a0	0	3
nist-pdf-0020	nist	pdf	1-10MiB	metadata	a1	0	2
nist-pdf-0020	nist	pdf	1-10MiB	text_repeat	v	0	6
nist-pdf-0020	nist	pdf	1-10MiB	text_repeat	a0	0	19
nist-pdf-0020	nist	pdf	1-10MiB	text_repeat	a1	0	5
nist-pdf-0020	nist	pdf	1-10MiB	exact	v	0	7
nist-pdf-0020	nist	pdf	1-10MiB	exact	a1	0	1
nist-pdf-0020	nist	pdf	1-10MiB	exact	a0	0	0
nist-docx-0001	nist	docx	1-10MiB	text_once	v	0	59
nist-docx-0001	nist	docx	1-10MiB	text_once	a0	0	25
nist-docx-0001	nist	docx	1-10MiB	text_once	a1	0	1
nist-docx-0001	nist	docx	1-10MiB	heading	v	0	6
nist-docx-0001	nist	docx	1-10MiB	heading	a0	0	24
nist-docx-0001	nist	docx	1-10MiB	heading	a1	0	1
nist-docx-0001	nist	docx	1-10MiB	table	v	6	6
nist-docx-0001	nist	docx	1-10MiB	table	a0	0	24
nist-docx-0001	nist	docx	1-10MiB	table	a1	0	2
nist-docx-0001	nist	docx	1-10MiB	resource	v	6	7
nist-docx-0001	nist	docx	1-10MiB	resource	a0	0	26
nist-docx-0001	nist	docx	1-10MiB	resource	a1	0	1
nist-docx-0001	nist	docx	1-10MiB	metadata	v	0	6
nist-docx-0001	nist	docx	1-10MiB	metadata	a0	0	26
nist-docx-0001	nist	docx	1-10MiB	metadata	a1	0	2
nist-docx-0001	nist	docx	1-10MiB	text_repeat	v	0	33
nist-docx-0001	nist	docx	1-10MiB	text_repeat	a0	0	116
nist-docx-0001	nist	docx	1-10MiB	text_repeat	a1	0	5
nist-docx-0001	nist	docx	1-10MiB	exact	v	0	21
nist-docx-0001	nist	docx	1-10MiB	exact	a1	0	2
nist-docx-0001	nist	docx	1-10MiB	exact	a0	0	1
nist-docx-0002	nist	docx	1-10MiB	text_once	v	0	30
nist-docx-0002	nist	docx	1-10MiB	text_once	a0	0	24
nist-docx-0002	nist	docx	1-10MiB	text_once	a1	0	2
nist-docx-0002	nist	docx	1-10MiB	heading	v	0	7
nist-docx-0002	nist	docx	1-10MiB	heading	a0	0	23
nist-docx-0002	nist	docx	1-10MiB	heading	a1	0	2
nist-docx-0002	nist	docx	1-10MiB	table	v	6	6
nist-docx-0002	nist	docx	1-10MiB	table	a0	0	22
nist-docx-0002	nist	docx	1-10MiB	table	a1	0	2
nist-docx-0002	nist	docx	1-10MiB	resource	v	6	7
nist-docx-0002	nist	docx	1-10MiB	resource	a0	0	23
nist-docx-0002	nist	docx	1-10MiB	resource	a1	0	1
nist-docx-0002	nist	docx	1-10MiB	metadata	v	0	6
nist-docx-0002	nist	docx	1-10MiB	metadata	a0	0	23
nist-docx-0002	nist	docx	1-10MiB	metadata	a1	0	1
nist-docx-0002	nist	docx	1-10MiB	text_repeat	v	0	32
nist-docx-0002	nist	docx	1-10MiB	text_repeat	a0	0	114
nist-docx-0002	nist	docx	1-10MiB	text_repeat	a1	0	7
nist-docx-0002	nist	docx	1-10MiB	exact	v	0	11
nist-docx-0002	nist	docx	1-10MiB	exact	a1	0	3
nist-docx-0002	nist	docx	1-10MiB	exact	a0	0	2
nist-docx-0003	nist	docx	1-10MiB	text_once	v	0	59
nist-docx-0003	nist	docx	1-10MiB	text_once	a0	0	28
nist-docx-0003	nist	docx	1-10MiB	text_once	a1	0	2
nist-docx-0003	nist	docx	1-10MiB	heading	v	0	6
nist-docx-0003	nist	docx	1-10MiB	heading	a0	0	24
nist-docx-0003	nist	docx	1-10MiB	heading	a1	0	1
nist-docx-0003	nist	docx	1-10MiB	table	v	6	6
nist-docx-0003	nist	docx	1-10MiB	table	a0	0	23
nist-docx-0003	nist	docx	1-10MiB	table	a1	0	1
nist-docx-0003	nist	docx	1-10MiB	resource	v	6	7
nist-docx-0003	nist	docx	1-10MiB	resource	a0	0	26
nist-docx-0003	nist	docx	1-10MiB	resource	a1	0	1
nist-docx-0003	nist	docx	1-10MiB	metadata	v	0	6
nist-docx-0003	nist	docx	1-10MiB	metadata	a0	0	25
nist-docx-0003	nist	docx	1-10MiB	metadata	a1	0	1
nist-docx-0003	nist	docx	1-10MiB	text_repeat	v	0	29
nist-docx-0003	nist	docx	1-10MiB	text_repeat	a0	0	124
nist-docx-0003	nist	docx	1-10MiB	text_repeat	a1	0	7
nist-docx-0003	nist	docx	1-10MiB	exact	v	0	22
nist-docx-0003	nist	docx	1-10MiB	exact	a1	0	3
nist-docx-0003	nist	docx	1-10MiB	exact	a0	0	1
nist-docx-0004	nist	docx	1-10MiB	text_once	v	0	58
nist-docx-0004	nist	docx	1-10MiB	text_once	a0	0	24
nist-docx-0004	nist	docx	1-10MiB	text_once	a1	0	1
nist-docx-0004	nist	docx	1-10MiB	heading	v	0	6
nist-docx-0004	nist	docx	1-10MiB	heading	a0	0	24
nist-docx-0004	nist	docx	1-10MiB	heading	a1	0	1
nist-docx-0004	nist	docx	1-10MiB	table	v	6	6
nist-docx-0004	nist	docx	1-10MiB	table	a0	0	24
nist-docx-0004	nist	docx	1-10MiB	table	a1	0	1
nist-docx-0004	nist	docx	1-10MiB	resource	v	6	7
nist-docx-0004	nist	docx	1-10MiB	resource	a0	0	24
nist-docx-0004	nist	docx	1-10MiB	resource	a1	0	1
nist-docx-0004	nist	docx	1-10MiB	metadata	v	0	6
nist-docx-0004	nist	docx	1-10MiB	metadata	a0	0	23
nist-docx-0004	nist	docx	1-10MiB	metadata	a1	0	2
nist-docx-0004	nist	docx	1-10MiB	text_repeat	v	0	30
nist-docx-0004	nist	docx	1-10MiB	text_repeat	a0	0	119
nist-docx-0004	nist	docx	1-10MiB	text_repeat	a1	0	5
nist-docx-0004	nist	docx	1-10MiB	exact	v	0	22
nist-docx-0004	nist	docx	1-10MiB	exact	a1	0	2
nist-docx-0004	nist	docx	1-10MiB	exact	a0	0	1
nist-docx-0005	nist	docx	<100KiB	text_once	v	0	23
nist-docx-0005	nist	docx	<100KiB	text_once	a0	0	26
nist-docx-0005	nist	docx	<100KiB	text_once	a1	0	2
nist-docx-0005	nist	docx	<100KiB	heading	v	6	2
nist-docx-0005	nist	docx	<100KiB	heading	a0	0	25
nist-docx-0005	nist	docx	<100KiB	heading	a1	0	1
nist-docx-0005	nist	docx	<100KiB	table	v	0	2
nist-docx-0005	nist	docx	<100KiB	table	a0	0	25
nist-docx-0005	nist	docx	<100KiB	table	a1	0	1
nist-docx-0005	nist	docx	<100KiB	resource	v	6	2
nist-docx-0005	nist	docx	<100KiB	resource	a0	0	25
nist-docx-0005	nist	docx	<100KiB	resource	a1	0	1
nist-docx-0005	nist	docx	<100KiB	metadata	v	0	2
nist-docx-0005	nist	docx	<100KiB	metadata	a0	0	27
nist-docx-0005	nist	docx	<100KiB	metadata	a1	0	2
nist-docx-0005	nist	docx	<100KiB	text_repeat	v	0	7
nist-docx-0005	nist	docx	<100KiB	text_repeat	a0	0	139
nist-docx-0005	nist	docx	<100KiB	text_repeat	a1	0	7
nist-docx-0005	nist	docx	<100KiB	exact	v	0	4
nist-docx-0005	nist	docx	<100KiB	exact	a1	0	1
nist-docx-0005	nist	docx	<100KiB	exact	a0	0	1
nist-docx-0006	nist	docx	<100KiB	text_once	v	0	24
nist-docx-0006	nist	docx	<100KiB	text_once	a0	0	28
nist-docx-0006	nist	docx	<100KiB	text_once	a1	0	2
nist-docx-0006	nist	docx	<100KiB	heading	v	6	2
nist-docx-0006	nist	docx	<100KiB	heading	a0	0	28
nist-docx-0006	nist	docx	<100KiB	heading	a1	0	2
nist-docx-0006	nist	docx	<100KiB	table	v	0	2
nist-docx-0006	nist	docx	<100KiB	table	a0	0	29
nist-docx-0006	nist	docx	<100KiB	table	a1	0	2
nist-docx-0006	nist	docx	<100KiB	resource	v	6	2
nist-docx-0006	nist	docx	<100KiB	resource	a0	0	27
nist-docx-0006	nist	docx	<100KiB	resource	a1	0	1
nist-docx-0006	nist	docx	<100KiB	metadata	v	0	2
nist-docx-0006	nist	docx	<100KiB	metadata	a0	0	27
nist-docx-0006	nist	docx	<100KiB	metadata	a1	0	1
nist-docx-0006	nist	docx	<100KiB	text_repeat	v	0	9
nist-docx-0006	nist	docx	<100KiB	text_repeat	a0	0	132
nist-docx-0006	nist	docx	<100KiB	text_repeat	a1	0	8
nist-docx-0006	nist	docx	<100KiB	exact	v	0	4
nist-docx-0006	nist	docx	<100KiB	exact	a1	0	1
nist-docx-0006	nist	docx	<100KiB	exact	a0	0	0
nist-docx-0007	nist	docx	<100KiB	text_once	v	0	23
nist-docx-0007	nist	docx	<100KiB	text_once	a0	0	26
nist-docx-0007	nist	docx	<100KiB	text_once	a1	0	2
nist-docx-0007	nist	docx	<100KiB	heading	v	6	2
nist-docx-0007	nist	docx	<100KiB	heading	a0	0	26
nist-docx-0007	nist	docx	<100KiB	heading	a1	0	2
nist-docx-0007	nist	docx	<100KiB	table	v	0	2
nist-docx-0007	nist	docx	<100KiB	table	a0	0	26
nist-docx-0007	nist	docx	<100KiB	table	a1	0	1
nist-docx-0007	nist	docx	<100KiB	resource	v	6	1
nist-docx-0007	nist	docx	<100KiB	resource	a0	0	26
nist-docx-0007	nist	docx	<100KiB	resource	a1	0	2
nist-docx-0007	nist	docx	<100KiB	metadata	v	0	2
nist-docx-0007	nist	docx	<100KiB	metadata	a0	0	27
nist-docx-0007	nist	docx	<100KiB	metadata	a1	0	2
nist-docx-0007	nist	docx	<100KiB	text_repeat	v	0	10
nist-docx-0007	nist	docx	<100KiB	text_repeat	a0	0	128
nist-docx-0007	nist	docx	<100KiB	text_repeat	a1	0	6
nist-docx-0007	nist	docx	<100KiB	exact	v	0	4
nist-docx-0007	nist	docx	<100KiB	exact	a1	0	1
nist-docx-0007	nist	docx	<100KiB	exact	a0	0	1
nist-docx-0008	nist	docx	<100KiB	text_once	v	0	26
nist-docx-0008	nist	docx	<100KiB	text_once	a0	0	24
nist-docx-0008	nist	docx	<100KiB	text_once	a1	0	1
nist-docx-0008	nist	docx	<100KiB	heading	v	6	1
nist-docx-0008	nist	docx	<100KiB	heading	a0	0	23
nist-docx-0008	nist	docx	<100KiB	heading	a1	0	1
nist-docx-0008	nist	docx	<100KiB	table	v	0	1
nist-docx-0008	nist	docx	<100KiB	table	a0	0	21
nist-docx-0008	nist	docx	<100KiB	table	a1	0	1
nist-docx-0008	nist	docx	<100KiB	resource	v	6	2
nist-docx-0008	nist	docx	<100KiB	resource	a0	0	23
nist-docx-0008	nist	docx	<100KiB	resource	a1	0	1
nist-docx-0008	nist	docx	<100KiB	metadata	v	0	1
nist-docx-0008	nist	docx	<100KiB	metadata	a0	0	22
nist-docx-0008	nist	docx	<100KiB	metadata	a1	0	2
nist-docx-0008	nist	docx	<100KiB	text_repeat	v	0	6
nist-docx-0008	nist	docx	<100KiB	text_repeat	a0	0	112
nist-docx-0008	nist	docx	<100KiB	text_repeat	a1	0	7
nist-docx-0008	nist	docx	<100KiB	exact	v	0	3
nist-docx-0008	nist	docx	<100KiB	exact	a1	0	2
nist-docx-0008	nist	docx	<100KiB	exact	a0	0	0
nist-docx-0009	nist	docx	100KiB-1MiB	text_once	v	0	49
nist-docx-0009	nist	docx	100KiB-1MiB	text_once	a0	0	79
nist-docx-0009	nist	docx	100KiB-1MiB	text_once	a1	0	2
nist-docx-0009	nist	docx	100KiB-1MiB	heading	v	6	2
nist-docx-0009	nist	docx	100KiB-1MiB	heading	a0	0	76
nist-docx-0009	nist	docx	100KiB-1MiB	heading	a1	0	1
nist-docx-0009	nist	docx	100KiB-1MiB	table	v	0	2
nist-docx-0009	nist	docx	100KiB-1MiB	table	a0	0	74
nist-docx-0009	nist	docx	100KiB-1MiB	table	a1	0	1
nist-docx-0009	nist	docx	100KiB-1MiB	resource	v	6	2
nist-docx-0009	nist	docx	100KiB-1MiB	resource	a0	0	75
nist-docx-0009	nist	docx	100KiB-1MiB	resource	a1	0	2
nist-docx-0009	nist	docx	100KiB-1MiB	metadata	v	0	3
nist-docx-0009	nist	docx	100KiB-1MiB	metadata	a0	0	74
nist-docx-0009	nist	docx	100KiB-1MiB	metadata	a1	0	1
nist-docx-0009	nist	docx	100KiB-1MiB	text_repeat	v	0	10
nist-docx-0009	nist	docx	100KiB-1MiB	text_repeat	a0	0	383
nist-docx-0009	nist	docx	100KiB-1MiB	text_repeat	a1	0	8
nist-docx-0009	nist	docx	100KiB-1MiB	exact	v	0	5
nist-docx-0009	nist	docx	100KiB-1MiB	exact	a1	0	2
nist-docx-0009	nist	docx	100KiB-1MiB	exact	a0	0	1
nist-docx-0010	nist	docx	<100KiB	text_once	v	0	27
nist-docx-0010	nist	docx	<100KiB	text_once	a0	0	22
nist-docx-0010	nist	docx	<100KiB	text_once	a1	0	2
nist-docx-0010	nist	docx	<100KiB	heading	v	6	2
nist-docx-0010	nist	docx	<100KiB	heading	a0	0	21
nist-docx-0010	nist	docx	<100KiB	heading	a1	0	2
nist-docx-0010	nist	docx	<100KiB	table	v	6	1
nist-docx-0010	nist	docx	<100KiB	table	a0	0	21
nist-docx-0010	nist	docx	<100KiB	table	a1	0	1
nist-docx-0010	nist	docx	<100KiB	resource	v	0	1
nist-docx-0010	nist	docx	<100KiB	resource	a0	0	22
nist-docx-0010	nist	docx	<100KiB	resource	a1	0	2
nist-docx-0010	nist	docx	<100KiB	metadata	v	0	1
nist-docx-0010	nist	docx	<100KiB	metadata	a0	0	21
nist-docx-0010	nist	docx	<100KiB	metadata	a1	0	1
nist-docx-0010	nist	docx	<100KiB	text_repeat	v	0	7
nist-docx-0010	nist	docx	<100KiB	text_repeat	a0	0	108
nist-docx-0010	nist	docx	<100KiB	text_repeat	a1	0	5
nist-docx-0010	nist	docx	<100KiB	exact	v	0	4
nist-docx-0010	nist	docx	<100KiB	exact	a1	0	2
nist-docx-0010	nist	docx	<100KiB	exact	a0	0	0
nist-docx-0011	nist	docx	100KiB-1MiB	text_once	v	20	5
nist-docx-0011	nist	docx	100KiB-1MiB	text_once	a0	0	34
nist-docx-0011	nist	docx	100KiB-1MiB	text_once	a1	0	2
nist-docx-0011	nist	docx	100KiB-1MiB	heading	v	20	2
nist-docx-0011	nist	docx	100KiB-1MiB	heading	a0	0	32
nist-docx-0011	nist	docx	100KiB-1MiB	heading	a1	0	1
nist-docx-0011	nist	docx	100KiB-1MiB	table	v	20	2
nist-docx-0011	nist	docx	100KiB-1MiB	table	a0	0	32
nist-docx-0011	nist	docx	100KiB-1MiB	table	a1	0	2
nist-docx-0011	nist	docx	100KiB-1MiB	resource	v	20	2
nist-docx-0011	nist	docx	100KiB-1MiB	resource	a0	0	33
nist-docx-0011	nist	docx	100KiB-1MiB	resource	a1	0	1
nist-docx-0011	nist	docx	100KiB-1MiB	metadata	v	20	1
nist-docx-0011	nist	docx	100KiB-1MiB	metadata	a0	0	33
nist-docx-0011	nist	docx	100KiB-1MiB	metadata	a1	0	1
nist-docx-0011	nist	docx	100KiB-1MiB	text_repeat	v	20	7
nist-docx-0011	nist	docx	100KiB-1MiB	text_repeat	a0	0	160
nist-docx-0011	nist	docx	100KiB-1MiB	text_repeat	a1	0	5
nist-docx-0011	nist	docx	100KiB-1MiB	exact	v	0	5
nist-docx-0011	nist	docx	100KiB-1MiB	exact	a1	0	2
nist-docx-0011	nist	docx	100KiB-1MiB	exact	a0	0	0
nist-docx-0012	nist	docx	100KiB-1MiB	text_once	v	20	5
nist-docx-0012	nist	docx	100KiB-1MiB	text_once	a0	0	30
nist-docx-0012	nist	docx	100KiB-1MiB	text_once	a1	0	1
nist-docx-0012	nist	docx	100KiB-1MiB	heading	v	20	1
nist-docx-0012	nist	docx	100KiB-1MiB	heading	a0	0	30
nist-docx-0012	nist	docx	100KiB-1MiB	heading	a1	0	1
nist-docx-0012	nist	docx	100KiB-1MiB	table	v	20	1
nist-docx-0012	nist	docx	100KiB-1MiB	table	a0	0	30
nist-docx-0012	nist	docx	100KiB-1MiB	table	a1	0	1
nist-docx-0012	nist	docx	100KiB-1MiB	resource	v	20	2
nist-docx-0012	nist	docx	100KiB-1MiB	resource	a0	0	31
nist-docx-0012	nist	docx	100KiB-1MiB	resource	a1	0	1
nist-docx-0012	nist	docx	100KiB-1MiB	metadata	v	20	2
nist-docx-0012	nist	docx	100KiB-1MiB	metadata	a0	0	32
nist-docx-0012	nist	docx	100KiB-1MiB	metadata	a1	0	2
nist-docx-0012	nist	docx	100KiB-1MiB	text_repeat	v	20	8
nist-docx-0012	nist	docx	100KiB-1MiB	text_repeat	a0	0	153
nist-docx-0012	nist	docx	100KiB-1MiB	text_repeat	a1	0	5
nist-docx-0012	nist	docx	100KiB-1MiB	exact	v	0	4
nist-docx-0012	nist	docx	100KiB-1MiB	exact	a1	0	2
nist-docx-0012	nist	docx	100KiB-1MiB	exact	a0	0	0
nist-docx-0013	nist	docx	<100KiB	text_once	v	0	21
nist-docx-0013	nist	docx	<100KiB	text_once	a0	0	22
nist-docx-0013	nist	docx	<100KiB	text_once	a1	0	2
nist-docx-0013	nist	docx	<100KiB	heading	v	6	2
nist-docx-0013	nist	docx	<100KiB	heading	a0	0	23
nist-docx-0013	nist	docx	<100KiB	heading	a1	0	2
nist-docx-0013	nist	docx	<100KiB	table	v	0	2
nist-docx-0013	nist	docx	<100KiB	table	a0	0	25
nist-docx-0013	nist	docx	<100KiB	table	a1	0	1
nist-docx-0013	nist	docx	<100KiB	resource	v	6	1
nist-docx-0013	nist	docx	<100KiB	resource	a0	0	24
nist-docx-0013	nist	docx	<100KiB	resource	a1	0	2
nist-docx-0013	nist	docx	<100KiB	metadata	v	0	2
nist-docx-0013	nist	docx	<100KiB	metadata	a0	0	23
nist-docx-0013	nist	docx	<100KiB	metadata	a1	0	1
nist-docx-0013	nist	docx	<100KiB	text_repeat	v	0	6
nist-docx-0013	nist	docx	<100KiB	text_repeat	a0	0	113
nist-docx-0013	nist	docx	<100KiB	text_repeat	a1	0	8
nist-docx-0013	nist	docx	<100KiB	exact	v	0	4
nist-docx-0013	nist	docx	<100KiB	exact	a1	0	1
nist-docx-0013	nist	docx	<100KiB	exact	a0	0	1
nist-docx-0014	nist	docx	100KiB-1MiB	text_once	v	0	67
nist-docx-0014	nist	docx	100KiB-1MiB	text_once	a0	0	99
nist-docx-0014	nist	docx	100KiB-1MiB	text_once	a1	0	2
nist-docx-0014	nist	docx	100KiB-1MiB	heading	v	0	4
nist-docx-0014	nist	docx	100KiB-1MiB	heading	a0	0	96
nist-docx-0014	nist	docx	100KiB-1MiB	heading	a1	0	2
nist-docx-0014	nist	docx	100KiB-1MiB	table	v	0	4
nist-docx-0014	nist	docx	100KiB-1MiB	table	a0	0	95
nist-docx-0014	nist	docx	100KiB-1MiB	table	a1	0	2
nist-docx-0014	nist	docx	100KiB-1MiB	resource	v	0	4
nist-docx-0014	nist	docx	100KiB-1MiB	resource	a0	0	106
nist-docx-0014	nist	docx	100KiB-1MiB	resource	a1	0	2
nist-docx-0014	nist	docx	100KiB-1MiB	metadata	v	0	4
nist-docx-0014	nist	docx	100KiB-1MiB	metadata	a0	0	97
nist-docx-0014	nist	docx	100KiB-1MiB	metadata	a1	0	2
nist-docx-0014	nist	docx	100KiB-1MiB	text_repeat	v	0	16
nist-docx-0014	nist	docx	100KiB-1MiB	text_repeat	a0	0	529
nist-docx-0014	nist	docx	100KiB-1MiB	text_repeat	a1	0	6
nist-docx-0014	nist	docx	100KiB-1MiB	exact	v	0	11
nist-docx-0014	nist	docx	100KiB-1MiB	exact	a1	0	2
nist-docx-0014	nist	docx	100KiB-1MiB	exact	a0	0	1
nist-docx-0015	nist	docx	1-10MiB	text_once	v	0	48
nist-docx-0015	nist	docx	1-10MiB	text_once	a0	0	27
nist-docx-0015	nist	docx	1-10MiB	text_once	a1	0	2
nist-docx-0015	nist	docx	1-10MiB	heading	v	0	5
nist-docx-0015	nist	docx	1-10MiB	heading	a0	0	27
nist-docx-0015	nist	docx	1-10MiB	heading	a1	0	2
nist-docx-0015	nist	docx	1-10MiB	table	v	6	5
nist-docx-0015	nist	docx	1-10MiB	table	a0	0	25
nist-docx-0015	nist	docx	1-10MiB	table	a1	0	1
nist-docx-0015	nist	docx	1-10MiB	resource	v	0	5
nist-docx-0015	nist	docx	1-10MiB	resource	a0	0	27
nist-docx-0015	nist	docx	1-10MiB	resource	a1	0	1
nist-docx-0015	nist	docx	1-10MiB	metadata	v	0	5
nist-docx-0015	nist	docx	1-10MiB	metadata	a0	0	27
nist-docx-0015	nist	docx	1-10MiB	metadata	a1	0	2
nist-docx-0015	nist	docx	1-10MiB	text_repeat	v	0	23
nist-docx-0015	nist	docx	1-10MiB	text_repeat	a0	0	132
nist-docx-0015	nist	docx	1-10MiB	text_repeat	a1	0	6
nist-docx-0015	nist	docx	1-10MiB	exact	v	0	16
nist-docx-0015	nist	docx	1-10MiB	exact	a1	0	3
nist-docx-0015	nist	docx	1-10MiB	exact	a0	0	1
nist-epub-0001	nist	epub	100KiB-1MiB	text_once	v	0	14
nist-epub-0001	nist	epub	100KiB-1MiB	text_once	a0	0	27
nist-epub-0001	nist	epub	100KiB-1MiB	text_once	a1	0	2
nist-epub-0001	nist	epub	100KiB-1MiB	heading	v	0	38
nist-epub-0001	nist	epub	100KiB-1MiB	heading	a0	0	27
nist-epub-0001	nist	epub	100KiB-1MiB	heading	a1	0	2
nist-epub-0001	nist	epub	100KiB-1MiB	table	v	0	24
nist-epub-0001	nist	epub	100KiB-1MiB	table	a0	0	27
nist-epub-0001	nist	epub	100KiB-1MiB	table	a1	0	1
nist-epub-0001	nist	epub	100KiB-1MiB	resource	v	0	1
nist-epub-0001	nist	epub	100KiB-1MiB	resource	a0	0	26
nist-epub-0001	nist	epub	100KiB-1MiB	resource	a1	0	1
nist-epub-0001	nist	epub	100KiB-1MiB	metadata	v	0	1
nist-epub-0001	nist	epub	100KiB-1MiB	metadata	a0	0	27
nist-epub-0001	nist	epub	100KiB-1MiB	metadata	a1	0	1
nist-epub-0001	nist	epub	100KiB-1MiB	text_repeat	v	0	9
nist-epub-0001	nist	epub	100KiB-1MiB	text_repeat	a0	0	136
nist-epub-0001	nist	epub	100KiB-1MiB	text_repeat	a1	0	6
nist-epub-0001	nist	epub	100KiB-1MiB	exact	v	0	4
nist-epub-0001	nist	epub	100KiB-1MiB	exact	a1	0	1
nist-epub-0001	nist	epub	100KiB-1MiB	exact	a0	0	1
nist-epub-0002	nist	epub	100KiB-1MiB	text_once	v	0	14
nist-epub-0002	nist	epub	100KiB-1MiB	text_once	a0	0	26
nist-epub-0002	nist	epub	100KiB-1MiB	text_once	a1	0	2
nist-epub-0002	nist	epub	100KiB-1MiB	heading	v	0	49
nist-epub-0002	nist	epub	100KiB-1MiB	heading	a0	0	28
nist-epub-0002	nist	epub	100KiB-1MiB	heading	a1	0	1
nist-epub-0002	nist	epub	100KiB-1MiB	table	v	0	60
nist-epub-0002	nist	epub	100KiB-1MiB	table	a0	0	27
nist-epub-0002	nist	epub	100KiB-1MiB	table	a1	0	2
nist-epub-0002	nist	epub	100KiB-1MiB	resource	v	0	2
nist-epub-0002	nist	epub	100KiB-1MiB	resource	a0	0	28
nist-epub-0002	nist	epub	100KiB-1MiB	resource	a1	0	1
nist-epub-0002	nist	epub	100KiB-1MiB	metadata	v	0	1
nist-epub-0002	nist	epub	100KiB-1MiB	metadata	a0	0	26
nist-epub-0002	nist	epub	100KiB-1MiB	metadata	a1	0	2
nist-epub-0002	nist	epub	100KiB-1MiB	text_repeat	v	0	8
nist-epub-0002	nist	epub	100KiB-1MiB	text_repeat	a0	0	137
nist-epub-0002	nist	epub	100KiB-1MiB	text_repeat	a1	0	7
nist-epub-0002	nist	epub	100KiB-1MiB	exact	v	0	4
nist-epub-0002	nist	epub	100KiB-1MiB	exact	a1	0	2
nist-epub-0002	nist	epub	100KiB-1MiB	exact	a0	0	0
nist-epub-0003	nist	epub	<100KiB	text_once	v	0	13
nist-epub-0003	nist	epub	<100KiB	text_once	a0	0	25
nist-epub-0003	nist	epub	<100KiB	text_once	a1	0	2
nist-epub-0003	nist	epub	<100KiB	heading	v	0	37
nist-epub-0003	nist	epub	<100KiB	heading	a0	0	26
nist-epub-0003	nist	epub	<100KiB	heading	a1	0	1
nist-epub-0003	nist	epub	<100KiB	table	v	0	60
nist-epub-0003	nist	epub	<100KiB	table	a0	0	25
nist-epub-0003	nist	epub	<100KiB	table	a1	0	1
nist-epub-0003	nist	epub	<100KiB	resource	v	0	1
nist-epub-0003	nist	epub	<100KiB	resource	a0	0	26
nist-epub-0003	nist	epub	<100KiB	resource	a1	0	2
nist-epub-0003	nist	epub	<100KiB	metadata	v	0	1
nist-epub-0003	nist	epub	<100KiB	metadata	a0	0	25
nist-epub-0003	nist	epub	<100KiB	metadata	a1	0	1
nist-epub-0003	nist	epub	<100KiB	text_repeat	v	0	7
nist-epub-0003	nist	epub	<100KiB	text_repeat	a0	0	128
nist-epub-0003	nist	epub	<100KiB	text_repeat	a1	0	7
nist-epub-0003	nist	epub	<100KiB	exact	v	0	4
nist-epub-0003	nist	epub	<100KiB	exact	a1	0	1
nist-epub-0003	nist	epub	<100KiB	exact	a0	0	0
nist-epub-0004	nist	epub	100KiB-1MiB	text_once	v	0	16
nist-epub-0004	nist	epub	100KiB-1MiB	text_once	a0	0	32
nist-epub-0004	nist	epub	100KiB-1MiB	text_once	a1	0	1
nist-epub-0004	nist	epub	100KiB-1MiB	heading	v	0	74
nist-epub-0004	nist	epub	100KiB-1MiB	heading	a0	0	33
nist-epub-0004	nist	epub	100KiB-1MiB	heading	a1	0	1
nist-epub-0004	nist	epub	100KiB-1MiB	table	v	0	3
nist-epub-0004	nist	epub	100KiB-1MiB	table	a0	0	32
nist-epub-0004	nist	epub	100KiB-1MiB	table	a1	0	2
nist-epub-0004	nist	epub	100KiB-1MiB	resource	v	0	2
nist-epub-0004	nist	epub	100KiB-1MiB	resource	a0	0	31
nist-epub-0004	nist	epub	100KiB-1MiB	resource	a1	0	1
nist-epub-0004	nist	epub	100KiB-1MiB	metadata	v	0	2
nist-epub-0004	nist	epub	100KiB-1MiB	metadata	a0	0	31
nist-epub-0004	nist	epub	100KiB-1MiB	metadata	a1	0	1
nist-epub-0004	nist	epub	100KiB-1MiB	text_repeat	v	0	9
nist-epub-0004	nist	epub	100KiB-1MiB	text_repeat	a0	0	155
nist-epub-0004	nist	epub	100KiB-1MiB	text_repeat	a1	0	9
nist-epub-0004	nist	epub	100KiB-1MiB	exact	v	0	5
nist-epub-0004	nist	epub	100KiB-1MiB	exact	a1	0	1
nist-epub-0004	nist	epub	100KiB-1MiB	exact	a0	0	2
nist-epub-0005	nist	epub	100KiB-1MiB	text_once	v	0	15
nist-epub-0005	nist	epub	100KiB-1MiB	text_once	a0	0	24
nist-epub-0005	nist	epub	100KiB-1MiB	text_once	a1	0	1
nist-epub-0005	nist	epub	100KiB-1MiB	heading	v	0	40
nist-epub-0005	nist	epub	100KiB-1MiB	heading	a0	0	25
nist-epub-0005	nist	epub	100KiB-1MiB	heading	a1	0	2
nist-epub-0005	nist	epub	100KiB-1MiB	table	v	0	18
nist-epub-0005	nist	epub	100KiB-1MiB	table	a0	0	24
nist-epub-0005	nist	epub	100KiB-1MiB	table	a1	0	1
nist-epub-0005	nist	epub	100KiB-1MiB	resource	v	0	1
nist-epub-0005	nist	epub	100KiB-1MiB	resource	a0	0	23
nist-epub-0005	nist	epub	100KiB-1MiB	resource	a1	0	1
nist-epub-0005	nist	epub	100KiB-1MiB	metadata	v	0	1
nist-epub-0005	nist	epub	100KiB-1MiB	metadata	a0	0	24
nist-epub-0005	nist	epub	100KiB-1MiB	metadata	a1	0	1
nist-epub-0005	nist	epub	100KiB-1MiB	text_repeat	v	0	9
nist-epub-0005	nist	epub	100KiB-1MiB	text_repeat	a0	0	122
nist-epub-0005	nist	epub	100KiB-1MiB	text_repeat	a1	0	7
nist-epub-0005	nist	epub	100KiB-1MiB	exact	v	0	4
nist-epub-0005	nist	epub	100KiB-1MiB	exact	a1	0	2
nist-epub-0005	nist	epub	100KiB-1MiB	exact	a0	0	0
nist-epub-0006	nist	epub	100KiB-1MiB	text_once	v	0	14
nist-epub-0006	nist	epub	100KiB-1MiB	text_once	a0	0	23
nist-epub-0006	nist	epub	100KiB-1MiB	text_once	a1	0	2
nist-epub-0006	nist	epub	100KiB-1MiB	heading	v	0	37
nist-epub-0006	nist	epub	100KiB-1MiB	heading	a0	0	23
nist-epub-0006	nist	epub	100KiB-1MiB	heading	a1	0	1
nist-epub-0006	nist	epub	100KiB-1MiB	table	v	0	17
nist-epub-0006	nist	epub	100KiB-1MiB	table	a0	0	22
nist-epub-0006	nist	epub	100KiB-1MiB	table	a1	0	1
nist-epub-0006	nist	epub	100KiB-1MiB	resource	v	0	2
nist-epub-0006	nist	epub	100KiB-1MiB	resource	a0	0	22
nist-epub-0006	nist	epub	100KiB-1MiB	resource	a1	0	2
nist-epub-0006	nist	epub	100KiB-1MiB	metadata	v	0	1
nist-epub-0006	nist	epub	100KiB-1MiB	metadata	a0	0	23
nist-epub-0006	nist	epub	100KiB-1MiB	metadata	a1	0	2
nist-epub-0006	nist	epub	100KiB-1MiB	text_repeat	v	0	8
nist-epub-0006	nist	epub	100KiB-1MiB	text_repeat	a0	0	115
nist-epub-0006	nist	epub	100KiB-1MiB	text_repeat	a1	0	7
nist-epub-0006	nist	epub	100KiB-1MiB	exact	v	0	4
nist-epub-0006	nist	epub	100KiB-1MiB	exact	a1	0	1
nist-epub-0006	nist	epub	100KiB-1MiB	exact	a0	0	1
nist-epub-0007	nist	epub	100KiB-1MiB	text_once	v	0	14
nist-epub-0007	nist	epub	100KiB-1MiB	text_once	a0	0	27
nist-epub-0007	nist	epub	100KiB-1MiB	text_once	a1	0	1
nist-epub-0007	nist	epub	100KiB-1MiB	heading	v	0	45
nist-epub-0007	nist	epub	100KiB-1MiB	heading	a0	0	28
nist-epub-0007	nist	epub	100KiB-1MiB	heading	a1	0	1
nist-epub-0007	nist	epub	100KiB-1MiB	table	v	0	2
nist-epub-0007	nist	epub	100KiB-1MiB	table	a0	0	26
nist-epub-0007	nist	epub	100KiB-1MiB	table	a1	0	2
nist-epub-0007	nist	epub	100KiB-1MiB	resource	v	0	2
nist-epub-0007	nist	epub	100KiB-1MiB	resource	a0	0	27
nist-epub-0007	nist	epub	100KiB-1MiB	resource	a1	0	1
nist-epub-0007	nist	epub	100KiB-1MiB	metadata	v	0	2
nist-epub-0007	nist	epub	100KiB-1MiB	metadata	a0	0	28
nist-epub-0007	nist	epub	100KiB-1MiB	metadata	a1	0	1
nist-epub-0007	nist	epub	100KiB-1MiB	text_repeat	v	0	8
nist-epub-0007	nist	epub	100KiB-1MiB	text_repeat	a0	0	133
nist-epub-0007	nist	epub	100KiB-1MiB	text_repeat	a1	0	7
nist-epub-0007	nist	epub	100KiB-1MiB	exact	v	0	4
nist-epub-0007	nist	epub	100KiB-1MiB	exact	a1	0	1
nist-epub-0007	nist	epub	100KiB-1MiB	exact	a0	0	1
nist-epub-0008	nist	epub	<100KiB	text_once	v	0	13
nist-epub-0008	nist	epub	<100KiB	text_once	a0	1	23
nist-epub-0008	nist	epub	<100KiB	text_once	a1	1	2
nist-epub-0008	nist	epub	<100KiB	heading	v	0	37
nist-epub-0008	nist	epub	<100KiB	heading	a0	1	22
nist-epub-0008	nist	epub	<100KiB	heading	a1	1	2
nist-epub-0008	nist	epub	<100KiB	table	v	0	2
nist-epub-0008	nist	epub	<100KiB	table	a0	1	21
nist-epub-0008	nist	epub	<100KiB	table	a1	1	1
nist-epub-0008	nist	epub	<100KiB	resource	v	0	1
nist-epub-0008	nist	epub	<100KiB	resource	a0	1	20
nist-epub-0008	nist	epub	<100KiB	resource	a1	1	1
nist-epub-0008	nist	epub	<100KiB	metadata	v	0	1
nist-epub-0008	nist	epub	<100KiB	metadata	a0	1	20
nist-epub-0008	nist	epub	<100KiB	metadata	a1	1	1
nist-epub-0008	nist	epub	<100KiB	text_repeat	v	0	5
nist-epub-0008	nist	epub	<100KiB	text_repeat	a0	1	106
nist-epub-0008	nist	epub	<100KiB	text_repeat	a1	1	6
nist-epub-0008	nist	epub	<100KiB	exact	v	0	3
nist-epub-0008	nist	epub	<100KiB	exact	a1	1	1
nist-epub-0008	nist	epub	<100KiB	exact	a0	0	0
nist-epub-0009	nist	epub	1-10MiB	text_once	v	0	20
nist-epub-0009	nist	epub	1-10MiB	text_once	a0	0	27
nist-epub-0009	nist	epub	1-10MiB	text_once	a1	0	2
nist-epub-0009	nist	epub	1-10MiB	heading	v	0	44
nist-epub-0009	nist	epub	1-10MiB	heading	a0	0	27
nist-epub-0009	nist	epub	1-10MiB	heading	a1	0	2
nist-epub-0009	nist	epub	1-10MiB	table	v	0	35
nist-epub-0009	nist	epub	1-10MiB	table	a0	0	26
nist-epub-0009	nist	epub	1-10MiB	table	a1	0	1
nist-epub-0009	nist	epub	1-10MiB	resource	v	0	3
nist-epub-0009	nist	epub	1-10MiB	resource	a0	0	25
nist-epub-0009	nist	epub	1-10MiB	resource	a1	0	1
nist-epub-0009	nist	epub	1-10MiB	metadata	v	0	4
nist-epub-0009	nist	epub	1-10MiB	metadata	a0	0	26
nist-epub-0009	nist	epub	1-10MiB	metadata	a1	0	1
nist-epub-0009	nist	epub	1-10MiB	text_repeat	v	0	15
nist-epub-0009	nist	epub	1-10MiB	text_repeat	a0	0	126
nist-epub-0009	nist	epub	1-10MiB	text_repeat	a1	0	5
nist-epub-0009	nist	epub	1-10MiB	exact	v	0	7
nist-epub-0009	nist	epub	1-10MiB	exact	a1	0	2
nist-epub-0009	nist	epub	1-10MiB	exact	a0	0	0
nist-epub-0010	nist	epub	100KiB-1MiB	text_once	v	0	14
nist-epub-0010	nist	epub	100KiB-1MiB	text_once	a0	0	30
nist-epub-0010	nist	epub	100KiB-1MiB	text_once	a1	0	1
nist-epub-0010	nist	epub	100KiB-1MiB	heading	v	0	23
nist-epub-0010	nist	epub	100KiB-1MiB	heading	a0	0	29
nist-epub-0010	nist	epub	100KiB-1MiB	heading	a1	0	2
nist-epub-0010	nist	epub	100KiB-1MiB	table	v	0	2
nist-epub-0010	nist	epub	100KiB-1MiB	table	a0	0	29
nist-epub-0010	nist	epub	100KiB-1MiB	table	a1	0	2
nist-epub-0010	nist	epub	100KiB-1MiB	resource	v	0	1
nist-epub-0010	nist	epub	100KiB-1MiB	resource	a0	0	29
nist-epub-0010	nist	epub	100KiB-1MiB	resource	a1	0	2
nist-epub-0010	nist	epub	100KiB-1MiB	metadata	v	0	2
nist-epub-0010	nist	epub	100KiB-1MiB	metadata	a0	0	29
nist-epub-0010	nist	epub	100KiB-1MiB	metadata	a1	0	1
nist-epub-0010	nist	epub	100KiB-1MiB	text_repeat	v	0	8
nist-epub-0010	nist	epub	100KiB-1MiB	text_repeat	a0	0	144
nist-epub-0010	nist	epub	100KiB-1MiB	text_repeat	a1	0	5
nist-epub-0010	nist	epub	100KiB-1MiB	exact	v	0	3
nist-epub-0010	nist	epub	100KiB-1MiB	exact	a1	0	2
nist-epub-0010	nist	epub	100KiB-1MiB	exact	a0	0	0
