case	family	doc	policy	inject	detail	manifest	idx	ro	ro_err	rw	rw_err	entries	bad_hash	fetch_fail	prefix	exact	observe	verdict	note
a-nist-pdf-0017-SIGKILL-d0	A	nist-pdf-0017	batch	sigkill/sigabrt-at-delay	SIGKILL @ 0us	n	n	reopens_ok:0	-	reopens_ok:0	-	0	0	0	ok	NotApplicable	NoBaseline	PASS	no manifest: reopens_ok, prefix, every id re-hashes; SIGKILL/SIGABRT stop the process; page cache survives
a-nist-pdf-0017-SIGKILL-d0	A	nist-pdf-0017	batch	sigkill/sigabrt-at-delay	SIGKILL @ 0us	n	n	reopens_ok:0	-	reopens_ok:0	-	0	0	0	ok	NotApplicable	NoBaseline	PASS	no manifest: reopens_ok, prefix, every id re-hashes; SIGKILL/SIGABRT stop the process; page cache survives
a-nist-pdf-0017-SIGKILL-d19559	A	nist-pdf-0017	batch	sigkill/sigabrt-at-delay	SIGKILL @ 19559us	y	n	reopens_ok:1	-	reopens_ok:1	-	1	0	0	ok	Match	Match	PASS	manifest present: exact; observation matches; SIGKILL/SIGABRT stop the process; page cache survives
a-nist-pdf-0017-SIGKILL-d19559	A	nist-pdf-0017	batch	sigkill/sigabrt-at-delay	SIGKILL @ 19559us	y	n	reopens_ok:1	-	reopens_ok:1	-	1	0	0	ok	Match	Match	PASS	manifest present: exact; observation matches; SIGKILL/SIGABRT stop the process; page cache survives
a-nist-pdf-0017-SIGKILL-d39118	A	nist-pdf-0017	batch	sigkill/sigabrt-at-delay	SIGKILL @ 39118us	y	n	reopens_ok:1	-	reopens_ok:1	-	1	0	0	ok	Match	Match	PASS	manifest present: exact; observation matches; SIGKILL/SIGABRT stop the process; page cache survives
a-nist-pdf-0017-SIGKILL-d39118	A	nist-pdf-0017	batch	sigkill/sigabrt-at-delay	SIGKILL @ 39118us	y	n	reopens_ok:1	-	reopens_ok:1	-	1	0	0	ok	Match	Match	PASS	manifest present: exact; observation matches; SIGKILL/SIGABRT stop the process; page cache survives
a-nist-pdf-0017-SIGKILL-d58677	A	nist-pdf-0017	batch	sigkill/sigabrt-at-delay	SIGKILL @ 58677us	y	n	reopens_ok:1	-	reopens_ok:1	-	1	0	0	ok	Match	Match	PASS	manifest present: exact; observation matches; SIGKILL/SIGABRT stop the process; page cache survives
a-nist-pdf-0017-SIGKILL-d58677	A	nist-pdf-0017	batch	sigkill/sigabrt-at-delay	SIGKILL @ 58677us	y	n	reopens_ok:1	-	reopens_ok:1	-	1	0	0	ok	Match	Match	PASS	manifest present: exact; observation matches; SIGKILL/SIGABRT stop the process; page cache survives
a-nist-pdf-0017-SIGKILL-d78236	A	nist-pdf-0017	batch	sigkill/sigabrt-at-delay	SIGKILL @ 78236us	y	n	reopens_ok:1	-	reopens_ok:1	-	1	0	0	ok	Match	Match	PASS	manifest present: exact; observation matches; SIGKILL/SIGABRT stop the process; page cache survives
a-nist-pdf-0017-SIGKILL-d78236	A	nist-pdf-0017	batch	sigkill/sigabrt-at-delay	SIGKILL @ 78236us	y	n	reopens_ok:1	-	reopens_ok:1	-	1	0	0	ok	Match	Match	PASS	manifest present: exact; observation matches; SIGKILL/SIGABRT stop the process; page cache survives
a-nist-pdf-0017-SIGKILL-d97795	A	nist-pdf-0017	batch	sigkill/sigabrt-at-delay	SIGKILL @ 97795us	y	n	reopens_ok:1	-	reopens_ok:1	-	1	0	0	ok	Match	Match	PASS	manifest present: exact; observation matches; SIGKILL/SIGABRT stop the process; page cache survives
a-nist-pdf-0017-SIGKILL-d97795	A	nist-pdf-0017	batch	sigkill/sigabrt-at-delay	SIGKILL @ 97795us	y	n	reopens_ok:1	-	reopens_ok:1	-	1	0	0	ok	Match	Match	PASS	manifest present: exact; observation matches; SIGKILL/SIGABRT stop the process; page cache survives
a-nist-pdf-0017-SIGKILL-d117354	A	nist-pdf-0017	batch	sigkill/sigabrt-at-delay	SIGKILL @ 117354us	y	n	reopens_ok:1	-	reopens_ok:1	-	1	0	0	ok	Match	Match	PASS	manifest present: exact; observation matches; SIGKILL/SIGABRT stop the process; page cache survives
a-nist-pdf-0017-SIGKILL-d117354	A	nist-pdf-0017	batch	sigkill/sigabrt-at-delay	SIGKILL @ 117354us	y	n	reopens_ok:1	-	reopens_ok:1	-	1	0	0	ok	Match	Match	PASS	manifest present: exact; observation matches; SIGKILL/SIGABRT stop the process; page cache survives
a-nist-pdf-0017-SIGKILL-d136913	A	nist-pdf-0017	batch	sigkill/sigabrt-at-delay	SIGKILL @ 136913us	y	n	reopens_ok:1	-	reopens_ok:1	-	1	0	0	ok	Match	Match	PASS	manifest present: exact; observation matches; SIGKILL/SIGABRT stop the process; page cache survives
a-nist-pdf-0017-SIGKILL-d136913	A	nist-pdf-0017	batch	sigkill/sigabrt-at-delay	SIGKILL @ 136913us	y	n	reopens_ok:1	-	reopens_ok:1	-	1	0	0	ok	Match	Match	PASS	manifest present: exact; observation matches; SIGKILL/SIGABRT stop the process; page cache survives
a-nist-pdf-0017-SIGKILL-d156472	A	nist-pdf-0017	batch	sigkill/sigabrt-at-delay	SIGKILL @ 156472us	y	n	reopens_ok:1	-	reopens_ok:1	-	1	0	0	ok	Match	Match	PASS	manifest present: exact; observation matches; SIGKILL/SIGABRT stop the process; page cache survives
a-nist-pdf-0017-SIGKILL-d156472	A	nist-pdf-0017	batch	sigkill/sigabrt-at-delay	SIGKILL @ 156472us	y	n	reopens_ok:1	-	reopens_ok:1	-	1	0	0	ok	Match	Match	PASS	manifest present: exact; observation matches; SIGKILL/SIGABRT stop the process; page cache survives
a-nist-pdf-0017-SIGKILL-d176031	A	nist-pdf-0017	batch	sigkill/sigabrt-at-delay	SIGKILL @ 176031us	y	n	reopens_ok:1	-	reopens_ok:1	-	1	0	0	ok	Match	Match	PASS	manifest present: exact; observation matches; SIGKILL/SIGABRT stop the process; page cache survives
a-nist-pdf-0017-SIGKILL-d176031	A	nist-pdf-0017	batch	sigkill/sigabrt-at-delay	SIGKILL @ 176031us	y	n	reopens_ok:1	-	reopens_ok:1	-	1	0	0	ok	Match	Match	PASS	manifest present: exact; observation matches; SIGKILL/SIGABRT stop the process; page cache survives
a-nist-pdf-0017-SIGKILL-d195590	A	nist-pdf-0017	batch	sigkill/sigabrt-at-delay	SIGKILL @ 195590us	y	n	reopens_ok:1	-	reopens_ok:1	-	1	0	0	ok	Match	Match	PASS	manifest present: exact; observation matches; SIGKILL/SIGABRT stop the process; page cache survives
a-nist-pdf-0017-SIGKILL-d195590	A	nist-pdf-0017	batch	sigkill/sigabrt-at-delay	SIGKILL @ 195590us	y	n	reopens_ok:1	-	reopens_ok:1	-	1	0	0	ok	Match	Match	PASS	manifest present: exact; observation matches; SIGKILL/SIGABRT stop the process; page cache survives
a-nist-pdf-0017-SIGKILL-d215149	A	nist-pdf-0017	batch	sigkill/sigabrt-at-delay	SIGKILL @ 215149us	y	n	reopens_ok:1	-	reopens_ok:1	-	1	0	0	ok	Match	Match	PASS	manifest present: exact; observation matches; SIGKILL/SIGABRT stop the process; page cache survives
a-nist-pdf-0017-SIGKILL-d215149	A	nist-pdf-0017	batch	sigkill/sigabrt-at-delay	SIGKILL @ 215149us	y	n	reopens_ok:1	-	reopens_ok:1	-	1	0	0	ok	Match	Match	PASS	manifest present: exact; observation matches; SIGKILL/SIGABRT stop the process; page cache survives
a-nist-pdf-0017-SIGKILL-d234708	A	nist-pdf-0017	batch	sigkill/sigabrt-at-delay	SIGKILL @ 234708us	y	n	reopens_ok:1	-	reopens_ok:1	-	1	0	0	ok	Match	Match	PASS	manifest present: exact; observation matches; SIGKILL/SIGABRT stop the process; page cache survives
a-nist-pdf-0017-SIGKILL-d234708	A	nist-pdf-0017	batch	sigkill/sigabrt-at-delay	SIGKILL @ 234708us	y	n	reopens_ok:1	-	reopens_ok:1	-	1	0	0	ok	Match	Match	PASS	manifest present: exact; observation matches; SIGKILL/SIGABRT stop the process; page cache survives
a-nist-pdf-0017-SIGKILL-d254267	A	nist-pdf-0017	batch	sigkill/sigabrt-at-delay	SIGKILL @ 254267us	y	n	reopens_ok:1	-	reopens_ok:1	-	1	0	0	ok	Match	Match	PASS	manifest present: exact; observation matches; SIGKILL/SIGABRT stop the process; page cache survives
a-nist-pdf-0017-SIGKILL-d254267	A	nist-pdf-0017	batch	sigkill/sigabrt-at-delay	SIGKILL @ 254267us	y	n	reopens_ok:1	-	reopens_ok:1	-	1	0	0	ok	Match	Match	PASS	manifest present: exact; observation matches; SIGKILL/SIGABRT stop the process; page cache survives
a-nist-pdf-0017-SIGKILL-d273826	A	nist-pdf-0017	batch	sigkill/sigabrt-at-delay	SIGKILL @ 273826us	y	n	reopens_ok:1	-	reopens_ok:1	-	1	0	0	ok	Match	Match	PASS	manifest present: exact; observation matches; SIGKILL/SIGABRT stop the process; page cache survives
a-nist-pdf-0017-SIGKILL-d273826	A	nist-pdf-0017	batch	sigkill/sigabrt-at-delay	SIGKILL @ 273826us	y	n	reopens_ok:1	-	reopens_ok:1	-	1	0	0	ok	Match	Match	PASS	manifest present: exact; observation matches; SIGKILL/SIGABRT stop the process; page cache survives
a-nist-pdf-0017-SIGKILL-d293385	A	nist-pdf-0017	batch	sigkill/sigabrt-at-delay	SIGKILL @ 293385us	y	n	reopens_ok:1	-	reopens_ok:1	-	1	0	0	ok	Match	Match	PASS	manifest present: exact; observation matches; SIGKILL/SIGABRT stop the process; page cache survives
a-nist-pdf-0017-SIGKILL-d293385	A	nist-pdf-0017	batch	sigkill/sigabrt-at-delay	SIGKILL @ 293385us	y	n	reopens_ok:1	-	reopens_ok:1	-	1	0	0	ok	Match	Match	PASS	manifest present: exact; observation matches; SIGKILL/SIGABRT stop the process; page cache survives
a-nist-pdf-0017-SIGKILL-d312944	A	nist-pdf-0017	batch	sigkill/sigabrt-at-delay	SIGKILL @ 312944us	y	n	reopens_ok:1	-	reopens_ok:1	-	1	0	0	ok	Match	Match	PASS	manifest present: exact; observation matches; SIGKILL/SIGABRT stop the process; page cache survives
a-nist-pdf-0017-SIGKILL-d312944	A	nist-pdf-0017	batch	sigkill/sigabrt-at-delay	SIGKILL @ 312944us	y	n	reopens_ok:1	-	reopens_ok:1	-	1	0	0	ok	Match	Match	PASS	manifest present: exact; observation matches; SIGKILL/SIGABRT stop the process; page cache survives
a-nist-pdf-0017-SIGKILL-d332503	A	nist-pdf-0017	batch	sigkill/sigabrt-at-delay	SIGKILL @ 332503us	y	n	reopens_ok:1	-	reopens_ok:1	-	1	0	0	ok	Match	Match	PASS	manifest present: exact; observation matches; SIGKILL/SIGABRT stop the process; page cache survives
a-nist-pdf-0017-SIGKILL-d332503	A	nist-pdf-0017	batch	sigkill/sigabrt-at-delay	SIGKILL @ 332503us	y	n	reopens_ok:1	-	reopens_ok:1	-	1	0	0	ok	Match	Match	PASS	manifest present: exact; observation matches; SIGKILL/SIGABRT stop the process; page cache survives
a-nist-pdf-0017-SIGKILL-d352062	A	nist-pdf-0017	batch	sigkill/sigabrt-at-delay	SIGKILL @ 352062us	y	n	reopens_ok:1	-	reopens_ok:1	-	1	0	0	ok	Match	Match	PASS	manifest present: exact; observation matches; SIGKILL/SIGABRT stop the process; page cache survives
a-nist-pdf-0017-SIGKILL-d352062	A	nist-pdf-0017	batch	sigkill/sigabrt-at-delay	SIGKILL @ 352062us	y	n	reopens_ok:1	-	reopens_ok:1	-	1	0	0	ok	Match	Match	PASS	manifest present: exact; observation matches; SIGKILL/SIGABRT stop the process; page cache survives
a-nist-pdf-0017-SIGKILL-d371621	A	nist-pdf-0017	batch	sigkill/sigabrt-at-delay	SIGKILL @ 371621us	y	n	reopens_ok:1	-	reopens_ok:1	-	1	0	0	ok	Match	Match	PASS	manifest present: exact; observation matches; SIGKILL/SIGABRT stop the process; page cache survives
a-nist-pdf-0017-SIGKILL-d371621	A	nist-pdf-0017	batch	sigkill/sigabrt-at-delay	SIGKILL @ 371621us	y	n	reopens_ok:1	-	reopens_ok:1	-	1	0	0	ok	Match	Match	PASS	manifest present: exact; observation matches; SIGKILL/SIGABRT stop the process; page cache survives
a-nist-pdf-0017-SIGKILL-d391180	A	nist-pdf-0017	batch	sigkill/sigabrt-at-delay	SIGKILL @ 391180us	y	n	reopens_ok:1	-	reopens_ok:1	-	1	0	0	ok	Match	Match	PASS	manifest present: exact; observation matches; SIGKILL/SIGABRT stop the process; page cache survives
a-nist-pdf-0017-SIGKILL-d391180	A	nist-pdf-0017	batch	sigkill/sigabrt-at-delay	SIGKILL @ 391180us	y	n	reopens_ok:1	-	reopens_ok:1	-	1	0	0	ok	Match	Match	PASS	manifest present: exact; observation matches; SIGKILL/SIGABRT stop the process; page cache survives
a-nist-pdf-0017-SIGKILL-d410739	A	nist-pdf-0017	batch	sigkill/sigabrt-at-delay	SIGKILL @ 410739us	y	n	reopens_ok:1	-	reopens_ok:1	-	1	0	0	ok	Match	Match	PASS	manifest present: exact; observation matches; SIGKILL/SIGABRT stop the process; page cache survives
a-nist-pdf-0017-SIGKILL-d410739	A	nist-pdf-0017	batch	sigkill/sigabrt-at-delay	SIGKILL @ 410739us	y	n	reopens_ok:1	-	reopens_ok:1	-	1	0	0	ok	Match	Match	PASS	manifest present: exact; observation matches; SIGKILL/SIGABRT stop the process; page cache survives
a-nist-pdf-0017-SIGKILL-d430298	A	nist-pdf-0017	batch	sigkill/sigabrt-at-delay	SIGKILL @ 430298us	y	n	reopens_ok:1	-	reopens_ok:1	-	1	0	0	ok	Match	Match	PASS	manifest present: exact; observation matches; SIGKILL/SIGABRT stop the process; page cache survives
a-nist-pdf-0017-SIGKILL-d430298	A	nist-pdf-0017	batch	sigkill/sigabrt-at-delay	SIGKILL @ 430298us	y	n	reopens_ok:1	-	reopens_ok:1	-	1	0	0	ok	Match	Match	PASS	manifest present: exact; observation matches; SIGKILL/SIGABRT stop the process; page cache survives
a-nist-pdf-0017-SIGKILL-d449857	A	nist-pdf-0017	batch	sigkill/sigabrt-at-delay	SIGKILL @ 449857us	y	n	reopens_ok:1	-	reopens_ok:1	-	1	0	0	ok	Match	Match	PASS	manifest present: exact; observation matches; SIGKILL/SIGABRT stop the process; page cache survives
a-nist-pdf-0017-SIGKILL-d449857	A	nist-pdf-0017	batch	sigkill/sigabrt-at-delay	SIGKILL @ 449857us	y	n	reopens_ok:1	-	reopens_ok:1	-	1	0	0	ok	Match	Match	PASS	manifest present: exact; observation matches; SIGKILL/SIGABRT stop the process; page cache survives
a-nist-pdf-0017-SIGKILL-d469416	A	nist-pdf-0017	batch	sigkill/sigabrt-at-delay	SIGKILL @ 469416us	y	n	reopens_ok:1	-	reopens_ok:1	-	1	0	0	ok	Match	Match	PASS	manifest present: exact; observation matches; SIGKILL/SIGABRT stop the process; page cache survives
a-nist-pdf-0017-SIGKILL-d469416	A	nist-pdf-0017	batch	sigkill/sigabrt-at-delay	SIGKILL @ 469416us	y	n	reopens_ok:1	-	reopens_ok:1	-	1	0	0	ok	Match	Match	PASS	manifest present: exact; observation matches; SIGKILL/SIGABRT stop the process; page cache survives
a-nist-pdf-0017-SIGKILL-d488975	A	nist-pdf-0017	batch	sigkill/sigabrt-at-delay	SIGKILL @ 488975us	y	n	reopens_ok:1	-	reopens_ok:1	-	1	0	0	ok	Match	Match	PASS	manifest present: exact; observation matches; SIGKILL/SIGABRT stop the process; page cache survives
a-nist-pdf-0017-SIGKILL-d488975	A	nist-pdf-0017	batch	sigkill/sigabrt-at-delay	SIGKILL @ 488975us	y	n	reopens_ok:1	-	reopens_ok:1	-	1	0	0	ok	Match	Match	PASS	manifest present: exact; observation matches; SIGKILL/SIGABRT stop the process; page cache survives
a-nist-pdf-0017-SIGKILL-d508534	A	nist-pdf-0017	batch	sigkill/sigabrt-at-delay	SIGKILL @ 508534us	y	n	reopens_ok:1	-	reopens_ok:1	-	1	0	0	ok	Match	Match	PASS	manifest present: exact; observation matches; SIGKILL/SIGABRT stop the process; page cache survives
a-nist-pdf-0017-SIGKILL-d508534	A	nist-pdf-0017	batch	sigkill/sigabrt-at-delay	SIGKILL @ 508534us	y	n	reopens_ok:1	-	reopens_ok:1	-	1	0	0	ok	Match	Match	PASS	manifest present: exact; observation matches; SIGKILL/SIGABRT stop the process; page cache survives
a-nist-pdf-0017-SIGKILL-d528093	A	nist-pdf-0017	batch	sigkill/sigabrt-at-delay	SIGKILL @ 528093us	y	n	reopens_ok:1	-	reopens_ok:1	-	1	0	0	ok	Match	Match	PASS	manifest present: exact; observation matches; SIGKILL/SIGABRT stop the process; page cache survives
a-nist-pdf-0017-SIGKILL-d528093	A	nist-pdf-0017	batch	sigkill/sigabrt-at-delay	SIGKILL @ 528093us	y	n	reopens_ok:1	-	reopens_ok:1	-	1	0	0	ok	Match	Match	PASS	manifest present: exact; observation matches; SIGKILL/SIGABRT stop the process; page cache survives
a-nist-pdf-0017-SIGKILL-d547652	A	nist-pdf-0017	batch	sigkill/sigabrt-at-delay	SIGKILL @ 547652us	y	n	reopens_ok:1	-	reopens_ok:1	-	1	0	0	ok	Match	Match	PASS	manifest present: exact; observation matches; SIGKILL/SIGABRT stop the process; page cache survives
a-nist-pdf-0017-SIGKILL-d547652	A	nist-pdf-0017	batch	sigkill/sigabrt-at-delay	SIGKILL @ 547652us	y	n	reopens_ok:1	-	reopens_ok:1	-	1	0	0	ok	Match	Match	PASS	manifest present: exact; observation matches; SIGKILL/SIGABRT stop the process; page cache survives
a-nist-pdf-0017-SIGKILL-d567211	A	nist-pdf-0017	batch	sigkill/sigabrt-at-delay	SIGKILL @ 567211us	y	n	reopens_ok:1	-	reopens_ok:1	-	1	0	0	ok	Match	Match	PASS	manifest present: exact; observation matches; SIGKILL/SIGABRT stop the process; page cache survives
a-nist-pdf-0017-SIGKILL-d567211	A	nist-pdf-0017	batch	sigkill/sigabrt-at-delay	SIGKILL @ 567211us	y	n	reopens_ok:1	-	reopens_ok:1	-	1	0	0	ok	Match	Match	PASS	manifest present: exact; observation matches; SIGKILL/SIGABRT stop the process; page cache survives
a-nist-pdf-0017-SIGKILL-d586770	A	nist-pdf-0017	batch	sigkill/sigabrt-at-delay	SIGKILL @ 586770us	y	n	reopens_ok:1	-	reopens_ok:1	-	1	0	0	ok	Match	Match	PASS	manifest present: exact; observation matches; SIGKILL/SIGABRT stop the process; page cache survives
a-nist-pdf-0017-SIGKILL-d586770	A	nist-pdf-0017	batch	sigkill/sigabrt-at-delay	SIGKILL @ 586770us	y	n	reopens_ok:1	-	reopens_ok:1	-	1	0	0	ok	Match	Match	PASS	manifest present: exact; observation matches; SIGKILL/SIGABRT stop the process; page cache survives
a-nist-pdf-0017-SIGKILL-d606329	A	nist-pdf-0017	batch	sigkill/sigabrt-at-delay	SIGKILL @ 606329us	y	n	reopens_ok:1	-	reopens_ok:1	-	1	0	0	ok	Match	Match	PASS	manifest present: exact; observation matches; SIGKILL/SIGABRT stop the process; page cache survives
a-nist-pdf-0017-SIGKILL-d606329	A	nist-pdf-0017	batch	sigkill/sigabrt-at-delay	SIGKILL @ 606329us	y	n	reopens_ok:1	-	reopens_ok:1	-	1	0	0	ok	Match	Match	PASS	manifest present: exact; observation matches; SIGKILL/SIGABRT stop the process; page cache survives
a-nist-pdf-0017-SIGKILL-d625888	A	nist-pdf-0017	batch	sigkill/sigabrt-at-delay	SIGKILL @ 625888us	y	n	reopens_ok:1	-	reopens_ok:1	-	1	0	0	ok	Match	Match	PASS	manifest present: exact; observation matches; SIGKILL/SIGABRT stop the process; page cache survives
a-nist-pdf-0017-SIGKILL-d625888	A	nist-pdf-0017	batch	sigkill/sigabrt-at-delay	SIGKILL @ 625888us	y	n	reopens_ok:1	-	reopens_ok:1	-	1	0	0	ok	Match	Match	PASS	manifest present: exact; observation matches; SIGKILL/SIGABRT stop the process; page cache survives
a-nist-pdf-0017-SIGKILL-d645447	A	nist-pdf-0017	batch	sigkill/sigabrt-at-delay	SIGKILL @ 645447us	y	n	reopens_ok:1	-	reopens_ok:1	-	1	0	0	ok	Match	Match	PASS	manifest present: exact; observation matches; SIGKILL/SIGABRT stop the process; page cache survives
a-nist-pdf-0017-SIGKILL-d645447	A	nist-pdf-0017	batch	sigkill/sigabrt-at-delay	SIGKILL @ 645447us	y	n	reopens_ok:1	-	reopens_ok:1	-	1	0	0	ok	Match	Match	PASS	manifest present: exact; observation matches; SIGKILL/SIGABRT stop the process; page cache survives
a-nist-pdf-0017-SIGKILL-d665006	A	nist-pdf-0017	batch	sigkill/sigabrt-at-delay	SIGKILL @ 665006us	y	n	reopens_ok:1	-	reopens_ok:1	-	1	0	0	ok	Match	Match	PASS	manifest present: exact; observation matches; SIGKILL/SIGABRT stop the process; page cache survives
a-nist-pdf-0017-SIGKILL-d665006	A	nist-pdf-0017	batch	sigkill/sigabrt-at-delay	SIGKILL @ 665006us	y	n	reopens_ok:1	-	reopens_ok:1	-	1	0	0	ok	Match	Match	PASS	manifest present: exact; observation matches; SIGKILL/SIGABRT stop the process; page cache survives
a-nist-pdf-0017-SIGKILL-d684565	A	nist-pdf-0017	batch	sigkill/sigabrt-at-delay	SIGKILL @ 684565us	y	n	reopens_ok:1	-	reopens_ok:1	-	1	0	0	ok	Match	Match	PASS	manifest present: exact; observation matches; SIGKILL/SIGABRT stop the process; page cache survives
a-nist-pdf-0017-SIGKILL-d684565	A	nist-pdf-0017	batch	sigkill/sigabrt-at-delay	SIGKILL @ 684565us	y	n	reopens_ok:1	-	reopens_ok:1	-	1	0	0	ok	Match	Match	PASS	manifest present: exact; observation matches; SIGKILL/SIGABRT stop the process; page cache survives
a-nist-pdf-0017-SIGKILL-d704124	A	nist-pdf-0017	batch	sigkill/sigabrt-at-delay	SIGKILL @ 704124us	y	n	reopens_ok:1	-	reopens_ok:1	-	1	0	0	ok	Match	Match	PASS	manifest present: exact; observation matches; SIGKILL/SIGABRT stop the process; page cache survives
a-nist-pdf-0017-SIGKILL-d704124	A	nist-pdf-0017	batch	sigkill/sigabrt-at-delay	SIGKILL @ 704124us	y	n	reopens_ok:1	-	reopens_ok:1	-	1	0	0	ok	Match	Match	PASS	manifest present: exact; observation matches; SIGKILL/SIGABRT stop the process; page cache survives
a-nist-pdf-0017-SIGKILL-d723683	A	nist-pdf-0017	batch	sigkill/sigabrt-at-delay	SIGKILL @ 723683us	y	n	reopens_ok:1	-	reopens_ok:1	-	1	0	0	ok	Match	Match	PASS	manifest present: exact; observation matches; SIGKILL/SIGABRT stop the process; page cache survives
a-nist-pdf-0017-SIGKILL-d723683	A	nist-pdf-0017	batch	sigkill/sigabrt-at-delay	SIGKILL @ 723683us	y	n	reopens_ok:1	-	reopens_ok:1	-	1	0	0	ok	Match	Match	PASS	manifest present: exact; observation matches; SIGKILL/SIGABRT stop the process; page cache survives
a-nist-pdf-0017-SIGKILL-d743242	A	nist-pdf-0017	batch	sigkill/sigabrt-at-delay	SIGKILL @ 743242us	y	n	reopens_ok:1	-	reopens_ok:1	-	1	0	0	ok	Match	Match	PASS	manifest present: exact; observation matches; SIGKILL/SIGABRT stop the process; page cache survives
a-nist-pdf-0017-SIGKILL-d743242	A	nist-pdf-0017	batch	sigkill/sigabrt-at-delay	SIGKILL @ 743242us	y	n	reopens_ok:1	-	reopens_ok:1	-	1	0	0	ok	Match	Match	PASS	manifest present: exact; observation matches; SIGKILL/SIGABRT stop the process; page cache survives
a-nist-pdf-0017-SIGKILL-d762801	A	nist-pdf-0017	batch	sigkill/sigabrt-at-delay	SIGKILL @ 762801us	y	n	reopens_ok:1	-	reopens_ok:1	-	1	0	0	ok	Match	Match	PASS	manifest present: exact; observation matches; SIGKILL/SIGABRT stop the process; page cache survives
a-nist-pdf-0017-SIGKILL-d762801	A	nist-pdf-0017	batch	sigkill/sigabrt-at-delay	SIGKILL @ 762801us	y	n	reopens_ok:1	-	reopens_ok:1	-	1	0	0	ok	Match	Match	PASS	manifest present: exact; observation matches; SIGKILL/SIGABRT stop the process; page cache survives
a-nist-pdf-0017-SIGKILL-d782360	A	nist-pdf-0017	batch	sigkill/sigabrt-at-delay	SIGKILL @ 782360us	y	n	reopens_ok:1	-	reopens_ok:1	-	1	0	0	ok	Match	Match	PASS	manifest present: exact; observation matches; SIGKILL/SIGABRT stop the process; page cache survives
a-nist-pdf-0017-SIGKILL-d782360	A	nist-pdf-0017	batch	sigkill/sigabrt-at-delay	SIGKILL @ 782360us	y	n	reopens_ok:1	-	reopens_ok:1	-	1	0	0	ok	Match	Match	PASS	manifest present: exact; observation matches; SIGKILL/SIGABRT stop the process; page cache survives
a-nist-pdf-0017-SIGKILL-d801919	A	nist-pdf-0017	batch	sigkill/sigabrt-at-delay	SIGKILL @ 801919us	y	n	reopens_ok:1	-	reopens_ok:1	-	1	0	0	ok	Match	Match	PASS	manifest present: exact; observation matches; SIGKILL/SIGABRT stop the process; page cache survives
a-nist-pdf-0017-SIGKILL-d801919	A	nist-pdf-0017	batch	sigkill/sigabrt-at-delay	SIGKILL @ 801919us	y	n	reopens_ok:1	-	reopens_ok:1	-	1	0	0	ok	Match	Match	PASS	manifest present: exact; observation matches; SIGKILL/SIGABRT stop the process; page cache survives
a-nist-pdf-0017-SIGKILL-d821478	A	nist-pdf-0017	batch	sigkill/sigabrt-at-delay	SIGKILL @ 821478us	y	n	reopens_ok:1	-	reopens_ok:1	-	1	0	0	ok	Match	Match	PASS	manifest present: exact; observation matches; SIGKILL/SIGABRT stop the process; page cache survives
a-nist-pdf-0017-SIGKILL-d821478	A	nist-pdf-0017	batch	sigkill/sigabrt-at-delay	SIGKILL @ 821478us	y	n	reopens_ok:1	-	reopens_ok:1	-	1	0	0	ok	Match	Match	PASS	manifest present: exact; observation matches; SIGKILL/SIGABRT stop the process; page cache survives
a-nist-pdf-0017-SIGKILL-d841037	A	nist-pdf-0017	batch	sigkill/sigabrt-at-delay	SIGKILL @ 841037us	y	n	reopens_ok:1	-	reopens_ok:1	-	1	0	0	ok	Match	Match	PASS	manifest present: exact; observation matches; SIGKILL/SIGABRT stop the process; page cache survives
a-nist-pdf-0017-SIGKILL-d841037	A	nist-pdf-0017	batch	sigkill/sigabrt-at-delay	SIGKILL @ 841037us	y	n	reopens_ok:1	-	reopens_ok:1	-	1	0	0	ok	Match	Match	PASS	manifest present: exact; observation matches; SIGKILL/SIGABRT stop the process; page cache survives
a-nist-pdf-0017-SIGKILL-d860596	A	nist-pdf-0017	batch	sigkill/sigabrt-at-delay	SIGKILL @ 860596us	y	n	reopens_ok:1	-	reopens_ok:1	-	1	0	0	ok	Match	Match	PASS	manifest present: exact; observation matches; SIGKILL/SIGABRT stop the process; page cache survives
a-nist-pdf-0017-SIGKILL-d860596	A	nist-pdf-0017	batch	sigkill/sigabrt-at-delay	SIGKILL @ 860596us	y	n	reopens_ok:1	-	reopens_ok:1	-	1	0	0	ok	Match	Match	PASS	manifest present: exact; observation matches; SIGKILL/SIGABRT stop the process; page cache survives
a-nist-pdf-0017-SIGKILL-d880155	A	nist-pdf-0017	batch	sigkill/sigabrt-at-delay	SIGKILL @ 880155us	y	n	reopens_ok:1	-	reopens_ok:1	-	1	0	0	ok	Match	Match	PASS	manifest present: exact; observation matches; SIGKILL/SIGABRT stop the process; page cache survives
a-nist-pdf-0017-SIGKILL-d880155	A	nist-pdf-0017	batch	sigkill/sigabrt-at-delay	SIGKILL @ 880155us	y	n	reopens_ok:1	-	reopens_ok:1	-	1	0	0	ok	Match	Match	PASS	manifest present: exact; observation matches; SIGKILL/SIGABRT stop the process; page cache survives
a-nist-pdf-0017-SIGKILL-d899714	A	nist-pdf-0017	batch	sigkill/sigabrt-at-delay	SIGKILL @ 899714us	y	n	reopens_ok:1	-	reopens_ok:1	-	1	0	0	ok	Match	Match	PASS	manifest present: exact; observation matches; SIGKILL/SIGABRT stop the process; page cache survives
a-nist-pdf-0017-SIGKILL-d899714	A	nist-pdf-0017	batch	sigkill/sigabrt-at-delay	SIGKILL @ 899714us	y	n	reopens_ok:1	-	reopens_ok:1	-	1	0	0	ok	Match	Match	PASS	manifest present: exact; observation matches; SIGKILL/SIGABRT stop the process; page cache survives
a-nist-pdf-0017-SIGKILL-d919273	A	nist-pdf-0017	batch	sigkill/sigabrt-at-delay	SIGKILL @ 919273us	y	n	reopens_ok:1	-	reopens_ok:1	-	1	0	0	ok	Match	Match	PASS	manifest present: exact; observation matches; SIGKILL/SIGABRT stop the process; page cache survives
a-nist-pdf-0017-SIGKILL-d919273	A	nist-pdf-0017	batch	sigkill/sigabrt-at-delay	SIGKILL @ 919273us	y	n	reopens_ok:1	-	reopens_ok:1	-	1	0	0	ok	Match	Match	PASS	manifest present: exact; observation matches; SIGKILL/SIGABRT stop the process; page cache survives
a-nist-pdf-0017-SIGKILL-d938832	A	nist-pdf-0017	batch	sigkill/sigabrt-at-delay	SIGKILL @ 938832us	y	n	reopens_ok:1	-	reopens_ok:1	-	1	0	0	ok	Match	Match	PASS	manifest present: exact; observation matches; SIGKILL/SIGABRT stop the process; page cache survives
a-nist-pdf-0017-SIGKILL-d938832	A	nist-pdf-0017	batch	sigkill/sigabrt-at-delay	SIGKILL @ 938832us	y	n	reopens_ok:1	-	reopens_ok:1	-	1	0	0	ok	Match	Match	PASS	manifest present: exact; observation matches; SIGKILL/SIGABRT stop the process; page cache survives
a-nist-pdf-0017-SIGKILL-d958391	A	nist-pdf-0017	batch	sigkill/sigabrt-at-delay	SIGKILL @ 958391us	y	n	reopens_ok:1	-	reopens_ok:1	-	1	0	0	ok	Match	Match	PASS	manifest present: exact; observation matches; SIGKILL/SIGABRT stop the process; page cache survives
a-nist-pdf-0017-SIGKILL-d958391	A	nist-pdf-0017	batch	sigkill/sigabrt-at-delay	SIGKILL @ 958391us	y	n	reopens_ok:1	-	reopens_ok:1	-	1	0	0	ok	Match	Match	PASS	manifest present: exact; observation matches; SIGKILL/SIGABRT stop the process; page cache survives
a-nist-pdf-0017-SIGKILL-d977950	A	nist-pdf-0017	batch	sigkill/sigabrt-at-delay	SIGKILL @ 977950us	y	n	reopens_ok:1	-	reopens_ok:1	-	1	0	0	ok	Match	Match	PASS	manifest present: exact; observation matches; SIGKILL/SIGABRT stop the process; page cache survives
a-nist-pdf-0017-SIGKILL-d977950	A	nist-pdf-0017	batch	sigkill/sigabrt-at-delay	SIGKILL @ 977950us	y	n	reopens_ok:1	-	reopens_ok:1	-	1	0	0	ok	Match	Match	PASS	manifest present: exact; observation matches; SIGKILL/SIGABRT stop the process; page cache survives
a-nist-pdf-0017-SIGKILL-d997509	A	nist-pdf-0017	batch	sigkill/sigabrt-at-delay	SIGKILL @ 997509us	y	n	reopens_ok:1	-	reopens_ok:1	-	1	0	0	ok	Match	Match	PASS	manifest present: exact; observation matches; SIGKILL/SIGABRT stop the process; page cache survives
a-nist-pdf-0017-SIGKILL-d997509	A	nist-pdf-0017	batch	sigkill/sigabrt-at-delay	SIGKILL @ 997509us	y	n	reopens_ok:1	-	reopens_ok:1	-	1	0	0	ok	Match	Match	PASS	manifest present: exact; observation matches; SIGKILL/SIGABRT stop the process; page cache survives
a-nist-pdf-0017-SIGKILL-d1017068	A	nist-pdf-0017	batch	sigkill/sigabrt-at-delay	SIGKILL @ 1017068us	y	n	reopens_ok:1	-	reopens_ok:1	-	1	0	0	ok	Match	Match	PASS	manifest present: exact; observation matches; SIGKILL/SIGABRT stop the process; page cache survives
a-nist-pdf-0017-SIGKILL-d1017068	A	nist-pdf-0017	batch	sigkill/sigabrt-at-delay	SIGKILL @ 1017068us	y	n	reopens_ok:1	-	reopens_ok:1	-	1	0	0	ok	Match	Match	PASS	manifest present: exact; observation matches; SIGKILL/SIGABRT stop the process; page cache survives
a-nist-pdf-0017-SIGKILL-d1036627	A	nist-pdf-0017	batch	sigkill/sigabrt-at-delay	SIGKILL @ 1036627us	y	n	reopens_ok:1	-	reopens_ok:1	-	1	0	0	ok	Match	Match	PASS	manifest present: exact; observation matches; SIGKILL/SIGABRT stop the process; page cache survives
a-nist-pdf-0017-SIGKILL-d1036627	A	nist-pdf-0017	batch	sigkill/sigabrt-at-delay	SIGKILL @ 1036627us	y	n	reopens_ok:1	-	reopens_ok:1	-	1	0	0	ok	Match	Match	PASS	manifest present: exact; observation matches; SIGKILL/SIGABRT stop the process; page cache survives
a-nist-pdf-0017-SIGKILL-d1056186	A	nist-pdf-0017	batch	sigkill/sigabrt-at-delay	SIGKILL @ 1056186us	y	n	reopens_ok:1	-	reopens_ok:1	-	1	0	0	ok	Match	Match	PASS	manifest present: exact; observation matches; SIGKILL/SIGABRT stop the process; page cache survives
a-nist-pdf-0017-SIGKILL-d1056186	A	nist-pdf-0017	batch	sigkill/sigabrt-at-delay	SIGKILL @ 1056186us	y	n	reopens_ok:1	-	reopens_ok:1	-	1	0	0	ok	Match	Match	PASS	manifest present: exact; observation matches; SIGKILL/SIGABRT stop the process; page cache survives
a-nist-pdf-0017-SIGKILL-d1075745	A	nist-pdf-0017	batch	sigkill/sigabrt-at-delay	SIGKILL @ 1075745us	y	n	reopens_ok:1	-	reopens_ok:1	-	1	0	0	ok	Match	Match	PASS	manifest present: exact; observation matches; SIGKILL/SIGABRT stop the process; page cache survives
a-nist-pdf-0017-SIGKILL-d1075745	A	nist-pdf-0017	batch	sigkill/sigabrt-at-delay	SIGKILL @ 1075745us	y	n	reopens_ok:1	-	reopens_ok:1	-	1	0	0	ok	Match	Match	PASS	manifest present: exact; observation matches; SIGKILL/SIGABRT stop the process; page cache survives
a-nist-pdf-0017-SIGKILL-d1095304	A	nist-pdf-0017	batch	sigkill/sigabrt-at-delay	SIGKILL @ 1095304us	y	n	reopens_ok:1	-	reopens_ok:1	-	1	0	0	ok	Match	Match	PASS	manifest present: exact; observation matches; SIGKILL/SIGABRT stop the process; page cache survives
a-nist-pdf-0017-SIGKILL-d1095304	A	nist-pdf-0017	batch	sigkill/sigabrt-at-delay	SIGKILL @ 1095304us	y	n	reopens_ok:1	-	reopens_ok:1	-	1	0	0	ok	Match	Match	PASS	manifest present: exact; observation matches; SIGKILL/SIGABRT stop the process; page cache survives
a-nist-pdf-0017-SIGKILL-d1114863	A	nist-pdf-0017	batch	sigkill/sigabrt-at-delay	SIGKILL @ 1114863us	y	y	reopens_ok:6792	-	reopens_ok:6792	-	6792	0	0	ok	Match	Match	PASS	manifest present: exact; observation matches; SIGKILL/SIGABRT stop the process; page cache survives
a-nist-pdf-0017-SIGKILL-d1114863	A	nist-pdf-0017	batch	sigkill/sigabrt-at-delay	SIGKILL @ 1114863us	y	y	reopens_ok:6792	-	reopens_ok:6792	-	6792	0	0	ok	Match	Match	PASS	manifest present: exact; observation matches; SIGKILL/SIGABRT stop the process; page cache survives
a-nist-pdf-0017-SIGKILL-after-manifest	A	nist-pdf-0017	batch	sigkill/sigabrt-at-boundary	SIGKILL @ after-manifest	y	n	reopens_ok:1	-	reopens_ok:1	-	1	0	0	ok	Match	Match	PASS	manifest present: exact; observation matches; polled to the manifest/index publication window
a-nist-pdf-0017-SIGKILL-after-manifest	A	nist-pdf-0017	batch	sigkill/sigabrt-at-boundary	SIGKILL @ after-manifest	y	n	reopens_ok:1	-	reopens_ok:1	-	1	0	0	ok	Match	Match	PASS	manifest present: exact; observation matches; polled to the manifest/index publication window
a-nist-pdf-0017-SIGKILL-after-manifest	A	nist-pdf-0017	batch	sigkill/sigabrt-at-boundary	SIGKILL @ after-manifest	y	n	reopens_ok:1	-	reopens_ok:1	-	1	0	0	ok	Match	Match	PASS	manifest present: exact; observation matches; polled to the manifest/index publication window
a-nist-pdf-0017-SIGKILL-after-manifest	A	nist-pdf-0017	batch	sigkill/sigabrt-at-boundary	SIGKILL @ after-manifest	y	n	reopens_ok:1	-	reopens_ok:1	-	1	0	0	ok	Match	Match	PASS	manifest present: exact; observation matches; polled to the manifest/index publication window
a-nist-pdf-0017-SIGKILL-after-manifest	A	nist-pdf-0017	batch	sigkill/sigabrt-at-boundary	SIGKILL @ after-manifest	y	n	reopens_ok:1	-	reopens_ok:1	-	1	0	0	ok	Match	Match	PASS	manifest present: exact; observation matches; polled to the manifest/index publication window
a-nist-pdf-0017-SIGKILL-after-manifest	A	nist-pdf-0017	batch	sigkill/sigabrt-at-boundary	SIGKILL @ after-manifest	y	n	reopens_ok:1	-	reopens_ok:1	-	1	0	0	ok	Match	Match	PASS	manifest present: exact; observation matches; polled to the manifest/index publication window
a-nist-pdf-0017-SIGKILL-after-idx	A	nist-pdf-0017	batch	sigkill/sigabrt-at-boundary	SIGKILL @ after-idx	y	y	reopens_ok:6792	-	reopens_ok:6792	-	6792	0	0	ok	Match	Match	PASS	manifest present: exact; observation matches; polled to the manifest/index publication window
a-nist-pdf-0017-SIGKILL-after-idx	A	nist-pdf-0017	batch	sigkill/sigabrt-at-boundary	SIGKILL @ after-idx	y	y	reopens_ok:6792	-	reopens_ok:6792	-	6792	0	0	ok	Match	Match	PASS	manifest present: exact; observation matches; polled to the manifest/index publication window
a-nist-pdf-0017-SIGKILL-after-idx	A	nist-pdf-0017	batch	sigkill/sigabrt-at-boundary	SIGKILL @ after-idx	y	y	reopens_ok:6792	-	reopens_ok:6792	-	6792	0	0	ok	Match	Match	PASS	manifest present: exact; observation matches; polled to the manifest/index publication window
a-nist-pdf-0017-SIGKILL-after-idx	A	nist-pdf-0017	batch	sigkill/sigabrt-at-boundary	SIGKILL @ after-idx	y	y	reopens_ok:6792	-	reopens_ok:6792	-	6792	0	0	ok	Match	Match	PASS	manifest present: exact; observation matches; polled to the manifest/index publication window
a-nist-pdf-0017-SIGKILL-after-idx	A	nist-pdf-0017	batch	sigkill/sigabrt-at-boundary	SIGKILL @ after-idx	y	y	reopens_ok:6792	-	reopens_ok:6792	-	6792	0	0	ok	Match	Match	PASS	manifest present: exact; observation matches; polled to the manifest/index publication window
a-nist-pdf-0017-SIGKILL-after-idx	A	nist-pdf-0017	batch	sigkill/sigabrt-at-boundary	SIGKILL @ after-idx	y	y	reopens_ok:6792	-	reopens_ok:6792	-	6792	0	0	ok	Match	Match	PASS	manifest present: exact; observation matches; polled to the manifest/index publication window
a-nist-pdf-0017-SIGABRT-d0	A	nist-pdf-0017	batch	sigkill/sigabrt-at-delay	SIGABRT @ 0us	y	y	reopens_ok:6792	-	reopens_ok:6792	-	6792	0	0	ok	Match	Match	PASS	manifest present: exact; observation matches; SIGKILL/SIGABRT stop the process; page cache survives
a-nist-pdf-0017-SIGABRT-d0	A	nist-pdf-0017	batch	sigkill/sigabrt-at-delay	SIGABRT @ 0us	y	y	reopens_ok:6792	-	reopens_ok:6792	-	6792	0	0	ok	Match	Match	PASS	manifest present: exact; observation matches; SIGKILL/SIGABRT stop the process; page cache survives
a-nist-pdf-0017-SIGABRT-d19559	A	nist-pdf-0017	batch	sigkill/sigabrt-at-delay	SIGABRT @ 19559us	y	y	reopens_ok:6792	-	reopens_ok:6792	-	6792	0	0	ok	Match	Match	PASS	manifest present: exact; observation matches; SIGKILL/SIGABRT stop the process; page cache survives
a-nist-pdf-0017-SIGABRT-d19559	A	nist-pdf-0017	batch	sigkill/sigabrt-at-delay	SIGABRT @ 19559us	y	y	reopens_ok:6792	-	reopens_ok:6792	-	6792	0	0	ok	Match	Match	PASS	manifest present: exact; observation matches; SIGKILL/SIGABRT stop the process; page cache survives
a-nist-pdf-0017-SIGABRT-d39118	A	nist-pdf-0017	batch	sigkill/sigabrt-at-delay	SIGABRT @ 39118us	y	y	reopens_ok:6792	-	reopens_ok:6792	-	6792	0	0	ok	Match	Match	PASS	manifest present: exact; observation matches; SIGKILL/SIGABRT stop the process; page cache survives
a-nist-pdf-0017-SIGABRT-d39118	A	nist-pdf-0017	batch	sigkill/sigabrt-at-delay	SIGABRT @ 39118us	y	y	reopens_ok:6792	-	reopens_ok:6792	-	6792	0	0	ok	Match	Match	PASS	manifest present: exact; observation matches; SIGKILL/SIGABRT stop the process; page cache survives
a-nist-pdf-0017-SIGABRT-d58677	A	nist-pdf-0017	batch	sigkill/sigabrt-at-delay	SIGABRT @ 58677us	y	y	reopens_ok:6792	-	reopens_ok:6792	-	6792	0	0	ok	Match	Match	PASS	manifest present: exact; observation matches; SIGKILL/SIGABRT stop the process; page cache survives
a-nist-pdf-0017-SIGABRT-d58677	A	nist-pdf-0017	batch	sigkill/sigabrt-at-delay	SIGABRT @ 58677us	y	y	reopens_ok:6792	-	reopens_ok:6792	-	6792	0	0	ok	Match	Match	PASS	manifest present: exact; observation matches; SIGKILL/SIGABRT stop the process; page cache survives
a-nist-pdf-0017-SIGABRT-d78236	A	nist-pdf-0017	batch	sigkill/sigabrt-at-delay	SIGABRT @ 78236us	y	y	reopens_ok:6792	-	reopens_ok:6792	-	6792	0	0	ok	Match	Match	PASS	manifest present: exact; observation matches; SIGKILL/SIGABRT stop the process; page cache survives
a-nist-pdf-0017-SIGABRT-d78236	A	nist-pdf-0017	batch	sigkill/sigabrt-at-delay	SIGABRT @ 78236us	y	y	reopens_ok:6792	-	reopens_ok:6792	-	6792	0	0	ok	Match	Match	PASS	manifest present: exact; observation matches; SIGKILL/SIGABRT stop the process; page cache survives
a-nist-pdf-0017-SIGABRT-d97795	A	nist-pdf-0017	batch	sigkill/sigabrt-at-delay	SIGABRT @ 97795us	y	y	reopens_ok:6792	-	reopens_ok:6792	-	6792	0	0	ok	Match	Match	PASS	manifest present: exact; observation matches; SIGKILL/SIGABRT stop the process; page cache survives
a-nist-pdf-0017-SIGABRT-d97795	A	nist-pdf-0017	batch	sigkill/sigabrt-at-delay	SIGABRT @ 97795us	y	y	reopens_ok:6792	-	reopens_ok:6792	-	6792	0	0	ok	Match	Match	PASS	manifest present: exact; observation matches; SIGKILL/SIGABRT stop the process; page cache survives
a-nist-pdf-0017-SIGABRT-d117354	A	nist-pdf-0017	batch	sigkill/sigabrt-at-delay	SIGABRT @ 117354us	y	y	reopens_ok:6792	-	reopens_ok:6792	-	6792	0	0	ok	Match	Match	PASS	manifest present: exact; observation matches; SIGKILL/SIGABRT stop the process; page cache survives
a-nist-pdf-0017-SIGABRT-d117354	A	nist-pdf-0017	batch	sigkill/sigabrt-at-delay	SIGABRT @ 117354us	y	y	reopens_ok:6792	-	reopens_ok:6792	-	6792	0	0	ok	Match	Match	PASS	manifest present: exact; observation matches; SIGKILL/SIGABRT stop the process; page cache survives
a-nist-pdf-0017-SIGABRT-d136913	A	nist-pdf-0017	batch	sigkill/sigabrt-at-delay	SIGABRT @ 136913us	y	y	reopens_ok:6792	-	reopens_ok:6792	-	6792	0	0	ok	Match	Match	PASS	manifest present: exact; observation matches; SIGKILL/SIGABRT stop the process; page cache survives
a-nist-pdf-0017-SIGABRT-d136913	A	nist-pdf-0017	batch	sigkill/sigabrt-at-delay	SIGABRT @ 136913us	y	y	reopens_ok:6792	-	reopens_ok:6792	-	6792	0	0	ok	Match	Match	PASS	manifest present: exact; observation matches; SIGKILL/SIGABRT stop the process; page cache survives
a-nist-pdf-0017-SIGABRT-d156472	A	nist-pdf-0017	batch	sigkill/sigabrt-at-delay	SIGABRT @ 156472us	y	y	reopens_ok:6792	-	reopens_ok:6792	-	6792	0	0	ok	Match	Match	PASS	manifest present: exact; observation matches; SIGKILL/SIGABRT stop the process; page cache survives
a-nist-pdf-0017-SIGABRT-d156472	A	nist-pdf-0017	batch	sigkill/sigabrt-at-delay	SIGABRT @ 156472us	y	y	reopens_ok:6792	-	reopens_ok:6792	-	6792	0	0	ok	Match	Match	PASS	manifest present: exact; observation matches; SIGKILL/SIGABRT stop the process; page cache survives
a-nist-pdf-0017-SIGABRT-d176031	A	nist-pdf-0017	batch	sigkill/sigabrt-at-delay	SIGABRT @ 176031us	y	y	reopens_ok:6792	-	reopens_ok:6792	-	6792	0	0	ok	Match	Match	PASS	manifest present: exact; observation matches; SIGKILL/SIGABRT stop the process; page cache survives
a-nist-pdf-0017-SIGABRT-d176031	A	nist-pdf-0017	batch	sigkill/sigabrt-at-delay	SIGABRT @ 176031us	y	y	reopens_ok:6792	-	reopens_ok:6792	-	6792	0	0	ok	Match	Match	PASS	manifest present: exact; observation matches; SIGKILL/SIGABRT stop the process; page cache survives
a-nist-pdf-0017-SIGABRT-d195590	A	nist-pdf-0017	batch	sigkill/sigabrt-at-delay	SIGABRT @ 195590us	y	y	reopens_ok:6792	-	reopens_ok:6792	-	6792	0	0	ok	Match	Match	PASS	manifest present: exact; observation matches; SIGKILL/SIGABRT stop the process; page cache survives
a-nist-pdf-0017-SIGABRT-d195590	A	nist-pdf-0017	batch	sigkill/sigabrt-at-delay	SIGABRT @ 195590us	y	y	reopens_ok:6792	-	reopens_ok:6792	-	6792	0	0	ok	Match	Match	PASS	manifest present: exact; observation matches; SIGKILL/SIGABRT stop the process; page cache survives
a-nist-pdf-0017-SIGABRT-d215149	A	nist-pdf-0017	batch	sigkill/sigabrt-at-delay	SIGABRT @ 215149us	y	y	reopens_ok:6792	-	reopens_ok:6792	-	6792	0	0	ok	Match	Match	PASS	manifest present: exact; observation matches; SIGKILL/SIGABRT stop the process; page cache survives
a-nist-pdf-0017-SIGABRT-d215149	A	nist-pdf-0017	batch	sigkill/sigabrt-at-delay	SIGABRT @ 215149us	y	y	reopens_ok:6792	-	reopens_ok:6792	-	6792	0	0	ok	Match	Match	PASS	manifest present: exact; observation matches; SIGKILL/SIGABRT stop the process; page cache survives
a-nist-pdf-0017-SIGABRT-d234708	A	nist-pdf-0017	batch	sigkill/sigabrt-at-delay	SIGABRT @ 234708us	y	y	reopens_ok:6792	-	reopens_ok:6792	-	6792	0	0	ok	Match	Match	PASS	manifest present: exact; observation matches; SIGKILL/SIGABRT stop the process; page cache survives
a-nist-pdf-0017-SIGABRT-d234708	A	nist-pdf-0017	batch	sigkill/sigabrt-at-delay	SIGABRT @ 234708us	y	y	reopens_ok:6792	-	reopens_ok:6792	-	6792	0	0	ok	Match	Match	PASS	manifest present: exact; observation matches; SIGKILL/SIGABRT stop the process; page cache survives
a-nist-pdf-0017-SIGABRT-d254267	A	nist-pdf-0017	batch	sigkill/sigabrt-at-delay	SIGABRT @ 254267us	y	y	reopens_ok:6792	-	reopens_ok:6792	-	6792	0	0	ok	Match	Match	PASS	manifest present: exact; observation matches; SIGKILL/SIGABRT stop the process; page cache survives
a-nist-pdf-0017-SIGABRT-d254267	A	nist-pdf-0017	batch	sigkill/sigabrt-at-delay	SIGABRT @ 254267us	y	y	reopens_ok:6792	-	reopens_ok:6792	-	6792	0	0	ok	Match	Match	PASS	manifest present: exact; observation matches; SIGKILL/SIGABRT stop the process; page cache survives
a-nist-pdf-0017-SIGABRT-d273826	A	nist-pdf-0017	batch	sigkill/sigabrt-at-delay	SIGABRT @ 273826us	y	y	reopens_ok:6792	-	reopens_ok:6792	-	6792	0	0	ok	Match	Match	PASS	manifest present: exact; observation matches; SIGKILL/SIGABRT stop the process; page cache survives
a-nist-pdf-0017-SIGABRT-d273826	A	nist-pdf-0017	batch	sigkill/sigabrt-at-delay	SIGABRT @ 273826us	y	y	reopens_ok:6792	-	reopens_ok:6792	-	6792	0	0	ok	Match	Match	PASS	manifest present: exact; observation matches; SIGKILL/SIGABRT stop the process; page cache survives
a-nist-pdf-0017-SIGABRT-d293385	A	nist-pdf-0017	batch	sigkill/sigabrt-at-delay	SIGABRT @ 293385us	y	y	reopens_ok:6792	-	reopens_ok:6792	-	6792	0	0	ok	Match	Match	PASS	manifest present: exact; observation matches; SIGKILL/SIGABRT stop the process; page cache survives
a-nist-pdf-0017-SIGABRT-d293385	A	nist-pdf-0017	batch	sigkill/sigabrt-at-delay	SIGABRT @ 293385us	y	y	reopens_ok:6792	-	reopens_ok:6792	-	6792	0	0	ok	Match	Match	PASS	manifest present: exact; observation matches; SIGKILL/SIGABRT stop the process; page cache survives
a-nist-pdf-0017-SIGABRT-d312944	A	nist-pdf-0017	batch	sigkill/sigabrt-at-delay	SIGABRT @ 312944us	y	y	reopens_ok:6792	-	reopens_ok:6792	-	6792	0	0	ok	Match	Match	PASS	manifest present: exact; observation matches; SIGKILL/SIGABRT stop the process; page cache survives
a-nist-pdf-0017-SIGABRT-d312944	A	nist-pdf-0017	batch	sigkill/sigabrt-at-delay	SIGABRT @ 312944us	y	y	reopens_ok:6792	-	reopens_ok:6792	-	6792	0	0	ok	Match	Match	PASS	manifest present: exact; observation matches; SIGKILL/SIGABRT stop the process; page cache survives
a-nist-pdf-0017-SIGABRT-d332503	A	nist-pdf-0017	batch	sigkill/sigabrt-at-delay	SIGABRT @ 332503us	y	y	reopens_ok:6792	-	reopens_ok:6792	-	6792	0	0	ok	Match	Match	PASS	manifest present: exact; observation matches; SIGKILL/SIGABRT stop the process; page cache survives
a-nist-pdf-0017-SIGABRT-d332503	A	nist-pdf-0017	batch	sigkill/sigabrt-at-delay	SIGABRT @ 332503us	y	y	reopens_ok:6792	-	reopens_ok:6792	-	6792	0	0	ok	Match	Match	PASS	manifest present: exact; observation matches; SIGKILL/SIGABRT stop the process; page cache survives
a-nist-pdf-0017-SIGABRT-d352062	A	nist-pdf-0017	batch	sigkill/sigabrt-at-delay	SIGABRT @ 352062us	y	y	reopens_ok:6792	-	reopens_ok:6792	-	6792	0	0	ok	Match	Match	PASS	manifest present: exact; observation matches; SIGKILL/SIGABRT stop the process; page cache survives
a-nist-pdf-0017-SIGABRT-d352062	A	nist-pdf-0017	batch	sigkill/sigabrt-at-delay	SIGABRT @ 352062us	y	y	reopens_ok:6792	-	reopens_ok:6792	-	6792	0	0	ok	Match	Match	PASS	manifest present: exact; observation matches; SIGKILL/SIGABRT stop the process; page cache survives
a-nist-pdf-0017-SIGABRT-d371621	A	nist-pdf-0017	batch	sigkill/sigabrt-at-delay	SIGABRT @ 371621us	y	y	reopens_ok:6792	-	reopens_ok:6792	-	6792	0	0	ok	Match	Match	PASS	manifest present: exact; observation matches; SIGKILL/SIGABRT stop the process; page cache survives
a-nist-pdf-0017-SIGABRT-d371621	A	nist-pdf-0017	batch	sigkill/sigabrt-at-delay	SIGABRT @ 371621us	y	y	reopens_ok:6792	-	reopens_ok:6792	-	6792	0	0	ok	Match	Match	PASS	manifest present: exact; observation matches; SIGKILL/SIGABRT stop the process; page cache survives
a-nist-pdf-0017-SIGABRT-d391180	A	nist-pdf-0017	batch	sigkill/sigabrt-at-delay	SIGABRT @ 391180us	y	y	reopens_ok:6792	-	reopens_ok:6792	-	6792	0	0	ok	Match	Match	PASS	manifest present: exact; observation matches; SIGKILL/SIGABRT stop the process; page cache survives
a-nist-pdf-0017-SIGABRT-d391180	A	nist-pdf-0017	batch	sigkill/sigabrt-at-delay	SIGABRT @ 391180us	y	y	reopens_ok:6792	-	reopens_ok:6792	-	6792	0	0	ok	Match	Match	PASS	manifest present: exact; observation matches; SIGKILL/SIGABRT stop the process; page cache survives
a-nist-pdf-0017-SIGABRT-d410739	A	nist-pdf-0017	batch	sigkill/sigabrt-at-delay	SIGABRT @ 410739us	y	y	reopens_ok:6792	-	reopens_ok:6792	-	6792	0	0	ok	Match	Match	PASS	manifest present: exact; observation matches; SIGKILL/SIGABRT stop the process; page cache survives
a-nist-pdf-0017-SIGABRT-d410739	A	nist-pdf-0017	batch	sigkill/sigabrt-at-delay	SIGABRT @ 410739us	y	y	reopens_ok:6792	-	reopens_ok:6792	-	6792	0	0	ok	Match	Match	PASS	manifest present: exact; observation matches; SIGKILL/SIGABRT stop the process; page cache survives
a-nist-pdf-0017-SIGABRT-d430298	A	nist-pdf-0017	batch	sigkill/sigabrt-at-delay	SIGABRT @ 430298us	y	y	reopens_ok:6792	-	reopens_ok:6792	-	6792	0	0	ok	Match	Match	PASS	manifest present: exact; observation matches; SIGKILL/SIGABRT stop the process; page cache survives
a-nist-pdf-0017-SIGABRT-d430298	A	nist-pdf-0017	batch	sigkill/sigabrt-at-delay	SIGABRT @ 430298us	y	y	reopens_ok:6792	-	reopens_ok:6792	-	6792	0	0	ok	Match	Match	PASS	manifest present: exact; observation matches; SIGKILL/SIGABRT stop the process; page cache survives
a-nist-pdf-0017-SIGABRT-d449857	A	nist-pdf-0017	batch	sigkill/sigabrt-at-delay	SIGABRT @ 449857us	y	y	reopens_ok:6792	-	reopens_ok:6792	-	6792	0	0	ok	Match	Match	PASS	manifest present: exact; observation matches; SIGKILL/SIGABRT stop the process; page cache survives
a-nist-pdf-0017-SIGABRT-d449857	A	nist-pdf-0017	batch	sigkill/sigabrt-at-delay	SIGABRT @ 449857us	y	y	reopens_ok:6792	-	reopens_ok:6792	-	6792	0	0	ok	Match	Match	PASS	manifest present: exact; observation matches; SIGKILL/SIGABRT stop the process; page cache survives
a-nist-pdf-0017-SIGABRT-d469416	A	nist-pdf-0017	batch	sigkill/sigabrt-at-delay	SIGABRT @ 469416us	y	y	reopens_ok:6792	-	reopens_ok:6792	-	6792	0	0	ok	Match	Match	PASS	manifest present: exact; observation matches; SIGKILL/SIGABRT stop the process; page cache survives
a-nist-pdf-0017-SIGABRT-d469416	A	nist-pdf-0017	batch	sigkill/sigabrt-at-delay	SIGABRT @ 469416us	y	y	reopens_ok:6792	-	reopens_ok:6792	-	6792	0	0	ok	Match	Match	PASS	manifest present: exact; observation matches; SIGKILL/SIGABRT stop the process; page cache survives
a-nist-pdf-0017-SIGABRT-d488975	A	nist-pdf-0017	batch	sigkill/sigabrt-at-delay	SIGABRT @ 488975us	y	y	reopens_ok:6792	-	reopens_ok:6792	-	6792	0	0	ok	Match	Match	PASS	manifest present: exact; observation matches; SIGKILL/SIGABRT stop the process; page cache survives
a-nist-pdf-0017-SIGABRT-d488975	A	nist-pdf-0017	batch	sigkill/sigabrt-at-delay	SIGABRT @ 488975us	y	y	reopens_ok:6792	-	reopens_ok:6792	-	6792	0	0	ok	Match	Match	PASS	manifest present: exact; observation matches; SIGKILL/SIGABRT stop the process; page cache survives
a-nist-pdf-0017-SIGABRT-d508534	A	nist-pdf-0017	batch	sigkill/sigabrt-at-delay	SIGABRT @ 508534us	y	y	reopens_ok:6792	-	reopens_ok:6792	-	6792	0	0	ok	Match	Match	PASS	manifest present: exact; observation matches; SIGKILL/SIGABRT stop the process; page cache survives
a-nist-pdf-0017-SIGABRT-d508534	A	nist-pdf-0017	batch	sigkill/sigabrt-at-delay	SIGABRT @ 508534us	y	y	reopens_ok:6792	-	reopens_ok:6792	-	6792	0	0	ok	Match	Match	PASS	manifest present: exact; observation matches; SIGKILL/SIGABRT stop the process; page cache survives
a-nist-pdf-0017-SIGABRT-d528093	A	nist-pdf-0017	batch	sigkill/sigabrt-at-delay	SIGABRT @ 528093us	y	y	reopens_ok:6792	-	reopens_ok:6792	-	6792	0	0	ok	Match	Match	PASS	manifest present: exact; observation matches; SIGKILL/SIGABRT stop the process; page cache survives
a-nist-pdf-0017-SIGABRT-d528093	A	nist-pdf-0017	batch	sigkill/sigabrt-at-delay	SIGABRT @ 528093us	y	y	reopens_ok:6792	-	reopens_ok:6792	-	6792	0	0	ok	Match	Match	PASS	manifest present: exact; observation matches; SIGKILL/SIGABRT stop the process; page cache survives
a-nist-pdf-0017-SIGABRT-d547652	A	nist-pdf-0017	batch	sigkill/sigabrt-at-delay	SIGABRT @ 547652us	y	y	reopens_ok:6792	-	reopens_ok:6792	-	6792	0	0	ok	Match	Match	PASS	manifest present: exact; observation matches; SIGKILL/SIGABRT stop the process; page cache survives
a-nist-pdf-0017-SIGABRT-d547652	A	nist-pdf-0017	batch	sigkill/sigabrt-at-delay	SIGABRT @ 547652us	y	y	reopens_ok:6792	-	reopens_ok:6792	-	6792	0	0	ok	Match	Match	PASS	manifest present: exact; observation matches; SIGKILL/SIGABRT stop the process; page cache survives
a-nist-pdf-0017-SIGABRT-d567211	A	nist-pdf-0017	batch	sigkill/sigabrt-at-delay	SIGABRT @ 567211us	y	y	reopens_ok:6792	-	reopens_ok:6792	-	6792	0	0	ok	Match	Match	PASS	manifest present: exact; observation matches; SIGKILL/SIGABRT stop the process; page cache survives
a-nist-pdf-0017-SIGABRT-d567211	A	nist-pdf-0017	batch	sigkill/sigabrt-at-delay	SIGABRT @ 567211us	y	y	reopens_ok:6792	-	reopens_ok:6792	-	6792	0	0	ok	Match	Match	PASS	manifest present: exact; observation matches; SIGKILL/SIGABRT stop the process; page cache survives
a-nist-pdf-0017-SIGABRT-d586770	A	nist-pdf-0017	batch	sigkill/sigabrt-at-delay	SIGABRT @ 586770us	y	y	reopens_ok:6792	-	reopens_ok:6792	-	6792	0	0	ok	Match	Match	PASS	manifest present: exact; observation matches; SIGKILL/SIGABRT stop the process; page cache survives
a-nist-pdf-0017-SIGABRT-d586770	A	nist-pdf-0017	batch	sigkill/sigabrt-at-delay	SIGABRT @ 586770us	y	y	reopens_ok:6792	-	reopens_ok:6792	-	6792	0	0	ok	Match	Match	PASS	manifest present: exact; observation matches; SIGKILL/SIGABRT stop the process; page cache survives
a-nist-pdf-0017-SIGABRT-d606329	A	nist-pdf-0017	batch	sigkill/sigabrt-at-delay	SIGABRT @ 606329us	y	y	reopens_ok:6792	-	reopens_ok:6792	-	6792	0	0	ok	Match	Match	PASS	manifest present: exact; observation matches; SIGKILL/SIGABRT stop the process; page cache survives
a-nist-pdf-0017-SIGABRT-d606329	A	nist-pdf-0017	batch	sigkill/sigabrt-at-delay	SIGABRT @ 606329us	y	y	reopens_ok:6792	-	reopens_ok:6792	-	6792	0	0	ok	Match	Match	PASS	manifest present: exact; observation matches; SIGKILL/SIGABRT stop the process; page cache survives
a-nist-pdf-0017-SIGABRT-d625888	A	nist-pdf-0017	batch	sigkill/sigabrt-at-delay	SIGABRT @ 625888us	y	y	reopens_ok:6792	-	reopens_ok:6792	-	6792	0	0	ok	Match	Match	PASS	manifest present: exact; observation matches; SIGKILL/SIGABRT stop the process; page cache survives
a-nist-pdf-0017-SIGABRT-d625888	A	nist-pdf-0017	batch	sigkill/sigabrt-at-delay	SIGABRT @ 625888us	y	y	reopens_ok:6792	-	reopens_ok:6792	-	6792	0	0	ok	Match	Match	PASS	manifest present: exact; observation matches; SIGKILL/SIGABRT stop the process; page cache survives
a-nist-pdf-0017-SIGABRT-d645447	A	nist-pdf-0017	batch	sigkill/sigabrt-at-delay	SIGABRT @ 645447us	y	y	reopens_ok:6792	-	reopens_ok:6792	-	6792	0	0	ok	Match	Match	PASS	manifest present: exact; observation matches; SIGKILL/SIGABRT stop the process; page cache survives
a-nist-pdf-0017-SIGABRT-d645447	A	nist-pdf-0017	batch	sigkill/sigabrt-at-delay	SIGABRT @ 645447us	y	y	reopens_ok:6792	-	reopens_ok:6792	-	6792	0	0	ok	Match	Match	PASS	manifest present: exact; observation matches; SIGKILL/SIGABRT stop the process; page cache survives
a-nist-pdf-0017-SIGABRT-d665006	A	nist-pdf-0017	batch	sigkill/sigabrt-at-delay	SIGABRT @ 665006us	y	y	reopens_ok:6792	-	reopens_ok:6792	-	6792	0	0	ok	Match	Match	PASS	manifest present: exact; observation matches; SIGKILL/SIGABRT stop the process; page cache survives
a-nist-pdf-0017-SIGABRT-d665006	A	nist-pdf-0017	batch	sigkill/sigabrt-at-delay	SIGABRT @ 665006us	y	y	reopens_ok:6792	-	reopens_ok:6792	-	6792	0	0	ok	Match	Match	PASS	manifest present: exact; observation matches; SIGKILL/SIGABRT stop the process; page cache survives
a-nist-pdf-0017-SIGABRT-d684565	A	nist-pdf-0017	batch	sigkill/sigabrt-at-delay	SIGABRT @ 684565us	y	y	reopens_ok:6792	-	reopens_ok:6792	-	6792	0	0	ok	Match	Match	PASS	manifest present: exact; observation matches; SIGKILL/SIGABRT stop the process; page cache survives
a-nist-pdf-0017-SIGABRT-d684565	A	nist-pdf-0017	batch	sigkill/sigabrt-at-delay	SIGABRT @ 684565us	y	y	reopens_ok:6792	-	reopens_ok:6792	-	6792	0	0	ok	Match	Match	PASS	manifest present: exact; observation matches; SIGKILL/SIGABRT stop the process; page cache survives
a-nist-pdf-0017-SIGABRT-d704124	A	nist-pdf-0017	batch	sigkill/sigabrt-at-delay	SIGABRT @ 704124us	y	y	reopens_ok:6792	-	reopens_ok:6792	-	6792	0	0	ok	Match	Match	PASS	manifest present: exact; observation matches; SIGKILL/SIGABRT stop the process; page cache survives
a-nist-pdf-0017-SIGABRT-d704124	A	nist-pdf-0017	batch	sigkill/sigabrt-at-delay	SIGABRT @ 704124us	y	y	reopens_ok:6792	-	reopens_ok:6792	-	6792	0	0	ok	Match	Match	PASS	manifest present: exact; observation matches; SIGKILL/SIGABRT stop the process; page cache survives
a-nist-pdf-0017-SIGABRT-d723683	A	nist-pdf-0017	batch	sigkill/sigabrt-at-delay	SIGABRT @ 723683us	y	y	reopens_ok:6792	-	reopens_ok:6792	-	6792	0	0	ok	Match	Match	PASS	manifest present: exact; observation matches; SIGKILL/SIGABRT stop the process; page cache survives
a-nist-pdf-0017-SIGABRT-d723683	A	nist-pdf-0017	batch	sigkill/sigabrt-at-delay	SIGABRT @ 723683us	y	y	reopens_ok:6792	-	reopens_ok:6792	-	6792	0	0	ok	Match	Match	PASS	manifest present: exact; observation matches; SIGKILL/SIGABRT stop the process; page cache survives
a-nist-pdf-0017-SIGABRT-d743242	A	nist-pdf-0017	batch	sigkill/sigabrt-at-delay	SIGABRT @ 743242us	y	y	reopens_ok:6792	-	reopens_ok:6792	-	6792	0	0	ok	Match	Match	PASS	manifest present: exact; observation matches; SIGKILL/SIGABRT stop the process; page cache survives
a-nist-pdf-0017-SIGABRT-d743242	A	nist-pdf-0017	batch	sigkill/sigabrt-at-delay	SIGABRT @ 743242us	y	y	reopens_ok:6792	-	reopens_ok:6792	-	6792	0	0	ok	Match	Match	PASS	manifest present: exact; observation matches; SIGKILL/SIGABRT stop the process; page cache survives
a-nist-pdf-0017-SIGABRT-d762801	A	nist-pdf-0017	batch	sigkill/sigabrt-at-delay	SIGABRT @ 762801us	y	y	reopens_ok:6792	-	reopens_ok:6792	-	6792	0	0	ok	Match	Match	PASS	manifest present: exact; observation matches; SIGKILL/SIGABRT stop the process; page cache survives
a-nist-pdf-0017-SIGABRT-d762801	A	nist-pdf-0017	batch	sigkill/sigabrt-at-delay	SIGABRT @ 762801us	y	y	reopens_ok:6792	-	reopens_ok:6792	-	6792	0	0	ok	Match	Match	PASS	manifest present: exact; observation matches; SIGKILL/SIGABRT stop the process; page cache survives
a-nist-pdf-0017-SIGABRT-d782360	A	nist-pdf-0017	batch	sigkill/sigabrt-at-delay	SIGABRT @ 782360us	y	y	reopens_ok:6792	-	reopens_ok:6792	-	6792	0	0	ok	Match	Match	PASS	manifest present: exact; observation matches; SIGKILL/SIGABRT stop the process; page cache survives
a-nist-pdf-0017-SIGABRT-d782360	A	nist-pdf-0017	batch	sigkill/sigabrt-at-delay	SIGABRT @ 782360us	y	y	reopens_ok:6792	-	reopens_ok:6792	-	6792	0	0	ok	Match	Match	PASS	manifest present: exact; observation matches; SIGKILL/SIGABRT stop the process; page cache survives
a-nist-pdf-0017-SIGABRT-d801919	A	nist-pdf-0017	batch	sigkill/sigabrt-at-delay	SIGABRT @ 801919us	y	y	reopens_ok:6792	-	reopens_ok:6792	-	6792	0	0	ok	Match	Match	PASS	manifest present: exact; observation matches; SIGKILL/SIGABRT stop the process; page cache survives
a-nist-pdf-0017-SIGABRT-d801919	A	nist-pdf-0017	batch	sigkill/sigabrt-at-delay	SIGABRT @ 801919us	y	y	reopens_ok:6792	-	reopens_ok:6792	-	6792	0	0	ok	Match	Match	PASS	manifest present: exact; observation matches; SIGKILL/SIGABRT stop the process; page cache survives
a-nist-pdf-0017-SIGABRT-d821478	A	nist-pdf-0017	batch	sigkill/sigabrt-at-delay	SIGABRT @ 821478us	y	y	reopens_ok:6792	-	reopens_ok:6792	-	6792	0	0	ok	Match	Match	PASS	manifest present: exact; observation matches; SIGKILL/SIGABRT stop the process; page cache survives
a-nist-pdf-0017-SIGABRT-d821478	A	nist-pdf-0017	batch	sigkill/sigabrt-at-delay	SIGABRT @ 821478us	y	y	reopens_ok:6792	-	reopens_ok:6792	-	6792	0	0	ok	Match	Match	PASS	manifest present: exact; observation matches; SIGKILL/SIGABRT stop the process; page cache survives
a-nist-pdf-0017-SIGABRT-d841037	A	nist-pdf-0017	batch	sigkill/sigabrt-at-delay	SIGABRT @ 841037us	y	y	reopens_ok:6792	-	reopens_ok:6792	-	6792	0	0	ok	Match	Match	PASS	manifest present: exact; observation matches; SIGKILL/SIGABRT stop the process; page cache survives
a-nist-pdf-0017-SIGABRT-d841037	A	nist-pdf-0017	batch	sigkill/sigabrt-at-delay	SIGABRT @ 841037us	y	y	reopens_ok:6792	-	reopens_ok:6792	-	6792	0	0	ok	Match	Match	PASS	manifest present: exact; observation matches; SIGKILL/SIGABRT stop the process; page cache survives
a-nist-pdf-0017-SIGABRT-d860596	A	nist-pdf-0017	batch	sigkill/sigabrt-at-delay	SIGABRT @ 860596us	y	y	reopens_ok:6792	-	reopens_ok:6792	-	6792	0	0	ok	Match	Match	PASS	manifest present: exact; observation matches; SIGKILL/SIGABRT stop the process; page cache survives
a-nist-pdf-0017-SIGABRT-d860596	A	nist-pdf-0017	batch	sigkill/sigabrt-at-delay	SIGABRT @ 860596us	y	y	reopens_ok:6792	-	reopens_ok:6792	-	6792	0	0	ok	Match	Match	PASS	manifest present: exact; observation matches; SIGKILL/SIGABRT stop the process; page cache survives
a-nist-pdf-0017-SIGABRT-d880155	A	nist-pdf-0017	batch	sigkill/sigabrt-at-delay	SIGABRT @ 880155us	y	y	reopens_ok:6792	-	reopens_ok:6792	-	6792	0	0	ok	Match	Match	PASS	manifest present: exact; observation matches; SIGKILL/SIGABRT stop the process; page cache survives
a-nist-pdf-0017-SIGABRT-d880155	A	nist-pdf-0017	batch	sigkill/sigabrt-at-delay	SIGABRT @ 880155us	y	y	reopens_ok:6792	-	reopens_ok:6792	-	6792	0	0	ok	Match	Match	PASS	manifest present: exact; observation matches; SIGKILL/SIGABRT stop the process; page cache survives
a-nist-pdf-0017-SIGABRT-d899714	A	nist-pdf-0017	batch	sigkill/sigabrt-at-delay	SIGABRT @ 899714us	y	y	reopens_ok:6792	-	reopens_ok:6792	-	6792	0	0	ok	Match	Match	PASS	manifest present: exact; observation matches; SIGKILL/SIGABRT stop the process; page cache survives
a-nist-pdf-0017-SIGABRT-d899714	A	nist-pdf-0017	batch	sigkill/sigabrt-at-delay	SIGABRT @ 899714us	y	y	reopens_ok:6792	-	reopens_ok:6792	-	6792	0	0	ok	Match	Match	PASS	manifest present: exact; observation matches; SIGKILL/SIGABRT stop the process; page cache survives
a-nist-pdf-0017-SIGABRT-d919273	A	nist-pdf-0017	batch	sigkill/sigabrt-at-delay	SIGABRT @ 919273us	y	y	reopens_ok:6792	-	reopens_ok:6792	-	6792	0	0	ok	Match	Match	PASS	manifest present: exact; observation matches; SIGKILL/SIGABRT stop the process; page cache survives
a-nist-pdf-0017-SIGABRT-d919273	A	nist-pdf-0017	batch	sigkill/sigabrt-at-delay	SIGABRT @ 919273us	y	y	reopens_ok:6792	-	reopens_ok:6792	-	6792	0	0	ok	Match	Match	PASS	manifest present: exact; observation matches; SIGKILL/SIGABRT stop the process; page cache survives
a-nist-pdf-0017-SIGABRT-d938832	A	nist-pdf-0017	batch	sigkill/sigabrt-at-delay	SIGABRT @ 938832us	y	y	reopens_ok:6792	-	reopens_ok:6792	-	6792	0	0	ok	Match	Match	PASS	manifest present: exact; observation matches; SIGKILL/SIGABRT stop the process; page cache survives
a-nist-pdf-0017-SIGABRT-d938832	A	nist-pdf-0017	batch	sigkill/sigabrt-at-delay	SIGABRT @ 938832us	y	y	reopens_ok:6792	-	reopens_ok:6792	-	6792	0	0	ok	Match	Match	PASS	manifest present: exact; observation matches; SIGKILL/SIGABRT stop the process; page cache survives
a-nist-pdf-0017-SIGABRT-d958391	A	nist-pdf-0017	batch	sigkill/sigabrt-at-delay	SIGABRT @ 958391us	y	y	reopens_ok:6792	-	reopens_ok:6792	-	6792	0	0	ok	Match	Match	PASS	manifest present: exact; observation matches; SIGKILL/SIGABRT stop the process; page cache survives
a-nist-pdf-0017-SIGABRT-d958391	A	nist-pdf-0017	batch	sigkill/sigabrt-at-delay	SIGABRT @ 958391us	y	y	reopens_ok:6792	-	reopens_ok:6792	-	6792	0	0	ok	Match	Match	PASS	manifest present: exact; observation matches; SIGKILL/SIGABRT stop the process; page cache survives
a-nist-pdf-0017-SIGABRT-d977950	A	nist-pdf-0017	batch	sigkill/sigabrt-at-delay	SIGABRT @ 977950us	y	y	reopens_ok:6792	-	reopens_ok:6792	-	6792	0	0	ok	Match	Match	PASS	manifest present: exact; observation matches; SIGKILL/SIGABRT stop the process; page cache survives
a-nist-pdf-0017-SIGABRT-d977950	A	nist-pdf-0017	batch	sigkill/sigabrt-at-delay	SIGABRT @ 977950us	y	y	reopens_ok:6792	-	reopens_ok:6792	-	6792	0	0	ok	Match	Match	PASS	manifest present: exact; observation matches; SIGKILL/SIGABRT stop the process; page cache survives
a-nist-pdf-0017-SIGABRT-d997509	A	nist-pdf-0017	batch	sigkill/sigabrt-at-delay	SIGABRT @ 997509us	y	y	reopens_ok:6792	-	reopens_ok:6792	-	6792	0	0	ok	Match	Match	PASS	manifest present: exact; observation matches; SIGKILL/SIGABRT stop the process; page cache survives
a-nist-pdf-0017-SIGABRT-d997509	A	nist-pdf-0017	batch	sigkill/sigabrt-at-delay	SIGABRT @ 997509us	y	y	reopens_ok:6792	-	reopens_ok:6792	-	6792	0	0	ok	Match	Match	PASS	manifest present: exact; observation matches; SIGKILL/SIGABRT stop the process; page cache survives
a-nist-pdf-0017-SIGABRT-d1017068	A	nist-pdf-0017	batch	sigkill/sigabrt-at-delay	SIGABRT @ 1017068us	y	y	reopens_ok:6792	-	reopens_ok:6792	-	6792	0	0	ok	Match	Match	PASS	manifest present: exact; observation matches; SIGKILL/SIGABRT stop the process; page cache survives
a-nist-pdf-0017-SIGABRT-d1017068	A	nist-pdf-0017	batch	sigkill/sigabrt-at-delay	SIGABRT @ 1017068us	y	y	reopens_ok:6792	-	reopens_ok:6792	-	6792	0	0	ok	Match	Match	PASS	manifest present: exact; observation matches; SIGKILL/SIGABRT stop the process; page cache survives
a-nist-pdf-0017-SIGABRT-d1036627	A	nist-pdf-0017	batch	sigkill/sigabrt-at-delay	SIGABRT @ 1036627us	y	y	reopens_ok:6792	-	reopens_ok:6792	-	6792	0	0	ok	Match	Match	PASS	manifest present: exact; observation matches; SIGKILL/SIGABRT stop the process; page cache survives
a-nist-pdf-0017-SIGABRT-d1036627	A	nist-pdf-0017	batch	sigkill/sigabrt-at-delay	SIGABRT @ 1036627us	y	y	reopens_ok:6792	-	reopens_ok:6792	-	6792	0	0	ok	Match	Match	PASS	manifest present: exact; observation matches; SIGKILL/SIGABRT stop the process; page cache survives
a-nist-pdf-0017-SIGABRT-d1056186	A	nist-pdf-0017	batch	sigkill/sigabrt-at-delay	SIGABRT @ 1056186us	y	y	reopens_ok:6792	-	reopens_ok:6792	-	6792	0	0	ok	Match	Match	PASS	manifest present: exact; observation matches; SIGKILL/SIGABRT stop the process; page cache survives
a-nist-pdf-0017-SIGABRT-d1056186	A	nist-pdf-0017	batch	sigkill/sigabrt-at-delay	SIGABRT @ 1056186us	y	y	reopens_ok:6792	-	reopens_ok:6792	-	6792	0	0	ok	Match	Match	PASS	manifest present: exact; observation matches; SIGKILL/SIGABRT stop the process; page cache survives
a-nist-pdf-0017-SIGABRT-d1075745	A	nist-pdf-0017	batch	sigkill/sigabrt-at-delay	SIGABRT @ 1075745us	y	y	reopens_ok:6792	-	reopens_ok:6792	-	6792	0	0	ok	Match	Match	PASS	manifest present: exact; observation matches; SIGKILL/SIGABRT stop the process; page cache survives
a-nist-pdf-0017-SIGABRT-d1075745	A	nist-pdf-0017	batch	sigkill/sigabrt-at-delay	SIGABRT @ 1075745us	y	y	reopens_ok:6792	-	reopens_ok:6792	-	6792	0	0	ok	Match	Match	PASS	manifest present: exact; observation matches; SIGKILL/SIGABRT stop the process; page cache survives
a-nist-pdf-0017-SIGABRT-d1095304	A	nist-pdf-0017	batch	sigkill/sigabrt-at-delay	SIGABRT @ 1095304us	y	y	reopens_ok:6792	-	reopens_ok:6792	-	6792	0	0	ok	Match	Match	PASS	manifest present: exact; observation matches; SIGKILL/SIGABRT stop the process; page cache survives
a-nist-pdf-0017-SIGABRT-d1095304	A	nist-pdf-0017	batch	sigkill/sigabrt-at-delay	SIGABRT @ 1095304us	y	y	reopens_ok:6792	-	reopens_ok:6792	-	6792	0	0	ok	Match	Match	PASS	manifest present: exact; observation matches; SIGKILL/SIGABRT stop the process; page cache survives
a-nist-pdf-0017-SIGABRT-d1114863	A	nist-pdf-0017	batch	sigkill/sigabrt-at-delay	SIGABRT @ 1114863us	y	y	reopens_ok:6792	-	reopens_ok:6792	-	6792	0	0	ok	Match	Match	PASS	manifest present: exact; observation matches; SIGKILL/SIGABRT stop the process; page cache survives
a-nist-pdf-0017-SIGABRT-d1114863	A	nist-pdf-0017	batch	sigkill/sigabrt-at-delay	SIGABRT @ 1114863us	y	y	reopens_ok:6792	-	reopens_ok:6792	-	6792	0	0	ok	Match	Match	PASS	manifest present: exact; observation matches; SIGKILL/SIGABRT stop the process; page cache survives
a-nist-pdf-0017-SIGABRT-after-manifest	A	nist-pdf-0017	batch	sigkill/sigabrt-at-boundary	SIGABRT @ after-manifest	y	y	reopens_ok:6792	-	reopens_ok:6792	-	6792	0	0	ok	Match	Match	PASS	manifest present: exact; observation matches; polled to the manifest/index publication window
a-nist-pdf-0017-SIGABRT-after-manifest	A	nist-pdf-0017	batch	sigkill/sigabrt-at-boundary	SIGABRT @ after-manifest	y	y	reopens_ok:6792	-	reopens_ok:6792	-	6792	0	0	ok	Match	Match	PASS	manifest present: exact; observation matches; polled to the manifest/index publication window
a-nist-pdf-0017-SIGABRT-after-manifest	A	nist-pdf-0017	batch	sigkill/sigabrt-at-boundary	SIGABRT @ after-manifest	y	y	reopens_ok:6792	-	reopens_ok:6792	-	6792	0	0	ok	Match	Match	PASS	manifest present: exact; observation matches; polled to the manifest/index publication window
a-nist-pdf-0017-SIGABRT-after-manifest	A	nist-pdf-0017	batch	sigkill/sigabrt-at-boundary	SIGABRT @ after-manifest	y	y	reopens_ok:6792	-	reopens_ok:6792	-	6792	0	0	ok	Match	Match	PASS	manifest present: exact; observation matches; polled to the manifest/index publication window
a-nist-pdf-0017-SIGABRT-after-manifest	A	nist-pdf-0017	batch	sigkill/sigabrt-at-boundary	SIGABRT @ after-manifest	y	y	reopens_ok:6792	-	reopens_ok:6792	-	6792	0	0	ok	Match	Match	PASS	manifest present: exact; observation matches; polled to the manifest/index publication window
a-nist-pdf-0017-SIGABRT-after-manifest	A	nist-pdf-0017	batch	sigkill/sigabrt-at-boundary	SIGABRT @ after-manifest	y	y	reopens_ok:6792	-	reopens_ok:6792	-	6792	0	0	ok	Match	Match	PASS	manifest present: exact; observation matches; polled to the manifest/index publication window
a-nist-pdf-0017-SIGABRT-after-idx	A	nist-pdf-0017	batch	sigkill/sigabrt-at-boundary	SIGABRT @ after-idx	y	y	reopens_ok:6792	-	reopens_ok:6792	-	6792	0	0	ok	Match	Match	PASS	manifest present: exact; observation matches; polled to the manifest/index publication window
a-nist-pdf-0017-SIGABRT-after-idx	A	nist-pdf-0017	batch	sigkill/sigabrt-at-boundary	SIGABRT @ after-idx	y	y	reopens_ok:6792	-	reopens_ok:6792	-	6792	0	0	ok	Match	Match	PASS	manifest present: exact; observation matches; polled to the manifest/index publication window
a-nist-pdf-0017-SIGABRT-after-idx	A	nist-pdf-0017	batch	sigkill/sigabrt-at-boundary	SIGABRT @ after-idx	y	y	reopens_ok:6792	-	reopens_ok:6792	-	6792	0	0	ok	Match	Match	PASS	manifest present: exact; observation matches; polled to the manifest/index publication window
a-nist-pdf-0017-SIGABRT-after-idx	A	nist-pdf-0017	batch	sigkill/sigabrt-at-boundary	SIGABRT @ after-idx	y	y	reopens_ok:6792	-	reopens_ok:6792	-	6792	0	0	ok	Match	Match	PASS	manifest present: exact; observation matches; polled to the manifest/index publication window
a-nist-pdf-0017-SIGABRT-after-idx	A	nist-pdf-0017	batch	sigkill/sigabrt-at-boundary	SIGABRT @ after-idx	y	y	reopens_ok:6792	-	reopens_ok:6792	-	6792	0	0	ok	Match	Match	PASS	manifest present: exact; observation matches; polled to the manifest/index publication window
a-nist-pdf-0017-SIGABRT-after-idx	A	nist-pdf-0017	batch	sigkill/sigabrt-at-boundary	SIGABRT @ after-idx	y	y	reopens_ok:6792	-	reopens_ok:6792	-	6792	0	0	ok	Match	Match	PASS	manifest present: exact; observation matches; polled to the manifest/index publication window
b-nist-pdf-0017-truncate_pack-0	B	nist-pdf-0017	batch	truncate_pack	truncate .pack to 0	y	y	reopens_ok:6795	-	reopens_ok:6795	-	6795	0	6792	ok	Match	FailClosed("field f711fbe8e3a0d6a0cef24de1ffd968735b1c79c31ada82b981c56841f1e21a37: error: Io: reading packed segment at 536582: failed to fill whole buffer")	PASS	manifest present: exact after recovery; tamper: must fail closed if not exactly serviceable
b-nist-pdf-0017-truncate_pack-1	B	nist-pdf-0017	batch	truncate_pack	truncate .pack to 1	y	y	reopens_ok:6795	-	reopens_ok:6795	-	6795	0	6792	ok	Match	FailClosed("field f711fbe8e3a0d6a0cef24de1ffd968735b1c79c31ada82b981c56841f1e21a37: error: Io: reading packed segment at 536582: failed to fill whole buffer")	PASS	manifest present: exact after recovery; tamper: must fail closed if not exactly serviceable
b-nist-pdf-0017-truncate_pack-2	B	nist-pdf-0017	batch	truncate_pack	truncate .pack to 10	y	y	reopens_ok:6795	-	reopens_ok:6795	-	6795	0	6792	ok	Match	FailClosed("field f711fbe8e3a0d6a0cef24de1ffd968735b1c79c31ada82b981c56841f1e21a37: error: Io: reading packed segment at 536582: failed to fill whole buffer")	PASS	manifest present: exact after recovery; tamper: must fail closed if not exactly serviceable
b-nist-pdf-0017-truncate_pack-3	B	nist-pdf-0017	batch	truncate_pack	truncate .pack to 23	y	y	reopens_ok:6795	-	reopens_ok:6795	-	6795	0	6792	ok	Match	FailClosed("field f711fbe8e3a0d6a0cef24de1ffd968735b1c79c31ada82b981c56841f1e21a37: error: Io: reading packed segment at 536582: failed to fill whole buffer")	PASS	manifest present: exact after recovery; tamper: must fail closed if not exactly serviceable
b-nist-pdf-0017-truncate_pack-4	B	nist-pdf-0017	batch	truncate_pack	truncate .pack to 24	y	y	reopens_ok:6795	-	reopens_ok:6795	-	6795	0	6792	ok	Match	FailClosed("field f711fbe8e3a0d6a0cef24de1ffd968735b1c79c31ada82b981c56841f1e21a37: error: Io: reading packed segment at 536582: failed to fill whole buffer")	PASS	manifest present: exact after recovery; tamper: must fail closed if not exactly serviceable
b-nist-pdf-0017-truncate_pack-5	B	nist-pdf-0017	batch	truncate_pack	truncate .pack to 25	y	y	reopens_ok:6795	-	reopens_ok:6795	-	6795	0	6792	ok	Match	FailClosed("field f711fbe8e3a0d6a0cef24de1ffd968735b1c79c31ada82b981c56841f1e21a37: error: Io: reading packed segment at 536582: failed to fill whole buffer")	PASS	manifest present: exact after recovery; tamper: must fail closed if not exactly serviceable
b-nist-pdf-0017-truncate_pack-6	B	nist-pdf-0017	batch	truncate_pack	truncate .pack to 26	y	y	reopens_ok:6795	-	reopens_ok:6795	-	6795	0	6792	ok	Match	FailClosed("field f711fbe8e3a0d6a0cef24de1ffd968735b1c79c31ada82b981c56841f1e21a37: error: Io: reading packed segment at 536582: failed to fill whole buffer")	PASS	manifest present: exact after recovery; tamper: must fail closed if not exactly serviceable
b-nist-pdf-0017-truncate_pack-7	B	nist-pdf-0017	batch	truncate_pack	truncate .pack to 27	y	y	reopens_ok:6795	-	reopens_ok:6795	-	6795	0	6792	ok	Match	FailClosed("field f711fbe8e3a0d6a0cef24de1ffd968735b1c79c31ada82b981c56841f1e21a37: error: Io: reading packed segment at 536582: failed to fill whole buffer")	PASS	manifest present: exact after recovery; tamper: must fail closed if not exactly serviceable
b-nist-pdf-0017-truncate_pack-8	B	nist-pdf-0017	batch	truncate_pack	truncate .pack to 28	y	y	reopens_ok:6795	-	reopens_ok:6795	-	6795	0	6792	ok	Match	FailClosed("field f711fbe8e3a0d6a0cef24de1ffd968735b1c79c31ada82b981c56841f1e21a37: error: Io: reading packed segment at 536582: failed to fill whole buffer")	PASS	manifest present: exact after recovery; tamper: must fail closed if not exactly serviceable
b-nist-pdf-0017-truncate_pack-9	B	nist-pdf-0017	batch	truncate_pack	truncate .pack to 29	y	y	reopens_ok:6795	-	reopens_ok:6795	-	6795	0	6792	ok	Match	FailClosed("field f711fbe8e3a0d6a0cef24de1ffd968735b1c79c31ada82b981c56841f1e21a37: error: Io: reading packed segment at 536582: failed to fill whole buffer")	PASS	manifest present: exact after recovery; tamper: must fail closed if not exactly serviceable
b-nist-pdf-0017-truncate_pack-10	B	nist-pdf-0017	batch	truncate_pack	truncate .pack to 58	y	y	reopens_ok:6795	-	reopens_ok:6795	-	6795	0	6792	ok	Match	FailClosed("field f711fbe8e3a0d6a0cef24de1ffd968735b1c79c31ada82b981c56841f1e21a37: error: Io: reading packed segment at 536582: failed to fill whole buffer")	PASS	manifest present: exact after recovery; tamper: must fail closed if not exactly serviceable
b-nist-pdf-0017-truncate_pack-11	B	nist-pdf-0017	batch	truncate_pack	truncate .pack to 87	y	y	reopens_ok:6795	-	reopens_ok:6795	-	6795	0	6792	ok	Match	FailClosed("field f711fbe8e3a0d6a0cef24de1ffd968735b1c79c31ada82b981c56841f1e21a37: error: Io: reading packed segment at 536582: failed to fill whole buffer")	PASS	manifest present: exact after recovery; tamper: must fail closed if not exactly serviceable
b-nist-pdf-0017-truncate_pack-12	B	nist-pdf-0017	batch	truncate_pack	truncate .pack to 88	y	y	reopens_ok:6795	-	reopens_ok:6795	-	6795	0	6791	ok	Match	FailClosed("field f711fbe8e3a0d6a0cef24de1ffd968735b1c79c31ada82b981c56841f1e21a37: error: Io: reading packed segment at 536582: failed to fill whole buffer")	PASS	manifest present: exact after recovery; tamper: must fail closed if not exactly serviceable
b-nist-pdf-0017-truncate_pack-13	B	nist-pdf-0017	batch	truncate_pack	truncate .pack to 89	y	y	reopens_ok:6795	-	reopens_ok:6795	-	6795	0	6791	ok	Match	FailClosed("field f711fbe8e3a0d6a0cef24de1ffd968735b1c79c31ada82b981c56841f1e21a37: error: Io: reading packed segment at 536582: failed to fill whole buffer")	PASS	manifest present: exact after recovery; tamper: must fail closed if not exactly serviceable
b-nist-pdf-0017-truncate_pack-14	B	nist-pdf-0017	batch	truncate_pack	truncate .pack to 270497	y	y	reopens_ok:6795	-	reopens_ok:6795	-	6795	0	2929	ok	Match	FailClosed("field f711fbe8e3a0d6a0cef24de1ffd968735b1c79c31ada82b981c56841f1e21a37: error: Io: reading packed segment at 536582: failed to fill whole buffer")	PASS	manifest present: exact after recovery; tamper: must fail closed if not exactly serviceable
b-nist-pdf-0017-truncate_pack-15	B	nist-pdf-0017	batch	truncate_pack	truncate .pack to 540993	y	y	reopens_ok:6795	-	reopens_ok:6795	-	6795	0	1	ok	Match	Match	PASS	manifest present: exact after recovery; tamper: must fail closed if not exactly serviceable
b-nist-pdf-0017-drop_idx_truncate_pack-16	B	nist-pdf-0017	batch	drop_idx_truncate_pack	delete .idx then truncate .pack to 0	y	y	fail_closed:0	IntegrityMismatch:IntegrityMismatch: packed segment /tmp/phase20-scratch/b-nist-pdf-0017-batch/inj-16/fieldpack/seg-00000000.pack has a truncated header	fail_closed:0	IntegrityMismatch:IntegrityMismatch: packed segment /tmp/phase20-scratch/b-nist-pdf-0017-batch/inj-16/fieldpack/seg-00000000.pack has a truncated header	0	0	0	n/a	FailClosed("IntegrityMismatch:IntegrityMismatch: packed segment /tmp/phase20-scratch/b-nist-pdf-0017-batch/inj-16/fieldpack/seg-00000000.pack has a truncated header")	Differ("field 07564e4f6589cd8e5b3aea3f90b147ee4c123823cc0a1f873340a5263e33f0cd: expected decline UnsupportedFeature, got IntegrityMismatch")	PASS	fails closed: typed error, no bytes served; tamper: must fail closed if not exactly serviceable
b-nist-pdf-0017-drop_idx_truncate_pack-17	B	nist-pdf-0017	batch	drop_idx_truncate_pack	delete .idx then truncate .pack to 24	y	y	reopens_ok:3	-	reopens_ok:3	-	3	0	0	ok	Match	FailClosed("field f711fbe8e3a0d6a0cef24de1ffd968735b1c79c31ada82b981c56841f1e21a37: error: MissingExternalObject: seed node f041a4613222c158b0d63a6a4c95063e488380412d87ac050abc48caafe1595c is not present")	PASS	manifest present: exact after recovery; tamper: must fail closed if not exactly serviceable
b-nist-pdf-0017-drop_idx_truncate_pack-18	B	nist-pdf-0017	batch	drop_idx_truncate_pack	delete .idx then truncate .pack to 40	y	y	reopens_ok:3	-	reopens_ok:3	-	3	0	0	ok	Match	FailClosed("field f711fbe8e3a0d6a0cef24de1ffd968735b1c79c31ada82b981c56841f1e21a37: error: MissingExternalObject: seed node f041a4613222c158b0d63a6a4c95063e488380412d87ac050abc48caafe1595c is not present")	PASS	manifest present: exact after recovery; tamper: must fail closed if not exactly serviceable
b-nist-pdf-0017-drop_idx_truncate_pack-19	B	nist-pdf-0017	batch	drop_idx_truncate_pack	delete .idx then truncate .pack to 58	y	y	reopens_ok:3	-	reopens_ok:3	-	3	0	0	ok	Match	FailClosed("field f711fbe8e3a0d6a0cef24de1ffd968735b1c79c31ada82b981c56841f1e21a37: error: MissingExternalObject: seed node f041a4613222c158b0d63a6a4c95063e488380412d87ac050abc48caafe1595c is not present")	PASS	manifest present: exact after recovery; tamper: must fail closed if not exactly serviceable
b-nist-pdf-0017-drop_idx_truncate_pack-20	B	nist-pdf-0017	batch	drop_idx_truncate_pack	delete .idx then truncate .pack to 88	y	y	reopens_ok:4	-	reopens_ok:4	-	4	0	0	ok	Match	FailClosed("field f711fbe8e3a0d6a0cef24de1ffd968735b1c79c31ada82b981c56841f1e21a37: error: MissingExternalObject: seed node f041a4613222c158b0d63a6a4c95063e488380412d87ac050abc48caafe1595c is not present")	PASS	manifest present: exact after recovery; tamper: must fail closed if not exactly serviceable
b-nist-pdf-0017-drop_idx_truncate_pack-21	B	nist-pdf-0017	batch	drop_idx_truncate_pack	delete .idx then truncate .pack to 270497	y	y	reopens_ok:3866	-	reopens_ok:3866	-	3866	0	0	ok	Match	FailClosed("field f711fbe8e3a0d6a0cef24de1ffd968735b1c79c31ada82b981c56841f1e21a37: error: MissingExternalObject: seed node f041a4613222c158b0d63a6a4c95063e488380412d87ac050abc48caafe1595c is not present")	PASS	manifest present: exact after recovery; tamper: must fail closed if not exactly serviceable
b-nist-pdf-0017-drop_idx_truncate_pack-22	B	nist-pdf-0017	batch	drop_idx_truncate_pack	delete .idx then truncate .pack to 540993	y	y	reopens_ok:6794	-	reopens_ok:6794	-	6794	0	0	ok	Match	Match	PASS	manifest present: exact after recovery; tamper: must fail closed if not exactly serviceable
b-nist-pdf-0017-truncate_idx-23	B	nist-pdf-0017	batch	truncate_idx	truncate .idx to 0	y	y	fail_closed:0	IntegrityMismatch:IntegrityMismatch: packed index /tmp/phase20-scratch/b-nist-pdf-0017-batch/inj-23/fieldpack/seg-00000000.idx is shorter than its header	fail_closed:0	IntegrityMismatch:IntegrityMismatch: packed index /tmp/phase20-scratch/b-nist-pdf-0017-batch/inj-23/fieldpack/seg-00000000.idx is shorter than its header	0	0	0	n/a	FailClosed("IntegrityMismatch:IntegrityMismatch: packed index /tmp/phase20-scratch/b-nist-pdf-0017-batch/inj-23/fieldpack/seg-00000000.idx is shorter than its header")	Differ("field 07564e4f6589cd8e5b3aea3f90b147ee4c123823cc0a1f873340a5263e33f0cd: expected decline UnsupportedFeature, got IntegrityMismatch")	PASS	fails closed: typed error, no bytes served; tamper: must fail closed if not exactly serviceable
b-nist-pdf-0017-truncate_idx-24	B	nist-pdf-0017	batch	truncate_idx	truncate .idx to 1	y	y	fail_closed:0	IntegrityMismatch:IntegrityMismatch: packed index /tmp/phase20-scratch/b-nist-pdf-0017-batch/inj-24/fieldpack/seg-00000000.idx is shorter than its header	fail_closed:0	IntegrityMismatch:IntegrityMismatch: packed index /tmp/phase20-scratch/b-nist-pdf-0017-batch/inj-24/fieldpack/seg-00000000.idx is shorter than its header	0	0	0	n/a	FailClosed("IntegrityMismatch:IntegrityMismatch: packed index /tmp/phase20-scratch/b-nist-pdf-0017-batch/inj-24/fieldpack/seg-00000000.idx is shorter than its header")	Differ("field 07564e4f6589cd8e5b3aea3f90b147ee4c123823cc0a1f873340a5263e33f0cd: expected decline UnsupportedFeature, got IntegrityMismatch")	PASS	fails closed: typed error, no bytes served; tamper: must fail closed if not exactly serviceable
b-nist-pdf-0017-truncate_idx-25	B	nist-pdf-0017	batch	truncate_idx	truncate .idx to 10	y	y	fail_closed:0	IntegrityMismatch:IntegrityMismatch: packed index /tmp/phase20-scratch/b-nist-pdf-0017-batch/inj-25/fieldpack/seg-00000000.idx is shorter than its header	fail_closed:0	IntegrityMismatch:IntegrityMismatch: packed index /tmp/phase20-scratch/b-nist-pdf-0017-batch/inj-25/fieldpack/seg-00000000.idx is shorter than its header	0	0	0	n/a	FailClosed("IntegrityMismatch:IntegrityMismatch: packed index /tmp/phase20-scratch/b-nist-pdf-0017-batch/inj-25/fieldpack/seg-00000000.idx is shorter than its header")	Differ("field 07564e4f6589cd8e5b3aea3f90b147ee4c123823cc0a1f873340a5263e33f0cd: expected decline UnsupportedFeature, got IntegrityMismatch")	PASS	fails closed: typed error, no bytes served; tamper: must fail closed if not exactly serviceable
b-nist-pdf-0017-truncate_idx-26	B	nist-pdf-0017	batch	truncate_idx	truncate .idx to 31	y	y	fail_closed:0	IntegrityMismatch:IntegrityMismatch: packed index /tmp/phase20-scratch/b-nist-pdf-0017-batch/inj-26/fieldpack/seg-00000000.idx is shorter than its header	fail_closed:0	IntegrityMismatch:IntegrityMismatch: packed index /tmp/phase20-scratch/b-nist-pdf-0017-batch/inj-26/fieldpack/seg-00000000.idx is shorter than its header	0	0	0	n/a	FailClosed("IntegrityMismatch:IntegrityMismatch: packed index /tmp/phase20-scratch/b-nist-pdf-0017-batch/inj-26/fieldpack/seg-00000000.idx is shorter than its header")	Differ("field 07564e4f6589cd8e5b3aea3f90b147ee4c123823cc0a1f873340a5263e33f0cd: expected decline UnsupportedFeature, got IntegrityMismatch")	PASS	fails closed: typed error, no bytes served; tamper: must fail closed if not exactly serviceable
b-nist-pdf-0017-truncate_idx-27	B	nist-pdf-0017	batch	truncate_idx	truncate .idx to 32	y	y	fail_closed:0	IntegrityMismatch:IntegrityMismatch: packed index /tmp/phase20-scratch/b-nist-pdf-0017-batch/inj-27/fieldpack/seg-00000000.idx is too short for its bucket directory	fail_closed:0	IntegrityMismatch:IntegrityMismatch: packed index /tmp/phase20-scratch/b-nist-pdf-0017-batch/inj-27/fieldpack/seg-00000000.idx is too short for its bucket directory	0	0	0	n/a	FailClosed("IntegrityMismatch:IntegrityMismatch: packed index /tmp/phase20-scratch/b-nist-pdf-0017-batch/inj-27/fieldpack/seg-00000000.idx is too short for its bucket directory")	Differ("field 07564e4f6589cd8e5b3aea3f90b147ee4c123823cc0a1f873340a5263e33f0cd: expected decline UnsupportedFeature, got IntegrityMismatch")	PASS	fails closed: typed error, no bytes served; tamper: must fail closed if not exactly serviceable
b-nist-pdf-0017-truncate_idx-28	B	nist-pdf-0017	batch	truncate_idx	truncate .idx to 33	y	y	fail_closed:0	IntegrityMismatch:IntegrityMismatch: packed index /tmp/phase20-scratch/b-nist-pdf-0017-batch/inj-28/fieldpack/seg-00000000.idx is too short for its bucket directory	fail_closed:0	IntegrityMismatch:IntegrityMismatch: packed index /tmp/phase20-scratch/b-nist-pdf-0017-batch/inj-28/fieldpack/seg-00000000.idx is too short for its bucket directory	0	0	0	n/a	FailClosed("IntegrityMismatch:IntegrityMismatch: packed index /tmp/phase20-scratch/b-nist-pdf-0017-batch/inj-28/fieldpack/seg-00000000.idx is too short for its bucket directory")	Differ("field 07564e4f6589cd8e5b3aea3f90b147ee4c123823cc0a1f873340a5263e33f0cd: expected decline UnsupportedFeature, got IntegrityMismatch")	PASS	fails closed: typed error, no bytes served; tamper: must fail closed if not exactly serviceable
b-nist-pdf-0017-truncate_idx-29	B	nist-pdf-0017	batch	truncate_idx	truncate .idx to 40	y	y	fail_closed:0	IntegrityMismatch:IntegrityMismatch: packed index /tmp/phase20-scratch/b-nist-pdf-0017-batch/inj-29/fieldpack/seg-00000000.idx is too short for its bucket directory	fail_closed:0	IntegrityMismatch:IntegrityMismatch: packed index /tmp/phase20-scratch/b-nist-pdf-0017-batch/inj-29/fieldpack/seg-00000000.idx is too short for its bucket directory	0	0	0	n/a	FailClosed("IntegrityMismatch:IntegrityMismatch: packed index /tmp/phase20-scratch/b-nist-pdf-0017-batch/inj-29/fieldpack/seg-00000000.idx is too short for its bucket directory")	Differ("field 07564e4f6589cd8e5b3aea3f90b147ee4c123823cc0a1f873340a5263e33f0cd: expected decline UnsupportedFeature, got IntegrityMismatch")	PASS	fails closed: typed error, no bytes served; tamper: must fail closed if not exactly serviceable
b-nist-pdf-0017-truncate_idx-30	B	nist-pdf-0017	batch	truncate_idx	truncate .idx to 48	y	y	fail_closed:0	IntegrityMismatch:IntegrityMismatch: packed index /tmp/phase20-scratch/b-nist-pdf-0017-batch/inj-30/fieldpack/seg-00000000.idx is too short for its bucket directory	fail_closed:0	IntegrityMismatch:IntegrityMismatch: packed index /tmp/phase20-scratch/b-nist-pdf-0017-batch/inj-30/fieldpack/seg-00000000.idx is too short for its bucket directory	0	0	0	n/a	FailClosed("IntegrityMismatch:IntegrityMismatch: packed index /tmp/phase20-scratch/b-nist-pdf-0017-batch/inj-30/fieldpack/seg-00000000.idx is too short for its bucket directory")	Differ("field 07564e4f6589cd8e5b3aea3f90b147ee4c123823cc0a1f873340a5263e33f0cd: expected decline UnsupportedFeature, got IntegrityMismatch")	PASS	fails closed: typed error, no bytes served; tamper: must fail closed if not exactly serviceable
b-nist-pdf-0017-truncate_idx-31	B	nist-pdf-0017	batch	truncate_idx	truncate .idx to 56	y	y	fail_closed:0	IntegrityMismatch:IntegrityMismatch: packed index /tmp/phase20-scratch/b-nist-pdf-0017-batch/inj-31/fieldpack/seg-00000000.idx is too short for its bucket directory	fail_closed:0	IntegrityMismatch:IntegrityMismatch: packed index /tmp/phase20-scratch/b-nist-pdf-0017-batch/inj-31/fieldpack/seg-00000000.idx is too short for its bucket directory	0	0	0	n/a	FailClosed("IntegrityMismatch:IntegrityMismatch: packed index /tmp/phase20-scratch/b-nist-pdf-0017-batch/inj-31/fieldpack/seg-00000000.idx is too short for its bucket directory")	Differ("field 07564e4f6589cd8e5b3aea3f90b147ee4c123823cc0a1f873340a5263e33f0cd: expected decline UnsupportedFeature, got IntegrityMismatch")	PASS	fails closed: typed error, no bytes served; tamper: must fail closed if not exactly serviceable
b-nist-pdf-0017-truncate_idx-32	B	nist-pdf-0017	batch	truncate_idx	truncate .idx to 228564	y	y	fail_closed:0	IntegrityMismatch:IntegrityMismatch: packed index /tmp/phase20-scratch/b-nist-pdf-0017-batch/inj-32/fieldpack/seg-00000000.idx has an inconsistent bucket directory	fail_closed:0	IntegrityMismatch:IntegrityMismatch: packed index /tmp/phase20-scratch/b-nist-pdf-0017-batch/inj-32/fieldpack/seg-00000000.idx has an inconsistent bucket directory	0	0	0	n/a	FailClosed("IntegrityMismatch:IntegrityMismatch: packed index /tmp/phase20-scratch/b-nist-pdf-0017-batch/inj-32/fieldpack/seg-00000000.idx has an inconsistent bucket directory")	Differ("field 07564e4f6589cd8e5b3aea3f90b147ee4c123823cc0a1f873340a5263e33f0cd: expected decline UnsupportedFeature, got IntegrityMismatch")	PASS	fails closed: typed error, no bytes served; tamper: must fail closed if not exactly serviceable
b-nist-pdf-0017-truncate_idx-33	B	nist-pdf-0017	batch	truncate_idx	truncate .idx to 457127	y	y	fail_closed:0	IntegrityMismatch:IntegrityMismatch: packed index /tmp/phase20-scratch/b-nist-pdf-0017-batch/inj-33/fieldpack/seg-00000000.idx has an inconsistent bucket directory	fail_closed:0	IntegrityMismatch:IntegrityMismatch: packed index /tmp/phase20-scratch/b-nist-pdf-0017-batch/inj-33/fieldpack/seg-00000000.idx has an inconsistent bucket directory	0	0	0	n/a	FailClosed("IntegrityMismatch:IntegrityMismatch: packed index /tmp/phase20-scratch/b-nist-pdf-0017-batch/inj-33/fieldpack/seg-00000000.idx has an inconsistent bucket directory")	Differ("field 07564e4f6589cd8e5b3aea3f90b147ee4c123823cc0a1f873340a5263e33f0cd: expected decline UnsupportedFeature, got IntegrityMismatch")	PASS	fails closed: typed error, no bytes served; tamper: must fail closed if not exactly serviceable
b-nist-pdf-0017-drop_idx-34	B	nist-pdf-0017	batch	drop_idx	delete .idx (crash before seal)	y	y	reopens_ok:6795	-	reopens_ok:6795	-	6795	0	0	ok	Match	Match	PASS	manifest present: exact after recovery; tamper: must fail closed if not exactly serviceable
b-nist-pdf-0017-flip_pack-35	B	nist-pdf-0017	batch	flip_pack	flip bit in .pack at 0	y	y	reopens_ok:6795	-	reopens_ok:6795	-	6795	0	0	ok	Match	Match	PASS	manifest present: exact after recovery; tamper: must fail closed if not exactly serviceable
b-nist-pdf-0017-flip_pack-36	B	nist-pdf-0017	batch	flip_pack	flip bit in .pack at 24	y	y	reopens_ok:6795	-	reopens_ok:6795	-	6795	0	0	ok	Match	Match	PASS	manifest present: exact after recovery; tamper: must fail closed if not exactly serviceable
b-nist-pdf-0017-flip_pack-37	B	nist-pdf-0017	batch	flip_pack	flip bit in .pack at 25	y	y	reopens_ok:6795	-	reopens_ok:6795	-	6795	0	0	ok	Match	Match	PASS	manifest present: exact after recovery; tamper: must fail closed if not exactly serviceable
b-nist-pdf-0017-flip_pack-38	B	nist-pdf-0017	batch	flip_pack	flip bit in .pack at 28	y	y	reopens_ok:6795	-	reopens_ok:6795	-	6795	0	1	ok	Match	Match	PASS	manifest present: exact after recovery; tamper: must fail closed if not exactly serviceable
b-nist-pdf-0017-flip_pack-39	B	nist-pdf-0017	batch	flip_pack	flip bit in .pack at 29	y	y	reopens_ok:6795	-	reopens_ok:6795	-	6795	0	1	ok	Match	Match	PASS	manifest present: exact after recovery; tamper: must fail closed if not exactly serviceable
b-nist-pdf-0017-flip_pack-40	B	nist-pdf-0017	batch	flip_pack	flip bit in .pack at 58	y	y	reopens_ok:6795	-	reopens_ok:6795	-	6795	0	1	ok	Match	Match	PASS	manifest present: exact after recovery; tamper: must fail closed if not exactly serviceable
b-nist-pdf-0017-flip_pack-41	B	nist-pdf-0017	batch	flip_pack	flip bit in .pack at 270497	y	y	reopens_ok:6795	-	reopens_ok:6795	-	6795	0	1	ok	Match	Match	PASS	manifest present: exact after recovery; tamper: must fail closed if not exactly serviceable
b-nist-pdf-0017-flip_pack-42	B	nist-pdf-0017	batch	flip_pack	flip bit in .pack at 540993	y	y	reopens_ok:6795	-	reopens_ok:6795	-	6795	0	1	ok	Match	Match	PASS	manifest present: exact after recovery; tamper: must fail closed if not exactly serviceable
b-nist-pdf-0017-flip_idx-43	B	nist-pdf-0017	batch	flip_idx	flip bit in .idx at 0	y	y	fail_closed:0	IntegrityMismatch:IntegrityMismatch: packed index /tmp/phase20-scratch/b-nist-pdf-0017-batch/inj-43/fieldpack/seg-00000000.idx has an unrecognised magic	fail_closed:0	IntegrityMismatch:IntegrityMismatch: packed index /tmp/phase20-scratch/b-nist-pdf-0017-batch/inj-43/fieldpack/seg-00000000.idx has an unrecognised magic	0	0	0	n/a	FailClosed("IntegrityMismatch:IntegrityMismatch: packed index /tmp/phase20-scratch/b-nist-pdf-0017-batch/inj-43/fieldpack/seg-00000000.idx has an unrecognised magic")	Differ("field 07564e4f6589cd8e5b3aea3f90b147ee4c123823cc0a1f873340a5263e33f0cd: expected decline UnsupportedFeature, got IntegrityMismatch")	PASS	fails closed: typed error, no bytes served; tamper: must fail closed if not exactly serviceable
b-nist-pdf-0017-flip_idx-44	B	nist-pdf-0017	batch	flip_idx	flip bit in .idx at 8	y	y	fail_closed:0	UnsupportedVersion:UnsupportedVersion: packed index /tmp/phase20-scratch/b-nist-pdf-0017-batch/inj-44/fieldpack/seg-00000000.idx has version 0, expected 1	fail_closed:0	UnsupportedVersion:UnsupportedVersion: packed index /tmp/phase20-scratch/b-nist-pdf-0017-batch/inj-44/fieldpack/seg-00000000.idx has version 0, expected 1	0	0	0	n/a	FailClosed("UnsupportedVersion:UnsupportedVersion: packed index /tmp/phase20-scratch/b-nist-pdf-0017-batch/inj-44/fieldpack/seg-00000000.idx has version 0, expected 1")	Differ("field 07564e4f6589cd8e5b3aea3f90b147ee4c123823cc0a1f873340a5263e33f0cd: expected decline UnsupportedFeature, got UnsupportedVersion")	PASS	fails closed: typed error, no bytes served; tamper: must fail closed if not exactly serviceable
b-nist-pdf-0017-flip_idx-45	B	nist-pdf-0017	batch	flip_idx	flip bit in .idx at 9	y	y	fail_closed:0	IntegrityMismatch:IntegrityMismatch: packed index /tmp/phase20-scratch/b-nist-pdf-0017-batch/inj-45/fieldpack/seg-00000000.idx has an inconsistent bucket directory	fail_closed:0	IntegrityMismatch:IntegrityMismatch: packed index /tmp/phase20-scratch/b-nist-pdf-0017-batch/inj-45/fieldpack/seg-00000000.idx has an inconsistent bucket directory	0	0	0	n/a	FailClosed("IntegrityMismatch:IntegrityMismatch: packed index /tmp/phase20-scratch/b-nist-pdf-0017-batch/inj-45/fieldpack/seg-00000000.idx has an inconsistent bucket directory")	Differ("field 07564e4f6589cd8e5b3aea3f90b147ee4c123823cc0a1f873340a5263e33f0cd: expected decline UnsupportedFeature, got IntegrityMismatch")	PASS	fails closed: typed error, no bytes served; tamper: must fail closed if not exactly serviceable
b-nist-pdf-0017-flip_idx-46	B	nist-pdf-0017	batch	flip_idx	flip bit in .idx at 16	y	y	fail_closed:0	IntegrityMismatch:IntegrityMismatch: packed index /tmp/phase20-scratch/b-nist-pdf-0017-batch/inj-46/fieldpack/seg-00000000.idx names segment 1, expected 0	fail_closed:0	IntegrityMismatch:IntegrityMismatch: packed index /tmp/phase20-scratch/b-nist-pdf-0017-batch/inj-46/fieldpack/seg-00000000.idx names segment 1, expected 0	0	0	0	n/a	FailClosed("IntegrityMismatch:IntegrityMismatch: packed index /tmp/phase20-scratch/b-nist-pdf-0017-batch/inj-46/fieldpack/seg-00000000.idx names segment 1, expected 0")	Differ("field 07564e4f6589cd8e5b3aea3f90b147ee4c123823cc0a1f873340a5263e33f0cd: expected decline UnsupportedFeature, got IntegrityMismatch")	PASS	fails closed: typed error, no bytes served; tamper: must fail closed if not exactly serviceable
b-nist-pdf-0017-flip_idx-47	B	nist-pdf-0017	batch	flip_idx	flip bit in .idx at 20	y	y	fail_closed:0	IntegrityMismatch:IntegrityMismatch: packed index /tmp/phase20-scratch/b-nist-pdf-0017-batch/inj-47/fieldpack/seg-00000000.idx has an inconsistent bucket directory	fail_closed:0	IntegrityMismatch:IntegrityMismatch: packed index /tmp/phase20-scratch/b-nist-pdf-0017-batch/inj-47/fieldpack/seg-00000000.idx has an inconsistent bucket directory	0	0	0	n/a	FailClosed("IntegrityMismatch:IntegrityMismatch: packed index /tmp/phase20-scratch/b-nist-pdf-0017-batch/inj-47/fieldpack/seg-00000000.idx has an inconsistent bucket directory")	Differ("field 07564e4f6589cd8e5b3aea3f90b147ee4c123823cc0a1f873340a5263e33f0cd: expected decline UnsupportedFeature, got IntegrityMismatch")	PASS	fails closed: typed error, no bytes served; tamper: must fail closed if not exactly serviceable
b-nist-pdf-0017-flip_idx-48	B	nist-pdf-0017	batch	flip_idx	flip bit in .idx at 24	y	y	fail_closed:0	IntegrityMismatch:IntegrityMismatch: packed index /tmp/phase20-scratch/b-nist-pdf-0017-batch/inj-48/fieldpack/seg-00000000.idx has an inconsistent bucket directory	fail_closed:0	IntegrityMismatch:IntegrityMismatch: packed index /tmp/phase20-scratch/b-nist-pdf-0017-batch/inj-48/fieldpack/seg-00000000.idx has an inconsistent bucket directory	0	0	0	n/a	FailClosed("IntegrityMismatch:IntegrityMismatch: packed index /tmp/phase20-scratch/b-nist-pdf-0017-batch/inj-48/fieldpack/seg-00000000.idx has an inconsistent bucket directory")	Differ("field 07564e4f6589cd8e5b3aea3f90b147ee4c123823cc0a1f873340a5263e33f0cd: expected decline UnsupportedFeature, got IntegrityMismatch")	PASS	fails closed: typed error, no bytes served; tamper: must fail closed if not exactly serviceable
b-nist-pdf-0017-flip_idx-49	B	nist-pdf-0017	batch	flip_idx	flip bit in .idx at 32	y	y	fail_closed:0	IntegrityMismatch:IntegrityMismatch: packed index /tmp/phase20-scratch/b-nist-pdf-0017-batch/inj-49/fieldpack/seg-00000000.idx has an inconsistent bucket directory	fail_closed:0	IntegrityMismatch:IntegrityMismatch: packed index /tmp/phase20-scratch/b-nist-pdf-0017-batch/inj-49/fieldpack/seg-00000000.idx has an inconsistent bucket directory	0	0	0	n/a	FailClosed("IntegrityMismatch:IntegrityMismatch: packed index /tmp/phase20-scratch/b-nist-pdf-0017-batch/inj-49/fieldpack/seg-00000000.idx has an inconsistent bucket directory")	Differ("field 07564e4f6589cd8e5b3aea3f90b147ee4c123823cc0a1f873340a5263e33f0cd: expected decline UnsupportedFeature, got IntegrityMismatch")	PASS	fails closed: typed error, no bytes served; tamper: must fail closed if not exactly serviceable
b-nist-pdf-0017-flip_idx-50	B	nist-pdf-0017	batch	flip_idx	flip bit in .idx at 40	y	y	reopens_ok:6795	-	reopens_ok:6795	-	6795	0	1	ok	Match	Match	PASS	manifest present: exact after recovery; tamper: must fail closed if not exactly serviceable
b-nist-pdf-0017-flip_idx-51	B	nist-pdf-0017	batch	flip_idx	flip bit in .idx at 47	y	y	fail_closed:0	IntegrityMismatch:IntegrityMismatch: packed index /tmp/phase20-scratch/b-nist-pdf-0017-batch/inj-51/fieldpack/seg-00000000.idx has an inconsistent bucket directory	fail_closed:0	IntegrityMismatch:IntegrityMismatch: packed index /tmp/phase20-scratch/b-nist-pdf-0017-batch/inj-51/fieldpack/seg-00000000.idx has an inconsistent bucket directory	0	0	0	n/a	FailClosed("IntegrityMismatch:IntegrityMismatch: packed index /tmp/phase20-scratch/b-nist-pdf-0017-batch/inj-51/fieldpack/seg-00000000.idx has an inconsistent bucket directory")	Differ("field 07564e4f6589cd8e5b3aea3f90b147ee4c123823cc0a1f873340a5263e33f0cd: expected decline UnsupportedFeature, got IntegrityMismatch")	PASS	fails closed: typed error, no bytes served; tamper: must fail closed if not exactly serviceable
b-nist-pdf-0017-flip_idx-52	B	nist-pdf-0017	batch	flip_idx	flip bit in .idx at 228564	y	y	reopens_ok:6795	-	reopens_ok:6795	-	6795	0	1	ok	Match	Match	PASS	manifest present: exact after recovery; tamper: must fail closed if not exactly serviceable
b-nist-pdf-0017-flip_idx-53	B	nist-pdf-0017	batch	flip_idx	flip bit in .idx at 457127	y	y	reopens_ok:6795	-	reopens_ok:6795	-	6795	0	0	ok	Match	Match	PASS	manifest present: exact after recovery; tamper: must fail closed if not exactly serviceable
b-nist-pdf-0017-zero_pack_tail-54	B	nist-pdf-0017	batch	zero_pack_tail	zero last 1 B of .pack	y	y	reopens_ok:6795	-	reopens_ok:6795	-	6795	0	1	ok	Match	Match	PASS	manifest present: exact after recovery; tamper: must fail closed if not exactly serviceable
b-nist-pdf-0017-zero_pack_tail-55	B	nist-pdf-0017	batch	zero_pack_tail	zero last 4 B of .pack	y	y	reopens_ok:6795	-	reopens_ok:6795	-	6795	0	1	ok	Match	Match	PASS	manifest present: exact after recovery; tamper: must fail closed if not exactly serviceable
b-nist-pdf-0017-zero_pack_tail-56	B	nist-pdf-0017	batch	zero_pack_tail	zero last 8 B of .pack	y	y	reopens_ok:6795	-	reopens_ok:6795	-	6795	0	1	ok	Match	Match	PASS	manifest present: exact after recovery; tamper: must fail closed if not exactly serviceable
b-nist-pdf-0017-zero_pack_tail-57	B	nist-pdf-0017	batch	zero_pack_tail	zero last 32 B of .pack	y	y	reopens_ok:6795	-	reopens_ok:6795	-	6795	0	1	ok	Match	Match	PASS	manifest present: exact after recovery; tamper: must fail closed if not exactly serviceable
b-nist-pdf-0017-zero_pack_tail-58	B	nist-pdf-0017	batch	zero_pack_tail	zero last 128 B of .pack	y	y	reopens_ok:6795	-	reopens_ok:6795	-	6795	0	2	ok	Match	Match	PASS	manifest present: exact after recovery; tamper: must fail closed if not exactly serviceable
a-nist-pdf-0017-SIGKILL-d0	A	nist-pdf-0017	each	sigkill/sigabrt-at-delay	SIGKILL @ 0us	n	n	reopens_ok:0	-	reopens_ok:0	-	0	0	0	ok	NotApplicable	NoBaseline	PASS	no manifest: reopens_ok, prefix, every id re-hashes; SIGKILL/SIGABRT stop the process; page cache survives
a-nist-pdf-0017-SIGKILL-d0	A	nist-pdf-0017	each	sigkill/sigabrt-at-delay	SIGKILL @ 0us	n	n	reopens_ok:0	-	reopens_ok:0	-	0	0	0	ok	NotApplicable	NoBaseline	PASS	no manifest: reopens_ok, prefix, every id re-hashes; SIGKILL/SIGABRT stop the process; page cache survives
a-nist-pdf-0017-SIGKILL-d19764	A	nist-pdf-0017	each	sigkill/sigabrt-at-delay	SIGKILL @ 19764us	y	n	reopens_ok:1	-	reopens_ok:1	-	1	0	0	ok	Match	Match	PASS	manifest present: exact; observation matches; SIGKILL/SIGABRT stop the process; page cache survives
a-nist-pdf-0017-SIGKILL-d19764	A	nist-pdf-0017	each	sigkill/sigabrt-at-delay	SIGKILL @ 19764us	y	n	reopens_ok:1	-	reopens_ok:1	-	1	0	0	ok	Match	Match	PASS	manifest present: exact; observation matches; SIGKILL/SIGABRT stop the process; page cache survives
a-nist-pdf-0017-SIGKILL-d39528	A	nist-pdf-0017	each	sigkill/sigabrt-at-delay	SIGKILL @ 39528us	y	n	reopens_ok:1	-	reopens_ok:1	-	1	0	0	ok	Match	Match	PASS	manifest present: exact; observation matches; SIGKILL/SIGABRT stop the process; page cache survives
a-nist-pdf-0017-SIGKILL-d39528	A	nist-pdf-0017	each	sigkill/sigabrt-at-delay	SIGKILL @ 39528us	y	n	reopens_ok:1	-	reopens_ok:1	-	1	0	0	ok	Match	Match	PASS	manifest present: exact; observation matches; SIGKILL/SIGABRT stop the process; page cache survives
a-nist-pdf-0017-SIGKILL-d59292	A	nist-pdf-0017	each	sigkill/sigabrt-at-delay	SIGKILL @ 59292us	y	n	reopens_ok:1	-	reopens_ok:1	-	1	0	0	ok	Match	Match	PASS	manifest present: exact; observation matches; SIGKILL/SIGABRT stop the process; page cache survives
a-nist-pdf-0017-SIGKILL-d59292	A	nist-pdf-0017	each	sigkill/sigabrt-at-delay	SIGKILL @ 59292us	y	n	reopens_ok:1	-	reopens_ok:1	-	1	0	0	ok	Match	Match	PASS	manifest present: exact; observation matches; SIGKILL/SIGABRT stop the process; page cache survives
a-nist-pdf-0017-SIGKILL-d79056	A	nist-pdf-0017	each	sigkill/sigabrt-at-delay	SIGKILL @ 79056us	y	n	reopens_ok:1	-	reopens_ok:1	-	1	0	0	ok	Match	Match	PASS	manifest present: exact; observation matches; SIGKILL/SIGABRT stop the process; page cache survives
a-nist-pdf-0017-SIGKILL-d79056	A	nist-pdf-0017	each	sigkill/sigabrt-at-delay	SIGKILL @ 79056us	y	n	reopens_ok:1	-	reopens_ok:1	-	1	0	0	ok	Match	Match	PASS	manifest present: exact; observation matches; SIGKILL/SIGABRT stop the process; page cache survives
a-nist-pdf-0017-SIGKILL-d98820	A	nist-pdf-0017	each	sigkill/sigabrt-at-delay	SIGKILL @ 98820us	y	n	reopens_ok:1	-	reopens_ok:1	-	1	0	0	ok	Match	Match	PASS	manifest present: exact; observation matches; SIGKILL/SIGABRT stop the process; page cache survives
a-nist-pdf-0017-SIGKILL-d98820	A	nist-pdf-0017	each	sigkill/sigabrt-at-delay	SIGKILL @ 98820us	y	n	reopens_ok:1	-	reopens_ok:1	-	1	0	0	ok	Match	Match	PASS	manifest present: exact; observation matches; SIGKILL/SIGABRT stop the process; page cache survives
a-nist-pdf-0017-SIGKILL-d118584	A	nist-pdf-0017	each	sigkill/sigabrt-at-delay	SIGKILL @ 118584us	y	n	reopens_ok:1	-	reopens_ok:1	-	1	0	0	ok	Match	Match	PASS	manifest present: exact; observation matches; SIGKILL/SIGABRT stop the process; page cache survives
a-nist-pdf-0017-SIGKILL-d118584	A	nist-pdf-0017	each	sigkill/sigabrt-at-delay	SIGKILL @ 118584us	y	n	reopens_ok:1	-	reopens_ok:1	-	1	0	0	ok	Match	Match	PASS	manifest present: exact; observation matches; SIGKILL/SIGABRT stop the process; page cache survives
a-nist-pdf-0017-SIGKILL-d138348	A	nist-pdf-0017	each	sigkill/sigabrt-at-delay	SIGKILL @ 138348us	y	n	reopens_ok:1	-	reopens_ok:1	-	1	0	0	ok	Match	Match	PASS	manifest present: exact; observation matches; SIGKILL/SIGABRT stop the process; page cache survives
a-nist-pdf-0017-SIGKILL-d138348	A	nist-pdf-0017	each	sigkill/sigabrt-at-delay	SIGKILL @ 138348us	y	n	reopens_ok:1	-	reopens_ok:1	-	1	0	0	ok	Match	Match	PASS	manifest present: exact; observation matches; SIGKILL/SIGABRT stop the process; page cache survives
a-nist-pdf-0017-SIGKILL-d158112	A	nist-pdf-0017	each	sigkill/sigabrt-at-delay	SIGKILL @ 158112us	y	n	reopens_ok:1	-	reopens_ok:1	-	1	0	0	ok	Match	Match	PASS	manifest present: exact; observation matches; SIGKILL/SIGABRT stop the process; page cache survives
a-nist-pdf-0017-SIGKILL-d158112	A	nist-pdf-0017	each	sigkill/sigabrt-at-delay	SIGKILL @ 158112us	y	n	reopens_ok:1	-	reopens_ok:1	-	1	0	0	ok	Match	Match	PASS	manifest present: exact; observation matches; SIGKILL/SIGABRT stop the process; page cache survives
a-nist-pdf-0017-SIGKILL-d177876	A	nist-pdf-0017	each	sigkill/sigabrt-at-delay	SIGKILL @ 177876us	y	n	reopens_ok:1	-	reopens_ok:1	-	1	0	0	ok	Match	Match	PASS	manifest present: exact; observation matches; SIGKILL/SIGABRT stop the process; page cache survives
a-nist-pdf-0017-SIGKILL-d177876	A	nist-pdf-0017	each	sigkill/sigabrt-at-delay	SIGKILL @ 177876us	y	n	reopens_ok:1	-	reopens_ok:1	-	1	0	0	ok	Match	Match	PASS	manifest present: exact; observation matches; SIGKILL/SIGABRT stop the process; page cache survives
a-nist-pdf-0017-SIGKILL-d197640	A	nist-pdf-0017	each	sigkill/sigabrt-at-delay	SIGKILL @ 197640us	y	n	reopens_ok:1	-	reopens_ok:1	-	1	0	0	ok	Match	Match	PASS	manifest present: exact; observation matches; SIGKILL/SIGABRT stop the process; page cache survives
a-nist-pdf-0017-SIGKILL-d197640	A	nist-pdf-0017	each	sigkill/sigabrt-at-delay	SIGKILL @ 197640us	y	n	reopens_ok:1	-	reopens_ok:1	-	1	0	0	ok	Match	Match	PASS	manifest present: exact; observation matches; SIGKILL/SIGABRT stop the process; page cache survives
a-nist-pdf-0017-SIGKILL-d217404	A	nist-pdf-0017	each	sigkill/sigabrt-at-delay	SIGKILL @ 217404us	y	n	reopens_ok:1	-	reopens_ok:1	-	1	0	0	ok	Match	Match	PASS	manifest present: exact; observation matches; SIGKILL/SIGABRT stop the process; page cache survives
a-nist-pdf-0017-SIGKILL-d217404	A	nist-pdf-0017	each	sigkill/sigabrt-at-delay	SIGKILL @ 217404us	y	n	reopens_ok:1	-	reopens_ok:1	-	1	0	0	ok	Match	Match	PASS	manifest present: exact; observation matches; SIGKILL/SIGABRT stop the process; page cache survives
a-nist-pdf-0017-SIGKILL-d237168	A	nist-pdf-0017	each	sigkill/sigabrt-at-delay	SIGKILL @ 237168us	y	n	reopens_ok:1	-	reopens_ok:1	-	1	0	0	ok	Match	Match	PASS	manifest present: exact; observation matches; SIGKILL/SIGABRT stop the process; page cache survives
a-nist-pdf-0017-SIGKILL-d237168	A	nist-pdf-0017	each	sigkill/sigabrt-at-delay	SIGKILL @ 237168us	y	n	reopens_ok:1	-	reopens_ok:1	-	1	0	0	ok	Match	Match	PASS	manifest present: exact; observation matches; SIGKILL/SIGABRT stop the process; page cache survives
a-nist-pdf-0017-SIGKILL-d256932	A	nist-pdf-0017	each	sigkill/sigabrt-at-delay	SIGKILL @ 256932us	y	n	reopens_ok:1	-	reopens_ok:1	-	1	0	0	ok	Match	Match	PASS	manifest present: exact; observation matches; SIGKILL/SIGABRT stop the process; page cache survives
a-nist-pdf-0017-SIGKILL-d256932	A	nist-pdf-0017	each	sigkill/sigabrt-at-delay	SIGKILL @ 256932us	y	n	reopens_ok:1	-	reopens_ok:1	-	1	0	0	ok	Match	Match	PASS	manifest present: exact; observation matches; SIGKILL/SIGABRT stop the process; page cache survives
a-nist-pdf-0017-SIGKILL-d276696	A	nist-pdf-0017	each	sigkill/sigabrt-at-delay	SIGKILL @ 276696us	y	n	reopens_ok:1	-	reopens_ok:1	-	1	0	0	ok	Match	Match	PASS	manifest present: exact; observation matches; SIGKILL/SIGABRT stop the process; page cache survives
a-nist-pdf-0017-SIGKILL-d276696	A	nist-pdf-0017	each	sigkill/sigabrt-at-delay	SIGKILL @ 276696us	y	n	reopens_ok:1	-	reopens_ok:1	-	1	0	0	ok	Match	Match	PASS	manifest present: exact; observation matches; SIGKILL/SIGABRT stop the process; page cache survives
a-nist-pdf-0017-SIGKILL-d296460	A	nist-pdf-0017	each	sigkill/sigabrt-at-delay	SIGKILL @ 296460us	y	n	reopens_ok:1	-	reopens_ok:1	-	1	0	0	ok	Match	Match	PASS	manifest present: exact; observation matches; SIGKILL/SIGABRT stop the process; page cache survives
a-nist-pdf-0017-SIGKILL-d296460	A	nist-pdf-0017	each	sigkill/sigabrt-at-delay	SIGKILL @ 296460us	y	n	reopens_ok:1	-	reopens_ok:1	-	1	0	0	ok	Match	Match	PASS	manifest present: exact; observation matches; SIGKILL/SIGABRT stop the process; page cache survives
a-nist-pdf-0017-SIGKILL-d316224	A	nist-pdf-0017	each	sigkill/sigabrt-at-delay	SIGKILL @ 316224us	y	n	reopens_ok:1	-	reopens_ok:1	-	1	0	0	ok	Match	Match	PASS	manifest present: exact; observation matches; SIGKILL/SIGABRT stop the process; page cache survives
a-nist-pdf-0017-SIGKILL-d316224	A	nist-pdf-0017	each	sigkill/sigabrt-at-delay	SIGKILL @ 316224us	y	n	reopens_ok:1	-	reopens_ok:1	-	1	0	0	ok	Match	Match	PASS	manifest present: exact; observation matches; SIGKILL/SIGABRT stop the process; page cache survives
a-nist-pdf-0017-SIGKILL-d335988	A	nist-pdf-0017	each	sigkill/sigabrt-at-delay	SIGKILL @ 335988us	y	n	reopens_ok:1	-	reopens_ok:1	-	1	0	0	ok	Match	Match	PASS	manifest present: exact; observation matches; SIGKILL/SIGABRT stop the process; page cache survives
a-nist-pdf-0017-SIGKILL-d335988	A	nist-pdf-0017	each	sigkill/sigabrt-at-delay	SIGKILL @ 335988us	y	n	reopens_ok:1	-	reopens_ok:1	-	1	0	0	ok	Match	Match	PASS	manifest present: exact; observation matches; SIGKILL/SIGABRT stop the process; page cache survives
a-nist-pdf-0017-SIGKILL-d355752	A	nist-pdf-0017	each	sigkill/sigabrt-at-delay	SIGKILL @ 355752us	y	n	reopens_ok:1	-	reopens_ok:1	-	1	0	0	ok	Match	Match	PASS	manifest present: exact; observation matches; SIGKILL/SIGABRT stop the process; page cache survives
a-nist-pdf-0017-SIGKILL-d355752	A	nist-pdf-0017	each	sigkill/sigabrt-at-delay	SIGKILL @ 355752us	y	n	reopens_ok:1	-	reopens_ok:1	-	1	0	0	ok	Match	Match	PASS	manifest present: exact; observation matches; SIGKILL/SIGABRT stop the process; page cache survives
a-nist-pdf-0017-SIGKILL-d375516	A	nist-pdf-0017	each	sigkill/sigabrt-at-delay	SIGKILL @ 375516us	y	n	reopens_ok:1	-	reopens_ok:1	-	1	0	0	ok	Match	Match	PASS	manifest present: exact; observation matches; SIGKILL/SIGABRT stop the process; page cache survives
a-nist-pdf-0017-SIGKILL-d375516	A	nist-pdf-0017	each	sigkill/sigabrt-at-delay	SIGKILL @ 375516us	y	n	reopens_ok:1	-	reopens_ok:1	-	1	0	0	ok	Match	Match	PASS	manifest present: exact; observation matches; SIGKILL/SIGABRT stop the process; page cache survives
a-nist-pdf-0017-SIGKILL-d395280	A	nist-pdf-0017	each	sigkill/sigabrt-at-delay	SIGKILL @ 395280us	y	n	reopens_ok:1	-	reopens_ok:1	-	1	0	0	ok	Match	Match	PASS	manifest present: exact; observation matches; SIGKILL/SIGABRT stop the process; page cache survives
a-nist-pdf-0017-SIGKILL-d395280	A	nist-pdf-0017	each	sigkill/sigabrt-at-delay	SIGKILL @ 395280us	y	n	reopens_ok:1	-	reopens_ok:1	-	1	0	0	ok	Match	Match	PASS	manifest present: exact; observation matches; SIGKILL/SIGABRT stop the process; page cache survives
a-nist-pdf-0017-SIGKILL-d415044	A	nist-pdf-0017	each	sigkill/sigabrt-at-delay	SIGKILL @ 415044us	y	n	reopens_ok:1	-	reopens_ok:1	-	1	0	0	ok	Match	Match	PASS	manifest present: exact; observation matches; SIGKILL/SIGABRT stop the process; page cache survives
a-nist-pdf-0017-SIGKILL-d415044	A	nist-pdf-0017	each	sigkill/sigabrt-at-delay	SIGKILL @ 415044us	y	n	reopens_ok:1	-	reopens_ok:1	-	1	0	0	ok	Match	Match	PASS	manifest present: exact; observation matches; SIGKILL/SIGABRT stop the process; page cache survives
a-nist-pdf-0017-SIGKILL-d434808	A	nist-pdf-0017	each	sigkill/sigabrt-at-delay	SIGKILL @ 434808us	y	n	reopens_ok:1	-	reopens_ok:1	-	1	0	0	ok	Match	Match	PASS	manifest present: exact; observation matches; SIGKILL/SIGABRT stop the process; page cache survives
a-nist-pdf-0017-SIGKILL-d434808	A	nist-pdf-0017	each	sigkill/sigabrt-at-delay	SIGKILL @ 434808us	y	n	reopens_ok:1	-	reopens_ok:1	-	1	0	0	ok	Match	Match	PASS	manifest present: exact; observation matches; SIGKILL/SIGABRT stop the process; page cache survives
a-nist-pdf-0017-SIGKILL-d454572	A	nist-pdf-0017	each	sigkill/sigabrt-at-delay	SIGKILL @ 454572us	y	n	reopens_ok:1	-	reopens_ok:1	-	1	0	0	ok	Match	Match	PASS	manifest present: exact; observation matches; SIGKILL/SIGABRT stop the process; page cache survives
a-nist-pdf-0017-SIGKILL-d454572	A	nist-pdf-0017	each	sigkill/sigabrt-at-delay	SIGKILL @ 454572us	y	n	reopens_ok:1	-	reopens_ok:1	-	1	0	0	ok	Match	Match	PASS	manifest present: exact; observation matches; SIGKILL/SIGABRT stop the process; page cache survives
a-nist-pdf-0017-SIGKILL-d474336	A	nist-pdf-0017	each	sigkill/sigabrt-at-delay	SIGKILL @ 474336us	y	n	reopens_ok:1	-	reopens_ok:1	-	1	0	0	ok	Match	Match	PASS	manifest present: exact; observation matches; SIGKILL/SIGABRT stop the process; page cache survives
a-nist-pdf-0017-SIGKILL-d474336	A	nist-pdf-0017	each	sigkill/sigabrt-at-delay	SIGKILL @ 474336us	y	n	reopens_ok:1	-	reopens_ok:1	-	1	0	0	ok	Match	Match	PASS	manifest present: exact; observation matches; SIGKILL/SIGABRT stop the process; page cache survives
a-nist-pdf-0017-SIGKILL-d494100	A	nist-pdf-0017	each	sigkill/sigabrt-at-delay	SIGKILL @ 494100us	y	n	reopens_ok:1	-	reopens_ok:1	-	1	0	0	ok	Match	Match	PASS	manifest present: exact; observation matches; SIGKILL/SIGABRT stop the process; page cache survives
a-nist-pdf-0017-SIGKILL-d494100	A	nist-pdf-0017	each	sigkill/sigabrt-at-delay	SIGKILL @ 494100us	y	n	reopens_ok:1	-	reopens_ok:1	-	1	0	0	ok	Match	Match	PASS	manifest present: exact; observation matches; SIGKILL/SIGABRT stop the process; page cache survives
a-nist-pdf-0017-SIGKILL-d513864	A	nist-pdf-0017	each	sigkill/sigabrt-at-delay	SIGKILL @ 513864us	y	n	reopens_ok:1	-	reopens_ok:1	-	1	0	0	ok	Match	Match	PASS	manifest present: exact; observation matches; SIGKILL/SIGABRT stop the process; page cache survives
a-nist-pdf-0017-SIGKILL-d513864	A	nist-pdf-0017	each	sigkill/sigabrt-at-delay	SIGKILL @ 513864us	y	n	reopens_ok:1	-	reopens_ok:1	-	1	0	0	ok	Match	Match	PASS	manifest present: exact; observation matches; SIGKILL/SIGABRT stop the process; page cache survives
a-nist-pdf-0017-SIGKILL-d533628	A	nist-pdf-0017	each	sigkill/sigabrt-at-delay	SIGKILL @ 533628us	y	n	reopens_ok:1	-	reopens_ok:1	-	1	0	0	ok	Match	Match	PASS	manifest present: exact; observation matches; SIGKILL/SIGABRT stop the process; page cache survives
a-nist-pdf-0017-SIGKILL-d533628	A	nist-pdf-0017	each	sigkill/sigabrt-at-delay	SIGKILL @ 533628us	y	n	reopens_ok:1	-	reopens_ok:1	-	1	0	0	ok	Match	Match	PASS	manifest present: exact; observation matches; SIGKILL/SIGABRT stop the process; page cache survives
a-nist-pdf-0017-SIGKILL-d553392	A	nist-pdf-0017	each	sigkill/sigabrt-at-delay	SIGKILL @ 553392us	y	n	reopens_ok:1	-	reopens_ok:1	-	1	0	0	ok	Match	Match	PASS	manifest present: exact; observation matches; SIGKILL/SIGABRT stop the process; page cache survives
a-nist-pdf-0017-SIGKILL-d553392	A	nist-pdf-0017	each	sigkill/sigabrt-at-delay	SIGKILL @ 553392us	y	n	reopens_ok:1	-	reopens_ok:1	-	1	0	0	ok	Match	Match	PASS	manifest present: exact; observation matches; SIGKILL/SIGABRT stop the process; page cache survives
a-nist-pdf-0017-SIGKILL-d573156	A	nist-pdf-0017	each	sigkill/sigabrt-at-delay	SIGKILL @ 573156us	y	n	reopens_ok:1	-	reopens_ok:1	-	1	0	0	ok	Match	Match	PASS	manifest present: exact; observation matches; SIGKILL/SIGABRT stop the process; page cache survives
a-nist-pdf-0017-SIGKILL-d573156	A	nist-pdf-0017	each	sigkill/sigabrt-at-delay	SIGKILL @ 573156us	y	n	reopens_ok:1	-	reopens_ok:1	-	1	0	0	ok	Match	Match	PASS	manifest present: exact; observation matches; SIGKILL/SIGABRT stop the process; page cache survives
a-nist-pdf-0017-SIGKILL-d592920	A	nist-pdf-0017	each	sigkill/sigabrt-at-delay	SIGKILL @ 592920us	y	n	reopens_ok:1	-	reopens_ok:1	-	1	0	0	ok	Match	Match	PASS	manifest present: exact; observation matches; SIGKILL/SIGABRT stop the process; page cache survives
a-nist-pdf-0017-SIGKILL-d592920	A	nist-pdf-0017	each	sigkill/sigabrt-at-delay	SIGKILL @ 592920us	y	n	reopens_ok:1	-	reopens_ok:1	-	1	0	0	ok	Match	Match	PASS	manifest present: exact; observation matches; SIGKILL/SIGABRT stop the process; page cache survives
a-nist-pdf-0017-SIGKILL-d612684	A	nist-pdf-0017	each	sigkill/sigabrt-at-delay	SIGKILL @ 612684us	y	n	reopens_ok:1	-	reopens_ok:1	-	1	0	0	ok	Match	Match	PASS	manifest present: exact; observation matches; SIGKILL/SIGABRT stop the process; page cache survives
a-nist-pdf-0017-SIGKILL-d612684	A	nist-pdf-0017	each	sigkill/sigabrt-at-delay	SIGKILL @ 612684us	y	n	reopens_ok:1	-	reopens_ok:1	-	1	0	0	ok	Match	Match	PASS	manifest present: exact; observation matches; SIGKILL/SIGABRT stop the process; page cache survives
a-nist-pdf-0017-SIGKILL-d632448	A	nist-pdf-0017	each	sigkill/sigabrt-at-delay	SIGKILL @ 632448us	y	n	reopens_ok:1	-	reopens_ok:1	-	1	0	0	ok	Match	Match	PASS	manifest present: exact; observation matches; SIGKILL/SIGABRT stop the process; page cache survives
a-nist-pdf-0017-SIGKILL-d632448	A	nist-pdf-0017	each	sigkill/sigabrt-at-delay	SIGKILL @ 632448us	y	n	reopens_ok:1	-	reopens_ok:1	-	1	0	0	ok	Match	Match	PASS	manifest present: exact; observation matches; SIGKILL/SIGABRT stop the process; page cache survives
a-nist-pdf-0017-SIGKILL-d652212	A	nist-pdf-0017	each	sigkill/sigabrt-at-delay	SIGKILL @ 652212us	y	n	reopens_ok:1	-	reopens_ok:1	-	1	0	0	ok	Match	Match	PASS	manifest present: exact; observation matches; SIGKILL/SIGABRT stop the process; page cache survives
a-nist-pdf-0017-SIGKILL-d652212	A	nist-pdf-0017	each	sigkill/sigabrt-at-delay	SIGKILL @ 652212us	y	n	reopens_ok:1	-	reopens_ok:1	-	1	0	0	ok	Match	Match	PASS	manifest present: exact; observation matches; SIGKILL/SIGABRT stop the process; page cache survives
a-nist-pdf-0017-SIGKILL-d671976	A	nist-pdf-0017	each	sigkill/sigabrt-at-delay	SIGKILL @ 671976us	y	n	reopens_ok:1	-	reopens_ok:1	-	1	0	0	ok	Match	Match	PASS	manifest present: exact; observation matches; SIGKILL/SIGABRT stop the process; page cache survives
a-nist-pdf-0017-SIGKILL-d671976	A	nist-pdf-0017	each	sigkill/sigabrt-at-delay	SIGKILL @ 671976us	y	n	reopens_ok:1	-	reopens_ok:1	-	1	0	0	ok	Match	Match	PASS	manifest present: exact; observation matches; SIGKILL/SIGABRT stop the process; page cache survives
a-nist-pdf-0017-SIGKILL-d691740	A	nist-pdf-0017	each	sigkill/sigabrt-at-delay	SIGKILL @ 691740us	y	n	reopens_ok:1	-	reopens_ok:1	-	1	0	0	ok	Match	Match	PASS	manifest present: exact; observation matches; SIGKILL/SIGABRT stop the process; page cache survives
a-nist-pdf-0017-SIGKILL-d691740	A	nist-pdf-0017	each	sigkill/sigabrt-at-delay	SIGKILL @ 691740us	y	n	reopens_ok:1	-	reopens_ok:1	-	1	0	0	ok	Match	Match	PASS	manifest present: exact; observation matches; SIGKILL/SIGABRT stop the process; page cache survives
a-nist-pdf-0017-SIGKILL-d711504	A	nist-pdf-0017	each	sigkill/sigabrt-at-delay	SIGKILL @ 711504us	y	n	reopens_ok:1	-	reopens_ok:1	-	1	0	0	ok	Match	Match	PASS	manifest present: exact; observation matches; SIGKILL/SIGABRT stop the process; page cache survives
a-nist-pdf-0017-SIGKILL-d711504	A	nist-pdf-0017	each	sigkill/sigabrt-at-delay	SIGKILL @ 711504us	y	n	reopens_ok:1	-	reopens_ok:1	-	1	0	0	ok	Match	Match	PASS	manifest present: exact; observation matches; SIGKILL/SIGABRT stop the process; page cache survives
a-nist-pdf-0017-SIGKILL-d731268	A	nist-pdf-0017	each	sigkill/sigabrt-at-delay	SIGKILL @ 731268us	y	n	reopens_ok:1	-	reopens_ok:1	-	1	0	0	ok	Match	Match	PASS	manifest present: exact; observation matches; SIGKILL/SIGABRT stop the process; page cache survives
a-nist-pdf-0017-SIGKILL-d731268	A	nist-pdf-0017	each	sigkill/sigabrt-at-delay	SIGKILL @ 731268us	y	n	reopens_ok:1	-	reopens_ok:1	-	1	0	0	ok	Match	Match	PASS	manifest present: exact; observation matches; SIGKILL/SIGABRT stop the process; page cache survives
a-nist-pdf-0017-SIGKILL-d751032	A	nist-pdf-0017	each	sigkill/sigabrt-at-delay	SIGKILL @ 751032us	y	n	reopens_ok:1	-	reopens_ok:1	-	1	0	0	ok	Match	Match	PASS	manifest present: exact; observation matches; SIGKILL/SIGABRT stop the process; page cache survives
a-nist-pdf-0017-SIGKILL-d751032	A	nist-pdf-0017	each	sigkill/sigabrt-at-delay	SIGKILL @ 751032us	y	n	reopens_ok:1	-	reopens_ok:1	-	1	0	0	ok	Match	Match	PASS	manifest present: exact; observation matches; SIGKILL/SIGABRT stop the process; page cache survives
a-nist-pdf-0017-SIGKILL-d770796	A	nist-pdf-0017	each	sigkill/sigabrt-at-delay	SIGKILL @ 770796us	y	n	reopens_ok:1	-	reopens_ok:1	-	1	0	0	ok	Match	Match	PASS	manifest present: exact; observation matches; SIGKILL/SIGABRT stop the process; page cache survives
a-nist-pdf-0017-SIGKILL-d770796	A	nist-pdf-0017	each	sigkill/sigabrt-at-delay	SIGKILL @ 770796us	y	n	reopens_ok:1	-	reopens_ok:1	-	1	0	0	ok	Match	Match	PASS	manifest present: exact; observation matches; SIGKILL/SIGABRT stop the process; page cache survives
a-nist-pdf-0017-SIGKILL-d790560	A	nist-pdf-0017	each	sigkill/sigabrt-at-delay	SIGKILL @ 790560us	y	n	reopens_ok:1	-	reopens_ok:1	-	1	0	0	ok	Match	Match	PASS	manifest present: exact; observation matches; SIGKILL/SIGABRT stop the process; page cache survives
a-nist-pdf-0017-SIGKILL-d790560	A	nist-pdf-0017	each	sigkill/sigabrt-at-delay	SIGKILL @ 790560us	y	n	reopens_ok:1	-	reopens_ok:1	-	1	0	0	ok	Match	Match	PASS	manifest present: exact; observation matches; SIGKILL/SIGABRT stop the process; page cache survives
a-nist-pdf-0017-SIGKILL-d810324	A	nist-pdf-0017	each	sigkill/sigabrt-at-delay	SIGKILL @ 810324us	y	n	reopens_ok:1	-	reopens_ok:1	-	1	0	0	ok	Match	Match	PASS	manifest present: exact; observation matches; SIGKILL/SIGABRT stop the process; page cache survives
a-nist-pdf-0017-SIGKILL-d810324	A	nist-pdf-0017	each	sigkill/sigabrt-at-delay	SIGKILL @ 810324us	y	n	reopens_ok:1	-	reopens_ok:1	-	1	0	0	ok	Match	Match	PASS	manifest present: exact; observation matches; SIGKILL/SIGABRT stop the process; page cache survives
a-nist-pdf-0017-SIGKILL-d830088	A	nist-pdf-0017	each	sigkill/sigabrt-at-delay	SIGKILL @ 830088us	y	n	reopens_ok:1	-	reopens_ok:1	-	1	0	0	ok	Match	Match	PASS	manifest present: exact; observation matches; SIGKILL/SIGABRT stop the process; page cache survives
a-nist-pdf-0017-SIGKILL-d830088	A	nist-pdf-0017	each	sigkill/sigabrt-at-delay	SIGKILL @ 830088us	y	n	reopens_ok:1	-	reopens_ok:1	-	1	0	0	ok	Match	Match	PASS	manifest present: exact; observation matches; SIGKILL/SIGABRT stop the process; page cache survives
a-nist-pdf-0017-SIGKILL-d849852	A	nist-pdf-0017	each	sigkill/sigabrt-at-delay	SIGKILL @ 849852us	y	n	reopens_ok:1	-	reopens_ok:1	-	1	0	0	ok	Match	Match	PASS	manifest present: exact; observation matches; SIGKILL/SIGABRT stop the process; page cache survives
a-nist-pdf-0017-SIGKILL-d849852	A	nist-pdf-0017	each	sigkill/sigabrt-at-delay	SIGKILL @ 849852us	y	n	reopens_ok:1	-	reopens_ok:1	-	1	0	0	ok	Match	Match	PASS	manifest present: exact; observation matches; SIGKILL/SIGABRT stop the process; page cache survives
a-nist-pdf-0017-SIGKILL-d869616	A	nist-pdf-0017	each	sigkill/sigabrt-at-delay	SIGKILL @ 869616us	y	n	reopens_ok:1	-	reopens_ok:1	-	1	0	0	ok	Match	Match	PASS	manifest present: exact; observation matches; SIGKILL/SIGABRT stop the process; page cache survives
a-nist-pdf-0017-SIGKILL-d869616	A	nist-pdf-0017	each	sigkill/sigabrt-at-delay	SIGKILL @ 869616us	y	n	reopens_ok:1	-	reopens_ok:1	-	1	0	0	ok	Match	Match	PASS	manifest present: exact; observation matches; SIGKILL/SIGABRT stop the process; page cache survives
a-nist-pdf-0017-SIGKILL-d889380	A	nist-pdf-0017	each	sigkill/sigabrt-at-delay	SIGKILL @ 889380us	y	n	reopens_ok:1	-	reopens_ok:1	-	1	0	0	ok	Match	Match	PASS	manifest present: exact; observation matches; SIGKILL/SIGABRT stop the process; page cache survives
a-nist-pdf-0017-SIGKILL-d889380	A	nist-pdf-0017	each	sigkill/sigabrt-at-delay	SIGKILL @ 889380us	y	n	reopens_ok:1	-	reopens_ok:1	-	1	0	0	ok	Match	Match	PASS	manifest present: exact; observation matches; SIGKILL/SIGABRT stop the process; page cache survives
a-nist-pdf-0017-SIGKILL-d909144	A	nist-pdf-0017	each	sigkill/sigabrt-at-delay	SIGKILL @ 909144us	y	n	reopens_ok:1	-	reopens_ok:1	-	1	0	0	ok	Match	Match	PASS	manifest present: exact; observation matches; SIGKILL/SIGABRT stop the process; page cache survives
a-nist-pdf-0017-SIGKILL-d909144	A	nist-pdf-0017	each	sigkill/sigabrt-at-delay	SIGKILL @ 909144us	y	n	reopens_ok:1	-	reopens_ok:1	-	1	0	0	ok	Match	Match	PASS	manifest present: exact; observation matches; SIGKILL/SIGABRT stop the process; page cache survives
a-nist-pdf-0017-SIGKILL-d928908	A	nist-pdf-0017	each	sigkill/sigabrt-at-delay	SIGKILL @ 928908us	y	n	reopens_ok:1	-	reopens_ok:1	-	1	0	0	ok	Match	Match	PASS	manifest present: exact; observation matches; SIGKILL/SIGABRT stop the process; page cache survives
a-nist-pdf-0017-SIGKILL-d928908	A	nist-pdf-0017	each	sigkill/sigabrt-at-delay	SIGKILL @ 928908us	y	n	reopens_ok:1	-	reopens_ok:1	-	1	0	0	ok	Match	Match	PASS	manifest present: exact; observation matches; SIGKILL/SIGABRT stop the process; page cache survives
a-nist-pdf-0017-SIGKILL-d948672	A	nist-pdf-0017	each	sigkill/sigabrt-at-delay	SIGKILL @ 948672us	y	n	reopens_ok:1	-	reopens_ok:1	-	1	0	0	ok	Match	Match	PASS	manifest present: exact; observation matches; SIGKILL/SIGABRT stop the process; page cache survives
a-nist-pdf-0017-SIGKILL-d948672	A	nist-pdf-0017	each	sigkill/sigabrt-at-delay	SIGKILL @ 948672us	y	n	reopens_ok:1	-	reopens_ok:1	-	1	0	0	ok	Match	Match	PASS	manifest present: exact; observation matches; SIGKILL/SIGABRT stop the process; page cache survives
a-nist-pdf-0017-SIGKILL-d968436	A	nist-pdf-0017	each	sigkill/sigabrt-at-delay	SIGKILL @ 968436us	y	n	reopens_ok:1	-	reopens_ok:1	-	1	0	0	ok	Match	Match	PASS	manifest present: exact; observation matches; SIGKILL/SIGABRT stop the process; page cache survives
a-nist-pdf-0017-SIGKILL-d968436	A	nist-pdf-0017	each	sigkill/sigabrt-at-delay	SIGKILL @ 968436us	y	n	reopens_ok:1	-	reopens_ok:1	-	1	0	0	ok	Match	Match	PASS	manifest present: exact; observation matches; SIGKILL/SIGABRT stop the process; page cache survives
a-nist-pdf-0017-SIGKILL-d988200	A	nist-pdf-0017	each	sigkill/sigabrt-at-delay	SIGKILL @ 988200us	y	n	reopens_ok:1	-	reopens_ok:1	-	1	0	0	ok	Match	Match	PASS	manifest present: exact; observation matches; SIGKILL/SIGABRT stop the process; page cache survives
a-nist-pdf-0017-SIGKILL-d988200	A	nist-pdf-0017	each	sigkill/sigabrt-at-delay	SIGKILL @ 988200us	y	n	reopens_ok:1	-	reopens_ok:1	-	1	0	0	ok	Match	Match	PASS	manifest present: exact; observation matches; SIGKILL/SIGABRT stop the process; page cache survives
a-nist-pdf-0017-SIGKILL-d1007964	A	nist-pdf-0017	each	sigkill/sigabrt-at-delay	SIGKILL @ 1007964us	y	n	reopens_ok:1	-	reopens_ok:1	-	1	0	0	ok	Match	Match	PASS	manifest present: exact; observation matches; SIGKILL/SIGABRT stop the process; page cache survives
a-nist-pdf-0017-SIGKILL-d1007964	A	nist-pdf-0017	each	sigkill/sigabrt-at-delay	SIGKILL @ 1007964us	y	n	reopens_ok:1	-	reopens_ok:1	-	1	0	0	ok	Match	Match	PASS	manifest present: exact; observation matches; SIGKILL/SIGABRT stop the process; page cache survives
a-nist-pdf-0017-SIGKILL-d1027728	A	nist-pdf-0017	each	sigkill/sigabrt-at-delay	SIGKILL @ 1027728us	y	n	reopens_ok:1	-	reopens_ok:1	-	1	0	0	ok	Match	Match	PASS	manifest present: exact; observation matches; SIGKILL/SIGABRT stop the process; page cache survives
a-nist-pdf-0017-SIGKILL-d1027728	A	nist-pdf-0017	each	sigkill/sigabrt-at-delay	SIGKILL @ 1027728us	y	n	reopens_ok:1	-	reopens_ok:1	-	1	0	0	ok	Match	Match	PASS	manifest present: exact; observation matches; SIGKILL/SIGABRT stop the process; page cache survives
a-nist-pdf-0017-SIGKILL-d1047492	A	nist-pdf-0017	each	sigkill/sigabrt-at-delay	SIGKILL @ 1047492us	y	n	reopens_ok:1	-	reopens_ok:1	-	1	0	0	ok	Match	Match	PASS	manifest present: exact; observation matches; SIGKILL/SIGABRT stop the process; page cache survives
a-nist-pdf-0017-SIGKILL-d1047492	A	nist-pdf-0017	each	sigkill/sigabrt-at-delay	SIGKILL @ 1047492us	y	n	reopens_ok:1	-	reopens_ok:1	-	1	0	0	ok	Match	Match	PASS	manifest present: exact; observation matches; SIGKILL/SIGABRT stop the process; page cache survives
a-nist-pdf-0017-SIGKILL-d1067256	A	nist-pdf-0017	each	sigkill/sigabrt-at-delay	SIGKILL @ 1067256us	y	n	reopens_ok:1	-	reopens_ok:1	-	1	0	0	ok	Match	Match	PASS	manifest present: exact; observation matches; SIGKILL/SIGABRT stop the process; page cache survives
a-nist-pdf-0017-SIGKILL-d1067256	A	nist-pdf-0017	each	sigkill/sigabrt-at-delay	SIGKILL @ 1067256us	y	n	reopens_ok:1	-	reopens_ok:1	-	1	0	0	ok	Match	Match	PASS	manifest present: exact; observation matches; SIGKILL/SIGABRT stop the process; page cache survives
a-nist-pdf-0017-SIGKILL-d1087020	A	nist-pdf-0017	each	sigkill/sigabrt-at-delay	SIGKILL @ 1087020us	y	n	reopens_ok:1	-	reopens_ok:1	-	1	0	0	ok	Match	Match	PASS	manifest present: exact; observation matches; SIGKILL/SIGABRT stop the process; page cache survives
a-nist-pdf-0017-SIGKILL-d1087020	A	nist-pdf-0017	each	sigkill/sigabrt-at-delay	SIGKILL @ 1087020us	y	n	reopens_ok:1	-	reopens_ok:1	-	1	0	0	ok	Match	Match	PASS	manifest present: exact; observation matches; SIGKILL/SIGABRT stop the process; page cache survives
a-nist-pdf-0017-SIGKILL-d1106784	A	nist-pdf-0017	each	sigkill/sigabrt-at-delay	SIGKILL @ 1106784us	y	n	reopens_ok:1	-	reopens_ok:1	-	1	0	0	ok	Match	Match	PASS	manifest present: exact; observation matches; SIGKILL/SIGABRT stop the process; page cache survives
a-nist-pdf-0017-SIGKILL-d1106784	A	nist-pdf-0017	each	sigkill/sigabrt-at-delay	SIGKILL @ 1106784us	y	n	reopens_ok:1073	-	reopens_ok:1073	-	1073	0	0	ok	Match	Match	PASS	manifest present: exact; observation matches; SIGKILL/SIGABRT stop the process; page cache survives
a-nist-pdf-0017-SIGKILL-d1126548	A	nist-pdf-0017	each	sigkill/sigabrt-at-delay	SIGKILL @ 1126548us	y	y	reopens_ok:6792	-	reopens_ok:6792	-	6792	0	0	ok	Match	Match	PASS	manifest present: exact; observation matches; SIGKILL/SIGABRT stop the process; page cache survives
a-nist-pdf-0017-SIGKILL-d1126548	A	nist-pdf-0017	each	sigkill/sigabrt-at-delay	SIGKILL @ 1126548us	y	y	reopens_ok:6792	-	reopens_ok:6792	-	6792	0	0	ok	Match	Match	PASS	manifest present: exact; observation matches; SIGKILL/SIGABRT stop the process; page cache survives
a-nist-pdf-0017-SIGKILL-after-manifest	A	nist-pdf-0017	each	sigkill/sigabrt-at-boundary	SIGKILL @ after-manifest	y	n	reopens_ok:1	-	reopens_ok:1	-	1	0	0	ok	Match	Match	PASS	manifest present: exact; observation matches; polled to the manifest/index publication window
a-nist-pdf-0017-SIGKILL-after-manifest	A	nist-pdf-0017	each	sigkill/sigabrt-at-boundary	SIGKILL @ after-manifest	y	n	reopens_ok:1	-	reopens_ok:1	-	1	0	0	ok	Match	Match	PASS	manifest present: exact; observation matches; polled to the manifest/index publication window
a-nist-pdf-0017-SIGKILL-after-manifest	A	nist-pdf-0017	each	sigkill/sigabrt-at-boundary	SIGKILL @ after-manifest	y	n	reopens_ok:1	-	reopens_ok:1	-	1	0	0	ok	Match	Match	PASS	manifest present: exact; observation matches; polled to the manifest/index publication window
a-nist-pdf-0017-SIGKILL-after-manifest	A	nist-pdf-0017	each	sigkill/sigabrt-at-boundary	SIGKILL @ after-manifest	y	n	reopens_ok:1	-	reopens_ok:1	-	1	0	0	ok	Match	Match	PASS	manifest present: exact; observation matches; polled to the manifest/index publication window
a-nist-pdf-0017-SIGKILL-after-manifest	A	nist-pdf-0017	each	sigkill/sigabrt-at-boundary	SIGKILL @ after-manifest	y	n	reopens_ok:1	-	reopens_ok:1	-	1	0	0	ok	Match	Match	PASS	manifest present: exact; observation matches; polled to the manifest/index publication window
a-nist-pdf-0017-SIGKILL-after-manifest	A	nist-pdf-0017	each	sigkill/sigabrt-at-boundary	SIGKILL @ after-manifest	y	n	reopens_ok:1	-	reopens_ok:1	-	1	0	0	ok	Match	Match	PASS	manifest present: exact; observation matches; polled to the manifest/index publication window
a-nist-pdf-0017-SIGKILL-after-idx	A	nist-pdf-0017	each	sigkill/sigabrt-at-boundary	SIGKILL @ after-idx	y	y	reopens_ok:6792	-	reopens_ok:6792	-	6792	0	0	ok	Match	Match	PASS	manifest present: exact; observation matches; polled to the manifest/index publication window
a-nist-pdf-0017-SIGKILL-after-idx	A	nist-pdf-0017	each	sigkill/sigabrt-at-boundary	SIGKILL @ after-idx	y	y	reopens_ok:6792	-	reopens_ok:6792	-	6792	0	0	ok	Match	Match	PASS	manifest present: exact; observation matches; polled to the manifest/index publication window
a-nist-pdf-0017-SIGKILL-after-idx	A	nist-pdf-0017	each	sigkill/sigabrt-at-boundary	SIGKILL @ after-idx	y	y	reopens_ok:6792	-	reopens_ok:6792	-	6792	0	0	ok	Match	Match	PASS	manifest present: exact; observation matches; polled to the manifest/index publication window
a-nist-pdf-0017-SIGKILL-after-idx	A	nist-pdf-0017	each	sigkill/sigabrt-at-boundary	SIGKILL @ after-idx	y	y	reopens_ok:6792	-	reopens_ok:6792	-	6792	0	0	ok	Match	Match	PASS	manifest present: exact; observation matches; polled to the manifest/index publication window
a-nist-pdf-0017-SIGKILL-after-idx	A	nist-pdf-0017	each	sigkill/sigabrt-at-boundary	SIGKILL @ after-idx	y	y	reopens_ok:6792	-	reopens_ok:6792	-	6792	0	0	ok	Match	Match	PASS	manifest present: exact; observation matches; polled to the manifest/index publication window
a-nist-pdf-0017-SIGKILL-after-idx	A	nist-pdf-0017	each	sigkill/sigabrt-at-boundary	SIGKILL @ after-idx	y	y	reopens_ok:6792	-	reopens_ok:6792	-	6792	0	0	ok	Match	Match	PASS	manifest present: exact; observation matches; polled to the manifest/index publication window
a-nist-pdf-0017-SIGABRT-d0	A	nist-pdf-0017	each	sigkill/sigabrt-at-delay	SIGABRT @ 0us	y	y	reopens_ok:6792	-	reopens_ok:6792	-	6792	0	0	ok	Match	Match	PASS	manifest present: exact; observation matches; SIGKILL/SIGABRT stop the process; page cache survives
a-nist-pdf-0017-SIGABRT-d0	A	nist-pdf-0017	each	sigkill/sigabrt-at-delay	SIGABRT @ 0us	y	y	reopens_ok:6792	-	reopens_ok:6792	-	6792	0	0	ok	Match	Match	PASS	manifest present: exact; observation matches; SIGKILL/SIGABRT stop the process; page cache survives
a-nist-pdf-0017-SIGABRT-d19764	A	nist-pdf-0017	each	sigkill/sigabrt-at-delay	SIGABRT @ 19764us	y	y	reopens_ok:6792	-	reopens_ok:6792	-	6792	0	0	ok	Match	Match	PASS	manifest present: exact; observation matches; SIGKILL/SIGABRT stop the process; page cache survives
a-nist-pdf-0017-SIGABRT-d19764	A	nist-pdf-0017	each	sigkill/sigabrt-at-delay	SIGABRT @ 19764us	y	y	reopens_ok:6792	-	reopens_ok:6792	-	6792	0	0	ok	Match	Match	PASS	manifest present: exact; observation matches; SIGKILL/SIGABRT stop the process; page cache survives
a-nist-pdf-0017-SIGABRT-d39528	A	nist-pdf-0017	each	sigkill/sigabrt-at-delay	SIGABRT @ 39528us	y	y	reopens_ok:6792	-	reopens_ok:6792	-	6792	0	0	ok	Match	Match	PASS	manifest present: exact; observation matches; SIGKILL/SIGABRT stop the process; page cache survives
a-nist-pdf-0017-SIGABRT-d39528	A	nist-pdf-0017	each	sigkill/sigabrt-at-delay	SIGABRT @ 39528us	y	y	reopens_ok:6792	-	reopens_ok:6792	-	6792	0	0	ok	Match	Match	PASS	manifest present: exact; observation matches; SIGKILL/SIGABRT stop the process; page cache survives
a-nist-pdf-0017-SIGABRT-d59292	A	nist-pdf-0017	each	sigkill/sigabrt-at-delay	SIGABRT @ 59292us	y	y	reopens_ok:6792	-	reopens_ok:6792	-	6792	0	0	ok	Match	Match	PASS	manifest present: exact; observation matches; SIGKILL/SIGABRT stop the process; page cache survives
a-nist-pdf-0017-SIGABRT-d59292	A	nist-pdf-0017	each	sigkill/sigabrt-at-delay	SIGABRT @ 59292us	y	y	reopens_ok:6792	-	reopens_ok:6792	-	6792	0	0	ok	Match	Match	PASS	manifest present: exact; observation matches; SIGKILL/SIGABRT stop the process; page cache survives
a-nist-pdf-0017-SIGABRT-d79056	A	nist-pdf-0017	each	sigkill/sigabrt-at-delay	SIGABRT @ 79056us	y	y	reopens_ok:6792	-	reopens_ok:6792	-	6792	0	0	ok	Match	Match	PASS	manifest present: exact; observation matches; SIGKILL/SIGABRT stop the process; page cache survives
a-nist-pdf-0017-SIGABRT-d79056	A	nist-pdf-0017	each	sigkill/sigabrt-at-delay	SIGABRT @ 79056us	y	y	reopens_ok:6792	-	reopens_ok:6792	-	6792	0	0	ok	Match	Match	PASS	manifest present: exact; observation matches; SIGKILL/SIGABRT stop the process; page cache survives
a-nist-pdf-0017-SIGABRT-d98820	A	nist-pdf-0017	each	sigkill/sigabrt-at-delay	SIGABRT @ 98820us	y	y	reopens_ok:6792	-	reopens_ok:6792	-	6792	0	0	ok	Match	Match	PASS	manifest present: exact; observation matches; SIGKILL/SIGABRT stop the process; page cache survives
a-nist-pdf-0017-SIGABRT-d98820	A	nist-pdf-0017	each	sigkill/sigabrt-at-delay	SIGABRT @ 98820us	y	y	reopens_ok:6792	-	reopens_ok:6792	-	6792	0	0	ok	Match	Match	PASS	manifest present: exact; observation matches; SIGKILL/SIGABRT stop the process; page cache survives
a-nist-pdf-0017-SIGABRT-d118584	A	nist-pdf-0017	each	sigkill/sigabrt-at-delay	SIGABRT @ 118584us	y	y	reopens_ok:6792	-	reopens_ok:6792	-	6792	0	0	ok	Match	Match	PASS	manifest present: exact; observation matches; SIGKILL/SIGABRT stop the process; page cache survives
a-nist-pdf-0017-SIGABRT-d118584	A	nist-pdf-0017	each	sigkill/sigabrt-at-delay	SIGABRT @ 118584us	y	y	reopens_ok:6792	-	reopens_ok:6792	-	6792	0	0	ok	Match	Match	PASS	manifest present: exact; observation matches; SIGKILL/SIGABRT stop the process; page cache survives
a-nist-pdf-0017-SIGABRT-d138348	A	nist-pdf-0017	each	sigkill/sigabrt-at-delay	SIGABRT @ 138348us	y	y	reopens_ok:6792	-	reopens_ok:6792	-	6792	0	0	ok	Match	Match	PASS	manifest present: exact; observation matches; SIGKILL/SIGABRT stop the process; page cache survives
a-nist-pdf-0017-SIGABRT-d138348	A	nist-pdf-0017	each	sigkill/sigabrt-at-delay	SIGABRT @ 138348us	y	y	reopens_ok:6792	-	reopens_ok:6792	-	6792	0	0	ok	Match	Match	PASS	manifest present: exact; observation matches; SIGKILL/SIGABRT stop the process; page cache survives
a-nist-pdf-0017-SIGABRT-d158112	A	nist-pdf-0017	each	sigkill/sigabrt-at-delay	SIGABRT @ 158112us	y	y	reopens_ok:6792	-	reopens_ok:6792	-	6792	0	0	ok	Match	Match	PASS	manifest present: exact; observation matches; SIGKILL/SIGABRT stop the process; page cache survives
a-nist-pdf-0017-SIGABRT-d158112	A	nist-pdf-0017	each	sigkill/sigabrt-at-delay	SIGABRT @ 158112us	y	y	reopens_ok:6792	-	reopens_ok:6792	-	6792	0	0	ok	Match	Match	PASS	manifest present: exact; observation matches; SIGKILL/SIGABRT stop the process; page cache survives
a-nist-pdf-0017-SIGABRT-d177876	A	nist-pdf-0017	each	sigkill/sigabrt-at-delay	SIGABRT @ 177876us	y	y	reopens_ok:6792	-	reopens_ok:6792	-	6792	0	0	ok	Match	Match	PASS	manifest present: exact; observation matches; SIGKILL/SIGABRT stop the process; page cache survives
a-nist-pdf-0017-SIGABRT-d177876	A	nist-pdf-0017	each	sigkill/sigabrt-at-delay	SIGABRT @ 177876us	y	y	reopens_ok:6792	-	reopens_ok:6792	-	6792	0	0	ok	Match	Match	PASS	manifest present: exact; observation matches; SIGKILL/SIGABRT stop the process; page cache survives
a-nist-pdf-0017-SIGABRT-d197640	A	nist-pdf-0017	each	sigkill/sigabrt-at-delay	SIGABRT @ 197640us	y	y	reopens_ok:6792	-	reopens_ok:6792	-	6792	0	0	ok	Match	Match	PASS	manifest present: exact; observation matches; SIGKILL/SIGABRT stop the process; page cache survives
a-nist-pdf-0017-SIGABRT-d197640	A	nist-pdf-0017	each	sigkill/sigabrt-at-delay	SIGABRT @ 197640us	y	y	reopens_ok:6792	-	reopens_ok:6792	-	6792	0	0	ok	Match	Match	PASS	manifest present: exact; observation matches; SIGKILL/SIGABRT stop the process; page cache survives
a-nist-pdf-0017-SIGABRT-d217404	A	nist-pdf-0017	each	sigkill/sigabrt-at-delay	SIGABRT @ 217404us	y	y	reopens_ok:6792	-	reopens_ok:6792	-	6792	0	0	ok	Match	Match	PASS	manifest present: exact; observation matches; SIGKILL/SIGABRT stop the process; page cache survives
a-nist-pdf-0017-SIGABRT-d217404	A	nist-pdf-0017	each	sigkill/sigabrt-at-delay	SIGABRT @ 217404us	y	y	reopens_ok:6792	-	reopens_ok:6792	-	6792	0	0	ok	Match	Match	PASS	manifest present: exact; observation matches; SIGKILL/SIGABRT stop the process; page cache survives
a-nist-pdf-0017-SIGABRT-d237168	A	nist-pdf-0017	each	sigkill/sigabrt-at-delay	SIGABRT @ 237168us	y	y	reopens_ok:6792	-	reopens_ok:6792	-	6792	0	0	ok	Match	Match	PASS	manifest present: exact; observation matches; SIGKILL/SIGABRT stop the process; page cache survives
a-nist-pdf-0017-SIGABRT-d237168	A	nist-pdf-0017	each	sigkill/sigabrt-at-delay	SIGABRT @ 237168us	y	y	reopens_ok:6792	-	reopens_ok:6792	-	6792	0	0	ok	Match	Match	PASS	manifest present: exact; observation matches; SIGKILL/SIGABRT stop the process; page cache survives
a-nist-pdf-0017-SIGABRT-d256932	A	nist-pdf-0017	each	sigkill/sigabrt-at-delay	SIGABRT @ 256932us	y	y	reopens_ok:6792	-	reopens_ok:6792	-	6792	0	0	ok	Match	Match	PASS	manifest present: exact; observation matches; SIGKILL/SIGABRT stop the process; page cache survives
a-nist-pdf-0017-SIGABRT-d256932	A	nist-pdf-0017	each	sigkill/sigabrt-at-delay	SIGABRT @ 256932us	y	y	reopens_ok:6792	-	reopens_ok:6792	-	6792	0	0	ok	Match	Match	PASS	manifest present: exact; observation matches; SIGKILL/SIGABRT stop the process; page cache survives
a-nist-pdf-0017-SIGABRT-d276696	A	nist-pdf-0017	each	sigkill/sigabrt-at-delay	SIGABRT @ 276696us	y	y	reopens_ok:6792	-	reopens_ok:6792	-	6792	0	0	ok	Match	Match	PASS	manifest present: exact; observation matches; SIGKILL/SIGABRT stop the process; page cache survives
a-nist-pdf-0017-SIGABRT-d276696	A	nist-pdf-0017	each	sigkill/sigabrt-at-delay	SIGABRT @ 276696us	y	y	reopens_ok:6792	-	reopens_ok:6792	-	6792	0	0	ok	Match	Match	PASS	manifest present: exact; observation matches; SIGKILL/SIGABRT stop the process; page cache survives
a-nist-pdf-0017-SIGABRT-d296460	A	nist-pdf-0017	each	sigkill/sigabrt-at-delay	SIGABRT @ 296460us	y	y	reopens_ok:6792	-	reopens_ok:6792	-	6792	0	0	ok	Match	Match	PASS	manifest present: exact; observation matches; SIGKILL/SIGABRT stop the process; page cache survives
a-nist-pdf-0017-SIGABRT-d296460	A	nist-pdf-0017	each	sigkill/sigabrt-at-delay	SIGABRT @ 296460us	y	y	reopens_ok:6792	-	reopens_ok:6792	-	6792	0	0	ok	Match	Match	PASS	manifest present: exact; observation matches; SIGKILL/SIGABRT stop the process; page cache survives
a-nist-pdf-0017-SIGABRT-d316224	A	nist-pdf-0017	each	sigkill/sigabrt-at-delay	SIGABRT @ 316224us	y	y	reopens_ok:6792	-	reopens_ok:6792	-	6792	0	0	ok	Match	Match	PASS	manifest present: exact; observation matches; SIGKILL/SIGABRT stop the process; page cache survives
a-nist-pdf-0017-SIGABRT-d316224	A	nist-pdf-0017	each	sigkill/sigabrt-at-delay	SIGABRT @ 316224us	y	y	reopens_ok:6792	-	reopens_ok:6792	-	6792	0	0	ok	Match	Match	PASS	manifest present: exact; observation matches; SIGKILL/SIGABRT stop the process; page cache survives
a-nist-pdf-0017-SIGABRT-d335988	A	nist-pdf-0017	each	sigkill/sigabrt-at-delay	SIGABRT @ 335988us	y	y	reopens_ok:6792	-	reopens_ok:6792	-	6792	0	0	ok	Match	Match	PASS	manifest present: exact; observation matches; SIGKILL/SIGABRT stop the process; page cache survives
a-nist-pdf-0017-SIGABRT-d335988	A	nist-pdf-0017	each	sigkill/sigabrt-at-delay	SIGABRT @ 335988us	y	y	reopens_ok:6792	-	reopens_ok:6792	-	6792	0	0	ok	Match	Match	PASS	manifest present: exact; observation matches; SIGKILL/SIGABRT stop the process; page cache survives
a-nist-pdf-0017-SIGABRT-d355752	A	nist-pdf-0017	each	sigkill/sigabrt-at-delay	SIGABRT @ 355752us	y	y	reopens_ok:6792	-	reopens_ok:6792	-	6792	0	0	ok	Match	Match	PASS	manifest present: exact; observation matches; SIGKILL/SIGABRT stop the process; page cache survives
a-nist-pdf-0017-SIGABRT-d355752	A	nist-pdf-0017	each	sigkill/sigabrt-at-delay	SIGABRT @ 355752us	y	y	reopens_ok:6792	-	reopens_ok:6792	-	6792	0	0	ok	Match	Match	PASS	manifest present: exact; observation matches; SIGKILL/SIGABRT stop the process; page cache survives
a-nist-pdf-0017-SIGABRT-d375516	A	nist-pdf-0017	each	sigkill/sigabrt-at-delay	SIGABRT @ 375516us	y	y	reopens_ok:6792	-	reopens_ok:6792	-	6792	0	0	ok	Match	Match	PASS	manifest present: exact; observation matches; SIGKILL/SIGABRT stop the process; page cache survives
a-nist-pdf-0017-SIGABRT-d375516	A	nist-pdf-0017	each	sigkill/sigabrt-at-delay	SIGABRT @ 375516us	y	y	reopens_ok:6792	-	reopens_ok:6792	-	6792	0	0	ok	Match	Match	PASS	manifest present: exact; observation matches; SIGKILL/SIGABRT stop the process; page cache survives
a-nist-pdf-0017-SIGABRT-d395280	A	nist-pdf-0017	each	sigkill/sigabrt-at-delay	SIGABRT @ 395280us	y	y	reopens_ok:6792	-	reopens_ok:6792	-	6792	0	0	ok	Match	Match	PASS	manifest present: exact; observation matches; SIGKILL/SIGABRT stop the process; page cache survives
a-nist-pdf-0017-SIGABRT-d395280	A	nist-pdf-0017	each	sigkill/sigabrt-at-delay	SIGABRT @ 395280us	y	y	reopens_ok:6792	-	reopens_ok:6792	-	6792	0	0	ok	Match	Match	PASS	manifest present: exact; observation matches; SIGKILL/SIGABRT stop the process; page cache survives
a-nist-pdf-0017-SIGABRT-d415044	A	nist-pdf-0017	each	sigkill/sigabrt-at-delay	SIGABRT @ 415044us	y	y	reopens_ok:6792	-	reopens_ok:6792	-	6792	0	0	ok	Match	Match	PASS	manifest present: exact; observation matches; SIGKILL/SIGABRT stop the process; page cache survives
a-nist-pdf-0017-SIGABRT-d415044	A	nist-pdf-0017	each	sigkill/sigabrt-at-delay	SIGABRT @ 415044us	y	y	reopens_ok:6792	-	reopens_ok:6792	-	6792	0	0	ok	Match	Match	PASS	manifest present: exact; observation matches; SIGKILL/SIGABRT stop the process; page cache survives
a-nist-pdf-0017-SIGABRT-d434808	A	nist-pdf-0017	each	sigkill/sigabrt-at-delay	SIGABRT @ 434808us	y	y	reopens_ok:6792	-	reopens_ok:6792	-	6792	0	0	ok	Match	Match	PASS	manifest present: exact; observation matches; SIGKILL/SIGABRT stop the process; page cache survives
a-nist-pdf-0017-SIGABRT-d434808	A	nist-pdf-0017	each	sigkill/sigabrt-at-delay	SIGABRT @ 434808us	y	y	reopens_ok:6792	-	reopens_ok:6792	-	6792	0	0	ok	Match	Match	PASS	manifest present: exact; observation matches; SIGKILL/SIGABRT stop the process; page cache survives
a-nist-pdf-0017-SIGABRT-d454572	A	nist-pdf-0017	each	sigkill/sigabrt-at-delay	SIGABRT @ 454572us	y	y	reopens_ok:6792	-	reopens_ok:6792	-	6792	0	0	ok	Match	Match	PASS	manifest present: exact; observation matches; SIGKILL/SIGABRT stop the process; page cache survives
a-nist-pdf-0017-SIGABRT-d454572	A	nist-pdf-0017	each	sigkill/sigabrt-at-delay	SIGABRT @ 454572us	y	y	reopens_ok:6792	-	reopens_ok:6792	-	6792	0	0	ok	Match	Match	PASS	manifest present: exact; observation matches; SIGKILL/SIGABRT stop the process; page cache survives
a-nist-pdf-0017-SIGABRT-d474336	A	nist-pdf-0017	each	sigkill/sigabrt-at-delay	SIGABRT @ 474336us	y	y	reopens_ok:6792	-	reopens_ok:6792	-	6792	0	0	ok	Match	Match	PASS	manifest present: exact; observation matches; SIGKILL/SIGABRT stop the process; page cache survives
a-nist-pdf-0017-SIGABRT-d474336	A	nist-pdf-0017	each	sigkill/sigabrt-at-delay	SIGABRT @ 474336us	y	y	reopens_ok:6792	-	reopens_ok:6792	-	6792	0	0	ok	Match	Match	PASS	manifest present: exact; observation matches; SIGKILL/SIGABRT stop the process; page cache survives
a-nist-pdf-0017-SIGABRT-d494100	A	nist-pdf-0017	each	sigkill/sigabrt-at-delay	SIGABRT @ 494100us	y	y	reopens_ok:6792	-	reopens_ok:6792	-	6792	0	0	ok	Match	Match	PASS	manifest present: exact; observation matches; SIGKILL/SIGABRT stop the process; page cache survives
a-nist-pdf-0017-SIGABRT-d494100	A	nist-pdf-0017	each	sigkill/sigabrt-at-delay	SIGABRT @ 494100us	y	y	reopens_ok:6792	-	reopens_ok:6792	-	6792	0	0	ok	Match	Match	PASS	manifest present: exact; observation matches; SIGKILL/SIGABRT stop the process; page cache survives
a-nist-pdf-0017-SIGABRT-d513864	A	nist-pdf-0017	each	sigkill/sigabrt-at-delay	SIGABRT @ 513864us	y	y	reopens_ok:6792	-	reopens_ok:6792	-	6792	0	0	ok	Match	Match	PASS	manifest present: exact; observation matches; SIGKILL/SIGABRT stop the process; page cache survives
a-nist-pdf-0017-SIGABRT-d513864	A	nist-pdf-0017	each	sigkill/sigabrt-at-delay	SIGABRT @ 513864us	y	y	reopens_ok:6792	-	reopens_ok:6792	-	6792	0	0	ok	Match	Match	PASS	manifest present: exact; observation matches; SIGKILL/SIGABRT stop the process; page cache survives
a-nist-pdf-0017-SIGABRT-d533628	A	nist-pdf-0017	each	sigkill/sigabrt-at-delay	SIGABRT @ 533628us	y	y	reopens_ok:6792	-	reopens_ok:6792	-	6792	0	0	ok	Match	Match	PASS	manifest present: exact; observation matches; SIGKILL/SIGABRT stop the process; page cache survives
a-nist-pdf-0017-SIGABRT-d533628	A	nist-pdf-0017	each	sigkill/sigabrt-at-delay	SIGABRT @ 533628us	y	y	reopens_ok:6792	-	reopens_ok:6792	-	6792	0	0	ok	Match	Match	PASS	manifest present: exact; observation matches; SIGKILL/SIGABRT stop the process; page cache survives
a-nist-pdf-0017-SIGABRT-d553392	A	nist-pdf-0017	each	sigkill/sigabrt-at-delay	SIGABRT @ 553392us	y	y	reopens_ok:6792	-	reopens_ok:6792	-	6792	0	0	ok	Match	Match	PASS	manifest present: exact; observation matches; SIGKILL/SIGABRT stop the process; page cache survives
a-nist-pdf-0017-SIGABRT-d553392	A	nist-pdf-0017	each	sigkill/sigabrt-at-delay	SIGABRT @ 553392us	y	y	reopens_ok:6792	-	reopens_ok:6792	-	6792	0	0	ok	Match	Match	PASS	manifest present: exact; observation matches; SIGKILL/SIGABRT stop the process; page cache survives
a-nist-pdf-0017-SIGABRT-d573156	A	nist-pdf-0017	each	sigkill/sigabrt-at-delay	SIGABRT @ 573156us	y	y	reopens_ok:6792	-	reopens_ok:6792	-	6792	0	0	ok	Match	Match	PASS	manifest present: exact; observation matches; SIGKILL/SIGABRT stop the process; page cache survives
a-nist-pdf-0017-SIGABRT-d573156	A	nist-pdf-0017	each	sigkill/sigabrt-at-delay	SIGABRT @ 573156us	y	y	reopens_ok:6792	-	reopens_ok:6792	-	6792	0	0	ok	Match	Match	PASS	manifest present: exact; observation matches; SIGKILL/SIGABRT stop the process; page cache survives
a-nist-pdf-0017-SIGABRT-d592920	A	nist-pdf-0017	each	sigkill/sigabrt-at-delay	SIGABRT @ 592920us	y	y	reopens_ok:6792	-	reopens_ok:6792	-	6792	0	0	ok	Match	Match	PASS	manifest present: exact; observation matches; SIGKILL/SIGABRT stop the process; page cache survives
a-nist-pdf-0017-SIGABRT-d592920	A	nist-pdf-0017	each	sigkill/sigabrt-at-delay	SIGABRT @ 592920us	y	y	reopens_ok:6792	-	reopens_ok:6792	-	6792	0	0	ok	Match	Match	PASS	manifest present: exact; observation matches; SIGKILL/SIGABRT stop the process; page cache survives
a-nist-pdf-0017-SIGABRT-d612684	A	nist-pdf-0017	each	sigkill/sigabrt-at-delay	SIGABRT @ 612684us	y	y	reopens_ok:6792	-	reopens_ok:6792	-	6792	0	0	ok	Match	Match	PASS	manifest present: exact; observation matches; SIGKILL/SIGABRT stop the process; page cache survives
a-nist-pdf-0017-SIGABRT-d612684	A	nist-pdf-0017	each	sigkill/sigabrt-at-delay	SIGABRT @ 612684us	y	y	reopens_ok:6792	-	reopens_ok:6792	-	6792	0	0	ok	Match	Match	PASS	manifest present: exact; observation matches; SIGKILL/SIGABRT stop the process; page cache survives
a-nist-pdf-0017-SIGABRT-d632448	A	nist-pdf-0017	each	sigkill/sigabrt-at-delay	SIGABRT @ 632448us	y	y	reopens_ok:6792	-	reopens_ok:6792	-	6792	0	0	ok	Match	Match	PASS	manifest present: exact; observation matches; SIGKILL/SIGABRT stop the process; page cache survives
a-nist-pdf-0017-SIGABRT-d632448	A	nist-pdf-0017	each	sigkill/sigabrt-at-delay	SIGABRT @ 632448us	y	y	reopens_ok:6792	-	reopens_ok:6792	-	6792	0	0	ok	Match	Match	PASS	manifest present: exact; observation matches; SIGKILL/SIGABRT stop the process; page cache survives
a-nist-pdf-0017-SIGABRT-d652212	A	nist-pdf-0017	each	sigkill/sigabrt-at-delay	SIGABRT @ 652212us	y	y	reopens_ok:6792	-	reopens_ok:6792	-	6792	0	0	ok	Match	Match	PASS	manifest present: exact; observation matches; SIGKILL/SIGABRT stop the process; page cache survives
a-nist-pdf-0017-SIGABRT-d652212	A	nist-pdf-0017	each	sigkill/sigabrt-at-delay	SIGABRT @ 652212us	y	y	reopens_ok:6792	-	reopens_ok:6792	-	6792	0	0	ok	Match	Match	PASS	manifest present: exact; observation matches; SIGKILL/SIGABRT stop the process; page cache survives
a-nist-pdf-0017-SIGABRT-d671976	A	nist-pdf-0017	each	sigkill/sigabrt-at-delay	SIGABRT @ 671976us	y	y	reopens_ok:6792	-	reopens_ok:6792	-	6792	0	0	ok	Match	Match	PASS	manifest present: exact; observation matches; SIGKILL/SIGABRT stop the process; page cache survives
a-nist-pdf-0017-SIGABRT-d671976	A	nist-pdf-0017	each	sigkill/sigabrt-at-delay	SIGABRT @ 671976us	y	y	reopens_ok:6792	-	reopens_ok:6792	-	6792	0	0	ok	Match	Match	PASS	manifest present: exact; observation matches; SIGKILL/SIGABRT stop the process; page cache survives
a-nist-pdf-0017-SIGABRT-d691740	A	nist-pdf-0017	each	sigkill/sigabrt-at-delay	SIGABRT @ 691740us	y	y	reopens_ok:6792	-	reopens_ok:6792	-	6792	0	0	ok	Match	Match	PASS	manifest present: exact; observation matches; SIGKILL/SIGABRT stop the process; page cache survives
a-nist-pdf-0017-SIGABRT-d691740	A	nist-pdf-0017	each	sigkill/sigabrt-at-delay	SIGABRT @ 691740us	y	y	reopens_ok:6792	-	reopens_ok:6792	-	6792	0	0	ok	Match	Match	PASS	manifest present: exact; observation matches; SIGKILL/SIGABRT stop the process; page cache survives
a-nist-pdf-0017-SIGABRT-d711504	A	nist-pdf-0017	each	sigkill/sigabrt-at-delay	SIGABRT @ 711504us	y	y	reopens_ok:6792	-	reopens_ok:6792	-	6792	0	0	ok	Match	Match	PASS	manifest present: exact; observation matches; SIGKILL/SIGABRT stop the process; page cache survives
a-nist-pdf-0017-SIGABRT-d711504	A	nist-pdf-0017	each	sigkill/sigabrt-at-delay	SIGABRT @ 711504us	y	y	reopens_ok:6792	-	reopens_ok:6792	-	6792	0	0	ok	Match	Match	PASS	manifest present: exact; observation matches; SIGKILL/SIGABRT stop the process; page cache survives
a-nist-pdf-0017-SIGABRT-d731268	A	nist-pdf-0017	each	sigkill/sigabrt-at-delay	SIGABRT @ 731268us	y	y	reopens_ok:6792	-	reopens_ok:6792	-	6792	0	0	ok	Match	Match	PASS	manifest present: exact; observation matches; SIGKILL/SIGABRT stop the process; page cache survives
a-nist-pdf-0017-SIGABRT-d731268	A	nist-pdf-0017	each	sigkill/sigabrt-at-delay	SIGABRT @ 731268us	y	y	reopens_ok:6792	-	reopens_ok:6792	-	6792	0	0	ok	Match	Match	PASS	manifest present: exact; observation matches; SIGKILL/SIGABRT stop the process; page cache survives
a-nist-pdf-0017-SIGABRT-d751032	A	nist-pdf-0017	each	sigkill/sigabrt-at-delay	SIGABRT @ 751032us	y	y	reopens_ok:6792	-	reopens_ok:6792	-	6792	0	0	ok	Match	Match	PASS	manifest present: exact; observation matches; SIGKILL/SIGABRT stop the process; page cache survives
a-nist-pdf-0017-SIGABRT-d751032	A	nist-pdf-0017	each	sigkill/sigabrt-at-delay	SIGABRT @ 751032us	y	y	reopens_ok:6792	-	reopens_ok:6792	-	6792	0	0	ok	Match	Match	PASS	manifest present: exact; observation matches; SIGKILL/SIGABRT stop the process; page cache survives
a-nist-pdf-0017-SIGABRT-d770796	A	nist-pdf-0017	each	sigkill/sigabrt-at-delay	SIGABRT @ 770796us	y	y	reopens_ok:6792	-	reopens_ok:6792	-	6792	0	0	ok	Match	Match	PASS	manifest present: exact; observation matches; SIGKILL/SIGABRT stop the process; page cache survives
a-nist-pdf-0017-SIGABRT-d770796	A	nist-pdf-0017	each	sigkill/sigabrt-at-delay	SIGABRT @ 770796us	y	y	reopens_ok:6792	-	reopens_ok:6792	-	6792	0	0	ok	Match	Match	PASS	manifest present: exact; observation matches; SIGKILL/SIGABRT stop the process; page cache survives
a-nist-pdf-0017-SIGABRT-d790560	A	nist-pdf-0017	each	sigkill/sigabrt-at-delay	SIGABRT @ 790560us	y	y	reopens_ok:6792	-	reopens_ok:6792	-	6792	0	0	ok	Match	Match	PASS	manifest present: exact; observation matches; SIGKILL/SIGABRT stop the process; page cache survives
a-nist-pdf-0017-SIGABRT-d790560	A	nist-pdf-0017	each	sigkill/sigabrt-at-delay	SIGABRT @ 790560us	y	y	reopens_ok:6792	-	reopens_ok:6792	-	6792	0	0	ok	Match	Match	PASS	manifest present: exact; observation matches; SIGKILL/SIGABRT stop the process; page cache survives
a-nist-pdf-0017-SIGABRT-d810324	A	nist-pdf-0017	each	sigkill/sigabrt-at-delay	SIGABRT @ 810324us	y	y	reopens_ok:6792	-	reopens_ok:6792	-	6792	0	0	ok	Match	Match	PASS	manifest present: exact; observation matches; SIGKILL/SIGABRT stop the process; page cache survives
a-nist-pdf-0017-SIGABRT-d810324	A	nist-pdf-0017	each	sigkill/sigabrt-at-delay	SIGABRT @ 810324us	y	y	reopens_ok:6792	-	reopens_ok:6792	-	6792	0	0	ok	Match	Match	PASS	manifest present: exact; observation matches; SIGKILL/SIGABRT stop the process; page cache survives
a-nist-pdf-0017-SIGABRT-d830088	A	nist-pdf-0017	each	sigkill/sigabrt-at-delay	SIGABRT @ 830088us	y	y	reopens_ok:6792	-	reopens_ok:6792	-	6792	0	0	ok	Match	Match	PASS	manifest present: exact; observation matches; SIGKILL/SIGABRT stop the process; page cache survives
a-nist-pdf-0017-SIGABRT-d830088	A	nist-pdf-0017	each	sigkill/sigabrt-at-delay	SIGABRT @ 830088us	y	y	reopens_ok:6792	-	reopens_ok:6792	-	6792	0	0	ok	Match	Match	PASS	manifest present: exact; observation matches; SIGKILL/SIGABRT stop the process; page cache survives
a-nist-pdf-0017-SIGABRT-d849852	A	nist-pdf-0017	each	sigkill/sigabrt-at-delay	SIGABRT @ 849852us	y	y	reopens_ok:6792	-	reopens_ok:6792	-	6792	0	0	ok	Match	Match	PASS	manifest present: exact; observation matches; SIGKILL/SIGABRT stop the process; page cache survives
a-nist-pdf-0017-SIGABRT-d849852	A	nist-pdf-0017	each	sigkill/sigabrt-at-delay	SIGABRT @ 849852us	y	y	reopens_ok:6792	-	reopens_ok:6792	-	6792	0	0	ok	Match	Match	PASS	manifest present: exact; observation matches; SIGKILL/SIGABRT stop the process; page cache survives
a-nist-pdf-0017-SIGABRT-d869616	A	nist-pdf-0017	each	sigkill/sigabrt-at-delay	SIGABRT @ 869616us	y	y	reopens_ok:6792	-	reopens_ok:6792	-	6792	0	0	ok	Match	Match	PASS	manifest present: exact; observation matches; SIGKILL/SIGABRT stop the process; page cache survives
a-nist-pdf-0017-SIGABRT-d869616	A	nist-pdf-0017	each	sigkill/sigabrt-at-delay	SIGABRT @ 869616us	y	y	reopens_ok:6792	-	reopens_ok:6792	-	6792	0	0	ok	Match	Match	PASS	manifest present: exact; observation matches; SIGKILL/SIGABRT stop the process; page cache survives
a-nist-pdf-0017-SIGABRT-d889380	A	nist-pdf-0017	each	sigkill/sigabrt-at-delay	SIGABRT @ 889380us	y	y	reopens_ok:6792	-	reopens_ok:6792	-	6792	0	0	ok	Match	Match	PASS	manifest present: exact; observation matches; SIGKILL/SIGABRT stop the process; page cache survives
a-nist-pdf-0017-SIGABRT-d889380	A	nist-pdf-0017	each	sigkill/sigabrt-at-delay	SIGABRT @ 889380us	y	y	reopens_ok:6792	-	reopens_ok:6792	-	6792	0	0	ok	Match	Match	PASS	manifest present: exact; observation matches; SIGKILL/SIGABRT stop the process; page cache survives
a-nist-pdf-0017-SIGABRT-d909144	A	nist-pdf-0017	each	sigkill/sigabrt-at-delay	SIGABRT @ 909144us	y	y	reopens_ok:6792	-	reopens_ok:6792	-	6792	0	0	ok	Match	Match	PASS	manifest present: exact; observation matches; SIGKILL/SIGABRT stop the process; page cache survives
a-nist-pdf-0017-SIGABRT-d909144	A	nist-pdf-0017	each	sigkill/sigabrt-at-delay	SIGABRT @ 909144us	y	y	reopens_ok:6792	-	reopens_ok:6792	-	6792	0	0	ok	Match	Match	PASS	manifest present: exact; observation matches; SIGKILL/SIGABRT stop the process; page cache survives
a-nist-pdf-0017-SIGABRT-d928908	A	nist-pdf-0017	each	sigkill/sigabrt-at-delay	SIGABRT @ 928908us	y	y	reopens_ok:6792	-	reopens_ok:6792	-	6792	0	0	ok	Match	Match	PASS	manifest present: exact; observation matches; SIGKILL/SIGABRT stop the process; page cache survives
a-nist-pdf-0017-SIGABRT-d928908	A	nist-pdf-0017	each	sigkill/sigabrt-at-delay	SIGABRT @ 928908us	y	y	reopens_ok:6792	-	reopens_ok:6792	-	6792	0	0	ok	Match	Match	PASS	manifest present: exact; observation matches; SIGKILL/SIGABRT stop the process; page cache survives
a-nist-pdf-0017-SIGABRT-d948672	A	nist-pdf-0017	each	sigkill/sigabrt-at-delay	SIGABRT @ 948672us	y	y	reopens_ok:6792	-	reopens_ok:6792	-	6792	0	0	ok	Match	Match	PASS	manifest present: exact; observation matches; SIGKILL/SIGABRT stop the process; page cache survives
a-nist-pdf-0017-SIGABRT-d948672	A	nist-pdf-0017	each	sigkill/sigabrt-at-delay	SIGABRT @ 948672us	y	y	reopens_ok:6792	-	reopens_ok:6792	-	6792	0	0	ok	Match	Match	PASS	manifest present: exact; observation matches; SIGKILL/SIGABRT stop the process; page cache survives
a-nist-pdf-0017-SIGABRT-d968436	A	nist-pdf-0017	each	sigkill/sigabrt-at-delay	SIGABRT @ 968436us	y	y	reopens_ok:6792	-	reopens_ok:6792	-	6792	0	0	ok	Match	Match	PASS	manifest present: exact; observation matches; SIGKILL/SIGABRT stop the process; page cache survives
a-nist-pdf-0017-SIGABRT-d968436	A	nist-pdf-0017	each	sigkill/sigabrt-at-delay	SIGABRT @ 968436us	y	y	reopens_ok:6792	-	reopens_ok:6792	-	6792	0	0	ok	Match	Match	PASS	manifest present: exact; observation matches; SIGKILL/SIGABRT stop the process; page cache survives
a-nist-pdf-0017-SIGABRT-d988200	A	nist-pdf-0017	each	sigkill/sigabrt-at-delay	SIGABRT @ 988200us	y	y	reopens_ok:6792	-	reopens_ok:6792	-	6792	0	0	ok	Match	Match	PASS	manifest present: exact; observation matches; SIGKILL/SIGABRT stop the process; page cache survives
a-nist-pdf-0017-SIGABRT-d988200	A	nist-pdf-0017	each	sigkill/sigabrt-at-delay	SIGABRT @ 988200us	y	y	reopens_ok:6792	-	reopens_ok:6792	-	6792	0	0	ok	Match	Match	PASS	manifest present: exact; observation matches; SIGKILL/SIGABRT stop the process; page cache survives
a-nist-pdf-0017-SIGABRT-d1007964	A	nist-pdf-0017	each	sigkill/sigabrt-at-delay	SIGABRT @ 1007964us	y	y	reopens_ok:6792	-	reopens_ok:6792	-	6792	0	0	ok	Match	Match	PASS	manifest present: exact; observation matches; SIGKILL/SIGABRT stop the process; page cache survives
a-nist-pdf-0017-SIGABRT-d1007964	A	nist-pdf-0017	each	sigkill/sigabrt-at-delay	SIGABRT @ 1007964us	y	y	reopens_ok:6792	-	reopens_ok:6792	-	6792	0	0	ok	Match	Match	PASS	manifest present: exact; observation matches; SIGKILL/SIGABRT stop the process; page cache survives
a-nist-pdf-0017-SIGABRT-d1027728	A	nist-pdf-0017	each	sigkill/sigabrt-at-delay	SIGABRT @ 1027728us	y	y	reopens_ok:6792	-	reopens_ok:6792	-	6792	0	0	ok	Match	Match	PASS	manifest present: exact; observation matches; SIGKILL/SIGABRT stop the process; page cache survives
a-nist-pdf-0017-SIGABRT-d1027728	A	nist-pdf-0017	each	sigkill/sigabrt-at-delay	SIGABRT @ 1027728us	y	y	reopens_ok:6792	-	reopens_ok:6792	-	6792	0	0	ok	Match	Match	PASS	manifest present: exact; observation matches; SIGKILL/SIGABRT stop the process; page cache survives
a-nist-pdf-0017-SIGABRT-d1047492	A	nist-pdf-0017	each	sigkill/sigabrt-at-delay	SIGABRT @ 1047492us	y	y	reopens_ok:6792	-	reopens_ok:6792	-	6792	0	0	ok	Match	Match	PASS	manifest present: exact; observation matches; SIGKILL/SIGABRT stop the process; page cache survives
a-nist-pdf-0017-SIGABRT-d1047492	A	nist-pdf-0017	each	sigkill/sigabrt-at-delay	SIGABRT @ 1047492us	y	y	reopens_ok:6792	-	reopens_ok:6792	-	6792	0	0	ok	Match	Match	PASS	manifest present: exact; observation matches; SIGKILL/SIGABRT stop the process; page cache survives
a-nist-pdf-0017-SIGABRT-d1067256	A	nist-pdf-0017	each	sigkill/sigabrt-at-delay	SIGABRT @ 1067256us	y	y	reopens_ok:6792	-	reopens_ok:6792	-	6792	0	0	ok	Match	Match	PASS	manifest present: exact; observation matches; SIGKILL/SIGABRT stop the process; page cache survives
a-nist-pdf-0017-SIGABRT-d1067256	A	nist-pdf-0017	each	sigkill/sigabrt-at-delay	SIGABRT @ 1067256us	y	y	reopens_ok:6792	-	reopens_ok:6792	-	6792	0	0	ok	Match	Match	PASS	manifest present: exact; observation matches; SIGKILL/SIGABRT stop the process; page cache survives
a-nist-pdf-0017-SIGABRT-d1087020	A	nist-pdf-0017	each	sigkill/sigabrt-at-delay	SIGABRT @ 1087020us	y	y	reopens_ok:6792	-	reopens_ok:6792	-	6792	0	0	ok	Match	Match	PASS	manifest present: exact; observation matches; SIGKILL/SIGABRT stop the process; page cache survives
a-nist-pdf-0017-SIGABRT-d1087020	A	nist-pdf-0017	each	sigkill/sigabrt-at-delay	SIGABRT @ 1087020us	y	y	reopens_ok:6792	-	reopens_ok:6792	-	6792	0	0	ok	Match	Match	PASS	manifest present: exact; observation matches; SIGKILL/SIGABRT stop the process; page cache survives
a-nist-pdf-0017-SIGABRT-d1106784	A	nist-pdf-0017	each	sigkill/sigabrt-at-delay	SIGABRT @ 1106784us	y	y	reopens_ok:6792	-	reopens_ok:6792	-	6792	0	0	ok	Match	Match	PASS	manifest present: exact; observation matches; SIGKILL/SIGABRT stop the process; page cache survives
a-nist-pdf-0017-SIGABRT-d1106784	A	nist-pdf-0017	each	sigkill/sigabrt-at-delay	SIGABRT @ 1106784us	y	y	reopens_ok:6792	-	reopens_ok:6792	-	6792	0	0	ok	Match	Match	PASS	manifest present: exact; observation matches; SIGKILL/SIGABRT stop the process; page cache survives
a-nist-pdf-0017-SIGABRT-d1126548	A	nist-pdf-0017	each	sigkill/sigabrt-at-delay	SIGABRT @ 1126548us	y	y	reopens_ok:6792	-	reopens_ok:6792	-	6792	0	0	ok	Match	Match	PASS	manifest present: exact; observation matches; SIGKILL/SIGABRT stop the process; page cache survives
a-nist-pdf-0017-SIGABRT-d1126548	A	nist-pdf-0017	each	sigkill/sigabrt-at-delay	SIGABRT @ 1126548us	y	y	reopens_ok:6792	-	reopens_ok:6792	-	6792	0	0	ok	Match	Match	PASS	manifest present: exact; observation matches; SIGKILL/SIGABRT stop the process; page cache survives
a-nist-pdf-0017-SIGABRT-after-manifest	A	nist-pdf-0017	each	sigkill/sigabrt-at-boundary	SIGABRT @ after-manifest	y	y	reopens_ok:6792	-	reopens_ok:6792	-	6792	0	0	ok	Match	Match	PASS	manifest present: exact; observation matches; polled to the manifest/index publication window
a-nist-pdf-0017-SIGABRT-after-manifest	A	nist-pdf-0017	each	sigkill/sigabrt-at-boundary	SIGABRT @ after-manifest	y	y	reopens_ok:6792	-	reopens_ok:6792	-	6792	0	0	ok	Match	Match	PASS	manifest present: exact; observation matches; polled to the manifest/index publication window
a-nist-pdf-0017-SIGABRT-after-manifest	A	nist-pdf-0017	each	sigkill/sigabrt-at-boundary	SIGABRT @ after-manifest	y	y	reopens_ok:6792	-	reopens_ok:6792	-	6792	0	0	ok	Match	Match	PASS	manifest present: exact; observation matches; polled to the manifest/index publication window
a-nist-pdf-0017-SIGABRT-after-manifest	A	nist-pdf-0017	each	sigkill/sigabrt-at-boundary	SIGABRT @ after-manifest	y	y	reopens_ok:6792	-	reopens_ok:6792	-	6792	0	0	ok	Match	Match	PASS	manifest present: exact; observation matches; polled to the manifest/index publication window
a-nist-pdf-0017-SIGABRT-after-manifest	A	nist-pdf-0017	each	sigkill/sigabrt-at-boundary	SIGABRT @ after-manifest	y	y	reopens_ok:6792	-	reopens_ok:6792	-	6792	0	0	ok	Match	Match	PASS	manifest present: exact; observation matches; polled to the manifest/index publication window
a-nist-pdf-0017-SIGABRT-after-manifest	A	nist-pdf-0017	each	sigkill/sigabrt-at-boundary	SIGABRT @ after-manifest	y	y	reopens_ok:6792	-	reopens_ok:6792	-	6792	0	0	ok	Match	Match	PASS	manifest present: exact; observation matches; polled to the manifest/index publication window
a-nist-pdf-0017-SIGABRT-after-idx	A	nist-pdf-0017	each	sigkill/sigabrt-at-boundary	SIGABRT @ after-idx	y	y	reopens_ok:6792	-	reopens_ok:6792	-	6792	0	0	ok	Match	Match	PASS	manifest present: exact; observation matches; polled to the manifest/index publication window
a-nist-pdf-0017-SIGABRT-after-idx	A	nist-pdf-0017	each	sigkill/sigabrt-at-boundary	SIGABRT @ after-idx	y	y	reopens_ok:6792	-	reopens_ok:6792	-	6792	0	0	ok	Match	Match	PASS	manifest present: exact; observation matches; polled to the manifest/index publication window
a-nist-pdf-0017-SIGABRT-after-idx	A	nist-pdf-0017	each	sigkill/sigabrt-at-boundary	SIGABRT @ after-idx	y	y	reopens_ok:6792	-	reopens_ok:6792	-	6792	0	0	ok	Match	Match	PASS	manifest present: exact; observation matches; polled to the manifest/index publication window
a-nist-pdf-0017-SIGABRT-after-idx	A	nist-pdf-0017	each	sigkill/sigabrt-at-boundary	SIGABRT @ after-idx	y	y	reopens_ok:6792	-	reopens_ok:6792	-	6792	0	0	ok	Match	Match	PASS	manifest present: exact; observation matches; polled to the manifest/index publication window
a-nist-pdf-0017-SIGABRT-after-idx	A	nist-pdf-0017	each	sigkill/sigabrt-at-boundary	SIGABRT @ after-idx	y	y	reopens_ok:6792	-	reopens_ok:6792	-	6792	0	0	ok	Match	Match	PASS	manifest present: exact; observation matches; polled to the manifest/index publication window
a-nist-pdf-0017-SIGABRT-after-idx	A	nist-pdf-0017	each	sigkill/sigabrt-at-boundary	SIGABRT @ after-idx	y	y	reopens_ok:6792	-	reopens_ok:6792	-	6792	0	0	ok	Match	Match	PASS	manifest present: exact; observation matches; polled to the manifest/index publication window
b-nist-pdf-0017-truncate_pack-0	B	nist-pdf-0017	each	truncate_pack	truncate .pack to 0	y	y	reopens_ok:6795	-	reopens_ok:6795	-	6795	0	6792	ok	Match	FailClosed("field f711fbe8e3a0d6a0cef24de1ffd968735b1c79c31ada82b981c56841f1e21a37: error: Io: reading packed segment at 536582: failed to fill whole buffer")	PASS	manifest present: exact after recovery; tamper: must fail closed if not exactly serviceable
b-nist-pdf-0017-truncate_pack-1	B	nist-pdf-0017	each	truncate_pack	truncate .pack to 1	y	y	reopens_ok:6795	-	reopens_ok:6795	-	6795	0	6792	ok	Match	FailClosed("field f711fbe8e3a0d6a0cef24de1ffd968735b1c79c31ada82b981c56841f1e21a37: error: Io: reading packed segment at 536582: failed to fill whole buffer")	PASS	manifest present: exact after recovery; tamper: must fail closed if not exactly serviceable
b-nist-pdf-0017-truncate_pack-2	B	nist-pdf-0017	each	truncate_pack	truncate .pack to 10	y	y	reopens_ok:6795	-	reopens_ok:6795	-	6795	0	6792	ok	Match	FailClosed("field f711fbe8e3a0d6a0cef24de1ffd968735b1c79c31ada82b981c56841f1e21a37: error: Io: reading packed segment at 536582: failed to fill whole buffer")	PASS	manifest present: exact after recovery; tamper: must fail closed if not exactly serviceable
b-nist-pdf-0017-truncate_pack-3	B	nist-pdf-0017	each	truncate_pack	truncate .pack to 23	y	y	reopens_ok:6795	-	reopens_ok:6795	-	6795	0	6792	ok	Match	FailClosed("field f711fbe8e3a0d6a0cef24de1ffd968735b1c79c31ada82b981c56841f1e21a37: error: Io: reading packed segment at 536582: failed to fill whole buffer")	PASS	manifest present: exact after recovery; tamper: must fail closed if not exactly serviceable
b-nist-pdf-0017-truncate_pack-4	B	nist-pdf-0017	each	truncate_pack	truncate .pack to 24	y	y	reopens_ok:6795	-	reopens_ok:6795	-	6795	0	6792	ok	Match	FailClosed("field f711fbe8e3a0d6a0cef24de1ffd968735b1c79c31ada82b981c56841f1e21a37: error: Io: reading packed segment at 536582: failed to fill whole buffer")	PASS	manifest present: exact after recovery; tamper: must fail closed if not exactly serviceable
b-nist-pdf-0017-truncate_pack-5	B	nist-pdf-0017	each	truncate_pack	truncate .pack to 25	y	y	reopens_ok:6795	-	reopens_ok:6795	-	6795	0	6792	ok	Match	FailClosed("field f711fbe8e3a0d6a0cef24de1ffd968735b1c79c31ada82b981c56841f1e21a37: error: Io: reading packed segment at 536582: failed to fill whole buffer")	PASS	manifest present: exact after recovery; tamper: must fail closed if not exactly serviceable
b-nist-pdf-0017-truncate_pack-6	B	nist-pdf-0017	each	truncate_pack	truncate .pack to 26	y	y	reopens_ok:6795	-	reopens_ok:6795	-	6795	0	6792	ok	Match	FailClosed("field f711fbe8e3a0d6a0cef24de1ffd968735b1c79c31ada82b981c56841f1e21a37: error: Io: reading packed segment at 536582: failed to fill whole buffer")	PASS	manifest present: exact after recovery; tamper: must fail closed if not exactly serviceable
b-nist-pdf-0017-truncate_pack-7	B	nist-pdf-0017	each	truncate_pack	truncate .pack to 27	y	y	reopens_ok:6795	-	reopens_ok:6795	-	6795	0	6792	ok	Match	FailClosed("field f711fbe8e3a0d6a0cef24de1ffd968735b1c79c31ada82b981c56841f1e21a37: error: Io: reading packed segment at 536582: failed to fill whole buffer")	PASS	manifest present: exact after recovery; tamper: must fail closed if not exactly serviceable
b-nist-pdf-0017-truncate_pack-8	B	nist-pdf-0017	each	truncate_pack	truncate .pack to 28	y	y	reopens_ok:6795	-	reopens_ok:6795	-	6795	0	6792	ok	Match	FailClosed("field f711fbe8e3a0d6a0cef24de1ffd968735b1c79c31ada82b981c56841f1e21a37: error: Io: reading packed segment at 536582: failed to fill whole buffer")	PASS	manifest present: exact after recovery; tamper: must fail closed if not exactly serviceable
b-nist-pdf-0017-truncate_pack-9	B	nist-pdf-0017	each	truncate_pack	truncate .pack to 29	y	y	reopens_ok:6795	-	reopens_ok:6795	-	6795	0	6792	ok	Match	FailClosed("field f711fbe8e3a0d6a0cef24de1ffd968735b1c79c31ada82b981c56841f1e21a37: error: Io: reading packed segment at 536582: failed to fill whole buffer")	PASS	manifest present: exact after recovery; tamper: must fail closed if not exactly serviceable
b-nist-pdf-0017-truncate_pack-10	B	nist-pdf-0017	each	truncate_pack	truncate .pack to 58	y	y	reopens_ok:6795	-	reopens_ok:6795	-	6795	0	6792	ok	Match	FailClosed("field f711fbe8e3a0d6a0cef24de1ffd968735b1c79c31ada82b981c56841f1e21a37: error: Io: reading packed segment at 536582: failed to fill whole buffer")	PASS	manifest present: exact after recovery; tamper: must fail closed if not exactly serviceable
b-nist-pdf-0017-truncate_pack-11	B	nist-pdf-0017	each	truncate_pack	truncate .pack to 87	y	y	reopens_ok:6795	-	reopens_ok:6795	-	6795	0	6792	ok	Match	FailClosed("field f711fbe8e3a0d6a0cef24de1ffd968735b1c79c31ada82b981c56841f1e21a37: error: Io: reading packed segment at 536582: failed to fill whole buffer")	PASS	manifest present: exact after recovery; tamper: must fail closed if not exactly serviceable
b-nist-pdf-0017-truncate_pack-12	B	nist-pdf-0017	each	truncate_pack	truncate .pack to 88	y	y	reopens_ok:6795	-	reopens_ok:6795	-	6795	0	6791	ok	Match	FailClosed("field f711fbe8e3a0d6a0cef24de1ffd968735b1c79c31ada82b981c56841f1e21a37: error: Io: reading packed segment at 536582: failed to fill whole buffer")	PASS	manifest present: exact after recovery; tamper: must fail closed if not exactly serviceable
b-nist-pdf-0017-truncate_pack-13	B	nist-pdf-0017	each	truncate_pack	truncate .pack to 89	y	y	reopens_ok:6795	-	reopens_ok:6795	-	6795	0	6791	ok	Match	FailClosed("field f711fbe8e3a0d6a0cef24de1ffd968735b1c79c31ada82b981c56841f1e21a37: error: Io: reading packed segment at 536582: failed to fill whole buffer")	PASS	manifest present: exact after recovery; tamper: must fail closed if not exactly serviceable
b-nist-pdf-0017-truncate_pack-14	B	nist-pdf-0017	each	truncate_pack	truncate .pack to 270497	y	y	reopens_ok:6795	-	reopens_ok:6795	-	6795	0	2929	ok	Match	FailClosed("field f711fbe8e3a0d6a0cef24de1ffd968735b1c79c31ada82b981c56841f1e21a37: error: Io: reading packed segment at 536582: failed to fill whole buffer")	PASS	manifest present: exact after recovery; tamper: must fail closed if not exactly serviceable
b-nist-pdf-0017-truncate_pack-15	B	nist-pdf-0017	each	truncate_pack	truncate .pack to 540993	y	y	reopens_ok:6795	-	reopens_ok:6795	-	6795	0	1	ok	Match	Match	PASS	manifest present: exact after recovery; tamper: must fail closed if not exactly serviceable
b-nist-pdf-0017-drop_idx_truncate_pack-16	B	nist-pdf-0017	each	drop_idx_truncate_pack	delete .idx then truncate .pack to 0	y	y	fail_closed:0	IntegrityMismatch:IntegrityMismatch: packed segment /tmp/phase20-scratch/b-nist-pdf-0017-each/inj-16/fieldpack/seg-00000000.pack has a truncated header	fail_closed:0	IntegrityMismatch:IntegrityMismatch: packed segment /tmp/phase20-scratch/b-nist-pdf-0017-each/inj-16/fieldpack/seg-00000000.pack has a truncated header	0	0	0	n/a	FailClosed("IntegrityMismatch:IntegrityMismatch: packed segment /tmp/phase20-scratch/b-nist-pdf-0017-each/inj-16/fieldpack/seg-00000000.pack has a truncated header")	Differ("field 07564e4f6589cd8e5b3aea3f90b147ee4c123823cc0a1f873340a5263e33f0cd: expected decline UnsupportedFeature, got IntegrityMismatch")	PASS	fails closed: typed error, no bytes served; tamper: must fail closed if not exactly serviceable
b-nist-pdf-0017-drop_idx_truncate_pack-17	B	nist-pdf-0017	each	drop_idx_truncate_pack	delete .idx then truncate .pack to 24	y	y	reopens_ok:3	-	reopens_ok:3	-	3	0	0	ok	Match	FailClosed("field f711fbe8e3a0d6a0cef24de1ffd968735b1c79c31ada82b981c56841f1e21a37: error: MissingExternalObject: seed node f041a4613222c158b0d63a6a4c95063e488380412d87ac050abc48caafe1595c is not present")	PASS	manifest present: exact after recovery; tamper: must fail closed if not exactly serviceable
b-nist-pdf-0017-drop_idx_truncate_pack-18	B	nist-pdf-0017	each	drop_idx_truncate_pack	delete .idx then truncate .pack to 40	y	y	reopens_ok:3	-	reopens_ok:3	-	3	0	0	ok	Match	FailClosed("field f711fbe8e3a0d6a0cef24de1ffd968735b1c79c31ada82b981c56841f1e21a37: error: MissingExternalObject: seed node f041a4613222c158b0d63a6a4c95063e488380412d87ac050abc48caafe1595c is not present")	PASS	manifest present: exact after recovery; tamper: must fail closed if not exactly serviceable
b-nist-pdf-0017-drop_idx_truncate_pack-19	B	nist-pdf-0017	each	drop_idx_truncate_pack	delete .idx then truncate .pack to 58	y	y	reopens_ok:3	-	reopens_ok:3	-	3	0	0	ok	Match	FailClosed("field f711fbe8e3a0d6a0cef24de1ffd968735b1c79c31ada82b981c56841f1e21a37: error: MissingExternalObject: seed node f041a4613222c158b0d63a6a4c95063e488380412d87ac050abc48caafe1595c is not present")	PASS	manifest present: exact after recovery; tamper: must fail closed if not exactly serviceable
b-nist-pdf-0017-drop_idx_truncate_pack-20	B	nist-pdf-0017	each	drop_idx_truncate_pack	delete .idx then truncate .pack to 88	y	y	reopens_ok:4	-	reopens_ok:4	-	4	0	0	ok	Match	FailClosed("field f711fbe8e3a0d6a0cef24de1ffd968735b1c79c31ada82b981c56841f1e21a37: error: MissingExternalObject: seed node f041a4613222c158b0d63a6a4c95063e488380412d87ac050abc48caafe1595c is not present")	PASS	manifest present: exact after recovery; tamper: must fail closed if not exactly serviceable
b-nist-pdf-0017-drop_idx_truncate_pack-21	B	nist-pdf-0017	each	drop_idx_truncate_pack	delete .idx then truncate .pack to 270497	y	y	reopens_ok:3866	-	reopens_ok:3866	-	3866	0	0	ok	Match	FailClosed("field f711fbe8e3a0d6a0cef24de1ffd968735b1c79c31ada82b981c56841f1e21a37: error: MissingExternalObject: seed node f041a4613222c158b0d63a6a4c95063e488380412d87ac050abc48caafe1595c is not present")	PASS	manifest present: exact after recovery; tamper: must fail closed if not exactly serviceable
b-nist-pdf-0017-drop_idx_truncate_pack-22	B	nist-pdf-0017	each	drop_idx_truncate_pack	delete .idx then truncate .pack to 540993	y	y	reopens_ok:6794	-	reopens_ok:6794	-	6794	0	0	ok	Match	Match	PASS	manifest present: exact after recovery; tamper: must fail closed if not exactly serviceable
b-nist-pdf-0017-truncate_idx-23	B	nist-pdf-0017	each	truncate_idx	truncate .idx to 0	y	y	fail_closed:0	IntegrityMismatch:IntegrityMismatch: packed index /tmp/phase20-scratch/b-nist-pdf-0017-each/inj-23/fieldpack/seg-00000000.idx is shorter than its header	fail_closed:0	IntegrityMismatch:IntegrityMismatch: packed index /tmp/phase20-scratch/b-nist-pdf-0017-each/inj-23/fieldpack/seg-00000000.idx is shorter than its header	0	0	0	n/a	FailClosed("IntegrityMismatch:IntegrityMismatch: packed index /tmp/phase20-scratch/b-nist-pdf-0017-each/inj-23/fieldpack/seg-00000000.idx is shorter than its header")	Differ("field 07564e4f6589cd8e5b3aea3f90b147ee4c123823cc0a1f873340a5263e33f0cd: expected decline UnsupportedFeature, got IntegrityMismatch")	PASS	fails closed: typed error, no bytes served; tamper: must fail closed if not exactly serviceable
b-nist-pdf-0017-truncate_idx-24	B	nist-pdf-0017	each	truncate_idx	truncate .idx to 1	y	y	fail_closed:0	IntegrityMismatch:IntegrityMismatch: packed index /tmp/phase20-scratch/b-nist-pdf-0017-each/inj-24/fieldpack/seg-00000000.idx is shorter than its header	fail_closed:0	IntegrityMismatch:IntegrityMismatch: packed index /tmp/phase20-scratch/b-nist-pdf-0017-each/inj-24/fieldpack/seg-00000000.idx is shorter than its header	0	0	0	n/a	FailClosed("IntegrityMismatch:IntegrityMismatch: packed index /tmp/phase20-scratch/b-nist-pdf-0017-each/inj-24/fieldpack/seg-00000000.idx is shorter than its header")	Differ("field 07564e4f6589cd8e5b3aea3f90b147ee4c123823cc0a1f873340a5263e33f0cd: expected decline UnsupportedFeature, got IntegrityMismatch")	PASS	fails closed: typed error, no bytes served; tamper: must fail closed if not exactly serviceable
b-nist-pdf-0017-truncate_idx-25	B	nist-pdf-0017	each	truncate_idx	truncate .idx to 10	y	y	fail_closed:0	IntegrityMismatch:IntegrityMismatch: packed index /tmp/phase20-scratch/b-nist-pdf-0017-each/inj-25/fieldpack/seg-00000000.idx is shorter than its header	fail_closed:0	IntegrityMismatch:IntegrityMismatch: packed index /tmp/phase20-scratch/b-nist-pdf-0017-each/inj-25/fieldpack/seg-00000000.idx is shorter than its header	0	0	0	n/a	FailClosed("IntegrityMismatch:IntegrityMismatch: packed index /tmp/phase20-scratch/b-nist-pdf-0017-each/inj-25/fieldpack/seg-00000000.idx is shorter than its header")	Differ("field 07564e4f6589cd8e5b3aea3f90b147ee4c123823cc0a1f873340a5263e33f0cd: expected decline UnsupportedFeature, got IntegrityMismatch")	PASS	fails closed: typed error, no bytes served; tamper: must fail closed if not exactly serviceable
b-nist-pdf-0017-truncate_idx-26	B	nist-pdf-0017	each	truncate_idx	truncate .idx to 31	y	y	fail_closed:0	IntegrityMismatch:IntegrityMismatch: packed index /tmp/phase20-scratch/b-nist-pdf-0017-each/inj-26/fieldpack/seg-00000000.idx is shorter than its header	fail_closed:0	IntegrityMismatch:IntegrityMismatch: packed index /tmp/phase20-scratch/b-nist-pdf-0017-each/inj-26/fieldpack/seg-00000000.idx is shorter than its header	0	0	0	n/a	FailClosed("IntegrityMismatch:IntegrityMismatch: packed index /tmp/phase20-scratch/b-nist-pdf-0017-each/inj-26/fieldpack/seg-00000000.idx is shorter than its header")	Differ("field 07564e4f6589cd8e5b3aea3f90b147ee4c123823cc0a1f873340a5263e33f0cd: expected decline UnsupportedFeature, got IntegrityMismatch")	PASS	fails closed: typed error, no bytes served; tamper: must fail closed if not exactly serviceable
b-nist-pdf-0017-truncate_idx-27	B	nist-pdf-0017	each	truncate_idx	truncate .idx to 32	y	y	fail_closed:0	IntegrityMismatch:IntegrityMismatch: packed index /tmp/phase20-scratch/b-nist-pdf-0017-each/inj-27/fieldpack/seg-00000000.idx is too short for its bucket directory	fail_closed:0	IntegrityMismatch:IntegrityMismatch: packed index /tmp/phase20-scratch/b-nist-pdf-0017-each/inj-27/fieldpack/seg-00000000.idx is too short for its bucket directory	0	0	0	n/a	FailClosed("IntegrityMismatch:IntegrityMismatch: packed index /tmp/phase20-scratch/b-nist-pdf-0017-each/inj-27/fieldpack/seg-00000000.idx is too short for its bucket directory")	Differ("field 07564e4f6589cd8e5b3aea3f90b147ee4c123823cc0a1f873340a5263e33f0cd: expected decline UnsupportedFeature, got IntegrityMismatch")	PASS	fails closed: typed error, no bytes served; tamper: must fail closed if not exactly serviceable
b-nist-pdf-0017-truncate_idx-28	B	nist-pdf-0017	each	truncate_idx	truncate .idx to 33	y	y	fail_closed:0	IntegrityMismatch:IntegrityMismatch: packed index /tmp/phase20-scratch/b-nist-pdf-0017-each/inj-28/fieldpack/seg-00000000.idx is too short for its bucket directory	fail_closed:0	IntegrityMismatch:IntegrityMismatch: packed index /tmp/phase20-scratch/b-nist-pdf-0017-each/inj-28/fieldpack/seg-00000000.idx is too short for its bucket directory	0	0	0	n/a	FailClosed("IntegrityMismatch:IntegrityMismatch: packed index /tmp/phase20-scratch/b-nist-pdf-0017-each/inj-28/fieldpack/seg-00000000.idx is too short for its bucket directory")	Differ("field 07564e4f6589cd8e5b3aea3f90b147ee4c123823cc0a1f873340a5263e33f0cd: expected decline UnsupportedFeature, got IntegrityMismatch")	PASS	fails closed: typed error, no bytes served; tamper: must fail closed if not exactly serviceable
b-nist-pdf-0017-truncate_idx-29	B	nist-pdf-0017	each	truncate_idx	truncate .idx to 40	y	y	fail_closed:0	IntegrityMismatch:IntegrityMismatch: packed index /tmp/phase20-scratch/b-nist-pdf-0017-each/inj-29/fieldpack/seg-00000000.idx is too short for its bucket directory	fail_closed:0	IntegrityMismatch:IntegrityMismatch: packed index /tmp/phase20-scratch/b-nist-pdf-0017-each/inj-29/fieldpack/seg-00000000.idx is too short for its bucket directory	0	0	0	n/a	FailClosed("IntegrityMismatch:IntegrityMismatch: packed index /tmp/phase20-scratch/b-nist-pdf-0017-each/inj-29/fieldpack/seg-00000000.idx is too short for its bucket directory")	Differ("field 07564e4f6589cd8e5b3aea3f90b147ee4c123823cc0a1f873340a5263e33f0cd: expected decline UnsupportedFeature, got IntegrityMismatch")	PASS	fails closed: typed error, no bytes served; tamper: must fail closed if not exactly serviceable
b-nist-pdf-0017-truncate_idx-30	B	nist-pdf-0017	each	truncate_idx	truncate .idx to 48	y	y	fail_closed:0	IntegrityMismatch:IntegrityMismatch: packed index /tmp/phase20-scratch/b-nist-pdf-0017-each/inj-30/fieldpack/seg-00000000.idx is too short for its bucket directory	fail_closed:0	IntegrityMismatch:IntegrityMismatch: packed index /tmp/phase20-scratch/b-nist-pdf-0017-each/inj-30/fieldpack/seg-00000000.idx is too short for its bucket directory	0	0	0	n/a	FailClosed("IntegrityMismatch:IntegrityMismatch: packed index /tmp/phase20-scratch/b-nist-pdf-0017-each/inj-30/fieldpack/seg-00000000.idx is too short for its bucket directory")	Differ("field 07564e4f6589cd8e5b3aea3f90b147ee4c123823cc0a1f873340a5263e33f0cd: expected decline UnsupportedFeature, got IntegrityMismatch")	PASS	fails closed: typed error, no bytes served; tamper: must fail closed if not exactly serviceable
b-nist-pdf-0017-truncate_idx-31	B	nist-pdf-0017	each	truncate_idx	truncate .idx to 56	y	y	fail_closed:0	IntegrityMismatch:IntegrityMismatch: packed index /tmp/phase20-scratch/b-nist-pdf-0017-each/inj-31/fieldpack/seg-00000000.idx is too short for its bucket directory	fail_closed:0	IntegrityMismatch:IntegrityMismatch: packed index /tmp/phase20-scratch/b-nist-pdf-0017-each/inj-31/fieldpack/seg-00000000.idx is too short for its bucket directory	0	0	0	n/a	FailClosed("IntegrityMismatch:IntegrityMismatch: packed index /tmp/phase20-scratch/b-nist-pdf-0017-each/inj-31/fieldpack/seg-00000000.idx is too short for its bucket directory")	Differ("field 07564e4f6589cd8e5b3aea3f90b147ee4c123823cc0a1f873340a5263e33f0cd: expected decline UnsupportedFeature, got IntegrityMismatch")	PASS	fails closed: typed error, no bytes served; tamper: must fail closed if not exactly serviceable
b-nist-pdf-0017-truncate_idx-32	B	nist-pdf-0017	each	truncate_idx	truncate .idx to 228564	y	y	fail_closed:0	IntegrityMismatch:IntegrityMismatch: packed index /tmp/phase20-scratch/b-nist-pdf-0017-each/inj-32/fieldpack/seg-00000000.idx has an inconsistent bucket directory	fail_closed:0	IntegrityMismatch:IntegrityMismatch: packed index /tmp/phase20-scratch/b-nist-pdf-0017-each/inj-32/fieldpack/seg-00000000.idx has an inconsistent bucket directory	0	0	0	n/a	FailClosed("IntegrityMismatch:IntegrityMismatch: packed index /tmp/phase20-scratch/b-nist-pdf-0017-each/inj-32/fieldpack/seg-00000000.idx has an inconsistent bucket directory")	Differ("field 07564e4f6589cd8e5b3aea3f90b147ee4c123823cc0a1f873340a5263e33f0cd: expected decline UnsupportedFeature, got IntegrityMismatch")	PASS	fails closed: typed error, no bytes served; tamper: must fail closed if not exactly serviceable
b-nist-pdf-0017-truncate_idx-33	B	nist-pdf-0017	each	truncate_idx	truncate .idx to 457127	y	y	fail_closed:0	IntegrityMismatch:IntegrityMismatch: packed index /tmp/phase20-scratch/b-nist-pdf-0017-each/inj-33/fieldpack/seg-00000000.idx has an inconsistent bucket directory	fail_closed:0	IntegrityMismatch:IntegrityMismatch: packed index /tmp/phase20-scratch/b-nist-pdf-0017-each/inj-33/fieldpack/seg-00000000.idx has an inconsistent bucket directory	0	0	0	n/a	FailClosed("IntegrityMismatch:IntegrityMismatch: packed index /tmp/phase20-scratch/b-nist-pdf-0017-each/inj-33/fieldpack/seg-00000000.idx has an inconsistent bucket directory")	Differ("field 07564e4f6589cd8e5b3aea3f90b147ee4c123823cc0a1f873340a5263e33f0cd: expected decline UnsupportedFeature, got IntegrityMismatch")	PASS	fails closed: typed error, no bytes served; tamper: must fail closed if not exactly serviceable
b-nist-pdf-0017-drop_idx-34	B	nist-pdf-0017	each	drop_idx	delete .idx (crash before seal)	y	y	reopens_ok:6795	-	reopens_ok:6795	-	6795	0	0	ok	Match	Match	PASS	manifest present: exact after recovery; tamper: must fail closed if not exactly serviceable
b-nist-pdf-0017-flip_pack-35	B	nist-pdf-0017	each	flip_pack	flip bit in .pack at 0	y	y	reopens_ok:6795	-	reopens_ok:6795	-	6795	0	0	ok	Match	Match	PASS	manifest present: exact after recovery; tamper: must fail closed if not exactly serviceable
b-nist-pdf-0017-flip_pack-36	B	nist-pdf-0017	each	flip_pack	flip bit in .pack at 24	y	y	reopens_ok:6795	-	reopens_ok:6795	-	6795	0	0	ok	Match	Match	PASS	manifest present: exact after recovery; tamper: must fail closed if not exactly serviceable
b-nist-pdf-0017-flip_pack-37	B	nist-pdf-0017	each	flip_pack	flip bit in .pack at 25	y	y	reopens_ok:6795	-	reopens_ok:6795	-	6795	0	0	ok	Match	Match	PASS	manifest present: exact after recovery; tamper: must fail closed if not exactly serviceable
b-nist-pdf-0017-flip_pack-38	B	nist-pdf-0017	each	flip_pack	flip bit in .pack at 28	y	y	reopens_ok:6795	-	reopens_ok:6795	-	6795	0	1	ok	Match	Match	PASS	manifest present: exact after recovery; tamper: must fail closed if not exactly serviceable
b-nist-pdf-0017-flip_pack-39	B	nist-pdf-0017	each	flip_pack	flip bit in .pack at 29	y	y	reopens_ok:6795	-	reopens_ok:6795	-	6795	0	1	ok	Match	Match	PASS	manifest present: exact after recovery; tamper: must fail closed if not exactly serviceable
b-nist-pdf-0017-flip_pack-40	B	nist-pdf-0017	each	flip_pack	flip bit in .pack at 58	y	y	reopens_ok:6795	-	reopens_ok:6795	-	6795	0	1	ok	Match	Match	PASS	manifest present: exact after recovery; tamper: must fail closed if not exactly serviceable
b-nist-pdf-0017-flip_pack-41	B	nist-pdf-0017	each	flip_pack	flip bit in .pack at 270497	y	y	reopens_ok:6795	-	reopens_ok:6795	-	6795	0	1	ok	Match	Match	PASS	manifest present: exact after recovery; tamper: must fail closed if not exactly serviceable
b-nist-pdf-0017-flip_pack-42	B	nist-pdf-0017	each	flip_pack	flip bit in .pack at 540993	y	y	reopens_ok:6795	-	reopens_ok:6795	-	6795	0	1	ok	Match	Match	PASS	manifest present: exact after recovery; tamper: must fail closed if not exactly serviceable
b-nist-pdf-0017-flip_idx-43	B	nist-pdf-0017	each	flip_idx	flip bit in .idx at 0	y	y	fail_closed:0	IntegrityMismatch:IntegrityMismatch: packed index /tmp/phase20-scratch/b-nist-pdf-0017-each/inj-43/fieldpack/seg-00000000.idx has an unrecognised magic	fail_closed:0	IntegrityMismatch:IntegrityMismatch: packed index /tmp/phase20-scratch/b-nist-pdf-0017-each/inj-43/fieldpack/seg-00000000.idx has an unrecognised magic	0	0	0	n/a	FailClosed("IntegrityMismatch:IntegrityMismatch: packed index /tmp/phase20-scratch/b-nist-pdf-0017-each/inj-43/fieldpack/seg-00000000.idx has an unrecognised magic")	Differ("field 07564e4f6589cd8e5b3aea3f90b147ee4c123823cc0a1f873340a5263e33f0cd: expected decline UnsupportedFeature, got IntegrityMismatch")	PASS	fails closed: typed error, no bytes served; tamper: must fail closed if not exactly serviceable
b-nist-pdf-0017-flip_idx-44	B	nist-pdf-0017	each	flip_idx	flip bit in .idx at 8	y	y	fail_closed:0	UnsupportedVersion:UnsupportedVersion: packed index /tmp/phase20-scratch/b-nist-pdf-0017-each/inj-44/fieldpack/seg-00000000.idx has version 0, expected 1	fail_closed:0	UnsupportedVersion:UnsupportedVersion: packed index /tmp/phase20-scratch/b-nist-pdf-0017-each/inj-44/fieldpack/seg-00000000.idx has version 0, expected 1	0	0	0	n/a	FailClosed("UnsupportedVersion:UnsupportedVersion: packed index /tmp/phase20-scratch/b-nist-pdf-0017-each/inj-44/fieldpack/seg-00000000.idx has version 0, expected 1")	Differ("field 07564e4f6589cd8e5b3aea3f90b147ee4c123823cc0a1f873340a5263e33f0cd: expected decline UnsupportedFeature, got UnsupportedVersion")	PASS	fails closed: typed error, no bytes served; tamper: must fail closed if not exactly serviceable
b-nist-pdf-0017-flip_idx-45	B	nist-pdf-0017	each	flip_idx	flip bit in .idx at 9	y	y	fail_closed:0	IntegrityMismatch:IntegrityMismatch: packed index /tmp/phase20-scratch/b-nist-pdf-0017-each/inj-45/fieldpack/seg-00000000.idx has an inconsistent bucket directory	fail_closed:0	IntegrityMismatch:IntegrityMismatch: packed index /tmp/phase20-scratch/b-nist-pdf-0017-each/inj-45/fieldpack/seg-00000000.idx has an inconsistent bucket directory	0	0	0	n/a	FailClosed("IntegrityMismatch:IntegrityMismatch: packed index /tmp/phase20-scratch/b-nist-pdf-0017-each/inj-45/fieldpack/seg-00000000.idx has an inconsistent bucket directory")	Differ("field 07564e4f6589cd8e5b3aea3f90b147ee4c123823cc0a1f873340a5263e33f0cd: expected decline UnsupportedFeature, got IntegrityMismatch")	PASS	fails closed: typed error, no bytes served; tamper: must fail closed if not exactly serviceable
b-nist-pdf-0017-flip_idx-46	B	nist-pdf-0017	each	flip_idx	flip bit in .idx at 16	y	y	fail_closed:0	IntegrityMismatch:IntegrityMismatch: packed index /tmp/phase20-scratch/b-nist-pdf-0017-each/inj-46/fieldpack/seg-00000000.idx names segment 1, expected 0	fail_closed:0	IntegrityMismatch:IntegrityMismatch: packed index /tmp/phase20-scratch/b-nist-pdf-0017-each/inj-46/fieldpack/seg-00000000.idx names segment 1, expected 0	0	0	0	n/a	FailClosed("IntegrityMismatch:IntegrityMismatch: packed index /tmp/phase20-scratch/b-nist-pdf-0017-each/inj-46/fieldpack/seg-00000000.idx names segment 1, expected 0")	Differ("field 07564e4f6589cd8e5b3aea3f90b147ee4c123823cc0a1f873340a5263e33f0cd: expected decline UnsupportedFeature, got IntegrityMismatch")	PASS	fails closed: typed error, no bytes served; tamper: must fail closed if not exactly serviceable
b-nist-pdf-0017-flip_idx-47	B	nist-pdf-0017	each	flip_idx	flip bit in .idx at 20	y	y	fail_closed:0	IntegrityMismatch:IntegrityMismatch: packed index /tmp/phase20-scratch/b-nist-pdf-0017-each/inj-47/fieldpack/seg-00000000.idx has an inconsistent bucket directory	fail_closed:0	IntegrityMismatch:IntegrityMismatch: packed index /tmp/phase20-scratch/b-nist-pdf-0017-each/inj-47/fieldpack/seg-00000000.idx has an inconsistent bucket directory	0	0	0	n/a	FailClosed("IntegrityMismatch:IntegrityMismatch: packed index /tmp/phase20-scratch/b-nist-pdf-0017-each/inj-47/fieldpack/seg-00000000.idx has an inconsistent bucket directory")	Differ("field 07564e4f6589cd8e5b3aea3f90b147ee4c123823cc0a1f873340a5263e33f0cd: expected decline UnsupportedFeature, got IntegrityMismatch")	PASS	fails closed: typed error, no bytes served; tamper: must fail closed if not exactly serviceable
b-nist-pdf-0017-flip_idx-48	B	nist-pdf-0017	each	flip_idx	flip bit in .idx at 24	y	y	fail_closed:0	IntegrityMismatch:IntegrityMismatch: packed index /tmp/phase20-scratch/b-nist-pdf-0017-each/inj-48/fieldpack/seg-00000000.idx has an inconsistent bucket directory	fail_closed:0	IntegrityMismatch:IntegrityMismatch: packed index /tmp/phase20-scratch/b-nist-pdf-0017-each/inj-48/fieldpack/seg-00000000.idx has an inconsistent bucket directory	0	0	0	n/a	FailClosed("IntegrityMismatch:IntegrityMismatch: packed index /tmp/phase20-scratch/b-nist-pdf-0017-each/inj-48/fieldpack/seg-00000000.idx has an inconsistent bucket directory")	Differ("field 07564e4f6589cd8e5b3aea3f90b147ee4c123823cc0a1f873340a5263e33f0cd: expected decline UnsupportedFeature, got IntegrityMismatch")	PASS	fails closed: typed error, no bytes served; tamper: must fail closed if not exactly serviceable
b-nist-pdf-0017-flip_idx-49	B	nist-pdf-0017	each	flip_idx	flip bit in .idx at 32	y	y	fail_closed:0	IntegrityMismatch:IntegrityMismatch: packed index /tmp/phase20-scratch/b-nist-pdf-0017-each/inj-49/fieldpack/seg-00000000.idx has an inconsistent bucket directory	fail_closed:0	IntegrityMismatch:IntegrityMismatch: packed index /tmp/phase20-scratch/b-nist-pdf-0017-each/inj-49/fieldpack/seg-00000000.idx has an inconsistent bucket directory	0	0	0	n/a	FailClosed("IntegrityMismatch:IntegrityMismatch: packed index /tmp/phase20-scratch/b-nist-pdf-0017-each/inj-49/fieldpack/seg-00000000.idx has an inconsistent bucket directory")	Differ("field 07564e4f6589cd8e5b3aea3f90b147ee4c123823cc0a1f873340a5263e33f0cd: expected decline UnsupportedFeature, got IntegrityMismatch")	PASS	fails closed: typed error, no bytes served; tamper: must fail closed if not exactly serviceable
b-nist-pdf-0017-flip_idx-50	B	nist-pdf-0017	each	flip_idx	flip bit in .idx at 40	y	y	reopens_ok:6795	-	reopens_ok:6795	-	6795	0	1	ok	Match	Match	PASS	manifest present: exact after recovery; tamper: must fail closed if not exactly serviceable
b-nist-pdf-0017-flip_idx-51	B	nist-pdf-0017	each	flip_idx	flip bit in .idx at 47	y	y	fail_closed:0	IntegrityMismatch:IntegrityMismatch: packed index /tmp/phase20-scratch/b-nist-pdf-0017-each/inj-51/fieldpack/seg-00000000.idx has an inconsistent bucket directory	fail_closed:0	IntegrityMismatch:IntegrityMismatch: packed index /tmp/phase20-scratch/b-nist-pdf-0017-each/inj-51/fieldpack/seg-00000000.idx has an inconsistent bucket directory	0	0	0	n/a	FailClosed("IntegrityMismatch:IntegrityMismatch: packed index /tmp/phase20-scratch/b-nist-pdf-0017-each/inj-51/fieldpack/seg-00000000.idx has an inconsistent bucket directory")	Differ("field 07564e4f6589cd8e5b3aea3f90b147ee4c123823cc0a1f873340a5263e33f0cd: expected decline UnsupportedFeature, got IntegrityMismatch")	PASS	fails closed: typed error, no bytes served; tamper: must fail closed if not exactly serviceable
b-nist-pdf-0017-flip_idx-52	B	nist-pdf-0017	each	flip_idx	flip bit in .idx at 228564	y	y	reopens_ok:6795	-	reopens_ok:6795	-	6795	0	1	ok	Match	Match	PASS	manifest present: exact after recovery; tamper: must fail closed if not exactly serviceable
b-nist-pdf-0017-flip_idx-53	B	nist-pdf-0017	each	flip_idx	flip bit in .idx at 457127	y	y	reopens_ok:6795	-	reopens_ok:6795	-	6795	0	0	ok	Match	Match	PASS	manifest present: exact after recovery; tamper: must fail closed if not exactly serviceable
b-nist-pdf-0017-zero_pack_tail-54	B	nist-pdf-0017	each	zero_pack_tail	zero last 1 B of .pack	y	y	reopens_ok:6795	-	reopens_ok:6795	-	6795	0	1	ok	Match	Match	PASS	manifest present: exact after recovery; tamper: must fail closed if not exactly serviceable
b-nist-pdf-0017-zero_pack_tail-55	B	nist-pdf-0017	each	zero_pack_tail	zero last 4 B of .pack	y	y	reopens_ok:6795	-	reopens_ok:6795	-	6795	0	1	ok	Match	Match	PASS	manifest present: exact after recovery; tamper: must fail closed if not exactly serviceable
b-nist-pdf-0017-zero_pack_tail-56	B	nist-pdf-0017	each	zero_pack_tail	zero last 8 B of .pack	y	y	reopens_ok:6795	-	reopens_ok:6795	-	6795	0	1	ok	Match	Match	PASS	manifest present: exact after recovery; tamper: must fail closed if not exactly serviceable
b-nist-pdf-0017-zero_pack_tail-57	B	nist-pdf-0017	each	zero_pack_tail	zero last 32 B of .pack	y	y	reopens_ok:6795	-	reopens_ok:6795	-	6795	0	1	ok	Match	Match	PASS	manifest present: exact after recovery; tamper: must fail closed if not exactly serviceable
b-nist-pdf-0017-zero_pack_tail-58	B	nist-pdf-0017	each	zero_pack_tail	zero last 128 B of .pack	y	y	reopens_ok:6795	-	reopens_ok:6795	-	6795	0	2	ok	Match	Match	PASS	manifest present: exact after recovery; tamper: must fail closed if not exactly serviceable
a-nist-pdf-0002-SIGKILL-d0	A	nist-pdf-0002	batch	sigkill/sigabrt-at-delay	SIGKILL @ 0us	n	n	reopens_ok:0	-	reopens_ok:0	-	0	0	0	ok	NotApplicable	NoBaseline	PASS	no manifest: reopens_ok, prefix, every id re-hashes; SIGKILL/SIGABRT stop the process; page cache survives
a-nist-pdf-0002-SIGKILL-d0	A	nist-pdf-0002	batch	sigkill/sigabrt-at-delay	SIGKILL @ 0us	n	n	reopens_ok:0	-	reopens_ok:0	-	0	0	0	ok	NotApplicable	NoBaseline	PASS	no manifest: reopens_ok, prefix, every id re-hashes; SIGKILL/SIGABRT stop the process; page cache survives
a-nist-pdf-0002-SIGKILL-d161	A	nist-pdf-0002	batch	sigkill/sigabrt-at-delay	SIGKILL @ 161us	n	n	reopens_ok:0	-	reopens_ok:0	-	0	0	0	ok	NotApplicable	NoBaseline	PASS	no manifest: reopens_ok, prefix, every id re-hashes; SIGKILL/SIGABRT stop the process; page cache survives
a-nist-pdf-0002-SIGKILL-d161	A	nist-pdf-0002	batch	sigkill/sigabrt-at-delay	SIGKILL @ 161us	n	n	reopens_ok:0	-	reopens_ok:0	-	0	0	0	ok	NotApplicable	NoBaseline	PASS	no manifest: reopens_ok, prefix, every id re-hashes; SIGKILL/SIGABRT stop the process; page cache survives
a-nist-pdf-0002-SIGKILL-d322	A	nist-pdf-0002	batch	sigkill/sigabrt-at-delay	SIGKILL @ 322us	n	n	reopens_ok:0	-	reopens_ok:0	-	0	0	0	ok	NotApplicable	NoBaseline	PASS	no manifest: reopens_ok, prefix, every id re-hashes; SIGKILL/SIGABRT stop the process; page cache survives
a-nist-pdf-0002-SIGKILL-d322	A	nist-pdf-0002	batch	sigkill/sigabrt-at-delay	SIGKILL @ 322us	n	n	reopens_ok:0	-	reopens_ok:0	-	0	0	0	ok	NotApplicable	NoBaseline	PASS	no manifest: reopens_ok, prefix, every id re-hashes; SIGKILL/SIGABRT stop the process; page cache survives
a-nist-pdf-0002-SIGKILL-d483	A	nist-pdf-0002	batch	sigkill/sigabrt-at-delay	SIGKILL @ 483us	n	n	reopens_ok:0	-	reopens_ok:0	-	0	0	0	ok	NotApplicable	NoBaseline	PASS	no manifest: reopens_ok, prefix, every id re-hashes; SIGKILL/SIGABRT stop the process; page cache survives
a-nist-pdf-0002-SIGKILL-d483	A	nist-pdf-0002	batch	sigkill/sigabrt-at-delay	SIGKILL @ 483us	n	n	reopens_ok:0	-	reopens_ok:0	-	0	0	0	ok	NotApplicable	NoBaseline	PASS	no manifest: reopens_ok, prefix, every id re-hashes; SIGKILL/SIGABRT stop the process; page cache survives
a-nist-pdf-0002-SIGKILL-d644	A	nist-pdf-0002	batch	sigkill/sigabrt-at-delay	SIGKILL @ 644us	n	n	reopens_ok:0	-	reopens_ok:0	-	0	0	0	ok	NotApplicable	NoBaseline	PASS	no manifest: reopens_ok, prefix, every id re-hashes; SIGKILL/SIGABRT stop the process; page cache survives
a-nist-pdf-0002-SIGKILL-d644	A	nist-pdf-0002	batch	sigkill/sigabrt-at-delay	SIGKILL @ 644us	n	n	reopens_ok:0	-	reopens_ok:0	-	0	0	0	ok	NotApplicable	NoBaseline	PASS	no manifest: reopens_ok, prefix, every id re-hashes; SIGKILL/SIGABRT stop the process; page cache survives
a-nist-pdf-0002-SIGKILL-d805	A	nist-pdf-0002	batch	sigkill/sigabrt-at-delay	SIGKILL @ 805us	n	n	reopens_ok:0	-	reopens_ok:0	-	0	0	0	ok	NotApplicable	NoBaseline	PASS	no manifest: reopens_ok, prefix, every id re-hashes; SIGKILL/SIGABRT stop the process; page cache survives
a-nist-pdf-0002-SIGKILL-d805	A	nist-pdf-0002	batch	sigkill/sigabrt-at-delay	SIGKILL @ 805us	n	n	reopens_ok:0	-	reopens_ok:0	-	0	0	0	ok	NotApplicable	NoBaseline	PASS	no manifest: reopens_ok, prefix, every id re-hashes; SIGKILL/SIGABRT stop the process; page cache survives
a-nist-pdf-0002-SIGKILL-d966	A	nist-pdf-0002	batch	sigkill/sigabrt-at-delay	SIGKILL @ 966us	n	n	reopens_ok:0	-	reopens_ok:0	-	0	0	0	ok	NotApplicable	NoBaseline	PASS	no manifest: reopens_ok, prefix, every id re-hashes; SIGKILL/SIGABRT stop the process; page cache survives
a-nist-pdf-0002-SIGKILL-d966	A	nist-pdf-0002	batch	sigkill/sigabrt-at-delay	SIGKILL @ 966us	n	n	reopens_ok:0	-	reopens_ok:0	-	0	0	0	ok	NotApplicable	NoBaseline	PASS	no manifest: reopens_ok, prefix, every id re-hashes; SIGKILL/SIGABRT stop the process; page cache survives
a-nist-pdf-0002-SIGKILL-d1127	A	nist-pdf-0002	batch	sigkill/sigabrt-at-delay	SIGKILL @ 1127us	n	n	reopens_ok:0	-	reopens_ok:0	-	0	0	0	ok	NotApplicable	NoBaseline	PASS	no manifest: reopens_ok, prefix, every id re-hashes; SIGKILL/SIGABRT stop the process; page cache survives
a-nist-pdf-0002-SIGKILL-d1127	A	nist-pdf-0002	batch	sigkill/sigabrt-at-delay	SIGKILL @ 1127us	n	n	reopens_ok:0	-	reopens_ok:0	-	0	0	0	ok	NotApplicable	NoBaseline	PASS	no manifest: reopens_ok, prefix, every id re-hashes; SIGKILL/SIGABRT stop the process; page cache survives
a-nist-pdf-0002-SIGKILL-d1288	A	nist-pdf-0002	batch	sigkill/sigabrt-at-delay	SIGKILL @ 1288us	n	n	reopens_ok:0	-	reopens_ok:0	-	0	0	0	ok	NotApplicable	NoBaseline	PASS	no manifest: reopens_ok, prefix, every id re-hashes; SIGKILL/SIGABRT stop the process; page cache survives
a-nist-pdf-0002-SIGKILL-d1288	A	nist-pdf-0002	batch	sigkill/sigabrt-at-delay	SIGKILL @ 1288us	n	n	reopens_ok:0	-	reopens_ok:0	-	0	0	0	ok	NotApplicable	NoBaseline	PASS	no manifest: reopens_ok, prefix, every id re-hashes; SIGKILL/SIGABRT stop the process; page cache survives
a-nist-pdf-0002-SIGKILL-d1449	A	nist-pdf-0002	batch	sigkill/sigabrt-at-delay	SIGKILL @ 1449us	n	n	reopens_ok:0	-	reopens_ok:0	-	0	0	0	ok	NotApplicable	NoBaseline	PASS	no manifest: reopens_ok, prefix, every id re-hashes; SIGKILL/SIGABRT stop the process; page cache survives
a-nist-pdf-0002-SIGKILL-d1449	A	nist-pdf-0002	batch	sigkill/sigabrt-at-delay	SIGKILL @ 1449us	n	n	reopens_ok:0	-	reopens_ok:0	-	0	0	0	ok	NotApplicable	NoBaseline	PASS	no manifest: reopens_ok, prefix, every id re-hashes; SIGKILL/SIGABRT stop the process; page cache survives
a-nist-pdf-0002-SIGKILL-d1610	A	nist-pdf-0002	batch	sigkill/sigabrt-at-delay	SIGKILL @ 1610us	n	n	reopens_ok:0	-	reopens_ok:0	-	0	0	0	ok	NotApplicable	NoBaseline	PASS	no manifest: reopens_ok, prefix, every id re-hashes; SIGKILL/SIGABRT stop the process; page cache survives
a-nist-pdf-0002-SIGKILL-d1610	A	nist-pdf-0002	batch	sigkill/sigabrt-at-delay	SIGKILL @ 1610us	n	n	reopens_ok:0	-	reopens_ok:0	-	0	0	0	ok	NotApplicable	NoBaseline	PASS	no manifest: reopens_ok, prefix, every id re-hashes; SIGKILL/SIGABRT stop the process; page cache survives
a-nist-pdf-0002-SIGKILL-d1771	A	nist-pdf-0002	batch	sigkill/sigabrt-at-delay	SIGKILL @ 1771us	n	n	reopens_ok:0	-	reopens_ok:0	-	0	0	0	ok	NotApplicable	NoBaseline	PASS	no manifest: reopens_ok, prefix, every id re-hashes; SIGKILL/SIGABRT stop the process; page cache survives
a-nist-pdf-0002-SIGKILL-d1771	A	nist-pdf-0002	batch	sigkill/sigabrt-at-delay	SIGKILL @ 1771us	n	n	reopens_ok:0	-	reopens_ok:0	-	0	0	0	ok	NotApplicable	NoBaseline	PASS	no manifest: reopens_ok, prefix, every id re-hashes; SIGKILL/SIGABRT stop the process; page cache survives
a-nist-pdf-0002-SIGKILL-d1932	A	nist-pdf-0002	batch	sigkill/sigabrt-at-delay	SIGKILL @ 1932us	n	n	reopens_ok:0	-	reopens_ok:0	-	0	0	0	ok	NotApplicable	NoBaseline	PASS	no manifest: reopens_ok, prefix, every id re-hashes; SIGKILL/SIGABRT stop the process; page cache survives
a-nist-pdf-0002-SIGKILL-d1932	A	nist-pdf-0002	batch	sigkill/sigabrt-at-delay	SIGKILL @ 1932us	n	n	reopens_ok:0	-	reopens_ok:0	-	0	0	0	ok	NotApplicable	NoBaseline	PASS	no manifest: reopens_ok, prefix, every id re-hashes; SIGKILL/SIGABRT stop the process; page cache survives
a-nist-pdf-0002-SIGKILL-d2093	A	nist-pdf-0002	batch	sigkill/sigabrt-at-delay	SIGKILL @ 2093us	n	n	reopens_ok:0	-	reopens_ok:0	-	0	0	0	ok	NotApplicable	NoBaseline	PASS	no manifest: reopens_ok, prefix, every id re-hashes; SIGKILL/SIGABRT stop the process; page cache survives
a-nist-pdf-0002-SIGKILL-d2093	A	nist-pdf-0002	batch	sigkill/sigabrt-at-delay	SIGKILL @ 2093us	n	n	reopens_ok:0	-	reopens_ok:0	-	0	0	0	ok	NotApplicable	NoBaseline	PASS	no manifest: reopens_ok, prefix, every id re-hashes; SIGKILL/SIGABRT stop the process; page cache survives
a-nist-pdf-0002-SIGKILL-d2254	A	nist-pdf-0002	batch	sigkill/sigabrt-at-delay	SIGKILL @ 2254us	n	n	reopens_ok:0	-	reopens_ok:0	-	0	0	0	ok	NotApplicable	NoBaseline	PASS	no manifest: reopens_ok, prefix, every id re-hashes; SIGKILL/SIGABRT stop the process; page cache survives
a-nist-pdf-0002-SIGKILL-d2254	A	nist-pdf-0002	batch	sigkill/sigabrt-at-delay	SIGKILL @ 2254us	n	n	reopens_ok:0	-	reopens_ok:0	-	0	0	0	ok	NotApplicable	NoBaseline	PASS	no manifest: reopens_ok, prefix, every id re-hashes; SIGKILL/SIGABRT stop the process; page cache survives
a-nist-pdf-0002-SIGKILL-d2415	A	nist-pdf-0002	batch	sigkill/sigabrt-at-delay	SIGKILL @ 2415us	y	n	reopens_ok:1	-	reopens_ok:1	-	1	0	0	ok	Match	Match	PASS	manifest present: exact; observation matches; SIGKILL/SIGABRT stop the process; page cache survives
a-nist-pdf-0002-SIGKILL-d2415	A	nist-pdf-0002	batch	sigkill/sigabrt-at-delay	SIGKILL @ 2415us	n	n	reopens_ok:0	-	reopens_ok:0	-	0	0	0	ok	NotApplicable	NoBaseline	PASS	no manifest: reopens_ok, prefix, every id re-hashes; SIGKILL/SIGABRT stop the process; page cache survives
a-nist-pdf-0002-SIGKILL-d2576	A	nist-pdf-0002	batch	sigkill/sigabrt-at-delay	SIGKILL @ 2576us	y	n	reopens_ok:1	-	reopens_ok:1	-	1	0	0	ok	Match	Match	PASS	manifest present: exact; observation matches; SIGKILL/SIGABRT stop the process; page cache survives
a-nist-pdf-0002-SIGKILL-d2576	A	nist-pdf-0002	batch	sigkill/sigabrt-at-delay	SIGKILL @ 2576us	y	n	reopens_ok:1	-	reopens_ok:1	-	1	0	0	ok	Match	Match	PASS	manifest present: exact; observation matches; SIGKILL/SIGABRT stop the process; page cache survives
a-nist-pdf-0002-SIGKILL-d2737	A	nist-pdf-0002	batch	sigkill/sigabrt-at-delay	SIGKILL @ 2737us	y	n	reopens_ok:1	-	reopens_ok:1	-	1	0	0	ok	Match	Match	PASS	manifest present: exact; observation matches; SIGKILL/SIGABRT stop the process; page cache survives
a-nist-pdf-0002-SIGKILL-d2737	A	nist-pdf-0002	batch	sigkill/sigabrt-at-delay	SIGKILL @ 2737us	y	n	reopens_ok:1	-	reopens_ok:1	-	1	0	0	ok	Match	Match	PASS	manifest present: exact; observation matches; SIGKILL/SIGABRT stop the process; page cache survives
a-nist-pdf-0002-SIGKILL-d2898	A	nist-pdf-0002	batch	sigkill/sigabrt-at-delay	SIGKILL @ 2898us	y	n	reopens_ok:1	-	reopens_ok:1	-	1	0	0	ok	Match	Match	PASS	manifest present: exact; observation matches; SIGKILL/SIGABRT stop the process; page cache survives
a-nist-pdf-0002-SIGKILL-d2898	A	nist-pdf-0002	batch	sigkill/sigabrt-at-delay	SIGKILL @ 2898us	y	n	reopens_ok:1	-	reopens_ok:1	-	1	0	0	ok	Match	Match	PASS	manifest present: exact; observation matches; SIGKILL/SIGABRT stop the process; page cache survives
a-nist-pdf-0002-SIGKILL-d3059	A	nist-pdf-0002	batch	sigkill/sigabrt-at-delay	SIGKILL @ 3059us	y	n	reopens_ok:1	-	reopens_ok:1	-	1	0	0	ok	Match	Match	PASS	manifest present: exact; observation matches; SIGKILL/SIGABRT stop the process; page cache survives
a-nist-pdf-0002-SIGKILL-d3059	A	nist-pdf-0002	batch	sigkill/sigabrt-at-delay	SIGKILL @ 3059us	y	n	reopens_ok:1	-	reopens_ok:1	-	1	0	0	ok	Match	Match	PASS	manifest present: exact; observation matches; SIGKILL/SIGABRT stop the process; page cache survives
a-nist-pdf-0002-SIGKILL-d3220	A	nist-pdf-0002	batch	sigkill/sigabrt-at-delay	SIGKILL @ 3220us	y	n	reopens_ok:1	-	reopens_ok:1	-	1	0	0	ok	Match	Match	PASS	manifest present: exact; observation matches; SIGKILL/SIGABRT stop the process; page cache survives
a-nist-pdf-0002-SIGKILL-d3220	A	nist-pdf-0002	batch	sigkill/sigabrt-at-delay	SIGKILL @ 3220us	y	n	reopens_ok:1	-	reopens_ok:1	-	1	0	0	ok	Match	Match	PASS	manifest present: exact; observation matches; SIGKILL/SIGABRT stop the process; page cache survives
a-nist-pdf-0002-SIGKILL-d3381	A	nist-pdf-0002	batch	sigkill/sigabrt-at-delay	SIGKILL @ 3381us	y	n	reopens_ok:1	-	reopens_ok:1	-	1	0	0	ok	Match	Match	PASS	manifest present: exact; observation matches; SIGKILL/SIGABRT stop the process; page cache survives
a-nist-pdf-0002-SIGKILL-d3381	A	nist-pdf-0002	batch	sigkill/sigabrt-at-delay	SIGKILL @ 3381us	y	n	reopens_ok:1	-	reopens_ok:1	-	1	0	0	ok	Match	Match	PASS	manifest present: exact; observation matches; SIGKILL/SIGABRT stop the process; page cache survives
a-nist-pdf-0002-SIGKILL-d3542	A	nist-pdf-0002	batch	sigkill/sigabrt-at-delay	SIGKILL @ 3542us	y	n	reopens_ok:1	-	reopens_ok:1	-	1	0	0	ok	Match	Match	PASS	manifest present: exact; observation matches; SIGKILL/SIGABRT stop the process; page cache survives
a-nist-pdf-0002-SIGKILL-d3542	A	nist-pdf-0002	batch	sigkill/sigabrt-at-delay	SIGKILL @ 3542us	y	n	reopens_ok:1	-	reopens_ok:1	-	1	0	0	ok	Match	Match	PASS	manifest present: exact; observation matches; SIGKILL/SIGABRT stop the process; page cache survives
a-nist-pdf-0002-SIGKILL-d3703	A	nist-pdf-0002	batch	sigkill/sigabrt-at-delay	SIGKILL @ 3703us	y	n	reopens_ok:1	-	reopens_ok:1	-	1	0	0	ok	Match	Match	PASS	manifest present: exact; observation matches; SIGKILL/SIGABRT stop the process; page cache survives
a-nist-pdf-0002-SIGKILL-d3703	A	nist-pdf-0002	batch	sigkill/sigabrt-at-delay	SIGKILL @ 3703us	y	n	reopens_ok:1	-	reopens_ok:1	-	1	0	0	ok	Match	Match	PASS	manifest present: exact; observation matches; SIGKILL/SIGABRT stop the process; page cache survives
a-nist-pdf-0002-SIGKILL-d3864	A	nist-pdf-0002	batch	sigkill/sigabrt-at-delay	SIGKILL @ 3864us	y	n	reopens_ok:1	-	reopens_ok:1	-	1	0	0	ok	Match	Match	PASS	manifest present: exact; observation matches; SIGKILL/SIGABRT stop the process; page cache survives
a-nist-pdf-0002-SIGKILL-d3864	A	nist-pdf-0002	batch	sigkill/sigabrt-at-delay	SIGKILL @ 3864us	y	n	reopens_ok:1	-	reopens_ok:1	-	1	0	0	ok	Match	Match	PASS	manifest present: exact; observation matches; SIGKILL/SIGABRT stop the process; page cache survives
a-nist-pdf-0002-SIGKILL-d4025	A	nist-pdf-0002	batch	sigkill/sigabrt-at-delay	SIGKILL @ 4025us	y	n	reopens_ok:1	-	reopens_ok:1	-	1	0	0	ok	Match	Match	PASS	manifest present: exact; observation matches; SIGKILL/SIGABRT stop the process; page cache survives
a-nist-pdf-0002-SIGKILL-d4025	A	nist-pdf-0002	batch	sigkill/sigabrt-at-delay	SIGKILL @ 4025us	y	n	reopens_ok:1	-	reopens_ok:1	-	1	0	0	ok	Match	Match	PASS	manifest present: exact; observation matches; SIGKILL/SIGABRT stop the process; page cache survives
a-nist-pdf-0002-SIGKILL-d4186	A	nist-pdf-0002	batch	sigkill/sigabrt-at-delay	SIGKILL @ 4186us	y	n	reopens_ok:1	-	reopens_ok:1	-	1	0	0	ok	Match	Match	PASS	manifest present: exact; observation matches; SIGKILL/SIGABRT stop the process; page cache survives
a-nist-pdf-0002-SIGKILL-d4186	A	nist-pdf-0002	batch	sigkill/sigabrt-at-delay	SIGKILL @ 4186us	y	n	reopens_ok:1	-	reopens_ok:1	-	1	0	0	ok	Match	Match	PASS	manifest present: exact; observation matches; SIGKILL/SIGABRT stop the process; page cache survives
a-nist-pdf-0002-SIGKILL-d4347	A	nist-pdf-0002	batch	sigkill/sigabrt-at-delay	SIGKILL @ 4347us	y	n	reopens_ok:1	-	reopens_ok:1	-	1	0	0	ok	Match	Match	PASS	manifest present: exact; observation matches; SIGKILL/SIGABRT stop the process; page cache survives
a-nist-pdf-0002-SIGKILL-d4347	A	nist-pdf-0002	batch	sigkill/sigabrt-at-delay	SIGKILL @ 4347us	y	n	reopens_ok:1	-	reopens_ok:1	-	1	0	0	ok	Match	Match	PASS	manifest present: exact; observation matches; SIGKILL/SIGABRT stop the process; page cache survives
a-nist-pdf-0002-SIGKILL-d4508	A	nist-pdf-0002	batch	sigkill/sigabrt-at-delay	SIGKILL @ 4508us	y	n	reopens_ok:1	-	reopens_ok:1	-	1	0	0	ok	Match	Match	PASS	manifest present: exact; observation matches; SIGKILL/SIGABRT stop the process; page cache survives
a-nist-pdf-0002-SIGKILL-d4508	A	nist-pdf-0002	batch	sigkill/sigabrt-at-delay	SIGKILL @ 4508us	y	n	reopens_ok:1	-	reopens_ok:1	-	1	0	0	ok	Match	Match	PASS	manifest present: exact; observation matches; SIGKILL/SIGABRT stop the process; page cache survives
a-nist-pdf-0002-SIGKILL-d4669	A	nist-pdf-0002	batch	sigkill/sigabrt-at-delay	SIGKILL @ 4669us	y	n	reopens_ok:1	-	reopens_ok:1	-	1	0	0	ok	Match	Match	PASS	manifest present: exact; observation matches; SIGKILL/SIGABRT stop the process; page cache survives
a-nist-pdf-0002-SIGKILL-d4669	A	nist-pdf-0002	batch	sigkill/sigabrt-at-delay	SIGKILL @ 4669us	y	n	reopens_ok:1	-	reopens_ok:1	-	1	0	0	ok	Match	Match	PASS	manifest present: exact; observation matches; SIGKILL/SIGABRT stop the process; page cache survives
a-nist-pdf-0002-SIGKILL-d4830	A	nist-pdf-0002	batch	sigkill/sigabrt-at-delay	SIGKILL @ 4830us	y	n	reopens_ok:194	-	reopens_ok:194	-	194	0	0	ok	Match	Match	PASS	manifest present: exact; observation matches; SIGKILL/SIGABRT stop the process; page cache survives
a-nist-pdf-0002-SIGKILL-d4830	A	nist-pdf-0002	batch	sigkill/sigabrt-at-delay	SIGKILL @ 4830us	y	n	reopens_ok:117	-	reopens_ok:117	-	117	0	0	ok	Match	Match	PASS	manifest present: exact; observation matches; SIGKILL/SIGABRT stop the process; page cache survives
a-nist-pdf-0002-SIGKILL-d4991	A	nist-pdf-0002	batch	sigkill/sigabrt-at-delay	SIGKILL @ 4991us	y	n	reopens_ok:293	-	reopens_ok:293	-	293	0	0	ok	Match	Match	PASS	manifest present: exact; observation matches; SIGKILL/SIGABRT stop the process; page cache survives
a-nist-pdf-0002-SIGKILL-d4991	A	nist-pdf-0002	batch	sigkill/sigabrt-at-delay	SIGKILL @ 4991us	y	n	reopens_ok:360	-	reopens_ok:360	-	360	0	0	ok	Match	Match	PASS	manifest present: exact; observation matches; SIGKILL/SIGABRT stop the process; page cache survives
a-nist-pdf-0002-SIGKILL-d5152	A	nist-pdf-0002	batch	sigkill/sigabrt-at-delay	SIGKILL @ 5152us	y	n	reopens_ok:363	-	reopens_ok:363	-	363	0	0	ok	Match	Match	PASS	manifest present: exact; observation matches; SIGKILL/SIGABRT stop the process; page cache survives
a-nist-pdf-0002-SIGKILL-d5152	A	nist-pdf-0002	batch	sigkill/sigabrt-at-delay	SIGKILL @ 5152us	y	n	reopens_ok:363	-	reopens_ok:363	-	363	0	0	ok	Match	Match	PASS	manifest present: exact; observation matches; SIGKILL/SIGABRT stop the process; page cache survives
a-nist-pdf-0002-SIGKILL-d5313	A	nist-pdf-0002	batch	sigkill/sigabrt-at-delay	SIGKILL @ 5313us	y	n	reopens_ok:363	-	reopens_ok:363	-	363	0	0	ok	Match	Match	PASS	manifest present: exact; observation matches; SIGKILL/SIGABRT stop the process; page cache survives
a-nist-pdf-0002-SIGKILL-d5313	A	nist-pdf-0002	batch	sigkill/sigabrt-at-delay	SIGKILL @ 5313us	y	n	reopens_ok:363	-	reopens_ok:363	-	363	0	0	ok	Match	Match	PASS	manifest present: exact; observation matches; SIGKILL/SIGABRT stop the process; page cache survives
a-nist-pdf-0002-SIGKILL-d5474	A	nist-pdf-0002	batch	sigkill/sigabrt-at-delay	SIGKILL @ 5474us	y	n	reopens_ok:363	-	reopens_ok:363	-	363	0	0	ok	Match	Match	PASS	manifest present: exact; observation matches; SIGKILL/SIGABRT stop the process; page cache survives
a-nist-pdf-0002-SIGKILL-d5474	A	nist-pdf-0002	batch	sigkill/sigabrt-at-delay	SIGKILL @ 5474us	y	n	reopens_ok:363	-	reopens_ok:363	-	363	0	0	ok	Match	Match	PASS	manifest present: exact; observation matches; SIGKILL/SIGABRT stop the process; page cache survives
a-nist-pdf-0002-SIGKILL-d5635	A	nist-pdf-0002	batch	sigkill/sigabrt-at-delay	SIGKILL @ 5635us	y	n	reopens_ok:363	-	reopens_ok:363	-	363	0	0	ok	Match	Match	PASS	manifest present: exact; observation matches; SIGKILL/SIGABRT stop the process; page cache survives
a-nist-pdf-0002-SIGKILL-d5635	A	nist-pdf-0002	batch	sigkill/sigabrt-at-delay	SIGKILL @ 5635us	y	n	reopens_ok:363	-	reopens_ok:363	-	363	0	0	ok	Match	Match	PASS	manifest present: exact; observation matches; SIGKILL/SIGABRT stop the process; page cache survives
a-nist-pdf-0002-SIGKILL-d5796	A	nist-pdf-0002	batch	sigkill/sigabrt-at-delay	SIGKILL @ 5796us	y	n	reopens_ok:363	-	reopens_ok:363	-	363	0	0	ok	Match	Match	PASS	manifest present: exact; observation matches; SIGKILL/SIGABRT stop the process; page cache survives
a-nist-pdf-0002-SIGKILL-d5796	A	nist-pdf-0002	batch	sigkill/sigabrt-at-delay	SIGKILL @ 5796us	y	n	reopens_ok:363	-	reopens_ok:363	-	363	0	0	ok	Match	Match	PASS	manifest present: exact; observation matches; SIGKILL/SIGABRT stop the process; page cache survives
a-nist-pdf-0002-SIGKILL-d5957	A	nist-pdf-0002	batch	sigkill/sigabrt-at-delay	SIGKILL @ 5957us	y	n	reopens_ok:363	-	reopens_ok:363	-	363	0	0	ok	Match	Match	PASS	manifest present: exact; observation matches; SIGKILL/SIGABRT stop the process; page cache survives
a-nist-pdf-0002-SIGKILL-d5957	A	nist-pdf-0002	batch	sigkill/sigabrt-at-delay	SIGKILL @ 5957us	y	n	reopens_ok:363	-	reopens_ok:363	-	363	0	0	ok	Match	Match	PASS	manifest present: exact; observation matches; SIGKILL/SIGABRT stop the process; page cache survives
a-nist-pdf-0002-SIGKILL-d6118	A	nist-pdf-0002	batch	sigkill/sigabrt-at-delay	SIGKILL @ 6118us	y	n	reopens_ok:363	-	reopens_ok:363	-	363	0	0	ok	Match	Match	PASS	manifest present: exact; observation matches; SIGKILL/SIGABRT stop the process; page cache survives
a-nist-pdf-0002-SIGKILL-d6118	A	nist-pdf-0002	batch	sigkill/sigabrt-at-delay	SIGKILL @ 6118us	y	n	reopens_ok:363	-	reopens_ok:363	-	363	0	0	ok	Match	Match	PASS	manifest present: exact; observation matches; SIGKILL/SIGABRT stop the process; page cache survives
a-nist-pdf-0002-SIGKILL-d6279	A	nist-pdf-0002	batch	sigkill/sigabrt-at-delay	SIGKILL @ 6279us	y	n	reopens_ok:389	-	reopens_ok:389	-	389	0	0	ok	Match	Match	PASS	manifest present: exact; observation matches; SIGKILL/SIGABRT stop the process; page cache survives
a-nist-pdf-0002-SIGKILL-d6279	A	nist-pdf-0002	batch	sigkill/sigabrt-at-delay	SIGKILL @ 6279us	y	n	reopens_ok:363	-	reopens_ok:363	-	363	0	0	ok	Match	Match	PASS	manifest present: exact; observation matches; SIGKILL/SIGABRT stop the process; page cache survives
a-nist-pdf-0002-SIGKILL-d6440	A	nist-pdf-0002	batch	sigkill/sigabrt-at-delay	SIGKILL @ 6440us	y	n	reopens_ok:363	-	reopens_ok:363	-	363	0	0	ok	Match	Match	PASS	manifest present: exact; observation matches; SIGKILL/SIGABRT stop the process; page cache survives
a-nist-pdf-0002-SIGKILL-d6440	A	nist-pdf-0002	batch	sigkill/sigabrt-at-delay	SIGKILL @ 6440us	y	n	reopens_ok:406	-	reopens_ok:406	-	406	0	0	ok	Match	Match	PASS	manifest present: exact; observation matches; SIGKILL/SIGABRT stop the process; page cache survives
a-nist-pdf-0002-SIGKILL-d6601	A	nist-pdf-0002	batch	sigkill/sigabrt-at-delay	SIGKILL @ 6601us	y	n	reopens_ok:528	-	reopens_ok:528	-	528	0	0	ok	Match	Match	PASS	manifest present: exact; observation matches; SIGKILL/SIGABRT stop the process; page cache survives
a-nist-pdf-0002-SIGKILL-d6601	A	nist-pdf-0002	batch	sigkill/sigabrt-at-delay	SIGKILL @ 6601us	y	n	reopens_ok:441	-	reopens_ok:441	-	441	0	0	ok	Match	Match	PASS	manifest present: exact; observation matches; SIGKILL/SIGABRT stop the process; page cache survives
a-nist-pdf-0002-SIGKILL-d6762	A	nist-pdf-0002	batch	sigkill/sigabrt-at-delay	SIGKILL @ 6762us	y	n	reopens_ok:528	-	reopens_ok:528	-	528	0	0	ok	Match	Match	PASS	manifest present: exact; observation matches; SIGKILL/SIGABRT stop the process; page cache survives
a-nist-pdf-0002-SIGKILL-d6762	A	nist-pdf-0002	batch	sigkill/sigabrt-at-delay	SIGKILL @ 6762us	y	n	reopens_ok:528	-	reopens_ok:528	-	528	0	0	ok	Match	Match	PASS	manifest present: exact; observation matches; SIGKILL/SIGABRT stop the process; page cache survives
a-nist-pdf-0002-SIGKILL-d6923	A	nist-pdf-0002	batch	sigkill/sigabrt-at-delay	SIGKILL @ 6923us	y	n	reopens_ok:528	-	reopens_ok:528	-	528	0	0	ok	Match	Match	PASS	manifest present: exact; observation matches; SIGKILL/SIGABRT stop the process; page cache survives
a-nist-pdf-0002-SIGKILL-d6923	A	nist-pdf-0002	batch	sigkill/sigabrt-at-delay	SIGKILL @ 6923us	y	n	reopens_ok:528	-	reopens_ok:528	-	528	0	0	ok	Match	Match	PASS	manifest present: exact; observation matches; SIGKILL/SIGABRT stop the process; page cache survives
a-nist-pdf-0002-SIGKILL-d7084	A	nist-pdf-0002	batch	sigkill/sigabrt-at-delay	SIGKILL @ 7084us	y	n	reopens_ok:528	-	reopens_ok:528	-	528	0	0	ok	Match	Match	PASS	manifest present: exact; observation matches; SIGKILL/SIGABRT stop the process; page cache survives
a-nist-pdf-0002-SIGKILL-d7084	A	nist-pdf-0002	batch	sigkill/sigabrt-at-delay	SIGKILL @ 7084us	y	n	reopens_ok:457	-	reopens_ok:457	-	457	0	0	ok	Match	Match	PASS	manifest present: exact; observation matches; SIGKILL/SIGABRT stop the process; page cache survives
a-nist-pdf-0002-SIGKILL-d7245	A	nist-pdf-0002	batch	sigkill/sigabrt-at-delay	SIGKILL @ 7245us	y	n	reopens_ok:528	-	reopens_ok:528	-	528	0	0	ok	Match	Match	PASS	manifest present: exact; observation matches; SIGKILL/SIGABRT stop the process; page cache survives
a-nist-pdf-0002-SIGKILL-d7245	A	nist-pdf-0002	batch	sigkill/sigabrt-at-delay	SIGKILL @ 7245us	y	n	reopens_ok:528	-	reopens_ok:528	-	528	0	0	ok	Match	Match	PASS	manifest present: exact; observation matches; SIGKILL/SIGABRT stop the process; page cache survives
a-nist-pdf-0002-SIGKILL-d7406	A	nist-pdf-0002	batch	sigkill/sigabrt-at-delay	SIGKILL @ 7406us	y	n	reopens_ok:528	-	reopens_ok:528	-	528	0	0	ok	Match	Match	PASS	manifest present: exact; observation matches; SIGKILL/SIGABRT stop the process; page cache survives
a-nist-pdf-0002-SIGKILL-d7406	A	nist-pdf-0002	batch	sigkill/sigabrt-at-delay	SIGKILL @ 7406us	y	n	reopens_ok:528	-	reopens_ok:528	-	528	0	0	ok	Match	Match	PASS	manifest present: exact; observation matches; SIGKILL/SIGABRT stop the process; page cache survives
a-nist-pdf-0002-SIGKILL-d7567	A	nist-pdf-0002	batch	sigkill/sigabrt-at-delay	SIGKILL @ 7567us	y	n	reopens_ok:528	-	reopens_ok:528	-	528	0	0	ok	Match	Match	PASS	manifest present: exact; observation matches; SIGKILL/SIGABRT stop the process; page cache survives
a-nist-pdf-0002-SIGKILL-d7567	A	nist-pdf-0002	batch	sigkill/sigabrt-at-delay	SIGKILL @ 7567us	y	n	reopens_ok:528	-	reopens_ok:528	-	528	0	0	ok	Match	Match	PASS	manifest present: exact; observation matches; SIGKILL/SIGABRT stop the process; page cache survives
a-nist-pdf-0002-SIGKILL-d7728	A	nist-pdf-0002	batch	sigkill/sigabrt-at-delay	SIGKILL @ 7728us	y	n	reopens_ok:528	-	reopens_ok:528	-	528	0	0	ok	Match	Match	PASS	manifest present: exact; observation matches; SIGKILL/SIGABRT stop the process; page cache survives
a-nist-pdf-0002-SIGKILL-d7728	A	nist-pdf-0002	batch	sigkill/sigabrt-at-delay	SIGKILL @ 7728us	y	n	reopens_ok:528	-	reopens_ok:528	-	528	0	0	ok	Match	Match	PASS	manifest present: exact; observation matches; SIGKILL/SIGABRT stop the process; page cache survives
a-nist-pdf-0002-SIGKILL-d7889	A	nist-pdf-0002	batch	sigkill/sigabrt-at-delay	SIGKILL @ 7889us	y	n	reopens_ok:528	-	reopens_ok:528	-	528	0	0	ok	Match	Match	PASS	manifest present: exact; observation matches; SIGKILL/SIGABRT stop the process; page cache survives
a-nist-pdf-0002-SIGKILL-d7889	A	nist-pdf-0002	batch	sigkill/sigabrt-at-delay	SIGKILL @ 7889us	y	n	reopens_ok:528	-	reopens_ok:528	-	528	0	0	ok	Match	Match	PASS	manifest present: exact; observation matches; SIGKILL/SIGABRT stop the process; page cache survives
a-nist-pdf-0002-SIGKILL-d8050	A	nist-pdf-0002	batch	sigkill/sigabrt-at-delay	SIGKILL @ 8050us	y	n	reopens_ok:528	-	reopens_ok:528	-	528	0	0	ok	Match	Match	PASS	manifest present: exact; observation matches; SIGKILL/SIGABRT stop the process; page cache survives
a-nist-pdf-0002-SIGKILL-d8050	A	nist-pdf-0002	batch	sigkill/sigabrt-at-delay	SIGKILL @ 8050us	y	n	reopens_ok:528	-	reopens_ok:528	-	528	0	0	ok	Match	Match	PASS	manifest present: exact; observation matches; SIGKILL/SIGABRT stop the process; page cache survives
a-nist-pdf-0002-SIGKILL-d8211	A	nist-pdf-0002	batch	sigkill/sigabrt-at-delay	SIGKILL @ 8211us	y	n	reopens_ok:528	-	reopens_ok:528	-	528	0	0	ok	Match	Match	PASS	manifest present: exact; observation matches; SIGKILL/SIGABRT stop the process; page cache survives
a-nist-pdf-0002-SIGKILL-d8211	A	nist-pdf-0002	batch	sigkill/sigabrt-at-delay	SIGKILL @ 8211us	y	n	reopens_ok:528	-	reopens_ok:528	-	528	0	0	ok	Match	Match	PASS	manifest present: exact; observation matches; SIGKILL/SIGABRT stop the process; page cache survives
a-nist-pdf-0002-SIGKILL-d8372	A	nist-pdf-0002	batch	sigkill/sigabrt-at-delay	SIGKILL @ 8372us	y	n	reopens_ok:528	-	reopens_ok:528	-	528	0	0	ok	Match	Match	PASS	manifest present: exact; observation matches; SIGKILL/SIGABRT stop the process; page cache survives
a-nist-pdf-0002-SIGKILL-d8372	A	nist-pdf-0002	batch	sigkill/sigabrt-at-delay	SIGKILL @ 8372us	y	n	reopens_ok:528	-	reopens_ok:528	-	528	0	0	ok	Match	Match	PASS	manifest present: exact; observation matches; SIGKILL/SIGABRT stop the process; page cache survives
a-nist-pdf-0002-SIGKILL-d8533	A	nist-pdf-0002	batch	sigkill/sigabrt-at-delay	SIGKILL @ 8533us	y	n	reopens_ok:581	-	reopens_ok:581	-	581	0	0	ok	Match	Match	PASS	manifest present: exact; observation matches; SIGKILL/SIGABRT stop the process; page cache survives
a-nist-pdf-0002-SIGKILL-d8533	A	nist-pdf-0002	batch	sigkill/sigabrt-at-delay	SIGKILL @ 8533us	y	n	reopens_ok:581	-	reopens_ok:581	-	581	0	0	ok	Match	Match	PASS	manifest present: exact; observation matches; SIGKILL/SIGABRT stop the process; page cache survives
a-nist-pdf-0002-SIGKILL-d8694	A	nist-pdf-0002	batch	sigkill/sigabrt-at-delay	SIGKILL @ 8694us	y	n	reopens_ok:581	-	reopens_ok:581	-	581	0	0	ok	Match	Match	PASS	manifest present: exact; observation matches; SIGKILL/SIGABRT stop the process; page cache survives
a-nist-pdf-0002-SIGKILL-d8694	A	nist-pdf-0002	batch	sigkill/sigabrt-at-delay	SIGKILL @ 8694us	y	n	reopens_ok:580	-	reopens_ok:580	-	580	0	0	ok	Match	Match	PASS	manifest present: exact; observation matches; SIGKILL/SIGABRT stop the process; page cache survives
a-nist-pdf-0002-SIGKILL-d8855	A	nist-pdf-0002	batch	sigkill/sigabrt-at-delay	SIGKILL @ 8855us	y	y	reopens_ok:581	-	reopens_ok:581	-	581	0	0	ok	Match	Match	PASS	manifest present: exact; observation matches; SIGKILL/SIGABRT stop the process; page cache survives
a-nist-pdf-0002-SIGKILL-d8855	A	nist-pdf-0002	batch	sigkill/sigabrt-at-delay	SIGKILL @ 8855us	y	n	reopens_ok:581	-	reopens_ok:581	-	581	0	0	ok	Match	Match	PASS	manifest present: exact; observation matches; SIGKILL/SIGABRT stop the process; page cache survives
a-nist-pdf-0002-SIGKILL-d9016	A	nist-pdf-0002	batch	sigkill/sigabrt-at-delay	SIGKILL @ 9016us	y	y	reopens_ok:581	-	reopens_ok:581	-	581	0	0	ok	Match	Match	PASS	manifest present: exact; observation matches; SIGKILL/SIGABRT stop the process; page cache survives
a-nist-pdf-0002-SIGKILL-d9016	A	nist-pdf-0002	batch	sigkill/sigabrt-at-delay	SIGKILL @ 9016us	y	y	reopens_ok:581	-	reopens_ok:581	-	581	0	0	ok	Match	Match	PASS	manifest present: exact; observation matches; SIGKILL/SIGABRT stop the process; page cache survives
a-nist-pdf-0002-SIGKILL-d9177	A	nist-pdf-0002	batch	sigkill/sigabrt-at-delay	SIGKILL @ 9177us	y	y	reopens_ok:581	-	reopens_ok:581	-	581	0	0	ok	Match	Match	PASS	manifest present: exact; observation matches; SIGKILL/SIGABRT stop the process; page cache survives
a-nist-pdf-0002-SIGKILL-d9177	A	nist-pdf-0002	batch	sigkill/sigabrt-at-delay	SIGKILL @ 9177us	y	y	reopens_ok:581	-	reopens_ok:581	-	581	0	0	ok	Match	Match	PASS	manifest present: exact; observation matches; SIGKILL/SIGABRT stop the process; page cache survives
a-nist-pdf-0002-SIGKILL-after-manifest	A	nist-pdf-0002	batch	sigkill/sigabrt-at-boundary	SIGKILL @ after-manifest	y	n	reopens_ok:1	-	reopens_ok:1	-	1	0	0	ok	Match	Match	PASS	manifest present: exact; observation matches; polled to the manifest/index publication window
a-nist-pdf-0002-SIGKILL-after-manifest	A	nist-pdf-0002	batch	sigkill/sigabrt-at-boundary	SIGKILL @ after-manifest	y	n	reopens_ok:1	-	reopens_ok:1	-	1	0	0	ok	Match	Match	PASS	manifest present: exact; observation matches; polled to the manifest/index publication window
a-nist-pdf-0002-SIGKILL-after-manifest	A	nist-pdf-0002	batch	sigkill/sigabrt-at-boundary	SIGKILL @ after-manifest	y	n	reopens_ok:1	-	reopens_ok:1	-	1	0	0	ok	Match	Match	PASS	manifest present: exact; observation matches; polled to the manifest/index publication window
a-nist-pdf-0002-SIGKILL-after-manifest	A	nist-pdf-0002	batch	sigkill/sigabrt-at-boundary	SIGKILL @ after-manifest	y	n	reopens_ok:1	-	reopens_ok:1	-	1	0	0	ok	Match	Match	PASS	manifest present: exact; observation matches; polled to the manifest/index publication window
a-nist-pdf-0002-SIGKILL-after-manifest	A	nist-pdf-0002	batch	sigkill/sigabrt-at-boundary	SIGKILL @ after-manifest	y	n	reopens_ok:1	-	reopens_ok:1	-	1	0	0	ok	Match	Match	PASS	manifest present: exact; observation matches; polled to the manifest/index publication window
a-nist-pdf-0002-SIGKILL-after-manifest	A	nist-pdf-0002	batch	sigkill/sigabrt-at-boundary	SIGKILL @ after-manifest	y	n	reopens_ok:1	-	reopens_ok:1	-	1	0	0	ok	Match	Match	PASS	manifest present: exact; observation matches; polled to the manifest/index publication window
a-nist-pdf-0002-SIGKILL-after-idx	A	nist-pdf-0002	batch	sigkill/sigabrt-at-boundary	SIGKILL @ after-idx	y	y	reopens_ok:581	-	reopens_ok:581	-	581	0	0	ok	Match	Match	PASS	manifest present: exact; observation matches; polled to the manifest/index publication window
a-nist-pdf-0002-SIGKILL-after-idx	A	nist-pdf-0002	batch	sigkill/sigabrt-at-boundary	SIGKILL @ after-idx	y	y	reopens_ok:581	-	reopens_ok:581	-	581	0	0	ok	Match	Match	PASS	manifest present: exact; observation matches; polled to the manifest/index publication window
a-nist-pdf-0002-SIGKILL-after-idx	A	nist-pdf-0002	batch	sigkill/sigabrt-at-boundary	SIGKILL @ after-idx	y	y	reopens_ok:581	-	reopens_ok:581	-	581	0	0	ok	Match	Match	PASS	manifest present: exact; observation matches; polled to the manifest/index publication window
a-nist-pdf-0002-SIGKILL-after-idx	A	nist-pdf-0002	batch	sigkill/sigabrt-at-boundary	SIGKILL @ after-idx	y	y	reopens_ok:581	-	reopens_ok:581	-	581	0	0	ok	Match	Match	PASS	manifest present: exact; observation matches; polled to the manifest/index publication window
a-nist-pdf-0002-SIGKILL-after-idx	A	nist-pdf-0002	batch	sigkill/sigabrt-at-boundary	SIGKILL @ after-idx	y	y	reopens_ok:581	-	reopens_ok:581	-	581	0	0	ok	Match	Match	PASS	manifest present: exact; observation matches; polled to the manifest/index publication window
a-nist-pdf-0002-SIGKILL-after-idx	A	nist-pdf-0002	batch	sigkill/sigabrt-at-boundary	SIGKILL @ after-idx	y	y	reopens_ok:581	-	reopens_ok:581	-	581	0	0	ok	Match	Match	PASS	manifest present: exact; observation matches; polled to the manifest/index publication window
a-nist-pdf-0002-SIGABRT-d0	A	nist-pdf-0002	batch	sigkill/sigabrt-at-delay	SIGABRT @ 0us	y	y	reopens_ok:581	-	reopens_ok:581	-	581	0	0	ok	Match	Match	PASS	manifest present: exact; observation matches; SIGKILL/SIGABRT stop the process; page cache survives
a-nist-pdf-0002-SIGABRT-d0	A	nist-pdf-0002	batch	sigkill/sigabrt-at-delay	SIGABRT @ 0us	y	y	reopens_ok:581	-	reopens_ok:581	-	581	0	0	ok	Match	Match	PASS	manifest present: exact; observation matches; SIGKILL/SIGABRT stop the process; page cache survives
a-nist-pdf-0002-SIGABRT-d161	A	nist-pdf-0002	batch	sigkill/sigabrt-at-delay	SIGABRT @ 161us	y	y	reopens_ok:581	-	reopens_ok:581	-	581	0	0	ok	Match	Match	PASS	manifest present: exact; observation matches; SIGKILL/SIGABRT stop the process; page cache survives
a-nist-pdf-0002-SIGABRT-d161	A	nist-pdf-0002	batch	sigkill/sigabrt-at-delay	SIGABRT @ 161us	y	y	reopens_ok:581	-	reopens_ok:581	-	581	0	0	ok	Match	Match	PASS	manifest present: exact; observation matches; SIGKILL/SIGABRT stop the process; page cache survives
a-nist-pdf-0002-SIGABRT-d322	A	nist-pdf-0002	batch	sigkill/sigabrt-at-delay	SIGABRT @ 322us	y	y	reopens_ok:581	-	reopens_ok:581	-	581	0	0	ok	Match	Match	PASS	manifest present: exact; observation matches; SIGKILL/SIGABRT stop the process; page cache survives
a-nist-pdf-0002-SIGABRT-d322	A	nist-pdf-0002	batch	sigkill/sigabrt-at-delay	SIGABRT @ 322us	y	y	reopens_ok:581	-	reopens_ok:581	-	581	0	0	ok	Match	Match	PASS	manifest present: exact; observation matches; SIGKILL/SIGABRT stop the process; page cache survives
a-nist-pdf-0002-SIGABRT-d483	A	nist-pdf-0002	batch	sigkill/sigabrt-at-delay	SIGABRT @ 483us	y	y	reopens_ok:581	-	reopens_ok:581	-	581	0	0	ok	Match	Match	PASS	manifest present: exact; observation matches; SIGKILL/SIGABRT stop the process; page cache survives
a-nist-pdf-0002-SIGABRT-d483	A	nist-pdf-0002	batch	sigkill/sigabrt-at-delay	SIGABRT @ 483us	y	y	reopens_ok:581	-	reopens_ok:581	-	581	0	0	ok	Match	Match	PASS	manifest present: exact; observation matches; SIGKILL/SIGABRT stop the process; page cache survives
a-nist-pdf-0002-SIGABRT-d644	A	nist-pdf-0002	batch	sigkill/sigabrt-at-delay	SIGABRT @ 644us	y	y	reopens_ok:581	-	reopens_ok:581	-	581	0	0	ok	Match	Match	PASS	manifest present: exact; observation matches; SIGKILL/SIGABRT stop the process; page cache survives
a-nist-pdf-0002-SIGABRT-d644	A	nist-pdf-0002	batch	sigkill/sigabrt-at-delay	SIGABRT @ 644us	y	y	reopens_ok:581	-	reopens_ok:581	-	581	0	0	ok	Match	Match	PASS	manifest present: exact; observation matches; SIGKILL/SIGABRT stop the process; page cache survives
a-nist-pdf-0002-SIGABRT-d805	A	nist-pdf-0002	batch	sigkill/sigabrt-at-delay	SIGABRT @ 805us	y	y	reopens_ok:581	-	reopens_ok:581	-	581	0	0	ok	Match	Match	PASS	manifest present: exact; observation matches; SIGKILL/SIGABRT stop the process; page cache survives
a-nist-pdf-0002-SIGABRT-d805	A	nist-pdf-0002	batch	sigkill/sigabrt-at-delay	SIGABRT @ 805us	y	y	reopens_ok:581	-	reopens_ok:581	-	581	0	0	ok	Match	Match	PASS	manifest present: exact; observation matches; SIGKILL/SIGABRT stop the process; page cache survives
a-nist-pdf-0002-SIGABRT-d966	A	nist-pdf-0002	batch	sigkill/sigabrt-at-delay	SIGABRT @ 966us	y	y	reopens_ok:581	-	reopens_ok:581	-	581	0	0	ok	Match	Match	PASS	manifest present: exact; observation matches; SIGKILL/SIGABRT stop the process; page cache survives
a-nist-pdf-0002-SIGABRT-d966	A	nist-pdf-0002	batch	sigkill/sigabrt-at-delay	SIGABRT @ 966us	y	y	reopens_ok:581	-	reopens_ok:581	-	581	0	0	ok	Match	Match	PASS	manifest present: exact; observation matches; SIGKILL/SIGABRT stop the process; page cache survives
a-nist-pdf-0002-SIGABRT-d1127	A	nist-pdf-0002	batch	sigkill/sigabrt-at-delay	SIGABRT @ 1127us	y	y	reopens_ok:581	-	reopens_ok:581	-	581	0	0	ok	Match	Match	PASS	manifest present: exact; observation matches; SIGKILL/SIGABRT stop the process; page cache survives
a-nist-pdf-0002-SIGABRT-d1127	A	nist-pdf-0002	batch	sigkill/sigabrt-at-delay	SIGABRT @ 1127us	y	y	reopens_ok:581	-	reopens_ok:581	-	581	0	0	ok	Match	Match	PASS	manifest present: exact; observation matches; SIGKILL/SIGABRT stop the process; page cache survives
a-nist-pdf-0002-SIGABRT-d1288	A	nist-pdf-0002	batch	sigkill/sigabrt-at-delay	SIGABRT @ 1288us	y	y	reopens_ok:581	-	reopens_ok:581	-	581	0	0	ok	Match	Match	PASS	manifest present: exact; observation matches; SIGKILL/SIGABRT stop the process; page cache survives
a-nist-pdf-0002-SIGABRT-d1288	A	nist-pdf-0002	batch	sigkill/sigabrt-at-delay	SIGABRT @ 1288us	y	y	reopens_ok:581	-	reopens_ok:581	-	581	0	0	ok	Match	Match	PASS	manifest present: exact; observation matches; SIGKILL/SIGABRT stop the process; page cache survives
a-nist-pdf-0002-SIGABRT-d1449	A	nist-pdf-0002	batch	sigkill/sigabrt-at-delay	SIGABRT @ 1449us	y	y	reopens_ok:581	-	reopens_ok:581	-	581	0	0	ok	Match	Match	PASS	manifest present: exact; observation matches; SIGKILL/SIGABRT stop the process; page cache survives
a-nist-pdf-0002-SIGABRT-d1449	A	nist-pdf-0002	batch	sigkill/sigabrt-at-delay	SIGABRT @ 1449us	y	y	reopens_ok:581	-	reopens_ok:581	-	581	0	0	ok	Match	Match	PASS	manifest present: exact; observation matches; SIGKILL/SIGABRT stop the process; page cache survives
a-nist-pdf-0002-SIGABRT-d1610	A	nist-pdf-0002	batch	sigkill/sigabrt-at-delay	SIGABRT @ 1610us	y	y	reopens_ok:581	-	reopens_ok:581	-	581	0	0	ok	Match	Match	PASS	manifest present: exact; observation matches; SIGKILL/SIGABRT stop the process; page cache survives
a-nist-pdf-0002-SIGABRT-d1610	A	nist-pdf-0002	batch	sigkill/sigabrt-at-delay	SIGABRT @ 1610us	y	y	reopens_ok:581	-	reopens_ok:581	-	581	0	0	ok	Match	Match	PASS	manifest present: exact; observation matches; SIGKILL/SIGABRT stop the process; page cache survives
a-nist-pdf-0002-SIGABRT-d1771	A	nist-pdf-0002	batch	sigkill/sigabrt-at-delay	SIGABRT @ 1771us	y	y	reopens_ok:581	-	reopens_ok:581	-	581	0	0	ok	Match	Match	PASS	manifest present: exact; observation matches; SIGKILL/SIGABRT stop the process; page cache survives
a-nist-pdf-0002-SIGABRT-d1771	A	nist-pdf-0002	batch	sigkill/sigabrt-at-delay	SIGABRT @ 1771us	y	y	reopens_ok:581	-	reopens_ok:581	-	581	0	0	ok	Match	Match	PASS	manifest present: exact; observation matches; SIGKILL/SIGABRT stop the process; page cache survives
a-nist-pdf-0002-SIGABRT-d1932	A	nist-pdf-0002	batch	sigkill/sigabrt-at-delay	SIGABRT @ 1932us	y	y	reopens_ok:581	-	reopens_ok:581	-	581	0	0	ok	Match	Match	PASS	manifest present: exact; observation matches; SIGKILL/SIGABRT stop the process; page cache survives
a-nist-pdf-0002-SIGABRT-d1932	A	nist-pdf-0002	batch	sigkill/sigabrt-at-delay	SIGABRT @ 1932us	y	y	reopens_ok:581	-	reopens_ok:581	-	581	0	0	ok	Match	Match	PASS	manifest present: exact; observation matches; SIGKILL/SIGABRT stop the process; page cache survives
a-nist-pdf-0002-SIGABRT-d2093	A	nist-pdf-0002	batch	sigkill/sigabrt-at-delay	SIGABRT @ 2093us	y	y	reopens_ok:581	-	reopens_ok:581	-	581	0	0	ok	Match	Match	PASS	manifest present: exact; observation matches; SIGKILL/SIGABRT stop the process; page cache survives
a-nist-pdf-0002-SIGABRT-d2093	A	nist-pdf-0002	batch	sigkill/sigabrt-at-delay	SIGABRT @ 2093us	y	y	reopens_ok:581	-	reopens_ok:581	-	581	0	0	ok	Match	Match	PASS	manifest present: exact; observation matches; SIGKILL/SIGABRT stop the process; page cache survives
a-nist-pdf-0002-SIGABRT-d2254	A	nist-pdf-0002	batch	sigkill/sigabrt-at-delay	SIGABRT @ 2254us	y	y	reopens_ok:581	-	reopens_ok:581	-	581	0	0	ok	Match	Match	PASS	manifest present: exact; observation matches; SIGKILL/SIGABRT stop the process; page cache survives
a-nist-pdf-0002-SIGABRT-d2254	A	nist-pdf-0002	batch	sigkill/sigabrt-at-delay	SIGABRT @ 2254us	y	y	reopens_ok:581	-	reopens_ok:581	-	581	0	0	ok	Match	Match	PASS	manifest present: exact; observation matches; SIGKILL/SIGABRT stop the process; page cache survives
a-nist-pdf-0002-SIGABRT-d2415	A	nist-pdf-0002	batch	sigkill/sigabrt-at-delay	SIGABRT @ 2415us	y	y	reopens_ok:581	-	reopens_ok:581	-	581	0	0	ok	Match	Match	PASS	manifest present: exact; observation matches; SIGKILL/SIGABRT stop the process; page cache survives
a-nist-pdf-0002-SIGABRT-d2415	A	nist-pdf-0002	batch	sigkill/sigabrt-at-delay	SIGABRT @ 2415us	y	y	reopens_ok:581	-	reopens_ok:581	-	581	0	0	ok	Match	Match	PASS	manifest present: exact; observation matches; SIGKILL/SIGABRT stop the process; page cache survives
a-nist-pdf-0002-SIGABRT-d2576	A	nist-pdf-0002	batch	sigkill/sigabrt-at-delay	SIGABRT @ 2576us	y	y	reopens_ok:581	-	reopens_ok:581	-	581	0	0	ok	Match	Match	PASS	manifest present: exact; observation matches; SIGKILL/SIGABRT stop the process; page cache survives
a-nist-pdf-0002-SIGABRT-d2576	A	nist-pdf-0002	batch	sigkill/sigabrt-at-delay	SIGABRT @ 2576us	y	y	reopens_ok:581	-	reopens_ok:581	-	581	0	0	ok	Match	Match	PASS	manifest present: exact; observation matches; SIGKILL/SIGABRT stop the process; page cache survives
a-nist-pdf-0002-SIGABRT-d2737	A	nist-pdf-0002	batch	sigkill/sigabrt-at-delay	SIGABRT @ 2737us	y	y	reopens_ok:581	-	reopens_ok:581	-	581	0	0	ok	Match	Match	PASS	manifest present: exact; observation matches; SIGKILL/SIGABRT stop the process; page cache survives
a-nist-pdf-0002-SIGABRT-d2737	A	nist-pdf-0002	batch	sigkill/sigabrt-at-delay	SIGABRT @ 2737us	y	y	reopens_ok:581	-	reopens_ok:581	-	581	0	0	ok	Match	Match	PASS	manifest present: exact; observation matches; SIGKILL/SIGABRT stop the process; page cache survives
a-nist-pdf-0002-SIGABRT-d2898	A	nist-pdf-0002	batch	sigkill/sigabrt-at-delay	SIGABRT @ 2898us	y	y	reopens_ok:581	-	reopens_ok:581	-	581	0	0	ok	Match	Match	PASS	manifest present: exact; observation matches; SIGKILL/SIGABRT stop the process; page cache survives
a-nist-pdf-0002-SIGABRT-d2898	A	nist-pdf-0002	batch	sigkill/sigabrt-at-delay	SIGABRT @ 2898us	y	y	reopens_ok:581	-	reopens_ok:581	-	581	0	0	ok	Match	Match	PASS	manifest present: exact; observation matches; SIGKILL/SIGABRT stop the process; page cache survives
a-nist-pdf-0002-SIGABRT-d3059	A	nist-pdf-0002	batch	sigkill/sigabrt-at-delay	SIGABRT @ 3059us	y	y	reopens_ok:581	-	reopens_ok:581	-	581	0	0	ok	Match	Match	PASS	manifest present: exact; observation matches; SIGKILL/SIGABRT stop the process; page cache survives
a-nist-pdf-0002-SIGABRT-d3059	A	nist-pdf-0002	batch	sigkill/sigabrt-at-delay	SIGABRT @ 3059us	y	y	reopens_ok:581	-	reopens_ok:581	-	581	0	0	ok	Match	Match	PASS	manifest present: exact; observation matches; SIGKILL/SIGABRT stop the process; page cache survives
a-nist-pdf-0002-SIGABRT-d3220	A	nist-pdf-0002	batch	sigkill/sigabrt-at-delay	SIGABRT @ 3220us	y	y	reopens_ok:581	-	reopens_ok:581	-	581	0	0	ok	Match	Match	PASS	manifest present: exact; observation matches; SIGKILL/SIGABRT stop the process; page cache survives
a-nist-pdf-0002-SIGABRT-d3220	A	nist-pdf-0002	batch	sigkill/sigabrt-at-delay	SIGABRT @ 3220us	y	y	reopens_ok:581	-	reopens_ok:581	-	581	0	0	ok	Match	Match	PASS	manifest present: exact; observation matches; SIGKILL/SIGABRT stop the process; page cache survives
a-nist-pdf-0002-SIGABRT-d3381	A	nist-pdf-0002	batch	sigkill/sigabrt-at-delay	SIGABRT @ 3381us	y	y	reopens_ok:581	-	reopens_ok:581	-	581	0	0	ok	Match	Match	PASS	manifest present: exact; observation matches; SIGKILL/SIGABRT stop the process; page cache survives
a-nist-pdf-0002-SIGABRT-d3381	A	nist-pdf-0002	batch	sigkill/sigabrt-at-delay	SIGABRT @ 3381us	y	y	reopens_ok:581	-	reopens_ok:581	-	581	0	0	ok	Match	Match	PASS	manifest present: exact; observation matches; SIGKILL/SIGABRT stop the process; page cache survives
a-nist-pdf-0002-SIGABRT-d3542	A	nist-pdf-0002	batch	sigkill/sigabrt-at-delay	SIGABRT @ 3542us	y	y	reopens_ok:581	-	reopens_ok:581	-	581	0	0	ok	Match	Match	PASS	manifest present: exact; observation matches; SIGKILL/SIGABRT stop the process; page cache survives
a-nist-pdf-0002-SIGABRT-d3542	A	nist-pdf-0002	batch	sigkill/sigabrt-at-delay	SIGABRT @ 3542us	y	y	reopens_ok:581	-	reopens_ok:581	-	581	0	0	ok	Match	Match	PASS	manifest present: exact; observation matches; SIGKILL/SIGABRT stop the process; page cache survives
a-nist-pdf-0002-SIGABRT-d3703	A	nist-pdf-0002	batch	sigkill/sigabrt-at-delay	SIGABRT @ 3703us	y	y	reopens_ok:581	-	reopens_ok:581	-	581	0	0	ok	Match	Match	PASS	manifest present: exact; observation matches; SIGKILL/SIGABRT stop the process; page cache survives
a-nist-pdf-0002-SIGABRT-d3703	A	nist-pdf-0002	batch	sigkill/sigabrt-at-delay	SIGABRT @ 3703us	y	y	reopens_ok:581	-	reopens_ok:581	-	581	0	0	ok	Match	Match	PASS	manifest present: exact; observation matches; SIGKILL/SIGABRT stop the process; page cache survives
a-nist-pdf-0002-SIGABRT-d3864	A	nist-pdf-0002	batch	sigkill/sigabrt-at-delay	SIGABRT @ 3864us	y	y	reopens_ok:581	-	reopens_ok:581	-	581	0	0	ok	Match	Match	PASS	manifest present: exact; observation matches; SIGKILL/SIGABRT stop the process; page cache survives
a-nist-pdf-0002-SIGABRT-d3864	A	nist-pdf-0002	batch	sigkill/sigabrt-at-delay	SIGABRT @ 3864us	y	y	reopens_ok:581	-	reopens_ok:581	-	581	0	0	ok	Match	Match	PASS	manifest present: exact; observation matches; SIGKILL/SIGABRT stop the process; page cache survives
a-nist-pdf-0002-SIGABRT-d4025	A	nist-pdf-0002	batch	sigkill/sigabrt-at-delay	SIGABRT @ 4025us	y	y	reopens_ok:581	-	reopens_ok:581	-	581	0	0	ok	Match	Match	PASS	manifest present: exact; observation matches; SIGKILL/SIGABRT stop the process; page cache survives
a-nist-pdf-0002-SIGABRT-d4025	A	nist-pdf-0002	batch	sigkill/sigabrt-at-delay	SIGABRT @ 4025us	y	y	reopens_ok:581	-	reopens_ok:581	-	581	0	0	ok	Match	Match	PASS	manifest present: exact; observation matches; SIGKILL/SIGABRT stop the process; page cache survives
a-nist-pdf-0002-SIGABRT-d4186	A	nist-pdf-0002	batch	sigkill/sigabrt-at-delay	SIGABRT @ 4186us	y	y	reopens_ok:581	-	reopens_ok:581	-	581	0	0	ok	Match	Match	PASS	manifest present: exact; observation matches; SIGKILL/SIGABRT stop the process; page cache survives
a-nist-pdf-0002-SIGABRT-d4186	A	nist-pdf-0002	batch	sigkill/sigabrt-at-delay	SIGABRT @ 4186us	y	y	reopens_ok:581	-	reopens_ok:581	-	581	0	0	ok	Match	Match	PASS	manifest present: exact; observation matches; SIGKILL/SIGABRT stop the process; page cache survives
a-nist-pdf-0002-SIGABRT-d4347	A	nist-pdf-0002	batch	sigkill/sigabrt-at-delay	SIGABRT @ 4347us	y	y	reopens_ok:581	-	reopens_ok:581	-	581	0	0	ok	Match	Match	PASS	manifest present: exact; observation matches; SIGKILL/SIGABRT stop the process; page cache survives
a-nist-pdf-0002-SIGABRT-d4347	A	nist-pdf-0002	batch	sigkill/sigabrt-at-delay	SIGABRT @ 4347us	y	y	reopens_ok:581	-	reopens_ok:581	-	581	0	0	ok	Match	Match	PASS	manifest present: exact; observation matches; SIGKILL/SIGABRT stop the process; page cache survives
a-nist-pdf-0002-SIGABRT-d4508	A	nist-pdf-0002	batch	sigkill/sigabrt-at-delay	SIGABRT @ 4508us	y	y	reopens_ok:581	-	reopens_ok:581	-	581	0	0	ok	Match	Match	PASS	manifest present: exact; observation matches; SIGKILL/SIGABRT stop the process; page cache survives
a-nist-pdf-0002-SIGABRT-d4508	A	nist-pdf-0002	batch	sigkill/sigabrt-at-delay	SIGABRT @ 4508us	y	y	reopens_ok:581	-	reopens_ok:581	-	581	0	0	ok	Match	Match	PASS	manifest present: exact; observation matches; SIGKILL/SIGABRT stop the process; page cache survives
a-nist-pdf-0002-SIGABRT-d4669	A	nist-pdf-0002	batch	sigkill/sigabrt-at-delay	SIGABRT @ 4669us	y	y	reopens_ok:581	-	reopens_ok:581	-	581	0	0	ok	Match	Match	PASS	manifest present: exact; observation matches; SIGKILL/SIGABRT stop the process; page cache survives
a-nist-pdf-0002-SIGABRT-d4669	A	nist-pdf-0002	batch	sigkill/sigabrt-at-delay	SIGABRT @ 4669us	y	y	reopens_ok:581	-	reopens_ok:581	-	581	0	0	ok	Match	Match	PASS	manifest present: exact; observation matches; SIGKILL/SIGABRT stop the process; page cache survives
a-nist-pdf-0002-SIGABRT-d4830	A	nist-pdf-0002	batch	sigkill/sigabrt-at-delay	SIGABRT @ 4830us	y	y	reopens_ok:581	-	reopens_ok:581	-	581	0	0	ok	Match	Match	PASS	manifest present: exact; observation matches; SIGKILL/SIGABRT stop the process; page cache survives
a-nist-pdf-0002-SIGABRT-d4830	A	nist-pdf-0002	batch	sigkill/sigabrt-at-delay	SIGABRT @ 4830us	y	y	reopens_ok:581	-	reopens_ok:581	-	581	0	0	ok	Match	Match	PASS	manifest present: exact; observation matches; SIGKILL/SIGABRT stop the process; page cache survives
a-nist-pdf-0002-SIGABRT-d4991	A	nist-pdf-0002	batch	sigkill/sigabrt-at-delay	SIGABRT @ 4991us	y	y	reopens_ok:581	-	reopens_ok:581	-	581	0	0	ok	Match	Match	PASS	manifest present: exact; observation matches; SIGKILL/SIGABRT stop the process; page cache survives
a-nist-pdf-0002-SIGABRT-d4991	A	nist-pdf-0002	batch	sigkill/sigabrt-at-delay	SIGABRT @ 4991us	y	y	reopens_ok:581	-	reopens_ok:581	-	581	0	0	ok	Match	Match	PASS	manifest present: exact; observation matches; SIGKILL/SIGABRT stop the process; page cache survives
a-nist-pdf-0002-SIGABRT-d5152	A	nist-pdf-0002	batch	sigkill/sigabrt-at-delay	SIGABRT @ 5152us	y	y	reopens_ok:581	-	reopens_ok:581	-	581	0	0	ok	Match	Match	PASS	manifest present: exact; observation matches; SIGKILL/SIGABRT stop the process; page cache survives
a-nist-pdf-0002-SIGABRT-d5152	A	nist-pdf-0002	batch	sigkill/sigabrt-at-delay	SIGABRT @ 5152us	y	y	reopens_ok:581	-	reopens_ok:581	-	581	0	0	ok	Match	Match	PASS	manifest present: exact; observation matches; SIGKILL/SIGABRT stop the process; page cache survives
a-nist-pdf-0002-SIGABRT-d5313	A	nist-pdf-0002	batch	sigkill/sigabrt-at-delay	SIGABRT @ 5313us	y	y	reopens_ok:581	-	reopens_ok:581	-	581	0	0	ok	Match	Match	PASS	manifest present: exact; observation matches; SIGKILL/SIGABRT stop the process; page cache survives
a-nist-pdf-0002-SIGABRT-d5313	A	nist-pdf-0002	batch	sigkill/sigabrt-at-delay	SIGABRT @ 5313us	y	y	reopens_ok:581	-	reopens_ok:581	-	581	0	0	ok	Match	Match	PASS	manifest present: exact; observation matches; SIGKILL/SIGABRT stop the process; page cache survives
a-nist-pdf-0002-SIGABRT-d5474	A	nist-pdf-0002	batch	sigkill/sigabrt-at-delay	SIGABRT @ 5474us	y	y	reopens_ok:581	-	reopens_ok:581	-	581	0	0	ok	Match	Match	PASS	manifest present: exact; observation matches; SIGKILL/SIGABRT stop the process; page cache survives
a-nist-pdf-0002-SIGABRT-d5474	A	nist-pdf-0002	batch	sigkill/sigabrt-at-delay	SIGABRT @ 5474us	y	y	reopens_ok:581	-	reopens_ok:581	-	581	0	0	ok	Match	Match	PASS	manifest present: exact; observation matches; SIGKILL/SIGABRT stop the process; page cache survives
a-nist-pdf-0002-SIGABRT-d5635	A	nist-pdf-0002	batch	sigkill/sigabrt-at-delay	SIGABRT @ 5635us	y	y	reopens_ok:581	-	reopens_ok:581	-	581	0	0	ok	Match	Match	PASS	manifest present: exact; observation matches; SIGKILL/SIGABRT stop the process; page cache survives
a-nist-pdf-0002-SIGABRT-d5635	A	nist-pdf-0002	batch	sigkill/sigabrt-at-delay	SIGABRT @ 5635us	y	y	reopens_ok:581	-	reopens_ok:581	-	581	0	0	ok	Match	Match	PASS	manifest present: exact; observation matches; SIGKILL/SIGABRT stop the process; page cache survives
a-nist-pdf-0002-SIGABRT-d5796	A	nist-pdf-0002	batch	sigkill/sigabrt-at-delay	SIGABRT @ 5796us	y	y	reopens_ok:581	-	reopens_ok:581	-	581	0	0	ok	Match	Match	PASS	manifest present: exact; observation matches; SIGKILL/SIGABRT stop the process; page cache survives
a-nist-pdf-0002-SIGABRT-d5796	A	nist-pdf-0002	batch	sigkill/sigabrt-at-delay	SIGABRT @ 5796us	y	y	reopens_ok:581	-	reopens_ok:581	-	581	0	0	ok	Match	Match	PASS	manifest present: exact; observation matches; SIGKILL/SIGABRT stop the process; page cache survives
a-nist-pdf-0002-SIGABRT-d5957	A	nist-pdf-0002	batch	sigkill/sigabrt-at-delay	SIGABRT @ 5957us	y	y	reopens_ok:581	-	reopens_ok:581	-	581	0	0	ok	Match	Match	PASS	manifest present: exact; observation matches; SIGKILL/SIGABRT stop the process; page cache survives
a-nist-pdf-0002-SIGABRT-d5957	A	nist-pdf-0002	batch	sigkill/sigabrt-at-delay	SIGABRT @ 5957us	y	y	reopens_ok:581	-	reopens_ok:581	-	581	0	0	ok	Match	Match	PASS	manifest present: exact; observation matches; SIGKILL/SIGABRT stop the process; page cache survives
a-nist-pdf-0002-SIGABRT-d6118	A	nist-pdf-0002	batch	sigkill/sigabrt-at-delay	SIGABRT @ 6118us	y	y	reopens_ok:581	-	reopens_ok:581	-	581	0	0	ok	Match	Match	PASS	manifest present: exact; observation matches; SIGKILL/SIGABRT stop the process; page cache survives
a-nist-pdf-0002-SIGABRT-d6118	A	nist-pdf-0002	batch	sigkill/sigabrt-at-delay	SIGABRT @ 6118us	y	y	reopens_ok:581	-	reopens_ok:581	-	581	0	0	ok	Match	Match	PASS	manifest present: exact; observation matches; SIGKILL/SIGABRT stop the process; page cache survives
a-nist-pdf-0002-SIGABRT-d6279	A	nist-pdf-0002	batch	sigkill/sigabrt-at-delay	SIGABRT @ 6279us	y	y	reopens_ok:581	-	reopens_ok:581	-	581	0	0	ok	Match	Match	PASS	manifest present: exact; observation matches; SIGKILL/SIGABRT stop the process; page cache survives
a-nist-pdf-0002-SIGABRT-d6279	A	nist-pdf-0002	batch	sigkill/sigabrt-at-delay	SIGABRT @ 6279us	y	y	reopens_ok:581	-	reopens_ok:581	-	581	0	0	ok	Match	Match	PASS	manifest present: exact; observation matches; SIGKILL/SIGABRT stop the process; page cache survives
a-nist-pdf-0002-SIGABRT-d6440	A	nist-pdf-0002	batch	sigkill/sigabrt-at-delay	SIGABRT @ 6440us	y	y	reopens_ok:581	-	reopens_ok:581	-	581	0	0	ok	Match	Match	PASS	manifest present: exact; observation matches; SIGKILL/SIGABRT stop the process; page cache survives
a-nist-pdf-0002-SIGABRT-d6440	A	nist-pdf-0002	batch	sigkill/sigabrt-at-delay	SIGABRT @ 6440us	y	y	reopens_ok:581	-	reopens_ok:581	-	581	0	0	ok	Match	Match	PASS	manifest present: exact; observation matches; SIGKILL/SIGABRT stop the process; page cache survives
a-nist-pdf-0002-SIGABRT-d6601	A	nist-pdf-0002	batch	sigkill/sigabrt-at-delay	SIGABRT @ 6601us	y	y	reopens_ok:581	-	reopens_ok:581	-	581	0	0	ok	Match	Match	PASS	manifest present: exact; observation matches; SIGKILL/SIGABRT stop the process; page cache survives
a-nist-pdf-0002-SIGABRT-d6601	A	nist-pdf-0002	batch	sigkill/sigabrt-at-delay	SIGABRT @ 6601us	y	y	reopens_ok:581	-	reopens_ok:581	-	581	0	0	ok	Match	Match	PASS	manifest present: exact; observation matches; SIGKILL/SIGABRT stop the process; page cache survives
a-nist-pdf-0002-SIGABRT-d6762	A	nist-pdf-0002	batch	sigkill/sigabrt-at-delay	SIGABRT @ 6762us	y	y	reopens_ok:581	-	reopens_ok:581	-	581	0	0	ok	Match	Match	PASS	manifest present: exact; observation matches; SIGKILL/SIGABRT stop the process; page cache survives
a-nist-pdf-0002-SIGABRT-d6762	A	nist-pdf-0002	batch	sigkill/sigabrt-at-delay	SIGABRT @ 6762us	y	y	reopens_ok:581	-	reopens_ok:581	-	581	0	0	ok	Match	Match	PASS	manifest present: exact; observation matches; SIGKILL/SIGABRT stop the process; page cache survives
a-nist-pdf-0002-SIGABRT-d6923	A	nist-pdf-0002	batch	sigkill/sigabrt-at-delay	SIGABRT @ 6923us	y	y	reopens_ok:581	-	reopens_ok:581	-	581	0	0	ok	Match	Match	PASS	manifest present: exact; observation matches; SIGKILL/SIGABRT stop the process; page cache survives
a-nist-pdf-0002-SIGABRT-d6923	A	nist-pdf-0002	batch	sigkill/sigabrt-at-delay	SIGABRT @ 6923us	y	y	reopens_ok:581	-	reopens_ok:581	-	581	0	0	ok	Match	Match	PASS	manifest present: exact; observation matches; SIGKILL/SIGABRT stop the process; page cache survives
a-nist-pdf-0002-SIGABRT-d7084	A	nist-pdf-0002	batch	sigkill/sigabrt-at-delay	SIGABRT @ 7084us	y	y	reopens_ok:581	-	reopens_ok:581	-	581	0	0	ok	Match	Match	PASS	manifest present: exact; observation matches; SIGKILL/SIGABRT stop the process; page cache survives
a-nist-pdf-0002-SIGABRT-d7084	A	nist-pdf-0002	batch	sigkill/sigabrt-at-delay	SIGABRT @ 7084us	y	y	reopens_ok:581	-	reopens_ok:581	-	581	0	0	ok	Match	Match	PASS	manifest present: exact; observation matches; SIGKILL/SIGABRT stop the process; page cache survives
a-nist-pdf-0002-SIGABRT-d7245	A	nist-pdf-0002	batch	sigkill/sigabrt-at-delay	SIGABRT @ 7245us	y	y	reopens_ok:581	-	reopens_ok:581	-	581	0	0	ok	Match	Match	PASS	manifest present: exact; observation matches; SIGKILL/SIGABRT stop the process; page cache survives
a-nist-pdf-0002-SIGABRT-d7245	A	nist-pdf-0002	batch	sigkill/sigabrt-at-delay	SIGABRT @ 7245us	y	y	reopens_ok:581	-	reopens_ok:581	-	581	0	0	ok	Match	Match	PASS	manifest present: exact; observation matches; SIGKILL/SIGABRT stop the process; page cache survives
a-nist-pdf-0002-SIGABRT-d7406	A	nist-pdf-0002	batch	sigkill/sigabrt-at-delay	SIGABRT @ 7406us	y	y	reopens_ok:581	-	reopens_ok:581	-	581	0	0	ok	Match	Match	PASS	manifest present: exact; observation matches; SIGKILL/SIGABRT stop the process; page cache survives
a-nist-pdf-0002-SIGABRT-d7406	A	nist-pdf-0002	batch	sigkill/sigabrt-at-delay	SIGABRT @ 7406us	y	y	reopens_ok:581	-	reopens_ok:581	-	581	0	0	ok	Match	Match	PASS	manifest present: exact; observation matches; SIGKILL/SIGABRT stop the process; page cache survives
a-nist-pdf-0002-SIGABRT-d7567	A	nist-pdf-0002	batch	sigkill/sigabrt-at-delay	SIGABRT @ 7567us	y	y	reopens_ok:581	-	reopens_ok:581	-	581	0	0	ok	Match	Match	PASS	manifest present: exact; observation matches; SIGKILL/SIGABRT stop the process; page cache survives
a-nist-pdf-0002-SIGABRT-d7567	A	nist-pdf-0002	batch	sigkill/sigabrt-at-delay	SIGABRT @ 7567us	y	y	reopens_ok:581	-	reopens_ok:581	-	581	0	0	ok	Match	Match	PASS	manifest present: exact; observation matches; SIGKILL/SIGABRT stop the process; page cache survives
a-nist-pdf-0002-SIGABRT-d7728	A	nist-pdf-0002	batch	sigkill/sigabrt-at-delay	SIGABRT @ 7728us	y	y	reopens_ok:581	-	reopens_ok:581	-	581	0	0	ok	Match	Match	PASS	manifest present: exact; observation matches; SIGKILL/SIGABRT stop the process; page cache survives
a-nist-pdf-0002-SIGABRT-d7728	A	nist-pdf-0002	batch	sigkill/sigabrt-at-delay	SIGABRT @ 7728us	y	y	reopens_ok:581	-	reopens_ok:581	-	581	0	0	ok	Match	Match	PASS	manifest present: exact; observation matches; SIGKILL/SIGABRT stop the process; page cache survives
a-nist-pdf-0002-SIGABRT-d7889	A	nist-pdf-0002	batch	sigkill/sigabrt-at-delay	SIGABRT @ 7889us	y	y	reopens_ok:581	-	reopens_ok:581	-	581	0	0	ok	Match	Match	PASS	manifest present: exact; observation matches; SIGKILL/SIGABRT stop the process; page cache survives
a-nist-pdf-0002-SIGABRT-d7889	A	nist-pdf-0002	batch	sigkill/sigabrt-at-delay	SIGABRT @ 7889us	y	y	reopens_ok:581	-	reopens_ok:581	-	581	0	0	ok	Match	Match	PASS	manifest present: exact; observation matches; SIGKILL/SIGABRT stop the process; page cache survives
a-nist-pdf-0002-SIGABRT-d8050	A	nist-pdf-0002	batch	sigkill/sigabrt-at-delay	SIGABRT @ 8050us	y	y	reopens_ok:581	-	reopens_ok:581	-	581	0	0	ok	Match	Match	PASS	manifest present: exact; observation matches; SIGKILL/SIGABRT stop the process; page cache survives
a-nist-pdf-0002-SIGABRT-d8050	A	nist-pdf-0002	batch	sigkill/sigabrt-at-delay	SIGABRT @ 8050us	y	y	reopens_ok:581	-	reopens_ok:581	-	581	0	0	ok	Match	Match	PASS	manifest present: exact; observation matches; SIGKILL/SIGABRT stop the process; page cache survives
a-nist-pdf-0002-SIGABRT-d8211	A	nist-pdf-0002	batch	sigkill/sigabrt-at-delay	SIGABRT @ 8211us	y	y	reopens_ok:581	-	reopens_ok:581	-	581	0	0	ok	Match	Match	PASS	manifest present: exact; observation matches; SIGKILL/SIGABRT stop the process; page cache survives
a-nist-pdf-0002-SIGABRT-d8211	A	nist-pdf-0002	batch	sigkill/sigabrt-at-delay	SIGABRT @ 8211us	y	y	reopens_ok:581	-	reopens_ok:581	-	581	0	0	ok	Match	Match	PASS	manifest present: exact; observation matches; SIGKILL/SIGABRT stop the process; page cache survives
a-nist-pdf-0002-SIGABRT-d8372	A	nist-pdf-0002	batch	sigkill/sigabrt-at-delay	SIGABRT @ 8372us	y	y	reopens_ok:581	-	reopens_ok:581	-	581	0	0	ok	Match	Match	PASS	manifest present: exact; observation matches; SIGKILL/SIGABRT stop the process; page cache survives
a-nist-pdf-0002-SIGABRT-d8372	A	nist-pdf-0002	batch	sigkill/sigabrt-at-delay	SIGABRT @ 8372us	y	y	reopens_ok:581	-	reopens_ok:581	-	581	0	0	ok	Match	Match	PASS	manifest present: exact; observation matches; SIGKILL/SIGABRT stop the process; page cache survives
a-nist-pdf-0002-SIGABRT-d8533	A	nist-pdf-0002	batch	sigkill/sigabrt-at-delay	SIGABRT @ 8533us	y	y	reopens_ok:581	-	reopens_ok:581	-	581	0	0	ok	Match	Match	PASS	manifest present: exact; observation matches; SIGKILL/SIGABRT stop the process; page cache survives
a-nist-pdf-0002-SIGABRT-d8533	A	nist-pdf-0002	batch	sigkill/sigabrt-at-delay	SIGABRT @ 8533us	y	y	reopens_ok:581	-	reopens_ok:581	-	581	0	0	ok	Match	Match	PASS	manifest present: exact; observation matches; SIGKILL/SIGABRT stop the process; page cache survives
a-nist-pdf-0002-SIGABRT-d8694	A	nist-pdf-0002	batch	sigkill/sigabrt-at-delay	SIGABRT @ 8694us	y	y	reopens_ok:581	-	reopens_ok:581	-	581	0	0	ok	Match	Match	PASS	manifest present: exact; observation matches; SIGKILL/SIGABRT stop the process; page cache survives
a-nist-pdf-0002-SIGABRT-d8694	A	nist-pdf-0002	batch	sigkill/sigabrt-at-delay	SIGABRT @ 8694us	y	y	reopens_ok:581	-	reopens_ok:581	-	581	0	0	ok	Match	Match	PASS	manifest present: exact; observation matches; SIGKILL/SIGABRT stop the process; page cache survives
a-nist-pdf-0002-SIGABRT-d8855	A	nist-pdf-0002	batch	sigkill/sigabrt-at-delay	SIGABRT @ 8855us	y	y	reopens_ok:581	-	reopens_ok:581	-	581	0	0	ok	Match	Match	PASS	manifest present: exact; observation matches; SIGKILL/SIGABRT stop the process; page cache survives
a-nist-pdf-0002-SIGABRT-d8855	A	nist-pdf-0002	batch	sigkill/sigabrt-at-delay	SIGABRT @ 8855us	y	y	reopens_ok:581	-	reopens_ok:581	-	581	0	0	ok	Match	Match	PASS	manifest present: exact; observation matches; SIGKILL/SIGABRT stop the process; page cache survives
a-nist-pdf-0002-SIGABRT-d9016	A	nist-pdf-0002	batch	sigkill/sigabrt-at-delay	SIGABRT @ 9016us	y	y	reopens_ok:581	-	reopens_ok:581	-	581	0	0	ok	Match	Match	PASS	manifest present: exact; observation matches; SIGKILL/SIGABRT stop the process; page cache survives
a-nist-pdf-0002-SIGABRT-d9016	A	nist-pdf-0002	batch	sigkill/sigabrt-at-delay	SIGABRT @ 9016us	y	y	reopens_ok:581	-	reopens_ok:581	-	581	0	0	ok	Match	Match	PASS	manifest present: exact; observation matches; SIGKILL/SIGABRT stop the process; page cache survives
a-nist-pdf-0002-SIGABRT-d9177	A	nist-pdf-0002	batch	sigkill/sigabrt-at-delay	SIGABRT @ 9177us	y	y	reopens_ok:581	-	reopens_ok:581	-	581	0	0	ok	Match	Match	PASS	manifest present: exact; observation matches; SIGKILL/SIGABRT stop the process; page cache survives
a-nist-pdf-0002-SIGABRT-d9177	A	nist-pdf-0002	batch	sigkill/sigabrt-at-delay	SIGABRT @ 9177us	y	y	reopens_ok:581	-	reopens_ok:581	-	581	0	0	ok	Match	Match	PASS	manifest present: exact; observation matches; SIGKILL/SIGABRT stop the process; page cache survives
a-nist-pdf-0002-SIGABRT-after-manifest	A	nist-pdf-0002	batch	sigkill/sigabrt-at-boundary	SIGABRT @ after-manifest	y	y	reopens_ok:581	-	reopens_ok:581	-	581	0	0	ok	Match	Match	PASS	manifest present: exact; observation matches; polled to the manifest/index publication window
a-nist-pdf-0002-SIGABRT-after-manifest	A	nist-pdf-0002	batch	sigkill/sigabrt-at-boundary	SIGABRT @ after-manifest	y	y	reopens_ok:581	-	reopens_ok:581	-	581	0	0	ok	Match	Match	PASS	manifest present: exact; observation matches; polled to the manifest/index publication window
a-nist-pdf-0002-SIGABRT-after-manifest	A	nist-pdf-0002	batch	sigkill/sigabrt-at-boundary	SIGABRT @ after-manifest	y	y	reopens_ok:581	-	reopens_ok:581	-	581	0	0	ok	Match	Match	PASS	manifest present: exact; observation matches; polled to the manifest/index publication window
a-nist-pdf-0002-SIGABRT-after-manifest	A	nist-pdf-0002	batch	sigkill/sigabrt-at-boundary	SIGABRT @ after-manifest	y	y	reopens_ok:581	-	reopens_ok:581	-	581	0	0	ok	Match	Match	PASS	manifest present: exact; observation matches; polled to the manifest/index publication window
a-nist-pdf-0002-SIGABRT-after-manifest	A	nist-pdf-0002	batch	sigkill/sigabrt-at-boundary	SIGABRT @ after-manifest	y	y	reopens_ok:581	-	reopens_ok:581	-	581	0	0	ok	Match	Match	PASS	manifest present: exact; observation matches; polled to the manifest/index publication window
a-nist-pdf-0002-SIGABRT-after-manifest	A	nist-pdf-0002	batch	sigkill/sigabrt-at-boundary	SIGABRT @ after-manifest	y	y	reopens_ok:581	-	reopens_ok:581	-	581	0	0	ok	Match	Match	PASS	manifest present: exact; observation matches; polled to the manifest/index publication window
a-nist-pdf-0002-SIGABRT-after-idx	A	nist-pdf-0002	batch	sigkill/sigabrt-at-boundary	SIGABRT @ after-idx	y	y	reopens_ok:581	-	reopens_ok:581	-	581	0	0	ok	Match	Match	PASS	manifest present: exact; observation matches; polled to the manifest/index publication window
a-nist-pdf-0002-SIGABRT-after-idx	A	nist-pdf-0002	batch	sigkill/sigabrt-at-boundary	SIGABRT @ after-idx	y	y	reopens_ok:581	-	reopens_ok:581	-	581	0	0	ok	Match	Match	PASS	manifest present: exact; observation matches; polled to the manifest/index publication window
a-nist-pdf-0002-SIGABRT-after-idx	A	nist-pdf-0002	batch	sigkill/sigabrt-at-boundary	SIGABRT @ after-idx	y	y	reopens_ok:581	-	reopens_ok:581	-	581	0	0	ok	Match	Match	PASS	manifest present: exact; observation matches; polled to the manifest/index publication window
a-nist-pdf-0002-SIGABRT-after-idx	A	nist-pdf-0002	batch	sigkill/sigabrt-at-boundary	SIGABRT @ after-idx	y	y	reopens_ok:581	-	reopens_ok:581	-	581	0	0	ok	Match	Match	PASS	manifest present: exact; observation matches; polled to the manifest/index publication window
a-nist-pdf-0002-SIGABRT-after-idx	A	nist-pdf-0002	batch	sigkill/sigabrt-at-boundary	SIGABRT @ after-idx	y	y	reopens_ok:581	-	reopens_ok:581	-	581	0	0	ok	Match	Match	PASS	manifest present: exact; observation matches; polled to the manifest/index publication window
a-nist-pdf-0002-SIGABRT-after-idx	A	nist-pdf-0002	batch	sigkill/sigabrt-at-boundary	SIGABRT @ after-idx	y	y	reopens_ok:581	-	reopens_ok:581	-	581	0	0	ok	Match	Match	PASS	manifest present: exact; observation matches; polled to the manifest/index publication window
b-nist-pdf-0002-truncate_pack-0	B	nist-pdf-0002	batch	truncate_pack	truncate .pack to 0	y	y	reopens_ok:584	-	reopens_ok:584	-	584	0	581	ok	Match	FailClosed("field c314b31364b726bc320acc2e5767ef49812755c0d07df7d171744320d8911144: error: Io: reading packed segment at 43874: failed to fill whole buffer")	PASS	manifest present: exact after recovery; tamper: must fail closed if not exactly serviceable
b-nist-pdf-0002-truncate_pack-1	B	nist-pdf-0002	batch	truncate_pack	truncate .pack to 1	y	y	reopens_ok:584	-	reopens_ok:584	-	584	0	581	ok	Match	FailClosed("field c314b31364b726bc320acc2e5767ef49812755c0d07df7d171744320d8911144: error: Io: reading packed segment at 43874: failed to fill whole buffer")	PASS	manifest present: exact after recovery; tamper: must fail closed if not exactly serviceable
b-nist-pdf-0002-truncate_pack-2	B	nist-pdf-0002	batch	truncate_pack	truncate .pack to 10	y	y	reopens_ok:584	-	reopens_ok:584	-	584	0	581	ok	Match	FailClosed("field c314b31364b726bc320acc2e5767ef49812755c0d07df7d171744320d8911144: error: Io: reading packed segment at 43874: failed to fill whole buffer")	PASS	manifest present: exact after recovery; tamper: must fail closed if not exactly serviceable
b-nist-pdf-0002-truncate_pack-3	B	nist-pdf-0002	batch	truncate_pack	truncate .pack to 23	y	y	reopens_ok:584	-	reopens_ok:584	-	584	0	581	ok	Match	FailClosed("field c314b31364b726bc320acc2e5767ef49812755c0d07df7d171744320d8911144: error: Io: reading packed segment at 43874: failed to fill whole buffer")	PASS	manifest present: exact after recovery; tamper: must fail closed if not exactly serviceable
b-nist-pdf-0002-truncate_pack-4	B	nist-pdf-0002	batch	truncate_pack	truncate .pack to 24	y	y	reopens_ok:584	-	reopens_ok:584	-	584	0	581	ok	Match	FailClosed("field c314b31364b726bc320acc2e5767ef49812755c0d07df7d171744320d8911144: error: Io: reading packed segment at 43874: failed to fill whole buffer")	PASS	manifest present: exact after recovery; tamper: must fail closed if not exactly serviceable
b-nist-pdf-0002-truncate_pack-5	B	nist-pdf-0002	batch	truncate_pack	truncate .pack to 25	y	y	reopens_ok:584	-	reopens_ok:584	-	584	0	581	ok	Match	FailClosed("field c314b31364b726bc320acc2e5767ef49812755c0d07df7d171744320d8911144: error: Io: reading packed segment at 43874: failed to fill whole buffer")	PASS	manifest present: exact after recovery; tamper: must fail closed if not exactly serviceable
b-nist-pdf-0002-truncate_pack-6	B	nist-pdf-0002	batch	truncate_pack	truncate .pack to 26	y	y	reopens_ok:584	-	reopens_ok:584	-	584	0	581	ok	Match	FailClosed("field c314b31364b726bc320acc2e5767ef49812755c0d07df7d171744320d8911144: error: Io: reading packed segment at 43874: failed to fill whole buffer")	PASS	manifest present: exact after recovery; tamper: must fail closed if not exactly serviceable
b-nist-pdf-0002-truncate_pack-7	B	nist-pdf-0002	batch	truncate_pack	truncate .pack to 27	y	y	reopens_ok:584	-	reopens_ok:584	-	584	0	581	ok	Match	FailClosed("field c314b31364b726bc320acc2e5767ef49812755c0d07df7d171744320d8911144: error: Io: reading packed segment at 43874: failed to fill whole buffer")	PASS	manifest present: exact after recovery; tamper: must fail closed if not exactly serviceable
b-nist-pdf-0002-truncate_pack-8	B	nist-pdf-0002	batch	truncate_pack	truncate .pack to 28	y	y	reopens_ok:584	-	reopens_ok:584	-	584	0	581	ok	Match	FailClosed("field c314b31364b726bc320acc2e5767ef49812755c0d07df7d171744320d8911144: error: Io: reading packed segment at 43874: failed to fill whole buffer")	PASS	manifest present: exact after recovery; tamper: must fail closed if not exactly serviceable
b-nist-pdf-0002-truncate_pack-9	B	nist-pdf-0002	batch	truncate_pack	truncate .pack to 29	y	y	reopens_ok:584	-	reopens_ok:584	-	584	0	581	ok	Match	FailClosed("field c314b31364b726bc320acc2e5767ef49812755c0d07df7d171744320d8911144: error: Io: reading packed segment at 43874: failed to fill whole buffer")	PASS	manifest present: exact after recovery; tamper: must fail closed if not exactly serviceable
b-nist-pdf-0002-truncate_pack-10	B	nist-pdf-0002	batch	truncate_pack	truncate .pack to 58	y	y	reopens_ok:584	-	reopens_ok:584	-	584	0	581	ok	Match	FailClosed("field c314b31364b726bc320acc2e5767ef49812755c0d07df7d171744320d8911144: error: Io: reading packed segment at 43874: failed to fill whole buffer")	PASS	manifest present: exact after recovery; tamper: must fail closed if not exactly serviceable
b-nist-pdf-0002-truncate_pack-11	B	nist-pdf-0002	batch	truncate_pack	truncate .pack to 87	y	y	reopens_ok:584	-	reopens_ok:584	-	584	0	581	ok	Match	FailClosed("field c314b31364b726bc320acc2e5767ef49812755c0d07df7d171744320d8911144: error: Io: reading packed segment at 43874: failed to fill whole buffer")	PASS	manifest present: exact after recovery; tamper: must fail closed if not exactly serviceable
b-nist-pdf-0002-truncate_pack-12	B	nist-pdf-0002	batch	truncate_pack	truncate .pack to 88	y	y	reopens_ok:584	-	reopens_ok:584	-	584	0	580	ok	Match	FailClosed("field c314b31364b726bc320acc2e5767ef49812755c0d07df7d171744320d8911144: error: Io: reading packed segment at 43874: failed to fill whole buffer")	PASS	manifest present: exact after recovery; tamper: must fail closed if not exactly serviceable
b-nist-pdf-0002-truncate_pack-13	B	nist-pdf-0002	batch	truncate_pack	truncate .pack to 89	y	y	reopens_ok:584	-	reopens_ok:584	-	584	0	580	ok	Match	FailClosed("field c314b31364b726bc320acc2e5767ef49812755c0d07df7d171744320d8911144: error: Io: reading packed segment at 43874: failed to fill whole buffer")	PASS	manifest present: exact after recovery; tamper: must fail closed if not exactly serviceable
b-nist-pdf-0002-truncate_pack-14	B	nist-pdf-0002	batch	truncate_pack	truncate .pack to 24479	y	y	reopens_ok:584	-	reopens_ok:584	-	584	0	232	ok	Match	FailClosed("field c314b31364b726bc320acc2e5767ef49812755c0d07df7d171744320d8911144: error: Io: reading packed segment at 43874: failed to fill whole buffer")	PASS	manifest present: exact after recovery; tamper: must fail closed if not exactly serviceable
b-nist-pdf-0002-truncate_pack-15	B	nist-pdf-0002	batch	truncate_pack	truncate .pack to 48957	y	y	reopens_ok:584	-	reopens_ok:584	-	584	0	1	ok	Match	Match	PASS	manifest present: exact after recovery; tamper: must fail closed if not exactly serviceable
b-nist-pdf-0002-drop_idx_truncate_pack-16	B	nist-pdf-0002	batch	drop_idx_truncate_pack	delete .idx then truncate .pack to 0	y	y	fail_closed:0	IntegrityMismatch:IntegrityMismatch: packed segment /tmp/phase20-scratch/b-nist-pdf-0002-batch/inj-16/fieldpack/seg-00000000.pack has a truncated header	fail_closed:0	IntegrityMismatch:IntegrityMismatch: packed segment /tmp/phase20-scratch/b-nist-pdf-0002-batch/inj-16/fieldpack/seg-00000000.pack has a truncated header	0	0	0	n/a	FailClosed("IntegrityMismatch:IntegrityMismatch: packed segment /tmp/phase20-scratch/b-nist-pdf-0002-batch/inj-16/fieldpack/seg-00000000.pack has a truncated header")	Differ("field 836a464ed1bb619b4c28458ae6fce9f38ff21c1569226997f4b8b1cc8d473ee3: expected decline UnsupportedFeature, got IntegrityMismatch")	PASS	fails closed: typed error, no bytes served; tamper: must fail closed if not exactly serviceable
b-nist-pdf-0002-drop_idx_truncate_pack-17	B	nist-pdf-0002	batch	drop_idx_truncate_pack	delete .idx then truncate .pack to 24	y	y	reopens_ok:3	-	reopens_ok:3	-	3	0	0	ok	Match	FailClosed("field c314b31364b726bc320acc2e5767ef49812755c0d07df7d171744320d8911144: error: MissingExternalObject: seed node 0cfb22625ba57c8bb1ffebb2ce91882bf1c4b562a395e88a52a324899316950d is not present")	PASS	manifest present: exact after recovery; tamper: must fail closed if not exactly serviceable
b-nist-pdf-0002-drop_idx_truncate_pack-18	B	nist-pdf-0002	batch	drop_idx_truncate_pack	delete .idx then truncate .pack to 40	y	y	reopens_ok:3	-	reopens_ok:3	-	3	0	0	ok	Match	FailClosed("field c314b31364b726bc320acc2e5767ef49812755c0d07df7d171744320d8911144: error: MissingExternalObject: seed node 0cfb22625ba57c8bb1ffebb2ce91882bf1c4b562a395e88a52a324899316950d is not present")	PASS	manifest present: exact after recovery; tamper: must fail closed if not exactly serviceable
b-nist-pdf-0002-drop_idx_truncate_pack-19	B	nist-pdf-0002	batch	drop_idx_truncate_pack	delete .idx then truncate .pack to 58	y	y	reopens_ok:3	-	reopens_ok:3	-	3	0	0	ok	Match	FailClosed("field c314b31364b726bc320acc2e5767ef49812755c0d07df7d171744320d8911144: error: MissingExternalObject: seed node 0cfb22625ba57c8bb1ffebb2ce91882bf1c4b562a395e88a52a324899316950d is not present")	PASS	manifest present: exact after recovery; tamper: must fail closed if not exactly serviceable
b-nist-pdf-0002-drop_idx_truncate_pack-20	B	nist-pdf-0002	batch	drop_idx_truncate_pack	delete .idx then truncate .pack to 88	y	y	reopens_ok:4	-	reopens_ok:4	-	4	0	0	ok	Match	FailClosed("field c314b31364b726bc320acc2e5767ef49812755c0d07df7d171744320d8911144: error: MissingExternalObject: seed node 0cfb22625ba57c8bb1ffebb2ce91882bf1c4b562a395e88a52a324899316950d is not present")	PASS	manifest present: exact after recovery; tamper: must fail closed if not exactly serviceable
b-nist-pdf-0002-drop_idx_truncate_pack-21	B	nist-pdf-0002	batch	drop_idx_truncate_pack	delete .idx then truncate .pack to 24479	y	y	reopens_ok:352	-	reopens_ok:352	-	352	0	0	ok	Match	FailClosed("field c314b31364b726bc320acc2e5767ef49812755c0d07df7d171744320d8911144: error: MissingExternalObject: seed node 0cfb22625ba57c8bb1ffebb2ce91882bf1c4b562a395e88a52a324899316950d is not present")	PASS	manifest present: exact after recovery; tamper: must fail closed if not exactly serviceable
b-nist-pdf-0002-drop_idx_truncate_pack-22	B	nist-pdf-0002	batch	drop_idx_truncate_pack	delete .idx then truncate .pack to 48957	y	y	reopens_ok:583	-	reopens_ok:583	-	583	0	0	ok	Match	Match	PASS	manifest present: exact after recovery; tamper: must fail closed if not exactly serviceable
b-nist-pdf-0002-truncate_idx-23	B	nist-pdf-0002	batch	truncate_idx	truncate .idx to 0	y	y	fail_closed:0	IntegrityMismatch:IntegrityMismatch: packed index /tmp/phase20-scratch/b-nist-pdf-0002-batch/inj-23/fieldpack/seg-00000000.idx is shorter than its header	fail_closed:0	IntegrityMismatch:IntegrityMismatch: packed index /tmp/phase20-scratch/b-nist-pdf-0002-batch/inj-23/fieldpack/seg-00000000.idx is shorter than its header	0	0	0	n/a	FailClosed("IntegrityMismatch:IntegrityMismatch: packed index /tmp/phase20-scratch/b-nist-pdf-0002-batch/inj-23/fieldpack/seg-00000000.idx is shorter than its header")	Differ("field 836a464ed1bb619b4c28458ae6fce9f38ff21c1569226997f4b8b1cc8d473ee3: expected decline UnsupportedFeature, got IntegrityMismatch")	PASS	fails closed: typed error, no bytes served; tamper: must fail closed if not exactly serviceable
b-nist-pdf-0002-truncate_idx-24	B	nist-pdf-0002	batch	truncate_idx	truncate .idx to 1	y	y	fail_closed:0	IntegrityMismatch:IntegrityMismatch: packed index /tmp/phase20-scratch/b-nist-pdf-0002-batch/inj-24/fieldpack/seg-00000000.idx is shorter than its header	fail_closed:0	IntegrityMismatch:IntegrityMismatch: packed index /tmp/phase20-scratch/b-nist-pdf-0002-batch/inj-24/fieldpack/seg-00000000.idx is shorter than its header	0	0	0	n/a	FailClosed("IntegrityMismatch:IntegrityMismatch: packed index /tmp/phase20-scratch/b-nist-pdf-0002-batch/inj-24/fieldpack/seg-00000000.idx is shorter than its header")	Differ("field 836a464ed1bb619b4c28458ae6fce9f38ff21c1569226997f4b8b1cc8d473ee3: expected decline UnsupportedFeature, got IntegrityMismatch")	PASS	fails closed: typed error, no bytes served; tamper: must fail closed if not exactly serviceable
b-nist-pdf-0002-truncate_idx-25	B	nist-pdf-0002	batch	truncate_idx	truncate .idx to 10	y	y	fail_closed:0	IntegrityMismatch:IntegrityMismatch: packed index /tmp/phase20-scratch/b-nist-pdf-0002-batch/inj-25/fieldpack/seg-00000000.idx is shorter than its header	fail_closed:0	IntegrityMismatch:IntegrityMismatch: packed index /tmp/phase20-scratch/b-nist-pdf-0002-batch/inj-25/fieldpack/seg-00000000.idx is shorter than its header	0	0	0	n/a	FailClosed("IntegrityMismatch:IntegrityMismatch: packed index /tmp/phase20-scratch/b-nist-pdf-0002-batch/inj-25/fieldpack/seg-00000000.idx is shorter than its header")	Differ("field 836a464ed1bb619b4c28458ae6fce9f38ff21c1569226997f4b8b1cc8d473ee3: expected decline UnsupportedFeature, got IntegrityMismatch")	PASS	fails closed: typed error, no bytes served; tamper: must fail closed if not exactly serviceable
b-nist-pdf-0002-truncate_idx-26	B	nist-pdf-0002	batch	truncate_idx	truncate .idx to 31	y	y	fail_closed:0	IntegrityMismatch:IntegrityMismatch: packed index /tmp/phase20-scratch/b-nist-pdf-0002-batch/inj-26/fieldpack/seg-00000000.idx is shorter than its header	fail_closed:0	IntegrityMismatch:IntegrityMismatch: packed index /tmp/phase20-scratch/b-nist-pdf-0002-batch/inj-26/fieldpack/seg-00000000.idx is shorter than its header	0	0	0	n/a	FailClosed("IntegrityMismatch:IntegrityMismatch: packed index /tmp/phase20-scratch/b-nist-pdf-0002-batch/inj-26/fieldpack/seg-00000000.idx is shorter than its header")	Differ("field 836a464ed1bb619b4c28458ae6fce9f38ff21c1569226997f4b8b1cc8d473ee3: expected decline UnsupportedFeature, got IntegrityMismatch")	PASS	fails closed: typed error, no bytes served; tamper: must fail closed if not exactly serviceable
b-nist-pdf-0002-truncate_idx-27	B	nist-pdf-0002	batch	truncate_idx	truncate .idx to 32	y	y	fail_closed:0	IntegrityMismatch:IntegrityMismatch: packed index /tmp/phase20-scratch/b-nist-pdf-0002-batch/inj-27/fieldpack/seg-00000000.idx is too short for its bucket directory	fail_closed:0	IntegrityMismatch:IntegrityMismatch: packed index /tmp/phase20-scratch/b-nist-pdf-0002-batch/inj-27/fieldpack/seg-00000000.idx is too short for its bucket directory	0	0	0	n/a	FailClosed("IntegrityMismatch:IntegrityMismatch: packed index /tmp/phase20-scratch/b-nist-pdf-0002-batch/inj-27/fieldpack/seg-00000000.idx is too short for its bucket directory")	Differ("field 836a464ed1bb619b4c28458ae6fce9f38ff21c1569226997f4b8b1cc8d473ee3: expected decline UnsupportedFeature, got IntegrityMismatch")	PASS	fails closed: typed error, no bytes served; tamper: must fail closed if not exactly serviceable
b-nist-pdf-0002-truncate_idx-28	B	nist-pdf-0002	batch	truncate_idx	truncate .idx to 33	y	y	fail_closed:0	IntegrityMismatch:IntegrityMismatch: packed index /tmp/phase20-scratch/b-nist-pdf-0002-batch/inj-28/fieldpack/seg-00000000.idx is too short for its bucket directory	fail_closed:0	IntegrityMismatch:IntegrityMismatch: packed index /tmp/phase20-scratch/b-nist-pdf-0002-batch/inj-28/fieldpack/seg-00000000.idx is too short for its bucket directory	0	0	0	n/a	FailClosed("IntegrityMismatch:IntegrityMismatch: packed index /tmp/phase20-scratch/b-nist-pdf-0002-batch/inj-28/fieldpack/seg-00000000.idx is too short for its bucket directory")	Differ("field 836a464ed1bb619b4c28458ae6fce9f38ff21c1569226997f4b8b1cc8d473ee3: expected decline UnsupportedFeature, got IntegrityMismatch")	PASS	fails closed: typed error, no bytes served; tamper: must fail closed if not exactly serviceable
b-nist-pdf-0002-truncate_idx-29	B	nist-pdf-0002	batch	truncate_idx	truncate .idx to 40	y	y	fail_closed:0	IntegrityMismatch:IntegrityMismatch: packed index /tmp/phase20-scratch/b-nist-pdf-0002-batch/inj-29/fieldpack/seg-00000000.idx is too short for its bucket directory	fail_closed:0	IntegrityMismatch:IntegrityMismatch: packed index /tmp/phase20-scratch/b-nist-pdf-0002-batch/inj-29/fieldpack/seg-00000000.idx is too short for its bucket directory	0	0	0	n/a	FailClosed("IntegrityMismatch:IntegrityMismatch: packed index /tmp/phase20-scratch/b-nist-pdf-0002-batch/inj-29/fieldpack/seg-00000000.idx is too short for its bucket directory")	Differ("field 836a464ed1bb619b4c28458ae6fce9f38ff21c1569226997f4b8b1cc8d473ee3: expected decline UnsupportedFeature, got IntegrityMismatch")	PASS	fails closed: typed error, no bytes served; tamper: must fail closed if not exactly serviceable
b-nist-pdf-0002-truncate_idx-30	B	nist-pdf-0002	batch	truncate_idx	truncate .idx to 48	y	y	fail_closed:0	IntegrityMismatch:IntegrityMismatch: packed index /tmp/phase20-scratch/b-nist-pdf-0002-batch/inj-30/fieldpack/seg-00000000.idx is too short for its bucket directory	fail_closed:0	IntegrityMismatch:IntegrityMismatch: packed index /tmp/phase20-scratch/b-nist-pdf-0002-batch/inj-30/fieldpack/seg-00000000.idx is too short for its bucket directory	0	0	0	n/a	FailClosed("IntegrityMismatch:IntegrityMismatch: packed index /tmp/phase20-scratch/b-nist-pdf-0002-batch/inj-30/fieldpack/seg-00000000.idx is too short for its bucket directory")	Differ("field 836a464ed1bb619b4c28458ae6fce9f38ff21c1569226997f4b8b1cc8d473ee3: expected decline UnsupportedFeature, got IntegrityMismatch")	PASS	fails closed: typed error, no bytes served; tamper: must fail closed if not exactly serviceable
b-nist-pdf-0002-truncate_idx-31	B	nist-pdf-0002	batch	truncate_idx	truncate .idx to 56	y	y	fail_closed:0	IntegrityMismatch:IntegrityMismatch: packed index /tmp/phase20-scratch/b-nist-pdf-0002-batch/inj-31/fieldpack/seg-00000000.idx is too short for its bucket directory	fail_closed:0	IntegrityMismatch:IntegrityMismatch: packed index /tmp/phase20-scratch/b-nist-pdf-0002-batch/inj-31/fieldpack/seg-00000000.idx is too short for its bucket directory	0	0	0	n/a	FailClosed("IntegrityMismatch:IntegrityMismatch: packed index /tmp/phase20-scratch/b-nist-pdf-0002-batch/inj-31/fieldpack/seg-00000000.idx is too short for its bucket directory")	Differ("field 836a464ed1bb619b4c28458ae6fce9f38ff21c1569226997f4b8b1cc8d473ee3: expected decline UnsupportedFeature, got IntegrityMismatch")	PASS	fails closed: typed error, no bytes served; tamper: must fail closed if not exactly serviceable
b-nist-pdf-0002-truncate_idx-32	B	nist-pdf-0002	batch	truncate_idx	truncate .idx to 18060	y	y	fail_closed:0	IntegrityMismatch:IntegrityMismatch: packed index /tmp/phase20-scratch/b-nist-pdf-0002-batch/inj-32/fieldpack/seg-00000000.idx has an inconsistent bucket directory	fail_closed:0	IntegrityMismatch:IntegrityMismatch: packed index /tmp/phase20-scratch/b-nist-pdf-0002-batch/inj-32/fieldpack/seg-00000000.idx has an inconsistent bucket directory	0	0	0	n/a	FailClosed("IntegrityMismatch:IntegrityMismatch: packed index /tmp/phase20-scratch/b-nist-pdf-0002-batch/inj-32/fieldpack/seg-00000000.idx has an inconsistent bucket directory")	Differ("field 836a464ed1bb619b4c28458ae6fce9f38ff21c1569226997f4b8b1cc8d473ee3: expected decline UnsupportedFeature, got IntegrityMismatch")	PASS	fails closed: typed error, no bytes served; tamper: must fail closed if not exactly serviceable
b-nist-pdf-0002-truncate_idx-33	B	nist-pdf-0002	batch	truncate_idx	truncate .idx to 36119	y	y	fail_closed:0	IntegrityMismatch:IntegrityMismatch: packed index /tmp/phase20-scratch/b-nist-pdf-0002-batch/inj-33/fieldpack/seg-00000000.idx has an inconsistent bucket directory	fail_closed:0	IntegrityMismatch:IntegrityMismatch: packed index /tmp/phase20-scratch/b-nist-pdf-0002-batch/inj-33/fieldpack/seg-00000000.idx has an inconsistent bucket directory	0	0	0	n/a	FailClosed("IntegrityMismatch:IntegrityMismatch: packed index /tmp/phase20-scratch/b-nist-pdf-0002-batch/inj-33/fieldpack/seg-00000000.idx has an inconsistent bucket directory")	Differ("field 836a464ed1bb619b4c28458ae6fce9f38ff21c1569226997f4b8b1cc8d473ee3: expected decline UnsupportedFeature, got IntegrityMismatch")	PASS	fails closed: typed error, no bytes served; tamper: must fail closed if not exactly serviceable
b-nist-pdf-0002-drop_idx-34	B	nist-pdf-0002	batch	drop_idx	delete .idx (crash before seal)	y	y	reopens_ok:584	-	reopens_ok:584	-	584	0	0	ok	Match	Match	PASS	manifest present: exact after recovery; tamper: must fail closed if not exactly serviceable
b-nist-pdf-0002-flip_pack-35	B	nist-pdf-0002	batch	flip_pack	flip bit in .pack at 0	y	y	reopens_ok:584	-	reopens_ok:584	-	584	0	0	ok	Match	Match	PASS	manifest present: exact after recovery; tamper: must fail closed if not exactly serviceable
b-nist-pdf-0002-flip_pack-36	B	nist-pdf-0002	batch	flip_pack	flip bit in .pack at 24	y	y	reopens_ok:584	-	reopens_ok:584	-	584	0	0	ok	Match	Match	PASS	manifest present: exact after recovery; tamper: must fail closed if not exactly serviceable
b-nist-pdf-0002-flip_pack-37	B	nist-pdf-0002	batch	flip_pack	flip bit in .pack at 25	y	y	reopens_ok:584	-	reopens_ok:584	-	584	0	0	ok	Match	Match	PASS	manifest present: exact after recovery; tamper: must fail closed if not exactly serviceable
b-nist-pdf-0002-flip_pack-38	B	nist-pdf-0002	batch	flip_pack	flip bit in .pack at 28	y	y	reopens_ok:584	-	reopens_ok:584	-	584	0	1	ok	Match	Match	PASS	manifest present: exact after recovery; tamper: must fail closed if not exactly serviceable
b-nist-pdf-0002-flip_pack-39	B	nist-pdf-0002	batch	flip_pack	flip bit in .pack at 29	y	y	reopens_ok:584	-	reopens_ok:584	-	584	0	1	ok	Match	Match	PASS	manifest present: exact after recovery; tamper: must fail closed if not exactly serviceable
b-nist-pdf-0002-flip_pack-40	B	nist-pdf-0002	batch	flip_pack	flip bit in .pack at 58	y	y	reopens_ok:584	-	reopens_ok:584	-	584	0	1	ok	Match	Match	PASS	manifest present: exact after recovery; tamper: must fail closed if not exactly serviceable
b-nist-pdf-0002-flip_pack-41	B	nist-pdf-0002	batch	flip_pack	flip bit in .pack at 24479	y	y	reopens_ok:584	-	reopens_ok:584	-	584	0	1	ok	Match	Match	PASS	manifest present: exact after recovery; tamper: must fail closed if not exactly serviceable
b-nist-pdf-0002-flip_pack-42	B	nist-pdf-0002	batch	flip_pack	flip bit in .pack at 48957	y	y	reopens_ok:584	-	reopens_ok:584	-	584	0	1	ok	Match	Match	PASS	manifest present: exact after recovery; tamper: must fail closed if not exactly serviceable
b-nist-pdf-0002-flip_idx-43	B	nist-pdf-0002	batch	flip_idx	flip bit in .idx at 0	y	y	fail_closed:0	IntegrityMismatch:IntegrityMismatch: packed index /tmp/phase20-scratch/b-nist-pdf-0002-batch/inj-43/fieldpack/seg-00000000.idx has an unrecognised magic	fail_closed:0	IntegrityMismatch:IntegrityMismatch: packed index /tmp/phase20-scratch/b-nist-pdf-0002-batch/inj-43/fieldpack/seg-00000000.idx has an unrecognised magic	0	0	0	n/a	FailClosed("IntegrityMismatch:IntegrityMismatch: packed index /tmp/phase20-scratch/b-nist-pdf-0002-batch/inj-43/fieldpack/seg-00000000.idx has an unrecognised magic")	Differ("field 836a464ed1bb619b4c28458ae6fce9f38ff21c1569226997f4b8b1cc8d473ee3: expected decline UnsupportedFeature, got IntegrityMismatch")	PASS	fails closed: typed error, no bytes served; tamper: must fail closed if not exactly serviceable
b-nist-pdf-0002-flip_idx-44	B	nist-pdf-0002	batch	flip_idx	flip bit in .idx at 8	y	y	fail_closed:0	UnsupportedVersion:UnsupportedVersion: packed index /tmp/phase20-scratch/b-nist-pdf-0002-batch/inj-44/fieldpack/seg-00000000.idx has version 0, expected 1	fail_closed:0	UnsupportedVersion:UnsupportedVersion: packed index /tmp/phase20-scratch/b-nist-pdf-0002-batch/inj-44/fieldpack/seg-00000000.idx has version 0, expected 1	0	0	0	n/a	FailClosed("UnsupportedVersion:UnsupportedVersion: packed index /tmp/phase20-scratch/b-nist-pdf-0002-batch/inj-44/fieldpack/seg-00000000.idx has version 0, expected 1")	Differ("field 836a464ed1bb619b4c28458ae6fce9f38ff21c1569226997f4b8b1cc8d473ee3: expected decline UnsupportedFeature, got UnsupportedVersion")	PASS	fails closed: typed error, no bytes served; tamper: must fail closed if not exactly serviceable
b-nist-pdf-0002-flip_idx-45	B	nist-pdf-0002	batch	flip_idx	flip bit in .idx at 9	y	y	fail_closed:0	IntegrityMismatch:IntegrityMismatch: packed index /tmp/phase20-scratch/b-nist-pdf-0002-batch/inj-45/fieldpack/seg-00000000.idx has an inconsistent bucket directory	fail_closed:0	IntegrityMismatch:IntegrityMismatch: packed index /tmp/phase20-scratch/b-nist-pdf-0002-batch/inj-45/fieldpack/seg-00000000.idx has an inconsistent bucket directory	0	0	0	n/a	FailClosed("IntegrityMismatch:IntegrityMismatch: packed index /tmp/phase20-scratch/b-nist-pdf-0002-batch/inj-45/fieldpack/seg-00000000.idx has an inconsistent bucket directory")	Differ("field 836a464ed1bb619b4c28458ae6fce9f38ff21c1569226997f4b8b1cc8d473ee3: expected decline UnsupportedFeature, got IntegrityMismatch")	PASS	fails closed: typed error, no bytes served; tamper: must fail closed if not exactly serviceable
b-nist-pdf-0002-flip_idx-46	B	nist-pdf-0002	batch	flip_idx	flip bit in .idx at 16	y	y	fail_closed:0	IntegrityMismatch:IntegrityMismatch: packed index /tmp/phase20-scratch/b-nist-pdf-0002-batch/inj-46/fieldpack/seg-00000000.idx names segment 1, expected 0	fail_closed:0	IntegrityMismatch:IntegrityMismatch: packed index /tmp/phase20-scratch/b-nist-pdf-0002-batch/inj-46/fieldpack/seg-00000000.idx names segment 1, expected 0	0	0	0	n/a	FailClosed("IntegrityMismatch:IntegrityMismatch: packed index /tmp/phase20-scratch/b-nist-pdf-0002-batch/inj-46/fieldpack/seg-00000000.idx names segment 1, expected 0")	Differ("field 836a464ed1bb619b4c28458ae6fce9f38ff21c1569226997f4b8b1cc8d473ee3: expected decline UnsupportedFeature, got IntegrityMismatch")	PASS	fails closed: typed error, no bytes served; tamper: must fail closed if not exactly serviceable
b-nist-pdf-0002-flip_idx-47	B	nist-pdf-0002	batch	flip_idx	flip bit in .idx at 20	y	y	fail_closed:0	IntegrityMismatch:IntegrityMismatch: packed index /tmp/phase20-scratch/b-nist-pdf-0002-batch/inj-47/fieldpack/seg-00000000.idx has an inconsistent bucket directory	fail_closed:0	IntegrityMismatch:IntegrityMismatch: packed index /tmp/phase20-scratch/b-nist-pdf-0002-batch/inj-47/fieldpack/seg-00000000.idx has an inconsistent bucket directory	0	0	0	n/a	FailClosed("IntegrityMismatch:IntegrityMismatch: packed index /tmp/phase20-scratch/b-nist-pdf-0002-batch/inj-47/fieldpack/seg-00000000.idx has an inconsistent bucket directory")	Differ("field 836a464ed1bb619b4c28458ae6fce9f38ff21c1569226997f4b8b1cc8d473ee3: expected decline UnsupportedFeature, got IntegrityMismatch")	PASS	fails closed: typed error, no bytes served; tamper: must fail closed if not exactly serviceable
b-nist-pdf-0002-flip_idx-48	B	nist-pdf-0002	batch	flip_idx	flip bit in .idx at 24	y	y	fail_closed:0	IntegrityMismatch:IntegrityMismatch: packed index /tmp/phase20-scratch/b-nist-pdf-0002-batch/inj-48/fieldpack/seg-00000000.idx has an inconsistent bucket directory	fail_closed:0	IntegrityMismatch:IntegrityMismatch: packed index /tmp/phase20-scratch/b-nist-pdf-0002-batch/inj-48/fieldpack/seg-00000000.idx has an inconsistent bucket directory	0	0	0	n/a	FailClosed("IntegrityMismatch:IntegrityMismatch: packed index /tmp/phase20-scratch/b-nist-pdf-0002-batch/inj-48/fieldpack/seg-00000000.idx has an inconsistent bucket directory")	Differ("field 836a464ed1bb619b4c28458ae6fce9f38ff21c1569226997f4b8b1cc8d473ee3: expected decline UnsupportedFeature, got IntegrityMismatch")	PASS	fails closed: typed error, no bytes served; tamper: must fail closed if not exactly serviceable
b-nist-pdf-0002-flip_idx-49	B	nist-pdf-0002	batch	flip_idx	flip bit in .idx at 32	y	y	fail_closed:0	IntegrityMismatch:IntegrityMismatch: packed index /tmp/phase20-scratch/b-nist-pdf-0002-batch/inj-49/fieldpack/seg-00000000.idx has an inconsistent bucket directory	fail_closed:0	IntegrityMismatch:IntegrityMismatch: packed index /tmp/phase20-scratch/b-nist-pdf-0002-batch/inj-49/fieldpack/seg-00000000.idx has an inconsistent bucket directory	0	0	0	n/a	FailClosed("IntegrityMismatch:IntegrityMismatch: packed index /tmp/phase20-scratch/b-nist-pdf-0002-batch/inj-49/fieldpack/seg-00000000.idx has an inconsistent bucket directory")	Differ("field 836a464ed1bb619b4c28458ae6fce9f38ff21c1569226997f4b8b1cc8d473ee3: expected decline UnsupportedFeature, got IntegrityMismatch")	PASS	fails closed: typed error, no bytes served; tamper: must fail closed if not exactly serviceable
b-nist-pdf-0002-flip_idx-50	B	nist-pdf-0002	batch	flip_idx	flip bit in .idx at 40	y	y	fail_closed:0	IntegrityMismatch:IntegrityMismatch: packed index /tmp/phase20-scratch/b-nist-pdf-0002-batch/inj-50/fieldpack/seg-00000000.idx has an inconsistent bucket directory	fail_closed:0	IntegrityMismatch:IntegrityMismatch: packed index /tmp/phase20-scratch/b-nist-pdf-0002-batch/inj-50/fieldpack/seg-00000000.idx has an inconsistent bucket directory	0	0	0	n/a	FailClosed("IntegrityMismatch:IntegrityMismatch: packed index /tmp/phase20-scratch/b-nist-pdf-0002-batch/inj-50/fieldpack/seg-00000000.idx has an inconsistent bucket directory")	Differ("field 836a464ed1bb619b4c28458ae6fce9f38ff21c1569226997f4b8b1cc8d473ee3: expected decline UnsupportedFeature, got IntegrityMismatch")	PASS	fails closed: typed error, no bytes served; tamper: must fail closed if not exactly serviceable
b-nist-pdf-0002-flip_idx-51	B	nist-pdf-0002	batch	flip_idx	flip bit in .idx at 47	y	y	fail_closed:0	IntegrityMismatch:IntegrityMismatch: packed index /tmp/phase20-scratch/b-nist-pdf-0002-batch/inj-51/fieldpack/seg-00000000.idx has an inconsistent bucket directory	fail_closed:0	IntegrityMismatch:IntegrityMismatch: packed index /tmp/phase20-scratch/b-nist-pdf-0002-batch/inj-51/fieldpack/seg-00000000.idx has an inconsistent bucket directory	0	0	0	n/a	FailClosed("IntegrityMismatch:IntegrityMismatch: packed index /tmp/phase20-scratch/b-nist-pdf-0002-batch/inj-51/fieldpack/seg-00000000.idx has an inconsistent bucket directory")	Differ("field 836a464ed1bb619b4c28458ae6fce9f38ff21c1569226997f4b8b1cc8d473ee3: expected decline UnsupportedFeature, got IntegrityMismatch")	PASS	fails closed: typed error, no bytes served; tamper: must fail closed if not exactly serviceable
b-nist-pdf-0002-flip_idx-52	B	nist-pdf-0002	batch	flip_idx	flip bit in .idx at 18060	y	y	reopens_ok:584	-	reopens_ok:584	-	584	0	1	ok	Match	Match	PASS	manifest present: exact after recovery; tamper: must fail closed if not exactly serviceable
b-nist-pdf-0002-flip_idx-53	B	nist-pdf-0002	batch	flip_idx	flip bit in .idx at 36119	y	y	reopens_ok:584	-	reopens_ok:584	-	584	0	0	ok	Match	Match	PASS	manifest present: exact after recovery; tamper: must fail closed if not exactly serviceable
b-nist-pdf-0002-zero_pack_tail-54	B	nist-pdf-0002	batch	zero_pack_tail	zero last 1 B of .pack	y	y	reopens_ok:584	-	reopens_ok:584	-	584	0	1	ok	Match	Match	PASS	manifest present: exact after recovery; tamper: must fail closed if not exactly serviceable
b-nist-pdf-0002-zero_pack_tail-55	B	nist-pdf-0002	batch	zero_pack_tail	zero last 4 B of .pack	y	y	reopens_ok:584	-	reopens_ok:584	-	584	0	1	ok	Match	Match	PASS	manifest present: exact after recovery; tamper: must fail closed if not exactly serviceable
b-nist-pdf-0002-zero_pack_tail-56	B	nist-pdf-0002	batch	zero_pack_tail	zero last 8 B of .pack	y	y	reopens_ok:584	-	reopens_ok:584	-	584	0	1	ok	Match	Match	PASS	manifest present: exact after recovery; tamper: must fail closed if not exactly serviceable
b-nist-pdf-0002-zero_pack_tail-57	B	nist-pdf-0002	batch	zero_pack_tail	zero last 32 B of .pack	y	y	reopens_ok:584	-	reopens_ok:584	-	584	0	1	ok	Match	Match	PASS	manifest present: exact after recovery; tamper: must fail closed if not exactly serviceable
b-nist-pdf-0002-zero_pack_tail-58	B	nist-pdf-0002	batch	zero_pack_tail	zero last 128 B of .pack	y	y	reopens_ok:584	-	reopens_ok:584	-	584	0	2	ok	Match	Match	PASS	manifest present: exact after recovery; tamper: must fail closed if not exactly serviceable
a-nist-pdf-0002-SIGKILL-d0	A	nist-pdf-0002	each	sigkill/sigabrt-at-delay	SIGKILL @ 0us	n	n	reopens_ok:0	-	reopens_ok:0	-	0	0	0	ok	NotApplicable	NoBaseline	PASS	no manifest: reopens_ok, prefix, every id re-hashes; SIGKILL/SIGABRT stop the process; page cache survives
a-nist-pdf-0002-SIGKILL-d0	A	nist-pdf-0002	each	sigkill/sigabrt-at-delay	SIGKILL @ 0us	n	n	reopens_ok:0	-	reopens_ok:0	-	0	0	0	ok	NotApplicable	NoBaseline	PASS	no manifest: reopens_ok, prefix, every id re-hashes; SIGKILL/SIGABRT stop the process; page cache survives
a-nist-pdf-0002-SIGKILL-d163	A	nist-pdf-0002	each	sigkill/sigabrt-at-delay	SIGKILL @ 163us	n	n	reopens_ok:0	-	reopens_ok:0	-	0	0	0	ok	NotApplicable	NoBaseline	PASS	no manifest: reopens_ok, prefix, every id re-hashes; SIGKILL/SIGABRT stop the process; page cache survives
a-nist-pdf-0002-SIGKILL-d163	A	nist-pdf-0002	each	sigkill/sigabrt-at-delay	SIGKILL @ 163us	n	n	reopens_ok:0	-	reopens_ok:0	-	0	0	0	ok	NotApplicable	NoBaseline	PASS	no manifest: reopens_ok, prefix, every id re-hashes; SIGKILL/SIGABRT stop the process; page cache survives
a-nist-pdf-0002-SIGKILL-d326	A	nist-pdf-0002	each	sigkill/sigabrt-at-delay	SIGKILL @ 326us	n	n	reopens_ok:0	-	reopens_ok:0	-	0	0	0	ok	NotApplicable	NoBaseline	PASS	no manifest: reopens_ok, prefix, every id re-hashes; SIGKILL/SIGABRT stop the process; page cache survives
a-nist-pdf-0002-SIGKILL-d326	A	nist-pdf-0002	each	sigkill/sigabrt-at-delay	SIGKILL @ 326us	n	n	reopens_ok:0	-	reopens_ok:0	-	0	0	0	ok	NotApplicable	NoBaseline	PASS	no manifest: reopens_ok, prefix, every id re-hashes; SIGKILL/SIGABRT stop the process; page cache survives
a-nist-pdf-0002-SIGKILL-d489	A	nist-pdf-0002	each	sigkill/sigabrt-at-delay	SIGKILL @ 489us	n	n	reopens_ok:0	-	reopens_ok:0	-	0	0	0	ok	NotApplicable	NoBaseline	PASS	no manifest: reopens_ok, prefix, every id re-hashes; SIGKILL/SIGABRT stop the process; page cache survives
a-nist-pdf-0002-SIGKILL-d489	A	nist-pdf-0002	each	sigkill/sigabrt-at-delay	SIGKILL @ 489us	n	n	reopens_ok:0	-	reopens_ok:0	-	0	0	0	ok	NotApplicable	NoBaseline	PASS	no manifest: reopens_ok, prefix, every id re-hashes; SIGKILL/SIGABRT stop the process; page cache survives
a-nist-pdf-0002-SIGKILL-d652	A	nist-pdf-0002	each	sigkill/sigabrt-at-delay	SIGKILL @ 652us	n	n	reopens_ok:0	-	reopens_ok:0	-	0	0	0	ok	NotApplicable	NoBaseline	PASS	no manifest: reopens_ok, prefix, every id re-hashes; SIGKILL/SIGABRT stop the process; page cache survives
a-nist-pdf-0002-SIGKILL-d652	A	nist-pdf-0002	each	sigkill/sigabrt-at-delay	SIGKILL @ 652us	n	n	reopens_ok:0	-	reopens_ok:0	-	0	0	0	ok	NotApplicable	NoBaseline	PASS	no manifest: reopens_ok, prefix, every id re-hashes; SIGKILL/SIGABRT stop the process; page cache survives
a-nist-pdf-0002-SIGKILL-d815	A	nist-pdf-0002	each	sigkill/sigabrt-at-delay	SIGKILL @ 815us	n	n	reopens_ok:0	-	reopens_ok:0	-	0	0	0	ok	NotApplicable	NoBaseline	PASS	no manifest: reopens_ok, prefix, every id re-hashes; SIGKILL/SIGABRT stop the process; page cache survives
a-nist-pdf-0002-SIGKILL-d815	A	nist-pdf-0002	each	sigkill/sigabrt-at-delay	SIGKILL @ 815us	n	n	reopens_ok:0	-	reopens_ok:0	-	0	0	0	ok	NotApplicable	NoBaseline	PASS	no manifest: reopens_ok, prefix, every id re-hashes; SIGKILL/SIGABRT stop the process; page cache survives
a-nist-pdf-0002-SIGKILL-d978	A	nist-pdf-0002	each	sigkill/sigabrt-at-delay	SIGKILL @ 978us	n	n	reopens_ok:0	-	reopens_ok:0	-	0	0	0	ok	NotApplicable	NoBaseline	PASS	no manifest: reopens_ok, prefix, every id re-hashes; SIGKILL/SIGABRT stop the process; page cache survives
a-nist-pdf-0002-SIGKILL-d978	A	nist-pdf-0002	each	sigkill/sigabrt-at-delay	SIGKILL @ 978us	n	n	reopens_ok:0	-	reopens_ok:0	-	0	0	0	ok	NotApplicable	NoBaseline	PASS	no manifest: reopens_ok, prefix, every id re-hashes; SIGKILL/SIGABRT stop the process; page cache survives
a-nist-pdf-0002-SIGKILL-d1141	A	nist-pdf-0002	each	sigkill/sigabrt-at-delay	SIGKILL @ 1141us	n	n	reopens_ok:0	-	reopens_ok:0	-	0	0	0	ok	NotApplicable	NoBaseline	PASS	no manifest: reopens_ok, prefix, every id re-hashes; SIGKILL/SIGABRT stop the process; page cache survives
a-nist-pdf-0002-SIGKILL-d1141	A	nist-pdf-0002	each	sigkill/sigabrt-at-delay	SIGKILL @ 1141us	n	n	reopens_ok:0	-	reopens_ok:0	-	0	0	0	ok	NotApplicable	NoBaseline	PASS	no manifest: reopens_ok, prefix, every id re-hashes; SIGKILL/SIGABRT stop the process; page cache survives
a-nist-pdf-0002-SIGKILL-d1304	A	nist-pdf-0002	each	sigkill/sigabrt-at-delay	SIGKILL @ 1304us	n	n	reopens_ok:0	-	reopens_ok:0	-	0	0	0	ok	NotApplicable	NoBaseline	PASS	no manifest: reopens_ok, prefix, every id re-hashes; SIGKILL/SIGABRT stop the process; page cache survives
a-nist-pdf-0002-SIGKILL-d1304	A	nist-pdf-0002	each	sigkill/sigabrt-at-delay	SIGKILL @ 1304us	n	n	reopens_ok:0	-	reopens_ok:0	-	0	0	0	ok	NotApplicable	NoBaseline	PASS	no manifest: reopens_ok, prefix, every id re-hashes; SIGKILL/SIGABRT stop the process; page cache survives
a-nist-pdf-0002-SIGKILL-d1467	A	nist-pdf-0002	each	sigkill/sigabrt-at-delay	SIGKILL @ 1467us	n	n	reopens_ok:0	-	reopens_ok:0	-	0	0	0	ok	NotApplicable	NoBaseline	PASS	no manifest: reopens_ok, prefix, every id re-hashes; SIGKILL/SIGABRT stop the process; page cache survives
a-nist-pdf-0002-SIGKILL-d1467	A	nist-pdf-0002	each	sigkill/sigabrt-at-delay	SIGKILL @ 1467us	n	n	reopens_ok:0	-	reopens_ok:0	-	0	0	0	ok	NotApplicable	NoBaseline	PASS	no manifest: reopens_ok, prefix, every id re-hashes; SIGKILL/SIGABRT stop the process; page cache survives
a-nist-pdf-0002-SIGKILL-d1630	A	nist-pdf-0002	each	sigkill/sigabrt-at-delay	SIGKILL @ 1630us	n	n	reopens_ok:0	-	reopens_ok:0	-	0	0	0	ok	NotApplicable	NoBaseline	PASS	no manifest: reopens_ok, prefix, every id re-hashes; SIGKILL/SIGABRT stop the process; page cache survives
a-nist-pdf-0002-SIGKILL-d1630	A	nist-pdf-0002	each	sigkill/sigabrt-at-delay	SIGKILL @ 1630us	n	n	reopens_ok:0	-	reopens_ok:0	-	0	0	0	ok	NotApplicable	NoBaseline	PASS	no manifest: reopens_ok, prefix, every id re-hashes; SIGKILL/SIGABRT stop the process; page cache survives
a-nist-pdf-0002-SIGKILL-d1793	A	nist-pdf-0002	each	sigkill/sigabrt-at-delay	SIGKILL @ 1793us	n	n	reopens_ok:0	-	reopens_ok:0	-	0	0	0	ok	NotApplicable	NoBaseline	PASS	no manifest: reopens_ok, prefix, every id re-hashes; SIGKILL/SIGABRT stop the process; page cache survives
a-nist-pdf-0002-SIGKILL-d1793	A	nist-pdf-0002	each	sigkill/sigabrt-at-delay	SIGKILL @ 1793us	n	n	reopens_ok:0	-	reopens_ok:0	-	0	0	0	ok	NotApplicable	NoBaseline	PASS	no manifest: reopens_ok, prefix, every id re-hashes; SIGKILL/SIGABRT stop the process; page cache survives
a-nist-pdf-0002-SIGKILL-d1956	A	nist-pdf-0002	each	sigkill/sigabrt-at-delay	SIGKILL @ 1956us	n	n	reopens_ok:0	-	reopens_ok:0	-	0	0	0	ok	NotApplicable	NoBaseline	PASS	no manifest: reopens_ok, prefix, every id re-hashes; SIGKILL/SIGABRT stop the process; page cache survives
a-nist-pdf-0002-SIGKILL-d1956	A	nist-pdf-0002	each	sigkill/sigabrt-at-delay	SIGKILL @ 1956us	n	n	reopens_ok:0	-	reopens_ok:0	-	0	0	0	ok	NotApplicable	NoBaseline	PASS	no manifest: reopens_ok, prefix, every id re-hashes; SIGKILL/SIGABRT stop the process; page cache survives
a-nist-pdf-0002-SIGKILL-d2119	A	nist-pdf-0002	each	sigkill/sigabrt-at-delay	SIGKILL @ 2119us	n	n	reopens_ok:0	-	reopens_ok:0	-	0	0	0	ok	NotApplicable	NoBaseline	PASS	no manifest: reopens_ok, prefix, every id re-hashes; SIGKILL/SIGABRT stop the process; page cache survives
a-nist-pdf-0002-SIGKILL-d2119	A	nist-pdf-0002	each	sigkill/sigabrt-at-delay	SIGKILL @ 2119us	n	n	reopens_ok:0	-	reopens_ok:0	-	0	0	0	ok	NotApplicable	NoBaseline	PASS	no manifest: reopens_ok, prefix, every id re-hashes; SIGKILL/SIGABRT stop the process; page cache survives
a-nist-pdf-0002-SIGKILL-d2282	A	nist-pdf-0002	each	sigkill/sigabrt-at-delay	SIGKILL @ 2282us	n	n	reopens_ok:0	-	reopens_ok:0	-	0	0	0	ok	NotApplicable	NoBaseline	PASS	no manifest: reopens_ok, prefix, every id re-hashes; SIGKILL/SIGABRT stop the process; page cache survives
a-nist-pdf-0002-SIGKILL-d2282	A	nist-pdf-0002	each	sigkill/sigabrt-at-delay	SIGKILL @ 2282us	n	n	reopens_ok:0	-	reopens_ok:0	-	0	0	0	ok	NotApplicable	NoBaseline	PASS	no manifest: reopens_ok, prefix, every id re-hashes; SIGKILL/SIGABRT stop the process; page cache survives
a-nist-pdf-0002-SIGKILL-d2445	A	nist-pdf-0002	each	sigkill/sigabrt-at-delay	SIGKILL @ 2445us	n	n	fail_closed:0	IntegrityMismatch:IntegrityMismatch: packed segment /tmp/phase20-scratch/a-nist-pdf-0002-each/s-SIGKILL-15-0/fieldpack/seg-00000000.pack has a truncated header	fail_closed:0	IntegrityMismatch:IntegrityMismatch: packed segment /tmp/phase20-scratch/a-nist-pdf-0002-each/s-SIGKILL-15-0/fieldpack/seg-00000000.pack has a truncated header	0	0	0	n/a	NotApplicable	NoBaseline	PASS	unusable but no manifest: detected, fails closed (typed): IntegrityMismatch:IntegrityMismatch: packed segment /tmp/phase20-scratch/a-nist-pdf-0002-each/s-SIGKILL-15-0/fieldpack/seg-00000000.pack has a truncated header; SIGKILL/SIGABRT stop the process; page cache survives
a-nist-pdf-0002-SIGKILL-d2445	A	nist-pdf-0002	each	sigkill/sigabrt-at-delay	SIGKILL @ 2445us	n	n	reopens_ok:0	-	reopens_ok:0	-	0	0	0	ok	NotApplicable	NoBaseline	PASS	no manifest: reopens_ok, prefix, every id re-hashes; SIGKILL/SIGABRT stop the process; page cache survives
a-nist-pdf-0002-SIGKILL-d2608	A	nist-pdf-0002	each	sigkill/sigabrt-at-delay	SIGKILL @ 2608us	y	n	reopens_ok:1	-	reopens_ok:1	-	1	0	0	ok	Match	Match	PASS	manifest present: exact; observation matches; SIGKILL/SIGABRT stop the process; page cache survives
a-nist-pdf-0002-SIGKILL-d2608	A	nist-pdf-0002	each	sigkill/sigabrt-at-delay	SIGKILL @ 2608us	y	n	reopens_ok:1	-	reopens_ok:1	-	1	0	0	ok	Match	Match	PASS	manifest present: exact; observation matches; SIGKILL/SIGABRT stop the process; page cache survives
a-nist-pdf-0002-SIGKILL-d2771	A	nist-pdf-0002	each	sigkill/sigabrt-at-delay	SIGKILL @ 2771us	y	n	reopens_ok:1	-	reopens_ok:1	-	1	0	0	ok	Match	Match	PASS	manifest present: exact; observation matches; SIGKILL/SIGABRT stop the process; page cache survives
a-nist-pdf-0002-SIGKILL-d2771	A	nist-pdf-0002	each	sigkill/sigabrt-at-delay	SIGKILL @ 2771us	y	n	reopens_ok:1	-	reopens_ok:1	-	1	0	0	ok	Match	Match	PASS	manifest present: exact; observation matches; SIGKILL/SIGABRT stop the process; page cache survives
a-nist-pdf-0002-SIGKILL-d2934	A	nist-pdf-0002	each	sigkill/sigabrt-at-delay	SIGKILL @ 2934us	y	n	reopens_ok:1	-	reopens_ok:1	-	1	0	0	ok	Match	Match	PASS	manifest present: exact; observation matches; SIGKILL/SIGABRT stop the process; page cache survives
a-nist-pdf-0002-SIGKILL-d2934	A	nist-pdf-0002	each	sigkill/sigabrt-at-delay	SIGKILL @ 2934us	y	n	reopens_ok:1	-	reopens_ok:1	-	1	0	0	ok	Match	Match	PASS	manifest present: exact; observation matches; SIGKILL/SIGABRT stop the process; page cache survives
a-nist-pdf-0002-SIGKILL-d3097	A	nist-pdf-0002	each	sigkill/sigabrt-at-delay	SIGKILL @ 3097us	y	n	reopens_ok:1	-	reopens_ok:1	-	1	0	0	ok	Match	Match	PASS	manifest present: exact; observation matches; SIGKILL/SIGABRT stop the process; page cache survives
a-nist-pdf-0002-SIGKILL-d3097	A	nist-pdf-0002	each	sigkill/sigabrt-at-delay	SIGKILL @ 3097us	y	n	reopens_ok:1	-	reopens_ok:1	-	1	0	0	ok	Match	Match	PASS	manifest present: exact; observation matches; SIGKILL/SIGABRT stop the process; page cache survives
a-nist-pdf-0002-SIGKILL-d3260	A	nist-pdf-0002	each	sigkill/sigabrt-at-delay	SIGKILL @ 3260us	y	n	reopens_ok:1	-	reopens_ok:1	-	1	0	0	ok	Match	Match	PASS	manifest present: exact; observation matches; SIGKILL/SIGABRT stop the process; page cache survives
a-nist-pdf-0002-SIGKILL-d3260	A	nist-pdf-0002	each	sigkill/sigabrt-at-delay	SIGKILL @ 3260us	y	n	reopens_ok:1	-	reopens_ok:1	-	1	0	0	ok	Match	Match	PASS	manifest present: exact; observation matches; SIGKILL/SIGABRT stop the process; page cache survives
a-nist-pdf-0002-SIGKILL-d3423	A	nist-pdf-0002	each	sigkill/sigabrt-at-delay	SIGKILL @ 3423us	n	n	reopens_ok:0	-	reopens_ok:0	-	0	0	0	ok	NotApplicable	NoBaseline	PASS	no manifest: reopens_ok, prefix, every id re-hashes; SIGKILL/SIGABRT stop the process; page cache survives
a-nist-pdf-0002-SIGKILL-d3423	A	nist-pdf-0002	each	sigkill/sigabrt-at-delay	SIGKILL @ 3423us	y	n	reopens_ok:1	-	reopens_ok:1	-	1	0	0	ok	Match	Match	PASS	manifest present: exact; observation matches; SIGKILL/SIGABRT stop the process; page cache survives
a-nist-pdf-0002-SIGKILL-d3586	A	nist-pdf-0002	each	sigkill/sigabrt-at-delay	SIGKILL @ 3586us	y	n	reopens_ok:1	-	reopens_ok:1	-	1	0	0	ok	Match	Match	PASS	manifest present: exact; observation matches; SIGKILL/SIGABRT stop the process; page cache survives
a-nist-pdf-0002-SIGKILL-d3586	A	nist-pdf-0002	each	sigkill/sigabrt-at-delay	SIGKILL @ 3586us	y	n	reopens_ok:1	-	reopens_ok:1	-	1	0	0	ok	Match	Match	PASS	manifest present: exact; observation matches; SIGKILL/SIGABRT stop the process; page cache survives
a-nist-pdf-0002-SIGKILL-d3749	A	nist-pdf-0002	each	sigkill/sigabrt-at-delay	SIGKILL @ 3749us	y	n	reopens_ok:1	-	reopens_ok:1	-	1	0	0	ok	Match	Match	PASS	manifest present: exact; observation matches; SIGKILL/SIGABRT stop the process; page cache survives
a-nist-pdf-0002-SIGKILL-d3749	A	nist-pdf-0002	each	sigkill/sigabrt-at-delay	SIGKILL @ 3749us	y	n	reopens_ok:1	-	reopens_ok:1	-	1	0	0	ok	Match	Match	PASS	manifest present: exact; observation matches; SIGKILL/SIGABRT stop the process; page cache survives
a-nist-pdf-0002-SIGKILL-d3912	A	nist-pdf-0002	each	sigkill/sigabrt-at-delay	SIGKILL @ 3912us	y	n	reopens_ok:1	-	reopens_ok:1	-	1	0	0	ok	Match	Match	PASS	manifest present: exact; observation matches; SIGKILL/SIGABRT stop the process; page cache survives
a-nist-pdf-0002-SIGKILL-d3912	A	nist-pdf-0002	each	sigkill/sigabrt-at-delay	SIGKILL @ 3912us	y	n	reopens_ok:1	-	reopens_ok:1	-	1	0	0	ok	Match	Match	PASS	manifest present: exact; observation matches; SIGKILL/SIGABRT stop the process; page cache survives
a-nist-pdf-0002-SIGKILL-d4075	A	nist-pdf-0002	each	sigkill/sigabrt-at-delay	SIGKILL @ 4075us	y	n	reopens_ok:1	-	reopens_ok:1	-	1	0	0	ok	Match	Match	PASS	manifest present: exact; observation matches; SIGKILL/SIGABRT stop the process; page cache survives
a-nist-pdf-0002-SIGKILL-d4075	A	nist-pdf-0002	each	sigkill/sigabrt-at-delay	SIGKILL @ 4075us	y	n	reopens_ok:1	-	reopens_ok:1	-	1	0	0	ok	Match	Match	PASS	manifest present: exact; observation matches; SIGKILL/SIGABRT stop the process; page cache survives
a-nist-pdf-0002-SIGKILL-d4238	A	nist-pdf-0002	each	sigkill/sigabrt-at-delay	SIGKILL @ 4238us	y	n	reopens_ok:1	-	reopens_ok:1	-	1	0	0	ok	Match	Match	PASS	manifest present: exact; observation matches; SIGKILL/SIGABRT stop the process; page cache survives
a-nist-pdf-0002-SIGKILL-d4238	A	nist-pdf-0002	each	sigkill/sigabrt-at-delay	SIGKILL @ 4238us	y	n	reopens_ok:1	-	reopens_ok:1	-	1	0	0	ok	Match	Match	PASS	manifest present: exact; observation matches; SIGKILL/SIGABRT stop the process; page cache survives
a-nist-pdf-0002-SIGKILL-d4401	A	nist-pdf-0002	each	sigkill/sigabrt-at-delay	SIGKILL @ 4401us	y	n	reopens_ok:1	-	reopens_ok:1	-	1	0	0	ok	Match	Match	PASS	manifest present: exact; observation matches; SIGKILL/SIGABRT stop the process; page cache survives
a-nist-pdf-0002-SIGKILL-d4401	A	nist-pdf-0002	each	sigkill/sigabrt-at-delay	SIGKILL @ 4401us	y	n	reopens_ok:1	-	reopens_ok:1	-	1	0	0	ok	Match	Match	PASS	manifest present: exact; observation matches; SIGKILL/SIGABRT stop the process; page cache survives
a-nist-pdf-0002-SIGKILL-d4564	A	nist-pdf-0002	each	sigkill/sigabrt-at-delay	SIGKILL @ 4564us	y	n	reopens_ok:1	-	reopens_ok:1	-	1	0	0	ok	Match	Match	PASS	manifest present: exact; observation matches; SIGKILL/SIGABRT stop the process; page cache survives
a-nist-pdf-0002-SIGKILL-d4564	A	nist-pdf-0002	each	sigkill/sigabrt-at-delay	SIGKILL @ 4564us	y	n	reopens_ok:1	-	reopens_ok:1	-	1	0	0	ok	Match	Match	PASS	manifest present: exact; observation matches; SIGKILL/SIGABRT stop the process; page cache survives
a-nist-pdf-0002-SIGKILL-d4727	A	nist-pdf-0002	each	sigkill/sigabrt-at-delay	SIGKILL @ 4727us	y	n	reopens_ok:24	-	reopens_ok:24	-	24	0	0	ok	Match	Match	PASS	manifest present: exact; observation matches; SIGKILL/SIGABRT stop the process; page cache survives
a-nist-pdf-0002-SIGKILL-d4727	A	nist-pdf-0002	each	sigkill/sigabrt-at-delay	SIGKILL @ 4727us	y	n	reopens_ok:1	-	reopens_ok:1	-	1	0	0	ok	Match	Match	PASS	manifest present: exact; observation matches; SIGKILL/SIGABRT stop the process; page cache survives
a-nist-pdf-0002-SIGKILL-d4890	A	nist-pdf-0002	each	sigkill/sigabrt-at-delay	SIGKILL @ 4890us	y	n	reopens_ok:120	-	reopens_ok:120	-	120	0	0	ok	Match	Match	PASS	manifest present: exact; observation matches; SIGKILL/SIGABRT stop the process; page cache survives
a-nist-pdf-0002-SIGKILL-d4890	A	nist-pdf-0002	each	sigkill/sigabrt-at-delay	SIGKILL @ 4890us	y	n	reopens_ok:176	-	reopens_ok:176	-	176	0	0	ok	Match	Match	PASS	manifest present: exact; observation matches; SIGKILL/SIGABRT stop the process; page cache survives
a-nist-pdf-0002-SIGKILL-d5053	A	nist-pdf-0002	each	sigkill/sigabrt-at-delay	SIGKILL @ 5053us	y	n	reopens_ok:324	-	reopens_ok:324	-	324	0	0	ok	Match	Match	PASS	manifest present: exact; observation matches; SIGKILL/SIGABRT stop the process; page cache survives
a-nist-pdf-0002-SIGKILL-d5053	A	nist-pdf-0002	each	sigkill/sigabrt-at-delay	SIGKILL @ 5053us	y	n	reopens_ok:226	-	reopens_ok:226	-	226	0	0	ok	Match	Match	PASS	manifest present: exact; observation matches; SIGKILL/SIGABRT stop the process; page cache survives
a-nist-pdf-0002-SIGKILL-d5216	A	nist-pdf-0002	each	sigkill/sigabrt-at-delay	SIGKILL @ 5216us	y	n	reopens_ok:363	-	reopens_ok:363	-	363	0	0	ok	Match	Match	PASS	manifest present: exact; observation matches; SIGKILL/SIGABRT stop the process; page cache survives
a-nist-pdf-0002-SIGKILL-d5216	A	nist-pdf-0002	each	sigkill/sigabrt-at-delay	SIGKILL @ 5216us	y	n	reopens_ok:363	-	reopens_ok:363	-	363	0	0	ok	Match	Match	PASS	manifest present: exact; observation matches; SIGKILL/SIGABRT stop the process; page cache survives
a-nist-pdf-0002-SIGKILL-d5379	A	nist-pdf-0002	each	sigkill/sigabrt-at-delay	SIGKILL @ 5379us	y	n	reopens_ok:363	-	reopens_ok:363	-	363	0	0	ok	Match	Match	PASS	manifest present: exact; observation matches; SIGKILL/SIGABRT stop the process; page cache survives
a-nist-pdf-0002-SIGKILL-d5379	A	nist-pdf-0002	each	sigkill/sigabrt-at-delay	SIGKILL @ 5379us	y	n	reopens_ok:363	-	reopens_ok:363	-	363	0	0	ok	Match	Match	PASS	manifest present: exact; observation matches; SIGKILL/SIGABRT stop the process; page cache survives
a-nist-pdf-0002-SIGKILL-d5542	A	nist-pdf-0002	each	sigkill/sigabrt-at-delay	SIGKILL @ 5542us	y	n	reopens_ok:363	-	reopens_ok:363	-	363	0	0	ok	Match	Match	PASS	manifest present: exact; observation matches; SIGKILL/SIGABRT stop the process; page cache survives
a-nist-pdf-0002-SIGKILL-d5542	A	nist-pdf-0002	each	sigkill/sigabrt-at-delay	SIGKILL @ 5542us	y	n	reopens_ok:363	-	reopens_ok:363	-	363	0	0	ok	Match	Match	PASS	manifest present: exact; observation matches; SIGKILL/SIGABRT stop the process; page cache survives
a-nist-pdf-0002-SIGKILL-d5705	A	nist-pdf-0002	each	sigkill/sigabrt-at-delay	SIGKILL @ 5705us	y	n	reopens_ok:363	-	reopens_ok:363	-	363	0	0	ok	Match	Match	PASS	manifest present: exact; observation matches; SIGKILL/SIGABRT stop the process; page cache survives
a-nist-pdf-0002-SIGKILL-d5705	A	nist-pdf-0002	each	sigkill/sigabrt-at-delay	SIGKILL @ 5705us	y	n	reopens_ok:363	-	reopens_ok:363	-	363	0	0	ok	Match	Match	PASS	manifest present: exact; observation matches; SIGKILL/SIGABRT stop the process; page cache survives
a-nist-pdf-0002-SIGKILL-d5868	A	nist-pdf-0002	each	sigkill/sigabrt-at-delay	SIGKILL @ 5868us	y	n	reopens_ok:363	-	reopens_ok:363	-	363	0	0	ok	Match	Match	PASS	manifest present: exact; observation matches; SIGKILL/SIGABRT stop the process; page cache survives
a-nist-pdf-0002-SIGKILL-d5868	A	nist-pdf-0002	each	sigkill/sigabrt-at-delay	SIGKILL @ 5868us	y	n	reopens_ok:363	-	reopens_ok:363	-	363	0	0	ok	Match	Match	PASS	manifest present: exact; observation matches; SIGKILL/SIGABRT stop the process; page cache survives
a-nist-pdf-0002-SIGKILL-d6031	A	nist-pdf-0002	each	sigkill/sigabrt-at-delay	SIGKILL @ 6031us	y	n	reopens_ok:363	-	reopens_ok:363	-	363	0	0	ok	Match	Match	PASS	manifest present: exact; observation matches; SIGKILL/SIGABRT stop the process; page cache survives
a-nist-pdf-0002-SIGKILL-d6031	A	nist-pdf-0002	each	sigkill/sigabrt-at-delay	SIGKILL @ 6031us	y	n	reopens_ok:363	-	reopens_ok:363	-	363	0	0	ok	Match	Match	PASS	manifest present: exact; observation matches; SIGKILL/SIGABRT stop the process; page cache survives
a-nist-pdf-0002-SIGKILL-d6194	A	nist-pdf-0002	each	sigkill/sigabrt-at-delay	SIGKILL @ 6194us	y	n	reopens_ok:363	-	reopens_ok:363	-	363	0	0	ok	Match	Match	PASS	manifest present: exact; observation matches; SIGKILL/SIGABRT stop the process; page cache survives
a-nist-pdf-0002-SIGKILL-d6194	A	nist-pdf-0002	each	sigkill/sigabrt-at-delay	SIGKILL @ 6194us	y	n	reopens_ok:363	-	reopens_ok:363	-	363	0	0	ok	Match	Match	PASS	manifest present: exact; observation matches; SIGKILL/SIGABRT stop the process; page cache survives
a-nist-pdf-0002-SIGKILL-d6357	A	nist-pdf-0002	each	sigkill/sigabrt-at-delay	SIGKILL @ 6357us	y	n	reopens_ok:363	-	reopens_ok:363	-	363	0	0	ok	Match	Match	PASS	manifest present: exact; observation matches; SIGKILL/SIGABRT stop the process; page cache survives
a-nist-pdf-0002-SIGKILL-d6357	A	nist-pdf-0002	each	sigkill/sigabrt-at-delay	SIGKILL @ 6357us	y	n	reopens_ok:363	-	reopens_ok:363	-	363	0	0	ok	Match	Match	PASS	manifest present: exact; observation matches; SIGKILL/SIGABRT stop the process; page cache survives
a-nist-pdf-0002-SIGKILL-d6520	A	nist-pdf-0002	each	sigkill/sigabrt-at-delay	SIGKILL @ 6520us	y	n	reopens_ok:363	-	reopens_ok:363	-	363	0	0	ok	Match	Match	PASS	manifest present: exact; observation matches; SIGKILL/SIGABRT stop the process; page cache survives
a-nist-pdf-0002-SIGKILL-d6520	A	nist-pdf-0002	each	sigkill/sigabrt-at-delay	SIGKILL @ 6520us	y	n	reopens_ok:528	-	reopens_ok:528	-	528	0	0	ok	Match	Match	PASS	manifest present: exact; observation matches; SIGKILL/SIGABRT stop the process; page cache survives
a-nist-pdf-0002-SIGKILL-d6683	A	nist-pdf-0002	each	sigkill/sigabrt-at-delay	SIGKILL @ 6683us	y	n	reopens_ok:528	-	reopens_ok:528	-	528	0	0	ok	Match	Match	PASS	manifest present: exact; observation matches; SIGKILL/SIGABRT stop the process; page cache survives
a-nist-pdf-0002-SIGKILL-d6683	A	nist-pdf-0002	each	sigkill/sigabrt-at-delay	SIGKILL @ 6683us	y	n	reopens_ok:363	-	reopens_ok:363	-	363	0	0	ok	Match	Match	PASS	manifest present: exact; observation matches; SIGKILL/SIGABRT stop the process; page cache survives
a-nist-pdf-0002-SIGKILL-d6846	A	nist-pdf-0002	each	sigkill/sigabrt-at-delay	SIGKILL @ 6846us	y	n	reopens_ok:528	-	reopens_ok:528	-	528	0	0	ok	Match	Match	PASS	manifest present: exact; observation matches; SIGKILL/SIGABRT stop the process; page cache survives
a-nist-pdf-0002-SIGKILL-d6846	A	nist-pdf-0002	each	sigkill/sigabrt-at-delay	SIGKILL @ 6846us	y	n	reopens_ok:528	-	reopens_ok:528	-	528	0	0	ok	Match	Match	PASS	manifest present: exact; observation matches; SIGKILL/SIGABRT stop the process; page cache survives
a-nist-pdf-0002-SIGKILL-d7009	A	nist-pdf-0002	each	sigkill/sigabrt-at-delay	SIGKILL @ 7009us	y	n	reopens_ok:528	-	reopens_ok:528	-	528	0	0	ok	Match	Match	PASS	manifest present: exact; observation matches; SIGKILL/SIGABRT stop the process; page cache survives
a-nist-pdf-0002-SIGKILL-d7009	A	nist-pdf-0002	each	sigkill/sigabrt-at-delay	SIGKILL @ 7009us	y	n	reopens_ok:528	-	reopens_ok:528	-	528	0	0	ok	Match	Match	PASS	manifest present: exact; observation matches; SIGKILL/SIGABRT stop the process; page cache survives
a-nist-pdf-0002-SIGKILL-d7172	A	nist-pdf-0002	each	sigkill/sigabrt-at-delay	SIGKILL @ 7172us	y	n	reopens_ok:528	-	reopens_ok:528	-	528	0	0	ok	Match	Match	PASS	manifest present: exact; observation matches; SIGKILL/SIGABRT stop the process; page cache survives
a-nist-pdf-0002-SIGKILL-d7172	A	nist-pdf-0002	each	sigkill/sigabrt-at-delay	SIGKILL @ 7172us	y	n	reopens_ok:528	-	reopens_ok:528	-	528	0	0	ok	Match	Match	PASS	manifest present: exact; observation matches; SIGKILL/SIGABRT stop the process; page cache survives
a-nist-pdf-0002-SIGKILL-d7335	A	nist-pdf-0002	each	sigkill/sigabrt-at-delay	SIGKILL @ 7335us	y	n	reopens_ok:528	-	reopens_ok:528	-	528	0	0	ok	Match	Match	PASS	manifest present: exact; observation matches; SIGKILL/SIGABRT stop the process; page cache survives
a-nist-pdf-0002-SIGKILL-d7335	A	nist-pdf-0002	each	sigkill/sigabrt-at-delay	SIGKILL @ 7335us	y	n	reopens_ok:528	-	reopens_ok:528	-	528	0	0	ok	Match	Match	PASS	manifest present: exact; observation matches; SIGKILL/SIGABRT stop the process; page cache survives
a-nist-pdf-0002-SIGKILL-d7498	A	nist-pdf-0002	each	sigkill/sigabrt-at-delay	SIGKILL @ 7498us	y	n	reopens_ok:528	-	reopens_ok:528	-	528	0	0	ok	Match	Match	PASS	manifest present: exact; observation matches; SIGKILL/SIGABRT stop the process; page cache survives
a-nist-pdf-0002-SIGKILL-d7498	A	nist-pdf-0002	each	sigkill/sigabrt-at-delay	SIGKILL @ 7498us	y	n	reopens_ok:528	-	reopens_ok:528	-	528	0	0	ok	Match	Match	PASS	manifest present: exact; observation matches; SIGKILL/SIGABRT stop the process; page cache survives
a-nist-pdf-0002-SIGKILL-d7661	A	nist-pdf-0002	each	sigkill/sigabrt-at-delay	SIGKILL @ 7661us	y	n	reopens_ok:528	-	reopens_ok:528	-	528	0	0	ok	Match	Match	PASS	manifest present: exact; observation matches; SIGKILL/SIGABRT stop the process; page cache survives
a-nist-pdf-0002-SIGKILL-d7661	A	nist-pdf-0002	each	sigkill/sigabrt-at-delay	SIGKILL @ 7661us	y	n	reopens_ok:528	-	reopens_ok:528	-	528	0	0	ok	Match	Match	PASS	manifest present: exact; observation matches; SIGKILL/SIGABRT stop the process; page cache survives
a-nist-pdf-0002-SIGKILL-d7824	A	nist-pdf-0002	each	sigkill/sigabrt-at-delay	SIGKILL @ 7824us	y	n	reopens_ok:528	-	reopens_ok:528	-	528	0	0	ok	Match	Match	PASS	manifest present: exact; observation matches; SIGKILL/SIGABRT stop the process; page cache survives
a-nist-pdf-0002-SIGKILL-d7824	A	nist-pdf-0002	each	sigkill/sigabrt-at-delay	SIGKILL @ 7824us	y	n	reopens_ok:528	-	reopens_ok:528	-	528	0	0	ok	Match	Match	PASS	manifest present: exact; observation matches; SIGKILL/SIGABRT stop the process; page cache survives
a-nist-pdf-0002-SIGKILL-d7987	A	nist-pdf-0002	each	sigkill/sigabrt-at-delay	SIGKILL @ 7987us	y	n	reopens_ok:528	-	reopens_ok:528	-	528	0	0	ok	Match	Match	PASS	manifest present: exact; observation matches; SIGKILL/SIGABRT stop the process; page cache survives
a-nist-pdf-0002-SIGKILL-d7987	A	nist-pdf-0002	each	sigkill/sigabrt-at-delay	SIGKILL @ 7987us	y	n	reopens_ok:528	-	reopens_ok:528	-	528	0	0	ok	Match	Match	PASS	manifest present: exact; observation matches; SIGKILL/SIGABRT stop the process; page cache survives
a-nist-pdf-0002-SIGKILL-d8150	A	nist-pdf-0002	each	sigkill/sigabrt-at-delay	SIGKILL @ 8150us	y	n	reopens_ok:528	-	reopens_ok:528	-	528	0	0	ok	Match	Match	PASS	manifest present: exact; observation matches; SIGKILL/SIGABRT stop the process; page cache survives
a-nist-pdf-0002-SIGKILL-d8150	A	nist-pdf-0002	each	sigkill/sigabrt-at-delay	SIGKILL @ 8150us	y	n	reopens_ok:528	-	reopens_ok:528	-	528	0	0	ok	Match	Match	PASS	manifest present: exact; observation matches; SIGKILL/SIGABRT stop the process; page cache survives
a-nist-pdf-0002-SIGKILL-d8313	A	nist-pdf-0002	each	sigkill/sigabrt-at-delay	SIGKILL @ 8313us	y	n	reopens_ok:528	-	reopens_ok:528	-	528	0	0	ok	Match	Match	PASS	manifest present: exact; observation matches; SIGKILL/SIGABRT stop the process; page cache survives
a-nist-pdf-0002-SIGKILL-d8313	A	nist-pdf-0002	each	sigkill/sigabrt-at-delay	SIGKILL @ 8313us	y	n	reopens_ok:528	-	reopens_ok:528	-	528	0	0	ok	Match	Match	PASS	manifest present: exact; observation matches; SIGKILL/SIGABRT stop the process; page cache survives
a-nist-pdf-0002-SIGKILL-d8476	A	nist-pdf-0002	each	sigkill/sigabrt-at-delay	SIGKILL @ 8476us	y	n	reopens_ok:528	-	reopens_ok:528	-	528	0	0	ok	Match	Match	PASS	manifest present: exact; observation matches; SIGKILL/SIGABRT stop the process; page cache survives
a-nist-pdf-0002-SIGKILL-d8476	A	nist-pdf-0002	each	sigkill/sigabrt-at-delay	SIGKILL @ 8476us	y	n	reopens_ok:581	-	reopens_ok:581	-	581	0	0	ok	Match	Match	PASS	manifest present: exact; observation matches; SIGKILL/SIGABRT stop the process; page cache survives
a-nist-pdf-0002-SIGKILL-d8639	A	nist-pdf-0002	each	sigkill/sigabrt-at-delay	SIGKILL @ 8639us	y	n	reopens_ok:581	-	reopens_ok:581	-	581	0	0	ok	Match	Match	PASS	manifest present: exact; observation matches; SIGKILL/SIGABRT stop the process; page cache survives
a-nist-pdf-0002-SIGKILL-d8639	A	nist-pdf-0002	each	sigkill/sigabrt-at-delay	SIGKILL @ 8639us	y	y	reopens_ok:581	-	reopens_ok:581	-	581	0	0	ok	Match	Match	PASS	manifest present: exact; observation matches; SIGKILL/SIGABRT stop the process; page cache survives
a-nist-pdf-0002-SIGKILL-d8802	A	nist-pdf-0002	each	sigkill/sigabrt-at-delay	SIGKILL @ 8802us	y	y	reopens_ok:581	-	reopens_ok:581	-	581	0	0	ok	Match	Match	PASS	manifest present: exact; observation matches; SIGKILL/SIGABRT stop the process; page cache survives
a-nist-pdf-0002-SIGKILL-d8802	A	nist-pdf-0002	each	sigkill/sigabrt-at-delay	SIGKILL @ 8802us	y	y	reopens_ok:581	-	reopens_ok:581	-	581	0	0	ok	Match	Match	PASS	manifest present: exact; observation matches; SIGKILL/SIGABRT stop the process; page cache survives
a-nist-pdf-0002-SIGKILL-d8965	A	nist-pdf-0002	each	sigkill/sigabrt-at-delay	SIGKILL @ 8965us	y	n	reopens_ok:581	-	reopens_ok:581	-	581	0	0	ok	Match	Match	PASS	manifest present: exact; observation matches; SIGKILL/SIGABRT stop the process; page cache survives
a-nist-pdf-0002-SIGKILL-d8965	A	nist-pdf-0002	each	sigkill/sigabrt-at-delay	SIGKILL @ 8965us	y	y	reopens_ok:581	-	reopens_ok:581	-	581	0	0	ok	Match	Match	PASS	manifest present: exact; observation matches; SIGKILL/SIGABRT stop the process; page cache survives
a-nist-pdf-0002-SIGKILL-d9128	A	nist-pdf-0002	each	sigkill/sigabrt-at-delay	SIGKILL @ 9128us	y	y	reopens_ok:581	-	reopens_ok:581	-	581	0	0	ok	Match	Match	PASS	manifest present: exact; observation matches; SIGKILL/SIGABRT stop the process; page cache survives
a-nist-pdf-0002-SIGKILL-d9128	A	nist-pdf-0002	each	sigkill/sigabrt-at-delay	SIGKILL @ 9128us	y	n	reopens_ok:581	-	reopens_ok:581	-	581	0	0	ok	Match	Match	PASS	manifest present: exact; observation matches; SIGKILL/SIGABRT stop the process; page cache survives
a-nist-pdf-0002-SIGKILL-d9291	A	nist-pdf-0002	each	sigkill/sigabrt-at-delay	SIGKILL @ 9291us	y	y	reopens_ok:581	-	reopens_ok:581	-	581	0	0	ok	Match	Match	PASS	manifest present: exact; observation matches; SIGKILL/SIGABRT stop the process; page cache survives
a-nist-pdf-0002-SIGKILL-d9291	A	nist-pdf-0002	each	sigkill/sigabrt-at-delay	SIGKILL @ 9291us	y	y	reopens_ok:581	-	reopens_ok:581	-	581	0	0	ok	Match	Match	PASS	manifest present: exact; observation matches; SIGKILL/SIGABRT stop the process; page cache survives
a-nist-pdf-0002-SIGKILL-after-manifest	A	nist-pdf-0002	each	sigkill/sigabrt-at-boundary	SIGKILL @ after-manifest	y	n	reopens_ok:1	-	reopens_ok:1	-	1	0	0	ok	Match	Match	PASS	manifest present: exact; observation matches; polled to the manifest/index publication window
a-nist-pdf-0002-SIGKILL-after-manifest	A	nist-pdf-0002	each	sigkill/sigabrt-at-boundary	SIGKILL @ after-manifest	y	n	reopens_ok:1	-	reopens_ok:1	-	1	0	0	ok	Match	Match	PASS	manifest present: exact; observation matches; polled to the manifest/index publication window
a-nist-pdf-0002-SIGKILL-after-manifest	A	nist-pdf-0002	each	sigkill/sigabrt-at-boundary	SIGKILL @ after-manifest	y	n	reopens_ok:1	-	reopens_ok:1	-	1	0	0	ok	Match	Match	PASS	manifest present: exact; observation matches; polled to the manifest/index publication window
a-nist-pdf-0002-SIGKILL-after-manifest	A	nist-pdf-0002	each	sigkill/sigabrt-at-boundary	SIGKILL @ after-manifest	y	n	reopens_ok:1	-	reopens_ok:1	-	1	0	0	ok	Match	Match	PASS	manifest present: exact; observation matches; polled to the manifest/index publication window
a-nist-pdf-0002-SIGKILL-after-manifest	A	nist-pdf-0002	each	sigkill/sigabrt-at-boundary	SIGKILL @ after-manifest	y	n	reopens_ok:1	-	reopens_ok:1	-	1	0	0	ok	Match	Match	PASS	manifest present: exact; observation matches; polled to the manifest/index publication window
a-nist-pdf-0002-SIGKILL-after-manifest	A	nist-pdf-0002	each	sigkill/sigabrt-at-boundary	SIGKILL @ after-manifest	y	n	reopens_ok:1	-	reopens_ok:1	-	1	0	0	ok	Match	Match	PASS	manifest present: exact; observation matches; polled to the manifest/index publication window
a-nist-pdf-0002-SIGKILL-after-idx	A	nist-pdf-0002	each	sigkill/sigabrt-at-boundary	SIGKILL @ after-idx	y	y	reopens_ok:581	-	reopens_ok:581	-	581	0	0	ok	Match	Match	PASS	manifest present: exact; observation matches; polled to the manifest/index publication window
a-nist-pdf-0002-SIGKILL-after-idx	A	nist-pdf-0002	each	sigkill/sigabrt-at-boundary	SIGKILL @ after-idx	y	y	reopens_ok:581	-	reopens_ok:581	-	581	0	0	ok	Match	Match	PASS	manifest present: exact; observation matches; polled to the manifest/index publication window
a-nist-pdf-0002-SIGKILL-after-idx	A	nist-pdf-0002	each	sigkill/sigabrt-at-boundary	SIGKILL @ after-idx	y	y	reopens_ok:581	-	reopens_ok:581	-	581	0	0	ok	Match	Match	PASS	manifest present: exact; observation matches; polled to the manifest/index publication window
a-nist-pdf-0002-SIGKILL-after-idx	A	nist-pdf-0002	each	sigkill/sigabrt-at-boundary	SIGKILL @ after-idx	y	y	reopens_ok:581	-	reopens_ok:581	-	581	0	0	ok	Match	Match	PASS	manifest present: exact; observation matches; polled to the manifest/index publication window
a-nist-pdf-0002-SIGKILL-after-idx	A	nist-pdf-0002	each	sigkill/sigabrt-at-boundary	SIGKILL @ after-idx	y	y	reopens_ok:581	-	reopens_ok:581	-	581	0	0	ok	Match	Match	PASS	manifest present: exact; observation matches; polled to the manifest/index publication window
a-nist-pdf-0002-SIGKILL-after-idx	A	nist-pdf-0002	each	sigkill/sigabrt-at-boundary	SIGKILL @ after-idx	y	y	reopens_ok:581	-	reopens_ok:581	-	581	0	0	ok	Match	Match	PASS	manifest present: exact; observation matches; polled to the manifest/index publication window
a-nist-pdf-0002-SIGABRT-d0	A	nist-pdf-0002	each	sigkill/sigabrt-at-delay	SIGABRT @ 0us	y	y	reopens_ok:581	-	reopens_ok:581	-	581	0	0	ok	Match	Match	PASS	manifest present: exact; observation matches; SIGKILL/SIGABRT stop the process; page cache survives
a-nist-pdf-0002-SIGABRT-d0	A	nist-pdf-0002	each	sigkill/sigabrt-at-delay	SIGABRT @ 0us	y	y	reopens_ok:581	-	reopens_ok:581	-	581	0	0	ok	Match	Match	PASS	manifest present: exact; observation matches; SIGKILL/SIGABRT stop the process; page cache survives
a-nist-pdf-0002-SIGABRT-d163	A	nist-pdf-0002	each	sigkill/sigabrt-at-delay	SIGABRT @ 163us	y	y	reopens_ok:581	-	reopens_ok:581	-	581	0	0	ok	Match	Match	PASS	manifest present: exact; observation matches; SIGKILL/SIGABRT stop the process; page cache survives
a-nist-pdf-0002-SIGABRT-d163	A	nist-pdf-0002	each	sigkill/sigabrt-at-delay	SIGABRT @ 163us	y	y	reopens_ok:581	-	reopens_ok:581	-	581	0	0	ok	Match	Match	PASS	manifest present: exact; observation matches; SIGKILL/SIGABRT stop the process; page cache survives
a-nist-pdf-0002-SIGABRT-d326	A	nist-pdf-0002	each	sigkill/sigabrt-at-delay	SIGABRT @ 326us	y	y	reopens_ok:581	-	reopens_ok:581	-	581	0	0	ok	Match	Match	PASS	manifest present: exact; observation matches; SIGKILL/SIGABRT stop the process; page cache survives
a-nist-pdf-0002-SIGABRT-d326	A	nist-pdf-0002	each	sigkill/sigabrt-at-delay	SIGABRT @ 326us	y	y	reopens_ok:581	-	reopens_ok:581	-	581	0	0	ok	Match	Match	PASS	manifest present: exact; observation matches; SIGKILL/SIGABRT stop the process; page cache survives
a-nist-pdf-0002-SIGABRT-d489	A	nist-pdf-0002	each	sigkill/sigabrt-at-delay	SIGABRT @ 489us	y	y	reopens_ok:581	-	reopens_ok:581	-	581	0	0	ok	Match	Match	PASS	manifest present: exact; observation matches; SIGKILL/SIGABRT stop the process; page cache survives
a-nist-pdf-0002-SIGABRT-d489	A	nist-pdf-0002	each	sigkill/sigabrt-at-delay	SIGABRT @ 489us	y	y	reopens_ok:581	-	reopens_ok:581	-	581	0	0	ok	Match	Match	PASS	manifest present: exact; observation matches; SIGKILL/SIGABRT stop the process; page cache survives
a-nist-pdf-0002-SIGABRT-d652	A	nist-pdf-0002	each	sigkill/sigabrt-at-delay	SIGABRT @ 652us	y	y	reopens_ok:581	-	reopens_ok:581	-	581	0	0	ok	Match	Match	PASS	manifest present: exact; observation matches; SIGKILL/SIGABRT stop the process; page cache survives
a-nist-pdf-0002-SIGABRT-d652	A	nist-pdf-0002	each	sigkill/sigabrt-at-delay	SIGABRT @ 652us	y	y	reopens_ok:581	-	reopens_ok:581	-	581	0	0	ok	Match	Match	PASS	manifest present: exact; observation matches; SIGKILL/SIGABRT stop the process; page cache survives
a-nist-pdf-0002-SIGABRT-d815	A	nist-pdf-0002	each	sigkill/sigabrt-at-delay	SIGABRT @ 815us	y	y	reopens_ok:581	-	reopens_ok:581	-	581	0	0	ok	Match	Match	PASS	manifest present: exact; observation matches; SIGKILL/SIGABRT stop the process; page cache survives
a-nist-pdf-0002-SIGABRT-d815	A	nist-pdf-0002	each	sigkill/sigabrt-at-delay	SIGABRT @ 815us	y	y	reopens_ok:581	-	reopens_ok:581	-	581	0	0	ok	Match	Match	PASS	manifest present: exact; observation matches; SIGKILL/SIGABRT stop the process; page cache survives
a-nist-pdf-0002-SIGABRT-d978	A	nist-pdf-0002	each	sigkill/sigabrt-at-delay	SIGABRT @ 978us	y	y	reopens_ok:581	-	reopens_ok:581	-	581	0	0	ok	Match	Match	PASS	manifest present: exact; observation matches; SIGKILL/SIGABRT stop the process; page cache survives
a-nist-pdf-0002-SIGABRT-d978	A	nist-pdf-0002	each	sigkill/sigabrt-at-delay	SIGABRT @ 978us	y	y	reopens_ok:581	-	reopens_ok:581	-	581	0	0	ok	Match	Match	PASS	manifest present: exact; observation matches; SIGKILL/SIGABRT stop the process; page cache survives
a-nist-pdf-0002-SIGABRT-d1141	A	nist-pdf-0002	each	sigkill/sigabrt-at-delay	SIGABRT @ 1141us	y	y	reopens_ok:581	-	reopens_ok:581	-	581	0	0	ok	Match	Match	PASS	manifest present: exact; observation matches; SIGKILL/SIGABRT stop the process; page cache survives
a-nist-pdf-0002-SIGABRT-d1141	A	nist-pdf-0002	each	sigkill/sigabrt-at-delay	SIGABRT @ 1141us	y	y	reopens_ok:581	-	reopens_ok:581	-	581	0	0	ok	Match	Match	PASS	manifest present: exact; observation matches; SIGKILL/SIGABRT stop the process; page cache survives
a-nist-pdf-0002-SIGABRT-d1304	A	nist-pdf-0002	each	sigkill/sigabrt-at-delay	SIGABRT @ 1304us	y	y	reopens_ok:581	-	reopens_ok:581	-	581	0	0	ok	Match	Match	PASS	manifest present: exact; observation matches; SIGKILL/SIGABRT stop the process; page cache survives
a-nist-pdf-0002-SIGABRT-d1304	A	nist-pdf-0002	each	sigkill/sigabrt-at-delay	SIGABRT @ 1304us	y	y	reopens_ok:581	-	reopens_ok:581	-	581	0	0	ok	Match	Match	PASS	manifest present: exact; observation matches; SIGKILL/SIGABRT stop the process; page cache survives
a-nist-pdf-0002-SIGABRT-d1467	A	nist-pdf-0002	each	sigkill/sigabrt-at-delay	SIGABRT @ 1467us	y	y	reopens_ok:581	-	reopens_ok:581	-	581	0	0	ok	Match	Match	PASS	manifest present: exact; observation matches; SIGKILL/SIGABRT stop the process; page cache survives
a-nist-pdf-0002-SIGABRT-d1467	A	nist-pdf-0002	each	sigkill/sigabrt-at-delay	SIGABRT @ 1467us	y	y	reopens_ok:581	-	reopens_ok:581	-	581	0	0	ok	Match	Match	PASS	manifest present: exact; observation matches; SIGKILL/SIGABRT stop the process; page cache survives
a-nist-pdf-0002-SIGABRT-d1630	A	nist-pdf-0002	each	sigkill/sigabrt-at-delay	SIGABRT @ 1630us	y	y	reopens_ok:581	-	reopens_ok:581	-	581	0	0	ok	Match	Match	PASS	manifest present: exact; observation matches; SIGKILL/SIGABRT stop the process; page cache survives
a-nist-pdf-0002-SIGABRT-d1630	A	nist-pdf-0002	each	sigkill/sigabrt-at-delay	SIGABRT @ 1630us	y	y	reopens_ok:581	-	reopens_ok:581	-	581	0	0	ok	Match	Match	PASS	manifest present: exact; observation matches; SIGKILL/SIGABRT stop the process; page cache survives
a-nist-pdf-0002-SIGABRT-d1793	A	nist-pdf-0002	each	sigkill/sigabrt-at-delay	SIGABRT @ 1793us	y	y	reopens_ok:581	-	reopens_ok:581	-	581	0	0	ok	Match	Match	PASS	manifest present: exact; observation matches; SIGKILL/SIGABRT stop the process; page cache survives
a-nist-pdf-0002-SIGABRT-d1793	A	nist-pdf-0002	each	sigkill/sigabrt-at-delay	SIGABRT @ 1793us	y	y	reopens_ok:581	-	reopens_ok:581	-	581	0	0	ok	Match	Match	PASS	manifest present: exact; observation matches; SIGKILL/SIGABRT stop the process; page cache survives
a-nist-pdf-0002-SIGABRT-d1956	A	nist-pdf-0002	each	sigkill/sigabrt-at-delay	SIGABRT @ 1956us	y	y	reopens_ok:581	-	reopens_ok:581	-	581	0	0	ok	Match	Match	PASS	manifest present: exact; observation matches; SIGKILL/SIGABRT stop the process; page cache survives
a-nist-pdf-0002-SIGABRT-d1956	A	nist-pdf-0002	each	sigkill/sigabrt-at-delay	SIGABRT @ 1956us	y	y	reopens_ok:581	-	reopens_ok:581	-	581	0	0	ok	Match	Match	PASS	manifest present: exact; observation matches; SIGKILL/SIGABRT stop the process; page cache survives
a-nist-pdf-0002-SIGABRT-d2119	A	nist-pdf-0002	each	sigkill/sigabrt-at-delay	SIGABRT @ 2119us	y	y	reopens_ok:581	-	reopens_ok:581	-	581	0	0	ok	Match	Match	PASS	manifest present: exact; observation matches; SIGKILL/SIGABRT stop the process; page cache survives
a-nist-pdf-0002-SIGABRT-d2119	A	nist-pdf-0002	each	sigkill/sigabrt-at-delay	SIGABRT @ 2119us	y	y	reopens_ok:581	-	reopens_ok:581	-	581	0	0	ok	Match	Match	PASS	manifest present: exact; observation matches; SIGKILL/SIGABRT stop the process; page cache survives
a-nist-pdf-0002-SIGABRT-d2282	A	nist-pdf-0002	each	sigkill/sigabrt-at-delay	SIGABRT @ 2282us	y	y	reopens_ok:581	-	reopens_ok:581	-	581	0	0	ok	Match	Match	PASS	manifest present: exact; observation matches; SIGKILL/SIGABRT stop the process; page cache survives
a-nist-pdf-0002-SIGABRT-d2282	A	nist-pdf-0002	each	sigkill/sigabrt-at-delay	SIGABRT @ 2282us	y	y	reopens_ok:581	-	reopens_ok:581	-	581	0	0	ok	Match	Match	PASS	manifest present: exact; observation matches; SIGKILL/SIGABRT stop the process; page cache survives
a-nist-pdf-0002-SIGABRT-d2445	A	nist-pdf-0002	each	sigkill/sigabrt-at-delay	SIGABRT @ 2445us	y	y	reopens_ok:581	-	reopens_ok:581	-	581	0	0	ok	Match	Match	PASS	manifest present: exact; observation matches; SIGKILL/SIGABRT stop the process; page cache survives
a-nist-pdf-0002-SIGABRT-d2445	A	nist-pdf-0002	each	sigkill/sigabrt-at-delay	SIGABRT @ 2445us	y	y	reopens_ok:581	-	reopens_ok:581	-	581	0	0	ok	Match	Match	PASS	manifest present: exact; observation matches; SIGKILL/SIGABRT stop the process; page cache survives
a-nist-pdf-0002-SIGABRT-d2608	A	nist-pdf-0002	each	sigkill/sigabrt-at-delay	SIGABRT @ 2608us	y	y	reopens_ok:581	-	reopens_ok:581	-	581	0	0	ok	Match	Match	PASS	manifest present: exact; observation matches; SIGKILL/SIGABRT stop the process; page cache survives
a-nist-pdf-0002-SIGABRT-d2608	A	nist-pdf-0002	each	sigkill/sigabrt-at-delay	SIGABRT @ 2608us	y	y	reopens_ok:581	-	reopens_ok:581	-	581	0	0	ok	Match	Match	PASS	manifest present: exact; observation matches; SIGKILL/SIGABRT stop the process; page cache survives
a-nist-pdf-0002-SIGABRT-d2771	A	nist-pdf-0002	each	sigkill/sigabrt-at-delay	SIGABRT @ 2771us	y	y	reopens_ok:581	-	reopens_ok:581	-	581	0	0	ok	Match	Match	PASS	manifest present: exact; observation matches; SIGKILL/SIGABRT stop the process; page cache survives
a-nist-pdf-0002-SIGABRT-d2771	A	nist-pdf-0002	each	sigkill/sigabrt-at-delay	SIGABRT @ 2771us	y	y	reopens_ok:581	-	reopens_ok:581	-	581	0	0	ok	Match	Match	PASS	manifest present: exact; observation matches; SIGKILL/SIGABRT stop the process; page cache survives
a-nist-pdf-0002-SIGABRT-d2934	A	nist-pdf-0002	each	sigkill/sigabrt-at-delay	SIGABRT @ 2934us	y	y	reopens_ok:581	-	reopens_ok:581	-	581	0	0	ok	Match	Match	PASS	manifest present: exact; observation matches; SIGKILL/SIGABRT stop the process; page cache survives
a-nist-pdf-0002-SIGABRT-d2934	A	nist-pdf-0002	each	sigkill/sigabrt-at-delay	SIGABRT @ 2934us	y	y	reopens_ok:581	-	reopens_ok:581	-	581	0	0	ok	Match	Match	PASS	manifest present: exact; observation matches; SIGKILL/SIGABRT stop the process; page cache survives
a-nist-pdf-0002-SIGABRT-d3097	A	nist-pdf-0002	each	sigkill/sigabrt-at-delay	SIGABRT @ 3097us	y	y	reopens_ok:581	-	reopens_ok:581	-	581	0	0	ok	Match	Match	PASS	manifest present: exact; observation matches; SIGKILL/SIGABRT stop the process; page cache survives
a-nist-pdf-0002-SIGABRT-d3097	A	nist-pdf-0002	each	sigkill/sigabrt-at-delay	SIGABRT @ 3097us	y	y	reopens_ok:581	-	reopens_ok:581	-	581	0	0	ok	Match	Match	PASS	manifest present: exact; observation matches; SIGKILL/SIGABRT stop the process; page cache survives
a-nist-pdf-0002-SIGABRT-d3260	A	nist-pdf-0002	each	sigkill/sigabrt-at-delay	SIGABRT @ 3260us	y	y	reopens_ok:581	-	reopens_ok:581	-	581	0	0	ok	Match	Match	PASS	manifest present: exact; observation matches; SIGKILL/SIGABRT stop the process; page cache survives
a-nist-pdf-0002-SIGABRT-d3260	A	nist-pdf-0002	each	sigkill/sigabrt-at-delay	SIGABRT @ 3260us	y	y	reopens_ok:581	-	reopens_ok:581	-	581	0	0	ok	Match	Match	PASS	manifest present: exact; observation matches; SIGKILL/SIGABRT stop the process; page cache survives
a-nist-pdf-0002-SIGABRT-d3423	A	nist-pdf-0002	each	sigkill/sigabrt-at-delay	SIGABRT @ 3423us	y	y	reopens_ok:581	-	reopens_ok:581	-	581	0	0	ok	Match	Match	PASS	manifest present: exact; observation matches; SIGKILL/SIGABRT stop the process; page cache survives
a-nist-pdf-0002-SIGABRT-d3423	A	nist-pdf-0002	each	sigkill/sigabrt-at-delay	SIGABRT @ 3423us	y	y	reopens_ok:581	-	reopens_ok:581	-	581	0	0	ok	Match	Match	PASS	manifest present: exact; observation matches; SIGKILL/SIGABRT stop the process; page cache survives
a-nist-pdf-0002-SIGABRT-d3586	A	nist-pdf-0002	each	sigkill/sigabrt-at-delay	SIGABRT @ 3586us	y	y	reopens_ok:581	-	reopens_ok:581	-	581	0	0	ok	Match	Match	PASS	manifest present: exact; observation matches; SIGKILL/SIGABRT stop the process; page cache survives
a-nist-pdf-0002-SIGABRT-d3586	A	nist-pdf-0002	each	sigkill/sigabrt-at-delay	SIGABRT @ 3586us	y	y	reopens_ok:581	-	reopens_ok:581	-	581	0	0	ok	Match	Match	PASS	manifest present: exact; observation matches; SIGKILL/SIGABRT stop the process; page cache survives
a-nist-pdf-0002-SIGABRT-d3749	A	nist-pdf-0002	each	sigkill/sigabrt-at-delay	SIGABRT @ 3749us	y	y	reopens_ok:581	-	reopens_ok:581	-	581	0	0	ok	Match	Match	PASS	manifest present: exact; observation matches; SIGKILL/SIGABRT stop the process; page cache survives
a-nist-pdf-0002-SIGABRT-d3749	A	nist-pdf-0002	each	sigkill/sigabrt-at-delay	SIGABRT @ 3749us	y	y	reopens_ok:581	-	reopens_ok:581	-	581	0	0	ok	Match	Match	PASS	manifest present: exact; observation matches; SIGKILL/SIGABRT stop the process; page cache survives
a-nist-pdf-0002-SIGABRT-d3912	A	nist-pdf-0002	each	sigkill/sigabrt-at-delay	SIGABRT @ 3912us	y	y	reopens_ok:581	-	reopens_ok:581	-	581	0	0	ok	Match	Match	PASS	manifest present: exact; observation matches; SIGKILL/SIGABRT stop the process; page cache survives
a-nist-pdf-0002-SIGABRT-d3912	A	nist-pdf-0002	each	sigkill/sigabrt-at-delay	SIGABRT @ 3912us	y	y	reopens_ok:581	-	reopens_ok:581	-	581	0	0	ok	Match	Match	PASS	manifest present: exact; observation matches; SIGKILL/SIGABRT stop the process; page cache survives
a-nist-pdf-0002-SIGABRT-d4075	A	nist-pdf-0002	each	sigkill/sigabrt-at-delay	SIGABRT @ 4075us	y	y	reopens_ok:581	-	reopens_ok:581	-	581	0	0	ok	Match	Match	PASS	manifest present: exact; observation matches; SIGKILL/SIGABRT stop the process; page cache survives
a-nist-pdf-0002-SIGABRT-d4075	A	nist-pdf-0002	each	sigkill/sigabrt-at-delay	SIGABRT @ 4075us	y	y	reopens_ok:581	-	reopens_ok:581	-	581	0	0	ok	Match	Match	PASS	manifest present: exact; observation matches; SIGKILL/SIGABRT stop the process; page cache survives
a-nist-pdf-0002-SIGABRT-d4238	A	nist-pdf-0002	each	sigkill/sigabrt-at-delay	SIGABRT @ 4238us	y	y	reopens_ok:581	-	reopens_ok:581	-	581	0	0	ok	Match	Match	PASS	manifest present: exact; observation matches; SIGKILL/SIGABRT stop the process; page cache survives
a-nist-pdf-0002-SIGABRT-d4238	A	nist-pdf-0002	each	sigkill/sigabrt-at-delay	SIGABRT @ 4238us	y	y	reopens_ok:581	-	reopens_ok:581	-	581	0	0	ok	Match	Match	PASS	manifest present: exact; observation matches; SIGKILL/SIGABRT stop the process; page cache survives
a-nist-pdf-0002-SIGABRT-d4401	A	nist-pdf-0002	each	sigkill/sigabrt-at-delay	SIGABRT @ 4401us	y	y	reopens_ok:581	-	reopens_ok:581	-	581	0	0	ok	Match	Match	PASS	manifest present: exact; observation matches; SIGKILL/SIGABRT stop the process; page cache survives
a-nist-pdf-0002-SIGABRT-d4401	A	nist-pdf-0002	each	sigkill/sigabrt-at-delay	SIGABRT @ 4401us	y	y	reopens_ok:581	-	reopens_ok:581	-	581	0	0	ok	Match	Match	PASS	manifest present: exact; observation matches; SIGKILL/SIGABRT stop the process; page cache survives
a-nist-pdf-0002-SIGABRT-d4564	A	nist-pdf-0002	each	sigkill/sigabrt-at-delay	SIGABRT @ 4564us	y	y	reopens_ok:581	-	reopens_ok:581	-	581	0	0	ok	Match	Match	PASS	manifest present: exact; observation matches; SIGKILL/SIGABRT stop the process; page cache survives
a-nist-pdf-0002-SIGABRT-d4564	A	nist-pdf-0002	each	sigkill/sigabrt-at-delay	SIGABRT @ 4564us	y	y	reopens_ok:581	-	reopens_ok:581	-	581	0	0	ok	Match	Match	PASS	manifest present: exact; observation matches; SIGKILL/SIGABRT stop the process; page cache survives
a-nist-pdf-0002-SIGABRT-d4727	A	nist-pdf-0002	each	sigkill/sigabrt-at-delay	SIGABRT @ 4727us	y	y	reopens_ok:581	-	reopens_ok:581	-	581	0	0	ok	Match	Match	PASS	manifest present: exact; observation matches; SIGKILL/SIGABRT stop the process; page cache survives
a-nist-pdf-0002-SIGABRT-d4727	A	nist-pdf-0002	each	sigkill/sigabrt-at-delay	SIGABRT @ 4727us	y	y	reopens_ok:581	-	reopens_ok:581	-	581	0	0	ok	Match	Match	PASS	manifest present: exact; observation matches; SIGKILL/SIGABRT stop the process; page cache survives
a-nist-pdf-0002-SIGABRT-d4890	A	nist-pdf-0002	each	sigkill/sigabrt-at-delay	SIGABRT @ 4890us	y	y	reopens_ok:581	-	reopens_ok:581	-	581	0	0	ok	Match	Match	PASS	manifest present: exact; observation matches; SIGKILL/SIGABRT stop the process; page cache survives
a-nist-pdf-0002-SIGABRT-d4890	A	nist-pdf-0002	each	sigkill/sigabrt-at-delay	SIGABRT @ 4890us	y	y	reopens_ok:581	-	reopens_ok:581	-	581	0	0	ok	Match	Match	PASS	manifest present: exact; observation matches; SIGKILL/SIGABRT stop the process; page cache survives
a-nist-pdf-0002-SIGABRT-d5053	A	nist-pdf-0002	each	sigkill/sigabrt-at-delay	SIGABRT @ 5053us	y	y	reopens_ok:581	-	reopens_ok:581	-	581	0	0	ok	Match	Match	PASS	manifest present: exact; observation matches; SIGKILL/SIGABRT stop the process; page cache survives
a-nist-pdf-0002-SIGABRT-d5053	A	nist-pdf-0002	each	sigkill/sigabrt-at-delay	SIGABRT @ 5053us	y	y	reopens_ok:581	-	reopens_ok:581	-	581	0	0	ok	Match	Match	PASS	manifest present: exact; observation matches; SIGKILL/SIGABRT stop the process; page cache survives
a-nist-pdf-0002-SIGABRT-d5216	A	nist-pdf-0002	each	sigkill/sigabrt-at-delay	SIGABRT @ 5216us	y	y	reopens_ok:581	-	reopens_ok:581	-	581	0	0	ok	Match	Match	PASS	manifest present: exact; observation matches; SIGKILL/SIGABRT stop the process; page cache survives
a-nist-pdf-0002-SIGABRT-d5216	A	nist-pdf-0002	each	sigkill/sigabrt-at-delay	SIGABRT @ 5216us	y	y	reopens_ok:581	-	reopens_ok:581	-	581	0	0	ok	Match	Match	PASS	manifest present: exact; observation matches; SIGKILL/SIGABRT stop the process; page cache survives
a-nist-pdf-0002-SIGABRT-d5379	A	nist-pdf-0002	each	sigkill/sigabrt-at-delay	SIGABRT @ 5379us	y	y	reopens_ok:581	-	reopens_ok:581	-	581	0	0	ok	Match	Match	PASS	manifest present: exact; observation matches; SIGKILL/SIGABRT stop the process; page cache survives
a-nist-pdf-0002-SIGABRT-d5379	A	nist-pdf-0002	each	sigkill/sigabrt-at-delay	SIGABRT @ 5379us	y	y	reopens_ok:581	-	reopens_ok:581	-	581	0	0	ok	Match	Match	PASS	manifest present: exact; observation matches; SIGKILL/SIGABRT stop the process; page cache survives
a-nist-pdf-0002-SIGABRT-d5542	A	nist-pdf-0002	each	sigkill/sigabrt-at-delay	SIGABRT @ 5542us	y	y	reopens_ok:581	-	reopens_ok:581	-	581	0	0	ok	Match	Match	PASS	manifest present: exact; observation matches; SIGKILL/SIGABRT stop the process; page cache survives
a-nist-pdf-0002-SIGABRT-d5542	A	nist-pdf-0002	each	sigkill/sigabrt-at-delay	SIGABRT @ 5542us	y	y	reopens_ok:581	-	reopens_ok:581	-	581	0	0	ok	Match	Match	PASS	manifest present: exact; observation matches; SIGKILL/SIGABRT stop the process; page cache survives
a-nist-pdf-0002-SIGABRT-d5705	A	nist-pdf-0002	each	sigkill/sigabrt-at-delay	SIGABRT @ 5705us	y	y	reopens_ok:581	-	reopens_ok:581	-	581	0	0	ok	Match	Match	PASS	manifest present: exact; observation matches; SIGKILL/SIGABRT stop the process; page cache survives
a-nist-pdf-0002-SIGABRT-d5705	A	nist-pdf-0002	each	sigkill/sigabrt-at-delay	SIGABRT @ 5705us	y	y	reopens_ok:581	-	reopens_ok:581	-	581	0	0	ok	Match	Match	PASS	manifest present: exact; observation matches; SIGKILL/SIGABRT stop the process; page cache survives
a-nist-pdf-0002-SIGABRT-d5868	A	nist-pdf-0002	each	sigkill/sigabrt-at-delay	SIGABRT @ 5868us	y	y	reopens_ok:581	-	reopens_ok:581	-	581	0	0	ok	Match	Match	PASS	manifest present: exact; observation matches; SIGKILL/SIGABRT stop the process; page cache survives
a-nist-pdf-0002-SIGABRT-d5868	A	nist-pdf-0002	each	sigkill/sigabrt-at-delay	SIGABRT @ 5868us	y	y	reopens_ok:581	-	reopens_ok:581	-	581	0	0	ok	Match	Match	PASS	manifest present: exact; observation matches; SIGKILL/SIGABRT stop the process; page cache survives
a-nist-pdf-0002-SIGABRT-d6031	A	nist-pdf-0002	each	sigkill/sigabrt-at-delay	SIGABRT @ 6031us	y	y	reopens_ok:581	-	reopens_ok:581	-	581	0	0	ok	Match	Match	PASS	manifest present: exact; observation matches; SIGKILL/SIGABRT stop the process; page cache survives
a-nist-pdf-0002-SIGABRT-d6031	A	nist-pdf-0002	each	sigkill/sigabrt-at-delay	SIGABRT @ 6031us	y	y	reopens_ok:581	-	reopens_ok:581	-	581	0	0	ok	Match	Match	PASS	manifest present: exact; observation matches; SIGKILL/SIGABRT stop the process; page cache survives
a-nist-pdf-0002-SIGABRT-d6194	A	nist-pdf-0002	each	sigkill/sigabrt-at-delay	SIGABRT @ 6194us	y	y	reopens_ok:581	-	reopens_ok:581	-	581	0	0	ok	Match	Match	PASS	manifest present: exact; observation matches; SIGKILL/SIGABRT stop the process; page cache survives
a-nist-pdf-0002-SIGABRT-d6194	A	nist-pdf-0002	each	sigkill/sigabrt-at-delay	SIGABRT @ 6194us	y	y	reopens_ok:581	-	reopens_ok:581	-	581	0	0	ok	Match	Match	PASS	manifest present: exact; observation matches; SIGKILL/SIGABRT stop the process; page cache survives
a-nist-pdf-0002-SIGABRT-d6357	A	nist-pdf-0002	each	sigkill/sigabrt-at-delay	SIGABRT @ 6357us	y	y	reopens_ok:581	-	reopens_ok:581	-	581	0	0	ok	Match	Match	PASS	manifest present: exact; observation matches; SIGKILL/SIGABRT stop the process; page cache survives
a-nist-pdf-0002-SIGABRT-d6357	A	nist-pdf-0002	each	sigkill/sigabrt-at-delay	SIGABRT @ 6357us	y	y	reopens_ok:581	-	reopens_ok:581	-	581	0	0	ok	Match	Match	PASS	manifest present: exact; observation matches; SIGKILL/SIGABRT stop the process; page cache survives
a-nist-pdf-0002-SIGABRT-d6520	A	nist-pdf-0002	each	sigkill/sigabrt-at-delay	SIGABRT @ 6520us	y	y	reopens_ok:581	-	reopens_ok:581	-	581	0	0	ok	Match	Match	PASS	manifest present: exact; observation matches; SIGKILL/SIGABRT stop the process; page cache survives
a-nist-pdf-0002-SIGABRT-d6520	A	nist-pdf-0002	each	sigkill/sigabrt-at-delay	SIGABRT @ 6520us	y	y	reopens_ok:581	-	reopens_ok:581	-	581	0	0	ok	Match	Match	PASS	manifest present: exact; observation matches; SIGKILL/SIGABRT stop the process; page cache survives
a-nist-pdf-0002-SIGABRT-d6683	A	nist-pdf-0002	each	sigkill/sigabrt-at-delay	SIGABRT @ 6683us	y	y	reopens_ok:581	-	reopens_ok:581	-	581	0	0	ok	Match	Match	PASS	manifest present: exact; observation matches; SIGKILL/SIGABRT stop the process; page cache survives
a-nist-pdf-0002-SIGABRT-d6683	A	nist-pdf-0002	each	sigkill/sigabrt-at-delay	SIGABRT @ 6683us	y	y	reopens_ok:581	-	reopens_ok:581	-	581	0	0	ok	Match	Match	PASS	manifest present: exact; observation matches; SIGKILL/SIGABRT stop the process; page cache survives
a-nist-pdf-0002-SIGABRT-d6846	A	nist-pdf-0002	each	sigkill/sigabrt-at-delay	SIGABRT @ 6846us	y	y	reopens_ok:581	-	reopens_ok:581	-	581	0	0	ok	Match	Match	PASS	manifest present: exact; observation matches; SIGKILL/SIGABRT stop the process; page cache survives
a-nist-pdf-0002-SIGABRT-d6846	A	nist-pdf-0002	each	sigkill/sigabrt-at-delay	SIGABRT @ 6846us	y	y	reopens_ok:581	-	reopens_ok:581	-	581	0	0	ok	Match	Match	PASS	manifest present: exact; observation matches; SIGKILL/SIGABRT stop the process; page cache survives
a-nist-pdf-0002-SIGABRT-d7009	A	nist-pdf-0002	each	sigkill/sigabrt-at-delay	SIGABRT @ 7009us	y	y	reopens_ok:581	-	reopens_ok:581	-	581	0	0	ok	Match	Match	PASS	manifest present: exact; observation matches; SIGKILL/SIGABRT stop the process; page cache survives
a-nist-pdf-0002-SIGABRT-d7009	A	nist-pdf-0002	each	sigkill/sigabrt-at-delay	SIGABRT @ 7009us	y	y	reopens_ok:581	-	reopens_ok:581	-	581	0	0	ok	Match	Match	PASS	manifest present: exact; observation matches; SIGKILL/SIGABRT stop the process; page cache survives
a-nist-pdf-0002-SIGABRT-d7172	A	nist-pdf-0002	each	sigkill/sigabrt-at-delay	SIGABRT @ 7172us	y	y	reopens_ok:581	-	reopens_ok:581	-	581	0	0	ok	Match	Match	PASS	manifest present: exact; observation matches; SIGKILL/SIGABRT stop the process; page cache survives
a-nist-pdf-0002-SIGABRT-d7172	A	nist-pdf-0002	each	sigkill/sigabrt-at-delay	SIGABRT @ 7172us	y	y	reopens_ok:581	-	reopens_ok:581	-	581	0	0	ok	Match	Match	PASS	manifest present: exact; observation matches; SIGKILL/SIGABRT stop the process; page cache survives
a-nist-pdf-0002-SIGABRT-d7335	A	nist-pdf-0002	each	sigkill/sigabrt-at-delay	SIGABRT @ 7335us	y	y	reopens_ok:581	-	reopens_ok:581	-	581	0	0	ok	Match	Match	PASS	manifest present: exact; observation matches; SIGKILL/SIGABRT stop the process; page cache survives
a-nist-pdf-0002-SIGABRT-d7335	A	nist-pdf-0002	each	sigkill/sigabrt-at-delay	SIGABRT @ 7335us	y	y	reopens_ok:581	-	reopens_ok:581	-	581	0	0	ok	Match	Match	PASS	manifest present: exact; observation matches; SIGKILL/SIGABRT stop the process; page cache survives
a-nist-pdf-0002-SIGABRT-d7498	A	nist-pdf-0002	each	sigkill/sigabrt-at-delay	SIGABRT @ 7498us	y	y	reopens_ok:581	-	reopens_ok:581	-	581	0	0	ok	Match	Match	PASS	manifest present: exact; observation matches; SIGKILL/SIGABRT stop the process; page cache survives
a-nist-pdf-0002-SIGABRT-d7498	A	nist-pdf-0002	each	sigkill/sigabrt-at-delay	SIGABRT @ 7498us	y	y	reopens_ok:581	-	reopens_ok:581	-	581	0	0	ok	Match	Match	PASS	manifest present: exact; observation matches; SIGKILL/SIGABRT stop the process; page cache survives
a-nist-pdf-0002-SIGABRT-d7661	A	nist-pdf-0002	each	sigkill/sigabrt-at-delay	SIGABRT @ 7661us	y	y	reopens_ok:581	-	reopens_ok:581	-	581	0	0	ok	Match	Match	PASS	manifest present: exact; observation matches; SIGKILL/SIGABRT stop the process; page cache survives
a-nist-pdf-0002-SIGABRT-d7661	A	nist-pdf-0002	each	sigkill/sigabrt-at-delay	SIGABRT @ 7661us	y	y	reopens_ok:581	-	reopens_ok:581	-	581	0	0	ok	Match	Match	PASS	manifest present: exact; observation matches; SIGKILL/SIGABRT stop the process; page cache survives
a-nist-pdf-0002-SIGABRT-d7824	A	nist-pdf-0002	each	sigkill/sigabrt-at-delay	SIGABRT @ 7824us	y	y	reopens_ok:581	-	reopens_ok:581	-	581	0	0	ok	Match	Match	PASS	manifest present: exact; observation matches; SIGKILL/SIGABRT stop the process; page cache survives
a-nist-pdf-0002-SIGABRT-d7824	A	nist-pdf-0002	each	sigkill/sigabrt-at-delay	SIGABRT @ 7824us	y	y	reopens_ok:581	-	reopens_ok:581	-	581	0	0	ok	Match	Match	PASS	manifest present: exact; observation matches; SIGKILL/SIGABRT stop the process; page cache survives
a-nist-pdf-0002-SIGABRT-d7987	A	nist-pdf-0002	each	sigkill/sigabrt-at-delay	SIGABRT @ 7987us	y	y	reopens_ok:581	-	reopens_ok:581	-	581	0	0	ok	Match	Match	PASS	manifest present: exact; observation matches; SIGKILL/SIGABRT stop the process; page cache survives
a-nist-pdf-0002-SIGABRT-d7987	A	nist-pdf-0002	each	sigkill/sigabrt-at-delay	SIGABRT @ 7987us	y	y	reopens_ok:581	-	reopens_ok:581	-	581	0	0	ok	Match	Match	PASS	manifest present: exact; observation matches; SIGKILL/SIGABRT stop the process; page cache survives
a-nist-pdf-0002-SIGABRT-d8150	A	nist-pdf-0002	each	sigkill/sigabrt-at-delay	SIGABRT @ 8150us	y	y	reopens_ok:581	-	reopens_ok:581	-	581	0	0	ok	Match	Match	PASS	manifest present: exact; observation matches; SIGKILL/SIGABRT stop the process; page cache survives
a-nist-pdf-0002-SIGABRT-d8150	A	nist-pdf-0002	each	sigkill/sigabrt-at-delay	SIGABRT @ 8150us	y	y	reopens_ok:581	-	reopens_ok:581	-	581	0	0	ok	Match	Match	PASS	manifest present: exact; observation matches; SIGKILL/SIGABRT stop the process; page cache survives
a-nist-pdf-0002-SIGABRT-d8313	A	nist-pdf-0002	each	sigkill/sigabrt-at-delay	SIGABRT @ 8313us	y	y	reopens_ok:581	-	reopens_ok:581	-	581	0	0	ok	Match	Match	PASS	manifest present: exact; observation matches; SIGKILL/SIGABRT stop the process; page cache survives
a-nist-pdf-0002-SIGABRT-d8313	A	nist-pdf-0002	each	sigkill/sigabrt-at-delay	SIGABRT @ 8313us	y	y	reopens_ok:581	-	reopens_ok:581	-	581	0	0	ok	Match	Match	PASS	manifest present: exact; observation matches; SIGKILL/SIGABRT stop the process; page cache survives
a-nist-pdf-0002-SIGABRT-d8476	A	nist-pdf-0002	each	sigkill/sigabrt-at-delay	SIGABRT @ 8476us	y	y	reopens_ok:581	-	reopens_ok:581	-	581	0	0	ok	Match	Match	PASS	manifest present: exact; observation matches; SIGKILL/SIGABRT stop the process; page cache survives
a-nist-pdf-0002-SIGABRT-d8476	A	nist-pdf-0002	each	sigkill/sigabrt-at-delay	SIGABRT @ 8476us	y	y	reopens_ok:581	-	reopens_ok:581	-	581	0	0	ok	Match	Match	PASS	manifest present: exact; observation matches; SIGKILL/SIGABRT stop the process; page cache survives
a-nist-pdf-0002-SIGABRT-d8639	A	nist-pdf-0002	each	sigkill/sigabrt-at-delay	SIGABRT @ 8639us	y	y	reopens_ok:581	-	reopens_ok:581	-	581	0	0	ok	Match	Match	PASS	manifest present: exact; observation matches; SIGKILL/SIGABRT stop the process; page cache survives
a-nist-pdf-0002-SIGABRT-d8639	A	nist-pdf-0002	each	sigkill/sigabrt-at-delay	SIGABRT @ 8639us	y	y	reopens_ok:581	-	reopens_ok:581	-	581	0	0	ok	Match	Match	PASS	manifest present: exact; observation matches; SIGKILL/SIGABRT stop the process; page cache survives
a-nist-pdf-0002-SIGABRT-d8802	A	nist-pdf-0002	each	sigkill/sigabrt-at-delay	SIGABRT @ 8802us	y	y	reopens_ok:581	-	reopens_ok:581	-	581	0	0	ok	Match	Match	PASS	manifest present: exact; observation matches; SIGKILL/SIGABRT stop the process; page cache survives
a-nist-pdf-0002-SIGABRT-d8802	A	nist-pdf-0002	each	sigkill/sigabrt-at-delay	SIGABRT @ 8802us	y	y	reopens_ok:581	-	reopens_ok:581	-	581	0	0	ok	Match	Match	PASS	manifest present: exact; observation matches; SIGKILL/SIGABRT stop the process; page cache survives
a-nist-pdf-0002-SIGABRT-d8965	A	nist-pdf-0002	each	sigkill/sigabrt-at-delay	SIGABRT @ 8965us	y	y	reopens_ok:581	-	reopens_ok:581	-	581	0	0	ok	Match	Match	PASS	manifest present: exact; observation matches; SIGKILL/SIGABRT stop the process; page cache survives
a-nist-pdf-0002-SIGABRT-d8965	A	nist-pdf-0002	each	sigkill/sigabrt-at-delay	SIGABRT @ 8965us	y	y	reopens_ok:581	-	reopens_ok:581	-	581	0	0	ok	Match	Match	PASS	manifest present: exact; observation matches; SIGKILL/SIGABRT stop the process; page cache survives
a-nist-pdf-0002-SIGABRT-d9128	A	nist-pdf-0002	each	sigkill/sigabrt-at-delay	SIGABRT @ 9128us	y	y	reopens_ok:581	-	reopens_ok:581	-	581	0	0	ok	Match	Match	PASS	manifest present: exact; observation matches; SIGKILL/SIGABRT stop the process; page cache survives
a-nist-pdf-0002-SIGABRT-d9128	A	nist-pdf-0002	each	sigkill/sigabrt-at-delay	SIGABRT @ 9128us	y	y	reopens_ok:581	-	reopens_ok:581	-	581	0	0	ok	Match	Match	PASS	manifest present: exact; observation matches; SIGKILL/SIGABRT stop the process; page cache survives
a-nist-pdf-0002-SIGABRT-d9291	A	nist-pdf-0002	each	sigkill/sigabrt-at-delay	SIGABRT @ 9291us	y	y	reopens_ok:581	-	reopens_ok:581	-	581	0	0	ok	Match	Match	PASS	manifest present: exact; observation matches; SIGKILL/SIGABRT stop the process; page cache survives
a-nist-pdf-0002-SIGABRT-d9291	A	nist-pdf-0002	each	sigkill/sigabrt-at-delay	SIGABRT @ 9291us	y	y	reopens_ok:581	-	reopens_ok:581	-	581	0	0	ok	Match	Match	PASS	manifest present: exact; observation matches; SIGKILL/SIGABRT stop the process; page cache survives
a-nist-pdf-0002-SIGABRT-after-manifest	A	nist-pdf-0002	each	sigkill/sigabrt-at-boundary	SIGABRT @ after-manifest	y	y	reopens_ok:581	-	reopens_ok:581	-	581	0	0	ok	Match	Match	PASS	manifest present: exact; observation matches; polled to the manifest/index publication window
a-nist-pdf-0002-SIGABRT-after-manifest	A	nist-pdf-0002	each	sigkill/sigabrt-at-boundary	SIGABRT @ after-manifest	y	y	reopens_ok:581	-	reopens_ok:581	-	581	0	0	ok	Match	Match	PASS	manifest present: exact; observation matches; polled to the manifest/index publication window
a-nist-pdf-0002-SIGABRT-after-manifest	A	nist-pdf-0002	each	sigkill/sigabrt-at-boundary	SIGABRT @ after-manifest	y	y	reopens_ok:581	-	reopens_ok:581	-	581	0	0	ok	Match	Match	PASS	manifest present: exact; observation matches; polled to the manifest/index publication window
a-nist-pdf-0002-SIGABRT-after-manifest	A	nist-pdf-0002	each	sigkill/sigabrt-at-boundary	SIGABRT @ after-manifest	y	y	reopens_ok:581	-	reopens_ok:581	-	581	0	0	ok	Match	Match	PASS	manifest present: exact; observation matches; polled to the manifest/index publication window
a-nist-pdf-0002-SIGABRT-after-manifest	A	nist-pdf-0002	each	sigkill/sigabrt-at-boundary	SIGABRT @ after-manifest	y	y	reopens_ok:581	-	reopens_ok:581	-	581	0	0	ok	Match	Match	PASS	manifest present: exact; observation matches; polled to the manifest/index publication window
a-nist-pdf-0002-SIGABRT-after-manifest	A	nist-pdf-0002	each	sigkill/sigabrt-at-boundary	SIGABRT @ after-manifest	y	y	reopens_ok:581	-	reopens_ok:581	-	581	0	0	ok	Match	Match	PASS	manifest present: exact; observation matches; polled to the manifest/index publication window
a-nist-pdf-0002-SIGABRT-after-idx	A	nist-pdf-0002	each	sigkill/sigabrt-at-boundary	SIGABRT @ after-idx	y	y	reopens_ok:581	-	reopens_ok:581	-	581	0	0	ok	Match	Match	PASS	manifest present: exact; observation matches; polled to the manifest/index publication window
a-nist-pdf-0002-SIGABRT-after-idx	A	nist-pdf-0002	each	sigkill/sigabrt-at-boundary	SIGABRT @ after-idx	y	y	reopens_ok:581	-	reopens_ok:581	-	581	0	0	ok	Match	Match	PASS	manifest present: exact; observation matches; polled to the manifest/index publication window
a-nist-pdf-0002-SIGABRT-after-idx	A	nist-pdf-0002	each	sigkill/sigabrt-at-boundary	SIGABRT @ after-idx	y	y	reopens_ok:581	-	reopens_ok:581	-	581	0	0	ok	Match	Match	PASS	manifest present: exact; observation matches; polled to the manifest/index publication window
a-nist-pdf-0002-SIGABRT-after-idx	A	nist-pdf-0002	each	sigkill/sigabrt-at-boundary	SIGABRT @ after-idx	y	y	reopens_ok:581	-	reopens_ok:581	-	581	0	0	ok	Match	Match	PASS	manifest present: exact; observation matches; polled to the manifest/index publication window
a-nist-pdf-0002-SIGABRT-after-idx	A	nist-pdf-0002	each	sigkill/sigabrt-at-boundary	SIGABRT @ after-idx	y	y	reopens_ok:581	-	reopens_ok:581	-	581	0	0	ok	Match	Match	PASS	manifest present: exact; observation matches; polled to the manifest/index publication window
a-nist-pdf-0002-SIGABRT-after-idx	A	nist-pdf-0002	each	sigkill/sigabrt-at-boundary	SIGABRT @ after-idx	y	y	reopens_ok:581	-	reopens_ok:581	-	581	0	0	ok	Match	Match	PASS	manifest present: exact; observation matches; polled to the manifest/index publication window
b-nist-pdf-0002-truncate_pack-0	B	nist-pdf-0002	each	truncate_pack	truncate .pack to 0	y	y	reopens_ok:584	-	reopens_ok:584	-	584	0	581	ok	Match	FailClosed("field c314b31364b726bc320acc2e5767ef49812755c0d07df7d171744320d8911144: error: Io: reading packed segment at 43874: failed to fill whole buffer")	PASS	manifest present: exact after recovery; tamper: must fail closed if not exactly serviceable
b-nist-pdf-0002-truncate_pack-1	B	nist-pdf-0002	each	truncate_pack	truncate .pack to 1	y	y	reopens_ok:584	-	reopens_ok:584	-	584	0	581	ok	Match	FailClosed("field c314b31364b726bc320acc2e5767ef49812755c0d07df7d171744320d8911144: error: Io: reading packed segment at 43874: failed to fill whole buffer")	PASS	manifest present: exact after recovery; tamper: must fail closed if not exactly serviceable
b-nist-pdf-0002-truncate_pack-2	B	nist-pdf-0002	each	truncate_pack	truncate .pack to 10	y	y	reopens_ok:584	-	reopens_ok:584	-	584	0	581	ok	Match	FailClosed("field c314b31364b726bc320acc2e5767ef49812755c0d07df7d171744320d8911144: error: Io: reading packed segment at 43874: failed to fill whole buffer")	PASS	manifest present: exact after recovery; tamper: must fail closed if not exactly serviceable
b-nist-pdf-0002-truncate_pack-3	B	nist-pdf-0002	each	truncate_pack	truncate .pack to 23	y	y	reopens_ok:584	-	reopens_ok:584	-	584	0	581	ok	Match	FailClosed("field c314b31364b726bc320acc2e5767ef49812755c0d07df7d171744320d8911144: error: Io: reading packed segment at 43874: failed to fill whole buffer")	PASS	manifest present: exact after recovery; tamper: must fail closed if not exactly serviceable
b-nist-pdf-0002-truncate_pack-4	B	nist-pdf-0002	each	truncate_pack	truncate .pack to 24	y	y	reopens_ok:584	-	reopens_ok:584	-	584	0	581	ok	Match	FailClosed("field c314b31364b726bc320acc2e5767ef49812755c0d07df7d171744320d8911144: error: Io: reading packed segment at 43874: failed to fill whole buffer")	PASS	manifest present: exact after recovery; tamper: must fail closed if not exactly serviceable
b-nist-pdf-0002-truncate_pack-5	B	nist-pdf-0002	each	truncate_pack	truncate .pack to 25	y	y	reopens_ok:584	-	reopens_ok:584	-	584	0	581	ok	Match	FailClosed("field c314b31364b726bc320acc2e5767ef49812755c0d07df7d171744320d8911144: error: Io: reading packed segment at 43874: failed to fill whole buffer")	PASS	manifest present: exact after recovery; tamper: must fail closed if not exactly serviceable
b-nist-pdf-0002-truncate_pack-6	B	nist-pdf-0002	each	truncate_pack	truncate .pack to 26	y	y	reopens_ok:584	-	reopens_ok:584	-	584	0	581	ok	Match	FailClosed("field c314b31364b726bc320acc2e5767ef49812755c0d07df7d171744320d8911144: error: Io: reading packed segment at 43874: failed to fill whole buffer")	PASS	manifest present: exact after recovery; tamper: must fail closed if not exactly serviceable
b-nist-pdf-0002-truncate_pack-7	B	nist-pdf-0002	each	truncate_pack	truncate .pack to 27	y	y	reopens_ok:584	-	reopens_ok:584	-	584	0	581	ok	Match	FailClosed("field c314b31364b726bc320acc2e5767ef49812755c0d07df7d171744320d8911144: error: Io: reading packed segment at 43874: failed to fill whole buffer")	PASS	manifest present: exact after recovery; tamper: must fail closed if not exactly serviceable
b-nist-pdf-0002-truncate_pack-8	B	nist-pdf-0002	each	truncate_pack	truncate .pack to 28	y	y	reopens_ok:584	-	reopens_ok:584	-	584	0	581	ok	Match	FailClosed("field c314b31364b726bc320acc2e5767ef49812755c0d07df7d171744320d8911144: error: Io: reading packed segment at 43874: failed to fill whole buffer")	PASS	manifest present: exact after recovery; tamper: must fail closed if not exactly serviceable
b-nist-pdf-0002-truncate_pack-9	B	nist-pdf-0002	each	truncate_pack	truncate .pack to 29	y	y	reopens_ok:584	-	reopens_ok:584	-	584	0	581	ok	Match	FailClosed("field c314b31364b726bc320acc2e5767ef49812755c0d07df7d171744320d8911144: error: Io: reading packed segment at 43874: failed to fill whole buffer")	PASS	manifest present: exact after recovery; tamper: must fail closed if not exactly serviceable
b-nist-pdf-0002-truncate_pack-10	B	nist-pdf-0002	each	truncate_pack	truncate .pack to 58	y	y	reopens_ok:584	-	reopens_ok:584	-	584	0	581	ok	Match	FailClosed("field c314b31364b726bc320acc2e5767ef49812755c0d07df7d171744320d8911144: error: Io: reading packed segment at 43874: failed to fill whole buffer")	PASS	manifest present: exact after recovery; tamper: must fail closed if not exactly serviceable
b-nist-pdf-0002-truncate_pack-11	B	nist-pdf-0002	each	truncate_pack	truncate .pack to 87	y	y	reopens_ok:584	-	reopens_ok:584	-	584	0	581	ok	Match	FailClosed("field c314b31364b726bc320acc2e5767ef49812755c0d07df7d171744320d8911144: error: Io: reading packed segment at 43874: failed to fill whole buffer")	PASS	manifest present: exact after recovery; tamper: must fail closed if not exactly serviceable
b-nist-pdf-0002-truncate_pack-12	B	nist-pdf-0002	each	truncate_pack	truncate .pack to 88	y	y	reopens_ok:584	-	reopens_ok:584	-	584	0	580	ok	Match	FailClosed("field c314b31364b726bc320acc2e5767ef49812755c0d07df7d171744320d8911144: error: Io: reading packed segment at 43874: failed to fill whole buffer")	PASS	manifest present: exact after recovery; tamper: must fail closed if not exactly serviceable
b-nist-pdf-0002-truncate_pack-13	B	nist-pdf-0002	each	truncate_pack	truncate .pack to 89	y	y	reopens_ok:584	-	reopens_ok:584	-	584	0	580	ok	Match	FailClosed("field c314b31364b726bc320acc2e5767ef49812755c0d07df7d171744320d8911144: error: Io: reading packed segment at 43874: failed to fill whole buffer")	PASS	manifest present: exact after recovery; tamper: must fail closed if not exactly serviceable
b-nist-pdf-0002-truncate_pack-14	B	nist-pdf-0002	each	truncate_pack	truncate .pack to 24479	y	y	reopens_ok:584	-	reopens_ok:584	-	584	0	232	ok	Match	FailClosed("field c314b31364b726bc320acc2e5767ef49812755c0d07df7d171744320d8911144: error: Io: reading packed segment at 43874: failed to fill whole buffer")	PASS	manifest present: exact after recovery; tamper: must fail closed if not exactly serviceable
b-nist-pdf-0002-truncate_pack-15	B	nist-pdf-0002	each	truncate_pack	truncate .pack to 48957	y	y	reopens_ok:584	-	reopens_ok:584	-	584	0	1	ok	Match	Match	PASS	manifest present: exact after recovery; tamper: must fail closed if not exactly serviceable
b-nist-pdf-0002-drop_idx_truncate_pack-16	B	nist-pdf-0002	each	drop_idx_truncate_pack	delete .idx then truncate .pack to 0	y	y	fail_closed:0	IntegrityMismatch:IntegrityMismatch: packed segment /tmp/phase20-scratch/b-nist-pdf-0002-each/inj-16/fieldpack/seg-00000000.pack has a truncated header	fail_closed:0	IntegrityMismatch:IntegrityMismatch: packed segment /tmp/phase20-scratch/b-nist-pdf-0002-each/inj-16/fieldpack/seg-00000000.pack has a truncated header	0	0	0	n/a	FailClosed("IntegrityMismatch:IntegrityMismatch: packed segment /tmp/phase20-scratch/b-nist-pdf-0002-each/inj-16/fieldpack/seg-00000000.pack has a truncated header")	Differ("field 836a464ed1bb619b4c28458ae6fce9f38ff21c1569226997f4b8b1cc8d473ee3: expected decline UnsupportedFeature, got IntegrityMismatch")	PASS	fails closed: typed error, no bytes served; tamper: must fail closed if not exactly serviceable
b-nist-pdf-0002-drop_idx_truncate_pack-17	B	nist-pdf-0002	each	drop_idx_truncate_pack	delete .idx then truncate .pack to 24	y	y	reopens_ok:3	-	reopens_ok:3	-	3	0	0	ok	Match	FailClosed("field c314b31364b726bc320acc2e5767ef49812755c0d07df7d171744320d8911144: error: MissingExternalObject: seed node 0cfb22625ba57c8bb1ffebb2ce91882bf1c4b562a395e88a52a324899316950d is not present")	PASS	manifest present: exact after recovery; tamper: must fail closed if not exactly serviceable
b-nist-pdf-0002-drop_idx_truncate_pack-18	B	nist-pdf-0002	each	drop_idx_truncate_pack	delete .idx then truncate .pack to 40	y	y	reopens_ok:3	-	reopens_ok:3	-	3	0	0	ok	Match	FailClosed("field c314b31364b726bc320acc2e5767ef49812755c0d07df7d171744320d8911144: error: MissingExternalObject: seed node 0cfb22625ba57c8bb1ffebb2ce91882bf1c4b562a395e88a52a324899316950d is not present")	PASS	manifest present: exact after recovery; tamper: must fail closed if not exactly serviceable
b-nist-pdf-0002-drop_idx_truncate_pack-19	B	nist-pdf-0002	each	drop_idx_truncate_pack	delete .idx then truncate .pack to 58	y	y	reopens_ok:3	-	reopens_ok:3	-	3	0	0	ok	Match	FailClosed("field c314b31364b726bc320acc2e5767ef49812755c0d07df7d171744320d8911144: error: MissingExternalObject: seed node 0cfb22625ba57c8bb1ffebb2ce91882bf1c4b562a395e88a52a324899316950d is not present")	PASS	manifest present: exact after recovery; tamper: must fail closed if not exactly serviceable
b-nist-pdf-0002-drop_idx_truncate_pack-20	B	nist-pdf-0002	each	drop_idx_truncate_pack	delete .idx then truncate .pack to 88	y	y	reopens_ok:4	-	reopens_ok:4	-	4	0	0	ok	Match	FailClosed("field c314b31364b726bc320acc2e5767ef49812755c0d07df7d171744320d8911144: error: MissingExternalObject: seed node 0cfb22625ba57c8bb1ffebb2ce91882bf1c4b562a395e88a52a324899316950d is not present")	PASS	manifest present: exact after recovery; tamper: must fail closed if not exactly serviceable
b-nist-pdf-0002-drop_idx_truncate_pack-21	B	nist-pdf-0002	each	drop_idx_truncate_pack	delete .idx then truncate .pack to 24479	y	y	reopens_ok:352	-	reopens_ok:352	-	352	0	0	ok	Match	FailClosed("field c314b31364b726bc320acc2e5767ef49812755c0d07df7d171744320d8911144: error: MissingExternalObject: seed node 0cfb22625ba57c8bb1ffebb2ce91882bf1c4b562a395e88a52a324899316950d is not present")	PASS	manifest present: exact after recovery; tamper: must fail closed if not exactly serviceable
b-nist-pdf-0002-drop_idx_truncate_pack-22	B	nist-pdf-0002	each	drop_idx_truncate_pack	delete .idx then truncate .pack to 48957	y	y	reopens_ok:583	-	reopens_ok:583	-	583	0	0	ok	Match	Match	PASS	manifest present: exact after recovery; tamper: must fail closed if not exactly serviceable
b-nist-pdf-0002-truncate_idx-23	B	nist-pdf-0002	each	truncate_idx	truncate .idx to 0	y	y	fail_closed:0	IntegrityMismatch:IntegrityMismatch: packed index /tmp/phase20-scratch/b-nist-pdf-0002-each/inj-23/fieldpack/seg-00000000.idx is shorter than its header	fail_closed:0	IntegrityMismatch:IntegrityMismatch: packed index /tmp/phase20-scratch/b-nist-pdf-0002-each/inj-23/fieldpack/seg-00000000.idx is shorter than its header	0	0	0	n/a	FailClosed("IntegrityMismatch:IntegrityMismatch: packed index /tmp/phase20-scratch/b-nist-pdf-0002-each/inj-23/fieldpack/seg-00000000.idx is shorter than its header")	Differ("field 836a464ed1bb619b4c28458ae6fce9f38ff21c1569226997f4b8b1cc8d473ee3: expected decline UnsupportedFeature, got IntegrityMismatch")	PASS	fails closed: typed error, no bytes served; tamper: must fail closed if not exactly serviceable
b-nist-pdf-0002-truncate_idx-24	B	nist-pdf-0002	each	truncate_idx	truncate .idx to 1	y	y	fail_closed:0	IntegrityMismatch:IntegrityMismatch: packed index /tmp/phase20-scratch/b-nist-pdf-0002-each/inj-24/fieldpack/seg-00000000.idx is shorter than its header	fail_closed:0	IntegrityMismatch:IntegrityMismatch: packed index /tmp/phase20-scratch/b-nist-pdf-0002-each/inj-24/fieldpack/seg-00000000.idx is shorter than its header	0	0	0	n/a	FailClosed("IntegrityMismatch:IntegrityMismatch: packed index /tmp/phase20-scratch/b-nist-pdf-0002-each/inj-24/fieldpack/seg-00000000.idx is shorter than its header")	Differ("field 836a464ed1bb619b4c28458ae6fce9f38ff21c1569226997f4b8b1cc8d473ee3: expected decline UnsupportedFeature, got IntegrityMismatch")	PASS	fails closed: typed error, no bytes served; tamper: must fail closed if not exactly serviceable
b-nist-pdf-0002-truncate_idx-25	B	nist-pdf-0002	each	truncate_idx	truncate .idx to 10	y	y	fail_closed:0	IntegrityMismatch:IntegrityMismatch: packed index /tmp/phase20-scratch/b-nist-pdf-0002-each/inj-25/fieldpack/seg-00000000.idx is shorter than its header	fail_closed:0	IntegrityMismatch:IntegrityMismatch: packed index /tmp/phase20-scratch/b-nist-pdf-0002-each/inj-25/fieldpack/seg-00000000.idx is shorter than its header	0	0	0	n/a	FailClosed("IntegrityMismatch:IntegrityMismatch: packed index /tmp/phase20-scratch/b-nist-pdf-0002-each/inj-25/fieldpack/seg-00000000.idx is shorter than its header")	Differ("field 836a464ed1bb619b4c28458ae6fce9f38ff21c1569226997f4b8b1cc8d473ee3: expected decline UnsupportedFeature, got IntegrityMismatch")	PASS	fails closed: typed error, no bytes served; tamper: must fail closed if not exactly serviceable
b-nist-pdf-0002-truncate_idx-26	B	nist-pdf-0002	each	truncate_idx	truncate .idx to 31	y	y	fail_closed:0	IntegrityMismatch:IntegrityMismatch: packed index /tmp/phase20-scratch/b-nist-pdf-0002-each/inj-26/fieldpack/seg-00000000.idx is shorter than its header	fail_closed:0	IntegrityMismatch:IntegrityMismatch: packed index /tmp/phase20-scratch/b-nist-pdf-0002-each/inj-26/fieldpack/seg-00000000.idx is shorter than its header	0	0	0	n/a	FailClosed("IntegrityMismatch:IntegrityMismatch: packed index /tmp/phase20-scratch/b-nist-pdf-0002-each/inj-26/fieldpack/seg-00000000.idx is shorter than its header")	Differ("field 836a464ed1bb619b4c28458ae6fce9f38ff21c1569226997f4b8b1cc8d473ee3: expected decline UnsupportedFeature, got IntegrityMismatch")	PASS	fails closed: typed error, no bytes served; tamper: must fail closed if not exactly serviceable
b-nist-pdf-0002-truncate_idx-27	B	nist-pdf-0002	each	truncate_idx	truncate .idx to 32	y	y	fail_closed:0	IntegrityMismatch:IntegrityMismatch: packed index /tmp/phase20-scratch/b-nist-pdf-0002-each/inj-27/fieldpack/seg-00000000.idx is too short for its bucket directory	fail_closed:0	IntegrityMismatch:IntegrityMismatch: packed index /tmp/phase20-scratch/b-nist-pdf-0002-each/inj-27/fieldpack/seg-00000000.idx is too short for its bucket directory	0	0	0	n/a	FailClosed("IntegrityMismatch:IntegrityMismatch: packed index /tmp/phase20-scratch/b-nist-pdf-0002-each/inj-27/fieldpack/seg-00000000.idx is too short for its bucket directory")	Differ("field 836a464ed1bb619b4c28458ae6fce9f38ff21c1569226997f4b8b1cc8d473ee3: expected decline UnsupportedFeature, got IntegrityMismatch")	PASS	fails closed: typed error, no bytes served; tamper: must fail closed if not exactly serviceable
b-nist-pdf-0002-truncate_idx-28	B	nist-pdf-0002	each	truncate_idx	truncate .idx to 33	y	y	fail_closed:0	IntegrityMismatch:IntegrityMismatch: packed index /tmp/phase20-scratch/b-nist-pdf-0002-each/inj-28/fieldpack/seg-00000000.idx is too short for its bucket directory	fail_closed:0	IntegrityMismatch:IntegrityMismatch: packed index /tmp/phase20-scratch/b-nist-pdf-0002-each/inj-28/fieldpack/seg-00000000.idx is too short for its bucket directory	0	0	0	n/a	FailClosed("IntegrityMismatch:IntegrityMismatch: packed index /tmp/phase20-scratch/b-nist-pdf-0002-each/inj-28/fieldpack/seg-00000000.idx is too short for its bucket directory")	Differ("field 836a464ed1bb619b4c28458ae6fce9f38ff21c1569226997f4b8b1cc8d473ee3: expected decline UnsupportedFeature, got IntegrityMismatch")	PASS	fails closed: typed error, no bytes served; tamper: must fail closed if not exactly serviceable
b-nist-pdf-0002-truncate_idx-29	B	nist-pdf-0002	each	truncate_idx	truncate .idx to 40	y	y	fail_closed:0	IntegrityMismatch:IntegrityMismatch: packed index /tmp/phase20-scratch/b-nist-pdf-0002-each/inj-29/fieldpack/seg-00000000.idx is too short for its bucket directory	fail_closed:0	IntegrityMismatch:IntegrityMismatch: packed index /tmp/phase20-scratch/b-nist-pdf-0002-each/inj-29/fieldpack/seg-00000000.idx is too short for its bucket directory	0	0	0	n/a	FailClosed("IntegrityMismatch:IntegrityMismatch: packed index /tmp/phase20-scratch/b-nist-pdf-0002-each/inj-29/fieldpack/seg-00000000.idx is too short for its bucket directory")	Differ("field 836a464ed1bb619b4c28458ae6fce9f38ff21c1569226997f4b8b1cc8d473ee3: expected decline UnsupportedFeature, got IntegrityMismatch")	PASS	fails closed: typed error, no bytes served; tamper: must fail closed if not exactly serviceable
b-nist-pdf-0002-truncate_idx-30	B	nist-pdf-0002	each	truncate_idx	truncate .idx to 48	y	y	fail_closed:0	IntegrityMismatch:IntegrityMismatch: packed index /tmp/phase20-scratch/b-nist-pdf-0002-each/inj-30/fieldpack/seg-00000000.idx is too short for its bucket directory	fail_closed:0	IntegrityMismatch:IntegrityMismatch: packed index /tmp/phase20-scratch/b-nist-pdf-0002-each/inj-30/fieldpack/seg-00000000.idx is too short for its bucket directory	0	0	0	n/a	FailClosed("IntegrityMismatch:IntegrityMismatch: packed index /tmp/phase20-scratch/b-nist-pdf-0002-each/inj-30/fieldpack/seg-00000000.idx is too short for its bucket directory")	Differ("field 836a464ed1bb619b4c28458ae6fce9f38ff21c1569226997f4b8b1cc8d473ee3: expected decline UnsupportedFeature, got IntegrityMismatch")	PASS	fails closed: typed error, no bytes served; tamper: must fail closed if not exactly serviceable
b-nist-pdf-0002-truncate_idx-31	B	nist-pdf-0002	each	truncate_idx	truncate .idx to 56	y	y	fail_closed:0	IntegrityMismatch:IntegrityMismatch: packed index /tmp/phase20-scratch/b-nist-pdf-0002-each/inj-31/fieldpack/seg-00000000.idx is too short for its bucket directory	fail_closed:0	IntegrityMismatch:IntegrityMismatch: packed index /tmp/phase20-scratch/b-nist-pdf-0002-each/inj-31/fieldpack/seg-00000000.idx is too short for its bucket directory	0	0	0	n/a	FailClosed("IntegrityMismatch:IntegrityMismatch: packed index /tmp/phase20-scratch/b-nist-pdf-0002-each/inj-31/fieldpack/seg-00000000.idx is too short for its bucket directory")	Differ("field 836a464ed1bb619b4c28458ae6fce9f38ff21c1569226997f4b8b1cc8d473ee3: expected decline UnsupportedFeature, got IntegrityMismatch")	PASS	fails closed: typed error, no bytes served; tamper: must fail closed if not exactly serviceable
b-nist-pdf-0002-truncate_idx-32	B	nist-pdf-0002	each	truncate_idx	truncate .idx to 18060	y	y	fail_closed:0	IntegrityMismatch:IntegrityMismatch: packed index /tmp/phase20-scratch/b-nist-pdf-0002-each/inj-32/fieldpack/seg-00000000.idx has an inconsistent bucket directory	fail_closed:0	IntegrityMismatch:IntegrityMismatch: packed index /tmp/phase20-scratch/b-nist-pdf-0002-each/inj-32/fieldpack/seg-00000000.idx has an inconsistent bucket directory	0	0	0	n/a	FailClosed("IntegrityMismatch:IntegrityMismatch: packed index /tmp/phase20-scratch/b-nist-pdf-0002-each/inj-32/fieldpack/seg-00000000.idx has an inconsistent bucket directory")	Differ("field 836a464ed1bb619b4c28458ae6fce9f38ff21c1569226997f4b8b1cc8d473ee3: expected decline UnsupportedFeature, got IntegrityMismatch")	PASS	fails closed: typed error, no bytes served; tamper: must fail closed if not exactly serviceable
b-nist-pdf-0002-truncate_idx-33	B	nist-pdf-0002	each	truncate_idx	truncate .idx to 36119	y	y	fail_closed:0	IntegrityMismatch:IntegrityMismatch: packed index /tmp/phase20-scratch/b-nist-pdf-0002-each/inj-33/fieldpack/seg-00000000.idx has an inconsistent bucket directory	fail_closed:0	IntegrityMismatch:IntegrityMismatch: packed index /tmp/phase20-scratch/b-nist-pdf-0002-each/inj-33/fieldpack/seg-00000000.idx has an inconsistent bucket directory	0	0	0	n/a	FailClosed("IntegrityMismatch:IntegrityMismatch: packed index /tmp/phase20-scratch/b-nist-pdf-0002-each/inj-33/fieldpack/seg-00000000.idx has an inconsistent bucket directory")	Differ("field 836a464ed1bb619b4c28458ae6fce9f38ff21c1569226997f4b8b1cc8d473ee3: expected decline UnsupportedFeature, got IntegrityMismatch")	PASS	fails closed: typed error, no bytes served; tamper: must fail closed if not exactly serviceable
b-nist-pdf-0002-drop_idx-34	B	nist-pdf-0002	each	drop_idx	delete .idx (crash before seal)	y	y	reopens_ok:584	-	reopens_ok:584	-	584	0	0	ok	Match	Match	PASS	manifest present: exact after recovery; tamper: must fail closed if not exactly serviceable
b-nist-pdf-0002-flip_pack-35	B	nist-pdf-0002	each	flip_pack	flip bit in .pack at 0	y	y	reopens_ok:584	-	reopens_ok:584	-	584	0	0	ok	Match	Match	PASS	manifest present: exact after recovery; tamper: must fail closed if not exactly serviceable
b-nist-pdf-0002-flip_pack-36	B	nist-pdf-0002	each	flip_pack	flip bit in .pack at 24	y	y	reopens_ok:584	-	reopens_ok:584	-	584	0	0	ok	Match	Match	PASS	manifest present: exact after recovery; tamper: must fail closed if not exactly serviceable
b-nist-pdf-0002-flip_pack-37	B	nist-pdf-0002	each	flip_pack	flip bit in .pack at 25	y	y	reopens_ok:584	-	reopens_ok:584	-	584	0	0	ok	Match	Match	PASS	manifest present: exact after recovery; tamper: must fail closed if not exactly serviceable
b-nist-pdf-0002-flip_pack-38	B	nist-pdf-0002	each	flip_pack	flip bit in .pack at 28	y	y	reopens_ok:584	-	reopens_ok:584	-	584	0	1	ok	Match	Match	PASS	manifest present: exact after recovery; tamper: must fail closed if not exactly serviceable
b-nist-pdf-0002-flip_pack-39	B	nist-pdf-0002	each	flip_pack	flip bit in .pack at 29	y	y	reopens_ok:584	-	reopens_ok:584	-	584	0	1	ok	Match	Match	PASS	manifest present: exact after recovery; tamper: must fail closed if not exactly serviceable
b-nist-pdf-0002-flip_pack-40	B	nist-pdf-0002	each	flip_pack	flip bit in .pack at 58	y	y	reopens_ok:584	-	reopens_ok:584	-	584	0	1	ok	Match	Match	PASS	manifest present: exact after recovery; tamper: must fail closed if not exactly serviceable
b-nist-pdf-0002-flip_pack-41	B	nist-pdf-0002	each	flip_pack	flip bit in .pack at 24479	y	y	reopens_ok:584	-	reopens_ok:584	-	584	0	1	ok	Match	Match	PASS	manifest present: exact after recovery; tamper: must fail closed if not exactly serviceable
b-nist-pdf-0002-flip_pack-42	B	nist-pdf-0002	each	flip_pack	flip bit in .pack at 48957	y	y	reopens_ok:584	-	reopens_ok:584	-	584	0	1	ok	Match	Match	PASS	manifest present: exact after recovery; tamper: must fail closed if not exactly serviceable
b-nist-pdf-0002-flip_idx-43	B	nist-pdf-0002	each	flip_idx	flip bit in .idx at 0	y	y	fail_closed:0	IntegrityMismatch:IntegrityMismatch: packed index /tmp/phase20-scratch/b-nist-pdf-0002-each/inj-43/fieldpack/seg-00000000.idx has an unrecognised magic	fail_closed:0	IntegrityMismatch:IntegrityMismatch: packed index /tmp/phase20-scratch/b-nist-pdf-0002-each/inj-43/fieldpack/seg-00000000.idx has an unrecognised magic	0	0	0	n/a	FailClosed("IntegrityMismatch:IntegrityMismatch: packed index /tmp/phase20-scratch/b-nist-pdf-0002-each/inj-43/fieldpack/seg-00000000.idx has an unrecognised magic")	Differ("field 836a464ed1bb619b4c28458ae6fce9f38ff21c1569226997f4b8b1cc8d473ee3: expected decline UnsupportedFeature, got IntegrityMismatch")	PASS	fails closed: typed error, no bytes served; tamper: must fail closed if not exactly serviceable
b-nist-pdf-0002-flip_idx-44	B	nist-pdf-0002	each	flip_idx	flip bit in .idx at 8	y	y	fail_closed:0	UnsupportedVersion:UnsupportedVersion: packed index /tmp/phase20-scratch/b-nist-pdf-0002-each/inj-44/fieldpack/seg-00000000.idx has version 0, expected 1	fail_closed:0	UnsupportedVersion:UnsupportedVersion: packed index /tmp/phase20-scratch/b-nist-pdf-0002-each/inj-44/fieldpack/seg-00000000.idx has version 0, expected 1	0	0	0	n/a	FailClosed("UnsupportedVersion:UnsupportedVersion: packed index /tmp/phase20-scratch/b-nist-pdf-0002-each/inj-44/fieldpack/seg-00000000.idx has version 0, expected 1")	Differ("field 836a464ed1bb619b4c28458ae6fce9f38ff21c1569226997f4b8b1cc8d473ee3: expected decline UnsupportedFeature, got UnsupportedVersion")	PASS	fails closed: typed error, no bytes served; tamper: must fail closed if not exactly serviceable
b-nist-pdf-0002-flip_idx-45	B	nist-pdf-0002	each	flip_idx	flip bit in .idx at 9	y	y	fail_closed:0	IntegrityMismatch:IntegrityMismatch: packed index /tmp/phase20-scratch/b-nist-pdf-0002-each/inj-45/fieldpack/seg-00000000.idx has an inconsistent bucket directory	fail_closed:0	IntegrityMismatch:IntegrityMismatch: packed index /tmp/phase20-scratch/b-nist-pdf-0002-each/inj-45/fieldpack/seg-00000000.idx has an inconsistent bucket directory	0	0	0	n/a	FailClosed("IntegrityMismatch:IntegrityMismatch: packed index /tmp/phase20-scratch/b-nist-pdf-0002-each/inj-45/fieldpack/seg-00000000.idx has an inconsistent bucket directory")	Differ("field 836a464ed1bb619b4c28458ae6fce9f38ff21c1569226997f4b8b1cc8d473ee3: expected decline UnsupportedFeature, got IntegrityMismatch")	PASS	fails closed: typed error, no bytes served; tamper: must fail closed if not exactly serviceable
b-nist-pdf-0002-flip_idx-46	B	nist-pdf-0002	each	flip_idx	flip bit in .idx at 16	y	y	fail_closed:0	IntegrityMismatch:IntegrityMismatch: packed index /tmp/phase20-scratch/b-nist-pdf-0002-each/inj-46/fieldpack/seg-00000000.idx names segment 1, expected 0	fail_closed:0	IntegrityMismatch:IntegrityMismatch: packed index /tmp/phase20-scratch/b-nist-pdf-0002-each/inj-46/fieldpack/seg-00000000.idx names segment 1, expected 0	0	0	0	n/a	FailClosed("IntegrityMismatch:IntegrityMismatch: packed index /tmp/phase20-scratch/b-nist-pdf-0002-each/inj-46/fieldpack/seg-00000000.idx names segment 1, expected 0")	Differ("field 836a464ed1bb619b4c28458ae6fce9f38ff21c1569226997f4b8b1cc8d473ee3: expected decline UnsupportedFeature, got IntegrityMismatch")	PASS	fails closed: typed error, no bytes served; tamper: must fail closed if not exactly serviceable
b-nist-pdf-0002-flip_idx-47	B	nist-pdf-0002	each	flip_idx	flip bit in .idx at 20	y	y	fail_closed:0	IntegrityMismatch:IntegrityMismatch: packed index /tmp/phase20-scratch/b-nist-pdf-0002-each/inj-47/fieldpack/seg-00000000.idx has an inconsistent bucket directory	fail_closed:0	IntegrityMismatch:IntegrityMismatch: packed index /tmp/phase20-scratch/b-nist-pdf-0002-each/inj-47/fieldpack/seg-00000000.idx has an inconsistent bucket directory	0	0	0	n/a	FailClosed("IntegrityMismatch:IntegrityMismatch: packed index /tmp/phase20-scratch/b-nist-pdf-0002-each/inj-47/fieldpack/seg-00000000.idx has an inconsistent bucket directory")	Differ("field 836a464ed1bb619b4c28458ae6fce9f38ff21c1569226997f4b8b1cc8d473ee3: expected decline UnsupportedFeature, got IntegrityMismatch")	PASS	fails closed: typed error, no bytes served; tamper: must fail closed if not exactly serviceable
b-nist-pdf-0002-flip_idx-48	B	nist-pdf-0002	each	flip_idx	flip bit in .idx at 24	y	y	fail_closed:0	IntegrityMismatch:IntegrityMismatch: packed index /tmp/phase20-scratch/b-nist-pdf-0002-each/inj-48/fieldpack/seg-00000000.idx has an inconsistent bucket directory	fail_closed:0	IntegrityMismatch:IntegrityMismatch: packed index /tmp/phase20-scratch/b-nist-pdf-0002-each/inj-48/fieldpack/seg-00000000.idx has an inconsistent bucket directory	0	0	0	n/a	FailClosed("IntegrityMismatch:IntegrityMismatch: packed index /tmp/phase20-scratch/b-nist-pdf-0002-each/inj-48/fieldpack/seg-00000000.idx has an inconsistent bucket directory")	Differ("field 836a464ed1bb619b4c28458ae6fce9f38ff21c1569226997f4b8b1cc8d473ee3: expected decline UnsupportedFeature, got IntegrityMismatch")	PASS	fails closed: typed error, no bytes served; tamper: must fail closed if not exactly serviceable
b-nist-pdf-0002-flip_idx-49	B	nist-pdf-0002	each	flip_idx	flip bit in .idx at 32	y	y	fail_closed:0	IntegrityMismatch:IntegrityMismatch: packed index /tmp/phase20-scratch/b-nist-pdf-0002-each/inj-49/fieldpack/seg-00000000.idx has an inconsistent bucket directory	fail_closed:0	IntegrityMismatch:IntegrityMismatch: packed index /tmp/phase20-scratch/b-nist-pdf-0002-each/inj-49/fieldpack/seg-00000000.idx has an inconsistent bucket directory	0	0	0	n/a	FailClosed("IntegrityMismatch:IntegrityMismatch: packed index /tmp/phase20-scratch/b-nist-pdf-0002-each/inj-49/fieldpack/seg-00000000.idx has an inconsistent bucket directory")	Differ("field 836a464ed1bb619b4c28458ae6fce9f38ff21c1569226997f4b8b1cc8d473ee3: expected decline UnsupportedFeature, got IntegrityMismatch")	PASS	fails closed: typed error, no bytes served; tamper: must fail closed if not exactly serviceable
b-nist-pdf-0002-flip_idx-50	B	nist-pdf-0002	each	flip_idx	flip bit in .idx at 40	y	y	fail_closed:0	IntegrityMismatch:IntegrityMismatch: packed index /tmp/phase20-scratch/b-nist-pdf-0002-each/inj-50/fieldpack/seg-00000000.idx has an inconsistent bucket directory	fail_closed:0	IntegrityMismatch:IntegrityMismatch: packed index /tmp/phase20-scratch/b-nist-pdf-0002-each/inj-50/fieldpack/seg-00000000.idx has an inconsistent bucket directory	0	0	0	n/a	FailClosed("IntegrityMismatch:IntegrityMismatch: packed index /tmp/phase20-scratch/b-nist-pdf-0002-each/inj-50/fieldpack/seg-00000000.idx has an inconsistent bucket directory")	Differ("field 836a464ed1bb619b4c28458ae6fce9f38ff21c1569226997f4b8b1cc8d473ee3: expected decline UnsupportedFeature, got IntegrityMismatch")	PASS	fails closed: typed error, no bytes served; tamper: must fail closed if not exactly serviceable
b-nist-pdf-0002-flip_idx-51	B	nist-pdf-0002	each	flip_idx	flip bit in .idx at 47	y	y	fail_closed:0	IntegrityMismatch:IntegrityMismatch: packed index /tmp/phase20-scratch/b-nist-pdf-0002-each/inj-51/fieldpack/seg-00000000.idx has an inconsistent bucket directory	fail_closed:0	IntegrityMismatch:IntegrityMismatch: packed index /tmp/phase20-scratch/b-nist-pdf-0002-each/inj-51/fieldpack/seg-00000000.idx has an inconsistent bucket directory	0	0	0	n/a	FailClosed("IntegrityMismatch:IntegrityMismatch: packed index /tmp/phase20-scratch/b-nist-pdf-0002-each/inj-51/fieldpack/seg-00000000.idx has an inconsistent bucket directory")	Differ("field 836a464ed1bb619b4c28458ae6fce9f38ff21c1569226997f4b8b1cc8d473ee3: expected decline UnsupportedFeature, got IntegrityMismatch")	PASS	fails closed: typed error, no bytes served; tamper: must fail closed if not exactly serviceable
b-nist-pdf-0002-flip_idx-52	B	nist-pdf-0002	each	flip_idx	flip bit in .idx at 18060	y	y	reopens_ok:584	-	reopens_ok:584	-	584	0	1	ok	Match	Match	PASS	manifest present: exact after recovery; tamper: must fail closed if not exactly serviceable
b-nist-pdf-0002-flip_idx-53	B	nist-pdf-0002	each	flip_idx	flip bit in .idx at 36119	y	y	reopens_ok:584	-	reopens_ok:584	-	584	0	0	ok	Match	Match	PASS	manifest present: exact after recovery; tamper: must fail closed if not exactly serviceable
b-nist-pdf-0002-zero_pack_tail-54	B	nist-pdf-0002	each	zero_pack_tail	zero last 1 B of .pack	y	y	reopens_ok:584	-	reopens_ok:584	-	584	0	1	ok	Match	Match	PASS	manifest present: exact after recovery; tamper: must fail closed if not exactly serviceable
b-nist-pdf-0002-zero_pack_tail-55	B	nist-pdf-0002	each	zero_pack_tail	zero last 4 B of .pack	y	y	reopens_ok:584	-	reopens_ok:584	-	584	0	1	ok	Match	Match	PASS	manifest present: exact after recovery; tamper: must fail closed if not exactly serviceable
b-nist-pdf-0002-zero_pack_tail-56	B	nist-pdf-0002	each	zero_pack_tail	zero last 8 B of .pack	y	y	reopens_ok:584	-	reopens_ok:584	-	584	0	1	ok	Match	Match	PASS	manifest present: exact after recovery; tamper: must fail closed if not exactly serviceable
b-nist-pdf-0002-zero_pack_tail-57	B	nist-pdf-0002	each	zero_pack_tail	zero last 32 B of .pack	y	y	reopens_ok:584	-	reopens_ok:584	-	584	0	1	ok	Match	Match	PASS	manifest present: exact after recovery; tamper: must fail closed if not exactly serviceable
b-nist-pdf-0002-zero_pack_tail-58	B	nist-pdf-0002	each	zero_pack_tail	zero last 128 B of .pack	y	y	reopens_ok:584	-	reopens_ok:584	-	584	0	2	ok	Match	Match	PASS	manifest present: exact after recovery; tamper: must fail closed if not exactly serviceable
c-nist-pdf-0017-batch-record.before_prefix	C	nist-pdf-0017	batch	fault-inject-abort	record.before_prefix	n	n	reopens_ok:0	-	reopens_ok:0	-	0	0	0	ok	NotApplicable	NoBaseline	PASS	reopens_ok; no manifest; every present id re-hashes; deterministic abort at a named writer boundary
c-nist-pdf-0017-batch-record.after_prefix	C	nist-pdf-0017	batch	fault-inject-abort	record.after_prefix	n	n	reopens_ok:0	-	reopens_ok:0	-	0	0	0	ok	NotApplicable	NoBaseline	PASS	reopens_ok; no manifest; every present id re-hashes; deterministic abort at a named writer boundary
c-nist-pdf-0017-batch-record.after_body	C	nist-pdf-0017	batch	fault-inject-abort	record.after_body	n	n	reopens_ok:1	-	reopens_ok:1	-	1	0	0	ok	NotApplicable	NoBaseline	PASS	reopens_ok; no manifest; every present id re-hashes; deterministic abort at a named writer boundary
c-nist-pdf-0017-batch-flush.before_sync	C	nist-pdf-0017	batch	fault-inject-abort	flush.before_sync	n	n	reopens_ok:1	-	reopens_ok:1	-	1	0	0	ok	NotApplicable	NoBaseline	PASS	reopens_ok; no manifest; every present id re-hashes; deterministic abort at a named writer boundary
c-nist-pdf-0017-batch-flush.after_sync	C	nist-pdf-0017	batch	fault-inject-abort	flush.after_sync	n	n	reopens_ok:1	-	reopens_ok:1	-	1	0	0	ok	NotApplicable	NoBaseline	PASS	reopens_ok; no manifest; every present id re-hashes; deterministic abort at a named writer boundary
c-nist-pdf-0017-batch-seal.before_idx	C	nist-pdf-0017	batch	fault-inject-abort	seal.before_idx	y	n	reopens_ok:6792	-	reopens_ok:6792	-	6792	0	0	ok	Match	Match	PASS	manifest present: exact after recovery; deterministic abort at a named writer boundary
c-nist-pdf-0017-batch-seal.after_idx	C	nist-pdf-0017	batch	fault-inject-abort	seal.after_idx	y	y	reopens_ok:6792	-	reopens_ok:6792	-	6792	0	0	ok	Match	Match	PASS	manifest present: exact after recovery; deterministic abort at a named writer boundary
c-nist-pdf-0017-batch-manifest.before_flush	C	nist-pdf-0017	batch	fault-inject-abort	manifest.before_flush	n	n	reopens_ok:1	-	reopens_ok:1	-	1	0	0	ok	NotApplicable	NoBaseline	PASS	reopens_ok; no manifest; every present id re-hashes; deterministic abort at a named writer boundary
c-nist-pdf-0017-batch-manifest.after_flush	C	nist-pdf-0017	batch	fault-inject-abort	manifest.after_flush	n	n	reopens_ok:1	-	reopens_ok:1	-	1	0	0	ok	NotApplicable	NoBaseline	PASS	reopens_ok; no manifest; every present id re-hashes; deterministic abort at a named writer boundary
c-nist-pdf-0017-batch-manifest.after_publish	C	nist-pdf-0017	batch	fault-inject-abort	manifest.after_publish	y	n	reopens_ok:1	-	reopens_ok:1	-	1	0	0	ok	Match	Match	PASS	manifest present: exact after recovery; deterministic abort at a named writer boundary
c-nist-pdf-0017-each-record.before_prefix	C	nist-pdf-0017	each	fault-inject-abort	record.before_prefix	n	n	reopens_ok:0	-	reopens_ok:0	-	0	0	0	ok	NotApplicable	NoBaseline	PASS	reopens_ok; no manifest; every present id re-hashes; deterministic abort at a named writer boundary
c-nist-pdf-0017-each-record.after_prefix	C	nist-pdf-0017	each	fault-inject-abort	record.after_prefix	n	n	reopens_ok:0	-	reopens_ok:0	-	0	0	0	ok	NotApplicable	NoBaseline	PASS	reopens_ok; no manifest; every present id re-hashes; deterministic abort at a named writer boundary
c-nist-pdf-0017-each-record.after_body	C	nist-pdf-0017	each	fault-inject-abort	record.after_body	n	n	reopens_ok:1	-	reopens_ok:1	-	1	0	0	ok	NotApplicable	NoBaseline	PASS	reopens_ok; no manifest; every present id re-hashes; deterministic abort at a named writer boundary
c-nist-pdf-0017-each-flush.before_sync	C	nist-pdf-0017	each	fault-inject-abort	flush.before_sync	n	n	reopens_ok:1	-	reopens_ok:1	-	1	0	0	ok	NotApplicable	NoBaseline	PASS	reopens_ok; no manifest; every present id re-hashes; deterministic abort at a named writer boundary
c-nist-pdf-0017-each-flush.after_sync	C	nist-pdf-0017	each	fault-inject-abort	flush.after_sync	n	n	reopens_ok:1	-	reopens_ok:1	-	1	0	0	ok	NotApplicable	NoBaseline	PASS	reopens_ok; no manifest; every present id re-hashes; deterministic abort at a named writer boundary
c-nist-pdf-0017-each-seal.before_idx	C	nist-pdf-0017	each	fault-inject-abort	seal.before_idx	y	n	reopens_ok:6792	-	reopens_ok:6792	-	6792	0	0	ok	Match	Match	PASS	manifest present: exact after recovery; deterministic abort at a named writer boundary
c-nist-pdf-0017-each-seal.after_idx	C	nist-pdf-0017	each	fault-inject-abort	seal.after_idx	y	y	reopens_ok:6792	-	reopens_ok:6792	-	6792	0	0	ok	Match	Match	PASS	manifest present: exact after recovery; deterministic abort at a named writer boundary
c-nist-pdf-0017-each-manifest.before_flush	C	nist-pdf-0017	each	fault-inject-abort	manifest.before_flush	n	n	reopens_ok:1	-	reopens_ok:1	-	1	0	0	ok	NotApplicable	NoBaseline	PASS	reopens_ok; no manifest; every present id re-hashes; deterministic abort at a named writer boundary
c-nist-pdf-0017-each-manifest.after_flush	C	nist-pdf-0017	each	fault-inject-abort	manifest.after_flush	n	n	reopens_ok:1	-	reopens_ok:1	-	1	0	0	ok	NotApplicable	NoBaseline	PASS	reopens_ok; no manifest; every present id re-hashes; deterministic abort at a named writer boundary
c-nist-pdf-0017-each-manifest.after_publish	C	nist-pdf-0017	each	fault-inject-abort	manifest.after_publish	y	n	reopens_ok:1	-	reopens_ok:1	-	1	0	0	ok	Match	Match	PASS	manifest present: exact after recovery; deterministic abort at a named writer boundary
c-nist-pdf-0002-batch-record.before_prefix	C	nist-pdf-0002	batch	fault-inject-abort	record.before_prefix	n	n	reopens_ok:0	-	reopens_ok:0	-	0	0	0	ok	NotApplicable	NoBaseline	PASS	reopens_ok; no manifest; every present id re-hashes; deterministic abort at a named writer boundary
c-nist-pdf-0002-batch-record.after_prefix	C	nist-pdf-0002	batch	fault-inject-abort	record.after_prefix	n	n	reopens_ok:0	-	reopens_ok:0	-	0	0	0	ok	NotApplicable	NoBaseline	PASS	reopens_ok; no manifest; every present id re-hashes; deterministic abort at a named writer boundary
c-nist-pdf-0002-batch-record.after_body	C	nist-pdf-0002	batch	fault-inject-abort	record.after_body	n	n	reopens_ok:1	-	reopens_ok:1	-	1	0	0	ok	NotApplicable	NoBaseline	PASS	reopens_ok; no manifest; every present id re-hashes; deterministic abort at a named writer boundary
c-nist-pdf-0002-batch-flush.before_sync	C	nist-pdf-0002	batch	fault-inject-abort	flush.before_sync	n	n	reopens_ok:1	-	reopens_ok:1	-	1	0	0	ok	NotApplicable	NoBaseline	PASS	reopens_ok; no manifest; every present id re-hashes; deterministic abort at a named writer boundary
c-nist-pdf-0002-batch-flush.after_sync	C	nist-pdf-0002	batch	fault-inject-abort	flush.after_sync	n	n	reopens_ok:1	-	reopens_ok:1	-	1	0	0	ok	NotApplicable	NoBaseline	PASS	reopens_ok; no manifest; every present id re-hashes; deterministic abort at a named writer boundary
c-nist-pdf-0002-batch-seal.before_idx	C	nist-pdf-0002	batch	fault-inject-abort	seal.before_idx	y	n	reopens_ok:581	-	reopens_ok:581	-	581	0	0	ok	Match	Match	PASS	manifest present: exact after recovery; deterministic abort at a named writer boundary
c-nist-pdf-0002-batch-seal.after_idx	C	nist-pdf-0002	batch	fault-inject-abort	seal.after_idx	y	y	reopens_ok:581	-	reopens_ok:581	-	581	0	0	ok	Match	Match	PASS	manifest present: exact after recovery; deterministic abort at a named writer boundary
c-nist-pdf-0002-batch-manifest.before_flush	C	nist-pdf-0002	batch	fault-inject-abort	manifest.before_flush	n	n	reopens_ok:1	-	reopens_ok:1	-	1	0	0	ok	NotApplicable	NoBaseline	PASS	reopens_ok; no manifest; every present id re-hashes; deterministic abort at a named writer boundary
c-nist-pdf-0002-batch-manifest.after_flush	C	nist-pdf-0002	batch	fault-inject-abort	manifest.after_flush	n	n	reopens_ok:1	-	reopens_ok:1	-	1	0	0	ok	NotApplicable	NoBaseline	PASS	reopens_ok; no manifest; every present id re-hashes; deterministic abort at a named writer boundary
c-nist-pdf-0002-batch-manifest.after_publish	C	nist-pdf-0002	batch	fault-inject-abort	manifest.after_publish	y	n	reopens_ok:1	-	reopens_ok:1	-	1	0	0	ok	Match	Match	PASS	manifest present: exact after recovery; deterministic abort at a named writer boundary
c-nist-pdf-0002-each-record.before_prefix	C	nist-pdf-0002	each	fault-inject-abort	record.before_prefix	n	n	reopens_ok:0	-	reopens_ok:0	-	0	0	0	ok	NotApplicable	NoBaseline	PASS	reopens_ok; no manifest; every present id re-hashes; deterministic abort at a named writer boundary
c-nist-pdf-0002-each-record.after_prefix	C	nist-pdf-0002	each	fault-inject-abort	record.after_prefix	n	n	reopens_ok:0	-	reopens_ok:0	-	0	0	0	ok	NotApplicable	NoBaseline	PASS	reopens_ok; no manifest; every present id re-hashes; deterministic abort at a named writer boundary
c-nist-pdf-0002-each-record.after_body	C	nist-pdf-0002	each	fault-inject-abort	record.after_body	n	n	reopens_ok:1	-	reopens_ok:1	-	1	0	0	ok	NotApplicable	NoBaseline	PASS	reopens_ok; no manifest; every present id re-hashes; deterministic abort at a named writer boundary
c-nist-pdf-0002-each-flush.before_sync	C	nist-pdf-0002	each	fault-inject-abort	flush.before_sync	n	n	reopens_ok:1	-	reopens_ok:1	-	1	0	0	ok	NotApplicable	NoBaseline	PASS	reopens_ok; no manifest; every present id re-hashes; deterministic abort at a named writer boundary
c-nist-pdf-0002-each-flush.after_sync	C	nist-pdf-0002	each	fault-inject-abort	flush.after_sync	n	n	reopens_ok:1	-	reopens_ok:1	-	1	0	0	ok	NotApplicable	NoBaseline	PASS	reopens_ok; no manifest; every present id re-hashes; deterministic abort at a named writer boundary
c-nist-pdf-0002-each-seal.before_idx	C	nist-pdf-0002	each	fault-inject-abort	seal.before_idx	y	n	reopens_ok:581	-	reopens_ok:581	-	581	0	0	ok	Match	Match	PASS	manifest present: exact after recovery; deterministic abort at a named writer boundary
c-nist-pdf-0002-each-seal.after_idx	C	nist-pdf-0002	each	fault-inject-abort	seal.after_idx	y	y	reopens_ok:581	-	reopens_ok:581	-	581	0	0	ok	Match	Match	PASS	manifest present: exact after recovery; deterministic abort at a named writer boundary
c-nist-pdf-0002-each-manifest.before_flush	C	nist-pdf-0002	each	fault-inject-abort	manifest.before_flush	n	n	reopens_ok:1	-	reopens_ok:1	-	1	0	0	ok	NotApplicable	NoBaseline	PASS	reopens_ok; no manifest; every present id re-hashes; deterministic abort at a named writer boundary
c-nist-pdf-0002-each-manifest.after_flush	C	nist-pdf-0002	each	fault-inject-abort	manifest.after_flush	n	n	reopens_ok:1	-	reopens_ok:1	-	1	0	0	ok	NotApplicable	NoBaseline	PASS	reopens_ok; no manifest; every present id re-hashes; deterministic abort at a named writer boundary
c-nist-pdf-0002-each-manifest.after_publish	C	nist-pdf-0002	each	fault-inject-abort	manifest.after_publish	y	n	reopens_ok:1	-	reopens_ok:1	-	1	0	0	ok	Match	Match	PASS	manifest present: exact after recovery; deterministic abort at a named writer boundary
