kind	page_title	landing_page	asset_url
epub	50 Years of Solar System Exploration: Historical Perspectives	https://www.nasa.gov/history/history-publications-and-resources/nasa-history-series/50-years-of-solar-system-exploration-historical-perspectives/	https://www.nasa.gov/wp-content/uploads/2023/03/50-years-of-solar-system-exploration.epub
epub	A History of Near-Earth Objects Research	https://www.nasa.gov/history/history-publications-and-resources/nasa-history-series/a-history-of-near-earth-objects-research/	https://www.nasa.gov/wp-content/uploads/2025/07/a-history-of-near-earth-object-research-sp-4235.epub
epub	A New Twist in Flight Research: The F-18 Active Aeroelastic Wing Project	https://www.nasa.gov/aeronautics/a-new-twist-in-flight-research/	https://www.nasa.gov/wp-content/uploads/2015/03/A_New_Twist_in_Flight_Research1.epub
epub	A Researcher’s Guide to: Acceleration Environment	https://www.nasa.gov/missions/station/a-researchers-guide-to-acceleration-environment/	https://www.nasa.gov/wp-content/uploads/2016/06/acceleration-environment-iss-mini-book_detail.epub
epub	A Researcher’s Guide to: Cellular Biology	https://www.nasa.gov/missions/station/a-researchers-guide-to-cellular-biology/	https://www.nasa.gov/wp-content/uploads/2016/04/np-2015-03-018-jsc_cellular_biology-iss-mini-book_detail.epub
epub	A Researcher’s Guide to: Combustion Science	https://www.nasa.gov/missions/station/a-researchers-guide-to-combustion-science/	https://www.nasa.gov/wp-content/uploads/2016/05/np-2015-10-034-jsc_combustion_in_reduced_gravity.epub
epub	A Researcher’s Guide to: Earth Observations	https://www.nasa.gov/science-research/for-researchers/a-researchers-guide-to-earth-observations/	https://www.nasa.gov/wp-content/uploads/2016/05/earth-observations-2020.epub
epub	A Researcher’s Guide to: Fluid Physics	https://www.nasa.gov/science-research/for-researchers/a-researchers-guide-to-fluid-physics/	https://www.nasa.gov/wp-content/uploads/2019/10/iss-fluid-physics-2020.epub
epub	A Researcher’s Guide to: Fruit Fly Research	https://www.nasa.gov/science-research/for-researchers/a-researchers-guide-to-fruit-fly-research/	https://www.nasa.gov/wp-content/uploads/2016/06/iss_guide_to_fruit_fly_research.epub
epub	A Researcher’s Guide to: Fundamental Physics	https://www.nasa.gov/missions/station/a-researchers-guide-to-fundamental-physics/	https://www.nasa.gov/wp-content/uploads/2016/05/np-2015-04-021-jsc_fundamental_physics-iss-mini-book.epub
epub	A Researcher’s Guide to: Human Research	https://www.nasa.gov/science-research/for-researchers/a-researchers-guide-to-human-research/	https://www.nasa.gov/wp-content/uploads/2020/09/researchers_guide_human_research.epub
epub	A Researcher’s Guide to: Macromolecular Crystal Growth	https://www.nasa.gov/science-research/for-researchers/a-researchers-guide-to-macromolecular-crystal-growth/	https://www.nasa.gov/wp-content/uploads/2016/05/np-2015-08-027-jsc_macromolecular_crystals-iss-mini-book_detail.epub
epub	A Researcher’s Guide to: Microbial Research	https://www.nasa.gov/science-research/for-researchers/a-researchers-guide-to-microbial-research/	https://www.nasa.gov/wp-content/uploads/2021/10/researchers_guide_microbial_research.epub
epub	A Researcher’s Guide to: Rodent Research	https://www.nasa.gov/science-research/for-researchers/a-researchers-guide-to-rodent-research/	https://www.nasa.gov/wp-content/uploads/2016/05/np-2015-03-016-jsc_rodent-iss-mini-book_detail.epub
epub	A Researcher’s Guide to: Space Environmental Effects	https://www.nasa.gov/science-research/for-researchers/a-researchers-guide-to-space-environmental-effects/	https://www.nasa.gov/wp-content/uploads/2020/10/researchers_guide_space_environmental_effects.epub
epub	A Researcher’s Guide to: Technology  Demonstration	https://www.nasa.gov/science-research/for-researchers/a-researchers-guide-to-technology-demonstration/	https://www.nasa.gov/wp-content/uploads/2023/08/np-2022-06-009-jsc-iss-tech-demo-mini-book-ebook-0.epub
epub	Archaeology, Anthropology, and Interstellar Communication	https://www.nasa.gov/history/history-publications-and-resources/nasa-history-series/archaeology-anthropology-and-interstellar-communication/	https://www.nasa.gov/wp-content/uploads/2023/04/sp-4413-epub.epub
epub	Ascension	https://www.nasa.gov/history/ascension/	https://www.nasa.gov/wp-content/uploads/2025/08/ascension-sp-4115-epub.epub
epub	Beyond Earth: A Chronicle of Deep Space Exploration, 1958–2016	https://www.nasa.gov/history/history-publications-and-resources/nasa-history-series/beyond-earth/	https://www3.nasa.gov/sites/default/files/atoms/files/beyond_earth_chronicle_of_deep_space_exploration_1958-2016.epub
epub	Beyond Tube-and-Wing: The X-48 Blended Wing-Body and NASA&#8217;s Quest to Reshape Future Transport Aircraft	https://www.nasa.gov/aeronautics/beyond-tube-and-wing/	https://www.nasa.gov/wp-content/uploads/2020/11/beyond_tube-and-wing.epub
epub	Breaking the Mishap Chain: Human Factors Lessons Learned from Aerospace Accidents and Incidents in Research, Flight Test, and Development	https://www.nasa.gov/aeronautics/breaking-the-mishap-chain-human-factors-lessons-learned-from-aerospace-accidents-and-incidents-in-research-flight-test-and-development/	https://www.nasa.gov/wp-content/uploads/2015/03/640425main_BreakingMishapChain-ebook.epub
epub	Cave of the Winds	https://www.nasa.gov/aeronautics/cave-of-the-winds/	https://www3.nasa.gov/sites/default/files/files/Cave_of_the_Winds_epub.epub
epub	Coming Home: Reentry and Recovery from Space	https://www.nasa.gov/aeronautics/coming-home/	https://www.nasa.gov/wp-content/uploads/2015/04/695721main_ComingHome-ebook.epub
epub	Cosmos &amp; Culture: Cultural Evolution in a Cosmic Context	https://www.nasa.gov/history/history-publications-and-resources/nasa-history-series/cosmos-culture-cultural-evolution-in-a-cosmic-context/	https://www.nasa.gov/wp-content/uploads/2023/04/sp-4802-epub.epub
epub	Counting the Many Ways the Space Station Benefits Humankind	https://www.nasa.gov/ebooks/counting-the-many-ways-the-space-station-benefits-humankind/	https://www.nasa.gov/wp-content/uploads/2023/08/iss_benefits_for_humanity_3e.epub
epub	Crash Course: Lessons Learned from Accidents Involving Remotely Piloted and Autonomous Aircraft	https://www.nasa.gov/history/crash-course/	https://www.nasa.gov/wp-content/uploads/2015/01/732718main_crash_course-ebook_r2.epub
epub	Dressing for Altitude, U.S. Aviation Pressure Suits-Wiley Post to Space Shuttle	https://www.nasa.gov/aeronautics/dressing-for-altitude/	https://www.nasa.gov/wp-content/uploads/2015/04/dressing-for-altitude-ebook.epub
epub	Earth	https://www.nasa.gov/ebooks/earth/	https://www.nasa.gov/wp-content/uploads/2018/11/earth_book_2019.epub
epub	Earth As Art	https://www.nasa.gov/ebooks/earth-as-art/	https://www.nasa.gov/wp-content/uploads/2023/08/2018_earth_as_art-nasa.epub
epub	Earth at Night	https://www.nasa.gov/ebooks/earth-at-night/	https://www.nasa.gov/wp-content/uploads/2019/11/earth_at_night-ebook.epub
epub	Economic Development of Low Earth Orbit	https://www.nasa.gov/ebooks/economic-development-of-low-earth-orbit/	https://www.nasa.gov/wp-content/uploads/2023/08/economic-development-of-low-earth-orbit-ebook_0.epub
epub	Elegance in Flight: A comprehensive History of the F-16XL Experimental Prototype and its Role in NASA Flight Research	https://www.nasa.gov/aeronautics/elegance-in-flight/	https://www.nasa.gov/wp-content/uploads/2015/06/elegance_in_flight.epub
epub	Entering the Decade of Results: International Space Station Benefits for Humanity Publication Released	https://www.nasa.gov/humans-in-space/entering-the-decade-of-results-international-space-station-benefits-for-humanity-publication-released/	https://www.nasa.gov/wp-content/uploads/2023/08/iss_benefits_for_humanity_2022_ebook.epub
epub	Flying Beyond the Stall	https://www.nasa.gov/aeronautics/flying-beyond-the-stall/	https://www.nasa.gov/wp-content/uploads/2015/03/Flying_Beyond_the_Stall.epub
epub	Global Reach: A View of NASA&#8217;s International Cooperation	https://www.nasa.gov/technology/global-reach-a-view-of-nasas-international-cooperation/	https://www.nasa.gov/wp-content/uploads/2023/08/Global_Reach.epub
epub	Green Light for Green Flight: NASA&#8217;s Contributions to Environmentally Responsible Aviation	https://www.nasa.gov/aeronautics/green-light-for-green-flight-nasas-contributions-to-environmentally-responsible-aviation/	https://www.nasa.gov/wp-content/uploads/2020/07/green-light-for-green-flight.epub
epub	Historical Analogs for the Stimulation of Space Commerce	https://www.nasa.gov/history/history-publications-and-resources/nasa-history-series/historical-analogs-for-the-stimulation-of-space-commerce/	https://www3.nasa.gov/sites/default/files/files/historical-analogs-ebook.epub
epub	Historical Studies in the Societal Impact of Spaceflight	https://www.nasa.gov/history/history-publications-and-resources/nasa-history-series/historical-studies-in-the-societal-impact-of-spaceflight/	https://www3.nasa.gov/sites/default/files/atoms/files/historical-studies-societal-impact-spaceflight-ebook.epub
epub	International Space Station Benefits for Humanity	https://www.nasa.gov/ebooks/international-space-station-benefits-for-humanity/	https://www.nasa.gov/wp-content/uploads/2023/08/benefits-for-humanity-ebook.epub
epub	Making the Invisible Visible: A History of the Spitzer Infrared Telescope Facility (1971–2003)	https://www.nasa.gov/history/history-publications-and-resources/nasa-history-series/making-the-invisible-visible/	https://www.nasa.gov/wp-content/uploads/2023/03/making-the-invisible-visible-rottner.epub
epub	Modeling Flight	https://www.nasa.gov/aeronautics/modeling-flight/	https://www.nasa.gov/wp-content/uploads/2015/01/601260main_ModelingFlight-ebook.epub
epub	NASA at 50	https://www.nasa.gov/history/history-publications-and-resources/nasa-history-series/nasa-at-50/	https://www.nasa.gov/wp-content/uploads/2023/06/nasa-at-50-ebook.epub
epub	NASA&#8217;s Contributions to Aeronautics, Volume 2	https://www.nasa.gov/aeronautics/nasas-contributions-to-aeronautics-volume-2/	https://www.nasa.gov/wp-content/uploads/2015/01/601325main_NASAsContributionsToAeronauticsVolume2-ebook.epub
epub	NASA&#8217;s First 50 Years: Historical Perspectives	https://www.nasa.gov/history/history-publications-and-resources/nasa-history-series/nasa-50th-anniversary-proceedings-nasas-first-50-years-historical-perspectives/	https://www.nasa.gov/wp-content/uploads/2023/02/607085main_NASAsFirst50YearsHistoricalPerspectives-ebook.epub
epub	NASA&#8217;s First A: Aeronautics from 1958–2008	https://www.nasa.gov/history/history-publications-and-resources/nasa-history-series/nasas-first-a-aeronautics-from-1958-2008/	https://www.nasa.gov/wp-content/uploads/2015/04/NASAsFirstA-ebook.epub
epub	NASA’s New Hubble E-Book Takes Readers on a Journey to Curious Worlds	https://www.nasa.gov/ebooks/nasas-new-hubble-e-book-takes-readers-on-a-journey-to-curious-worlds/	https://www.nasa.gov/wp-content/uploads/2023/08/hubble_focus_exoplanets_june2022.epub
epub	Not Yet Imagined: A Study of Hubble Space Telescope Operations	https://www.nasa.gov/history/history-publications-and-resources/nasa-history-series/not-yet-imagined-a-study-of-hubble-space-telescope-operations/	https://www.nasa.gov/wp-content/uploads/2020/12/not_yet_imagined.epub
epub	Origins of 21st-Century Space Travel	https://www.nasa.gov/history/history-publications-and-resources/nasa-history-series/origins-of-21st-century-space-travel/	https://www3.nasa.gov/sites/default/files/atoms/files/origins_of_21st_century_space_travel-asner_and_garber.epub
epub	Probing the Sky: Selected NACA Research Airplanes and Their Contributions to Flight	https://www.nasa.gov/aeronautics/probing-the-sky/	https://www.nasa.gov/wp-content/uploads/2015/04/Probing_the_Sky.epub
epub	Promise Denied: NASA&#8217;s X-34 and the Quest for Cheap, Reusable Access to Space	https://www.nasa.gov/aeronautics/promise-denied-nasas-x-34-and-the-quest-for-cheap-reusable-access-to-space/	https://www.nasa.gov/wp-content/uploads/2020/06/promise-denied.epub
epub	Pursuit of Power	https://www.nasa.gov/history/history-publications-and-resources/nasa-history-series/pursuit-of-power/	https://www.nasa.gov/wp-content/uploads/2023/04/sp-4548-epub.epub
epub	Quieting the Boom: The Shaped Sonic Boom Demonstrator and the Quest for Quiet Supersonic Flight	https://www.nasa.gov/aeronautics/quieting-the-boom-the-shaped-sonic-boom-demonstrator-and-the-quest-for-quiet-supersonic-flight/	https://www.nasa.gov/wp-content/uploads/2015/04/QuietingtheBoom-ebook.epub
epub	Researcher’s Guide to: GeneLab	https://www.nasa.gov/science-research/for-researchers/researchers-guide-to-genelab/	https://www.nasa.gov/wp-content/uploads/2018/05/researchers_guide_to_genelab_a_-_nasa_iss_program_science_office.epub
epub	Researcher’s Guide to: Physical Sciences Informatics System	https://www.nasa.gov/science-research/for-researchers/researchers-guide-to-physical-sciences-informatics-system/	https://www.nasa.gov/wp-content/uploads/2018/11/researchers_guide_to_physical_sciences_informatics_system-nasa_iss_science_office.epub
epub	Science Advice to NASA: Conflict, Consensus, Partnership, Leadership	https://www.nasa.gov/history/history-publications-and-resources/nasa-history-series/science-advice-to-nasa-conflict-consensus-partnership-leadership/	https://www.nasa.gov/wp-content/uploads/2023/02/science_advice_to_nasa_conflict_consensutnership_leadership_-_joseph_k._alexander.epub
epub	Sweeping Forward: Developing &amp; Flight Testing the Grumman X-29A Forward Swept Wing Research Aircraft	https://www.nasa.gov/aeronautics/sweeping-forward/	https://www.nasa.gov/wp-content/uploads/2015/04/Sweeping_Forward.epub
epub	The Apollo of Aeronautics: NASA&#8217;s Aircraft Energy Efficiency Program, 1973-1987	https://www.nasa.gov/aeronautics/the-apollo-of-aeronautics/	https://www.nasa.gov/wp-content/uploads/2015/04/601245main_ApolloAeronautics-ebook.epub
epub	The Power for Flight: NASA’s Contributions to Aircraft Propulsion	https://www.nasa.gov/aeronautics/the-power-for-flight/	https://www.nasa.gov/wp-content/uploads/2017/12/power_for_flight_nasas_contributions_to_aircraft_propulsion_the_-_jeremy_r._kinney.epub
epub	The Saturn System Through the Eyes of Cassini	https://www.nasa.gov/ebooks/the-saturn-system-through-the-eyes-of-cassini/	https://www.nasa.gov/wp-content/uploads/2017/09/the_saturn_system_ebook_0.epub
epub	Thinking Obliquely: Robert T. Jones, the Oblique Wing, NASA&#8217;s AD-1 Demonstrator, and its Legacy	https://www.nasa.gov/aeronautics/thinking-obliquely/	https://www.nasa.gov/wp-content/uploads/2015/04/ThinkingObliquely-ebook.epub
epub	Three Sigma Leadership	https://www.nasa.gov/ebooks/three-sigma-leadership/	https://www.nasa.gov/wp-content/uploads/2023/10/three-sigma-leadership.epub
epub	Toward a History of the Space Shuttle: An Annotated Bibliography Part 2, 1992-2011	https://www.nasa.gov/history/history-publications-and-resources/nasa-history-series/toward-a-history-of-the-space-shuttle-an-annotated-bibliography-part-2-1992-2011/	https://www.nasa.gov/wp-content/uploads/2023/02/708064main_shuttle_bibliography_2-ebook.epub
epub	Unlimited Horizons: Design and Development of the U-2	https://www.nasa.gov/aeronautics/unlimited-horizons/	https://www.nasa.gov/wp-content/uploads/2015/07/unlimited-horizons.epub
epub	Walking to Olympus: An EVA Chronology, 1997–2011 Volume 2	https://www.nasa.gov/history/history-publications-and-resources/nasa-history-series/walking-to-olympus/	https://www.nasa.gov/wp-content/uploads/2023/04/sp-4550.epub
epub	When Biospheres Collide	https://www.nasa.gov/history/history-publications-and-resources/nasa-history-series/when-biospheres-collide/	https://www.nasa.gov/wp-content/uploads/2023/02/When_Biospheres_Collide.epub
epub	X-15 Research Results	https://www.nasa.gov/history/x-15-research-results/	https://www.nasa.gov/wp-content/uploads/2015/04/607075main_X15ResearchResults-ebook.epub
epub	X-15: Extending the Frontiers of Flight	https://www.nasa.gov/history/x-15-extending-the-frontiers-of-flight/	https://www.nasa.gov/wp-content/uploads/2015/01/601240main_X15ExtendingFrontiersFlight-ebook.epub
pdf	&#8216;NASA STEM Stars&#8217;: Director of Heliophysics	https://www.nasa.gov/stem-content/nasa-stem-stars-director-of-heliophysics/	http://parkersolarprobe.jhuapl.edu/Participate/files/ParkerSolarPizza_Font-Back-WEB.pdf
pdf	&#8216;NASA STEM Stars&#8217;: Director of Heliophysics	https://www.nasa.gov/stem-content/nasa-stem-stars-director-of-heliophysics/	https://sunearthday.nasa.gov/2007/materials/solar_pizza.pdf
pdf	2.0 Complete Spacecraft Platforms	https://www.nasa.gov/smallsat-institute/sst-soa/platforms/	https://www.nasa.gov/sites/default/files/atoms/files/smallsattechdevguidebook_rev-508d1.pdf
pdf	2.0 Complete Spacecraft Platforms	https://www.nasa.gov/smallsat-institute/sst-soa/platforms/	https://www.nasa.gov/wp-content/uploads/2026/05/2-soa-platforms-2026-final.pdf
pdf	50 Years of Solar System Exploration: Historical Perspectives	https://www.nasa.gov/history/history-publications-and-resources/nasa-history-series/50-years-of-solar-system-exploration-historical-perspectives/	https://www.nasa.gov/wp-content/uploads/2021/09/50-years-of-solar-system-exploration_tagged.pdf
pdf	A Brief History of Animals in Space	https://www.nasa.gov/history/a-brief-history-of-animals-in-space/	https://www.nasa.gov/wp-content/uploads/2024/01/animals-in-space-bielitzki.pdf
pdf	A Brief History of Animals in Space	https://www.nasa.gov/history/a-brief-history-of-animals-in-space/	https://www.nasa.gov/wp-content/uploads/2024/01/history-of-space-life-sciences-neurolab-jsc.pdf
pdf	A History of Near-Earth Objects Research	https://www.nasa.gov/history/history-publications-and-resources/nasa-history-series/a-history-of-near-earth-objects-research/	https://www.nasa.gov/wp-content/uploads/2025/07/a-history-of-near-earth-object-research-sp-4235.pdf
pdf	A New Twist in Flight Research: The F-18 Active Aeroelastic Wing Project	https://www.nasa.gov/aeronautics/a-new-twist-in-flight-research/	https://www.nasa.gov/wp-content/uploads/2015/03/A_New_Twist_in_Flight_Research1.pdf
pdf	A Researcher’s Guide to: Acceleration Environment	https://www.nasa.gov/missions/station/a-researchers-guide-to-acceleration-environment/	https://www.nasa.gov/wp-content/uploads/2016/06/acceleration-environment-iss-mini-book_detail-508c.pdf
pdf	A Researcher’s Guide to: Cellular Biology	https://www.nasa.gov/missions/station/a-researchers-guide-to-cellular-biology/	https://www.nasa.gov/wp-content/uploads/2023/03/np-2015-03-018-jsc-cellular-biology-iss-mini-book-508.pdf
pdf	A Researcher’s Guide to: Combustion Science	https://www.nasa.gov/missions/station/a-researchers-guide-to-combustion-science/	https://www.nasa.gov/wp-content/uploads/2016/05/np-2015-10-034-jsc_combustion_in_reduced_gravity-iss-mini-book-011116-508.pdf
pdf	A Researcher’s Guide to: Earth Observations	https://www.nasa.gov/science-research/for-researchers/a-researchers-guide-to-earth-observations/	https://www.nasa.gov/wp-content/uploads/2016/05/earth-observations-2020-tagged.pdf
pdf	A Researcher’s Guide to: Fluid Physics	https://www.nasa.gov/science-research/for-researchers/a-researchers-guide-to-fluid-physics/	https://www.nasa.gov/wp-content/uploads/2019/10/iss-fluid_physics_tagged.pdf
pdf	A Researcher’s Guide to: Fruit Fly Research	https://www.nasa.gov/science-research/for-researchers/a-researchers-guide-to-fruit-fly-research/	https://www.nasa.gov/wp-content/uploads/2016/06/fruit_fly-iss-mini-book-tagged.pdf
pdf	A Researcher’s Guide to: Fundamental Physics	https://www.nasa.gov/missions/station/a-researchers-guide-to-fundamental-physics/	https://www.nasa.gov/wp-content/uploads/2016/05/np-2015-04-021-jsc_fundamental_physics-iss-mini-book-508.pdf
pdf	A Researcher’s Guide to: Human Research	https://www.nasa.gov/science-research/for-researchers/a-researchers-guide-to-human-research/	https://www.nasa.gov/wp-content/uploads/2020/09/researchers_guide_human_research_tagged.pdf
pdf	A Researcher’s Guide to: Macromolecular Crystal Growth	https://www.nasa.gov/science-research/for-researchers/a-researchers-guide-to-macromolecular-crystal-growth/	https://www.nasa.gov/wp-content/uploads/2016/05/np-2015-08-027-jsc_macromolecular_crystals-iss-mini-book-102715-508c.pdf
pdf	A Researcher’s Guide to: Microbial Research	https://www.nasa.gov/science-research/for-researchers/a-researchers-guide-to-microbial-research/	https://www.nasa.gov/wp-content/uploads/2021/10/microbial_research_2021_tagged.pdf
pdf	A Researcher’s Guide to: Microgravity Materials Research	https://www.nasa.gov/science-research/for-researchers/a-researchers-guide-to-microgravity-materials-research/	https://www.nasa.gov/wp-content/uploads/2025/06/np-2025-jsc-microgravity-materials-iss-mini-book-final.pdf
pdf	A Researcher’s Guide to: Plant Science	https://www.nasa.gov/science-research/for-researchers/a-researchers-guide-to-plant-science/	https://www.nasa.gov/wp-content/uploads/2023/07/np-2023-jsc-plant-research-mini-book508c.pdf
pdf	A Researcher’s Guide to: Rodent Research	https://www.nasa.gov/science-research/for-researchers/a-researchers-guide-to-rodent-research/	https://www.nasa.gov/wp-content/uploads/2016/05/np-2015-03-016-jsc_rodent-iss-mini-book_detail-508.pdf
pdf	A Researcher’s Guide to: Space Environmental Effects	https://www.nasa.gov/science-research/for-researchers/a-researchers-guide-to-space-environmental-effects/	https://www.nasa.gov/wp-content/uploads/2020/10/researchers-guide-space-environment-effects_tagged.pdf
pdf	A Researcher’s Guide to: Technology  Demonstration	https://www.nasa.gov/science-research/for-researchers/a-researchers-guide-to-technology-demonstration/	https://www.nasa.gov/wp-content/uploads/2023/08/np-2022-06-009-jsc-iss-tech-demo-mini-book-proof-3.pdf
pdf	A Wartime Necessity	https://www.nasa.gov/history/a-wartime-necessity/	https://www.nasa.gov/wp-content/uploads/2024/06/a-wartime-necessity-tagged.pdf
pdf	About MUREP	https://www.nasa.gov/learning-resources/about-murep/	https://www.nasa.gov/wp-content/uploads/2023/05/fy-22-strategic-plan.pdf
pdf	Advanced Air Mobility Career Day Held in May	https://www.nasa.gov/aeronautics/advanced-air-mobility-career-day-held-in-may/	https://nari.arc.nasa.gov/sites/default/files/attachments/AAM%20Career%20Day%20-%201.1%20Flight%20Operations%20Track%20-%20FINAL.pdf
pdf	Advanced Air Mobility Career Day Held in May	https://www.nasa.gov/aeronautics/advanced-air-mobility-career-day-held-in-may/	https://nari.arc.nasa.gov/sites/default/files/attachments/AAM%20Career%20Day%20-%201.1%20Project%20Support%20Track%20-%20FINAL.pdf
pdf	Advanced Air Mobility Career Day Held in May	https://www.nasa.gov/aeronautics/advanced-air-mobility-career-day-held-in-may/	https://nari.arc.nasa.gov/sites/default/files/attachments/AAM%20Career%20Day%20-%201.1%20Research%20and%20Engineering%20Track%20-%20FINAL.pdf
pdf	Advanced Air Mobility Career Day Held in May	https://www.nasa.gov/aeronautics/advanced-air-mobility-career-day-held-in-may/	https://nari.arc.nasa.gov/sites/default/files/attachments/AAM%20Career%20Day%20-%20Plenary.pdf
pdf	Advanced Air Mobility Career Day Held in May	https://www.nasa.gov/aeronautics/advanced-air-mobility-career-day-held-in-may/	https://nari.arc.nasa.gov/sites/default/files/attachments/AAM%20Career%20Day%20Speaker%20Bios%20.pdf
pdf	Advanced Air Mobility Career Day Held in May	https://www.nasa.gov/aeronautics/advanced-air-mobility-career-day-held-in-may/	https://www.nasa.gov/wp-content/uploads/2021/05/aero-prek.pdf
pdf	Advancing Technology for Aeronautics	https://www.nasa.gov/general/advancing-technology-for-aeronautics/	https://www3.nasa.gov/sites/default/files/atoms/files/utm-factsheet-11-05-15.pdf
pdf	Aeronautics @ Home	https://www.nasa.gov/directorates/armd/aeronautics-home/	https://science.nasa.gov/wp-content/uploads/2023/10/Adventures_in_Aeronautics_Coloring_Book.pdf
pdf	Aeronautics @ Home	https://www.nasa.gov/directorates/armd/aeronautics-home/	https://www.nasa.gov/wp-content/uploads/2022/03/x-59-maker-bundle-v8.pdf
pdf	Aeronautics @ Home	https://www.nasa.gov/directorates/armd/aeronautics-home/	https://www.nasa.gov/wp-content/uploads/2023/12/aircraft-design-identification-flyer.pdf
pdf	Aeronautics @ Home	https://www.nasa.gov/directorates/armd/aeronautics-home/	https://www.nasa.gov/wp-content/uploads/2023/12/winter-break-activities-v5.pdf
pdf	Aeronautics Cross-Stitch Activity	https://www.nasa.gov/stem-content/aeronautics-cross-stitch-activity/	https://www.nasa.gov/wp-content/uploads/2024/12/schlieren-cross-stitch.pdf
pdf	Aeronautics Educator Guide	https://www.nasa.gov/stem-content/aeronautics-educator-guide/	https://www.nasa.gov/wp-content/uploads/2009/07/58152main_Aeronautics.Educator.pdf
pdf	Aeronautics Hidden Words	https://www.nasa.gov/stem-content/aeronautics-hidden-words/	https://www.nasa.gov/wp-content/uploads/2020/06/hidden-words.pdf
pdf	Aeronautics Module	https://www.nasa.gov/stem-content/aeronautics-module/	https://www.nasa.gov/wp-content/uploads/2019/08/nosl-grc-ps-01985-aeronautics-module.pdf
pdf	Aeronautics Nonograms	https://www.nasa.gov/stem-content/aeronautics-nonograms/	https://www.nasa.gov/wp-content/uploads/2023/05/aeronautics-nonograms-puzzles-and-answers.pdf
pdf	Aeronautics Research Poster	https://www.nasa.gov/stem-content/aeronautics-research-poster/	https://www.nasa.gov/wp-content/uploads/2009/08/378539main_Aero_Research_Poster.pdf
pdf	Aeronautics Research Poster	https://www.nasa.gov/stem-content/aeronautics-research-poster/	https://www.nasa.gov/wp-content/uploads/2009/08/378540main_Aero_Research_Poster_h.pdf
pdf	Aeronautics STEM	https://www.nasa.gov/aeronautics/aeronautics-stem/	https://www.nasa.gov/wp-content/uploads/2022/03/x-59-maker-bundle-v8.pdf
pdf	Aeronautics STEM	https://www.nasa.gov/aeronautics/aeronautics-stem/	https://www.nasa.gov/wp-content/uploads/2023/05/nasa-aero-stem-careers-flyer.pdf
pdf	Aeronautics and Space Report of the President	https://www.nasa.gov/history/history-publications-and-resources/aeronautics-and-space-report-of-the-president/	https://www.nasa.gov/wp-content/uploads/2023/01/FY-2016-Pres-Report_TAGGED_v3.pdf
pdf	Aeronautics and Space Report of the President	https://www.nasa.gov/history/history-publications-and-resources/aeronautics-and-space-report-of-the-president/	https://www.nasa.gov/wp-content/uploads/2023/01/FY-2017-Pres-Report_TAGGED.pdf
pdf	Aeronautics and Space Report of the President	https://www.nasa.gov/history/history-publications-and-resources/aeronautics-and-space-report-of-the-president/	https://www.nasa.gov/wp-content/uploads/2023/01/FY-2020-Presidents-Report_TAGGED.pdf
pdf	Aeronautics and Space Report of the President	https://www.nasa.gov/history/history-publications-and-resources/aeronautics-and-space-report-of-the-president/	https://www.nasa.gov/wp-content/uploads/2023/01/FY19-Presidents-Report_508.pdf
pdf	Aeronautics and Space Report of the President	https://www.nasa.gov/history/history-publications-and-resources/aeronautics-and-space-report-of-the-president/	https://www.nasa.gov/wp-content/uploads/2023/01/President-Report-2018_TAGGED.pdf
pdf	Aeronautics and Space Report of the President	https://www.nasa.gov/history/history-publications-and-resources/aeronautics-and-space-report-of-the-president/	https://www.nasa.gov/wp-content/uploads/2023/01/fy-2023-report-of-the-president.pdf
pdf	Aeronautics and Space Report of the President	https://www.nasa.gov/history/history-publications-and-resources/aeronautics-and-space-report-of-the-president/	https://www.nasa.gov/wp-content/uploads/2023/01/presrep2001.pdf
pdf	Aeronautics and Space Report of the President	https://www.nasa.gov/history/history-publications-and-resources/aeronautics-and-space-report-of-the-president/	https://www.nasa.gov/wp-content/uploads/2023/01/presrep2002.pdf
pdf	Aeronautics and Space Report of the President	https://www.nasa.gov/history/history-publications-and-resources/aeronautics-and-space-report-of-the-president/	https://www.nasa.gov/wp-content/uploads/2023/01/presrep2003.pdf
pdf	Aeronautics and Space Report of the President	https://www.nasa.gov/history/history-publications-and-resources/aeronautics-and-space-report-of-the-president/	https://www.nasa.gov/wp-content/uploads/2023/01/presrep2004.pdf
pdf	Aeronautics and Space Report of the President	https://www.nasa.gov/history/history-publications-and-resources/aeronautics-and-space-report-of-the-president/	https://www.nasa.gov/wp-content/uploads/2023/01/presrep2005.pdf
pdf	Aeronautics and Space Report of the President	https://www.nasa.gov/history/history-publications-and-resources/aeronautics-and-space-report-of-the-president/	https://www.nasa.gov/wp-content/uploads/2023/01/presrep2006.pdf
pdf	Aeronautics and Space Report of the President	https://www.nasa.gov/history/history-publications-and-resources/aeronautics-and-space-report-of-the-president/	https://www.nasa.gov/wp-content/uploads/2023/01/presrep2007.pdf
pdf	Aeronautics and Space Report of the President	https://www.nasa.gov/history/history-publications-and-resources/aeronautics-and-space-report-of-the-president/	https://www.nasa.gov/wp-content/uploads/2023/01/presrep2008.pdf
pdf	Aeronautics and Space Report of the President	https://www.nasa.gov/history/history-publications-and-resources/aeronautics-and-space-report-of-the-president/	https://www.nasa.gov/wp-content/uploads/2023/01/presrep2009.pdf
pdf	Aeronautics and Space Report of the President	https://www.nasa.gov/history/history-publications-and-resources/aeronautics-and-space-report-of-the-president/	https://www.nasa.gov/wp-content/uploads/2023/01/presrep2010.pdf
pdf	Aeronautics and Space Report of the President	https://www.nasa.gov/history/history-publications-and-resources/aeronautics-and-space-report-of-the-president/	https://www.nasa.gov/wp-content/uploads/2023/01/presrep2011.pdf
pdf	Aeronautics and Space Report of the President	https://www.nasa.gov/history/history-publications-and-resources/aeronautics-and-space-report-of-the-president/	https://www.nasa.gov/wp-content/uploads/2023/01/presrep2012.pdf
pdf	Aeronautics and Space Report of the President	https://www.nasa.gov/history/history-publications-and-resources/aeronautics-and-space-report-of-the-president/	https://www.nasa.gov/wp-content/uploads/2023/01/presrep2013.pdf
pdf	Aeronautics and Space Report of the President	https://www.nasa.gov/history/history-publications-and-resources/aeronautics-and-space-report-of-the-president/	https://www.nasa.gov/wp-content/uploads/2023/01/presrep2014.pdf
pdf	Aeronautics and Space Report of the President	https://www.nasa.gov/history/history-publications-and-resources/aeronautics-and-space-report-of-the-president/	https://www.nasa.gov/wp-content/uploads/2023/01/presrep2015.pdf
pdf	Aeronautics and Space Report of the President	https://www.nasa.gov/history/history-publications-and-resources/aeronautics-and-space-report-of-the-president/	https://www.nasa.gov/wp-content/uploads/2023/05/fy-2021-and-2022-presidents-report.pdf
pdf	Aeronautics and Space Report of the President	https://www.nasa.gov/history/history-publications-and-resources/aeronautics-and-space-report-of-the-president/	https://www.nasa.gov/wp-content/uploads/2023/10/presrep1991.pdf
pdf	Aeronautics and Space Report of the President	https://www.nasa.gov/history/history-publications-and-resources/aeronautics-and-space-report-of-the-president/	https://www.nasa.gov/wp-content/uploads/2023/10/presrep1992.pdf
pdf	Aeronautics and Space Report of the President	https://www.nasa.gov/history/history-publications-and-resources/aeronautics-and-space-report-of-the-president/	https://www.nasa.gov/wp-content/uploads/2023/10/presrep1993.pdf
pdf	Aeronautics and Space Report of the President	https://www.nasa.gov/history/history-publications-and-resources/aeronautics-and-space-report-of-the-president/	https://www.nasa.gov/wp-content/uploads/2023/10/presrep1994.pdf
pdf	Aeronautics and Space Report of the President	https://www.nasa.gov/history/history-publications-and-resources/aeronautics-and-space-report-of-the-president/	https://www.nasa.gov/wp-content/uploads/2023/10/presrep1995.pdf
pdf	Aeronautics and Space Report of the President	https://www.nasa.gov/history/history-publications-and-resources/aeronautics-and-space-report-of-the-president/	https://www.nasa.gov/wp-content/uploads/2023/10/presrep1996.pdf
pdf	Aeronautics and Space Report of the President	https://www.nasa.gov/history/history-publications-and-resources/aeronautics-and-space-report-of-the-president/	https://www.nasa.gov/wp-content/uploads/2023/10/presrep1997.pdf
pdf	Aeronautics and Space Report of the President	https://www.nasa.gov/history/history-publications-and-resources/aeronautics-and-space-report-of-the-president/	https://www.nasa.gov/wp-content/uploads/2023/10/presrep1998.pdf
pdf	Aeronautics and Space Report of the President	https://www.nasa.gov/history/history-publications-and-resources/aeronautics-and-space-report-of-the-president/	https://www.nasa.gov/wp-content/uploads/2023/10/presrep1999.pdf
pdf	Aeronautics and Space Report of the President	https://www.nasa.gov/history/history-publications-and-resources/aeronautics-and-space-report-of-the-president/	https://www.nasa.gov/wp-content/uploads/2023/10/presrep2000.pdf
pdf	Aeronautics and Space Report of the President	https://www.nasa.gov/history/history-publications-and-resources/aeronautics-and-space-report-of-the-president/	https://www.nasa.gov/wp-content/uploads/2024/01/presrep1958.pdf
pdf	Aeronautics and Space Report of the President	https://www.nasa.gov/history/history-publications-and-resources/aeronautics-and-space-report-of-the-president/	https://www.nasa.gov/wp-content/uploads/2024/01/presrep1959.pdf
pdf	Aeronautics and Space Report of the President	https://www.nasa.gov/history/history-publications-and-resources/aeronautics-and-space-report-of-the-president/	https://www.nasa.gov/wp-content/uploads/2024/01/presrep1960.pdf
pdf	Aeronautics and Space Report of the President	https://www.nasa.gov/history/history-publications-and-resources/aeronautics-and-space-report-of-the-president/	https://www.nasa.gov/wp-content/uploads/2024/01/presrep1961.pdf
pdf	Aeronautics and Space Report of the President	https://www.nasa.gov/history/history-publications-and-resources/aeronautics-and-space-report-of-the-president/	https://www.nasa.gov/wp-content/uploads/2024/01/presrep1962.pdf
pdf	Aeronautics and Space Report of the President	https://www.nasa.gov/history/history-publications-and-resources/aeronautics-and-space-report-of-the-president/	https://www.nasa.gov/wp-content/uploads/2024/01/presrep1963.pdf
pdf	Aeronautics and Space Report of the President	https://www.nasa.gov/history/history-publications-and-resources/aeronautics-and-space-report-of-the-president/	https://www.nasa.gov/wp-content/uploads/2024/01/presrep1964.pdf
pdf	Aeronautics and Space Report of the President	https://www.nasa.gov/history/history-publications-and-resources/aeronautics-and-space-report-of-the-president/	https://www.nasa.gov/wp-content/uploads/2024/01/presrep1965.pdf
pdf	Aeronautics and Space Report of the President	https://www.nasa.gov/history/history-publications-and-resources/aeronautics-and-space-report-of-the-president/	https://www.nasa.gov/wp-content/uploads/2024/01/presrep1966.pdf
pdf	Aeronautics and Space Report of the President	https://www.nasa.gov/history/history-publications-and-resources/aeronautics-and-space-report-of-the-president/	https://www.nasa.gov/wp-content/uploads/2024/01/presrep1967.pdf
pdf	Aeronautics and Space Report of the President	https://www.nasa.gov/history/history-publications-and-resources/aeronautics-and-space-report-of-the-president/	https://www.nasa.gov/wp-content/uploads/2024/01/presrep1968.pdf
pdf	Aeronautics and Space Report of the President	https://www.nasa.gov/history/history-publications-and-resources/aeronautics-and-space-report-of-the-president/	https://www.nasa.gov/wp-content/uploads/2024/01/presrep1969.pdf
pdf	Aeronautics and Space Report of the President	https://www.nasa.gov/history/history-publications-and-resources/aeronautics-and-space-report-of-the-president/	https://www.nasa.gov/wp-content/uploads/2024/01/presrep1970.pdf
pdf	Aeronautics and Space Report of the President	https://www.nasa.gov/history/history-publications-and-resources/aeronautics-and-space-report-of-the-president/	https://www.nasa.gov/wp-content/uploads/2024/01/presrep1971.pdf
pdf	Aeronautics and Space Report of the President	https://www.nasa.gov/history/history-publications-and-resources/aeronautics-and-space-report-of-the-president/	https://www.nasa.gov/wp-content/uploads/2024/01/presrep1972.pdf
pdf	Aeronautics and Space Report of the President	https://www.nasa.gov/history/history-publications-and-resources/aeronautics-and-space-report-of-the-president/	https://www.nasa.gov/wp-content/uploads/2024/01/presrep1973.pdf
pdf	Aeronautics and Space Report of the President	https://www.nasa.gov/history/history-publications-and-resources/aeronautics-and-space-report-of-the-president/	https://www.nasa.gov/wp-content/uploads/2024/01/presrep1974.pdf
pdf	Aeronautics and Space Report of the President	https://www.nasa.gov/history/history-publications-and-resources/aeronautics-and-space-report-of-the-president/	https://www.nasa.gov/wp-content/uploads/2024/01/presrep1975.pdf
pdf	Aeronautics and Space Report of the President	https://www.nasa.gov/history/history-publications-and-resources/aeronautics-and-space-report-of-the-president/	https://www.nasa.gov/wp-content/uploads/2024/01/presrep1976.pdf
pdf	Aeronautics and Space Report of the President	https://www.nasa.gov/history/history-publications-and-resources/aeronautics-and-space-report-of-the-president/	https://www.nasa.gov/wp-content/uploads/2024/01/presrep1977.pdf
pdf	Aeronautics and Space Report of the President	https://www.nasa.gov/history/history-publications-and-resources/aeronautics-and-space-report-of-the-president/	https://www.nasa.gov/wp-content/uploads/2024/01/presrep1978.pdf
pdf	Aeronautics and Space Report of the President	https://www.nasa.gov/history/history-publications-and-resources/aeronautics-and-space-report-of-the-president/	https://www.nasa.gov/wp-content/uploads/2024/01/presrep1979.pdf
pdf	Aeronautics and Space Report of the President	https://www.nasa.gov/history/history-publications-and-resources/aeronautics-and-space-report-of-the-president/	https://www.nasa.gov/wp-content/uploads/2024/01/presrep1980.pdf
pdf	Aeronautics and Space Report of the President	https://www.nasa.gov/history/history-publications-and-resources/aeronautics-and-space-report-of-the-president/	https://www.nasa.gov/wp-content/uploads/2024/01/presrep1981.pdf
pdf	Aeronautics and Space Report of the President	https://www.nasa.gov/history/history-publications-and-resources/aeronautics-and-space-report-of-the-president/	https://www.nasa.gov/wp-content/uploads/2024/01/presrep1982.pdf
pdf	Aeronautics and Space Report of the President	https://www.nasa.gov/history/history-publications-and-resources/aeronautics-and-space-report-of-the-president/	https://www.nasa.gov/wp-content/uploads/2024/01/presrep1983.pdf
pdf	Aeronautics and Space Report of the President	https://www.nasa.gov/history/history-publications-and-resources/aeronautics-and-space-report-of-the-president/	https://www.nasa.gov/wp-content/uploads/2024/01/presrep1984.pdf
pdf	Aeronautics and Space Report of the President	https://www.nasa.gov/history/history-publications-and-resources/aeronautics-and-space-report-of-the-president/	https://www.nasa.gov/wp-content/uploads/2024/01/presrep1985.pdf
pdf	Aeronautics and Space Report of the President	https://www.nasa.gov/history/history-publications-and-resources/aeronautics-and-space-report-of-the-president/	https://www.nasa.gov/wp-content/uploads/2024/01/presrep1986.pdf
pdf	Aeronautics and Space Report of the President	https://www.nasa.gov/history/history-publications-and-resources/aeronautics-and-space-report-of-the-president/	https://www.nasa.gov/wp-content/uploads/2024/01/presrep1987.pdf
pdf	Aeronautics and Space Report of the President	https://www.nasa.gov/history/history-publications-and-resources/aeronautics-and-space-report-of-the-president/	https://www.nasa.gov/wp-content/uploads/2024/01/presrep1988.pdf
pdf	Aeronautics and Space Report of the President	https://www.nasa.gov/history/history-publications-and-resources/aeronautics-and-space-report-of-the-president/	https://www.nasa.gov/wp-content/uploads/2024/01/presrep1989-90.pdf
pdf	Aeronautics and Space Report of the President	https://www.nasa.gov/history/history-publications-and-resources/aeronautics-and-space-report-of-the-president/	https://www.nasa.gov/wp-content/uploads/2025/09/aeronautics-and-space-report-of-the-president-fy-2024.pdf
pdf	Aeronautics and Space Report of the President	https://www.nasa.gov/history/history-publications-and-resources/aeronautics-and-space-report-of-the-president/	https://www.nasa.gov/wp-content/uploads/2026/06/fy-2025-presidents-report-tagged.pdf
pdf	Aeronautics e-Books	https://www.nasa.gov/aeronautics-e-books/	https://ntrs.nasa.gov/api/citations/19700032163/downloads/19700032163.pdf
pdf	Aeronautics e-Books	https://www.nasa.gov/aeronautics-e-books/	https://ntrs.nasa.gov/api/citations/19850009625/downloads/19850009625.pdf
pdf	Aeronautics e-Books	https://www.nasa.gov/aeronautics-e-books/	https://ntrs.nasa.gov/api/citations/19970004281/downloads/19970004281.pdf
pdf	Aeronautics e-Books	https://www.nasa.gov/aeronautics-e-books/	https://ntrs.nasa.gov/api/citations/20000012419/downloads/20000012419.pdf
pdf	Aeronautics e-Books	https://www.nasa.gov/aeronautics-e-books/	https://ntrs.nasa.gov/api/citations/20010050556/downloads/20010050556.pdf
pdf	Aeronautics e-Books	https://www.nasa.gov/aeronautics-e-books/	https://ntrs.nasa.gov/api/citations/20040010394/downloads/20040010394.pdf
pdf	Aeronautics e-Books	https://www.nasa.gov/aeronautics-e-books/	https://www.nasa.gov/wp-content/uploads/2021/04/88797main_kerosene.pdf
pdf	Aeronautics e-Books	https://www.nasa.gov/aeronautics-e-books/	https://www.nasa.gov/wp-content/uploads/2023/03/sp-4220.pdf
pdf	Aeronautics e-Books	https://www.nasa.gov/aeronautics-e-books/	https://www.nasa.gov/wp-content/uploads/2023/03/sp-4305.pdf
pdf	Aeronautics e-Books	https://www.nasa.gov/aeronautics-e-books/	https://www.nasa.gov/wp-content/uploads/2023/03/sp-4314-2010.pdf
pdf	Aeronautics e-Books	https://www.nasa.gov/aeronautics-e-books/	https://www.nasa.gov/wp-content/uploads/2023/03/sp-4406.pdf
pdf	Aeronautics e-Books	https://www.nasa.gov/aeronautics-e-books/	https://www.nasa.gov/wp-content/uploads/2023/03/sp-4544.pdf
pdf	Aeronautics e-Books	https://www.nasa.gov/aeronautics-e-books/	https://www.nasa.gov/wp-content/uploads/2023/04/sp-4112.pdf
pdf	Aeronautics e-Books	https://www.nasa.gov/aeronautics-e-books/	https://www.nasa.gov/wp-content/uploads/2023/04/sp-4216.pdf
pdf	Aeronautics e-Books	https://www.nasa.gov/aeronautics-e-books/	https://www.nasa.gov/wp-content/uploads/2023/04/sp-4222.pdf
pdf	Aeronautics e-Books	https://www.nasa.gov/aeronautics-e-books/	https://www.nasa.gov/wp-content/uploads/2023/04/sp-4224.pdf
pdf	Aeronautics e-Books	https://www.nasa.gov/aeronautics-e-books/	https://www.nasa.gov/wp-content/uploads/2023/04/sp-4226.pdf
pdf	Aeronautics e-Books	https://www.nasa.gov/aeronautics-e-books/	https://www.nasa.gov/wp-content/uploads/2023/04/sp-4232.pdf
pdf	Aeronautics e-Books	https://www.nasa.gov/aeronautics-e-books/	https://www.nasa.gov/wp-content/uploads/2023/04/sp-4314-2014.pdf
pdf	Aerospace and Aeronautics Maintenance Procedures	https://www.nasa.gov/human-systems-integration-division/aerospace-and-aeronautics-maintenance-procedures/	https://ntrs.nasa.gov/api/citations/20210013530/downloads/CH0020_Kanki_v1.pdf
pdf	Archaeology, Anthropology, and Interstellar Communication	https://www.nasa.gov/history/history-publications-and-resources/nasa-history-series/archaeology-anthropology-and-interstellar-communication/	https://www.nasa.gov/wp-content/uploads/2015/01/Archaeology_Anthropology_and_Interstellar_Communication_TAGGED.pdf
pdf	Ascension	https://www.nasa.gov/history/ascension/	https://www.nasa.gov/wp-content/uploads/2025/08/ascension-sp-4115-pdf.pdf
pdf	Beyond Earth: A Chronicle of Deep Space Exploration, 1958–2016	https://www.nasa.gov/history/history-publications-and-resources/nasa-history-series/beyond-earth/	https://www.nasa.gov/wp-content/uploads/2018/09/beyond-earth-tagged.pdf
pdf	Beyond Tube-and-Wing: The X-48 Blended Wing-Body and NASA&#8217;s Quest to Reshape Future Transport Aircraft	https://www.nasa.gov/aeronautics/beyond-tube-and-wing/	https://www.nasa.gov/wp-content/uploads/2020/11/beyond_tube-and-wing_tagged.pdf
pdf	Breaking the Mishap Chain: Human Factors Lessons Learned from Aerospace Accidents and Incidents in Research, Flight Test, and Development	https://www.nasa.gov/aeronautics/breaking-the-mishap-chain-human-factors-lessons-learned-from-aerospace-accidents-and-incidents-in-research-flight-test-and-development/	https://www.nasa.gov/wp-content/uploads/2015/03/643903main_BreakingMishapChain-ebook.pdf
pdf	Brilliance at Night: The Americas in Darkness	https://www.nasa.gov/image-article/brilliance-night-americas-darkness/	https://www3.nasa.gov/sites/default/files/atoms/files/earth_at_night.pdf
pdf	Cave of the Winds	https://www.nasa.gov/aeronautics/cave-of-the-winds/	https://www.nasa.gov/wp-content/uploads/2015/03/Cave_of_the_Winds_pdf.pdf
pdf	Celebrating 30 Years of the Space Shuttle Program	https://www.nasa.gov/technology/space-travel-tech/celebrating-30-years-of-the-space-shuttle-program/	https://www.nasa.gov/wp-content/uploads/2015/04/656773main_ShuttleRetrospectiveBook-ebook.pdf
pdf	Coming Home: Reentry and Recovery from Space	https://www.nasa.gov/aeronautics/coming-home/	https://www.nasa.gov/wp-content/uploads/2015/04/695726main_ComingHome-ebook.pdf
pdf	Cosmos &amp; Culture: Cultural Evolution in a Cosmic Context	https://www.nasa.gov/history/history-publications-and-resources/nasa-history-series/cosmos-culture-cultural-evolution-in-a-cosmic-context/	https://www.nasa.gov/wp-content/uploads/2023/03/sp-4802.pdf
pdf	Counting the Many Ways the Space Station Benefits Humankind	https://www.nasa.gov/ebooks/counting-the-many-ways-the-space-station-benefits-humankind/	https://www.nasa.gov/wp-content/uploads/2019/04/iss_benefits_for_humanity_3rded-508.pdf
pdf	Crash Course: Lessons Learned from Accidents Involving Remotely Piloted and Autonomous Aircraft	https://www.nasa.gov/history/crash-course/	https://www.nasa.gov/wp-content/uploads/2015/01/732718main_crash_course-ebook_r2.pdf
pdf	Designing an Aeronautics Museum Gallery	https://www.nasa.gov/stem-content/designing-an-aeronautics-museum-gallery/	https://www.nasa.gov/wp-content/uploads/2023/06/designing-a-museum-5-12.pdf
pdf	Dressing for Altitude, U.S. Aviation Pressure Suits-Wiley Post to Space Shuttle	https://www.nasa.gov/aeronautics/dressing-for-altitude/	https://www.nasa.gov/wp-content/uploads/2015/04/dressing-for-altitude-ebook_tagged.pdf
pdf	Dryden Aeronautical Test Range	https://www.nasa.gov/armstrong/capabilities-facilities/mission-operations/dryden-aeronautical-test-range/	https://www.nasa.gov/wp-content/uploads/2016/05/datr_fact_sheet_508.pdf
pdf	Dryden Aeronautical Test Range	https://www.nasa.gov/centers-and-facilities/armstrong/dryden-aeronautical-test-range/	https://www.nasa.gov/wp-content/uploads/2016/05/datr_fact_sheet_508.pdf
pdf	Earth	https://www.nasa.gov/ebooks/earth/	https://www.nasa.gov/wp-content/uploads/2018/11/earth_book_2019_tagged.pdf
pdf	Earth As Art	https://www.nasa.gov/ebooks/earth-as-art/	https://www.nasa.gov/wp-content/uploads/2021/06/703154main_earth_art-ebook.pdf
pdf	Earth at Night	https://www.nasa.gov/ebooks/earth-at-night/	https://www.nasa.gov/wp-content/uploads/2019/11/earth_at_night_508.pdf
pdf	Economic Development of Low Earth Orbit	https://www.nasa.gov/ebooks/economic-development-of-low-earth-orbit/	https://www.nasa.gov/wp-content/uploads/2016/01/economic-development-of-low-earth-orbit_tagged_v2.pdf
pdf	Elegance in Flight: A comprehensive History of the F-16XL Experimental Prototype and its Role in NASA Flight Research	https://www.nasa.gov/aeronautics/elegance-in-flight/	https://www.nasa.gov/wp-content/uploads/2015/06/elegance_in_flight.pdf
pdf	Entering the Decade of Results: International Space Station Benefits for Humanity Publication Released	https://www.nasa.gov/humans-in-space/entering-the-decade-of-results-international-space-station-benefits-for-humanity-publication-released/	https://www.nasa.gov/wp-content/uploads/2022/09/iss_benefits_for_humanity_2022_book.pdf
pdf	Exploring the Unknown	https://www.nasa.gov/history/history-publications-and-resources/nasa-history-series/exploring-the-unknown/	https://www.nasa.gov/wp-content/uploads/2023/03/sp-4407-etuv5.pdf
pdf	Exploring the Unknown	https://www.nasa.gov/history/history-publications-and-resources/nasa-history-series/exploring-the-unknown/	https://www.nasa.gov/wp-content/uploads/2023/03/sp-4407-etuv7.pdf
pdf	Exploring the Unknown	https://www.nasa.gov/history/history-publications-and-resources/nasa-history-series/exploring-the-unknown/	https://www.nasa.gov/wp-content/uploads/2023/04/sp-4407-etuv1.pdf
pdf	Exploring the Unknown	https://www.nasa.gov/history/history-publications-and-resources/nasa-history-series/exploring-the-unknown/	https://www.nasa.gov/wp-content/uploads/2023/04/sp-4407-etuv2.pdf
pdf	Exploring the Unknown	https://www.nasa.gov/history/history-publications-and-resources/nasa-history-series/exploring-the-unknown/	https://www.nasa.gov/wp-content/uploads/2023/04/sp-4407-etuv3.pdf
pdf	Exploring the Unknown	https://www.nasa.gov/history/history-publications-and-resources/nasa-history-series/exploring-the-unknown/	https://www.nasa.gov/wp-content/uploads/2023/04/sp-4407-etuv4.pdf
pdf	Exploring the Unknown	https://www.nasa.gov/history/history-publications-and-resources/nasa-history-series/exploring-the-unknown/	https://www.nasa.gov/wp-content/uploads/2023/04/sp-4407-etuv6.pdf
pdf	Flying Beyond the Stall	https://www.nasa.gov/aeronautics/flying-beyond-the-stall/	https://www.nasa.gov/wp-content/uploads/2015/03/Flying_Beyond_the_Stall.pdf
pdf	Glenn History Articles and Features	https://www.nasa.gov/glenn-history-articles-and-features/	https://www.nasa.gov/sites/default/files/atoms/files/aerospace-frontiers-october-2020.pdf
pdf	Glenn History Articles and Features	https://www.nasa.gov/glenn-history-articles-and-features/	https://www.nasa.gov/wp-content/uploads/2022/10/NewsNotes_39-12_TAGGED.pdf
pdf	Glenn History Articles and Features	https://www.nasa.gov/glenn-history-articles-and-features/	https://www.nasa.gov/wp-content/uploads/2023/01/NewsNotes-34-4-Winter-2017.pdf
pdf	Glenn History Articles and Features	https://www.nasa.gov/glenn-history-articles-and-features/	https://www.nasa.gov/wp-content/uploads/2023/01/NewsNotes-36-1-Spring-2019.pdf
pdf	Glenn History Articles and Features	https://www.nasa.gov/glenn-history-articles-and-features/	https://www.nasa.gov/wp-content/uploads/2023/01/NewsNotes-38-1-Spring-2021.pdf
pdf	Glenn History Articles and Features	https://www.nasa.gov/glenn-history-articles-and-features/	https://www.nasa.gov/wp-content/uploads/2023/01/NewsNotes_39-3_TAGGED.pdf
pdf	Glenn History Articles and Features	https://www.nasa.gov/glenn-history-articles-and-features/	https://www.nasa.gov/wp-content/uploads/2023/01/NewsNotes_39-4-TAGGED.pdf
pdf	Glenn History Articles and Features	https://www.nasa.gov/glenn-history-articles-and-features/	https://www.nasa.gov/wp-content/uploads/2023/02/newsnotes-40-1.pdf
pdf	Glenn History Articles and Features	https://www.nasa.gov/glenn-history-articles-and-features/	https://www.nasa.gov/wp-content/uploads/2023/02/newsnotes-41-1.pdf
pdf	Glenn History Articles and Features	https://www.nasa.gov/glenn-history-articles-and-features/	https://www.nasa.gov/wp-content/uploads/2023/06/newsnotes-40-2.pdf
pdf	Glenn History Articles and Features	https://www.nasa.gov/glenn-history-articles-and-features/	https://www.nasa.gov/wp-content/uploads/2023/09/news-notes-40-3.pdf
pdf	Glenn History Articles and Features	https://www.nasa.gov/glenn-history-articles-and-features/	https://www.nasa.gov/wp-content/uploads/2023/11/nltr29-4.pdf
pdf	Glenn History Articles and Features	https://www.nasa.gov/glenn-history-articles-and-features/	https://www.nasa.gov/wp-content/uploads/2023/11/nltr30-4.pdf
pdf	Glenn History Articles and Features	https://www.nasa.gov/glenn-history-articles-and-features/	https://www.nasa.gov/wp-content/uploads/2023/11/nltr31-4.pdf
pdf	Glenn History Articles and Features	https://www.nasa.gov/glenn-history-articles-and-features/	https://www.nasa.gov/wp-content/uploads/2023/12/newsnotes-40-4-winter-2023.pdf
pdf	Glenn History Articles and Features	https://www.nasa.gov/glenn-history-articles-and-features/	https://www.nasa.gov/wp-content/uploads/2024/12/newsnotes-41-4.pdf
pdf	Glenn History Articles and Features	https://www.nasa.gov/glenn-history-articles-and-features/	https://www.nasa.gov/wp-content/uploads/2025/03/newsnotes-42-1.pdf
pdf	Glenn History Articles and Features	https://www.nasa.gov/glenn-history-articles-and-features/	https://www.nasa.gov/wp-content/uploads/2025/06/newsnotes-42-2.pdf
pdf	Global Reach: A View of NASA&#8217;s International Cooperation	https://www.nasa.gov/technology/global-reach-a-view-of-nasas-international-cooperation/	https://www.nasa.gov/wp-content/uploads/2015/04/Global_Reach.pdf
pdf	Going Beyond	https://www.nasa.gov/history/going-beyond/	https://www.nasa.gov/wp-content/uploads/2024/08/going-beyond-final-ebook.pdf
pdf	Governing the Moon: A History	https://www.nasa.gov/history/governing-the-moon/	https://www.nasa.gov/wp-content/uploads/2025/02/governing-the-moon-sp-2024-4559-ebook.pdf
pdf	Green Light for Green Flight: NASA&#8217;s Contributions to Environmentally Responsible Aviation	https://www.nasa.gov/aeronautics/green-light-for-green-flight-nasas-contributions-to-environmentally-responsible-aviation/	https://www.nasa.gov/wp-content/uploads/2020/07/green-light-for-green-flight-tagged.pdf
pdf	Historical Analogs for the Stimulation of Space Commerce	https://www.nasa.gov/history/history-publications-and-resources/nasa-history-series/historical-analogs-for-the-stimulation-of-space-commerce/	https://www.nasa.gov/wp-content/uploads/2015/04/historical-analogs-ebook_tagged.pdf
pdf	Historical Studies in the Societal Impact of Spaceflight	https://www.nasa.gov/history/history-publications-and-resources/nasa-history-series/historical-studies-in-the-societal-impact-of-spaceflight/	https://www.nasa.gov/wp-content/uploads/2016/01/historical-studies-societal-impact-spaceflight-ebook_tagged.pdf
pdf	History Publications and Resources	https://www.nasa.gov/history/history-publications-and-resources/	https://www.nasa.gov/wp-content/uploads/2023/01/FY-2020-Presidents-Report_TAGGED.pdf
pdf	History Publications and Resources	https://www.nasa.gov/history/history-publications-and-resources/	https://www.nasa.gov/wp-content/uploads/2023/01/FY19-Presidents-Report_508.pdf
pdf	History Publications and Resources	https://www.nasa.gov/history/history-publications-and-resources/	https://www.nasa.gov/wp-content/uploads/2023/01/fy-2023-report-of-the-president.pdf
pdf	History Publications and Resources	https://www.nasa.gov/history/history-publications-and-resources/	https://www.nasa.gov/wp-content/uploads/2023/02/708235main_Shuttle_Bibliography_1-ebook.pdf
pdf	History Publications and Resources	https://www.nasa.gov/history/history-publications-and-resources/	https://www.nasa.gov/wp-content/uploads/2023/04/sp-4029.pdf
pdf	History Publications and Resources	https://www.nasa.gov/history/history-publications-and-resources/	https://www.nasa.gov/wp-content/uploads/2023/05/fy-2021-and-2022-presidents-report.pdf
pdf	History Publications and Resources	https://www.nasa.gov/history/history-publications-and-resources/	https://www.nasa.gov/wp-content/uploads/2025/09/aeronautics-and-space-report-of-the-president-fy-2024.pdf
pdf	History Publications and Resources	https://www.nasa.gov/history/history-publications-and-resources/	https://www.nasa.gov/wp-content/uploads/2026/06/fy-2025-presidents-report-tagged.pdf
pdf	History Publications and Resources	https://www.nasa.gov/history/history-publications-and-resources/	https://www.nasa.gov/wp-content/uploads/2026/08/hubble-symposium-transcript-tagged.pdf
pdf	History of the NACA Inspections	https://www.nasa.gov/history-of-the-naca-inspections/	https://www.nasa.gov/wp-content/uploads/2024/06/conference-proceedings-1927-1.pdf
pdf	History of the NACA Inspections	https://www.nasa.gov/history-of-the-naca-inspections/	https://www.nasa.gov/wp-content/uploads/2024/06/inspection-proceedings-1936-1.pdf
pdf	History of the NACA Inspections	https://www.nasa.gov/history-of-the-naca-inspections/	https://www.nasa.gov/wp-content/uploads/2024/06/inspection-proceedings-1937.pdf
pdf	History of the NACA Inspections	https://www.nasa.gov/history-of-the-naca-inspections/	https://www.nasa.gov/wp-content/uploads/2024/06/lewis-and-post-war-inspections-2014.pdf
pdf	International Space Station Benefits for Humanity	https://www.nasa.gov/ebooks/international-space-station-benefits-for-humanity/	https://www.nasa.gov/wp-content/uploads/2016/12/benefits-for-humanity_tagged.pdf
pdf	Johnson History Resources	https://www.nasa.gov/history/johnson-history-resources/	https://www.nasa.gov/wp-content/uploads/2023/03/sp-4307.pdf
pdf	Making the Invisible Visible: A History of the Spitzer Infrared Telescope Facility (1971–2003)	https://www.nasa.gov/history/history-publications-and-resources/nasa-history-series/making-the-invisible-visible/	https://www.nasa.gov/wp-content/uploads/2023/03/making-the-invisible-visible-tagged.pdf
pdf	Modeling Flight	https://www.nasa.gov/aeronautics/modeling-flight/	https://www.nasa.gov/wp-content/uploads/2015/01/601262main_ModelingFlight-ebook.pdf
pdf	NACA Oral Histories	https://www.nasa.gov/history/history-publications-and-resources/oral-histories/naca/	https://historycollection.jsc.nasa.gov/JSCHistoryPortal/history/oral_histories/NACA/AaronBD_4-1-14.pdf
pdf	NACA Oral Histories	https://www.nasa.gov/history/history-publications-and-resources/oral-histories/naca/	https://historycollection.jsc.nasa.gov/JSCHistoryPortal/history/oral_histories/NACA/Bahan-SzucsJC_9-29-05.pdf
pdf	NACA Oral Histories	https://www.nasa.gov/history/history-publications-and-resources/oral-histories/naca/	https://historycollection.jsc.nasa.gov/JSCHistoryPortal/history/oral_histories/NACA/BakerCN_2-19-15.pdf
pdf	NACA Oral Histories	https://www.nasa.gov/history/history-publications-and-resources/oral-histories/naca/	https://historycollection.jsc.nasa.gov/JSCHistoryPortal/history/oral_histories/NACA/BarnickiJH_2-20-15.pdf
pdf	NACA Oral Histories	https://www.nasa.gov/history/history-publications-and-resources/oral-histories/naca/	https://historycollection.jsc.nasa.gov/JSCHistoryPortal/history/oral_histories/NACA/BoydJW_10-3-05.pdf
pdf	NACA Oral Histories	https://www.nasa.gov/history/history-publications-and-resources/oral-histories/naca/	https://historycollection.jsc.nasa.gov/JSCHistoryPortal/history/oral_histories/NACA/CavalloSA_9-30-05.pdf
pdf	NACA Oral Histories	https://www.nasa.gov/history/history-publications-and-resources/oral-histories/naca/	https://historycollection.jsc.nasa.gov/JSCHistoryPortal/history/oral_histories/NACA/ChampineGR_5-1-08.pdf
pdf	NACA Oral Histories	https://www.nasa.gov/history/history-publications-and-resources/oral-histories/naca/	https://historycollection.jsc.nasa.gov/JSCHistoryPortal/history/oral_histories/NACA/ColeHA_7-16-14.pdf
pdf	NACA Oral Histories	https://www.nasa.gov/history/history-publications-and-resources/oral-histories/naca/	https://historycollection.jsc.nasa.gov/JSCHistoryPortal/history/oral_histories/NACA/CurleyH_N_2-17-15.pdf
pdf	NACA Oral Histories	https://www.nasa.gov/history/history-publications-and-resources/oral-histories/naca/	https://historycollection.jsc.nasa.gov/JSCHistoryPortal/history/oral_histories/NACA/DibellaJ_10-2-05.pdf
pdf	NACA Oral Histories	https://www.nasa.gov/history/history-publications-and-resources/oral-histories/naca/	https://historycollection.jsc.nasa.gov/JSCHistoryPortal/history/oral_histories/NACA/DomeCG_2-19-15.pdf
pdf	NACA Oral Histories	https://www.nasa.gov/history/history-publications-and-resources/oral-histories/naca/	https://historycollection.jsc.nasa.gov/JSCHistoryPortal/history/oral_histories/NACA/DrakeHM_9-30-05.pdf
pdf	NACA Oral Histories	https://www.nasa.gov/history/history-publications-and-resources/oral-histories/naca/	https://historycollection.jsc.nasa.gov/JSCHistoryPortal/history/oral_histories/NACA/DusterberryJC_9-29-05.pdf
pdf	NACA Oral Histories	https://www.nasa.gov/history/history-publications-and-resources/oral-histories/naca/	https://historycollection.jsc.nasa.gov/JSCHistoryPortal/history/oral_histories/NACA/GeyeIM_6-5-14.pdf
pdf	NACA Oral Histories	https://www.nasa.gov/history/history-publications-and-resources/oral-histories/naca/	https://historycollection.jsc.nasa.gov/JSCHistoryPortal/history/oral_histories/NACA/Gibbs_BN_2-18-15.pdf
pdf	NACA Oral Histories	https://www.nasa.gov/history/history-publications-and-resources/oral-histories/naca/	https://historycollection.jsc.nasa.gov/JSCHistoryPortal/history/oral_histories/NACA/GrahamRW_9-30-05.pdf
pdf	NACA Oral Histories	https://www.nasa.gov/history/history-publications-and-resources/oral-histories/naca/	https://historycollection.jsc.nasa.gov/JSCHistoryPortal/history/oral_histories/NACA/HallbergDL_2-20-15.pdf
pdf	NACA Oral Histories	https://www.nasa.gov/history/history-publications-and-resources/oral-histories/naca/	https://historycollection.jsc.nasa.gov/JSCHistoryPortal/history/oral_histories/NACA/HendricksRC_6-3-14.pdf
pdf	NACA Oral Histories	https://www.nasa.gov/history/history-publications-and-resources/oral-histories/naca/	https://historycollection.jsc.nasa.gov/JSCHistoryPortal/history/oral_histories/NACA/HessJS_4-2-14.pdf
pdf	NACA Oral Histories	https://www.nasa.gov/history/history-publications-and-resources/oral-histories/naca/	https://historycollection.jsc.nasa.gov/JSCHistoryPortal/history/oral_histories/NACA/JaehnigE_4-2-14.pdf
pdf	NACA Oral Histories	https://www.nasa.gov/history/history-publications-and-resources/oral-histories/naca/	https://historycollection.jsc.nasa.gov/JSCHistoryPortal/history/oral_histories/NACA/JohnsonMA_4-3-14.pdf
pdf	NACA Oral Histories	https://www.nasa.gov/history/history-publications-and-resources/oral-histories/naca/	https://historycollection.jsc.nasa.gov/JSCHistoryPortal/history/oral_histories/NACA/JohnsonS_4-2-14.pdf
pdf	NACA Oral Histories	https://www.nasa.gov/history/history-publications-and-resources/oral-histories/naca/	https://historycollection.jsc.nasa.gov/JSCHistoryPortal/history/oral_histories/NACA/KeenerER_7-17-14.pdf
pdf	NACA Oral Histories	https://www.nasa.gov/history/history-publications-and-resources/oral-histories/naca/	https://historycollection.jsc.nasa.gov/JSCHistoryPortal/history/oral_histories/NACA/KehletAB_9-30-05.pdf
pdf	NACA Oral Histories	https://www.nasa.gov/history/history-publications-and-resources/oral-histories/naca/	https://historycollection.jsc.nasa.gov/JSCHistoryPortal/history/oral_histories/NACA/KennerGA_10-2-05.pdf
pdf	NACA Oral Histories	https://www.nasa.gov/history/history-publications-and-resources/oral-histories/naca/	https://historycollection.jsc.nasa.gov/JSCHistoryPortal/history/oral_histories/NACA/KilgoreEC_5-3-08.pdf
pdf	NACA Oral Histories	https://www.nasa.gov/history/history-publications-and-resources/oral-histories/naca/	https://historycollection.jsc.nasa.gov/JSCHistoryPortal/history/oral_histories/NACA/KilgoreEC_paper.pdf
pdf	NACA Oral Histories	https://www.nasa.gov/history/history-publications-and-resources/oral-histories/naca/	https://historycollection.jsc.nasa.gov/JSCHistoryPortal/history/oral_histories/NACA/KordesEE_2-19-15.pdf
pdf	NACA Oral Histories	https://www.nasa.gov/history/history-publications-and-resources/oral-histories/naca/	https://historycollection.jsc.nasa.gov/JSCHistoryPortal/history/oral_histories/NACA/KuhnRE_5-2-08.pdf
pdf	NACA Oral Histories	https://www.nasa.gov/history/history-publications-and-resources/oral-histories/naca/	https://historycollection.jsc.nasa.gov/JSCHistoryPortal/history/oral_histories/NACA/KurkowskiRL_7-14-14.pdf
pdf	NACA Oral Histories	https://www.nasa.gov/history/history-publications-and-resources/oral-histories/naca/	https://historycollection.jsc.nasa.gov/JSCHistoryPortal/history/oral_histories/NACA/LunneyMK_6-11-14.pdf
pdf	NACA Oral Histories	https://www.nasa.gov/history/history-publications-and-resources/oral-histories/naca/	https://historycollection.jsc.nasa.gov/JSCHistoryPortal/history/oral_histories/NACA/MallickDL_2-18-15.pdf
pdf	NACA Oral Histories	https://www.nasa.gov/history/history-publications-and-resources/oral-histories/naca/	https://historycollection.jsc.nasa.gov/JSCHistoryPortal/history/oral_histories/NACA/McIverD_4-1-14.pdf
pdf	NACA Oral Histories	https://www.nasa.gov/history/history-publications-and-resources/oral-histories/naca/	https://historycollection.jsc.nasa.gov/JSCHistoryPortal/history/oral_histories/NACA/McTigueJG_9-29-05.pdf
pdf	NACA Oral Histories	https://www.nasa.gov/history/history-publications-and-resources/oral-histories/naca/	https://historycollection.jsc.nasa.gov/JSCHistoryPortal/history/oral_histories/NACA/MortKW_7-17-14.pdf
pdf	NACA Oral Histories	https://www.nasa.gov/history/history-publications-and-resources/oral-histories/naca/	https://historycollection.jsc.nasa.gov/JSCHistoryPortal/history/oral_histories/NACA/OstrachS_6-4-14.pdf
pdf	NACA Oral Histories	https://www.nasa.gov/history/history-publications-and-resources/oral-histories/naca/	https://historycollection.jsc.nasa.gov/JSCHistoryPortal/history/oral_histories/NACA/PearsonBD_7-18-14.pdf
pdf	NACA Oral Histories	https://www.nasa.gov/history/history-publications-and-resources/oral-histories/naca/	https://historycollection.jsc.nasa.gov/JSCHistoryPortal/history/oral_histories/NACA/PetersenRH_7-14-14.pdf
pdf	NACA Oral Histories	https://www.nasa.gov/history/history-publications-and-resources/oral-histories/naca/	https://historycollection.jsc.nasa.gov/JSCHistoryPortal/history/oral_histories/NACA/PetersonVL_10-3-05.pdf
pdf	NACA Oral Histories	https://www.nasa.gov/history/history-publications-and-resources/oral-histories/naca/	https://historycollection.jsc.nasa.gov/JSCHistoryPortal/history/oral_histories/NACA/PresleyLL_7-16-14.pdf
pdf	NACA Oral Histories	https://www.nasa.gov/history/history-publications-and-resources/oral-histories/naca/	https://historycollection.jsc.nasa.gov/JSCHistoryPortal/history/oral_histories/NACA/ReedWH_4-3-14.pdf
pdf	NACA Oral Histories	https://www.nasa.gov/history/history-publications-and-resources/oral-histories/naca/	https://historycollection.jsc.nasa.gov/JSCHistoryPortal/history/oral_histories/NACA/SaltzmanEJ_2-17-15.pdf
pdf	NACA Oral Histories	https://www.nasa.gov/history/history-publications-and-resources/oral-histories/naca/	https://historycollection.jsc.nasa.gov/JSCHistoryPortal/history/oral_histories/NACA/SchmidtSF_7-15-14.pdf
pdf	NACA Oral Histories	https://www.nasa.gov/history/history-publications-and-resources/oral-histories/naca/	https://historycollection.jsc.nasa.gov/JSCHistoryPortal/history/oral_histories/NACA/SilveiraMA_10-2-05.pdf
pdf	NACA Oral Histories	https://www.nasa.gov/history/history-publications-and-resources/oral-histories/naca/	https://historycollection.jsc.nasa.gov/JSCHistoryPortal/history/oral_histories/NACA/SmullRH_5-1-08.pdf
pdf	NACA Oral Histories	https://www.nasa.gov/history/history-publications-and-resources/oral-histories/naca/	https://historycollection.jsc.nasa.gov/JSCHistoryPortal/history/oral_histories/NACA/SpritzerEK_bio.pdf
pdf	NACA Oral Histories	https://www.nasa.gov/history/history-publications-and-resources/oral-histories/naca/	https://historycollection.jsc.nasa.gov/JSCHistoryPortal/history/oral_histories/NACA/StoneJE_7-18-14.pdf
pdf	NACA Oral Histories	https://www.nasa.gov/history/history-publications-and-resources/oral-histories/naca/	https://historycollection.jsc.nasa.gov/JSCHistoryPortal/history/oral_histories/NACA/SyvertsonCA_9-29-05.pdf
pdf	NACA Oral Histories	https://www.nasa.gov/history/history-publications-and-resources/oral-histories/naca/	https://historycollection.jsc.nasa.gov/JSCHistoryPortal/history/oral_histories/NACA/TabackI_4-30-08.pdf
pdf	NACA Oral Histories	https://www.nasa.gov/history/history-publications-and-resources/oral-histories/naca/	https://historycollection.jsc.nasa.gov/JSCHistoryPortal/history/oral_histories/NACA/TowerLK_6-4-14.pdf
pdf	NACA Oral Histories	https://www.nasa.gov/history/history-publications-and-resources/oral-histories/naca/	https://historycollection.jsc.nasa.gov/JSCHistoryPortal/history/oral_histories/NACA/VincentiWG_7-15-14.pdf
pdf	NACA Oral Histories	https://www.nasa.gov/history/history-publications-and-resources/oral-histories/naca/	https://historycollection.jsc.nasa.gov/JSCHistoryPortal/history/oral_histories/NACA/WalkerED_6-5-14.pdf
pdf	NACA Oral Histories	https://www.nasa.gov/history/history-publications-and-resources/oral-histories/naca/	https://historycollection.jsc.nasa.gov/JSCHistoryPortal/history/oral_histories/NACA/WeissCW_6-6-14.pdf
pdf	NACA Oral Histories	https://www.nasa.gov/history/history-publications-and-resources/oral-histories/naca/	https://historycollection.jsc.nasa.gov/JSCHistoryPortal/history/oral_histories/NACA/WeissS_6-6-14.pdf
pdf	NACA Oral Histories	https://www.nasa.gov/history/history-publications-and-resources/oral-histories/naca/	https://historycollection.jsc.nasa.gov/JSCHistoryPortal/history/oral_histories/NACA/WineHT_6-3-14.pdf
pdf	NACA Oral Histories	https://www.nasa.gov/history/history-publications-and-resources/oral-histories/naca/	https://historycollection.jsc.nasa.gov/JSCHistoryPortal/history/oral_histories/NACA/WoodsWC_4-1-14.pdf
pdf	NACA Oral Histories	https://www.nasa.gov/history/history-publications-and-resources/oral-histories/naca/	https://historycollection.jsc.nasa.gov/JSCHistoryPortal/history/oral_histories/NACA/YeatesJE_4-3-14.pdf
pdf	NACA Oral Histories	https://www.nasa.gov/history/history-publications-and-resources/oral-histories/naca/	https://historycollection.jsc.nasa.gov/JSCHistoryPortal/history/oral_histories/NACA/ZaretskyEV_6-4-14.pdf
pdf	NACA Oral Histories	https://www.nasa.gov/history/history-publications-and-resources/oral-histories/naca/	https://historycollection.jsc.nasa.gov/JSCHistoryPortal/history/oral_histories/NASA_HQ/Experts/SimonDM/SimonDM_8-23-12.pdf
pdf	NACA Oral Histories	https://www.nasa.gov/history/history-publications-and-resources/oral-histories/naca/	https://historycollection.jsc.nasa.gov/JSCHistoryPortal/history/oral_histories/SilveiraMA/SilveiraMA_4-18-06.pdf
pdf	NACA Oral Histories	https://www.nasa.gov/history/history-publications-and-resources/oral-histories/naca/	https://www.nasa.gov/wp-content/uploads/2023/02/kraftcc-8-5-14.pdf
pdf	NACA Oral Histories	https://www.nasa.gov/history/history-publications-and-resources/oral-histories/naca/	https://www.nasa.gov/wp-content/uploads/2023/03/boydjw-10-3-05.pdf
pdf	NACA Oral Histories	https://www.nasa.gov/history/history-publications-and-resources/oral-histories/naca/	https://www.nasa.gov/wp-content/uploads/2023/03/dibellaj-10-2-05.pdf
pdf	NACA Oral Histories	https://www.nasa.gov/history/history-publications-and-resources/oral-histories/naca/	https://www.nasa.gov/wp-content/uploads/2023/03/silveirama-10-2-05.pdf
pdf	NACA Oral Histories	https://www.nasa.gov/history/history-publications-and-resources/oral-histories/naca/	https://www.nasa.gov/wp-content/uploads/2024/11/aaronbd-4-1-14.pdf
pdf	NACA Oral Histories	https://www.nasa.gov/history/history-publications-and-resources/oral-histories/naca/	https://www.nasa.gov/wp-content/uploads/2024/11/bahan-szucsjc-9-29-05.pdf
pdf	NACA Oral Histories	https://www.nasa.gov/history/history-publications-and-resources/oral-histories/naca/	https://www.nasa.gov/wp-content/uploads/2024/11/bakercn-2-19-15.pdf
pdf	NACA Oral Histories	https://www.nasa.gov/history/history-publications-and-resources/oral-histories/naca/	https://www.nasa.gov/wp-content/uploads/2024/11/barnickijh-2-20-15.pdf
pdf	NACA Oral Histories	https://www.nasa.gov/history/history-publications-and-resources/oral-histories/naca/	https://www.nasa.gov/wp-content/uploads/2024/11/beckerjv-5-3-08.pdf
pdf	NACA Oral Histories	https://www.nasa.gov/history/history-publications-and-resources/oral-histories/naca/	https://www.nasa.gov/wp-content/uploads/2024/11/carlsonhw-bio.pdf
pdf	NACA Oral Histories	https://www.nasa.gov/history/history-publications-and-resources/oral-histories/naca/	https://www.nasa.gov/wp-content/uploads/2024/11/cavallosa-9-30-05.pdf
pdf	NACA Oral Histories	https://www.nasa.gov/history/history-publications-and-resources/oral-histories/naca/	https://www.nasa.gov/wp-content/uploads/2024/11/champinegr-5-1-08.pdf
pdf	NACA Oral Histories	https://www.nasa.gov/history/history-publications-and-resources/oral-histories/naca/	https://www.nasa.gov/wp-content/uploads/2024/11/coleha-7-16-14.pdf
pdf	NACA Oral Histories	https://www.nasa.gov/history/history-publications-and-resources/oral-histories/naca/	https://www.nasa.gov/wp-content/uploads/2024/11/curleyh-n-2-17-15.pdf
pdf	NACA Oral Histories	https://www.nasa.gov/history/history-publications-and-resources/oral-histories/naca/	https://www.nasa.gov/wp-content/uploads/2024/11/domecg-2-19-15.pdf
pdf	NACA Oral Histories	https://www.nasa.gov/history/history-publications-and-resources/oral-histories/naca/	https://www.nasa.gov/wp-content/uploads/2024/11/drakehm-9-30-05.pdf
pdf	NACA Oral Histories	https://www.nasa.gov/history/history-publications-and-resources/oral-histories/naca/	https://www.nasa.gov/wp-content/uploads/2024/11/dusterberryjc-9-29-05.pdf
pdf	NACA Oral Histories	https://www.nasa.gov/history/history-publications-and-resources/oral-histories/naca/	https://www.nasa.gov/wp-content/uploads/2024/11/forestieria-6-6-14.pdf
pdf	NACA Oral Histories	https://www.nasa.gov/history/history-publications-and-resources/oral-histories/naca/	https://www.nasa.gov/wp-content/uploads/2024/11/geyeim-6-5-14.pdf
pdf	NACA Oral Histories	https://www.nasa.gov/history/history-publications-and-resources/oral-histories/naca/	https://www.nasa.gov/wp-content/uploads/2024/11/gibbs-bn-2-18-15.pdf
pdf	NACA Oral Histories	https://www.nasa.gov/history/history-publications-and-resources/oral-histories/naca/	https://www.nasa.gov/wp-content/uploads/2024/11/grahamrw-9-30-05.pdf
pdf	NACA Oral Histories	https://www.nasa.gov/history/history-publications-and-resources/oral-histories/naca/	https://www.nasa.gov/wp-content/uploads/2024/11/hallbergdl-2-20-15.pdf
pdf	NACA Oral Histories	https://www.nasa.gov/history/history-publications-and-resources/oral-histories/naca/	https://www.nasa.gov/wp-content/uploads/2024/11/hendricksrc-6-3-14.pdf
pdf	NACA Oral Histories	https://www.nasa.gov/history/history-publications-and-resources/oral-histories/naca/	https://www.nasa.gov/wp-content/uploads/2024/11/hessjs-4-2-14.pdf
pdf	NACA Oral Histories	https://www.nasa.gov/history/history-publications-and-resources/oral-histories/naca/	https://www.nasa.gov/wp-content/uploads/2024/11/jaehnige-4-2-14.pdf
pdf	NACA Oral Histories	https://www.nasa.gov/history/history-publications-and-resources/oral-histories/naca/	https://www.nasa.gov/wp-content/uploads/2024/11/johnsonma-4-3-14.pdf
pdf	NACA Oral Histories	https://www.nasa.gov/history/history-publications-and-resources/oral-histories/naca/	https://www.nasa.gov/wp-content/uploads/2024/11/johnsons-4-2-14.pdf
pdf	NACA Oral Histories	https://www.nasa.gov/history/history-publications-and-resources/oral-histories/naca/	https://www.nasa.gov/wp-content/uploads/2024/11/keenerer-7-17-14.pdf
pdf	NACA Oral Histories	https://www.nasa.gov/history/history-publications-and-resources/oral-histories/naca/	https://www.nasa.gov/wp-content/uploads/2024/11/kehletab-9-30-05.pdf
pdf	NACA Oral Histories	https://www.nasa.gov/history/history-publications-and-resources/oral-histories/naca/	https://www.nasa.gov/wp-content/uploads/2024/11/kennerga-10-2-05.pdf
pdf	NACA Oral Histories	https://www.nasa.gov/history/history-publications-and-resources/oral-histories/naca/	https://www.nasa.gov/wp-content/uploads/2024/11/kilgoreec-5-3-08.pdf
pdf	NACA Oral Histories	https://www.nasa.gov/history/history-publications-and-resources/oral-histories/naca/	https://www.nasa.gov/wp-content/uploads/2024/11/kilgoreec-paper.pdf
pdf	NACA Oral Histories	https://www.nasa.gov/history/history-publications-and-resources/oral-histories/naca/	https://www.nasa.gov/wp-content/uploads/2024/11/kordesee-2-19-15.pdf
pdf	NACA Oral Histories	https://www.nasa.gov/history/history-publications-and-resources/oral-histories/naca/	https://www.nasa.gov/wp-content/uploads/2024/11/kraftcc-8-5-14.pdf
pdf	NACA Oral Histories	https://www.nasa.gov/history/history-publications-and-resources/oral-histories/naca/	https://www.nasa.gov/wp-content/uploads/2024/11/kuhnre-5-2-08.pdf
pdf	NACA Oral Histories	https://www.nasa.gov/history/history-publications-and-resources/oral-histories/naca/	https://www.nasa.gov/wp-content/uploads/2024/11/kurkowskirl-7-14-14.pdf
pdf	NACA Oral Histories	https://www.nasa.gov/history/history-publications-and-resources/oral-histories/naca/	https://www.nasa.gov/wp-content/uploads/2024/11/lunneymk-6-11-14.pdf
pdf	NACA Oral Histories	https://www.nasa.gov/history/history-publications-and-resources/oral-histories/naca/	https://www.nasa.gov/wp-content/uploads/2024/11/mallickdl-2-18-15.pdf
pdf	NACA Oral Histories	https://www.nasa.gov/history/history-publications-and-resources/oral-histories/naca/	https://www.nasa.gov/wp-content/uploads/2024/11/mciverd-4-1-14.pdf
pdf	NACA Oral Histories	https://www.nasa.gov/history/history-publications-and-resources/oral-histories/naca/	https://www.nasa.gov/wp-content/uploads/2024/11/mctiguejg-9-29-05.pdf
pdf	NACA Oral Histories	https://www.nasa.gov/history/history-publications-and-resources/oral-histories/naca/	https://www.nasa.gov/wp-content/uploads/2024/11/mortkw-7-17-14.pdf
pdf	NACA Oral Histories	https://www.nasa.gov/history/history-publications-and-resources/oral-histories/naca/	https://www.nasa.gov/wp-content/uploads/2024/11/ostrachs-6-4-14.pdf
pdf	NACA Oral Histories	https://www.nasa.gov/history/history-publications-and-resources/oral-histories/naca/	https://www.nasa.gov/wp-content/uploads/2024/11/pearsonbd-7-18-14.pdf
pdf	NACA Oral Histories	https://www.nasa.gov/history/history-publications-and-resources/oral-histories/naca/	https://www.nasa.gov/wp-content/uploads/2024/11/petersenrh-7-14-14.pdf
pdf	NACA Oral Histories	https://www.nasa.gov/history/history-publications-and-resources/oral-histories/naca/	https://www.nasa.gov/wp-content/uploads/2024/11/petersonvl-10-3-05.pdf
pdf	NACA Oral Histories	https://www.nasa.gov/history/history-publications-and-resources/oral-histories/naca/	https://www.nasa.gov/wp-content/uploads/2024/11/presleyll-7-16-14.pdf
pdf	NACA Oral Histories	https://www.nasa.gov/history/history-publications-and-resources/oral-histories/naca/	https://www.nasa.gov/wp-content/uploads/2024/11/reedwh-4-3-14.pdf
pdf	NACA Oral Histories	https://www.nasa.gov/history/history-publications-and-resources/oral-histories/naca/	https://www.nasa.gov/wp-content/uploads/2024/11/saltzmanej-2-17-15.pdf
pdf	NACA Oral Histories	https://www.nasa.gov/history/history-publications-and-resources/oral-histories/naca/	https://www.nasa.gov/wp-content/uploads/2024/11/schmidtsf-7-15-14.pdf
pdf	NACA Oral Histories	https://www.nasa.gov/history/history-publications-and-resources/oral-histories/naca/	https://www.nasa.gov/wp-content/uploads/2024/11/silveirama-4-18-06.pdf
pdf	NACA Oral Histories	https://www.nasa.gov/history/history-publications-and-resources/oral-histories/naca/	https://www.nasa.gov/wp-content/uploads/2024/11/simondm-8-23-12.pdf
pdf	NACA Oral Histories	https://www.nasa.gov/history/history-publications-and-resources/oral-histories/naca/	https://www.nasa.gov/wp-content/uploads/2024/11/smullrh-5-1-08.pdf
pdf	NACA Oral Histories	https://www.nasa.gov/history/history-publications-and-resources/oral-histories/naca/	https://www.nasa.gov/wp-content/uploads/2024/11/spritzerek-bio.pdf
pdf	NACA Oral Histories	https://www.nasa.gov/history/history-publications-and-resources/oral-histories/naca/	https://www.nasa.gov/wp-content/uploads/2024/11/stoneje-7-18-14.pdf
pdf	NACA Oral Histories	https://www.nasa.gov/history/history-publications-and-resources/oral-histories/naca/	https://www.nasa.gov/wp-content/uploads/2024/11/syvertsonca-9-29-05.pdf
pdf	NACA Oral Histories	https://www.nasa.gov/history/history-publications-and-resources/oral-histories/naca/	https://www.nasa.gov/wp-content/uploads/2024/11/tabacki-4-30-08.pdf
pdf	NACA Oral Histories	https://www.nasa.gov/history/history-publications-and-resources/oral-histories/naca/	https://www.nasa.gov/wp-content/uploads/2024/11/towerlk-6-4-14.pdf
pdf	NACA Oral Histories	https://www.nasa.gov/history/history-publications-and-resources/oral-histories/naca/	https://www.nasa.gov/wp-content/uploads/2024/11/vincentiwg-7-15-14.pdf
pdf	NACA Oral Histories	https://www.nasa.gov/history/history-publications-and-resources/oral-histories/naca/	https://www.nasa.gov/wp-content/uploads/2024/11/walkered-6-5-14.pdf
pdf	NACA Oral Histories	https://www.nasa.gov/history/history-publications-and-resources/oral-histories/naca/	https://www.nasa.gov/wp-content/uploads/2024/11/weisscw-6-6-14.pdf
pdf	NACA Oral Histories	https://www.nasa.gov/history/history-publications-and-resources/oral-histories/naca/	https://www.nasa.gov/wp-content/uploads/2024/11/weisss-6-6-14.pdf
pdf	NACA Oral Histories	https://www.nasa.gov/history/history-publications-and-resources/oral-histories/naca/	https://www.nasa.gov/wp-content/uploads/2024/11/wineht-6-3-14.pdf
pdf	NACA Oral Histories	https://www.nasa.gov/history/history-publications-and-resources/oral-histories/naca/	https://www.nasa.gov/wp-content/uploads/2024/11/woodswc-4-1-14.pdf
pdf	NACA Oral Histories	https://www.nasa.gov/history/history-publications-and-resources/oral-histories/naca/	https://www.nasa.gov/wp-content/uploads/2024/11/wynnewa-6-3-14.pdf
pdf	NACA Oral Histories	https://www.nasa.gov/history/history-publications-and-resources/oral-histories/naca/	https://www.nasa.gov/wp-content/uploads/2024/11/yeatesje-4-3-14.pdf
pdf	NACA Oral Histories	https://www.nasa.gov/history/history-publications-and-resources/oral-histories/naca/	https://www.nasa.gov/wp-content/uploads/2024/11/zaretskyev-6-4-14.pdf
pdf	NACA Oral Histories	https://www.nasa.gov/history/history-publications-and-resources/oral-histories/naca/	https://www.nasa.gov/wp-content/uploads/2025/02/kinzler-6-9-97.pdf
pdf	NACA Oral Histories	https://www.nasa.gov/history/history-publications-and-resources/oral-histories/naca/	https://www.nasa.gov/wp-content/uploads/2025/02/kinzlerja-4-27-99.pdf
pdf	NACA Oral Histories	https://www.nasa.gov/history/history-publications-and-resources/oral-histories/naca/	https://www.nasa.gov/wp-content/uploads/2025/02/kinzlerjs-1-16-98.pdf
pdf	NACA Oral Histories	https://www.nasa.gov/history/history-publications-and-resources/oral-histories/naca/	https://www.nasa.gov/wp-content/uploads/2025/08/cothrenbs-6-15-01.pdf
pdf	NACA Oral Histories	https://www.nasa.gov/history/history-publications-and-resources/oral-histories/naca/	https://www.nasa.gov/wp-content/uploads/2025/08/easleyaj-8-21-01.pdf
pdf	NACA Oral Histories	https://www.nasa.gov/history/history-publications-and-resources/oral-histories/naca/	https://www.nasa.gov/wp-content/uploads/2025/08/hedgepethm-6-12-01.pdf
pdf	NACA Oral Histories	https://www.nasa.gov/history/history-publications-and-resources/oral-histories/naca/	https://www.nasa.gov/wp-content/uploads/2025/08/lovebs-5-6-02.pdf
pdf	NACA Oral Histories	https://www.nasa.gov/history/history-publications-and-resources/oral-histories/naca/	https://www.nasa.gov/wp-content/uploads/2025/08/smithhjd-11-7-01.pdf
pdf	NACA to NASA to Now	https://www.nasa.gov/history/history-publications-and-resources/nasa-history-series/naca-to-nasa-to-now/	https://www.nasa.gov/wp-content/uploads/2023/02/NACA-to-NASA-to-NOW_TAGGED.pdf
pdf	NASA Advisory Council STEM Engagement Committee	https://www.nasa.gov/learning-resources/nasa-advisory-council-stem-engagement-committee/	https://oig.nasa.gov/audits/reports/FY16/IG-16-001.pdf
pdf	NASA Advisory Council STEM Engagement Committee	https://www.nasa.gov/learning-resources/nasa-advisory-council-stem-engagement-committee/	https://www.nasa.gov/wp-content/uploads/2015/04/agenda_nac_stem_engagement_committee_oct_29_0.pdf
pdf	NASA Advisory Council STEM Engagement Committee	https://www.nasa.gov/learning-resources/nasa-advisory-council-stem-engagement-committee/	https://www.nasa.gov/wp-content/uploads/2015/04/brown_bsa_map_update.pdf
pdf	NASA Advisory Council STEM Engagement Committee	https://www.nasa.gov/learning-resources/nasa-advisory-council-stem-engagement-committee/	https://www.nasa.gov/wp-content/uploads/2015/04/budget_nac_tf_presentation_final_6-28-2016.pdf
pdf	NASA Advisory Council STEM Engagement Committee	https://www.nasa.gov/learning-resources/nasa-advisory-council-stem-engagement-committee/	https://www.nasa.gov/wp-content/uploads/2015/04/canright-power_of_story_reflections_and_primer_092215.pdf
pdf	NASA Advisory Council STEM Engagement Committee	https://www.nasa.gov/learning-resources/nasa-advisory-council-stem-engagement-committee/	https://www.nasa.gov/wp-content/uploads/2015/04/edu_follow_up_to_nac_tf_observations.pdf
pdf	NASA Advisory Council STEM Engagement Committee	https://www.nasa.gov/learning-resources/nasa-advisory-council-stem-engagement-committee/	https://www.nasa.gov/wp-content/uploads/2015/04/edu_nac_stem_meeting_notes_draft_2-17-22-508_0.pdf
pdf	NASA Advisory Council STEM Engagement Committee	https://www.nasa.gov/learning-resources/nasa-advisory-council-stem-engagement-committee/	https://www.nasa.gov/wp-content/uploads/2015/04/education_and_outreach_bsa_briefing_to_task_force.pdf
pdf	NASA Advisory Council STEM Engagement Committee	https://www.nasa.gov/learning-resources/nasa-advisory-council-stem-engagement-committee/	https://www.nasa.gov/wp-content/uploads/2015/04/fy_2019_nac_-_sparking_stem_interest_5-2-19.pdf
pdf	NASA Advisory Council STEM Engagement Committee	https://www.nasa.gov/learning-resources/nasa-advisory-council-stem-engagement-committee/	https://www.nasa.gov/wp-content/uploads/2015/04/gilmore_performanceevaluation.pdf
pdf	NASA Advisory Council STEM Engagement Committee	https://www.nasa.gov/learning-resources/nasa-advisory-council-stem-engagement-committee/	https://www.nasa.gov/wp-content/uploads/2015/04/girten_detroye_updates_nac_stem_engagement_oct_2019.pdf
pdf	NASA Advisory Council STEM Engagement Committee	https://www.nasa.gov/learning-resources/nasa-advisory-council-stem-engagement-committee/	https://www.nasa.gov/wp-content/uploads/2015/04/girten_fttm_initiative_nac_sec.pdf
pdf	NASA Advisory Council STEM Engagement Committee	https://www.nasa.gov/learning-resources/nasa-advisory-council-stem-engagement-committee/	https://www.nasa.gov/wp-content/uploads/2015/04/girten_nextgenstem.pdf
pdf	NASA Advisory Council STEM Engagement Committee	https://www.nasa.gov/learning-resources/nasa-advisory-council-stem-engagement-committee/	https://www.nasa.gov/wp-content/uploads/2015/04/jim_stofan_nac_december_2015.pdf
pdf	NASA Advisory Council STEM Engagement Committee	https://www.nasa.gov/learning-resources/nasa-advisory-council-stem-engagement-committee/	https://www.nasa.gov/wp-content/uploads/2015/04/june-2016-nac-agenda.pdf
pdf	NASA Advisory Council STEM Engagement Committee	https://www.nasa.gov/learning-resources/nasa-advisory-council-stem-engagement-committee/	https://www.nasa.gov/wp-content/uploads/2015/04/kennedy_nac_briefing_12042018.pdf
pdf	NASA Advisory Council STEM Engagement Committee	https://www.nasa.gov/learning-resources/nasa-advisory-council-stem-engagement-committee/	https://www.nasa.gov/wp-content/uploads/2015/04/kincaid_girten_ssf_update.pdf
pdf	NASA Advisory Council STEM Engagement Committee	https://www.nasa.gov/learning-resources/nasa-advisory-council-stem-engagement-committee/	https://www.nasa.gov/wp-content/uploads/2015/04/kincaid_ostem_fcstem_update.pdf
pdf	NASA Advisory Council STEM Engagement Committee	https://www.nasa.gov/learning-resources/nasa-advisory-council-stem-engagement-committee/	https://www.nasa.gov/wp-content/uploads/2015/04/krishnamurthi-nac-july-2016.pdf
pdf	NASA Advisory Council STEM Engagement Committee	https://www.nasa.gov/learning-resources/nasa-advisory-council-stem-engagement-committee/	https://www.nasa.gov/wp-content/uploads/2015/04/march-2016-nac-agenda.pdf
pdf	NASA Advisory Council STEM Engagement Committee	https://www.nasa.gov/learning-resources/nasa-advisory-council-stem-engagement-committee/	https://www.nasa.gov/wp-content/uploads/2015/04/may_supersearchengine.pdf
pdf	NASA Advisory Council STEM Engagement Committee	https://www.nasa.gov/learning-resources/nasa-advisory-council-stem-engagement-committee/	https://www.nasa.gov/wp-content/uploads/2015/04/nac-briefing-performance-measures-presentation-3-20-18_0.pdf
pdf	NASA Advisory Council STEM Engagement Committee	https://www.nasa.gov/learning-resources/nasa-advisory-council-stem-engagement-committee/	https://www.nasa.gov/wp-content/uploads/2015/04/nac-stem-committee-5-2020-final.pdf
pdf	NASA Advisory Council STEM Engagement Committee	https://www.nasa.gov/learning-resources/nasa-advisory-council-stem-engagement-committee/	https://www.nasa.gov/wp-content/uploads/2015/04/nac-stem-educ-plan-update-07-16-2015_.pdf
pdf	NASA Advisory Council STEM Engagement Committee	https://www.nasa.gov/learning-resources/nasa-advisory-council-stem-engagement-committee/	https://www.nasa.gov/wp-content/uploads/2015/04/nac-stem-may-meeting-findings-and-recommendations.pdf
pdf	NASA Advisory Council STEM Engagement Committee	https://www.nasa.gov/learning-resources/nasa-advisory-council-stem-engagement-committee/	https://www.nasa.gov/wp-content/uploads/2015/04/nac-stem-notes-10-1-2020.pdf
pdf	NASA Advisory Council STEM Engagement Committee	https://www.nasa.gov/learning-resources/nasa-advisory-council-stem-engagement-committee/	https://www.nasa.gov/wp-content/uploads/2015/04/nac-task-force-on-stem-education-agenda-9-22-2015.pdf
pdf	NASA Advisory Council STEM Engagement Committee	https://www.nasa.gov/learning-resources/nasa-advisory-council-stem-engagement-committee/	https://www.nasa.gov/wp-content/uploads/2015/04/nac-task-force-stem-ed-agenda-mar-20-2018.pdf
pdf	NASA Advisory Council STEM Engagement Committee	https://www.nasa.gov/learning-resources/nasa-advisory-council-stem-engagement-committee/	https://www.nasa.gov/wp-content/uploads/2015/04/nac-task-force-stem-ed-public-minutes.pdf
pdf	NASA Advisory Council STEM Engagement Committee	https://www.nasa.gov/learning-resources/nasa-advisory-council-stem-engagement-committee/	https://www.nasa.gov/wp-content/uploads/2015/04/nac-task-force-stem-edu-agenda-11-19-2015.pdf
pdf	NASA Advisory Council STEM Engagement Committee	https://www.nasa.gov/learning-resources/nasa-advisory-council-stem-engagement-committee/	https://www.nasa.gov/wp-content/uploads/2015/04/nac-task-force-stem-edu-agenda-3-13-2017.pdf
pdf	NASA Advisory Council STEM Engagement Committee	https://www.nasa.gov/learning-resources/nasa-advisory-council-stem-engagement-committee/	https://www.nasa.gov/wp-content/uploads/2015/04/nac-task-force-stem-edu-agenda-3-27-2017.pdf
pdf	NASA Advisory Council STEM Engagement Committee	https://www.nasa.gov/learning-resources/nasa-advisory-council-stem-engagement-committee/	https://www.nasa.gov/wp-content/uploads/2015/04/nac-task-force-stem-edu-agenda-4-1-2015.pdf
pdf	NASA Advisory Council STEM Engagement Committee	https://www.nasa.gov/learning-resources/nasa-advisory-council-stem-engagement-committee/	https://www.nasa.gov/wp-content/uploads/2015/04/nac-task-force-stem-edu-agenda-7-16-2015.pdf
pdf	NASA Advisory Council STEM Engagement Committee	https://www.nasa.gov/learning-resources/nasa-advisory-council-stem-engagement-committee/	https://www.nasa.gov/wp-content/uploads/2015/04/nac-task-force-stem-edu-final-agenda-nov-13-2017.pdf
pdf	NASA Advisory Council STEM Engagement Committee	https://www.nasa.gov/learning-resources/nasa-advisory-council-stem-engagement-committee/	https://www.nasa.gov/wp-content/uploads/2015/04/nac-task-force-stem-education-agenda-july-19-2017.pdf
pdf	NASA Advisory Council STEM Engagement Committee	https://www.nasa.gov/learning-resources/nasa-advisory-council-stem-engagement-committee/	https://www.nasa.gov/wp-content/uploads/2015/04/nac-task-force-stem-education-agenda-july-25-2017.pdf
pdf	NASA Advisory Council STEM Engagement Committee	https://www.nasa.gov/learning-resources/nasa-advisory-council-stem-engagement-committee/	https://www.nasa.gov/wp-content/uploads/2015/04/nac11-13-17_presentaion.pdf
pdf	NASA Advisory Council STEM Engagement Committee	https://www.nasa.gov/learning-resources/nasa-advisory-council-stem-engagement-committee/	https://www.nasa.gov/wp-content/uploads/2015/04/nac_08-28-18-without_videos.pdf
pdf	NASA Advisory Council STEM Engagement Committee	https://www.nasa.gov/learning-resources/nasa-advisory-council-stem-engagement-committee/	https://www.nasa.gov/wp-content/uploads/2015/04/nac_external_kincaid_2018.pdf
pdf	NASA Advisory Council STEM Engagement Committee	https://www.nasa.gov/learning-resources/nasa-advisory-council-stem-engagement-committee/	https://www.nasa.gov/wp-content/uploads/2015/04/nac_murep_broadening_participation_presentation.pdf
pdf	NASA Advisory Council STEM Engagement Committee	https://www.nasa.gov/learning-resources/nasa-advisory-council-stem-engagement-committee/	https://www.nasa.gov/wp-content/uploads/2015/04/nac_performance_measurement_ps-071615.pdf
pdf	NASA Advisory Council STEM Engagement Committee	https://www.nasa.gov/learning-resources/nasa-advisory-council-stem-engagement-committee/	https://www.nasa.gov/wp-content/uploads/2015/04/nac_performanceassessment.pdf
pdf	NASA Advisory Council STEM Engagement Committee	https://www.nasa.gov/learning-resources/nasa-advisory-council-stem-engagement-committee/	https://www.nasa.gov/wp-content/uploads/2015/04/nac_presentation_04-01-2016-anita-krishnamurthi.pdf
pdf	NASA Advisory Council STEM Engagement Committee	https://www.nasa.gov/learning-resources/nasa-advisory-council-stem-engagement-committee/	https://www.nasa.gov/wp-content/uploads/2015/04/nac_presentation_041015_stofan_stem_edu.pdf
pdf	NASA Advisory Council STEM Engagement Committee	https://www.nasa.gov/learning-resources/nasa-advisory-council-stem-engagement-committee/	https://www.nasa.gov/wp-content/uploads/2015/04/nac_presentations-04_03_2015-girten-2014-nasa-strategic-plan-education.pdf
pdf	NASA Advisory Council STEM Engagement Committee	https://www.nasa.gov/learning-resources/nasa-advisory-council-stem-engagement-committee/	https://www.nasa.gov/wp-content/uploads/2015/04/nac_presentations-04_03_2015-girten_neip-update.pdf
pdf	NASA Advisory Council STEM Engagement Committee	https://www.nasa.gov/learning-resources/nasa-advisory-council-stem-engagement-committee/	https://www.nasa.gov/wp-content/uploads/2015/04/nac_presentations-04_03_2015-james-fed-stem-5_yr-plan.pdf
pdf	NASA Advisory Council STEM Engagement Committee	https://www.nasa.gov/learning-resources/nasa-advisory-council-stem-engagement-committee/	https://www.nasa.gov/wp-content/uploads/2015/04/nac_presentations-04_03_2015-james-introduction-overview.pdf
pdf	NASA Advisory Council STEM Engagement Committee	https://www.nasa.gov/learning-resources/nasa-advisory-council-stem-engagement-committee/	https://www.nasa.gov/wp-content/uploads/2015/04/nac_presentations-04_03_2015-johnson-collaborations.pdf
pdf	NASA Advisory Council STEM Engagement Committee	https://www.nasa.gov/learning-resources/nasa-advisory-council-stem-engagement-committee/	https://www.nasa.gov/wp-content/uploads/2015/04/nac_presentations-04_03_2015-stofan-topics.pdf
pdf	NASA Advisory Council STEM Engagement Committee	https://www.nasa.gov/learning-resources/nasa-advisory-council-stem-engagement-committee/	https://www.nasa.gov/wp-content/uploads/2015/04/nac_sec_agenda_may_28_2019.pdf
pdf	NASA Advisory Council STEM Engagement Committee	https://www.nasa.gov/learning-resources/nasa-advisory-council-stem-engagement-committee/	https://www.nasa.gov/wp-content/uploads/2015/04/nac_sec_may-02-2019.pdf
pdf	NASA Advisory Council STEM Engagement Committee	https://www.nasa.gov/learning-resources/nasa-advisory-council-stem-engagement-committee/	https://www.nasa.gov/wp-content/uploads/2015/04/nac_sec_may_2_2019_notes.pdf
pdf	NASA Advisory Council STEM Engagement Committee	https://www.nasa.gov/learning-resources/nasa-advisory-council-stem-engagement-committee/	https://www.nasa.gov/wp-content/uploads/2015/04/nac_sec_notes_may_28_2019.pdf
pdf	NASA Advisory Council STEM Engagement Committee	https://www.nasa.gov/learning-resources/nasa-advisory-council-stem-engagement-committee/	https://www.nasa.gov/wp-content/uploads/2015/04/nac_sec_notes_oct_29_2019_final.pdf
pdf	NASA Advisory Council STEM Engagement Committee	https://www.nasa.gov/learning-resources/nasa-advisory-council-stem-engagement-committee/	https://www.nasa.gov/wp-content/uploads/2015/04/nac_stem_agenda_03-26-2020.pdf
pdf	NASA Advisory Council STEM Engagement Committee	https://www.nasa.gov/learning-resources/nasa-advisory-council-stem-engagement-committee/	https://www.nasa.gov/wp-content/uploads/2015/04/nac_stem_agenda_05-12-2020.pdf
pdf	NASA Advisory Council STEM Engagement Committee	https://www.nasa.gov/learning-resources/nasa-advisory-council-stem-engagement-committee/	https://www.nasa.gov/wp-content/uploads/2015/04/nac_stem_agenda_10-1-2020.pdf
pdf	NASA Advisory Council STEM Engagement Committee	https://www.nasa.gov/learning-resources/nasa-advisory-council-stem-engagement-committee/	https://www.nasa.gov/wp-content/uploads/2015/04/nac_stem_eng_committee_notes_dec_4_2018.pdf
pdf	NASA Advisory Council STEM Engagement Committee	https://www.nasa.gov/learning-resources/nasa-advisory-council-stem-engagement-committee/	https://www.nasa.gov/wp-content/uploads/2015/04/nac_stem_engagement_committee_agenda_dec_4_2018.pdf
pdf	NASA Advisory Council STEM Engagement Committee	https://www.nasa.gov/learning-resources/nasa-advisory-council-stem-engagement-committee/	https://www.nasa.gov/wp-content/uploads/2015/04/nac_task_force_stem_aug282018_notes.pdf
pdf	NASA Advisory Council STEM Engagement Committee	https://www.nasa.gov/learning-resources/nasa-advisory-council-stem-engagement-committee/	https://www.nasa.gov/wp-content/uploads/2015/04/nac_task_force_stem_ed_agenda_aug28_2018_final.pdf
pdf	NASA Advisory Council STEM Engagement Committee	https://www.nasa.gov/learning-resources/nasa-advisory-council-stem-engagement-committee/	https://www.nasa.gov/wp-content/uploads/2015/04/nac_update_to_followup_nac_tf_observations.pdf
pdf	NASA Advisory Council STEM Engagement Committee	https://www.nasa.gov/learning-resources/nasa-advisory-council-stem-engagement-committee/	https://www.nasa.gov/wp-content/uploads/2015/04/nasa_plan_update_nac_tf_9_22_2015.pdf
pdf	NASA Advisory Council STEM Engagement Committee	https://www.nasa.gov/learning-resources/nasa-advisory-council-stem-engagement-committee/	https://www.nasa.gov/wp-content/uploads/2015/04/national_stem_update.pdf
pdf	NASA Advisory Council STEM Engagement Committee	https://www.nasa.gov/learning-resources/nasa-advisory-council-stem-engagement-committee/	https://www.nasa.gov/wp-content/uploads/2015/04/ostem_anniversary_summary.pdf
pdf	NASA Advisory Council STEM Engagement Committee	https://www.nasa.gov/learning-resources/nasa-advisory-council-stem-engagement-committee/	https://www.nasa.gov/wp-content/uploads/2015/04/ostem_update.pdf
pdf	NASA Advisory Council STEM Engagement Committee	https://www.nasa.gov/learning-resources/nasa-advisory-council-stem-engagement-committee/	https://www.nasa.gov/wp-content/uploads/2015/04/ostem_updates_5-28-19.pdf
pdf	NASA Advisory Council STEM Engagement Committee	https://www.nasa.gov/learning-resources/nasa-advisory-council-stem-engagement-committee/	https://www.nasa.gov/wp-content/uploads/2015/04/revised_nac_stem_engagement_committee_agenda_may_2_2019.pdf
pdf	NASA Advisory Council STEM Engagement Committee	https://www.nasa.gov/learning-resources/nasa-advisory-council-stem-engagement-committee/	https://www.nasa.gov/wp-content/uploads/2015/04/shaffer-nac_091115.pdf
pdf	NASA Advisory Council STEM Engagement Committee	https://www.nasa.gov/learning-resources/nasa-advisory-council-stem-engagement-committee/	https://www.nasa.gov/wp-content/uploads/2015/04/sparking_interest_in_stem_nac_10.29.19.pdf
pdf	NASA Advisory Council STEM Engagement Committee	https://www.nasa.gov/learning-resources/nasa-advisory-council-stem-engagement-committee/	https://www.nasa.gov/wp-content/uploads/2015/04/task_force_fc_stem_aug2018.pdf
pdf	NASA Advisory Council STEM Engagement Committee	https://www.nasa.gov/learning-resources/nasa-advisory-council-stem-engagement-committee/	https://www.nasa.gov/wp-content/uploads/2023/06/edu-ostem-nac-feb-2022-508.pdf
pdf	NASA Advisory Council STEM Engagement Committee	https://www.nasa.gov/learning-resources/nasa-advisory-council-stem-engagement-committee/	https://www.nasa.gov/wp-content/uploads/2023/06/nac-stem-agenda-sep-2022-508.pdf
pdf	NASA Advisory Council STEM Engagement Committee	https://www.nasa.gov/learning-resources/nasa-advisory-council-stem-engagement-committee/	https://www.nasa.gov/wp-content/uploads/2023/06/ostem-nac-september-2022-meeting.pdf
pdf	NASA Advisory Council STEM Engagement Committee	https://www.nasa.gov/learning-resources/nasa-advisory-council-stem-engagement-committee/	https://www.nasa.gov/wp-content/uploads/2023/07/frn-nac-stem-july-2023-6-21-23.pdf
pdf	NASA Advisory Council STEM Engagement Committee	https://www.nasa.gov/learning-resources/nasa-advisory-council-stem-engagement-committee/	https://www.nasa.gov/wp-content/uploads/2023/08/nac-july-2023-508.pdf
pdf	NASA Advisory Council STEM Engagement Committee	https://www.nasa.gov/learning-resources/nasa-advisory-council-stem-engagement-committee/	https://www.nasa.gov/wp-content/uploads/2024/06/june-2024-nac-meeting.pdf
pdf	NASA Advisory Council STEM Engagement Committee	https://www.nasa.gov/learning-resources/nasa-advisory-council-stem-engagement-committee/	https://www.nasa.gov/wp-content/uploads/2024/06/nac-stem-agenda-june-2024-508.pdf
pdf	NASA Advisory Council STEM Engagement Committee	https://www.nasa.gov/learning-resources/nasa-advisory-council-stem-engagement-committee/	https://www3.nasa.gov/sites/default/files/atoms/files/nac_sec_may_2_2019_notes.pdf
pdf	NASA Advisory Council STEM Engagement Committee	https://www.nasa.gov/learning-resources/nasa-advisory-council-stem-engagement-committee/	https://www3.nasa.gov/sites/default/files/atoms/files/shaffer-nac_091115.pdf
pdf	NASA Aeronautics in 2016: This is the Story	https://www.nasa.gov/aeronautics/nasa-aeronautics-in-2016-this-is-the-story/	https://www.nasa.gov/wp-content/uploads/2016/12/utm-factsheet-11-05-15.pdf
pdf	NASA Aeronautics in 2016: This is the Story	https://www.nasa.gov/aeronautics/nasa-aeronautics-in-2016-this-is-the-story/	https://www.nasa.gov/wp-content/uploads/2017/11/nasa-aero-10-yr-plan-508-reduced.pdf
pdf	NASA Aeronautics on Mars (and Earth)	https://www.nasa.gov/aeronautics/nasa-aeronautics-on-mars-and-earth/	https://www.nasa.gov/wp-content/uploads/2015/04/rc_litho_01_08_09_Spanish_l.pdf
pdf	NASA Aeronautics on Mars (and Earth)	https://www.nasa.gov/aeronautics/nasa-aeronautics-on-mars-and-earth/	https://www.nasa.gov/wp-content/uploads/2015/04/rc_litho_07_24_09_508.pdf
pdf	NASA Aeronautics on Mars (and Earth)	https://www.nasa.gov/aeronautics/nasa-aeronautics-on-mars-and-earth/	https://www.nasa.gov/wp-content/uploads/2015/04/tr_litho_01_22_09_Spanish_l.pdf
pdf	NASA Aeronautics on Mars (and Earth)	https://www.nasa.gov/aeronautics/nasa-aeronautics-on-mars-and-earth/	https://www.nasa.gov/wp-content/uploads/2015/04/tr_litho_07_24_09_508.pdf
pdf	NASA Aeronautics on Mars (and Earth)	https://www.nasa.gov/aeronautics/nasa-aeronautics-on-mars-and-earth/	https://www.nasa.gov/wp-content/uploads/2020/06/build_your_own_mars_helicopter.pdf
pdf	NASA Aeronautics on Mars (and Earth)	https://www.nasa.gov/aeronautics/nasa-aeronautics-on-mars-and-earth/	https://www.nasa.gov/wp-content/uploads/2020/07/space_craft_coloring_mars_english_0.pdf
pdf	NASA Aeronautics on Mars (and Earth)	https://www.nasa.gov/aeronautics/nasa-aeronautics-on-mars-and-earth/	https://www.nasa.gov/wp-content/uploads/2021/05/aero-prek.pdf
pdf	NASA Ames Astrogram &#8211; January 2016	https://www.nasa.gov/centers-and-facilities/ames/nasa-ames-astrogram-january-2016/	https://www.nasa.gov/wp-content/uploads/2016/01/jan2016astrogramfinal2.pdf
pdf	NASA Armstrong Flight Research Center&#8217;s Contributions to the Space Shuttle Program	https://www.nasa.gov/history/history-publications-and-resources/nasa-history-series/nasa-armstrong-flight-research-centers-contributions-to-the-space-shuttle-program-ppzyz/	https://www.nasa.gov/wp-content/uploads/2022/05/afrc_contributions_to_shuttle_ebook_tagged.pdf
pdf	NASA Graphics Standards Manual	https://www.nasa.gov/image-article/nasa-graphics-standards-manual/	https://www3.nasa.gov/sites/default/files/atoms/files/nasa_graphics_manual_nhb_1430-2_jan_1976.pdf
pdf	NASA History	https://www.nasa.gov/history/	https://ntrs.nasa.gov/api/citations/19940008327/downloads/19940008327.pdf
pdf	NASA History	https://www.nasa.gov/history/	https://www.nasa.gov/wp-content/uploads/2026/06/fy-2025-presidents-report-tagged.pdf
pdf	NASA History	https://www.nasa.gov/history/	https://www.nasa.gov/wp-content/uploads/2026/08/hubble-symposium-transcript-tagged.pdf
pdf	NASA History Series	https://www.nasa.gov/history/history-publications-and-resources/nasa-history-series/	https://ntrs.nasa.gov/api/citations/19820007082/downloads/19820007082.pdf
pdf	NASA History Series	https://www.nasa.gov/history/history-publications-and-resources/nasa-history-series/	https://ntrs.nasa.gov/api/citations/19880016046/downloads/19880016046.pdf
pdf	NASA History Series	https://www.nasa.gov/history/history-publications-and-resources/nasa-history-series/	https://ntrs.nasa.gov/api/citations/19940029443/downloads/19940029443.pdf
pdf	NASA History Series	https://www.nasa.gov/history/history-publications-and-resources/nasa-history-series/	https://ntrs.nasa.gov/api/citations/19960045321/downloads/19960045321.pdf
pdf	NASA History Series	https://www.nasa.gov/history/history-publications-and-resources/nasa-history-series/	https://ntrs.nasa.gov/api/citations/19970026049/downloads/19970026049.pdf
pdf	NASA History Series	https://www.nasa.gov/history/history-publications-and-resources/nasa-history-series/	https://ntrs.nasa.gov/api/citations/19980236048/downloads/19980236048.pdf
pdf	NASA History Series	https://www.nasa.gov/history/history-publications-and-resources/nasa-history-series/	https://ntrs.nasa.gov/api/citations/19990054149/downloads/19990054149.pdf
pdf	NASA History Series	https://www.nasa.gov/history/history-publications-and-resources/nasa-history-series/	https://ntrs.nasa.gov/api/citations/20000033402/downloads/20000033402.pdf
pdf	NASA History Series	https://www.nasa.gov/history/history-publications-and-resources/nasa-history-series/	https://ntrs.nasa.gov/api/citations/20010050556/downloads/20010050556.pdf
pdf	NASA History Series	https://www.nasa.gov/history/history-publications-and-resources/nasa-history-series/	https://ntrs.nasa.gov/api/citations/20010056676/downloads/20010056676.pdf
pdf	NASA History Series	https://www.nasa.gov/history/history-publications-and-resources/nasa-history-series/	https://www.nasa.gov/wp-content/uploads/2023/02/SP-4201.pdf
pdf	NASA History Series	https://www.nasa.gov/history/history-publications-and-resources/nasa-history-series/	https://www.nasa.gov/wp-content/uploads/2023/02/SP-4313.pdf
pdf	NASA History Series	https://www.nasa.gov/history/history-publications-and-resources/nasa-history-series/	https://www.nasa.gov/wp-content/uploads/2023/03/sp-4009part1.pdf
pdf	NASA History Series	https://www.nasa.gov/history/history-publications-and-resources/nasa-history-series/	https://www.nasa.gov/wp-content/uploads/2023/03/sp-4009vol2.pdf
pdf	NASA History Series	https://www.nasa.gov/history/history-publications-and-resources/nasa-history-series/	https://www.nasa.gov/wp-content/uploads/2023/03/sp-4009vol3.pdf
pdf	NASA History Series	https://www.nasa.gov/history/history-publications-and-resources/nasa-history-series/	https://www.nasa.gov/wp-content/uploads/2023/03/sp-4009vol4.pdf
pdf	NASA History Series	https://www.nasa.gov/history/history-publications-and-resources/nasa-history-series/	https://www.nasa.gov/wp-content/uploads/2023/03/sp-4026.pdf
pdf	NASA History Series	https://www.nasa.gov/history/history-publications-and-resources/nasa-history-series/	https://www.nasa.gov/wp-content/uploads/2023/03/sp-4102.pdf
pdf	NASA History Series	https://www.nasa.gov/history/history-publications-and-resources/nasa-history-series/	https://www.nasa.gov/wp-content/uploads/2023/03/sp-4104.pdf
pdf	NASA History Series	https://www.nasa.gov/history/history-publications-and-resources/nasa-history-series/	https://www.nasa.gov/wp-content/uploads/2023/03/sp-4105.pdf
pdf	NASA History Series	https://www.nasa.gov/history/history-publications-and-resources/nasa-history-series/	https://www.nasa.gov/wp-content/uploads/2023/03/sp-4106.pdf
pdf	NASA History Series	https://www.nasa.gov/history/history-publications-and-resources/nasa-history-series/	https://www.nasa.gov/wp-content/uploads/2023/03/sp-4113.pdf
pdf	NASA History Series	https://www.nasa.gov/history/history-publications-and-resources/nasa-history-series/	https://www.nasa.gov/wp-content/uploads/2023/03/sp-4202.pdf
pdf	NASA History Series	https://www.nasa.gov/history/history-publications-and-resources/nasa-history-series/	https://www.nasa.gov/wp-content/uploads/2023/03/sp-4203.pdf
pdf	NASA History Series	https://www.nasa.gov/history/history-publications-and-resources/nasa-history-series/	https://www.nasa.gov/wp-content/uploads/2023/03/sp-4205.pdf
pdf	NASA History Series	https://www.nasa.gov/history/history-publications-and-resources/nasa-history-series/	https://www.nasa.gov/wp-content/uploads/2023/03/sp-4212.pdf
pdf	NASA History Series	https://www.nasa.gov/history/history-publications-and-resources/nasa-history-series/	https://www.nasa.gov/wp-content/uploads/2023/03/sp-4213.pdf
pdf	NASA History Series	https://www.nasa.gov/history/history-publications-and-resources/nasa-history-series/	https://www.nasa.gov/wp-content/uploads/2023/03/sp-4214.pdf
pdf	NASA History Series	https://www.nasa.gov/history/history-publications-and-resources/nasa-history-series/	https://www.nasa.gov/wp-content/uploads/2023/03/sp-4219.pdf
pdf	NASA History Series	https://www.nasa.gov/history/history-publications-and-resources/nasa-history-series/	https://www.nasa.gov/wp-content/uploads/2023/03/sp-4220.pdf
pdf	NASA History Series	https://www.nasa.gov/history/history-publications-and-resources/nasa-history-series/	https://www.nasa.gov/wp-content/uploads/2023/03/sp-4233.pdf
pdf	NASA History Series	https://www.nasa.gov/history/history-publications-and-resources/nasa-history-series/	https://www.nasa.gov/wp-content/uploads/2023/03/sp-4301.pdf
pdf	NASA History Series	https://www.nasa.gov/history/history-publications-and-resources/nasa-history-series/	https://www.nasa.gov/wp-content/uploads/2023/03/sp-4302.pdf
pdf	NASA History Series	https://www.nasa.gov/history/history-publications-and-resources/nasa-history-series/	https://www.nasa.gov/wp-content/uploads/2023/03/sp-4305.pdf
pdf	NASA History Series	https://www.nasa.gov/history/history-publications-and-resources/nasa-history-series/	https://www.nasa.gov/wp-content/uploads/2023/03/sp-4307.pdf
pdf	NASA History Series	https://www.nasa.gov/history/history-publications-and-resources/nasa-history-series/	https://www.nasa.gov/wp-content/uploads/2023/03/sp-4310.pdf
pdf	NASA History Series	https://www.nasa.gov/history/history-publications-and-resources/nasa-history-series/	https://www.nasa.gov/wp-content/uploads/2023/03/sp-4311.pdf
pdf	NASA History Series	https://www.nasa.gov/history/history-publications-and-resources/nasa-history-series/	https://www.nasa.gov/wp-content/uploads/2023/03/sp-4314-2010.pdf
pdf	NASA History Series	https://www.nasa.gov/history/history-publications-and-resources/nasa-history-series/	https://www.nasa.gov/wp-content/uploads/2023/03/sp-4401.pdf
pdf	NASA History Series	https://www.nasa.gov/history/history-publications-and-resources/nasa-history-series/	https://www.nasa.gov/wp-content/uploads/2023/03/sp-4402.pdf
pdf	NASA History Series	https://www.nasa.gov/history/history-publications-and-resources/nasa-history-series/	https://www.nasa.gov/wp-content/uploads/2023/03/sp-4404.pdf
pdf	NASA History Series	https://www.nasa.gov/history/history-publications-and-resources/nasa-history-series/	https://www.nasa.gov/wp-content/uploads/2023/03/sp-4406.pdf
pdf	NASA History Series	https://www.nasa.gov/history/history-publications-and-resources/nasa-history-series/	https://www.nasa.gov/wp-content/uploads/2023/03/sp-4512.pdf
pdf	NASA History Series	https://www.nasa.gov/history/history-publications-and-resources/nasa-history-series/	https://www.nasa.gov/wp-content/uploads/2023/03/sp-4541.pdf
pdf	NASA History Series	https://www.nasa.gov/history/history-publications-and-resources/nasa-history-series/	https://www.nasa.gov/wp-content/uploads/2023/03/sp-4542.pdf
pdf	NASA History Series	https://www.nasa.gov/history/history-publications-and-resources/nasa-history-series/	https://www.nasa.gov/wp-content/uploads/2023/03/sp-4543.pdf
pdf	NASA History Series	https://www.nasa.gov/history/history-publications-and-resources/nasa-history-series/	https://www.nasa.gov/wp-content/uploads/2023/03/sp-4544.pdf
pdf	NASA History Series	https://www.nasa.gov/history/history-publications-and-resources/nasa-history-series/	https://www.nasa.gov/wp-content/uploads/2023/03/sp-4553.pdf
pdf	NASA History Series	https://www.nasa.gov/history/history-publications-and-resources/nasa-history-series/	https://www.nasa.gov/wp-content/uploads/2023/03/sp-4703.pdf
pdf	NASA History Series	https://www.nasa.gov/history/history-publications-and-resources/nasa-history-series/	https://www.nasa.gov/wp-content/uploads/2023/03/sp-4801.pdf
pdf	NASA History Series	https://www.nasa.gov/history/history-publications-and-resources/nasa-history-series/	https://www.nasa.gov/wp-content/uploads/2023/03/sp4032.pdf
pdf	NASA History Series	https://www.nasa.gov/history/history-publications-and-resources/nasa-history-series/	https://www.nasa.gov/wp-content/uploads/2023/03/sp4033.pdf
pdf	NASA History Series	https://www.nasa.gov/history/history-publications-and-resources/nasa-history-series/	https://www.nasa.gov/wp-content/uploads/2023/03/sp4034.pdf
pdf	NASA History Series	https://www.nasa.gov/history/history-publications-and-resources/nasa-history-series/	https://www.nasa.gov/wp-content/uploads/2023/03/sp4035.pdf
pdf	NASA History Series	https://www.nasa.gov/history/history-publications-and-resources/nasa-history-series/	https://www.nasa.gov/wp-content/uploads/2023/04/1964.pdf
pdf	NASA History Series	https://www.nasa.gov/history/history-publications-and-resources/nasa-history-series/	https://www.nasa.gov/wp-content/uploads/2023/04/1965.pdf
pdf	NASA History Series	https://www.nasa.gov/history/history-publications-and-resources/nasa-history-series/	https://www.nasa.gov/wp-content/uploads/2023/04/1966.pdf
pdf	NASA History Series	https://www.nasa.gov/history/history-publications-and-resources/nasa-history-series/	https://www.nasa.gov/wp-content/uploads/2023/04/1967.pdf
pdf	NASA History Series	https://www.nasa.gov/history/history-publications-and-resources/nasa-history-series/	https://www.nasa.gov/wp-content/uploads/2023/04/1968.pdf
pdf	NASA History Series	https://www.nasa.gov/history/history-publications-and-resources/nasa-history-series/	https://www.nasa.gov/wp-content/uploads/2023/04/1969.pdf
pdf	NASA History Series	https://www.nasa.gov/history/history-publications-and-resources/nasa-history-series/	https://www.nasa.gov/wp-content/uploads/2023/04/1970.pdf
pdf	NASA History Series	https://www.nasa.gov/history/history-publications-and-resources/nasa-history-series/	https://www.nasa.gov/wp-content/uploads/2023/04/1971.pdf
pdf	NASA History Series	https://www.nasa.gov/history/history-publications-and-resources/nasa-history-series/	https://www.nasa.gov/wp-content/uploads/2023/04/1972.pdf
pdf	NASA History Series	https://www.nasa.gov/history/history-publications-and-resources/nasa-history-series/	https://www.nasa.gov/wp-content/uploads/2023/04/1973.pdf
pdf	NASA History Series	https://www.nasa.gov/history/history-publications-and-resources/nasa-history-series/	https://www.nasa.gov/wp-content/uploads/2023/04/1974.pdf
pdf	NASA History Series	https://www.nasa.gov/history/history-publications-and-resources/nasa-history-series/	https://www.nasa.gov/wp-content/uploads/2023/04/1975.pdf
pdf	NASA History Series	https://www.nasa.gov/history/history-publications-and-resources/nasa-history-series/	https://www.nasa.gov/wp-content/uploads/2023/04/1976.pdf
pdf	NASA History Series	https://www.nasa.gov/history/history-publications-and-resources/nasa-history-series/	https://www.nasa.gov/wp-content/uploads/2023/04/1977.pdf
pdf	NASA History Series	https://www.nasa.gov/history/history-publications-and-resources/nasa-history-series/	https://www.nasa.gov/wp-content/uploads/2023/04/1978.pdf
pdf	NASA History Series	https://www.nasa.gov/history/history-publications-and-resources/nasa-history-series/	https://www.nasa.gov/wp-content/uploads/2023/04/1979-1984.pdf
pdf	NASA History Series	https://www.nasa.gov/history/history-publications-and-resources/nasa-history-series/	https://www.nasa.gov/wp-content/uploads/2023/04/1985.pdf
pdf	NASA History Series	https://www.nasa.gov/history/history-publications-and-resources/nasa-history-series/	https://www.nasa.gov/wp-content/uploads/2023/04/1986-1990.pdf
pdf	NASA History Series	https://www.nasa.gov/history/history-publications-and-resources/nasa-history-series/	https://www.nasa.gov/wp-content/uploads/2023/04/1991-1995.pdf
pdf	NASA History Series	https://www.nasa.gov/history/history-publications-and-resources/nasa-history-series/	https://www.nasa.gov/wp-content/uploads/2023/04/sp-4003.pdf
pdf	NASA History Series	https://www.nasa.gov/history/history-publications-and-resources/nasa-history-series/	https://www.nasa.gov/wp-content/uploads/2023/04/sp-4004-1963.pdf
pdf	NASA History Series	https://www.nasa.gov/history/history-publications-and-resources/nasa-history-series/	https://www.nasa.gov/wp-content/uploads/2023/04/sp-4011.pdf
pdf	NASA History Series	https://www.nasa.gov/history/history-publications-and-resources/nasa-history-series/	https://www.nasa.gov/wp-content/uploads/2023/04/sp-4012v1.pdf
pdf	NASA History Series	https://www.nasa.gov/history/history-publications-and-resources/nasa-history-series/	https://www.nasa.gov/wp-content/uploads/2023/04/sp-4012v2.pdf
pdf	NASA History Series	https://www.nasa.gov/history/history-publications-and-resources/nasa-history-series/	https://www.nasa.gov/wp-content/uploads/2023/04/sp-4012v7.pdf
pdf	NASA History Series	https://www.nasa.gov/history/history-publications-and-resources/nasa-history-series/	https://www.nasa.gov/wp-content/uploads/2023/04/sp-4012v8-tables.pdf
pdf	NASA History Series	https://www.nasa.gov/history/history-publications-and-resources/nasa-history-series/	https://www.nasa.gov/wp-content/uploads/2023/04/sp-4012v8.pdf
pdf	NASA History Series	https://www.nasa.gov/history/history-publications-and-resources/nasa-history-series/	https://www.nasa.gov/wp-content/uploads/2023/04/sp-4029.pdf
pdf	NASA History Series	https://www.nasa.gov/history/history-publications-and-resources/nasa-history-series/	https://www.nasa.gov/wp-content/uploads/2023/04/sp-4101.pdf
pdf	NASA History Series	https://www.nasa.gov/history/history-publications-and-resources/nasa-history-series/	https://www.nasa.gov/wp-content/uploads/2023/04/sp-4103vol2.pdf
pdf	NASA History Series	https://www.nasa.gov/history/history-publications-and-resources/nasa-history-series/	https://www.nasa.gov/wp-content/uploads/2023/04/sp-4107.pdf
pdf	NASA History Series	https://www.nasa.gov/history/history-publications-and-resources/nasa-history-series/	https://www.nasa.gov/wp-content/uploads/2023/04/sp-4108.pdf
pdf	NASA History Series	https://www.nasa.gov/history/history-publications-and-resources/nasa-history-series/	https://www.nasa.gov/wp-content/uploads/2023/04/sp-4109.pdf
pdf	NASA History Series	https://www.nasa.gov/history/history-publications-and-resources/nasa-history-series/	https://www.nasa.gov/wp-content/uploads/2023/04/sp-4111.pdf
pdf	NASA History Series	https://www.nasa.gov/history/history-publications-and-resources/nasa-history-series/	https://www.nasa.gov/wp-content/uploads/2023/04/sp-4112.pdf
pdf	NASA History Series	https://www.nasa.gov/history/history-publications-and-resources/nasa-history-series/	https://www.nasa.gov/wp-content/uploads/2023/04/sp-4209.pdf
pdf	NASA History Series	https://www.nasa.gov/history/history-publications-and-resources/nasa-history-series/	https://www.nasa.gov/wp-content/uploads/2023/04/sp-4216.pdf
pdf	NASA History Series	https://www.nasa.gov/history/history-publications-and-resources/nasa-history-series/	https://www.nasa.gov/wp-content/uploads/2023/04/sp-4221.pdf
pdf	NASA History Series	https://www.nasa.gov/history/history-publications-and-resources/nasa-history-series/	https://www.nasa.gov/wp-content/uploads/2023/04/sp-4222.pdf
pdf	NASA History Series	https://www.nasa.gov/history/history-publications-and-resources/nasa-history-series/	https://www.nasa.gov/wp-content/uploads/2023/04/sp-4224.pdf
pdf	NASA History Series	https://www.nasa.gov/history/history-publications-and-resources/nasa-history-series/	https://www.nasa.gov/wp-content/uploads/2023/04/sp-4225.pdf
pdf	NASA History Series	https://www.nasa.gov/history/history-publications-and-resources/nasa-history-series/	https://www.nasa.gov/wp-content/uploads/2023/04/sp-4226.pdf
pdf	NASA History Series	https://www.nasa.gov/history/history-publications-and-resources/nasa-history-series/	https://www.nasa.gov/wp-content/uploads/2023/04/sp-4227.pdf
pdf	NASA History Series	https://www.nasa.gov/history/history-publications-and-resources/nasa-history-series/	https://www.nasa.gov/wp-content/uploads/2023/04/sp-4230.pdf
pdf	NASA History Series	https://www.nasa.gov/history/history-publications-and-resources/nasa-history-series/	https://www.nasa.gov/wp-content/uploads/2023/04/sp-4231.pdf
pdf	NASA History Series	https://www.nasa.gov/history/history-publications-and-resources/nasa-history-series/	https://www.nasa.gov/wp-content/uploads/2023/04/sp-4232.pdf
pdf	NASA History Series	https://www.nasa.gov/history/history-publications-and-resources/nasa-history-series/	https://www.nasa.gov/wp-content/uploads/2023/04/sp-4303.pdf
pdf	NASA History Series	https://www.nasa.gov/history/history-publications-and-resources/nasa-history-series/	https://www.nasa.gov/wp-content/uploads/2023/04/sp-4304.pdf
pdf	NASA History Series	https://www.nasa.gov/history/history-publications-and-resources/nasa-history-series/	https://www.nasa.gov/wp-content/uploads/2023/04/sp-4306.pdf
pdf	NASA History Series	https://www.nasa.gov/history/history-publications-and-resources/nasa-history-series/	https://www.nasa.gov/wp-content/uploads/2023/04/sp-4308.pdf
pdf	NASA History Series	https://www.nasa.gov/history/history-publications-and-resources/nasa-history-series/	https://www.nasa.gov/wp-content/uploads/2023/04/sp-4309.pdf
pdf	NASA History Series	https://www.nasa.gov/history/history-publications-and-resources/nasa-history-series/	https://www.nasa.gov/wp-content/uploads/2023/04/sp-4314-2014.pdf
pdf	NASA History Series	https://www.nasa.gov/history/history-publications-and-resources/nasa-history-series/	https://www.nasa.gov/wp-content/uploads/2023/04/sp-4316.pdf
pdf	NASA History Series	https://www.nasa.gov/history/history-publications-and-resources/nasa-history-series/	https://www.nasa.gov/wp-content/uploads/2023/04/sp-4317.pdf
pdf	NASA History Series	https://www.nasa.gov/history/history-publications-and-resources/nasa-history-series/	https://www.nasa.gov/wp-content/uploads/2023/04/sp-4319.pdf
pdf	NASA History Series	https://www.nasa.gov/history/history-publications-and-resources/nasa-history-series/	https://www.nasa.gov/wp-content/uploads/2023/04/sp-4405.pdf
pdf	NASA History Series	https://www.nasa.gov/history/history-publications-and-resources/nasa-history-series/	https://www.nasa.gov/wp-content/uploads/2023/04/sp-4410.pdf
pdf	NASA History Series	https://www.nasa.gov/history/history-publications-and-resources/nasa-history-series/	https://www.nasa.gov/wp-content/uploads/2023/04/sp-4501-shuttle-bibliography-1.pdf
pdf	NASA History Series	https://www.nasa.gov/history/history-publications-and-resources/nasa-history-series/	https://www.nasa.gov/wp-content/uploads/2023/04/sp-4502.pdf
pdf	NASA History Series	https://www.nasa.gov/history/history-publications-and-resources/nasa-history-series/	https://www.nasa.gov/wp-content/uploads/2023/04/sp-4503-apollo.pdf
pdf	NASA History Series	https://www.nasa.gov/history/history-publications-and-resources/nasa-history-series/	https://www.nasa.gov/wp-content/uploads/2023/04/sp-4504-enchanted-rendezvous.pdf
pdf	NASA History Series	https://www.nasa.gov/history/history-publications-and-resources/nasa-history-series/	https://www.nasa.gov/wp-content/uploads/2023/04/sp-4505-dryden.pdf
pdf	NASA History Series	https://www.nasa.gov/history/history-publications-and-resources/nasa-history-series/	https://www.nasa.gov/wp-content/uploads/2023/04/sp-4506.pdf
pdf	NASA History Series	https://www.nasa.gov/history/history-publications-and-resources/nasa-history-series/	https://www.nasa.gov/wp-content/uploads/2023/04/sp-4507.pdf
pdf	NASA History Series	https://www.nasa.gov/history/history-publications-and-resources/nasa-history-series/	https://www.nasa.gov/wp-content/uploads/2023/04/sp-4508.pdf
pdf	NASA History Series	https://www.nasa.gov/history/history-publications-and-resources/nasa-history-series/	https://www.nasa.gov/wp-content/uploads/2023/04/sp-4511.pdf
pdf	NASA History Series	https://www.nasa.gov/history/history-publications-and-resources/nasa-history-series/	https://www.nasa.gov/wp-content/uploads/2023/04/sp-4513.pdf
pdf	NASA History Series	https://www.nasa.gov/history/history-publications-and-resources/nasa-history-series/	https://www.nasa.gov/wp-content/uploads/2023/04/sp-4514.pdf
pdf	NASA History Series	https://www.nasa.gov/history/history-publications-and-resources/nasa-history-series/	https://www.nasa.gov/wp-content/uploads/2023/04/sp-4515.pdf
pdf	NASA History Series	https://www.nasa.gov/history/history-publications-and-resources/nasa-history-series/	https://www.nasa.gov/wp-content/uploads/2023/04/sp-4516.pdf
pdf	NASA History Series	https://www.nasa.gov/history/history-publications-and-resources/nasa-history-series/	https://www.nasa.gov/wp-content/uploads/2023/04/sp-4517.pdf
pdf	NASA History Series	https://www.nasa.gov/history/history-publications-and-resources/nasa-history-series/	https://www.nasa.gov/wp-content/uploads/2023/04/sp-4518.pdf
pdf	NASA History Series	https://www.nasa.gov/history/history-publications-and-resources/nasa-history-series/	https://www.nasa.gov/wp-content/uploads/2023/04/sp-4519.pdf
pdf	NASA History Series	https://www.nasa.gov/history/history-publications-and-resources/nasa-history-series/	https://www.nasa.gov/wp-content/uploads/2023/04/sp-4520.pdf
pdf	NASA History Series	https://www.nasa.gov/history/history-publications-and-resources/nasa-history-series/	https://www.nasa.gov/wp-content/uploads/2023/04/sp-4521.pdf
pdf	NASA History Series	https://www.nasa.gov/history/history-publications-and-resources/nasa-history-series/	https://www.nasa.gov/wp-content/uploads/2023/04/sp-4522.pdf
pdf	NASA History Series	https://www.nasa.gov/history/history-publications-and-resources/nasa-history-series/	https://www.nasa.gov/wp-content/uploads/2023/04/sp-4524.pdf
pdf	NASA History Series	https://www.nasa.gov/history/history-publications-and-resources/nasa-history-series/	https://www.nasa.gov/wp-content/uploads/2023/04/sp-4525.pdf
pdf	NASA History Series	https://www.nasa.gov/history/history-publications-and-resources/nasa-history-series/	https://www.nasa.gov/wp-content/uploads/2023/04/sp-4526.pdf
pdf	NASA History Series	https://www.nasa.gov/history/history-publications-and-resources/nasa-history-series/	https://www.nasa.gov/wp-content/uploads/2023/04/sp-4527.pdf
pdf	NASA History Series	https://www.nasa.gov/history/history-publications-and-resources/nasa-history-series/	https://www.nasa.gov/wp-content/uploads/2023/04/sp-4529.pdf
pdf	NASA History Series	https://www.nasa.gov/history/history-publications-and-resources/nasa-history-series/	https://www.nasa.gov/wp-content/uploads/2023/04/sp-4530.pdf
pdf	NASA History Series	https://www.nasa.gov/history/history-publications-and-resources/nasa-history-series/	https://www.nasa.gov/wp-content/uploads/2023/04/sp-4531.pdf
pdf	NASA History Series	https://www.nasa.gov/history/history-publications-and-resources/nasa-history-series/	https://www.nasa.gov/wp-content/uploads/2023/04/sp-4532.pdf
pdf	NASA History Series	https://www.nasa.gov/history/history-publications-and-resources/nasa-history-series/	https://www.nasa.gov/wp-content/uploads/2023/04/sp-4533.pdf
pdf	NASA History Series	https://www.nasa.gov/history/history-publications-and-resources/nasa-history-series/	https://www.nasa.gov/wp-content/uploads/2023/04/sp-4535.pdf
pdf	NASA History Series	https://www.nasa.gov/history/history-publications-and-resources/nasa-history-series/	https://www.nasa.gov/wp-content/uploads/2023/04/sp-4536.pdf
pdf	NASA History Series	https://www.nasa.gov/history/history-publications-and-resources/nasa-history-series/	https://www.nasa.gov/wp-content/uploads/2023/04/sp-4537.pdf
pdf	NASA History Series	https://www.nasa.gov/history/history-publications-and-resources/nasa-history-series/	https://www.nasa.gov/wp-content/uploads/2023/04/sp-4538.pdf
pdf	NASA History Series	https://www.nasa.gov/history/history-publications-and-resources/nasa-history-series/	https://www.nasa.gov/wp-content/uploads/2023/04/sp-4539.pdf
pdf	NASA History Series	https://www.nasa.gov/history/history-publications-and-resources/nasa-history-series/	https://www.nasa.gov/wp-content/uploads/2023/04/sp-4540.pdf
pdf	NASA History Series	https://www.nasa.gov/history/history-publications-and-resources/nasa-history-series/	https://www.nasa.gov/wp-content/uploads/2023/04/sp-4545.pdf
pdf	NASA History Series	https://www.nasa.gov/history/history-publications-and-resources/nasa-history-series/	https://www.nasa.gov/wp-content/uploads/2023/04/sp-4546.pdf
pdf	NASA History Series	https://www.nasa.gov/history/history-publications-and-resources/nasa-history-series/	https://www.nasa.gov/wp-content/uploads/2023/04/sp-4552.pdf
pdf	NASA History Series	https://www.nasa.gov/history/history-publications-and-resources/nasa-history-series/	https://www.nasa.gov/wp-content/uploads/2023/04/sp-4701.pdf
pdf	NASA History Series	https://www.nasa.gov/history/history-publications-and-resources/nasa-history-series/	https://www.nasa.gov/wp-content/uploads/2023/04/sp-4702.pdf
pdf	NASA History Series	https://www.nasa.gov/history/history-publications-and-resources/nasa-history-series/	https://www.nasa.gov/wp-content/uploads/2023/04/sp4030.pdf
pdf	NASA History Series	https://www.nasa.gov/history/history-publications-and-resources/nasa-history-series/	https://www.nasa.gov/wp-content/uploads/2023/04/sp4031.pdf
pdf	NASA History Series	https://www.nasa.gov/history/history-publications-and-resources/nasa-history-series/	https://www.nasa.gov/wp-content/uploads/2023/04/sp4037.pdf
pdf	NASA History Series	https://www.nasa.gov/history/history-publications-and-resources/nasa-history-series/	https://www.nasa.gov/wp-content/uploads/2023/06/moonport.pdf
pdf	NASA History Series	https://www.nasa.gov/history/history-publications-and-resources/nasa-history-series/	https://www.nasa.gov/wp-content/uploads/2023/06/sp-4408.pdf
pdf	NASA History Series	https://www.nasa.gov/history/history-publications-and-resources/nasa-history-series/	https://www.nasa.gov/wp-content/uploads/2023/06/stages-to-saturn-sp-4206.pdf
pdf	NASA History Series	https://www.nasa.gov/history/history-publications-and-resources/nasa-history-series/	https://www.nasa.gov/wp-content/uploads/2024/01/sp-4103vol1.pdf
pdf	NASA History Series	https://www.nasa.gov/history/history-publications-and-resources/nasa-history-series/	https://www.nasa.gov/wp-content/uploads/2024/09/project-mercury-a-chronology.pdf
pdf	NASA History Series	https://www.nasa.gov/history/history-publications-and-resources/nasa-history-series/	https://www.nasa.gov/wp-content/uploads/2024/09/sp-4002.pdf
pdf	NASA History Series	https://www.nasa.gov/history/history-publications-and-resources/nasa-history-series/	https://www.nasa.gov/wp-content/uploads/2026/08/hubble-symposium-transcript-tagged.pdf
pdf	NASA Invites You to Create Landsat-Inspired Arts and Crafts	https://www.nasa.gov/missions/landsat/nasa-invites-you-to-create-landsat-inspired-arts-and-crafts/	https://pubs.usgs.gov/fs/2015/3081/fs20153081_ver1.2.pdf
pdf	NASA Oral Histories	https://www.nasa.gov/history/history-publications-and-resources/oral-histories/	https://www.nasa.gov/wp-content/uploads/2025/07/bostickjc-6-24-00.pdf
pdf	NASA Oral Histories	https://www.nasa.gov/history/history-publications-and-resources/oral-histories/	https://www.nasa.gov/wp-content/uploads/2025/07/fabianjm-2-10-06.pdf
pdf	NASA Oral Histories	https://www.nasa.gov/history/history-publications-and-resources/oral-histories/	https://www.nasa.gov/wp-content/uploads/2025/08/funkw-7-18-99.pdf
pdf	NASA at 50	https://www.nasa.gov/history/history-publications-and-resources/nasa-history-series/nasa-at-50/	https://www.nasa.gov/wp-content/uploads/2023/03/sp-4114.pdf
pdf	NASA at Home &#8211; E-books	https://www.nasa.gov/nasa-at-home-e-books/	https://www.nasa.gov/wp-content/uploads/2015/01/601288main_NASAsContributionsToAeronauticsVolume1-ebook.pdf
pdf	NASA at Home &#8211; E-books	https://www.nasa.gov/nasa-at-home-e-books/	https://www.nasa.gov/wp-content/uploads/2015/01/601333main_NASAsContributionsToAeronauticsVolume2-ebook.pdf
pdf	NASA at Home &#8211; E-books	https://www.nasa.gov/nasa-at-home-e-books/	https://www.nasa.gov/wp-content/uploads/2015/04/quartercenturydiscoverywithhubble.pdf
pdf	NASA at Home &#8211; E-books	https://www.nasa.gov/nasa-at-home-e-books/	https://www.nasa.gov/wp-content/uploads/2016/01/historical-studies-societal-impact-spaceflight-ebook_tagged.pdf
pdf	NASA at Home &#8211; E-books	https://www.nasa.gov/nasa-at-home-e-books/	https://www.nasa.gov/wp-content/uploads/2017/09/the_saturn_system.pdf
pdf	NASA at Home &#8211; E-books	https://www.nasa.gov/nasa-at-home-e-books/	https://www.nasa.gov/wp-content/uploads/2018/09/beyond-earth-tagged.pdf
pdf	NASA at Home &#8211; E-books	https://www.nasa.gov/nasa-at-home-e-books/	https://www.nasa.gov/wp-content/uploads/2019/08/hubblefocusgalaxies.pdf
pdf	NASA&#8217;s Contributions to Aeronautics, Volume 2	https://www.nasa.gov/aeronautics/nasas-contributions-to-aeronautics-volume-2/	https://www.nasa.gov/wp-content/uploads/2015/01/601333main_NASAsContributionsToAeronauticsVolume2-ebook.pdf
pdf	NASA&#8217;s Discovery Program	https://www.nasa.gov/history/nasas-discovery-program-book/	https://www.nasa.gov/wp-content/uploads/2024/01/discovery-program-ebook.pdf
pdf	NASA&#8217;s First 50 Years: Historical Perspectives	https://www.nasa.gov/history/history-publications-and-resources/nasa-history-series/nasa-50th-anniversary-proceedings-nasas-first-50-years-historical-perspectives/	https://www.nasa.gov/wp-content/uploads/2023/02/607087main_NASAsFirst50YearsHistoricalPerspectives-ebook.pdf
pdf	NASA&#8217;s First A: Aeronautics from 1958–2008	https://www.nasa.gov/history/history-publications-and-resources/nasa-history-series/nasas-first-a-aeronautics-from-1958-2008/	https://www.nasa.gov/wp-content/uploads/2015/04/NASAsFirstA-508-ebook.pdf
pdf	NASA’s New Hubble E-Book Takes Readers on a Journey to Curious Worlds	https://www.nasa.gov/ebooks/nasas-new-hubble-e-book-takes-readers-on-a-journey-to-curious-worlds/	https://www.nasa.gov/wp-content/uploads/2022/06/hubble_focus_exoplanets_june2022.pdf
pdf	National Aeronautics and Space Act	https://www.nasa.gov/organizations/national-aeronautics-and-space-act/	https://www.nasa.gov/wp-content/uploads/2015/06/public_law_111-314-title_51_national_and_commercial_space_programs_dec._18_2010.pdf
pdf	Not Yet Imagined: A Study of Hubble Space Telescope Operations	https://www.nasa.gov/history/history-publications-and-resources/nasa-history-series/not-yet-imagined-a-study-of-hubble-space-telescope-operations/	https://www.nasa.gov/wp-content/uploads/2020/12/not_yet_imagined_tagged.pdf
pdf	Origins of 21st-Century Space Travel	https://www.nasa.gov/history/history-publications-and-resources/nasa-history-series/origins-of-21st-century-space-travel/	https://www.nasa.gov/wp-content/uploads/2019/05/origins_of_21st_century-tagged.pdf
pdf	Orion Program Oral Histories	https://www.nasa.gov/history/history-publications-and-resources/oral-histories/orion-program/	https://www.nasa.gov/wp-content/uploads/2024/11/geyerm-1-26-98-1.pdf
pdf	Orion Program Oral Histories	https://www.nasa.gov/history/history-publications-and-resources/oral-histories/orion-program/	https://www.nasa.gov/wp-content/uploads/2024/11/geyerm-6-20-19.pdf
pdf	Orion Program Oral Histories	https://www.nasa.gov/history/history-publications-and-resources/oral-histories/orion-program/	https://www.nasa.gov/wp-content/uploads/2024/11/geyerms-5-26-21.pdf
pdf	Orion Program Oral Histories	https://www.nasa.gov/history/history-publications-and-resources/oral-histories/orion-program/	https://www.nasa.gov/wp-content/uploads/2024/11/geyerms-6-19-18.pdf
pdf	Orion Program Oral Histories	https://www.nasa.gov/history/history-publications-and-resources/oral-histories/orion-program/	https://www.nasa.gov/wp-content/uploads/2025/05/kramer-whiteja-4-26-11.pdf
pdf	Orion Program Oral Histories	https://www.nasa.gov/history/history-publications-and-resources/oral-histories/orion-program/	https://www.nasa.gov/wp-content/uploads/2025/06/brayjp-7-13-16.pdf
pdf	Orion Program Oral Histories	https://www.nasa.gov/history/history-publications-and-resources/oral-histories/orion-program/	https://www.nasa.gov/wp-content/uploads/2025/06/dingellcw-8-3-16.pdf
pdf	Orion Program Oral Histories	https://www.nasa.gov/history/history-publications-and-resources/oral-histories/orion-program/	https://www.nasa.gov/wp-content/uploads/2025/06/dumbacherd-6-21-16.pdf
pdf	Orion Program Oral Histories	https://www.nasa.gov/history/history-publications-and-resources/oral-histories/orion-program/	https://www.nasa.gov/wp-content/uploads/2025/06/dumbacherd-6-23-16.pdf
pdf	Orion Program Oral Histories	https://www.nasa.gov/history/history-publications-and-resources/oral-histories/orion-program/	https://www.nasa.gov/wp-content/uploads/2025/06/freejm-6-21-16.pdf
pdf	Orion Program Oral Histories	https://www.nasa.gov/history/history-publications-and-resources/oral-histories/orion-program/	https://www.nasa.gov/wp-content/uploads/2025/06/freejm-7-6-16.pdf
pdf	Orion Program Oral Histories	https://www.nasa.gov/history/history-publications-and-resources/oral-histories/orion-program/	https://www.nasa.gov/wp-content/uploads/2025/06/geyerms-6-24-16.pdf
pdf	Orion Program Oral Histories	https://www.nasa.gov/history/history-publications-and-resources/oral-histories/orion-program/	https://www.nasa.gov/wp-content/uploads/2025/06/geyerms-8-9-16.pdf
pdf	Orion Program Oral Histories	https://www.nasa.gov/history/history-publications-and-resources/oral-histories/orion-program/	https://www.nasa.gov/wp-content/uploads/2025/06/kirasichma-7-19-16.pdf
pdf	Orion Program Oral Histories	https://www.nasa.gov/history/history-publications-and-resources/oral-histories/orion-program/	https://www.nasa.gov/wp-content/uploads/2025/06/kirasichma-8-8-16.pdf
pdf	Orion Program Oral Histories	https://www.nasa.gov/history/history-publications-and-resources/oral-histories/orion-program/	https://www.nasa.gov/wp-content/uploads/2025/06/kramer-whiteja-8-9-16.pdf
pdf	Orion Program Oral Histories	https://www.nasa.gov/history/history-publications-and-resources/oral-histories/orion-program/	https://www.nasa.gov/wp-content/uploads/2025/06/lundquistcm-7-28-16.pdf
pdf	Orion Program Oral Histories	https://www.nasa.gov/history/history-publications-and-resources/oral-histories/orion-program/	https://www.nasa.gov/wp-content/uploads/2025/06/lundquistcm-7-29-15.pdf
pdf	Orion Program Oral Histories	https://www.nasa.gov/history/history-publications-and-resources/oral-histories/orion-program/	https://www.nasa.gov/wp-content/uploads/2025/06/marshallpf-7-19-16.pdf
pdf	Orion Program Oral Histories	https://www.nasa.gov/history/history-publications-and-resources/oral-histories/orion-program/	https://www.nasa.gov/wp-content/uploads/2025/06/marshallpf-8-8-16.pdf
pdf	Orion Program Oral Histories	https://www.nasa.gov/history/history-publications-and-resources/oral-histories/orion-program/	https://www.nasa.gov/wp-content/uploads/2025/06/reedde-7-18-16.pdf
pdf	Orion Program Oral Histories	https://www.nasa.gov/history/history-publications-and-resources/oral-histories/orion-program/	https://www.nasa.gov/wp-content/uploads/2025/06/rivershk-8-2-16.pdf
pdf	Orion Program Oral Histories	https://www.nasa.gov/history/history-publications-and-resources/oral-histories/orion-program/	https://www.nasa.gov/wp-content/uploads/2025/06/walheimrj-6-20-16.pdf
pdf	Orion Program Oral Histories	https://www.nasa.gov/history/history-publications-and-resources/oral-histories/orion-program/	https://www.nasa.gov/wp-content/uploads/2025/06/webbercl-7-13-16.pdf
pdf	Orion Program Oral Histories	https://www.nasa.gov/history/history-publications-and-resources/oral-histories/orion-program/	https://www.nasa.gov/wp-content/uploads/2025/06/wilsonsb-6-22-16.pdf
pdf	Orion Program Oral Histories	https://www.nasa.gov/history/history-publications-and-resources/oral-histories/orion-program/	https://www.nasa.gov/wp-content/uploads/2025/06/wilsonsb-7-8-16.pdf
pdf	Orion Program Oral Histories	https://www.nasa.gov/history/history-publications-and-resources/oral-histories/orion-program/	https://www.nasa.gov/wp-content/uploads/2026/01/geyerm-12-3-20.pdf
pdf	Partnering with NASA STEM Engagement	https://www.nasa.gov/learning-resources/partnering-with-nasa-stem-engagement/	https://assets.ctfassets.net/jv40w9pms0ga/1JQnNvcn2Tz6hrSJq8ctq2/6be1f15899972846fce1808c2db4bfaf/workbook.pdf
pdf	Partnering with NASA STEM Engagement	https://www.nasa.gov/learning-resources/partnering-with-nasa-stem-engagement/	https://www.nasa.gov/wp-content/uploads/2024/08/office-of-stem-engagement-active-saa-508.pdf
pdf	Probing the Sky: Selected NACA Research Airplanes and Their Contributions to Flight	https://www.nasa.gov/aeronautics/probing-the-sky/	https://www.nasa.gov/wp-content/uploads/2015/04/probing_the_sky.pdf
pdf	Progress in 2020 Advances Aviation’s Future	https://www.nasa.gov/centers-and-facilities/armstrong/progress-in-2020-advances-aviations-future/	https://www.nasa.gov/wp-content/uploads/2021/05/fs-075-afrc-07-19.pdf
pdf	Promise Denied: NASA&#8217;s X-34 and the Quest for Cheap, Reusable Access to Space	https://www.nasa.gov/aeronautics/promise-denied-nasas-x-34-and-the-quest-for-cheap-reusable-access-to-space/	https://www.nasa.gov/wp-content/uploads/2020/06/promise-denied_tagged.pdf
pdf	Psychology of Space Exploration	https://www.nasa.gov/history/history-publications-and-resources/nasa-history-series/psychology-of-space-exploration/	https://www.nasa.gov/wp-content/uploads/2015/04/607107main_PsychologySpaceExploration-ebook.pdf
pdf	Pursuit of Power	https://www.nasa.gov/history/history-publications-and-resources/nasa-history-series/pursuit-of-power/	https://www.nasa.gov/wp-content/uploads/2015/04/696956main_PursuitPower-ebook.pdf
pdf	Quieting the Boom: The Shaped Sonic Boom Demonstrator and the Quest for Quiet Supersonic Flight	https://www.nasa.gov/aeronautics/quieting-the-boom-the-shaped-sonic-boom-demonstrator-and-the-quest-for-quiet-supersonic-flight/	https://www.nasa.gov/wp-content/uploads/2020/03/QuietingtheBoom-ebook.pdf
pdf	Researcher’s Guide to: GeneLab	https://www.nasa.gov/science-research/for-researchers/researchers-guide-to-genelab/	https://www.nasa.gov/wp-content/uploads/2018/05/np-2017-06-020-jsc_a_researchers_guide_to_genelab-tagged_0.pdf
pdf	Researcher’s Guide to: Physical Sciences Informatics System	https://www.nasa.gov/science-research/for-researchers/researchers-guide-to-physical-sciences-informatics-system/	https://www.nasa.gov/wp-content/uploads/2020/05/psi_researchers_guide-tagged.pdf
pdf	Rockets and People	https://www.nasa.gov/history/history-publications-and-resources/nasa-history-series/rockets-and-people/	https://www.nasa.gov/pdf/635675main_RocketsPeopleVolume1-ebook.pdf
pdf	Rockets and People	https://www.nasa.gov/history/history-publications-and-resources/nasa-history-series/rockets-and-people/	https://www.nasa.gov/wp-content/uploads/2015/04/636007main_RocketsPeopleVolume3-ebook.pdf
pdf	Rockets and People	https://www.nasa.gov/history/history-publications-and-resources/nasa-history-series/rockets-and-people/	https://www.nasa.gov/wp-content/uploads/2023/04/sp-4110-vol2.pdf
pdf	Rockets and People	https://www.nasa.gov/history/history-publications-and-resources/nasa-history-series/rockets-and-people/	https://www.nasa.gov/wp-content/uploads/2023/04/sp-4110-vol4.pdf
pdf	SOFIA: A NASA History Office Report	https://www.nasa.gov/history/sofia/	https://www.nasa.gov/wp-content/uploads/2025/08/sp-4901-sofia.pdf
pdf	STEM Impacts	https://www.nasa.gov/learning-resources/stem-engagement/stem-impacts/	https://www.nasa.gov/wp-content/uploads/2023/07/learning-agenda.pdf
pdf	STEM Impacts	https://www.nasa.gov/learning-resources/stem-engagement/stem-impacts/	https://www.nasa.gov/wp-content/uploads/2023/07/pande-strategy.pdf
pdf	STEM Impacts	https://www.nasa.gov/learning-resources/stem-engagement/stem-impacts/	https://www.nasa.gov/wp-content/uploads/2026/02/ostem-state-investments-by-state-2025.pdf
pdf	STEM Impacts	https://www.nasa.gov/learning-resources/stem-engagement/stem-impacts/	https://www.nasa.gov/wp-content/uploads/2026/03/nasa-stem-impacts-report-fy-2025.pdf
pdf	STEM Learning Resources to Prepare for Upcoming Eclipses	https://www.nasa.gov/learning-resources/prepare-for-upcoming-eclipses/	https://sunearthday.nasa.gov/2005/materials/OurVeryOwnStarEng.pdf
pdf	STEM Learning Resources to Prepare for Upcoming Eclipses	https://www.nasa.gov/learning-resources/prepare-for-upcoming-eclipses/	https://www.nasa.gov/wp-content/uploads/2009/07/58229main_living.with_.a.star_.pdf
pdf	STS Recordation Oral Histories	https://www.nasa.gov/history/history-publications-and-resources/oral-histories/sts-recordation/	https://www.nasa.gov/wp-content/uploads/2025/05/barauskassm-8-24-10.pdf
pdf	STS Recordation Oral Histories	https://www.nasa.gov/history/history-publications-and-resources/oral-histories/sts-recordation/	https://www.nasa.gov/wp-content/uploads/2025/05/bartoloneap-7-5-11.pdf
pdf	STS Recordation Oral Histories	https://www.nasa.gov/history/history-publications-and-resources/oral-histories/sts-recordation/	https://www.nasa.gov/wp-content/uploads/2025/05/blackburnga-8-24-10.pdf
pdf	STS Recordation Oral Histories	https://www.nasa.gov/history/history-publications-and-resources/oral-histories/sts-recordation/	https://www.nasa.gov/wp-content/uploads/2025/05/carletonja-7-13-11.pdf
pdf	STS Recordation Oral Histories	https://www.nasa.gov/history/history-publications-and-resources/oral-histories/sts-recordation/	https://www.nasa.gov/wp-content/uploads/2025/05/chaputjp-7-13-11-1.pdf
pdf	STS Recordation Oral Histories	https://www.nasa.gov/history/history-publications-and-resources/oral-histories/sts-recordation/	https://www.nasa.gov/wp-content/uploads/2025/05/emdewd-8-27-10.pdf
pdf	STS Recordation Oral Histories	https://www.nasa.gov/history/history-publications-and-resources/oral-histories/sts-recordation/	https://www.nasa.gov/wp-content/uploads/2025/05/emerodh-8-26-10.pdf
pdf	STS Recordation Oral Histories	https://www.nasa.gov/history/history-publications-and-resources/oral-histories/sts-recordation/	https://www.nasa.gov/wp-content/uploads/2025/05/ferrisfa-8-24-10.pdf
pdf	STS Recordation Oral Histories	https://www.nasa.gov/history/history-publications-and-resources/oral-histories/sts-recordation/	https://www.nasa.gov/wp-content/uploads/2025/05/goetzok-7-20-10.pdf
pdf	STS Recordation Oral Histories	https://www.nasa.gov/history/history-publications-and-resources/oral-histories/sts-recordation/	https://www.nasa.gov/wp-content/uploads/2025/05/hopson-ll-6-07.pdf
pdf	STS Recordation Oral Histories	https://www.nasa.gov/history/history-publications-and-resources/oral-histories/sts-recordation/	https://www.nasa.gov/wp-content/uploads/2025/05/hopsongd-7-20-10.pdf
pdf	STS Recordation Oral Histories	https://www.nasa.gov/history/history-publications-and-resources/oral-histories/sts-recordation/	https://www.nasa.gov/wp-content/uploads/2025/05/kahlrh-8-25-10.pdf
pdf	STS Recordation Oral Histories	https://www.nasa.gov/history/history-publications-and-resources/oral-histories/sts-recordation/	https://www.nasa.gov/wp-content/uploads/2025/05/kramer-whiteja-4-26-11.pdf
pdf	STS Recordation Oral Histories	https://www.nasa.gov/history/history-publications-and-resources/oral-histories/sts-recordation/	https://www.nasa.gov/wp-content/uploads/2025/05/lindstromre-7-19-10.pdf
pdf	STS Recordation Oral Histories	https://www.nasa.gov/history/history-publications-and-resources/oral-histories/sts-recordation/	https://www.nasa.gov/wp-content/uploads/2025/05/lucaswr-7-21-10.pdf
pdf	STS Recordation Oral Histories	https://www.nasa.gov/history/history-publications-and-resources/oral-histories/sts-recordation/	https://www.nasa.gov/wp-content/uploads/2025/05/mccoolaa-5-11-11.pdf
pdf	STS Recordation Oral Histories	https://www.nasa.gov/history/history-publications-and-resources/oral-histories/sts-recordation/	https://www.nasa.gov/wp-content/uploads/2025/05/mccormackdl-3-24-11.pdf
pdf	STS Recordation Oral Histories	https://www.nasa.gov/history/history-publications-and-resources/oral-histories/sts-recordation/	https://www.nasa.gov/wp-content/uploads/2025/05/mitchellre-6-30-10.pdf
pdf	STS Recordation Oral Histories	https://www.nasa.gov/history/history-publications-and-resources/oral-histories/sts-recordation/	https://www.nasa.gov/wp-content/uploads/2025/05/mosertl-4-9-10.pdf
pdf	STS Recordation Oral Histories	https://www.nasa.gov/history/history-publications-and-resources/oral-histories/sts-recordation/	https://www.nasa.gov/wp-content/uploads/2025/05/mosertl-5-27-10.pdf
pdf	STS Recordation Oral Histories	https://www.nasa.gov/history/history-publications-and-resources/oral-histories/sts-recordation/	https://www.nasa.gov/wp-content/uploads/2025/05/odomjb-7-20-10.pdf
pdf	STS Recordation Oral Histories	https://www.nasa.gov/history/history-publications-and-resources/oral-histories/sts-recordation/	https://www.nasa.gov/wp-content/uploads/2025/05/pessinma-6-30-10.pdf
pdf	STS Recordation Oral Histories	https://www.nasa.gov/history/history-publications-and-resources/oral-histories/sts-recordation/	https://www.nasa.gov/wp-content/uploads/2025/05/ransonees-7-13-11.pdf
pdf	STS Recordation Oral Histories	https://www.nasa.gov/history/history-publications-and-resources/oral-histories/sts-recordation/	https://www.nasa.gov/wp-content/uploads/2025/05/robertswj-4-15-12.pdf
pdf	STS Recordation Oral Histories	https://www.nasa.gov/history/history-publications-and-resources/oral-histories/sts-recordation/	https://www.nasa.gov/wp-content/uploads/2025/05/robertswj-8-25-10.pdf
pdf	STS Recordation Oral Histories	https://www.nasa.gov/history/history-publications-and-resources/oral-histories/sts-recordation/	https://www.nasa.gov/wp-content/uploads/2025/05/robertswj-8-26-10.pdf
pdf	STS Recordation Oral Histories	https://www.nasa.gov/history/history-publications-and-resources/oral-histories/sts-recordation/	https://www.nasa.gov/wp-content/uploads/2025/05/schwinghamerrj-7-20-10.pdf
pdf	STS Recordation Oral Histories	https://www.nasa.gov/history/history-publications-and-resources/oral-histories/sts-recordation/	https://www.nasa.gov/wp-content/uploads/2025/05/sheehangd-7-12-11.pdf
pdf	STS Recordation Oral Histories	https://www.nasa.gov/history/history-publications-and-resources/oral-histories/sts-recordation/	https://www.nasa.gov/wp-content/uploads/2025/05/singerja-7-21-10.pdf
pdf	STS Recordation Oral Histories	https://www.nasa.gov/history/history-publications-and-resources/oral-histories/sts-recordation/	https://www.nasa.gov/wp-content/uploads/2025/05/smithgw-5-12-11.pdf
pdf	STS Recordation Oral Histories	https://www.nasa.gov/history/history-publications-and-resources/oral-histories/sts-recordation/	https://www.nasa.gov/wp-content/uploads/2025/05/stilsonss-4-13-12.pdf
pdf	STS Recordation Oral Histories	https://www.nasa.gov/history/history-publications-and-resources/oral-histories/sts-recordation/	https://www.nasa.gov/wp-content/uploads/2025/05/stilsonss-7-14-11.pdf
pdf	STS Recordation Oral Histories	https://www.nasa.gov/history/history-publications-and-resources/oral-histories/sts-recordation/	https://www.nasa.gov/wp-content/uploads/2025/05/taylorht-8-26-11.pdf
pdf	STS Recordation Oral Histories	https://www.nasa.gov/history/history-publications-and-resources/oral-histories/sts-recordation/	https://www.nasa.gov/wp-content/uploads/2025/05/thomasjw-6-29-10.pdf
pdf	STS Recordation Oral Histories	https://www.nasa.gov/history/history-publications-and-resources/oral-histories/sts-recordation/	https://www.nasa.gov/wp-content/uploads/2025/05/thompsonjr-5-13-11.pdf
pdf	STS Recordation Oral Histories	https://www.nasa.gov/history/history-publications-and-resources/oral-histories/sts-recordation/	https://www.nasa.gov/wp-content/uploads/2025/05/tribej-7-13-11.pdf
pdf	STS Recordation Oral Histories	https://www.nasa.gov/history/history-publications-and-resources/oral-histories/sts-recordation/	https://www.nasa.gov/wp-content/uploads/2025/05/whitetr-7-12-11.pdf
pdf	Safety, History, Contingency, &amp; Mishaps	https://www.nasa.gov/reference/safety-history-contingency-mishaps/	https://www.nasa.gov/wp-content/uploads/2023/12/ochmo-tb-007-mission-duration.pdf
pdf	Safety, History, Contingency, &amp; Mishaps	https://www.nasa.gov/reference/safety-history-contingency-mishaps/	https://www.nasa.gov/wp-content/uploads/2023/12/ochmo-tb-008-fire-protection.pdf
pdf	Safety, History, Contingency, &amp; Mishaps	https://www.nasa.gov/reference/safety-history-contingency-mishaps/	https://www.nasa.gov/wp-content/uploads/2023/12/ochmo-tb-011-lunar-dust-technical-brief.pdf
pdf	Safety, History, Contingency, &amp; Mishaps	https://www.nasa.gov/reference/safety-history-contingency-mishaps/	https://www.nasa.gov/wp-content/uploads/2023/12/ochmo-tb-012-mortality-related-to-human-spaceflight-.pdf
pdf	Safety, History, Contingency, &amp; Mishaps	https://www.nasa.gov/reference/safety-history-contingency-mishaps/	https://www.nasa.gov/wp-content/uploads/2023/12/ochmo-tb-014-behavioral-health-mishaps.pdf
pdf	Safety, History, Contingency, &amp; Mishaps	https://www.nasa.gov/reference/safety-history-contingency-mishaps/	https://www.nasa.gov/wp-content/uploads/2023/12/ochmo-tb-022-apollo-lunar-lander.pdf
pdf	Safety, History, Contingency, &amp; Mishaps	https://www.nasa.gov/reference/safety-history-contingency-mishaps/	https://www.nasa.gov/wp-content/uploads/2023/12/ochmo-tb-026-lighting-design.pdf
pdf	Safety, History, Contingency, &amp; Mishaps	https://www.nasa.gov/reference/safety-history-contingency-mishaps/	https://www.nasa.gov/wp-content/uploads/2023/12/ochmo-tb-037-decompression-sickness.pdf
pdf	Safety, History, Contingency, &amp; Mishaps	https://www.nasa.gov/reference/safety-history-contingency-mishaps/	https://www.nasa.gov/wp-content/uploads/2023/12/ochmo-tb-039-entry-landing-mishaps.pdf
pdf	Safety, History, Contingency, &amp; Mishaps	https://www.nasa.gov/reference/safety-history-contingency-mishaps/	https://www.nasa.gov/wp-content/uploads/2023/12/ochmo-tb-040-eva-mishaps.pdf
pdf	Safety, History, Contingency, &amp; Mishaps	https://www.nasa.gov/reference/safety-history-contingency-mishaps/	https://www.nasa.gov/wp-content/uploads/2024/07/ochmo-tb-047-crew-survivability.pdf
pdf	Saturn Oral Histories	https://www.nasa.gov/history/history-publications-and-resources/oral-histories/saturn/	https://www.nasa.gov/wp-content/uploads/2019/06/amccool.pdf
pdf	Saturn Oral Histories	https://www.nasa.gov/history/history-publications-and-resources/oral-histories/saturn/	https://www.nasa.gov/wp-content/uploads/2019/06/bmoore.pdf
pdf	Saturn Oral Histories	https://www.nasa.gov/history/history-publications-and-resources/oral-histories/saturn/	https://www.nasa.gov/wp-content/uploads/2019/06/dchristensen.pdf
pdf	Saturn Oral Histories	https://www.nasa.gov/history/history-publications-and-resources/oral-histories/saturn/	https://www.nasa.gov/wp-content/uploads/2019/06/eengler.pdf
pdf	Saturn Oral Histories	https://www.nasa.gov/history/history-publications-and-resources/oral-histories/saturn/	https://www.nasa.gov/wp-content/uploads/2019/06/gsweet.pdf
pdf	Saturn Oral Histories	https://www.nasa.gov/history/history-publications-and-resources/oral-histories/saturn/	https://www.nasa.gov/wp-content/uploads/2019/06/gvpragenau.pdf
pdf	Saturn Oral Histories	https://www.nasa.gov/history/history-publications-and-resources/oral-histories/saturn/	https://www.nasa.gov/wp-content/uploads/2019/06/hcraft.pdf
pdf	Saturn Oral Histories	https://www.nasa.gov/history/history-publications-and-resources/oral-histories/saturn/	https://www.nasa.gov/wp-content/uploads/2019/06/jlee_sj.pdf
pdf	Saturn Oral Histories	https://www.nasa.gov/history/history-publications-and-resources/oral-histories/saturn/	https://www.nasa.gov/wp-content/uploads/2019/06/jstokes.pdf
pdf	Saturn Oral Histories	https://www.nasa.gov/history/history-publications-and-resources/oral-histories/saturn/	https://www.nasa.gov/wp-content/uploads/2019/06/kmitchell.pdf
pdf	Saturn Oral Histories	https://www.nasa.gov/history/history-publications-and-resources/oral-histories/saturn/	https://www.nasa.gov/wp-content/uploads/2019/06/ltalley.pdf
pdf	Saturn Oral Histories	https://www.nasa.gov/history/history-publications-and-resources/oral-histories/saturn/	https://www.nasa.gov/wp-content/uploads/2019/06/lworlund.pdf
pdf	Saturn Oral Histories	https://www.nasa.gov/history/history-publications-and-resources/oral-histories/saturn/	https://www.nasa.gov/wp-content/uploads/2019/06/pcounts.pdf
pdf	Saturn Oral Histories	https://www.nasa.gov/history/history-publications-and-resources/oral-histories/saturn/	https://www.nasa.gov/wp-content/uploads/2019/06/rcreel.pdf
pdf	Saturn Oral Histories	https://www.nasa.gov/history/history-publications-and-resources/oral-histories/saturn/	https://www.nasa.gov/wp-content/uploads/2019/06/rdailey.pdf
pdf	Saturn Oral Histories	https://www.nasa.gov/history/history-publications-and-resources/oral-histories/saturn/	https://www.nasa.gov/wp-content/uploads/2019/06/rmitchell.pdf
pdf	Saturn Oral Histories	https://www.nasa.gov/history/history-publications-and-resources/oral-histories/saturn/	https://www.nasa.gov/wp-content/uploads/2019/06/rtepool.pdf
pdf	Saturn Oral Histories	https://www.nasa.gov/history/history-publications-and-resources/oral-histories/saturn/	https://www.nasa.gov/wp-content/uploads/2019/06/smorea.pdf
pdf	Saturn Oral Histories	https://www.nasa.gov/history/history-publications-and-resources/oral-histories/saturn/	https://www.nasa.gov/wp-content/uploads/2019/06/svaughan.pdf
pdf	Science Advice to NASA: Conflict, Consensus, Partnership, Leadership	https://www.nasa.gov/history/history-publications-and-resources/nasa-history-series/science-advice-to-nasa-conflict-consensus-partnership-leadership/	https://www.nasa.gov/wp-content/uploads/2017/08/275710-science_advice_book_tagged.pdf
pdf	Space Biology History	https://www.nasa.gov/general/space-biology-history/	https://www.nasa.gov/wp-content/uploads/2015/03/life_into_space_2.pdf
pdf	Space Biology History	https://www.nasa.gov/general/space-biology-history/	https://www.nasa.gov/wp-content/uploads/2015/03/life_into_space_vol1.pdf
pdf	Space Commercialization	https://www.nasa.gov/headquarters/library/find/bibliographies/space-commercialization/	https://reason.org/wp-content/uploads/economics-of-space.pdf
pdf	Space Commercialization	https://www.nasa.gov/headquarters/library/find/bibliographies/space-commercialization/	https://www.faa.gov/about/office_org/headquarters_offices/ast/advisory_committee/meeting_news/media/Commercial_Human_Space_Operations_Training_Standards.pdf
pdf	Space Commercialization	https://www.nasa.gov/headquarters/library/find/bibliographies/space-commercialization/	https://www.faa.gov/about/office_org/headquarters_offices/ast/media/111460.pdf
pdf	Space Commercialization	https://www.nasa.gov/headquarters/library/find/bibliographies/space-commercialization/	https://www.faa.gov/about/office_org/headquarters_offices/ast/media/2018_AST_Compendium.pdf
pdf	Space Commercialization	https://www.nasa.gov/headquarters/library/find/bibliographies/space-commercialization/	https://www.faa.gov/about/office_org/headquarters_offices/ast/media/recommended_practices_for_hsf_occupant_safety-version_1-tc14-0037.pdf
pdf	Space Commercialization	https://www.nasa.gov/headquarters/library/find/bibliographies/space-commercialization/	https://www.faa.gov/about/office_org/headquarters_offices/ast/media/suborbital_reusable_vehicles_report_full.pdf
pdf	Space Commercialization	https://www.nasa.gov/headquarters/library/find/bibliographies/space-commercialization/	https://www.nasa.gov/wp-content/uploads/2023/09/commercial-human-space-operations-training-standards.pdf
pdf	Space Commercialization	https://www.nasa.gov/headquarters/library/find/bibliographies/space-commercialization/	https://www.nasa.gov/wp-content/uploads/2023/09/economic-development-of-low-earth-orbit-tagged-v2.pdf
pdf	Space Commercialization	https://www.nasa.gov/headquarters/library/find/bibliographies/space-commercialization/	https://www.nasa.gov/wp-content/uploads/2023/09/iss-cooperative-agreement-irt-final-report.pdf
pdf	Space Commercialization	https://www.nasa.gov/headquarters/library/find/bibliographies/space-commercialization/	https://www.nasa.gov/wp-content/uploads/2023/09/sp-2014-617-1.pdf
pdf	Space Commercialization	https://www.nasa.gov/headquarters/library/find/bibliographies/space-commercialization/	https://www3.nasa.gov/sites/default/files/atoms/files/economic-development-of-low-earth-orbit_tagged_v2.pdf
pdf	Space Commercialization	https://www.nasa.gov/headquarters/library/find/bibliographies/space-commercialization/	https://www3.nasa.gov/sites/default/files/atoms/files/iss_cooperative_agreement_irt_final_report.pdf
pdf	Space Commercialization	https://www.nasa.gov/headquarters/library/find/bibliographies/space-commercialization/	https://www3.nasa.gov/sites/default/files/files/NASA_Partnership_Report_LR_20140429.pdf
pdf	Space Commercialization	https://www.nasa.gov/headquarters/library/find/bibliographies/space-commercialization/	https://www3.nasa.gov/sites/default/files/files/SupportingCommercialSpaceDevelopmentPart1.pdf
pdf	Space Commercialization	https://www.nasa.gov/headquarters/library/find/bibliographies/space-commercialization/	https://www3.nasa.gov/sites/default/files/files/SupportingCommercialSpaceDevelopmentPart2.pdf
pdf	Space Shuttle History Resources	https://www.nasa.gov/history/space-shuttle-history-resources/	https://ntrs.nasa.gov/api/citations/19760024180/downloads/19760024180.pdf
pdf	Space Shuttle History Resources	https://www.nasa.gov/history/space-shuttle-history-resources/	https://ntrs.nasa.gov/api/citations/19800021866/downloads/19800021866.pdf
pdf	Space Shuttle History Resources	https://www.nasa.gov/history/space-shuttle-history-resources/	https://ntrs.nasa.gov/api/citations/20110001406/downloads/20110001406.pdf
pdf	Space Shuttle History Resources	https://www.nasa.gov/history/space-shuttle-history-resources/	https://ntrs.nasa.gov/api/citations/20110011792/downloads/20110011792.pdf
pdf	Space Shuttle History Resources	https://www.nasa.gov/history/space-shuttle-history-resources/	https://www.nasa.gov/wp-content/uploads/2023/04/sp-4221.pdf
pdf	Space Shuttle History Resources	https://www.nasa.gov/history/space-shuttle-history-resources/	https://www.nasa.gov/wp-content/uploads/2023/04/sp-4407-etuv4.pdf
pdf	Space Shuttle History Resources	https://www.nasa.gov/history/space-shuttle-history-resources/	https://www.nasa.gov/wp-content/uploads/2023/04/sp-4501-shuttle-bibliography-1.pdf
pdf	Space Shuttle History Resources	https://www.nasa.gov/history/space-shuttle-history-resources/	https://www.nasa.gov/wp-content/uploads/2024/05/shuttle-payloads-and-experiments.pdf
pdf	Space Shuttle History Resources	https://www.nasa.gov/history/space-shuttle-history-resources/	https://www.nasa.gov/wp-content/uploads/2024/12/completeset.pdf
pdf	Sweeping Forward: Developing &amp; Flight Testing the Grumman X-29A Forward Swept Wing Research Aircraft	https://www.nasa.gov/aeronautics/sweeping-forward/	https://www.nasa.gov/wp-content/uploads/2015/04/Sweeping_Forward.pdf
pdf	The Apollo of Aeronautics: NASA&#8217;s Aircraft Energy Efficiency Program, 1973-1987	https://www.nasa.gov/aeronautics/the-apollo-of-aeronautics/	https://www.nasa.gov/wp-content/uploads/2015/04/601247main_ApolloAeronautics-ebook.pdf
pdf	The International Space Station: Operating an Outpost in the New Frontier	https://www.nasa.gov/ebooks/the-international-space-station-operating-an-outpost-in-the-new-frontier/	https://www.nasa.gov/wp-content/uploads/2018/04/iss-operating_an_outpost-tagged.pdf
pdf	The National Advisory Committee for Aeronautics	https://www.nasa.gov/reference/the-national-advisory-committee-for-aeronautics/	https://www.nasa.gov/wp-content/uploads/2023/06/newsnotes-40-2.pdf
pdf	The National Advisory Committee for Aeronautics: An Annotated Bibliography	https://www.nasa.gov/history/history-publications-and-resources/nasa-history-series/the-national-advisory-committee-for-aeronautics-an-annotated-bibliography/	https://www.nasa.gov/wp-content/uploads/2015/04/NACA_Annotated_Bibliography.pdf
pdf	The Power for Flight: NASA’s Contributions to Aircraft Propulsion	https://www.nasa.gov/aeronautics/the-power-for-flight/	https://www.nasa.gov/wp-content/uploads/2017/12/power-for-flight-tagged.pdf
pdf	The Saturn System Through the Eyes of Cassini	https://www.nasa.gov/ebooks/the-saturn-system-through-the-eyes-of-cassini/	https://www.nasa.gov/wp-content/uploads/2017/09/the_saturn_system.pdf
pdf	The Wind and Beyond	https://www.nasa.gov/history/history-publications-and-resources/nasa-history-series/the-wind-and-beyond/	https://www.nasa.gov/wp-content/uploads/2022/05/the_wind_and_beyond_tagged.pdf
pdf	The Wind and Beyond	https://www.nasa.gov/history/history-publications-and-resources/nasa-history-series/the-wind-and-beyond/	https://www.nasa.gov/wp-content/uploads/2023/03/sp-4409-vol1.pdf
pdf	The Wind and Beyond	https://www.nasa.gov/history/history-publications-and-resources/nasa-history-series/the-wind-and-beyond/	https://www.nasa.gov/wp-content/uploads/2023/04/sp-4409-vol2.pdf
pdf	Thinking Obliquely: Robert T. Jones, the Oblique Wing, NASA&#8217;s AD-1 Demonstrator, and its Legacy	https://www.nasa.gov/aeronautics/thinking-obliquely/	https://www.nasa.gov/wp-content/uploads/2015/04/ThinkingObliquely-ebook.pdf
pdf	Three Sigma Leadership	https://www.nasa.gov/ebooks/three-sigma-leadership/	https://www.nasa.gov/wp-content/uploads/2023/10/three-sigma-leadership.pdf
pdf	Toward a History of the Space Shuttle: An Annotated Bibliography Part 2, 1992-2011	https://www.nasa.gov/history/history-publications-and-resources/nasa-history-series/toward-a-history-of-the-space-shuttle-an-annotated-bibliography-part-2-1992-2011/	https://www.nasa.gov/wp-content/uploads/2015/04/708066main_Shuttle_Bibliography_2-ebook.pdf
pdf	Toward a History of the Space Shuttle: An Annotated Bibliography Part 2, 1992-2011	https://www.nasa.gov/history/history-publications-and-resources/nasa-history-series/toward-a-history-of-the-space-shuttle-an-annotated-bibliography-part-2-1992-2011/	https://www.nasa.gov/wp-content/uploads/2023/02/708235main_Shuttle_Bibliography_1-ebook.pdf
pdf	Unlimited Horizons: Design and Development of the U-2	https://www.nasa.gov/aeronautics/unlimited-horizons/	https://www.nasa.gov/wp-content/uploads/2015/07/unlimited-horizons.pdf
pdf	Walking to Olympus: An EVA Chronology, 1997–2011 Volume 2	https://www.nasa.gov/history/history-publications-and-resources/nasa-history-series/walking-to-olympus/	https://www.nasa.gov/wp-content/uploads/2016/08/walking-to-olympus_tagged.pdf
pdf	Walking to Olympus: An EVA Chronology, 1997–2011 Volume 2	https://www.nasa.gov/history/history-publications-and-resources/nasa-history-series/walking-to-olympus/	https://www.nasa.gov/wp-content/uploads/2023/04/sp-4507.pdf
pdf	Wallops History	https://www.nasa.gov/wallops-history/	https://ntrs.nasa.gov/archive/nasa/casi.ntrs.nasa.gov/19790011995.pdf
pdf	Wallops History	https://www.nasa.gov/wallops-history/	https://www.nasa.gov/wp-content/uploads/2023/03/sp-4311.pdf
pdf	Wallops History	https://www.nasa.gov/wallops-history/	https://www.nasa.gov/wp-content/uploads/2023/06/a-new-dimension-wallops-island-flight-test-range-the-first-fifteen-years.pdf
pdf	We&#8217;re With You When You Fly — Aeronautics for Littles	https://www.nasa.gov/stem-content/were-with-you-when-you-fly-aeronautics-for-littles/	https://www.nasa.gov/wp-content/uploads/2024/02/nasa-lp-kite-day-2122024.pdf
pdf	We&#8217;re With You When You Fly — Aeronautics for Littles	https://www.nasa.gov/stem-content/were-with-you-when-you-fly-aeronautics-for-littles/	https://www.nasa.gov/wp-content/uploads/2025/02/aero-pre-k-additional-info.pdf
pdf	We&#8217;re With You When You Fly — Aeronautics for Littles	https://www.nasa.gov/stem-content/were-with-you-when-you-fly-aeronautics-for-littles/	https://www.nasa.gov/wp-content/uploads/2025/02/aero-pre-k-balloons.pdf
pdf	We&#8217;re With You When You Fly — Aeronautics for Littles	https://www.nasa.gov/stem-content/were-with-you-when-you-fly-aeronautics-for-littles/	https://www.nasa.gov/wp-content/uploads/2025/02/aero-pre-k-combined-lessons.pdf
pdf	We&#8217;re With You When You Fly — Aeronautics for Littles	https://www.nasa.gov/stem-content/were-with-you-when-you-fly-aeronautics-for-littles/	https://www.nasa.gov/wp-content/uploads/2025/02/aero-pre-k-gliders-in-nature.pdf
pdf	We&#8217;re With You When You Fly — Aeronautics for Littles	https://www.nasa.gov/stem-content/were-with-you-when-you-fly-aeronautics-for-littles/	https://www.nasa.gov/wp-content/uploads/2025/02/aero-pre-k-helicopters-and-airplanes.pdf
pdf	We&#8217;re With You When You Fly — Aeronautics for Littles	https://www.nasa.gov/stem-content/were-with-you-when-you-fly-aeronautics-for-littles/	https://www.nasa.gov/wp-content/uploads/2025/02/aero-pre-k-introduction.pdf
pdf	We&#8217;re With You When You Fly — Aeronautics for Littles	https://www.nasa.gov/stem-content/were-with-you-when-you-fly-aeronautics-for-littles/	https://www.nasa.gov/wp-content/uploads/2025/02/aero-pre-k-kites.pdf
pdf	We&#8217;re With You When You Fly — Aeronautics for Littles	https://www.nasa.gov/stem-content/were-with-you-when-you-fly-aeronautics-for-littles/	https://www.nasa.gov/wp-content/uploads/2025/02/aero-pre-k-parachutes.pdf
pdf	We&#8217;re With You When You Fly — Aeronautics for Littles	https://www.nasa.gov/stem-content/were-with-you-when-you-fly-aeronautics-for-littles/	https://www.nasa.gov/wp-content/uploads/2025/02/aero-pre-k-world-flyers.pdf
pdf	When Biospheres Collide	https://www.nasa.gov/history/history-publications-and-resources/nasa-history-series/when-biospheres-collide/	https://www.nasa.gov/wp-content/uploads/2015/04/607072main_WhenBiospheresCollide-ebook.pdf
pdf	Wind Tunnels of the NACA and NASA	https://www.nasa.gov/history/wind-tunnels-of-the-naca-and-nasa/	https://www.nasa.gov/wp-content/uploads/2025/06/wind-tunnels-of-the-naca-and-nasa-tagged.pdf
pdf	X-15 Research Results	https://www.nasa.gov/history/x-15-research-results/	https://www.nasa.gov/wp-content/uploads/2015/04/607076main_X15ResearchResults-ebook.pdf
pdf	X-15: Extending the Frontiers of Flight	https://www.nasa.gov/history/x-15-extending-the-frontiers-of-flight/	https://www.nasa.gov/wp-content/uploads/2015/01/601242main_X15ExtendingFrontiersFlight-ebook.pdf
pdf	‘NASA STEM Stars’: Principal Scientist in Materials Development	https://www.nasa.gov/stem-content/nasa-stem-stars-principal-scientist-in-materials-development/	https://www.nasa.gov/wp-content/uploads/2023/03/np-2020-02-2805-hq.pdf
pdf	‘NASA STEM Stars’: Thermal Coatings Engineer	https://www.nasa.gov/stem-content/nasa-stem-stars-thermal-coatings-engineer/	https://www.nasa.gov/wp-content/uploads/2023/03/np-2020-02-2805-hq.pdf
