id	year	sti_type	center	report_number	title	pdf_url	landing_page
19630009859	1963	OTHER	Legacy CDMS	NASA-TN-D-1946	FULL-SCALE WIND-TUNNEL INVESTIGATION OF A FLEXIBLE-WING MANNED TEST VEHICLE	https://ntrs.nasa.gov/api/citations/19630009859/downloads/19630009859.pdf	https://ntrs.nasa.gov/citations/19630009859
19640009985	1964	TECHNICAL_MEMORANDUM	Legacy CDMS	NASA-TM-X-56000	The x-15 flight test instrumentation	https://ntrs.nasa.gov/api/citations/19640009985/downloads/19640009985.pdf	https://ntrs.nasa.gov/citations/19640009985
19640018159	1963	SPECIAL_PUBLICATION	Legacy CDMS	NASA-SP-7007	Repro typing and layout.  preparing contractor reports for nasa	https://ntrs.nasa.gov/api/citations/19640018159/downloads/19640018159.pdf	https://ntrs.nasa.gov/citations/19640018159
19640056668	1956	OTHER	Headquarters	NACA-RM-E55L12	Summary of NACA Research on Afterburners for Turbojet Engines	https://ntrs.nasa.gov/api/citations/19640056668/downloads/19640056668.pdf	https://ntrs.nasa.gov/citations/19640056668
19650010166	1964	CONTRACTOR_REPORT	Legacy CDMS	NASA-CR-57314	Wide band phase distortion equalization technical memorandum no. 41	https://ntrs.nasa.gov/api/citations/19650010166/downloads/19650010166.pdf	https://ntrs.nasa.gov/citations/19650010166
19650018730	1965	TECHNICAL_MEMORANDUM	Legacy CDMS	NASA-TM-X-53293	Sa-10 flight mechanical summary  technical memorandum, jul. 13, 1965	https://ntrs.nasa.gov/api/citations/19650018730/downloads/19650018730.pdf	https://ntrs.nasa.gov/citations/19650018730
19650023272	1956	OTHER	Legacy CDMS	NACA-RM-L56C24	Presentation on facility problems in high- temperature structures research	https://ntrs.nasa.gov/api/citations/19650023272/downloads/19650023272.pdf	https://ntrs.nasa.gov/citations/19650023272
19650025372	1964	CONTRACTOR_REPORT	Legacy CDMS	RAI-342	Water recovery study-  electrolytic purification of urine  contractor report, jul. 7 - oct. 10, 1964	https://ntrs.nasa.gov/api/citations/19650025372/downloads/19650025372.pdf	https://ntrs.nasa.gov/citations/19650025372
19650072761	1961	TECHNICAL_MEMORANDUM	Langley Research Center	NASA-TM-X-525	A Simplified Method for Estimating Subsonic Lift-Curve Slope at Low Angles of Attack for Irregular Planform Wings	https://ntrs.nasa.gov/api/citations/19650072761/downloads/19650072761.pdf	https://ntrs.nasa.gov/citations/19650072761
19650073882	1957	OTHER	Legacy CDMS	NACA-RM-E55B01	A review of naca research through 1954 on boron compounds as fuels for jet aircraft /project zip/	https://ntrs.nasa.gov/api/citations/19650073882/downloads/19650073882.pdf	https://ntrs.nasa.gov/citations/19650073882
19650074770	1957	OTHER	Legacy CDMS	AD-135702	Reaction of fluorine with carbon as a means of fluorine disposal, research memorandum	https://ntrs.nasa.gov/api/citations/19650074770/downloads/19650074770.pdf	https://ntrs.nasa.gov/citations/19650074770
19660004062	1965	CONTRACTOR_REPORT	Legacy CDMS	NASA-CR-68663	Contributions of the University of Minnesota to the Ninth International Conference on Cosmic Rays	https://ntrs.nasa.gov/api/citations/19660004062/downloads/19660004062.pdf	https://ntrs.nasa.gov/citations/19660004062
19660005004	1964	CONTRACTOR_REPORT	Legacy CDMS	NASA-CR-68979	Discussion of telemetry performance standards Technical memorandum no. 40	https://ntrs.nasa.gov/api/citations/19660005004/downloads/19660005004.pdf	https://ntrs.nasa.gov/citations/19660005004
19660006294	1953	TECHNICAL_MEMORANDUM	Legacy CDMS	NASA-TM-X-57121	NACA Conference on Aerodynamics of High- speed Aircraft  A compilation of the papers presented	https://ntrs.nasa.gov/api/citations/19660006294/downloads/19660006294.pdf	https://ntrs.nasa.gov/citations/19660006294
19660006737	1965	CONTRACTOR_REPORT	Legacy CDMS	NASA-CR-69663	An experimental investigation of feasibility of a V/STOL test section in UWAL 8 x 12 wind tunnel by using a 1/8 scale model of the tunnel	https://ntrs.nasa.gov/api/citations/19660006737/downloads/19660006737.pdf	https://ntrs.nasa.gov/citations/19660006737
19660006868	1966	TECHNICAL_MEMORANDUM	Legacy CDMS	NASA-TM-X-53378	1965 publications by Materials Division	https://ntrs.nasa.gov/api/citations/19660006868/downloads/19660006868.pdf	https://ntrs.nasa.gov/citations/19660006868
19660011740	1966	OTHER	Legacy CDMS	NASA-TN-D-3337	Newtonian aerodynamics for tangent ogive bodies of revolution	https://ntrs.nasa.gov/api/citations/19660011740/downloads/19660011740.pdf	https://ntrs.nasa.gov/citations/19660011740
19660014828	1965	CONTRACTOR_REPORT	Legacy CDMS	NASA-CR-74217	Contractor decision making and incentive fee contracts	https://ntrs.nasa.gov/api/citations/19660014828/downloads/19660014828.pdf	https://ntrs.nasa.gov/citations/19660014828
19660020964	1966	CONTRACTOR_REPORT	Legacy CDMS	NASA-CR-62031	Improving announcement media for technical reports	https://ntrs.nasa.gov/api/citations/19660020964/downloads/19660020964.pdf	https://ntrs.nasa.gov/citations/19660020964
19660023256	1966	OTHER	Legacy CDMS	NASA-TN-D-3390	Aerodynamics of airframe-engine integration of supersonic aircraft	https://ntrs.nasa.gov/api/citations/19660023256/downloads/19660023256.pdf	https://ntrs.nasa.gov/citations/19660023256
19660025353	1966	TECHNICAL_MEMORANDUM	Legacy CDMS	NASA-TM-X-57841	Evaluation of contractor quality program plan	https://ntrs.nasa.gov/api/citations/19660025353/downloads/19660025353.pdf	https://ntrs.nasa.gov/citations/19660025353
19660026781	1966	TECHNICAL_MEMORANDUM	Legacy CDMS	NASA-TM-X-57879	Preparation of contractor quality program plan	https://ntrs.nasa.gov/api/citations/19660026781/downloads/19660026781.pdf	https://ntrs.nasa.gov/citations/19660026781
19660028007	1966	OTHER	Legacy CDMS	NASA-TN-D-3580	Wind-tunnel-flight correlation of shock-induced separated flow	https://ntrs.nasa.gov/api/citations/19660028007/downloads/19660028007.pdf	https://ntrs.nasa.gov/citations/19660028007
19660028846	1966	OTHER	Legacy CDMS	NASA-TN-D-3442	Low-subsonic wind-tunnel and free-flight drop-test investigation of a paraglider configuration having large tapered leading edges and keel	https://ntrs.nasa.gov/api/citations/19660028846/downloads/19660028846.pdf	https://ntrs.nasa.gov/citations/19660028846
19660029197	1965	TECHNICAL_MEMORANDUM	Legacy CDMS	NASA-TM-X-53501	Aerodynamics research at MSFC	https://ntrs.nasa.gov/api/citations/19660029197/downloads/19660029197.pdf	https://ntrs.nasa.gov/citations/19660029197
19670002631	1966	OTHER	Legacy CDMS	NASA-TN-D-3748	Apollo wind tunnel testing program - Historical development of general configurations	https://ntrs.nasa.gov/api/citations/19670002631/downloads/19670002631.pdf	https://ntrs.nasa.gov/citations/19670002631
19670020207	1965	OTHER	Legacy CDMS	AGARD-520	Correlation of wind-tunnel and flight-test aerodynamic data for five V/STOL aircraft	https://ntrs.nasa.gov/api/citations/19670020207/downloads/19670020207.pdf	https://ntrs.nasa.gov/citations/19670020207
19670021251	1967	OTHER	Marshall Space Flight Center		Unsteady Aerodynamics	https://ntrs.nasa.gov/api/citations/19670021251/downloads/19670021251.pdf	https://ntrs.nasa.gov/citations/19670021251
19670026047	1967	CONTRACTOR_REPORT	Glenn Research Center	PWA-2749	Experimental Evaluation of Transonic Stators Preliminary Analysis and Design Report	https://ntrs.nasa.gov/api/citations/19670026047/downloads/19670026047.pdf	https://ntrs.nasa.gov/citations/19670026047
19670031083	1967	CONTRACTOR_REPORT	Legacy CDMS	VOY-CO-FR, VOL. 5, FINAL	Data management study, volume 5  Final report	https://ntrs.nasa.gov/api/citations/19670031083/downloads/19670031083.pdf	https://ntrs.nasa.gov/citations/19670031083
19670031084	1967	CONTRACTOR_REPORT	Legacy CDMS	VOY-CO-FR, VOL. 5, APPEND. A	Data management study, volume 5. Appendix A - Contractor data package technical description and system engineering /SE/  Final report	https://ntrs.nasa.gov/api/citations/19670031084/downloads/19670031084.pdf	https://ntrs.nasa.gov/citations/19670031084
19670031085	1967	CONTRACTOR_REPORT	Legacy CDMS	NASA-CR-89707	Data management study, volume 5. Appendix C - Contractor data package manufacturing /MG/  Final report	https://ntrs.nasa.gov/api/citations/19670031085/downloads/19670031085.pdf	https://ntrs.nasa.gov/citations/19670031085
19670031086	1967	CONTRACTOR_REPORT	Legacy CDMS	VOY-CO-FR, VOL. 5, APPEND. D	Data management study, volume 5. Appendix D - Contractor data package configuration management /CM/  Final report	https://ntrs.nasa.gov/api/citations/19670031086/downloads/19670031086.pdf	https://ntrs.nasa.gov/citations/19670031086
19670031087	1967	CONTRACTOR_REPORT	Legacy CDMS	NASA-CR-89709	Data management study, volume 5. Appendix E - Contractor data package quality assurance /QA/  Final report	https://ntrs.nasa.gov/api/citations/19670031087/downloads/19670031087.pdf	https://ntrs.nasa.gov/citations/19670031087
19670031088	1967	CONTRACTOR_REPORT	Legacy CDMS	NASA-CR-89710	Data management study, volume 5. Appendix F - Contractor data package test /TE/ and mission operations /MP/  Final report	https://ntrs.nasa.gov/api/citations/19670031088/downloads/19670031088.pdf	https://ntrs.nasa.gov/citations/19670031088
19670031089	1967	CONTRACTOR_REPORT	Legacy CDMS	NASA-CR-89711	Data management study, volume 5. Appendix G - Contractor data package reliability assurance /RA/  Final report	https://ntrs.nasa.gov/api/citations/19670031089/downloads/19670031089.pdf	https://ntrs.nasa.gov/citations/19670031089
19670031090	1967	CONTRACTOR_REPORT	Legacy CDMS	VOY-CO-FR, VOL. 5, APPEND. H	Data Management Study, Volume 5. Appendix H - Contractor Data Package Logistics and Support /LS/  Final Report	https://ntrs.nasa.gov/api/citations/19670031090/downloads/19670031090.pdf	https://ntrs.nasa.gov/citations/19670031090
19670031092	1967	CONTRACTOR_REPORT	Legacy CDMS	VOY-CO-FR, VOL. 5, APPEND. J	Data management study, volume 5. Appendix J - Contractor data package procurement and contracting /PC/  Final report	https://ntrs.nasa.gov/api/citations/19670031092/downloads/19670031092.pdf	https://ntrs.nasa.gov/citations/19670031092
19670031093	1967	CONTRACTOR_REPORT	Legacy CDMS	NASA-CR-89715	Data management study, volume 5. Appendix K - Contractor data package data management /DM/  Final report	https://ntrs.nasa.gov/api/citations/19670031093/downloads/19670031093.pdf	https://ntrs.nasa.gov/citations/19670031093
19670031094	1967	CONTRACTOR_REPORT	Legacy CDMS	NASA-CR-89716	Data management study.  Appendix L - Contractor data requirements facilities /FA/ FINAL report	https://ntrs.nasa.gov/api/citations/19670031094/downloads/19670031094.pdf	https://ntrs.nasa.gov/citations/19670031094
19670031095	1967	CONTRACTOR_REPORT	Legacy CDMS	NASA-CR-89717	Data management study.  Appendix M - Contractor data requirements safety /SA/ FINAL report	https://ntrs.nasa.gov/api/citations/19670031095/downloads/19670031095.pdf	https://ntrs.nasa.gov/citations/19670031095
19670031096	1967	CONTRACTOR_REPORT	Legacy CDMS	NASA-CR-89718	Data management study.  Appendix N - Contractor data requirements site activation for launch /AL/  Final report	https://ntrs.nasa.gov/api/citations/19670031096/downloads/19670031096.pdf	https://ntrs.nasa.gov/citations/19670031096
19670031097	1967	CONTRACTOR_REPORT	Legacy CDMS	NASA-CR-89719	Data management study.  Appendix O - Contractor data requirements science integration /SI/  Final report	https://ntrs.nasa.gov/api/citations/19670031097/downloads/19670031097.pdf	https://ntrs.nasa.gov/citations/19670031097
19670031098	1967	CONTRACTOR_REPORT	Legacy CDMS	NASA-CR-89720	Data management study.  Appendix P - Contractor data requirements related project interfaces /RP/  Final report	https://ntrs.nasa.gov/api/citations/19670031098/downloads/19670031098.pdf	https://ntrs.nasa.gov/citations/19670031098
19670031203	1967	CONTRACTOR_REPORT	Legacy CDMS	VOY-DC-FR, APPEND. Q	Data management study.  Appendix Q - Contractor data requirements advanced missions /AM/  Final report	https://ntrs.nasa.gov/api/citations/19670031203/downloads/19670031203.pdf	https://ntrs.nasa.gov/citations/19670031203
19670031204	1967	CONTRACTOR_REPORT	Legacy CDMS	NASA-CR-89706	Data management study, volume 5. Appendix B - Contractor data package Planetary Quarantine /PQ/  Final report	https://ntrs.nasa.gov/api/citations/19670031204/downloads/19670031204.pdf	https://ntrs.nasa.gov/citations/19670031204
19680017916	1966	TECHNICAL_MEMORANDUM	Legacy CDMS	NASA-TM-X-57710	Thoughts on progress in rotating-wing aerodynamics	https://ntrs.nasa.gov/api/citations/19680017916/downloads/19680017916.pdf	https://ntrs.nasa.gov/citations/19680017916
19680022079	1968	OTHER	Legacy CDMS	NASA-TN-D-4719	Supersonic aerodynamics of large-angle cones	https://ntrs.nasa.gov/api/citations/19680022079/downloads/19680022079.pdf	https://ntrs.nasa.gov/citations/19680022079
19690000055	1969	OTHER	Legacy CDMS	MFS-18335	Thermal Expansion Properties of Aerospace Materials	https://ntrs.nasa.gov/api/citations/19690000055/downloads/19690000055.pdf	https://ntrs.nasa.gov/citations/19690000055
19690000155	1969	OTHER	Legacy CDMS	ARG-10297	Technical report on galvanic cells with fused-salt electrolytes	https://ntrs.nasa.gov/api/citations/19690000155/downloads/19690000155.pdf	https://ntrs.nasa.gov/citations/19690000155
19690001882	1967	CONTRACTOR_REPORT	Legacy CDMS	TP-1571	Computer systems for Saturn ground computer complex  Final technical summary report, Aug. 1964 - Aug. 1967	https://ntrs.nasa.gov/api/citations/19690001882/downloads/19690001882.pdf	https://ntrs.nasa.gov/citations/19690001882
19690089286	1954	OTHER	Legacy CDMS	NACA-RM-SL54J15	A Transonic Wind-Tunnel Investigation of the Performance and of the Static Stability and Control Characteristics of a 1/15-Scale Model of the Grumman F9F-9 Airplane, Ted No. NACA DE 390	https://ntrs.nasa.gov/api/citations/19690089286/downloads/19690089286.pdf	https://ntrs.nasa.gov/citations/19690089286
19690093432	1959	OTHER	Legacy CDMS	NACA-RM-L55G06A	Some Research on the Lift and Stability of Wing-Body Combinations	https://ntrs.nasa.gov/api/citations/19690093432/downloads/19690093432.pdf	https://ntrs.nasa.gov/citations/19690093432
19700000244	1970	OTHER	Legacy CDMS	MFS-20349	Biological handbook for engineers	https://ntrs.nasa.gov/api/citations/19700000244/downloads/19700000244.pdf	https://ntrs.nasa.gov/citations/19700000244
19700007990	1970	CONTRACTOR_REPORT	Legacy CDMS	NASA-CR-107847	The Surveyor experimental test laboratory Technical memorandum	https://ntrs.nasa.gov/api/citations/19700007990/downloads/19700007990.pdf	https://ntrs.nasa.gov/citations/19700007990
19700008011	1969	TECHNICAL_MEMORANDUM	Legacy CDMS	NASA-TM-X-53832	Technical documentation for the Mark 1 model of the laser absolute gravimeter  Technical memorandum	https://ntrs.nasa.gov/api/citations/19700008011/downloads/19700008011.pdf	https://ntrs.nasa.gov/citations/19700008011
19700008012	1970	TECHNICAL_MEMORANDUM	Legacy CDMS	NASA-TM-X-1954	Aerodynamic investigation of four-vane cascade designed for turbine cooling studies Technical memorandum	https://ntrs.nasa.gov/api/citations/19700008012/downloads/19700008012.pdf	https://ntrs.nasa.gov/citations/19700008012
19700014644	1970	CONTRACTOR_REPORT	Legacy CDMS	TRW-09451-6001-R0-03-REV	Study of a solar electric multi-mission spacecraft  Final summary technical report	https://ntrs.nasa.gov/api/citations/19700014644/downloads/19700014644.pdf	https://ntrs.nasa.gov/citations/19700014644
19700020168	1970	TECHNICAL_MEMORANDUM	Legacy CDMS	NASA-TM-X-64505	Research on electromagnetic correlation techniques  Technical memorandum, 1 Nov. 1968 - 1 Nov. 1969	https://ntrs.nasa.gov/api/citations/19700020168/downloads/19700020168.pdf	https://ntrs.nasa.gov/citations/19700020168
19700022228	1969	CONTRACTOR_REPORT	Legacy CDMS	GDC-DCB69-046-VOL-4	Space shuttle.  Volume 4 - Technical analysis and performance  Final technical report	https://ntrs.nasa.gov/api/citations/19700022228/downloads/19700022228.pdf	https://ntrs.nasa.gov/citations/19700022228
19700031869	1969	CONTRACTOR_REPORT	Legacy CDMS	TR-703-4	An investigation of tandem row high head pump inducers, phase 1  Interim report	https://ntrs.nasa.gov/api/citations/19700031869/downloads/19700031869.pdf	https://ntrs.nasa.gov/citations/19700031869
19700033660	1970	TECHNICAL_MEMORANDUM	Glenn Research Center	NASA-TM-X-52876-VOL-III	Space Transportation System Technology Symposium III - Structures and Materials	https://ntrs.nasa.gov/api/citations/19700033660/downloads/19700033660v1.pdf	https://ntrs.nasa.gov/citations/19700033660
19700072711	1952	OTHER	Legacy CDMS	NACA-RM-L52I11	First landing of Bell X-2 research airplane	https://ntrs.nasa.gov/api/citations/19700072711/downloads/19700072711.pdf	https://ntrs.nasa.gov/citations/19700072711
19710010231	1971	TECHNICAL_MEMORANDUM	Legacy CDMS	NASA-TM-X-2091	Estimated aerodynamics of all-body hypersonic aircraft configurations	https://ntrs.nasa.gov/api/citations/19710010231/downloads/19710010231.pdf	https://ntrs.nasa.gov/citations/19710010231
19710015175	1971	TECHNICAL_MEMORANDUM	Headquarters	NASA-TM X-2274/Vol III	NASA Space Shuttle Technology Conference: Dynamics and Aeroelasticity - Volume 3 	https://ntrs.nasa.gov/api/citations/19710015175/downloads/19710015175.pdf	https://ntrs.nasa.gov/citations/19710015175
19710025790	1971	CONFERENCE_PAPER	Legacy CDMS	NASA-TM-X-67265	Space Shuttle Technology Conference. Volume 2:  Biotechnology	https://ntrs.nasa.gov/api/citations/19710025790/downloads/19710025790.pdf	https://ntrs.nasa.gov/citations/19710025790
19710026716	1971	CONFERENCE_PAPER	Legacy CDMS	NASA-TM-X-67264	Space Shuttle Technology Conference. Volume 1: Operations, Maintenance, and Safety	https://ntrs.nasa.gov/api/citations/19710026716/downloads/19710026716.pdf	https://ntrs.nasa.gov/citations/19710026716
19710069971	1958	OTHER	Ames Research Center	NACA-TM-X-67369	NACA Conference on High-speed Aerodynamics. a Compilation of Papers Presented	https://ntrs.nasa.gov/api/citations/19710069971/downloads/19710069971.pdf	https://ntrs.nasa.gov/citations/19710069971
19710070068	1957	OTHER	Legacy CDMS	NACA-CONF-1957	NACA Conference on Aircraft Loads, Structures, and Flutter	https://ntrs.nasa.gov/api/citations/19710070068/downloads/19710070068.pdf	https://ntrs.nasa.gov/citations/19710070068
19720004403	1970	CONTRACTOR_REPORT	Legacy CDMS	MSC-01814-VOL-1	Space station/base food system study.  Volume 1:  Systems design handbook	https://ntrs.nasa.gov/api/citations/19720004403/downloads/19720004403.pdf	https://ntrs.nasa.gov/citations/19720004403
19720012306	1971	CONTRACTOR_REPORT	Legacy CDMS	NASA-CR-61363	Phase change materials handbook	https://ntrs.nasa.gov/api/citations/19720012306/downloads/19720012306.pdf	https://ntrs.nasa.gov/citations/19720012306
19730016146	1973	OTHER	Legacy CDMS	NASA-TN-D-7287	Apollo experience report:  Guidance and control systems.  Engineering simulation program	https://ntrs.nasa.gov/api/citations/19730016146/downloads/19730016146.pdf	https://ntrs.nasa.gov/citations/19730016146
19740007831	1973	CONTRACTOR_REPORT	Legacy CDMS	NASA-CR-134166	Shuttle mission simulator requirements report, volume 1, revision C	https://ntrs.nasa.gov/api/citations/19740007831/downloads/19740007831.pdf	https://ntrs.nasa.gov/citations/19740007831
19740009451	1973	CONTRACTOR_REPORT	Legacy CDMS	NASA-CR-132932	IMP J summary technical report	https://ntrs.nasa.gov/api/citations/19740009451/downloads/19740009451.pdf	https://ntrs.nasa.gov/citations/19740009451
19740013521	1974	TECHNICAL_MEMORANDUM	Legacy CDMS	L-8410	Low speed aerodynamic characteristics of NACA 6716 and NACA 4416 airfoils with 35 percent-chord single-slotted flaps	https://ntrs.nasa.gov/api/citations/19740013521/downloads/19740013521.pdf	https://ntrs.nasa.gov/citations/19740013521
19750007505	1974	CONFERENCE_PAPER	Legacy CDMS	PUBL-1354-51-REV	The Third Solar Wind Conference:  A summary	https://ntrs.nasa.gov/api/citations/19750007505/downloads/19750007505.pdf	https://ntrs.nasa.gov/citations/19750007505
19750011062	1973	CONFERENCE_PAPER	Legacy CDMS		Roll paper pilot	https://ntrs.nasa.gov/api/citations/19750011062/downloads/19750011062.pdf	https://ntrs.nasa.gov/citations/19750011062
19750011063	1973	CONFERENCE_PAPER	Legacy CDMS		Paper pilot ponders supersonic transports	https://ntrs.nasa.gov/api/citations/19750011063/downloads/19750011063.pdf	https://ntrs.nasa.gov/citations/19750011063
19760003955	1975	SPECIAL_PUBLICATION	Legacy CDMS	NASA-SP-367	Introduction to the aerodynamics of flight	https://ntrs.nasa.gov/api/citations/19760003955/downloads/19760003955.pdf	https://ntrs.nasa.gov/citations/19760003955
19760013038	1974	CONTRACTOR_REPORT	Legacy CDMS	SER-72011	RSRA sixth scale wind tunnel test	https://ntrs.nasa.gov/api/citations/19760013038/downloads/19760013038.pdf	https://ntrs.nasa.gov/citations/19760013038
19760014916	1976	SPECIAL_PUBLICATION	Legacy CDMS	NASA-SP-3096	Molecular physics of equilibrium gases:  A handbook for engineers	https://ntrs.nasa.gov/api/citations/19760014916/downloads/19760014916.pdf	https://ntrs.nasa.gov/citations/19760014916
19760020014	1976	TECHNICAL_MEMORANDUM	Legacy CDMS	NASA-TM-X-74314	Contractor relationships and inter-organizational strategies in NASA's R and D acquisition process	https://ntrs.nasa.gov/api/citations/19760020014/downloads/19760020014.pdf	https://ntrs.nasa.gov/citations/19760020014
19760025045	1976	OTHER	Headquarters	A-6423	The Effects of Blowing Over Various Trailing-edge Flaps on an NACA 0006 Airfoil Section, Comparisons with Various Types of Flaps on other Airfoil Sections, and an Analysis of Flow and Power Relationships for Blowing Systems	https://ntrs.nasa.gov/api/citations/19760025045/downloads/19760025045.pdf	https://ntrs.nasa.gov/citations/19760025045
19770008132	1976	CONTRACTOR_REPORT	Legacy CDMS	NASA-CR-150134	Payload specialist station study.  Volume 3:  Program study cost estimates.  Part 1:  Work breakdown structure	https://ntrs.nasa.gov/api/citations/19770008132/downloads/19770008132.pdf	https://ntrs.nasa.gov/citations/19770008132
19770009435	1976	TECHNICAL_MEMORANDUM	Legacy CDMS	NASA-TM-X-73938	Structural mechanics research at the Langley Research Center	https://ntrs.nasa.gov/api/citations/19770009435/downloads/19770009435.pdf	https://ntrs.nasa.gov/citations/19770009435
19770020314	1977	CONTRACTOR_REPORT	Legacy CDMS	NASA-CR-153294	Final report on technical work accomplished under contract NASw-2953	https://ntrs.nasa.gov/api/citations/19770020314/downloads/19770020314.pdf	https://ntrs.nasa.gov/citations/19770020314
19770025134	1977	TECHNICAL_MEMORANDUM	Legacy CDMS	NASA-TM-78434	Effects of unsteady aerodynamics on rotor aeroelastic stability	https://ntrs.nasa.gov/api/citations/19770025134/downloads/19770025134.pdf	https://ntrs.nasa.gov/citations/19770025134
19780009978	1977	TECHNICAL_MEMORANDUM	Legacy CDMS	E-9449	Bibliography of Lewis Research Center technical contributions announced in 1976	https://ntrs.nasa.gov/api/citations/19780009978/downloads/19780009978.pdf	https://ntrs.nasa.gov/citations/19780009978
19780016103	1976	CONFERENCE_PROCEEDINGS	Legacy CDMS	NASA-SP-406	Powered-Lift Aerodynamics and Acoustics	https://ntrs.nasa.gov/api/citations/19780016103/downloads/19780016103.pdf	https://ntrs.nasa.gov/citations/19780016103
19790013881	1979	CONTRACTOR_REPORT	Legacy CDMS	NASA-CR-3092	The influence of sweep on the aerodynamic loading of an oscillating NACA 0012 airfoil.  Volume 1:  Technical report	https://ntrs.nasa.gov/api/citations/19790013881/downloads/19790013881.pdf	https://ntrs.nasa.gov/citations/19790013881
19790079941	1948	CONFERENCE_PROCEEDINGS	Legacy CDMS	NACA-1948/7	NACA: University Conference on Aerodynamics	https://ntrs.nasa.gov/api/citations/19790079941/downloads/19790079941.pdf	https://ntrs.nasa.gov/citations/19790079941
19800005891	1979	CONFERENCE_PAPER	Legacy CDMS	P79-10191	Anniversary of Apollo 11 moon landing press conference	https://ntrs.nasa.gov/api/citations/19800005891/downloads/19800005891.pdf	https://ntrs.nasa.gov/citations/19800005891
19800073356	1952	TECHNICAL_MEMORANDUM	Legacy CDMS	NASA-TM-80991	Index of NACA Technical Publications, 1949 - May, 1951	https://ntrs.nasa.gov/api/citations/19800073356/downloads/19800073356.pdf	https://ntrs.nasa.gov/citations/19800073356
19810011436	1976	TECHNICAL_MEMORANDUM	Legacy CDMS	NASA-TM-82310	Scientific and Technical Information Output of the Langley Research Center, for calendar year 1976	https://ntrs.nasa.gov/api/citations/19810011436/downloads/19810011436.pdf	https://ntrs.nasa.gov/citations/19810011436
19810013421	1981	TECHNICAL_MEMORANDUM	Legacy CDMS	NASA-TM-81966	Technical Writing:  Past, Present and Future	https://ntrs.nasa.gov/api/citations/19810013421/downloads/19810013421.pdf	https://ntrs.nasa.gov/citations/19810013421
19810020714	1981	CONTRACTOR_REPORT	Legacy CDMS	DOE/CE-0005	Hydrogen-via-electricity concept.  Critique report	https://ntrs.nasa.gov/api/citations/19810020714/downloads/19810020714.pdf	https://ntrs.nasa.gov/citations/19810020714
19810068586	1953	OTHER	Legacy CDMS	NACA-TN-2962	Effect of Ice and Frost Formations on Drag of NACA 65(sub 1) -212 Airfoil for Various Modes of Thermal Ice Protection	https://ntrs.nasa.gov/api/citations/19810068586/downloads/19810068586.pdf	https://ntrs.nasa.gov/citations/19810068586
19810068588	1958	OTHER	Legacy CDMS	NACA-TN-4151	Correlations Among Ice Measurements, Impingement Rates Icing Conditions, and Drag Coefficients for Unswept NACA 65A004 Airfoil	https://ntrs.nasa.gov/api/citations/19810068588/downloads/19810068588.pdf	https://ntrs.nasa.gov/citations/19810068588
19810068589	1958	OTHER	Legacy CDMS	NACA-TN-4155	Aerodynamic Effects Caused by Icing of an Unswept NACA 65A004 Airfoil	https://ntrs.nasa.gov/api/citations/19810068589/downloads/19810068589.pdf	https://ntrs.nasa.gov/citations/19810068589
19810068605	1948	OTHER	Legacy CDMS	NACA-TN-1598	Effects of Ice Formations on Airplane Performance in Level Cruising Flight	https://ntrs.nasa.gov/api/citations/19810068605/downloads/19810068605.pdf	https://ntrs.nasa.gov/citations/19810068605
19810068619	1948	OTHER	Legacy CDMS	NACA-TN-1586	Investigation of Effectiveness of Air-Heating a Hollow Steel Propeller for Protection Against Icing. 1: Unpartitioned Blades	https://ntrs.nasa.gov/api/citations/19810068619/downloads/19810068619.pdf	https://ntrs.nasa.gov/citations/19810068619
19810068679	1952	OTHER	Legacy CDMS	NACA-RM-E52B12	Impingement of Water Droplets on an NACA 65(sub 1) -212 Airfoil at an Angle of Attack of 4 Deg	https://ntrs.nasa.gov/api/citations/19810068679/downloads/19810068679.pdf	https://ntrs.nasa.gov/citations/19810068679
19810068682	1953	OTHER	Legacy CDMS	NACA-TN-3047	Impingement of Water Droplets on NACA 65A004 Airfoil and Effect of Change in Airfoil Thickness from 12 to 4 Percent at 4 deg Angle of Attack	https://ntrs.nasa.gov/api/citations/19810068682/downloads/19810068682.pdf	https://ntrs.nasa.gov/citations/19810068682
19810068683	1953	OTHER	Legacy CDMS	NACA-TN-2952	Impingement of water droplets on NACA 65(1)-208 and 65(1)-212 airfoils at 4 degrees angle of attack	https://ntrs.nasa.gov/api/citations/19810068683/downloads/19810068683.pdf	https://ntrs.nasa.gov/citations/19810068683
19810068691	1954	OTHER	Legacy CDMS	NACA-TN-3155	Impingement of Water Droplets on NACA 65A004 Airfoil at 8 deg Angle of Attack	https://ntrs.nasa.gov/api/citations/19810068691/downloads/19810068691.pdf	https://ntrs.nasa.gov/citations/19810068691
19810068696	1955	OTHER	Legacy CDMS	NACA-TN-3586	Impingement of Water Droplets on NACA 65A004 Airfoil at 0 Deg Angle of Attack	https://ntrs.nasa.gov/api/citations/19810068696/downloads/19810068696.pdf	https://ntrs.nasa.gov/citations/19810068696
19810068712	1951	OTHER	Legacy CDMS	NACA-TN-2480	Comparison of Heat Transfer from Airfoil in Natural and Simulated Icing Conditions	https://ntrs.nasa.gov/api/citations/19810068712/downloads/19810068712.pdf	https://ntrs.nasa.gov/citations/19810068712
19810068859	1957	OTHER	Legacy CDMS	NACA-TN-3984	Statistical Study of Aircraft Icing Probabilities at the 700- and 500- Millibar Levels over Ocean Areas in the Northern Hemisphere	https://ntrs.nasa.gov/api/citations/19810068859/downloads/19810068859.pdf	https://ntrs.nasa.gov/citations/19810068859
19820003180	1981	TECHNICAL_MEMORANDUM	Glenn Research Center	NASA-TM-81651	Selected bibliography of NACA-NASA aircraft icing publications	https://ntrs.nasa.gov/api/citations/19820003180/downloads/19820003180-2.pdf	https://ntrs.nasa.gov/citations/19820003180
19820020337	1982	TECHNICAL_MEMORANDUM	Legacy CDMS	NAS 1.15:83269	A review and evaluation of the Langley Research Center's Scientific and Technical Information Program:  Results of phase 6:  The technical report.  A survey and analysis	https://ntrs.nasa.gov/api/citations/19820020337/downloads/19820020337.pdf	https://ntrs.nasa.gov/citations/19820020337
19820025472	1982	TECHNICAL_MEMORANDUM	Legacy CDMS	A-8954	Computational aerodynamics and design	https://ntrs.nasa.gov/api/citations/19820025472/downloads/19820025472.pdf	https://ntrs.nasa.gov/citations/19820025472
19830021222	1983	CONFERENCE_PAPER	Legacy CDMS	E-1656	Capabilities, limitations, and use of BC SAT-R2 conference software	https://ntrs.nasa.gov/api/citations/19830021222/downloads/19830021222.pdf	https://ntrs.nasa.gov/citations/19830021222
19830022035	1983	TECHNICAL_MEMORANDUM	Legacy CDMS	NASA-TM-84615	Scientific and technical information output of the Langley Research Center for calendar year 1982	https://ntrs.nasa.gov/api/citations/19830022035/downloads/19830022035.pdf	https://ntrs.nasa.gov/citations/19830022035
19840008071	1984	TECHNICAL_MEMORANDUM	Legacy CDMS	NAS 1.15:85887	Computational aerodynamics and supercomputers	https://ntrs.nasa.gov/api/citations/19840008071/downloads/19840008071.pdf	https://ntrs.nasa.gov/citations/19840008071
19840019008	1983	CONFERENCE_PROCEEDINGS	Legacy CDMS	MAP-HANDBOOK-9	Middle Atmosphere Program.  Handbook for MAP, volume 9	https://ntrs.nasa.gov/api/citations/19840019008/downloads/19840019008.pdf	https://ntrs.nasa.gov/citations/19840019008
19840019612	1984	CONFERENCE_PAPER	Legacy CDMS	A-9762	Application of supercomputers to computational aerodynamics	https://ntrs.nasa.gov/api/citations/19840019612/downloads/19840019612.pdf	https://ntrs.nasa.gov/citations/19840019612
19840021549	1984	CONFERENCE_PAPER	Legacy CDMS	NASA-CR-173823	Conduct of the International Multigrid Conference	https://ntrs.nasa.gov/api/citations/19840021549/downloads/19840021549.pdf	https://ntrs.nasa.gov/citations/19840021549
19840023019	1984	TECHNICAL_MEMORANDUM	Legacy CDMS	A-9807	Computational aerodynamics and artificial intelligence	https://ntrs.nasa.gov/api/citations/19840023019/downloads/19840023019.pdf	https://ntrs.nasa.gov/citations/19840023019
19840026089	1983	CONTRACTOR_REPORT	Legacy CDMS	NAS 1.26:166596	The workload book:  Assessment of operator workload to engineering systems	https://ntrs.nasa.gov/api/citations/19840026089/downloads/19840026089.pdf	https://ntrs.nasa.gov/citations/19840026089
19840026325	1984	CONFERENCE_PROCEEDINGS	Legacy CDMS	AD-A147625	Flight Test Techniques	https://ntrs.nasa.gov/api/citations/19840026325/downloads/19840026325.pdf	https://ntrs.nasa.gov/citations/19840026325
19850005361	1984	TECHNICAL_MEMORANDUM	Legacy CDMS	NAS 1.15:86470	FY 1984 scientific and technical reports, articles, papers and presentations	https://ntrs.nasa.gov/api/citations/19850005361/downloads/19850005361.pdf	https://ntrs.nasa.gov/citations/19850005361
19850027535	1985	CONFERENCE_PUBLICATION	Legacy CDMS	NAS 1.55:2376-VOL-6	19th International Cosmic Ray Conference Conference Papers	https://ntrs.nasa.gov/api/citations/19850027535/downloads/19850027535.pdf	https://ntrs.nasa.gov/citations/19850027535
19860015410	1986	CONFERENCE_PAPER	Legacy CDMS	E-2976	Impact of the 1985 Space World Administrative Radio Conference on frequency/orbit planning and use	https://ntrs.nasa.gov/api/citations/19860015410/downloads/19860015410.pdf	https://ntrs.nasa.gov/citations/19860015410
19860017735	1986	CONFERENCE_PAPER	Legacy CDMS		An overview of the fundamental aerodynamics branch's research activities in wing leading-edge vortex flows at supersonic speeds	https://ntrs.nasa.gov/api/citations/19860017735/downloads/19860017735.pdf	https://ntrs.nasa.gov/citations/19860017735
19860017932	1986	CONTRACTOR_REPORT	Legacy CDMS	WDL-TR-10632-VOL-2	Communication Platform Payload Definition (CPPD) study. Volume 2: Technical report	https://ntrs.nasa.gov/api/citations/19860017932/downloads/19860017932.pdf	https://ntrs.nasa.gov/citations/19860017932
19870004230	1986	CONTRACTOR_REPORT	Legacy CDMS	NASA-CR-179946	Current capabilities and future directions in computational fluid dynamics	https://ntrs.nasa.gov/api/citations/19870004230/downloads/19870004230.pdf	https://ntrs.nasa.gov/citations/19870004230
19870007219	1986	TECHNICAL_MEMORANDUM	Legacy CDMS	NAS 1.15:89266	Highlights of contractor initiatives in quality enhancement and productivity improvement	https://ntrs.nasa.gov/api/citations/19870007219/downloads/19870007219.pdf	https://ntrs.nasa.gov/citations/19870007219
19870007316	1986	CONFERENCE_PAPER	Legacy CDMS		Operations planning and analysis handbook for NASA/MSFC phase B development projects	https://ntrs.nasa.gov/api/citations/19870007316/downloads/19870007316.pdf	https://ntrs.nasa.gov/citations/19870007316
19870016571	1987	CONFERENCE_PAPER	Legacy CDMS		Computational fluid dynamics: Transition to design applications	https://ntrs.nasa.gov/api/citations/19870016571/downloads/19870016571.pdf	https://ntrs.nasa.gov/citations/19870016571
19870018913	1986	CONTRACTOR_REPORT	Headquarters	NAS 1.26:180304	Research on Computational Fluid Dynamics and Turbulence	https://ntrs.nasa.gov/api/citations/19870018913/downloads/19870018913.pdf	https://ntrs.nasa.gov/citations/19870018913
19870018990	1987	TECHNICAL_MEMORANDUM	Legacy CDMS	E-3784	Ground-based plasma contractor characterization	https://ntrs.nasa.gov/api/citations/19870018990/downloads/19870018990.pdf	https://ntrs.nasa.gov/citations/19870018990
19880007285	1987	TECHNICAL_MEMORANDUM	Legacy CDMS	NASA-TM-100523	Computational unsteady aerodynamics for aeroelastic analysis	https://ntrs.nasa.gov/api/citations/19880007285/downloads/19880007285.pdf	https://ntrs.nasa.gov/citations/19880007285
19880012038	1988	TECHNICAL_MEMORANDUM	Legacy CDMS	NASA-TM-100089	Potential applications of computational fluid dynamics to biofluid analysis	https://ntrs.nasa.gov/api/citations/19880012038/downloads/19880012038.pdf	https://ntrs.nasa.gov/citations/19880012038
19880018497	1988	TECHNICAL_MEMORANDUM	Legacy CDMS	NASA-TM-100590	Publications on acoustics research at the Langley Research Center during 1980-1986	https://ntrs.nasa.gov/api/citations/19880018497/downloads/19880018497.pdf	https://ntrs.nasa.gov/citations/19880018497
19890000794	1988	TECHNICAL_MEMORANDUM	Legacy CDMS	NASA-TM-100675	A compendium of sources of fracture toughness and fatigue crack growth data for metallic alloys, part 3	https://ntrs.nasa.gov/api/citations/19890000794/downloads/19890000794.pdf	https://ntrs.nasa.gov/citations/19890000794
19890006474	1988	TECHNICAL_MEMORANDUM	Johnson Space Center	NASA-TM-4075-VOL-3	Exploration Studies Technical Report - Volume 3: Special Reports, Studies, and Indepth Systems Assessments	https://ntrs.nasa.gov/api/citations/19890006474/downloads/19890006474.pdf	https://ntrs.nasa.gov/citations/19890006474
19890007335	1988	TECHNICAL_MEMORANDUM	Johnson Space Center	NASA-TM-4075-VOL-1	Exploration Studies Technical Report - Volume 1: Technical Summary	https://ntrs.nasa.gov/api/citations/19890007335/downloads/19890007335.pdf	https://ntrs.nasa.gov/citations/19890007335
19890007336	1988	TECHNICAL_MEMORANDUM	Johnson Space Center	NAS 1.15:4075-VOL-2	Exploration Studies Technical Report - Volume 2: Studies Approach and Results	https://ntrs.nasa.gov/api/citations/19890007336/downloads/19890007336.pdf	https://ntrs.nasa.gov/citations/19890007336
19890012287	1989	CONTRACTOR_REPORT	Legacy CDMS	NASA-CR-182283	Space plasma contractor research, 1988	https://ntrs.nasa.gov/api/citations/19890012287/downloads/19890012287.pdf	https://ntrs.nasa.gov/citations/19890012287
19900001638	1988	CONTRACTOR_REPORT	Legacy CDMS	REPT-1.0-WP-VA88003-48-VOL-1	Independent Orbiter Assessment (IOA): CIL issues resolution report, volume 1	https://ntrs.nasa.gov/api/citations/19900001638/downloads/19900001638.pdf	https://ntrs.nasa.gov/citations/19900001638
19900002383	1989	CONFERENCE_PAPER	Legacy CDMS	A-89227	Computer Simulation of Aircraft Aerodynamics	https://ntrs.nasa.gov/api/citations/19900002383/downloads/19900002383.pdf	https://ntrs.nasa.gov/citations/19900002383
19900007736	1989	TECHNICAL_MEMORANDUM	Legacy CDMS	NASA-TM-102922	Computational fluid dynamics	https://ntrs.nasa.gov/api/citations/19900007736/downloads/19900007736.pdf	https://ntrs.nasa.gov/citations/19900007736
19900007919	1990	TECHNICAL_MEMORANDUM	Legacy CDMS	NASA-TM-4175	NASA aerodynamics program	https://ntrs.nasa.gov/api/citations/19900007919/downloads/19900007919.pdf	https://ntrs.nasa.gov/citations/19900007919
19900015043	1990	CONFERENCE_PAPER	Legacy CDMS		Recycling waste-paper	https://ntrs.nasa.gov/api/citations/19900015043/downloads/19900015043.pdf	https://ntrs.nasa.gov/citations/19900015043
19900016326	1990	CONTRACTOR_REPORT	Legacy CDMS	NAS 1.26:186849	Center for Space Microelectronics Technology 1988-1989 technical report	https://ntrs.nasa.gov/api/citations/19900016326/downloads/19900016326.pdf	https://ntrs.nasa.gov/citations/19900016326
19900018341	1990	TECHNICAL_MEMORANDUM	Legacy CDMS	NASA-TM-103250	Aerodynamics of a linear oscillating cascade	https://ntrs.nasa.gov/api/citations/19900018341/downloads/19900018341.pdf	https://ntrs.nasa.gov/citations/19900018341
19910001527	1989	PRESENTATION	Ames Research Center	NASA-CP-10038-VOL-1	Computational Fluid Dynamics Program at NASA Ames Research Center	https://ntrs.nasa.gov/api/citations/19910001527/downloads/19910001527.pdf	https://ntrs.nasa.gov/citations/19910001527
19910001528	1989	PRESENTATION	Langley Research Center	NASA-CP-10038-VOL-1	Computational Fluid Dynamics Research and Applications at NASA Langley Research Center	https://ntrs.nasa.gov/api/citations/19910001528/downloads/19910001528.pdf	https://ntrs.nasa.gov/citations/19910001528
19910001529	1989	PRESENTATION	Glenn Research Center	NASA-CP-10038-VOL-1	Computational Fluid Dynamics at the Lewis Research Center: An Overview	https://ntrs.nasa.gov/api/citations/19910001529/downloads/19910001529.pdf	https://ntrs.nasa.gov/citations/19910001529
19910002653	1990	CONFERENCE_PAPER	Legacy CDMS		A description of results from the handbook on signal fade degradation for the land mobile satellite service	https://ntrs.nasa.gov/api/citations/19910002653/downloads/19910002653.pdf	https://ntrs.nasa.gov/citations/19910002653
19910007651	1990	CONFERENCE_PAPER	Legacy CDMS		Paired and interacting galaxies: Conference summary	https://ntrs.nasa.gov/api/citations/19910007651/downloads/19910007651.pdf	https://ntrs.nasa.gov/citations/19910007651
19910011749	1991	CONFERENCE_PROCEEDINGS	Legacy CDMS	NASA-CP-3078	Computational Fluid Dynamics Symposium on Aeropropulsion	https://ntrs.nasa.gov/api/citations/19910011749/downloads/19910011749.pdf	https://ntrs.nasa.gov/citations/19910011749
19910011822	1991	TECHNICAL_MEMORANDUM	Ames Research Center	AGARDograph-160	Digital Signal Conditioning for Flight Test Instrumentation	https://ntrs.nasa.gov/api/citations/19910011822/downloads/19910011822.pdf	https://ntrs.nasa.gov/citations/19910011822
19910012145	1991	CONFERENCE_PAPER	Legacy CDMS	NASA-TM-103780	Application of computational fluid dynamics in high speed aeropropulsion	https://ntrs.nasa.gov/api/citations/19910012145/downloads/19910012145.pdf	https://ntrs.nasa.gov/citations/19910012145
19910017717	1991	CONFERENCE_PAPER	Legacy CDMS		NSI conference support	https://ntrs.nasa.gov/api/citations/19910017717/downloads/19910017717.pdf	https://ntrs.nasa.gov/citations/19910017717
19920001822	1991	CONFERENCE_PAPER	Legacy CDMS		Space Network Control (SNC) Conference on Resource Allocation Concepts and Approaches. Overview	https://ntrs.nasa.gov/api/citations/19920001822/downloads/19920001822.pdf	https://ntrs.nasa.gov/citations/19920001822
19920007787	1990	TECHNICAL_MEMORANDUM	Legacy CDMS	NAS 1.15:105467	NASA total quality management 1989 accomplishments report	https://ntrs.nasa.gov/api/citations/19920007787/downloads/19920007787.pdf	https://ntrs.nasa.gov/citations/19920007787
19920013725	1991	TECHNICAL_MEMORANDUM	Legacy CDMS	NAS 1.15:107766	NACA documents database project	https://ntrs.nasa.gov/api/citations/19920013725/downloads/19920013725.pdf	https://ntrs.nasa.gov/citations/19920013725
19920015435	1992	TECHNICAL_MEMORANDUM	Legacy CDMS	NASA-TM-4368	NASA aerodynamics program	https://ntrs.nasa.gov/api/citations/19920015435/downloads/19920015435.pdf	https://ntrs.nasa.gov/citations/19920015435
19920016565	1992	CONFERENCE_PROCEEDINGS	Ames Research Center	NAS 1.55:10078	Computational Fluid Dynamics	https://ntrs.nasa.gov/api/citations/19920016565/downloads/19920016565.pdf	https://ntrs.nasa.gov/citations/19920016565
19920020160	1992	TECHNICAL_MEMORANDUM	Legacy CDMS	S-680	Making intelligent systems team players: Overview for designers	https://ntrs.nasa.gov/api/citations/19920020160/downloads/19920020160.pdf	https://ntrs.nasa.gov/citations/19920020160
19920023001	1992	CONFERENCE_PUBLICATION	Marshall Space Flight Center	NASA-CP-3163-PT-2	Tenth Workshop for Computational Fluid Dynamic Applications in Rocket Propulsion, part 2	https://ntrs.nasa.gov/api/citations/19920023001/downloads/19920023001.pdf	https://ntrs.nasa.gov/citations/19920023001
19920023620	1992	TECHNICAL_MEMORANDUM	Armstrong Flight Research Center	NASA-TM-104255	Flight Testing and Simulation of an F-15 Airplane Using Throttles for Flight Control	https://ntrs.nasa.gov/api/citations/19920023620/downloads/19920023620.pdf	https://ntrs.nasa.gov/citations/19920023620
19920024065	1992	TECHNICAL_MEMORANDUM	Johnson Space Center	NAS 1.15:107974	Third SEI Technical Interchange: Proceedings	https://ntrs.nasa.gov/api/citations/19920024065/downloads/19920024065.pdf	https://ntrs.nasa.gov/citations/19920024065
19930000924	1992	CONFERENCE_PROCEEDINGS	Legacy CDMS	LPI-CONTRIB-790	International Conference on Large Meteorite Impacts and Planetary Evolution	https://ntrs.nasa.gov/api/citations/19930000924/downloads/19930000924.pdf	https://ntrs.nasa.gov/citations/19930000924
19930002495	1992	CONFERENCE_PAPER	Legacy CDMS	NAS 1.26:190920	ICCG-10: Tenth International Conference on Crystal Growth. Poster presentation abstracts	https://ntrs.nasa.gov/api/citations/19930002495/downloads/19930002495.pdf	https://ntrs.nasa.gov/citations/19930002495
19930002496	1992	CONFERENCE_PAPER	Legacy CDMS	NAS 1.26:190919	ICCG-10: Tenth International Conference on Crystal Growth. Oral presentation abstracts	https://ntrs.nasa.gov/api/citations/19930002496/downloads/19930002496.pdf	https://ntrs.nasa.gov/citations/19930002496
19930003158	1992	CONTRACTOR_REPORT	Legacy CDMS	NAS 1.26:189699	Formal representation of the requirements for an Advanced Subsonic Civil Transport (ASCT) flight control system	https://ntrs.nasa.gov/api/citations/19930003158/downloads/19930003158.pdf	https://ntrs.nasa.gov/citations/19930003158
19930003483	1991	CONFERENCE_PROCEEDINGS	Legacy CDMS	NASA-TM-108017	Coordinating Council. Fourth Meeting: NACA Documents Database Project	https://ntrs.nasa.gov/api/citations/19930003483/downloads/19930003483.pdf	https://ntrs.nasa.gov/citations/19930003483
19930006288	1992	TECHNICAL_MEMORANDUM	Legacy CDMS	NASA-TM-103869	Space Station Freedom data management system growth and evolution report	https://ntrs.nasa.gov/api/citations/19930006288/downloads/19930006288.pdf	https://ntrs.nasa.gov/citations/19930006288
19930010266	1992	OTHER	Legacy CDMS		Computational fluid dynamics research	https://ntrs.nasa.gov/api/citations/19930010266/downloads/19930010266.pdf	https://ntrs.nasa.gov/citations/19930010266
19930011707	1993	CONTRACTOR_REPORT	Legacy CDMS	ICAM-93-03-01	Advanced booster guidance studies	https://ntrs.nasa.gov/api/citations/19930011707/downloads/19930011707.pdf	https://ntrs.nasa.gov/citations/19930011707
19930011999	1992	TECHNICAL_MEMORANDUM	Legacy CDMS	NASA-TM-108702	NASA systems engineering handbook. Draft	https://ntrs.nasa.gov/api/citations/19930011999/downloads/19930011999.pdf	https://ntrs.nasa.gov/citations/19930011999
19930012852	1992	CONFERENCE_PAPER	Legacy CDMS	NAS 1.26:192811	Advanced software development workstation. OOPSLA 1992 Conference. Trip report	https://ntrs.nasa.gov/api/citations/19930012852/downloads/19930012852.pdf	https://ntrs.nasa.gov/citations/19930012852
19930012854	1993	CONTRACTOR_REPORT	Legacy CDMS	NASA-CR-192822	NetView technical research	https://ntrs.nasa.gov/api/citations/19930012854/downloads/19930012854.pdf	https://ntrs.nasa.gov/citations/19930012854
19930013183	1993	CONFERENCE_PAPER	Legacy CDMS		Approximation paper, part 1	https://ntrs.nasa.gov/api/citations/19930013183/downloads/19930013183.pdf	https://ntrs.nasa.gov/citations/19930013183
19930013418	1992	CONFERENCE_PAPER	Legacy CDMS		Space Station Freedom Utilization Conference: Executive summary	https://ntrs.nasa.gov/api/citations/19930013418/downloads/19930013418.pdf	https://ntrs.nasa.gov/citations/19930013418
19930013812	1993	CONFERENCE_PAPER	Legacy CDMS	NAS 1.15:108709	Space Station Freedom Utilization Conference. Executive summary	https://ntrs.nasa.gov/api/citations/19930013812/downloads/19930013812.pdf	https://ntrs.nasa.gov/citations/19930013812
19930013813	1992	TECHNICAL_MEMORANDUM	Legacy CDMS	NASA-TM-105419	Technical report writing	https://ntrs.nasa.gov/api/citations/19930013813/downloads/19930013813.pdf	https://ntrs.nasa.gov/citations/19930013813
19930015902	1993	CONFERENCE_PAPER	Legacy CDMS	NAS 1.15:103963	Applied aerodynamics: Challenges and expectations	https://ntrs.nasa.gov/api/citations/19930015902/downloads/19930015902.pdf	https://ntrs.nasa.gov/citations/19930015902
19930017741	1993	CONFERENCE_PAPER	Legacy CDMS		Computational fluid dynamics for nuclear thermal propulsion	https://ntrs.nasa.gov/api/citations/19930017741/downloads/19930017741.pdf	https://ntrs.nasa.gov/citations/19930017741
19930019311	1992	TECHNICAL_MEMORANDUM	Legacy CDMS	NASA-TM-104566-VOL-6	SeaWiFS technical report series. Volume 6: SeaWiFS technical report series cumulative index: Volumes 1-5	https://ntrs.nasa.gov/api/citations/19930019311/downloads/19930019311.pdf	https://ntrs.nasa.gov/citations/19930019311
19930027271	1992	CONFERENCE_PAPER	Langley Research Center	AIAA-92-4092	Design and Conduct of a Windshear Detection Flight Experiment	https://ntrs.nasa.gov/api/citations/19930027271/downloads/19930027271.pdf	https://ntrs.nasa.gov/citations/19930027271
19930027277	1992	CONFERENCE_PAPER	Armstrong Flight Research Center	AIAA-92-4101	Flight Test Results From a Supercritical Mission Adaptive Wing With Smooth Variable Camber	https://ntrs.nasa.gov/api/citations/19930027277/downloads/19930027277.pdf	https://ntrs.nasa.gov/citations/19930027277
19930027279	1992	CONFERENCE_PAPER	Armstrong Flight Research Center	AIAA-92-4106	Integrated Flight Propulsion Control Research Results Using the NASA F-15 HIDEC Flight Research Facility	https://ntrs.nasa.gov/api/citations/19930027279/downloads/19930027279.pdf	https://ntrs.nasa.gov/citations/19930027279
19930027280	1992	CONFERENCE_PAPER	Langley Research Center	AIAA-92-4107	Pitch Control Margin at High Angle of Attack - Quantitative Requirements (Flight Test Correlation With Simulation Predictions)	https://ntrs.nasa.gov/api/citations/19930027280/downloads/19930027280.pdf	https://ntrs.nasa.gov/citations/19930027280
19930027281	1992	CONFERENCE_PAPER	Armstrong Flight Research Center	AIAA-92-4109	Flight Testing and Simulation of an F-15 Airplane Using Throttles for Flight Control	https://ntrs.nasa.gov/api/citations/19930027281/downloads/19930027281.pdf	https://ntrs.nasa.gov/citations/19930027281
19930027283	1992	CONFERENCE_PAPER	Armstrong Flight Research Center	AIAA-92-4111	Flight Experience With Lightweight, Low-Power Miniaturized Instrumentation Systems	https://ntrs.nasa.gov/api/citations/19930027283/downloads/19930027283.pdf	https://ntrs.nasa.gov/citations/19930027283
19930027284	1992	CONFERENCE_PAPER	Armstrong Flight Research Center	AIAA-92-4113	The Development of an Airborne Information Management System for Flight Test	https://ntrs.nasa.gov/api/citations/19930027284/downloads/19930027284.pdf	https://ntrs.nasa.gov/citations/19930027284
19930027288	1992	CONFERENCE_PAPER	Langley Research Center	AIAA-92-4089	Measurement of Attachment-Line Location in a Wind-Tunnel and in Supersonic Flight	https://ntrs.nasa.gov/api/citations/19930027288/downloads/19930027288.pdf	https://ntrs.nasa.gov/citations/19930027288
19930080884	1922	OTHER	Legacy CDMS	NACA-TN-112	The NACA Three Component Accelerometer	https://ntrs.nasa.gov/api/citations/19930080884/downloads/19930080884.pdf	https://ntrs.nasa.gov/citations/19930080884
19930080983	1924	OTHER	Legacy CDMS	NACA-TN-196	Remarks on the Pressure Distribution over the Surface of an Ellipsoid, Moving Translationally Through a Perfect Fluid	https://ntrs.nasa.gov/api/citations/19930080983/downloads/19930080983.pdf	https://ntrs.nasa.gov/citations/19930080983
19930081202	1931	OTHER	Legacy CDMS	NACA-TN-378	Comparison of weights of 17ST and steel tubular structural members used in aircraft construction	https://ntrs.nasa.gov/api/citations/19930081202/downloads/19930081202.pdf	https://ntrs.nasa.gov/citations/19930081202
19930081311	1935	OTHER	Legacy CDMS	NACA-TN-541	The Effect of the Angle of Afterbody Keel on the Water Performance of a Flying-Boat Hull Model	https://ntrs.nasa.gov/api/citations/19930081311/downloads/19930081311.pdf	https://ntrs.nasa.gov/citations/19930081311
19930081326	1935	OTHER	Legacy CDMS	NACA-TN-543	The Compressibility Burble	https://ntrs.nasa.gov/api/citations/19930081326/downloads/19930081326.pdf	https://ntrs.nasa.gov/citations/19930081326
19930081478	1938	OTHER	Legacy CDMS	NACA-TN-670	NACA Stall-Warning Indicator	https://ntrs.nasa.gov/api/citations/19930081478/downloads/19930081478.pdf	https://ntrs.nasa.gov/citations/19930081478
19930081609	1942	OTHER	Legacy CDMS	NACA-TN-842	Tidewater and Weather-exposure Tests on Metals Used in Aircraft II.	https://ntrs.nasa.gov/api/citations/19930081609/downloads/19930081609.pdf	https://ntrs.nasa.gov/citations/19930081609
19930081614	1943	OTHER	Legacy CDMS	NACA-TN-902	Description of stress-strain curves by three parameters	https://ntrs.nasa.gov/api/citations/19930081614/downloads/19930081614.pdf	https://ntrs.nasa.gov/citations/19930081614
19930081631	1943	OTHER	Legacy CDMS	NACA-TN-884	Large-deflection theory for end compression of long rectangular plates rigidly clamped along two edges	https://ntrs.nasa.gov/api/citations/19930081631/downloads/19930081631.pdf	https://ntrs.nasa.gov/citations/19930081631
19930081737	1941	OTHER	Legacy CDMS	NACA-TN-813	Cooling Tests of an Airplane Equipped with an NACA Cowling and a Wing-duct Cooling System	https://ntrs.nasa.gov/api/citations/19930081737/downloads/19930081737.pdf	https://ntrs.nasa.gov/citations/19930081737
19930081758	1946	OTHER	Legacy CDMS	NACA-TN-1069	Effect of the NACA Injection Impeller on the Mixture Distribution of a Double-row Radial Aircraft Engine	https://ntrs.nasa.gov/api/citations/19930081758/downloads/19930081758.pdf	https://ntrs.nasa.gov/citations/19930081758
19930081927	1947	OTHER	Legacy CDMS	NACA-TN-1299	Effects of Mach Number and Reynolds Number on the Maximum Lift Coefficient of a Wing of NACA 230-series Airfoil Sections	https://ntrs.nasa.gov/api/citations/19930081927/downloads/19930081927.pdf	https://ntrs.nasa.gov/citations/19930081927
19930082444	1948	OTHER	Legacy CDMS	NACA-TN-1771	The Development of Cambered Airfoil Sections Having Favorable Lift Characteristics at Supercritical Mach Numbers	https://ntrs.nasa.gov/api/citations/19930082444/downloads/19930082444.pdf	https://ntrs.nasa.gov/citations/19930082444
19930082766	1950	OTHER	Legacy CDMS	NACA-TN-2149	Investigation of Boundary-layer Control to Improve the Lift and Drag Characteristics of the NACA 65(sub 2)-415 Airfoil Section with Double Slotted and Plain Flaps	https://ntrs.nasa.gov/api/citations/19930082766/downloads/19930082766.pdf	https://ntrs.nasa.gov/citations/19930082766
19930082932	1951	OTHER	Legacy CDMS	NACA-TN-2268	Tests of Two-Blade Propellers in the Langley 8-Foot High-Speed Tunnel to Determine the Effect on Propeller Performance of a Modification of Inboard Pitch Distribution	https://ntrs.nasa.gov/api/citations/19930082932/downloads/19930082932.pdf	https://ntrs.nasa.gov/citations/19930082932
19930083017	1922	OTHER	Legacy CDMS	NACA-TM-111	Aerodynamics and ballistics	https://ntrs.nasa.gov/api/citations/19930083017/downloads/19930083017.pdf	https://ntrs.nasa.gov/citations/19930083017
19930083899	1954	OTHER	Langley Research Center	NACA-TN-3236	Wind-tunnel Studies of the Performance of Multirotor Configurations	https://ntrs.nasa.gov/api/citations/19930083899/downloads/19930083899.pdf	https://ntrs.nasa.gov/citations/19930083899
19930083901	1954	OTHER	Langley Research Center	NACA-TN-3237	Hovering Performance of a Helicopter Rotor Using NACA 8-H-12 Airfoil Sections	https://ntrs.nasa.gov/api/citations/19930083901/downloads/19930083901.pdf	https://ntrs.nasa.gov/citations/19930083901
19930084569	1956	OTHER	Legacy CDMS	NACA-TN-3804	A Factor Affecting Transonic Leading-edge Flow Separation	https://ntrs.nasa.gov/api/citations/19930084569/downloads/19930084569.pdf	https://ntrs.nasa.gov/citations/19930084569
19930084658	1923	OTHER	Legacy CDMS	NACA-TM-227	Lecture on aerodynamics	https://ntrs.nasa.gov/api/citations/19930084658/downloads/19930084658.pdf	https://ntrs.nasa.gov/citations/19930084658
19930084828	1957	OTHER	Legacy CDMS	NACA-TN-3913	Summary of 65-Series Compressor-Blade Low-Speed Cascade Data by Use of the Carpet-Plotting Technique	https://ntrs.nasa.gov/api/citations/19930084828/downloads/19930084828.pdf	https://ntrs.nasa.gov/citations/19930084828
19930084991	1957	OTHER	Legacy CDMS	NACA-TN-3939	A theoretical and experimental study of planing surfaces including effects of cross section and plan form	https://ntrs.nasa.gov/api/citations/19930084991/downloads/19930084991.pdf	https://ntrs.nasa.gov/citations/19930084991
19930085495	1948	OTHER	Headquarters	NACA-RM-8J05	Bibliography of NACA and Other Reports on Air Inlets and Internal Flows	https://ntrs.nasa.gov/api/citations/19930085495/downloads/19930085495_Redacted.pdf	https://ntrs.nasa.gov/citations/19930085495
19930085497	1948	OTHER	Legacy CDMS	NACA-RM-L8J06	NACA Transonic Wing-tunnel Test Sections	https://ntrs.nasa.gov/api/citations/19930085497/downloads/19930085497.pdf	https://ntrs.nasa.gov/citations/19930085497
19930087476	1953	OTHER	Legacy CDMS	NACA-RM-L52K18b	Preliminary Results of Stability and Control Investigation of the Bell X-5 Research Airplane	https://ntrs.nasa.gov/api/citations/19930087476/downloads/19930087476.pdf	https://ntrs.nasa.gov/citations/19930087476
19930087847	1953	OTHER	Legacy CDMS	NACA-RM-L53B26a	A comparison of typical national gas turbine establishment and NACA axial-flow compressor blade sections in cascade at low speed	https://ntrs.nasa.gov/api/citations/19930087847/downloads/19930087847.pdf	https://ntrs.nasa.gov/citations/19930087847
19930087934	1952	OTHER	Legacy CDMS	NACA-RM-E51L06	Facilities and Methods Used in Full-scale Airplane Crash-fire Investigation	https://ntrs.nasa.gov/api/citations/19930087934/downloads/19930087934.pdf	https://ntrs.nasa.gov/citations/19930087934
19930090560	1951	OTHER	Legacy CDMS	NACA-TN-2399	Applicability of the Hypersonic Similarity Rule to Pressure Distributions which Include the Effects of Rotation for Bodies of Revolution at Zero Angle of Attack	https://ntrs.nasa.gov/api/citations/19930090560/downloads/19930090560.pdf	https://ntrs.nasa.gov/citations/19930090560
19930090937	1938	OTHER	Legacy CDMS	NACA-TR-628	Aerodynamic characteristics of a large number of airfoils tested in the variable-density wind tunnel	https://ntrs.nasa.gov/api/citations/19930090937/downloads/19930090937.pdf	https://ntrs.nasa.gov/citations/19930090937
19930090990	1954	OTHER	Legacy CDMS	NACA-TR-1233	Shock-turbulence interaction and the generation of noise	https://ntrs.nasa.gov/api/citations/19930090990/downloads/19930090990.pdf	https://ntrs.nasa.gov/citations/19930090990
19930091025	1916	OTHER	Headquarters	NACA-AR-1	First Annual Report of the National Advisory Committee for Aeronautics: 1915 - Including Technical Reports Nos. 1 to 7	https://ntrs.nasa.gov/api/citations/19930091025/downloads/19930091025_Update.pdf	https://ntrs.nasa.gov/citations/19930091025
19930091033	1917	OTHER	Legacy CDMS	NACA-AR-2	Annual report of the National Advisory Committee for Aeronautics (2nd) together with the message of the President of the United States transmitting the report for the fiscal year ending June 30, 1916. administrative report including technical report	https://ntrs.nasa.gov/api/citations/19930091033/downloads/19930091033.pdf	https://ntrs.nasa.gov/citations/19930091033
19930091051	1920	OTHER	Legacy CDMS	NACA-AR-4	Annual report of the National Advisory Committee for Aeronautics (4th).administrative report including Technical Reports nos. 24 to 50	https://ntrs.nasa.gov/api/citations/19930091051/downloads/19930091051.pdf	https://ntrs.nasa.gov/citations/19930091051
19930091058	1920	OTHER	Legacy CDMS	NACA-TR-30	Experimental Research on Air Propellers II	https://ntrs.nasa.gov/api/citations/19930091058/downloads/19930091058.pdf	https://ntrs.nasa.gov/citations/19930091058
19930091101	1952	OTHER	Legacy CDMS	NACA-TR-1104	Preliminary Investigation of a New Type of Supersonic Inlet	https://ntrs.nasa.gov/api/citations/19930091101/downloads/19930091101.pdf	https://ntrs.nasa.gov/citations/19930091101
19930091112	1920	OTHER	Legacy CDMS	NACA-AR-5	Annual report of the National Advisory Committee for Aeronautics (5th).administrative report including Technical Reports nos. 51 to 82	https://ntrs.nasa.gov/api/citations/19930091112/downloads/19930091112.pdf	https://ntrs.nasa.gov/citations/19930091112
19930091145	1921	OTHER	Legacy CDMS	NACA-AR-6	Annual report of the National Advisory Committee for Aeronautics (6th).administrative report including Technical Reports nos. 83 to 110	https://ntrs.nasa.gov/api/citations/19930091145/downloads/19930091145.pdf	https://ntrs.nasa.gov/citations/19930091145
19930091155	1921	OTHER	Legacy CDMS	NACA-TR-92	Analysis of wing truss stresses including the effect of redundancies	https://ntrs.nasa.gov/api/citations/19930091155/downloads/19930091155.pdf	https://ntrs.nasa.gov/citations/19930091155
19930091224	1924	OTHER	Legacy CDMS	NACA-AR-9	Annual Report of the National Advisory Committee for Aeronautics (9Th).Administrative Report Including Technical Reports Nos. 159 to 185	https://ntrs.nasa.gov/api/citations/19930091224/downloads/19930091224.pdf	https://ntrs.nasa.gov/citations/19930091224
19930091238	1924	OTHER	Legacy CDMS	NACA-TR-172	Dynamic stability as affected by the longitudinal moment of inertia	https://ntrs.nasa.gov/api/citations/19930091238/downloads/19930091238.pdf	https://ntrs.nasa.gov/citations/19930091238
19930091490	1933	OTHER	Legacy CDMS	NACA-TR-416	The NACA variable-density wind tunnel	https://ntrs.nasa.gov/api/citations/19930091490/downloads/19930091490.pdf	https://ntrs.nasa.gov/citations/19930091490
19930091503	1933	OTHER	Legacy CDMS	NACA-TR-429	The NACA Apparatus for Studying the Formation and Combustion of Fuel Sprays and the Results from Preliminary Tests	https://ntrs.nasa.gov/api/citations/19930091503/downloads/19930091503.pdf	https://ntrs.nasa.gov/citations/19930091503
19930091527	1934	OTHER	Legacy CDMS	NACA-TR-452	General Potential Theory of Arbitrary Wing Section	https://ntrs.nasa.gov/api/citations/19930091527/downloads/19930091527.pdf	https://ntrs.nasa.gov/citations/19930091527
19930091539	1924	OTHER	Legacy CDMS	NACA-TR-474	Nomenclature for Aeronautics	https://ntrs.nasa.gov/api/citations/19930091539/downloads/19930091539.pdf	https://ntrs.nasa.gov/citations/19930091539
19930091574	1935	OTHER	Legacy CDMS	NACA-TR-501	Relative loading on biplane wings of unequal chords	https://ntrs.nasa.gov/api/citations/19930091574/downloads/19930091574.pdf	https://ntrs.nasa.gov/citations/19930091574
19930091611	1935	OTHER	Headquarters	NACA-TR-538	Altitude-Pressure Tables Based on the United States Standard Atmosphere	https://ntrs.nasa.gov/api/citations/19930091611/downloads/19930091611.pdf	https://ntrs.nasa.gov/citations/19930091611
19930091644	1937	OTHER	Legacy CDMS	NACA-TR-569	Wing-Nacelle-Propeller Interference for Wings of Various Spans Force and Pressure-Distribution Tests	https://ntrs.nasa.gov/api/citations/19930091644/downloads/19930091644.pdf	https://ntrs.nasa.gov/citations/19930091644
19930091651	1937	OTHER	Legacy CDMS	NACA-TR-576	Aircraft accidents.method of analysis	https://ntrs.nasa.gov/api/citations/19930091651/downloads/19930091651.pdf	https://ntrs.nasa.gov/citations/19930091651
19930091737	1939	OTHER	Legacy CDMS	NACA-TR-662	Design of NACA Cowlings for Radial Air-Cooled Engines	https://ntrs.nasa.gov/api/citations/19930091737/downloads/19930091737.pdf	https://ntrs.nasa.gov/citations/19930091737
19930091766	1940	OTHER	Legacy CDMS	NACA-TR-689	Preliminary wind-tunnel investigation of an NACA 23012 airfoil with various arrangements of venetian-blind flaps	https://ntrs.nasa.gov/api/citations/19930091766/downloads/19930091766.pdf	https://ntrs.nasa.gov/citations/19930091766
19930091781	1942	OTHER	Legacy CDMS	NACA-AR-27	Annual Report of the National Advisory Committee for Aeronautics (27Th).Administrative Report Including Technical Report Nos. 704 to 726	https://ntrs.nasa.gov/api/citations/19930091781/downloads/19930091781.pdf	https://ntrs.nasa.gov/citations/19930091781
19930091820	1942	OTHER	Legacy CDMS	NACA-TR-742	Wind-tunnel investigation of an NACA 23012 airfoil with 30 percent-chord venetian-blind flaps	https://ntrs.nasa.gov/api/citations/19930091820/downloads/19930091820.pdf	https://ntrs.nasa.gov/citations/19930091820
19930091828	1942	OTHER	Legacy CDMS	NACA-TR-750	High-Speed Tests of a Model Twin-Engine Low-Wing Transport Airplane	https://ntrs.nasa.gov/api/citations/19930091828/downloads/19930091828.pdf	https://ntrs.nasa.gov/citations/19930091828
19930091840	1943	OTHER	Legacy CDMS	NACA-TR-761	Identification of Knock in NACA High-Speed Photographs of Combustion in a Spark-Ignition Engine	https://ntrs.nasa.gov/api/citations/19930091840/downloads/19930091840.pdf	https://ntrs.nasa.gov/citations/19930091840
19930091928	1946	OTHER	Legacy CDMS	NACA-TR-856	The NACA High-Speed Motion-Picture Camera Optical Compensation at 40,000 Photographs Per Second	https://ntrs.nasa.gov/api/citations/19930091928/downloads/19930091928.pdf	https://ntrs.nasa.gov/citations/19930091928
19930092027	1950	OTHER	Legacy CDMS	NACA-TR-964	The effects of variations in Reynolds number between 3.0 x 10sub6 and 25.0 x 10sub6 upon the aerodynamic characteristics of a number of NACA 6-series airfoil sections	https://ntrs.nasa.gov/api/citations/19930092027/downloads/19930092027.pdf	https://ntrs.nasa.gov/citations/19930092027
19930092056	1950	OTHER	Legacy CDMS	NACA-TR-999	Investigation of the NACA 4-(3)(8)-045 Two-blade Propellers at Forward Mach Numbers to 0.725 to Determine the Effects of Compressibility and Solidity on Performance	https://ntrs.nasa.gov/api/citations/19930092056/downloads/19930092056.pdf	https://ntrs.nasa.gov/citations/19930092056
19930092080	1951	OTHER	Legacy CDMS	NACA-TR-1025	Experimental and Theoretical Studies of Area Suction for the Control of the Laminar Boundary Layer on an NACA 64a010 Airfoil	https://ntrs.nasa.gov/api/citations/19930092080/downloads/19930092080.pdf	https://ntrs.nasa.gov/citations/19930092080
19930092087	1951	OTHER	Legacy CDMS	NACA-TR-1034	Investigation of spoiler ailerons for use as speed brakes or glide-path controls on two NACA 65-series wings equipped with full-span slotted flaps	https://ntrs.nasa.gov/api/citations/19930092087/downloads/19930092087.pdf	https://ntrs.nasa.gov/citations/19930092087
19930092170	1953	OTHER	Legacy CDMS	NACA-TR-1139	Charts and approximate formulas for the estimation of aeroelastic effects of the lateral control of swept and unswept wings	https://ntrs.nasa.gov/api/citations/19930092170/downloads/19930092170.pdf	https://ntrs.nasa.gov/citations/19930092170
19930092177	1953	OTHER	Legacy CDMS	NACA-TR-1149	On transonic flow past a wave-shaped wall	https://ntrs.nasa.gov/api/citations/19930092177/downloads/19930092177.pdf	https://ntrs.nasa.gov/citations/19930092177
19930092188	1954	OTHER	Legacy CDMS	NACA-TR-1160	The zero-lift drag of a slender body of revolution (NACA RM-10 research model) as determined from tests in several wind tunnels and in flight at supersonic speeds	https://ntrs.nasa.gov/api/citations/19930092188/downloads/19930092188.pdf	https://ntrs.nasa.gov/citations/19930092188
19930092189	1954	OTHER	Legacy CDMS	NACA-TR-1161	Average Skin-Friction Drag Coefficients from Tank Tests of a Parabolic Body of Revolution (NACA RM-10)	https://ntrs.nasa.gov/api/citations/19930092189/downloads/19930092189.pdf	https://ntrs.nasa.gov/citations/19930092189
19930092202	1954	OTHER	Legacy CDMS	NACA-TR-1179	A note on secondary flow in rotating radial channels	https://ntrs.nasa.gov/api/citations/19930092202/downloads/19930092202.pdf	https://ntrs.nasa.gov/citations/19930092202
19930092245	1955	OTHER	Legacy CDMS	NACA-TR-1240	An Investigation of the Effects of Heat Transfer on Boundary-Layer Transition on a Parabolic Body of Revolution (NACA RM-10) at a Mach Number of 1.61	https://ntrs.nasa.gov/api/citations/19930092245/downloads/19930092245.pdf	https://ntrs.nasa.gov/citations/19930092245
19930092258	1956	OTHER	Legacy CDMS	NACA-TR-1257	On the Kernel function of the integral equation relating lift and downwash distributions of oscillating wings in supersonic flow	https://ntrs.nasa.gov/api/citations/19930092258/downloads/19930092258.pdf	https://ntrs.nasa.gov/citations/19930092258
19930092313	1957	OTHER	Legacy CDMS	NACA-TR-1323	Investigation of the Laminar Aerodynamic Heat-transfer Characteristics of a Hemisphere-cylinder in the Langley 11-inch Hypersonic Tunnel at a Mach Number of 6.8	https://ntrs.nasa.gov/api/citations/19930092313/downloads/19930092313.pdf	https://ntrs.nasa.gov/citations/19930092313
19930092325	1957	OTHER	Legacy CDMS	NACA-TR-1336	An Investigation of Single- and Dual-Rotation Propellers at Positive and Negative Thrust, and in Combination with an NACA 1-series D-Type Cowling at Mach Numbers up to 0.84	https://ntrs.nasa.gov/api/citations/19930092325/downloads/19930092325.pdf	https://ntrs.nasa.gov/citations/19930092325
19930092353	1951	OTHER	Langley Research Center	NACA-RM-L51G31	Systematic Two-Dimensional Cascade Tests of NACA 65-Series Compressor Blades at Low Speeds	https://ntrs.nasa.gov/api/citations/19930092353/downloads/19930092353.pdf	https://ntrs.nasa.gov/citations/19930092353
19930092360	1958	OTHER	Legacy CDMS	NACA-TR-1377	Measurements of Free-Space Oscillating Pressures Near Propellers at Flight Mach Numbers to 0.72	https://ntrs.nasa.gov/api/citations/19930092360/downloads/19930092360.pdf	https://ntrs.nasa.gov/citations/19930092360
19930093329	1941	OTHER	Legacy CDMS	NACA-WR-L-569	Wind-tunnel Tests of Four Curtiss Propellers Embodying Different Blade Sections	https://ntrs.nasa.gov/api/citations/19930093329/downloads/19930093329.pdf	https://ntrs.nasa.gov/citations/19930093329
19930093812	1947	OTHER	Legacy CDMS	NACA-RM-A6L13	Boundary-layer and stalling characteristics of two symmetrical NACA low-drag airfoil sections	https://ntrs.nasa.gov/api/citations/19930093812/downloads/19930093812.pdf	https://ntrs.nasa.gov/citations/19930093812
19940003794	1972	OTHER	Headquarters	NAS 1.18:7320.2	Laboratory and Industrial Ventilation	https://ntrs.nasa.gov/api/citations/19940003794/downloads/19940003794.pdf	https://ntrs.nasa.gov/citations/19940003794
19940006711	1993	TECHNICAL_MEMORANDUM	Johnson Space Center	NAS 1.15:104774	Technical Update: Johnson Space Center system using a solid electrolytic cell in a remote location to measure oxygen fugacities in CO/CO2 controlled-atmosphere furnaces	https://ntrs.nasa.gov/api/citations/19940006711/downloads/19940006711.pdf	https://ntrs.nasa.gov/citations/19940006711
19940007976	1993	CONFERENCE_PAPER	Legacy CDMS	NAS 1.55:3225	Transportable Applications Environment (TAE) Tenth Users' Conference	https://ntrs.nasa.gov/api/citations/19940007976/downloads/19940007976.pdf	https://ntrs.nasa.gov/citations/19940007976
19940011056	1993	TECHNICAL_MEMORANDUM	Legacy CDMS	REPT-93B00034	SeaWiFS technical report series. Volume 12, SeaWiFS technical report series cumulative index: Volumes 1-11	https://ntrs.nasa.gov/api/citations/19940011056/downloads/19940011056.pdf	https://ntrs.nasa.gov/citations/19940011056
19940016991	1993	CONFERENCE_PROCEEDINGS	Legacy CDMS	NAS 1.55:3224-PT-2	The Sixth Copper Mountain Conference on Multigrid Methods, part 2	https://ntrs.nasa.gov/api/citations/19940016991/downloads/19940016991.pdf	https://ntrs.nasa.gov/citations/19940016991
19940019200	1993	CONFERENCE_PROCEEDINGS	Legacy CDMS	NASA-CP-3224-PT-1	The Sixth Copper Mountain Conference on Multigrid Methods, part 1	https://ntrs.nasa.gov/api/citations/19940019200/downloads/19940019200.pdf	https://ntrs.nasa.gov/citations/19940019200
19940019990	1993	CONTRACTOR_REPORT	Legacy CDMS	NASA-CR-4521	Towards the formal specification of the requirements and design of a processor interface unit	https://ntrs.nasa.gov/api/citations/19940019990/downloads/19940019990.pdf	https://ntrs.nasa.gov/citations/19940019990
19940020187	1994	TECHNICAL_MEMORANDUM	Legacy CDMS	NASA-TM-109061	NADA/DOD Aerospace Knowledge Diffusion Research Project. Report number 19: The US government technical report and the transfer of federally funded aerospace R/D: An analysis of five studies	https://ntrs.nasa.gov/api/citations/19940020187/downloads/19940020187.pdf	https://ntrs.nasa.gov/citations/19940020187
19940020236	1994	TECHNICAL_MEMORANDUM	Legacy CDMS	NASA-TM-109064	NASA/DOD Aerospace Knowledge Diffusion Research Project. Report number 21: US aerospace industry librarians and technical information specialists as information intermediaries: Results of the phase 2 survey	https://ntrs.nasa.gov/api/citations/19940020236/downloads/19940020236.pdf	https://ntrs.nasa.gov/citations/19940020236
19940022735	1993	TECHNICAL_MEMORANDUM	Legacy CDMS	NASA-TM-109690	Robotics handbook. Version 1: For the interested party and professional	https://ntrs.nasa.gov/api/citations/19940022735/downloads/19940022735.pdf	https://ntrs.nasa.gov/citations/19940022735
19940023070	1994	TECHNICAL_MEMORANDUM	Legacy CDMS	L-17355	Electronic document distribution: Design of the anonymous FTP Langley Technical Report Server	https://ntrs.nasa.gov/api/citations/19940023070/downloads/19940023070.pdf	https://ntrs.nasa.gov/citations/19940023070
19940024243	1993	CONFERENCE_PAPER	Legacy CDMS	NASA-CR-195735	The Seventh Annual National Conference of Black Physics Students	https://ntrs.nasa.gov/api/citations/19940024243/downloads/19940024243.pdf	https://ntrs.nasa.gov/citations/19940024243
19940025645	1994	TECHNICAL_MEMORANDUM	Legacy CDMS	NAS 1.15:109067	NASA/DOD Aerospace Knowledge Diffusion Research Project. Report 22: US academic librarians and technical information specialists as information intermediaries: Results of the phase 3 survey	https://ntrs.nasa.gov/api/citations/19940025645/downloads/19940025645.pdf	https://ntrs.nasa.gov/citations/19940025645
19940028330	1994	TECHNICAL_MEMORANDUM	Legacy CDMS	NAS 1.15:109098	NASA/DOD Aerospace Knowledge Diffusion Research Project. Report 25: The technical communications practices of British aerospace engineers and scientists: Results of the phase 4 RAeS mail survey	https://ntrs.nasa.gov/api/citations/19940028330/downloads/19940028330.pdf	https://ntrs.nasa.gov/citations/19940028330
19940028331	1994	TECHNICAL_MEMORANDUM	Legacy CDMS	NASA-TM-109088	NASA/DOD Aerospace Knowledge Diffusion Research Project. Report 24: The technical communications practices of US aerospace engineers and scientists: Results of the phase 1 SAE mail survey	https://ntrs.nasa.gov/api/citations/19940028331/downloads/19940028331.pdf	https://ntrs.nasa.gov/citations/19940028331
19940030864	1993	TECHNICAL_MEMORANDUM	Legacy CDMS	NASA-TM-103997	Director's discretionary fund	https://ntrs.nasa.gov/api/citations/19940030864/downloads/19940030864.pdf	https://ntrs.nasa.gov/citations/19940030864
19950004435	1994	TECHNICAL_MEMORANDUM	Legacy CDMS	A-94105	Computational fluid dynamics uses in fluid dynamics/aerodynamics education	https://ntrs.nasa.gov/api/citations/19950004435/downloads/19950004435.pdf	https://ntrs.nasa.gov/citations/19950004435
19950005178	1994	TECHNICAL_MEMORANDUM	Legacy CDMS	NASA-TM-108813	Director's Discretionary Fund report for FY 1993	https://ntrs.nasa.gov/api/citations/19950005178/downloads/19950005178.pdf	https://ntrs.nasa.gov/citations/19950005178
19950005501	1994	TECHNICAL_MEMORANDUM	Johnson Space Center	NAS 1.15:104799	Software analysis handbook: Software complexity analysis and software reliability estimation and prediction	https://ntrs.nasa.gov/api/citations/19950005501/downloads/19950005501.pdf	https://ntrs.nasa.gov/citations/19950005501
19950006785	1994	TECHNICAL_MEMORANDUM	Legacy CDMS	NASA-TM-109162	World wide web implementation of the Langley technical report server	https://ntrs.nasa.gov/api/citations/19950006785/downloads/19950006785.pdf	https://ntrs.nasa.gov/citations/19950006785
19950007250	1994	TECHNICAL_MEMORANDUM	Legacy CDMS	NASA-TM-109163	A review of 50 years of aerodynamic research with NACA/NASA	https://ntrs.nasa.gov/api/citations/19950007250/downloads/19950007250.pdf	https://ntrs.nasa.gov/citations/19950007250
19950013161	1995	TECHNICAL_MEMORANDUM	Legacy CDMS	REPT-95B00038-VOL-18	SeaWiFS technical report series. Volume 18: SeaWiFS technical report series cumulative index: Volumes 1-17	https://ntrs.nasa.gov/api/citations/19950013161/downloads/19950013161.pdf	https://ntrs.nasa.gov/citations/19950013161
19950013747	1994	TECHNICAL_MEMORANDUM	Legacy CDMS	NAS 1.15:109169	NASA/DOD Aerospace Knowledge Diffusion Research Project. Report 31: The technical communications practices of US aerospace engineers and scientists: Results of the phase 1 SME mail survey	https://ntrs.nasa.gov/api/citations/19950013747/downloads/19950013747.pdf	https://ntrs.nasa.gov/citations/19950013747
19950016503	1995	TECHNICAL_MEMORANDUM	Legacy CDMS	NAS 1.15:108848	Director's discretionary fund report for fiscal year 1994	https://ntrs.nasa.gov/api/citations/19950016503/downloads/19950016503.pdf	https://ntrs.nasa.gov/citations/19950016503
19950023815	1995	TECHNICAL_MEMORANDUM	Legacy CDMS	NAS 1.15:104566	SeaWiFS Technical Report Series. Volume 24: SeaWiFS Technical Report Series Cumulative Index, Volumes 1-23	https://ntrs.nasa.gov/api/citations/19950023815/downloads/19950023815.pdf	https://ntrs.nasa.gov/citations/19950023815
19950025701	1995	TECHNICAL_MEMORANDUM	Legacy CDMS	NAS 1.15:104566-VOL-24	SeaWiFS technical report series. Volume 24: SeaWiFS technical report series cumulative index, volumes 1-23	https://ntrs.nasa.gov/api/citations/19950025701/downloads/19950025701.pdf	https://ntrs.nasa.gov/citations/19950025701
19950026251	1994	TECHNICAL_MEMORANDUM	Legacy CDMS	REPT-94B00126-VOL-22	SeaWiFS technical report series. Volume 22: Prelaunch acceptance report for the SeaWFS radiometer	https://ntrs.nasa.gov/api/citations/19950026251/downloads/19950026251.pdf	https://ntrs.nasa.gov/citations/19950026251
19950027796	1995	TECHNICAL_MEMORANDUM	Legacy CDMS	NAS 1.15:110180	NASA/DOD Aerospace Knowledge Diffusion Research Project. Report 33: The technical communications practices of US aerospace engineers and scientists: Results of the phase 1 AIAA mail survey	https://ntrs.nasa.gov/api/citations/19950027796/downloads/19950027796.pdf	https://ntrs.nasa.gov/citations/19950027796
19960002194	1995	SPECIAL_PUBLICATION	Headquarters	NAS 1.22:6105	NASA Systems Engineering Handbook	https://ntrs.nasa.gov/api/citations/19960002194/downloads/19960002194.pdf	https://ntrs.nasa.gov/citations/19960002194
19960008027	1995	TECHNICAL_MEMORANDUM	Legacy CDMS	NIPS-95-06259	Recent improvements in the NASA technical report server	https://ntrs.nasa.gov/api/citations/19960008027/downloads/19960008027.pdf	https://ntrs.nasa.gov/citations/19960008027
19960009432	1995	CONTRACTOR_REPORT	Legacy CDMS	E-9876	Electronic availability of microgravity experiments safety and integration requirements documents	https://ntrs.nasa.gov/api/citations/19960009432/downloads/19960009432.pdf	https://ntrs.nasa.gov/citations/19960009432
19960011630	1995	TECHNICAL_MEMORANDUM	Legacy CDMS	NAS 1.15:110208	NASA/DOD Aerospace Knowledge Diffusion Research Project. Report No. 36: The Technical Communications Practices of US Aerospace Engineers and Scientists: Results of the Phase 1 NASA Langley Research Center Mail Survey	https://ntrs.nasa.gov/api/citations/19960011630/downloads/19960011630.pdf	https://ntrs.nasa.gov/citations/19960011630
19960023958	1994	REPRINT	Langley Research Center	AIAA Paper 93-3441	Rarefield-Flow Shuttle Aerodynamics Flight Model	https://ntrs.nasa.gov/api/citations/19960023958/downloads/19960023958.pdf	https://ntrs.nasa.gov/citations/19960023958
19960045292	1996	TECHNICAL_MEMORANDUM	Marshall Space Flight Center	NASA-TM-108508	International Space Station ECLSS Technical Task Agreement Summary Report	https://ntrs.nasa.gov/api/citations/19960045292/downloads/19960045292.pdf	https://ntrs.nasa.gov/citations/19960045292
19960045346	1996	TECHNICAL_MEMORANDUM	Langley Research Center	NAS 1.15:110236	NASA/DoD Aerospace Knowledge Diffusion Research Project: Report 43: The Technical Communication Practices of U.S. Aerospace Engineers and Scientists: Results of the Phase 1 Mail Survey -- Manufacturing and Production Perspective	https://ntrs.nasa.gov/api/citations/19960045346/downloads/19960045346.pdf	https://ntrs.nasa.gov/citations/19960045346
19960051323	1996	CONFERENCE_PROCEEDINGS	Goddard Space Flight Center	NASA-CP-3340-vol-1	Fifth NASA Goddard Conference on Mass Storage Systems and Technologies.	https://ntrs.nasa.gov/api/citations/19960051323/downloads/19960051323.pdf	https://ntrs.nasa.gov/citations/19960051323
19960052742	1996	CONFERENCE_PROCEEDINGS	Goddard Space Flight Center	Rept-96B00117-Vol-2	Fifth NASA Goddard Conference on Mass Storage Systems and Technologies	https://ntrs.nasa.gov/api/citations/19960052742/downloads/19960052742.pdf	https://ntrs.nasa.gov/citations/19960052742
19970001904	1996	TECHNICAL_MEMORANDUM	Ames Research Center	A-960214	Directors's Discretionary Fund Report For Fiscal Year 1995	https://ntrs.nasa.gov/api/citations/19970001904/downloads/19970001904.pdf	https://ntrs.nasa.gov/citations/19970001904
19970001919	1996	TECHNICAL_MEMORANDUM	Goddard Space Flight Center	NAS 1.15:104566-Vol-39-Pt1	SeaWiFS Technical Report Series: SeaWiFS Calibration Topics - Volume 39	https://ntrs.nasa.gov/api/citations/19970001919/downloads/19970001919.pdf	https://ntrs.nasa.gov/citations/19970001919
19970006595	1996	CONFERENCE_PROCEEDINGS	Langley Research Center	NASA-CP-3339-Pt-2	Seventh Copper Mountain Conference on Multigrid Methods	https://ntrs.nasa.gov/api/citations/19970006595/downloads/19970006595.pdf	https://ntrs.nasa.gov/citations/19970006595
19970006857	1996	CONFERENCE_PROCEEDINGS	Langley Research Center	NAS 1.55:3339	Seventh Copper Mountain Conference on Multigrid Methods	https://ntrs.nasa.gov/api/citations/19970006857/downloads/19970006857.pdf	https://ntrs.nasa.gov/citations/19970006857
19970012779	1996	CONTRACTOR_REPORT	Goddard Space Flight Center	NASA-CR-203674	Earth Observing System (EOS)/Advanced Microwave Sounding Unit-A (AMSU-A) Structural Math Model - A1	https://ntrs.nasa.gov/api/citations/19970012779/downloads/19970012779.pdf	https://ntrs.nasa.gov/citations/19970012779
19970014917	1995	CONTRACTOR_REPORT	Jet Propulsion Laboratory	NASA-CR-203569	Center for Space Microelectronics Technology. 1993 Technical Report	https://ntrs.nasa.gov/api/citations/19970014917/downloads/19970014917.pdf	https://ntrs.nasa.gov/citations/19970014917
19970027989	1997	TECHNICAL_MEMORANDUM	Goddard Space Flight Center	NAS 1.15:104566	SeaWiFS Technical Report Series: SeaWiFS Calibration Topics - Volume 40	https://ntrs.nasa.gov/api/citations/19970027989/downloads/19970027989.pdf	https://ntrs.nasa.gov/citations/19970027989
19970033338	1997	TECHNICAL_MEMORANDUM	Headquarters	NASA-TM-112540	Safety Standard for Hydrogen and Hydrogen Systems: Guidelines for Hydrogen System Design, Materials Selection, Operations, Storage and Transportation	https://ntrs.nasa.gov/api/citations/19970033338/downloads/19970033338.pdf	https://ntrs.nasa.gov/citations/19970033338
19970035961	1997	CONTRACTOR_REPORT	Marshall Space Flight Center	NASA/CR-97-205740	NASA Contractor Report: Guidelines for Proof Test Analysis	https://ntrs.nasa.gov/api/citations/19970035961/downloads/19970035961.pdf	https://ntrs.nasa.gov/citations/19970035961
19980046551	1998	TECHNICAL_MEMORANDUM	Ames Research Center	A-98-08589	Director's Discretionary Fund Report for Fiscal Year 1997	https://ntrs.nasa.gov/api/citations/19980046551/downloads/19980046551.pdf	https://ntrs.nasa.gov/citations/19980046551
19980201336	1998	TECHNICAL_MEMORANDUM	Marshall Space Flight Center	NAS 1.15:208181	Mirror Material Properties Compiled for Preliminary Design of the Next Generation Space Telescope (30 to 294 Kelvin)	https://ntrs.nasa.gov/api/citations/19980201336/downloads/19980201336.pdf	https://ntrs.nasa.gov/citations/19980201336
19980219370	1998	TECHNICAL_MEMORANDUM	Goddard Space Flight Center	NASA/TM-1998-104566/VOL43	SeaWiFS Technical Report Series: SeaWiFS Prelaunch Technical Report Series Final Cumulative Index - Volume 43	https://ntrs.nasa.gov/api/citations/19980219370/downloads/19980219370.pdf	https://ntrs.nasa.gov/citations/19980219370
19980223593	1961	OTHER	Headquarters	NASA-TR-R-85	A Nonlinear Theory for Predicting the Effects of Unsteady Laminar, Turbulent, or Transitional Boundary Layers on the Attenuation of Shock Waves in a Shock Tube with Experimental Comparison	https://ntrs.nasa.gov/api/citations/19980223593/downloads/19980223593.pdf	https://ntrs.nasa.gov/citations/19980223593
19980227994	1961	OTHER	Headquarters	L-1528	An Investigation of Landing-Contact Conditions for Two Large Turbojet Transports and a Turboprop Transport During Routine Daylight Operations	https://ntrs.nasa.gov/api/citations/19980227994/downloads/19980227994.pdf	https://ntrs.nasa.gov/citations/19980227994
19980230607	1958	OTHER	Headquarters	NASA-MEMO-10-8-58L	Effects of Yaw on the Heat Transfer to a Blunt Cone-Cylinder Configuration at a Mach Number of 1.98	https://ntrs.nasa.gov/api/citations/19980230607/downloads/19980230607.pdf	https://ntrs.nasa.gov/citations/19980230607
19980235624	1959	OTHER	Headquarters	NASA-MEMO-1-17-59L	Analysis of Acceleration, Airspeed, and Gust-Velocity Data From a Four-Engine Transport Airplane Operating Over a Northwestern United States Alaska Route	https://ntrs.nasa.gov/api/citations/19980235624/downloads/19980235624.pdf	https://ntrs.nasa.gov/citations/19980235624
19990035925	1999	TECHNICAL_MEMORANDUM	Langley Research Center	NASA/TM-1999-209127	A Digital Library for the National Advisory Committee for Aeronautics	https://ntrs.nasa.gov/api/citations/19990035925/downloads/19990035925.pdf	https://ntrs.nasa.gov/citations/19990035925
19990088077	1999	TECHNICAL_MEMORANDUM	Marshall Space Flight Center	M-935	International Space Station ECLSS Technical Task Agreement Summary Report	https://ntrs.nasa.gov/api/citations/19990088077/downloads/19990088077.pdf	https://ntrs.nasa.gov/citations/19990088077
20000004589	1999	TECHNICAL_MEMORANDUM	Marshall Space Flight Center	NASA/TM-1999-209734	Lightning Protection Guidelines for Aerospace Vehicles	https://ntrs.nasa.gov/api/citations/20000004589/downloads/20000004589.pdf	https://ntrs.nasa.gov/citations/20000004589
20000044618	1999	CONFERENCE_PAPER	Langley Research Center		Configuration Aerodynamics: Past - Present - Future	https://ntrs.nasa.gov/api/citations/20000044618/downloads/20000044618.pdf	https://ntrs.nasa.gov/citations/20000044618
20000044865	1999	CONFERENCE_PROCEEDINGS	Langley Research Center	L-17574C	First NASA/Industry High-Speed Research Configuration Aerodynamics Workshop	https://ntrs.nasa.gov/api/citations/20000044865/downloads/20000044865.pdf	https://ntrs.nasa.gov/citations/20000044865
20010024890	2000	CONFERENCE_PROCEEDINGS	Glenn Research Center	NAS 1.55:210470	Proceedings of the Fifth Microgravity Fluid Physics and Transport Phenomena Conference	https://ntrs.nasa.gov/api/citations/20010024890/downloads/20010024890.pdf	https://ntrs.nasa.gov/citations/20010024890
20010025825	2001	TECHNICAL_MEMORANDUM	Langley Research Center	L-18060	NASA Langley Scientific and Technical Information Output 2000	https://ntrs.nasa.gov/api/citations/20010025825/downloads/20010025825.pdf	https://ntrs.nasa.gov/citations/20010025825
20010067768	2000	TECHNICAL_MEMORANDUM	Goddard Space Flight Center	NASA/TM-2000-206892/VOL6	SeaWiFS Postlaunch Technical Report Series: Cumulative Index: Volumes 1-5 - Volume 6	https://ntrs.nasa.gov/api/citations/20010067768/downloads/20010067768.pdf	https://ntrs.nasa.gov/citations/20010067768
20010072241	2001	TECHNICAL_MEMORANDUM	Goddard Space Flight Center	NAS 1.15:206892/VOL12	SeaWiFS Postlaunch Technical Report Series Cumulative Index	https://ntrs.nasa.gov/api/citations/20010072241/downloads/20010072241.pdf	https://ntrs.nasa.gov/citations/20010072241
20020023597	1998	PREPRINT	Ames Research Center		Parallel Domain Decomposition Preconditioning for Computational Fluid Dynamics	https://ntrs.nasa.gov/api/citations/20020023597/downloads/20020023597.pdf	https://ntrs.nasa.gov/citations/20020023597
20020038755	1999	PREPRINT	Ames Research Center		A Textbook for a First Course in Computational Fluid Dynamics	https://ntrs.nasa.gov/api/citations/20020038755/downloads/20020038755.pdf	https://ntrs.nasa.gov/citations/20020038755
20020039536	2002	TECHNICAL_MEMORANDUM	Langley Research Center	NASA/TM-2002-211444	Research on Hazardous States of Awareness and Physiological Factors in Aerospace Operations	https://ntrs.nasa.gov/api/citations/20020039536/downloads/20020039536.pdf	https://ntrs.nasa.gov/citations/20020039536
20020050378	2002	TECHNICAL_MEMORANDUM	Marshall Space Flight Center	M-1044	FY 2001 Scientific and Technical Reports, Articles, Papers, and Presentations	https://ntrs.nasa.gov/api/citations/20020050378/downloads/20020050378.pdf	https://ntrs.nasa.gov/citations/20020050378
20020067708	2002	CONFERENCE_PROCEEDINGS	Ames Research Center	NASA/A-5	Contributions to the AIAA Guidance, Navigation and Control Conference	https://ntrs.nasa.gov/api/citations/20020067708/downloads/20020067708.pdf	https://ntrs.nasa.gov/citations/20020067708
20020082935	2002	TECHNICAL_MEMORANDUM	Glenn Research Center	E-13063	Sixth Microgravity Fluid Physics and Transport Phenomena Conference Abstracts	https://ntrs.nasa.gov/api/citations/20020082935/downloads/20020082935.pdf	https://ntrs.nasa.gov/citations/20020082935
20030001036	2002	TECHNICAL_MEMORANDUM	Glenn Research Center	E-13175	Ice Accretion Formations on a NACA 0012 Swept Wing Tip in Natural Icing Conditions	https://ntrs.nasa.gov/api/citations/20030001036/downloads/20030001036.pdf	https://ntrs.nasa.gov/citations/20030001036
20030002762	2002	PREPRINT	Langley Research Center		Technical Report Interchange Through Synchronized OAI Caches	https://ntrs.nasa.gov/api/citations/20030002762/downloads/20030002762.pdf	https://ntrs.nasa.gov/citations/20030002762
20030005526	2002	CONFERENCE_PROCEEDINGS	Glenn Research Center	NASA/CP-2002-211212/VOL2	Sixth Microgravity Fluid Physics and Transport Phenomena Conference: Exposition Topical Areas 1-6	https://ntrs.nasa.gov/api/citations/20030005526/downloads/20030005526.pdf	https://ntrs.nasa.gov/citations/20030005526
20030007789	2003	CONFERENCE_PAPER	Langley Research Center	AIAA Paper 2003-0409	Uncertainty in Computational Aerodynamics	https://ntrs.nasa.gov/api/citations/20030007789/downloads/20030007789.pdf	https://ntrs.nasa.gov/citations/20030007789
20030033057	2003	CONTRACTOR_OR_GRANTEE_REPORT	Headquarters		Airborne Oceanographic Lidar (AOL) (Global Carbon Cycle)	https://ntrs.nasa.gov/api/citations/20030033057/downloads/20030033057.pdf	https://ntrs.nasa.gov/citations/20030033057
20030063970	1947	OTHER	Langley Research Center	NACA-RM-E6L03a	Acceleration Characteristics of R-3350 Engine Equipped with NACA Injection Impeller	https://ntrs.nasa.gov/api/citations/20030063970/downloads/20030063970.pdf	https://ntrs.nasa.gov/citations/20030063970
20030063971	1947	OTHER	Langley Research Center	NACA-RM-L6K08c	Drag Measurements at Transonic Speeds of NACA 65-009 Airfoils Mounted on a Freely Falling Body to Determine the Effects of Sweepback and Aspect Ratio	https://ntrs.nasa.gov/api/citations/20030063971/downloads/20030063971.pdf	https://ntrs.nasa.gov/citations/20030063971
20030064921	1956	OTHER	Langley Research Center	NACA-TM-1402	Aeroelastic Problems of Airplane Design	https://ntrs.nasa.gov/api/citations/20030064921/downloads/20030064921.pdf	https://ntrs.nasa.gov/citations/20030064921
20030065179	1942	OTHER	Langley Research Center	NACA-TM-1028	The Icing of Aircraft	https://ntrs.nasa.gov/api/citations/20030065179/downloads/20030065179.pdf	https://ntrs.nasa.gov/citations/20030065179
20030066981	1951	OTHER	Langley Research Center	NACA-RM-A50K27a	Lift, Drag, and Pitching Moment of Low-Aspect-Ratio Wings at Subsonic and Supersonic Speeds: Triangular Wing of Aspect Ratio 2 with NACA 0005-63 Thickness Distribution, Cambered and Twisted for a Trapezoidal Span Load Distribution	https://ntrs.nasa.gov/api/citations/20030066981/downloads/20030066981.pdf	https://ntrs.nasa.gov/citations/20030066981
20030067907	1948	OTHER	Langley Research Center	NACA-TM-1192	Rotating Disks in the Region of Permanent Deformation	https://ntrs.nasa.gov/api/citations/20030067907/downloads/20030067907.pdf	https://ntrs.nasa.gov/citations/20030067907
20030068110	1954	OTHER	Langley Research Center	NACA-RM-L54G14	Flight Measurements of Average Skin-Friction Coefficients on a Parabolic Body of Revolution (NACA RM-10) at Mach Numbers from 1.0 to 3.7	https://ntrs.nasa.gov/api/citations/20030068110/downloads/20030068110.pdf	https://ntrs.nasa.gov/citations/20030068110
20030112428	2003	TECHNICAL_MEMORANDUM	Goddard Space Flight Center	Rept-2003-01913-0/VOL24	SeaWiFS Postlaunch Technical Report Series Cumulative Index: Volumes 1-23	https://ntrs.nasa.gov/api/citations/20030112428/downloads/20030112428.pdf	https://ntrs.nasa.gov/citations/20030112428
20040040180	2004	PREPRINT	Marshall Space Flight Center		X-37 Flight Demonstrator: X-40A Flight Test Approach	https://ntrs.nasa.gov/api/citations/20040040180/downloads/20040040180.pdf	https://ntrs.nasa.gov/citations/20040040180
20040075552	2004	TECHNICAL_MEMORANDUM	Langley Research Center	NASA/TM-2004-213017	Suggested Procedures for Installing Strain Gauges on Langley Research Center Wind Tunnel Balances, Custom Force Measuring Transducers, Metallic and Composite Structural Test Articles	https://ntrs.nasa.gov/api/citations/20040075552/downloads/20040075552.pdf	https://ntrs.nasa.gov/citations/20040075552
20040079331	2003	TECHNICAL_MEMORANDUM	Kennedy Space Center	NASA/TM-2003-211190	Research and Technology: 2003 Annual Report of the John F Kennedy Space Center	https://ntrs.nasa.gov/api/citations/20040079331/downloads/20040079331.pdf	https://ntrs.nasa.gov/citations/20040079331
20040082224	2003	TECHNICAL_MEMORANDUM	Marshall Space Flight Center	M-1098	FY 2002 Scientific and Technical Reports, Articles, Papers, and Presentations	https://ntrs.nasa.gov/api/citations/20040082224/downloads/20040082224.pdf	https://ntrs.nasa.gov/citations/20040082224
20040100805	1997	CONFERENCE_PAPER	Langley Research Center	AIAA Paper 97-0467	Desktop Access to Full-Text NACA and NASA Reports: Systems Developed by NASA Langley Technical Library	https://ntrs.nasa.gov/api/citations/20040100805/downloads/20040100805.pdf	https://ntrs.nasa.gov/citations/20040100805
20040121077	1995	REPRINT	Langley Research Center		The NASA Technical Report Server	https://ntrs.nasa.gov/api/citations/20040121077/downloads/20040121077.pdf	https://ntrs.nasa.gov/citations/20040121077
20040139134	2004	CONFERENCE_PAPER	Glenn Research Center		Fourth Integrated Communications, Navigation, and Surveillance (ICNS) Conference and Workshop 2004: Conclusions and Recommendations	https://ntrs.nasa.gov/api/citations/20040139134/downloads/20040139134.pdf	https://ntrs.nasa.gov/citations/20040139134
20040139753	1996	REPRINT	Langley Research Center		Optimizing the NASA Technical Report Server	https://ntrs.nasa.gov/api/citations/20040139753/downloads/20040139753.pdf	https://ntrs.nasa.gov/citations/20040139753
20050010182	1948	OTHER	Langley Research Center	NACA-RM-L7J31	Evaluation of Gust and Draft Velocities from Flights of P-61C Airplanes within Thunderstorms June 2, 1947 to June 7, 1947 at Clinton County Army Air Field, Ohio	https://ntrs.nasa.gov/api/citations/20050010182/downloads/20050010182.pdf	https://ntrs.nasa.gov/citations/20050010182
20050019245	1952	OTHER	Langley Research Center	NACA-RM-SA52J15	Flight Characteristics of a 1/4-Scale Model of the XFV-1 Airplane (TED No. NACA DE-378)	https://ntrs.nasa.gov/api/citations/20050019245/downloads/20050019245.pdf	https://ntrs.nasa.gov/citations/20050019245
20050019295	1952	CONTRACTOR_OR_GRANTEE_REPORT	Langley Research Center	NACA-AR-37	Thirty-Seventh Annual Report of the National Advisory Committee for Aeronautics: Administrative Report Including Technical Report Nos. 1003 to 1958	https://ntrs.nasa.gov/api/citations/20050019295/downloads/20050019295.pdf	https://ntrs.nasa.gov/citations/20050019295
20050019296	1959	CONTRACTOR_OR_GRANTEE_REPORT	Langley Research Center	NACA-AR-44	Forty-Fourth Annual Report of the National Advisory Committee for Aeronautics Administrative Report Including Technical Reports Nos. 1342 to 1392	https://ntrs.nasa.gov/api/citations/20050019296/downloads/20050019296.pdf	https://ntrs.nasa.gov/citations/20050019296
20050019364	1954	OTHER	Langley Research Center	NACA-RM-L54H06a	Aerodynamic Characteristics at High and Low Subsonic Mach Numbers of the NACA 0012, 64(sub 2)-015, and 64(sub 3)-018 Airfoil Sections at Angles of Attack from -2 Degrees to 30 Degrees	https://ntrs.nasa.gov/api/citations/20050019364/downloads/20050019364.pdf	https://ntrs.nasa.gov/citations/20050019364
20050019369	1948	OTHER	Langley Research Center	NACA-RM-L8A27	Evaluation of Gust and Draft Velocities from Flights of P-61C Airplanes within Thunderstorms August 13, 1947 to August 15, 1947 at Clinton County Army Air Field, Ohio	https://ntrs.nasa.gov/api/citations/20050019369/downloads/20050019369.pdf	https://ntrs.nasa.gov/citations/20050019369
20050019371	1947	OTHER	Langley Research Center	NACA-RM-L6L27a	Aerodynamic Characteristics at High Speeds of Full-Scale Propellers having Different Shank Designs	https://ntrs.nasa.gov/api/citations/20050019371/downloads/20050019371.pdf	https://ntrs.nasa.gov/citations/20050019371
20050019378	1947	OTHER	Langley Research Center	NACA-RM-L7I08	Longitudinal Stability and Control Characteristics of a Semispan Model of the XF7U-1 Tailless Airplane at Transonic Speeds by the NACA Wing-Flow Method, TED No. NACA DE307	https://ntrs.nasa.gov/api/citations/20050019378/downloads/20050019378.pdf	https://ntrs.nasa.gov/citations/20050019378
20050019387	1947	OTHER	Langley Research Center	NACA-RM-L7K07a	Flight Tests of Rocket-Powered "Tin-Can" Models of AAF Project MX-800	https://ntrs.nasa.gov/api/citations/20050019387/downloads/20050019387.pdf	https://ntrs.nasa.gov/citations/20050019387
20050019400	1955	OTHER	Langley Research Center	NACA-RM-L55I08	High-Speed Cascade Tests of the NACA 65-(12A(sub 10))10 and NACA 65-(12A(sub 2)I(sub 8b))10 Compressor Blade Sections	https://ntrs.nasa.gov/api/citations/20050019400/downloads/20050019400.pdf	https://ntrs.nasa.gov/citations/20050019400
20050019462	1947	OTHER	Langley Research Center	NACA-RM-L6L19	The Effect of High Solidity on Propeller Characteristics at High Forward Speeds from Wind-Tunnel Tests of the NACA 4-(3)(06.3)-06 and NACA 4-(3)(06.4)-09 Two-Blade Propellers	https://ntrs.nasa.gov/api/citations/20050019462/downloads/20050019462.pdf	https://ntrs.nasa.gov/citations/20050019462
20050019471	1947	OTHER	Langley Research Center	NACA-RM-L7L08	Evaluation of Gust and Draft Velocities from Flights of P-61C Airplanes within Thunderstorms July 12, 1947 to July 18, 1947 at Clinton County Army Air Field, Ohio	https://ntrs.nasa.gov/api/citations/20050019471/downloads/20050019471.pdf	https://ntrs.nasa.gov/citations/20050019471
20050019580	1947	OTHER	Langley Research Center	NACA-RM-L7A02	Two-Dimensional Wind-Tunnel Investigation of Modified NACA 65(112)-111 Airfoil with 35-Percent-Chord Slotted Flap to Determine Optimum Flap Configuration at Reynolds Number of 2.4 Million	https://ntrs.nasa.gov/api/citations/20050019580/downloads/20050019580.pdf	https://ntrs.nasa.gov/citations/20050019580
20050028462	1958	OTHER	Langley Research Center	NACA-RM-SL58H07	Free-Spinning-Tunnel Investigation of a 1/28-Scale Model of the North American FJ-4 Airplane with External Fuel Tanks, TED No. NACA AD 3112	https://ntrs.nasa.gov/api/citations/20050028462/downloads/20050028462.pdf	https://ntrs.nasa.gov/citations/20050028462
20050028471	1950	OTHER	Langley Research Center	NACA-RM-SL50D18	Effect of Various Modifications on Drag and Longitudinal Stability and Control Characteristics at Transonic Speeds of a Model of the XF7U-1 Tailless Airplane: NACA Wing-FLow Method, TED No. NACA DE 307	https://ntrs.nasa.gov/api/citations/20050028471/downloads/20050028471.pdf	https://ntrs.nasa.gov/citations/20050028471
20050028485	1956	OTHER	Langley Research Center	NACA-RM-SL56H02	Concluding Report on Free-Spinning and Recovery Characteristics of a 1/24-Scale Model of the Grumman F11F-1 Airplane, TED No. NACA AD 395	https://ntrs.nasa.gov/api/citations/20050028485/downloads/20050028485.pdf	https://ntrs.nasa.gov/citations/20050028485
20050029399	1947	OTHER	Langley Research Center	NACA-RM-SL9A19	Longitudinal Characteristics of a Semispan Model of the Grumman Airplane Design 83 having a Sweptback Wing and of the Model with a Straight Wing as Determined from Wing-Flow Tests at Transonic Speeds, TED No. NACA DE337	https://ntrs.nasa.gov/api/citations/20050029399/downloads/20050029399.pdf	https://ntrs.nasa.gov/citations/20050029399
20050029413	1948	OTHER	Langley Research Center	NACA-RM-SL8H27	Flight Measurements of the Longitudinal Stability and Control Characteristics of the Grumman F8F-1 Airplane, TED No. NACA 2379	https://ntrs.nasa.gov/api/citations/20050029413/downloads/20050029413.pdf	https://ntrs.nasa.gov/citations/20050029413
20050029414	1947	OTHER	Langley Research Center	NACA-RM-L7B18	Two-Dimensional Wind-Tunnel Investigation of Modified NACA 65(sub 112)-111 Airfoil with 35-Percent-Chord Slotted Flap to Determine Pitching-Moment Characteristics and Effects of Roughness	https://ntrs.nasa.gov/api/citations/20050029414/downloads/20050029414.pdf	https://ntrs.nasa.gov/citations/20050029414
20050029415	1947	OTHER	Langley Research Center	NACA-RM-L7A24	Two-Dimensional Wind-Tunnel Investigation of Modified NACA 65(sub 112)-111 Airfoil with 35-Percent-Chord Slotted Flap at Reynolds Numbers up to 25 Million	https://ntrs.nasa.gov/api/citations/20050029415/downloads/20050029415.pdf	https://ntrs.nasa.gov/citations/20050029415
20050041783	1953	OTHER	Langley Research Center	NACA-RM-L53I10	Flight Test Results of Rocket-Propelled Buffet-Research Models Having 45 Degree Sweptback Wings and 45 Degree Sweptback Tails Located in the Wing Chord Plane	https://ntrs.nasa.gov/api/citations/20050041783/downloads/20050041783.pdf	https://ntrs.nasa.gov/citations/20050041783
20050071619	1955	OTHER	Langley Research Center	NACA-RM-E55J03	Chemical and Physical Properties of Hi-Cal-2	https://ntrs.nasa.gov/api/citations/20050071619/downloads/20050071619.pdf	https://ntrs.nasa.gov/citations/20050071619
20050080677	1947	OTHER	Langley Research Center	NACA-RM-L7I22	Aerodynamic Characteristics of a Number of Modified NACA Four-Digit-Series Airfoil Sections	https://ntrs.nasa.gov/api/citations/20050080677/downloads/20050080677.pdf	https://ntrs.nasa.gov/citations/20050080677
20050080743	1947	OTHER	Langley Research Center	NACA-RM-A7A17	The Effectiveness at High Speeds of a 20-Percent-Chord Plain Trailing-Edge Flap on the NACA 65-210 Airfoil	https://ntrs.nasa.gov/api/citations/20050080743/downloads/20050080743.pdf	https://ntrs.nasa.gov/citations/20050080743
20050080789	1953	OTHER	Langley Research Center	NACA-RM-L53B25a	Wind-Tunnel Investigation of the Static Lateral Stability Characteristics of Wing-Fuselage Combinations at High Subsonic Speeds	https://ntrs.nasa.gov/api/citations/20050080789/downloads/20050080789.pdf	https://ntrs.nasa.gov/citations/20050080789
20050092311	1947	OTHER	Langley Research Center	NACA-RM- L7H12	The Effects of Reynolds Number on the Application of NACA 16 Series Airfoil Characteristics to Propeller Design	https://ntrs.nasa.gov/api/citations/20050092311/downloads/20050092311.pdf	https://ntrs.nasa.gov/citations/20050092311
20050092351	1946	OTHER	Langley Research Center	NACA-RM-L6J01	Theoretical and Experimental Data for a Number of NACA 6A-Series Airfoil Sections	https://ntrs.nasa.gov/api/citations/20050092351/downloads/20050092351.pdf	https://ntrs.nasa.gov/citations/20050092351
20050192421	2005	CONTRACTOR_REPORT	Langley Research Center	NASA/CR-2005-213500	A Survey of Singular Value Decomposition Methods and Performance Comparison of Some Available Serial Codes	https://ntrs.nasa.gov/api/citations/20050192421/downloads/20050192421.pdf	https://ntrs.nasa.gov/citations/20050192421
20050215101	2004	TECHNICAL_MEMORANDUM	Marshall Space Flight Center	M-1128	FY 2003 Scientific and Technical Reports, Articles, Papers, and Presentations	https://ntrs.nasa.gov/api/citations/20050215101/downloads/20050215101.pdf	https://ntrs.nasa.gov/citations/20050215101
20050237906	2005	CONFERENCE_PAPER	Armstrong Flight Research Center		Hyper-X (X-43A) Flight Test Range Operations	https://ntrs.nasa.gov/api/citations/20050237906/downloads/20050237906.pdf	https://ntrs.nasa.gov/citations/20050237906
20050241726	1933	OTHER	Headquarters	NACA-TN-464	A Complete Tank Test of a Model of a Flying-Boat Hull - N.A.C.A. Model No.11	https://ntrs.nasa.gov/api/citations/20050241726/downloads/20050241726.pdf	https://ntrs.nasa.gov/citations/20050241726
20050241734	1943	OTHER	Headquarters	NACA/TR-802	NACA Investigation of a Jet-Propulsion System Applicable to Flight	https://ntrs.nasa.gov/api/citations/20050241734/downloads/20050241734.pdf	https://ntrs.nasa.gov/citations/20050241734
20060010177	2006	TECHNICAL_MEMORANDUM	Langley Research Center	L-19219	Joint Technical Architecture for Robotic Systems (JTARS)-Final Report	https://ntrs.nasa.gov/api/citations/20060010177/downloads/20060010177.pdf	https://ntrs.nasa.gov/citations/20060010177
20060028488	2006	CONFERENCE_PAPER	Johnson Space Center		Aerodynamics at NASA JSC	https://ntrs.nasa.gov/api/citations/20060028488/downloads/20060028488.pdf	https://ntrs.nasa.gov/citations/20060028488
20060051880	2006	TECHNICAL_MEMORANDUM	Marshall Space Flight Center	M-1162	FY 2004 Scientific and Technical Reports, Articles, Papers, and Presentations	https://ntrs.nasa.gov/api/citations/20060051880/downloads/20060051880.pdf	https://ntrs.nasa.gov/citations/20060051880
20070017453	2007	CONFERENCE_PAPER	Armstrong Flight Research Center		An Online Resource for Flight Test Safety Planning	https://ntrs.nasa.gov/api/citations/20070017453/downloads/20070017453.pdf	https://ntrs.nasa.gov/citations/20070017453
20070020160	2005	CONFERENCE_PAPER	Johnson Space Center		NASA Hydrogen Peroxide Propellant Hazards Technical Manual	https://ntrs.nasa.gov/api/citations/20070020160/downloads/20070020160.pdf	https://ntrs.nasa.gov/citations/20070020160
20070021634	2007	CONFERENCE_PAPER	Armstrong Flight Research Center		Flight Test Hazard Planning Near the Speed of Light	https://ntrs.nasa.gov/api/citations/20070021634/downloads/20070021634.pdf	https://ntrs.nasa.gov/citations/20070021634
20070025037	2007	OTHER	Armstrong Flight Research Center		Abort Flight Test Project Overview	https://ntrs.nasa.gov/api/citations/20070025037/downloads/20070025037.pdf	https://ntrs.nasa.gov/citations/20070025037
20070038193	2007	CONFERENCE_PAPER	Marshall Space Flight Center	IAC-07-D1.5.01	The MSFC Systems Engineering Guide: An Overview and Plan	https://ntrs.nasa.gov/api/citations/20070038193/downloads/20070038193.pdf	https://ntrs.nasa.gov/citations/20070038193
20080000780	2007	TECHNICAL_MEMORANDUM	Marshall Space Flight Center	M-1192	FY 2005 Scientific and Technical Reports, Articles, Papers, and Presentations	https://ntrs.nasa.gov/api/citations/20080000780/downloads/20080000780.pdf	https://ntrs.nasa.gov/citations/20080000780
20080008301	2007	SPECIAL_PUBLICATION	Headquarters	NASA/SP-2007-6105 Rev1	NASA Systems Engineering Handbook	https://ntrs.nasa.gov/api/citations/20080008301/downloads/20080008301.pdf	https://ntrs.nasa.gov/citations/20080008301
20080010655	2008	PREPRINT	Johnson Space Center		Human Factors Engineering Standards at NASA	https://ntrs.nasa.gov/api/citations/20080010655/downloads/20080010655.pdf	https://ntrs.nasa.gov/citations/20080010655
20080014867	2008	CONFERENCE_PAPER	Marshall Space Flight Center		A New Handbook for the Development of Space Vehicle Terrestrial Environment Design Requirements.	https://ntrs.nasa.gov/api/citations/20080014867/downloads/20080014867.pdf	https://ntrs.nasa.gov/citations/20080014867
20080015914	2008	CONFERENCE_PAPER	Marshall Space Flight Center		A New Handbook for the Development of Space Vehicle Terrestrial Environment Design Requirements	https://ntrs.nasa.gov/api/citations/20080015914/downloads/20080015914.pdf	https://ntrs.nasa.gov/citations/20080015914
20080020277	2007	CONFERENCE_PAPER	Armstrong Flight Research Center		X-48B System Flight Test	https://ntrs.nasa.gov/api/citations/20080020277/downloads/20080020277.pdf	https://ntrs.nasa.gov/citations/20080020277
20080040966	2008	CONFERENCE_PAPER	Langley Research Center		Modeling, Simulation, and Gaming: Student Capstone Conference	https://ntrs.nasa.gov/api/citations/20080040966/downloads/20080040966.pdf	https://ntrs.nasa.gov/citations/20080040966
20080048308	2009	CONFERENCE_PAPER	Johnson Space Center	JSC-CN-20790	Human Factors Interface with Systems Engineering for NASA Human Spaceflights	https://ntrs.nasa.gov/api/citations/20080048308/downloads/20080048308.pdf	https://ntrs.nasa.gov/citations/20080048308
20090021742	1954	OTHER	Legacy CDMS	NACA-RM-SE54I22	Permeability and Strength Measurements on Sintered, Porous, Hollow Turbine Blades Made by the American Electro Metal Corporation under Office of Naval Research Contract N-ONR-295 (01)	https://ntrs.nasa.gov/api/citations/20090021742/downloads/20090021742.pdf	https://ntrs.nasa.gov/citations/20090021742
20090023312	1957	OTHER	Legacy CDMS	NACA-RM-SE57F28	NACA Zero Power Reactor Facility Hazards Summary	https://ntrs.nasa.gov/api/citations/20090023312/downloads/20090023312.pdf	https://ntrs.nasa.gov/citations/20090023312
20090025473	1947	OTHER	Legacy CDMS	NACA-RM-SA7A17	The Effectiveness at High Speeds of a 20-Percent-chord Plain Trailing-edge Flap on the NACA 65-210 Airfoil Section	https://ntrs.nasa.gov/api/citations/20090025473/downloads/20090025473.pdf	https://ntrs.nasa.gov/citations/20090025473
20090026344	1946	OTHER	Legacy CDMS	NACA-RM-SE6H20	Investigation of Three Design Modifications of the NACA Injection Impeller in an R-3350 Engine	https://ntrs.nasa.gov/api/citations/20090026344/downloads/20090026344.pdf	https://ntrs.nasa.gov/citations/20090026344
20090035867	2009	CONFERENCE_PAPER	Ames Research Center	ARC-E-DAA-TN453	SMART Rotor Development and Wind-Tunnel Test	https://ntrs.nasa.gov/api/citations/20090035867/downloads/20090035867.pdf	https://ntrs.nasa.gov/citations/20090035867
20100012837	2010	CONFERENCE_PROCEEDINGS	Langley Research Center	NF1676L-10385	Selected Papers Presented at MODSIM World 2009 Conference and Expo	https://ntrs.nasa.gov/api/citations/20100012837/downloads/20100012837.pdf	https://ntrs.nasa.gov/citations/20100012837
20100013942	2010	TECHNICAL_MEMORANDUM	Glenn Research Center	NASA/TM-2010-216102	Experimental Evaluation of Stagnation Point Collection Efficiency of the NACA 0012 Swept Wing Tip	https://ntrs.nasa.gov/api/citations/20100013942/downloads/20100013942.pdf	https://ntrs.nasa.gov/citations/20100013942
20100021221	2010	CONFERENCE_PAPER	Headquarters	HQ-STI-10-055	Risk-Informed Decision Making: Application to Technology Development Alternative Selection	https://ntrs.nasa.gov/api/citations/20100021221/downloads/20100021221.pdf	https://ntrs.nasa.gov/citations/20100021221
20100021361	2010	SPECIAL_PUBLICATION	Headquarters	NASA/SP-2010-576-Version1.0	NASA Risk-Informed Decision Making Handbook	https://ntrs.nasa.gov/api/citations/20100021361/downloads/20100021361.pdf	https://ntrs.nasa.gov/citations/20100021361
20100025459	2010	CONFERENCE_PAPER	Langley Research Center	NF1676L-10997	Structured Transition of Wind Tunnel Operations Skills from Government-to Contractor-Managed	https://ntrs.nasa.gov/api/citations/20100025459/downloads/20100025459.pdf	https://ntrs.nasa.gov/citations/20100025459
20100031158	2010	OTHER	Kennedy Space Center	KSC-2010-168	Design and Testing of a Prototype Lunar or Planetary Surface Landing Research Vehicle (LPSLRV)	https://ntrs.nasa.gov/api/citations/20100031158/downloads/20100031158.pdf	https://ntrs.nasa.gov/citations/20100031158
20100040509	2010	CONFERENCE_PAPER	Marshall Space Flight Center	M10-0893	The ICARE Method	https://ntrs.nasa.gov/api/citations/20100040509/downloads/20100040509.pdf	https://ntrs.nasa.gov/citations/20100040509
20100042562	2010	ABSTRACT	Johnson Space Center	JSC-CN-22474	Human Factors, Habitability and Environmental Health and the Human Integration Design Handbook	https://ntrs.nasa.gov/api/citations/20100042562/downloads/20100042562.pdf	https://ntrs.nasa.gov/citations/20100042562
20110007108	2011	TECHNICAL_MEMORANDUM	Marshall Space Flight Center	M-1304	Direct Visualization of Shock Waves in Supersonic Space Shuttle Flight	https://ntrs.nasa.gov/api/citations/20110007108/downloads/20110007108.pdf	https://ntrs.nasa.gov/citations/20110007108
20110007139	2011	TECHNICAL_MEMORANDUM	Glenn Research Center	E-17571	Measurement of the Critical Distance Parameter Against Icing Conditions on a NACA 0012 Swept Wing Tip	https://ntrs.nasa.gov/api/citations/20110007139/downloads/20110007139.pdf	https://ntrs.nasa.gov/citations/20110007139
20110010931	2011	PRESENTATION	Kennedy Space Center	KSC-2011-058	Cloud Computing in a Secured Environment: An Opportunity for Large and Small Contractor Partnerships	https://ntrs.nasa.gov/api/citations/20110010931/downloads/20110010931.pdf	https://ntrs.nasa.gov/citations/20110010931
20110011493	2010	CONFERENCE_PAPER	Armstrong Flight Research Center	DFRC-E-DAA-TN2272	Orion Abort Flight Test	https://ntrs.nasa.gov/api/citations/20110011493/downloads/20110011493.pdf	https://ntrs.nasa.gov/citations/20110011493
20110012100	2011	CONFERENCE_PROCEEDINGS	Langley Research Center	L-20000	Selected Papers and Presentations Presented at MODSIM World 2010 Conference and Expo	https://ntrs.nasa.gov/api/citations/20110012100/downloads/20110012100.pdf	https://ntrs.nasa.gov/citations/20110012100
20110022499	2011	PRESENTATION	Goddard Space Flight Center	GSFC.CPR.4955.2011	Flight Systems Integration and Test	https://ntrs.nasa.gov/api/citations/20110022499/downloads/20110022499.pdf	https://ntrs.nasa.gov/citations/20110022499
20110023826	2011	PRESENTATION	Armstrong Flight Research Center	DFRC-E-DAA-TN3994	Overview of Selection Process for Most Influential Paper of the 1970's	https://ntrs.nasa.gov/api/citations/20110023826/downloads/20110023826.pdf	https://ntrs.nasa.gov/citations/20110023826
20120000033	2011	SPECIAL_PUBLICATION	Headquarters	HQ-STI-11-205	NASA Risk Management Handbook	https://ntrs.nasa.gov/api/citations/20120000033/downloads/20120000033.pdf	https://ntrs.nasa.gov/citations/20120000033
20120003291	2011	SPECIAL_PUBLICATION	Headquarters	NASA/SP-2010-580/Version 1.0	NASA System Safety Handbook: System Safety Framework and Concepts for Implementation - Volume 1	https://ntrs.nasa.gov/api/citations/20120003291/downloads/20120003291.pdf	https://ntrs.nasa.gov/citations/20120003291
20120015330	2012	CONFERENCE_PAPER	Marshall Space Flight Center	M12-1661	Tailoring Systems Engineering Processes in a Conceptual Design Environment: A Case Study at NASA Marshall Spaceflight Center's ACO	https://ntrs.nasa.gov/api/citations/20120015330/downloads/20120015330.pdf	https://ntrs.nasa.gov/citations/20120015330
20130000738	2012	CONFERENCE_PAPER	Johnson Space Center	JSC-CN-25695	NASA-STD-3001, Space Flight Human-System Standard and the Human Integration Design Handbook	https://ntrs.nasa.gov/api/citations/20130000738/downloads/20130000738.pdf	https://ntrs.nasa.gov/citations/20130000738
20130013524	2013	OTHER	Kennedy Space Center	KSC-2013-070	Computational Fluid Dynamics Uncertainty Analysis for Payload Fairing Spacecraft Environmental Control Systems	https://ntrs.nasa.gov/api/citations/20130013524/downloads/20130013524.pdf	https://ntrs.nasa.gov/citations/20130013524
20140002945	2013	ABSTRACT	Marshall Space Flight Center	M13-2418	Goal-Function Tree Modeling for Systems Engineering and Fault Management	https://ntrs.nasa.gov/api/citations/20140002945/downloads/20140002945.pdf	https://ntrs.nasa.gov/citations/20140002945
20140002992	2013	CONFERENCE_PAPER	Marshall Space Flight Center	M13-2819	Goal-Function Tree Modeling for Systems Engineering and Fault Management	https://ntrs.nasa.gov/api/citations/20140002992/downloads/20140002992.pdf	https://ntrs.nasa.gov/citations/20140002992
20140008549	2014	THESIS_DISSERTATION	Kennedy Space Center	KSC-E-DAA-TN13123	Dissertation Defense Computational Fluid Dynamics Uncertainty Analysis for Payload Fairing Spacecraft Environmental Control Systems	https://ntrs.nasa.gov/api/citations/20140008549/downloads/20140008549.pdf	https://ntrs.nasa.gov/citations/20140008549
20140008550	2014	THESIS_DISSERTATION	Kennedy Space Center	KSC-E-DAA-TN13127	Dissertation Defense: Computational Fluid Dynamics Uncertainty Analysis for Payload Fairing Spacecraft Environmental Control Systems	https://ntrs.nasa.gov/api/citations/20140008550/downloads/20140008550.pdf	https://ntrs.nasa.gov/citations/20140008550
20140009984	2013	PRESENTATION	Ames Research Center	ARC-E-DAA-TN10902	UH-60A Airloads Wind Tunnel Data Update	https://ntrs.nasa.gov/api/citations/20140009984/downloads/20140009984.pdf	https://ntrs.nasa.gov/citations/20140009984
20140010192	2013	PREPRINT	Armstrong Flight Research Center	DFRC-E-DAA-TN11035	Flight Test Engineering	https://ntrs.nasa.gov/api/citations/20140010192/downloads/20140010192.pdf	https://ntrs.nasa.gov/citations/20140010192
20140010193	2013	PRESENTATION	Armstrong Flight Research Center	DFRC-E-DAA-TN11330	Reverse Engineering Crosswind Limits - A New Flight Test Technique?	https://ntrs.nasa.gov/api/citations/20140010193/downloads/20140010193.pdf	https://ntrs.nasa.gov/citations/20140010193
20140010860	2013	PRESENTATION	Kennedy Space Center	KSC-E-DAA-TN11554	Computational Fluid Dynamics Uncertainty Analysis Applied to Heat Transfer over a Flat Plate	https://ntrs.nasa.gov/api/citations/20140010860/downloads/20140010860.pdf	https://ntrs.nasa.gov/citations/20140010860
20140011324	2014	PRESENTATION	Kennedy Space Center	KSC-E-DAA-TN11887	Computational Fluid Dynamics Uncertainty Analysis for Payload Fairing Spacecraft Environmental Control Systems	https://ntrs.nasa.gov/api/citations/20140011324/downloads/20140011324.pdf	https://ntrs.nasa.gov/citations/20140011324
20140011325	2014	PRESENTATION	Kennedy Space Center	KSC-E-DAA-TN11890	Interpolation Method Needed for Numerical Uncertainty Analysis of Computational Fluid Dynamics	https://ntrs.nasa.gov/api/citations/20140011325/downloads/20140011325.pdf	https://ntrs.nasa.gov/citations/20140011325
20150006021	2015	CONFERENCE_PAPER	Langley Research Center	NF1676L-18944	Aeroservoelastic Wind-Tunnel Test of the SUGAR Truss Braced Wing Wind-Tunnel Model	https://ntrs.nasa.gov/api/citations/20150006021/downloads/20150006021.pdf	https://ntrs.nasa.gov/citations/20150006021
20150006851	2015	CONFERENCE_PAPER	Langley Research Center	NF1676L-19137	Comparison of the NASA Common Research Model European Transonic Wind Tunnel Test Data to NASA Test Data	https://ntrs.nasa.gov/api/citations/20150006851/downloads/20150006851.pdf	https://ntrs.nasa.gov/citations/20150006851
20150008345	2015	PRESENTATION	Armstrong Flight Research Center	DFRC-E-DAA-TN22748	Armstrong Flight Research Center Flight Test Capabilities and Opportunities for the Applications of Wireless Data Acquisition Systems	https://ntrs.nasa.gov/api/citations/20150008345/downloads/20150008345.pdf	https://ntrs.nasa.gov/citations/20150008345
20150014000	2015	TECHNICAL_PUBLICATION	Langley Research Center	L-20554	Re-Computation of Numerical Results Contained in NACA Report No. 496	https://ntrs.nasa.gov/api/citations/20150014000/downloads/20150014000.pdf	https://ntrs.nasa.gov/citations/20150014000
20150015500	2015	SPECIAL_PUBLICATION	Headquarters	HQ-E-DAA-TN23550	NASA System Safety Handbook. Volume 2: System Safety Concepts, Guidelines, and Implementation Examples	https://ntrs.nasa.gov/api/citations/20150015500/downloads/20150015500.pdf	https://ntrs.nasa.gov/citations/20150015500
20150016264	2015	ABSTRACT	Marshall Space Flight Center	M15-4409	Orion Launch Abort System Performance During Exploration Flight Test 1	https://ntrs.nasa.gov/api/citations/20150016264/downloads/20150016264.pdf	https://ntrs.nasa.gov/citations/20150016264
20150018047	2015	PRESENTATION	Ames Research Center	ARC-E-DAA-TN22941	Generation of Aerothermal Databases for the Orion Multi-purpose Crew Vehicle Using Computational Fluid Dynamics	https://ntrs.nasa.gov/api/citations/20150018047/downloads/20150018047.pdf	https://ntrs.nasa.gov/citations/20150018047
20150018107	2015	CONFERENCE_PAPER	Goddard Space Flight Center	GSFC-E-DAA-TN25291	Technology Readiness Level Assessment Process as Applied to NASA Earth Science Missions	https://ntrs.nasa.gov/api/citations/20150018107/downloads/20150018107.pdf	https://ntrs.nasa.gov/citations/20150018107
20150019389	2015	PRESENTATION	Armstrong Flight Research Center	DFRC-E-DAA-TN26324	Approach for Structurally Clearing an Adaptive Compliant Trailing Edge Flap for Flight	https://ntrs.nasa.gov/api/citations/20150019389/downloads/20150019389.pdf	https://ntrs.nasa.gov/citations/20150019389
20150021829	1957	OTHER	Legacy CDMS		Index of NACA Technical Publications, July 1956 - June 1957	https://ntrs.nasa.gov/api/citations/20150021829/downloads/20150021829.pdf	https://ntrs.nasa.gov/citations/20150021829
20150022283	2015	SPECIAL_PUBLICATION	Johnson Space Center	JSC-CN-34987	Human Systems Integration (HSI) Practitioner's Guide	https://ntrs.nasa.gov/api/citations/20150022283/downloads/20150022283.pdf	https://ntrs.nasa.gov/citations/20150022283
20160000301	2016	CONFERENCE_PAPER	Ames Research Center	ARC-E-DAA-TN28074	Pre-Test Assessment of the Use Envelope of the Normal Force of a Wind Tunnel Strain-Gage Balance	https://ntrs.nasa.gov/api/citations/20160000301/downloads/20160000301.pdf	https://ntrs.nasa.gov/citations/20160000301
20160000575	2015	ABSTRACT	Ames Research Center	ARC-E-DAA-TN27374	SSI-ARC Flight Test 3 Data Review	https://ntrs.nasa.gov/api/citations/20160000575/downloads/20160000575.pdf	https://ntrs.nasa.gov/citations/20160000575
20160000588	2015	CONFERENCE_PAPER	Ames Research Center	ARC-E-DAA-TN27220	Abstracts to Be Presented at the 2015 Supercomputing Conference	https://ntrs.nasa.gov/api/citations/20160000588/downloads/20160000588.pdf	https://ntrs.nasa.gov/citations/20160000588
20160003515	2016	TECHNICAL_MEMORANDUM	Ames Research Center	NASA/TM-2016-216048	Boeing Smart Rotor Full-scale Wind Tunnel Test Data Report	https://ntrs.nasa.gov/api/citations/20160003515/downloads/20160003515.pdf	https://ntrs.nasa.gov/citations/20160003515
20160005030	2015	PRESENTATION	Ames Research Center	ARC-E-DAA-TN26134	Advancing Test Capabilities at NASA Wind Tunnels	https://ntrs.nasa.gov/api/citations/20160005030/downloads/20160005030.pdf	https://ntrs.nasa.gov/citations/20160005030
20160005947	2016	CONTRACTOR_REPORT	Glenn Research Center	E-19215	Check Calibration of the NASA Glenn 10- by 10-Foot Supersonic Wind Tunnel (2014 Test Entry)	https://ntrs.nasa.gov/api/citations/20160005947/downloads/20160005947.pdf	https://ntrs.nasa.gov/citations/20160005947
20160007399	2016	CONFERENCE_PAPER	Ames Research Center	ARC-E-DAA-TN31096	Wind Tunnel and Hover Performance Test Results for Multicopter UAS Vehicles	https://ntrs.nasa.gov/api/citations/20160007399/downloads/20160007399.pdf	https://ntrs.nasa.gov/citations/20160007399
20160007484	2015	CONFERENCE_PAPER	Langley Research Center	NF1676L-21894	Comparison of the NASA Common Research Model European Transonic Wind Tunnel Test Data to NASA Test Data	https://ntrs.nasa.gov/api/citations/20160007484/downloads/20160007484.pdf	https://ntrs.nasa.gov/citations/20160007484
20160007775	2016	CONFERENCE_PAPER	Armstrong Flight Research Center	DFRC-E-DAA-TN31619	Aerodynamic Flight-Test Results for the Adaptive Compliant Trailing Edge	https://ntrs.nasa.gov/api/citations/20160007775/downloads/20160007775.pdf	https://ntrs.nasa.gov/citations/20160007775
20160008713	2015	OTHER	Armstrong Flight Research Center	DFRC-E-DAA-TN28830	Flight Test Series 3: Flight Test Report	https://ntrs.nasa.gov/api/citations/20160008713/downloads/20160008713.pdf	https://ntrs.nasa.gov/citations/20160008713
20160011971	2015	OTHER	Goddard Space Flight Center	GSFC-E-DAA-TN35524	NGSLR Safety Handbook	https://ntrs.nasa.gov/api/citations/20160011971/downloads/20160011971.pdf	https://ntrs.nasa.gov/citations/20160011971
20160013417	2016	CONFERENCE_PAPER	Ames Research Center	ARC-E-DAA-TN32142	UAS in the NAS Flight Test Series 4 Overview	https://ntrs.nasa.gov/api/citations/20160013417/downloads/20160013417.pdf	https://ntrs.nasa.gov/citations/20160013417
20160013590	1970	OTHER	Johnson Space Center	MSC-04727	Skylab Operations Handbook: Orbital Workshop (OWS), Airlock Module (AM), Multiple Docking Adapter (MDA): Systems Descriptions - Volume 1	https://ntrs.nasa.gov/api/citations/20160013590/downloads/20160013590.pdf	https://ntrs.nasa.gov/citations/20160013590
20160014470	2016	PRESENTATION	Armstrong Flight Research Center	DFRC-E-DAA-TN37348	Analysis of Low-Speed Stall Aerodynamics of a Business Jets Wing Using STAR-CCM+	https://ntrs.nasa.gov/api/citations/20160014470/downloads/20160014470.pdf	https://ntrs.nasa.gov/citations/20160014470
20170001761	2017	SPECIAL_PUBLICATION	Headquarters	HQ-E-DAA-TN38707	NASA Systems Engineering Handbook 	https://ntrs.nasa.gov/api/citations/20170001761/downloads/20170001761.pdf	https://ntrs.nasa.gov/citations/20170001761
20170001779	2016	OTHER	Armstrong Flight Research Center	DFRC-E-DAA-TN39175	Integrated Test and Evaluation (ITE) Flight Test Series 4	https://ntrs.nasa.gov/api/citations/20170001779/downloads/20170001779.pdf	https://ntrs.nasa.gov/citations/20170001779
20170003036	2016	PRESENTATION	Glenn Research Center	GRC-E-DAA-TN34162	On High-Order Space-Time Methods for Computational Fluid Dynamics (CFD)	https://ntrs.nasa.gov/api/citations/20170003036/downloads/20170003036.pdf	https://ntrs.nasa.gov/citations/20170003036
20170003920	2016	TECHNICAL_MEMORANDUM	Marshall Space Flight Center	NASA/TM-2016-218229	Natural Environments Definition for Design	https://ntrs.nasa.gov/api/citations/20170003920/downloads/20170003920.pdf	https://ntrs.nasa.gov/citations/20170003920
20170005183	2017	PRESENTATION	Glenn Research Center	GRC-E-DAA-TN38535	Blockage Testing in the NASA Glenn 225 Square Centimeter Supersonic Wind Tunnel	https://ntrs.nasa.gov/api/citations/20170005183/downloads/20170005183.pdf	https://ntrs.nasa.gov/citations/20170005183
20170005786	2017	CONFERENCE_PAPER	Glenn Research Center	GRC-E-DAA-TN42235	Low-Reynolds Number Aerodynamics of an 8.9 Percent Scale Semispan Swept Wing for Assessment of Icing Effects	https://ntrs.nasa.gov/api/citations/20170005786/downloads/20170005786.pdf	https://ntrs.nasa.gov/citations/20170005786
20170006475	2016	CONFERENCE_PAPER	Ames Research Center	ARC-E-DAA-TN28326	NASA ERA Integrated CFD for Wind Tunnel Testing of Hybrid Wing-Body Configuration	https://ntrs.nasa.gov/api/citations/20170006475/downloads/20170006475.pdf	https://ntrs.nasa.gov/citations/20170006475
20170006533	2016	PRESENTATION	Ames Research Center	ARC-E-DAA-TN28678	NASA ERA Integrated CFD for Wind Tunnel Testing of Hybrid Wing-Body Configuration	https://ntrs.nasa.gov/api/citations/20170006533/downloads/20170006533.pdf	https://ntrs.nasa.gov/citations/20170006533
20170006844	2017	PRESENTATION	Armstrong Flight Research Center	AFRC-E-DAA-TN43978	Seeing Shock Waves: Background Oriented Schlieren for Flight Test	https://ntrs.nasa.gov/api/citations/20170006844/downloads/20170006844.pdf	https://ntrs.nasa.gov/citations/20170006844
20170007238	2016	SPECIAL_PUBLICATION	Headquarters	HQ-E-DAA-TN42999	Expanded Guidance for NASA Systems Engineering. Volume 1: Systems Engineering Practices	https://ntrs.nasa.gov/api/citations/20170007238/downloads/20170007238.pdf	https://ntrs.nasa.gov/citations/20170007238
20170007239	2016	SPECIAL_PUBLICATION	Headquarters	NASA/SP-2016-6105/SUPPL/Vol 2	Expanded Guidance for NASA Systems Engineering. Volume 2: Crosscutting Topics, Special Topics, and Appendices	https://ntrs.nasa.gov/api/citations/20170007239/downloads/20170007239.pdf	https://ntrs.nasa.gov/citations/20170007239
20170007300	2017	PRESENTATION	Glenn Research Center	GRC-E-DAA-TN43099	Low-Reynolds Number Aerodynamics of an 8.9 Percent Scale Semispan Swept Wing for Assessment of Icing Effects	https://ntrs.nasa.gov/api/citations/20170007300/downloads/20170007300.pdf	https://ntrs.nasa.gov/citations/20170007300
20170011246	2015	PRESENTATION	Ames Research Center	ARC-E-DAA-TN38585	Capabilities of the Unitary Plan Wind Tunnel	https://ntrs.nasa.gov/api/citations/20170011246/downloads/20170011246.pdf	https://ntrs.nasa.gov/citations/20170011246
20180003216	2018	TECHNICAL_MEMORANDUM	Ames Research Center	ARC-E-DAA-TN55249	Aerodynamics and Aeroacoustic Sources of a Coaxial Rotor	https://ntrs.nasa.gov/api/citations/20180003216/downloads/20180003216.pdf	https://ntrs.nasa.gov/citations/20180003216
20180004244	2018	PRESENTATION	Armstrong Flight Research Center	AFRC-E-DAA-TN57587	Propulsion-Airframe Integration Flight Test Instrumentation	https://ntrs.nasa.gov/api/citations/20180004244/downloads/20180004244.pdf	https://ntrs.nasa.gov/citations/20180004244
20180004483	2018	CONFERENCE_PAPER	Armstrong Flight Research Center	AFRC-E-DAA-TN56429	Best Practices for Training the Structures Flight Test Engineer	https://ntrs.nasa.gov/api/citations/20180004483/downloads/20180004483.pdf	https://ntrs.nasa.gov/citations/20180004483
20180004641	2018	PRESENTATION	Armstrong Flight Research Center	AFRC-E-DAA-TN57888	Best Practices for Training the Structures Flight Test Engineer	https://ntrs.nasa.gov/api/citations/20180004641/downloads/20180004641.pdf	https://ntrs.nasa.gov/citations/20180004641
20180008503	2015	CONTRACTOR_REPORT	Ames Research Center	ARC-E-DAA-TN28611	SMART Rotor Wind Tunnel Test Report	https://ntrs.nasa.gov/api/citations/20180008503/downloads/20180008503.pdf	https://ntrs.nasa.gov/citations/20180008503
20190001724	2018	TECHNICAL_MEMORANDUM	Goddard Space Flight Center	NASA/TM-2018-219027/Vol. 5	PACE Technical Report Series, Volume 5: Mission Formulation Studies	https://ntrs.nasa.gov/api/citations/20190001724/downloads/20190001724.pdf	https://ntrs.nasa.gov/citations/20190001724
20190025111	2019	CONFERENCE_PAPER	Ames Research Center	ARC-E-DAA-TN62155	Acoustic Testing of the Tiltrotor Test Rig in the National Full-Scale Aerodynamics Complex 40- by 80-Foot Wind Tunnel	https://ntrs.nasa.gov/api/citations/20190025111/downloads/20190025111.pdf	https://ntrs.nasa.gov/citations/20190025111
20190025115	2019	CONFERENCE_PAPER	Ames Research Center	ARC-E-DAA-TN67822	High-Speed Wind Tunnel Tests of a Full-Scale Proprotor on the Tiltrotor Test Rig	https://ntrs.nasa.gov/api/citations/20190025115/downloads/20190025115.pdf	https://ntrs.nasa.gov/citations/20190025115
20200001110	2020	TECHNICAL_MEMORANDUM	Ames Research Center	NASA/TM—2019–220302	Small Unmanned Aircraft System Off Nominal Operations Reporting System Unmanned Aircraft System: Traffic Management Technical Capability Level 4 Implementation, Data Collection and Analysis	https://ntrs.nasa.gov/api/citations/20200001110/downloads/20200001110.pdf	https://ntrs.nasa.gov/citations/20200001110
20200002018	2020	TECHNICAL_PUBLICATION	Langley Research Center	NF1676L-35551	Re-Computation of Numerical Results Contained in NACA Report No. 685	https://ntrs.nasa.gov/api/citations/20200002018/downloads/NASA-TP-2020-220562%20%20Replacement.pdf	https://ntrs.nasa.gov/citations/20200002018
20205000668	2020	CONTRACTOR_REPORT	Ames Research Center		Effect of Atmospheric Wind and Upstream Buildings on the Flow Quality in the Test Section of the 80-by 120-Foot Wind Tunnel	https://ntrs.nasa.gov/api/citations/20205000668/downloads/Wadcock_CR_20205000668_Final_7_1_20.pdf	https://ntrs.nasa.gov/citations/20205000668
20205000801	2020	OTHER	Langley Research Center	TB 20-03	Navigation Filter Design Best Practices	https://ntrs.nasa.gov/api/citations/20205000801/downloads/NESC%20Technical%20Bulletin%2020-03%2C%20Navigation%20Filter%20Design%20Best%20Practices.pdf	https://ntrs.nasa.gov/citations/20205000801
20205001335	2020	CONTRIBUTION_TO_LARGER_WORK	Armstrong Flight Research Center	NATO STO-TR-IST-999	Application of IRIG 106 Digital Data Recorder Standards for Flight Test	https://ntrs.nasa.gov/api/citations/20205001335/downloads/Agardograph%20SCI266%20Application%20of%20IRIG%20106%20Digital%20Data%20Standards%20for%20Flight%20Test%20final.pdf	https://ntrs.nasa.gov/citations/20205001335
20205001889	2020	CONTRACTOR_REPORT	Glenn Research Center	E-19828	Characterization of the NASA Glenn Research Center 8- by 6-Foot Supersonic Wind Tunnel Supersonic Test Section (2020 Test)	https://ntrs.nasa.gov/api/citations/20205001889/downloads/CR-20205001889.pdf	https://ntrs.nasa.gov/citations/20205001889
20205002968		CONFERENCE_PAPER	Langley Research Center		Computational Fluid Dynamics Simulations of the Transonic Dynamics Tunnel Airstream Oscillator System	https://ntrs.nasa.gov/api/citations/20205002968/downloads/Bartels.CompFluidDynSimOfTheTDTGustVanes.pdf	https://ntrs.nasa.gov/citations/20205002968
20205003711		CONFERENCE_PAPER	Langley Research Center		Medium-Sized Helicopter Noise Abatement Flight Test	https://ntrs.nasa.gov/api/citations/20205003711/downloads/VFS2020_Paper_Pascioni_V11.pdf	https://ntrs.nasa.gov/citations/20205003711
20205006102	2021	CONTRACTOR_REPORT	Glenn Research Center	E-19859	Characterization of the NASA Glenn Research Center 8- by 6-Foot Supersonic Wind Tunnel (2019 Test)	https://ntrs.nasa.gov/api/citations/20205006102/downloads/CR-20205006102.pdf	https://ntrs.nasa.gov/citations/20205006102
20205009122	2020	TECHNICAL_MEMORANDUM	Stennis Space Center		Physical Simulation Of Rocket Exhaust Aerodynamics Using Heated Ethane: Prototypical Experiments	https://ntrs.nasa.gov/api/citations/20205009122/downloads/NASA%20TM%202020-5009122.pdf	https://ntrs.nasa.gov/citations/20205009122
20205010545		CONFERENCE_PAPER	Langley Research Center		Determining Aircraft Moments of Inertia from Flight Test Data	https://ntrs.nasa.gov/api/citations/20205010545/downloads/Morelli_Flight_Inertia_Paper.pdf	https://ntrs.nasa.gov/citations/20205010545
20205011157		PRESENTATION	Langley Research Center		Determining Aircraft Moments of Inertia from Flight Test Data	https://ntrs.nasa.gov/api/citations/20205011157/downloads/Morelli_Flight_Test_Inertia_SciTech_2021.pdf	https://ntrs.nasa.gov/citations/20205011157
20210000030	2021	TECHNICAL_MEMORANDUM	Marshall Space Flight Center	M-1516	An Ontology-Based Virtual Orrery 	https://ntrs.nasa.gov/api/citations/20210000030/downloads/NASA_TM_20210000030.pdf	https://ntrs.nasa.gov/citations/20210000030
20210000295		CONFERENCE_PAPER	Ames Research Center		Upwind Buildings Effects on Test Section Performance of the NFAC 80- by 120-Foot Wind Tunnel	https://ntrs.nasa.gov/api/citations/20210000295/downloads/1457_Wagner_011321.pdf	https://ntrs.nasa.gov/citations/20210000295
20210010952	2021	SPECIAL_PUBLICATION	Langley Research Center	NASA/SP-20210010952	NASA Human Systems Integration Handbook	https://ntrs.nasa.gov/api/citations/20210010952/downloads/HSI%20Handbook%20v2.0%20092121_FINAL%20COPY.pdf	https://ntrs.nasa.gov/citations/20210010952
20210016041		PRESENTATION	Glenn Research Center		Full Aero-Thermal Characterization of the 9- by- 15 Foot Low Speed Wind Tunnel	https://ntrs.nasa.gov/api/citations/20210016041/downloads/9x15_Aero-Thermal_AIAA_Aviation_Presentation.pdf	https://ntrs.nasa.gov/citations/20210016041
20210016353	2020	CONFERENCE_PAPER	Goddard Space Flight Center		Agenda Items of the World Radiocommunication Conference 2023 Relevant to Remote Sensing	https://ntrs.nasa.gov/api/citations/20210016353/downloads/WRC23_AI_IGARSS2020.pdf	https://ntrs.nasa.gov/citations/20210016353
20210020966	2021	ACCEPTED_MANUSCRIPT	Langley Research Center		Determining Aircraft Moments of Inertia from Flight Test Data	https://ntrs.nasa.gov/api/citations/20210020966/downloads/Morelli_Flight_Inertia_JGCD_Paper_final0921.pdf	https://ntrs.nasa.gov/citations/20210020966
20210021871	2022	TECHNICAL_MEMORANDUM	Ames Research Center	NASA/TM-20210021871	Wind Tunnel Performance Tests of a Full-Scale Proprotor on the Tiltrotor Test Rig 	https://ntrs.nasa.gov/api/citations/20210021871/downloads/Acree%20TM-20210021871_FINAL.pdf	https://ntrs.nasa.gov/citations/20210021871
20210024617		CONFERENCE_PAPER	Langley Research Center		Comparison of Wind-Tunnel and Flight Unsteady Pressure Environments for the Ares I-X Flight Test Vehicle	https://ntrs.nasa.gov/api/citations/20210024617/downloads/tunnel2flight-aresix.pdf	https://ntrs.nasa.gov/citations/20210024617
20210026293		CONFERENCE_PAPER	Ames Research Center		Comparison of the CHARM Predictions of the Multirotor Test Bed with Wind Tunnel Experimental Results	https://ntrs.nasa.gov/api/citations/20210026293/downloads/1533_Shirazi_011422.pdf	https://ntrs.nasa.gov/citations/20210026293
20220006704		CONFERENCE_PAPER	Langley Research Center		Fan Acoustic Flight Effects on the PAA & ASN Flight Test	https://ntrs.nasa.gov/api/citations/20220006704/downloads/Clark_FanAcousticFlightEffects_05_05_22.pdf	https://ntrs.nasa.gov/citations/20220006704
20220010480		CONFERENCE_PAPER	Headquarters		SCaN Quantum Briefing - Conference Paper	https://ntrs.nasa.gov/api/citations/20220010480/downloads/SCaNQuantumBriefing_Public_July2022.pdf	https://ntrs.nasa.gov/citations/20220010480
20220012155	2022	TECHNICAL_MEMORANDUM	Ames Research Center		X-59 Sonic Boom Test Results from the NASA Glenn 8- by 6-Foot Supersonic Wind Tunnel	https://ntrs.nasa.gov/api/citations/20220012155/downloads/NASA-TM-20220012155-Final.pdf	https://ntrs.nasa.gov/citations/20220012155
20220012852		PRESENTATION	Glenn Research Center		Liquid Hydrogen Tank Chill and No-Vent Fill Prediction using Computational Fluid Dynamics	https://ntrs.nasa.gov/api/citations/20220012852/downloads/JANNAF_TIM2022presentation_LH2Tank_chill_and_fill_PESICH_8443_Final.pdf	https://ntrs.nasa.gov/citations/20220012852
20220012939		CONFERENCE_PAPER	Johnson Space Center	AC-22-E5,1,68019	Implementation of Human Systems Integration Technical and Management Process for the Lunar Gateway Program	https://ntrs.nasa.gov/api/citations/20220012939/downloads/IAC-22%2CE5%2C1%2Cx68019.manuscript%20-%20FINAL.pdf	https://ntrs.nasa.gov/citations/20220012939
20220015152	2022	TECHNICAL_PUBLICATION	Langley Research Center	NASA -TP-20220015152	Optimization Approach for Wind Tunnel Fan Blade Strain Gage Correlation with Test Fixture Unknowns	https://ntrs.nasa.gov/api/citations/20220015152/downloads/NASA-TP-20220015152.pdf	https://ntrs.nasa.gov/citations/20220015152
20220015668	2023	CONFERENCE_PAPER	Ames Research Center		X-59 Sonic Boom Test Results from the NASA Glenn 8- by 6-Foot Supersonic Wind Tunnel	https://ntrs.nasa.gov/api/citations/20220015668/downloads/AIAA%20Paper%2C%20X-59%208x6%20SB%20Test%20221018%20DD.pdf	https://ntrs.nasa.gov/citations/20220015668
20230002890	2023	CONTRACTOR_OR_GRANTEE_REPORT	Kennedy Space Center		Contractor Support Building #7 Per- and Polyfluoroalkyl Substances (PFAS) Site Assessment Work Plan	https://ntrs.nasa.gov/api/citations/20230002890/downloads/Contractor%20Support%20Building%20%237%20Work%20Plan.pdf	https://ntrs.nasa.gov/citations/20230002890
20230004347		CONFERENCE_PAPER	Glenn Research Center		Uncertainty Improvement in the NASA Glenn Research Center 8- by 6-Foot Supersonic Wind Tunnel	https://ntrs.nasa.gov/api/citations/20230004347/downloads/Manuscript%20-%20AIAA%20Aviation%202023%20-%208x6%20MUA%20Improvements_Submitted_04-4-2023.pdf	https://ntrs.nasa.gov/citations/20230004347
20230008942		PRESENTATION	Glenn Research Center		Liquid Hydrogen Tank Chill and No-Vent Fill Prediction Using Computational Fluid Dynamics	https://ntrs.nasa.gov/api/citations/20230008942/downloads/CEC2023_LH2Tank_chill_and_fill_PESICH.pdf	https://ntrs.nasa.gov/citations/20230008942
20230009291	2022	TECHNICAL_MEMORANDUM	Goddard Space Flight Center		AMD Radeon e9173 Low Power PCIE GPU Single Event Effects Test Report	https://ntrs.nasa.gov/api/citations/20230009291/downloads/20230009291-Wyrwas-NASA-TM-19-022.pdf	https://ntrs.nasa.gov/citations/20230009291
20230009525	2024	OTHER	Goddard Space Flight Center		Synthesis Report of the IPCC Sixth Assessment Report (AR6)	https://ntrs.nasa.gov/api/citations/20230009525/downloads/ARuaneIPCC6thAssessSynthesisAccepted.pdf	https://ntrs.nasa.gov/citations/20230009525
20230009593		CONFERENCE_PAPER	Glenn Research Center		Liquid Hydrogen Tank Chill and No-Vent Fill Prediction using Computational Fluid Dynamics	https://ntrs.nasa.gov/api/citations/20230009593/downloads/CEC2023_manuscript_LH2Tank_chill_and_fill_rev2.pdf	https://ntrs.nasa.gov/citations/20230009593
20230010473	2023	TECHNICAL_PUBLICATION	Langley Research Center	NASA/TP-2015-218765	Re-Computation of Numerical Results Contained in NACA Report No. 741	https://ntrs.nasa.gov/api/citations/20230010473/downloads/NASA-TP-20230010473.pdf	https://ntrs.nasa.gov/citations/20230010473
20230014774	2023	ACCEPTED_MANUSCRIPT	Glenn Research Center		Human Systems Integration: Managing Risk in Anesthesia	https://ntrs.nasa.gov/api/citations/20230014774/downloads/HSI%20in%20Anesthesia%20Final%20with%20References.pdf	https://ntrs.nasa.gov/citations/20230014774
20230017162		CONFERENCE_PAPER	Langley Research Center		Comparison of Wind-Tunnel and Flight Unsteady Pressure Stochastic Characteristics for the Space Launch System Artemis I Flight	https://ntrs.nasa.gov/api/citations/20230017162/downloads/artemis-flight2tunnel-v4-strives.pdf	https://ntrs.nasa.gov/citations/20230017162
20230017203		CONFERENCE_PAPER	Langley Research Center		Overview of the Integrated Adaptive Wing Technology Maturation Wind-Tunnel Test Objectives	https://ntrs.nasa.gov/api/citations/20230017203/downloads/iawtm-wt-plan-v3p2-strives.pdf	https://ntrs.nasa.gov/citations/20230017203
20230018530		PRESENTATION	Langley Research Center		Comparison of Wind-Tunnel and Flight Unsteady Pressure Stochastic Characteristics for the Space Launch System Artemis I Flight	https://ntrs.nasa.gov/api/citations/20230018530/downloads/ar01-scitech-2024-strives-v2.pdf	https://ntrs.nasa.gov/citations/20230018530
20230018531		PRESENTATION	Langley Research Center		Overview of the Integrated Adaptive Wing Technology Maturation Wind-Tunnel Test Objectives	https://ntrs.nasa.gov/api/citations/20230018531/downloads/iawtm-scitech-2024-charts-strives-v2.pdf	https://ntrs.nasa.gov/citations/20230018531
20240000053		PRESENTATION	Marshall Space Flight Center		Base Aerodynamics Post-Flight Reconstruction for Artemis I 	https://ntrs.nasa.gov/api/citations/20240000053/downloads/AIAA_2024_SCITECH_Base_Aero_Mehta.pdf	https://ntrs.nasa.gov/citations/20240000053
20240002116	2024	TECHNICAL_MEMORANDUM	Langley Research Center	NASA/TM-20240002116	Fundamental Proprotor Design Considerations	https://ntrs.nasa.gov/api/citations/20240002116/downloads/Fundamental_Proprotor_Design_Considerations_v2.pdf	https://ntrs.nasa.gov/citations/20240002116
20240002157		PRESENTATION	Langley Research Center		A Scenario-Based Approach to Assess Continuity Gaps in Earth Observations	https://ntrs.nasa.gov/api/citations/20240002157/downloads/Ivanco%20-%20IEEE24%20-%20Final.pdf	https://ntrs.nasa.gov/citations/20240002157
20240002788	2024	OTHER	Ames Research Center		eVTOL Vehicle-Agnostic Instrument Flight Procedures Test Plan	https://ntrs.nasa.gov/api/citations/20240002788/downloads/AAM-NC-121-001_eVTOL%20Agnostic%20IFP%20Test%20Plan.pdf	https://ntrs.nasa.gov/citations/20240002788
20240006011		EXTENDED_ABSTRACT	Ames Research Center		Spectral Proper Orthogonal Decomposition of uPSP Measurements in Recent NASA Ames Wind Tunnel Test	https://ntrs.nasa.gov/api/citations/20240006011/downloads/AIAA_SciTech_2025_JieLi_abstract_05122024.pdf	https://ntrs.nasa.gov/citations/20240006011
20240006314		EXTENDED_ABSTRACT	Glenn Research Center		Validation of a Multiphase Computational Fluid Dynamics Model for Vapor Pull-Through in Normal and Low Gravity 	https://ntrs.nasa.gov/api/citations/20240006314/downloads/VaporPullThroughModeling%20extendedAbstract.pdf	https://ntrs.nasa.gov/citations/20240006314
20240007468		CONFERENCE_PAPER	Armstrong Flight Research Center		Flight Test Evaluation of Automation-Induced Oscillations	https://ntrs.nasa.gov/api/citations/20240007468/downloads/20240007468FINAL_2.pdf	https://ntrs.nasa.gov/citations/20240007468
20240008170	2024	TECHNICAL_MEMORANDUM	Ames Research Center	NASA/TM-20240008170	Tiltrotor Test Rig Wind-Tunnel Test Data Catalog	https://ntrs.nasa.gov/api/citations/20240008170/downloads/1771_Acree_TM_1211224.pdf	https://ntrs.nasa.gov/citations/20240008170
20240012429	2024	CONTRACTOR_OR_GRANTEE_REPORT	Johnson Space Center		Evidence Report: Risk of Renal Stone Formation	https://ntrs.nasa.gov/api/citations/20240012429/downloads/Renal%20Stone%20Ev%20Report_AddReleaseDate.pdf	https://ntrs.nasa.gov/citations/20240012429
20240014222		CONFERENCE_PAPER	Ames Research Center		Spectral Proper Orthogonal Decomposition of uPSP Measurements in Recent NASA Ames Wind Tunnel Test	https://ntrs.nasa.gov/api/citations/20240014222/downloads/AIAA_SciTech_2025_JieLi_paper_11122024.pdf	https://ntrs.nasa.gov/citations/20240014222
20240014242		CONFERENCE_PAPER	Langley Research Center		NASA 5.2%-Scale Semispan High Lift Common Research Model Wind Tunnel Test at the 14- by 22-Foot Subsonic Tunnel	https://ntrs.nasa.gov/api/citations/20240014242/downloads/AIAA_CRMHL_14x22T669_V10_STRIVES.pdf	https://ntrs.nasa.gov/citations/20240014242
20240014732		CONFERENCE_PAPER	Glenn Research Center		Validation of a Multiphase Computational Fluid Dynamics Model for Vapor Pull-Through in Normal and Low Gravity 	https://ntrs.nasa.gov/api/citations/20240014732/downloads/Pesich%20VPT%20SciTech2025%20manuscript2.pdf	https://ntrs.nasa.gov/citations/20240014732
20240014767		POSTER	Marshall Space Flight Center		Validation of Cryogenic Propellant Tank Filling using Computational Fluid Dynamics Simulation	https://ntrs.nasa.gov/api/citations/20240014767/downloads/APS%20DFD%202024%20-%20Tank%20Filling%20Validation%20-%20Poster.pdf	https://ntrs.nasa.gov/citations/20240014767
20240015702		PRESENTATION	Langley Research Center		NASA 5.2%-Scale Semispan High Lift Common Research Model Wind Tunnel Test at the 14- by 22-Foot Subsonic Tunnel	https://ntrs.nasa.gov/api/citations/20240015702/downloads/AIAA_SciTech_2025_CRM-HL_20250106_v3.pdf	https://ntrs.nasa.gov/citations/20240015702
20240015759	2024	OTHER	Headquarters	Winter 2024	Enabling America on the Space Frontier: The Evolution of NASA’s Commercial Space Development Toolkit 	https://ntrs.nasa.gov/api/citations/20240015759/downloads/NASA%20EASF%20Publication%20DRAFT%20508.pdf	https://ntrs.nasa.gov/citations/20240015759
20240016030		PRESENTATION	Glenn Research Center		Validation of A Multiphase Computational Fluid Dynamics Model for Vapor Pull-Through in Normal and Low Gravity	https://ntrs.nasa.gov/api/citations/20240016030/downloads/VPT%20Presentation%20Pesich.pdf	https://ntrs.nasa.gov/citations/20240016030
20250003472		PRESENTATION	Glenn Research Center		NASA Glenn Research Center 10- by 10-Foot Supersonic Wind Tunnel Air Heater Capability and Characterization Plans	https://ntrs.nasa.gov/api/citations/20250003472/downloads/STAI_139_NASAGRC_1.pdf	https://ntrs.nasa.gov/citations/20250003472
20250003661		CONFERENCE_PAPER	Langley Research Center		Flight-Test System Identification Methodology and Hover Results for a Vectored-Thrust eVTOL Aircraft	https://ntrs.nasa.gov/api/citations/20250003661/downloads/SimmonsEtAl_eVTOL_SID_VFS81_v04292025.pdf	https://ntrs.nasa.gov/citations/20250003661
20250003673		POSTER	Marshall Space Flight Center		Cryogenic Fluid Management Technology Advancement Using Computational Fluid Dynamics	https://ntrs.nasa.gov/api/citations/20250003673/downloads/2025%20ER42%20CFM%20Jamboree%20Poster.pdf	https://ntrs.nasa.gov/citations/20250003673
20250004035	2025	TECHNICAL_MEMORANDUM	Glenn Research Center	NASA/TM-20250004035	9- by 15-Foot Low-Speed Wind Tunnel Commissioning Test Using Advanced Ducted Propulsor	https://ntrs.nasa.gov/api/citations/20250004035/downloads/TM-20250004035.pdf	https://ntrs.nasa.gov/citations/20250004035
20250004844	2025	TECHNICAL_MEMORANDUM	Marshall Space Flight Center		The Systems Engineering Technical Management Challenge	https://ntrs.nasa.gov/api/citations/20250004844/downloads/Systems_Engineering_Technical_Management_Challenge.pdf	https://ntrs.nasa.gov/citations/20250004844
20250004880		PRESENTATION	Langley Research Center		Overview of a Comprehensive MD530F Acoustic Flight Test	https://ntrs.nasa.gov/api/citations/20250004880/downloads/VFS2025_Overview_v2.pdf	https://ntrs.nasa.gov/citations/20250004880
20250005028		EXTENDED_ABSTRACT	Ames Research Center		Separation of Vortex Shedding Tones and Broadband Signals using SPOD of uPSP Measurements in NASA Ames Wind Tunnel Test	https://ntrs.nasa.gov/api/citations/20250005028/downloads/AIAA_SciTech_2026_JieLi_abstract_05132025_v2.pdf	https://ntrs.nasa.gov/citations/20250005028
20250005900	2025	CONFERENCE_PAPER	Ames Research Center		Astrobee Contribution to Collaborative ISS Free-Flyer Robot Paper	https://ntrs.nasa.gov/api/citations/20250005900/downloads/draft_astrobee_isparo_2025.pdf	https://ntrs.nasa.gov/citations/20250005900
20250010907		CONFERENCE_PAPER	Ames Research Center		Separation of Vortex Shedding Tones and Broadband Signals using SPOD of uPSP Measurements in NASA Ames Wind Tunnel Test	https://ntrs.nasa.gov/api/citations/20250010907/downloads/AIAA_SciTech_2026_JieLi_paper_11242025.pdf	https://ntrs.nasa.gov/citations/20250010907
20250011502		PRESENTATION	Langley Research Center		Static Aerodynamics of the Dragonfly Entry Vehicle	https://ntrs.nasa.gov/api/citations/20250011502/downloads/Shellabarger_DflyStaticAero_R5_20251216.pdf	https://ntrs.nasa.gov/citations/20250011502
20260001349	2026	TECHNICAL_PUBLICATION	Ames Research Center	NASA/TM-20210021871	Wind Tunnel Performance Tests of a Full-Scale Proprotor on the Tiltrotor Test Rig Addendum: Numerical Data	https://ntrs.nasa.gov/api/citations/20260001349/downloads/Performance%20TM%20addendum%20dateadd.pdf	https://ntrs.nasa.gov/citations/20260001349
20260002490	2026	TECHNICAL_MEMORANDUM	Ames Research Center		Advances in Entry Systems Modeling: Modeling Summer Visit 2025 Technical Reports	https://ntrs.nasa.gov/api/citations/20260002490/downloads/tm_reportNASA_final.pdf	https://ntrs.nasa.gov/citations/20260002490
20260005193	2026	CONTRACTOR_OR_GRANTEE_REPORT	Kennedy Space Center		Communication, Maintenance, and Storage Facility, Solid Waste Management Unit (SWMU) 082, Corrective Measures Study Progress Report, Revision 1, Kennedy Space Center, Florida	https://ntrs.nasa.gov/api/citations/20260005193/downloads/Rev%201%20CMS%20Progress%20Report.pdf	https://ntrs.nasa.gov/citations/20260005193
20260008742		CONFERENCE_PAPER	Headquarters		Conference on Langley Research Related to Apollo Mission: Compilation of Papers Presented 	https://ntrs.nasa.gov/api/citations/20260008742/downloads/APO_B-065-52_CHRON_F7_JUN-22-65_Redacted.pdf	https://ntrs.nasa.gov/citations/20260008742
