id	rep	k	cum_us
nist-pdf-0002	1	0	41
nist-pdf-0002	1	1	59
nist-pdf-0002	1	2	77
nist-pdf-0002	1	3	84
nist-pdf-0002	1	4	87
nist-pdf-0002	1	5	120
nist-pdf-0002	1	6	142
nist-pdf-0002	1	7	147
nist-pdf-0002	1	8	169
nist-pdf-0002	1	9	172
nist-pdf-0002	1	10	173
nist-pdf-0002	1	11	174
nist-pdf-0002	1	12	177
nist-pdf-0002	1	13	199
nist-pdf-0002	1	14	221
nist-pdf-0002	1	15	243
nist-pdf-0002	1	16	246
nist-pdf-0002	1	17	247
nist-pdf-0002	1	18	250
nist-pdf-0002	1	19	251
nist-pdf-0002	1	20	273
nist-pdf-0002	1	21	274
nist-pdf-0002	1	22	296
nist-pdf-0002	1	23	318
nist-pdf-0002	2	0	48
nist-pdf-0002	2	1	67
nist-pdf-0002	2	2	85
nist-pdf-0002	2	3	92
nist-pdf-0002	2	4	95
nist-pdf-0002	2	5	128
nist-pdf-0002	2	6	150
nist-pdf-0002	2	7	154
nist-pdf-0002	2	8	176
nist-pdf-0002	2	9	179
nist-pdf-0002	2	10	180
nist-pdf-0002	2	11	181
nist-pdf-0002	2	12	184
nist-pdf-0002	2	13	206
nist-pdf-0002	2	14	228
nist-pdf-0002	2	15	250
nist-pdf-0002	2	16	253
nist-pdf-0002	2	17	254
nist-pdf-0002	2	18	257
nist-pdf-0002	2	19	258
nist-pdf-0002	2	20	281
nist-pdf-0002	2	21	282
nist-pdf-0002	2	22	304
nist-pdf-0002	2	23	326
nist-pdf-0002	3	0	40
nist-pdf-0002	3	1	59
nist-pdf-0002	3	2	77
nist-pdf-0002	3	3	83
nist-pdf-0002	3	4	86
nist-pdf-0002	3	5	116
nist-pdf-0002	3	6	139
nist-pdf-0002	3	7	143
nist-pdf-0002	3	8	165
nist-pdf-0002	3	9	168
nist-pdf-0002	3	10	169
nist-pdf-0002	3	11	170
nist-pdf-0002	3	12	173
nist-pdf-0002	3	13	195
nist-pdf-0002	3	14	217
nist-pdf-0002	3	15	239
nist-pdf-0002	3	16	242
nist-pdf-0002	3	17	243
nist-pdf-0002	3	18	246
nist-pdf-0002	3	19	247
nist-pdf-0002	3	20	269
nist-pdf-0002	3	21	270
nist-pdf-0002	3	22	292
nist-pdf-0002	3	23	314
nist-pdf-0002	4	0	41
nist-pdf-0002	4	1	60
nist-pdf-0002	4	2	78
nist-pdf-0002	4	3	85
nist-pdf-0002	4	4	88
nist-pdf-0002	4	5	120
nist-pdf-0002	4	6	142
nist-pdf-0002	4	7	146
nist-pdf-0002	4	8	168
nist-pdf-0002	4	9	171
nist-pdf-0002	4	10	172
nist-pdf-0002	4	11	173
nist-pdf-0002	4	12	176
nist-pdf-0002	4	13	198
nist-pdf-0002	4	14	220
nist-pdf-0002	4	15	242
nist-pdf-0002	4	16	245
nist-pdf-0002	4	17	246
nist-pdf-0002	4	18	249
nist-pdf-0002	4	19	250
nist-pdf-0002	4	20	272
nist-pdf-0002	4	21	273
nist-pdf-0002	4	22	297
nist-pdf-0002	4	23	319
nist-pdf-0002	5	0	39
nist-pdf-0002	5	1	58
nist-pdf-0002	5	2	76
nist-pdf-0002	5	3	82
nist-pdf-0002	5	4	85
nist-pdf-0002	5	5	115
nist-pdf-0002	5	6	137
nist-pdf-0002	5	7	141
nist-pdf-0002	5	8	163
nist-pdf-0002	5	9	166
nist-pdf-0002	5	10	167
nist-pdf-0002	5	11	168
nist-pdf-0002	5	12	171
nist-pdf-0002	5	13	193
nist-pdf-0002	5	14	215
nist-pdf-0002	5	15	237
nist-pdf-0002	5	16	240
nist-pdf-0002	5	17	241
nist-pdf-0002	5	18	244
nist-pdf-0002	5	19	245
nist-pdf-0002	5	20	267
nist-pdf-0002	5	21	268
nist-pdf-0002	5	22	290
nist-pdf-0002	5	23	312
nist-pdf-0002	6	0	43
nist-pdf-0002	6	1	62
nist-pdf-0002	6	2	80
nist-pdf-0002	6	3	87
nist-pdf-0002	6	4	90
nist-pdf-0002	6	5	122
nist-pdf-0002	6	6	144
nist-pdf-0002	6	7	148
nist-pdf-0002	6	8	170
nist-pdf-0002	6	9	173
nist-pdf-0002	6	10	174
nist-pdf-0002	6	11	175
nist-pdf-0002	6	12	178
nist-pdf-0002	6	13	200
nist-pdf-0002	6	14	222
nist-pdf-0002	6	15	246
nist-pdf-0002	6	16	249
nist-pdf-0002	6	17	250
nist-pdf-0002	6	18	253
nist-pdf-0002	6	19	254
nist-pdf-0002	6	20	276
nist-pdf-0002	6	21	277
nist-pdf-0002	6	22	299
nist-pdf-0002	6	23	321
nist-pdf-0002	7	0	41
nist-pdf-0002	7	1	60
nist-pdf-0002	7	2	78
nist-pdf-0002	7	3	84
nist-pdf-0002	7	4	87
nist-pdf-0002	7	5	118
nist-pdf-0002	7	6	140
nist-pdf-0002	7	7	144
nist-pdf-0002	7	8	166
nist-pdf-0002	7	9	169
nist-pdf-0002	7	10	170
nist-pdf-0002	7	11	171
nist-pdf-0002	7	12	174
nist-pdf-0002	7	13	196
nist-pdf-0002	7	14	218
nist-pdf-0002	7	15	240
nist-pdf-0002	7	16	243
nist-pdf-0002	7	17	244
nist-pdf-0002	7	18	247
nist-pdf-0002	7	19	248
nist-pdf-0002	7	20	270
nist-pdf-0002	7	21	271
nist-pdf-0002	7	22	293
nist-pdf-0002	7	23	315
nist-pdf-0002	8	0	41
nist-pdf-0002	8	1	59
nist-pdf-0002	8	2	77
nist-pdf-0002	8	3	84
nist-pdf-0002	8	4	87
nist-pdf-0002	8	5	118
nist-pdf-0002	8	6	140
nist-pdf-0002	8	7	144
nist-pdf-0002	8	8	166
nist-pdf-0002	8	9	169
nist-pdf-0002	8	10	170
nist-pdf-0002	8	11	171
nist-pdf-0002	8	12	174
nist-pdf-0002	8	13	196
nist-pdf-0002	8	14	218
nist-pdf-0002	8	15	240
nist-pdf-0002	8	16	243
nist-pdf-0002	8	17	244
nist-pdf-0002	8	18	247
nist-pdf-0002	8	19	248
nist-pdf-0002	8	20	270
nist-pdf-0002	8	21	271
nist-pdf-0002	8	22	293
nist-pdf-0002	8	23	315
nist-pdf-0002	9	0	93
nist-pdf-0002	9	1	111
nist-pdf-0002	9	2	129
nist-pdf-0002	9	3	135
nist-pdf-0002	9	4	138
nist-pdf-0002	9	5	167
nist-pdf-0002	9	6	189
nist-pdf-0002	9	7	193
nist-pdf-0002	9	8	215
nist-pdf-0002	9	9	218
nist-pdf-0002	9	10	219
nist-pdf-0002	9	11	220
nist-pdf-0002	9	12	223
nist-pdf-0002	9	13	245
nist-pdf-0002	9	14	267
nist-pdf-0002	9	15	289
nist-pdf-0002	9	16	292
nist-pdf-0002	9	17	293
nist-pdf-0002	9	18	296
nist-pdf-0002	9	19	297
nist-pdf-0002	9	20	321
nist-pdf-0002	9	21	322
nist-pdf-0002	9	22	344
nist-pdf-0002	9	23	366
nist-pdf-0002	10	0	40
nist-pdf-0002	10	1	58
nist-pdf-0002	10	2	76
nist-pdf-0002	10	3	83
nist-pdf-0002	10	4	86
nist-pdf-0002	10	5	117
nist-pdf-0002	10	6	140
nist-pdf-0002	10	7	144
nist-pdf-0002	10	8	166
nist-pdf-0002	10	9	169
nist-pdf-0002	10	10	170
nist-pdf-0002	10	11	171
nist-pdf-0002	10	12	174
nist-pdf-0002	10	13	196
nist-pdf-0002	10	14	218
nist-pdf-0002	10	15	244
nist-pdf-0002	10	16	247
nist-pdf-0002	10	17	258
nist-pdf-0002	10	18	268
nist-pdf-0002	10	19	270
nist-pdf-0002	10	20	301
nist-pdf-0002	10	21	302
nist-pdf-0002	10	22	325
nist-pdf-0002	10	23	347
nist-pdf-0002	11	0	40
nist-pdf-0002	11	1	59
nist-pdf-0002	11	2	77
nist-pdf-0002	11	3	82
nist-pdf-0002	11	4	85
nist-pdf-0002	11	5	113
nist-pdf-0002	11	6	135
nist-pdf-0002	11	7	138
nist-pdf-0002	11	8	160
nist-pdf-0002	11	9	163
nist-pdf-0002	11	10	164
nist-pdf-0002	11	11	165
nist-pdf-0002	11	12	168
nist-pdf-0002	11	13	190
nist-pdf-0002	11	14	212
nist-pdf-0002	11	15	234
nist-pdf-0002	11	16	237
nist-pdf-0002	11	17	238
nist-pdf-0002	11	18	241
nist-pdf-0002	11	19	242
nist-pdf-0002	11	20	265
nist-pdf-0002	11	21	266
nist-pdf-0002	11	22	288
nist-pdf-0002	11	23	310
nist-pdf-0002	12	0	44
nist-pdf-0002	12	1	63
nist-pdf-0002	12	2	81
nist-pdf-0002	12	3	88
nist-pdf-0002	12	4	91
nist-pdf-0002	12	5	122
nist-pdf-0002	12	6	144
nist-pdf-0002	12	7	148
nist-pdf-0002	12	8	170
nist-pdf-0002	12	9	173
nist-pdf-0002	12	10	174
nist-pdf-0002	12	11	175
nist-pdf-0002	12	12	178
nist-pdf-0002	12	13	200
nist-pdf-0002	12	14	222
nist-pdf-0002	12	15	244
nist-pdf-0002	12	16	247
nist-pdf-0002	12	17	248
nist-pdf-0002	12	18	251
nist-pdf-0002	12	19	252
nist-pdf-0002	12	20	275
nist-pdf-0002	12	21	276
nist-pdf-0002	12	22	298
nist-pdf-0002	12	23	320
nist-pdf-0002	13	0	46
nist-pdf-0002	13	1	65
nist-pdf-0002	13	2	83
nist-pdf-0002	13	3	90
nist-pdf-0002	13	4	93
nist-pdf-0002	13	5	124
nist-pdf-0002	13	6	146
nist-pdf-0002	13	7	150
nist-pdf-0002	13	8	172
nist-pdf-0002	13	9	175
nist-pdf-0002	13	10	177
nist-pdf-0002	13	11	178
nist-pdf-0002	13	12	182
nist-pdf-0002	13	13	206
nist-pdf-0002	13	14	230
nist-pdf-0002	13	15	252
nist-pdf-0002	13	16	255
nist-pdf-0002	13	17	256
nist-pdf-0002	13	18	259
nist-pdf-0002	13	19	260
nist-pdf-0002	13	20	282
nist-pdf-0002	13	21	283
nist-pdf-0002	13	22	305
nist-pdf-0002	13	23	327
nist-pdf-0002	14	0	40
nist-pdf-0002	14	1	59
nist-pdf-0002	14	2	77
nist-pdf-0002	14	3	85
nist-pdf-0002	14	4	88
nist-pdf-0002	14	5	119
nist-pdf-0002	14	6	141
nist-pdf-0002	14	7	146
nist-pdf-0002	14	8	168
nist-pdf-0002	14	9	171
nist-pdf-0002	14	10	172
nist-pdf-0002	14	11	173
nist-pdf-0002	14	12	176
nist-pdf-0002	14	13	198
nist-pdf-0002	14	14	220
nist-pdf-0002	14	15	245
nist-pdf-0002	14	16	248
nist-pdf-0002	14	17	249
nist-pdf-0002	14	18	252
nist-pdf-0002	14	19	260
nist-pdf-0002	14	20	295
nist-pdf-0002	14	21	297
nist-pdf-0002	14	22	320
nist-pdf-0002	14	23	342
nist-pdf-0002	15	0	36
nist-pdf-0002	15	1	56
nist-pdf-0002	15	2	74
nist-pdf-0002	15	3	79
nist-pdf-0002	15	4	82
nist-pdf-0002	15	5	109
nist-pdf-0002	15	6	131
nist-pdf-0002	15	7	134
nist-pdf-0002	15	8	156
nist-pdf-0002	15	9	159
nist-pdf-0002	15	10	160
nist-pdf-0002	15	11	161
nist-pdf-0002	15	12	164
nist-pdf-0002	15	13	186
nist-pdf-0002	15	14	208
nist-pdf-0002	15	15	230
nist-pdf-0002	15	16	233
nist-pdf-0002	15	17	234
nist-pdf-0002	15	18	237
nist-pdf-0002	15	19	238
nist-pdf-0002	15	20	260
nist-pdf-0002	15	21	261
nist-pdf-0002	15	22	283
nist-pdf-0002	15	23	305
nist-pdf-0002	16	0	45
nist-pdf-0002	16	1	64
nist-pdf-0002	16	2	82
nist-pdf-0002	16	3	90
nist-pdf-0002	16	4	93
nist-pdf-0002	16	5	125
nist-pdf-0002	16	6	147
nist-pdf-0002	16	7	152
nist-pdf-0002	16	8	174
nist-pdf-0002	16	9	177
nist-pdf-0002	16	10	178
nist-pdf-0002	16	11	179
nist-pdf-0002	16	12	182
nist-pdf-0002	16	13	204
nist-pdf-0002	16	14	226
nist-pdf-0002	16	15	248
nist-pdf-0002	16	16	251
nist-pdf-0002	16	17	252
nist-pdf-0002	16	18	255
nist-pdf-0002	16	19	256
nist-pdf-0002	16	20	279
nist-pdf-0002	16	21	280
nist-pdf-0002	16	22	302
nist-pdf-0002	16	23	324
nist-pdf-0002	17	0	39
nist-pdf-0002	17	1	58
nist-pdf-0002	17	2	76
nist-pdf-0002	17	3	83
nist-pdf-0002	17	4	86
nist-pdf-0002	17	5	117
nist-pdf-0002	17	6	141
nist-pdf-0002	17	7	153
nist-pdf-0002	17	8	176
nist-pdf-0002	17	9	180
nist-pdf-0002	17	10	182
nist-pdf-0002	17	11	183
nist-pdf-0002	17	12	186
nist-pdf-0002	17	13	208
nist-pdf-0002	17	14	231
nist-pdf-0002	17	15	253
nist-pdf-0002	17	16	256
nist-pdf-0002	17	17	257
nist-pdf-0002	17	18	260
nist-pdf-0002	17	19	261
nist-pdf-0002	17	20	283
nist-pdf-0002	17	21	284
nist-pdf-0002	17	22	306
nist-pdf-0002	17	23	328
nist-pdf-0002	18	0	45
nist-pdf-0002	18	1	64
nist-pdf-0002	18	2	82
nist-pdf-0002	18	3	89
nist-pdf-0002	18	4	92
nist-pdf-0002	18	5	124
nist-pdf-0002	18	6	146
nist-pdf-0002	18	7	151
nist-pdf-0002	18	8	173
nist-pdf-0002	18	9	176
nist-pdf-0002	18	10	177
nist-pdf-0002	18	11	178
nist-pdf-0002	18	12	181
nist-pdf-0002	18	13	205
nist-pdf-0002	18	14	227
nist-pdf-0002	18	15	249
nist-pdf-0002	18	16	252
nist-pdf-0002	18	17	253
nist-pdf-0002	18	18	256
nist-pdf-0002	18	19	257
nist-pdf-0002	18	20	280
nist-pdf-0002	18	21	281
nist-pdf-0002	18	22	303
nist-pdf-0002	18	23	325
nist-pdf-0002	19	0	38
nist-pdf-0002	19	1	57
nist-pdf-0002	19	2	75
nist-pdf-0002	19	3	81
nist-pdf-0002	19	4	84
nist-pdf-0002	19	5	113
nist-pdf-0002	19	6	135
nist-pdf-0002	19	7	139
nist-pdf-0002	19	8	161
nist-pdf-0002	19	9	164
nist-pdf-0002	19	10	165
nist-pdf-0002	19	11	166
nist-pdf-0002	19	12	169
nist-pdf-0002	19	13	191
nist-pdf-0002	19	14	213
nist-pdf-0002	19	15	235
nist-pdf-0002	19	16	238
nist-pdf-0002	19	17	239
nist-pdf-0002	19	18	242
nist-pdf-0002	19	19	243
nist-pdf-0002	19	20	266
nist-pdf-0002	19	21	267
nist-pdf-0002	19	22	289
nist-pdf-0002	19	23	311
nist-pdf-0002	20	0	43
nist-pdf-0002	20	1	62
nist-pdf-0002	20	2	80
nist-pdf-0002	20	3	87
nist-pdf-0002	20	4	90
nist-pdf-0002	20	5	122
nist-pdf-0002	20	6	144
nist-pdf-0002	20	7	148
nist-pdf-0002	20	8	170
nist-pdf-0002	20	9	173
nist-pdf-0002	20	10	174
nist-pdf-0002	20	11	175
nist-pdf-0002	20	12	178
nist-pdf-0002	20	13	200
nist-pdf-0002	20	14	222
nist-pdf-0002	20	15	249
nist-pdf-0002	20	16	252
nist-pdf-0002	20	17	253
nist-pdf-0002	20	18	256
nist-pdf-0002	20	19	257
nist-pdf-0002	20	20	279
nist-pdf-0002	20	21	280
nist-pdf-0002	20	22	302
nist-pdf-0002	20	23	324
nist-pdf-0002	21	0	40
nist-pdf-0002	21	1	59
nist-pdf-0002	21	2	77
nist-pdf-0002	21	3	83
nist-pdf-0002	21	4	86
nist-pdf-0002	21	5	115
nist-pdf-0002	21	6	137
nist-pdf-0002	21	7	140
nist-pdf-0002	21	8	162
nist-pdf-0002	21	9	165
nist-pdf-0002	21	10	166
nist-pdf-0002	21	11	167
nist-pdf-0002	21	12	170
nist-pdf-0002	21	13	192
nist-pdf-0002	21	14	214
nist-pdf-0002	21	15	236
nist-pdf-0002	21	16	239
nist-pdf-0002	21	17	240
nist-pdf-0002	21	18	243
nist-pdf-0002	21	19	244
nist-pdf-0002	21	20	266
nist-pdf-0002	21	21	267
nist-pdf-0002	21	22	289
nist-pdf-0002	21	23	311
nist-pdf-0002	22	0	45
nist-pdf-0002	22	1	64
nist-pdf-0002	22	2	82
nist-pdf-0002	22	3	89
nist-pdf-0002	22	4	92
nist-pdf-0002	22	5	123
nist-pdf-0002	22	6	145
nist-pdf-0002	22	7	149
nist-pdf-0002	22	8	171
nist-pdf-0002	22	9	174
nist-pdf-0002	22	10	175
nist-pdf-0002	22	11	176
nist-pdf-0002	22	12	179
nist-pdf-0002	22	13	201
nist-pdf-0002	22	14	223
nist-pdf-0002	22	15	245
nist-pdf-0002	22	16	248
nist-pdf-0002	22	17	249
nist-pdf-0002	22	18	252
nist-pdf-0002	22	19	253
nist-pdf-0002	22	20	275
nist-pdf-0002	22	21	276
nist-pdf-0002	22	22	298
nist-pdf-0002	22	23	320
nist-pdf-0002	23	0	42
nist-pdf-0002	23	1	61
nist-pdf-0002	23	2	79
nist-pdf-0002	23	3	85
nist-pdf-0002	23	4	88
nist-pdf-0002	23	5	118
nist-pdf-0002	23	6	140
nist-pdf-0002	23	7	143
nist-pdf-0002	23	8	165
nist-pdf-0002	23	9	168
nist-pdf-0002	23	10	169
nist-pdf-0002	23	11	170
nist-pdf-0002	23	12	173
nist-pdf-0002	23	13	195
nist-pdf-0002	23	14	217
nist-pdf-0002	23	15	239
nist-pdf-0002	23	16	242
nist-pdf-0002	23	17	243
nist-pdf-0002	23	18	246
nist-pdf-0002	23	19	247
nist-pdf-0002	23	20	269
nist-pdf-0002	23	21	270
nist-pdf-0002	23	22	292
nist-pdf-0002	23	23	314
nist-pdf-0002	24	0	41
nist-pdf-0002	24	1	60
nist-pdf-0002	24	2	78
nist-pdf-0002	24	3	85
nist-pdf-0002	24	4	88
nist-pdf-0002	24	5	119
nist-pdf-0002	24	6	141
nist-pdf-0002	24	7	145
nist-pdf-0002	24	8	167
nist-pdf-0002	24	9	170
nist-pdf-0002	24	10	171
nist-pdf-0002	24	11	172
nist-pdf-0002	24	12	175
nist-pdf-0002	24	13	197
nist-pdf-0002	24	14	219
nist-pdf-0002	24	15	241
nist-pdf-0002	24	16	244
nist-pdf-0002	24	17	245
nist-pdf-0002	24	18	248
nist-pdf-0002	24	19	249
nist-pdf-0002	24	20	271
nist-pdf-0002	24	21	272
nist-pdf-0002	24	22	294
nist-pdf-0002	24	23	316
nist-pdf-0002	25	0	46
nist-pdf-0002	25	1	65
nist-pdf-0002	25	2	83
nist-pdf-0002	25	3	90
nist-pdf-0002	25	4	93
nist-pdf-0002	25	5	124
nist-pdf-0002	25	6	146
nist-pdf-0002	25	7	150
nist-pdf-0002	25	8	172
nist-pdf-0002	25	9	175
nist-pdf-0002	25	10	176
nist-pdf-0002	25	11	177
nist-pdf-0002	25	12	180
nist-pdf-0002	25	13	202
nist-pdf-0002	25	14	224
nist-pdf-0002	25	15	246
nist-pdf-0002	25	16	249
nist-pdf-0002	25	17	250
nist-pdf-0002	25	18	253
nist-pdf-0002	25	19	254
nist-pdf-0002	25	20	276
nist-pdf-0002	25	21	277
nist-pdf-0002	25	22	299
nist-pdf-0002	25	23	321
nist-pdf-0004	1	0	47
nist-pdf-0004	1	1	76
nist-pdf-0004	1	2	95
nist-pdf-0004	1	3	100
nist-pdf-0004	1	4	101
nist-pdf-0004	1	5	119
nist-pdf-0004	1	6	125
nist-pdf-0004	1	7	126
nist-pdf-0004	1	8	129
nist-pdf-0004	1	9	147
nist-pdf-0004	1	10	148
nist-pdf-0004	1	11	149
nist-pdf-0004	1	12	168
nist-pdf-0004	1	13	171
nist-pdf-0004	1	14	174
nist-pdf-0004	1	15	192
nist-pdf-0004	1	16	195
nist-pdf-0004	1	17	212
nist-pdf-0004	1	18	230
nist-pdf-0004	1	19	248
nist-pdf-0004	1	20	251
nist-pdf-0004	1	21	269
nist-pdf-0004	1	22	287
nist-pdf-0004	1	23	305
nist-pdf-0004	2	0	44
nist-pdf-0004	2	1	75
nist-pdf-0004	2	2	94
nist-pdf-0004	2	3	99
nist-pdf-0004	2	4	100
nist-pdf-0004	2	5	118
nist-pdf-0004	2	6	124
nist-pdf-0004	2	7	125
nist-pdf-0004	2	8	128
nist-pdf-0004	2	9	146
nist-pdf-0004	2	10	147
nist-pdf-0004	2	11	148
nist-pdf-0004	2	12	167
nist-pdf-0004	2	13	170
nist-pdf-0004	2	14	173
nist-pdf-0004	2	15	191
nist-pdf-0004	2	16	194
nist-pdf-0004	2	17	211
nist-pdf-0004	2	18	229
nist-pdf-0004	2	19	246
nist-pdf-0004	2	20	249
nist-pdf-0004	2	21	267
nist-pdf-0004	2	22	285
nist-pdf-0004	2	23	303
nist-pdf-0004	3	0	44
nist-pdf-0004	3	1	72
nist-pdf-0004	3	2	91
nist-pdf-0004	3	3	95
nist-pdf-0004	3	4	96
nist-pdf-0004	3	5	114
nist-pdf-0004	3	6	119
nist-pdf-0004	3	7	120
nist-pdf-0004	3	8	123
nist-pdf-0004	3	9	141
nist-pdf-0004	3	10	142
nist-pdf-0004	3	11	143
nist-pdf-0004	3	12	162
nist-pdf-0004	3	13	165
nist-pdf-0004	3	14	168
nist-pdf-0004	3	15	186
nist-pdf-0004	3	16	189
nist-pdf-0004	3	17	206
nist-pdf-0004	3	18	224
nist-pdf-0004	3	19	242
nist-pdf-0004	3	20	245
nist-pdf-0004	3	21	263
nist-pdf-0004	3	22	281
nist-pdf-0004	3	23	299
nist-pdf-0004	4	0	44
nist-pdf-0004	4	1	74
nist-pdf-0004	4	2	93
nist-pdf-0004	4	3	98
nist-pdf-0004	4	4	99
nist-pdf-0004	4	5	117
nist-pdf-0004	4	6	123
nist-pdf-0004	4	7	124
nist-pdf-0004	4	8	127
nist-pdf-0004	4	9	145
nist-pdf-0004	4	10	146
nist-pdf-0004	4	11	147
nist-pdf-0004	4	12	165
nist-pdf-0004	4	13	168
nist-pdf-0004	4	14	171
nist-pdf-0004	4	15	189
nist-pdf-0004	4	16	192
nist-pdf-0004	4	17	211
nist-pdf-0004	4	18	229
nist-pdf-0004	4	19	246
nist-pdf-0004	4	20	249
nist-pdf-0004	4	21	267
nist-pdf-0004	4	22	285
nist-pdf-0004	4	23	303
nist-pdf-0004	5	0	41
nist-pdf-0004	5	1	71
nist-pdf-0004	5	2	90
nist-pdf-0004	5	3	94
nist-pdf-0004	5	4	95
nist-pdf-0004	5	5	113
nist-pdf-0004	5	6	118
nist-pdf-0004	5	7	119
nist-pdf-0004	5	8	122
nist-pdf-0004	5	9	140
nist-pdf-0004	5	10	141
nist-pdf-0004	5	11	142
nist-pdf-0004	5	12	160
nist-pdf-0004	5	13	163
nist-pdf-0004	5	14	166
nist-pdf-0004	5	15	184
nist-pdf-0004	5	16	187
nist-pdf-0004	5	17	204
nist-pdf-0004	5	18	222
nist-pdf-0004	5	19	239
nist-pdf-0004	5	20	242
nist-pdf-0004	5	21	260
nist-pdf-0004	5	22	278
nist-pdf-0004	5	23	296
nist-pdf-0004	6	0	42
nist-pdf-0004	6	1	71
nist-pdf-0004	6	2	90
nist-pdf-0004	6	3	94
nist-pdf-0004	6	4	95
nist-pdf-0004	6	5	113
nist-pdf-0004	6	6	119
nist-pdf-0004	6	7	120
nist-pdf-0004	6	8	123
nist-pdf-0004	6	9	141
nist-pdf-0004	6	10	142
nist-pdf-0004	6	11	143
nist-pdf-0004	6	12	162
nist-pdf-0004	6	13	165
nist-pdf-0004	6	14	168
nist-pdf-0004	6	15	186
nist-pdf-0004	6	16	189
nist-pdf-0004	6	17	206
nist-pdf-0004	6	18	224
nist-pdf-0004	6	19	241
nist-pdf-0004	6	20	244
nist-pdf-0004	6	21	262
nist-pdf-0004	6	22	280
nist-pdf-0004	6	23	298
nist-pdf-0004	7	0	35
nist-pdf-0004	7	1	62
nist-pdf-0004	7	2	81
nist-pdf-0004	7	3	85
nist-pdf-0004	7	4	86
nist-pdf-0004	7	5	105
nist-pdf-0004	7	6	110
nist-pdf-0004	7	7	111
nist-pdf-0004	7	8	114
nist-pdf-0004	7	9	132
nist-pdf-0004	7	10	133
nist-pdf-0004	7	11	134
nist-pdf-0004	7	12	152
nist-pdf-0004	7	13	155
nist-pdf-0004	7	14	158
nist-pdf-0004	7	15	176
nist-pdf-0004	7	16	179
nist-pdf-0004	7	17	196
nist-pdf-0004	7	18	214
nist-pdf-0004	7	19	231
nist-pdf-0004	7	20	234
nist-pdf-0004	7	21	252
nist-pdf-0004	7	22	270
nist-pdf-0004	7	23	288
nist-pdf-0004	8	0	47
nist-pdf-0004	8	1	79
nist-pdf-0004	8	2	98
nist-pdf-0004	8	3	103
nist-pdf-0004	8	4	104
nist-pdf-0004	8	5	122
nist-pdf-0004	8	6	129
nist-pdf-0004	8	7	130
nist-pdf-0004	8	8	133
nist-pdf-0004	8	9	151
nist-pdf-0004	8	10	152
nist-pdf-0004	8	11	153
nist-pdf-0004	8	12	171
nist-pdf-0004	8	13	174
nist-pdf-0004	8	14	177
nist-pdf-0004	8	15	195
nist-pdf-0004	8	16	198
nist-pdf-0004	8	17	215
nist-pdf-0004	8	18	233
nist-pdf-0004	8	19	251
nist-pdf-0004	8	20	254
nist-pdf-0004	8	21	272
nist-pdf-0004	8	22	290
nist-pdf-0004	8	23	308
nist-pdf-0004	9	0	42
nist-pdf-0004	9	1	71
nist-pdf-0004	9	2	90
nist-pdf-0004	9	3	95
nist-pdf-0004	9	4	96
nist-pdf-0004	9	5	114
nist-pdf-0004	9	6	119
nist-pdf-0004	9	7	120
nist-pdf-0004	9	8	123
nist-pdf-0004	9	9	141
nist-pdf-0004	9	10	142
nist-pdf-0004	9	11	143
nist-pdf-0004	9	12	161
nist-pdf-0004	9	13	164
nist-pdf-0004	9	14	167
nist-pdf-0004	9	15	185
nist-pdf-0004	9	16	188
nist-pdf-0004	9	17	205
nist-pdf-0004	9	18	223
nist-pdf-0004	9	19	240
nist-pdf-0004	9	20	243
nist-pdf-0004	9	21	261
nist-pdf-0004	9	22	279
nist-pdf-0004	9	23	297
nist-pdf-0004	10	0	41
nist-pdf-0004	10	1	70
nist-pdf-0004	10	2	90
nist-pdf-0004	10	3	107
nist-pdf-0004	10	4	108
nist-pdf-0004	10	5	126
nist-pdf-0004	10	6	132
nist-pdf-0004	10	7	133
nist-pdf-0004	10	8	136
nist-pdf-0004	10	9	154
nist-pdf-0004	10	10	155
nist-pdf-0004	10	11	156
nist-pdf-0004	10	12	174
nist-pdf-0004	10	13	177
nist-pdf-0004	10	14	180
nist-pdf-0004	10	15	198
nist-pdf-0004	10	16	201
nist-pdf-0004	10	17	218
nist-pdf-0004	10	18	236
nist-pdf-0004	10	19	253
nist-pdf-0004	10	20	256
nist-pdf-0004	10	21	274
nist-pdf-0004	10	22	292
nist-pdf-0004	10	23	310
nist-pdf-0004	11	0	35
nist-pdf-0004	11	1	61
nist-pdf-0004	11	2	80
nist-pdf-0004	11	3	84
nist-pdf-0004	11	4	85
nist-pdf-0004	11	5	103
nist-pdf-0004	11	6	108
nist-pdf-0004	11	7	109
nist-pdf-0004	11	8	112
nist-pdf-0004	11	9	130
nist-pdf-0004	11	10	131
nist-pdf-0004	11	11	132
nist-pdf-0004	11	12	150
nist-pdf-0004	11	13	153
nist-pdf-0004	11	14	156
nist-pdf-0004	11	15	174
nist-pdf-0004	11	16	177
nist-pdf-0004	11	17	194
nist-pdf-0004	11	18	212
nist-pdf-0004	11	19	229
nist-pdf-0004	11	20	232
nist-pdf-0004	11	21	250
nist-pdf-0004	11	22	268
nist-pdf-0004	11	23	286
nist-pdf-0004	12	0	52
nist-pdf-0004	12	1	86
nist-pdf-0004	12	2	105
nist-pdf-0004	12	3	111
nist-pdf-0004	12	4	112
nist-pdf-0004	12	5	130
nist-pdf-0004	12	6	136
nist-pdf-0004	12	7	137
nist-pdf-0004	12	8	140
nist-pdf-0004	12	9	158
nist-pdf-0004	12	10	159
nist-pdf-0004	12	11	160
nist-pdf-0004	12	12	179
nist-pdf-0004	12	13	182
nist-pdf-0004	12	14	185
nist-pdf-0004	12	15	203
nist-pdf-0004	12	16	206
nist-pdf-0004	12	17	223
nist-pdf-0004	12	18	241
nist-pdf-0004	12	19	258
nist-pdf-0004	12	20	261
nist-pdf-0004	12	21	279
nist-pdf-0004	12	22	297
nist-pdf-0004	12	23	315
nist-pdf-0004	13	0	46
nist-pdf-0004	13	1	77
nist-pdf-0004	13	2	96
nist-pdf-0004	13	3	101
nist-pdf-0004	13	4	102
nist-pdf-0004	13	5	120
nist-pdf-0004	13	6	126
nist-pdf-0004	13	7	127
nist-pdf-0004	13	8	130
nist-pdf-0004	13	9	148
nist-pdf-0004	13	10	149
nist-pdf-0004	13	11	150
nist-pdf-0004	13	12	169
nist-pdf-0004	13	13	172
nist-pdf-0004	13	14	175
nist-pdf-0004	13	15	193
nist-pdf-0004	13	16	196
nist-pdf-0004	13	17	213
nist-pdf-0004	13	18	231
nist-pdf-0004	13	19	248
nist-pdf-0004	13	20	251
nist-pdf-0004	13	21	269
nist-pdf-0004	13	22	287
nist-pdf-0004	13	23	307
nist-pdf-0004	14	0	49
nist-pdf-0004	14	1	82
nist-pdf-0004	14	2	101
nist-pdf-0004	14	3	106
nist-pdf-0004	14	4	107
nist-pdf-0004	14	5	128
nist-pdf-0004	14	6	134
nist-pdf-0004	14	7	135
nist-pdf-0004	14	8	138
nist-pdf-0004	14	9	156
nist-pdf-0004	14	10	157
nist-pdf-0004	14	11	158
nist-pdf-0004	14	12	177
nist-pdf-0004	14	13	180
nist-pdf-0004	14	14	183
nist-pdf-0004	14	15	201
nist-pdf-0004	14	16	204
nist-pdf-0004	14	17	221
nist-pdf-0004	14	18	239
nist-pdf-0004	14	19	256
nist-pdf-0004	14	20	259
nist-pdf-0004	14	21	277
nist-pdf-0004	14	22	295
nist-pdf-0004	14	23	313
nist-pdf-0004	15	0	42
nist-pdf-0004	15	1	73
nist-pdf-0004	15	2	92
nist-pdf-0004	15	3	96
nist-pdf-0004	15	4	97
nist-pdf-0004	15	5	115
nist-pdf-0004	15	6	121
nist-pdf-0004	15	7	122
nist-pdf-0004	15	8	125
nist-pdf-0004	15	9	143
nist-pdf-0004	15	10	144
nist-pdf-0004	15	11	145
nist-pdf-0004	15	12	164
nist-pdf-0004	15	13	167
nist-pdf-0004	15	14	170
nist-pdf-0004	15	15	188
nist-pdf-0004	15	16	191
nist-pdf-0004	15	17	208
nist-pdf-0004	15	18	226
nist-pdf-0004	15	19	243
nist-pdf-0004	15	20	246
nist-pdf-0004	15	21	264
nist-pdf-0004	15	22	282
nist-pdf-0004	15	23	300
nist-pdf-0004	16	0	43
nist-pdf-0004	16	1	72
nist-pdf-0004	16	2	91
nist-pdf-0004	16	3	96
nist-pdf-0004	16	4	97
nist-pdf-0004	16	5	115
nist-pdf-0004	16	6	121
nist-pdf-0004	16	7	122
nist-pdf-0004	16	8	125
nist-pdf-0004	16	9	143
nist-pdf-0004	16	10	144
nist-pdf-0004	16	11	145
nist-pdf-0004	16	12	163
nist-pdf-0004	16	13	166
nist-pdf-0004	16	14	169
nist-pdf-0004	16	15	187
nist-pdf-0004	16	16	190
nist-pdf-0004	16	17	207
nist-pdf-0004	16	18	225
nist-pdf-0004	16	19	242
nist-pdf-0004	16	20	245
nist-pdf-0004	16	21	263
nist-pdf-0004	16	22	281
nist-pdf-0004	16	23	299
nist-pdf-0004	17	0	37
nist-pdf-0004	17	1	63
nist-pdf-0004	17	2	82
nist-pdf-0004	17	3	86
nist-pdf-0004	17	4	87
nist-pdf-0004	17	5	105
nist-pdf-0004	17	6	109
nist-pdf-0004	17	7	110
nist-pdf-0004	17	8	113
nist-pdf-0004	17	9	131
nist-pdf-0004	17	10	132
nist-pdf-0004	17	11	133
nist-pdf-0004	17	12	151
nist-pdf-0004	17	13	154
nist-pdf-0004	17	14	157
nist-pdf-0004	17	15	175
nist-pdf-0004	17	16	178
nist-pdf-0004	17	17	195
nist-pdf-0004	17	18	213
nist-pdf-0004	17	19	230
nist-pdf-0004	17	20	233
nist-pdf-0004	17	21	251
nist-pdf-0004	17	22	269
nist-pdf-0004	17	23	287
nist-pdf-0004	18	0	45
nist-pdf-0004	18	1	74
nist-pdf-0004	18	2	93
nist-pdf-0004	18	3	98
nist-pdf-0004	18	4	99
nist-pdf-0004	18	5	117
nist-pdf-0004	18	6	123
nist-pdf-0004	18	7	124
nist-pdf-0004	18	8	127
nist-pdf-0004	18	9	145
nist-pdf-0004	18	10	146
nist-pdf-0004	18	11	147
nist-pdf-0004	18	12	166
nist-pdf-0004	18	13	169
nist-pdf-0004	18	14	172
nist-pdf-0004	18	15	190
nist-pdf-0004	18	16	193
nist-pdf-0004	18	17	210
nist-pdf-0004	18	18	228
nist-pdf-0004	18	19	246
nist-pdf-0004	18	20	249
nist-pdf-0004	18	21	267
nist-pdf-0004	18	22	285
nist-pdf-0004	18	23	303
nist-pdf-0004	19	0	43
nist-pdf-0004	19	1	71
nist-pdf-0004	19	2	90
nist-pdf-0004	19	3	94
nist-pdf-0004	19	4	95
nist-pdf-0004	19	5	113
nist-pdf-0004	19	6	119
nist-pdf-0004	19	7	120
nist-pdf-0004	19	8	123
nist-pdf-0004	19	9	141
nist-pdf-0004	19	10	142
nist-pdf-0004	19	11	143
nist-pdf-0004	19	12	164
nist-pdf-0004	19	13	168
nist-pdf-0004	19	14	171
nist-pdf-0004	19	15	189
nist-pdf-0004	19	16	192
nist-pdf-0004	19	17	209
nist-pdf-0004	19	18	227
nist-pdf-0004	19	19	244
nist-pdf-0004	19	20	247
nist-pdf-0004	19	21	265
nist-pdf-0004	19	22	283
nist-pdf-0004	19	23	301
nist-pdf-0004	20	0	56
nist-pdf-0004	20	1	86
nist-pdf-0004	20	2	105
nist-pdf-0004	20	3	110
nist-pdf-0004	20	4	111
nist-pdf-0004	20	5	129
nist-pdf-0004	20	6	138
nist-pdf-0004	20	7	139
nist-pdf-0004	20	8	142
nist-pdf-0004	20	9	160
nist-pdf-0004	20	10	161
nist-pdf-0004	20	11	162
nist-pdf-0004	20	12	181
nist-pdf-0004	20	13	184
nist-pdf-0004	20	14	187
nist-pdf-0004	20	15	205
nist-pdf-0004	20	16	208
nist-pdf-0004	20	17	226
nist-pdf-0004	20	18	244
nist-pdf-0004	20	19	262
nist-pdf-0004	20	20	265
nist-pdf-0004	20	21	283
nist-pdf-0004	20	22	301
nist-pdf-0004	20	23	319
nist-pdf-0004	21	0	42
nist-pdf-0004	21	1	73
nist-pdf-0004	21	2	92
nist-pdf-0004	21	3	96
nist-pdf-0004	21	4	97
nist-pdf-0004	21	5	115
nist-pdf-0004	21	6	121
nist-pdf-0004	21	7	122
nist-pdf-0004	21	8	125
nist-pdf-0004	21	9	143
nist-pdf-0004	21	10	144
nist-pdf-0004	21	11	145
nist-pdf-0004	21	12	164
nist-pdf-0004	21	13	167
nist-pdf-0004	21	14	170
nist-pdf-0004	21	15	188
nist-pdf-0004	21	16	191
nist-pdf-0004	21	17	208
nist-pdf-0004	21	18	226
nist-pdf-0004	21	19	243
nist-pdf-0004	21	20	246
nist-pdf-0004	21	21	264
nist-pdf-0004	21	22	282
nist-pdf-0004	21	23	300
nist-pdf-0004	22	0	45
nist-pdf-0004	22	1	74
nist-pdf-0004	22	2	93
nist-pdf-0004	22	3	97
nist-pdf-0004	22	4	98
nist-pdf-0004	22	5	116
nist-pdf-0004	22	6	122
nist-pdf-0004	22	7	123
nist-pdf-0004	22	8	126
nist-pdf-0004	22	9	144
nist-pdf-0004	22	10	145
nist-pdf-0004	22	11	146
nist-pdf-0004	22	12	164
nist-pdf-0004	22	13	167
nist-pdf-0004	22	14	170
nist-pdf-0004	22	15	188
nist-pdf-0004	22	16	191
nist-pdf-0004	22	17	208
nist-pdf-0004	22	18	226
nist-pdf-0004	22	19	244
nist-pdf-0004	22	20	247
nist-pdf-0004	22	21	265
nist-pdf-0004	22	22	283
nist-pdf-0004	22	23	301
nist-pdf-0004	23	0	41
nist-pdf-0004	23	1	68
nist-pdf-0004	23	2	87
nist-pdf-0004	23	3	91
nist-pdf-0004	23	4	92
nist-pdf-0004	23	5	113
nist-pdf-0004	23	6	118
nist-pdf-0004	23	7	119
nist-pdf-0004	23	8	122
nist-pdf-0004	23	9	140
nist-pdf-0004	23	10	141
nist-pdf-0004	23	11	142
nist-pdf-0004	23	12	160
nist-pdf-0004	23	13	163
nist-pdf-0004	23	14	166
nist-pdf-0004	23	15	184
nist-pdf-0004	23	16	187
nist-pdf-0004	23	17	204
nist-pdf-0004	23	18	222
nist-pdf-0004	23	19	239
nist-pdf-0004	23	20	242
nist-pdf-0004	23	21	260
nist-pdf-0004	23	22	278
nist-pdf-0004	23	23	296
nist-pdf-0004	24	0	45
nist-pdf-0004	24	1	76
nist-pdf-0004	24	2	95
nist-pdf-0004	24	3	99
nist-pdf-0004	24	4	100
nist-pdf-0004	24	5	118
nist-pdf-0004	24	6	124
nist-pdf-0004	24	7	125
nist-pdf-0004	24	8	128
nist-pdf-0004	24	9	146
nist-pdf-0004	24	10	147
nist-pdf-0004	24	11	148
nist-pdf-0004	24	12	166
nist-pdf-0004	24	13	169
nist-pdf-0004	24	14	172
nist-pdf-0004	24	15	190
nist-pdf-0004	24	16	193
nist-pdf-0004	24	17	210
nist-pdf-0004	24	18	228
nist-pdf-0004	24	19	245
nist-pdf-0004	24	20	248
nist-pdf-0004	24	21	266
nist-pdf-0004	24	22	284
nist-pdf-0004	24	23	302
nist-pdf-0004	25	0	53
nist-pdf-0004	25	1	89
nist-pdf-0004	25	2	109
nist-pdf-0004	25	3	114
nist-pdf-0004	25	4	115
nist-pdf-0004	25	5	133
nist-pdf-0004	25	6	139
nist-pdf-0004	25	7	140
nist-pdf-0004	25	8	143
nist-pdf-0004	25	9	163
nist-pdf-0004	25	10	164
nist-pdf-0004	25	11	165
nist-pdf-0004	25	12	184
nist-pdf-0004	25	13	187
nist-pdf-0004	25	14	190
nist-pdf-0004	25	15	208
nist-pdf-0004	25	16	211
nist-pdf-0004	25	17	228
nist-pdf-0004	25	18	246
nist-pdf-0004	25	19	263
nist-pdf-0004	25	20	266
nist-pdf-0004	25	21	284
nist-pdf-0004	25	22	302
nist-pdf-0004	25	23	320
nist-pdf-0016	1	0	45
nist-pdf-0016	1	1	50
nist-pdf-0016	1	2	71
nist-pdf-0016	1	3	89
nist-pdf-0016	1	4	108
nist-pdf-0016	1	5	118
nist-pdf-0016	1	6	128
nist-pdf-0016	1	7	138
nist-pdf-0016	1	8	176
nist-pdf-0016	1	9	179
nist-pdf-0016	1	10	185
nist-pdf-0016	1	11	188
nist-pdf-0016	1	12	202
nist-pdf-0016	1	13	222
nist-pdf-0016	1	14	225
nist-pdf-0016	1	15	235
nist-pdf-0016	1	16	245
nist-pdf-0016	1	17	263
nist-pdf-0016	1	18	266
nist-pdf-0016	1	19	276
nist-pdf-0016	1	20	277
nist-pdf-0016	1	21	278
nist-pdf-0016	1	22	288
nist-pdf-0016	1	23	298
nist-pdf-0016	2	0	42
nist-pdf-0016	2	1	47
nist-pdf-0016	2	2	66
nist-pdf-0016	2	3	84
nist-pdf-0016	2	4	102
nist-pdf-0016	2	5	113
nist-pdf-0016	2	6	123
nist-pdf-0016	2	7	133
nist-pdf-0016	2	8	152
nist-pdf-0016	2	9	154
nist-pdf-0016	2	10	160
nist-pdf-0016	2	11	163
nist-pdf-0016	2	12	172
nist-pdf-0016	2	13	190
nist-pdf-0016	2	14	193
nist-pdf-0016	2	15	203
nist-pdf-0016	2	16	213
nist-pdf-0016	2	17	231
nist-pdf-0016	2	18	234
nist-pdf-0016	2	19	244
nist-pdf-0016	2	20	245
nist-pdf-0016	2	21	246
nist-pdf-0016	2	22	256
nist-pdf-0016	2	23	266
nist-pdf-0016	3	0	46
nist-pdf-0016	3	1	51
nist-pdf-0016	3	2	71
nist-pdf-0016	3	3	89
nist-pdf-0016	3	4	108
nist-pdf-0016	3	5	118
nist-pdf-0016	3	6	128
nist-pdf-0016	3	7	138
nist-pdf-0016	3	8	157
nist-pdf-0016	3	9	159
nist-pdf-0016	3	10	164
nist-pdf-0016	3	11	167
nist-pdf-0016	3	12	176
nist-pdf-0016	3	13	194
nist-pdf-0016	3	14	197
nist-pdf-0016	3	15	207
nist-pdf-0016	3	16	217
nist-pdf-0016	3	17	236
nist-pdf-0016	3	18	239
nist-pdf-0016	3	19	249
nist-pdf-0016	3	20	250
nist-pdf-0016	3	21	251
nist-pdf-0016	3	22	261
nist-pdf-0016	3	23	271
nist-pdf-0016	4	0	50
nist-pdf-0016	4	1	55
nist-pdf-0016	4	2	75
nist-pdf-0016	4	3	93
nist-pdf-0016	4	4	113
nist-pdf-0016	4	5	123
nist-pdf-0016	4	6	133
nist-pdf-0016	4	7	142
nist-pdf-0016	4	8	162
nist-pdf-0016	4	9	164
nist-pdf-0016	4	10	169
nist-pdf-0016	4	11	172
nist-pdf-0016	4	12	181
nist-pdf-0016	4	13	199
nist-pdf-0016	4	14	202
nist-pdf-0016	4	15	212
nist-pdf-0016	4	16	222
nist-pdf-0016	4	17	240
nist-pdf-0016	4	18	243
nist-pdf-0016	4	19	253
nist-pdf-0016	4	20	254
nist-pdf-0016	4	21	255
nist-pdf-0016	4	22	265
nist-pdf-0016	4	23	275
nist-pdf-0016	5	0	42
nist-pdf-0016	5	1	47
nist-pdf-0016	5	2	66
nist-pdf-0016	5	3	84
nist-pdf-0016	5	4	101
nist-pdf-0016	5	5	112
nist-pdf-0016	5	6	122
nist-pdf-0016	5	7	132
nist-pdf-0016	5	8	151
nist-pdf-0016	5	9	153
nist-pdf-0016	5	10	158
nist-pdf-0016	5	11	161
nist-pdf-0016	5	12	171
nist-pdf-0016	5	13	191
nist-pdf-0016	5	14	196
nist-pdf-0016	5	15	219
nist-pdf-0016	5	16	230
nist-pdf-0016	5	17	252
nist-pdf-0016	5	18	256
nist-pdf-0016	5	19	266
nist-pdf-0016	5	20	268
nist-pdf-0016	5	21	269
nist-pdf-0016	5	22	279
nist-pdf-0016	5	23	289
nist-pdf-0016	6	0	43
nist-pdf-0016	6	1	48
nist-pdf-0016	6	2	67
nist-pdf-0016	6	3	85
nist-pdf-0016	6	4	108
nist-pdf-0016	6	5	119
nist-pdf-0016	6	6	129
nist-pdf-0016	6	7	138
nist-pdf-0016	6	8	158
nist-pdf-0016	6	9	160
nist-pdf-0016	6	10	165
nist-pdf-0016	6	11	168
nist-pdf-0016	6	12	178
nist-pdf-0016	6	13	196
nist-pdf-0016	6	14	199
nist-pdf-0016	6	15	209
nist-pdf-0016	6	16	219
nist-pdf-0016	6	17	236
nist-pdf-0016	6	18	239
nist-pdf-0016	6	19	249
nist-pdf-0016	6	20	250
nist-pdf-0016	6	21	251
nist-pdf-0016	6	22	261
nist-pdf-0016	6	23	271
nist-pdf-0016	7	0	48
nist-pdf-0016	7	1	53
nist-pdf-0016	7	2	73
nist-pdf-0016	7	3	91
nist-pdf-0016	7	4	110
nist-pdf-0016	7	5	121
nist-pdf-0016	7	6	131
nist-pdf-0016	7	7	141
nist-pdf-0016	7	8	161
nist-pdf-0016	7	9	163
nist-pdf-0016	7	10	170
nist-pdf-0016	7	11	174
nist-pdf-0016	7	12	185
nist-pdf-0016	7	13	204
nist-pdf-0016	7	14	208
nist-pdf-0016	7	15	220
nist-pdf-0016	7	16	230
nist-pdf-0016	7	17	250
nist-pdf-0016	7	18	253
nist-pdf-0016	7	19	263
nist-pdf-0016	7	20	264
nist-pdf-0016	7	21	265
nist-pdf-0016	7	22	275
nist-pdf-0016	7	23	286
nist-pdf-0016	8	0	43
nist-pdf-0016	8	1	48
nist-pdf-0016	8	2	67
nist-pdf-0016	8	3	85
nist-pdf-0016	8	4	103
nist-pdf-0016	8	5	114
nist-pdf-0016	8	6	124
nist-pdf-0016	8	7	134
nist-pdf-0016	8	8	153
nist-pdf-0016	8	9	155
nist-pdf-0016	8	10	160
nist-pdf-0016	8	11	163
nist-pdf-0016	8	12	173
nist-pdf-0016	8	13	191
nist-pdf-0016	8	14	194
nist-pdf-0016	8	15	204
nist-pdf-0016	8	16	214
nist-pdf-0016	8	17	232
nist-pdf-0016	8	18	235
nist-pdf-0016	8	19	245
nist-pdf-0016	8	20	246
nist-pdf-0016	8	21	247
nist-pdf-0016	8	22	257
nist-pdf-0016	8	23	267
nist-pdf-0016	9	0	51
nist-pdf-0016	9	1	56
nist-pdf-0016	9	2	76
nist-pdf-0016	9	3	93
nist-pdf-0016	9	4	113
nist-pdf-0016	9	5	123
nist-pdf-0016	9	6	133
nist-pdf-0016	9	7	143
nist-pdf-0016	9	8	162
nist-pdf-0016	9	9	164
nist-pdf-0016	9	10	170
nist-pdf-0016	9	11	173
nist-pdf-0016	9	12	183
nist-pdf-0016	9	13	201
nist-pdf-0016	9	14	204
nist-pdf-0016	9	15	214
nist-pdf-0016	9	16	224
nist-pdf-0016	9	17	242
nist-pdf-0016	9	18	245
nist-pdf-0016	9	19	255
nist-pdf-0016	9	20	256
nist-pdf-0016	9	21	257
nist-pdf-0016	9	22	267
nist-pdf-0016	9	23	277
nist-pdf-0016	10	0	46
nist-pdf-0016	10	1	52
nist-pdf-0016	10	2	71
nist-pdf-0016	10	3	89
nist-pdf-0016	10	4	107
nist-pdf-0016	10	5	118
nist-pdf-0016	10	6	128
nist-pdf-0016	10	7	138
nist-pdf-0016	10	8	156
nist-pdf-0016	10	9	158
nist-pdf-0016	10	10	164
nist-pdf-0016	10	11	167
nist-pdf-0016	10	12	177
nist-pdf-0016	10	13	195
nist-pdf-0016	10	14	198
nist-pdf-0016	10	15	208
nist-pdf-0016	10	16	218
nist-pdf-0016	10	17	236
nist-pdf-0016	10	18	239
nist-pdf-0016	10	19	249
nist-pdf-0016	10	20	250
nist-pdf-0016	10	21	251
nist-pdf-0016	10	22	261
nist-pdf-0016	10	23	271
nist-pdf-0016	11	0	39
nist-pdf-0016	11	1	44
nist-pdf-0016	11	2	64
nist-pdf-0016	11	3	82
nist-pdf-0016	11	4	99
nist-pdf-0016	11	5	109
nist-pdf-0016	11	6	119
nist-pdf-0016	11	7	129
nist-pdf-0016	11	8	148
nist-pdf-0016	11	9	150
nist-pdf-0016	11	10	155
nist-pdf-0016	11	11	158
nist-pdf-0016	11	12	167
nist-pdf-0016	11	13	185
nist-pdf-0016	11	14	188
nist-pdf-0016	11	15	198
nist-pdf-0016	11	16	208
nist-pdf-0016	11	17	226
nist-pdf-0016	11	18	229
nist-pdf-0016	11	19	239
nist-pdf-0016	11	20	240
nist-pdf-0016	11	21	241
nist-pdf-0016	11	22	251
nist-pdf-0016	11	23	261
nist-pdf-0016	12	0	43
nist-pdf-0016	12	1	48
nist-pdf-0016	12	2	68
nist-pdf-0016	12	3	86
nist-pdf-0016	12	4	105
nist-pdf-0016	12	5	115
nist-pdf-0016	12	6	125
nist-pdf-0016	12	7	135
nist-pdf-0016	12	8	153
nist-pdf-0016	12	9	155
nist-pdf-0016	12	10	160
nist-pdf-0016	12	11	163
nist-pdf-0016	12	12	173
nist-pdf-0016	12	13	191
nist-pdf-0016	12	14	194
nist-pdf-0016	12	15	204
nist-pdf-0016	12	16	214
nist-pdf-0016	12	17	235
nist-pdf-0016	12	18	238
nist-pdf-0016	12	19	248
nist-pdf-0016	12	20	249
nist-pdf-0016	12	21	250
nist-pdf-0016	12	22	260
nist-pdf-0016	12	23	270
nist-pdf-0016	13	0	39
nist-pdf-0016	13	1	44
nist-pdf-0016	13	2	64
nist-pdf-0016	13	3	82
nist-pdf-0016	13	4	100
nist-pdf-0016	13	5	111
nist-pdf-0016	13	6	121
nist-pdf-0016	13	7	131
nist-pdf-0016	13	8	150
nist-pdf-0016	13	9	152
nist-pdf-0016	13	10	157
nist-pdf-0016	13	11	160
nist-pdf-0016	13	12	169
nist-pdf-0016	13	13	190
nist-pdf-0016	13	14	193
nist-pdf-0016	13	15	203
nist-pdf-0016	13	16	213
nist-pdf-0016	13	17	231
nist-pdf-0016	13	18	234
nist-pdf-0016	13	19	244
nist-pdf-0016	13	20	245
nist-pdf-0016	13	21	246
nist-pdf-0016	13	22	256
nist-pdf-0016	13	23	266
nist-pdf-0016	14	0	46
nist-pdf-0016	14	1	51
nist-pdf-0016	14	2	71
nist-pdf-0016	14	3	89
nist-pdf-0016	14	4	107
nist-pdf-0016	14	5	117
nist-pdf-0016	14	6	127
nist-pdf-0016	14	7	137
nist-pdf-0016	14	8	156
nist-pdf-0016	14	9	158
nist-pdf-0016	14	10	164
nist-pdf-0016	14	11	167
nist-pdf-0016	14	12	177
nist-pdf-0016	14	13	196
nist-pdf-0016	14	14	199
nist-pdf-0016	14	15	209
nist-pdf-0016	14	16	219
nist-pdf-0016	14	17	236
nist-pdf-0016	14	18	239
nist-pdf-0016	14	19	249
nist-pdf-0016	14	20	250
nist-pdf-0016	14	21	251
nist-pdf-0016	14	22	261
nist-pdf-0016	14	23	271
nist-pdf-0016	15	0	41
nist-pdf-0016	15	1	45
nist-pdf-0016	15	2	64
nist-pdf-0016	15	3	82
nist-pdf-0016	15	4	99
nist-pdf-0016	15	5	110
nist-pdf-0016	15	6	120
nist-pdf-0016	15	7	130
nist-pdf-0016	15	8	149
nist-pdf-0016	15	9	151
nist-pdf-0016	15	10	156
nist-pdf-0016	15	11	159
nist-pdf-0016	15	12	169
nist-pdf-0016	15	13	187
nist-pdf-0016	15	14	190
nist-pdf-0016	15	15	200
nist-pdf-0016	15	16	210
nist-pdf-0016	15	17	228
nist-pdf-0016	15	18	231
nist-pdf-0016	15	19	241
nist-pdf-0016	15	20	242
nist-pdf-0016	15	21	243
nist-pdf-0016	15	22	253
nist-pdf-0016	15	23	263
nist-pdf-0016	16	0	38
nist-pdf-0016	16	1	43
nist-pdf-0016	16	2	62
nist-pdf-0016	16	3	80
nist-pdf-0016	16	4	98
nist-pdf-0016	16	5	109
nist-pdf-0016	16	6	119
nist-pdf-0016	16	7	129
nist-pdf-0016	16	8	147
nist-pdf-0016	16	9	148
nist-pdf-0016	16	10	153
nist-pdf-0016	16	11	156
nist-pdf-0016	16	12	166
nist-pdf-0016	16	13	184
nist-pdf-0016	16	14	187
nist-pdf-0016	16	15	197
nist-pdf-0016	16	16	207
nist-pdf-0016	16	17	225
nist-pdf-0016	16	18	228
nist-pdf-0016	16	19	238
nist-pdf-0016	16	20	239
nist-pdf-0016	16	21	240
nist-pdf-0016	16	22	250
nist-pdf-0016	16	23	260
nist-pdf-0016	17	0	47
nist-pdf-0016	17	1	52
nist-pdf-0016	17	2	72
nist-pdf-0016	17	3	90
nist-pdf-0016	17	4	109
nist-pdf-0016	17	5	119
nist-pdf-0016	17	6	129
nist-pdf-0016	17	7	138
nist-pdf-0016	17	8	157
nist-pdf-0016	17	9	159
nist-pdf-0016	17	10	164
nist-pdf-0016	17	11	167
nist-pdf-0016	17	12	177
nist-pdf-0016	17	13	195
nist-pdf-0016	17	14	198
nist-pdf-0016	17	15	208
nist-pdf-0016	17	16	218
nist-pdf-0016	17	17	236
nist-pdf-0016	17	18	239
nist-pdf-0016	17	19	249
nist-pdf-0016	17	20	250
nist-pdf-0016	17	21	251
nist-pdf-0016	17	22	261
nist-pdf-0016	17	23	271
nist-pdf-0016	18	0	43
nist-pdf-0016	18	1	48
nist-pdf-0016	18	2	68
nist-pdf-0016	18	3	86
nist-pdf-0016	18	4	104
nist-pdf-0016	18	5	114
nist-pdf-0016	18	6	124
nist-pdf-0016	18	7	134
nist-pdf-0016	18	8	152
nist-pdf-0016	18	9	154
nist-pdf-0016	18	10	160
nist-pdf-0016	18	11	163
nist-pdf-0016	18	12	173
nist-pdf-0016	18	13	191
nist-pdf-0016	18	14	194
nist-pdf-0016	18	15	204
nist-pdf-0016	18	16	214
nist-pdf-0016	18	17	231
nist-pdf-0016	18	18	234
nist-pdf-0016	18	19	244
nist-pdf-0016	18	20	245
nist-pdf-0016	18	21	246
nist-pdf-0016	18	22	256
nist-pdf-0016	18	23	266
nist-pdf-0016	19	0	39
nist-pdf-0016	19	1	44
nist-pdf-0016	19	2	63
nist-pdf-0016	19	3	81
nist-pdf-0016	19	4	98
nist-pdf-0016	19	5	109
nist-pdf-0016	19	6	119
nist-pdf-0016	19	7	129
nist-pdf-0016	19	8	147
nist-pdf-0016	19	9	149
nist-pdf-0016	19	10	155
nist-pdf-0016	19	11	158
nist-pdf-0016	19	12	168
nist-pdf-0016	19	13	186
nist-pdf-0016	19	14	189
nist-pdf-0016	19	15	199
nist-pdf-0016	19	16	209
nist-pdf-0016	19	17	227
nist-pdf-0016	19	18	230
nist-pdf-0016	19	19	240
nist-pdf-0016	19	20	241
nist-pdf-0016	19	21	242
nist-pdf-0016	19	22	252
nist-pdf-0016	19	23	262
nist-pdf-0016	20	0	63
nist-pdf-0016	20	1	69
nist-pdf-0016	20	2	89
nist-pdf-0016	20	3	107
nist-pdf-0016	20	4	126
nist-pdf-0016	20	5	136
nist-pdf-0016	20	6	146
nist-pdf-0016	20	7	156
nist-pdf-0016	20	8	174
nist-pdf-0016	20	9	176
nist-pdf-0016	20	10	181
nist-pdf-0016	20	11	184
nist-pdf-0016	20	12	194
nist-pdf-0016	20	13	212
nist-pdf-0016	20	14	215
nist-pdf-0016	20	15	225
nist-pdf-0016	20	16	235
nist-pdf-0016	20	17	253
nist-pdf-0016	20	18	256
nist-pdf-0016	20	19	266
nist-pdf-0016	20	20	267
nist-pdf-0016	20	21	268
nist-pdf-0016	20	22	278
nist-pdf-0016	20	23	288
nist-pdf-0016	21	0	38
nist-pdf-0016	21	1	43
nist-pdf-0016	21	2	63
nist-pdf-0016	21	3	81
nist-pdf-0016	21	4	103
nist-pdf-0016	21	5	114
nist-pdf-0016	21	6	124
nist-pdf-0016	21	7	134
nist-pdf-0016	21	8	153
nist-pdf-0016	21	9	155
nist-pdf-0016	21	10	161
nist-pdf-0016	21	11	164
nist-pdf-0016	21	12	174
nist-pdf-0016	21	13	192
nist-pdf-0016	21	14	195
nist-pdf-0016	21	15	205
nist-pdf-0016	21	16	215
nist-pdf-0016	21	17	233
nist-pdf-0016	21	18	236
nist-pdf-0016	21	19	246
nist-pdf-0016	21	20	247
nist-pdf-0016	21	21	248
nist-pdf-0016	21	22	258
nist-pdf-0016	21	23	268
nist-pdf-0016	22	0	44
nist-pdf-0016	22	1	49
nist-pdf-0016	22	2	69
nist-pdf-0016	22	3	87
nist-pdf-0016	22	4	105
nist-pdf-0016	22	5	116
nist-pdf-0016	22	6	126
nist-pdf-0016	22	7	135
nist-pdf-0016	22	8	153
nist-pdf-0016	22	9	154
nist-pdf-0016	22	10	159
nist-pdf-0016	22	11	162
nist-pdf-0016	22	12	172
nist-pdf-0016	22	13	190
nist-pdf-0016	22	14	193
nist-pdf-0016	22	15	203
nist-pdf-0016	22	16	213
nist-pdf-0016	22	17	231
nist-pdf-0016	22	18	234
nist-pdf-0016	22	19	244
nist-pdf-0016	22	20	245
nist-pdf-0016	22	21	246
nist-pdf-0016	22	22	256
nist-pdf-0016	22	23	268
nist-pdf-0016	23	0	44
nist-pdf-0016	23	1	50
nist-pdf-0016	23	2	76
nist-pdf-0016	23	3	94
nist-pdf-0016	23	4	112
nist-pdf-0016	23	5	123
nist-pdf-0016	23	6	133
nist-pdf-0016	23	7	143
nist-pdf-0016	23	8	163
nist-pdf-0016	23	9	165
nist-pdf-0016	23	10	171
nist-pdf-0016	23	11	174
nist-pdf-0016	23	12	183
nist-pdf-0016	23	13	201
nist-pdf-0016	23	14	204
nist-pdf-0016	23	15	214
nist-pdf-0016	23	16	224
nist-pdf-0016	23	17	242
nist-pdf-0016	23	18	245
nist-pdf-0016	23	19	255
nist-pdf-0016	23	20	256
nist-pdf-0016	23	21	257
nist-pdf-0016	23	22	267
nist-pdf-0016	23	23	277
nist-pdf-0016	24	0	40
nist-pdf-0016	24	1	46
nist-pdf-0016	24	2	68
nist-pdf-0016	24	3	102
nist-pdf-0016	24	4	120
nist-pdf-0016	24	5	131
nist-pdf-0016	24	6	141
nist-pdf-0016	24	7	151
nist-pdf-0016	24	8	170
nist-pdf-0016	24	9	172
nist-pdf-0016	24	10	178
nist-pdf-0016	24	11	181
nist-pdf-0016	24	12	191
nist-pdf-0016	24	13	209
nist-pdf-0016	24	14	212
nist-pdf-0016	24	15	222
nist-pdf-0016	24	16	232
nist-pdf-0016	24	17	250
nist-pdf-0016	24	18	253
nist-pdf-0016	24	19	263
nist-pdf-0016	24	20	264
nist-pdf-0016	24	21	265
nist-pdf-0016	24	22	275
nist-pdf-0016	24	23	285
nist-pdf-0016	25	0	29
nist-pdf-0016	25	1	32
nist-pdf-0016	25	2	51
nist-pdf-0016	25	3	68
nist-pdf-0016	25	4	82
nist-pdf-0016	25	5	92
nist-pdf-0016	25	6	102
nist-pdf-0016	25	7	111
nist-pdf-0016	25	8	129
nist-pdf-0016	25	9	131
nist-pdf-0016	25	10	135
nist-pdf-0016	25	11	138
nist-pdf-0016	25	12	147
nist-pdf-0016	25	13	165
nist-pdf-0016	25	14	168
nist-pdf-0016	25	15	178
nist-pdf-0016	25	16	188
nist-pdf-0016	25	17	205
nist-pdf-0016	25	18	208
nist-pdf-0016	25	19	219
nist-pdf-0016	25	20	220
nist-pdf-0016	25	21	223
nist-pdf-0016	25	22	234
nist-pdf-0016	25	23	244
nist-pdf-0017	1	0	14
nist-pdf-0017	1	1	17
nist-pdf-0017	1	2	115
nist-pdf-0017	1	3	119
nist-pdf-0017	1	4	148
nist-pdf-0017	1	5	151
nist-pdf-0017	1	6	154
nist-pdf-0017	1	7	218
nist-pdf-0017	1	8	278
nist-pdf-0017	1	9	282
nist-pdf-0017	1	10	302
nist-pdf-0017	1	11	361
nist-pdf-0017	1	12	420
nist-pdf-0017	1	13	439
nist-pdf-0017	1	14	440
nist-pdf-0017	1	15	443
nist-pdf-0017	1	16	444
nist-pdf-0017	1	17	504
nist-pdf-0017	1	18	563
nist-pdf-0017	1	19	582
nist-pdf-0017	1	20	583
nist-pdf-0017	1	21	643
nist-pdf-0017	1	22	702
nist-pdf-0017	1	23	703
nist-pdf-0017	2	0	17
nist-pdf-0017	2	1	21
nist-pdf-0017	2	2	119
nist-pdf-0017	2	3	123
nist-pdf-0017	2	4	151
nist-pdf-0017	2	5	154
nist-pdf-0017	2	6	157
nist-pdf-0017	2	7	218
nist-pdf-0017	2	8	278
nist-pdf-0017	2	9	283
nist-pdf-0017	2	10	303
nist-pdf-0017	2	11	363
nist-pdf-0017	2	12	422
nist-pdf-0017	2	13	441
nist-pdf-0017	2	14	442
nist-pdf-0017	2	15	445
nist-pdf-0017	2	16	446
nist-pdf-0017	2	17	506
nist-pdf-0017	2	18	566
nist-pdf-0017	2	19	585
nist-pdf-0017	2	20	586
nist-pdf-0017	2	21	646
nist-pdf-0017	2	22	706
nist-pdf-0017	2	23	707
nist-pdf-0017	3	0	14
nist-pdf-0017	3	1	17
nist-pdf-0017	3	2	111
nist-pdf-0017	3	3	114
nist-pdf-0017	3	4	141
nist-pdf-0017	3	5	144
nist-pdf-0017	3	6	147
nist-pdf-0017	3	7	207
nist-pdf-0017	3	8	267
nist-pdf-0017	3	9	271
nist-pdf-0017	3	10	292
nist-pdf-0017	3	11	356
nist-pdf-0017	3	12	418
nist-pdf-0017	3	13	438
nist-pdf-0017	3	14	439
nist-pdf-0017	3	15	442
nist-pdf-0017	3	16	443
nist-pdf-0017	3	17	503
nist-pdf-0017	3	18	563
nist-pdf-0017	3	19	582
nist-pdf-0017	3	20	583
nist-pdf-0017	3	21	644
nist-pdf-0017	3	22	704
nist-pdf-0017	3	23	705
nist-pdf-0017	4	0	19
nist-pdf-0017	4	1	23
nist-pdf-0017	4	2	115
nist-pdf-0017	4	3	118
nist-pdf-0017	4	4	146
nist-pdf-0017	4	5	149
nist-pdf-0017	4	6	152
nist-pdf-0017	4	7	213
nist-pdf-0017	4	8	273
nist-pdf-0017	4	9	278
nist-pdf-0017	4	10	298
nist-pdf-0017	4	11	358
nist-pdf-0017	4	12	417
nist-pdf-0017	4	13	437
nist-pdf-0017	4	14	438
nist-pdf-0017	4	15	441
nist-pdf-0017	4	16	442
nist-pdf-0017	4	17	502
nist-pdf-0017	4	18	561
nist-pdf-0017	4	19	581
nist-pdf-0017	4	20	582
nist-pdf-0017	4	21	644
nist-pdf-0017	4	22	704
nist-pdf-0017	4	23	705
nist-pdf-0017	5	0	16
nist-pdf-0017	5	1	20
nist-pdf-0017	5	2	117
nist-pdf-0017	5	3	121
nist-pdf-0017	5	4	149
nist-pdf-0017	5	5	152
nist-pdf-0017	5	6	155
nist-pdf-0017	5	7	216
nist-pdf-0017	5	8	276
nist-pdf-0017	5	9	280
nist-pdf-0017	5	10	300
nist-pdf-0017	5	11	360
nist-pdf-0017	5	12	419
nist-pdf-0017	5	13	438
nist-pdf-0017	5	14	439
nist-pdf-0017	5	15	442
nist-pdf-0017	5	16	443
nist-pdf-0017	5	17	503
nist-pdf-0017	5	18	564
nist-pdf-0017	5	19	583
nist-pdf-0017	5	20	584
nist-pdf-0017	5	21	644
nist-pdf-0017	5	22	703
nist-pdf-0017	5	23	704
nist-pdf-0017	6	0	20
nist-pdf-0017	6	1	24
nist-pdf-0017	6	2	117
nist-pdf-0017	6	3	121
nist-pdf-0017	6	4	149
nist-pdf-0017	6	5	152
nist-pdf-0017	6	6	155
nist-pdf-0017	6	7	216
nist-pdf-0017	6	8	276
nist-pdf-0017	6	9	280
nist-pdf-0017	6	10	300
nist-pdf-0017	6	11	360
nist-pdf-0017	6	12	419
nist-pdf-0017	6	13	438
nist-pdf-0017	6	14	439
nist-pdf-0017	6	15	442
nist-pdf-0017	6	16	443
nist-pdf-0017	6	17	503
nist-pdf-0017	6	18	566
nist-pdf-0017	6	19	588
nist-pdf-0017	6	20	589
nist-pdf-0017	6	21	651
nist-pdf-0017	6	22	711
nist-pdf-0017	6	23	712
nist-pdf-0017	7	0	13
nist-pdf-0017	7	1	17
nist-pdf-0017	7	2	107
nist-pdf-0017	7	3	111
nist-pdf-0017	7	4	136
nist-pdf-0017	7	5	139
nist-pdf-0017	7	6	142
nist-pdf-0017	7	7	203
nist-pdf-0017	7	8	263
nist-pdf-0017	7	9	267
nist-pdf-0017	7	10	287
nist-pdf-0017	7	11	347
nist-pdf-0017	7	12	429
nist-pdf-0017	7	13	449
nist-pdf-0017	7	14	450
nist-pdf-0017	7	15	453
nist-pdf-0017	7	16	454
nist-pdf-0017	7	17	514
nist-pdf-0017	7	18	573
nist-pdf-0017	7	19	592
nist-pdf-0017	7	20	593
nist-pdf-0017	7	21	652
nist-pdf-0017	7	22	711
nist-pdf-0017	7	23	712
nist-pdf-0017	8	0	17
nist-pdf-0017	8	1	21
nist-pdf-0017	8	2	122
nist-pdf-0017	8	3	126
nist-pdf-0017	8	4	154
nist-pdf-0017	8	5	157
nist-pdf-0017	8	6	160
nist-pdf-0017	8	7	222
nist-pdf-0017	8	8	284
nist-pdf-0017	8	9	289
nist-pdf-0017	8	10	309
nist-pdf-0017	8	11	370
nist-pdf-0017	8	12	430
nist-pdf-0017	8	13	450
nist-pdf-0017	8	14	451
nist-pdf-0017	8	15	454
nist-pdf-0017	8	16	455
nist-pdf-0017	8	17	516
nist-pdf-0017	8	18	576
nist-pdf-0017	8	19	595
nist-pdf-0017	8	20	596
nist-pdf-0017	8	21	656
nist-pdf-0017	8	22	716
nist-pdf-0017	8	23	717
nist-pdf-0017	9	0	12
nist-pdf-0017	9	1	16
nist-pdf-0017	9	2	112
nist-pdf-0017	9	3	116
nist-pdf-0017	9	4	143
nist-pdf-0017	9	5	146
nist-pdf-0017	9	6	149
nist-pdf-0017	9	7	211
nist-pdf-0017	9	8	272
nist-pdf-0017	9	9	276
nist-pdf-0017	9	10	296
nist-pdf-0017	9	11	357
nist-pdf-0017	9	12	417
nist-pdf-0017	9	13	437
nist-pdf-0017	9	14	438
nist-pdf-0017	9	15	441
nist-pdf-0017	9	16	442
nist-pdf-0017	9	17	502
nist-pdf-0017	9	18	562
nist-pdf-0017	9	19	581
nist-pdf-0017	9	20	582
nist-pdf-0017	9	21	642
nist-pdf-0017	9	22	701
nist-pdf-0017	9	23	702
nist-pdf-0017	10	0	16
nist-pdf-0017	10	1	20
nist-pdf-0017	10	2	114
nist-pdf-0017	10	3	118
nist-pdf-0017	10	4	147
nist-pdf-0017	10	5	150
nist-pdf-0017	10	6	153
nist-pdf-0017	10	7	214
nist-pdf-0017	10	8	274
nist-pdf-0017	10	9	278
nist-pdf-0017	10	10	298
nist-pdf-0017	10	11	358
nist-pdf-0017	10	12	417
nist-pdf-0017	10	13	437
nist-pdf-0017	10	14	438
nist-pdf-0017	10	15	441
nist-pdf-0017	10	16	442
nist-pdf-0017	10	17	502
nist-pdf-0017	10	18	561
nist-pdf-0017	10	19	580
nist-pdf-0017	10	20	581
nist-pdf-0017	10	21	641
nist-pdf-0017	10	22	700
nist-pdf-0017	10	23	701
nist-pdf-0017	11	0	14
nist-pdf-0017	11	1	18
nist-pdf-0017	11	2	114
nist-pdf-0017	11	3	118
nist-pdf-0017	11	4	144
nist-pdf-0017	11	5	147
nist-pdf-0017	11	6	150
nist-pdf-0017	11	7	211
nist-pdf-0017	11	8	270
nist-pdf-0017	11	9	274
nist-pdf-0017	11	10	294
nist-pdf-0017	11	11	353
nist-pdf-0017	11	12	412
nist-pdf-0017	11	13	431
nist-pdf-0017	11	14	432
nist-pdf-0017	11	15	435
nist-pdf-0017	11	16	436
nist-pdf-0017	11	17	496
nist-pdf-0017	11	18	555
nist-pdf-0017	11	19	574
nist-pdf-0017	11	20	575
nist-pdf-0017	11	21	635
nist-pdf-0017	11	22	694
nist-pdf-0017	11	23	695
nist-pdf-0017	12	0	20
nist-pdf-0017	12	1	23
nist-pdf-0017	12	2	118
nist-pdf-0017	12	3	121
nist-pdf-0017	12	4	150
nist-pdf-0017	12	5	153
nist-pdf-0017	12	6	156
nist-pdf-0017	12	7	218
nist-pdf-0017	12	8	278
nist-pdf-0017	12	9	283
nist-pdf-0017	12	10	303
nist-pdf-0017	12	11	363
nist-pdf-0017	12	12	422
nist-pdf-0017	12	13	442
nist-pdf-0017	12	14	443
nist-pdf-0017	12	15	446
nist-pdf-0017	12	16	447
nist-pdf-0017	12	17	507
nist-pdf-0017	12	18	566
nist-pdf-0017	12	19	585
nist-pdf-0017	12	20	586
nist-pdf-0017	12	21	646
nist-pdf-0017	12	22	707
nist-pdf-0017	12	23	708
nist-pdf-0017	13	0	14
nist-pdf-0017	13	1	17
nist-pdf-0017	13	2	106
nist-pdf-0017	13	3	110
nist-pdf-0017	13	4	137
nist-pdf-0017	13	5	140
nist-pdf-0017	13	6	143
nist-pdf-0017	13	7	205
nist-pdf-0017	13	8	265
nist-pdf-0017	13	9	269
nist-pdf-0017	13	10	289
nist-pdf-0017	13	11	349
nist-pdf-0017	13	12	408
nist-pdf-0017	13	13	428
nist-pdf-0017	13	14	429
nist-pdf-0017	13	15	432
nist-pdf-0017	13	16	433
nist-pdf-0017	13	17	493
nist-pdf-0017	13	18	553
nist-pdf-0017	13	19	572
nist-pdf-0017	13	20	573
nist-pdf-0017	13	21	633
nist-pdf-0017	13	22	697
nist-pdf-0017	13	23	698
nist-pdf-0017	14	0	16
nist-pdf-0017	14	1	20
nist-pdf-0017	14	2	119
nist-pdf-0017	14	3	123
nist-pdf-0017	14	4	154
nist-pdf-0017	14	5	157
nist-pdf-0017	14	6	160
nist-pdf-0017	14	7	221
nist-pdf-0017	14	8	281
nist-pdf-0017	14	9	285
nist-pdf-0017	14	10	305
nist-pdf-0017	14	11	365
nist-pdf-0017	14	12	424
nist-pdf-0017	14	13	443
nist-pdf-0017	14	14	444
nist-pdf-0017	14	15	447
nist-pdf-0017	14	16	448
nist-pdf-0017	14	17	508
nist-pdf-0017	14	18	567
nist-pdf-0017	14	19	586
nist-pdf-0017	14	20	587
nist-pdf-0017	14	21	646
nist-pdf-0017	14	22	705
nist-pdf-0017	14	23	706
nist-pdf-0017	15	0	19
nist-pdf-0017	15	1	22
nist-pdf-0017	15	2	121
nist-pdf-0017	15	3	125
nist-pdf-0017	15	4	155
nist-pdf-0017	15	5	158
nist-pdf-0017	15	6	161
nist-pdf-0017	15	7	222
nist-pdf-0017	15	8	282
nist-pdf-0017	15	9	287
nist-pdf-0017	15	10	307
nist-pdf-0017	15	11	367
nist-pdf-0017	15	12	426
nist-pdf-0017	15	13	445
nist-pdf-0017	15	14	446
nist-pdf-0017	15	15	449
nist-pdf-0017	15	16	450
nist-pdf-0017	15	17	510
nist-pdf-0017	15	18	572
nist-pdf-0017	15	19	591
nist-pdf-0017	15	20	592
nist-pdf-0017	15	21	652
nist-pdf-0017	15	22	711
nist-pdf-0017	15	23	712
nist-pdf-0017	16	0	15
nist-pdf-0017	16	1	19
nist-pdf-0017	16	2	116
nist-pdf-0017	16	3	120
nist-pdf-0017	16	4	147
nist-pdf-0017	16	5	150
nist-pdf-0017	16	6	153
nist-pdf-0017	16	7	214
nist-pdf-0017	16	8	274
nist-pdf-0017	16	9	279
nist-pdf-0017	16	10	299
nist-pdf-0017	16	11	359
nist-pdf-0017	16	12	418
nist-pdf-0017	16	13	438
nist-pdf-0017	16	14	439
nist-pdf-0017	16	15	442
nist-pdf-0017	16	16	443
nist-pdf-0017	16	17	503
nist-pdf-0017	16	18	562
nist-pdf-0017	16	19	582
nist-pdf-0017	16	20	583
nist-pdf-0017	16	21	660
nist-pdf-0017	16	22	720
nist-pdf-0017	16	23	721
nist-pdf-0017	17	0	17
nist-pdf-0017	17	1	21
nist-pdf-0017	17	2	117
nist-pdf-0017	17	3	121
nist-pdf-0017	17	4	148
nist-pdf-0017	17	5	151
nist-pdf-0017	17	6	154
nist-pdf-0017	17	7	215
nist-pdf-0017	17	8	275
nist-pdf-0017	17	9	279
nist-pdf-0017	17	10	299
nist-pdf-0017	17	11	359
nist-pdf-0017	17	12	418
nist-pdf-0017	17	13	438
nist-pdf-0017	17	14	439
nist-pdf-0017	17	15	442
nist-pdf-0017	17	16	443
nist-pdf-0017	17	17	503
nist-pdf-0017	17	18	562
nist-pdf-0017	17	19	581
nist-pdf-0017	17	20	582
nist-pdf-0017	17	21	642
nist-pdf-0017	17	22	701
nist-pdf-0017	17	23	702
nist-pdf-0017	18	0	19
nist-pdf-0017	18	1	22
nist-pdf-0017	18	2	122
nist-pdf-0017	18	3	125
nist-pdf-0017	18	4	154
nist-pdf-0017	18	5	157
nist-pdf-0017	18	6	160
nist-pdf-0017	18	7	221
nist-pdf-0017	18	8	281
nist-pdf-0017	18	9	285
nist-pdf-0017	18	10	305
nist-pdf-0017	18	11	365
nist-pdf-0017	18	12	424
nist-pdf-0017	18	13	443
nist-pdf-0017	18	14	444
nist-pdf-0017	18	15	447
nist-pdf-0017	18	16	448
nist-pdf-0017	18	17	508
nist-pdf-0017	18	18	567
nist-pdf-0017	18	19	586
nist-pdf-0017	18	20	587
nist-pdf-0017	18	21	647
nist-pdf-0017	18	22	706
nist-pdf-0017	18	23	707
nist-pdf-0017	19	0	13
nist-pdf-0017	19	1	16
nist-pdf-0017	19	2	112
nist-pdf-0017	19	3	116
nist-pdf-0017	19	4	144
nist-pdf-0017	19	5	147
nist-pdf-0017	19	6	150
nist-pdf-0017	19	7	211
nist-pdf-0017	19	8	271
nist-pdf-0017	19	9	275
nist-pdf-0017	19	10	295
nist-pdf-0017	19	11	355
nist-pdf-0017	19	12	414
nist-pdf-0017	19	13	434
nist-pdf-0017	19	14	435
nist-pdf-0017	19	15	438
nist-pdf-0017	19	16	439
nist-pdf-0017	19	17	499
nist-pdf-0017	19	18	559
nist-pdf-0017	19	19	579
nist-pdf-0017	19	20	580
nist-pdf-0017	19	21	640
nist-pdf-0017	19	22	700
nist-pdf-0017	19	23	701
nist-pdf-0017	20	0	18
nist-pdf-0017	20	1	22
nist-pdf-0017	20	2	118
nist-pdf-0017	20	3	122
nist-pdf-0017	20	4	149
nist-pdf-0017	20	5	152
nist-pdf-0017	20	6	155
nist-pdf-0017	20	7	216
nist-pdf-0017	20	8	276
nist-pdf-0017	20	9	280
nist-pdf-0017	20	10	300
nist-pdf-0017	20	11	360
nist-pdf-0017	20	12	419
nist-pdf-0017	20	13	438
nist-pdf-0017	20	14	439
nist-pdf-0017	20	15	442
nist-pdf-0017	20	16	443
nist-pdf-0017	20	17	503
nist-pdf-0017	20	18	562
nist-pdf-0017	20	19	581
nist-pdf-0017	20	20	582
nist-pdf-0017	20	21	642
nist-pdf-0017	20	22	701
nist-pdf-0017	20	23	702
nist-pdf-0017	21	0	14
nist-pdf-0017	21	1	18
nist-pdf-0017	21	2	111
nist-pdf-0017	21	3	115
nist-pdf-0017	21	4	141
nist-pdf-0017	21	5	144
nist-pdf-0017	21	6	147
nist-pdf-0017	21	7	208
nist-pdf-0017	21	8	268
nist-pdf-0017	21	9	272
nist-pdf-0017	21	10	292
nist-pdf-0017	21	11	352
nist-pdf-0017	21	12	411
nist-pdf-0017	21	13	430
nist-pdf-0017	21	14	431
nist-pdf-0017	21	15	434
nist-pdf-0017	21	16	435
nist-pdf-0017	21	17	495
nist-pdf-0017	21	18	554
nist-pdf-0017	21	19	573
nist-pdf-0017	21	20	574
nist-pdf-0017	21	21	634
nist-pdf-0017	21	22	696
nist-pdf-0017	21	23	697
nist-pdf-0017	22	0	16
nist-pdf-0017	22	1	20
nist-pdf-0017	22	2	121
nist-pdf-0017	22	3	125
nist-pdf-0017	22	4	153
nist-pdf-0017	22	5	156
nist-pdf-0017	22	6	159
nist-pdf-0017	22	7	220
nist-pdf-0017	22	8	280
nist-pdf-0017	22	9	285
nist-pdf-0017	22	10	305
nist-pdf-0017	22	11	365
nist-pdf-0017	22	12	424
nist-pdf-0017	22	13	444
nist-pdf-0017	22	14	445
nist-pdf-0017	22	15	448
nist-pdf-0017	22	16	449
nist-pdf-0017	22	17	509
nist-pdf-0017	22	18	570
nist-pdf-0017	22	19	589
nist-pdf-0017	22	20	590
nist-pdf-0017	22	21	650
nist-pdf-0017	22	22	709
nist-pdf-0017	22	23	710
nist-pdf-0017	23	0	14
nist-pdf-0017	23	1	17
nist-pdf-0017	23	2	114
nist-pdf-0017	23	3	118
nist-pdf-0017	23	4	145
nist-pdf-0017	23	5	148
nist-pdf-0017	23	6	151
nist-pdf-0017	23	7	212
nist-pdf-0017	23	8	271
nist-pdf-0017	23	9	275
nist-pdf-0017	23	10	295
nist-pdf-0017	23	11	355
nist-pdf-0017	23	12	414
nist-pdf-0017	23	13	433
nist-pdf-0017	23	14	434
nist-pdf-0017	23	15	437
nist-pdf-0017	23	16	438
nist-pdf-0017	23	17	501
nist-pdf-0017	23	18	561
nist-pdf-0017	23	19	580
nist-pdf-0017	23	20	581
nist-pdf-0017	23	21	641
nist-pdf-0017	23	22	701
nist-pdf-0017	23	23	702
nist-pdf-0017	24	0	16
nist-pdf-0017	24	1	20
nist-pdf-0017	24	2	119
nist-pdf-0017	24	3	123
nist-pdf-0017	24	4	151
nist-pdf-0017	24	5	154
nist-pdf-0017	24	6	157
nist-pdf-0017	24	7	218
nist-pdf-0017	24	8	278
nist-pdf-0017	24	9	283
nist-pdf-0017	24	10	303
nist-pdf-0017	24	11	363
nist-pdf-0017	24	12	422
nist-pdf-0017	24	13	441
nist-pdf-0017	24	14	442
nist-pdf-0017	24	15	445
nist-pdf-0017	24	16	446
nist-pdf-0017	24	17	508
nist-pdf-0017	24	18	567
nist-pdf-0017	24	19	586
nist-pdf-0017	24	20	587
nist-pdf-0017	24	21	647
nist-pdf-0017	24	22	706
nist-pdf-0017	24	23	707
nist-pdf-0017	25	0	12
nist-pdf-0017	25	1	15
nist-pdf-0017	25	2	105
nist-pdf-0017	25	3	109
nist-pdf-0017	25	4	135
nist-pdf-0017	25	5	138
nist-pdf-0017	25	6	141
nist-pdf-0017	25	7	201
nist-pdf-0017	25	8	260
nist-pdf-0017	25	9	264
nist-pdf-0017	25	10	284
nist-pdf-0017	25	11	344
nist-pdf-0017	25	12	406
nist-pdf-0017	25	13	425
nist-pdf-0017	25	14	426
nist-pdf-0017	25	15	429
nist-pdf-0017	25	16	430
nist-pdf-0017	25	17	490
nist-pdf-0017	25	18	549
nist-pdf-0017	25	19	568
nist-pdf-0017	25	20	569
nist-pdf-0017	25	21	628
nist-pdf-0017	25	22	687
nist-pdf-0017	25	23	688
nist-docx-0005	1	0	214
nist-docx-0005	1	1	214
nist-docx-0005	1	2	231
nist-docx-0005	1	3	231
nist-docx-0005	1	4	248
nist-docx-0005	1	5	248
nist-docx-0005	1	6	254
nist-docx-0005	1	7	254
nist-docx-0005	1	8	281
nist-docx-0005	1	9	281
nist-docx-0005	1	10	314
nist-docx-0005	1	11	314
nist-docx-0005	1	12	314
nist-docx-0005	1	13	340
nist-docx-0005	1	14	364
nist-docx-0005	1	15	364
nist-docx-0005	1	16	380
nist-docx-0005	1	17	396
nist-docx-0005	1	18	396
nist-docx-0005	1	19	396
nist-docx-0005	1	20	396
nist-docx-0005	1	21	396
nist-docx-0005	1	22	401
nist-docx-0005	1	23	417
nist-docx-0005	2	0	187
nist-docx-0005	2	1	187
nist-docx-0005	2	2	204
nist-docx-0005	2	3	204
nist-docx-0005	2	4	221
nist-docx-0005	2	5	221
nist-docx-0005	2	6	227
nist-docx-0005	2	7	227
nist-docx-0005	2	8	246
nist-docx-0005	2	9	246
nist-docx-0005	2	10	278
nist-docx-0005	2	11	278
nist-docx-0005	2	12	278
nist-docx-0005	2	13	305
nist-docx-0005	2	14	329
nist-docx-0005	2	15	329
nist-docx-0005	2	16	345
nist-docx-0005	2	17	361
nist-docx-0005	2	18	361
nist-docx-0005	2	19	361
nist-docx-0005	2	20	361
nist-docx-0005	2	21	361
nist-docx-0005	2	22	365
nist-docx-0005	2	23	381
nist-docx-0005	3	0	205
nist-docx-0005	3	1	205
nist-docx-0005	3	2	223
nist-docx-0005	3	3	223
nist-docx-0005	3	4	240
nist-docx-0005	3	5	240
nist-docx-0005	3	6	246
nist-docx-0005	3	7	246
nist-docx-0005	3	8	265
nist-docx-0005	3	9	265
nist-docx-0005	3	10	298
nist-docx-0005	3	11	298
nist-docx-0005	3	12	298
nist-docx-0005	3	13	326
nist-docx-0005	3	14	350
nist-docx-0005	3	15	350
nist-docx-0005	3	16	366
nist-docx-0005	3	17	381
nist-docx-0005	3	18	381
nist-docx-0005	3	19	381
nist-docx-0005	3	20	381
nist-docx-0005	3	21	381
nist-docx-0005	3	22	385
nist-docx-0005	3	23	401
nist-docx-0005	4	0	189
nist-docx-0005	4	1	189
nist-docx-0005	4	2	207
nist-docx-0005	4	3	207
nist-docx-0005	4	4	223
nist-docx-0005	4	5	223
nist-docx-0005	4	6	229
nist-docx-0005	4	7	229
nist-docx-0005	4	8	248
nist-docx-0005	4	9	248
nist-docx-0005	4	10	284
nist-docx-0005	4	11	284
nist-docx-0005	4	12	284
nist-docx-0005	4	13	310
nist-docx-0005	4	14	335
nist-docx-0005	4	15	335
nist-docx-0005	4	16	351
nist-docx-0005	4	17	367
nist-docx-0005	4	18	367
nist-docx-0005	4	19	367
nist-docx-0005	4	20	367
nist-docx-0005	4	21	367
nist-docx-0005	4	22	371
nist-docx-0005	4	23	387
nist-docx-0005	5	0	178
nist-docx-0005	5	1	178
nist-docx-0005	5	2	196
nist-docx-0005	5	3	196
nist-docx-0005	5	4	213
nist-docx-0005	5	5	213
nist-docx-0005	5	6	218
nist-docx-0005	5	7	218
nist-docx-0005	5	8	236
nist-docx-0005	5	9	236
nist-docx-0005	5	10	267
nist-docx-0005	5	11	267
nist-docx-0005	5	12	267
nist-docx-0005	5	13	294
nist-docx-0005	5	14	318
nist-docx-0005	5	15	318
nist-docx-0005	5	16	334
nist-docx-0005	5	17	350
nist-docx-0005	5	18	350
nist-docx-0005	5	19	350
nist-docx-0005	5	20	350
nist-docx-0005	5	21	350
nist-docx-0005	5	22	353
nist-docx-0005	5	23	369
nist-docx-0005	6	0	195
nist-docx-0005	6	1	195
nist-docx-0005	6	2	213
nist-docx-0005	6	3	213
nist-docx-0005	6	4	229
nist-docx-0005	6	5	229
nist-docx-0005	6	6	235
nist-docx-0005	6	7	235
nist-docx-0005	6	8	254
nist-docx-0005	6	9	254
nist-docx-0005	6	10	285
nist-docx-0005	6	11	285
nist-docx-0005	6	12	285
nist-docx-0005	6	13	312
nist-docx-0005	6	14	336
nist-docx-0005	6	15	336
nist-docx-0005	6	16	352
nist-docx-0005	6	17	368
nist-docx-0005	6	18	368
nist-docx-0005	6	19	368
nist-docx-0005	6	20	368
nist-docx-0005	6	21	368
nist-docx-0005	6	22	372
nist-docx-0005	6	23	388
nist-docx-0005	7	0	189
nist-docx-0005	7	1	189
nist-docx-0005	7	2	206
nist-docx-0005	7	3	206
nist-docx-0005	7	4	224
nist-docx-0005	7	5	224
nist-docx-0005	7	6	229
nist-docx-0005	7	7	229
nist-docx-0005	7	8	247
nist-docx-0005	7	9	247
nist-docx-0005	7	10	279
nist-docx-0005	7	11	279
nist-docx-0005	7	12	279
nist-docx-0005	7	13	305
nist-docx-0005	7	14	329
nist-docx-0005	7	15	329
nist-docx-0005	7	16	345
nist-docx-0005	7	17	360
nist-docx-0005	7	18	360
nist-docx-0005	7	19	360
nist-docx-0005	7	20	360
nist-docx-0005	7	21	360
nist-docx-0005	7	22	364
nist-docx-0005	7	23	380
nist-docx-0005	8	0	190
nist-docx-0005	8	1	190
nist-docx-0005	8	2	207
nist-docx-0005	8	3	207
nist-docx-0005	8	4	224
nist-docx-0005	8	5	224
nist-docx-0005	8	6	230
nist-docx-0005	8	7	230
nist-docx-0005	8	8	249
nist-docx-0005	8	9	249
nist-docx-0005	8	10	280
nist-docx-0005	8	11	280
nist-docx-0005	8	12	280
nist-docx-0005	8	13	307
nist-docx-0005	8	14	331
nist-docx-0005	8	15	331
nist-docx-0005	8	16	347
nist-docx-0005	8	17	362
nist-docx-0005	8	18	362
nist-docx-0005	8	19	362
nist-docx-0005	8	20	362
nist-docx-0005	8	21	362
nist-docx-0005	8	22	366
nist-docx-0005	8	23	382
nist-docx-0005	9	0	189
nist-docx-0005	9	1	189
nist-docx-0005	9	2	206
nist-docx-0005	9	3	206
nist-docx-0005	9	4	223
nist-docx-0005	9	5	223
nist-docx-0005	9	6	228
nist-docx-0005	9	7	228
nist-docx-0005	9	8	246
nist-docx-0005	9	9	246
nist-docx-0005	9	10	278
nist-docx-0005	9	11	278
nist-docx-0005	9	12	278
nist-docx-0005	9	13	305
nist-docx-0005	9	14	329
nist-docx-0005	9	15	329
nist-docx-0005	9	16	345
nist-docx-0005	9	17	361
nist-docx-0005	9	18	361
nist-docx-0005	9	19	361
nist-docx-0005	9	20	361
nist-docx-0005	9	21	361
nist-docx-0005	9	22	365
nist-docx-0005	9	23	381
nist-docx-0005	10	0	195
nist-docx-0005	10	1	195
nist-docx-0005	10	2	212
nist-docx-0005	10	3	212
nist-docx-0005	10	4	228
nist-docx-0005	10	5	228
nist-docx-0005	10	6	234
nist-docx-0005	10	7	234
nist-docx-0005	10	8	253
nist-docx-0005	10	9	253
nist-docx-0005	10	10	286
nist-docx-0005	10	11	286
nist-docx-0005	10	12	286
nist-docx-0005	10	13	313
nist-docx-0005	10	14	337
nist-docx-0005	10	15	337
nist-docx-0005	10	16	353
nist-docx-0005	10	17	369
nist-docx-0005	10	18	369
nist-docx-0005	10	19	369
nist-docx-0005	10	20	369
nist-docx-0005	10	21	369
nist-docx-0005	10	22	373
nist-docx-0005	10	23	389
nist-docx-0005	11	0	197
nist-docx-0005	11	1	197
nist-docx-0005	11	2	214
nist-docx-0005	11	3	214
nist-docx-0005	11	4	230
nist-docx-0005	11	5	230
nist-docx-0005	11	6	236
nist-docx-0005	11	7	236
nist-docx-0005	11	8	255
nist-docx-0005	11	9	255
nist-docx-0005	11	10	288
nist-docx-0005	11	11	288
nist-docx-0005	11	12	288
nist-docx-0005	11	13	314
nist-docx-0005	11	14	338
nist-docx-0005	11	15	338
nist-docx-0005	11	16	354
nist-docx-0005	11	17	369
nist-docx-0005	11	18	369
nist-docx-0005	11	19	369
nist-docx-0005	11	20	369
nist-docx-0005	11	21	369
nist-docx-0005	11	22	375
nist-docx-0005	11	23	394
nist-docx-0005	12	0	190
nist-docx-0005	12	1	190
nist-docx-0005	12	2	207
nist-docx-0005	12	3	207
nist-docx-0005	12	4	223
nist-docx-0005	12	5	223
nist-docx-0005	12	6	229
nist-docx-0005	12	7	229
nist-docx-0005	12	8	248
nist-docx-0005	12	9	248
nist-docx-0005	12	10	280
nist-docx-0005	12	11	280
nist-docx-0005	12	12	280
nist-docx-0005	12	13	306
nist-docx-0005	12	14	330
nist-docx-0005	12	15	330
nist-docx-0005	12	16	346
nist-docx-0005	12	17	362
nist-docx-0005	12	18	362
nist-docx-0005	12	19	362
nist-docx-0005	12	20	362
nist-docx-0005	12	21	362
nist-docx-0005	12	22	366
nist-docx-0005	12	23	383
nist-docx-0005	13	0	193
nist-docx-0005	13	1	193
nist-docx-0005	13	2	210
nist-docx-0005	13	3	210
nist-docx-0005	13	4	226
nist-docx-0005	13	5	226
nist-docx-0005	13	6	231
nist-docx-0005	13	7	231
nist-docx-0005	13	8	250
nist-docx-0005	13	9	250
nist-docx-0005	13	10	283
nist-docx-0005	13	11	283
nist-docx-0005	13	12	283
nist-docx-0005	13	13	309
nist-docx-0005	13	14	333
nist-docx-0005	13	15	333
nist-docx-0005	13	16	349
nist-docx-0005	13	17	365
nist-docx-0005	13	18	365
nist-docx-0005	13	19	365
nist-docx-0005	13	20	365
nist-docx-0005	13	21	365
nist-docx-0005	13	22	368
nist-docx-0005	13	23	404
nist-docx-0005	14	0	189
nist-docx-0005	14	1	189
nist-docx-0005	14	2	206
nist-docx-0005	14	3	206
nist-docx-0005	14	4	222
nist-docx-0005	14	5	222
nist-docx-0005	14	6	228
nist-docx-0005	14	7	228
nist-docx-0005	14	8	247
nist-docx-0005	14	9	247
nist-docx-0005	14	10	279
nist-docx-0005	14	11	279
nist-docx-0005	14	12	279
nist-docx-0005	14	13	305
nist-docx-0005	14	14	329
nist-docx-0005	14	15	329
nist-docx-0005	14	16	345
nist-docx-0005	14	17	361
nist-docx-0005	14	18	361
nist-docx-0005	14	19	361
nist-docx-0005	14	20	361
nist-docx-0005	14	21	361
nist-docx-0005	14	22	365
nist-docx-0005	14	23	382
nist-docx-0005	15	0	267
nist-docx-0005	15	1	267
nist-docx-0005	15	2	284
nist-docx-0005	15	3	284
nist-docx-0005	15	4	300
nist-docx-0005	15	5	300
nist-docx-0005	15	6	305
nist-docx-0005	15	7	305
nist-docx-0005	15	8	323
nist-docx-0005	15	9	323
nist-docx-0005	15	10	357
nist-docx-0005	15	11	357
nist-docx-0005	15	12	357
nist-docx-0005	15	13	384
nist-docx-0005	15	14	408
nist-docx-0005	15	15	408
nist-docx-0005	15	16	424
nist-docx-0005	15	17	440
nist-docx-0005	15	18	440
nist-docx-0005	15	19	440
nist-docx-0005	15	20	440
nist-docx-0005	15	21	440
nist-docx-0005	15	22	444
nist-docx-0005	15	23	460
nist-docx-0005	16	0	188
nist-docx-0005	16	1	188
nist-docx-0005	16	2	205
nist-docx-0005	16	3	205
nist-docx-0005	16	4	222
nist-docx-0005	16	5	222
nist-docx-0005	16	6	228
nist-docx-0005	16	7	228
nist-docx-0005	16	8	247
nist-docx-0005	16	9	247
nist-docx-0005	16	10	279
nist-docx-0005	16	11	279
nist-docx-0005	16	12	279
nist-docx-0005	16	13	306
nist-docx-0005	16	14	330
nist-docx-0005	16	15	330
nist-docx-0005	16	16	346
nist-docx-0005	16	17	361
nist-docx-0005	16	18	361
nist-docx-0005	16	19	361
nist-docx-0005	16	20	361
nist-docx-0005	16	21	361
nist-docx-0005	16	22	365
nist-docx-0005	16	23	381
nist-docx-0005	17	0	189
nist-docx-0005	17	1	189
nist-docx-0005	17	2	206
nist-docx-0005	17	3	206
nist-docx-0005	17	4	223
nist-docx-0005	17	5	223
nist-docx-0005	17	6	228
nist-docx-0005	17	7	228
nist-docx-0005	17	8	246
nist-docx-0005	17	9	246
nist-docx-0005	17	10	278
nist-docx-0005	17	11	278
nist-docx-0005	17	12	278
nist-docx-0005	17	13	304
nist-docx-0005	17	14	328
nist-docx-0005	17	15	328
nist-docx-0005	17	16	344
nist-docx-0005	17	17	359
nist-docx-0005	17	18	359
nist-docx-0005	17	19	359
nist-docx-0005	17	20	359
nist-docx-0005	17	21	359
nist-docx-0005	17	22	362
nist-docx-0005	17	23	377
nist-docx-0005	18	0	190
nist-docx-0005	18	1	190
nist-docx-0005	18	2	207
nist-docx-0005	18	3	207
nist-docx-0005	18	4	224
nist-docx-0005	18	5	224
nist-docx-0005	18	6	230
nist-docx-0005	18	7	230
nist-docx-0005	18	8	249
nist-docx-0005	18	9	249
nist-docx-0005	18	10	281
nist-docx-0005	18	11	281
nist-docx-0005	18	12	281
nist-docx-0005	18	13	307
nist-docx-0005	18	14	331
nist-docx-0005	18	15	331
nist-docx-0005	18	16	347
nist-docx-0005	18	17	363
nist-docx-0005	18	18	363
nist-docx-0005	18	19	363
nist-docx-0005	18	20	363
nist-docx-0005	18	21	363
nist-docx-0005	18	22	367
nist-docx-0005	18	23	383
nist-docx-0005	19	0	196
nist-docx-0005	19	1	196
nist-docx-0005	19	2	213
nist-docx-0005	19	3	213
nist-docx-0005	19	4	230
nist-docx-0005	19	5	230
nist-docx-0005	19	6	235
nist-docx-0005	19	7	235
nist-docx-0005	19	8	254
nist-docx-0005	19	9	254
nist-docx-0005	19	10	288
nist-docx-0005	19	11	288
nist-docx-0005	19	12	288
nist-docx-0005	19	13	314
nist-docx-0005	19	14	338
nist-docx-0005	19	15	338
nist-docx-0005	19	16	355
nist-docx-0005	19	17	371
nist-docx-0005	19	18	371
nist-docx-0005	19	19	371
nist-docx-0005	19	20	371
nist-docx-0005	19	21	371
nist-docx-0005	19	22	375
nist-docx-0005	19	23	391
nist-docx-0005	20	0	190
nist-docx-0005	20	1	190
nist-docx-0005	20	2	207
nist-docx-0005	20	3	207
nist-docx-0005	20	4	224
nist-docx-0005	20	5	224
nist-docx-0005	20	6	230
nist-docx-0005	20	7	230
nist-docx-0005	20	8	249
nist-docx-0005	20	9	249
nist-docx-0005	20	10	280
nist-docx-0005	20	11	280
nist-docx-0005	20	12	280
nist-docx-0005	20	13	307
nist-docx-0005	20	14	331
nist-docx-0005	20	15	331
nist-docx-0005	20	16	350
nist-docx-0005	20	17	366
nist-docx-0005	20	18	366
nist-docx-0005	20	19	366
nist-docx-0005	20	20	366
nist-docx-0005	20	21	366
nist-docx-0005	20	22	370
nist-docx-0005	20	23	386
nist-docx-0005	21	0	188
nist-docx-0005	21	1	188
nist-docx-0005	21	2	205
nist-docx-0005	21	3	205
nist-docx-0005	21	4	222
nist-docx-0005	21	5	222
nist-docx-0005	21	6	227
nist-docx-0005	21	7	227
nist-docx-0005	21	8	246
nist-docx-0005	21	9	246
nist-docx-0005	21	10	280
nist-docx-0005	21	11	280
nist-docx-0005	21	12	280
nist-docx-0005	21	13	311
nist-docx-0005	21	14	338
nist-docx-0005	21	15	338
nist-docx-0005	21	16	355
nist-docx-0005	21	17	371
nist-docx-0005	21	18	371
nist-docx-0005	21	19	371
nist-docx-0005	21	20	371
nist-docx-0005	21	21	371
nist-docx-0005	21	22	376
nist-docx-0005	21	23	392
nist-docx-0005	22	0	193
nist-docx-0005	22	1	193
nist-docx-0005	22	2	210
nist-docx-0005	22	3	210
nist-docx-0005	22	4	226
nist-docx-0005	22	5	226
nist-docx-0005	22	6	232
nist-docx-0005	22	7	232
nist-docx-0005	22	8	251
nist-docx-0005	22	9	251
nist-docx-0005	22	10	282
nist-docx-0005	22	11	282
nist-docx-0005	22	12	282
nist-docx-0005	22	13	308
nist-docx-0005	22	14	332
nist-docx-0005	22	15	332
nist-docx-0005	22	16	348
nist-docx-0005	22	17	364
nist-docx-0005	22	18	364
nist-docx-0005	22	19	364
nist-docx-0005	22	20	364
nist-docx-0005	22	21	364
nist-docx-0005	22	22	368
nist-docx-0005	22	23	384
nist-docx-0005	23	0	220
nist-docx-0005	23	1	220
nist-docx-0005	23	2	237
nist-docx-0005	23	3	237
nist-docx-0005	23	4	253
nist-docx-0005	23	5	253
nist-docx-0005	23	6	263
nist-docx-0005	23	7	263
nist-docx-0005	23	8	283
nist-docx-0005	23	9	283
nist-docx-0005	23	10	317
nist-docx-0005	23	11	317
nist-docx-0005	23	12	317
nist-docx-0005	23	13	343
nist-docx-0005	23	14	367
nist-docx-0005	23	15	367
nist-docx-0005	23	16	383
nist-docx-0005	23	17	399
nist-docx-0005	23	18	399
nist-docx-0005	23	19	399
nist-docx-0005	23	20	399
nist-docx-0005	23	21	399
nist-docx-0005	23	22	403
nist-docx-0005	23	23	419
nist-docx-0005	24	0	196
nist-docx-0005	24	1	196
nist-docx-0005	24	2	213
nist-docx-0005	24	3	213
nist-docx-0005	24	4	229
nist-docx-0005	24	5	229
nist-docx-0005	24	6	235
nist-docx-0005	24	7	235
nist-docx-0005	24	8	254
nist-docx-0005	24	9	254
nist-docx-0005	24	10	286
nist-docx-0005	24	11	286
nist-docx-0005	24	12	286
nist-docx-0005	24	13	313
nist-docx-0005	24	14	337
nist-docx-0005	24	15	337
nist-docx-0005	24	16	353
nist-docx-0005	24	17	369
nist-docx-0005	24	18	369
nist-docx-0005	24	19	369
nist-docx-0005	24	20	369
nist-docx-0005	24	21	369
nist-docx-0005	24	22	372
nist-docx-0005	24	23	388
nist-docx-0005	25	0	181
nist-docx-0005	25	1	181
nist-docx-0005	25	2	198
nist-docx-0005	25	3	198
nist-docx-0005	25	4	214
nist-docx-0005	25	5	214
nist-docx-0005	25	6	220
nist-docx-0005	25	7	220
nist-docx-0005	25	8	238
nist-docx-0005	25	9	238
nist-docx-0005	25	10	271
nist-docx-0005	25	11	271
nist-docx-0005	25	12	271
nist-docx-0005	25	13	297
nist-docx-0005	25	14	321
nist-docx-0005	25	15	321
nist-docx-0005	25	16	337
nist-docx-0005	25	17	353
nist-docx-0005	25	18	353
nist-docx-0005	25	19	353
nist-docx-0005	25	20	353
nist-docx-0005	25	21	353
nist-docx-0005	25	22	357
nist-docx-0005	25	23	373
nist-docx-0008	1	0	0
nist-docx-0008	1	1	21
nist-docx-0008	1	2	21
nist-docx-0008	1	3	27
nist-docx-0008	1	4	43
nist-docx-0008	1	5	60
nist-docx-0008	1	6	78
nist-docx-0008	1	7	94
nist-docx-0008	1	8	109
nist-docx-0008	1	9	109
nist-docx-0008	1	10	124
nist-docx-0008	1	11	140
nist-docx-0008	1	12	140
nist-docx-0008	1	13	161
nist-docx-0008	1	14	180
nist-docx-0008	1	15	180
nist-docx-0008	1	16	180
nist-docx-0008	1	17	183
nist-docx-0008	1	18	198
nist-docx-0008	1	19	198
nist-docx-0008	1	20	215
nist-docx-0008	1	21	232
nist-docx-0008	1	22	232
nist-docx-0008	1	23	247
nist-docx-0008	2	0	0
nist-docx-0008	2	1	21
nist-docx-0008	2	2	21
nist-docx-0008	2	3	28
nist-docx-0008	2	4	44
nist-docx-0008	2	5	61
nist-docx-0008	2	6	79
nist-docx-0008	2	7	95
nist-docx-0008	2	8	111
nist-docx-0008	2	9	111
nist-docx-0008	2	10	126
nist-docx-0008	2	11	142
nist-docx-0008	2	12	142
nist-docx-0008	2	13	163
nist-docx-0008	2	14	182
nist-docx-0008	2	15	182
nist-docx-0008	2	16	182
nist-docx-0008	2	17	185
nist-docx-0008	2	18	201
nist-docx-0008	2	19	201
nist-docx-0008	2	20	218
nist-docx-0008	2	21	235
nist-docx-0008	2	22	235
nist-docx-0008	2	23	250
nist-docx-0008	3	0	0
nist-docx-0008	3	1	20
nist-docx-0008	3	2	20
nist-docx-0008	3	3	25
nist-docx-0008	3	4	41
nist-docx-0008	3	5	58
nist-docx-0008	3	6	76
nist-docx-0008	3	7	92
nist-docx-0008	3	8	107
nist-docx-0008	3	9	107
nist-docx-0008	3	10	122
nist-docx-0008	3	11	137
nist-docx-0008	3	12	137
nist-docx-0008	3	13	158
nist-docx-0008	3	14	177
nist-docx-0008	3	15	177
nist-docx-0008	3	16	177
nist-docx-0008	3	17	180
nist-docx-0008	3	18	195
nist-docx-0008	3	19	195
nist-docx-0008	3	20	212
nist-docx-0008	3	21	229
nist-docx-0008	3	22	229
nist-docx-0008	3	23	244
nist-docx-0008	4	0	0
nist-docx-0008	4	1	20
nist-docx-0008	4	2	20
nist-docx-0008	4	3	26
nist-docx-0008	4	4	42
nist-docx-0008	4	5	59
nist-docx-0008	4	6	76
nist-docx-0008	4	7	92
nist-docx-0008	4	8	107
nist-docx-0008	4	9	107
nist-docx-0008	4	10	122
nist-docx-0008	4	11	138
nist-docx-0008	4	12	138
nist-docx-0008	4	13	159
nist-docx-0008	4	14	178
nist-docx-0008	4	15	178
nist-docx-0008	4	16	178
nist-docx-0008	4	17	181
nist-docx-0008	4	18	197
nist-docx-0008	4	19	197
nist-docx-0008	4	20	214
nist-docx-0008	4	21	231
nist-docx-0008	4	22	231
nist-docx-0008	4	23	246
nist-docx-0008	5	0	0
nist-docx-0008	5	1	20
nist-docx-0008	5	2	20
nist-docx-0008	5	3	25
nist-docx-0008	5	4	41
nist-docx-0008	5	5	58
nist-docx-0008	5	6	76
nist-docx-0008	5	7	92
nist-docx-0008	5	8	107
nist-docx-0008	5	9	107
nist-docx-0008	5	10	122
nist-docx-0008	5	11	137
nist-docx-0008	5	12	137
nist-docx-0008	5	13	158
nist-docx-0008	5	14	177
nist-docx-0008	5	15	177
nist-docx-0008	5	16	177
nist-docx-0008	5	17	180
nist-docx-0008	5	18	196
nist-docx-0008	5	19	196
nist-docx-0008	5	20	213
nist-docx-0008	5	21	230
nist-docx-0008	5	22	230
nist-docx-0008	5	23	245
nist-docx-0008	6	0	0
nist-docx-0008	6	1	21
nist-docx-0008	6	2	21
nist-docx-0008	6	3	28
nist-docx-0008	6	4	44
nist-docx-0008	6	5	61
nist-docx-0008	6	6	79
nist-docx-0008	6	7	95
nist-docx-0008	6	8	110
nist-docx-0008	6	9	110
nist-docx-0008	6	10	125
nist-docx-0008	6	11	141
nist-docx-0008	6	12	141
nist-docx-0008	6	13	162
nist-docx-0008	6	14	181
nist-docx-0008	6	15	181
nist-docx-0008	6	16	181
nist-docx-0008	6	17	184
nist-docx-0008	6	18	199
nist-docx-0008	6	19	199
nist-docx-0008	6	20	216
nist-docx-0008	6	21	233
nist-docx-0008	6	22	233
nist-docx-0008	6	23	248
nist-docx-0008	7	0	0
nist-docx-0008	7	1	19
nist-docx-0008	7	2	19
nist-docx-0008	7	3	24
nist-docx-0008	7	4	40
nist-docx-0008	7	5	57
nist-docx-0008	7	6	75
nist-docx-0008	7	7	91
nist-docx-0008	7	8	106
nist-docx-0008	7	9	106
nist-docx-0008	7	10	128
nist-docx-0008	7	11	145
nist-docx-0008	7	12	145
nist-docx-0008	7	13	167
nist-docx-0008	7	14	186
nist-docx-0008	7	15	186
nist-docx-0008	7	16	186
nist-docx-0008	7	17	191
nist-docx-0008	7	18	207
nist-docx-0008	7	19	207
nist-docx-0008	7	20	224
nist-docx-0008	7	21	241
nist-docx-0008	7	22	241
nist-docx-0008	7	23	257
nist-docx-0008	8	0	0
nist-docx-0008	8	1	38
nist-docx-0008	8	2	38
nist-docx-0008	8	3	45
nist-docx-0008	8	4	63
nist-docx-0008	8	5	80
nist-docx-0008	8	6	98
nist-docx-0008	8	7	114
nist-docx-0008	8	8	129
nist-docx-0008	8	9	129
nist-docx-0008	8	10	144
nist-docx-0008	8	11	160
nist-docx-0008	8	12	160
nist-docx-0008	8	13	182
nist-docx-0008	8	14	201
nist-docx-0008	8	15	201
nist-docx-0008	8	16	201
nist-docx-0008	8	17	204
nist-docx-0008	8	18	220
nist-docx-0008	8	19	220
nist-docx-0008	8	20	237
nist-docx-0008	8	21	254
nist-docx-0008	8	22	254
nist-docx-0008	8	23	269
nist-docx-0008	9	0	0
nist-docx-0008	9	1	19
nist-docx-0008	9	2	19
nist-docx-0008	9	3	24
nist-docx-0008	9	4	40
nist-docx-0008	9	5	57
nist-docx-0008	9	6	74
nist-docx-0008	9	7	90
nist-docx-0008	9	8	105
nist-docx-0008	9	9	105
nist-docx-0008	9	10	120
nist-docx-0008	9	11	135
nist-docx-0008	9	12	135
nist-docx-0008	9	13	161
nist-docx-0008	9	14	180
nist-docx-0008	9	15	180
nist-docx-0008	9	16	180
nist-docx-0008	9	17	183
nist-docx-0008	9	18	199
nist-docx-0008	9	19	199
nist-docx-0008	9	20	216
nist-docx-0008	9	21	233
nist-docx-0008	9	22	233
nist-docx-0008	9	23	248
nist-docx-0008	10	0	0
nist-docx-0008	10	1	20
nist-docx-0008	10	2	20
nist-docx-0008	10	3	26
nist-docx-0008	10	4	42
nist-docx-0008	10	5	59
nist-docx-0008	10	6	77
nist-docx-0008	10	7	92
nist-docx-0008	10	8	107
nist-docx-0008	10	9	107
nist-docx-0008	10	10	122
nist-docx-0008	10	11	137
nist-docx-0008	10	12	137
nist-docx-0008	10	13	160
nist-docx-0008	10	14	179
nist-docx-0008	10	15	179
nist-docx-0008	10	16	179
nist-docx-0008	10	17	182
nist-docx-0008	10	18	198
nist-docx-0008	10	19	198
nist-docx-0008	10	20	215
nist-docx-0008	10	21	232
nist-docx-0008	10	22	232
nist-docx-0008	10	23	247
nist-docx-0008	11	0	0
nist-docx-0008	11	1	20
nist-docx-0008	11	2	20
nist-docx-0008	11	3	26
nist-docx-0008	11	4	42
nist-docx-0008	11	5	60
nist-docx-0008	11	6	78
nist-docx-0008	11	7	94
nist-docx-0008	11	8	109
nist-docx-0008	11	9	109
nist-docx-0008	11	10	124
nist-docx-0008	11	11	140
nist-docx-0008	11	12	140
nist-docx-0008	11	13	163
nist-docx-0008	11	14	182
nist-docx-0008	11	15	182
nist-docx-0008	11	16	182
nist-docx-0008	11	17	185
nist-docx-0008	11	18	200
nist-docx-0008	11	19	200
nist-docx-0008	11	20	217
nist-docx-0008	11	21	234
nist-docx-0008	11	22	234
nist-docx-0008	11	23	249
nist-docx-0008	12	0	0
nist-docx-0008	12	1	20
nist-docx-0008	12	2	20
nist-docx-0008	12	3	26
nist-docx-0008	12	4	42
nist-docx-0008	12	5	59
nist-docx-0008	12	6	77
nist-docx-0008	12	7	93
nist-docx-0008	12	8	108
nist-docx-0008	12	9	108
nist-docx-0008	12	10	123
nist-docx-0008	12	11	139
nist-docx-0008	12	12	139
nist-docx-0008	12	13	161
nist-docx-0008	12	14	180
nist-docx-0008	12	15	180
nist-docx-0008	12	16	180
nist-docx-0008	12	17	183
nist-docx-0008	12	18	198
nist-docx-0008	12	19	198
nist-docx-0008	12	20	215
nist-docx-0008	12	21	232
nist-docx-0008	12	22	232
nist-docx-0008	12	23	247
nist-docx-0008	13	0	0
nist-docx-0008	13	1	20
nist-docx-0008	13	2	20
nist-docx-0008	13	3	26
nist-docx-0008	13	4	42
nist-docx-0008	13	5	59
nist-docx-0008	13	6	76
nist-docx-0008	13	7	91
nist-docx-0008	13	8	106
nist-docx-0008	13	9	106
nist-docx-0008	13	10	121
nist-docx-0008	13	11	136
nist-docx-0008	13	12	136
nist-docx-0008	13	13	157
nist-docx-0008	13	14	176
nist-docx-0008	13	15	176
nist-docx-0008	13	16	176
nist-docx-0008	13	17	179
nist-docx-0008	13	18	194
nist-docx-0008	13	19	194
nist-docx-0008	13	20	211
nist-docx-0008	13	21	228
nist-docx-0008	13	22	228
nist-docx-0008	13	23	243
nist-docx-0008	14	0	0
nist-docx-0008	14	1	20
nist-docx-0008	14	2	20
nist-docx-0008	14	3	27
nist-docx-0008	14	4	43
nist-docx-0008	14	5	60
nist-docx-0008	14	6	78
nist-docx-0008	14	7	94
nist-docx-0008	14	8	109
nist-docx-0008	14	9	109
nist-docx-0008	14	10	124
nist-docx-0008	14	11	140
nist-docx-0008	14	12	140
nist-docx-0008	14	13	161
nist-docx-0008	14	14	180
nist-docx-0008	14	15	180
nist-docx-0008	14	16	180
nist-docx-0008	14	17	183
nist-docx-0008	14	18	198
nist-docx-0008	14	19	198
nist-docx-0008	14	20	215
nist-docx-0008	14	21	232
nist-docx-0008	14	22	232
nist-docx-0008	14	23	247
nist-docx-0008	15	0	0
nist-docx-0008	15	1	19
nist-docx-0008	15	2	19
nist-docx-0008	15	3	24
nist-docx-0008	15	4	40
nist-docx-0008	15	5	57
nist-docx-0008	15	6	74
nist-docx-0008	15	7	90
nist-docx-0008	15	8	105
nist-docx-0008	15	9	105
nist-docx-0008	15	10	120
nist-docx-0008	15	11	136
nist-docx-0008	15	12	136
nist-docx-0008	15	13	157
nist-docx-0008	15	14	176
nist-docx-0008	15	15	176
nist-docx-0008	15	16	176
nist-docx-0008	15	17	179
nist-docx-0008	15	18	194
nist-docx-0008	15	19	194
nist-docx-0008	15	20	211
nist-docx-0008	15	21	228
nist-docx-0008	15	22	228
nist-docx-0008	15	23	243
nist-docx-0008	16	0	0
nist-docx-0008	16	1	20
nist-docx-0008	16	2	20
nist-docx-0008	16	3	26
nist-docx-0008	16	4	42
nist-docx-0008	16	5	59
nist-docx-0008	16	6	77
nist-docx-0008	16	7	93
nist-docx-0008	16	8	108
nist-docx-0008	16	9	108
nist-docx-0008	16	10	123
nist-docx-0008	16	11	138
nist-docx-0008	16	12	138
nist-docx-0008	16	13	160
nist-docx-0008	16	14	179
nist-docx-0008	16	15	179
nist-docx-0008	16	16	179
nist-docx-0008	16	17	182
nist-docx-0008	16	18	197
nist-docx-0008	16	19	197
nist-docx-0008	16	20	214
nist-docx-0008	16	21	231
nist-docx-0008	16	22	231
nist-docx-0008	16	23	246
nist-docx-0008	17	0	0
nist-docx-0008	17	1	19
nist-docx-0008	17	2	19
nist-docx-0008	17	3	24
nist-docx-0008	17	4	40
nist-docx-0008	17	5	57
nist-docx-0008	17	6	74
nist-docx-0008	17	7	90
nist-docx-0008	17	8	105
nist-docx-0008	17	9	105
nist-docx-0008	17	10	120
nist-docx-0008	17	11	135
nist-docx-0008	17	12	135
nist-docx-0008	17	13	156
nist-docx-0008	17	14	175
nist-docx-0008	17	15	175
nist-docx-0008	17	16	175
nist-docx-0008	17	17	178
nist-docx-0008	17	18	194
nist-docx-0008	17	19	194
nist-docx-0008	17	20	211
nist-docx-0008	17	21	228
nist-docx-0008	17	22	228
nist-docx-0008	17	23	243
nist-docx-0008	18	0	0
nist-docx-0008	18	1	19
nist-docx-0008	18	2	19
nist-docx-0008	18	3	26
nist-docx-0008	18	4	42
nist-docx-0008	18	5	59
nist-docx-0008	18	6	77
nist-docx-0008	18	7	93
nist-docx-0008	18	8	108
nist-docx-0008	18	9	108
nist-docx-0008	18	10	123
nist-docx-0008	18	11	139
nist-docx-0008	18	12	139
nist-docx-0008	18	13	161
nist-docx-0008	18	14	180
nist-docx-0008	18	15	180
nist-docx-0008	18	16	180
nist-docx-0008	18	17	183
nist-docx-0008	18	18	199
nist-docx-0008	18	19	199
nist-docx-0008	18	20	216
nist-docx-0008	18	21	233
nist-docx-0008	18	22	233
nist-docx-0008	18	23	248
nist-docx-0008	19	0	0
nist-docx-0008	19	1	19
nist-docx-0008	19	2	19
nist-docx-0008	19	3	25
nist-docx-0008	19	4	41
nist-docx-0008	19	5	58
nist-docx-0008	19	6	75
nist-docx-0008	19	7	91
nist-docx-0008	19	8	106
nist-docx-0008	19	9	106
nist-docx-0008	19	10	121
nist-docx-0008	19	11	136
nist-docx-0008	19	12	136
nist-docx-0008	19	13	158
nist-docx-0008	19	14	178
nist-docx-0008	19	15	178
nist-docx-0008	19	16	178
nist-docx-0008	19	17	181
nist-docx-0008	19	18	197
nist-docx-0008	19	19	197
nist-docx-0008	19	20	223
nist-docx-0008	19	21	240
nist-docx-0008	19	22	240
nist-docx-0008	19	23	255
nist-docx-0008	20	0	0
nist-docx-0008	20	1	20
nist-docx-0008	20	2	20
nist-docx-0008	20	3	27
nist-docx-0008	20	4	43
nist-docx-0008	20	5	60
nist-docx-0008	20	6	77
nist-docx-0008	20	7	92
nist-docx-0008	20	8	107
nist-docx-0008	20	9	107
nist-docx-0008	20	10	122
nist-docx-0008	20	11	137
nist-docx-0008	20	12	137
nist-docx-0008	20	13	159
nist-docx-0008	20	14	178
nist-docx-0008	20	15	178
nist-docx-0008	20	16	178
nist-docx-0008	20	17	181
nist-docx-0008	20	18	196
nist-docx-0008	20	19	196
nist-docx-0008	20	20	213
nist-docx-0008	20	21	233
nist-docx-0008	20	22	233
nist-docx-0008	20	23	248
nist-docx-0008	21	0	0
nist-docx-0008	21	1	19
nist-docx-0008	21	2	19
nist-docx-0008	21	3	25
nist-docx-0008	21	4	41
nist-docx-0008	21	5	58
nist-docx-0008	21	6	76
nist-docx-0008	21	7	92
nist-docx-0008	21	8	107
nist-docx-0008	21	9	107
nist-docx-0008	21	10	122
nist-docx-0008	21	11	138
nist-docx-0008	21	12	138
nist-docx-0008	21	13	160
nist-docx-0008	21	14	179
nist-docx-0008	21	15	179
nist-docx-0008	21	16	179
nist-docx-0008	21	17	182
nist-docx-0008	21	18	197
nist-docx-0008	21	19	197
nist-docx-0008	21	20	214
nist-docx-0008	21	21	231
nist-docx-0008	21	22	231
nist-docx-0008	21	23	246
nist-docx-0008	22	0	0
nist-docx-0008	22	1	20
nist-docx-0008	22	2	20
nist-docx-0008	22	3	26
nist-docx-0008	22	4	42
nist-docx-0008	22	5	59
nist-docx-0008	22	6	77
nist-docx-0008	22	7	93
nist-docx-0008	22	8	108
nist-docx-0008	22	9	108
nist-docx-0008	22	10	123
nist-docx-0008	22	11	139
nist-docx-0008	22	12	139
nist-docx-0008	22	13	161
nist-docx-0008	22	14	180
nist-docx-0008	22	15	180
nist-docx-0008	22	16	180
nist-docx-0008	22	17	184
nist-docx-0008	22	18	199
nist-docx-0008	22	19	199
nist-docx-0008	22	20	216
nist-docx-0008	22	21	233
nist-docx-0008	22	22	233
nist-docx-0008	22	23	248
nist-docx-0008	23	0	0
nist-docx-0008	23	1	20
nist-docx-0008	23	2	20
nist-docx-0008	23	3	26
nist-docx-0008	23	4	42
nist-docx-0008	23	5	59
nist-docx-0008	23	6	76
nist-docx-0008	23	7	92
nist-docx-0008	23	8	107
nist-docx-0008	23	9	107
nist-docx-0008	23	10	122
nist-docx-0008	23	11	138
nist-docx-0008	23	12	138
nist-docx-0008	23	13	159
nist-docx-0008	23	14	178
nist-docx-0008	23	15	178
nist-docx-0008	23	16	178
nist-docx-0008	23	17	181
nist-docx-0008	23	18	196
nist-docx-0008	23	19	196
nist-docx-0008	23	20	213
nist-docx-0008	23	21	230
nist-docx-0008	23	22	230
nist-docx-0008	23	23	245
nist-docx-0008	24	0	0
nist-docx-0008	24	1	20
nist-docx-0008	24	2	20
nist-docx-0008	24	3	27
nist-docx-0008	24	4	43
nist-docx-0008	24	5	60
nist-docx-0008	24	6	78
nist-docx-0008	24	7	94
nist-docx-0008	24	8	109
nist-docx-0008	24	9	109
nist-docx-0008	24	10	124
nist-docx-0008	24	11	139
nist-docx-0008	24	12	139
nist-docx-0008	24	13	160
nist-docx-0008	24	14	179
nist-docx-0008	24	15	179
nist-docx-0008	24	16	179
nist-docx-0008	24	17	182
nist-docx-0008	24	18	198
nist-docx-0008	24	19	198
nist-docx-0008	24	20	215
nist-docx-0008	24	21	232
nist-docx-0008	24	22	232
nist-docx-0008	24	23	247
nist-docx-0008	25	0	0
nist-docx-0008	25	1	20
nist-docx-0008	25	2	20
nist-docx-0008	25	3	25
nist-docx-0008	25	4	41
nist-docx-0008	25	5	58
nist-docx-0008	25	6	75
nist-docx-0008	25	7	91
nist-docx-0008	25	8	106
nist-docx-0008	25	9	106
nist-docx-0008	25	10	121
nist-docx-0008	25	11	136
nist-docx-0008	25	12	136
nist-docx-0008	25	13	158
nist-docx-0008	25	14	177
nist-docx-0008	25	15	177
nist-docx-0008	25	16	177
nist-docx-0008	25	17	180
nist-docx-0008	25	18	196
nist-docx-0008	25	19	196
nist-docx-0008	25	20	213
nist-docx-0008	25	21	230
nist-docx-0008	25	22	230
nist-docx-0008	25	23	245
nist-docx-0009	1	0	874
nist-docx-0009	1	1	874
nist-docx-0009	1	2	882
nist-docx-0009	1	3	882
nist-docx-0009	1	4	962
nist-docx-0009	1	5	988
nist-docx-0009	1	6	988
nist-docx-0009	1	7	988
nist-docx-0009	1	8	1013
nist-docx-0009	1	9	1013
nist-docx-0009	1	10	1043
nist-docx-0009	1	11	1043
nist-docx-0009	1	12	1066
nist-docx-0009	1	13	1142
nist-docx-0009	1	14	1217
nist-docx-0009	1	15	1224
nist-docx-0009	1	16	1224
nist-docx-0009	1	17	1249
nist-docx-0009	1	18	1279
nist-docx-0009	1	19	1352
nist-docx-0009	1	20	1378
nist-docx-0009	1	21	1382
nist-docx-0009	1	22	1405
nist-docx-0009	1	23	1427
nist-docx-0009	2	0	376
nist-docx-0009	2	1	376
nist-docx-0009	2	2	383
nist-docx-0009	2	3	383
nist-docx-0009	2	4	463
nist-docx-0009	2	5	489
nist-docx-0009	2	6	489
nist-docx-0009	2	7	489
nist-docx-0009	2	8	513
nist-docx-0009	2	9	513
nist-docx-0009	2	10	544
nist-docx-0009	2	11	544
nist-docx-0009	2	12	567
nist-docx-0009	2	13	643
nist-docx-0009	2	14	718
nist-docx-0009	2	15	722
nist-docx-0009	2	16	722
nist-docx-0009	2	17	746
nist-docx-0009	2	18	776
nist-docx-0009	2	19	849
nist-docx-0009	2	20	873
nist-docx-0009	2	21	876
nist-docx-0009	2	22	913
nist-docx-0009	2	23	936
nist-docx-0009	3	0	358
nist-docx-0009	3	1	358
nist-docx-0009	3	2	363
nist-docx-0009	3	3	363
nist-docx-0009	3	4	443
nist-docx-0009	3	5	468
nist-docx-0009	3	6	468
nist-docx-0009	3	7	468
nist-docx-0009	3	8	492
nist-docx-0009	3	9	492
nist-docx-0009	3	10	522
nist-docx-0009	3	11	522
nist-docx-0009	3	12	545
nist-docx-0009	3	13	621
nist-docx-0009	3	14	702
nist-docx-0009	3	15	706
nist-docx-0009	3	16	706
nist-docx-0009	3	17	730
nist-docx-0009	3	18	760
nist-docx-0009	3	19	834
nist-docx-0009	3	20	858
nist-docx-0009	3	21	862
nist-docx-0009	3	22	885
nist-docx-0009	3	23	907
nist-docx-0009	4	0	386
nist-docx-0009	4	1	386
nist-docx-0009	4	2	392
nist-docx-0009	4	3	392
nist-docx-0009	4	4	474
nist-docx-0009	4	5	500
nist-docx-0009	4	6	500
nist-docx-0009	4	7	500
nist-docx-0009	4	8	525
nist-docx-0009	4	9	525
nist-docx-0009	4	10	556
nist-docx-0009	4	11	556
nist-docx-0009	4	12	579
nist-docx-0009	4	13	655
nist-docx-0009	4	14	752
nist-docx-0009	4	15	758
nist-docx-0009	4	16	758
nist-docx-0009	4	17	783
nist-docx-0009	4	18	814
nist-docx-0009	4	19	891
nist-docx-0009	4	20	915
nist-docx-0009	4	21	919
nist-docx-0009	4	22	942
nist-docx-0009	4	23	964
nist-docx-0009	5	0	346
nist-docx-0009	5	1	346
nist-docx-0009	5	2	351
nist-docx-0009	5	3	351
nist-docx-0009	5	4	431
nist-docx-0009	5	5	456
nist-docx-0009	5	6	456
nist-docx-0009	5	7	456
nist-docx-0009	5	8	480
nist-docx-0009	5	9	480
nist-docx-0009	5	10	511
nist-docx-0009	5	11	511
nist-docx-0009	5	12	534
nist-docx-0009	5	13	611
nist-docx-0009	5	14	687
nist-docx-0009	5	15	691
nist-docx-0009	5	16	691
nist-docx-0009	5	17	715
nist-docx-0009	5	18	744
nist-docx-0009	5	19	816
nist-docx-0009	5	20	840
nist-docx-0009	5	21	843
nist-docx-0009	5	22	866
nist-docx-0009	5	23	888
nist-docx-0009	6	0	385
nist-docx-0009	6	1	385
nist-docx-0009	6	2	392
nist-docx-0009	6	3	392
nist-docx-0009	6	4	522
nist-docx-0009	6	5	555
nist-docx-0009	6	6	555
nist-docx-0009	6	7	555
nist-docx-0009	6	8	579
nist-docx-0009	6	9	579
nist-docx-0009	6	10	610
nist-docx-0009	6	11	610
nist-docx-0009	6	12	633
nist-docx-0009	6	13	710
nist-docx-0009	6	14	786
nist-docx-0009	6	15	791
nist-docx-0009	6	16	791
nist-docx-0009	6	17	815
nist-docx-0009	6	18	844
nist-docx-0009	6	19	920
nist-docx-0009	6	20	944
nist-docx-0009	6	21	948
nist-docx-0009	6	22	971
nist-docx-0009	6	23	993
nist-docx-0009	7	0	362
nist-docx-0009	7	1	362
nist-docx-0009	7	2	366
nist-docx-0009	7	3	366
nist-docx-0009	7	4	446
nist-docx-0009	7	5	471
nist-docx-0009	7	6	471
nist-docx-0009	7	7	471
nist-docx-0009	7	8	495
nist-docx-0009	7	9	495
nist-docx-0009	7	10	525
nist-docx-0009	7	11	525
nist-docx-0009	7	12	548
nist-docx-0009	7	13	623
nist-docx-0009	7	14	698
nist-docx-0009	7	15	702
nist-docx-0009	7	16	702
nist-docx-0009	7	17	731
nist-docx-0009	7	18	771
nist-docx-0009	7	19	849
nist-docx-0009	7	20	873
nist-docx-0009	7	21	877
nist-docx-0009	7	22	900
nist-docx-0009	7	23	922
nist-docx-0009	8	0	372
nist-docx-0009	8	1	372
nist-docx-0009	8	2	379
nist-docx-0009	8	3	379
nist-docx-0009	8	4	458
nist-docx-0009	8	5	493
nist-docx-0009	8	6	493
nist-docx-0009	8	7	493
nist-docx-0009	8	8	519
nist-docx-0009	8	9	519
nist-docx-0009	8	10	549
nist-docx-0009	8	11	549
nist-docx-0009	8	12	572
nist-docx-0009	8	13	647
nist-docx-0009	8	14	723
nist-docx-0009	8	15	727
nist-docx-0009	8	16	727
nist-docx-0009	8	17	771
nist-docx-0009	8	18	807
nist-docx-0009	8	19	891
nist-docx-0009	8	20	917
nist-docx-0009	8	21	922
nist-docx-0009	8	22	946
nist-docx-0009	8	23	969
nist-docx-0009	9	0	360
nist-docx-0009	9	1	360
nist-docx-0009	9	2	364
nist-docx-0009	9	3	364
nist-docx-0009	9	4	443
nist-docx-0009	9	5	468
nist-docx-0009	9	6	468
nist-docx-0009	9	7	468
nist-docx-0009	9	8	492
nist-docx-0009	9	9	492
nist-docx-0009	9	10	522
nist-docx-0009	9	11	522
nist-docx-0009	9	12	545
nist-docx-0009	9	13	621
nist-docx-0009	9	14	697
nist-docx-0009	9	15	701
nist-docx-0009	9	16	701
nist-docx-0009	9	17	725
nist-docx-0009	9	18	754
nist-docx-0009	9	19	828
nist-docx-0009	9	20	852
nist-docx-0009	9	21	855
nist-docx-0009	9	22	878
nist-docx-0009	9	23	900
nist-docx-0009	10	0	346
nist-docx-0009	10	1	346
nist-docx-0009	10	2	352
nist-docx-0009	10	3	352
nist-docx-0009	10	4	456
nist-docx-0009	10	5	481
nist-docx-0009	10	6	481
nist-docx-0009	10	7	481
nist-docx-0009	10	8	505
nist-docx-0009	10	9	505
nist-docx-0009	10	10	535
nist-docx-0009	10	11	535
nist-docx-0009	10	12	558
nist-docx-0009	10	13	634
nist-docx-0009	10	14	711
nist-docx-0009	10	15	715
nist-docx-0009	10	16	715
nist-docx-0009	10	17	739
nist-docx-0009	10	18	768
nist-docx-0009	10	19	840
nist-docx-0009	10	20	864
nist-docx-0009	10	21	868
nist-docx-0009	10	22	891
nist-docx-0009	10	23	913
nist-docx-0009	11	0	338
nist-docx-0009	11	1	338
nist-docx-0009	11	2	342
nist-docx-0009	11	3	342
nist-docx-0009	11	4	422
nist-docx-0009	11	5	447
nist-docx-0009	11	6	447
nist-docx-0009	11	7	447
nist-docx-0009	11	8	471
nist-docx-0009	11	9	471
nist-docx-0009	11	10	501
nist-docx-0009	11	11	501
nist-docx-0009	11	12	526
nist-docx-0009	11	13	602
nist-docx-0009	11	14	677
nist-docx-0009	11	15	681
nist-docx-0009	11	16	681
nist-docx-0009	11	17	705
nist-docx-0009	11	18	734
nist-docx-0009	11	19	807
nist-docx-0009	11	20	831
nist-docx-0009	11	21	835
nist-docx-0009	11	22	858
nist-docx-0009	11	23	880
nist-docx-0009	12	0	347
nist-docx-0009	12	1	347
nist-docx-0009	12	2	354
nist-docx-0009	12	3	354
nist-docx-0009	12	4	432
nist-docx-0009	12	5	458
nist-docx-0009	12	6	458
nist-docx-0009	12	7	458
nist-docx-0009	12	8	482
nist-docx-0009	12	9	482
nist-docx-0009	12	10	512
nist-docx-0009	12	11	512
nist-docx-0009	12	12	535
nist-docx-0009	12	13	614
nist-docx-0009	12	14	690
nist-docx-0009	12	15	694
nist-docx-0009	12	16	694
nist-docx-0009	12	17	718
nist-docx-0009	12	18	747
nist-docx-0009	12	19	820
nist-docx-0009	12	20	844
nist-docx-0009	12	21	848
nist-docx-0009	12	22	871
nist-docx-0009	12	23	893
nist-docx-0009	13	0	391
nist-docx-0009	13	1	391
nist-docx-0009	13	2	397
nist-docx-0009	13	3	397
nist-docx-0009	13	4	477
nist-docx-0009	13	5	503
nist-docx-0009	13	6	503
nist-docx-0009	13	7	503
nist-docx-0009	13	8	527
nist-docx-0009	13	9	527
nist-docx-0009	13	10	560
nist-docx-0009	13	11	560
nist-docx-0009	13	12	583
nist-docx-0009	13	13	659
nist-docx-0009	13	14	735
nist-docx-0009	13	15	740
nist-docx-0009	13	16	740
nist-docx-0009	13	17	764
nist-docx-0009	13	18	794
nist-docx-0009	13	19	868
nist-docx-0009	13	20	892
nist-docx-0009	13	21	896
nist-docx-0009	13	22	919
nist-docx-0009	13	23	941
nist-docx-0009	14	0	375
nist-docx-0009	14	1	375
nist-docx-0009	14	2	381
nist-docx-0009	14	3	381
nist-docx-0009	14	4	461
nist-docx-0009	14	5	486
nist-docx-0009	14	6	486
nist-docx-0009	14	7	486
nist-docx-0009	14	8	510
nist-docx-0009	14	9	510
nist-docx-0009	14	10	541
nist-docx-0009	14	11	541
nist-docx-0009	14	12	564
nist-docx-0009	14	13	640
nist-docx-0009	14	14	715
nist-docx-0009	14	15	719
nist-docx-0009	14	16	719
nist-docx-0009	14	17	745
nist-docx-0009	14	18	774
nist-docx-0009	14	19	847
nist-docx-0009	14	20	870
nist-docx-0009	14	21	874
nist-docx-0009	14	22	897
nist-docx-0009	14	23	919
nist-docx-0009	15	0	351
nist-docx-0009	15	1	351
nist-docx-0009	15	2	356
nist-docx-0009	15	3	356
nist-docx-0009	15	4	435
nist-docx-0009	15	5	460
nist-docx-0009	15	6	460
nist-docx-0009	15	7	460
nist-docx-0009	15	8	484
nist-docx-0009	15	9	484
nist-docx-0009	15	10	514
nist-docx-0009	15	11	514
nist-docx-0009	15	12	537
nist-docx-0009	15	13	613
nist-docx-0009	15	14	689
nist-docx-0009	15	15	693
nist-docx-0009	15	16	693
nist-docx-0009	15	17	717
nist-docx-0009	15	18	746
nist-docx-0009	15	19	819
nist-docx-0009	15	20	843
nist-docx-0009	15	21	847
nist-docx-0009	15	22	870
nist-docx-0009	15	23	892
nist-docx-0009	16	0	369
nist-docx-0009	16	1	369
nist-docx-0009	16	2	376
nist-docx-0009	16	3	376
nist-docx-0009	16	4	456
nist-docx-0009	16	5	481
nist-docx-0009	16	6	481
nist-docx-0009	16	7	481
nist-docx-0009	16	8	505
nist-docx-0009	16	9	505
nist-docx-0009	16	10	536
nist-docx-0009	16	11	536
nist-docx-0009	16	12	559
nist-docx-0009	16	13	635
nist-docx-0009	16	14	710
nist-docx-0009	16	15	714
nist-docx-0009	16	16	714
nist-docx-0009	16	17	738
nist-docx-0009	16	18	767
nist-docx-0009	16	19	839
nist-docx-0009	16	20	863
nist-docx-0009	16	21	866
nist-docx-0009	16	22	889
nist-docx-0009	16	23	911
nist-docx-0009	17	0	348
nist-docx-0009	17	1	348
nist-docx-0009	17	2	352
nist-docx-0009	17	3	352
nist-docx-0009	17	4	431
nist-docx-0009	17	5	456
nist-docx-0009	17	6	456
nist-docx-0009	17	7	456
nist-docx-0009	17	8	480
nist-docx-0009	17	9	480
nist-docx-0009	17	10	510
nist-docx-0009	17	11	510
nist-docx-0009	17	12	533
nist-docx-0009	17	13	608
nist-docx-0009	17	14	682
nist-docx-0009	17	15	686
nist-docx-0009	17	16	686
nist-docx-0009	17	17	710
nist-docx-0009	17	18	739
nist-docx-0009	17	19	816
nist-docx-0009	17	20	840
nist-docx-0009	17	21	844
nist-docx-0009	17	22	867
nist-docx-0009	17	23	889
nist-docx-0009	18	0	373
nist-docx-0009	18	1	373
nist-docx-0009	18	2	380
nist-docx-0009	18	3	380
nist-docx-0009	18	4	460
nist-docx-0009	18	5	485
nist-docx-0009	18	6	485
nist-docx-0009	18	7	485
nist-docx-0009	18	8	509
nist-docx-0009	18	9	509
nist-docx-0009	18	10	539
nist-docx-0009	18	11	539
nist-docx-0009	18	12	562
nist-docx-0009	18	13	638
nist-docx-0009	18	14	713
nist-docx-0009	18	15	717
nist-docx-0009	18	16	717
nist-docx-0009	18	17	741
nist-docx-0009	18	18	771
nist-docx-0009	18	19	844
nist-docx-0009	18	20	868
nist-docx-0009	18	21	872
nist-docx-0009	18	22	895
nist-docx-0009	18	23	917
nist-docx-0009	19	0	345
nist-docx-0009	19	1	345
nist-docx-0009	19	2	349
nist-docx-0009	19	3	349
nist-docx-0009	19	4	428
nist-docx-0009	19	5	452
nist-docx-0009	19	6	452
nist-docx-0009	19	7	452
nist-docx-0009	19	8	476
nist-docx-0009	19	9	476
nist-docx-0009	19	10	506
nist-docx-0009	19	11	506
nist-docx-0009	19	12	529
nist-docx-0009	19	13	605
nist-docx-0009	19	14	681
nist-docx-0009	19	15	685
nist-docx-0009	19	16	685
nist-docx-0009	19	17	709
nist-docx-0009	19	18	738
nist-docx-0009	19	19	811
nist-docx-0009	19	20	834
nist-docx-0009	19	21	837
nist-docx-0009	19	22	860
nist-docx-0009	19	23	882
nist-docx-0009	20	0	406
nist-docx-0009	20	1	406
nist-docx-0009	20	2	413
nist-docx-0009	20	3	413
nist-docx-0009	20	4	492
nist-docx-0009	20	5	518
nist-docx-0009	20	6	518
nist-docx-0009	20	7	518
nist-docx-0009	20	8	543
nist-docx-0009	20	9	543
nist-docx-0009	20	10	574
nist-docx-0009	20	11	574
nist-docx-0009	20	12	597
nist-docx-0009	20	13	674
nist-docx-0009	20	14	750
nist-docx-0009	20	15	754
nist-docx-0009	20	16	754
nist-docx-0009	20	17	778
nist-docx-0009	20	18	822
nist-docx-0009	20	19	912
nist-docx-0009	20	20	937
nist-docx-0009	20	21	942
nist-docx-0009	20	22	965
nist-docx-0009	20	23	988
nist-docx-0009	21	0	344
nist-docx-0009	21	1	344
nist-docx-0009	21	2	349
nist-docx-0009	21	3	349
nist-docx-0009	21	4	428
nist-docx-0009	21	5	453
nist-docx-0009	21	6	453
nist-docx-0009	21	7	453
nist-docx-0009	21	8	477
nist-docx-0009	21	9	477
nist-docx-0009	21	10	510
nist-docx-0009	21	11	510
nist-docx-0009	21	12	533
nist-docx-0009	21	13	608
nist-docx-0009	21	14	683
nist-docx-0009	21	15	687
nist-docx-0009	21	16	687
nist-docx-0009	21	17	711
nist-docx-0009	21	18	741
nist-docx-0009	21	19	813
nist-docx-0009	21	20	837
nist-docx-0009	21	21	840
nist-docx-0009	21	22	863
nist-docx-0009	21	23	885
nist-docx-0009	22	0	388
nist-docx-0009	22	1	388
nist-docx-0009	22	2	394
nist-docx-0009	22	3	394
nist-docx-0009	22	4	517
nist-docx-0009	22	5	559
nist-docx-0009	22	6	559
nist-docx-0009	22	7	559
nist-docx-0009	22	8	583
nist-docx-0009	22	9	583
nist-docx-0009	22	10	615
nist-docx-0009	22	11	615
nist-docx-0009	22	12	638
nist-docx-0009	22	13	721
nist-docx-0009	22	14	799
nist-docx-0009	22	15	805
nist-docx-0009	22	16	805
nist-docx-0009	22	17	829
nist-docx-0009	22	18	859
nist-docx-0009	22	19	939
nist-docx-0009	22	20	963
nist-docx-0009	22	21	967
nist-docx-0009	22	22	990
nist-docx-0009	22	23	1012
nist-docx-0009	23	0	335
nist-docx-0009	23	1	335
nist-docx-0009	23	2	340
nist-docx-0009	23	3	340
nist-docx-0009	23	4	423
nist-docx-0009	23	5	448
nist-docx-0009	23	6	448
nist-docx-0009	23	7	448
nist-docx-0009	23	8	472
nist-docx-0009	23	9	472
nist-docx-0009	23	10	502
nist-docx-0009	23	11	502
nist-docx-0009	23	12	525
nist-docx-0009	23	13	601
nist-docx-0009	23	14	676
nist-docx-0009	23	15	680
nist-docx-0009	23	16	680
nist-docx-0009	23	17	704
nist-docx-0009	23	18	733
nist-docx-0009	23	19	805
nist-docx-0009	23	20	830
nist-docx-0009	23	21	833
nist-docx-0009	23	22	856
nist-docx-0009	23	23	878
nist-docx-0009	24	0	411
nist-docx-0009	24	1	411
nist-docx-0009	24	2	418
nist-docx-0009	24	3	418
nist-docx-0009	24	4	501
nist-docx-0009	24	5	527
nist-docx-0009	24	6	527
nist-docx-0009	24	7	527
nist-docx-0009	24	8	551
nist-docx-0009	24	9	551
nist-docx-0009	24	10	596
nist-docx-0009	24	11	596
nist-docx-0009	24	12	619
nist-docx-0009	24	13	696
nist-docx-0009	24	14	772
nist-docx-0009	24	15	777
nist-docx-0009	24	16	777
nist-docx-0009	24	17	801
nist-docx-0009	24	18	831
nist-docx-0009	24	19	904
nist-docx-0009	24	20	928
nist-docx-0009	24	21	932
nist-docx-0009	24	22	955
nist-docx-0009	24	23	977
nist-docx-0009	25	0	381
nist-docx-0009	25	1	381
nist-docx-0009	25	2	387
nist-docx-0009	25	3	387
nist-docx-0009	25	4	468
nist-docx-0009	25	5	494
nist-docx-0009	25	6	494
nist-docx-0009	25	7	494
nist-docx-0009	25	8	518
nist-docx-0009	25	9	518
nist-docx-0009	25	10	549
nist-docx-0009	25	11	549
nist-docx-0009	25	12	572
nist-docx-0009	25	13	647
nist-docx-0009	25	14	722
nist-docx-0009	25	15	726
nist-docx-0009	25	16	726
nist-docx-0009	25	17	750
nist-docx-0009	25	18	779
nist-docx-0009	25	19	872
nist-docx-0009	25	20	907
nist-docx-0009	25	21	912
nist-docx-0009	25	22	959
nist-docx-0009	25	23	986
nist-docx-0014	1	0	439
nist-docx-0014	1	1	569
nist-docx-0014	1	2	600
nist-docx-0014	1	3	628
nist-docx-0014	1	4	722
nist-docx-0014	1	5	754
nist-docx-0014	1	6	754
nist-docx-0014	1	7	754
nist-docx-0014	1	8	754
nist-docx-0014	1	9	784
nist-docx-0014	1	10	813
nist-docx-0014	1	11	839
nist-docx-0014	1	12	865
nist-docx-0014	1	13	865
nist-docx-0014	1	14	892
nist-docx-0014	1	15	920
nist-docx-0014	1	16	920
nist-docx-0014	1	17	946
nist-docx-0014	1	18	972
nist-docx-0014	1	19	998
nist-docx-0014	1	20	1024
nist-docx-0014	1	21	1050
nist-docx-0014	1	22	1077
nist-docx-0014	1	23	1083
nist-docx-0014	2	0	459
nist-docx-0014	2	1	600
nist-docx-0014	2	2	638
nist-docx-0014	2	3	667
nist-docx-0014	2	4	766
nist-docx-0014	2	5	799
nist-docx-0014	2	6	799
nist-docx-0014	2	7	799
nist-docx-0014	2	8	799
nist-docx-0014	2	9	826
nist-docx-0014	2	10	853
nist-docx-0014	2	11	879
nist-docx-0014	2	12	905
nist-docx-0014	2	13	905
nist-docx-0014	2	14	932
nist-docx-0014	2	15	960
nist-docx-0014	2	16	960
nist-docx-0014	2	17	986
nist-docx-0014	2	18	1013
nist-docx-0014	2	19	1039
nist-docx-0014	2	20	1065
nist-docx-0014	2	21	1091
nist-docx-0014	2	22	1118
nist-docx-0014	2	23	1125
nist-docx-0014	3	0	516
nist-docx-0014	3	1	647
nist-docx-0014	3	2	679
nist-docx-0014	3	3	706
nist-docx-0014	3	4	800
nist-docx-0014	3	5	832
nist-docx-0014	3	6	832
nist-docx-0014	3	7	832
nist-docx-0014	3	8	832
nist-docx-0014	3	9	859
nist-docx-0014	3	10	887
nist-docx-0014	3	11	913
nist-docx-0014	3	12	939
nist-docx-0014	3	13	939
nist-docx-0014	3	14	966
nist-docx-0014	3	15	993
nist-docx-0014	3	16	993
nist-docx-0014	3	17	1019
nist-docx-0014	3	18	1045
nist-docx-0014	3	19	1071
nist-docx-0014	3	20	1097
nist-docx-0014	3	21	1123
nist-docx-0014	3	22	1150
nist-docx-0014	3	23	1156
nist-docx-0014	4	0	456
nist-docx-0014	4	1	588
nist-docx-0014	4	2	619
nist-docx-0014	4	3	648
nist-docx-0014	4	4	745
nist-docx-0014	4	5	778
nist-docx-0014	4	6	778
nist-docx-0014	4	7	778
nist-docx-0014	4	8	778
nist-docx-0014	4	9	805
nist-docx-0014	4	10	833
nist-docx-0014	4	11	860
nist-docx-0014	4	12	886
nist-docx-0014	4	13	886
nist-docx-0014	4	14	916
nist-docx-0014	4	15	946
nist-docx-0014	4	16	946
nist-docx-0014	4	17	972
nist-docx-0014	4	18	998
nist-docx-0014	4	19	1044
nist-docx-0014	4	20	1070
nist-docx-0014	4	21	1096
nist-docx-0014	4	22	1123
nist-docx-0014	4	23	1129
nist-docx-0014	5	0	399
nist-docx-0014	5	1	526
nist-docx-0014	5	2	556
nist-docx-0014	5	3	583
nist-docx-0014	5	4	677
nist-docx-0014	5	5	709
nist-docx-0014	5	6	709
nist-docx-0014	5	7	709
nist-docx-0014	5	8	709
nist-docx-0014	5	9	736
nist-docx-0014	5	10	763
nist-docx-0014	5	11	790
nist-docx-0014	5	12	818
nist-docx-0014	5	13	818
nist-docx-0014	5	14	845
nist-docx-0014	5	15	872
nist-docx-0014	5	16	872
nist-docx-0014	5	17	898
nist-docx-0014	5	18	924
nist-docx-0014	5	19	950
nist-docx-0014	5	20	976
nist-docx-0014	5	21	1002
nist-docx-0014	5	22	1029
nist-docx-0014	5	23	1034
nist-docx-0014	6	0	419
nist-docx-0014	6	1	550
nist-docx-0014	6	2	581
nist-docx-0014	6	3	609
nist-docx-0014	6	4	703
nist-docx-0014	6	5	735
nist-docx-0014	6	6	735
nist-docx-0014	6	7	735
nist-docx-0014	6	8	735
nist-docx-0014	6	9	762
nist-docx-0014	6	10	789
nist-docx-0014	6	11	823
nist-docx-0014	6	12	849
nist-docx-0014	6	13	849
nist-docx-0014	6	14	876
nist-docx-0014	6	15	903
nist-docx-0014	6	16	903
nist-docx-0014	6	17	929
nist-docx-0014	6	18	955
nist-docx-0014	6	19	981
nist-docx-0014	6	20	1007
nist-docx-0014	6	21	1033
nist-docx-0014	6	22	1060
nist-docx-0014	6	23	1066
nist-docx-0014	7	0	432
nist-docx-0014	7	1	564
nist-docx-0014	7	2	594
nist-docx-0014	7	3	622
nist-docx-0014	7	4	716
nist-docx-0014	7	5	749
nist-docx-0014	7	6	749
nist-docx-0014	7	7	749
nist-docx-0014	7	8	749
nist-docx-0014	7	9	776
nist-docx-0014	7	10	803
nist-docx-0014	7	11	829
nist-docx-0014	7	12	855
nist-docx-0014	7	13	855
nist-docx-0014	7	14	883
nist-docx-0014	7	15	911
nist-docx-0014	7	16	911
nist-docx-0014	7	17	937
nist-docx-0014	7	18	964
nist-docx-0014	7	19	1003
nist-docx-0014	7	20	1039
nist-docx-0014	7	21	1067
nist-docx-0014	7	22	1098
nist-docx-0014	7	23	1104
nist-docx-0014	8	0	472
nist-docx-0014	8	1	610
nist-docx-0014	8	2	642
nist-docx-0014	8	3	671
nist-docx-0014	8	4	769
nist-docx-0014	8	5	801
nist-docx-0014	8	6	801
nist-docx-0014	8	7	801
nist-docx-0014	8	8	801
nist-docx-0014	8	9	830
nist-docx-0014	8	10	861
nist-docx-0014	8	11	889
nist-docx-0014	8	12	916
nist-docx-0014	8	13	916
nist-docx-0014	8	14	944
nist-docx-0014	8	15	973
nist-docx-0014	8	16	973
nist-docx-0014	8	17	1000
nist-docx-0014	8	18	1027
nist-docx-0014	8	19	1054
nist-docx-0014	8	20	1081
nist-docx-0014	8	21	1108
nist-docx-0014	8	22	1135
nist-docx-0014	8	23	1143
nist-docx-0014	9	0	445
nist-docx-0014	9	1	578
nist-docx-0014	9	2	609
nist-docx-0014	9	3	637
nist-docx-0014	9	4	731
nist-docx-0014	9	5	773
nist-docx-0014	9	6	773
nist-docx-0014	9	7	773
nist-docx-0014	9	8	773
nist-docx-0014	9	9	801
nist-docx-0014	9	10	829
nist-docx-0014	9	11	856
nist-docx-0014	9	12	882
nist-docx-0014	9	13	882
nist-docx-0014	9	14	910
nist-docx-0014	9	15	938
nist-docx-0014	9	16	938
nist-docx-0014	9	17	964
nist-docx-0014	9	18	991
nist-docx-0014	9	19	1017
nist-docx-0014	9	20	1043
nist-docx-0014	9	21	1069
nist-docx-0014	9	22	1097
nist-docx-0014	9	23	1103
nist-docx-0014	10	0	425
nist-docx-0014	10	1	556
nist-docx-0014	10	2	586
nist-docx-0014	10	3	614
nist-docx-0014	10	4	709
nist-docx-0014	10	5	741
nist-docx-0014	10	6	741
nist-docx-0014	10	7	741
nist-docx-0014	10	8	741
nist-docx-0014	10	9	768
nist-docx-0014	10	10	796
nist-docx-0014	10	11	822
nist-docx-0014	10	12	848
nist-docx-0014	10	13	848
nist-docx-0014	10	14	875
nist-docx-0014	10	15	903
nist-docx-0014	10	16	903
nist-docx-0014	10	17	931
nist-docx-0014	10	18	957
nist-docx-0014	10	19	983
nist-docx-0014	10	20	1009
nist-docx-0014	10	21	1035
nist-docx-0014	10	22	1062
nist-docx-0014	10	23	1068
nist-docx-0014	11	0	404
nist-docx-0014	11	1	532
nist-docx-0014	11	2	571
nist-docx-0014	11	3	600
nist-docx-0014	11	4	700
nist-docx-0014	11	5	733
nist-docx-0014	11	6	733
nist-docx-0014	11	7	733
nist-docx-0014	11	8	733
nist-docx-0014	11	9	760
nist-docx-0014	11	10	788
nist-docx-0014	11	11	814
nist-docx-0014	11	12	840
nist-docx-0014	11	13	840
nist-docx-0014	11	14	867
nist-docx-0014	11	15	895
nist-docx-0014	11	16	895
nist-docx-0014	11	17	921
nist-docx-0014	11	18	947
nist-docx-0014	11	19	973
nist-docx-0014	11	20	999
nist-docx-0014	11	21	1025
nist-docx-0014	11	22	1052
nist-docx-0014	11	23	1058
nist-docx-0014	12	0	437
nist-docx-0014	12	1	571
nist-docx-0014	12	2	601
nist-docx-0014	12	3	629
nist-docx-0014	12	4	724
nist-docx-0014	12	5	756
nist-docx-0014	12	6	756
nist-docx-0014	12	7	756
nist-docx-0014	12	8	756
nist-docx-0014	12	9	793
nist-docx-0014	12	10	822
nist-docx-0014	12	11	849
nist-docx-0014	12	12	875
nist-docx-0014	12	13	875
nist-docx-0014	12	14	905
nist-docx-0014	12	15	933
nist-docx-0014	12	16	933
nist-docx-0014	12	17	959
nist-docx-0014	12	18	986
nist-docx-0014	12	19	1012
nist-docx-0014	12	20	1038
nist-docx-0014	12	21	1064
nist-docx-0014	12	22	1092
nist-docx-0014	12	23	1098
nist-docx-0014	13	0	428
nist-docx-0014	13	1	561
nist-docx-0014	13	2	592
nist-docx-0014	13	3	620
nist-docx-0014	13	4	717
nist-docx-0014	13	5	748
nist-docx-0014	13	6	748
nist-docx-0014	13	7	748
nist-docx-0014	13	8	748
nist-docx-0014	13	9	775
nist-docx-0014	13	10	802
nist-docx-0014	13	11	828
nist-docx-0014	13	12	854
nist-docx-0014	13	13	854
nist-docx-0014	13	14	881
nist-docx-0014	13	15	909
nist-docx-0014	13	16	909
nist-docx-0014	13	17	935
nist-docx-0014	13	18	961
nist-docx-0014	13	19	987
nist-docx-0014	13	20	1013
nist-docx-0014	13	21	1039
nist-docx-0014	13	22	1066
nist-docx-0014	13	23	1072
nist-docx-0014	14	0	462
nist-docx-0014	14	1	591
nist-docx-0014	14	2	621
nist-docx-0014	14	3	649
nist-docx-0014	14	4	743
nist-docx-0014	14	5	775
nist-docx-0014	14	6	775
nist-docx-0014	14	7	775
nist-docx-0014	14	8	775
nist-docx-0014	14	9	802
nist-docx-0014	14	10	830
nist-docx-0014	14	11	856
nist-docx-0014	14	12	882
nist-docx-0014	14	13	882
nist-docx-0014	14	14	909
nist-docx-0014	14	15	937
nist-docx-0014	14	16	937
nist-docx-0014	14	17	963
nist-docx-0014	14	18	989
nist-docx-0014	14	19	1015
nist-docx-0014	14	20	1041
nist-docx-0014	14	21	1067
nist-docx-0014	14	22	1094
nist-docx-0014	14	23	1100
nist-docx-0014	15	0	453
nist-docx-0014	15	1	590
nist-docx-0014	15	2	620
nist-docx-0014	15	3	648
nist-docx-0014	15	4	744
nist-docx-0014	15	5	776
nist-docx-0014	15	6	776
nist-docx-0014	15	7	776
nist-docx-0014	15	8	776
nist-docx-0014	15	9	803
nist-docx-0014	15	10	831
nist-docx-0014	15	11	857
nist-docx-0014	15	12	883
nist-docx-0014	15	13	883
nist-docx-0014	15	14	910
nist-docx-0014	15	15	938
nist-docx-0014	15	16	938
nist-docx-0014	15	17	964
nist-docx-0014	15	18	990
nist-docx-0014	15	19	1016
nist-docx-0014	15	20	1042
nist-docx-0014	15	21	1068
nist-docx-0014	15	22	1095
nist-docx-0014	15	23	1101
nist-docx-0014	16	0	470
nist-docx-0014	16	1	609
nist-docx-0014	16	2	640
nist-docx-0014	16	3	668
nist-docx-0014	16	4	762
nist-docx-0014	16	5	794
nist-docx-0014	16	6	794
nist-docx-0014	16	7	794
nist-docx-0014	16	8	794
nist-docx-0014	16	9	821
nist-docx-0014	16	10	848
nist-docx-0014	16	11	874
nist-docx-0014	16	12	900
nist-docx-0014	16	13	900
nist-docx-0014	16	14	927
nist-docx-0014	16	15	955
nist-docx-0014	16	16	955
nist-docx-0014	16	17	981
nist-docx-0014	16	18	1007
nist-docx-0014	16	19	1033
nist-docx-0014	16	20	1059
nist-docx-0014	16	21	1085
nist-docx-0014	16	22	1112
nist-docx-0014	16	23	1119
nist-docx-0014	17	0	410
nist-docx-0014	17	1	537
nist-docx-0014	17	2	567
nist-docx-0014	17	3	595
nist-docx-0014	17	4	690
nist-docx-0014	17	5	725
nist-docx-0014	17	6	725
nist-docx-0014	17	7	725
nist-docx-0014	17	8	725
nist-docx-0014	17	9	752
nist-docx-0014	17	10	780
nist-docx-0014	17	11	806
nist-docx-0014	17	12	832
nist-docx-0014	17	13	832
nist-docx-0014	17	14	859
nist-docx-0014	17	15	886
nist-docx-0014	17	16	886
nist-docx-0014	17	17	912
nist-docx-0014	17	18	938
nist-docx-0014	17	19	964
nist-docx-0014	17	20	990
nist-docx-0014	17	21	1016
nist-docx-0014	17	22	1043
nist-docx-0014	17	23	1048
nist-docx-0014	18	0	423
nist-docx-0014	18	1	553
nist-docx-0014	18	2	584
nist-docx-0014	18	3	612
nist-docx-0014	18	4	709
nist-docx-0014	18	5	741
nist-docx-0014	18	6	741
nist-docx-0014	18	7	741
nist-docx-0014	18	8	741
nist-docx-0014	18	9	768
nist-docx-0014	18	10	796
nist-docx-0014	18	11	822
nist-docx-0014	18	12	848
nist-docx-0014	18	13	848
nist-docx-0014	18	14	875
nist-docx-0014	18	15	903
nist-docx-0014	18	16	903
nist-docx-0014	18	17	929
nist-docx-0014	18	18	955
nist-docx-0014	18	19	981
nist-docx-0014	18	20	1007
nist-docx-0014	18	21	1033
nist-docx-0014	18	22	1060
nist-docx-0014	18	23	1066
nist-docx-0014	19	0	448
nist-docx-0014	19	1	587
nist-docx-0014	19	2	618
nist-docx-0014	19	3	646
nist-docx-0014	19	4	745
nist-docx-0014	19	5	779
nist-docx-0014	19	6	779
nist-docx-0014	19	7	779
nist-docx-0014	19	8	779
nist-docx-0014	19	9	806
nist-docx-0014	19	10	834
nist-docx-0014	19	11	860
nist-docx-0014	19	12	886
nist-docx-0014	19	13	886
nist-docx-0014	19	14	913
nist-docx-0014	19	15	941
nist-docx-0014	19	16	941
nist-docx-0014	19	17	967
nist-docx-0014	19	18	993
nist-docx-0014	19	19	1019
nist-docx-0014	19	20	1045
nist-docx-0014	19	21	1071
nist-docx-0014	19	22	1098
nist-docx-0014	19	23	1104
nist-docx-0014	20	0	405
nist-docx-0014	20	1	532
nist-docx-0014	20	2	562
nist-docx-0014	20	3	590
nist-docx-0014	20	4	686
nist-docx-0014	20	5	717
nist-docx-0014	20	6	717
nist-docx-0014	20	7	717
nist-docx-0014	20	8	717
nist-docx-0014	20	9	744
nist-docx-0014	20	10	771
nist-docx-0014	20	11	797
nist-docx-0014	20	12	823
nist-docx-0014	20	13	823
nist-docx-0014	20	14	850
nist-docx-0014	20	15	878
nist-docx-0014	20	16	878
nist-docx-0014	20	17	904
nist-docx-0014	20	18	930
nist-docx-0014	20	19	956
nist-docx-0014	20	20	982
nist-docx-0014	20	21	1008
nist-docx-0014	20	22	1035
nist-docx-0014	20	23	1041
nist-docx-0014	21	0	391
nist-docx-0014	21	1	517
nist-docx-0014	21	2	547
nist-docx-0014	21	3	574
nist-docx-0014	21	4	666
nist-docx-0014	21	5	698
nist-docx-0014	21	6	698
nist-docx-0014	21	7	698
nist-docx-0014	21	8	698
nist-docx-0014	21	9	725
nist-docx-0014	21	10	752
nist-docx-0014	21	11	778
nist-docx-0014	21	12	804
nist-docx-0014	21	13	804
nist-docx-0014	21	14	831
nist-docx-0014	21	15	858
nist-docx-0014	21	16	858
nist-docx-0014	21	17	884
nist-docx-0014	21	18	911
nist-docx-0014	21	19	939
nist-docx-0014	21	20	965
nist-docx-0014	21	21	991
nist-docx-0014	21	22	1018
nist-docx-0014	21	23	1023
nist-docx-0014	22	0	450
nist-docx-0014	22	1	589
nist-docx-0014	22	2	622
nist-docx-0014	22	3	650
nist-docx-0014	22	4	748
nist-docx-0014	22	5	780
nist-docx-0014	22	6	780
nist-docx-0014	22	7	780
nist-docx-0014	22	8	780
nist-docx-0014	22	9	807
nist-docx-0014	22	10	836
nist-docx-0014	22	11	863
nist-docx-0014	22	12	889
nist-docx-0014	22	13	889
nist-docx-0014	22	14	916
nist-docx-0014	22	15	944
nist-docx-0014	22	16	944
nist-docx-0014	22	17	970
nist-docx-0014	22	18	996
nist-docx-0014	22	19	1022
nist-docx-0014	22	20	1048
nist-docx-0014	22	21	1074
nist-docx-0014	22	22	1102
nist-docx-0014	22	23	1109
nist-docx-0014	23	0	422
nist-docx-0014	23	1	551
nist-docx-0014	23	2	581
nist-docx-0014	23	3	609
nist-docx-0014	23	4	709
nist-docx-0014	23	5	741
nist-docx-0014	23	6	741
nist-docx-0014	23	7	741
nist-docx-0014	23	8	741
nist-docx-0014	23	9	768
nist-docx-0014	23	10	797
nist-docx-0014	23	11	823
nist-docx-0014	23	12	849
nist-docx-0014	23	13	849
nist-docx-0014	23	14	876
nist-docx-0014	23	15	904
nist-docx-0014	23	16	904
nist-docx-0014	23	17	930
nist-docx-0014	23	18	956
nist-docx-0014	23	19	982
nist-docx-0014	23	20	1008
nist-docx-0014	23	21	1034
nist-docx-0014	23	22	1061
nist-docx-0014	23	23	1066
nist-docx-0014	24	0	447
nist-docx-0014	24	1	588
nist-docx-0014	24	2	619
nist-docx-0014	24	3	647
nist-docx-0014	24	4	746
nist-docx-0014	24	5	778
nist-docx-0014	24	6	778
nist-docx-0014	24	7	778
nist-docx-0014	24	8	778
nist-docx-0014	24	9	805
nist-docx-0014	24	10	833
nist-docx-0014	24	11	859
nist-docx-0014	24	12	885
nist-docx-0014	24	13	885
nist-docx-0014	24	14	915
nist-docx-0014	24	15	943
nist-docx-0014	24	16	943
nist-docx-0014	24	17	969
nist-docx-0014	24	18	995
nist-docx-0014	24	19	1021
nist-docx-0014	24	20	1047
nist-docx-0014	24	21	1073
nist-docx-0014	24	22	1100
nist-docx-0014	24	23	1106
nist-docx-0014	25	0	424
nist-docx-0014	25	1	557
nist-docx-0014	25	2	587
nist-docx-0014	25	3	615
nist-docx-0014	25	4	709
nist-docx-0014	25	5	741
nist-docx-0014	25	6	741
nist-docx-0014	25	7	741
nist-docx-0014	25	8	741
nist-docx-0014	25	9	768
nist-docx-0014	25	10	795
nist-docx-0014	25	11	821
nist-docx-0014	25	12	847
nist-docx-0014	25	13	847
nist-docx-0014	25	14	874
nist-docx-0014	25	15	902
nist-docx-0014	25	16	902
nist-docx-0014	25	17	928
nist-docx-0014	25	18	954
nist-docx-0014	25	19	980
nist-docx-0014	25	20	1006
nist-docx-0014	25	21	1032
nist-docx-0014	25	22	1059
nist-docx-0014	25	23	1064
nist-epub-0003	1	0	277
nist-epub-0003	1	1	303
nist-epub-0003	1	2	323
nist-epub-0003	1	3	537
nist-epub-0003	1	4	558
nist-epub-0003	1	5	1125
nist-epub-0003	1	6	1144
nist-epub-0003	1	7	1165
nist-epub-0003	1	8	1429
nist-epub-0003	1	9	1440
nist-epub-0003	1	10	1500
nist-epub-0003	1	11	1500
nist-epub-0003	1	12	1500
nist-epub-0003	1	13	2085
nist-epub-0003	1	14	2085
nist-epub-0003	1	15	2105
nist-epub-0003	1	16	2315
nist-epub-0003	1	17	2315
nist-epub-0003	1	18	2315
nist-epub-0003	1	19	3016
nist-epub-0003	1	20	3068
nist-epub-0003	1	21	3113
nist-epub-0003	1	22	3649
nist-epub-0003	1	23	3858
nist-epub-0003	2	0	299
nist-epub-0003	2	1	332
nist-epub-0003	2	2	353
nist-epub-0003	2	3	574
nist-epub-0003	2	4	595
nist-epub-0003	2	5	1162
nist-epub-0003	2	6	1181
nist-epub-0003	2	7	1198
nist-epub-0003	2	8	1409
nist-epub-0003	2	9	1414
nist-epub-0003	2	10	1461
nist-epub-0003	2	11	1461
nist-epub-0003	2	12	1461
nist-epub-0003	2	13	1987
nist-epub-0003	2	14	1987
nist-epub-0003	2	15	2005
nist-epub-0003	2	16	2216
nist-epub-0003	2	17	2216
nist-epub-0003	2	18	2216
nist-epub-0003	2	19	2857
nist-epub-0003	2	20	2906
nist-epub-0003	2	21	2951
nist-epub-0003	2	22	3478
nist-epub-0003	2	23	3726
nist-epub-0003	3	0	247
nist-epub-0003	3	1	271
nist-epub-0003	3	2	290
nist-epub-0003	3	3	504
nist-epub-0003	3	4	525
nist-epub-0003	3	5	1073
nist-epub-0003	3	6	1091
nist-epub-0003	3	7	1108
nist-epub-0003	3	8	1319
nist-epub-0003	3	9	1324
nist-epub-0003	3	10	1371
nist-epub-0003	3	11	1371
nist-epub-0003	3	12	1371
nist-epub-0003	3	13	1897
nist-epub-0003	3	14	1897
nist-epub-0003	3	15	1915
nist-epub-0003	3	16	2122
nist-epub-0003	3	17	2122
nist-epub-0003	3	18	2122
nist-epub-0003	3	19	2788
nist-epub-0003	3	20	2838
nist-epub-0003	3	21	2883
nist-epub-0003	3	22	3462
nist-epub-0003	3	23	3680
nist-epub-0003	4	0	280
nist-epub-0003	4	1	305
nist-epub-0003	4	2	324
nist-epub-0003	4	3	556
nist-epub-0003	4	4	593
nist-epub-0003	4	5	1209
nist-epub-0003	4	6	1228
nist-epub-0003	4	7	1245
nist-epub-0003	4	8	1459
nist-epub-0003	4	9	1465
nist-epub-0003	4	10	1512
nist-epub-0003	4	11	1512
nist-epub-0003	4	12	1512
nist-epub-0003	4	13	2044
nist-epub-0003	4	14	2044
nist-epub-0003	4	15	2062
nist-epub-0003	4	16	2273
nist-epub-0003	4	17	2273
nist-epub-0003	4	18	2273
nist-epub-0003	4	19	2922
nist-epub-0003	4	20	2972
nist-epub-0003	4	21	3017
nist-epub-0003	4	22	3548
nist-epub-0003	4	23	3759
nist-epub-0003	5	0	251
nist-epub-0003	5	1	275
nist-epub-0003	5	2	294
nist-epub-0003	5	3	506
nist-epub-0003	5	4	527
nist-epub-0003	5	5	1085
nist-epub-0003	5	6	1103
nist-epub-0003	5	7	1120
nist-epub-0003	5	8	1332
nist-epub-0003	5	9	1337
nist-epub-0003	5	10	1386
nist-epub-0003	5	11	1386
nist-epub-0003	5	12	1386
nist-epub-0003	5	13	1917
nist-epub-0003	5	14	1917
nist-epub-0003	5	15	1935
nist-epub-0003	5	16	2142
nist-epub-0003	5	17	2142
nist-epub-0003	5	18	2142
nist-epub-0003	5	19	2785
nist-epub-0003	5	20	2835
nist-epub-0003	5	21	2880
nist-epub-0003	5	22	3413
nist-epub-0003	5	23	3623
nist-epub-0003	6	0	272
nist-epub-0003	6	1	297
nist-epub-0003	6	2	317
nist-epub-0003	6	3	530
nist-epub-0003	6	4	551
nist-epub-0003	6	5	1126
nist-epub-0003	6	6	1145
nist-epub-0003	6	7	1162
nist-epub-0003	6	8	1375
nist-epub-0003	6	9	1381
nist-epub-0003	6	10	1428
nist-epub-0003	6	11	1428
nist-epub-0003	6	12	1428
nist-epub-0003	6	13	1963
nist-epub-0003	6	14	1963
nist-epub-0003	6	15	1981
nist-epub-0003	6	16	2190
nist-epub-0003	6	17	2190
nist-epub-0003	6	18	2190
nist-epub-0003	6	19	2841
nist-epub-0003	6	20	2895
nist-epub-0003	6	21	2940
nist-epub-0003	6	22	3478
nist-epub-0003	6	23	3688
nist-epub-0003	7	0	267
nist-epub-0003	7	1	293
nist-epub-0003	7	2	312
nist-epub-0003	7	3	525
nist-epub-0003	7	4	546
nist-epub-0003	7	5	1101
nist-epub-0003	7	6	1119
nist-epub-0003	7	7	1136
nist-epub-0003	7	8	1347
nist-epub-0003	7	9	1352
nist-epub-0003	7	10	1399
nist-epub-0003	7	11	1399
nist-epub-0003	7	12	1399
nist-epub-0003	7	13	1930
nist-epub-0003	7	14	1930
nist-epub-0003	7	15	1948
nist-epub-0003	7	16	2156
nist-epub-0003	7	17	2156
nist-epub-0003	7	18	2156
nist-epub-0003	7	19	2800
nist-epub-0003	7	20	2851
nist-epub-0003	7	21	2896
nist-epub-0003	7	22	3447
nist-epub-0003	7	23	3702
nist-epub-0003	8	0	273
nist-epub-0003	8	1	298
nist-epub-0003	8	2	318
nist-epub-0003	8	3	532
nist-epub-0003	8	4	553
nist-epub-0003	8	5	1162
nist-epub-0003	8	6	1185
nist-epub-0003	8	7	1203
nist-epub-0003	8	8	1421
nist-epub-0003	8	9	1427
nist-epub-0003	8	10	1475
nist-epub-0003	8	11	1475
nist-epub-0003	8	12	1475
nist-epub-0003	8	13	2014
nist-epub-0003	8	14	2014
nist-epub-0003	8	15	2032
nist-epub-0003	8	16	2241
nist-epub-0003	8	17	2241
nist-epub-0003	8	18	2241
nist-epub-0003	8	19	2910
nist-epub-0003	8	20	2959
nist-epub-0003	8	21	3004
nist-epub-0003	8	22	3539
nist-epub-0003	8	23	3750
nist-epub-0003	9	0	245
nist-epub-0003	9	1	269
nist-epub-0003	9	2	288
nist-epub-0003	9	3	500
nist-epub-0003	9	4	521
nist-epub-0003	9	5	1075
nist-epub-0003	9	6	1094
nist-epub-0003	9	7	1111
nist-epub-0003	9	8	1324
nist-epub-0003	9	9	1329
nist-epub-0003	9	10	1378
nist-epub-0003	9	11	1378
nist-epub-0003	9	12	1378
nist-epub-0003	9	13	1910
nist-epub-0003	9	14	1910
nist-epub-0003	9	15	1928
nist-epub-0003	9	16	2136
nist-epub-0003	9	17	2136
nist-epub-0003	9	18	2136
nist-epub-0003	9	19	2780
nist-epub-0003	9	20	2830
nist-epub-0003	9	21	2876
nist-epub-0003	9	22	3412
nist-epub-0003	9	23	3622
nist-epub-0003	10	0	281
nist-epub-0003	10	1	306
nist-epub-0003	10	2	325
nist-epub-0003	10	3	540
nist-epub-0003	10	4	561
nist-epub-0003	10	5	1170
nist-epub-0003	10	6	1194
nist-epub-0003	10	7	1213
nist-epub-0003	10	8	1434
nist-epub-0003	10	9	1440
nist-epub-0003	10	10	1488
nist-epub-0003	10	11	1488
nist-epub-0003	10	12	1488
nist-epub-0003	10	13	2031
nist-epub-0003	10	14	2031
nist-epub-0003	10	15	2049
nist-epub-0003	10	16	2259
nist-epub-0003	10	17	2259
nist-epub-0003	10	18	2259
nist-epub-0003	10	19	2910
nist-epub-0003	10	20	2959
nist-epub-0003	10	21	3004
nist-epub-0003	10	22	3534
nist-epub-0003	10	23	3745
nist-epub-0003	11	0	277
nist-epub-0003	11	1	303
nist-epub-0003	11	2	323
nist-epub-0003	11	3	589
nist-epub-0003	11	4	615
nist-epub-0003	11	5	1191
nist-epub-0003	11	6	1210
nist-epub-0003	11	7	1227
nist-epub-0003	11	8	1443
nist-epub-0003	11	9	1448
nist-epub-0003	11	10	1495
nist-epub-0003	11	11	1495
nist-epub-0003	11	12	1495
nist-epub-0003	11	13	2028
nist-epub-0003	11	14	2028
nist-epub-0003	11	15	2046
nist-epub-0003	11	16	2253
nist-epub-0003	11	17	2253
nist-epub-0003	11	18	2253
nist-epub-0003	11	19	2909
nist-epub-0003	11	20	2958
nist-epub-0003	11	21	3003
nist-epub-0003	11	22	3536
nist-epub-0003	11	23	3744
nist-epub-0003	12	0	274
nist-epub-0003	12	1	299
nist-epub-0003	12	2	319
nist-epub-0003	12	3	534
nist-epub-0003	12	4	555
nist-epub-0003	12	5	1127
nist-epub-0003	12	6	1145
nist-epub-0003	12	7	1162
nist-epub-0003	12	8	1374
nist-epub-0003	12	9	1380
nist-epub-0003	12	10	1427
nist-epub-0003	12	11	1427
nist-epub-0003	12	12	1427
nist-epub-0003	12	13	1963
nist-epub-0003	12	14	1963
nist-epub-0003	12	15	1981
nist-epub-0003	12	16	2190
nist-epub-0003	12	17	2190
nist-epub-0003	12	18	2190
nist-epub-0003	12	19	2889
nist-epub-0003	12	20	2948
nist-epub-0003	12	21	2995
nist-epub-0003	12	22	3547
nist-epub-0003	12	23	3761
nist-epub-0003	13	0	253
nist-epub-0003	13	1	278
nist-epub-0003	13	2	298
nist-epub-0003	13	3	513
nist-epub-0003	13	4	534
nist-epub-0003	13	5	1093
nist-epub-0003	13	6	1111
nist-epub-0003	13	7	1128
nist-epub-0003	13	8	1340
nist-epub-0003	13	9	1345
nist-epub-0003	13	10	1392
nist-epub-0003	13	11	1392
nist-epub-0003	13	12	1392
nist-epub-0003	13	13	1926
nist-epub-0003	13	14	1926
nist-epub-0003	13	15	1944
nist-epub-0003	13	16	2168
nist-epub-0003	13	17	2168
nist-epub-0003	13	18	2168
nist-epub-0003	13	19	2879
nist-epub-0003	13	20	2933
nist-epub-0003	13	21	2980
nist-epub-0003	13	22	3546
nist-epub-0003	13	23	3759
nist-epub-0003	14	0	273
nist-epub-0003	14	1	299
nist-epub-0003	14	2	319
nist-epub-0003	14	3	541
nist-epub-0003	14	4	562
nist-epub-0003	14	5	1133
nist-epub-0003	14	6	1151
nist-epub-0003	14	7	1168
nist-epub-0003	14	8	1381
nist-epub-0003	14	9	1387
nist-epub-0003	14	10	1434
nist-epub-0003	14	11	1434
nist-epub-0003	14	12	1434
nist-epub-0003	14	13	1967
nist-epub-0003	14	14	1967
nist-epub-0003	14	15	1985
nist-epub-0003	14	16	2194
nist-epub-0003	14	17	2194
nist-epub-0003	14	18	2194
nist-epub-0003	14	19	2850
nist-epub-0003	14	20	2903
nist-epub-0003	14	21	2948
nist-epub-0003	14	22	3485
nist-epub-0003	14	23	3694
nist-epub-0003	15	0	255
nist-epub-0003	15	1	279
nist-epub-0003	15	2	298
nist-epub-0003	15	3	513
nist-epub-0003	15	4	534
nist-epub-0003	15	5	1092
nist-epub-0003	15	6	1110
nist-epub-0003	15	7	1127
nist-epub-0003	15	8	1338
nist-epub-0003	15	9	1343
nist-epub-0003	15	10	1390
nist-epub-0003	15	11	1390
nist-epub-0003	15	12	1390
nist-epub-0003	15	13	1920
nist-epub-0003	15	14	1920
nist-epub-0003	15	15	1938
nist-epub-0003	15	16	2145
nist-epub-0003	15	17	2145
nist-epub-0003	15	18	2145
nist-epub-0003	15	19	2800
nist-epub-0003	15	20	2851
nist-epub-0003	15	21	2896
nist-epub-0003	15	22	3431
nist-epub-0003	15	23	3640
nist-epub-0003	16	0	269
nist-epub-0003	16	1	294
nist-epub-0003	16	2	314
nist-epub-0003	16	3	526
nist-epub-0003	16	4	547
nist-epub-0003	16	5	1121
nist-epub-0003	16	6	1139
nist-epub-0003	16	7	1156
nist-epub-0003	16	8	1367
nist-epub-0003	16	9	1372
nist-epub-0003	16	10	1419
nist-epub-0003	16	11	1419
nist-epub-0003	16	12	1419
nist-epub-0003	16	13	1953
nist-epub-0003	16	14	1953
nist-epub-0003	16	15	1971
nist-epub-0003	16	16	2179
nist-epub-0003	16	17	2179
nist-epub-0003	16	18	2179
nist-epub-0003	16	19	2818
nist-epub-0003	16	20	2869
nist-epub-0003	16	21	2914
nist-epub-0003	16	22	3441
nist-epub-0003	16	23	3657
nist-epub-0003	17	0	255
nist-epub-0003	17	1	280
nist-epub-0003	17	2	300
nist-epub-0003	17	3	515
nist-epub-0003	17	4	536
nist-epub-0003	17	5	1094
nist-epub-0003	17	6	1116
nist-epub-0003	17	7	1133
nist-epub-0003	17	8	1346
nist-epub-0003	17	9	1352
nist-epub-0003	17	10	1399
nist-epub-0003	17	11	1399
nist-epub-0003	17	12	1399
nist-epub-0003	17	13	1930
nist-epub-0003	17	14	1930
nist-epub-0003	17	15	1948
nist-epub-0003	17	16	2158
nist-epub-0003	17	17	2158
nist-epub-0003	17	18	2158
nist-epub-0003	17	19	2812
nist-epub-0003	17	20	2863
nist-epub-0003	17	21	2908
nist-epub-0003	17	22	3443
nist-epub-0003	17	23	3654
nist-epub-0003	18	0	274
nist-epub-0003	18	1	299
nist-epub-0003	18	2	319
nist-epub-0003	18	3	532
nist-epub-0003	18	4	553
nist-epub-0003	18	5	1116
nist-epub-0003	18	6	1134
nist-epub-0003	18	7	1151
nist-epub-0003	18	8	1363
nist-epub-0003	18	9	1368
nist-epub-0003	18	10	1415
nist-epub-0003	18	11	1415
nist-epub-0003	18	12	1415
nist-epub-0003	18	13	1946
nist-epub-0003	18	14	1946
nist-epub-0003	18	15	1964
nist-epub-0003	18	16	2172
nist-epub-0003	18	17	2172
nist-epub-0003	18	18	2172
nist-epub-0003	18	19	2819
nist-epub-0003	18	20	2869
nist-epub-0003	18	21	2914
nist-epub-0003	18	22	3449
nist-epub-0003	18	23	3657
nist-epub-0003	19	0	282
nist-epub-0003	19	1	308
nist-epub-0003	19	2	327
nist-epub-0003	19	3	544
nist-epub-0003	19	4	565
nist-epub-0003	19	5	1119
nist-epub-0003	19	6	1138
nist-epub-0003	19	7	1155
nist-epub-0003	19	8	1368
nist-epub-0003	19	9	1373
nist-epub-0003	19	10	1420
nist-epub-0003	19	11	1420
nist-epub-0003	19	12	1420
nist-epub-0003	19	13	1949
nist-epub-0003	19	14	1949
nist-epub-0003	19	15	1967
nist-epub-0003	19	16	2179
nist-epub-0003	19	17	2179
nist-epub-0003	19	18	2179
nist-epub-0003	19	19	2824
nist-epub-0003	19	20	2874
nist-epub-0003	19	21	2919
nist-epub-0003	19	22	3450
nist-epub-0003	19	23	3661
nist-epub-0003	20	0	277
nist-epub-0003	20	1	302
nist-epub-0003	20	2	322
nist-epub-0003	20	3	535
nist-epub-0003	20	4	556
nist-epub-0003	20	5	1175
nist-epub-0003	20	6	1198
nist-epub-0003	20	7	1216
nist-epub-0003	20	8	1432
nist-epub-0003	20	9	1437
nist-epub-0003	20	10	1484
nist-epub-0003	20	11	1484
nist-epub-0003	20	12	1484
nist-epub-0003	20	13	2027
nist-epub-0003	20	14	2027
nist-epub-0003	20	15	2045
nist-epub-0003	20	16	2255
nist-epub-0003	20	17	2255
nist-epub-0003	20	18	2255
nist-epub-0003	20	19	2912
nist-epub-0003	20	20	2961
nist-epub-0003	20	21	3006
nist-epub-0003	20	22	3540
nist-epub-0003	20	23	3749
nist-epub-0003	21	0	246
nist-epub-0003	21	1	270
nist-epub-0003	21	2	289
nist-epub-0003	21	3	501
nist-epub-0003	21	4	522
nist-epub-0003	21	5	1125
nist-epub-0003	21	6	1147
nist-epub-0003	21	7	1165
nist-epub-0003	21	8	1380
nist-epub-0003	21	9	1385
nist-epub-0003	21	10	1432
nist-epub-0003	21	11	1432
nist-epub-0003	21	12	1432
nist-epub-0003	21	13	1971
nist-epub-0003	21	14	1971
nist-epub-0003	21	15	1989
nist-epub-0003	21	16	2198
nist-epub-0003	21	17	2198
nist-epub-0003	21	18	2198
nist-epub-0003	21	19	2897
nist-epub-0003	21	20	2953
nist-epub-0003	21	21	2999
nist-epub-0003	21	22	3584
nist-epub-0003	21	23	3801
nist-epub-0003	22	0	307
nist-epub-0003	22	1	334
nist-epub-0003	22	2	354
nist-epub-0003	22	3	602
nist-epub-0003	22	4	623
nist-epub-0003	22	5	1189
nist-epub-0003	22	6	1207
nist-epub-0003	22	7	1224
nist-epub-0003	22	8	1434
nist-epub-0003	22	9	1439
nist-epub-0003	22	10	1486
nist-epub-0003	22	11	1486
nist-epub-0003	22	12	1486
nist-epub-0003	22	13	2016
nist-epub-0003	22	14	2016
nist-epub-0003	22	15	2034
nist-epub-0003	22	16	2244
nist-epub-0003	22	17	2244
nist-epub-0003	22	18	2244
nist-epub-0003	22	19	2891
nist-epub-0003	22	20	2940
nist-epub-0003	22	21	2985
nist-epub-0003	22	22	3519
nist-epub-0003	22	23	3727
nist-epub-0003	23	0	258
nist-epub-0003	23	1	283
nist-epub-0003	23	2	302
nist-epub-0003	23	3	518
nist-epub-0003	23	4	539
nist-epub-0003	23	5	1099
nist-epub-0003	23	6	1121
nist-epub-0003	23	7	1138
nist-epub-0003	23	8	1350
nist-epub-0003	23	9	1355
nist-epub-0003	23	10	1402
nist-epub-0003	23	11	1402
nist-epub-0003	23	12	1402
nist-epub-0003	23	13	1930
nist-epub-0003	23	14	1930
nist-epub-0003	23	15	1948
nist-epub-0003	23	16	2171
nist-epub-0003	23	17	2171
nist-epub-0003	23	18	2171
nist-epub-0003	23	19	2818
nist-epub-0003	23	20	2886
nist-epub-0003	23	21	2934
nist-epub-0003	23	22	3485
nist-epub-0003	23	23	3700
nist-epub-0003	24	0	280
nist-epub-0003	24	1	306
nist-epub-0003	24	2	326
nist-epub-0003	24	3	538
nist-epub-0003	24	4	559
nist-epub-0003	24	5	1125
nist-epub-0003	24	6	1143
nist-epub-0003	24	7	1160
nist-epub-0003	24	8	1371
nist-epub-0003	24	9	1376
nist-epub-0003	24	10	1423
nist-epub-0003	24	11	1423
nist-epub-0003	24	12	1423
nist-epub-0003	24	13	1951
nist-epub-0003	24	14	1951
nist-epub-0003	24	15	1969
nist-epub-0003	24	16	2176
nist-epub-0003	24	17	2176
nist-epub-0003	24	18	2176
nist-epub-0003	24	19	2816
nist-epub-0003	24	20	2869
nist-epub-0003	24	21	2914
nist-epub-0003	24	22	3446
nist-epub-0003	24	23	3654
nist-epub-0003	25	0	256
nist-epub-0003	25	1	280
nist-epub-0003	25	2	299
nist-epub-0003	25	3	511
nist-epub-0003	25	4	532
nist-epub-0003	25	5	1087
nist-epub-0003	25	6	1106
nist-epub-0003	25	7	1123
nist-epub-0003	25	8	1335
nist-epub-0003	25	9	1340
nist-epub-0003	25	10	1387
nist-epub-0003	25	11	1387
nist-epub-0003	25	12	1387
nist-epub-0003	25	13	1919
nist-epub-0003	25	14	1919
nist-epub-0003	25	15	1937
nist-epub-0003	25	16	2145
nist-epub-0003	25	17	2145
nist-epub-0003	25	18	2145
nist-epub-0003	25	19	2787
nist-epub-0003	25	20	2837
nist-epub-0003	25	21	2882
nist-epub-0003	25	22	3413
nist-epub-0003	25	23	3623
nist-epub-0006	1	0	52
nist-epub-0006	1	1	52
nist-epub-0006	1	2	307
nist-epub-0006	1	3	360
nist-epub-0006	1	4	383
nist-epub-0006	1	5	916
nist-epub-0006	1	6	941
nist-epub-0006	1	7	1237
nist-epub-0006	1	8	1243
nist-epub-0006	1	9	1310
nist-epub-0006	1	10	1552
nist-epub-0006	1	11	1850
nist-epub-0006	1	12	1864
nist-epub-0006	1	13	1894
nist-epub-0006	1	14	1951
nist-epub-0006	1	15	2001
nist-epub-0006	1	16	2223
nist-epub-0006	1	17	2246
nist-epub-0006	1	18	2295
nist-epub-0006	1	19	2799
nist-epub-0006	1	20	2850
nist-epub-0006	1	21	3143
nist-epub-0006	1	22	3191
nist-epub-0006	1	23	3209
nist-epub-0006	2	0	48
nist-epub-0006	2	1	48
nist-epub-0006	2	2	299
nist-epub-0006	2	3	353
nist-epub-0006	2	4	376
nist-epub-0006	2	5	968
nist-epub-0006	2	6	993
nist-epub-0006	2	7	1294
nist-epub-0006	2	8	1300
nist-epub-0006	2	9	1351
nist-epub-0006	2	10	1568
nist-epub-0006	2	11	1857
nist-epub-0006	2	12	1860
nist-epub-0006	2	13	1879
nist-epub-0006	2	14	1927
nist-epub-0006	2	15	1974
nist-epub-0006	2	16	2185
nist-epub-0006	2	17	2206
nist-epub-0006	2	18	2254
nist-epub-0006	2	19	2742
nist-epub-0006	2	20	2792
nist-epub-0006	2	21	3081
nist-epub-0006	2	22	3129
nist-epub-0006	2	23	3147
nist-epub-0006	3	0	37
nist-epub-0006	3	1	37
nist-epub-0006	3	2	278
nist-epub-0006	3	3	330
nist-epub-0006	3	4	352
nist-epub-0006	3	5	916
nist-epub-0006	3	6	941
nist-epub-0006	3	7	1238
nist-epub-0006	3	8	1243
nist-epub-0006	3	9	1305
nist-epub-0006	3	10	1519
nist-epub-0006	3	11	1809
nist-epub-0006	3	12	1812
nist-epub-0006	3	13	1831
nist-epub-0006	3	14	1880
nist-epub-0006	3	15	1927
nist-epub-0006	3	16	2137
nist-epub-0006	3	17	2158
nist-epub-0006	3	18	2208
nist-epub-0006	3	19	2691
nist-epub-0006	3	20	2739
nist-epub-0006	3	21	3030
nist-epub-0006	3	22	3078
nist-epub-0006	3	23	3096
nist-epub-0006	4	0	51
nist-epub-0006	4	1	51
nist-epub-0006	4	2	301
nist-epub-0006	4	3	364
nist-epub-0006	4	4	388
nist-epub-0006	4	5	920
nist-epub-0006	4	6	941
nist-epub-0006	4	7	1243
nist-epub-0006	4	8	1249
nist-epub-0006	4	9	1299
nist-epub-0006	4	10	1512
nist-epub-0006	4	11	1802
nist-epub-0006	4	12	1805
nist-epub-0006	4	13	1823
nist-epub-0006	4	14	1871
nist-epub-0006	4	15	1918
nist-epub-0006	4	16	2131
nist-epub-0006	4	17	2152
nist-epub-0006	4	18	2200
nist-epub-0006	4	19	2686
nist-epub-0006	4	20	2735
nist-epub-0006	4	21	3028
nist-epub-0006	4	22	3076
nist-epub-0006	4	23	3094
nist-epub-0006	5	0	48
nist-epub-0006	5	1	48
nist-epub-0006	5	2	313
nist-epub-0006	5	3	366
nist-epub-0006	5	4	388
nist-epub-0006	5	5	915
nist-epub-0006	5	6	936
nist-epub-0006	5	7	1238
nist-epub-0006	5	8	1243
nist-epub-0006	5	9	1293
nist-epub-0006	5	10	1506
nist-epub-0006	5	11	1795
nist-epub-0006	5	12	1798
nist-epub-0006	5	13	1816
nist-epub-0006	5	14	1864
nist-epub-0006	5	15	1911
nist-epub-0006	5	16	2122
nist-epub-0006	5	17	2143
nist-epub-0006	5	18	2191
nist-epub-0006	5	19	2695
nist-epub-0006	5	20	2744
nist-epub-0006	5	21	3042
nist-epub-0006	5	22	3090
nist-epub-0006	5	23	3108
nist-epub-0006	6	0	52
nist-epub-0006	6	1	52
nist-epub-0006	6	2	307
nist-epub-0006	6	3	360
nist-epub-0006	6	4	386
nist-epub-0006	6	5	917
nist-epub-0006	6	6	938
nist-epub-0006	6	7	1236
nist-epub-0006	6	8	1242
nist-epub-0006	6	9	1292
nist-epub-0006	6	10	1505
nist-epub-0006	6	11	1794
nist-epub-0006	6	12	1797
nist-epub-0006	6	13	1816
nist-epub-0006	6	14	1864
nist-epub-0006	6	15	1911
nist-epub-0006	6	16	2121
nist-epub-0006	6	17	2171
nist-epub-0006	6	18	2220
nist-epub-0006	6	19	2707
nist-epub-0006	6	20	2756
nist-epub-0006	6	21	3049
nist-epub-0006	6	22	3097
nist-epub-0006	6	23	3115
nist-epub-0006	7	0	44
nist-epub-0006	7	1	44
nist-epub-0006	7	2	291
nist-epub-0006	7	3	344
nist-epub-0006	7	4	366
nist-epub-0006	7	5	900
nist-epub-0006	7	6	921
nist-epub-0006	7	7	1216
nist-epub-0006	7	8	1221
nist-epub-0006	7	9	1271
nist-epub-0006	7	10	1489
nist-epub-0006	7	11	1781
nist-epub-0006	7	12	1784
nist-epub-0006	7	13	1803
nist-epub-0006	7	14	1851
nist-epub-0006	7	15	1898
nist-epub-0006	7	16	2108
nist-epub-0006	7	17	2129
nist-epub-0006	7	18	2177
nist-epub-0006	7	19	2718
nist-epub-0006	7	20	2772
nist-epub-0006	7	21	3067
nist-epub-0006	7	22	3119
nist-epub-0006	7	23	3138
nist-epub-0006	8	0	51
nist-epub-0006	8	1	51
nist-epub-0006	8	2	396
nist-epub-0006	8	3	458
nist-epub-0006	8	4	482
nist-epub-0006	8	5	1029
nist-epub-0006	8	6	1051
nist-epub-0006	8	7	1347
nist-epub-0006	8	8	1353
nist-epub-0006	8	9	1403
nist-epub-0006	8	10	1617
nist-epub-0006	8	11	1908
nist-epub-0006	8	12	1911
nist-epub-0006	8	13	1930
nist-epub-0006	8	14	1979
nist-epub-0006	8	15	2026
nist-epub-0006	8	16	2237
nist-epub-0006	8	17	2258
nist-epub-0006	8	18	2306
nist-epub-0006	8	19	2796
nist-epub-0006	8	20	2845
nist-epub-0006	8	21	3135
nist-epub-0006	8	22	3182
nist-epub-0006	8	23	3200
nist-epub-0006	9	0	39
nist-epub-0006	9	1	39
nist-epub-0006	9	2	282
nist-epub-0006	9	3	336
nist-epub-0006	9	4	358
nist-epub-0006	9	5	884
nist-epub-0006	9	6	905
nist-epub-0006	9	7	1200
nist-epub-0006	9	8	1205
nist-epub-0006	9	9	1255
nist-epub-0006	9	10	1468
nist-epub-0006	9	11	1763
nist-epub-0006	9	12	1767
nist-epub-0006	9	13	1785
nist-epub-0006	9	14	1834
nist-epub-0006	9	15	1881
nist-epub-0006	9	16	2092
nist-epub-0006	9	17	2112
nist-epub-0006	9	18	2160
nist-epub-0006	9	19	2646
nist-epub-0006	9	20	2695
nist-epub-0006	9	21	2983
nist-epub-0006	9	22	3031
nist-epub-0006	9	23	3049
nist-epub-0006	10	0	49
nist-epub-0006	10	1	49
nist-epub-0006	10	2	301
nist-epub-0006	10	3	354
nist-epub-0006	10	4	377
nist-epub-0006	10	5	952
nist-epub-0006	10	6	977
nist-epub-0006	10	7	1278
nist-epub-0006	10	8	1284
nist-epub-0006	10	9	1335
nist-epub-0006	10	10	1552
nist-epub-0006	10	11	1843
nist-epub-0006	10	12	1846
nist-epub-0006	10	13	1865
nist-epub-0006	10	14	1914
nist-epub-0006	10	15	1961
nist-epub-0006	10	16	2172
nist-epub-0006	10	17	2193
nist-epub-0006	10	18	2241
nist-epub-0006	10	19	2727
nist-epub-0006	10	20	2776
nist-epub-0006	10	21	3066
nist-epub-0006	10	22	3114
nist-epub-0006	10	23	3132
nist-epub-0006	11	0	37
nist-epub-0006	11	1	37
nist-epub-0006	11	2	281
nist-epub-0006	11	3	333
nist-epub-0006	11	4	355
nist-epub-0006	11	5	882
nist-epub-0006	11	6	903
nist-epub-0006	11	7	1199
nist-epub-0006	11	8	1204
nist-epub-0006	11	9	1254
nist-epub-0006	11	10	1468
nist-epub-0006	11	11	1757
nist-epub-0006	11	12	1760
nist-epub-0006	11	13	1778
nist-epub-0006	11	14	1828
nist-epub-0006	11	15	1875
nist-epub-0006	11	16	2084
nist-epub-0006	11	17	2104
nist-epub-0006	11	18	2152
nist-epub-0006	11	19	2729
nist-epub-0006	11	20	2783
nist-epub-0006	11	21	3079
nist-epub-0006	11	22	3133
nist-epub-0006	11	23	3173
nist-epub-0006	12	0	50
nist-epub-0006	12	1	50
nist-epub-0006	12	2	307
nist-epub-0006	12	3	360
nist-epub-0006	12	4	383
nist-epub-0006	12	5	912
nist-epub-0006	12	6	933
nist-epub-0006	12	7	1229
nist-epub-0006	12	8	1235
nist-epub-0006	12	9	1285
nist-epub-0006	12	10	1498
nist-epub-0006	12	11	1787
nist-epub-0006	12	12	1790
nist-epub-0006	12	13	1809
nist-epub-0006	12	14	1868
nist-epub-0006	12	15	1915
nist-epub-0006	12	16	2124
nist-epub-0006	12	17	2144
nist-epub-0006	12	18	2192
nist-epub-0006	12	19	2675
nist-epub-0006	12	20	2727
nist-epub-0006	12	21	3017
nist-epub-0006	12	22	3064
nist-epub-0006	12	23	3083
nist-epub-0006	13	0	42
nist-epub-0006	13	1	42
nist-epub-0006	13	2	287
nist-epub-0006	13	3	340
nist-epub-0006	13	4	362
nist-epub-0006	13	5	890
nist-epub-0006	13	6	911
nist-epub-0006	13	7	1206
nist-epub-0006	13	8	1211
nist-epub-0006	13	9	1261
nist-epub-0006	13	10	1474
nist-epub-0006	13	11	1770
nist-epub-0006	13	12	1773
nist-epub-0006	13	13	1791
nist-epub-0006	13	14	1839
nist-epub-0006	13	15	1886
nist-epub-0006	13	16	2097
nist-epub-0006	13	17	2118
nist-epub-0006	13	18	2166
nist-epub-0006	13	19	2653
nist-epub-0006	13	20	2702
nist-epub-0006	13	21	3040
nist-epub-0006	13	22	3094
nist-epub-0006	13	23	3114
nist-epub-0006	14	0	50
nist-epub-0006	14	1	50
nist-epub-0006	14	2	301
nist-epub-0006	14	3	354
nist-epub-0006	14	4	377
nist-epub-0006	14	5	915
nist-epub-0006	14	6	936
nist-epub-0006	14	7	1232
nist-epub-0006	14	8	1238
nist-epub-0006	14	9	1288
nist-epub-0006	14	10	1511
nist-epub-0006	14	11	1801
nist-epub-0006	14	12	1804
nist-epub-0006	14	13	1822
nist-epub-0006	14	14	1870
nist-epub-0006	14	15	1917
nist-epub-0006	14	16	2127
nist-epub-0006	14	17	2148
nist-epub-0006	14	18	2196
nist-epub-0006	14	19	2737
nist-epub-0006	14	20	2792
nist-epub-0006	14	21	3091
nist-epub-0006	14	22	3140
nist-epub-0006	14	23	3161
nist-epub-0006	15	0	48
nist-epub-0006	15	1	48
nist-epub-0006	15	2	309
nist-epub-0006	15	3	361
nist-epub-0006	15	4	384
nist-epub-0006	15	5	924
nist-epub-0006	15	6	945
nist-epub-0006	15	7	1245
nist-epub-0006	15	8	1251
nist-epub-0006	15	9	1301
nist-epub-0006	15	10	1516
nist-epub-0006	15	11	1847
nist-epub-0006	15	12	1853
nist-epub-0006	15	13	1874
nist-epub-0006	15	14	1926
nist-epub-0006	15	15	1975
nist-epub-0006	15	16	2192
nist-epub-0006	15	17	2214
nist-epub-0006	15	18	2262
nist-epub-0006	15	19	2765
nist-epub-0006	15	20	2815
nist-epub-0006	15	21	3107
nist-epub-0006	15	22	3155
nist-epub-0006	15	23	3173
nist-epub-0006	16	0	55
nist-epub-0006	16	1	55
nist-epub-0006	16	2	309
nist-epub-0006	16	3	398
nist-epub-0006	16	4	425
nist-epub-0006	16	5	974
nist-epub-0006	16	6	995
nist-epub-0006	16	7	1294
nist-epub-0006	16	8	1300
nist-epub-0006	16	9	1350
nist-epub-0006	16	10	1564
nist-epub-0006	16	11	1853
nist-epub-0006	16	12	1856
nist-epub-0006	16	13	1875
nist-epub-0006	16	14	1923
nist-epub-0006	16	15	1970
nist-epub-0006	16	16	2187
nist-epub-0006	16	17	2208
nist-epub-0006	16	18	2256
nist-epub-0006	16	19	2744
nist-epub-0006	16	20	2793
nist-epub-0006	16	21	3099
nist-epub-0006	16	22	3147
nist-epub-0006	16	23	3165
nist-epub-0006	17	0	39
nist-epub-0006	17	1	39
nist-epub-0006	17	2	280
nist-epub-0006	17	3	333
nist-epub-0006	17	4	356
nist-epub-0006	17	5	887
nist-epub-0006	17	6	908
nist-epub-0006	17	7	1204
nist-epub-0006	17	8	1209
nist-epub-0006	17	9	1259
nist-epub-0006	17	10	1471
nist-epub-0006	17	11	1763
nist-epub-0006	17	12	1766
nist-epub-0006	17	13	1784
nist-epub-0006	17	14	1832
nist-epub-0006	17	15	1879
nist-epub-0006	17	16	2089
nist-epub-0006	17	17	2110
nist-epub-0006	17	18	2158
nist-epub-0006	17	19	2688
nist-epub-0006	17	20	2742
nist-epub-0006	17	21	3040
nist-epub-0006	17	22	3089
nist-epub-0006	17	23	3108
nist-epub-0006	18	0	50
nist-epub-0006	18	1	50
nist-epub-0006	18	2	300
nist-epub-0006	18	3	353
nist-epub-0006	18	4	376
nist-epub-0006	18	5	907
nist-epub-0006	18	6	928
nist-epub-0006	18	7	1225
nist-epub-0006	18	8	1231
nist-epub-0006	18	9	1315
nist-epub-0006	18	10	1528
nist-epub-0006	18	11	1817
nist-epub-0006	18	12	1820
nist-epub-0006	18	13	1839
nist-epub-0006	18	14	1888
nist-epub-0006	18	15	1935
nist-epub-0006	18	16	2145
nist-epub-0006	18	17	2166
nist-epub-0006	18	18	2216
nist-epub-0006	18	19	2700
nist-epub-0006	18	20	2749
nist-epub-0006	18	21	3038
nist-epub-0006	18	22	3086
nist-epub-0006	18	23	3104
nist-epub-0006	19	0	42
nist-epub-0006	19	1	42
nist-epub-0006	19	2	282
nist-epub-0006	19	3	335
nist-epub-0006	19	4	357
nist-epub-0006	19	5	878
nist-epub-0006	19	6	899
nist-epub-0006	19	7	1196
nist-epub-0006	19	8	1201
nist-epub-0006	19	9	1251
nist-epub-0006	19	10	1465
nist-epub-0006	19	11	1753
nist-epub-0006	19	12	1756
nist-epub-0006	19	13	1774
nist-epub-0006	19	14	1822
nist-epub-0006	19	15	1869
nist-epub-0006	19	16	2078
nist-epub-0006	19	17	2099
nist-epub-0006	19	18	2147
nist-epub-0006	19	19	2632
nist-epub-0006	19	20	2681
nist-epub-0006	19	21	2970
nist-epub-0006	19	22	3017
nist-epub-0006	19	23	3035
nist-epub-0006	20	0	54
nist-epub-0006	20	1	54
nist-epub-0006	20	2	304
nist-epub-0006	20	3	357
nist-epub-0006	20	4	380
nist-epub-0006	20	5	913
nist-epub-0006	20	6	935
nist-epub-0006	20	7	1232
nist-epub-0006	20	8	1238
nist-epub-0006	20	9	1287
nist-epub-0006	20	10	1500
nist-epub-0006	20	11	1810
nist-epub-0006	20	12	1813
nist-epub-0006	20	13	1831
nist-epub-0006	20	14	1879
nist-epub-0006	20	15	1926
nist-epub-0006	20	16	2135
nist-epub-0006	20	17	2156
nist-epub-0006	20	18	2204
nist-epub-0006	20	19	2690
nist-epub-0006	20	20	2740
nist-epub-0006	20	21	3045
nist-epub-0006	20	22	3092
nist-epub-0006	20	23	3110
nist-epub-0006	21	0	51
nist-epub-0006	21	1	51
nist-epub-0006	21	2	304
nist-epub-0006	21	3	357
nist-epub-0006	21	4	380
nist-epub-0006	21	5	964
nist-epub-0006	21	6	989
nist-epub-0006	21	7	1288
nist-epub-0006	21	8	1294
nist-epub-0006	21	9	1349
nist-epub-0006	21	10	1563
nist-epub-0006	21	11	1853
nist-epub-0006	21	12	1856
nist-epub-0006	21	13	1875
nist-epub-0006	21	14	1924
nist-epub-0006	21	15	1971
nist-epub-0006	21	16	2181
nist-epub-0006	21	17	2202
nist-epub-0006	21	18	2253
nist-epub-0006	21	19	2738
nist-epub-0006	21	20	2787
nist-epub-0006	21	21	3077
nist-epub-0006	21	22	3125
nist-epub-0006	21	23	3143
nist-epub-0006	22	0	53
nist-epub-0006	22	1	53
nist-epub-0006	22	2	304
nist-epub-0006	22	3	357
nist-epub-0006	22	4	380
nist-epub-0006	22	5	916
nist-epub-0006	22	6	937
nist-epub-0006	22	7	1235
nist-epub-0006	22	8	1241
nist-epub-0006	22	9	1291
nist-epub-0006	22	10	1521
nist-epub-0006	22	11	1814
nist-epub-0006	22	12	1818
nist-epub-0006	22	13	1837
nist-epub-0006	22	14	1886
nist-epub-0006	22	15	1933
nist-epub-0006	22	16	2144
nist-epub-0006	22	17	2165
nist-epub-0006	22	18	2213
nist-epub-0006	22	19	2701
nist-epub-0006	22	20	2755
nist-epub-0006	22	21	3056
nist-epub-0006	22	22	3104
nist-epub-0006	22	23	3122
nist-epub-0006	23	0	45
nist-epub-0006	23	1	45
nist-epub-0006	23	2	289
nist-epub-0006	23	3	342
nist-epub-0006	23	4	364
nist-epub-0006	23	5	941
nist-epub-0006	23	6	963
nist-epub-0006	23	7	1263
nist-epub-0006	23	8	1269
nist-epub-0006	23	9	1319
nist-epub-0006	23	10	1532
nist-epub-0006	23	11	1824
nist-epub-0006	23	12	1827
nist-epub-0006	23	13	1846
nist-epub-0006	23	14	1894
nist-epub-0006	23	15	1941
nist-epub-0006	23	16	2151
nist-epub-0006	23	17	2175
nist-epub-0006	23	18	2223
nist-epub-0006	23	19	2733
nist-epub-0006	23	20	2783
nist-epub-0006	23	21	3082
nist-epub-0006	23	22	3130
nist-epub-0006	23	23	3148
nist-epub-0006	24	0	48
nist-epub-0006	24	1	48
nist-epub-0006	24	2	299
nist-epub-0006	24	3	352
nist-epub-0006	24	4	375
nist-epub-0006	24	5	917
nist-epub-0006	24	6	938
nist-epub-0006	24	7	1234
nist-epub-0006	24	8	1240
nist-epub-0006	24	9	1290
nist-epub-0006	24	10	1502
nist-epub-0006	24	11	1794
nist-epub-0006	24	12	1798
nist-epub-0006	24	13	1817
nist-epub-0006	24	14	1865
nist-epub-0006	24	15	1912
nist-epub-0006	24	16	2123
nist-epub-0006	24	17	2144
nist-epub-0006	24	18	2192
nist-epub-0006	24	19	2683
nist-epub-0006	24	20	2732
nist-epub-0006	24	21	3021
nist-epub-0006	24	22	3068
nist-epub-0006	24	23	3086
nist-epub-0006	25	0	43
nist-epub-0006	25	1	43
nist-epub-0006	25	2	284
nist-epub-0006	25	3	336
nist-epub-0006	25	4	358
nist-epub-0006	25	5	885
nist-epub-0006	25	6	906
nist-epub-0006	25	7	1201
nist-epub-0006	25	8	1206
nist-epub-0006	25	9	1256
nist-epub-0006	25	10	1472
nist-epub-0006	25	11	1760
nist-epub-0006	25	12	1763
nist-epub-0006	25	13	1781
nist-epub-0006	25	14	1829
nist-epub-0006	25	15	1876
nist-epub-0006	25	16	2085
nist-epub-0006	25	17	2105
nist-epub-0006	25	18	2152
nist-epub-0006	25	19	2663
nist-epub-0006	25	20	2712
nist-epub-0006	25	21	3000
nist-epub-0006	25	22	3047
nist-epub-0006	25	23	3067
nist-epub-0008	1	0	99
nist-epub-0008	1	1	228
nist-epub-0008	1	2	272
nist-epub-0008	1	3	388
nist-epub-0008	1	4	393
nist-epub-0008	1	5	606
nist-epub-0008	1	6	624
nist-epub-0008	1	7	639
nist-epub-0008	1	8	678
nist-epub-0008	1	9	694
nist-epub-0008	1	10	732
nist-epub-0008	1	11	770
nist-epub-0008	1	12	773
nist-epub-0008	1	13	886
nist-epub-0008	1	14	927
nist-epub-0008	1	15	927
nist-epub-0008	1	16	1127
nist-epub-0008	1	17	1324
nist-epub-0008	1	18	1487
nist-epub-0008	1	19	1487
nist-epub-0008	1	20	1503
nist-epub-0008	1	21	1664
nist-epub-0008	1	22	1860
nist-epub-0008	1	23	2019
nist-epub-0008	2	0	71
nist-epub-0008	2	1	197
nist-epub-0008	2	2	240
nist-epub-0008	2	3	356
nist-epub-0008	2	4	361
nist-epub-0008	2	5	584
nist-epub-0008	2	6	602
nist-epub-0008	2	7	617
nist-epub-0008	2	8	656
nist-epub-0008	2	9	672
nist-epub-0008	2	10	710
nist-epub-0008	2	11	748
nist-epub-0008	2	12	751
nist-epub-0008	2	13	863
nist-epub-0008	2	14	901
nist-epub-0008	2	15	901
nist-epub-0008	2	16	1101
nist-epub-0008	2	17	1300
nist-epub-0008	2	18	1465
nist-epub-0008	2	19	1465
nist-epub-0008	2	20	1481
nist-epub-0008	2	21	1642
nist-epub-0008	2	22	1836
nist-epub-0008	2	23	1997
nist-epub-0008	3	0	66
nist-epub-0008	3	1	191
nist-epub-0008	3	2	234
nist-epub-0008	3	3	351
nist-epub-0008	3	4	355
nist-epub-0008	3	5	565
nist-epub-0008	3	6	584
nist-epub-0008	3	7	627
nist-epub-0008	3	8	675
nist-epub-0008	3	9	692
nist-epub-0008	3	10	732
nist-epub-0008	3	11	772
nist-epub-0008	3	12	776
nist-epub-0008	3	13	894
nist-epub-0008	3	14	934
nist-epub-0008	3	15	934
nist-epub-0008	3	16	1139
nist-epub-0008	3	17	1341
nist-epub-0008	3	18	1508
nist-epub-0008	3	19	1508
nist-epub-0008	3	20	1525
nist-epub-0008	3	21	1688
nist-epub-0008	3	22	1883
nist-epub-0008	3	23	2044
nist-epub-0008	4	0	78
nist-epub-0008	4	1	207
nist-epub-0008	4	2	250
nist-epub-0008	4	3	366
nist-epub-0008	4	4	371
nist-epub-0008	4	5	584
nist-epub-0008	4	6	603
nist-epub-0008	4	7	618
nist-epub-0008	4	8	657
nist-epub-0008	4	9	673
nist-epub-0008	4	10	711
nist-epub-0008	4	11	749
nist-epub-0008	4	12	752
nist-epub-0008	4	13	867
nist-epub-0008	4	14	906
nist-epub-0008	4	15	906
nist-epub-0008	4	16	1105
nist-epub-0008	4	17	1303
nist-epub-0008	4	18	1493
nist-epub-0008	4	19	1493
nist-epub-0008	4	20	1514
nist-epub-0008	4	21	1713
nist-epub-0008	4	22	1913
nist-epub-0008	4	23	2074
nist-epub-0008	5	0	66
nist-epub-0008	5	1	189
nist-epub-0008	5	2	231
nist-epub-0008	5	3	347
nist-epub-0008	5	4	351
nist-epub-0008	5	5	559
nist-epub-0008	5	6	576
nist-epub-0008	5	7	591
nist-epub-0008	5	8	630
nist-epub-0008	5	9	645
nist-epub-0008	5	10	683
nist-epub-0008	5	11	721
nist-epub-0008	5	12	724
nist-epub-0008	5	13	842
nist-epub-0008	5	14	881
nist-epub-0008	5	15	881
nist-epub-0008	5	16	1081
nist-epub-0008	5	17	1280
nist-epub-0008	5	18	1444
nist-epub-0008	5	19	1444
nist-epub-0008	5	20	1460
nist-epub-0008	5	21	1622
nist-epub-0008	5	22	1818
nist-epub-0008	5	23	1979
nist-epub-0008	6	0	75
nist-epub-0008	6	1	204
nist-epub-0008	6	2	246
nist-epub-0008	6	3	362
nist-epub-0008	6	4	368
nist-epub-0008	6	5	581
nist-epub-0008	6	6	600
nist-epub-0008	6	7	615
nist-epub-0008	6	8	654
nist-epub-0008	6	9	670
nist-epub-0008	6	10	708
nist-epub-0008	6	11	746
nist-epub-0008	6	12	749
nist-epub-0008	6	13	867
nist-epub-0008	6	14	906
nist-epub-0008	6	15	906
nist-epub-0008	6	16	1105
nist-epub-0008	6	17	1303
nist-epub-0008	6	18	1467
nist-epub-0008	6	19	1467
nist-epub-0008	6	20	1483
nist-epub-0008	6	21	1644
nist-epub-0008	6	22	1860
nist-epub-0008	6	23	2020
nist-epub-0008	7	0	68
nist-epub-0008	7	1	193
nist-epub-0008	7	2	265
nist-epub-0008	7	3	395
nist-epub-0008	7	4	400
nist-epub-0008	7	5	612
nist-epub-0008	7	6	632
nist-epub-0008	7	7	647
nist-epub-0008	7	8	687
nist-epub-0008	7	9	702
nist-epub-0008	7	10	740
nist-epub-0008	7	11	784
nist-epub-0008	7	12	788
nist-epub-0008	7	13	901
nist-epub-0008	7	14	940
nist-epub-0008	7	15	940
nist-epub-0008	7	16	1142
nist-epub-0008	7	17	1342
nist-epub-0008	7	18	1506
nist-epub-0008	7	19	1506
nist-epub-0008	7	20	1523
nist-epub-0008	7	21	1688
nist-epub-0008	7	22	1882
nist-epub-0008	7	23	2042
nist-epub-0008	8	0	78
nist-epub-0008	8	1	210
nist-epub-0008	8	2	253
nist-epub-0008	8	3	368
nist-epub-0008	8	4	374
nist-epub-0008	8	5	597
nist-epub-0008	8	6	616
nist-epub-0008	8	7	631
nist-epub-0008	8	8	670
nist-epub-0008	8	9	686
nist-epub-0008	8	10	724
nist-epub-0008	8	11	762
nist-epub-0008	8	12	765
nist-epub-0008	8	13	876
nist-epub-0008	8	14	914
nist-epub-0008	8	15	914
nist-epub-0008	8	16	1113
nist-epub-0008	8	17	1314
nist-epub-0008	8	18	1477
nist-epub-0008	8	19	1477
nist-epub-0008	8	20	1493
nist-epub-0008	8	21	1654
nist-epub-0008	8	22	1847
nist-epub-0008	8	23	2007
nist-epub-0008	9	0	76
nist-epub-0008	9	1	205
nist-epub-0008	9	2	248
nist-epub-0008	9	3	364
nist-epub-0008	9	4	369
nist-epub-0008	9	5	584
nist-epub-0008	9	6	603
nist-epub-0008	9	7	618
nist-epub-0008	9	8	657
nist-epub-0008	9	9	673
nist-epub-0008	9	10	711
nist-epub-0008	9	11	749
nist-epub-0008	9	12	752
nist-epub-0008	9	13	868
nist-epub-0008	9	14	907
nist-epub-0008	9	15	907
nist-epub-0008	9	16	1106
nist-epub-0008	9	17	1303
nist-epub-0008	9	18	1466
nist-epub-0008	9	19	1466
nist-epub-0008	9	20	1482
nist-epub-0008	9	21	1644
nist-epub-0008	9	22	1853
nist-epub-0008	9	23	2013
nist-epub-0008	10	0	77
nist-epub-0008	10	1	206
nist-epub-0008	10	2	274
nist-epub-0008	10	3	411
nist-epub-0008	10	4	418
nist-epub-0008	10	5	636
nist-epub-0008	10	6	655
nist-epub-0008	10	7	670
nist-epub-0008	10	8	709
nist-epub-0008	10	9	724
nist-epub-0008	10	10	763
nist-epub-0008	10	11	802
nist-epub-0008	10	12	806
nist-epub-0008	10	13	920
nist-epub-0008	10	14	959
nist-epub-0008	10	15	959
nist-epub-0008	10	16	1162
nist-epub-0008	10	17	1362
nist-epub-0008	10	18	1527
nist-epub-0008	10	19	1527
nist-epub-0008	10	20	1544
nist-epub-0008	10	21	1706
nist-epub-0008	10	22	1901
nist-epub-0008	10	23	2064
nist-epub-0008	11	0	62
nist-epub-0008	11	1	185
nist-epub-0008	11	2	228
nist-epub-0008	11	3	344
nist-epub-0008	11	4	349
nist-epub-0008	11	5	562
nist-epub-0008	11	6	580
nist-epub-0008	11	7	595
nist-epub-0008	11	8	634
nist-epub-0008	11	9	650
nist-epub-0008	11	10	688
nist-epub-0008	11	11	729
nist-epub-0008	11	12	732
nist-epub-0008	11	13	844
nist-epub-0008	11	14	882
nist-epub-0008	11	15	882
nist-epub-0008	11	16	1083
nist-epub-0008	11	17	1282
nist-epub-0008	11	18	1445
nist-epub-0008	11	19	1445
nist-epub-0008	11	20	1461
nist-epub-0008	11	21	1624
nist-epub-0008	11	22	1821
nist-epub-0008	11	23	1981
nist-epub-0008	12	0	77
nist-epub-0008	12	1	205
nist-epub-0008	12	2	248
nist-epub-0008	12	3	364
nist-epub-0008	12	4	370
nist-epub-0008	12	5	585
nist-epub-0008	12	6	605
nist-epub-0008	12	7	620
nist-epub-0008	12	8	659
nist-epub-0008	12	9	674
nist-epub-0008	12	10	712
nist-epub-0008	12	11	750
nist-epub-0008	12	12	753
nist-epub-0008	12	13	866
nist-epub-0008	12	14	907
nist-epub-0008	12	15	907
nist-epub-0008	12	16	1106
nist-epub-0008	12	17	1304
nist-epub-0008	12	18	1468
nist-epub-0008	12	19	1468
nist-epub-0008	12	20	1484
nist-epub-0008	12	21	1646
nist-epub-0008	12	22	1895
nist-epub-0008	12	23	2101
nist-epub-0008	13	0	60
nist-epub-0008	13	1	184
nist-epub-0008	13	2	227
nist-epub-0008	13	3	343
nist-epub-0008	13	4	347
nist-epub-0008	13	5	562
nist-epub-0008	13	6	580
nist-epub-0008	13	7	595
nist-epub-0008	13	8	634
nist-epub-0008	13	9	650
nist-epub-0008	13	10	688
nist-epub-0008	13	11	727
nist-epub-0008	13	12	730
nist-epub-0008	13	13	843
nist-epub-0008	13	14	882
nist-epub-0008	13	15	882
nist-epub-0008	13	16	1084
nist-epub-0008	13	17	1292
nist-epub-0008	13	18	1463
nist-epub-0008	13	19	1463
nist-epub-0008	13	20	1480
nist-epub-0008	13	21	1642
nist-epub-0008	13	22	1836
nist-epub-0008	13	23	1997
nist-epub-0008	14	0	79
nist-epub-0008	14	1	239
nist-epub-0008	14	2	286
nist-epub-0008	14	3	403
nist-epub-0008	14	4	409
nist-epub-0008	14	5	623
nist-epub-0008	14	6	642
nist-epub-0008	14	7	657
nist-epub-0008	14	8	696
nist-epub-0008	14	9	712
nist-epub-0008	14	10	750
nist-epub-0008	14	11	788
nist-epub-0008	14	12	791
nist-epub-0008	14	13	902
nist-epub-0008	14	14	940
nist-epub-0008	14	15	940
nist-epub-0008	14	16	1155
nist-epub-0008	14	17	1352
nist-epub-0008	14	18	1515
nist-epub-0008	14	19	1515
nist-epub-0008	14	20	1531
nist-epub-0008	14	21	1692
nist-epub-0008	14	22	1885
nist-epub-0008	14	23	2049
nist-epub-0008	15	0	60
nist-epub-0008	15	1	185
nist-epub-0008	15	2	228
nist-epub-0008	15	3	344
nist-epub-0008	15	4	349
nist-epub-0008	15	5	564
nist-epub-0008	15	6	582
nist-epub-0008	15	7	597
nist-epub-0008	15	8	636
nist-epub-0008	15	9	651
nist-epub-0008	15	10	689
nist-epub-0008	15	11	727
nist-epub-0008	15	12	730
nist-epub-0008	15	13	842
nist-epub-0008	15	14	881
nist-epub-0008	15	15	881
nist-epub-0008	15	16	1080
nist-epub-0008	15	17	1278
nist-epub-0008	15	18	1482
nist-epub-0008	15	19	1482
nist-epub-0008	15	20	1502
nist-epub-0008	15	21	1673
nist-epub-0008	15	22	1897
nist-epub-0008	15	23	2102
nist-epub-0008	16	0	81
nist-epub-0008	16	1	246
nist-epub-0008	16	2	292
nist-epub-0008	16	3	409
nist-epub-0008	16	4	415
nist-epub-0008	16	5	628
nist-epub-0008	16	6	647
nist-epub-0008	16	7	662
nist-epub-0008	16	8	701
nist-epub-0008	16	9	717
nist-epub-0008	16	10	755
nist-epub-0008	16	11	793
nist-epub-0008	16	12	796
nist-epub-0008	16	13	908
nist-epub-0008	16	14	947
nist-epub-0008	16	15	947
nist-epub-0008	16	16	1150
nist-epub-0008	16	17	1348
nist-epub-0008	16	18	1513
nist-epub-0008	16	19	1513
nist-epub-0008	16	20	1529
nist-epub-0008	16	21	1692
nist-epub-0008	16	22	1885
nist-epub-0008	16	23	2048
nist-epub-0008	17	0	66
nist-epub-0008	17	1	193
nist-epub-0008	17	2	236
nist-epub-0008	17	3	391
nist-epub-0008	17	4	398
nist-epub-0008	17	5	614
nist-epub-0008	17	6	633
nist-epub-0008	17	7	648
nist-epub-0008	17	8	688
nist-epub-0008	17	9	703
nist-epub-0008	17	10	741
nist-epub-0008	17	11	779
nist-epub-0008	17	12	782
nist-epub-0008	17	13	896
nist-epub-0008	17	14	935
nist-epub-0008	17	15	935
nist-epub-0008	17	16	1135
nist-epub-0008	17	17	1371
nist-epub-0008	17	18	1540
nist-epub-0008	17	19	1540
nist-epub-0008	17	20	1559
nist-epub-0008	17	21	1724
nist-epub-0008	17	22	1948
nist-epub-0008	17	23	2135
nist-epub-0008	18	0	89
nist-epub-0008	18	1	219
nist-epub-0008	18	2	262
nist-epub-0008	18	3	419
nist-epub-0008	18	4	427
nist-epub-0008	18	5	645
nist-epub-0008	18	6	665
nist-epub-0008	18	7	683
nist-epub-0008	18	8	723
nist-epub-0008	18	9	739
nist-epub-0008	18	10	777
nist-epub-0008	18	11	815
nist-epub-0008	18	12	818
nist-epub-0008	18	13	930
nist-epub-0008	18	14	969
nist-epub-0008	18	15	969
nist-epub-0008	18	16	1168
nist-epub-0008	18	17	1366
nist-epub-0008	18	18	1528
nist-epub-0008	18	19	1528
nist-epub-0008	18	20	1545
nist-epub-0008	18	21	1744
nist-epub-0008	18	22	1937
nist-epub-0008	18	23	2097
nist-epub-0008	19	0	63
nist-epub-0008	19	1	222
nist-epub-0008	19	2	291
nist-epub-0008	19	3	414
nist-epub-0008	19	4	420
nist-epub-0008	19	5	633
nist-epub-0008	19	6	652
nist-epub-0008	19	7	667
nist-epub-0008	19	8	707
nist-epub-0008	19	9	723
nist-epub-0008	19	10	761
nist-epub-0008	19	11	799
nist-epub-0008	19	12	803
nist-epub-0008	19	13	916
nist-epub-0008	19	14	955
nist-epub-0008	19	15	955
nist-epub-0008	19	16	1212
nist-epub-0008	19	17	1422
nist-epub-0008	19	18	1591
nist-epub-0008	19	19	1591
nist-epub-0008	19	20	1610
nist-epub-0008	19	21	1775
nist-epub-0008	19	22	1977
nist-epub-0008	19	23	2140
nist-epub-0008	20	0	78
nist-epub-0008	20	1	212
nist-epub-0008	20	2	269
nist-epub-0008	20	3	410
nist-epub-0008	20	4	416
nist-epub-0008	20	5	632
nist-epub-0008	20	6	651
nist-epub-0008	20	7	666
nist-epub-0008	20	8	705
nist-epub-0008	20	9	720
nist-epub-0008	20	10	758
nist-epub-0008	20	11	797
nist-epub-0008	20	12	800
nist-epub-0008	20	13	912
nist-epub-0008	20	14	951
nist-epub-0008	20	15	951
nist-epub-0008	20	16	1154
nist-epub-0008	20	17	1353
nist-epub-0008	20	18	1518
nist-epub-0008	20	19	1518
nist-epub-0008	20	20	1535
nist-epub-0008	20	21	1698
nist-epub-0008	20	22	1892
nist-epub-0008	20	23	2057
nist-epub-0008	21	0	61
nist-epub-0008	21	1	185
nist-epub-0008	21	2	228
nist-epub-0008	21	3	344
nist-epub-0008	21	4	349
nist-epub-0008	21	5	569
nist-epub-0008	21	6	587
nist-epub-0008	21	7	602
nist-epub-0008	21	8	641
nist-epub-0008	21	9	656
nist-epub-0008	21	10	694
nist-epub-0008	21	11	732
nist-epub-0008	21	12	735
nist-epub-0008	21	13	847
nist-epub-0008	21	14	886
nist-epub-0008	21	15	886
nist-epub-0008	21	16	1086
nist-epub-0008	21	17	1285
nist-epub-0008	21	18	1620
nist-epub-0008	21	19	1620
nist-epub-0008	21	20	1637
nist-epub-0008	21	21	1801
nist-epub-0008	21	22	2003
nist-epub-0008	21	23	2165
nist-epub-0008	22	0	81
nist-epub-0008	22	1	211
nist-epub-0008	22	2	254
nist-epub-0008	22	3	371
nist-epub-0008	22	4	377
nist-epub-0008	22	5	593
nist-epub-0008	22	6	612
nist-epub-0008	22	7	627
nist-epub-0008	22	8	666
nist-epub-0008	22	9	682
nist-epub-0008	22	10	720
nist-epub-0008	22	11	758
nist-epub-0008	22	12	761
nist-epub-0008	22	13	874
nist-epub-0008	22	14	914
nist-epub-0008	22	15	914
nist-epub-0008	22	16	1114
nist-epub-0008	22	17	1311
nist-epub-0008	22	18	1475
nist-epub-0008	22	19	1475
nist-epub-0008	22	20	1491
nist-epub-0008	22	21	1653
nist-epub-0008	22	22	1850
nist-epub-0008	22	23	2011
nist-epub-0008	23	0	72
nist-epub-0008	23	1	197
nist-epub-0008	23	2	240
nist-epub-0008	23	3	356
nist-epub-0008	23	4	361
nist-epub-0008	23	5	574
nist-epub-0008	23	6	593
nist-epub-0008	23	7	608
nist-epub-0008	23	8	647
nist-epub-0008	23	9	665
nist-epub-0008	23	10	703
nist-epub-0008	23	11	741
nist-epub-0008	23	12	745
nist-epub-0008	23	13	858
nist-epub-0008	23	14	896
nist-epub-0008	23	15	896
nist-epub-0008	23	16	1096
nist-epub-0008	23	17	1294
nist-epub-0008	23	18	1459
nist-epub-0008	23	19	1459
nist-epub-0008	23	20	1475
nist-epub-0008	23	21	1640
nist-epub-0008	23	22	1834
nist-epub-0008	23	23	1996
nist-epub-0008	24	0	81
nist-epub-0008	24	1	211
nist-epub-0008	24	2	254
nist-epub-0008	24	3	371
nist-epub-0008	24	4	378
nist-epub-0008	24	5	592
nist-epub-0008	24	6	611
nist-epub-0008	24	7	626
nist-epub-0008	24	8	666
nist-epub-0008	24	9	682
nist-epub-0008	24	10	720
nist-epub-0008	24	11	758
nist-epub-0008	24	12	761
nist-epub-0008	24	13	875
nist-epub-0008	24	14	913
nist-epub-0008	24	15	913
nist-epub-0008	24	16	1112
nist-epub-0008	24	17	1311
nist-epub-0008	24	18	1476
nist-epub-0008	24	19	1476
nist-epub-0008	24	20	1494
nist-epub-0008	24	21	1657
nist-epub-0008	24	22	1851
nist-epub-0008	24	23	2012
nist-epub-0008	25	0	82
nist-epub-0008	25	1	213
nist-epub-0008	25	2	256
nist-epub-0008	25	3	373
nist-epub-0008	25	4	378
nist-epub-0008	25	5	605
nist-epub-0008	25	6	625
nist-epub-0008	25	7	640
nist-epub-0008	25	8	679
nist-epub-0008	25	9	695
nist-epub-0008	25	10	733
nist-epub-0008	25	11	772
nist-epub-0008	25	12	776
nist-epub-0008	25	13	890
nist-epub-0008	25	14	929
nist-epub-0008	25	15	929
nist-epub-0008	25	16	1129
nist-epub-0008	25	17	1330
nist-epub-0008	25	18	1494
nist-epub-0008	25	19	1494
nist-epub-0008	25	20	1510
nist-epub-0008	25	21	1715
nist-epub-0008	25	22	1924
nist-epub-0008	25	23	2091
nist-epub-0009	1	0	0
nist-epub-0009	1	1	58
nist-epub-0009	1	2	64
nist-epub-0009	1	3	383
nist-epub-0009	1	4	446
nist-epub-0009	1	5	446
nist-epub-0009	1	6	1520
nist-epub-0009	1	7	1526
nist-epub-0009	1	8	1590
nist-epub-0009	1	9	1611
nist-epub-0009	1	10	1614
nist-epub-0009	1	11	2137
nist-epub-0009	1	12	2158
nist-epub-0009	1	13	2158
nist-epub-0009	1	14	2216
nist-epub-0009	1	15	2484
nist-epub-0009	1	16	2488
nist-epub-0009	1	17	2757
nist-epub-0009	1	18	2780
nist-epub-0009	1	19	2805
nist-epub-0009	1	20	2860
nist-epub-0009	1	21	2860
nist-epub-0009	1	22	2860
nist-epub-0009	1	23	2882
nist-epub-0009	2	0	0
nist-epub-0009	2	1	53
nist-epub-0009	2	2	59
nist-epub-0009	2	3	374
nist-epub-0009	2	4	437
nist-epub-0009	2	5	437
nist-epub-0009	2	6	1528
nist-epub-0009	2	7	1535
nist-epub-0009	2	8	1600
nist-epub-0009	2	9	1622
nist-epub-0009	2	10	1625
nist-epub-0009	2	11	2087
nist-epub-0009	2	12	2108
nist-epub-0009	2	13	2108
nist-epub-0009	2	14	2167
nist-epub-0009	2	15	2439
nist-epub-0009	2	16	2443
nist-epub-0009	2	17	2715
nist-epub-0009	2	18	2738
nist-epub-0009	2	19	2763
nist-epub-0009	2	20	2819
nist-epub-0009	2	21	2819
nist-epub-0009	2	22	2819
nist-epub-0009	2	23	2839
nist-epub-0009	3	0	0
nist-epub-0009	3	1	44
nist-epub-0009	3	2	49
nist-epub-0009	3	3	402
nist-epub-0009	3	4	468
nist-epub-0009	3	5	468
nist-epub-0009	3	6	1536
nist-epub-0009	3	7	1541
nist-epub-0009	3	8	1604
nist-epub-0009	3	9	1626
nist-epub-0009	3	10	1629
nist-epub-0009	3	11	2087
nist-epub-0009	3	12	2108
nist-epub-0009	3	13	2108
nist-epub-0009	3	14	2166
nist-epub-0009	3	15	2437
nist-epub-0009	3	16	2442
nist-epub-0009	3	17	2713
nist-epub-0009	3	18	2736
nist-epub-0009	3	19	2760
nist-epub-0009	3	20	2815
nist-epub-0009	3	21	2815
nist-epub-0009	3	22	2815
nist-epub-0009	3	23	2835
nist-epub-0009	4	0	0
nist-epub-0009	4	1	96
nist-epub-0009	4	2	102
nist-epub-0009	4	3	417
nist-epub-0009	4	4	480
nist-epub-0009	4	5	480
nist-epub-0009	4	6	1528
nist-epub-0009	4	7	1534
nist-epub-0009	4	8	1596
nist-epub-0009	4	9	1617
nist-epub-0009	4	10	1620
nist-epub-0009	4	11	2088
nist-epub-0009	4	12	2114
nist-epub-0009	4	13	2114
nist-epub-0009	4	14	2172
nist-epub-0009	4	15	2447
nist-epub-0009	4	16	2451
nist-epub-0009	4	17	2720
nist-epub-0009	4	18	2743
nist-epub-0009	4	19	2768
nist-epub-0009	4	20	2823
nist-epub-0009	4	21	2823
nist-epub-0009	4	22	2823
nist-epub-0009	4	23	2843
nist-epub-0009	5	0	0
nist-epub-0009	5	1	49
nist-epub-0009	5	2	54
nist-epub-0009	5	3	408
nist-epub-0009	5	4	473
nist-epub-0009	5	5	473
nist-epub-0009	5	6	1658
nist-epub-0009	5	7	1667
nist-epub-0009	5	8	1741
nist-epub-0009	5	9	1770
nist-epub-0009	5	10	1774
nist-epub-0009	5	11	2416
nist-epub-0009	5	12	2438
nist-epub-0009	5	13	2438
nist-epub-0009	5	14	2497
nist-epub-0009	5	15	2770
nist-epub-0009	5	16	2775
nist-epub-0009	5	17	3049
nist-epub-0009	5	18	3072
nist-epub-0009	5	19	3097
nist-epub-0009	5	20	3152
nist-epub-0009	5	21	3152
nist-epub-0009	5	22	3152
nist-epub-0009	5	23	3172
nist-epub-0009	6	0	0
nist-epub-0009	6	1	53
nist-epub-0009	6	2	60
nist-epub-0009	6	3	395
nist-epub-0009	6	4	486
nist-epub-0009	6	5	486
nist-epub-0009	6	6	1593
nist-epub-0009	6	7	1599
nist-epub-0009	6	8	1659
nist-epub-0009	6	9	1682
nist-epub-0009	6	10	1685
nist-epub-0009	6	11	2149
nist-epub-0009	6	12	2170
nist-epub-0009	6	13	2170
nist-epub-0009	6	14	2229
nist-epub-0009	6	15	2499
nist-epub-0009	6	16	2503
nist-epub-0009	6	17	2774
nist-epub-0009	6	18	2797
nist-epub-0009	6	19	2822
nist-epub-0009	6	20	2877
nist-epub-0009	6	21	2877
nist-epub-0009	6	22	2877
nist-epub-0009	6	23	2897
nist-epub-0009	7	0	0
nist-epub-0009	7	1	41
nist-epub-0009	7	2	45
nist-epub-0009	7	3	352
nist-epub-0009	7	4	416
nist-epub-0009	7	5	416
nist-epub-0009	7	6	1488
nist-epub-0009	7	7	1493
nist-epub-0009	7	8	1552
nist-epub-0009	7	9	1573
nist-epub-0009	7	10	1576
nist-epub-0009	7	11	2032
nist-epub-0009	7	12	2053
nist-epub-0009	7	13	2053
nist-epub-0009	7	14	2111
nist-epub-0009	7	15	2383
nist-epub-0009	7	16	2387
nist-epub-0009	7	17	2657
nist-epub-0009	7	18	2680
nist-epub-0009	7	19	2704
nist-epub-0009	7	20	2759
nist-epub-0009	7	21	2759
nist-epub-0009	7	22	2759
nist-epub-0009	7	23	2779
nist-epub-0009	8	0	0
nist-epub-0009	8	1	57
nist-epub-0009	8	2	64
nist-epub-0009	8	3	385
nist-epub-0009	8	4	449
nist-epub-0009	8	5	449
nist-epub-0009	8	6	1523
nist-epub-0009	8	7	1530
nist-epub-0009	8	8	1593
nist-epub-0009	8	9	1615
nist-epub-0009	8	10	1618
nist-epub-0009	8	11	2077
nist-epub-0009	8	12	2098
nist-epub-0009	8	13	2098
nist-epub-0009	8	14	2156
nist-epub-0009	8	15	2427
nist-epub-0009	8	16	2431
nist-epub-0009	8	17	2703
nist-epub-0009	8	18	2726
nist-epub-0009	8	19	2751
nist-epub-0009	8	20	2806
nist-epub-0009	8	21	2806
nist-epub-0009	8	22	2806
nist-epub-0009	8	23	2826
nist-epub-0009	9	0	0
nist-epub-0009	9	1	39
nist-epub-0009	9	2	43
nist-epub-0009	9	3	349
nist-epub-0009	9	4	413
nist-epub-0009	9	5	413
nist-epub-0009	9	6	1453
nist-epub-0009	9	7	1458
nist-epub-0009	9	8	1518
nist-epub-0009	9	9	1539
nist-epub-0009	9	10	1542
nist-epub-0009	9	11	1998
nist-epub-0009	9	12	2019
nist-epub-0009	9	13	2019
nist-epub-0009	9	14	2076
nist-epub-0009	9	15	2345
nist-epub-0009	9	16	2349
nist-epub-0009	9	17	2620
nist-epub-0009	9	18	2643
nist-epub-0009	9	19	2667
nist-epub-0009	9	20	2722
nist-epub-0009	9	21	2722
nist-epub-0009	9	22	2722
nist-epub-0009	9	23	2742
nist-epub-0009	10	0	0
nist-epub-0009	10	1	56
nist-epub-0009	10	2	62
nist-epub-0009	10	3	379
nist-epub-0009	10	4	441
nist-epub-0009	10	5	441
nist-epub-0009	10	6	1490
nist-epub-0009	10	7	1496
nist-epub-0009	10	8	1560
nist-epub-0009	10	9	1582
nist-epub-0009	10	10	1585
nist-epub-0009	10	11	2040
nist-epub-0009	10	12	2061
nist-epub-0009	10	13	2061
nist-epub-0009	10	14	2119
nist-epub-0009	10	15	2388
nist-epub-0009	10	16	2392
nist-epub-0009	10	17	2660
nist-epub-0009	10	18	2683
nist-epub-0009	10	19	2707
nist-epub-0009	10	20	2762
nist-epub-0009	10	21	2762
nist-epub-0009	10	22	2762
nist-epub-0009	10	23	2782
nist-epub-0009	11	0	0
nist-epub-0009	11	1	44
nist-epub-0009	11	2	49
nist-epub-0009	11	3	376
nist-epub-0009	11	4	439
nist-epub-0009	11	5	439
nist-epub-0009	11	6	1493
nist-epub-0009	11	7	1498
nist-epub-0009	11	8	1560
nist-epub-0009	11	9	1583
nist-epub-0009	11	10	1586
nist-epub-0009	11	11	2043
nist-epub-0009	11	12	2064
nist-epub-0009	11	13	2064
nist-epub-0009	11	14	2122
nist-epub-0009	11	15	2391
nist-epub-0009	11	16	2395
nist-epub-0009	11	17	2667
nist-epub-0009	11	18	2690
nist-epub-0009	11	19	2714
nist-epub-0009	11	20	2769
nist-epub-0009	11	21	2769
nist-epub-0009	11	22	2769
nist-epub-0009	11	23	2789
nist-epub-0009	12	0	0
nist-epub-0009	12	1	54
nist-epub-0009	12	2	60
nist-epub-0009	12	3	386
nist-epub-0009	12	4	449
nist-epub-0009	12	5	449
nist-epub-0009	12	6	1586
nist-epub-0009	12	7	1594
nist-epub-0009	12	8	1656
nist-epub-0009	12	9	1679
nist-epub-0009	12	10	1682
nist-epub-0009	12	11	2147
nist-epub-0009	12	12	2168
nist-epub-0009	12	13	2168
nist-epub-0009	12	14	2226
nist-epub-0009	12	15	2497
nist-epub-0009	12	16	2501
nist-epub-0009	12	17	2776
nist-epub-0009	12	18	2799
nist-epub-0009	12	19	2824
nist-epub-0009	12	20	2879
nist-epub-0009	12	21	2879
nist-epub-0009	12	22	2879
nist-epub-0009	12	23	2899
nist-epub-0009	13	0	0
nist-epub-0009	13	1	44
nist-epub-0009	13	2	49
nist-epub-0009	13	3	360
nist-epub-0009	13	4	423
nist-epub-0009	13	5	423
nist-epub-0009	13	6	1488
nist-epub-0009	13	7	1493
nist-epub-0009	13	8	1553
nist-epub-0009	13	9	1574
nist-epub-0009	13	10	1577
nist-epub-0009	13	11	2029
nist-epub-0009	13	12	2053
nist-epub-0009	13	13	2053
nist-epub-0009	13	14	2111
nist-epub-0009	13	15	2378
nist-epub-0009	13	16	2382
nist-epub-0009	13	17	2652
nist-epub-0009	13	18	2675
nist-epub-0009	13	19	2700
nist-epub-0009	13	20	2755
nist-epub-0009	13	21	2755
nist-epub-0009	13	22	2755
nist-epub-0009	13	23	2775
nist-epub-0009	14	0	0
nist-epub-0009	14	1	53
nist-epub-0009	14	2	59
nist-epub-0009	14	3	379
nist-epub-0009	14	4	442
nist-epub-0009	14	5	442
nist-epub-0009	14	6	1607
nist-epub-0009	14	7	1614
nist-epub-0009	14	8	1676
nist-epub-0009	14	9	1699
nist-epub-0009	14	10	1702
nist-epub-0009	14	11	2162
nist-epub-0009	14	12	2183
nist-epub-0009	14	13	2183
nist-epub-0009	14	14	2242
nist-epub-0009	14	15	2512
nist-epub-0009	14	16	2516
nist-epub-0009	14	17	2787
nist-epub-0009	14	18	2810
nist-epub-0009	14	19	2835
nist-epub-0009	14	20	2890
nist-epub-0009	14	21	2890
nist-epub-0009	14	22	2890
nist-epub-0009	14	23	2910
nist-epub-0009	15	0	0
nist-epub-0009	15	1	37
nist-epub-0009	15	2	41
nist-epub-0009	15	3	346
nist-epub-0009	15	4	408
nist-epub-0009	15	5	408
nist-epub-0009	15	6	1444
nist-epub-0009	15	7	1449
nist-epub-0009	15	8	1509
nist-epub-0009	15	9	1530
nist-epub-0009	15	10	1533
nist-epub-0009	15	11	2003
nist-epub-0009	15	12	2024
nist-epub-0009	15	13	2024
nist-epub-0009	15	14	2082
nist-epub-0009	15	15	2351
nist-epub-0009	15	16	2355
nist-epub-0009	15	17	2625
nist-epub-0009	15	18	2648
nist-epub-0009	15	19	2672
nist-epub-0009	15	20	2729
nist-epub-0009	15	21	2729
nist-epub-0009	15	22	2729
nist-epub-0009	15	23	2749
nist-epub-0009	16	0	0
nist-epub-0009	16	1	50
nist-epub-0009	16	2	56
nist-epub-0009	16	3	377
nist-epub-0009	16	4	440
nist-epub-0009	16	5	440
nist-epub-0009	16	6	1486
nist-epub-0009	16	7	1492
nist-epub-0009	16	8	1556
nist-epub-0009	16	9	1578
nist-epub-0009	16	10	1581
nist-epub-0009	16	11	2054
nist-epub-0009	16	12	2075
nist-epub-0009	16	13	2075
nist-epub-0009	16	14	2133
nist-epub-0009	16	15	2402
nist-epub-0009	16	16	2406
nist-epub-0009	16	17	2676
nist-epub-0009	16	18	2699
nist-epub-0009	16	19	2724
nist-epub-0009	16	20	2779
nist-epub-0009	16	21	2779
nist-epub-0009	16	22	2779
nist-epub-0009	16	23	2799
nist-epub-0009	17	0	0
nist-epub-0009	17	1	42
nist-epub-0009	17	2	46
nist-epub-0009	17	3	354
nist-epub-0009	17	4	421
nist-epub-0009	17	5	421
nist-epub-0009	17	6	1480
nist-epub-0009	17	7	1485
nist-epub-0009	17	8	1545
nist-epub-0009	17	9	1566
nist-epub-0009	17	10	1569
nist-epub-0009	17	11	2026
nist-epub-0009	17	12	2046
nist-epub-0009	17	13	2046
nist-epub-0009	17	14	2103
nist-epub-0009	17	15	2370
nist-epub-0009	17	16	2373
nist-epub-0009	17	17	2642
nist-epub-0009	17	18	2665
nist-epub-0009	17	19	2689
nist-epub-0009	17	20	2744
nist-epub-0009	17	21	2744
nist-epub-0009	17	22	2744
nist-epub-0009	17	23	2766
nist-epub-0009	18	0	0
nist-epub-0009	18	1	53
nist-epub-0009	18	2	59
nist-epub-0009	18	3	374
nist-epub-0009	18	4	437
nist-epub-0009	18	5	437
nist-epub-0009	18	6	1492
nist-epub-0009	18	7	1499
nist-epub-0009	18	8	1562
nist-epub-0009	18	9	1584
nist-epub-0009	18	10	1587
nist-epub-0009	18	11	2064
nist-epub-0009	18	12	2085
nist-epub-0009	18	13	2085
nist-epub-0009	18	14	2143
nist-epub-0009	18	15	2427
nist-epub-0009	18	16	2431
nist-epub-0009	18	17	2700
nist-epub-0009	18	18	2724
nist-epub-0009	18	19	2750
nist-epub-0009	18	20	2805
nist-epub-0009	18	21	2805
nist-epub-0009	18	22	2805
nist-epub-0009	18	23	2825
nist-epub-0009	19	0	0
nist-epub-0009	19	1	40
nist-epub-0009	19	2	45
nist-epub-0009	19	3	374
nist-epub-0009	19	4	437
nist-epub-0009	19	5	437
nist-epub-0009	19	6	1488
nist-epub-0009	19	7	1498
nist-epub-0009	19	8	1591
nist-epub-0009	19	9	1613
nist-epub-0009	19	10	1616
nist-epub-0009	19	11	2149
nist-epub-0009	19	12	2178
nist-epub-0009	19	13	2178
nist-epub-0009	19	14	2241
nist-epub-0009	19	15	2524
nist-epub-0009	19	16	2528
nist-epub-0009	19	17	2825
nist-epub-0009	19	18	2848
nist-epub-0009	19	19	2873
nist-epub-0009	19	20	2929
nist-epub-0009	19	21	2929
nist-epub-0009	19	22	2929
nist-epub-0009	19	23	2949
nist-epub-0009	20	0	0
nist-epub-0009	20	1	53
nist-epub-0009	20	2	59
nist-epub-0009	20	3	428
nist-epub-0009	20	4	491
nist-epub-0009	20	5	491
nist-epub-0009	20	6	1584
nist-epub-0009	20	7	1590
nist-epub-0009	20	8	1653
nist-epub-0009	20	9	1674
nist-epub-0009	20	10	1677
nist-epub-0009	20	11	2134
nist-epub-0009	20	12	2158
nist-epub-0009	20	13	2158
nist-epub-0009	20	14	2216
nist-epub-0009	20	15	2484
nist-epub-0009	20	16	2488
nist-epub-0009	20	17	2758
nist-epub-0009	20	18	2781
nist-epub-0009	20	19	2806
nist-epub-0009	20	20	2861
nist-epub-0009	20	21	2861
nist-epub-0009	20	22	2861
nist-epub-0009	20	23	2881
nist-epub-0009	21	0	0
nist-epub-0009	21	1	38
nist-epub-0009	21	2	43
nist-epub-0009	21	3	344
nist-epub-0009	21	4	406
nist-epub-0009	21	5	406
nist-epub-0009	21	6	1445
nist-epub-0009	21	7	1450
nist-epub-0009	21	8	1510
nist-epub-0009	21	9	1531
nist-epub-0009	21	10	1534
nist-epub-0009	21	11	1994
nist-epub-0009	21	12	2014
nist-epub-0009	21	13	2014
nist-epub-0009	21	14	2072
nist-epub-0009	21	15	2341
nist-epub-0009	21	16	2345
nist-epub-0009	21	17	2614
nist-epub-0009	21	18	2637
nist-epub-0009	21	19	2663
nist-epub-0009	21	20	2718
nist-epub-0009	21	21	2718
nist-epub-0009	21	22	2718
nist-epub-0009	21	23	2738
nist-epub-0009	22	0	0
nist-epub-0009	22	1	50
nist-epub-0009	22	2	57
nist-epub-0009	22	3	372
nist-epub-0009	22	4	435
nist-epub-0009	22	5	435
nist-epub-0009	22	6	1484
nist-epub-0009	22	7	1490
nist-epub-0009	22	8	1551
nist-epub-0009	22	9	1572
nist-epub-0009	22	10	1575
nist-epub-0009	22	11	2038
nist-epub-0009	22	12	2059
nist-epub-0009	22	13	2059
nist-epub-0009	22	14	2117
nist-epub-0009	22	15	2386
nist-epub-0009	22	16	2390
nist-epub-0009	22	17	2662
nist-epub-0009	22	18	2685
nist-epub-0009	22	19	2710
nist-epub-0009	22	20	2765
nist-epub-0009	22	21	2765
nist-epub-0009	22	22	2765
nist-epub-0009	22	23	2785
nist-epub-0009	23	0	0
nist-epub-0009	23	1	41
nist-epub-0009	23	2	45
nist-epub-0009	23	3	346
nist-epub-0009	23	4	409
nist-epub-0009	23	5	409
nist-epub-0009	23	6	1452
nist-epub-0009	23	7	1458
nist-epub-0009	23	8	1519
nist-epub-0009	23	9	1540
nist-epub-0009	23	10	1543
nist-epub-0009	23	11	2001
nist-epub-0009	23	12	2022
nist-epub-0009	23	13	2022
nist-epub-0009	23	14	2080
nist-epub-0009	23	15	2355
nist-epub-0009	23	16	2359
nist-epub-0009	23	17	2629
nist-epub-0009	23	18	2652
nist-epub-0009	23	19	2676
nist-epub-0009	23	20	2731
nist-epub-0009	23	21	2731
nist-epub-0009	23	22	2731
nist-epub-0009	23	23	2751
nist-epub-0009	24	0	0
nist-epub-0009	24	1	53
nist-epub-0009	24	2	59
nist-epub-0009	24	3	376
nist-epub-0009	24	4	439
nist-epub-0009	24	5	439
nist-epub-0009	24	6	1502
nist-epub-0009	24	7	1508
nist-epub-0009	24	8	1571
nist-epub-0009	24	9	1593
nist-epub-0009	24	10	1596
nist-epub-0009	24	11	2056
nist-epub-0009	24	12	2077
nist-epub-0009	24	13	2077
nist-epub-0009	24	14	2135
nist-epub-0009	24	15	2409
nist-epub-0009	24	16	2413
nist-epub-0009	24	17	2684
nist-epub-0009	24	18	2707
nist-epub-0009	24	19	2732
nist-epub-0009	24	20	2787
nist-epub-0009	24	21	2787
nist-epub-0009	24	22	2787
nist-epub-0009	24	23	2807
nist-epub-0009	25	0	0
nist-epub-0009	25	1	42
nist-epub-0009	25	2	47
nist-epub-0009	25	3	356
nist-epub-0009	25	4	419
nist-epub-0009	25	5	419
nist-epub-0009	25	6	1482
nist-epub-0009	25	7	1488
nist-epub-0009	25	8	1551
nist-epub-0009	25	9	1573
nist-epub-0009	25	10	1576
nist-epub-0009	25	11	2037
nist-epub-0009	25	12	2058
nist-epub-0009	25	13	2058
nist-epub-0009	25	14	2116
nist-epub-0009	25	15	2386
nist-epub-0009	25	16	2390
nist-epub-0009	25	17	2660
nist-epub-0009	25	18	2683
nist-epub-0009	25	19	2708
nist-epub-0009	25	20	2763
nist-epub-0009	25	21	2763
nist-epub-0009	25	22	2763
nist-epub-0009	25	23	2783
