id	fmt	depth	lane	v_envelope_sha	s_envelope_sha	equiv	mismatch_detail
nist-pdf-0002	pdf	0	full	6cef1eb568e322cdff86a5c301b3c6f8648fb0fd7c6bbc259822456f0bbfb1be	53334819cc27c1b64831959579e734af76dc75397e46634b38336f6b2a36e782	divergent	
nist-pdf-0002	pdf	0	full	6cef1eb568e322cdff86a5c301b3c6f8648fb0fd7c6bbc259822456f0bbfb1be	53334819cc27c1b64831959579e734af76dc75397e46634b38336f6b2a36e782	divergent	
nist-pdf-0002	pdf	0	full	6cef1eb568e322cdff86a5c301b3c6f8648fb0fd7c6bbc259822456f0bbfb1be	53334819cc27c1b64831959579e734af76dc75397e46634b38336f6b2a36e782	divergent	
nist-pdf-0002	pdf	0	full	80ef459e965e2337363ce772cee6be9dafb53f77d02861a5131123bcd7a98d27	09bc5474212b2f24c010adf58e3d6c764a0975dad82155efb98f210ba743cb4d	raw	
nist-pdf-0002	pdf	0	full	80ef459e965e2337363ce772cee6be9dafb53f77d02861a5131123bcd7a98d27	09bc5474212b2f24c010adf58e3d6c764a0975dad82155efb98f210ba743cb4d	raw	
nist-pdf-0002	pdf	0	full	4759a4c44ac83328d849e1f4ad438faa7b7d1827ad4039e8111b5583d18cc471	29bc9df332efd7fd41fe6f745bfd685932555e8ade85dc88335142ca9c5b0003	shape	
nist-pdf-0002	pdf	0	full	4759a4c44ac83328d849e1f4ad438faa7b7d1827ad4039e8111b5583d18cc471	29bc9df332efd7fd41fe6f745bfd685932555e8ade85dc88335142ca9c5b0003	shape	
nist-pdf-0002	pdf	0	full	bcaa241a019e210a80e3c7d5f96ecb514dd41490969d794d0047a7497ab8fe09	94f52e9afb8d542b81b522237f7ad337bc5c14de43d9bdc74a10a0c66fb5e4fc	shape	
nist-pdf-0002	pdf	0	full	4759a4c44ac83328d849e1f4ad438faa7b7d1827ad4039e8111b5583d18cc471	29bc9df332efd7fd41fe6f745bfd685932555e8ade85dc88335142ca9c5b0003	shape	
nist-pdf-0002	pdf	0	full	80ef459e965e2337363ce772cee6be9dafb53f77d02861a5131123bcd7a98d27	09bc5474212b2f24c010adf58e3d6c764a0975dad82155efb98f210ba743cb4d	raw	
nist-pdf-0002	pdf	0	full	bcaa241a019e210a80e3c7d5f96ecb514dd41490969d794d0047a7497ab8fe09	94f52e9afb8d542b81b522237f7ad337bc5c14de43d9bdc74a10a0c66fb5e4fc	shape	
nist-pdf-0002	pdf	0	full	bcaa241a019e210a80e3c7d5f96ecb514dd41490969d794d0047a7497ab8fe09	94f52e9afb8d542b81b522237f7ad337bc5c14de43d9bdc74a10a0c66fb5e4fc	shape	
nist-pdf-0002	pdf	0	full	80ef459e965e2337363ce772cee6be9dafb53f77d02861a5131123bcd7a98d27	09bc5474212b2f24c010adf58e3d6c764a0975dad82155efb98f210ba743cb4d	raw	
nist-pdf-0002	pdf	0	full	4759a4c44ac83328d849e1f4ad438faa7b7d1827ad4039e8111b5583d18cc471	29bc9df332efd7fd41fe6f745bfd685932555e8ade85dc88335142ca9c5b0003	shape	
nist-pdf-0002	pdf	0	full	4759a4c44ac83328d849e1f4ad438faa7b7d1827ad4039e8111b5583d18cc471	29bc9df332efd7fd41fe6f745bfd685932555e8ade85dc88335142ca9c5b0003	shape	
nist-pdf-0002	pdf	0	full	4759a4c44ac83328d849e1f4ad438faa7b7d1827ad4039e8111b5583d18cc471	29bc9df332efd7fd41fe6f745bfd685932555e8ade85dc88335142ca9c5b0003	shape	
nist-pdf-0002	pdf	0	full	80ef459e965e2337363ce772cee6be9dafb53f77d02861a5131123bcd7a98d27	09bc5474212b2f24c010adf58e3d6c764a0975dad82155efb98f210ba743cb4d	raw	
nist-pdf-0002	pdf	0	full	bcaa241a019e210a80e3c7d5f96ecb514dd41490969d794d0047a7497ab8fe09	94f52e9afb8d542b81b522237f7ad337bc5c14de43d9bdc74a10a0c66fb5e4fc	shape	
nist-pdf-0002	pdf	0	full	80ef459e965e2337363ce772cee6be9dafb53f77d02861a5131123bcd7a98d27	09bc5474212b2f24c010adf58e3d6c764a0975dad82155efb98f210ba743cb4d	raw	
nist-pdf-0002	pdf	0	full	bcaa241a019e210a80e3c7d5f96ecb514dd41490969d794d0047a7497ab8fe09	94f52e9afb8d542b81b522237f7ad337bc5c14de43d9bdc74a10a0c66fb5e4fc	shape	
nist-pdf-0002	pdf	0	full	4759a4c44ac83328d849e1f4ad438faa7b7d1827ad4039e8111b5583d18cc471	29bc9df332efd7fd41fe6f745bfd685932555e8ade85dc88335142ca9c5b0003	shape	
nist-pdf-0002	pdf	0	full	bcaa241a019e210a80e3c7d5f96ecb514dd41490969d794d0047a7497ab8fe09	94f52e9afb8d542b81b522237f7ad337bc5c14de43d9bdc74a10a0c66fb5e4fc	shape	
nist-pdf-0002	pdf	0	full	4759a4c44ac83328d849e1f4ad438faa7b7d1827ad4039e8111b5583d18cc471	29bc9df332efd7fd41fe6f745bfd685932555e8ade85dc88335142ca9c5b0003	shape	
nist-pdf-0002	pdf	0	full	4759a4c44ac83328d849e1f4ad438faa7b7d1827ad4039e8111b5583d18cc471	29bc9df332efd7fd41fe6f745bfd685932555e8ade85dc88335142ca9c5b0003	shape	
nist-pdf-0002	pdf	1	full	6cef1eb568e322cdff86a5c301b3c6f8648fb0fd7c6bbc259822456f0bbfb1be	cbf2df4590236b979530106c6fc6078df74dc82f66cca162efd0c0adf3f9084d	divergent	
nist-pdf-0002	pdf	1	full	6cef1eb568e322cdff86a5c301b3c6f8648fb0fd7c6bbc259822456f0bbfb1be	cbf2df4590236b979530106c6fc6078df74dc82f66cca162efd0c0adf3f9084d	divergent	
nist-pdf-0002	pdf	1	full	6cef1eb568e322cdff86a5c301b3c6f8648fb0fd7c6bbc259822456f0bbfb1be	cbf2df4590236b979530106c6fc6078df74dc82f66cca162efd0c0adf3f9084d	divergent	
nist-pdf-0002	pdf	1	full	80ef459e965e2337363ce772cee6be9dafb53f77d02861a5131123bcd7a98d27	bcb496097a53a159ffc3a2a026b7deb41466e3aca90b68e0880d167027290f27	raw	
nist-pdf-0002	pdf	1	full	80ef459e965e2337363ce772cee6be9dafb53f77d02861a5131123bcd7a98d27	bcb496097a53a159ffc3a2a026b7deb41466e3aca90b68e0880d167027290f27	raw	
nist-pdf-0002	pdf	1	full	4759a4c44ac83328d849e1f4ad438faa7b7d1827ad4039e8111b5583d18cc471	29bc9df332efd7fd41fe6f745bfd685932555e8ade85dc88335142ca9c5b0003	shape	
nist-pdf-0002	pdf	1	full	4759a4c44ac83328d849e1f4ad438faa7b7d1827ad4039e8111b5583d18cc471	29bc9df332efd7fd41fe6f745bfd685932555e8ade85dc88335142ca9c5b0003	shape	
nist-pdf-0002	pdf	1	full	bcaa241a019e210a80e3c7d5f96ecb514dd41490969d794d0047a7497ab8fe09	3ba45c940d13704c4c3281a4ce0574e54d3d5b4c86979d293aa5fe24151c1bb1	shape	
nist-pdf-0002	pdf	1	full	4759a4c44ac83328d849e1f4ad438faa7b7d1827ad4039e8111b5583d18cc471	29bc9df332efd7fd41fe6f745bfd685932555e8ade85dc88335142ca9c5b0003	shape	
nist-pdf-0002	pdf	1	full	80ef459e965e2337363ce772cee6be9dafb53f77d02861a5131123bcd7a98d27	bcb496097a53a159ffc3a2a026b7deb41466e3aca90b68e0880d167027290f27	raw	
nist-pdf-0002	pdf	1	full	bcaa241a019e210a80e3c7d5f96ecb514dd41490969d794d0047a7497ab8fe09	3ba45c940d13704c4c3281a4ce0574e54d3d5b4c86979d293aa5fe24151c1bb1	shape	
nist-pdf-0002	pdf	1	full	bcaa241a019e210a80e3c7d5f96ecb514dd41490969d794d0047a7497ab8fe09	3ba45c940d13704c4c3281a4ce0574e54d3d5b4c86979d293aa5fe24151c1bb1	shape	
nist-pdf-0002	pdf	1	full	80ef459e965e2337363ce772cee6be9dafb53f77d02861a5131123bcd7a98d27	bcb496097a53a159ffc3a2a026b7deb41466e3aca90b68e0880d167027290f27	raw	
nist-pdf-0002	pdf	1	full	4759a4c44ac83328d849e1f4ad438faa7b7d1827ad4039e8111b5583d18cc471	29bc9df332efd7fd41fe6f745bfd685932555e8ade85dc88335142ca9c5b0003	shape	
nist-pdf-0002	pdf	1	full	4759a4c44ac83328d849e1f4ad438faa7b7d1827ad4039e8111b5583d18cc471	29bc9df332efd7fd41fe6f745bfd685932555e8ade85dc88335142ca9c5b0003	shape	
nist-pdf-0002	pdf	1	full	4759a4c44ac83328d849e1f4ad438faa7b7d1827ad4039e8111b5583d18cc471	29bc9df332efd7fd41fe6f745bfd685932555e8ade85dc88335142ca9c5b0003	shape	
nist-pdf-0002	pdf	1	full	80ef459e965e2337363ce772cee6be9dafb53f77d02861a5131123bcd7a98d27	bcb496097a53a159ffc3a2a026b7deb41466e3aca90b68e0880d167027290f27	raw	
nist-pdf-0002	pdf	1	full	bcaa241a019e210a80e3c7d5f96ecb514dd41490969d794d0047a7497ab8fe09	3ba45c940d13704c4c3281a4ce0574e54d3d5b4c86979d293aa5fe24151c1bb1	shape	
nist-pdf-0002	pdf	1	full	80ef459e965e2337363ce772cee6be9dafb53f77d02861a5131123bcd7a98d27	bcb496097a53a159ffc3a2a026b7deb41466e3aca90b68e0880d167027290f27	raw	
nist-pdf-0002	pdf	1	full	bcaa241a019e210a80e3c7d5f96ecb514dd41490969d794d0047a7497ab8fe09	3ba45c940d13704c4c3281a4ce0574e54d3d5b4c86979d293aa5fe24151c1bb1	shape	
nist-pdf-0002	pdf	1	full	4759a4c44ac83328d849e1f4ad438faa7b7d1827ad4039e8111b5583d18cc471	29bc9df332efd7fd41fe6f745bfd685932555e8ade85dc88335142ca9c5b0003	shape	
nist-pdf-0002	pdf	1	full	bcaa241a019e210a80e3c7d5f96ecb514dd41490969d794d0047a7497ab8fe09	3ba45c940d13704c4c3281a4ce0574e54d3d5b4c86979d293aa5fe24151c1bb1	shape	
nist-pdf-0002	pdf	1	full	4759a4c44ac83328d849e1f4ad438faa7b7d1827ad4039e8111b5583d18cc471	29bc9df332efd7fd41fe6f745bfd685932555e8ade85dc88335142ca9c5b0003	shape	
nist-pdf-0002	pdf	1	full	4759a4c44ac83328d849e1f4ad438faa7b7d1827ad4039e8111b5583d18cc471	29bc9df332efd7fd41fe6f745bfd685932555e8ade85dc88335142ca9c5b0003	shape	
nist-pdf-0002	pdf	2	full	6cef1eb568e322cdff86a5c301b3c6f8648fb0fd7c6bbc259822456f0bbfb1be	299b90eb578d35707f9ef0fba848b70dca9e2e63b11bd774be40817e6c39e89e	divergent	
nist-pdf-0002	pdf	2	full	6cef1eb568e322cdff86a5c301b3c6f8648fb0fd7c6bbc259822456f0bbfb1be	299b90eb578d35707f9ef0fba848b70dca9e2e63b11bd774be40817e6c39e89e	divergent	
nist-pdf-0002	pdf	2	full	6cef1eb568e322cdff86a5c301b3c6f8648fb0fd7c6bbc259822456f0bbfb1be	299b90eb578d35707f9ef0fba848b70dca9e2e63b11bd774be40817e6c39e89e	divergent	
nist-pdf-0002	pdf	2	full	80ef459e965e2337363ce772cee6be9dafb53f77d02861a5131123bcd7a98d27	f985e908f089c5e6897062f74f2ec3a6deed6faaa517338c5e454971eaae8d63	raw	
nist-pdf-0002	pdf	2	full	80ef459e965e2337363ce772cee6be9dafb53f77d02861a5131123bcd7a98d27	f985e908f089c5e6897062f74f2ec3a6deed6faaa517338c5e454971eaae8d63	raw	
nist-pdf-0002	pdf	2	full	4759a4c44ac83328d849e1f4ad438faa7b7d1827ad4039e8111b5583d18cc471	29bc9df332efd7fd41fe6f745bfd685932555e8ade85dc88335142ca9c5b0003	shape	
nist-pdf-0002	pdf	2	full	4759a4c44ac83328d849e1f4ad438faa7b7d1827ad4039e8111b5583d18cc471	29bc9df332efd7fd41fe6f745bfd685932555e8ade85dc88335142ca9c5b0003	shape	
nist-pdf-0002	pdf	2	full	bcaa241a019e210a80e3c7d5f96ecb514dd41490969d794d0047a7497ab8fe09	3ba45c940d13704c4c3281a4ce0574e54d3d5b4c86979d293aa5fe24151c1bb1	shape	
nist-pdf-0002	pdf	2	full	4759a4c44ac83328d849e1f4ad438faa7b7d1827ad4039e8111b5583d18cc471	29bc9df332efd7fd41fe6f745bfd685932555e8ade85dc88335142ca9c5b0003	shape	
nist-pdf-0002	pdf	2	full	80ef459e965e2337363ce772cee6be9dafb53f77d02861a5131123bcd7a98d27	f985e908f089c5e6897062f74f2ec3a6deed6faaa517338c5e454971eaae8d63	raw	
nist-pdf-0002	pdf	2	full	bcaa241a019e210a80e3c7d5f96ecb514dd41490969d794d0047a7497ab8fe09	3ba45c940d13704c4c3281a4ce0574e54d3d5b4c86979d293aa5fe24151c1bb1	shape	
nist-pdf-0002	pdf	2	full	bcaa241a019e210a80e3c7d5f96ecb514dd41490969d794d0047a7497ab8fe09	3ba45c940d13704c4c3281a4ce0574e54d3d5b4c86979d293aa5fe24151c1bb1	shape	
nist-pdf-0002	pdf	2	full	80ef459e965e2337363ce772cee6be9dafb53f77d02861a5131123bcd7a98d27	f985e908f089c5e6897062f74f2ec3a6deed6faaa517338c5e454971eaae8d63	raw	
nist-pdf-0002	pdf	2	full	4759a4c44ac83328d849e1f4ad438faa7b7d1827ad4039e8111b5583d18cc471	29bc9df332efd7fd41fe6f745bfd685932555e8ade85dc88335142ca9c5b0003	shape	
nist-pdf-0002	pdf	2	full	4759a4c44ac83328d849e1f4ad438faa7b7d1827ad4039e8111b5583d18cc471	29bc9df332efd7fd41fe6f745bfd685932555e8ade85dc88335142ca9c5b0003	shape	
nist-pdf-0002	pdf	2	full	4759a4c44ac83328d849e1f4ad438faa7b7d1827ad4039e8111b5583d18cc471	29bc9df332efd7fd41fe6f745bfd685932555e8ade85dc88335142ca9c5b0003	shape	
nist-pdf-0002	pdf	2	full	80ef459e965e2337363ce772cee6be9dafb53f77d02861a5131123bcd7a98d27	f985e908f089c5e6897062f74f2ec3a6deed6faaa517338c5e454971eaae8d63	raw	
nist-pdf-0002	pdf	2	full	bcaa241a019e210a80e3c7d5f96ecb514dd41490969d794d0047a7497ab8fe09	3ba45c940d13704c4c3281a4ce0574e54d3d5b4c86979d293aa5fe24151c1bb1	shape	
nist-pdf-0002	pdf	2	full	80ef459e965e2337363ce772cee6be9dafb53f77d02861a5131123bcd7a98d27	f985e908f089c5e6897062f74f2ec3a6deed6faaa517338c5e454971eaae8d63	raw	
nist-pdf-0002	pdf	2	full	bcaa241a019e210a80e3c7d5f96ecb514dd41490969d794d0047a7497ab8fe09	3ba45c940d13704c4c3281a4ce0574e54d3d5b4c86979d293aa5fe24151c1bb1	shape	
nist-pdf-0002	pdf	2	full	4759a4c44ac83328d849e1f4ad438faa7b7d1827ad4039e8111b5583d18cc471	29bc9df332efd7fd41fe6f745bfd685932555e8ade85dc88335142ca9c5b0003	shape	
nist-pdf-0002	pdf	2	full	bcaa241a019e210a80e3c7d5f96ecb514dd41490969d794d0047a7497ab8fe09	3ba45c940d13704c4c3281a4ce0574e54d3d5b4c86979d293aa5fe24151c1bb1	shape	
nist-pdf-0002	pdf	2	full	4759a4c44ac83328d849e1f4ad438faa7b7d1827ad4039e8111b5583d18cc471	29bc9df332efd7fd41fe6f745bfd685932555e8ade85dc88335142ca9c5b0003	shape	
nist-pdf-0002	pdf	2	full	4759a4c44ac83328d849e1f4ad438faa7b7d1827ad4039e8111b5583d18cc471	29bc9df332efd7fd41fe6f745bfd685932555e8ade85dc88335142ca9c5b0003	shape	
nist-pdf-0002	pdf	3	full	6cef1eb568e322cdff86a5c301b3c6f8648fb0fd7c6bbc259822456f0bbfb1be	299b90eb578d35707f9ef0fba848b70dca9e2e63b11bd774be40817e6c39e89e	divergent	
nist-pdf-0002	pdf	3	full	6cef1eb568e322cdff86a5c301b3c6f8648fb0fd7c6bbc259822456f0bbfb1be	299b90eb578d35707f9ef0fba848b70dca9e2e63b11bd774be40817e6c39e89e	divergent	
nist-pdf-0002	pdf	3	full	6cef1eb568e322cdff86a5c301b3c6f8648fb0fd7c6bbc259822456f0bbfb1be	299b90eb578d35707f9ef0fba848b70dca9e2e63b11bd774be40817e6c39e89e	divergent	
nist-pdf-0002	pdf	3	full	80ef459e965e2337363ce772cee6be9dafb53f77d02861a5131123bcd7a98d27	f985e908f089c5e6897062f74f2ec3a6deed6faaa517338c5e454971eaae8d63	raw	
nist-pdf-0002	pdf	3	full	80ef459e965e2337363ce772cee6be9dafb53f77d02861a5131123bcd7a98d27	f985e908f089c5e6897062f74f2ec3a6deed6faaa517338c5e454971eaae8d63	raw	
nist-pdf-0002	pdf	3	full	4759a4c44ac83328d849e1f4ad438faa7b7d1827ad4039e8111b5583d18cc471	29bc9df332efd7fd41fe6f745bfd685932555e8ade85dc88335142ca9c5b0003	shape	
nist-pdf-0002	pdf	3	full	4759a4c44ac83328d849e1f4ad438faa7b7d1827ad4039e8111b5583d18cc471	29bc9df332efd7fd41fe6f745bfd685932555e8ade85dc88335142ca9c5b0003	shape	
nist-pdf-0002	pdf	3	full	bcaa241a019e210a80e3c7d5f96ecb514dd41490969d794d0047a7497ab8fe09	3ba45c940d13704c4c3281a4ce0574e54d3d5b4c86979d293aa5fe24151c1bb1	shape	
nist-pdf-0002	pdf	3	full	4759a4c44ac83328d849e1f4ad438faa7b7d1827ad4039e8111b5583d18cc471	29bc9df332efd7fd41fe6f745bfd685932555e8ade85dc88335142ca9c5b0003	shape	
nist-pdf-0002	pdf	3	full	80ef459e965e2337363ce772cee6be9dafb53f77d02861a5131123bcd7a98d27	f985e908f089c5e6897062f74f2ec3a6deed6faaa517338c5e454971eaae8d63	raw	
nist-pdf-0002	pdf	3	full	bcaa241a019e210a80e3c7d5f96ecb514dd41490969d794d0047a7497ab8fe09	3ba45c940d13704c4c3281a4ce0574e54d3d5b4c86979d293aa5fe24151c1bb1	shape	
nist-pdf-0002	pdf	3	full	bcaa241a019e210a80e3c7d5f96ecb514dd41490969d794d0047a7497ab8fe09	3ba45c940d13704c4c3281a4ce0574e54d3d5b4c86979d293aa5fe24151c1bb1	shape	
nist-pdf-0002	pdf	3	full	80ef459e965e2337363ce772cee6be9dafb53f77d02861a5131123bcd7a98d27	f985e908f089c5e6897062f74f2ec3a6deed6faaa517338c5e454971eaae8d63	raw	
nist-pdf-0002	pdf	3	full	4759a4c44ac83328d849e1f4ad438faa7b7d1827ad4039e8111b5583d18cc471	29bc9df332efd7fd41fe6f745bfd685932555e8ade85dc88335142ca9c5b0003	shape	
nist-pdf-0002	pdf	3	full	4759a4c44ac83328d849e1f4ad438faa7b7d1827ad4039e8111b5583d18cc471	29bc9df332efd7fd41fe6f745bfd685932555e8ade85dc88335142ca9c5b0003	shape	
nist-pdf-0002	pdf	3	full	4759a4c44ac83328d849e1f4ad438faa7b7d1827ad4039e8111b5583d18cc471	29bc9df332efd7fd41fe6f745bfd685932555e8ade85dc88335142ca9c5b0003	shape	
nist-pdf-0002	pdf	3	full	80ef459e965e2337363ce772cee6be9dafb53f77d02861a5131123bcd7a98d27	f985e908f089c5e6897062f74f2ec3a6deed6faaa517338c5e454971eaae8d63	raw	
nist-pdf-0002	pdf	3	full	bcaa241a019e210a80e3c7d5f96ecb514dd41490969d794d0047a7497ab8fe09	3ba45c940d13704c4c3281a4ce0574e54d3d5b4c86979d293aa5fe24151c1bb1	shape	
nist-pdf-0002	pdf	3	full	80ef459e965e2337363ce772cee6be9dafb53f77d02861a5131123bcd7a98d27	f985e908f089c5e6897062f74f2ec3a6deed6faaa517338c5e454971eaae8d63	raw	
nist-pdf-0002	pdf	3	full	bcaa241a019e210a80e3c7d5f96ecb514dd41490969d794d0047a7497ab8fe09	3ba45c940d13704c4c3281a4ce0574e54d3d5b4c86979d293aa5fe24151c1bb1	shape	
nist-pdf-0002	pdf	3	full	4759a4c44ac83328d849e1f4ad438faa7b7d1827ad4039e8111b5583d18cc471	29bc9df332efd7fd41fe6f745bfd685932555e8ade85dc88335142ca9c5b0003	shape	
nist-pdf-0002	pdf	3	full	bcaa241a019e210a80e3c7d5f96ecb514dd41490969d794d0047a7497ab8fe09	3ba45c940d13704c4c3281a4ce0574e54d3d5b4c86979d293aa5fe24151c1bb1	shape	
nist-pdf-0002	pdf	3	full	4759a4c44ac83328d849e1f4ad438faa7b7d1827ad4039e8111b5583d18cc471	29bc9df332efd7fd41fe6f745bfd685932555e8ade85dc88335142ca9c5b0003	shape	
nist-pdf-0002	pdf	3	full	4759a4c44ac83328d849e1f4ad438faa7b7d1827ad4039e8111b5583d18cc471	29bc9df332efd7fd41fe6f745bfd685932555e8ade85dc88335142ca9c5b0003	shape	
nist-pdf-0002	pdf	4	full	6cef1eb568e322cdff86a5c301b3c6f8648fb0fd7c6bbc259822456f0bbfb1be	176ee020ac7f4994f27b4c4e8abfb17bb806f97406cf0304897c6eff978c71ce	divergent	
nist-pdf-0002	pdf	4	full	6cef1eb568e322cdff86a5c301b3c6f8648fb0fd7c6bbc259822456f0bbfb1be	176ee020ac7f4994f27b4c4e8abfb17bb806f97406cf0304897c6eff978c71ce	divergent	
nist-pdf-0002	pdf	4	full	6cef1eb568e322cdff86a5c301b3c6f8648fb0fd7c6bbc259822456f0bbfb1be	176ee020ac7f4994f27b4c4e8abfb17bb806f97406cf0304897c6eff978c71ce	divergent	
nist-pdf-0002	pdf	4	full	80ef459e965e2337363ce772cee6be9dafb53f77d02861a5131123bcd7a98d27	6f7a5d535ba815f35c95aa8b7e84f926dd970707e4cfcf5c19413a5944b6d52b	raw	
nist-pdf-0002	pdf	4	full	80ef459e965e2337363ce772cee6be9dafb53f77d02861a5131123bcd7a98d27	6f7a5d535ba815f35c95aa8b7e84f926dd970707e4cfcf5c19413a5944b6d52b	raw	
nist-pdf-0002	pdf	4	full	4759a4c44ac83328d849e1f4ad438faa7b7d1827ad4039e8111b5583d18cc471	60a4e052927600a98fe01f0f3188fbfc3c1ca0582cb40160009b8093847f1844	observable	
nist-pdf-0002	pdf	4	full	4759a4c44ac83328d849e1f4ad438faa7b7d1827ad4039e8111b5583d18cc471	60a4e052927600a98fe01f0f3188fbfc3c1ca0582cb40160009b8093847f1844	observable	
nist-pdf-0002	pdf	4	full	bcaa241a019e210a80e3c7d5f96ecb514dd41490969d794d0047a7497ab8fe09	f936cb0c02a739ae3a12f7728d731101f55276122ef319b9e8440b4f047f38a1	shape	
nist-pdf-0002	pdf	4	full	4759a4c44ac83328d849e1f4ad438faa7b7d1827ad4039e8111b5583d18cc471	60a4e052927600a98fe01f0f3188fbfc3c1ca0582cb40160009b8093847f1844	observable	
nist-pdf-0002	pdf	4	full	80ef459e965e2337363ce772cee6be9dafb53f77d02861a5131123bcd7a98d27	6f7a5d535ba815f35c95aa8b7e84f926dd970707e4cfcf5c19413a5944b6d52b	raw	
nist-pdf-0002	pdf	4	full	bcaa241a019e210a80e3c7d5f96ecb514dd41490969d794d0047a7497ab8fe09	f936cb0c02a739ae3a12f7728d731101f55276122ef319b9e8440b4f047f38a1	shape	
nist-pdf-0002	pdf	4	full	bcaa241a019e210a80e3c7d5f96ecb514dd41490969d794d0047a7497ab8fe09	f936cb0c02a739ae3a12f7728d731101f55276122ef319b9e8440b4f047f38a1	shape	
nist-pdf-0002	pdf	4	full	80ef459e965e2337363ce772cee6be9dafb53f77d02861a5131123bcd7a98d27	6f7a5d535ba815f35c95aa8b7e84f926dd970707e4cfcf5c19413a5944b6d52b	raw	
nist-pdf-0002	pdf	4	full	4759a4c44ac83328d849e1f4ad438faa7b7d1827ad4039e8111b5583d18cc471	60a4e052927600a98fe01f0f3188fbfc3c1ca0582cb40160009b8093847f1844	observable	
nist-pdf-0002	pdf	4	full	4759a4c44ac83328d849e1f4ad438faa7b7d1827ad4039e8111b5583d18cc471	60a4e052927600a98fe01f0f3188fbfc3c1ca0582cb40160009b8093847f1844	observable	
nist-pdf-0002	pdf	4	full	4759a4c44ac83328d849e1f4ad438faa7b7d1827ad4039e8111b5583d18cc471	60a4e052927600a98fe01f0f3188fbfc3c1ca0582cb40160009b8093847f1844	observable	
nist-pdf-0002	pdf	4	full	80ef459e965e2337363ce772cee6be9dafb53f77d02861a5131123bcd7a98d27	6f7a5d535ba815f35c95aa8b7e84f926dd970707e4cfcf5c19413a5944b6d52b	raw	
nist-pdf-0002	pdf	4	full	bcaa241a019e210a80e3c7d5f96ecb514dd41490969d794d0047a7497ab8fe09	f936cb0c02a739ae3a12f7728d731101f55276122ef319b9e8440b4f047f38a1	shape	
nist-pdf-0002	pdf	4	full	80ef459e965e2337363ce772cee6be9dafb53f77d02861a5131123bcd7a98d27	6f7a5d535ba815f35c95aa8b7e84f926dd970707e4cfcf5c19413a5944b6d52b	raw	
nist-pdf-0002	pdf	4	full	bcaa241a019e210a80e3c7d5f96ecb514dd41490969d794d0047a7497ab8fe09	f936cb0c02a739ae3a12f7728d731101f55276122ef319b9e8440b4f047f38a1	shape	
nist-pdf-0002	pdf	4	full	4759a4c44ac83328d849e1f4ad438faa7b7d1827ad4039e8111b5583d18cc471	60a4e052927600a98fe01f0f3188fbfc3c1ca0582cb40160009b8093847f1844	observable	
nist-pdf-0002	pdf	4	full	bcaa241a019e210a80e3c7d5f96ecb514dd41490969d794d0047a7497ab8fe09	f936cb0c02a739ae3a12f7728d731101f55276122ef319b9e8440b4f047f38a1	shape	
nist-pdf-0002	pdf	4	full	4759a4c44ac83328d849e1f4ad438faa7b7d1827ad4039e8111b5583d18cc471	60a4e052927600a98fe01f0f3188fbfc3c1ca0582cb40160009b8093847f1844	observable	
nist-pdf-0002	pdf	4	full	4759a4c44ac83328d849e1f4ad438faa7b7d1827ad4039e8111b5583d18cc471	60a4e052927600a98fe01f0f3188fbfc3c1ca0582cb40160009b8093847f1844	observable	
nist-pdf-0002	pdf	5	full	6cef1eb568e322cdff86a5c301b3c6f8648fb0fd7c6bbc259822456f0bbfb1be	176ee020ac7f4994f27b4c4e8abfb17bb806f97406cf0304897c6eff978c71ce	divergent	
nist-pdf-0002	pdf	5	full	6cef1eb568e322cdff86a5c301b3c6f8648fb0fd7c6bbc259822456f0bbfb1be	176ee020ac7f4994f27b4c4e8abfb17bb806f97406cf0304897c6eff978c71ce	divergent	
nist-pdf-0002	pdf	5	full	6cef1eb568e322cdff86a5c301b3c6f8648fb0fd7c6bbc259822456f0bbfb1be	176ee020ac7f4994f27b4c4e8abfb17bb806f97406cf0304897c6eff978c71ce	divergent	
nist-pdf-0002	pdf	5	full	80ef459e965e2337363ce772cee6be9dafb53f77d02861a5131123bcd7a98d27	6f7a5d535ba815f35c95aa8b7e84f926dd970707e4cfcf5c19413a5944b6d52b	raw	
nist-pdf-0002	pdf	5	full	80ef459e965e2337363ce772cee6be9dafb53f77d02861a5131123bcd7a98d27	6f7a5d535ba815f35c95aa8b7e84f926dd970707e4cfcf5c19413a5944b6d52b	raw	
nist-pdf-0002	pdf	5	full	4759a4c44ac83328d849e1f4ad438faa7b7d1827ad4039e8111b5583d18cc471	60a4e052927600a98fe01f0f3188fbfc3c1ca0582cb40160009b8093847f1844	observable	
nist-pdf-0002	pdf	5	full	4759a4c44ac83328d849e1f4ad438faa7b7d1827ad4039e8111b5583d18cc471	60a4e052927600a98fe01f0f3188fbfc3c1ca0582cb40160009b8093847f1844	observable	
nist-pdf-0002	pdf	5	full	bcaa241a019e210a80e3c7d5f96ecb514dd41490969d794d0047a7497ab8fe09	f936cb0c02a739ae3a12f7728d731101f55276122ef319b9e8440b4f047f38a1	shape	
nist-pdf-0002	pdf	5	full	4759a4c44ac83328d849e1f4ad438faa7b7d1827ad4039e8111b5583d18cc471	60a4e052927600a98fe01f0f3188fbfc3c1ca0582cb40160009b8093847f1844	observable	
nist-pdf-0002	pdf	5	full	80ef459e965e2337363ce772cee6be9dafb53f77d02861a5131123bcd7a98d27	6f7a5d535ba815f35c95aa8b7e84f926dd970707e4cfcf5c19413a5944b6d52b	raw	
nist-pdf-0002	pdf	5	full	bcaa241a019e210a80e3c7d5f96ecb514dd41490969d794d0047a7497ab8fe09	f936cb0c02a739ae3a12f7728d731101f55276122ef319b9e8440b4f047f38a1	shape	
nist-pdf-0002	pdf	5	full	bcaa241a019e210a80e3c7d5f96ecb514dd41490969d794d0047a7497ab8fe09	f936cb0c02a739ae3a12f7728d731101f55276122ef319b9e8440b4f047f38a1	shape	
nist-pdf-0002	pdf	5	full	80ef459e965e2337363ce772cee6be9dafb53f77d02861a5131123bcd7a98d27	6f7a5d535ba815f35c95aa8b7e84f926dd970707e4cfcf5c19413a5944b6d52b	raw	
nist-pdf-0002	pdf	5	full	4759a4c44ac83328d849e1f4ad438faa7b7d1827ad4039e8111b5583d18cc471	60a4e052927600a98fe01f0f3188fbfc3c1ca0582cb40160009b8093847f1844	observable	
nist-pdf-0002	pdf	5	full	4759a4c44ac83328d849e1f4ad438faa7b7d1827ad4039e8111b5583d18cc471	60a4e052927600a98fe01f0f3188fbfc3c1ca0582cb40160009b8093847f1844	observable	
nist-pdf-0002	pdf	5	full	4759a4c44ac83328d849e1f4ad438faa7b7d1827ad4039e8111b5583d18cc471	60a4e052927600a98fe01f0f3188fbfc3c1ca0582cb40160009b8093847f1844	observable	
nist-pdf-0002	pdf	5	full	80ef459e965e2337363ce772cee6be9dafb53f77d02861a5131123bcd7a98d27	6f7a5d535ba815f35c95aa8b7e84f926dd970707e4cfcf5c19413a5944b6d52b	raw	
nist-pdf-0002	pdf	5	full	bcaa241a019e210a80e3c7d5f96ecb514dd41490969d794d0047a7497ab8fe09	f936cb0c02a739ae3a12f7728d731101f55276122ef319b9e8440b4f047f38a1	shape	
nist-pdf-0002	pdf	5	full	80ef459e965e2337363ce772cee6be9dafb53f77d02861a5131123bcd7a98d27	6f7a5d535ba815f35c95aa8b7e84f926dd970707e4cfcf5c19413a5944b6d52b	raw	
nist-pdf-0002	pdf	5	full	bcaa241a019e210a80e3c7d5f96ecb514dd41490969d794d0047a7497ab8fe09	f936cb0c02a739ae3a12f7728d731101f55276122ef319b9e8440b4f047f38a1	shape	
nist-pdf-0002	pdf	5	full	4759a4c44ac83328d849e1f4ad438faa7b7d1827ad4039e8111b5583d18cc471	60a4e052927600a98fe01f0f3188fbfc3c1ca0582cb40160009b8093847f1844	observable	
nist-pdf-0002	pdf	5	full	bcaa241a019e210a80e3c7d5f96ecb514dd41490969d794d0047a7497ab8fe09	f936cb0c02a739ae3a12f7728d731101f55276122ef319b9e8440b4f047f38a1	shape	
nist-pdf-0002	pdf	5	full	4759a4c44ac83328d849e1f4ad438faa7b7d1827ad4039e8111b5583d18cc471	60a4e052927600a98fe01f0f3188fbfc3c1ca0582cb40160009b8093847f1844	observable	
nist-pdf-0002	pdf	5	full	4759a4c44ac83328d849e1f4ad438faa7b7d1827ad4039e8111b5583d18cc471	60a4e052927600a98fe01f0f3188fbfc3c1ca0582cb40160009b8093847f1844	observable	
nist-pdf-0004	pdf	0	full	ae5edf088345676d0b320f2f6eb1eece8f5eba751b07395b06c0daff21cbe8f4	1c6ebfbe7e8755b53a53534cec9ea7d734d8f28742eab12240bdd0d877afaa5b	divergent	
nist-pdf-0004	pdf	0	full	8f7d4fb39c5296efc3f1ae63d2a04209ac34c00b51129d8c048aaf05d9f02778	c47610382023c5a87206a870223ebf461c1a1c5f37f317747dc116cfd3f5e1e0	shape	
nist-pdf-0004	pdf	0	full	8f7d4fb39c5296efc3f1ae63d2a04209ac34c00b51129d8c048aaf05d9f02778	c47610382023c5a87206a870223ebf461c1a1c5f37f317747dc116cfd3f5e1e0	shape	
nist-pdf-0004	pdf	0	full	0b9ec2c76ad805d0cfbe6df942c8bc9149284523a778046c246d444687df3740	ec336b45600282a8c9e84469702b06386e69a2620665830d072d0644114ac600	shape	
nist-pdf-0004	pdf	0	full	0b9ec2c76ad805d0cfbe6df942c8bc9149284523a778046c246d444687df3740	ec336b45600282a8c9e84469702b06386e69a2620665830d072d0644114ac600	shape	
nist-pdf-0004	pdf	0	full	8f7d4fb39c5296efc3f1ae63d2a04209ac34c00b51129d8c048aaf05d9f02778	c47610382023c5a87206a870223ebf461c1a1c5f37f317747dc116cfd3f5e1e0	shape	
nist-pdf-0004	pdf	0	full	699484223c7c6c9aece6583d4d00eaf64eae7c850e3eb289b89b351e2f2cd853	cb0a4944c43cf1c97b71d0a421838b91850df2490e14b94d507941c5ecfb640c	raw	
nist-pdf-0004	pdf	0	full	0b9ec2c76ad805d0cfbe6df942c8bc9149284523a778046c246d444687df3740	ec336b45600282a8c9e84469702b06386e69a2620665830d072d0644114ac600	shape	
nist-pdf-0004	pdf	0	full	699484223c7c6c9aece6583d4d00eaf64eae7c850e3eb289b89b351e2f2cd853	cb0a4944c43cf1c97b71d0a421838b91850df2490e14b94d507941c5ecfb640c	raw	
nist-pdf-0004	pdf	0	full	ae5edf088345676d0b320f2f6eb1eece8f5eba751b07395b06c0daff21cbe8f4	1c6ebfbe7e8755b53a53534cec9ea7d734d8f28742eab12240bdd0d877afaa5b	divergent	
nist-pdf-0004	pdf	0	full	0b9ec2c76ad805d0cfbe6df942c8bc9149284523a778046c246d444687df3740	ec336b45600282a8c9e84469702b06386e69a2620665830d072d0644114ac600	shape	
nist-pdf-0004	pdf	0	full	0b9ec2c76ad805d0cfbe6df942c8bc9149284523a778046c246d444687df3740	ec336b45600282a8c9e84469702b06386e69a2620665830d072d0644114ac600	shape	
nist-pdf-0004	pdf	0	full	8f7d4fb39c5296efc3f1ae63d2a04209ac34c00b51129d8c048aaf05d9f02778	c47610382023c5a87206a870223ebf461c1a1c5f37f317747dc116cfd3f5e1e0	shape	
nist-pdf-0004	pdf	0	full	699484223c7c6c9aece6583d4d00eaf64eae7c850e3eb289b89b351e2f2cd853	cb0a4944c43cf1c97b71d0a421838b91850df2490e14b94d507941c5ecfb640c	raw	
nist-pdf-0004	pdf	0	full	699484223c7c6c9aece6583d4d00eaf64eae7c850e3eb289b89b351e2f2cd853	cb0a4944c43cf1c97b71d0a421838b91850df2490e14b94d507941c5ecfb640c	raw	
nist-pdf-0004	pdf	0	full	8f7d4fb39c5296efc3f1ae63d2a04209ac34c00b51129d8c048aaf05d9f02778	c47610382023c5a87206a870223ebf461c1a1c5f37f317747dc116cfd3f5e1e0	shape	
nist-pdf-0004	pdf	0	full	699484223c7c6c9aece6583d4d00eaf64eae7c850e3eb289b89b351e2f2cd853	cb0a4944c43cf1c97b71d0a421838b91850df2490e14b94d507941c5ecfb640c	raw	
nist-pdf-0004	pdf	0	full	ae5edf088345676d0b320f2f6eb1eece8f5eba751b07395b06c0daff21cbe8f4	1c6ebfbe7e8755b53a53534cec9ea7d734d8f28742eab12240bdd0d877afaa5b	divergent	
nist-pdf-0004	pdf	0	full	8f7d4fb39c5296efc3f1ae63d2a04209ac34c00b51129d8c048aaf05d9f02778	c47610382023c5a87206a870223ebf461c1a1c5f37f317747dc116cfd3f5e1e0	shape	
nist-pdf-0004	pdf	0	full	ae5edf088345676d0b320f2f6eb1eece8f5eba751b07395b06c0daff21cbe8f4	1c6ebfbe7e8755b53a53534cec9ea7d734d8f28742eab12240bdd0d877afaa5b	divergent	
nist-pdf-0004	pdf	0	full	699484223c7c6c9aece6583d4d00eaf64eae7c850e3eb289b89b351e2f2cd853	cb0a4944c43cf1c97b71d0a421838b91850df2490e14b94d507941c5ecfb640c	raw	
nist-pdf-0004	pdf	0	full	8f7d4fb39c5296efc3f1ae63d2a04209ac34c00b51129d8c048aaf05d9f02778	c47610382023c5a87206a870223ebf461c1a1c5f37f317747dc116cfd3f5e1e0	shape	
nist-pdf-0004	pdf	0	full	8f7d4fb39c5296efc3f1ae63d2a04209ac34c00b51129d8c048aaf05d9f02778	c47610382023c5a87206a870223ebf461c1a1c5f37f317747dc116cfd3f5e1e0	shape	
nist-pdf-0004	pdf	0	full	8f7d4fb39c5296efc3f1ae63d2a04209ac34c00b51129d8c048aaf05d9f02778	c47610382023c5a87206a870223ebf461c1a1c5f37f317747dc116cfd3f5e1e0	shape	
nist-pdf-0004	pdf	1	full	ae5edf088345676d0b320f2f6eb1eece8f5eba751b07395b06c0daff21cbe8f4	4a4925461d3d5f616f7073ea0acb8f1ef23b24bffa42ae0e014afd949bcdde58	divergent	
nist-pdf-0004	pdf	1	full	8f7d4fb39c5296efc3f1ae63d2a04209ac34c00b51129d8c048aaf05d9f02778	c47610382023c5a87206a870223ebf461c1a1c5f37f317747dc116cfd3f5e1e0	shape	
nist-pdf-0004	pdf	1	full	8f7d4fb39c5296efc3f1ae63d2a04209ac34c00b51129d8c048aaf05d9f02778	c47610382023c5a87206a870223ebf461c1a1c5f37f317747dc116cfd3f5e1e0	shape	
nist-pdf-0004	pdf	1	full	0b9ec2c76ad805d0cfbe6df942c8bc9149284523a778046c246d444687df3740	db7e7f0c6aecd7aa5450905bc16967216137f6803c0c127d933694098280ecac	shape	
nist-pdf-0004	pdf	1	full	0b9ec2c76ad805d0cfbe6df942c8bc9149284523a778046c246d444687df3740	db7e7f0c6aecd7aa5450905bc16967216137f6803c0c127d933694098280ecac	shape	
nist-pdf-0004	pdf	1	full	8f7d4fb39c5296efc3f1ae63d2a04209ac34c00b51129d8c048aaf05d9f02778	c47610382023c5a87206a870223ebf461c1a1c5f37f317747dc116cfd3f5e1e0	shape	
nist-pdf-0004	pdf	1	full	699484223c7c6c9aece6583d4d00eaf64eae7c850e3eb289b89b351e2f2cd853	73d44a343e5679dc28cfdc98de1d999473d9e4838f1cf2fac106673f3f55017e	raw	
nist-pdf-0004	pdf	1	full	0b9ec2c76ad805d0cfbe6df942c8bc9149284523a778046c246d444687df3740	db7e7f0c6aecd7aa5450905bc16967216137f6803c0c127d933694098280ecac	shape	
nist-pdf-0004	pdf	1	full	699484223c7c6c9aece6583d4d00eaf64eae7c850e3eb289b89b351e2f2cd853	73d44a343e5679dc28cfdc98de1d999473d9e4838f1cf2fac106673f3f55017e	raw	
nist-pdf-0004	pdf	1	full	ae5edf088345676d0b320f2f6eb1eece8f5eba751b07395b06c0daff21cbe8f4	4a4925461d3d5f616f7073ea0acb8f1ef23b24bffa42ae0e014afd949bcdde58	divergent	
nist-pdf-0004	pdf	1	full	0b9ec2c76ad805d0cfbe6df942c8bc9149284523a778046c246d444687df3740	db7e7f0c6aecd7aa5450905bc16967216137f6803c0c127d933694098280ecac	shape	
nist-pdf-0004	pdf	1	full	0b9ec2c76ad805d0cfbe6df942c8bc9149284523a778046c246d444687df3740	db7e7f0c6aecd7aa5450905bc16967216137f6803c0c127d933694098280ecac	shape	
nist-pdf-0004	pdf	1	full	8f7d4fb39c5296efc3f1ae63d2a04209ac34c00b51129d8c048aaf05d9f02778	c47610382023c5a87206a870223ebf461c1a1c5f37f317747dc116cfd3f5e1e0	shape	
nist-pdf-0004	pdf	1	full	699484223c7c6c9aece6583d4d00eaf64eae7c850e3eb289b89b351e2f2cd853	73d44a343e5679dc28cfdc98de1d999473d9e4838f1cf2fac106673f3f55017e	raw	
nist-pdf-0004	pdf	1	full	699484223c7c6c9aece6583d4d00eaf64eae7c850e3eb289b89b351e2f2cd853	73d44a343e5679dc28cfdc98de1d999473d9e4838f1cf2fac106673f3f55017e	raw	
nist-pdf-0004	pdf	1	full	8f7d4fb39c5296efc3f1ae63d2a04209ac34c00b51129d8c048aaf05d9f02778	c47610382023c5a87206a870223ebf461c1a1c5f37f317747dc116cfd3f5e1e0	shape	
nist-pdf-0004	pdf	1	full	699484223c7c6c9aece6583d4d00eaf64eae7c850e3eb289b89b351e2f2cd853	73d44a343e5679dc28cfdc98de1d999473d9e4838f1cf2fac106673f3f55017e	raw	
nist-pdf-0004	pdf	1	full	ae5edf088345676d0b320f2f6eb1eece8f5eba751b07395b06c0daff21cbe8f4	4a4925461d3d5f616f7073ea0acb8f1ef23b24bffa42ae0e014afd949bcdde58	divergent	
nist-pdf-0004	pdf	1	full	8f7d4fb39c5296efc3f1ae63d2a04209ac34c00b51129d8c048aaf05d9f02778	c47610382023c5a87206a870223ebf461c1a1c5f37f317747dc116cfd3f5e1e0	shape	
nist-pdf-0004	pdf	1	full	ae5edf088345676d0b320f2f6eb1eece8f5eba751b07395b06c0daff21cbe8f4	4a4925461d3d5f616f7073ea0acb8f1ef23b24bffa42ae0e014afd949bcdde58	divergent	
nist-pdf-0004	pdf	1	full	699484223c7c6c9aece6583d4d00eaf64eae7c850e3eb289b89b351e2f2cd853	73d44a343e5679dc28cfdc98de1d999473d9e4838f1cf2fac106673f3f55017e	raw	
nist-pdf-0004	pdf	1	full	8f7d4fb39c5296efc3f1ae63d2a04209ac34c00b51129d8c048aaf05d9f02778	c47610382023c5a87206a870223ebf461c1a1c5f37f317747dc116cfd3f5e1e0	shape	
nist-pdf-0004	pdf	1	full	8f7d4fb39c5296efc3f1ae63d2a04209ac34c00b51129d8c048aaf05d9f02778	c47610382023c5a87206a870223ebf461c1a1c5f37f317747dc116cfd3f5e1e0	shape	
nist-pdf-0004	pdf	1	full	8f7d4fb39c5296efc3f1ae63d2a04209ac34c00b51129d8c048aaf05d9f02778	c47610382023c5a87206a870223ebf461c1a1c5f37f317747dc116cfd3f5e1e0	shape	
nist-pdf-0004	pdf	2	full	ae5edf088345676d0b320f2f6eb1eece8f5eba751b07395b06c0daff21cbe8f4	f8647801e8285e5d1cd0ef166981eff3742ecc0ab2a2f8308aefd2128cf8ac61	divergent	
nist-pdf-0004	pdf	2	full	8f7d4fb39c5296efc3f1ae63d2a04209ac34c00b51129d8c048aaf05d9f02778	c47610382023c5a87206a870223ebf461c1a1c5f37f317747dc116cfd3f5e1e0	shape	
nist-pdf-0004	pdf	2	full	8f7d4fb39c5296efc3f1ae63d2a04209ac34c00b51129d8c048aaf05d9f02778	c47610382023c5a87206a870223ebf461c1a1c5f37f317747dc116cfd3f5e1e0	shape	
nist-pdf-0004	pdf	2	full	0b9ec2c76ad805d0cfbe6df942c8bc9149284523a778046c246d444687df3740	db7e7f0c6aecd7aa5450905bc16967216137f6803c0c127d933694098280ecac	shape	
nist-pdf-0004	pdf	2	full	0b9ec2c76ad805d0cfbe6df942c8bc9149284523a778046c246d444687df3740	db7e7f0c6aecd7aa5450905bc16967216137f6803c0c127d933694098280ecac	shape	
nist-pdf-0004	pdf	2	full	8f7d4fb39c5296efc3f1ae63d2a04209ac34c00b51129d8c048aaf05d9f02778	c47610382023c5a87206a870223ebf461c1a1c5f37f317747dc116cfd3f5e1e0	shape	
nist-pdf-0004	pdf	2	full	699484223c7c6c9aece6583d4d00eaf64eae7c850e3eb289b89b351e2f2cd853	62101e221be135fc899e88c3a047e222959df0306fc68226339c7ed87fce956b	raw	
nist-pdf-0004	pdf	2	full	0b9ec2c76ad805d0cfbe6df942c8bc9149284523a778046c246d444687df3740	db7e7f0c6aecd7aa5450905bc16967216137f6803c0c127d933694098280ecac	shape	
nist-pdf-0004	pdf	2	full	699484223c7c6c9aece6583d4d00eaf64eae7c850e3eb289b89b351e2f2cd853	62101e221be135fc899e88c3a047e222959df0306fc68226339c7ed87fce956b	raw	
nist-pdf-0004	pdf	2	full	ae5edf088345676d0b320f2f6eb1eece8f5eba751b07395b06c0daff21cbe8f4	f8647801e8285e5d1cd0ef166981eff3742ecc0ab2a2f8308aefd2128cf8ac61	divergent	
nist-pdf-0004	pdf	2	full	0b9ec2c76ad805d0cfbe6df942c8bc9149284523a778046c246d444687df3740	db7e7f0c6aecd7aa5450905bc16967216137f6803c0c127d933694098280ecac	shape	
nist-pdf-0004	pdf	2	full	0b9ec2c76ad805d0cfbe6df942c8bc9149284523a778046c246d444687df3740	db7e7f0c6aecd7aa5450905bc16967216137f6803c0c127d933694098280ecac	shape	
nist-pdf-0004	pdf	2	full	8f7d4fb39c5296efc3f1ae63d2a04209ac34c00b51129d8c048aaf05d9f02778	c47610382023c5a87206a870223ebf461c1a1c5f37f317747dc116cfd3f5e1e0	shape	
nist-pdf-0004	pdf	2	full	699484223c7c6c9aece6583d4d00eaf64eae7c850e3eb289b89b351e2f2cd853	62101e221be135fc899e88c3a047e222959df0306fc68226339c7ed87fce956b	raw	
nist-pdf-0004	pdf	2	full	699484223c7c6c9aece6583d4d00eaf64eae7c850e3eb289b89b351e2f2cd853	62101e221be135fc899e88c3a047e222959df0306fc68226339c7ed87fce956b	raw	
nist-pdf-0004	pdf	2	full	8f7d4fb39c5296efc3f1ae63d2a04209ac34c00b51129d8c048aaf05d9f02778	c47610382023c5a87206a870223ebf461c1a1c5f37f317747dc116cfd3f5e1e0	shape	
nist-pdf-0004	pdf	2	full	699484223c7c6c9aece6583d4d00eaf64eae7c850e3eb289b89b351e2f2cd853	62101e221be135fc899e88c3a047e222959df0306fc68226339c7ed87fce956b	raw	
nist-pdf-0004	pdf	2	full	ae5edf088345676d0b320f2f6eb1eece8f5eba751b07395b06c0daff21cbe8f4	f8647801e8285e5d1cd0ef166981eff3742ecc0ab2a2f8308aefd2128cf8ac61	divergent	
nist-pdf-0004	pdf	2	full	8f7d4fb39c5296efc3f1ae63d2a04209ac34c00b51129d8c048aaf05d9f02778	c47610382023c5a87206a870223ebf461c1a1c5f37f317747dc116cfd3f5e1e0	shape	
nist-pdf-0004	pdf	2	full	ae5edf088345676d0b320f2f6eb1eece8f5eba751b07395b06c0daff21cbe8f4	f8647801e8285e5d1cd0ef166981eff3742ecc0ab2a2f8308aefd2128cf8ac61	divergent	
nist-pdf-0004	pdf	2	full	699484223c7c6c9aece6583d4d00eaf64eae7c850e3eb289b89b351e2f2cd853	62101e221be135fc899e88c3a047e222959df0306fc68226339c7ed87fce956b	raw	
nist-pdf-0004	pdf	2	full	8f7d4fb39c5296efc3f1ae63d2a04209ac34c00b51129d8c048aaf05d9f02778	c47610382023c5a87206a870223ebf461c1a1c5f37f317747dc116cfd3f5e1e0	shape	
nist-pdf-0004	pdf	2	full	8f7d4fb39c5296efc3f1ae63d2a04209ac34c00b51129d8c048aaf05d9f02778	c47610382023c5a87206a870223ebf461c1a1c5f37f317747dc116cfd3f5e1e0	shape	
nist-pdf-0004	pdf	2	full	8f7d4fb39c5296efc3f1ae63d2a04209ac34c00b51129d8c048aaf05d9f02778	c47610382023c5a87206a870223ebf461c1a1c5f37f317747dc116cfd3f5e1e0	shape	
nist-pdf-0004	pdf	3	full	ae5edf088345676d0b320f2f6eb1eece8f5eba751b07395b06c0daff21cbe8f4	f8647801e8285e5d1cd0ef166981eff3742ecc0ab2a2f8308aefd2128cf8ac61	divergent	
nist-pdf-0004	pdf	3	full	8f7d4fb39c5296efc3f1ae63d2a04209ac34c00b51129d8c048aaf05d9f02778	c47610382023c5a87206a870223ebf461c1a1c5f37f317747dc116cfd3f5e1e0	shape	
nist-pdf-0004	pdf	3	full	8f7d4fb39c5296efc3f1ae63d2a04209ac34c00b51129d8c048aaf05d9f02778	c47610382023c5a87206a870223ebf461c1a1c5f37f317747dc116cfd3f5e1e0	shape	
nist-pdf-0004	pdf	3	full	0b9ec2c76ad805d0cfbe6df942c8bc9149284523a778046c246d444687df3740	db7e7f0c6aecd7aa5450905bc16967216137f6803c0c127d933694098280ecac	shape	
nist-pdf-0004	pdf	3	full	0b9ec2c76ad805d0cfbe6df942c8bc9149284523a778046c246d444687df3740	db7e7f0c6aecd7aa5450905bc16967216137f6803c0c127d933694098280ecac	shape	
nist-pdf-0004	pdf	3	full	8f7d4fb39c5296efc3f1ae63d2a04209ac34c00b51129d8c048aaf05d9f02778	c47610382023c5a87206a870223ebf461c1a1c5f37f317747dc116cfd3f5e1e0	shape	
nist-pdf-0004	pdf	3	full	699484223c7c6c9aece6583d4d00eaf64eae7c850e3eb289b89b351e2f2cd853	62101e221be135fc899e88c3a047e222959df0306fc68226339c7ed87fce956b	raw	
nist-pdf-0004	pdf	3	full	0b9ec2c76ad805d0cfbe6df942c8bc9149284523a778046c246d444687df3740	db7e7f0c6aecd7aa5450905bc16967216137f6803c0c127d933694098280ecac	shape	
nist-pdf-0004	pdf	3	full	699484223c7c6c9aece6583d4d00eaf64eae7c850e3eb289b89b351e2f2cd853	62101e221be135fc899e88c3a047e222959df0306fc68226339c7ed87fce956b	raw	
nist-pdf-0004	pdf	3	full	ae5edf088345676d0b320f2f6eb1eece8f5eba751b07395b06c0daff21cbe8f4	f8647801e8285e5d1cd0ef166981eff3742ecc0ab2a2f8308aefd2128cf8ac61	divergent	
nist-pdf-0004	pdf	3	full	0b9ec2c76ad805d0cfbe6df942c8bc9149284523a778046c246d444687df3740	db7e7f0c6aecd7aa5450905bc16967216137f6803c0c127d933694098280ecac	shape	
nist-pdf-0004	pdf	3	full	0b9ec2c76ad805d0cfbe6df942c8bc9149284523a778046c246d444687df3740	db7e7f0c6aecd7aa5450905bc16967216137f6803c0c127d933694098280ecac	shape	
nist-pdf-0004	pdf	3	full	8f7d4fb39c5296efc3f1ae63d2a04209ac34c00b51129d8c048aaf05d9f02778	c47610382023c5a87206a870223ebf461c1a1c5f37f317747dc116cfd3f5e1e0	shape	
nist-pdf-0004	pdf	3	full	699484223c7c6c9aece6583d4d00eaf64eae7c850e3eb289b89b351e2f2cd853	62101e221be135fc899e88c3a047e222959df0306fc68226339c7ed87fce956b	raw	
nist-pdf-0004	pdf	3	full	699484223c7c6c9aece6583d4d00eaf64eae7c850e3eb289b89b351e2f2cd853	62101e221be135fc899e88c3a047e222959df0306fc68226339c7ed87fce956b	raw	
nist-pdf-0004	pdf	3	full	8f7d4fb39c5296efc3f1ae63d2a04209ac34c00b51129d8c048aaf05d9f02778	c47610382023c5a87206a870223ebf461c1a1c5f37f317747dc116cfd3f5e1e0	shape	
nist-pdf-0004	pdf	3	full	699484223c7c6c9aece6583d4d00eaf64eae7c850e3eb289b89b351e2f2cd853	62101e221be135fc899e88c3a047e222959df0306fc68226339c7ed87fce956b	raw	
nist-pdf-0004	pdf	3	full	ae5edf088345676d0b320f2f6eb1eece8f5eba751b07395b06c0daff21cbe8f4	f8647801e8285e5d1cd0ef166981eff3742ecc0ab2a2f8308aefd2128cf8ac61	divergent	
nist-pdf-0004	pdf	3	full	8f7d4fb39c5296efc3f1ae63d2a04209ac34c00b51129d8c048aaf05d9f02778	c47610382023c5a87206a870223ebf461c1a1c5f37f317747dc116cfd3f5e1e0	shape	
nist-pdf-0004	pdf	3	full	ae5edf088345676d0b320f2f6eb1eece8f5eba751b07395b06c0daff21cbe8f4	f8647801e8285e5d1cd0ef166981eff3742ecc0ab2a2f8308aefd2128cf8ac61	divergent	
nist-pdf-0004	pdf	3	full	699484223c7c6c9aece6583d4d00eaf64eae7c850e3eb289b89b351e2f2cd853	62101e221be135fc899e88c3a047e222959df0306fc68226339c7ed87fce956b	raw	
nist-pdf-0004	pdf	3	full	8f7d4fb39c5296efc3f1ae63d2a04209ac34c00b51129d8c048aaf05d9f02778	c47610382023c5a87206a870223ebf461c1a1c5f37f317747dc116cfd3f5e1e0	shape	
nist-pdf-0004	pdf	3	full	8f7d4fb39c5296efc3f1ae63d2a04209ac34c00b51129d8c048aaf05d9f02778	c47610382023c5a87206a870223ebf461c1a1c5f37f317747dc116cfd3f5e1e0	shape	
nist-pdf-0004	pdf	3	full	8f7d4fb39c5296efc3f1ae63d2a04209ac34c00b51129d8c048aaf05d9f02778	c47610382023c5a87206a870223ebf461c1a1c5f37f317747dc116cfd3f5e1e0	shape	
nist-pdf-0004	pdf	4	full	ae5edf088345676d0b320f2f6eb1eece8f5eba751b07395b06c0daff21cbe8f4	59bf2b59a616bffb375b2c79401de68b7feb94c6512e87658b2cd14bebfdb8ed	divergent	
nist-pdf-0004	pdf	4	full	8f7d4fb39c5296efc3f1ae63d2a04209ac34c00b51129d8c048aaf05d9f02778	33637307aa573c28647452c710db61be7d8071fe2b9e06856d9c70859f983a57	observable	
nist-pdf-0004	pdf	4	full	8f7d4fb39c5296efc3f1ae63d2a04209ac34c00b51129d8c048aaf05d9f02778	33637307aa573c28647452c710db61be7d8071fe2b9e06856d9c70859f983a57	observable	
nist-pdf-0004	pdf	4	full	0b9ec2c76ad805d0cfbe6df942c8bc9149284523a778046c246d444687df3740	4fec97341aaf9b75df60c87c43b2098260f926ba53dcfad56d695deca2dac40c	shape	
nist-pdf-0004	pdf	4	full	0b9ec2c76ad805d0cfbe6df942c8bc9149284523a778046c246d444687df3740	4fec97341aaf9b75df60c87c43b2098260f926ba53dcfad56d695deca2dac40c	shape	
nist-pdf-0004	pdf	4	full	8f7d4fb39c5296efc3f1ae63d2a04209ac34c00b51129d8c048aaf05d9f02778	33637307aa573c28647452c710db61be7d8071fe2b9e06856d9c70859f983a57	observable	
nist-pdf-0004	pdf	4	full	699484223c7c6c9aece6583d4d00eaf64eae7c850e3eb289b89b351e2f2cd853	9123d2b6d81f90dc08665b70279449db011bec86d19c10e8bb9913e88b5ba914	raw	
nist-pdf-0004	pdf	4	full	0b9ec2c76ad805d0cfbe6df942c8bc9149284523a778046c246d444687df3740	4fec97341aaf9b75df60c87c43b2098260f926ba53dcfad56d695deca2dac40c	shape	
nist-pdf-0004	pdf	4	full	699484223c7c6c9aece6583d4d00eaf64eae7c850e3eb289b89b351e2f2cd853	9123d2b6d81f90dc08665b70279449db011bec86d19c10e8bb9913e88b5ba914	raw	
nist-pdf-0004	pdf	4	full	ae5edf088345676d0b320f2f6eb1eece8f5eba751b07395b06c0daff21cbe8f4	59bf2b59a616bffb375b2c79401de68b7feb94c6512e87658b2cd14bebfdb8ed	divergent	
nist-pdf-0004	pdf	4	full	0b9ec2c76ad805d0cfbe6df942c8bc9149284523a778046c246d444687df3740	4fec97341aaf9b75df60c87c43b2098260f926ba53dcfad56d695deca2dac40c	shape	
nist-pdf-0004	pdf	4	full	0b9ec2c76ad805d0cfbe6df942c8bc9149284523a778046c246d444687df3740	4fec97341aaf9b75df60c87c43b2098260f926ba53dcfad56d695deca2dac40c	shape	
nist-pdf-0004	pdf	4	full	8f7d4fb39c5296efc3f1ae63d2a04209ac34c00b51129d8c048aaf05d9f02778	33637307aa573c28647452c710db61be7d8071fe2b9e06856d9c70859f983a57	observable	
nist-pdf-0004	pdf	4	full	699484223c7c6c9aece6583d4d00eaf64eae7c850e3eb289b89b351e2f2cd853	9123d2b6d81f90dc08665b70279449db011bec86d19c10e8bb9913e88b5ba914	raw	
nist-pdf-0004	pdf	4	full	699484223c7c6c9aece6583d4d00eaf64eae7c850e3eb289b89b351e2f2cd853	9123d2b6d81f90dc08665b70279449db011bec86d19c10e8bb9913e88b5ba914	raw	
nist-pdf-0004	pdf	4	full	8f7d4fb39c5296efc3f1ae63d2a04209ac34c00b51129d8c048aaf05d9f02778	33637307aa573c28647452c710db61be7d8071fe2b9e06856d9c70859f983a57	observable	
nist-pdf-0004	pdf	4	full	699484223c7c6c9aece6583d4d00eaf64eae7c850e3eb289b89b351e2f2cd853	9123d2b6d81f90dc08665b70279449db011bec86d19c10e8bb9913e88b5ba914	raw	
nist-pdf-0004	pdf	4	full	ae5edf088345676d0b320f2f6eb1eece8f5eba751b07395b06c0daff21cbe8f4	59bf2b59a616bffb375b2c79401de68b7feb94c6512e87658b2cd14bebfdb8ed	divergent	
nist-pdf-0004	pdf	4	full	8f7d4fb39c5296efc3f1ae63d2a04209ac34c00b51129d8c048aaf05d9f02778	33637307aa573c28647452c710db61be7d8071fe2b9e06856d9c70859f983a57	observable	
nist-pdf-0004	pdf	4	full	ae5edf088345676d0b320f2f6eb1eece8f5eba751b07395b06c0daff21cbe8f4	59bf2b59a616bffb375b2c79401de68b7feb94c6512e87658b2cd14bebfdb8ed	divergent	
nist-pdf-0004	pdf	4	full	699484223c7c6c9aece6583d4d00eaf64eae7c850e3eb289b89b351e2f2cd853	9123d2b6d81f90dc08665b70279449db011bec86d19c10e8bb9913e88b5ba914	raw	
nist-pdf-0004	pdf	4	full	8f7d4fb39c5296efc3f1ae63d2a04209ac34c00b51129d8c048aaf05d9f02778	33637307aa573c28647452c710db61be7d8071fe2b9e06856d9c70859f983a57	observable	
nist-pdf-0004	pdf	4	full	8f7d4fb39c5296efc3f1ae63d2a04209ac34c00b51129d8c048aaf05d9f02778	33637307aa573c28647452c710db61be7d8071fe2b9e06856d9c70859f983a57	observable	
nist-pdf-0004	pdf	4	full	8f7d4fb39c5296efc3f1ae63d2a04209ac34c00b51129d8c048aaf05d9f02778	33637307aa573c28647452c710db61be7d8071fe2b9e06856d9c70859f983a57	observable	
nist-pdf-0004	pdf	5	full	ae5edf088345676d0b320f2f6eb1eece8f5eba751b07395b06c0daff21cbe8f4	59bf2b59a616bffb375b2c79401de68b7feb94c6512e87658b2cd14bebfdb8ed	divergent	
nist-pdf-0004	pdf	5	full	8f7d4fb39c5296efc3f1ae63d2a04209ac34c00b51129d8c048aaf05d9f02778	33637307aa573c28647452c710db61be7d8071fe2b9e06856d9c70859f983a57	observable	
nist-pdf-0004	pdf	5	full	8f7d4fb39c5296efc3f1ae63d2a04209ac34c00b51129d8c048aaf05d9f02778	33637307aa573c28647452c710db61be7d8071fe2b9e06856d9c70859f983a57	observable	
nist-pdf-0004	pdf	5	full	0b9ec2c76ad805d0cfbe6df942c8bc9149284523a778046c246d444687df3740	4fec97341aaf9b75df60c87c43b2098260f926ba53dcfad56d695deca2dac40c	shape	
nist-pdf-0004	pdf	5	full	0b9ec2c76ad805d0cfbe6df942c8bc9149284523a778046c246d444687df3740	4fec97341aaf9b75df60c87c43b2098260f926ba53dcfad56d695deca2dac40c	shape	
nist-pdf-0004	pdf	5	full	8f7d4fb39c5296efc3f1ae63d2a04209ac34c00b51129d8c048aaf05d9f02778	33637307aa573c28647452c710db61be7d8071fe2b9e06856d9c70859f983a57	observable	
nist-pdf-0004	pdf	5	full	699484223c7c6c9aece6583d4d00eaf64eae7c850e3eb289b89b351e2f2cd853	9123d2b6d81f90dc08665b70279449db011bec86d19c10e8bb9913e88b5ba914	raw	
nist-pdf-0004	pdf	5	full	0b9ec2c76ad805d0cfbe6df942c8bc9149284523a778046c246d444687df3740	4fec97341aaf9b75df60c87c43b2098260f926ba53dcfad56d695deca2dac40c	shape	
nist-pdf-0004	pdf	5	full	699484223c7c6c9aece6583d4d00eaf64eae7c850e3eb289b89b351e2f2cd853	9123d2b6d81f90dc08665b70279449db011bec86d19c10e8bb9913e88b5ba914	raw	
nist-pdf-0004	pdf	5	full	ae5edf088345676d0b320f2f6eb1eece8f5eba751b07395b06c0daff21cbe8f4	59bf2b59a616bffb375b2c79401de68b7feb94c6512e87658b2cd14bebfdb8ed	divergent	
nist-pdf-0004	pdf	5	full	0b9ec2c76ad805d0cfbe6df942c8bc9149284523a778046c246d444687df3740	4fec97341aaf9b75df60c87c43b2098260f926ba53dcfad56d695deca2dac40c	shape	
nist-pdf-0004	pdf	5	full	0b9ec2c76ad805d0cfbe6df942c8bc9149284523a778046c246d444687df3740	4fec97341aaf9b75df60c87c43b2098260f926ba53dcfad56d695deca2dac40c	shape	
nist-pdf-0004	pdf	5	full	8f7d4fb39c5296efc3f1ae63d2a04209ac34c00b51129d8c048aaf05d9f02778	33637307aa573c28647452c710db61be7d8071fe2b9e06856d9c70859f983a57	observable	
nist-pdf-0004	pdf	5	full	699484223c7c6c9aece6583d4d00eaf64eae7c850e3eb289b89b351e2f2cd853	9123d2b6d81f90dc08665b70279449db011bec86d19c10e8bb9913e88b5ba914	raw	
nist-pdf-0004	pdf	5	full	699484223c7c6c9aece6583d4d00eaf64eae7c850e3eb289b89b351e2f2cd853	9123d2b6d81f90dc08665b70279449db011bec86d19c10e8bb9913e88b5ba914	raw	
nist-pdf-0004	pdf	5	full	8f7d4fb39c5296efc3f1ae63d2a04209ac34c00b51129d8c048aaf05d9f02778	33637307aa573c28647452c710db61be7d8071fe2b9e06856d9c70859f983a57	observable	
nist-pdf-0004	pdf	5	full	699484223c7c6c9aece6583d4d00eaf64eae7c850e3eb289b89b351e2f2cd853	9123d2b6d81f90dc08665b70279449db011bec86d19c10e8bb9913e88b5ba914	raw	
nist-pdf-0004	pdf	5	full	ae5edf088345676d0b320f2f6eb1eece8f5eba751b07395b06c0daff21cbe8f4	59bf2b59a616bffb375b2c79401de68b7feb94c6512e87658b2cd14bebfdb8ed	divergent	
nist-pdf-0004	pdf	5	full	8f7d4fb39c5296efc3f1ae63d2a04209ac34c00b51129d8c048aaf05d9f02778	33637307aa573c28647452c710db61be7d8071fe2b9e06856d9c70859f983a57	observable	
nist-pdf-0004	pdf	5	full	ae5edf088345676d0b320f2f6eb1eece8f5eba751b07395b06c0daff21cbe8f4	59bf2b59a616bffb375b2c79401de68b7feb94c6512e87658b2cd14bebfdb8ed	divergent	
nist-pdf-0004	pdf	5	full	699484223c7c6c9aece6583d4d00eaf64eae7c850e3eb289b89b351e2f2cd853	9123d2b6d81f90dc08665b70279449db011bec86d19c10e8bb9913e88b5ba914	raw	
nist-pdf-0004	pdf	5	full	8f7d4fb39c5296efc3f1ae63d2a04209ac34c00b51129d8c048aaf05d9f02778	33637307aa573c28647452c710db61be7d8071fe2b9e06856d9c70859f983a57	observable	
nist-pdf-0004	pdf	5	full	8f7d4fb39c5296efc3f1ae63d2a04209ac34c00b51129d8c048aaf05d9f02778	33637307aa573c28647452c710db61be7d8071fe2b9e06856d9c70859f983a57	observable	
nist-pdf-0004	pdf	5	full	8f7d4fb39c5296efc3f1ae63d2a04209ac34c00b51129d8c048aaf05d9f02778	33637307aa573c28647452c710db61be7d8071fe2b9e06856d9c70859f983a57	observable	
nist-pdf-0016	pdf	0	full	db8859641d10fbfd9978699914a3d99aabd8418735eef6d52ea20f32ef51f4b3	db4516b41c4476b07ba3765b7a66548b1018518029949cf87172b2055e121ab5	divergent	
nist-pdf-0016	pdf	0	full	93d14dd7eab8f92a490d93a5f9fcc6352c95e74c1dbc5fa02181c9ce7ee442fb	2e8888ab44fb555728eba442bad8b9d3c998cc926d09b80e409eabe43087457a	shape	
nist-pdf-0016	pdf	0	full	db8859641d10fbfd9978699914a3d99aabd8418735eef6d52ea20f32ef51f4b3	db4516b41c4476b07ba3765b7a66548b1018518029949cf87172b2055e121ab5	divergent	
nist-pdf-0016	pdf	0	full	db8859641d10fbfd9978699914a3d99aabd8418735eef6d52ea20f32ef51f4b3	db4516b41c4476b07ba3765b7a66548b1018518029949cf87172b2055e121ab5	divergent	
nist-pdf-0016	pdf	0	full	2db4eeedd4c079afd858683701b1e016482bdd29302274bc3f99e8f0cd7f2b18	05b642dd44c4e7249c0aba8bb161f40e10014d516be26a0c579b9189f7bb346a	shape	
nist-pdf-0016	pdf	0	full	2db4eeedd4c079afd858683701b1e016482bdd29302274bc3f99e8f0cd7f2b18	05b642dd44c4e7249c0aba8bb161f40e10014d516be26a0c579b9189f7bb346a	shape	
nist-pdf-0016	pdf	0	full	2db4eeedd4c079afd858683701b1e016482bdd29302274bc3f99e8f0cd7f2b18	05b642dd44c4e7249c0aba8bb161f40e10014d516be26a0c579b9189f7bb346a	shape	
nist-pdf-0016	pdf	0	full	2db4eeedd4c079afd858683701b1e016482bdd29302274bc3f99e8f0cd7f2b18	05b642dd44c4e7249c0aba8bb161f40e10014d516be26a0c579b9189f7bb346a	shape	
nist-pdf-0016	pdf	0	full	db8859641d10fbfd9978699914a3d99aabd8418735eef6d52ea20f32ef51f4b3	db4516b41c4476b07ba3765b7a66548b1018518029949cf87172b2055e121ab5	divergent	
nist-pdf-0016	pdf	0	full	93d14dd7eab8f92a490d93a5f9fcc6352c95e74c1dbc5fa02181c9ce7ee442fb	2e8888ab44fb555728eba442bad8b9d3c998cc926d09b80e409eabe43087457a	shape	
nist-pdf-0016	pdf	0	full	4985abdcbb1b4b2f3b6257b8b1da429e833871d1243e3a5fa112ffa1345fec82	b53bcea5508d178817723ae0125211455c8c0c01fd77e2d04f2ddd2c635d6221	raw	
nist-pdf-0016	pdf	0	full	4985abdcbb1b4b2f3b6257b8b1da429e833871d1243e3a5fa112ffa1345fec82	b53bcea5508d178817723ae0125211455c8c0c01fd77e2d04f2ddd2c635d6221	raw	
nist-pdf-0016	pdf	0	full	2db4eeedd4c079afd858683701b1e016482bdd29302274bc3f99e8f0cd7f2b18	05b642dd44c4e7249c0aba8bb161f40e10014d516be26a0c579b9189f7bb346a	shape	
nist-pdf-0016	pdf	0	full	db8859641d10fbfd9978699914a3d99aabd8418735eef6d52ea20f32ef51f4b3	db4516b41c4476b07ba3765b7a66548b1018518029949cf87172b2055e121ab5	divergent	
nist-pdf-0016	pdf	0	full	4985abdcbb1b4b2f3b6257b8b1da429e833871d1243e3a5fa112ffa1345fec82	b53bcea5508d178817723ae0125211455c8c0c01fd77e2d04f2ddd2c635d6221	raw	
nist-pdf-0016	pdf	0	full	2db4eeedd4c079afd858683701b1e016482bdd29302274bc3f99e8f0cd7f2b18	05b642dd44c4e7249c0aba8bb161f40e10014d516be26a0c579b9189f7bb346a	shape	
nist-pdf-0016	pdf	0	full	2db4eeedd4c079afd858683701b1e016482bdd29302274bc3f99e8f0cd7f2b18	05b642dd44c4e7249c0aba8bb161f40e10014d516be26a0c579b9189f7bb346a	shape	
nist-pdf-0016	pdf	0	full	db8859641d10fbfd9978699914a3d99aabd8418735eef6d52ea20f32ef51f4b3	db4516b41c4476b07ba3765b7a66548b1018518029949cf87172b2055e121ab5	divergent	
nist-pdf-0016	pdf	0	full	4985abdcbb1b4b2f3b6257b8b1da429e833871d1243e3a5fa112ffa1345fec82	b53bcea5508d178817723ae0125211455c8c0c01fd77e2d04f2ddd2c635d6221	raw	
nist-pdf-0016	pdf	0	full	2db4eeedd4c079afd858683701b1e016482bdd29302274bc3f99e8f0cd7f2b18	05b642dd44c4e7249c0aba8bb161f40e10014d516be26a0c579b9189f7bb346a	shape	
nist-pdf-0016	pdf	0	full	93d14dd7eab8f92a490d93a5f9fcc6352c95e74c1dbc5fa02181c9ce7ee442fb	2e8888ab44fb555728eba442bad8b9d3c998cc926d09b80e409eabe43087457a	shape	
nist-pdf-0016	pdf	0	full	93d14dd7eab8f92a490d93a5f9fcc6352c95e74c1dbc5fa02181c9ce7ee442fb	2e8888ab44fb555728eba442bad8b9d3c998cc926d09b80e409eabe43087457a	shape	
nist-pdf-0016	pdf	0	full	2db4eeedd4c079afd858683701b1e016482bdd29302274bc3f99e8f0cd7f2b18	05b642dd44c4e7249c0aba8bb161f40e10014d516be26a0c579b9189f7bb346a	shape	
nist-pdf-0016	pdf	0	full	2db4eeedd4c079afd858683701b1e016482bdd29302274bc3f99e8f0cd7f2b18	05b642dd44c4e7249c0aba8bb161f40e10014d516be26a0c579b9189f7bb346a	shape	
nist-pdf-0016	pdf	1	full	db8859641d10fbfd9978699914a3d99aabd8418735eef6d52ea20f32ef51f4b3	861f6fedaef40dbcda360993dd0329db9987b4cb6866b7c4048417794f30e604	divergent	
nist-pdf-0016	pdf	1	full	93d14dd7eab8f92a490d93a5f9fcc6352c95e74c1dbc5fa02181c9ce7ee442fb	3b31e977fa2db390d7b2afc84be47d3cc45ced3f6a91752157be34d06f9daff6	shape	
nist-pdf-0016	pdf	1	full	db8859641d10fbfd9978699914a3d99aabd8418735eef6d52ea20f32ef51f4b3	861f6fedaef40dbcda360993dd0329db9987b4cb6866b7c4048417794f30e604	divergent	
nist-pdf-0016	pdf	1	full	db8859641d10fbfd9978699914a3d99aabd8418735eef6d52ea20f32ef51f4b3	861f6fedaef40dbcda360993dd0329db9987b4cb6866b7c4048417794f30e604	divergent	
nist-pdf-0016	pdf	1	full	2db4eeedd4c079afd858683701b1e016482bdd29302274bc3f99e8f0cd7f2b18	05b642dd44c4e7249c0aba8bb161f40e10014d516be26a0c579b9189f7bb346a	shape	
nist-pdf-0016	pdf	1	full	2db4eeedd4c079afd858683701b1e016482bdd29302274bc3f99e8f0cd7f2b18	05b642dd44c4e7249c0aba8bb161f40e10014d516be26a0c579b9189f7bb346a	shape	
nist-pdf-0016	pdf	1	full	2db4eeedd4c079afd858683701b1e016482bdd29302274bc3f99e8f0cd7f2b18	05b642dd44c4e7249c0aba8bb161f40e10014d516be26a0c579b9189f7bb346a	shape	
nist-pdf-0016	pdf	1	full	2db4eeedd4c079afd858683701b1e016482bdd29302274bc3f99e8f0cd7f2b18	05b642dd44c4e7249c0aba8bb161f40e10014d516be26a0c579b9189f7bb346a	shape	
nist-pdf-0016	pdf	1	full	db8859641d10fbfd9978699914a3d99aabd8418735eef6d52ea20f32ef51f4b3	861f6fedaef40dbcda360993dd0329db9987b4cb6866b7c4048417794f30e604	divergent	
nist-pdf-0016	pdf	1	full	93d14dd7eab8f92a490d93a5f9fcc6352c95e74c1dbc5fa02181c9ce7ee442fb	3b31e977fa2db390d7b2afc84be47d3cc45ced3f6a91752157be34d06f9daff6	shape	
nist-pdf-0016	pdf	1	full	4985abdcbb1b4b2f3b6257b8b1da429e833871d1243e3a5fa112ffa1345fec82	36f9cf823bb246a8f97df54a61a635b9b79653a02dba8fcaf1353cdf4bcb4ace	raw	
nist-pdf-0016	pdf	1	full	4985abdcbb1b4b2f3b6257b8b1da429e833871d1243e3a5fa112ffa1345fec82	36f9cf823bb246a8f97df54a61a635b9b79653a02dba8fcaf1353cdf4bcb4ace	raw	
nist-pdf-0016	pdf	1	full	2db4eeedd4c079afd858683701b1e016482bdd29302274bc3f99e8f0cd7f2b18	05b642dd44c4e7249c0aba8bb161f40e10014d516be26a0c579b9189f7bb346a	shape	
nist-pdf-0016	pdf	1	full	db8859641d10fbfd9978699914a3d99aabd8418735eef6d52ea20f32ef51f4b3	861f6fedaef40dbcda360993dd0329db9987b4cb6866b7c4048417794f30e604	divergent	
nist-pdf-0016	pdf	1	full	4985abdcbb1b4b2f3b6257b8b1da429e833871d1243e3a5fa112ffa1345fec82	36f9cf823bb246a8f97df54a61a635b9b79653a02dba8fcaf1353cdf4bcb4ace	raw	
nist-pdf-0016	pdf	1	full	2db4eeedd4c079afd858683701b1e016482bdd29302274bc3f99e8f0cd7f2b18	05b642dd44c4e7249c0aba8bb161f40e10014d516be26a0c579b9189f7bb346a	shape	
nist-pdf-0016	pdf	1	full	2db4eeedd4c079afd858683701b1e016482bdd29302274bc3f99e8f0cd7f2b18	05b642dd44c4e7249c0aba8bb161f40e10014d516be26a0c579b9189f7bb346a	shape	
nist-pdf-0016	pdf	1	full	db8859641d10fbfd9978699914a3d99aabd8418735eef6d52ea20f32ef51f4b3	861f6fedaef40dbcda360993dd0329db9987b4cb6866b7c4048417794f30e604	divergent	
nist-pdf-0016	pdf	1	full	4985abdcbb1b4b2f3b6257b8b1da429e833871d1243e3a5fa112ffa1345fec82	36f9cf823bb246a8f97df54a61a635b9b79653a02dba8fcaf1353cdf4bcb4ace	raw	
nist-pdf-0016	pdf	1	full	2db4eeedd4c079afd858683701b1e016482bdd29302274bc3f99e8f0cd7f2b18	05b642dd44c4e7249c0aba8bb161f40e10014d516be26a0c579b9189f7bb346a	shape	
nist-pdf-0016	pdf	1	full	93d14dd7eab8f92a490d93a5f9fcc6352c95e74c1dbc5fa02181c9ce7ee442fb	3b31e977fa2db390d7b2afc84be47d3cc45ced3f6a91752157be34d06f9daff6	shape	
nist-pdf-0016	pdf	1	full	93d14dd7eab8f92a490d93a5f9fcc6352c95e74c1dbc5fa02181c9ce7ee442fb	3b31e977fa2db390d7b2afc84be47d3cc45ced3f6a91752157be34d06f9daff6	shape	
nist-pdf-0016	pdf	1	full	2db4eeedd4c079afd858683701b1e016482bdd29302274bc3f99e8f0cd7f2b18	05b642dd44c4e7249c0aba8bb161f40e10014d516be26a0c579b9189f7bb346a	shape	
nist-pdf-0016	pdf	1	full	2db4eeedd4c079afd858683701b1e016482bdd29302274bc3f99e8f0cd7f2b18	05b642dd44c4e7249c0aba8bb161f40e10014d516be26a0c579b9189f7bb346a	shape	
nist-pdf-0016	pdf	2	full	db8859641d10fbfd9978699914a3d99aabd8418735eef6d52ea20f32ef51f4b3	90b33699e21bec206fb89eb5cec3b00d3a848f79e827f70b758db2f148a6c826	divergent	
nist-pdf-0016	pdf	2	full	93d14dd7eab8f92a490d93a5f9fcc6352c95e74c1dbc5fa02181c9ce7ee442fb	3b31e977fa2db390d7b2afc84be47d3cc45ced3f6a91752157be34d06f9daff6	shape	
nist-pdf-0016	pdf	2	full	db8859641d10fbfd9978699914a3d99aabd8418735eef6d52ea20f32ef51f4b3	90b33699e21bec206fb89eb5cec3b00d3a848f79e827f70b758db2f148a6c826	divergent	
nist-pdf-0016	pdf	2	full	db8859641d10fbfd9978699914a3d99aabd8418735eef6d52ea20f32ef51f4b3	90b33699e21bec206fb89eb5cec3b00d3a848f79e827f70b758db2f148a6c826	divergent	
nist-pdf-0016	pdf	2	full	2db4eeedd4c079afd858683701b1e016482bdd29302274bc3f99e8f0cd7f2b18	05b642dd44c4e7249c0aba8bb161f40e10014d516be26a0c579b9189f7bb346a	shape	
nist-pdf-0016	pdf	2	full	2db4eeedd4c079afd858683701b1e016482bdd29302274bc3f99e8f0cd7f2b18	05b642dd44c4e7249c0aba8bb161f40e10014d516be26a0c579b9189f7bb346a	shape	
nist-pdf-0016	pdf	2	full	2db4eeedd4c079afd858683701b1e016482bdd29302274bc3f99e8f0cd7f2b18	05b642dd44c4e7249c0aba8bb161f40e10014d516be26a0c579b9189f7bb346a	shape	
nist-pdf-0016	pdf	2	full	2db4eeedd4c079afd858683701b1e016482bdd29302274bc3f99e8f0cd7f2b18	05b642dd44c4e7249c0aba8bb161f40e10014d516be26a0c579b9189f7bb346a	shape	
nist-pdf-0016	pdf	2	full	db8859641d10fbfd9978699914a3d99aabd8418735eef6d52ea20f32ef51f4b3	90b33699e21bec206fb89eb5cec3b00d3a848f79e827f70b758db2f148a6c826	divergent	
nist-pdf-0016	pdf	2	full	93d14dd7eab8f92a490d93a5f9fcc6352c95e74c1dbc5fa02181c9ce7ee442fb	3b31e977fa2db390d7b2afc84be47d3cc45ced3f6a91752157be34d06f9daff6	shape	
nist-pdf-0016	pdf	2	full	4985abdcbb1b4b2f3b6257b8b1da429e833871d1243e3a5fa112ffa1345fec82	ab2983aa7dbabe7fbdda0b7e17d42b74ec80e2c9e0e895344204f35bf44242b6	raw	
nist-pdf-0016	pdf	2	full	4985abdcbb1b4b2f3b6257b8b1da429e833871d1243e3a5fa112ffa1345fec82	ab2983aa7dbabe7fbdda0b7e17d42b74ec80e2c9e0e895344204f35bf44242b6	raw	
nist-pdf-0016	pdf	2	full	2db4eeedd4c079afd858683701b1e016482bdd29302274bc3f99e8f0cd7f2b18	05b642dd44c4e7249c0aba8bb161f40e10014d516be26a0c579b9189f7bb346a	shape	
nist-pdf-0016	pdf	2	full	db8859641d10fbfd9978699914a3d99aabd8418735eef6d52ea20f32ef51f4b3	90b33699e21bec206fb89eb5cec3b00d3a848f79e827f70b758db2f148a6c826	divergent	
nist-pdf-0016	pdf	2	full	4985abdcbb1b4b2f3b6257b8b1da429e833871d1243e3a5fa112ffa1345fec82	ab2983aa7dbabe7fbdda0b7e17d42b74ec80e2c9e0e895344204f35bf44242b6	raw	
nist-pdf-0016	pdf	2	full	2db4eeedd4c079afd858683701b1e016482bdd29302274bc3f99e8f0cd7f2b18	05b642dd44c4e7249c0aba8bb161f40e10014d516be26a0c579b9189f7bb346a	shape	
nist-pdf-0016	pdf	2	full	2db4eeedd4c079afd858683701b1e016482bdd29302274bc3f99e8f0cd7f2b18	05b642dd44c4e7249c0aba8bb161f40e10014d516be26a0c579b9189f7bb346a	shape	
nist-pdf-0016	pdf	2	full	db8859641d10fbfd9978699914a3d99aabd8418735eef6d52ea20f32ef51f4b3	90b33699e21bec206fb89eb5cec3b00d3a848f79e827f70b758db2f148a6c826	divergent	
nist-pdf-0016	pdf	2	full	4985abdcbb1b4b2f3b6257b8b1da429e833871d1243e3a5fa112ffa1345fec82	ab2983aa7dbabe7fbdda0b7e17d42b74ec80e2c9e0e895344204f35bf44242b6	raw	
nist-pdf-0016	pdf	2	full	2db4eeedd4c079afd858683701b1e016482bdd29302274bc3f99e8f0cd7f2b18	05b642dd44c4e7249c0aba8bb161f40e10014d516be26a0c579b9189f7bb346a	shape	
nist-pdf-0016	pdf	2	full	93d14dd7eab8f92a490d93a5f9fcc6352c95e74c1dbc5fa02181c9ce7ee442fb	3b31e977fa2db390d7b2afc84be47d3cc45ced3f6a91752157be34d06f9daff6	shape	
nist-pdf-0016	pdf	2	full	93d14dd7eab8f92a490d93a5f9fcc6352c95e74c1dbc5fa02181c9ce7ee442fb	3b31e977fa2db390d7b2afc84be47d3cc45ced3f6a91752157be34d06f9daff6	shape	
nist-pdf-0016	pdf	2	full	2db4eeedd4c079afd858683701b1e016482bdd29302274bc3f99e8f0cd7f2b18	05b642dd44c4e7249c0aba8bb161f40e10014d516be26a0c579b9189f7bb346a	shape	
nist-pdf-0016	pdf	2	full	2db4eeedd4c079afd858683701b1e016482bdd29302274bc3f99e8f0cd7f2b18	05b642dd44c4e7249c0aba8bb161f40e10014d516be26a0c579b9189f7bb346a	shape	
nist-pdf-0016	pdf	3	full	db8859641d10fbfd9978699914a3d99aabd8418735eef6d52ea20f32ef51f4b3	90b33699e21bec206fb89eb5cec3b00d3a848f79e827f70b758db2f148a6c826	divergent	
nist-pdf-0016	pdf	3	full	93d14dd7eab8f92a490d93a5f9fcc6352c95e74c1dbc5fa02181c9ce7ee442fb	3b31e977fa2db390d7b2afc84be47d3cc45ced3f6a91752157be34d06f9daff6	shape	
nist-pdf-0016	pdf	3	full	db8859641d10fbfd9978699914a3d99aabd8418735eef6d52ea20f32ef51f4b3	90b33699e21bec206fb89eb5cec3b00d3a848f79e827f70b758db2f148a6c826	divergent	
nist-pdf-0016	pdf	3	full	db8859641d10fbfd9978699914a3d99aabd8418735eef6d52ea20f32ef51f4b3	90b33699e21bec206fb89eb5cec3b00d3a848f79e827f70b758db2f148a6c826	divergent	
nist-pdf-0016	pdf	3	full	2db4eeedd4c079afd858683701b1e016482bdd29302274bc3f99e8f0cd7f2b18	05b642dd44c4e7249c0aba8bb161f40e10014d516be26a0c579b9189f7bb346a	shape	
nist-pdf-0016	pdf	3	full	2db4eeedd4c079afd858683701b1e016482bdd29302274bc3f99e8f0cd7f2b18	05b642dd44c4e7249c0aba8bb161f40e10014d516be26a0c579b9189f7bb346a	shape	
nist-pdf-0016	pdf	3	full	2db4eeedd4c079afd858683701b1e016482bdd29302274bc3f99e8f0cd7f2b18	05b642dd44c4e7249c0aba8bb161f40e10014d516be26a0c579b9189f7bb346a	shape	
nist-pdf-0016	pdf	3	full	2db4eeedd4c079afd858683701b1e016482bdd29302274bc3f99e8f0cd7f2b18	05b642dd44c4e7249c0aba8bb161f40e10014d516be26a0c579b9189f7bb346a	shape	
nist-pdf-0016	pdf	3	full	db8859641d10fbfd9978699914a3d99aabd8418735eef6d52ea20f32ef51f4b3	90b33699e21bec206fb89eb5cec3b00d3a848f79e827f70b758db2f148a6c826	divergent	
nist-pdf-0016	pdf	3	full	93d14dd7eab8f92a490d93a5f9fcc6352c95e74c1dbc5fa02181c9ce7ee442fb	3b31e977fa2db390d7b2afc84be47d3cc45ced3f6a91752157be34d06f9daff6	shape	
nist-pdf-0016	pdf	3	full	4985abdcbb1b4b2f3b6257b8b1da429e833871d1243e3a5fa112ffa1345fec82	ab2983aa7dbabe7fbdda0b7e17d42b74ec80e2c9e0e895344204f35bf44242b6	raw	
nist-pdf-0016	pdf	3	full	4985abdcbb1b4b2f3b6257b8b1da429e833871d1243e3a5fa112ffa1345fec82	ab2983aa7dbabe7fbdda0b7e17d42b74ec80e2c9e0e895344204f35bf44242b6	raw	
nist-pdf-0016	pdf	3	full	2db4eeedd4c079afd858683701b1e016482bdd29302274bc3f99e8f0cd7f2b18	05b642dd44c4e7249c0aba8bb161f40e10014d516be26a0c579b9189f7bb346a	shape	
nist-pdf-0016	pdf	3	full	db8859641d10fbfd9978699914a3d99aabd8418735eef6d52ea20f32ef51f4b3	90b33699e21bec206fb89eb5cec3b00d3a848f79e827f70b758db2f148a6c826	divergent	
nist-pdf-0016	pdf	3	full	4985abdcbb1b4b2f3b6257b8b1da429e833871d1243e3a5fa112ffa1345fec82	ab2983aa7dbabe7fbdda0b7e17d42b74ec80e2c9e0e895344204f35bf44242b6	raw	
nist-pdf-0016	pdf	3	full	2db4eeedd4c079afd858683701b1e016482bdd29302274bc3f99e8f0cd7f2b18	05b642dd44c4e7249c0aba8bb161f40e10014d516be26a0c579b9189f7bb346a	shape	
nist-pdf-0016	pdf	3	full	2db4eeedd4c079afd858683701b1e016482bdd29302274bc3f99e8f0cd7f2b18	05b642dd44c4e7249c0aba8bb161f40e10014d516be26a0c579b9189f7bb346a	shape	
nist-pdf-0016	pdf	3	full	db8859641d10fbfd9978699914a3d99aabd8418735eef6d52ea20f32ef51f4b3	90b33699e21bec206fb89eb5cec3b00d3a848f79e827f70b758db2f148a6c826	divergent	
nist-pdf-0016	pdf	3	full	4985abdcbb1b4b2f3b6257b8b1da429e833871d1243e3a5fa112ffa1345fec82	ab2983aa7dbabe7fbdda0b7e17d42b74ec80e2c9e0e895344204f35bf44242b6	raw	
nist-pdf-0016	pdf	3	full	2db4eeedd4c079afd858683701b1e016482bdd29302274bc3f99e8f0cd7f2b18	05b642dd44c4e7249c0aba8bb161f40e10014d516be26a0c579b9189f7bb346a	shape	
nist-pdf-0016	pdf	3	full	93d14dd7eab8f92a490d93a5f9fcc6352c95e74c1dbc5fa02181c9ce7ee442fb	3b31e977fa2db390d7b2afc84be47d3cc45ced3f6a91752157be34d06f9daff6	shape	
nist-pdf-0016	pdf	3	full	93d14dd7eab8f92a490d93a5f9fcc6352c95e74c1dbc5fa02181c9ce7ee442fb	3b31e977fa2db390d7b2afc84be47d3cc45ced3f6a91752157be34d06f9daff6	shape	
nist-pdf-0016	pdf	3	full	2db4eeedd4c079afd858683701b1e016482bdd29302274bc3f99e8f0cd7f2b18	05b642dd44c4e7249c0aba8bb161f40e10014d516be26a0c579b9189f7bb346a	shape	
nist-pdf-0016	pdf	3	full	2db4eeedd4c079afd858683701b1e016482bdd29302274bc3f99e8f0cd7f2b18	05b642dd44c4e7249c0aba8bb161f40e10014d516be26a0c579b9189f7bb346a	shape	
nist-pdf-0016	pdf	4	full	db8859641d10fbfd9978699914a3d99aabd8418735eef6d52ea20f32ef51f4b3	5b3140e9f66dbf2bcd49050c83eb2b3eb500a968cffc15ebfe397a8e2ea3d8d4	divergent	
nist-pdf-0016	pdf	4	full	93d14dd7eab8f92a490d93a5f9fcc6352c95e74c1dbc5fa02181c9ce7ee442fb	2d51fb42003dd8c8e8ec46fcd206d30f8e5add5c8ab257e9c935f70cd45e9774	shape	
nist-pdf-0016	pdf	4	full	db8859641d10fbfd9978699914a3d99aabd8418735eef6d52ea20f32ef51f4b3	5b3140e9f66dbf2bcd49050c83eb2b3eb500a968cffc15ebfe397a8e2ea3d8d4	divergent	
nist-pdf-0016	pdf	4	full	db8859641d10fbfd9978699914a3d99aabd8418735eef6d52ea20f32ef51f4b3	5b3140e9f66dbf2bcd49050c83eb2b3eb500a968cffc15ebfe397a8e2ea3d8d4	divergent	
nist-pdf-0016	pdf	4	full	2db4eeedd4c079afd858683701b1e016482bdd29302274bc3f99e8f0cd7f2b18	691f22358c5751cecda1e75a8bbe3053b88383b0cbeb236f6f16843f4ab0d864	observable	
nist-pdf-0016	pdf	4	full	2db4eeedd4c079afd858683701b1e016482bdd29302274bc3f99e8f0cd7f2b18	691f22358c5751cecda1e75a8bbe3053b88383b0cbeb236f6f16843f4ab0d864	observable	
nist-pdf-0016	pdf	4	full	2db4eeedd4c079afd858683701b1e016482bdd29302274bc3f99e8f0cd7f2b18	691f22358c5751cecda1e75a8bbe3053b88383b0cbeb236f6f16843f4ab0d864	observable	
nist-pdf-0016	pdf	4	full	2db4eeedd4c079afd858683701b1e016482bdd29302274bc3f99e8f0cd7f2b18	691f22358c5751cecda1e75a8bbe3053b88383b0cbeb236f6f16843f4ab0d864	observable	
nist-pdf-0016	pdf	4	full	db8859641d10fbfd9978699914a3d99aabd8418735eef6d52ea20f32ef51f4b3	5b3140e9f66dbf2bcd49050c83eb2b3eb500a968cffc15ebfe397a8e2ea3d8d4	divergent	
nist-pdf-0016	pdf	4	full	93d14dd7eab8f92a490d93a5f9fcc6352c95e74c1dbc5fa02181c9ce7ee442fb	2d51fb42003dd8c8e8ec46fcd206d30f8e5add5c8ab257e9c935f70cd45e9774	shape	
nist-pdf-0016	pdf	4	full	4985abdcbb1b4b2f3b6257b8b1da429e833871d1243e3a5fa112ffa1345fec82	0a660902d7fdfe0383eaf5d0702a0989b01336cc0625b9fbf0cdec5bb3b84276	raw	
nist-pdf-0016	pdf	4	full	4985abdcbb1b4b2f3b6257b8b1da429e833871d1243e3a5fa112ffa1345fec82	0a660902d7fdfe0383eaf5d0702a0989b01336cc0625b9fbf0cdec5bb3b84276	raw	
nist-pdf-0016	pdf	4	full	2db4eeedd4c079afd858683701b1e016482bdd29302274bc3f99e8f0cd7f2b18	691f22358c5751cecda1e75a8bbe3053b88383b0cbeb236f6f16843f4ab0d864	observable	
nist-pdf-0016	pdf	4	full	db8859641d10fbfd9978699914a3d99aabd8418735eef6d52ea20f32ef51f4b3	5b3140e9f66dbf2bcd49050c83eb2b3eb500a968cffc15ebfe397a8e2ea3d8d4	divergent	
nist-pdf-0016	pdf	4	full	4985abdcbb1b4b2f3b6257b8b1da429e833871d1243e3a5fa112ffa1345fec82	0a660902d7fdfe0383eaf5d0702a0989b01336cc0625b9fbf0cdec5bb3b84276	raw	
nist-pdf-0016	pdf	4	full	2db4eeedd4c079afd858683701b1e016482bdd29302274bc3f99e8f0cd7f2b18	691f22358c5751cecda1e75a8bbe3053b88383b0cbeb236f6f16843f4ab0d864	observable	
nist-pdf-0016	pdf	4	full	2db4eeedd4c079afd858683701b1e016482bdd29302274bc3f99e8f0cd7f2b18	691f22358c5751cecda1e75a8bbe3053b88383b0cbeb236f6f16843f4ab0d864	observable	
nist-pdf-0016	pdf	4	full	db8859641d10fbfd9978699914a3d99aabd8418735eef6d52ea20f32ef51f4b3	5b3140e9f66dbf2bcd49050c83eb2b3eb500a968cffc15ebfe397a8e2ea3d8d4	divergent	
nist-pdf-0016	pdf	4	full	4985abdcbb1b4b2f3b6257b8b1da429e833871d1243e3a5fa112ffa1345fec82	0a660902d7fdfe0383eaf5d0702a0989b01336cc0625b9fbf0cdec5bb3b84276	raw	
nist-pdf-0016	pdf	4	full	2db4eeedd4c079afd858683701b1e016482bdd29302274bc3f99e8f0cd7f2b18	691f22358c5751cecda1e75a8bbe3053b88383b0cbeb236f6f16843f4ab0d864	observable	
nist-pdf-0016	pdf	4	full	93d14dd7eab8f92a490d93a5f9fcc6352c95e74c1dbc5fa02181c9ce7ee442fb	2d51fb42003dd8c8e8ec46fcd206d30f8e5add5c8ab257e9c935f70cd45e9774	shape	
nist-pdf-0016	pdf	4	full	93d14dd7eab8f92a490d93a5f9fcc6352c95e74c1dbc5fa02181c9ce7ee442fb	2d51fb42003dd8c8e8ec46fcd206d30f8e5add5c8ab257e9c935f70cd45e9774	shape	
nist-pdf-0016	pdf	4	full	2db4eeedd4c079afd858683701b1e016482bdd29302274bc3f99e8f0cd7f2b18	691f22358c5751cecda1e75a8bbe3053b88383b0cbeb236f6f16843f4ab0d864	observable	
nist-pdf-0016	pdf	4	full	2db4eeedd4c079afd858683701b1e016482bdd29302274bc3f99e8f0cd7f2b18	691f22358c5751cecda1e75a8bbe3053b88383b0cbeb236f6f16843f4ab0d864	observable	
nist-pdf-0016	pdf	5	full	db8859641d10fbfd9978699914a3d99aabd8418735eef6d52ea20f32ef51f4b3	5b3140e9f66dbf2bcd49050c83eb2b3eb500a968cffc15ebfe397a8e2ea3d8d4	divergent	
nist-pdf-0016	pdf	5	full	93d14dd7eab8f92a490d93a5f9fcc6352c95e74c1dbc5fa02181c9ce7ee442fb	2d51fb42003dd8c8e8ec46fcd206d30f8e5add5c8ab257e9c935f70cd45e9774	shape	
nist-pdf-0016	pdf	5	full	db8859641d10fbfd9978699914a3d99aabd8418735eef6d52ea20f32ef51f4b3	5b3140e9f66dbf2bcd49050c83eb2b3eb500a968cffc15ebfe397a8e2ea3d8d4	divergent	
nist-pdf-0016	pdf	5	full	db8859641d10fbfd9978699914a3d99aabd8418735eef6d52ea20f32ef51f4b3	5b3140e9f66dbf2bcd49050c83eb2b3eb500a968cffc15ebfe397a8e2ea3d8d4	divergent	
nist-pdf-0016	pdf	5	full	2db4eeedd4c079afd858683701b1e016482bdd29302274bc3f99e8f0cd7f2b18	691f22358c5751cecda1e75a8bbe3053b88383b0cbeb236f6f16843f4ab0d864	observable	
nist-pdf-0016	pdf	5	full	2db4eeedd4c079afd858683701b1e016482bdd29302274bc3f99e8f0cd7f2b18	691f22358c5751cecda1e75a8bbe3053b88383b0cbeb236f6f16843f4ab0d864	observable	
nist-pdf-0016	pdf	5	full	2db4eeedd4c079afd858683701b1e016482bdd29302274bc3f99e8f0cd7f2b18	691f22358c5751cecda1e75a8bbe3053b88383b0cbeb236f6f16843f4ab0d864	observable	
nist-pdf-0016	pdf	5	full	2db4eeedd4c079afd858683701b1e016482bdd29302274bc3f99e8f0cd7f2b18	691f22358c5751cecda1e75a8bbe3053b88383b0cbeb236f6f16843f4ab0d864	observable	
nist-pdf-0016	pdf	5	full	db8859641d10fbfd9978699914a3d99aabd8418735eef6d52ea20f32ef51f4b3	5b3140e9f66dbf2bcd49050c83eb2b3eb500a968cffc15ebfe397a8e2ea3d8d4	divergent	
nist-pdf-0016	pdf	5	full	93d14dd7eab8f92a490d93a5f9fcc6352c95e74c1dbc5fa02181c9ce7ee442fb	2d51fb42003dd8c8e8ec46fcd206d30f8e5add5c8ab257e9c935f70cd45e9774	shape	
nist-pdf-0016	pdf	5	full	4985abdcbb1b4b2f3b6257b8b1da429e833871d1243e3a5fa112ffa1345fec82	0a660902d7fdfe0383eaf5d0702a0989b01336cc0625b9fbf0cdec5bb3b84276	raw	
nist-pdf-0016	pdf	5	full	4985abdcbb1b4b2f3b6257b8b1da429e833871d1243e3a5fa112ffa1345fec82	0a660902d7fdfe0383eaf5d0702a0989b01336cc0625b9fbf0cdec5bb3b84276	raw	
nist-pdf-0016	pdf	5	full	2db4eeedd4c079afd858683701b1e016482bdd29302274bc3f99e8f0cd7f2b18	691f22358c5751cecda1e75a8bbe3053b88383b0cbeb236f6f16843f4ab0d864	observable	
nist-pdf-0016	pdf	5	full	db8859641d10fbfd9978699914a3d99aabd8418735eef6d52ea20f32ef51f4b3	5b3140e9f66dbf2bcd49050c83eb2b3eb500a968cffc15ebfe397a8e2ea3d8d4	divergent	
nist-pdf-0016	pdf	5	full	4985abdcbb1b4b2f3b6257b8b1da429e833871d1243e3a5fa112ffa1345fec82	0a660902d7fdfe0383eaf5d0702a0989b01336cc0625b9fbf0cdec5bb3b84276	raw	
nist-pdf-0016	pdf	5	full	2db4eeedd4c079afd858683701b1e016482bdd29302274bc3f99e8f0cd7f2b18	691f22358c5751cecda1e75a8bbe3053b88383b0cbeb236f6f16843f4ab0d864	observable	
nist-pdf-0016	pdf	5	full	2db4eeedd4c079afd858683701b1e016482bdd29302274bc3f99e8f0cd7f2b18	691f22358c5751cecda1e75a8bbe3053b88383b0cbeb236f6f16843f4ab0d864	observable	
nist-pdf-0016	pdf	5	full	db8859641d10fbfd9978699914a3d99aabd8418735eef6d52ea20f32ef51f4b3	5b3140e9f66dbf2bcd49050c83eb2b3eb500a968cffc15ebfe397a8e2ea3d8d4	divergent	
nist-pdf-0016	pdf	5	full	4985abdcbb1b4b2f3b6257b8b1da429e833871d1243e3a5fa112ffa1345fec82	0a660902d7fdfe0383eaf5d0702a0989b01336cc0625b9fbf0cdec5bb3b84276	raw	
nist-pdf-0016	pdf	5	full	2db4eeedd4c079afd858683701b1e016482bdd29302274bc3f99e8f0cd7f2b18	691f22358c5751cecda1e75a8bbe3053b88383b0cbeb236f6f16843f4ab0d864	observable	
nist-pdf-0016	pdf	5	full	93d14dd7eab8f92a490d93a5f9fcc6352c95e74c1dbc5fa02181c9ce7ee442fb	2d51fb42003dd8c8e8ec46fcd206d30f8e5add5c8ab257e9c935f70cd45e9774	shape	
nist-pdf-0016	pdf	5	full	93d14dd7eab8f92a490d93a5f9fcc6352c95e74c1dbc5fa02181c9ce7ee442fb	2d51fb42003dd8c8e8ec46fcd206d30f8e5add5c8ab257e9c935f70cd45e9774	shape	
nist-pdf-0016	pdf	5	full	2db4eeedd4c079afd858683701b1e016482bdd29302274bc3f99e8f0cd7f2b18	691f22358c5751cecda1e75a8bbe3053b88383b0cbeb236f6f16843f4ab0d864	observable	
nist-pdf-0016	pdf	5	full	2db4eeedd4c079afd858683701b1e016482bdd29302274bc3f99e8f0cd7f2b18	691f22358c5751cecda1e75a8bbe3053b88383b0cbeb236f6f16843f4ab0d864	observable	
nist-pdf-0017	pdf	0	full	57c91344d44824838030334cecfd02f6ad9512cffae6f6c4bef0f267bc5c66b1	d6af1bec2659f0739982bf043e8bd05d708995a4465c79aafddd01e5ba54d55a	raw	
nist-pdf-0017	pdf	0	full	57c91344d44824838030334cecfd02f6ad9512cffae6f6c4bef0f267bc5c66b1	d6af1bec2659f0739982bf043e8bd05d708995a4465c79aafddd01e5ba54d55a	raw	
nist-pdf-0017	pdf	0	full	4ba4b70caef4fce585f2c1e3b61bd3449cd4461fe01121981016215903c03009	3b3c636e89f4710792a0be6602bfeacbf0eb817ee98d4cea641eb94567d94838	shape	
nist-pdf-0017	pdf	0	full	57c91344d44824838030334cecfd02f6ad9512cffae6f6c4bef0f267bc5c66b1	d6af1bec2659f0739982bf043e8bd05d708995a4465c79aafddd01e5ba54d55a	raw	
nist-pdf-0017	pdf	0	full	e31b97aa230a216cabe510b6c97c01639c386333594e0fa359afcf7dbd9f7966	afabdf7aeac7efdc2c8253d3b447520549d6e2fe0068b4bcd9122692eddf4d0a	divergent	
nist-pdf-0017	pdf	0	full	57c91344d44824838030334cecfd02f6ad9512cffae6f6c4bef0f267bc5c66b1	d6af1bec2659f0739982bf043e8bd05d708995a4465c79aafddd01e5ba54d55a	raw	
nist-pdf-0017	pdf	0	full	57c91344d44824838030334cecfd02f6ad9512cffae6f6c4bef0f267bc5c66b1	d6af1bec2659f0739982bf043e8bd05d708995a4465c79aafddd01e5ba54d55a	raw	
nist-pdf-0017	pdf	0	full	4ba4b70caef4fce585f2c1e3b61bd3449cd4461fe01121981016215903c03009	3b3c636e89f4710792a0be6602bfeacbf0eb817ee98d4cea641eb94567d94838	shape	
nist-pdf-0017	pdf	0	full	4ba4b70caef4fce585f2c1e3b61bd3449cd4461fe01121981016215903c03009	3b3c636e89f4710792a0be6602bfeacbf0eb817ee98d4cea641eb94567d94838	shape	
nist-pdf-0017	pdf	0	full	6f5b9ef692ad220c0d140142448dd74d9257b14c768044026f03214e8acae304	3b35fdcb8718c32a27f5968bd6d95b2f82c3a0608cf7a991eb1417a626d4006f	shape	
nist-pdf-0017	pdf	0	full	e31b97aa230a216cabe510b6c97c01639c386333594e0fa359afcf7dbd9f7966	afabdf7aeac7efdc2c8253d3b447520549d6e2fe0068b4bcd9122692eddf4d0a	divergent	
nist-pdf-0017	pdf	0	full	4ba4b70caef4fce585f2c1e3b61bd3449cd4461fe01121981016215903c03009	3b3c636e89f4710792a0be6602bfeacbf0eb817ee98d4cea641eb94567d94838	shape	
nist-pdf-0017	pdf	0	full	4ba4b70caef4fce585f2c1e3b61bd3449cd4461fe01121981016215903c03009	3b3c636e89f4710792a0be6602bfeacbf0eb817ee98d4cea641eb94567d94838	shape	
nist-pdf-0017	pdf	0	full	e31b97aa230a216cabe510b6c97c01639c386333594e0fa359afcf7dbd9f7966	afabdf7aeac7efdc2c8253d3b447520549d6e2fe0068b4bcd9122692eddf4d0a	divergent	
nist-pdf-0017	pdf	0	full	6f5b9ef692ad220c0d140142448dd74d9257b14c768044026f03214e8acae304	3b35fdcb8718c32a27f5968bd6d95b2f82c3a0608cf7a991eb1417a626d4006f	shape	
nist-pdf-0017	pdf	0	full	57c91344d44824838030334cecfd02f6ad9512cffae6f6c4bef0f267bc5c66b1	d6af1bec2659f0739982bf043e8bd05d708995a4465c79aafddd01e5ba54d55a	raw	
nist-pdf-0017	pdf	0	full	6f5b9ef692ad220c0d140142448dd74d9257b14c768044026f03214e8acae304	3b35fdcb8718c32a27f5968bd6d95b2f82c3a0608cf7a991eb1417a626d4006f	shape	
nist-pdf-0017	pdf	0	full	4ba4b70caef4fce585f2c1e3b61bd3449cd4461fe01121981016215903c03009	3b3c636e89f4710792a0be6602bfeacbf0eb817ee98d4cea641eb94567d94838	shape	
nist-pdf-0017	pdf	0	full	4ba4b70caef4fce585f2c1e3b61bd3449cd4461fe01121981016215903c03009	3b3c636e89f4710792a0be6602bfeacbf0eb817ee98d4cea641eb94567d94838	shape	
nist-pdf-0017	pdf	0	full	e31b97aa230a216cabe510b6c97c01639c386333594e0fa359afcf7dbd9f7966	afabdf7aeac7efdc2c8253d3b447520549d6e2fe0068b4bcd9122692eddf4d0a	divergent	
nist-pdf-0017	pdf	0	full	6f5b9ef692ad220c0d140142448dd74d9257b14c768044026f03214e8acae304	3b35fdcb8718c32a27f5968bd6d95b2f82c3a0608cf7a991eb1417a626d4006f	shape	
nist-pdf-0017	pdf	0	full	4ba4b70caef4fce585f2c1e3b61bd3449cd4461fe01121981016215903c03009	3b3c636e89f4710792a0be6602bfeacbf0eb817ee98d4cea641eb94567d94838	shape	
nist-pdf-0017	pdf	0	full	4ba4b70caef4fce585f2c1e3b61bd3449cd4461fe01121981016215903c03009	3b3c636e89f4710792a0be6602bfeacbf0eb817ee98d4cea641eb94567d94838	shape	
nist-pdf-0017	pdf	0	full	6f5b9ef692ad220c0d140142448dd74d9257b14c768044026f03214e8acae304	3b35fdcb8718c32a27f5968bd6d95b2f82c3a0608cf7a991eb1417a626d4006f	shape	
nist-pdf-0017	pdf	1	full	57c91344d44824838030334cecfd02f6ad9512cffae6f6c4bef0f267bc5c66b1	3d3373690b3d3e01ecf4836e8e759f689c8339055150d65cc4ed2f501659ffc1	raw	
nist-pdf-0017	pdf	1	full	57c91344d44824838030334cecfd02f6ad9512cffae6f6c4bef0f267bc5c66b1	3d3373690b3d3e01ecf4836e8e759f689c8339055150d65cc4ed2f501659ffc1	raw	
nist-pdf-0017	pdf	1	full	4ba4b70caef4fce585f2c1e3b61bd3449cd4461fe01121981016215903c03009	3b3c636e89f4710792a0be6602bfeacbf0eb817ee98d4cea641eb94567d94838	shape	
nist-pdf-0017	pdf	1	full	57c91344d44824838030334cecfd02f6ad9512cffae6f6c4bef0f267bc5c66b1	3d3373690b3d3e01ecf4836e8e759f689c8339055150d65cc4ed2f501659ffc1	raw	
nist-pdf-0017	pdf	1	full	e31b97aa230a216cabe510b6c97c01639c386333594e0fa359afcf7dbd9f7966	0fdd17fb2345f445e42cefeab0a3ca3e8f9a7e7d0171a41d2c267c7a8e523dc3	divergent	
nist-pdf-0017	pdf	1	full	57c91344d44824838030334cecfd02f6ad9512cffae6f6c4bef0f267bc5c66b1	3d3373690b3d3e01ecf4836e8e759f689c8339055150d65cc4ed2f501659ffc1	raw	
nist-pdf-0017	pdf	1	full	57c91344d44824838030334cecfd02f6ad9512cffae6f6c4bef0f267bc5c66b1	3d3373690b3d3e01ecf4836e8e759f689c8339055150d65cc4ed2f501659ffc1	raw	
nist-pdf-0017	pdf	1	full	4ba4b70caef4fce585f2c1e3b61bd3449cd4461fe01121981016215903c03009	3b3c636e89f4710792a0be6602bfeacbf0eb817ee98d4cea641eb94567d94838	shape	
nist-pdf-0017	pdf	1	full	4ba4b70caef4fce585f2c1e3b61bd3449cd4461fe01121981016215903c03009	3b3c636e89f4710792a0be6602bfeacbf0eb817ee98d4cea641eb94567d94838	shape	
nist-pdf-0017	pdf	1	full	6f5b9ef692ad220c0d140142448dd74d9257b14c768044026f03214e8acae304	99510e8adbbf1e659cf80dd6316e85dcba73d713b52e186bbb9d1cb96c95f2a4	shape	
nist-pdf-0017	pdf	1	full	e31b97aa230a216cabe510b6c97c01639c386333594e0fa359afcf7dbd9f7966	0fdd17fb2345f445e42cefeab0a3ca3e8f9a7e7d0171a41d2c267c7a8e523dc3	divergent	
nist-pdf-0017	pdf	1	full	4ba4b70caef4fce585f2c1e3b61bd3449cd4461fe01121981016215903c03009	3b3c636e89f4710792a0be6602bfeacbf0eb817ee98d4cea641eb94567d94838	shape	
nist-pdf-0017	pdf	1	full	4ba4b70caef4fce585f2c1e3b61bd3449cd4461fe01121981016215903c03009	3b3c636e89f4710792a0be6602bfeacbf0eb817ee98d4cea641eb94567d94838	shape	
nist-pdf-0017	pdf	1	full	e31b97aa230a216cabe510b6c97c01639c386333594e0fa359afcf7dbd9f7966	0fdd17fb2345f445e42cefeab0a3ca3e8f9a7e7d0171a41d2c267c7a8e523dc3	divergent	
nist-pdf-0017	pdf	1	full	6f5b9ef692ad220c0d140142448dd74d9257b14c768044026f03214e8acae304	99510e8adbbf1e659cf80dd6316e85dcba73d713b52e186bbb9d1cb96c95f2a4	shape	
nist-pdf-0017	pdf	1	full	57c91344d44824838030334cecfd02f6ad9512cffae6f6c4bef0f267bc5c66b1	3d3373690b3d3e01ecf4836e8e759f689c8339055150d65cc4ed2f501659ffc1	raw	
nist-pdf-0017	pdf	1	full	6f5b9ef692ad220c0d140142448dd74d9257b14c768044026f03214e8acae304	99510e8adbbf1e659cf80dd6316e85dcba73d713b52e186bbb9d1cb96c95f2a4	shape	
nist-pdf-0017	pdf	1	full	4ba4b70caef4fce585f2c1e3b61bd3449cd4461fe01121981016215903c03009	3b3c636e89f4710792a0be6602bfeacbf0eb817ee98d4cea641eb94567d94838	shape	
nist-pdf-0017	pdf	1	full	4ba4b70caef4fce585f2c1e3b61bd3449cd4461fe01121981016215903c03009	3b3c636e89f4710792a0be6602bfeacbf0eb817ee98d4cea641eb94567d94838	shape	
nist-pdf-0017	pdf	1	full	e31b97aa230a216cabe510b6c97c01639c386333594e0fa359afcf7dbd9f7966	0fdd17fb2345f445e42cefeab0a3ca3e8f9a7e7d0171a41d2c267c7a8e523dc3	divergent	
nist-pdf-0017	pdf	1	full	6f5b9ef692ad220c0d140142448dd74d9257b14c768044026f03214e8acae304	99510e8adbbf1e659cf80dd6316e85dcba73d713b52e186bbb9d1cb96c95f2a4	shape	
nist-pdf-0017	pdf	1	full	4ba4b70caef4fce585f2c1e3b61bd3449cd4461fe01121981016215903c03009	3b3c636e89f4710792a0be6602bfeacbf0eb817ee98d4cea641eb94567d94838	shape	
nist-pdf-0017	pdf	1	full	4ba4b70caef4fce585f2c1e3b61bd3449cd4461fe01121981016215903c03009	3b3c636e89f4710792a0be6602bfeacbf0eb817ee98d4cea641eb94567d94838	shape	
nist-pdf-0017	pdf	1	full	6f5b9ef692ad220c0d140142448dd74d9257b14c768044026f03214e8acae304	99510e8adbbf1e659cf80dd6316e85dcba73d713b52e186bbb9d1cb96c95f2a4	shape	
nist-pdf-0017	pdf	2	full	57c91344d44824838030334cecfd02f6ad9512cffae6f6c4bef0f267bc5c66b1	de0575bb6a2dfb782649071e0990ee841f81ac389482f7ab3e16ef4b171fe661	raw	
nist-pdf-0017	pdf	2	full	57c91344d44824838030334cecfd02f6ad9512cffae6f6c4bef0f267bc5c66b1	de0575bb6a2dfb782649071e0990ee841f81ac389482f7ab3e16ef4b171fe661	raw	
nist-pdf-0017	pdf	2	full	4ba4b70caef4fce585f2c1e3b61bd3449cd4461fe01121981016215903c03009	3b3c636e89f4710792a0be6602bfeacbf0eb817ee98d4cea641eb94567d94838	shape	
nist-pdf-0017	pdf	2	full	57c91344d44824838030334cecfd02f6ad9512cffae6f6c4bef0f267bc5c66b1	de0575bb6a2dfb782649071e0990ee841f81ac389482f7ab3e16ef4b171fe661	raw	
nist-pdf-0017	pdf	2	full	e31b97aa230a216cabe510b6c97c01639c386333594e0fa359afcf7dbd9f7966	bdecf239071bad2717ef9ee19cc59532522d95c97e619a0c15079e447c08bddf	divergent	
nist-pdf-0017	pdf	2	full	57c91344d44824838030334cecfd02f6ad9512cffae6f6c4bef0f267bc5c66b1	de0575bb6a2dfb782649071e0990ee841f81ac389482f7ab3e16ef4b171fe661	raw	
nist-pdf-0017	pdf	2	full	57c91344d44824838030334cecfd02f6ad9512cffae6f6c4bef0f267bc5c66b1	de0575bb6a2dfb782649071e0990ee841f81ac389482f7ab3e16ef4b171fe661	raw	
nist-pdf-0017	pdf	2	full	4ba4b70caef4fce585f2c1e3b61bd3449cd4461fe01121981016215903c03009	3b3c636e89f4710792a0be6602bfeacbf0eb817ee98d4cea641eb94567d94838	shape	
nist-pdf-0017	pdf	2	full	4ba4b70caef4fce585f2c1e3b61bd3449cd4461fe01121981016215903c03009	3b3c636e89f4710792a0be6602bfeacbf0eb817ee98d4cea641eb94567d94838	shape	
nist-pdf-0017	pdf	2	full	6f5b9ef692ad220c0d140142448dd74d9257b14c768044026f03214e8acae304	99510e8adbbf1e659cf80dd6316e85dcba73d713b52e186bbb9d1cb96c95f2a4	shape	
nist-pdf-0017	pdf	2	full	e31b97aa230a216cabe510b6c97c01639c386333594e0fa359afcf7dbd9f7966	bdecf239071bad2717ef9ee19cc59532522d95c97e619a0c15079e447c08bddf	divergent	
nist-pdf-0017	pdf	2	full	4ba4b70caef4fce585f2c1e3b61bd3449cd4461fe01121981016215903c03009	3b3c636e89f4710792a0be6602bfeacbf0eb817ee98d4cea641eb94567d94838	shape	
nist-pdf-0017	pdf	2	full	4ba4b70caef4fce585f2c1e3b61bd3449cd4461fe01121981016215903c03009	3b3c636e89f4710792a0be6602bfeacbf0eb817ee98d4cea641eb94567d94838	shape	
nist-pdf-0017	pdf	2	full	e31b97aa230a216cabe510b6c97c01639c386333594e0fa359afcf7dbd9f7966	bdecf239071bad2717ef9ee19cc59532522d95c97e619a0c15079e447c08bddf	divergent	
nist-pdf-0017	pdf	2	full	6f5b9ef692ad220c0d140142448dd74d9257b14c768044026f03214e8acae304	99510e8adbbf1e659cf80dd6316e85dcba73d713b52e186bbb9d1cb96c95f2a4	shape	
nist-pdf-0017	pdf	2	full	57c91344d44824838030334cecfd02f6ad9512cffae6f6c4bef0f267bc5c66b1	de0575bb6a2dfb782649071e0990ee841f81ac389482f7ab3e16ef4b171fe661	raw	
nist-pdf-0017	pdf	2	full	6f5b9ef692ad220c0d140142448dd74d9257b14c768044026f03214e8acae304	99510e8adbbf1e659cf80dd6316e85dcba73d713b52e186bbb9d1cb96c95f2a4	shape	
nist-pdf-0017	pdf	2	full	4ba4b70caef4fce585f2c1e3b61bd3449cd4461fe01121981016215903c03009	3b3c636e89f4710792a0be6602bfeacbf0eb817ee98d4cea641eb94567d94838	shape	
nist-pdf-0017	pdf	2	full	4ba4b70caef4fce585f2c1e3b61bd3449cd4461fe01121981016215903c03009	3b3c636e89f4710792a0be6602bfeacbf0eb817ee98d4cea641eb94567d94838	shape	
nist-pdf-0017	pdf	2	full	e31b97aa230a216cabe510b6c97c01639c386333594e0fa359afcf7dbd9f7966	bdecf239071bad2717ef9ee19cc59532522d95c97e619a0c15079e447c08bddf	divergent	
nist-pdf-0017	pdf	2	full	6f5b9ef692ad220c0d140142448dd74d9257b14c768044026f03214e8acae304	99510e8adbbf1e659cf80dd6316e85dcba73d713b52e186bbb9d1cb96c95f2a4	shape	
nist-pdf-0017	pdf	2	full	4ba4b70caef4fce585f2c1e3b61bd3449cd4461fe01121981016215903c03009	3b3c636e89f4710792a0be6602bfeacbf0eb817ee98d4cea641eb94567d94838	shape	
nist-pdf-0017	pdf	2	full	4ba4b70caef4fce585f2c1e3b61bd3449cd4461fe01121981016215903c03009	3b3c636e89f4710792a0be6602bfeacbf0eb817ee98d4cea641eb94567d94838	shape	
nist-pdf-0017	pdf	2	full	6f5b9ef692ad220c0d140142448dd74d9257b14c768044026f03214e8acae304	99510e8adbbf1e659cf80dd6316e85dcba73d713b52e186bbb9d1cb96c95f2a4	shape	
nist-pdf-0017	pdf	3	full	57c91344d44824838030334cecfd02f6ad9512cffae6f6c4bef0f267bc5c66b1	de0575bb6a2dfb782649071e0990ee841f81ac389482f7ab3e16ef4b171fe661	raw	
nist-pdf-0017	pdf	3	full	57c91344d44824838030334cecfd02f6ad9512cffae6f6c4bef0f267bc5c66b1	de0575bb6a2dfb782649071e0990ee841f81ac389482f7ab3e16ef4b171fe661	raw	
nist-pdf-0017	pdf	3	full	4ba4b70caef4fce585f2c1e3b61bd3449cd4461fe01121981016215903c03009	3b3c636e89f4710792a0be6602bfeacbf0eb817ee98d4cea641eb94567d94838	shape	
nist-pdf-0017	pdf	3	full	57c91344d44824838030334cecfd02f6ad9512cffae6f6c4bef0f267bc5c66b1	de0575bb6a2dfb782649071e0990ee841f81ac389482f7ab3e16ef4b171fe661	raw	
nist-pdf-0017	pdf	3	full	e31b97aa230a216cabe510b6c97c01639c386333594e0fa359afcf7dbd9f7966	bdecf239071bad2717ef9ee19cc59532522d95c97e619a0c15079e447c08bddf	divergent	
nist-pdf-0017	pdf	3	full	57c91344d44824838030334cecfd02f6ad9512cffae6f6c4bef0f267bc5c66b1	de0575bb6a2dfb782649071e0990ee841f81ac389482f7ab3e16ef4b171fe661	raw	
nist-pdf-0017	pdf	3	full	57c91344d44824838030334cecfd02f6ad9512cffae6f6c4bef0f267bc5c66b1	de0575bb6a2dfb782649071e0990ee841f81ac389482f7ab3e16ef4b171fe661	raw	
nist-pdf-0017	pdf	3	full	4ba4b70caef4fce585f2c1e3b61bd3449cd4461fe01121981016215903c03009	3b3c636e89f4710792a0be6602bfeacbf0eb817ee98d4cea641eb94567d94838	shape	
nist-pdf-0017	pdf	3	full	4ba4b70caef4fce585f2c1e3b61bd3449cd4461fe01121981016215903c03009	3b3c636e89f4710792a0be6602bfeacbf0eb817ee98d4cea641eb94567d94838	shape	
nist-pdf-0017	pdf	3	full	6f5b9ef692ad220c0d140142448dd74d9257b14c768044026f03214e8acae304	99510e8adbbf1e659cf80dd6316e85dcba73d713b52e186bbb9d1cb96c95f2a4	shape	
nist-pdf-0017	pdf	3	full	e31b97aa230a216cabe510b6c97c01639c386333594e0fa359afcf7dbd9f7966	bdecf239071bad2717ef9ee19cc59532522d95c97e619a0c15079e447c08bddf	divergent	
nist-pdf-0017	pdf	3	full	4ba4b70caef4fce585f2c1e3b61bd3449cd4461fe01121981016215903c03009	3b3c636e89f4710792a0be6602bfeacbf0eb817ee98d4cea641eb94567d94838	shape	
nist-pdf-0017	pdf	3	full	4ba4b70caef4fce585f2c1e3b61bd3449cd4461fe01121981016215903c03009	3b3c636e89f4710792a0be6602bfeacbf0eb817ee98d4cea641eb94567d94838	shape	
nist-pdf-0017	pdf	3	full	e31b97aa230a216cabe510b6c97c01639c386333594e0fa359afcf7dbd9f7966	bdecf239071bad2717ef9ee19cc59532522d95c97e619a0c15079e447c08bddf	divergent	
nist-pdf-0017	pdf	3	full	6f5b9ef692ad220c0d140142448dd74d9257b14c768044026f03214e8acae304	99510e8adbbf1e659cf80dd6316e85dcba73d713b52e186bbb9d1cb96c95f2a4	shape	
nist-pdf-0017	pdf	3	full	57c91344d44824838030334cecfd02f6ad9512cffae6f6c4bef0f267bc5c66b1	de0575bb6a2dfb782649071e0990ee841f81ac389482f7ab3e16ef4b171fe661	raw	
nist-pdf-0017	pdf	3	full	6f5b9ef692ad220c0d140142448dd74d9257b14c768044026f03214e8acae304	99510e8adbbf1e659cf80dd6316e85dcba73d713b52e186bbb9d1cb96c95f2a4	shape	
nist-pdf-0017	pdf	3	full	4ba4b70caef4fce585f2c1e3b61bd3449cd4461fe01121981016215903c03009	3b3c636e89f4710792a0be6602bfeacbf0eb817ee98d4cea641eb94567d94838	shape	
nist-pdf-0017	pdf	3	full	4ba4b70caef4fce585f2c1e3b61bd3449cd4461fe01121981016215903c03009	3b3c636e89f4710792a0be6602bfeacbf0eb817ee98d4cea641eb94567d94838	shape	
nist-pdf-0017	pdf	3	full	e31b97aa230a216cabe510b6c97c01639c386333594e0fa359afcf7dbd9f7966	bdecf239071bad2717ef9ee19cc59532522d95c97e619a0c15079e447c08bddf	divergent	
nist-pdf-0017	pdf	3	full	6f5b9ef692ad220c0d140142448dd74d9257b14c768044026f03214e8acae304	99510e8adbbf1e659cf80dd6316e85dcba73d713b52e186bbb9d1cb96c95f2a4	shape	
nist-pdf-0017	pdf	3	full	4ba4b70caef4fce585f2c1e3b61bd3449cd4461fe01121981016215903c03009	3b3c636e89f4710792a0be6602bfeacbf0eb817ee98d4cea641eb94567d94838	shape	
nist-pdf-0017	pdf	3	full	4ba4b70caef4fce585f2c1e3b61bd3449cd4461fe01121981016215903c03009	3b3c636e89f4710792a0be6602bfeacbf0eb817ee98d4cea641eb94567d94838	shape	
nist-pdf-0017	pdf	3	full	6f5b9ef692ad220c0d140142448dd74d9257b14c768044026f03214e8acae304	99510e8adbbf1e659cf80dd6316e85dcba73d713b52e186bbb9d1cb96c95f2a4	shape	
nist-pdf-0017	pdf	4	full	57c91344d44824838030334cecfd02f6ad9512cffae6f6c4bef0f267bc5c66b1	b765928c9b04464ef9628357589c8ed83ac45c5813458675a1b4449697cb2695	raw	
nist-pdf-0017	pdf	4	full	57c91344d44824838030334cecfd02f6ad9512cffae6f6c4bef0f267bc5c66b1	b765928c9b04464ef9628357589c8ed83ac45c5813458675a1b4449697cb2695	raw	
nist-pdf-0017	pdf	4	full	4ba4b70caef4fce585f2c1e3b61bd3449cd4461fe01121981016215903c03009	a98398073589927f53a8d12462360ef62e170c65e23a114c866321997f727487	observable	
nist-pdf-0017	pdf	4	full	57c91344d44824838030334cecfd02f6ad9512cffae6f6c4bef0f267bc5c66b1	b765928c9b04464ef9628357589c8ed83ac45c5813458675a1b4449697cb2695	raw	
nist-pdf-0017	pdf	4	full	e31b97aa230a216cabe510b6c97c01639c386333594e0fa359afcf7dbd9f7966	ad2e4c0658fd6a2d5d78f39846c1785e66a5fe491631ad243ceff8ff05ca24c0	divergent	
nist-pdf-0017	pdf	4	full	57c91344d44824838030334cecfd02f6ad9512cffae6f6c4bef0f267bc5c66b1	b765928c9b04464ef9628357589c8ed83ac45c5813458675a1b4449697cb2695	raw	
nist-pdf-0017	pdf	4	full	57c91344d44824838030334cecfd02f6ad9512cffae6f6c4bef0f267bc5c66b1	b765928c9b04464ef9628357589c8ed83ac45c5813458675a1b4449697cb2695	raw	
nist-pdf-0017	pdf	4	full	4ba4b70caef4fce585f2c1e3b61bd3449cd4461fe01121981016215903c03009	a98398073589927f53a8d12462360ef62e170c65e23a114c866321997f727487	observable	
nist-pdf-0017	pdf	4	full	4ba4b70caef4fce585f2c1e3b61bd3449cd4461fe01121981016215903c03009	a98398073589927f53a8d12462360ef62e170c65e23a114c866321997f727487	observable	
nist-pdf-0017	pdf	4	full	6f5b9ef692ad220c0d140142448dd74d9257b14c768044026f03214e8acae304	da55cc09bd01169b32d18d17d1c0e2a259d19b4a8056e0cc86b1c85914de6064	shape	
nist-pdf-0017	pdf	4	full	e31b97aa230a216cabe510b6c97c01639c386333594e0fa359afcf7dbd9f7966	ad2e4c0658fd6a2d5d78f39846c1785e66a5fe491631ad243ceff8ff05ca24c0	divergent	
nist-pdf-0017	pdf	4	full	4ba4b70caef4fce585f2c1e3b61bd3449cd4461fe01121981016215903c03009	a98398073589927f53a8d12462360ef62e170c65e23a114c866321997f727487	observable	
nist-pdf-0017	pdf	4	full	4ba4b70caef4fce585f2c1e3b61bd3449cd4461fe01121981016215903c03009	a98398073589927f53a8d12462360ef62e170c65e23a114c866321997f727487	observable	
nist-pdf-0017	pdf	4	full	e31b97aa230a216cabe510b6c97c01639c386333594e0fa359afcf7dbd9f7966	ad2e4c0658fd6a2d5d78f39846c1785e66a5fe491631ad243ceff8ff05ca24c0	divergent	
nist-pdf-0017	pdf	4	full	6f5b9ef692ad220c0d140142448dd74d9257b14c768044026f03214e8acae304	da55cc09bd01169b32d18d17d1c0e2a259d19b4a8056e0cc86b1c85914de6064	shape	
nist-pdf-0017	pdf	4	full	57c91344d44824838030334cecfd02f6ad9512cffae6f6c4bef0f267bc5c66b1	b765928c9b04464ef9628357589c8ed83ac45c5813458675a1b4449697cb2695	raw	
nist-pdf-0017	pdf	4	full	6f5b9ef692ad220c0d140142448dd74d9257b14c768044026f03214e8acae304	da55cc09bd01169b32d18d17d1c0e2a259d19b4a8056e0cc86b1c85914de6064	shape	
nist-pdf-0017	pdf	4	full	4ba4b70caef4fce585f2c1e3b61bd3449cd4461fe01121981016215903c03009	a98398073589927f53a8d12462360ef62e170c65e23a114c866321997f727487	observable	
nist-pdf-0017	pdf	4	full	4ba4b70caef4fce585f2c1e3b61bd3449cd4461fe01121981016215903c03009	a98398073589927f53a8d12462360ef62e170c65e23a114c866321997f727487	observable	
nist-pdf-0017	pdf	4	full	e31b97aa230a216cabe510b6c97c01639c386333594e0fa359afcf7dbd9f7966	ad2e4c0658fd6a2d5d78f39846c1785e66a5fe491631ad243ceff8ff05ca24c0	divergent	
nist-pdf-0017	pdf	4	full	6f5b9ef692ad220c0d140142448dd74d9257b14c768044026f03214e8acae304	da55cc09bd01169b32d18d17d1c0e2a259d19b4a8056e0cc86b1c85914de6064	shape	
nist-pdf-0017	pdf	4	full	4ba4b70caef4fce585f2c1e3b61bd3449cd4461fe01121981016215903c03009	a98398073589927f53a8d12462360ef62e170c65e23a114c866321997f727487	observable	
nist-pdf-0017	pdf	4	full	4ba4b70caef4fce585f2c1e3b61bd3449cd4461fe01121981016215903c03009	a98398073589927f53a8d12462360ef62e170c65e23a114c866321997f727487	observable	
nist-pdf-0017	pdf	4	full	6f5b9ef692ad220c0d140142448dd74d9257b14c768044026f03214e8acae304	da55cc09bd01169b32d18d17d1c0e2a259d19b4a8056e0cc86b1c85914de6064	shape	
nist-pdf-0017	pdf	5	full	57c91344d44824838030334cecfd02f6ad9512cffae6f6c4bef0f267bc5c66b1	b765928c9b04464ef9628357589c8ed83ac45c5813458675a1b4449697cb2695	raw	
nist-pdf-0017	pdf	5	full	57c91344d44824838030334cecfd02f6ad9512cffae6f6c4bef0f267bc5c66b1	b765928c9b04464ef9628357589c8ed83ac45c5813458675a1b4449697cb2695	raw	
nist-pdf-0017	pdf	5	full	4ba4b70caef4fce585f2c1e3b61bd3449cd4461fe01121981016215903c03009	a98398073589927f53a8d12462360ef62e170c65e23a114c866321997f727487	observable	
nist-pdf-0017	pdf	5	full	57c91344d44824838030334cecfd02f6ad9512cffae6f6c4bef0f267bc5c66b1	b765928c9b04464ef9628357589c8ed83ac45c5813458675a1b4449697cb2695	raw	
nist-pdf-0017	pdf	5	full	e31b97aa230a216cabe510b6c97c01639c386333594e0fa359afcf7dbd9f7966	ad2e4c0658fd6a2d5d78f39846c1785e66a5fe491631ad243ceff8ff05ca24c0	divergent	
nist-pdf-0017	pdf	5	full	57c91344d44824838030334cecfd02f6ad9512cffae6f6c4bef0f267bc5c66b1	b765928c9b04464ef9628357589c8ed83ac45c5813458675a1b4449697cb2695	raw	
nist-pdf-0017	pdf	5	full	57c91344d44824838030334cecfd02f6ad9512cffae6f6c4bef0f267bc5c66b1	b765928c9b04464ef9628357589c8ed83ac45c5813458675a1b4449697cb2695	raw	
nist-pdf-0017	pdf	5	full	4ba4b70caef4fce585f2c1e3b61bd3449cd4461fe01121981016215903c03009	a98398073589927f53a8d12462360ef62e170c65e23a114c866321997f727487	observable	
nist-pdf-0017	pdf	5	full	4ba4b70caef4fce585f2c1e3b61bd3449cd4461fe01121981016215903c03009	a98398073589927f53a8d12462360ef62e170c65e23a114c866321997f727487	observable	
nist-pdf-0017	pdf	5	full	6f5b9ef692ad220c0d140142448dd74d9257b14c768044026f03214e8acae304	da55cc09bd01169b32d18d17d1c0e2a259d19b4a8056e0cc86b1c85914de6064	shape	
nist-pdf-0017	pdf	5	full	e31b97aa230a216cabe510b6c97c01639c386333594e0fa359afcf7dbd9f7966	ad2e4c0658fd6a2d5d78f39846c1785e66a5fe491631ad243ceff8ff05ca24c0	divergent	
nist-pdf-0017	pdf	5	full	4ba4b70caef4fce585f2c1e3b61bd3449cd4461fe01121981016215903c03009	a98398073589927f53a8d12462360ef62e170c65e23a114c866321997f727487	observable	
nist-pdf-0017	pdf	5	full	4ba4b70caef4fce585f2c1e3b61bd3449cd4461fe01121981016215903c03009	a98398073589927f53a8d12462360ef62e170c65e23a114c866321997f727487	observable	
nist-pdf-0017	pdf	5	full	e31b97aa230a216cabe510b6c97c01639c386333594e0fa359afcf7dbd9f7966	ad2e4c0658fd6a2d5d78f39846c1785e66a5fe491631ad243ceff8ff05ca24c0	divergent	
nist-pdf-0017	pdf	5	full	6f5b9ef692ad220c0d140142448dd74d9257b14c768044026f03214e8acae304	da55cc09bd01169b32d18d17d1c0e2a259d19b4a8056e0cc86b1c85914de6064	shape	
nist-pdf-0017	pdf	5	full	57c91344d44824838030334cecfd02f6ad9512cffae6f6c4bef0f267bc5c66b1	b765928c9b04464ef9628357589c8ed83ac45c5813458675a1b4449697cb2695	raw	
nist-pdf-0017	pdf	5	full	6f5b9ef692ad220c0d140142448dd74d9257b14c768044026f03214e8acae304	da55cc09bd01169b32d18d17d1c0e2a259d19b4a8056e0cc86b1c85914de6064	shape	
nist-pdf-0017	pdf	5	full	4ba4b70caef4fce585f2c1e3b61bd3449cd4461fe01121981016215903c03009	a98398073589927f53a8d12462360ef62e170c65e23a114c866321997f727487	observable	
nist-pdf-0017	pdf	5	full	4ba4b70caef4fce585f2c1e3b61bd3449cd4461fe01121981016215903c03009	a98398073589927f53a8d12462360ef62e170c65e23a114c866321997f727487	observable	
nist-pdf-0017	pdf	5	full	e31b97aa230a216cabe510b6c97c01639c386333594e0fa359afcf7dbd9f7966	ad2e4c0658fd6a2d5d78f39846c1785e66a5fe491631ad243ceff8ff05ca24c0	divergent	
nist-pdf-0017	pdf	5	full	6f5b9ef692ad220c0d140142448dd74d9257b14c768044026f03214e8acae304	da55cc09bd01169b32d18d17d1c0e2a259d19b4a8056e0cc86b1c85914de6064	shape	
nist-pdf-0017	pdf	5	full	4ba4b70caef4fce585f2c1e3b61bd3449cd4461fe01121981016215903c03009	a98398073589927f53a8d12462360ef62e170c65e23a114c866321997f727487	observable	
nist-pdf-0017	pdf	5	full	4ba4b70caef4fce585f2c1e3b61bd3449cd4461fe01121981016215903c03009	a98398073589927f53a8d12462360ef62e170c65e23a114c866321997f727487	observable	
nist-pdf-0017	pdf	5	full	6f5b9ef692ad220c0d140142448dd74d9257b14c768044026f03214e8acae304	da55cc09bd01169b32d18d17d1c0e2a259d19b4a8056e0cc86b1c85914de6064	shape	
nist-docx-0005	docx	0	full	a7fe19ed991b1d6b8f575c2a01bd83eef9c5eb886c0d1c0edcfeaf3533cf6b5a	7e70f2c8358b5bdddfb60de568de2cb9dddfd864672540fdd96703c8e3d7b37b	shape	
nist-docx-0005	docx	0	full	d6d33dcc1a65b0d456c2aaac0a841e22db522bd5d4d6ab172d2e7292a47a6947	ca1cd9b72fac4348369d6f358a38b11d3493da5037a9a841eb578cdf658dfa54	shape	
nist-docx-0005	docx	0	full	a7fe19ed991b1d6b8f575c2a01bd83eef9c5eb886c0d1c0edcfeaf3533cf6b5a	7e70f2c8358b5bdddfb60de568de2cb9dddfd864672540fdd96703c8e3d7b37b	shape	
nist-docx-0005	docx	0	full	6299b350fa4ce9fd38cedc7cd2dee0188e8ec31313395f7c53889722b763120b	edbd4a5962d24451115b30cf6b14faf5adcdc28f6c34e50af678ace677c967bb	decline	
nist-docx-0005	docx	0	full	a7fe19ed991b1d6b8f575c2a01bd83eef9c5eb886c0d1c0edcfeaf3533cf6b5a	7e70f2c8358b5bdddfb60de568de2cb9dddfd864672540fdd96703c8e3d7b37b	shape	
nist-docx-0005	docx	0	full	e96ef035599f0d241e4fc56cfb96ecbe076be911398ff544c765957226df86c0	8fe5c576149f8506bf4c742c58faeccdff7aae8820e0f422456fad30feab3cf7	decline	
nist-docx-0005	docx	0	full	52ee9da672dd820779129bd56eea4d02cddb2b24a62cbe210824b74bcfbbe0a9	3e5033f0444542d8c6858bd29999208cb4ece16a1bcb3daae92d21b98f6f9c1b	raw	
nist-docx-0005	docx	0	full	e96ef035599f0d241e4fc56cfb96ecbe076be911398ff544c765957226df86c0	8fe5c576149f8506bf4c742c58faeccdff7aae8820e0f422456fad30feab3cf7	decline	
nist-docx-0005	docx	0	full	777a300059102e9561c2a99e115607bfca3661bc92fc3cd25f60e91424af26a8	ab616298d705444cd796e9459291700d60cb3d502ef47f1ccd26b7b3a5825a15	raw	
nist-docx-0005	docx	0	full	d6d33dcc1a65b0d456c2aaac0a841e22db522bd5d4d6ab172d2e7292a47a6947	ca1cd9b72fac4348369d6f358a38b11d3493da5037a9a841eb578cdf658dfa54	shape	
nist-docx-0005	docx	0	full	7c253ec0870e024b449985f4c403d527c820a069c3ef3c605fbdd85d5541c51c	46e44883807dc4a0438a6ac72b863828753a65eb7b5f2a6cf50252a88d2a3897	raw	
nist-docx-0005	docx	0	full	e96ef035599f0d241e4fc56cfb96ecbe076be911398ff544c765957226df86c0	8fe5c576149f8506bf4c742c58faeccdff7aae8820e0f422456fad30feab3cf7	decline	
nist-docx-0005	docx	0	full	e96ef035599f0d241e4fc56cfb96ecbe076be911398ff544c765957226df86c0	8fe5c576149f8506bf4c742c58faeccdff7aae8820e0f422456fad30feab3cf7	decline	
nist-docx-0005	docx	0	full	7c253ec0870e024b449985f4c403d527c820a069c3ef3c605fbdd85d5541c51c	46e44883807dc4a0438a6ac72b863828753a65eb7b5f2a6cf50252a88d2a3897	raw	
nist-docx-0005	docx	0	full	7c253ec0870e024b449985f4c403d527c820a069c3ef3c605fbdd85d5541c51c	46e44883807dc4a0438a6ac72b863828753a65eb7b5f2a6cf50252a88d2a3897	raw	
nist-docx-0005	docx	0	full	6299b350fa4ce9fd38cedc7cd2dee0188e8ec31313395f7c53889722b763120b	edbd4a5962d24451115b30cf6b14faf5adcdc28f6c34e50af678ace677c967bb	decline	
nist-docx-0005	docx	0	full	777a300059102e9561c2a99e115607bfca3661bc92fc3cd25f60e91424af26a8	ab616298d705444cd796e9459291700d60cb3d502ef47f1ccd26b7b3a5825a15	raw	
nist-docx-0005	docx	0	full	a7fe19ed991b1d6b8f575c2a01bd83eef9c5eb886c0d1c0edcfeaf3533cf6b5a	7e70f2c8358b5bdddfb60de568de2cb9dddfd864672540fdd96703c8e3d7b37b	shape	
nist-docx-0005	docx	0	full	6299b350fa4ce9fd38cedc7cd2dee0188e8ec31313395f7c53889722b763120b	edbd4a5962d24451115b30cf6b14faf5adcdc28f6c34e50af678ace677c967bb	decline	
nist-docx-0005	docx	0	full	6299b350fa4ce9fd38cedc7cd2dee0188e8ec31313395f7c53889722b763120b	edbd4a5962d24451115b30cf6b14faf5adcdc28f6c34e50af678ace677c967bb	decline	
nist-docx-0005	docx	0	full	e96ef035599f0d241e4fc56cfb96ecbe076be911398ff544c765957226df86c0	8fe5c576149f8506bf4c742c58faeccdff7aae8820e0f422456fad30feab3cf7	decline	
nist-docx-0005	docx	0	full	e96ef035599f0d241e4fc56cfb96ecbe076be911398ff544c765957226df86c0	8fe5c576149f8506bf4c742c58faeccdff7aae8820e0f422456fad30feab3cf7	decline	
nist-docx-0005	docx	0	full	52ee9da672dd820779129bd56eea4d02cddb2b24a62cbe210824b74bcfbbe0a9	3e5033f0444542d8c6858bd29999208cb4ece16a1bcb3daae92d21b98f6f9c1b	raw	
nist-docx-0005	docx	0	full	ca1a5a4778a2d9e9986fcf8141987294d3810d959e225c1b87f7429f72f2ddc7	e11a44b9ea44907b4dc72db7cc673a9a83cb8bd79c7027f105c7f2d22f2ae34b	raw	
nist-docx-0005	docx	1	full	a7fe19ed991b1d6b8f575c2a01bd83eef9c5eb886c0d1c0edcfeaf3533cf6b5a	37a82f534c20d6427f1ec810cb6761012271b83047032f81c8d634a879b87c48	shape	
nist-docx-0005	docx	1	full	d6d33dcc1a65b0d456c2aaac0a841e22db522bd5d4d6ab172d2e7292a47a6947	ca1cd9b72fac4348369d6f358a38b11d3493da5037a9a841eb578cdf658dfa54	shape	
nist-docx-0005	docx	1	full	a7fe19ed991b1d6b8f575c2a01bd83eef9c5eb886c0d1c0edcfeaf3533cf6b5a	37a82f534c20d6427f1ec810cb6761012271b83047032f81c8d634a879b87c48	shape	
nist-docx-0005	docx	1	full	6299b350fa4ce9fd38cedc7cd2dee0188e8ec31313395f7c53889722b763120b	00e3d21cb8a5cfba9cd86252796ff2d7d6152165191d42a20e09083fb33fb596	decline	
nist-docx-0005	docx	1	full	a7fe19ed991b1d6b8f575c2a01bd83eef9c5eb886c0d1c0edcfeaf3533cf6b5a	37a82f534c20d6427f1ec810cb6761012271b83047032f81c8d634a879b87c48	shape	
nist-docx-0005	docx	1	full	e96ef035599f0d241e4fc56cfb96ecbe076be911398ff544c765957226df86c0	c741e8c7757c0880654b1112de220503d3fd339b861259b8cb54eb70203bcb2c	decline	
nist-docx-0005	docx	1	full	52ee9da672dd820779129bd56eea4d02cddb2b24a62cbe210824b74bcfbbe0a9	f2aa17fe30102c95f7434e73e719fc8be9eb1b2c47bb5c83e25e3e97ed77ff76	raw	
nist-docx-0005	docx	1	full	e96ef035599f0d241e4fc56cfb96ecbe076be911398ff544c765957226df86c0	c741e8c7757c0880654b1112de220503d3fd339b861259b8cb54eb70203bcb2c	decline	
nist-docx-0005	docx	1	full	777a300059102e9561c2a99e115607bfca3661bc92fc3cd25f60e91424af26a8	8c5a7b03857b755da7adea3ace6bc6bc7d1ef02a7902c9b007e7d293518e1fc7	raw	
nist-docx-0005	docx	1	full	d6d33dcc1a65b0d456c2aaac0a841e22db522bd5d4d6ab172d2e7292a47a6947	ca1cd9b72fac4348369d6f358a38b11d3493da5037a9a841eb578cdf658dfa54	shape	
nist-docx-0005	docx	1	full	7c253ec0870e024b449985f4c403d527c820a069c3ef3c605fbdd85d5541c51c	0a1919512fcd4398faff4b7f6af6435b6e1528dd264ad0609c949f6026c5121d	raw	
nist-docx-0005	docx	1	full	e96ef035599f0d241e4fc56cfb96ecbe076be911398ff544c765957226df86c0	c741e8c7757c0880654b1112de220503d3fd339b861259b8cb54eb70203bcb2c	decline	
nist-docx-0005	docx	1	full	e96ef035599f0d241e4fc56cfb96ecbe076be911398ff544c765957226df86c0	c741e8c7757c0880654b1112de220503d3fd339b861259b8cb54eb70203bcb2c	decline	
nist-docx-0005	docx	1	full	7c253ec0870e024b449985f4c403d527c820a069c3ef3c605fbdd85d5541c51c	0a1919512fcd4398faff4b7f6af6435b6e1528dd264ad0609c949f6026c5121d	raw	
nist-docx-0005	docx	1	full	7c253ec0870e024b449985f4c403d527c820a069c3ef3c605fbdd85d5541c51c	0a1919512fcd4398faff4b7f6af6435b6e1528dd264ad0609c949f6026c5121d	raw	
nist-docx-0005	docx	1	full	6299b350fa4ce9fd38cedc7cd2dee0188e8ec31313395f7c53889722b763120b	00e3d21cb8a5cfba9cd86252796ff2d7d6152165191d42a20e09083fb33fb596	decline	
nist-docx-0005	docx	1	full	777a300059102e9561c2a99e115607bfca3661bc92fc3cd25f60e91424af26a8	8c5a7b03857b755da7adea3ace6bc6bc7d1ef02a7902c9b007e7d293518e1fc7	raw	
nist-docx-0005	docx	1	full	a7fe19ed991b1d6b8f575c2a01bd83eef9c5eb886c0d1c0edcfeaf3533cf6b5a	37a82f534c20d6427f1ec810cb6761012271b83047032f81c8d634a879b87c48	shape	
nist-docx-0005	docx	1	full	6299b350fa4ce9fd38cedc7cd2dee0188e8ec31313395f7c53889722b763120b	00e3d21cb8a5cfba9cd86252796ff2d7d6152165191d42a20e09083fb33fb596	decline	
nist-docx-0005	docx	1	full	6299b350fa4ce9fd38cedc7cd2dee0188e8ec31313395f7c53889722b763120b	00e3d21cb8a5cfba9cd86252796ff2d7d6152165191d42a20e09083fb33fb596	decline	
nist-docx-0005	docx	1	full	e96ef035599f0d241e4fc56cfb96ecbe076be911398ff544c765957226df86c0	c741e8c7757c0880654b1112de220503d3fd339b861259b8cb54eb70203bcb2c	decline	
nist-docx-0005	docx	1	full	e96ef035599f0d241e4fc56cfb96ecbe076be911398ff544c765957226df86c0	c741e8c7757c0880654b1112de220503d3fd339b861259b8cb54eb70203bcb2c	decline	
nist-docx-0005	docx	1	full	52ee9da672dd820779129bd56eea4d02cddb2b24a62cbe210824b74bcfbbe0a9	f2aa17fe30102c95f7434e73e719fc8be9eb1b2c47bb5c83e25e3e97ed77ff76	raw	
nist-docx-0005	docx	1	full	ca1a5a4778a2d9e9986fcf8141987294d3810d959e225c1b87f7429f72f2ddc7	f93cc29ad966df5f274f9635e2f076e2e6765da6ea976afc91569b7530fed932	raw	
nist-docx-0005	docx	2	full	a7fe19ed991b1d6b8f575c2a01bd83eef9c5eb886c0d1c0edcfeaf3533cf6b5a	37a82f534c20d6427f1ec810cb6761012271b83047032f81c8d634a879b87c48	shape	
nist-docx-0005	docx	2	full	d6d33dcc1a65b0d456c2aaac0a841e22db522bd5d4d6ab172d2e7292a47a6947	ca1cd9b72fac4348369d6f358a38b11d3493da5037a9a841eb578cdf658dfa54	shape	
nist-docx-0005	docx	2	full	a7fe19ed991b1d6b8f575c2a01bd83eef9c5eb886c0d1c0edcfeaf3533cf6b5a	37a82f534c20d6427f1ec810cb6761012271b83047032f81c8d634a879b87c48	shape	
nist-docx-0005	docx	2	full	6299b350fa4ce9fd38cedc7cd2dee0188e8ec31313395f7c53889722b763120b	d30845ebbc94ba80e161ef8919ec7b9baa9071c4f65d78995929a8f897c0690d	decline	
nist-docx-0005	docx	2	full	a7fe19ed991b1d6b8f575c2a01bd83eef9c5eb886c0d1c0edcfeaf3533cf6b5a	37a82f534c20d6427f1ec810cb6761012271b83047032f81c8d634a879b87c48	shape	
nist-docx-0005	docx	2	full	e96ef035599f0d241e4fc56cfb96ecbe076be911398ff544c765957226df86c0	c741e8c7757c0880654b1112de220503d3fd339b861259b8cb54eb70203bcb2c	decline	
nist-docx-0005	docx	2	full	52ee9da672dd820779129bd56eea4d02cddb2b24a62cbe210824b74bcfbbe0a9	eb552264b5db452a44d60c3c6dac178dbdee68c82068256004b004f0398b2d4f	raw	
nist-docx-0005	docx	2	full	e96ef035599f0d241e4fc56cfb96ecbe076be911398ff544c765957226df86c0	c741e8c7757c0880654b1112de220503d3fd339b861259b8cb54eb70203bcb2c	decline	
nist-docx-0005	docx	2	full	777a300059102e9561c2a99e115607bfca3661bc92fc3cd25f60e91424af26a8	18de6575eb9b4a92b46b71b2b6b7078f71c751a46814bd2113aaf60937bb7f2f	raw	
nist-docx-0005	docx	2	full	d6d33dcc1a65b0d456c2aaac0a841e22db522bd5d4d6ab172d2e7292a47a6947	ca1cd9b72fac4348369d6f358a38b11d3493da5037a9a841eb578cdf658dfa54	shape	
nist-docx-0005	docx	2	full	7c253ec0870e024b449985f4c403d527c820a069c3ef3c605fbdd85d5541c51c	0a1919512fcd4398faff4b7f6af6435b6e1528dd264ad0609c949f6026c5121d	raw	
nist-docx-0005	docx	2	full	e96ef035599f0d241e4fc56cfb96ecbe076be911398ff544c765957226df86c0	c741e8c7757c0880654b1112de220503d3fd339b861259b8cb54eb70203bcb2c	decline	
nist-docx-0005	docx	2	full	e96ef035599f0d241e4fc56cfb96ecbe076be911398ff544c765957226df86c0	c741e8c7757c0880654b1112de220503d3fd339b861259b8cb54eb70203bcb2c	decline	
nist-docx-0005	docx	2	full	7c253ec0870e024b449985f4c403d527c820a069c3ef3c605fbdd85d5541c51c	0a1919512fcd4398faff4b7f6af6435b6e1528dd264ad0609c949f6026c5121d	raw	
nist-docx-0005	docx	2	full	7c253ec0870e024b449985f4c403d527c820a069c3ef3c605fbdd85d5541c51c	0a1919512fcd4398faff4b7f6af6435b6e1528dd264ad0609c949f6026c5121d	raw	
nist-docx-0005	docx	2	full	6299b350fa4ce9fd38cedc7cd2dee0188e8ec31313395f7c53889722b763120b	d30845ebbc94ba80e161ef8919ec7b9baa9071c4f65d78995929a8f897c0690d	decline	
nist-docx-0005	docx	2	full	777a300059102e9561c2a99e115607bfca3661bc92fc3cd25f60e91424af26a8	18de6575eb9b4a92b46b71b2b6b7078f71c751a46814bd2113aaf60937bb7f2f	raw	
nist-docx-0005	docx	2	full	a7fe19ed991b1d6b8f575c2a01bd83eef9c5eb886c0d1c0edcfeaf3533cf6b5a	37a82f534c20d6427f1ec810cb6761012271b83047032f81c8d634a879b87c48	shape	
nist-docx-0005	docx	2	full	6299b350fa4ce9fd38cedc7cd2dee0188e8ec31313395f7c53889722b763120b	d30845ebbc94ba80e161ef8919ec7b9baa9071c4f65d78995929a8f897c0690d	decline	
nist-docx-0005	docx	2	full	6299b350fa4ce9fd38cedc7cd2dee0188e8ec31313395f7c53889722b763120b	d30845ebbc94ba80e161ef8919ec7b9baa9071c4f65d78995929a8f897c0690d	decline	
nist-docx-0005	docx	2	full	e96ef035599f0d241e4fc56cfb96ecbe076be911398ff544c765957226df86c0	c741e8c7757c0880654b1112de220503d3fd339b861259b8cb54eb70203bcb2c	decline	
nist-docx-0005	docx	2	full	e96ef035599f0d241e4fc56cfb96ecbe076be911398ff544c765957226df86c0	c741e8c7757c0880654b1112de220503d3fd339b861259b8cb54eb70203bcb2c	decline	
nist-docx-0005	docx	2	full	52ee9da672dd820779129bd56eea4d02cddb2b24a62cbe210824b74bcfbbe0a9	eb552264b5db452a44d60c3c6dac178dbdee68c82068256004b004f0398b2d4f	raw	
nist-docx-0005	docx	2	full	ca1a5a4778a2d9e9986fcf8141987294d3810d959e225c1b87f7429f72f2ddc7	740e3159d65b93d2c593d4475676e1ab08fff519c7fb4e1ce54bebfa825b3071	raw	
nist-docx-0005	docx	3	full	a7fe19ed991b1d6b8f575c2a01bd83eef9c5eb886c0d1c0edcfeaf3533cf6b5a	37a82f534c20d6427f1ec810cb6761012271b83047032f81c8d634a879b87c48	shape	
nist-docx-0005	docx	3	full	d6d33dcc1a65b0d456c2aaac0a841e22db522bd5d4d6ab172d2e7292a47a6947	ca1cd9b72fac4348369d6f358a38b11d3493da5037a9a841eb578cdf658dfa54	shape	
nist-docx-0005	docx	3	full	a7fe19ed991b1d6b8f575c2a01bd83eef9c5eb886c0d1c0edcfeaf3533cf6b5a	37a82f534c20d6427f1ec810cb6761012271b83047032f81c8d634a879b87c48	shape	
nist-docx-0005	docx	3	full	6299b350fa4ce9fd38cedc7cd2dee0188e8ec31313395f7c53889722b763120b	d30845ebbc94ba80e161ef8919ec7b9baa9071c4f65d78995929a8f897c0690d	decline	
nist-docx-0005	docx	3	full	a7fe19ed991b1d6b8f575c2a01bd83eef9c5eb886c0d1c0edcfeaf3533cf6b5a	37a82f534c20d6427f1ec810cb6761012271b83047032f81c8d634a879b87c48	shape	
nist-docx-0005	docx	3	full	e96ef035599f0d241e4fc56cfb96ecbe076be911398ff544c765957226df86c0	c741e8c7757c0880654b1112de220503d3fd339b861259b8cb54eb70203bcb2c	decline	
nist-docx-0005	docx	3	full	52ee9da672dd820779129bd56eea4d02cddb2b24a62cbe210824b74bcfbbe0a9	eb552264b5db452a44d60c3c6dac178dbdee68c82068256004b004f0398b2d4f	raw	
nist-docx-0005	docx	3	full	e96ef035599f0d241e4fc56cfb96ecbe076be911398ff544c765957226df86c0	c741e8c7757c0880654b1112de220503d3fd339b861259b8cb54eb70203bcb2c	decline	
nist-docx-0005	docx	3	full	777a300059102e9561c2a99e115607bfca3661bc92fc3cd25f60e91424af26a8	18de6575eb9b4a92b46b71b2b6b7078f71c751a46814bd2113aaf60937bb7f2f	raw	
nist-docx-0005	docx	3	full	d6d33dcc1a65b0d456c2aaac0a841e22db522bd5d4d6ab172d2e7292a47a6947	ca1cd9b72fac4348369d6f358a38b11d3493da5037a9a841eb578cdf658dfa54	shape	
nist-docx-0005	docx	3	full	7c253ec0870e024b449985f4c403d527c820a069c3ef3c605fbdd85d5541c51c	0a1919512fcd4398faff4b7f6af6435b6e1528dd264ad0609c949f6026c5121d	raw	
nist-docx-0005	docx	3	full	e96ef035599f0d241e4fc56cfb96ecbe076be911398ff544c765957226df86c0	c741e8c7757c0880654b1112de220503d3fd339b861259b8cb54eb70203bcb2c	decline	
nist-docx-0005	docx	3	full	e96ef035599f0d241e4fc56cfb96ecbe076be911398ff544c765957226df86c0	c741e8c7757c0880654b1112de220503d3fd339b861259b8cb54eb70203bcb2c	decline	
nist-docx-0005	docx	3	full	7c253ec0870e024b449985f4c403d527c820a069c3ef3c605fbdd85d5541c51c	0a1919512fcd4398faff4b7f6af6435b6e1528dd264ad0609c949f6026c5121d	raw	
nist-docx-0005	docx	3	full	7c253ec0870e024b449985f4c403d527c820a069c3ef3c605fbdd85d5541c51c	0a1919512fcd4398faff4b7f6af6435b6e1528dd264ad0609c949f6026c5121d	raw	
nist-docx-0005	docx	3	full	6299b350fa4ce9fd38cedc7cd2dee0188e8ec31313395f7c53889722b763120b	d30845ebbc94ba80e161ef8919ec7b9baa9071c4f65d78995929a8f897c0690d	decline	
nist-docx-0005	docx	3	full	777a300059102e9561c2a99e115607bfca3661bc92fc3cd25f60e91424af26a8	18de6575eb9b4a92b46b71b2b6b7078f71c751a46814bd2113aaf60937bb7f2f	raw	
nist-docx-0005	docx	3	full	a7fe19ed991b1d6b8f575c2a01bd83eef9c5eb886c0d1c0edcfeaf3533cf6b5a	37a82f534c20d6427f1ec810cb6761012271b83047032f81c8d634a879b87c48	shape	
nist-docx-0005	docx	3	full	6299b350fa4ce9fd38cedc7cd2dee0188e8ec31313395f7c53889722b763120b	d30845ebbc94ba80e161ef8919ec7b9baa9071c4f65d78995929a8f897c0690d	decline	
nist-docx-0005	docx	3	full	6299b350fa4ce9fd38cedc7cd2dee0188e8ec31313395f7c53889722b763120b	d30845ebbc94ba80e161ef8919ec7b9baa9071c4f65d78995929a8f897c0690d	decline	
nist-docx-0005	docx	3	full	e96ef035599f0d241e4fc56cfb96ecbe076be911398ff544c765957226df86c0	c741e8c7757c0880654b1112de220503d3fd339b861259b8cb54eb70203bcb2c	decline	
nist-docx-0005	docx	3	full	e96ef035599f0d241e4fc56cfb96ecbe076be911398ff544c765957226df86c0	c741e8c7757c0880654b1112de220503d3fd339b861259b8cb54eb70203bcb2c	decline	
nist-docx-0005	docx	3	full	52ee9da672dd820779129bd56eea4d02cddb2b24a62cbe210824b74bcfbbe0a9	eb552264b5db452a44d60c3c6dac178dbdee68c82068256004b004f0398b2d4f	raw	
nist-docx-0005	docx	3	full	ca1a5a4778a2d9e9986fcf8141987294d3810d959e225c1b87f7429f72f2ddc7	740e3159d65b93d2c593d4475676e1ab08fff519c7fb4e1ce54bebfa825b3071	raw	
nist-docx-0005	docx	4	full	a7fe19ed991b1d6b8f575c2a01bd83eef9c5eb886c0d1c0edcfeaf3533cf6b5a	48dc40d3ff82c204b40e6d6fd2c65da997540b06fe9efc40db05c52165c03ebe	shape	
nist-docx-0005	docx	4	full	d6d33dcc1a65b0d456c2aaac0a841e22db522bd5d4d6ab172d2e7292a47a6947	bc831319448ca9f6a11cbea6df45d2883f7cbf026c178b5f03ebe1e624151828	capability	
nist-docx-0005	docx	4	full	a7fe19ed991b1d6b8f575c2a01bd83eef9c5eb886c0d1c0edcfeaf3533cf6b5a	48dc40d3ff82c204b40e6d6fd2c65da997540b06fe9efc40db05c52165c03ebe	shape	
nist-docx-0005	docx	4	full	6299b350fa4ce9fd38cedc7cd2dee0188e8ec31313395f7c53889722b763120b	75791d91470201f18793833fe9ede9932694de25471ab67d766b111b445baf9b	decline	
nist-docx-0005	docx	4	full	a7fe19ed991b1d6b8f575c2a01bd83eef9c5eb886c0d1c0edcfeaf3533cf6b5a	48dc40d3ff82c204b40e6d6fd2c65da997540b06fe9efc40db05c52165c03ebe	shape	
nist-docx-0005	docx	4	full	e96ef035599f0d241e4fc56cfb96ecbe076be911398ff544c765957226df86c0	0187f97161a467b75217640df51ab9c034dd7613a731db153236c1c71151494a	decline	
nist-docx-0005	docx	4	full	52ee9da672dd820779129bd56eea4d02cddb2b24a62cbe210824b74bcfbbe0a9	113a06a3dc257ca8252608a546082d254b736d49b45bafb7d575c44ad7b84cf5	raw	
nist-docx-0005	docx	4	full	e96ef035599f0d241e4fc56cfb96ecbe076be911398ff544c765957226df86c0	0187f97161a467b75217640df51ab9c034dd7613a731db153236c1c71151494a	decline	
nist-docx-0005	docx	4	full	777a300059102e9561c2a99e115607bfca3661bc92fc3cd25f60e91424af26a8	d3e4805f10d4a51a4365b69c35fe631b7a51ab40de854f1251acb9a7f4f95322	raw	
nist-docx-0005	docx	4	full	d6d33dcc1a65b0d456c2aaac0a841e22db522bd5d4d6ab172d2e7292a47a6947	bc831319448ca9f6a11cbea6df45d2883f7cbf026c178b5f03ebe1e624151828	capability	
nist-docx-0005	docx	4	full	7c253ec0870e024b449985f4c403d527c820a069c3ef3c605fbdd85d5541c51c	0846d78d4bad105be021d928fa5d21d6d0582921ca64bc5cc9d0fdc6e6ed7710	raw	
nist-docx-0005	docx	4	full	e96ef035599f0d241e4fc56cfb96ecbe076be911398ff544c765957226df86c0	0187f97161a467b75217640df51ab9c034dd7613a731db153236c1c71151494a	decline	
nist-docx-0005	docx	4	full	e96ef035599f0d241e4fc56cfb96ecbe076be911398ff544c765957226df86c0	0187f97161a467b75217640df51ab9c034dd7613a731db153236c1c71151494a	decline	
nist-docx-0005	docx	4	full	7c253ec0870e024b449985f4c403d527c820a069c3ef3c605fbdd85d5541c51c	0846d78d4bad105be021d928fa5d21d6d0582921ca64bc5cc9d0fdc6e6ed7710	raw	
nist-docx-0005	docx	4	full	7c253ec0870e024b449985f4c403d527c820a069c3ef3c605fbdd85d5541c51c	0846d78d4bad105be021d928fa5d21d6d0582921ca64bc5cc9d0fdc6e6ed7710	raw	
nist-docx-0005	docx	4	full	6299b350fa4ce9fd38cedc7cd2dee0188e8ec31313395f7c53889722b763120b	75791d91470201f18793833fe9ede9932694de25471ab67d766b111b445baf9b	decline	
nist-docx-0005	docx	4	full	777a300059102e9561c2a99e115607bfca3661bc92fc3cd25f60e91424af26a8	d3e4805f10d4a51a4365b69c35fe631b7a51ab40de854f1251acb9a7f4f95322	raw	
nist-docx-0005	docx	4	full	a7fe19ed991b1d6b8f575c2a01bd83eef9c5eb886c0d1c0edcfeaf3533cf6b5a	48dc40d3ff82c204b40e6d6fd2c65da997540b06fe9efc40db05c52165c03ebe	shape	
nist-docx-0005	docx	4	full	6299b350fa4ce9fd38cedc7cd2dee0188e8ec31313395f7c53889722b763120b	75791d91470201f18793833fe9ede9932694de25471ab67d766b111b445baf9b	decline	
nist-docx-0005	docx	4	full	6299b350fa4ce9fd38cedc7cd2dee0188e8ec31313395f7c53889722b763120b	75791d91470201f18793833fe9ede9932694de25471ab67d766b111b445baf9b	decline	
nist-docx-0005	docx	4	full	e96ef035599f0d241e4fc56cfb96ecbe076be911398ff544c765957226df86c0	0187f97161a467b75217640df51ab9c034dd7613a731db153236c1c71151494a	decline	
nist-docx-0005	docx	4	full	e96ef035599f0d241e4fc56cfb96ecbe076be911398ff544c765957226df86c0	0187f97161a467b75217640df51ab9c034dd7613a731db153236c1c71151494a	decline	
nist-docx-0005	docx	4	full	52ee9da672dd820779129bd56eea4d02cddb2b24a62cbe210824b74bcfbbe0a9	113a06a3dc257ca8252608a546082d254b736d49b45bafb7d575c44ad7b84cf5	raw	
nist-docx-0005	docx	4	full	ca1a5a4778a2d9e9986fcf8141987294d3810d959e225c1b87f7429f72f2ddc7	173d5a472fea9fa29c95deb774579bc2814920c83ca61f77d734c06333ccb7cf	raw	
nist-docx-0005	docx	5	full	a7fe19ed991b1d6b8f575c2a01bd83eef9c5eb886c0d1c0edcfeaf3533cf6b5a	48dc40d3ff82c204b40e6d6fd2c65da997540b06fe9efc40db05c52165c03ebe	shape	
nist-docx-0005	docx	5	full	d6d33dcc1a65b0d456c2aaac0a841e22db522bd5d4d6ab172d2e7292a47a6947	bc831319448ca9f6a11cbea6df45d2883f7cbf026c178b5f03ebe1e624151828	capability	
nist-docx-0005	docx	5	full	a7fe19ed991b1d6b8f575c2a01bd83eef9c5eb886c0d1c0edcfeaf3533cf6b5a	48dc40d3ff82c204b40e6d6fd2c65da997540b06fe9efc40db05c52165c03ebe	shape	
nist-docx-0005	docx	5	full	6299b350fa4ce9fd38cedc7cd2dee0188e8ec31313395f7c53889722b763120b	75791d91470201f18793833fe9ede9932694de25471ab67d766b111b445baf9b	decline	
nist-docx-0005	docx	5	full	a7fe19ed991b1d6b8f575c2a01bd83eef9c5eb886c0d1c0edcfeaf3533cf6b5a	48dc40d3ff82c204b40e6d6fd2c65da997540b06fe9efc40db05c52165c03ebe	shape	
nist-docx-0005	docx	5	full	e96ef035599f0d241e4fc56cfb96ecbe076be911398ff544c765957226df86c0	0187f97161a467b75217640df51ab9c034dd7613a731db153236c1c71151494a	decline	
nist-docx-0005	docx	5	full	52ee9da672dd820779129bd56eea4d02cddb2b24a62cbe210824b74bcfbbe0a9	113a06a3dc257ca8252608a546082d254b736d49b45bafb7d575c44ad7b84cf5	raw	
nist-docx-0005	docx	5	full	e96ef035599f0d241e4fc56cfb96ecbe076be911398ff544c765957226df86c0	0187f97161a467b75217640df51ab9c034dd7613a731db153236c1c71151494a	decline	
nist-docx-0005	docx	5	full	777a300059102e9561c2a99e115607bfca3661bc92fc3cd25f60e91424af26a8	d3e4805f10d4a51a4365b69c35fe631b7a51ab40de854f1251acb9a7f4f95322	raw	
nist-docx-0005	docx	5	full	d6d33dcc1a65b0d456c2aaac0a841e22db522bd5d4d6ab172d2e7292a47a6947	bc831319448ca9f6a11cbea6df45d2883f7cbf026c178b5f03ebe1e624151828	capability	
nist-docx-0005	docx	5	full	7c253ec0870e024b449985f4c403d527c820a069c3ef3c605fbdd85d5541c51c	0846d78d4bad105be021d928fa5d21d6d0582921ca64bc5cc9d0fdc6e6ed7710	raw	
nist-docx-0005	docx	5	full	e96ef035599f0d241e4fc56cfb96ecbe076be911398ff544c765957226df86c0	0187f97161a467b75217640df51ab9c034dd7613a731db153236c1c71151494a	decline	
nist-docx-0005	docx	5	full	e96ef035599f0d241e4fc56cfb96ecbe076be911398ff544c765957226df86c0	0187f97161a467b75217640df51ab9c034dd7613a731db153236c1c71151494a	decline	
nist-docx-0005	docx	5	full	7c253ec0870e024b449985f4c403d527c820a069c3ef3c605fbdd85d5541c51c	0846d78d4bad105be021d928fa5d21d6d0582921ca64bc5cc9d0fdc6e6ed7710	raw	
nist-docx-0005	docx	5	full	7c253ec0870e024b449985f4c403d527c820a069c3ef3c605fbdd85d5541c51c	0846d78d4bad105be021d928fa5d21d6d0582921ca64bc5cc9d0fdc6e6ed7710	raw	
nist-docx-0005	docx	5	full	6299b350fa4ce9fd38cedc7cd2dee0188e8ec31313395f7c53889722b763120b	75791d91470201f18793833fe9ede9932694de25471ab67d766b111b445baf9b	decline	
nist-docx-0005	docx	5	full	777a300059102e9561c2a99e115607bfca3661bc92fc3cd25f60e91424af26a8	d3e4805f10d4a51a4365b69c35fe631b7a51ab40de854f1251acb9a7f4f95322	raw	
nist-docx-0005	docx	5	full	a7fe19ed991b1d6b8f575c2a01bd83eef9c5eb886c0d1c0edcfeaf3533cf6b5a	48dc40d3ff82c204b40e6d6fd2c65da997540b06fe9efc40db05c52165c03ebe	shape	
nist-docx-0005	docx	5	full	6299b350fa4ce9fd38cedc7cd2dee0188e8ec31313395f7c53889722b763120b	75791d91470201f18793833fe9ede9932694de25471ab67d766b111b445baf9b	decline	
nist-docx-0005	docx	5	full	6299b350fa4ce9fd38cedc7cd2dee0188e8ec31313395f7c53889722b763120b	75791d91470201f18793833fe9ede9932694de25471ab67d766b111b445baf9b	decline	
nist-docx-0005	docx	5	full	e96ef035599f0d241e4fc56cfb96ecbe076be911398ff544c765957226df86c0	0187f97161a467b75217640df51ab9c034dd7613a731db153236c1c71151494a	decline	
nist-docx-0005	docx	5	full	e96ef035599f0d241e4fc56cfb96ecbe076be911398ff544c765957226df86c0	0187f97161a467b75217640df51ab9c034dd7613a731db153236c1c71151494a	decline	
nist-docx-0005	docx	5	full	52ee9da672dd820779129bd56eea4d02cddb2b24a62cbe210824b74bcfbbe0a9	113a06a3dc257ca8252608a546082d254b736d49b45bafb7d575c44ad7b84cf5	raw	
nist-docx-0005	docx	5	full	ca1a5a4778a2d9e9986fcf8141987294d3810d959e225c1b87f7429f72f2ddc7	173d5a472fea9fa29c95deb774579bc2814920c83ca61f77d734c06333ccb7cf	raw	
nist-docx-0008	docx	0	full	6299b350fa4ce9fd38cedc7cd2dee0188e8ec31313395f7c53889722b763120b	885e36ad4c853071436d339bae66fed3750208d5ccacc26bfb9cb4f2d3b40d46	decline	
nist-docx-0008	docx	0	full	1e1ee3b0644c7de0145fbc91426ecaff0983f3093648586848c20fac7d2d6de1	b0ed42a37dc9260f6615569d845cafd6beea2648519dec8acb371c66a2ea7cf0	raw	
nist-docx-0008	docx	0	full	d6d33dcc1a65b0d456c2aaac0a841e22db522bd5d4d6ab172d2e7292a47a6947	ebafe807bf69687346a964ad11e094d5428e7e74846791622a0c1a6af200cdb9	shape	
nist-docx-0008	docx	0	full	52ee9da672dd820779129bd56eea4d02cddb2b24a62cbe210824b74bcfbbe0a9	100896d9ec17aab4be47f9715b7eb3d9f6c4bd09ae5028dd106bcaea6f1b3c5a	raw	
nist-docx-0008	docx	0	full	1e1ee3b0644c7de0145fbc91426ecaff0983f3093648586848c20fac7d2d6de1	b0ed42a37dc9260f6615569d845cafd6beea2648519dec8acb371c66a2ea7cf0	raw	
nist-docx-0008	docx	0	full	bf27ad9674c0e4bc3a370d4c0cacc3e92b63c2d7334bd676032cc20e99a53c9f	1389bd8366a19c7069364b092855003697fccbe99805b435222b7b572f4359ed	shape	
nist-docx-0008	docx	0	full	3ed125645acee1f30aaf147248a1c443693fd2dcc6351c09814cf52258b898fd	480a3b30315b4ce0a2d84760762c561c0eb3a3fe96b96d16c3be56db2b9deeaa	raw	
nist-docx-0008	docx	0	full	3ed125645acee1f30aaf147248a1c443693fd2dcc6351c09814cf52258b898fd	480a3b30315b4ce0a2d84760762c561c0eb3a3fe96b96d16c3be56db2b9deeaa	raw	
nist-docx-0008	docx	0	full	3ed125645acee1f30aaf147248a1c443693fd2dcc6351c09814cf52258b898fd	480a3b30315b4ce0a2d84760762c561c0eb3a3fe96b96d16c3be56db2b9deeaa	raw	
nist-docx-0008	docx	0	full	6299b350fa4ce9fd38cedc7cd2dee0188e8ec31313395f7c53889722b763120b	885e36ad4c853071436d339bae66fed3750208d5ccacc26bfb9cb4f2d3b40d46	decline	
nist-docx-0008	docx	0	full	3ed125645acee1f30aaf147248a1c443693fd2dcc6351c09814cf52258b898fd	480a3b30315b4ce0a2d84760762c561c0eb3a3fe96b96d16c3be56db2b9deeaa	raw	
nist-docx-0008	docx	0	full	bf27ad9674c0e4bc3a370d4c0cacc3e92b63c2d7334bd676032cc20e99a53c9f	1389bd8366a19c7069364b092855003697fccbe99805b435222b7b572f4359ed	shape	
nist-docx-0008	docx	0	full	d6d33dcc1a65b0d456c2aaac0a841e22db522bd5d4d6ab172d2e7292a47a6947	ebafe807bf69687346a964ad11e094d5428e7e74846791622a0c1a6af200cdb9	shape	
nist-docx-0008	docx	0	full	a6f0c68be6b8ea9f4768122575b836215df929213a6517bd0f20f2aaf964c28e	df2449b789749ffada0f7fd33c07a95114e3d414081e56e4187e0455ae0ee287	raw	
nist-docx-0008	docx	0	full	a6f0c68be6b8ea9f4768122575b836215df929213a6517bd0f20f2aaf964c28e	df2449b789749ffada0f7fd33c07a95114e3d414081e56e4187e0455ae0ee287	raw	
nist-docx-0008	docx	0	full	d6d33dcc1a65b0d456c2aaac0a841e22db522bd5d4d6ab172d2e7292a47a6947	ebafe807bf69687346a964ad11e094d5428e7e74846791622a0c1a6af200cdb9	shape	
nist-docx-0008	docx	0	full	d6d33dcc1a65b0d456c2aaac0a841e22db522bd5d4d6ab172d2e7292a47a6947	ebafe807bf69687346a964ad11e094d5428e7e74846791622a0c1a6af200cdb9	shape	
nist-docx-0008	docx	0	full	52ee9da672dd820779129bd56eea4d02cddb2b24a62cbe210824b74bcfbbe0a9	100896d9ec17aab4be47f9715b7eb3d9f6c4bd09ae5028dd106bcaea6f1b3c5a	raw	
nist-docx-0008	docx	0	full	bf27ad9674c0e4bc3a370d4c0cacc3e92b63c2d7334bd676032cc20e99a53c9f	1389bd8366a19c7069364b092855003697fccbe99805b435222b7b572f4359ed	shape	
nist-docx-0008	docx	0	full	6299b350fa4ce9fd38cedc7cd2dee0188e8ec31313395f7c53889722b763120b	885e36ad4c853071436d339bae66fed3750208d5ccacc26bfb9cb4f2d3b40d46	decline	
nist-docx-0008	docx	0	full	a6f0c68be6b8ea9f4768122575b836215df929213a6517bd0f20f2aaf964c28e	df2449b789749ffada0f7fd33c07a95114e3d414081e56e4187e0455ae0ee287	raw	
nist-docx-0008	docx	0	full	a6f0c68be6b8ea9f4768122575b836215df929213a6517bd0f20f2aaf964c28e	df2449b789749ffada0f7fd33c07a95114e3d414081e56e4187e0455ae0ee287	raw	
nist-docx-0008	docx	0	full	e96ef035599f0d241e4fc56cfb96ecbe076be911398ff544c765957226df86c0	d631a8f9590feda2f3f0d2e3d3410d511e32d48c95fcad0c4e8a566a0ba0c7bd	decline	
nist-docx-0008	docx	0	full	1e1ee3b0644c7de0145fbc91426ecaff0983f3093648586848c20fac7d2d6de1	b0ed42a37dc9260f6615569d845cafd6beea2648519dec8acb371c66a2ea7cf0	raw	
nist-docx-0008	docx	1	full	6299b350fa4ce9fd38cedc7cd2dee0188e8ec31313395f7c53889722b763120b	4cb04671a0519c3d9148aba284f7f2218eef6390899dce63ec1b786eb01fd5eb	decline	
nist-docx-0008	docx	1	full	1e1ee3b0644c7de0145fbc91426ecaff0983f3093648586848c20fac7d2d6de1	a414d0c8fa9bc591c6482921c4417b1cefdcbd216b4c747aa4729d3e72ee0647	raw	
nist-docx-0008	docx	1	full	d6d33dcc1a65b0d456c2aaac0a841e22db522bd5d4d6ab172d2e7292a47a6947	ebafe807bf69687346a964ad11e094d5428e7e74846791622a0c1a6af200cdb9	shape	
nist-docx-0008	docx	1	full	52ee9da672dd820779129bd56eea4d02cddb2b24a62cbe210824b74bcfbbe0a9	84c37b60be99b7b1c34aee16310e10cfcd9d373a8c641f2b26039b16b969c5f5	raw	
nist-docx-0008	docx	1	full	1e1ee3b0644c7de0145fbc91426ecaff0983f3093648586848c20fac7d2d6de1	a414d0c8fa9bc591c6482921c4417b1cefdcbd216b4c747aa4729d3e72ee0647	raw	
nist-docx-0008	docx	1	full	bf27ad9674c0e4bc3a370d4c0cacc3e92b63c2d7334bd676032cc20e99a53c9f	0d79f530628cb1619a68397091a745e8ba40dc6cb51cf597cecf61c985dbe6ca	shape	
nist-docx-0008	docx	1	full	3ed125645acee1f30aaf147248a1c443693fd2dcc6351c09814cf52258b898fd	47ea8feb70e599a9677d699891d217ce2075a1185ba31a8a984f2292f8af4fc5	raw	
nist-docx-0008	docx	1	full	3ed125645acee1f30aaf147248a1c443693fd2dcc6351c09814cf52258b898fd	47ea8feb70e599a9677d699891d217ce2075a1185ba31a8a984f2292f8af4fc5	raw	
nist-docx-0008	docx	1	full	3ed125645acee1f30aaf147248a1c443693fd2dcc6351c09814cf52258b898fd	47ea8feb70e599a9677d699891d217ce2075a1185ba31a8a984f2292f8af4fc5	raw	
nist-docx-0008	docx	1	full	6299b350fa4ce9fd38cedc7cd2dee0188e8ec31313395f7c53889722b763120b	4cb04671a0519c3d9148aba284f7f2218eef6390899dce63ec1b786eb01fd5eb	decline	
nist-docx-0008	docx	1	full	3ed125645acee1f30aaf147248a1c443693fd2dcc6351c09814cf52258b898fd	47ea8feb70e599a9677d699891d217ce2075a1185ba31a8a984f2292f8af4fc5	raw	
nist-docx-0008	docx	1	full	bf27ad9674c0e4bc3a370d4c0cacc3e92b63c2d7334bd676032cc20e99a53c9f	0d79f530628cb1619a68397091a745e8ba40dc6cb51cf597cecf61c985dbe6ca	shape	
nist-docx-0008	docx	1	full	d6d33dcc1a65b0d456c2aaac0a841e22db522bd5d4d6ab172d2e7292a47a6947	ebafe807bf69687346a964ad11e094d5428e7e74846791622a0c1a6af200cdb9	shape	
nist-docx-0008	docx	1	full	a6f0c68be6b8ea9f4768122575b836215df929213a6517bd0f20f2aaf964c28e	ab1fd55feede2129bd474b13c74a9a77286f60bbd46c4b0459e5358064f3b672	raw	
nist-docx-0008	docx	1	full	a6f0c68be6b8ea9f4768122575b836215df929213a6517bd0f20f2aaf964c28e	ab1fd55feede2129bd474b13c74a9a77286f60bbd46c4b0459e5358064f3b672	raw	
nist-docx-0008	docx	1	full	d6d33dcc1a65b0d456c2aaac0a841e22db522bd5d4d6ab172d2e7292a47a6947	ebafe807bf69687346a964ad11e094d5428e7e74846791622a0c1a6af200cdb9	shape	
nist-docx-0008	docx	1	full	d6d33dcc1a65b0d456c2aaac0a841e22db522bd5d4d6ab172d2e7292a47a6947	ebafe807bf69687346a964ad11e094d5428e7e74846791622a0c1a6af200cdb9	shape	
nist-docx-0008	docx	1	full	52ee9da672dd820779129bd56eea4d02cddb2b24a62cbe210824b74bcfbbe0a9	84c37b60be99b7b1c34aee16310e10cfcd9d373a8c641f2b26039b16b969c5f5	raw	
nist-docx-0008	docx	1	full	bf27ad9674c0e4bc3a370d4c0cacc3e92b63c2d7334bd676032cc20e99a53c9f	0d79f530628cb1619a68397091a745e8ba40dc6cb51cf597cecf61c985dbe6ca	shape	
nist-docx-0008	docx	1	full	6299b350fa4ce9fd38cedc7cd2dee0188e8ec31313395f7c53889722b763120b	4cb04671a0519c3d9148aba284f7f2218eef6390899dce63ec1b786eb01fd5eb	decline	
nist-docx-0008	docx	1	full	a6f0c68be6b8ea9f4768122575b836215df929213a6517bd0f20f2aaf964c28e	ab1fd55feede2129bd474b13c74a9a77286f60bbd46c4b0459e5358064f3b672	raw	
nist-docx-0008	docx	1	full	a6f0c68be6b8ea9f4768122575b836215df929213a6517bd0f20f2aaf964c28e	ab1fd55feede2129bd474b13c74a9a77286f60bbd46c4b0459e5358064f3b672	raw	
nist-docx-0008	docx	1	full	e96ef035599f0d241e4fc56cfb96ecbe076be911398ff544c765957226df86c0	c3dc2c60a6c4643051de88a5235e19085de16b0c18b2e49a50b931e7fb0889bc	decline	
nist-docx-0008	docx	1	full	1e1ee3b0644c7de0145fbc91426ecaff0983f3093648586848c20fac7d2d6de1	a414d0c8fa9bc591c6482921c4417b1cefdcbd216b4c747aa4729d3e72ee0647	raw	
nist-docx-0008	docx	2	full	6299b350fa4ce9fd38cedc7cd2dee0188e8ec31313395f7c53889722b763120b	5e1b76de3f51de373671f60e1a5d5ef5d4e8dd6f71eb678b4c457d4ce2a40d87	decline	
nist-docx-0008	docx	2	full	1e1ee3b0644c7de0145fbc91426ecaff0983f3093648586848c20fac7d2d6de1	3238b800925c1283188f77211260a42f40c975ddfd6666adffa18f7986a8d921	raw	
nist-docx-0008	docx	2	full	d6d33dcc1a65b0d456c2aaac0a841e22db522bd5d4d6ab172d2e7292a47a6947	ebafe807bf69687346a964ad11e094d5428e7e74846791622a0c1a6af200cdb9	shape	
nist-docx-0008	docx	2	full	52ee9da672dd820779129bd56eea4d02cddb2b24a62cbe210824b74bcfbbe0a9	42a99cf6f01b21ff95e8d0022665236280a1daeb13d0f0bb2f79b912913bc6ad	raw	
nist-docx-0008	docx	2	full	1e1ee3b0644c7de0145fbc91426ecaff0983f3093648586848c20fac7d2d6de1	3238b800925c1283188f77211260a42f40c975ddfd6666adffa18f7986a8d921	raw	
nist-docx-0008	docx	2	full	bf27ad9674c0e4bc3a370d4c0cacc3e92b63c2d7334bd676032cc20e99a53c9f	0d79f530628cb1619a68397091a745e8ba40dc6cb51cf597cecf61c985dbe6ca	shape	
nist-docx-0008	docx	2	full	3ed125645acee1f30aaf147248a1c443693fd2dcc6351c09814cf52258b898fd	9a6a517776fdafc588193998626dbb11f6da67a66efb9153f38912192fcc55cc	raw	
nist-docx-0008	docx	2	full	3ed125645acee1f30aaf147248a1c443693fd2dcc6351c09814cf52258b898fd	9a6a517776fdafc588193998626dbb11f6da67a66efb9153f38912192fcc55cc	raw	
nist-docx-0008	docx	2	full	3ed125645acee1f30aaf147248a1c443693fd2dcc6351c09814cf52258b898fd	9a6a517776fdafc588193998626dbb11f6da67a66efb9153f38912192fcc55cc	raw	
nist-docx-0008	docx	2	full	6299b350fa4ce9fd38cedc7cd2dee0188e8ec31313395f7c53889722b763120b	5e1b76de3f51de373671f60e1a5d5ef5d4e8dd6f71eb678b4c457d4ce2a40d87	decline	
nist-docx-0008	docx	2	full	3ed125645acee1f30aaf147248a1c443693fd2dcc6351c09814cf52258b898fd	9a6a517776fdafc588193998626dbb11f6da67a66efb9153f38912192fcc55cc	raw	
nist-docx-0008	docx	2	full	bf27ad9674c0e4bc3a370d4c0cacc3e92b63c2d7334bd676032cc20e99a53c9f	0d79f530628cb1619a68397091a745e8ba40dc6cb51cf597cecf61c985dbe6ca	shape	
nist-docx-0008	docx	2	full	d6d33dcc1a65b0d456c2aaac0a841e22db522bd5d4d6ab172d2e7292a47a6947	ebafe807bf69687346a964ad11e094d5428e7e74846791622a0c1a6af200cdb9	shape	
nist-docx-0008	docx	2	full	a6f0c68be6b8ea9f4768122575b836215df929213a6517bd0f20f2aaf964c28e	ab1fd55feede2129bd474b13c74a9a77286f60bbd46c4b0459e5358064f3b672	raw	
nist-docx-0008	docx	2	full	a6f0c68be6b8ea9f4768122575b836215df929213a6517bd0f20f2aaf964c28e	ab1fd55feede2129bd474b13c74a9a77286f60bbd46c4b0459e5358064f3b672	raw	
nist-docx-0008	docx	2	full	d6d33dcc1a65b0d456c2aaac0a841e22db522bd5d4d6ab172d2e7292a47a6947	ebafe807bf69687346a964ad11e094d5428e7e74846791622a0c1a6af200cdb9	shape	
nist-docx-0008	docx	2	full	d6d33dcc1a65b0d456c2aaac0a841e22db522bd5d4d6ab172d2e7292a47a6947	ebafe807bf69687346a964ad11e094d5428e7e74846791622a0c1a6af200cdb9	shape	
nist-docx-0008	docx	2	full	52ee9da672dd820779129bd56eea4d02cddb2b24a62cbe210824b74bcfbbe0a9	42a99cf6f01b21ff95e8d0022665236280a1daeb13d0f0bb2f79b912913bc6ad	raw	
nist-docx-0008	docx	2	full	bf27ad9674c0e4bc3a370d4c0cacc3e92b63c2d7334bd676032cc20e99a53c9f	0d79f530628cb1619a68397091a745e8ba40dc6cb51cf597cecf61c985dbe6ca	shape	
nist-docx-0008	docx	2	full	6299b350fa4ce9fd38cedc7cd2dee0188e8ec31313395f7c53889722b763120b	5e1b76de3f51de373671f60e1a5d5ef5d4e8dd6f71eb678b4c457d4ce2a40d87	decline	
nist-docx-0008	docx	2	full	a6f0c68be6b8ea9f4768122575b836215df929213a6517bd0f20f2aaf964c28e	ab1fd55feede2129bd474b13c74a9a77286f60bbd46c4b0459e5358064f3b672	raw	
nist-docx-0008	docx	2	full	a6f0c68be6b8ea9f4768122575b836215df929213a6517bd0f20f2aaf964c28e	ab1fd55feede2129bd474b13c74a9a77286f60bbd46c4b0459e5358064f3b672	raw	
nist-docx-0008	docx	2	full	e96ef035599f0d241e4fc56cfb96ecbe076be911398ff544c765957226df86c0	c3dc2c60a6c4643051de88a5235e19085de16b0c18b2e49a50b931e7fb0889bc	decline	
nist-docx-0008	docx	2	full	1e1ee3b0644c7de0145fbc91426ecaff0983f3093648586848c20fac7d2d6de1	3238b800925c1283188f77211260a42f40c975ddfd6666adffa18f7986a8d921	raw	
nist-docx-0008	docx	3	full	6299b350fa4ce9fd38cedc7cd2dee0188e8ec31313395f7c53889722b763120b	5e1b76de3f51de373671f60e1a5d5ef5d4e8dd6f71eb678b4c457d4ce2a40d87	decline	
nist-docx-0008	docx	3	full	1e1ee3b0644c7de0145fbc91426ecaff0983f3093648586848c20fac7d2d6de1	3238b800925c1283188f77211260a42f40c975ddfd6666adffa18f7986a8d921	raw	
nist-docx-0008	docx	3	full	d6d33dcc1a65b0d456c2aaac0a841e22db522bd5d4d6ab172d2e7292a47a6947	ebafe807bf69687346a964ad11e094d5428e7e74846791622a0c1a6af200cdb9	shape	
nist-docx-0008	docx	3	full	52ee9da672dd820779129bd56eea4d02cddb2b24a62cbe210824b74bcfbbe0a9	42a99cf6f01b21ff95e8d0022665236280a1daeb13d0f0bb2f79b912913bc6ad	raw	
nist-docx-0008	docx	3	full	1e1ee3b0644c7de0145fbc91426ecaff0983f3093648586848c20fac7d2d6de1	3238b800925c1283188f77211260a42f40c975ddfd6666adffa18f7986a8d921	raw	
nist-docx-0008	docx	3	full	bf27ad9674c0e4bc3a370d4c0cacc3e92b63c2d7334bd676032cc20e99a53c9f	0d79f530628cb1619a68397091a745e8ba40dc6cb51cf597cecf61c985dbe6ca	shape	
nist-docx-0008	docx	3	full	3ed125645acee1f30aaf147248a1c443693fd2dcc6351c09814cf52258b898fd	9a6a517776fdafc588193998626dbb11f6da67a66efb9153f38912192fcc55cc	raw	
nist-docx-0008	docx	3	full	3ed125645acee1f30aaf147248a1c443693fd2dcc6351c09814cf52258b898fd	9a6a517776fdafc588193998626dbb11f6da67a66efb9153f38912192fcc55cc	raw	
nist-docx-0008	docx	3	full	3ed125645acee1f30aaf147248a1c443693fd2dcc6351c09814cf52258b898fd	9a6a517776fdafc588193998626dbb11f6da67a66efb9153f38912192fcc55cc	raw	
nist-docx-0008	docx	3	full	6299b350fa4ce9fd38cedc7cd2dee0188e8ec31313395f7c53889722b763120b	5e1b76de3f51de373671f60e1a5d5ef5d4e8dd6f71eb678b4c457d4ce2a40d87	decline	
nist-docx-0008	docx	3	full	3ed125645acee1f30aaf147248a1c443693fd2dcc6351c09814cf52258b898fd	9a6a517776fdafc588193998626dbb11f6da67a66efb9153f38912192fcc55cc	raw	
nist-docx-0008	docx	3	full	bf27ad9674c0e4bc3a370d4c0cacc3e92b63c2d7334bd676032cc20e99a53c9f	0d79f530628cb1619a68397091a745e8ba40dc6cb51cf597cecf61c985dbe6ca	shape	
nist-docx-0008	docx	3	full	d6d33dcc1a65b0d456c2aaac0a841e22db522bd5d4d6ab172d2e7292a47a6947	ebafe807bf69687346a964ad11e094d5428e7e74846791622a0c1a6af200cdb9	shape	
nist-docx-0008	docx	3	full	a6f0c68be6b8ea9f4768122575b836215df929213a6517bd0f20f2aaf964c28e	ab1fd55feede2129bd474b13c74a9a77286f60bbd46c4b0459e5358064f3b672	raw	
nist-docx-0008	docx	3	full	a6f0c68be6b8ea9f4768122575b836215df929213a6517bd0f20f2aaf964c28e	ab1fd55feede2129bd474b13c74a9a77286f60bbd46c4b0459e5358064f3b672	raw	
nist-docx-0008	docx	3	full	d6d33dcc1a65b0d456c2aaac0a841e22db522bd5d4d6ab172d2e7292a47a6947	ebafe807bf69687346a964ad11e094d5428e7e74846791622a0c1a6af200cdb9	shape	
nist-docx-0008	docx	3	full	d6d33dcc1a65b0d456c2aaac0a841e22db522bd5d4d6ab172d2e7292a47a6947	ebafe807bf69687346a964ad11e094d5428e7e74846791622a0c1a6af200cdb9	shape	
nist-docx-0008	docx	3	full	52ee9da672dd820779129bd56eea4d02cddb2b24a62cbe210824b74bcfbbe0a9	42a99cf6f01b21ff95e8d0022665236280a1daeb13d0f0bb2f79b912913bc6ad	raw	
nist-docx-0008	docx	3	full	bf27ad9674c0e4bc3a370d4c0cacc3e92b63c2d7334bd676032cc20e99a53c9f	0d79f530628cb1619a68397091a745e8ba40dc6cb51cf597cecf61c985dbe6ca	shape	
nist-docx-0008	docx	3	full	6299b350fa4ce9fd38cedc7cd2dee0188e8ec31313395f7c53889722b763120b	5e1b76de3f51de373671f60e1a5d5ef5d4e8dd6f71eb678b4c457d4ce2a40d87	decline	
nist-docx-0008	docx	3	full	a6f0c68be6b8ea9f4768122575b836215df929213a6517bd0f20f2aaf964c28e	ab1fd55feede2129bd474b13c74a9a77286f60bbd46c4b0459e5358064f3b672	raw	
nist-docx-0008	docx	3	full	a6f0c68be6b8ea9f4768122575b836215df929213a6517bd0f20f2aaf964c28e	ab1fd55feede2129bd474b13c74a9a77286f60bbd46c4b0459e5358064f3b672	raw	
nist-docx-0008	docx	3	full	e96ef035599f0d241e4fc56cfb96ecbe076be911398ff544c765957226df86c0	c3dc2c60a6c4643051de88a5235e19085de16b0c18b2e49a50b931e7fb0889bc	decline	
nist-docx-0008	docx	3	full	1e1ee3b0644c7de0145fbc91426ecaff0983f3093648586848c20fac7d2d6de1	3238b800925c1283188f77211260a42f40c975ddfd6666adffa18f7986a8d921	raw	
nist-docx-0008	docx	4	full	6299b350fa4ce9fd38cedc7cd2dee0188e8ec31313395f7c53889722b763120b	840f10941910619147f7f94f297e1007a2f05d1734e88623c46f473ef1d67c7c	decline	
nist-docx-0008	docx	4	full	1e1ee3b0644c7de0145fbc91426ecaff0983f3093648586848c20fac7d2d6de1	0db4d2947aa57a0563ea77aaad62148f81e77ba9bd5db1d85166cf1c697cc12c	raw	
nist-docx-0008	docx	4	full	d6d33dcc1a65b0d456c2aaac0a841e22db522bd5d4d6ab172d2e7292a47a6947	f8285312fedde750f0b382ad4468f36f1b4cb70f6c32f95320966bbf7e72d748	capability	
nist-docx-0008	docx	4	full	52ee9da672dd820779129bd56eea4d02cddb2b24a62cbe210824b74bcfbbe0a9	1614ad32c61263c7607ae11aad302d833bc50960ec4f7633dc9f659532dcf5cc	raw	
nist-docx-0008	docx	4	full	1e1ee3b0644c7de0145fbc91426ecaff0983f3093648586848c20fac7d2d6de1	0db4d2947aa57a0563ea77aaad62148f81e77ba9bd5db1d85166cf1c697cc12c	raw	
nist-docx-0008	docx	4	full	bf27ad9674c0e4bc3a370d4c0cacc3e92b63c2d7334bd676032cc20e99a53c9f	e2a30abb624b689d66773a910d63c62673b4afa6ad22588ca328d7a163ef1a5a	shape	
nist-docx-0008	docx	4	full	3ed125645acee1f30aaf147248a1c443693fd2dcc6351c09814cf52258b898fd	efe8cc1122148244f837a8de6cd5e53f5cdcd7489346bffc22c59678a063fc59	raw	
nist-docx-0008	docx	4	full	3ed125645acee1f30aaf147248a1c443693fd2dcc6351c09814cf52258b898fd	efe8cc1122148244f837a8de6cd5e53f5cdcd7489346bffc22c59678a063fc59	raw	
nist-docx-0008	docx	4	full	3ed125645acee1f30aaf147248a1c443693fd2dcc6351c09814cf52258b898fd	efe8cc1122148244f837a8de6cd5e53f5cdcd7489346bffc22c59678a063fc59	raw	
nist-docx-0008	docx	4	full	6299b350fa4ce9fd38cedc7cd2dee0188e8ec31313395f7c53889722b763120b	840f10941910619147f7f94f297e1007a2f05d1734e88623c46f473ef1d67c7c	decline	
nist-docx-0008	docx	4	full	3ed125645acee1f30aaf147248a1c443693fd2dcc6351c09814cf52258b898fd	efe8cc1122148244f837a8de6cd5e53f5cdcd7489346bffc22c59678a063fc59	raw	
nist-docx-0008	docx	4	full	bf27ad9674c0e4bc3a370d4c0cacc3e92b63c2d7334bd676032cc20e99a53c9f	e2a30abb624b689d66773a910d63c62673b4afa6ad22588ca328d7a163ef1a5a	shape	
nist-docx-0008	docx	4	full	d6d33dcc1a65b0d456c2aaac0a841e22db522bd5d4d6ab172d2e7292a47a6947	f8285312fedde750f0b382ad4468f36f1b4cb70f6c32f95320966bbf7e72d748	capability	
nist-docx-0008	docx	4	full	a6f0c68be6b8ea9f4768122575b836215df929213a6517bd0f20f2aaf964c28e	832e192b852097b13af1371edd27331456dd1c4e4e2ad5ccea969b4234f03971	raw	
nist-docx-0008	docx	4	full	a6f0c68be6b8ea9f4768122575b836215df929213a6517bd0f20f2aaf964c28e	832e192b852097b13af1371edd27331456dd1c4e4e2ad5ccea969b4234f03971	raw	
nist-docx-0008	docx	4	full	d6d33dcc1a65b0d456c2aaac0a841e22db522bd5d4d6ab172d2e7292a47a6947	f8285312fedde750f0b382ad4468f36f1b4cb70f6c32f95320966bbf7e72d748	capability	
nist-docx-0008	docx	4	full	d6d33dcc1a65b0d456c2aaac0a841e22db522bd5d4d6ab172d2e7292a47a6947	f8285312fedde750f0b382ad4468f36f1b4cb70f6c32f95320966bbf7e72d748	capability	
nist-docx-0008	docx	4	full	52ee9da672dd820779129bd56eea4d02cddb2b24a62cbe210824b74bcfbbe0a9	1614ad32c61263c7607ae11aad302d833bc50960ec4f7633dc9f659532dcf5cc	raw	
nist-docx-0008	docx	4	full	bf27ad9674c0e4bc3a370d4c0cacc3e92b63c2d7334bd676032cc20e99a53c9f	e2a30abb624b689d66773a910d63c62673b4afa6ad22588ca328d7a163ef1a5a	shape	
nist-docx-0008	docx	4	full	6299b350fa4ce9fd38cedc7cd2dee0188e8ec31313395f7c53889722b763120b	840f10941910619147f7f94f297e1007a2f05d1734e88623c46f473ef1d67c7c	decline	
nist-docx-0008	docx	4	full	a6f0c68be6b8ea9f4768122575b836215df929213a6517bd0f20f2aaf964c28e	832e192b852097b13af1371edd27331456dd1c4e4e2ad5ccea969b4234f03971	raw	
nist-docx-0008	docx	4	full	a6f0c68be6b8ea9f4768122575b836215df929213a6517bd0f20f2aaf964c28e	832e192b852097b13af1371edd27331456dd1c4e4e2ad5ccea969b4234f03971	raw	
nist-docx-0008	docx	4	full	e96ef035599f0d241e4fc56cfb96ecbe076be911398ff544c765957226df86c0	176cd70284d3b711f0799051439e89c60ff634d6565e6d390fbfa3f2b4a82e9f	decline	
nist-docx-0008	docx	4	full	1e1ee3b0644c7de0145fbc91426ecaff0983f3093648586848c20fac7d2d6de1	0db4d2947aa57a0563ea77aaad62148f81e77ba9bd5db1d85166cf1c697cc12c	raw	
nist-docx-0008	docx	5	full	6299b350fa4ce9fd38cedc7cd2dee0188e8ec31313395f7c53889722b763120b	840f10941910619147f7f94f297e1007a2f05d1734e88623c46f473ef1d67c7c	decline	
nist-docx-0008	docx	5	full	1e1ee3b0644c7de0145fbc91426ecaff0983f3093648586848c20fac7d2d6de1	0db4d2947aa57a0563ea77aaad62148f81e77ba9bd5db1d85166cf1c697cc12c	raw	
nist-docx-0008	docx	5	full	d6d33dcc1a65b0d456c2aaac0a841e22db522bd5d4d6ab172d2e7292a47a6947	f8285312fedde750f0b382ad4468f36f1b4cb70f6c32f95320966bbf7e72d748	capability	
nist-docx-0008	docx	5	full	52ee9da672dd820779129bd56eea4d02cddb2b24a62cbe210824b74bcfbbe0a9	1614ad32c61263c7607ae11aad302d833bc50960ec4f7633dc9f659532dcf5cc	raw	
nist-docx-0008	docx	5	full	1e1ee3b0644c7de0145fbc91426ecaff0983f3093648586848c20fac7d2d6de1	0db4d2947aa57a0563ea77aaad62148f81e77ba9bd5db1d85166cf1c697cc12c	raw	
nist-docx-0008	docx	5	full	bf27ad9674c0e4bc3a370d4c0cacc3e92b63c2d7334bd676032cc20e99a53c9f	e2a30abb624b689d66773a910d63c62673b4afa6ad22588ca328d7a163ef1a5a	shape	
nist-docx-0008	docx	5	full	3ed125645acee1f30aaf147248a1c443693fd2dcc6351c09814cf52258b898fd	efe8cc1122148244f837a8de6cd5e53f5cdcd7489346bffc22c59678a063fc59	raw	
nist-docx-0008	docx	5	full	3ed125645acee1f30aaf147248a1c443693fd2dcc6351c09814cf52258b898fd	efe8cc1122148244f837a8de6cd5e53f5cdcd7489346bffc22c59678a063fc59	raw	
nist-docx-0008	docx	5	full	3ed125645acee1f30aaf147248a1c443693fd2dcc6351c09814cf52258b898fd	efe8cc1122148244f837a8de6cd5e53f5cdcd7489346bffc22c59678a063fc59	raw	
nist-docx-0008	docx	5	full	6299b350fa4ce9fd38cedc7cd2dee0188e8ec31313395f7c53889722b763120b	840f10941910619147f7f94f297e1007a2f05d1734e88623c46f473ef1d67c7c	decline	
nist-docx-0008	docx	5	full	3ed125645acee1f30aaf147248a1c443693fd2dcc6351c09814cf52258b898fd	efe8cc1122148244f837a8de6cd5e53f5cdcd7489346bffc22c59678a063fc59	raw	
nist-docx-0008	docx	5	full	bf27ad9674c0e4bc3a370d4c0cacc3e92b63c2d7334bd676032cc20e99a53c9f	e2a30abb624b689d66773a910d63c62673b4afa6ad22588ca328d7a163ef1a5a	shape	
nist-docx-0008	docx	5	full	d6d33dcc1a65b0d456c2aaac0a841e22db522bd5d4d6ab172d2e7292a47a6947	f8285312fedde750f0b382ad4468f36f1b4cb70f6c32f95320966bbf7e72d748	capability	
nist-docx-0008	docx	5	full	a6f0c68be6b8ea9f4768122575b836215df929213a6517bd0f20f2aaf964c28e	832e192b852097b13af1371edd27331456dd1c4e4e2ad5ccea969b4234f03971	raw	
nist-docx-0008	docx	5	full	a6f0c68be6b8ea9f4768122575b836215df929213a6517bd0f20f2aaf964c28e	832e192b852097b13af1371edd27331456dd1c4e4e2ad5ccea969b4234f03971	raw	
nist-docx-0008	docx	5	full	d6d33dcc1a65b0d456c2aaac0a841e22db522bd5d4d6ab172d2e7292a47a6947	f8285312fedde750f0b382ad4468f36f1b4cb70f6c32f95320966bbf7e72d748	capability	
nist-docx-0008	docx	5	full	d6d33dcc1a65b0d456c2aaac0a841e22db522bd5d4d6ab172d2e7292a47a6947	f8285312fedde750f0b382ad4468f36f1b4cb70f6c32f95320966bbf7e72d748	capability	
nist-docx-0008	docx	5	full	52ee9da672dd820779129bd56eea4d02cddb2b24a62cbe210824b74bcfbbe0a9	1614ad32c61263c7607ae11aad302d833bc50960ec4f7633dc9f659532dcf5cc	raw	
nist-docx-0008	docx	5	full	bf27ad9674c0e4bc3a370d4c0cacc3e92b63c2d7334bd676032cc20e99a53c9f	e2a30abb624b689d66773a910d63c62673b4afa6ad22588ca328d7a163ef1a5a	shape	
nist-docx-0008	docx	5	full	6299b350fa4ce9fd38cedc7cd2dee0188e8ec31313395f7c53889722b763120b	840f10941910619147f7f94f297e1007a2f05d1734e88623c46f473ef1d67c7c	decline	
nist-docx-0008	docx	5	full	a6f0c68be6b8ea9f4768122575b836215df929213a6517bd0f20f2aaf964c28e	832e192b852097b13af1371edd27331456dd1c4e4e2ad5ccea969b4234f03971	raw	
nist-docx-0008	docx	5	full	a6f0c68be6b8ea9f4768122575b836215df929213a6517bd0f20f2aaf964c28e	832e192b852097b13af1371edd27331456dd1c4e4e2ad5ccea969b4234f03971	raw	
nist-docx-0008	docx	5	full	e96ef035599f0d241e4fc56cfb96ecbe076be911398ff544c765957226df86c0	176cd70284d3b711f0799051439e89c60ff634d6565e6d390fbfa3f2b4a82e9f	decline	
nist-docx-0008	docx	5	full	1e1ee3b0644c7de0145fbc91426ecaff0983f3093648586848c20fac7d2d6de1	0db4d2947aa57a0563ea77aaad62148f81e77ba9bd5db1d85166cf1c697cc12c	raw	
nist-docx-0009	docx	0	full	b59a4fa4e08a28fd2feb1c4cb7d8507ce6ac0eedaa8ffaa1710ab96d4e729009	3579e445d091fc79f04e5a6e8db1af4b728b0a98cf8c80ddcbacde8d5a276c1c	raw	
nist-docx-0009	docx	0	full	e96ef035599f0d241e4fc56cfb96ecbe076be911398ff544c765957226df86c0	43b6f40c5a01d133694a9d8d5cf9a34287fddef04a0601606251d94828a9faf8	decline	
nist-docx-0009	docx	0	full	54b5fd57eb94c999c1b70515995ea8bafd1f6a60a3baa6718ec3182524083155	6bd07007f82b50e706beadd617f540551e6cbbeade72546a428fc8bde6dc378c	raw	
nist-docx-0009	docx	0	full	e96ef035599f0d241e4fc56cfb96ecbe076be911398ff544c765957226df86c0	43b6f40c5a01d133694a9d8d5cf9a34287fddef04a0601606251d94828a9faf8	decline	
nist-docx-0009	docx	0	full	b59a4fa4e08a28fd2feb1c4cb7d8507ce6ac0eedaa8ffaa1710ab96d4e729009	3579e445d091fc79f04e5a6e8db1af4b728b0a98cf8c80ddcbacde8d5a276c1c	raw	
nist-docx-0009	docx	0	full	6558ee61489e7bed5823ce4a0298f7fe05d9e845caea81e2532b409a632e4afe	b089e3e1ffda298826cb8a78f5800ceb403ac4bd2fa446287497b6d86016e118	raw	
nist-docx-0009	docx	0	full	e96ef035599f0d241e4fc56cfb96ecbe076be911398ff544c765957226df86c0	43b6f40c5a01d133694a9d8d5cf9a34287fddef04a0601606251d94828a9faf8	decline	
nist-docx-0009	docx	0	full	6299b350fa4ce9fd38cedc7cd2dee0188e8ec31313395f7c53889722b763120b	a3d1ac5e545031d9101cc994b7df1b5d14d750f7394ec966486663bca864d81d	decline	
nist-docx-0009	docx	0	full	3fefa5c2feaf6ba12473b86d9ab37192c2133e9518f6bdc5357d7f6ece8ed6ab	70d7cfc4300ae5cfd5429b2df5b56f378932810b5f64bdb5b4fdfa3c48ce7c01	shape	
nist-docx-0009	docx	0	full	e96ef035599f0d241e4fc56cfb96ecbe076be911398ff544c765957226df86c0	43b6f40c5a01d133694a9d8d5cf9a34287fddef04a0601606251d94828a9faf8	decline	
nist-docx-0009	docx	0	full	7842ad4253b3a81c466063f1b1f2ca4ad955bda59ba01c7f16318d22bf9b6466	3fc7ac36dbdfbee183e545499b670285a3a18ee4a863c6dec18105314a084034	raw	
nist-docx-0009	docx	0	full	e96ef035599f0d241e4fc56cfb96ecbe076be911398ff544c765957226df86c0	43b6f40c5a01d133694a9d8d5cf9a34287fddef04a0601606251d94828a9faf8	decline	
nist-docx-0009	docx	0	full	6558ee61489e7bed5823ce4a0298f7fe05d9e845caea81e2532b409a632e4afe	b089e3e1ffda298826cb8a78f5800ceb403ac4bd2fa446287497b6d86016e118	raw	
nist-docx-0009	docx	0	full	b59a4fa4e08a28fd2feb1c4cb7d8507ce6ac0eedaa8ffaa1710ab96d4e729009	3579e445d091fc79f04e5a6e8db1af4b728b0a98cf8c80ddcbacde8d5a276c1c	raw	
nist-docx-0009	docx	0	full	b59a4fa4e08a28fd2feb1c4cb7d8507ce6ac0eedaa8ffaa1710ab96d4e729009	3579e445d091fc79f04e5a6e8db1af4b728b0a98cf8c80ddcbacde8d5a276c1c	raw	
nist-docx-0009	docx	0	full	54b5fd57eb94c999c1b70515995ea8bafd1f6a60a3baa6718ec3182524083155	6bd07007f82b50e706beadd617f540551e6cbbeade72546a428fc8bde6dc378c	raw	
nist-docx-0009	docx	0	full	d6d33dcc1a65b0d456c2aaac0a841e22db522bd5d4d6ab172d2e7292a47a6947	a1185b0ed4c60ea24cbb1524acd73122d72432b62caad423693ae13c23895e6d	shape	
nist-docx-0009	docx	0	full	3fefa5c2feaf6ba12473b86d9ab37192c2133e9518f6bdc5357d7f6ece8ed6ab	70d7cfc4300ae5cfd5429b2df5b56f378932810b5f64bdb5b4fdfa3c48ce7c01	shape	
nist-docx-0009	docx	0	full	7842ad4253b3a81c466063f1b1f2ca4ad955bda59ba01c7f16318d22bf9b6466	3fc7ac36dbdfbee183e545499b670285a3a18ee4a863c6dec18105314a084034	raw	
nist-docx-0009	docx	0	full	b59a4fa4e08a28fd2feb1c4cb7d8507ce6ac0eedaa8ffaa1710ab96d4e729009	3579e445d091fc79f04e5a6e8db1af4b728b0a98cf8c80ddcbacde8d5a276c1c	raw	
nist-docx-0009	docx	0	full	6558ee61489e7bed5823ce4a0298f7fe05d9e845caea81e2532b409a632e4afe	b089e3e1ffda298826cb8a78f5800ceb403ac4bd2fa446287497b6d86016e118	raw	
nist-docx-0009	docx	0	full	54b5fd57eb94c999c1b70515995ea8bafd1f6a60a3baa6718ec3182524083155	6bd07007f82b50e706beadd617f540551e6cbbeade72546a428fc8bde6dc378c	raw	
nist-docx-0009	docx	0	full	6558ee61489e7bed5823ce4a0298f7fe05d9e845caea81e2532b409a632e4afe	b089e3e1ffda298826cb8a78f5800ceb403ac4bd2fa446287497b6d86016e118	raw	
nist-docx-0009	docx	0	full	6558ee61489e7bed5823ce4a0298f7fe05d9e845caea81e2532b409a632e4afe	b089e3e1ffda298826cb8a78f5800ceb403ac4bd2fa446287497b6d86016e118	raw	
nist-docx-0009	docx	1	full	b59a4fa4e08a28fd2feb1c4cb7d8507ce6ac0eedaa8ffaa1710ab96d4e729009	598451466050d398499cfb89c1a2cc62205b1d4b68a1afcef669a99307399b22	raw	
nist-docx-0009	docx	1	full	e96ef035599f0d241e4fc56cfb96ecbe076be911398ff544c765957226df86c0	ec3139c2072ea0676f25fcbd6266b53fefa036106e347026c2af87d9d800706c	decline	
nist-docx-0009	docx	1	full	54b5fd57eb94c999c1b70515995ea8bafd1f6a60a3baa6718ec3182524083155	db23f4ecaa4f7361eaf522dbcc5315bd5ca8a04b679ffa705410ea4c4989ab4b	raw	
nist-docx-0009	docx	1	full	e96ef035599f0d241e4fc56cfb96ecbe076be911398ff544c765957226df86c0	ec3139c2072ea0676f25fcbd6266b53fefa036106e347026c2af87d9d800706c	decline	
nist-docx-0009	docx	1	full	b59a4fa4e08a28fd2feb1c4cb7d8507ce6ac0eedaa8ffaa1710ab96d4e729009	598451466050d398499cfb89c1a2cc62205b1d4b68a1afcef669a99307399b22	raw	
nist-docx-0009	docx	1	full	6558ee61489e7bed5823ce4a0298f7fe05d9e845caea81e2532b409a632e4afe	7ec235ec571f44aab2f8467a683d57fac1678d266228cf37d3e1092c4cb91b06	raw	
nist-docx-0009	docx	1	full	e96ef035599f0d241e4fc56cfb96ecbe076be911398ff544c765957226df86c0	ec3139c2072ea0676f25fcbd6266b53fefa036106e347026c2af87d9d800706c	decline	
nist-docx-0009	docx	1	full	6299b350fa4ce9fd38cedc7cd2dee0188e8ec31313395f7c53889722b763120b	9466d0481fb1ca6bd549bbc95e213c36cb9603e70c432b8c077a65dbc83acfba	decline	
nist-docx-0009	docx	1	full	3fefa5c2feaf6ba12473b86d9ab37192c2133e9518f6bdc5357d7f6ece8ed6ab	0e0c6bfec9520ca16dd71dd248a022e0d91b74607a3918a1ea376ed0586da460	shape	
nist-docx-0009	docx	1	full	e96ef035599f0d241e4fc56cfb96ecbe076be911398ff544c765957226df86c0	ec3139c2072ea0676f25fcbd6266b53fefa036106e347026c2af87d9d800706c	decline	
nist-docx-0009	docx	1	full	7842ad4253b3a81c466063f1b1f2ca4ad955bda59ba01c7f16318d22bf9b6466	23995a5a39c1a103f78ad09fa45a915a7e38405379dae9b05c630840145ef928	raw	
nist-docx-0009	docx	1	full	e96ef035599f0d241e4fc56cfb96ecbe076be911398ff544c765957226df86c0	ec3139c2072ea0676f25fcbd6266b53fefa036106e347026c2af87d9d800706c	decline	
nist-docx-0009	docx	1	full	6558ee61489e7bed5823ce4a0298f7fe05d9e845caea81e2532b409a632e4afe	7ec235ec571f44aab2f8467a683d57fac1678d266228cf37d3e1092c4cb91b06	raw	
nist-docx-0009	docx	1	full	b59a4fa4e08a28fd2feb1c4cb7d8507ce6ac0eedaa8ffaa1710ab96d4e729009	598451466050d398499cfb89c1a2cc62205b1d4b68a1afcef669a99307399b22	raw	
nist-docx-0009	docx	1	full	b59a4fa4e08a28fd2feb1c4cb7d8507ce6ac0eedaa8ffaa1710ab96d4e729009	598451466050d398499cfb89c1a2cc62205b1d4b68a1afcef669a99307399b22	raw	
nist-docx-0009	docx	1	full	54b5fd57eb94c999c1b70515995ea8bafd1f6a60a3baa6718ec3182524083155	db23f4ecaa4f7361eaf522dbcc5315bd5ca8a04b679ffa705410ea4c4989ab4b	raw	
nist-docx-0009	docx	1	full	d6d33dcc1a65b0d456c2aaac0a841e22db522bd5d4d6ab172d2e7292a47a6947	a1185b0ed4c60ea24cbb1524acd73122d72432b62caad423693ae13c23895e6d	shape	
nist-docx-0009	docx	1	full	3fefa5c2feaf6ba12473b86d9ab37192c2133e9518f6bdc5357d7f6ece8ed6ab	0e0c6bfec9520ca16dd71dd248a022e0d91b74607a3918a1ea376ed0586da460	shape	
nist-docx-0009	docx	1	full	7842ad4253b3a81c466063f1b1f2ca4ad955bda59ba01c7f16318d22bf9b6466	23995a5a39c1a103f78ad09fa45a915a7e38405379dae9b05c630840145ef928	raw	
nist-docx-0009	docx	1	full	b59a4fa4e08a28fd2feb1c4cb7d8507ce6ac0eedaa8ffaa1710ab96d4e729009	598451466050d398499cfb89c1a2cc62205b1d4b68a1afcef669a99307399b22	raw	
nist-docx-0009	docx	1	full	6558ee61489e7bed5823ce4a0298f7fe05d9e845caea81e2532b409a632e4afe	7ec235ec571f44aab2f8467a683d57fac1678d266228cf37d3e1092c4cb91b06	raw	
nist-docx-0009	docx	1	full	54b5fd57eb94c999c1b70515995ea8bafd1f6a60a3baa6718ec3182524083155	db23f4ecaa4f7361eaf522dbcc5315bd5ca8a04b679ffa705410ea4c4989ab4b	raw	
nist-docx-0009	docx	1	full	6558ee61489e7bed5823ce4a0298f7fe05d9e845caea81e2532b409a632e4afe	7ec235ec571f44aab2f8467a683d57fac1678d266228cf37d3e1092c4cb91b06	raw	
nist-docx-0009	docx	1	full	6558ee61489e7bed5823ce4a0298f7fe05d9e845caea81e2532b409a632e4afe	7ec235ec571f44aab2f8467a683d57fac1678d266228cf37d3e1092c4cb91b06	raw	
nist-docx-0009	docx	2	full	b59a4fa4e08a28fd2feb1c4cb7d8507ce6ac0eedaa8ffaa1710ab96d4e729009	598451466050d398499cfb89c1a2cc62205b1d4b68a1afcef669a99307399b22	raw	
nist-docx-0009	docx	2	full	e96ef035599f0d241e4fc56cfb96ecbe076be911398ff544c765957226df86c0	ec3139c2072ea0676f25fcbd6266b53fefa036106e347026c2af87d9d800706c	decline	
nist-docx-0009	docx	2	full	54b5fd57eb94c999c1b70515995ea8bafd1f6a60a3baa6718ec3182524083155	fcd04b496a471bb9abca249fc603dc050ab1ad4bce36648b4d1fac4a351ea554	raw	
nist-docx-0009	docx	2	full	e96ef035599f0d241e4fc56cfb96ecbe076be911398ff544c765957226df86c0	ec3139c2072ea0676f25fcbd6266b53fefa036106e347026c2af87d9d800706c	decline	
nist-docx-0009	docx	2	full	b59a4fa4e08a28fd2feb1c4cb7d8507ce6ac0eedaa8ffaa1710ab96d4e729009	598451466050d398499cfb89c1a2cc62205b1d4b68a1afcef669a99307399b22	raw	
nist-docx-0009	docx	2	full	6558ee61489e7bed5823ce4a0298f7fe05d9e845caea81e2532b409a632e4afe	04619cdfc1de12b4fd4c1b4cc43a2fe4d383a107b35e1ba732fc4fd0e9f1a1ea	raw	
nist-docx-0009	docx	2	full	e96ef035599f0d241e4fc56cfb96ecbe076be911398ff544c765957226df86c0	ec3139c2072ea0676f25fcbd6266b53fefa036106e347026c2af87d9d800706c	decline	
nist-docx-0009	docx	2	full	6299b350fa4ce9fd38cedc7cd2dee0188e8ec31313395f7c53889722b763120b	589d47772a3f7c43d777615f5ffb991db46286d796166294035be7d3a4c06332	decline	
nist-docx-0009	docx	2	full	3fefa5c2feaf6ba12473b86d9ab37192c2133e9518f6bdc5357d7f6ece8ed6ab	0e0c6bfec9520ca16dd71dd248a022e0d91b74607a3918a1ea376ed0586da460	shape	
nist-docx-0009	docx	2	full	e96ef035599f0d241e4fc56cfb96ecbe076be911398ff544c765957226df86c0	ec3139c2072ea0676f25fcbd6266b53fefa036106e347026c2af87d9d800706c	decline	
nist-docx-0009	docx	2	full	7842ad4253b3a81c466063f1b1f2ca4ad955bda59ba01c7f16318d22bf9b6466	fb6f613a147fb37a4e8451a258df41c36b04d08123c9ca2f9867b3547527604b	raw	
nist-docx-0009	docx	2	full	e96ef035599f0d241e4fc56cfb96ecbe076be911398ff544c765957226df86c0	ec3139c2072ea0676f25fcbd6266b53fefa036106e347026c2af87d9d800706c	decline	
nist-docx-0009	docx	2	full	6558ee61489e7bed5823ce4a0298f7fe05d9e845caea81e2532b409a632e4afe	04619cdfc1de12b4fd4c1b4cc43a2fe4d383a107b35e1ba732fc4fd0e9f1a1ea	raw	
nist-docx-0009	docx	2	full	b59a4fa4e08a28fd2feb1c4cb7d8507ce6ac0eedaa8ffaa1710ab96d4e729009	598451466050d398499cfb89c1a2cc62205b1d4b68a1afcef669a99307399b22	raw	
nist-docx-0009	docx	2	full	b59a4fa4e08a28fd2feb1c4cb7d8507ce6ac0eedaa8ffaa1710ab96d4e729009	598451466050d398499cfb89c1a2cc62205b1d4b68a1afcef669a99307399b22	raw	
nist-docx-0009	docx	2	full	54b5fd57eb94c999c1b70515995ea8bafd1f6a60a3baa6718ec3182524083155	fcd04b496a471bb9abca249fc603dc050ab1ad4bce36648b4d1fac4a351ea554	raw	
nist-docx-0009	docx	2	full	d6d33dcc1a65b0d456c2aaac0a841e22db522bd5d4d6ab172d2e7292a47a6947	a1185b0ed4c60ea24cbb1524acd73122d72432b62caad423693ae13c23895e6d	shape	
nist-docx-0009	docx	2	full	3fefa5c2feaf6ba12473b86d9ab37192c2133e9518f6bdc5357d7f6ece8ed6ab	0e0c6bfec9520ca16dd71dd248a022e0d91b74607a3918a1ea376ed0586da460	shape	
nist-docx-0009	docx	2	full	7842ad4253b3a81c466063f1b1f2ca4ad955bda59ba01c7f16318d22bf9b6466	fb6f613a147fb37a4e8451a258df41c36b04d08123c9ca2f9867b3547527604b	raw	
nist-docx-0009	docx	2	full	b59a4fa4e08a28fd2feb1c4cb7d8507ce6ac0eedaa8ffaa1710ab96d4e729009	598451466050d398499cfb89c1a2cc62205b1d4b68a1afcef669a99307399b22	raw	
nist-docx-0009	docx	2	full	6558ee61489e7bed5823ce4a0298f7fe05d9e845caea81e2532b409a632e4afe	04619cdfc1de12b4fd4c1b4cc43a2fe4d383a107b35e1ba732fc4fd0e9f1a1ea	raw	
nist-docx-0009	docx	2	full	54b5fd57eb94c999c1b70515995ea8bafd1f6a60a3baa6718ec3182524083155	fcd04b496a471bb9abca249fc603dc050ab1ad4bce36648b4d1fac4a351ea554	raw	
nist-docx-0009	docx	2	full	6558ee61489e7bed5823ce4a0298f7fe05d9e845caea81e2532b409a632e4afe	04619cdfc1de12b4fd4c1b4cc43a2fe4d383a107b35e1ba732fc4fd0e9f1a1ea	raw	
nist-docx-0009	docx	2	full	6558ee61489e7bed5823ce4a0298f7fe05d9e845caea81e2532b409a632e4afe	04619cdfc1de12b4fd4c1b4cc43a2fe4d383a107b35e1ba732fc4fd0e9f1a1ea	raw	
nist-docx-0009	docx	3	full	b59a4fa4e08a28fd2feb1c4cb7d8507ce6ac0eedaa8ffaa1710ab96d4e729009	598451466050d398499cfb89c1a2cc62205b1d4b68a1afcef669a99307399b22	raw	
nist-docx-0009	docx	3	full	e96ef035599f0d241e4fc56cfb96ecbe076be911398ff544c765957226df86c0	ec3139c2072ea0676f25fcbd6266b53fefa036106e347026c2af87d9d800706c	decline	
nist-docx-0009	docx	3	full	54b5fd57eb94c999c1b70515995ea8bafd1f6a60a3baa6718ec3182524083155	fcd04b496a471bb9abca249fc603dc050ab1ad4bce36648b4d1fac4a351ea554	raw	
nist-docx-0009	docx	3	full	e96ef035599f0d241e4fc56cfb96ecbe076be911398ff544c765957226df86c0	ec3139c2072ea0676f25fcbd6266b53fefa036106e347026c2af87d9d800706c	decline	
nist-docx-0009	docx	3	full	b59a4fa4e08a28fd2feb1c4cb7d8507ce6ac0eedaa8ffaa1710ab96d4e729009	598451466050d398499cfb89c1a2cc62205b1d4b68a1afcef669a99307399b22	raw	
nist-docx-0009	docx	3	full	6558ee61489e7bed5823ce4a0298f7fe05d9e845caea81e2532b409a632e4afe	04619cdfc1de12b4fd4c1b4cc43a2fe4d383a107b35e1ba732fc4fd0e9f1a1ea	raw	
nist-docx-0009	docx	3	full	e96ef035599f0d241e4fc56cfb96ecbe076be911398ff544c765957226df86c0	ec3139c2072ea0676f25fcbd6266b53fefa036106e347026c2af87d9d800706c	decline	
nist-docx-0009	docx	3	full	6299b350fa4ce9fd38cedc7cd2dee0188e8ec31313395f7c53889722b763120b	589d47772a3f7c43d777615f5ffb991db46286d796166294035be7d3a4c06332	decline	
nist-docx-0009	docx	3	full	3fefa5c2feaf6ba12473b86d9ab37192c2133e9518f6bdc5357d7f6ece8ed6ab	0e0c6bfec9520ca16dd71dd248a022e0d91b74607a3918a1ea376ed0586da460	shape	
nist-docx-0009	docx	3	full	e96ef035599f0d241e4fc56cfb96ecbe076be911398ff544c765957226df86c0	ec3139c2072ea0676f25fcbd6266b53fefa036106e347026c2af87d9d800706c	decline	
nist-docx-0009	docx	3	full	7842ad4253b3a81c466063f1b1f2ca4ad955bda59ba01c7f16318d22bf9b6466	fb6f613a147fb37a4e8451a258df41c36b04d08123c9ca2f9867b3547527604b	raw	
nist-docx-0009	docx	3	full	e96ef035599f0d241e4fc56cfb96ecbe076be911398ff544c765957226df86c0	ec3139c2072ea0676f25fcbd6266b53fefa036106e347026c2af87d9d800706c	decline	
nist-docx-0009	docx	3	full	6558ee61489e7bed5823ce4a0298f7fe05d9e845caea81e2532b409a632e4afe	04619cdfc1de12b4fd4c1b4cc43a2fe4d383a107b35e1ba732fc4fd0e9f1a1ea	raw	
nist-docx-0009	docx	3	full	b59a4fa4e08a28fd2feb1c4cb7d8507ce6ac0eedaa8ffaa1710ab96d4e729009	598451466050d398499cfb89c1a2cc62205b1d4b68a1afcef669a99307399b22	raw	
nist-docx-0009	docx	3	full	b59a4fa4e08a28fd2feb1c4cb7d8507ce6ac0eedaa8ffaa1710ab96d4e729009	598451466050d398499cfb89c1a2cc62205b1d4b68a1afcef669a99307399b22	raw	
nist-docx-0009	docx	3	full	54b5fd57eb94c999c1b70515995ea8bafd1f6a60a3baa6718ec3182524083155	fcd04b496a471bb9abca249fc603dc050ab1ad4bce36648b4d1fac4a351ea554	raw	
nist-docx-0009	docx	3	full	d6d33dcc1a65b0d456c2aaac0a841e22db522bd5d4d6ab172d2e7292a47a6947	a1185b0ed4c60ea24cbb1524acd73122d72432b62caad423693ae13c23895e6d	shape	
nist-docx-0009	docx	3	full	3fefa5c2feaf6ba12473b86d9ab37192c2133e9518f6bdc5357d7f6ece8ed6ab	0e0c6bfec9520ca16dd71dd248a022e0d91b74607a3918a1ea376ed0586da460	shape	
nist-docx-0009	docx	3	full	7842ad4253b3a81c466063f1b1f2ca4ad955bda59ba01c7f16318d22bf9b6466	fb6f613a147fb37a4e8451a258df41c36b04d08123c9ca2f9867b3547527604b	raw	
nist-docx-0009	docx	3	full	b59a4fa4e08a28fd2feb1c4cb7d8507ce6ac0eedaa8ffaa1710ab96d4e729009	598451466050d398499cfb89c1a2cc62205b1d4b68a1afcef669a99307399b22	raw	
nist-docx-0009	docx	3	full	6558ee61489e7bed5823ce4a0298f7fe05d9e845caea81e2532b409a632e4afe	04619cdfc1de12b4fd4c1b4cc43a2fe4d383a107b35e1ba732fc4fd0e9f1a1ea	raw	
nist-docx-0009	docx	3	full	54b5fd57eb94c999c1b70515995ea8bafd1f6a60a3baa6718ec3182524083155	fcd04b496a471bb9abca249fc603dc050ab1ad4bce36648b4d1fac4a351ea554	raw	
nist-docx-0009	docx	3	full	6558ee61489e7bed5823ce4a0298f7fe05d9e845caea81e2532b409a632e4afe	04619cdfc1de12b4fd4c1b4cc43a2fe4d383a107b35e1ba732fc4fd0e9f1a1ea	raw	
nist-docx-0009	docx	3	full	6558ee61489e7bed5823ce4a0298f7fe05d9e845caea81e2532b409a632e4afe	04619cdfc1de12b4fd4c1b4cc43a2fe4d383a107b35e1ba732fc4fd0e9f1a1ea	raw	
nist-docx-0009	docx	4	full	b59a4fa4e08a28fd2feb1c4cb7d8507ce6ac0eedaa8ffaa1710ab96d4e729009	694ca81f420373da560ca69d31c07f19f04813307f5192e50b6c9fbcc9307207	raw	
nist-docx-0009	docx	4	full	e96ef035599f0d241e4fc56cfb96ecbe076be911398ff544c765957226df86c0	8f4c184d4ed88231eee053ce1fd0b76085d883e96adfc537aff6f4e8519413a5	decline	
nist-docx-0009	docx	4	full	54b5fd57eb94c999c1b70515995ea8bafd1f6a60a3baa6718ec3182524083155	850b70845ecc9294b88373be7b024b38beffb5cdd15a59dbfea2bcd01a4fc21b	raw	
nist-docx-0009	docx	4	full	e96ef035599f0d241e4fc56cfb96ecbe076be911398ff544c765957226df86c0	8f4c184d4ed88231eee053ce1fd0b76085d883e96adfc537aff6f4e8519413a5	decline	
nist-docx-0009	docx	4	full	b59a4fa4e08a28fd2feb1c4cb7d8507ce6ac0eedaa8ffaa1710ab96d4e729009	694ca81f420373da560ca69d31c07f19f04813307f5192e50b6c9fbcc9307207	raw	
nist-docx-0009	docx	4	full	6558ee61489e7bed5823ce4a0298f7fe05d9e845caea81e2532b409a632e4afe	510970d41c2d9a1636a3aea71557a1a16acec503e08f331d03fbc73081b826b8	raw	
nist-docx-0009	docx	4	full	e96ef035599f0d241e4fc56cfb96ecbe076be911398ff544c765957226df86c0	8f4c184d4ed88231eee053ce1fd0b76085d883e96adfc537aff6f4e8519413a5	decline	
nist-docx-0009	docx	4	full	6299b350fa4ce9fd38cedc7cd2dee0188e8ec31313395f7c53889722b763120b	3159555464cae22e65a3bd67af0d3290b5d46c27383b8fae922db6acadd17009	decline	
nist-docx-0009	docx	4	full	3fefa5c2feaf6ba12473b86d9ab37192c2133e9518f6bdc5357d7f6ece8ed6ab	5907bdf9d4364a18c855a9f24493ecb87347fc83cdcbe478448a1cdcdeee609c	shape	
nist-docx-0009	docx	4	full	e96ef035599f0d241e4fc56cfb96ecbe076be911398ff544c765957226df86c0	8f4c184d4ed88231eee053ce1fd0b76085d883e96adfc537aff6f4e8519413a5	decline	
nist-docx-0009	docx	4	full	7842ad4253b3a81c466063f1b1f2ca4ad955bda59ba01c7f16318d22bf9b6466	09c5382129419427d0807b553eaff8dc745fa0e003c283fbe175dfa0819a5680	raw	
nist-docx-0009	docx	4	full	e96ef035599f0d241e4fc56cfb96ecbe076be911398ff544c765957226df86c0	8f4c184d4ed88231eee053ce1fd0b76085d883e96adfc537aff6f4e8519413a5	decline	
nist-docx-0009	docx	4	full	6558ee61489e7bed5823ce4a0298f7fe05d9e845caea81e2532b409a632e4afe	510970d41c2d9a1636a3aea71557a1a16acec503e08f331d03fbc73081b826b8	raw	
nist-docx-0009	docx	4	full	b59a4fa4e08a28fd2feb1c4cb7d8507ce6ac0eedaa8ffaa1710ab96d4e729009	694ca81f420373da560ca69d31c07f19f04813307f5192e50b6c9fbcc9307207	raw	
nist-docx-0009	docx	4	full	b59a4fa4e08a28fd2feb1c4cb7d8507ce6ac0eedaa8ffaa1710ab96d4e729009	694ca81f420373da560ca69d31c07f19f04813307f5192e50b6c9fbcc9307207	raw	
nist-docx-0009	docx	4	full	54b5fd57eb94c999c1b70515995ea8bafd1f6a60a3baa6718ec3182524083155	850b70845ecc9294b88373be7b024b38beffb5cdd15a59dbfea2bcd01a4fc21b	raw	
nist-docx-0009	docx	4	full	d6d33dcc1a65b0d456c2aaac0a841e22db522bd5d4d6ab172d2e7292a47a6947	91df27e7437b81712b14d1fe94aea76ff3bfd39a227e0fa93b387d732b31f989	capability	
nist-docx-0009	docx	4	full	3fefa5c2feaf6ba12473b86d9ab37192c2133e9518f6bdc5357d7f6ece8ed6ab	5907bdf9d4364a18c855a9f24493ecb87347fc83cdcbe478448a1cdcdeee609c	shape	
nist-docx-0009	docx	4	full	7842ad4253b3a81c466063f1b1f2ca4ad955bda59ba01c7f16318d22bf9b6466	09c5382129419427d0807b553eaff8dc745fa0e003c283fbe175dfa0819a5680	raw	
nist-docx-0009	docx	4	full	b59a4fa4e08a28fd2feb1c4cb7d8507ce6ac0eedaa8ffaa1710ab96d4e729009	694ca81f420373da560ca69d31c07f19f04813307f5192e50b6c9fbcc9307207	raw	
nist-docx-0009	docx	4	full	6558ee61489e7bed5823ce4a0298f7fe05d9e845caea81e2532b409a632e4afe	510970d41c2d9a1636a3aea71557a1a16acec503e08f331d03fbc73081b826b8	raw	
nist-docx-0009	docx	4	full	54b5fd57eb94c999c1b70515995ea8bafd1f6a60a3baa6718ec3182524083155	850b70845ecc9294b88373be7b024b38beffb5cdd15a59dbfea2bcd01a4fc21b	raw	
nist-docx-0009	docx	4	full	6558ee61489e7bed5823ce4a0298f7fe05d9e845caea81e2532b409a632e4afe	510970d41c2d9a1636a3aea71557a1a16acec503e08f331d03fbc73081b826b8	raw	
nist-docx-0009	docx	4	full	6558ee61489e7bed5823ce4a0298f7fe05d9e845caea81e2532b409a632e4afe	510970d41c2d9a1636a3aea71557a1a16acec503e08f331d03fbc73081b826b8	raw	
nist-docx-0009	docx	5	full	b59a4fa4e08a28fd2feb1c4cb7d8507ce6ac0eedaa8ffaa1710ab96d4e729009	694ca81f420373da560ca69d31c07f19f04813307f5192e50b6c9fbcc9307207	raw	
nist-docx-0009	docx	5	full	e96ef035599f0d241e4fc56cfb96ecbe076be911398ff544c765957226df86c0	8f4c184d4ed88231eee053ce1fd0b76085d883e96adfc537aff6f4e8519413a5	decline	
nist-docx-0009	docx	5	full	54b5fd57eb94c999c1b70515995ea8bafd1f6a60a3baa6718ec3182524083155	850b70845ecc9294b88373be7b024b38beffb5cdd15a59dbfea2bcd01a4fc21b	raw	
nist-docx-0009	docx	5	full	e96ef035599f0d241e4fc56cfb96ecbe076be911398ff544c765957226df86c0	8f4c184d4ed88231eee053ce1fd0b76085d883e96adfc537aff6f4e8519413a5	decline	
nist-docx-0009	docx	5	full	b59a4fa4e08a28fd2feb1c4cb7d8507ce6ac0eedaa8ffaa1710ab96d4e729009	694ca81f420373da560ca69d31c07f19f04813307f5192e50b6c9fbcc9307207	raw	
nist-docx-0009	docx	5	full	6558ee61489e7bed5823ce4a0298f7fe05d9e845caea81e2532b409a632e4afe	510970d41c2d9a1636a3aea71557a1a16acec503e08f331d03fbc73081b826b8	raw	
nist-docx-0009	docx	5	full	e96ef035599f0d241e4fc56cfb96ecbe076be911398ff544c765957226df86c0	8f4c184d4ed88231eee053ce1fd0b76085d883e96adfc537aff6f4e8519413a5	decline	
nist-docx-0009	docx	5	full	6299b350fa4ce9fd38cedc7cd2dee0188e8ec31313395f7c53889722b763120b	3159555464cae22e65a3bd67af0d3290b5d46c27383b8fae922db6acadd17009	decline	
nist-docx-0009	docx	5	full	3fefa5c2feaf6ba12473b86d9ab37192c2133e9518f6bdc5357d7f6ece8ed6ab	5907bdf9d4364a18c855a9f24493ecb87347fc83cdcbe478448a1cdcdeee609c	shape	
nist-docx-0009	docx	5	full	e96ef035599f0d241e4fc56cfb96ecbe076be911398ff544c765957226df86c0	8f4c184d4ed88231eee053ce1fd0b76085d883e96adfc537aff6f4e8519413a5	decline	
nist-docx-0009	docx	5	full	7842ad4253b3a81c466063f1b1f2ca4ad955bda59ba01c7f16318d22bf9b6466	09c5382129419427d0807b553eaff8dc745fa0e003c283fbe175dfa0819a5680	raw	
nist-docx-0009	docx	5	full	e96ef035599f0d241e4fc56cfb96ecbe076be911398ff544c765957226df86c0	8f4c184d4ed88231eee053ce1fd0b76085d883e96adfc537aff6f4e8519413a5	decline	
nist-docx-0009	docx	5	full	6558ee61489e7bed5823ce4a0298f7fe05d9e845caea81e2532b409a632e4afe	510970d41c2d9a1636a3aea71557a1a16acec503e08f331d03fbc73081b826b8	raw	
nist-docx-0009	docx	5	full	b59a4fa4e08a28fd2feb1c4cb7d8507ce6ac0eedaa8ffaa1710ab96d4e729009	694ca81f420373da560ca69d31c07f19f04813307f5192e50b6c9fbcc9307207	raw	
nist-docx-0009	docx	5	full	b59a4fa4e08a28fd2feb1c4cb7d8507ce6ac0eedaa8ffaa1710ab96d4e729009	694ca81f420373da560ca69d31c07f19f04813307f5192e50b6c9fbcc9307207	raw	
nist-docx-0009	docx	5	full	54b5fd57eb94c999c1b70515995ea8bafd1f6a60a3baa6718ec3182524083155	850b70845ecc9294b88373be7b024b38beffb5cdd15a59dbfea2bcd01a4fc21b	raw	
nist-docx-0009	docx	5	full	d6d33dcc1a65b0d456c2aaac0a841e22db522bd5d4d6ab172d2e7292a47a6947	91df27e7437b81712b14d1fe94aea76ff3bfd39a227e0fa93b387d732b31f989	capability	
nist-docx-0009	docx	5	full	3fefa5c2feaf6ba12473b86d9ab37192c2133e9518f6bdc5357d7f6ece8ed6ab	5907bdf9d4364a18c855a9f24493ecb87347fc83cdcbe478448a1cdcdeee609c	shape	
nist-docx-0009	docx	5	full	7842ad4253b3a81c466063f1b1f2ca4ad955bda59ba01c7f16318d22bf9b6466	09c5382129419427d0807b553eaff8dc745fa0e003c283fbe175dfa0819a5680	raw	
nist-docx-0009	docx	5	full	b59a4fa4e08a28fd2feb1c4cb7d8507ce6ac0eedaa8ffaa1710ab96d4e729009	694ca81f420373da560ca69d31c07f19f04813307f5192e50b6c9fbcc9307207	raw	
nist-docx-0009	docx	5	full	6558ee61489e7bed5823ce4a0298f7fe05d9e845caea81e2532b409a632e4afe	510970d41c2d9a1636a3aea71557a1a16acec503e08f331d03fbc73081b826b8	raw	
nist-docx-0009	docx	5	full	54b5fd57eb94c999c1b70515995ea8bafd1f6a60a3baa6718ec3182524083155	850b70845ecc9294b88373be7b024b38beffb5cdd15a59dbfea2bcd01a4fc21b	raw	
nist-docx-0009	docx	5	full	6558ee61489e7bed5823ce4a0298f7fe05d9e845caea81e2532b409a632e4afe	510970d41c2d9a1636a3aea71557a1a16acec503e08f331d03fbc73081b826b8	raw	
nist-docx-0009	docx	5	full	6558ee61489e7bed5823ce4a0298f7fe05d9e845caea81e2532b409a632e4afe	510970d41c2d9a1636a3aea71557a1a16acec503e08f331d03fbc73081b826b8	raw	
nist-docx-0014	docx	0	full	5988856c4f015157e913c2a5595edfc4a693386efebcea1dba3ea0462be96ba9	0a089e5ef2d2529bdaeeb022c8dc85289672d5f9e91285281c56f4c5fb8bd351	shape	
nist-docx-0014	docx	0	full	33e1918a8c00b6ab813d0784ff056dd006ea8c502d44c323412a361760da71b1	9957d5c8205edaa942b0923d430ad8803fe06586cd91c0ddecffac706820b748	raw	
nist-docx-0014	docx	0	full	5988856c4f015157e913c2a5595edfc4a693386efebcea1dba3ea0462be96ba9	0a089e5ef2d2529bdaeeb022c8dc85289672d5f9e91285281c56f4c5fb8bd351	shape	
nist-docx-0014	docx	0	full	d8e38ae5005020d040dd7e82b35cd032a0d1a9b0d7586fb7c0c43c9bf11ff2f6	56b9963e52f8022a6f21d1c26a556f3aca2b62c8a75e8d0da1a6832765504ecd	raw	
nist-docx-0014	docx	0	full	33e1918a8c00b6ab813d0784ff056dd006ea8c502d44c323412a361760da71b1	9957d5c8205edaa942b0923d430ad8803fe06586cd91c0ddecffac706820b748	raw	
nist-docx-0014	docx	0	full	7b11ca355f66877c5054ea8862b8c7d98cd81bd1eeae44072182ceb8cfecd29b	0296773cbd1e7938f55485a4763aa611b3bb7e1c57faa2bf1784c5c62629dc2b	raw	
nist-docx-0014	docx	0	full	d6d33dcc1a65b0d456c2aaac0a841e22db522bd5d4d6ab172d2e7292a47a6947	2b93e20fa62f77a5fa6cd09b1ee885220956721257fd5895bb1279ef67fb2b9d	shape	
nist-docx-0014	docx	0	full	d6d33dcc1a65b0d456c2aaac0a841e22db522bd5d4d6ab172d2e7292a47a6947	2b93e20fa62f77a5fa6cd09b1ee885220956721257fd5895bb1279ef67fb2b9d	shape	
nist-docx-0014	docx	0	full	d6d33dcc1a65b0d456c2aaac0a841e22db522bd5d4d6ab172d2e7292a47a6947	2b93e20fa62f77a5fa6cd09b1ee885220956721257fd5895bb1279ef67fb2b9d	shape	
nist-docx-0014	docx	0	full	5988856c4f015157e913c2a5595edfc4a693386efebcea1dba3ea0462be96ba9	0a089e5ef2d2529bdaeeb022c8dc85289672d5f9e91285281c56f4c5fb8bd351	shape	
nist-docx-0014	docx	0	full	6a8efcae58215c155674c639e0983eb2de7f3c478107ca5154c811a333d8eb36	3f7aa9ef19172c9e6ca302efbe99b869987bb83e75120c927cbabf8e300a050b	raw	
nist-docx-0014	docx	0	full	d8e38ae5005020d040dd7e82b35cd032a0d1a9b0d7586fb7c0c43c9bf11ff2f6	56b9963e52f8022a6f21d1c26a556f3aca2b62c8a75e8d0da1a6832765504ecd	raw	
nist-docx-0014	docx	0	full	d8e38ae5005020d040dd7e82b35cd032a0d1a9b0d7586fb7c0c43c9bf11ff2f6	56b9963e52f8022a6f21d1c26a556f3aca2b62c8a75e8d0da1a6832765504ecd	raw	
nist-docx-0014	docx	0	full	d6d33dcc1a65b0d456c2aaac0a841e22db522bd5d4d6ab172d2e7292a47a6947	2b93e20fa62f77a5fa6cd09b1ee885220956721257fd5895bb1279ef67fb2b9d	shape	
nist-docx-0014	docx	0	full	7b11ca355f66877c5054ea8862b8c7d98cd81bd1eeae44072182ceb8cfecd29b	0296773cbd1e7938f55485a4763aa611b3bb7e1c57faa2bf1784c5c62629dc2b	raw	
nist-docx-0014	docx	0	full	c8eb289f3d2c914284bd48bc28f9efac8612fa4b1190cf1e6490ff5d41b06d4d	2a6c0b562c196d139218da1f402390e14b05bc92dfad3515c75e91ffe759afcd	shape	
nist-docx-0014	docx	0	full	d6d33dcc1a65b0d456c2aaac0a841e22db522bd5d4d6ab172d2e7292a47a6947	2b93e20fa62f77a5fa6cd09b1ee885220956721257fd5895bb1279ef67fb2b9d	shape	
nist-docx-0014	docx	0	full	6a8efcae58215c155674c639e0983eb2de7f3c478107ca5154c811a333d8eb36	3f7aa9ef19172c9e6ca302efbe99b869987bb83e75120c927cbabf8e300a050b	raw	
nist-docx-0014	docx	0	full	c8eb289f3d2c914284bd48bc28f9efac8612fa4b1190cf1e6490ff5d41b06d4d	2a6c0b562c196d139218da1f402390e14b05bc92dfad3515c75e91ffe759afcd	shape	
nist-docx-0014	docx	0	full	c8eb289f3d2c914284bd48bc28f9efac8612fa4b1190cf1e6490ff5d41b06d4d	2a6c0b562c196d139218da1f402390e14b05bc92dfad3515c75e91ffe759afcd	shape	
nist-docx-0014	docx	0	full	c8eb289f3d2c914284bd48bc28f9efac8612fa4b1190cf1e6490ff5d41b06d4d	2a6c0b562c196d139218da1f402390e14b05bc92dfad3515c75e91ffe759afcd	shape	
nist-docx-0014	docx	0	full	5988856c4f015157e913c2a5595edfc4a693386efebcea1dba3ea0462be96ba9	0a089e5ef2d2529bdaeeb022c8dc85289672d5f9e91285281c56f4c5fb8bd351	shape	
nist-docx-0014	docx	0	full	7b11ca355f66877c5054ea8862b8c7d98cd81bd1eeae44072182ceb8cfecd29b	0296773cbd1e7938f55485a4763aa611b3bb7e1c57faa2bf1784c5c62629dc2b	raw	
nist-docx-0014	docx	0	full	3bb079ac156d8f08a77f83a2b84e506d83261a3f1ff1b748242f0510166e6835	5e030f99a714a680113c2ceee7708994ba5a26ffe9f8e4549a37585b1f92a2dc	raw	
nist-docx-0014	docx	1	full	5988856c4f015157e913c2a5595edfc4a693386efebcea1dba3ea0462be96ba9	c81c74255942e48cc06c809e1a1993f8c2ed08a52e7a53502f406152596db58d	shape	
nist-docx-0014	docx	1	full	33e1918a8c00b6ab813d0784ff056dd006ea8c502d44c323412a361760da71b1	61469f38151413ed57651548655658666decec9f3fb8bf12b8aba6e77a761b2a	raw	
nist-docx-0014	docx	1	full	5988856c4f015157e913c2a5595edfc4a693386efebcea1dba3ea0462be96ba9	c81c74255942e48cc06c809e1a1993f8c2ed08a52e7a53502f406152596db58d	shape	
nist-docx-0014	docx	1	full	d8e38ae5005020d040dd7e82b35cd032a0d1a9b0d7586fb7c0c43c9bf11ff2f6	7b00aa84b2c323e7c831b1ab5fb663fdff8defa81f56d8156da04dddd3f3a61b	raw	
nist-docx-0014	docx	1	full	33e1918a8c00b6ab813d0784ff056dd006ea8c502d44c323412a361760da71b1	61469f38151413ed57651548655658666decec9f3fb8bf12b8aba6e77a761b2a	raw	
nist-docx-0014	docx	1	full	7b11ca355f66877c5054ea8862b8c7d98cd81bd1eeae44072182ceb8cfecd29b	b870f3b5c627bd2f3b315da377333c1630340b3f45ff7ee6be18cd5140313651	raw	
nist-docx-0014	docx	1	full	d6d33dcc1a65b0d456c2aaac0a841e22db522bd5d4d6ab172d2e7292a47a6947	2b93e20fa62f77a5fa6cd09b1ee885220956721257fd5895bb1279ef67fb2b9d	shape	
nist-docx-0014	docx	1	full	d6d33dcc1a65b0d456c2aaac0a841e22db522bd5d4d6ab172d2e7292a47a6947	2b93e20fa62f77a5fa6cd09b1ee885220956721257fd5895bb1279ef67fb2b9d	shape	
nist-docx-0014	docx	1	full	d6d33dcc1a65b0d456c2aaac0a841e22db522bd5d4d6ab172d2e7292a47a6947	2b93e20fa62f77a5fa6cd09b1ee885220956721257fd5895bb1279ef67fb2b9d	shape	
nist-docx-0014	docx	1	full	5988856c4f015157e913c2a5595edfc4a693386efebcea1dba3ea0462be96ba9	c81c74255942e48cc06c809e1a1993f8c2ed08a52e7a53502f406152596db58d	shape	
nist-docx-0014	docx	1	full	6a8efcae58215c155674c639e0983eb2de7f3c478107ca5154c811a333d8eb36	b2c48ffd1efaea03b93c3c9d5ca187d8f34b91a9c8fa7ed517351540fb5b4de7	raw	
nist-docx-0014	docx	1	full	d8e38ae5005020d040dd7e82b35cd032a0d1a9b0d7586fb7c0c43c9bf11ff2f6	7b00aa84b2c323e7c831b1ab5fb663fdff8defa81f56d8156da04dddd3f3a61b	raw	
nist-docx-0014	docx	1	full	d8e38ae5005020d040dd7e82b35cd032a0d1a9b0d7586fb7c0c43c9bf11ff2f6	7b00aa84b2c323e7c831b1ab5fb663fdff8defa81f56d8156da04dddd3f3a61b	raw	
nist-docx-0014	docx	1	full	d6d33dcc1a65b0d456c2aaac0a841e22db522bd5d4d6ab172d2e7292a47a6947	2b93e20fa62f77a5fa6cd09b1ee885220956721257fd5895bb1279ef67fb2b9d	shape	
nist-docx-0014	docx	1	full	7b11ca355f66877c5054ea8862b8c7d98cd81bd1eeae44072182ceb8cfecd29b	b870f3b5c627bd2f3b315da377333c1630340b3f45ff7ee6be18cd5140313651	raw	
nist-docx-0014	docx	1	full	c8eb289f3d2c914284bd48bc28f9efac8612fa4b1190cf1e6490ff5d41b06d4d	14f2fed70a74db09fcd614dc4b58fbce0ea54b3814635997cbd338d5d6f35822	shape	
nist-docx-0014	docx	1	full	d6d33dcc1a65b0d456c2aaac0a841e22db522bd5d4d6ab172d2e7292a47a6947	2b93e20fa62f77a5fa6cd09b1ee885220956721257fd5895bb1279ef67fb2b9d	shape	
nist-docx-0014	docx	1	full	6a8efcae58215c155674c639e0983eb2de7f3c478107ca5154c811a333d8eb36	b2c48ffd1efaea03b93c3c9d5ca187d8f34b91a9c8fa7ed517351540fb5b4de7	raw	
nist-docx-0014	docx	1	full	c8eb289f3d2c914284bd48bc28f9efac8612fa4b1190cf1e6490ff5d41b06d4d	14f2fed70a74db09fcd614dc4b58fbce0ea54b3814635997cbd338d5d6f35822	shape	
nist-docx-0014	docx	1	full	c8eb289f3d2c914284bd48bc28f9efac8612fa4b1190cf1e6490ff5d41b06d4d	14f2fed70a74db09fcd614dc4b58fbce0ea54b3814635997cbd338d5d6f35822	shape	
nist-docx-0014	docx	1	full	c8eb289f3d2c914284bd48bc28f9efac8612fa4b1190cf1e6490ff5d41b06d4d	14f2fed70a74db09fcd614dc4b58fbce0ea54b3814635997cbd338d5d6f35822	shape	
nist-docx-0014	docx	1	full	5988856c4f015157e913c2a5595edfc4a693386efebcea1dba3ea0462be96ba9	c81c74255942e48cc06c809e1a1993f8c2ed08a52e7a53502f406152596db58d	shape	
nist-docx-0014	docx	1	full	7b11ca355f66877c5054ea8862b8c7d98cd81bd1eeae44072182ceb8cfecd29b	b870f3b5c627bd2f3b315da377333c1630340b3f45ff7ee6be18cd5140313651	raw	
nist-docx-0014	docx	1	full	3bb079ac156d8f08a77f83a2b84e506d83261a3f1ff1b748242f0510166e6835	a2e3983333e6c63786eb7a340069a1ea1e31f95047de10b912fb769c6793c7a2	raw	
nist-docx-0014	docx	2	full	5988856c4f015157e913c2a5595edfc4a693386efebcea1dba3ea0462be96ba9	c81c74255942e48cc06c809e1a1993f8c2ed08a52e7a53502f406152596db58d	shape	
nist-docx-0014	docx	2	full	33e1918a8c00b6ab813d0784ff056dd006ea8c502d44c323412a361760da71b1	61469f38151413ed57651548655658666decec9f3fb8bf12b8aba6e77a761b2a	raw	
nist-docx-0014	docx	2	full	5988856c4f015157e913c2a5595edfc4a693386efebcea1dba3ea0462be96ba9	c81c74255942e48cc06c809e1a1993f8c2ed08a52e7a53502f406152596db58d	shape	
nist-docx-0014	docx	2	full	d8e38ae5005020d040dd7e82b35cd032a0d1a9b0d7586fb7c0c43c9bf11ff2f6	dee217fbb0d60eda796accb228704911aed0327a41e31db1351134fe4d87361a	raw	
nist-docx-0014	docx	2	full	33e1918a8c00b6ab813d0784ff056dd006ea8c502d44c323412a361760da71b1	61469f38151413ed57651548655658666decec9f3fb8bf12b8aba6e77a761b2a	raw	
nist-docx-0014	docx	2	full	7b11ca355f66877c5054ea8862b8c7d98cd81bd1eeae44072182ceb8cfecd29b	81fd155ecb9c5602659831ed10d24b689cb4d53dcb7735ee1e6f51b3402f1db0	raw	
nist-docx-0014	docx	2	full	d6d33dcc1a65b0d456c2aaac0a841e22db522bd5d4d6ab172d2e7292a47a6947	2b93e20fa62f77a5fa6cd09b1ee885220956721257fd5895bb1279ef67fb2b9d	shape	
nist-docx-0014	docx	2	full	d6d33dcc1a65b0d456c2aaac0a841e22db522bd5d4d6ab172d2e7292a47a6947	2b93e20fa62f77a5fa6cd09b1ee885220956721257fd5895bb1279ef67fb2b9d	shape	
nist-docx-0014	docx	2	full	d6d33dcc1a65b0d456c2aaac0a841e22db522bd5d4d6ab172d2e7292a47a6947	2b93e20fa62f77a5fa6cd09b1ee885220956721257fd5895bb1279ef67fb2b9d	shape	
nist-docx-0014	docx	2	full	5988856c4f015157e913c2a5595edfc4a693386efebcea1dba3ea0462be96ba9	c81c74255942e48cc06c809e1a1993f8c2ed08a52e7a53502f406152596db58d	shape	
nist-docx-0014	docx	2	full	6a8efcae58215c155674c639e0983eb2de7f3c478107ca5154c811a333d8eb36	37f1477e5d6900956e31b0763eb78398f2fc1d43ebdc81fdc374aaf0f697ba9a	raw	
nist-docx-0014	docx	2	full	d8e38ae5005020d040dd7e82b35cd032a0d1a9b0d7586fb7c0c43c9bf11ff2f6	dee217fbb0d60eda796accb228704911aed0327a41e31db1351134fe4d87361a	raw	
nist-docx-0014	docx	2	full	d8e38ae5005020d040dd7e82b35cd032a0d1a9b0d7586fb7c0c43c9bf11ff2f6	dee217fbb0d60eda796accb228704911aed0327a41e31db1351134fe4d87361a	raw	
nist-docx-0014	docx	2	full	d6d33dcc1a65b0d456c2aaac0a841e22db522bd5d4d6ab172d2e7292a47a6947	2b93e20fa62f77a5fa6cd09b1ee885220956721257fd5895bb1279ef67fb2b9d	shape	
nist-docx-0014	docx	2	full	7b11ca355f66877c5054ea8862b8c7d98cd81bd1eeae44072182ceb8cfecd29b	81fd155ecb9c5602659831ed10d24b689cb4d53dcb7735ee1e6f51b3402f1db0	raw	
nist-docx-0014	docx	2	full	c8eb289f3d2c914284bd48bc28f9efac8612fa4b1190cf1e6490ff5d41b06d4d	14f2fed70a74db09fcd614dc4b58fbce0ea54b3814635997cbd338d5d6f35822	shape	
nist-docx-0014	docx	2	full	d6d33dcc1a65b0d456c2aaac0a841e22db522bd5d4d6ab172d2e7292a47a6947	2b93e20fa62f77a5fa6cd09b1ee885220956721257fd5895bb1279ef67fb2b9d	shape	
nist-docx-0014	docx	2	full	6a8efcae58215c155674c639e0983eb2de7f3c478107ca5154c811a333d8eb36	37f1477e5d6900956e31b0763eb78398f2fc1d43ebdc81fdc374aaf0f697ba9a	raw	
nist-docx-0014	docx	2	full	c8eb289f3d2c914284bd48bc28f9efac8612fa4b1190cf1e6490ff5d41b06d4d	14f2fed70a74db09fcd614dc4b58fbce0ea54b3814635997cbd338d5d6f35822	shape	
nist-docx-0014	docx	2	full	c8eb289f3d2c914284bd48bc28f9efac8612fa4b1190cf1e6490ff5d41b06d4d	14f2fed70a74db09fcd614dc4b58fbce0ea54b3814635997cbd338d5d6f35822	shape	
nist-docx-0014	docx	2	full	c8eb289f3d2c914284bd48bc28f9efac8612fa4b1190cf1e6490ff5d41b06d4d	14f2fed70a74db09fcd614dc4b58fbce0ea54b3814635997cbd338d5d6f35822	shape	
nist-docx-0014	docx	2	full	5988856c4f015157e913c2a5595edfc4a693386efebcea1dba3ea0462be96ba9	c81c74255942e48cc06c809e1a1993f8c2ed08a52e7a53502f406152596db58d	shape	
nist-docx-0014	docx	2	full	7b11ca355f66877c5054ea8862b8c7d98cd81bd1eeae44072182ceb8cfecd29b	81fd155ecb9c5602659831ed10d24b689cb4d53dcb7735ee1e6f51b3402f1db0	raw	
nist-docx-0014	docx	2	full	3bb079ac156d8f08a77f83a2b84e506d83261a3f1ff1b748242f0510166e6835	f899bc25c43bc538b7d350392c551bfd6582580375ab866d1e5e2eb7b67b29ef	raw	
nist-docx-0014	docx	3	full	5988856c4f015157e913c2a5595edfc4a693386efebcea1dba3ea0462be96ba9	c81c74255942e48cc06c809e1a1993f8c2ed08a52e7a53502f406152596db58d	shape	
nist-docx-0014	docx	3	full	33e1918a8c00b6ab813d0784ff056dd006ea8c502d44c323412a361760da71b1	61469f38151413ed57651548655658666decec9f3fb8bf12b8aba6e77a761b2a	raw	
nist-docx-0014	docx	3	full	5988856c4f015157e913c2a5595edfc4a693386efebcea1dba3ea0462be96ba9	c81c74255942e48cc06c809e1a1993f8c2ed08a52e7a53502f406152596db58d	shape	
nist-docx-0014	docx	3	full	d8e38ae5005020d040dd7e82b35cd032a0d1a9b0d7586fb7c0c43c9bf11ff2f6	dee217fbb0d60eda796accb228704911aed0327a41e31db1351134fe4d87361a	raw	
nist-docx-0014	docx	3	full	33e1918a8c00b6ab813d0784ff056dd006ea8c502d44c323412a361760da71b1	61469f38151413ed57651548655658666decec9f3fb8bf12b8aba6e77a761b2a	raw	
nist-docx-0014	docx	3	full	7b11ca355f66877c5054ea8862b8c7d98cd81bd1eeae44072182ceb8cfecd29b	81fd155ecb9c5602659831ed10d24b689cb4d53dcb7735ee1e6f51b3402f1db0	raw	
nist-docx-0014	docx	3	full	d6d33dcc1a65b0d456c2aaac0a841e22db522bd5d4d6ab172d2e7292a47a6947	2b93e20fa62f77a5fa6cd09b1ee885220956721257fd5895bb1279ef67fb2b9d	shape	
nist-docx-0014	docx	3	full	d6d33dcc1a65b0d456c2aaac0a841e22db522bd5d4d6ab172d2e7292a47a6947	2b93e20fa62f77a5fa6cd09b1ee885220956721257fd5895bb1279ef67fb2b9d	shape	
nist-docx-0014	docx	3	full	d6d33dcc1a65b0d456c2aaac0a841e22db522bd5d4d6ab172d2e7292a47a6947	2b93e20fa62f77a5fa6cd09b1ee885220956721257fd5895bb1279ef67fb2b9d	shape	
nist-docx-0014	docx	3	full	5988856c4f015157e913c2a5595edfc4a693386efebcea1dba3ea0462be96ba9	c81c74255942e48cc06c809e1a1993f8c2ed08a52e7a53502f406152596db58d	shape	
nist-docx-0014	docx	3	full	6a8efcae58215c155674c639e0983eb2de7f3c478107ca5154c811a333d8eb36	37f1477e5d6900956e31b0763eb78398f2fc1d43ebdc81fdc374aaf0f697ba9a	raw	
nist-docx-0014	docx	3	full	d8e38ae5005020d040dd7e82b35cd032a0d1a9b0d7586fb7c0c43c9bf11ff2f6	dee217fbb0d60eda796accb228704911aed0327a41e31db1351134fe4d87361a	raw	
nist-docx-0014	docx	3	full	d8e38ae5005020d040dd7e82b35cd032a0d1a9b0d7586fb7c0c43c9bf11ff2f6	dee217fbb0d60eda796accb228704911aed0327a41e31db1351134fe4d87361a	raw	
nist-docx-0014	docx	3	full	d6d33dcc1a65b0d456c2aaac0a841e22db522bd5d4d6ab172d2e7292a47a6947	2b93e20fa62f77a5fa6cd09b1ee885220956721257fd5895bb1279ef67fb2b9d	shape	
nist-docx-0014	docx	3	full	7b11ca355f66877c5054ea8862b8c7d98cd81bd1eeae44072182ceb8cfecd29b	81fd155ecb9c5602659831ed10d24b689cb4d53dcb7735ee1e6f51b3402f1db0	raw	
nist-docx-0014	docx	3	full	c8eb289f3d2c914284bd48bc28f9efac8612fa4b1190cf1e6490ff5d41b06d4d	14f2fed70a74db09fcd614dc4b58fbce0ea54b3814635997cbd338d5d6f35822	shape	
nist-docx-0014	docx	3	full	d6d33dcc1a65b0d456c2aaac0a841e22db522bd5d4d6ab172d2e7292a47a6947	2b93e20fa62f77a5fa6cd09b1ee885220956721257fd5895bb1279ef67fb2b9d	shape	
nist-docx-0014	docx	3	full	6a8efcae58215c155674c639e0983eb2de7f3c478107ca5154c811a333d8eb36	37f1477e5d6900956e31b0763eb78398f2fc1d43ebdc81fdc374aaf0f697ba9a	raw	
nist-docx-0014	docx	3	full	c8eb289f3d2c914284bd48bc28f9efac8612fa4b1190cf1e6490ff5d41b06d4d	14f2fed70a74db09fcd614dc4b58fbce0ea54b3814635997cbd338d5d6f35822	shape	
nist-docx-0014	docx	3	full	c8eb289f3d2c914284bd48bc28f9efac8612fa4b1190cf1e6490ff5d41b06d4d	14f2fed70a74db09fcd614dc4b58fbce0ea54b3814635997cbd338d5d6f35822	shape	
nist-docx-0014	docx	3	full	c8eb289f3d2c914284bd48bc28f9efac8612fa4b1190cf1e6490ff5d41b06d4d	14f2fed70a74db09fcd614dc4b58fbce0ea54b3814635997cbd338d5d6f35822	shape	
nist-docx-0014	docx	3	full	5988856c4f015157e913c2a5595edfc4a693386efebcea1dba3ea0462be96ba9	c81c74255942e48cc06c809e1a1993f8c2ed08a52e7a53502f406152596db58d	shape	
nist-docx-0014	docx	3	full	7b11ca355f66877c5054ea8862b8c7d98cd81bd1eeae44072182ceb8cfecd29b	81fd155ecb9c5602659831ed10d24b689cb4d53dcb7735ee1e6f51b3402f1db0	raw	
nist-docx-0014	docx	3	full	3bb079ac156d8f08a77f83a2b84e506d83261a3f1ff1b748242f0510166e6835	f899bc25c43bc538b7d350392c551bfd6582580375ab866d1e5e2eb7b67b29ef	raw	
nist-docx-0014	docx	4	full	5988856c4f015157e913c2a5595edfc4a693386efebcea1dba3ea0462be96ba9	496c29d8ff236d75d1648420dd3ced2706c9f59afca6cf2fc9ba7102891df742	shape	
nist-docx-0014	docx	4	full	33e1918a8c00b6ab813d0784ff056dd006ea8c502d44c323412a361760da71b1	3b8cb3e082077a753473fa7ef9a44f8a59737bbd4d054e1d49ef456b53795169	raw	
nist-docx-0014	docx	4	full	5988856c4f015157e913c2a5595edfc4a693386efebcea1dba3ea0462be96ba9	496c29d8ff236d75d1648420dd3ced2706c9f59afca6cf2fc9ba7102891df742	shape	
nist-docx-0014	docx	4	full	d8e38ae5005020d040dd7e82b35cd032a0d1a9b0d7586fb7c0c43c9bf11ff2f6	a654b22516f88384bcd8e89bcdb1d7a1a8d9b3cb108ecadf1a67cacfef0fe52e	raw	
nist-docx-0014	docx	4	full	33e1918a8c00b6ab813d0784ff056dd006ea8c502d44c323412a361760da71b1	3b8cb3e082077a753473fa7ef9a44f8a59737bbd4d054e1d49ef456b53795169	raw	
nist-docx-0014	docx	4	full	7b11ca355f66877c5054ea8862b8c7d98cd81bd1eeae44072182ceb8cfecd29b	d3b7c45803353b5781abd33b2b3f114de351b8059ddc4c10afb8e72b789762bf	raw	
nist-docx-0014	docx	4	full	d6d33dcc1a65b0d456c2aaac0a841e22db522bd5d4d6ab172d2e7292a47a6947	e674b417f12c58f6b69a2e0e5bc9f55e79a8d55bfe2064d697daf1326deeebd9	capability	
nist-docx-0014	docx	4	full	d6d33dcc1a65b0d456c2aaac0a841e22db522bd5d4d6ab172d2e7292a47a6947	e674b417f12c58f6b69a2e0e5bc9f55e79a8d55bfe2064d697daf1326deeebd9	capability	
nist-docx-0014	docx	4	full	d6d33dcc1a65b0d456c2aaac0a841e22db522bd5d4d6ab172d2e7292a47a6947	e674b417f12c58f6b69a2e0e5bc9f55e79a8d55bfe2064d697daf1326deeebd9	capability	
nist-docx-0014	docx	4	full	5988856c4f015157e913c2a5595edfc4a693386efebcea1dba3ea0462be96ba9	496c29d8ff236d75d1648420dd3ced2706c9f59afca6cf2fc9ba7102891df742	shape	
nist-docx-0014	docx	4	full	6a8efcae58215c155674c639e0983eb2de7f3c478107ca5154c811a333d8eb36	32778a565d6ca161567439d554f3dde3221b526bf56d170d947f7fcc4efbb791	raw	
nist-docx-0014	docx	4	full	d8e38ae5005020d040dd7e82b35cd032a0d1a9b0d7586fb7c0c43c9bf11ff2f6	a654b22516f88384bcd8e89bcdb1d7a1a8d9b3cb108ecadf1a67cacfef0fe52e	raw	
nist-docx-0014	docx	4	full	d8e38ae5005020d040dd7e82b35cd032a0d1a9b0d7586fb7c0c43c9bf11ff2f6	a654b22516f88384bcd8e89bcdb1d7a1a8d9b3cb108ecadf1a67cacfef0fe52e	raw	
nist-docx-0014	docx	4	full	d6d33dcc1a65b0d456c2aaac0a841e22db522bd5d4d6ab172d2e7292a47a6947	e674b417f12c58f6b69a2e0e5bc9f55e79a8d55bfe2064d697daf1326deeebd9	capability	
nist-docx-0014	docx	4	full	7b11ca355f66877c5054ea8862b8c7d98cd81bd1eeae44072182ceb8cfecd29b	d3b7c45803353b5781abd33b2b3f114de351b8059ddc4c10afb8e72b789762bf	raw	
nist-docx-0014	docx	4	full	c8eb289f3d2c914284bd48bc28f9efac8612fa4b1190cf1e6490ff5d41b06d4d	d770cf9f88a056341248a418abdd8655701bb86c04c33dc2cf992602fc1450fe	shape	
nist-docx-0014	docx	4	full	d6d33dcc1a65b0d456c2aaac0a841e22db522bd5d4d6ab172d2e7292a47a6947	e674b417f12c58f6b69a2e0e5bc9f55e79a8d55bfe2064d697daf1326deeebd9	capability	
nist-docx-0014	docx	4	full	6a8efcae58215c155674c639e0983eb2de7f3c478107ca5154c811a333d8eb36	32778a565d6ca161567439d554f3dde3221b526bf56d170d947f7fcc4efbb791	raw	
nist-docx-0014	docx	4	full	c8eb289f3d2c914284bd48bc28f9efac8612fa4b1190cf1e6490ff5d41b06d4d	d770cf9f88a056341248a418abdd8655701bb86c04c33dc2cf992602fc1450fe	shape	
nist-docx-0014	docx	4	full	c8eb289f3d2c914284bd48bc28f9efac8612fa4b1190cf1e6490ff5d41b06d4d	d770cf9f88a056341248a418abdd8655701bb86c04c33dc2cf992602fc1450fe	shape	
nist-docx-0014	docx	4	full	c8eb289f3d2c914284bd48bc28f9efac8612fa4b1190cf1e6490ff5d41b06d4d	d770cf9f88a056341248a418abdd8655701bb86c04c33dc2cf992602fc1450fe	shape	
nist-docx-0014	docx	4	full	5988856c4f015157e913c2a5595edfc4a693386efebcea1dba3ea0462be96ba9	496c29d8ff236d75d1648420dd3ced2706c9f59afca6cf2fc9ba7102891df742	shape	
nist-docx-0014	docx	4	full	7b11ca355f66877c5054ea8862b8c7d98cd81bd1eeae44072182ceb8cfecd29b	d3b7c45803353b5781abd33b2b3f114de351b8059ddc4c10afb8e72b789762bf	raw	
nist-docx-0014	docx	4	full	3bb079ac156d8f08a77f83a2b84e506d83261a3f1ff1b748242f0510166e6835	ad61486011474cb9b7cfd844bbf5f730f006a2ce4ff12382a62c9a3edae2fb64	raw	
nist-docx-0014	docx	5	full	5988856c4f015157e913c2a5595edfc4a693386efebcea1dba3ea0462be96ba9	496c29d8ff236d75d1648420dd3ced2706c9f59afca6cf2fc9ba7102891df742	shape	
nist-docx-0014	docx	5	full	33e1918a8c00b6ab813d0784ff056dd006ea8c502d44c323412a361760da71b1	3b8cb3e082077a753473fa7ef9a44f8a59737bbd4d054e1d49ef456b53795169	raw	
nist-docx-0014	docx	5	full	5988856c4f015157e913c2a5595edfc4a693386efebcea1dba3ea0462be96ba9	496c29d8ff236d75d1648420dd3ced2706c9f59afca6cf2fc9ba7102891df742	shape	
nist-docx-0014	docx	5	full	d8e38ae5005020d040dd7e82b35cd032a0d1a9b0d7586fb7c0c43c9bf11ff2f6	a654b22516f88384bcd8e89bcdb1d7a1a8d9b3cb108ecadf1a67cacfef0fe52e	raw	
nist-docx-0014	docx	5	full	33e1918a8c00b6ab813d0784ff056dd006ea8c502d44c323412a361760da71b1	3b8cb3e082077a753473fa7ef9a44f8a59737bbd4d054e1d49ef456b53795169	raw	
nist-docx-0014	docx	5	full	7b11ca355f66877c5054ea8862b8c7d98cd81bd1eeae44072182ceb8cfecd29b	d3b7c45803353b5781abd33b2b3f114de351b8059ddc4c10afb8e72b789762bf	raw	
nist-docx-0014	docx	5	full	d6d33dcc1a65b0d456c2aaac0a841e22db522bd5d4d6ab172d2e7292a47a6947	e674b417f12c58f6b69a2e0e5bc9f55e79a8d55bfe2064d697daf1326deeebd9	capability	
nist-docx-0014	docx	5	full	d6d33dcc1a65b0d456c2aaac0a841e22db522bd5d4d6ab172d2e7292a47a6947	e674b417f12c58f6b69a2e0e5bc9f55e79a8d55bfe2064d697daf1326deeebd9	capability	
nist-docx-0014	docx	5	full	d6d33dcc1a65b0d456c2aaac0a841e22db522bd5d4d6ab172d2e7292a47a6947	e674b417f12c58f6b69a2e0e5bc9f55e79a8d55bfe2064d697daf1326deeebd9	capability	
nist-docx-0014	docx	5	full	5988856c4f015157e913c2a5595edfc4a693386efebcea1dba3ea0462be96ba9	496c29d8ff236d75d1648420dd3ced2706c9f59afca6cf2fc9ba7102891df742	shape	
nist-docx-0014	docx	5	full	6a8efcae58215c155674c639e0983eb2de7f3c478107ca5154c811a333d8eb36	32778a565d6ca161567439d554f3dde3221b526bf56d170d947f7fcc4efbb791	raw	
nist-docx-0014	docx	5	full	d8e38ae5005020d040dd7e82b35cd032a0d1a9b0d7586fb7c0c43c9bf11ff2f6	a654b22516f88384bcd8e89bcdb1d7a1a8d9b3cb108ecadf1a67cacfef0fe52e	raw	
nist-docx-0014	docx	5	full	d8e38ae5005020d040dd7e82b35cd032a0d1a9b0d7586fb7c0c43c9bf11ff2f6	a654b22516f88384bcd8e89bcdb1d7a1a8d9b3cb108ecadf1a67cacfef0fe52e	raw	
nist-docx-0014	docx	5	full	d6d33dcc1a65b0d456c2aaac0a841e22db522bd5d4d6ab172d2e7292a47a6947	e674b417f12c58f6b69a2e0e5bc9f55e79a8d55bfe2064d697daf1326deeebd9	capability	
nist-docx-0014	docx	5	full	7b11ca355f66877c5054ea8862b8c7d98cd81bd1eeae44072182ceb8cfecd29b	d3b7c45803353b5781abd33b2b3f114de351b8059ddc4c10afb8e72b789762bf	raw	
nist-docx-0014	docx	5	full	c8eb289f3d2c914284bd48bc28f9efac8612fa4b1190cf1e6490ff5d41b06d4d	d770cf9f88a056341248a418abdd8655701bb86c04c33dc2cf992602fc1450fe	shape	
nist-docx-0014	docx	5	full	d6d33dcc1a65b0d456c2aaac0a841e22db522bd5d4d6ab172d2e7292a47a6947	e674b417f12c58f6b69a2e0e5bc9f55e79a8d55bfe2064d697daf1326deeebd9	capability	
nist-docx-0014	docx	5	full	6a8efcae58215c155674c639e0983eb2de7f3c478107ca5154c811a333d8eb36	32778a565d6ca161567439d554f3dde3221b526bf56d170d947f7fcc4efbb791	raw	
nist-docx-0014	docx	5	full	c8eb289f3d2c914284bd48bc28f9efac8612fa4b1190cf1e6490ff5d41b06d4d	d770cf9f88a056341248a418abdd8655701bb86c04c33dc2cf992602fc1450fe	shape	
nist-docx-0014	docx	5	full	c8eb289f3d2c914284bd48bc28f9efac8612fa4b1190cf1e6490ff5d41b06d4d	d770cf9f88a056341248a418abdd8655701bb86c04c33dc2cf992602fc1450fe	shape	
nist-docx-0014	docx	5	full	c8eb289f3d2c914284bd48bc28f9efac8612fa4b1190cf1e6490ff5d41b06d4d	d770cf9f88a056341248a418abdd8655701bb86c04c33dc2cf992602fc1450fe	shape	
nist-docx-0014	docx	5	full	5988856c4f015157e913c2a5595edfc4a693386efebcea1dba3ea0462be96ba9	496c29d8ff236d75d1648420dd3ced2706c9f59afca6cf2fc9ba7102891df742	shape	
nist-docx-0014	docx	5	full	7b11ca355f66877c5054ea8862b8c7d98cd81bd1eeae44072182ceb8cfecd29b	d3b7c45803353b5781abd33b2b3f114de351b8059ddc4c10afb8e72b789762bf	raw	
nist-docx-0014	docx	5	full	3bb079ac156d8f08a77f83a2b84e506d83261a3f1ff1b748242f0510166e6835	ad61486011474cb9b7cfd844bbf5f730f006a2ce4ff12382a62c9a3edae2fb64	raw	
nist-epub-0003	epub	0	full	39d927458650f0ad2d5a18aa23dad13d9601098f8fddac9978b739094794b6b5	5955f66c1369ebbe592ee7d69eb82bec09a6a427d802aef9f8f9f633ba2b9c56	raw	
nist-epub-0003	epub	0	full	d665fa1918b921a3285fd39177eaa5d00727fe9efe6f900181c077a4f4a1c189	c587583c4a6cdf1e145a8bc89caddde3a106c4cc7a6d23526989e9521507ba97	shape	
nist-epub-0003	epub	0	full	cdbd55014f96f7e42826de431980adbaa205ad843262fbd50200a54e0660afac	2ed52e737474f3bdef5753f99f407e3c0ed13396391c517e211c4e810e6d9d44	shape	
nist-epub-0003	epub	0	full	39d927458650f0ad2d5a18aa23dad13d9601098f8fddac9978b739094794b6b5	5955f66c1369ebbe592ee7d69eb82bec09a6a427d802aef9f8f9f633ba2b9c56	raw	
nist-epub-0003	epub	0	full	d665fa1918b921a3285fd39177eaa5d00727fe9efe6f900181c077a4f4a1c189	c587583c4a6cdf1e145a8bc89caddde3a106c4cc7a6d23526989e9521507ba97	shape	
nist-epub-0003	epub	0	full	5c3e7e148abd8a7540436566008082657c004905968f71aef357de013fa6d3cf	57d43201bb82b40a1c57ddd1f739f74626d61763ec718174863738d178a01f7c	raw	
nist-epub-0003	epub	0	full	d665fa1918b921a3285fd39177eaa5d00727fe9efe6f900181c077a4f4a1c189	c587583c4a6cdf1e145a8bc89caddde3a106c4cc7a6d23526989e9521507ba97	shape	
nist-epub-0003	epub	0	full	cdbd55014f96f7e42826de431980adbaa205ad843262fbd50200a54e0660afac	2ed52e737474f3bdef5753f99f407e3c0ed13396391c517e211c4e810e6d9d44	shape	
nist-epub-0003	epub	0	full	39d927458650f0ad2d5a18aa23dad13d9601098f8fddac9978b739094794b6b5	5955f66c1369ebbe592ee7d69eb82bec09a6a427d802aef9f8f9f633ba2b9c56	raw	
nist-epub-0003	epub	0	full	5ba0b40ff3bde97710d9484c84adfecc2df1118c8c7c024c7e46cb52b0ae6b9b	0610aa46c32e7b0e51f922c6278f304ea83ad37d735578b4cd1fac851624f297	raw	
nist-epub-0003	epub	0	full	41e352ef4c35c6cd60007b477a6fcb1f61f2e730a47aae9863f42385491a048c	a461964af0ebe37c1a547e274b237b1303ab732a760fbf0e3bb6a3c92798d765	raw	
nist-epub-0003	epub	0	full	d6d33dcc1a65b0d456c2aaac0a841e22db522bd5d4d6ab172d2e7292a47a6947	dda6e600fd921f0fcfbfb36c46f929a4085ad4c643f335b349a96a695d954e2c	shape	
nist-epub-0003	epub	0	full	d6d33dcc1a65b0d456c2aaac0a841e22db522bd5d4d6ab172d2e7292a47a6947	dda6e600fd921f0fcfbfb36c46f929a4085ad4c643f335b349a96a695d954e2c	shape	
nist-epub-0003	epub	0	full	5c3e7e148abd8a7540436566008082657c004905968f71aef357de013fa6d3cf	57d43201bb82b40a1c57ddd1f739f74626d61763ec718174863738d178a01f7c	raw	
nist-epub-0003	epub	0	full	d6d33dcc1a65b0d456c2aaac0a841e22db522bd5d4d6ab172d2e7292a47a6947	dda6e600fd921f0fcfbfb36c46f929a4085ad4c643f335b349a96a695d954e2c	shape	
nist-epub-0003	epub	0	full	d665fa1918b921a3285fd39177eaa5d00727fe9efe6f900181c077a4f4a1c189	c587583c4a6cdf1e145a8bc89caddde3a106c4cc7a6d23526989e9521507ba97	shape	
nist-epub-0003	epub	0	full	39d927458650f0ad2d5a18aa23dad13d9601098f8fddac9978b739094794b6b5	5955f66c1369ebbe592ee7d69eb82bec09a6a427d802aef9f8f9f633ba2b9c56	raw	
nist-epub-0003	epub	0	full	d6d33dcc1a65b0d456c2aaac0a841e22db522bd5d4d6ab172d2e7292a47a6947	dda6e600fd921f0fcfbfb36c46f929a4085ad4c643f335b349a96a695d954e2c	shape	
nist-epub-0003	epub	0	full	d6d33dcc1a65b0d456c2aaac0a841e22db522bd5d4d6ab172d2e7292a47a6947	dda6e600fd921f0fcfbfb36c46f929a4085ad4c643f335b349a96a695d954e2c	shape	
nist-epub-0003	epub	0	full	b5963d4b3cc91f07b9bcf5ee6c351cc0b3285b2163a9aebb3e3c581fc350918b	8838ea654d68cb4d1e1b632cc7d2fc053edca1b474ae995e7cd093d67af2efd3	projected	
nist-epub-0003	epub	0	full	41e352ef4c35c6cd60007b477a6fcb1f61f2e730a47aae9863f42385491a048c	a461964af0ebe37c1a547e274b237b1303ab732a760fbf0e3bb6a3c92798d765	raw	
nist-epub-0003	epub	0	full	41e352ef4c35c6cd60007b477a6fcb1f61f2e730a47aae9863f42385491a048c	a461964af0ebe37c1a547e274b237b1303ab732a760fbf0e3bb6a3c92798d765	raw	
nist-epub-0003	epub	0	full	5c3e7e148abd8a7540436566008082657c004905968f71aef357de013fa6d3cf	57d43201bb82b40a1c57ddd1f739f74626d61763ec718174863738d178a01f7c	raw	
nist-epub-0003	epub	0	full	39d927458650f0ad2d5a18aa23dad13d9601098f8fddac9978b739094794b6b5	5955f66c1369ebbe592ee7d69eb82bec09a6a427d802aef9f8f9f633ba2b9c56	raw	
nist-epub-0003	epub	1	full	39d927458650f0ad2d5a18aa23dad13d9601098f8fddac9978b739094794b6b5	1879e92f2292be3cb5f2812c4008c3fe8357ace9f1d188fa8f8cf1b8e73ff4c4	raw	
nist-epub-0003	epub	1	full	d665fa1918b921a3285fd39177eaa5d00727fe9efe6f900181c077a4f4a1c189	af1ab503f2c1bd009ebb5952420c0deb6fef159f232b814fe7fc23d15a4d21b1	shape	
nist-epub-0003	epub	1	full	cdbd55014f96f7e42826de431980adbaa205ad843262fbd50200a54e0660afac	9b31de74b96042aa903754ceccef40f4dfcdf1b59246f488a72d57395554d1a8	shape	
nist-epub-0003	epub	1	full	39d927458650f0ad2d5a18aa23dad13d9601098f8fddac9978b739094794b6b5	1879e92f2292be3cb5f2812c4008c3fe8357ace9f1d188fa8f8cf1b8e73ff4c4	raw	
nist-epub-0003	epub	1	full	d665fa1918b921a3285fd39177eaa5d00727fe9efe6f900181c077a4f4a1c189	af1ab503f2c1bd009ebb5952420c0deb6fef159f232b814fe7fc23d15a4d21b1	shape	
nist-epub-0003	epub	1	full	5c3e7e148abd8a7540436566008082657c004905968f71aef357de013fa6d3cf	53214f0ca3b9dc4ffd598f3512e45c31bb0eb0e93047cde8459a42071d97d7de	raw	
nist-epub-0003	epub	1	full	d665fa1918b921a3285fd39177eaa5d00727fe9efe6f900181c077a4f4a1c189	af1ab503f2c1bd009ebb5952420c0deb6fef159f232b814fe7fc23d15a4d21b1	shape	
nist-epub-0003	epub	1	full	cdbd55014f96f7e42826de431980adbaa205ad843262fbd50200a54e0660afac	9b31de74b96042aa903754ceccef40f4dfcdf1b59246f488a72d57395554d1a8	shape	
nist-epub-0003	epub	1	full	39d927458650f0ad2d5a18aa23dad13d9601098f8fddac9978b739094794b6b5	1879e92f2292be3cb5f2812c4008c3fe8357ace9f1d188fa8f8cf1b8e73ff4c4	raw	
nist-epub-0003	epub	1	full	5ba0b40ff3bde97710d9484c84adfecc2df1118c8c7c024c7e46cb52b0ae6b9b	ec16054ae907d553506c57ebd589adf84d15c853fed8d3f7793f1570c3c966fa	raw	
nist-epub-0003	epub	1	full	41e352ef4c35c6cd60007b477a6fcb1f61f2e730a47aae9863f42385491a048c	63a6df2837c99744a35794b40daa3973badfc1bd473bd1292f8597d187b53c2d	raw	
nist-epub-0003	epub	1	full	d6d33dcc1a65b0d456c2aaac0a841e22db522bd5d4d6ab172d2e7292a47a6947	dda6e600fd921f0fcfbfb36c46f929a4085ad4c643f335b349a96a695d954e2c	shape	
nist-epub-0003	epub	1	full	d6d33dcc1a65b0d456c2aaac0a841e22db522bd5d4d6ab172d2e7292a47a6947	dda6e600fd921f0fcfbfb36c46f929a4085ad4c643f335b349a96a695d954e2c	shape	
nist-epub-0003	epub	1	full	5c3e7e148abd8a7540436566008082657c004905968f71aef357de013fa6d3cf	53214f0ca3b9dc4ffd598f3512e45c31bb0eb0e93047cde8459a42071d97d7de	raw	
nist-epub-0003	epub	1	full	d6d33dcc1a65b0d456c2aaac0a841e22db522bd5d4d6ab172d2e7292a47a6947	dda6e600fd921f0fcfbfb36c46f929a4085ad4c643f335b349a96a695d954e2c	shape	
nist-epub-0003	epub	1	full	d665fa1918b921a3285fd39177eaa5d00727fe9efe6f900181c077a4f4a1c189	af1ab503f2c1bd009ebb5952420c0deb6fef159f232b814fe7fc23d15a4d21b1	shape	
nist-epub-0003	epub	1	full	39d927458650f0ad2d5a18aa23dad13d9601098f8fddac9978b739094794b6b5	1879e92f2292be3cb5f2812c4008c3fe8357ace9f1d188fa8f8cf1b8e73ff4c4	raw	
nist-epub-0003	epub	1	full	d6d33dcc1a65b0d456c2aaac0a841e22db522bd5d4d6ab172d2e7292a47a6947	dda6e600fd921f0fcfbfb36c46f929a4085ad4c643f335b349a96a695d954e2c	shape	
nist-epub-0003	epub	1	full	d6d33dcc1a65b0d456c2aaac0a841e22db522bd5d4d6ab172d2e7292a47a6947	dda6e600fd921f0fcfbfb36c46f929a4085ad4c643f335b349a96a695d954e2c	shape	
nist-epub-0003	epub	1	full	b5963d4b3cc91f07b9bcf5ee6c351cc0b3285b2163a9aebb3e3c581fc350918b	f9a5b63780e487195320241e0965b339a8d3c0318d65d45c4713a44248a61b36	projected	
nist-epub-0003	epub	1	full	41e352ef4c35c6cd60007b477a6fcb1f61f2e730a47aae9863f42385491a048c	63a6df2837c99744a35794b40daa3973badfc1bd473bd1292f8597d187b53c2d	raw	
nist-epub-0003	epub	1	full	41e352ef4c35c6cd60007b477a6fcb1f61f2e730a47aae9863f42385491a048c	63a6df2837c99744a35794b40daa3973badfc1bd473bd1292f8597d187b53c2d	raw	
nist-epub-0003	epub	1	full	5c3e7e148abd8a7540436566008082657c004905968f71aef357de013fa6d3cf	53214f0ca3b9dc4ffd598f3512e45c31bb0eb0e93047cde8459a42071d97d7de	raw	
nist-epub-0003	epub	1	full	39d927458650f0ad2d5a18aa23dad13d9601098f8fddac9978b739094794b6b5	1879e92f2292be3cb5f2812c4008c3fe8357ace9f1d188fa8f8cf1b8e73ff4c4	raw	
nist-epub-0003	epub	2	full	39d927458650f0ad2d5a18aa23dad13d9601098f8fddac9978b739094794b6b5	60d06d35d248013ca38cef7423bb552581e60b99270c3224ee8c1389bdc49a41	raw	
nist-epub-0003	epub	2	full	d665fa1918b921a3285fd39177eaa5d00727fe9efe6f900181c077a4f4a1c189	af1ab503f2c1bd009ebb5952420c0deb6fef159f232b814fe7fc23d15a4d21b1	shape	
nist-epub-0003	epub	2	full	cdbd55014f96f7e42826de431980adbaa205ad843262fbd50200a54e0660afac	9b31de74b96042aa903754ceccef40f4dfcdf1b59246f488a72d57395554d1a8	shape	
nist-epub-0003	epub	2	full	39d927458650f0ad2d5a18aa23dad13d9601098f8fddac9978b739094794b6b5	60d06d35d248013ca38cef7423bb552581e60b99270c3224ee8c1389bdc49a41	raw	
nist-epub-0003	epub	2	full	d665fa1918b921a3285fd39177eaa5d00727fe9efe6f900181c077a4f4a1c189	af1ab503f2c1bd009ebb5952420c0deb6fef159f232b814fe7fc23d15a4d21b1	shape	
nist-epub-0003	epub	2	full	5c3e7e148abd8a7540436566008082657c004905968f71aef357de013fa6d3cf	22c2836508032db7e05ccee5843b16fba4a0b17d60e558af5c897d2049e1216d	raw	
nist-epub-0003	epub	2	full	d665fa1918b921a3285fd39177eaa5d00727fe9efe6f900181c077a4f4a1c189	af1ab503f2c1bd009ebb5952420c0deb6fef159f232b814fe7fc23d15a4d21b1	shape	
nist-epub-0003	epub	2	full	cdbd55014f96f7e42826de431980adbaa205ad843262fbd50200a54e0660afac	9b31de74b96042aa903754ceccef40f4dfcdf1b59246f488a72d57395554d1a8	shape	
nist-epub-0003	epub	2	full	39d927458650f0ad2d5a18aa23dad13d9601098f8fddac9978b739094794b6b5	60d06d35d248013ca38cef7423bb552581e60b99270c3224ee8c1389bdc49a41	raw	
nist-epub-0003	epub	2	full	5ba0b40ff3bde97710d9484c84adfecc2df1118c8c7c024c7e46cb52b0ae6b9b	cd18337104be0bb624777c1e92d2c3872ea9abead3e153f4f3f35f3f7cf50495	raw	
nist-epub-0003	epub	2	full	41e352ef4c35c6cd60007b477a6fcb1f61f2e730a47aae9863f42385491a048c	cfcc29fa6f27cf8e55f247b87527c4e307d3ceb7b9acf5d5e9b2b1fcdce67fc3	raw	
nist-epub-0003	epub	2	full	d6d33dcc1a65b0d456c2aaac0a841e22db522bd5d4d6ab172d2e7292a47a6947	dda6e600fd921f0fcfbfb36c46f929a4085ad4c643f335b349a96a695d954e2c	shape	
nist-epub-0003	epub	2	full	d6d33dcc1a65b0d456c2aaac0a841e22db522bd5d4d6ab172d2e7292a47a6947	dda6e600fd921f0fcfbfb36c46f929a4085ad4c643f335b349a96a695d954e2c	shape	
nist-epub-0003	epub	2	full	5c3e7e148abd8a7540436566008082657c004905968f71aef357de013fa6d3cf	22c2836508032db7e05ccee5843b16fba4a0b17d60e558af5c897d2049e1216d	raw	
nist-epub-0003	epub	2	full	d6d33dcc1a65b0d456c2aaac0a841e22db522bd5d4d6ab172d2e7292a47a6947	dda6e600fd921f0fcfbfb36c46f929a4085ad4c643f335b349a96a695d954e2c	shape	
nist-epub-0003	epub	2	full	d665fa1918b921a3285fd39177eaa5d00727fe9efe6f900181c077a4f4a1c189	af1ab503f2c1bd009ebb5952420c0deb6fef159f232b814fe7fc23d15a4d21b1	shape	
nist-epub-0003	epub	2	full	39d927458650f0ad2d5a18aa23dad13d9601098f8fddac9978b739094794b6b5	60d06d35d248013ca38cef7423bb552581e60b99270c3224ee8c1389bdc49a41	raw	
nist-epub-0003	epub	2	full	d6d33dcc1a65b0d456c2aaac0a841e22db522bd5d4d6ab172d2e7292a47a6947	dda6e600fd921f0fcfbfb36c46f929a4085ad4c643f335b349a96a695d954e2c	shape	
nist-epub-0003	epub	2	full	d6d33dcc1a65b0d456c2aaac0a841e22db522bd5d4d6ab172d2e7292a47a6947	dda6e600fd921f0fcfbfb36c46f929a4085ad4c643f335b349a96a695d954e2c	shape	
nist-epub-0003	epub	2	full	b5963d4b3cc91f07b9bcf5ee6c351cc0b3285b2163a9aebb3e3c581fc350918b	f9a5b63780e487195320241e0965b339a8d3c0318d65d45c4713a44248a61b36	projected	
nist-epub-0003	epub	2	full	41e352ef4c35c6cd60007b477a6fcb1f61f2e730a47aae9863f42385491a048c	cfcc29fa6f27cf8e55f247b87527c4e307d3ceb7b9acf5d5e9b2b1fcdce67fc3	raw	
nist-epub-0003	epub	2	full	41e352ef4c35c6cd60007b477a6fcb1f61f2e730a47aae9863f42385491a048c	cfcc29fa6f27cf8e55f247b87527c4e307d3ceb7b9acf5d5e9b2b1fcdce67fc3	raw	
nist-epub-0003	epub	2	full	5c3e7e148abd8a7540436566008082657c004905968f71aef357de013fa6d3cf	22c2836508032db7e05ccee5843b16fba4a0b17d60e558af5c897d2049e1216d	raw	
nist-epub-0003	epub	2	full	39d927458650f0ad2d5a18aa23dad13d9601098f8fddac9978b739094794b6b5	60d06d35d248013ca38cef7423bb552581e60b99270c3224ee8c1389bdc49a41	raw	
nist-epub-0003	epub	3	full	39d927458650f0ad2d5a18aa23dad13d9601098f8fddac9978b739094794b6b5	60d06d35d248013ca38cef7423bb552581e60b99270c3224ee8c1389bdc49a41	raw	
nist-epub-0003	epub	3	full	d665fa1918b921a3285fd39177eaa5d00727fe9efe6f900181c077a4f4a1c189	af1ab503f2c1bd009ebb5952420c0deb6fef159f232b814fe7fc23d15a4d21b1	shape	
nist-epub-0003	epub	3	full	cdbd55014f96f7e42826de431980adbaa205ad843262fbd50200a54e0660afac	9b31de74b96042aa903754ceccef40f4dfcdf1b59246f488a72d57395554d1a8	shape	
nist-epub-0003	epub	3	full	39d927458650f0ad2d5a18aa23dad13d9601098f8fddac9978b739094794b6b5	60d06d35d248013ca38cef7423bb552581e60b99270c3224ee8c1389bdc49a41	raw	
nist-epub-0003	epub	3	full	d665fa1918b921a3285fd39177eaa5d00727fe9efe6f900181c077a4f4a1c189	af1ab503f2c1bd009ebb5952420c0deb6fef159f232b814fe7fc23d15a4d21b1	shape	
nist-epub-0003	epub	3	full	5c3e7e148abd8a7540436566008082657c004905968f71aef357de013fa6d3cf	22c2836508032db7e05ccee5843b16fba4a0b17d60e558af5c897d2049e1216d	raw	
nist-epub-0003	epub	3	full	d665fa1918b921a3285fd39177eaa5d00727fe9efe6f900181c077a4f4a1c189	af1ab503f2c1bd009ebb5952420c0deb6fef159f232b814fe7fc23d15a4d21b1	shape	
nist-epub-0003	epub	3	full	cdbd55014f96f7e42826de431980adbaa205ad843262fbd50200a54e0660afac	9b31de74b96042aa903754ceccef40f4dfcdf1b59246f488a72d57395554d1a8	shape	
nist-epub-0003	epub	3	full	39d927458650f0ad2d5a18aa23dad13d9601098f8fddac9978b739094794b6b5	60d06d35d248013ca38cef7423bb552581e60b99270c3224ee8c1389bdc49a41	raw	
nist-epub-0003	epub	3	full	5ba0b40ff3bde97710d9484c84adfecc2df1118c8c7c024c7e46cb52b0ae6b9b	cd18337104be0bb624777c1e92d2c3872ea9abead3e153f4f3f35f3f7cf50495	raw	
nist-epub-0003	epub	3	full	41e352ef4c35c6cd60007b477a6fcb1f61f2e730a47aae9863f42385491a048c	cfcc29fa6f27cf8e55f247b87527c4e307d3ceb7b9acf5d5e9b2b1fcdce67fc3	raw	
nist-epub-0003	epub	3	full	d6d33dcc1a65b0d456c2aaac0a841e22db522bd5d4d6ab172d2e7292a47a6947	dda6e600fd921f0fcfbfb36c46f929a4085ad4c643f335b349a96a695d954e2c	shape	
nist-epub-0003	epub	3	full	d6d33dcc1a65b0d456c2aaac0a841e22db522bd5d4d6ab172d2e7292a47a6947	dda6e600fd921f0fcfbfb36c46f929a4085ad4c643f335b349a96a695d954e2c	shape	
nist-epub-0003	epub	3	full	5c3e7e148abd8a7540436566008082657c004905968f71aef357de013fa6d3cf	22c2836508032db7e05ccee5843b16fba4a0b17d60e558af5c897d2049e1216d	raw	
nist-epub-0003	epub	3	full	d6d33dcc1a65b0d456c2aaac0a841e22db522bd5d4d6ab172d2e7292a47a6947	dda6e600fd921f0fcfbfb36c46f929a4085ad4c643f335b349a96a695d954e2c	shape	
nist-epub-0003	epub	3	full	d665fa1918b921a3285fd39177eaa5d00727fe9efe6f900181c077a4f4a1c189	af1ab503f2c1bd009ebb5952420c0deb6fef159f232b814fe7fc23d15a4d21b1	shape	
nist-epub-0003	epub	3	full	39d927458650f0ad2d5a18aa23dad13d9601098f8fddac9978b739094794b6b5	60d06d35d248013ca38cef7423bb552581e60b99270c3224ee8c1389bdc49a41	raw	
nist-epub-0003	epub	3	full	d6d33dcc1a65b0d456c2aaac0a841e22db522bd5d4d6ab172d2e7292a47a6947	dda6e600fd921f0fcfbfb36c46f929a4085ad4c643f335b349a96a695d954e2c	shape	
nist-epub-0003	epub	3	full	d6d33dcc1a65b0d456c2aaac0a841e22db522bd5d4d6ab172d2e7292a47a6947	dda6e600fd921f0fcfbfb36c46f929a4085ad4c643f335b349a96a695d954e2c	shape	
nist-epub-0003	epub	3	full	b5963d4b3cc91f07b9bcf5ee6c351cc0b3285b2163a9aebb3e3c581fc350918b	f9a5b63780e487195320241e0965b339a8d3c0318d65d45c4713a44248a61b36	projected	
nist-epub-0003	epub	3	full	41e352ef4c35c6cd60007b477a6fcb1f61f2e730a47aae9863f42385491a048c	cfcc29fa6f27cf8e55f247b87527c4e307d3ceb7b9acf5d5e9b2b1fcdce67fc3	raw	
nist-epub-0003	epub	3	full	41e352ef4c35c6cd60007b477a6fcb1f61f2e730a47aae9863f42385491a048c	cfcc29fa6f27cf8e55f247b87527c4e307d3ceb7b9acf5d5e9b2b1fcdce67fc3	raw	
nist-epub-0003	epub	3	full	5c3e7e148abd8a7540436566008082657c004905968f71aef357de013fa6d3cf	22c2836508032db7e05ccee5843b16fba4a0b17d60e558af5c897d2049e1216d	raw	
nist-epub-0003	epub	3	full	39d927458650f0ad2d5a18aa23dad13d9601098f8fddac9978b739094794b6b5	60d06d35d248013ca38cef7423bb552581e60b99270c3224ee8c1389bdc49a41	raw	
nist-epub-0003	epub	4	full	39d927458650f0ad2d5a18aa23dad13d9601098f8fddac9978b739094794b6b5	6eb6b0c14debf6934e2a3a08fa45a09bd47c222cf5c598586deea41f339d9214	raw	
nist-epub-0003	epub	4	full	d665fa1918b921a3285fd39177eaa5d00727fe9efe6f900181c077a4f4a1c189	58db2b5de74ee8c36be8c49070825186a369f82fd3b5060c71785c1f45fe8f2b	shape	
nist-epub-0003	epub	4	full	cdbd55014f96f7e42826de431980adbaa205ad843262fbd50200a54e0660afac	2c5ec37c370808762d2ca4dad370586061835dd0327293a778139928209e2e72	shape	
nist-epub-0003	epub	4	full	39d927458650f0ad2d5a18aa23dad13d9601098f8fddac9978b739094794b6b5	6eb6b0c14debf6934e2a3a08fa45a09bd47c222cf5c598586deea41f339d9214	raw	
nist-epub-0003	epub	4	full	d665fa1918b921a3285fd39177eaa5d00727fe9efe6f900181c077a4f4a1c189	58db2b5de74ee8c36be8c49070825186a369f82fd3b5060c71785c1f45fe8f2b	shape	
nist-epub-0003	epub	4	full	5c3e7e148abd8a7540436566008082657c004905968f71aef357de013fa6d3cf	60b560cbf266ca296ad0f0b719f70af7cc69c3da49421ee1c3f061f941a9d51b	raw	
nist-epub-0003	epub	4	full	d665fa1918b921a3285fd39177eaa5d00727fe9efe6f900181c077a4f4a1c189	58db2b5de74ee8c36be8c49070825186a369f82fd3b5060c71785c1f45fe8f2b	shape	
nist-epub-0003	epub	4	full	cdbd55014f96f7e42826de431980adbaa205ad843262fbd50200a54e0660afac	2c5ec37c370808762d2ca4dad370586061835dd0327293a778139928209e2e72	shape	
nist-epub-0003	epub	4	full	39d927458650f0ad2d5a18aa23dad13d9601098f8fddac9978b739094794b6b5	6eb6b0c14debf6934e2a3a08fa45a09bd47c222cf5c598586deea41f339d9214	raw	
nist-epub-0003	epub	4	full	5ba0b40ff3bde97710d9484c84adfecc2df1118c8c7c024c7e46cb52b0ae6b9b	584e784151d23abff4a0561156f413aa2c18f10d76eb12730ed38b16881741d4	raw	
nist-epub-0003	epub	4	full	41e352ef4c35c6cd60007b477a6fcb1f61f2e730a47aae9863f42385491a048c	04f42e4810aec41652fc23fd9b3d81c9219b58be507602cf2f5ed95b26c3e7e8	raw	
nist-epub-0003	epub	4	full	d6d33dcc1a65b0d456c2aaac0a841e22db522bd5d4d6ab172d2e7292a47a6947	55c2df161a80c79144a5322fd199b31022fa5efc5404fff88abda2e857b4ce4c	capability	
nist-epub-0003	epub	4	full	d6d33dcc1a65b0d456c2aaac0a841e22db522bd5d4d6ab172d2e7292a47a6947	55c2df161a80c79144a5322fd199b31022fa5efc5404fff88abda2e857b4ce4c	capability	
nist-epub-0003	epub	4	full	5c3e7e148abd8a7540436566008082657c004905968f71aef357de013fa6d3cf	60b560cbf266ca296ad0f0b719f70af7cc69c3da49421ee1c3f061f941a9d51b	raw	
nist-epub-0003	epub	4	full	d6d33dcc1a65b0d456c2aaac0a841e22db522bd5d4d6ab172d2e7292a47a6947	55c2df161a80c79144a5322fd199b31022fa5efc5404fff88abda2e857b4ce4c	capability	
nist-epub-0003	epub	4	full	d665fa1918b921a3285fd39177eaa5d00727fe9efe6f900181c077a4f4a1c189	58db2b5de74ee8c36be8c49070825186a369f82fd3b5060c71785c1f45fe8f2b	shape	
nist-epub-0003	epub	4	full	39d927458650f0ad2d5a18aa23dad13d9601098f8fddac9978b739094794b6b5	6eb6b0c14debf6934e2a3a08fa45a09bd47c222cf5c598586deea41f339d9214	raw	
nist-epub-0003	epub	4	full	d6d33dcc1a65b0d456c2aaac0a841e22db522bd5d4d6ab172d2e7292a47a6947	55c2df161a80c79144a5322fd199b31022fa5efc5404fff88abda2e857b4ce4c	capability	
nist-epub-0003	epub	4	full	d6d33dcc1a65b0d456c2aaac0a841e22db522bd5d4d6ab172d2e7292a47a6947	55c2df161a80c79144a5322fd199b31022fa5efc5404fff88abda2e857b4ce4c	capability	
nist-epub-0003	epub	4	full	b5963d4b3cc91f07b9bcf5ee6c351cc0b3285b2163a9aebb3e3c581fc350918b	d92b55da2e7e14d0cec709f8c2a1bcfda313aa35e0ebc17a632ae337c4078813	projected	
nist-epub-0003	epub	4	full	41e352ef4c35c6cd60007b477a6fcb1f61f2e730a47aae9863f42385491a048c	04f42e4810aec41652fc23fd9b3d81c9219b58be507602cf2f5ed95b26c3e7e8	raw	
nist-epub-0003	epub	4	full	41e352ef4c35c6cd60007b477a6fcb1f61f2e730a47aae9863f42385491a048c	04f42e4810aec41652fc23fd9b3d81c9219b58be507602cf2f5ed95b26c3e7e8	raw	
nist-epub-0003	epub	4	full	5c3e7e148abd8a7540436566008082657c004905968f71aef357de013fa6d3cf	60b560cbf266ca296ad0f0b719f70af7cc69c3da49421ee1c3f061f941a9d51b	raw	
nist-epub-0003	epub	4	full	39d927458650f0ad2d5a18aa23dad13d9601098f8fddac9978b739094794b6b5	6eb6b0c14debf6934e2a3a08fa45a09bd47c222cf5c598586deea41f339d9214	raw	
nist-epub-0003	epub	5	full	39d927458650f0ad2d5a18aa23dad13d9601098f8fddac9978b739094794b6b5	6eb6b0c14debf6934e2a3a08fa45a09bd47c222cf5c598586deea41f339d9214	raw	
nist-epub-0003	epub	5	full	d665fa1918b921a3285fd39177eaa5d00727fe9efe6f900181c077a4f4a1c189	58db2b5de74ee8c36be8c49070825186a369f82fd3b5060c71785c1f45fe8f2b	shape	
nist-epub-0003	epub	5	full	cdbd55014f96f7e42826de431980adbaa205ad843262fbd50200a54e0660afac	2c5ec37c370808762d2ca4dad370586061835dd0327293a778139928209e2e72	shape	
nist-epub-0003	epub	5	full	39d927458650f0ad2d5a18aa23dad13d9601098f8fddac9978b739094794b6b5	6eb6b0c14debf6934e2a3a08fa45a09bd47c222cf5c598586deea41f339d9214	raw	
nist-epub-0003	epub	5	full	d665fa1918b921a3285fd39177eaa5d00727fe9efe6f900181c077a4f4a1c189	58db2b5de74ee8c36be8c49070825186a369f82fd3b5060c71785c1f45fe8f2b	shape	
nist-epub-0003	epub	5	full	5c3e7e148abd8a7540436566008082657c004905968f71aef357de013fa6d3cf	60b560cbf266ca296ad0f0b719f70af7cc69c3da49421ee1c3f061f941a9d51b	raw	
nist-epub-0003	epub	5	full	d665fa1918b921a3285fd39177eaa5d00727fe9efe6f900181c077a4f4a1c189	58db2b5de74ee8c36be8c49070825186a369f82fd3b5060c71785c1f45fe8f2b	shape	
nist-epub-0003	epub	5	full	cdbd55014f96f7e42826de431980adbaa205ad843262fbd50200a54e0660afac	2c5ec37c370808762d2ca4dad370586061835dd0327293a778139928209e2e72	shape	
nist-epub-0003	epub	5	full	39d927458650f0ad2d5a18aa23dad13d9601098f8fddac9978b739094794b6b5	6eb6b0c14debf6934e2a3a08fa45a09bd47c222cf5c598586deea41f339d9214	raw	
nist-epub-0003	epub	5	full	5ba0b40ff3bde97710d9484c84adfecc2df1118c8c7c024c7e46cb52b0ae6b9b	584e784151d23abff4a0561156f413aa2c18f10d76eb12730ed38b16881741d4	raw	
nist-epub-0003	epub	5	full	41e352ef4c35c6cd60007b477a6fcb1f61f2e730a47aae9863f42385491a048c	04f42e4810aec41652fc23fd9b3d81c9219b58be507602cf2f5ed95b26c3e7e8	raw	
nist-epub-0003	epub	5	full	d6d33dcc1a65b0d456c2aaac0a841e22db522bd5d4d6ab172d2e7292a47a6947	55c2df161a80c79144a5322fd199b31022fa5efc5404fff88abda2e857b4ce4c	capability	
nist-epub-0003	epub	5	full	d6d33dcc1a65b0d456c2aaac0a841e22db522bd5d4d6ab172d2e7292a47a6947	55c2df161a80c79144a5322fd199b31022fa5efc5404fff88abda2e857b4ce4c	capability	
nist-epub-0003	epub	5	full	5c3e7e148abd8a7540436566008082657c004905968f71aef357de013fa6d3cf	60b560cbf266ca296ad0f0b719f70af7cc69c3da49421ee1c3f061f941a9d51b	raw	
nist-epub-0003	epub	5	full	d6d33dcc1a65b0d456c2aaac0a841e22db522bd5d4d6ab172d2e7292a47a6947	55c2df161a80c79144a5322fd199b31022fa5efc5404fff88abda2e857b4ce4c	capability	
nist-epub-0003	epub	5	full	d665fa1918b921a3285fd39177eaa5d00727fe9efe6f900181c077a4f4a1c189	58db2b5de74ee8c36be8c49070825186a369f82fd3b5060c71785c1f45fe8f2b	shape	
nist-epub-0003	epub	5	full	39d927458650f0ad2d5a18aa23dad13d9601098f8fddac9978b739094794b6b5	6eb6b0c14debf6934e2a3a08fa45a09bd47c222cf5c598586deea41f339d9214	raw	
nist-epub-0003	epub	5	full	d6d33dcc1a65b0d456c2aaac0a841e22db522bd5d4d6ab172d2e7292a47a6947	55c2df161a80c79144a5322fd199b31022fa5efc5404fff88abda2e857b4ce4c	capability	
nist-epub-0003	epub	5	full	d6d33dcc1a65b0d456c2aaac0a841e22db522bd5d4d6ab172d2e7292a47a6947	55c2df161a80c79144a5322fd199b31022fa5efc5404fff88abda2e857b4ce4c	capability	
nist-epub-0003	epub	5	full	b5963d4b3cc91f07b9bcf5ee6c351cc0b3285b2163a9aebb3e3c581fc350918b	d92b55da2e7e14d0cec709f8c2a1bcfda313aa35e0ebc17a632ae337c4078813	projected	
nist-epub-0003	epub	5	full	41e352ef4c35c6cd60007b477a6fcb1f61f2e730a47aae9863f42385491a048c	04f42e4810aec41652fc23fd9b3d81c9219b58be507602cf2f5ed95b26c3e7e8	raw	
nist-epub-0003	epub	5	full	41e352ef4c35c6cd60007b477a6fcb1f61f2e730a47aae9863f42385491a048c	04f42e4810aec41652fc23fd9b3d81c9219b58be507602cf2f5ed95b26c3e7e8	raw	
nist-epub-0003	epub	5	full	5c3e7e148abd8a7540436566008082657c004905968f71aef357de013fa6d3cf	60b560cbf266ca296ad0f0b719f70af7cc69c3da49421ee1c3f061f941a9d51b	raw	
nist-epub-0003	epub	5	full	39d927458650f0ad2d5a18aa23dad13d9601098f8fddac9978b739094794b6b5	6eb6b0c14debf6934e2a3a08fa45a09bd47c222cf5c598586deea41f339d9214	raw	
nist-epub-0006	epub	0	full	cdbd55014f96f7e42826de431980adbaa205ad843262fbd50200a54e0660afac	4232f211f0c05cfcc549b7f8b7cce1921bcc9441bfd0d88a5a40b6db1de505d6	shape	
nist-epub-0006	epub	0	full	d6d33dcc1a65b0d456c2aaac0a841e22db522bd5d4d6ab172d2e7292a47a6947	b04210fde7956b5cfee27a6a821a2f0a6b01ccc17b66f3cd858876f6c4fc61b4	shape	
nist-epub-0006	epub	0	full	c8303e131dda0ed5def32aa107d7667f43d95285686c550d9526ddaf171a3b5e	d2b38a16f478333b415f9530e693a5ce1cb6db4b57fba8b349ccbfefcd00f186	raw	
nist-epub-0006	epub	0	full	368f2807f9b6a43f490dd1814ce754774b9569d996041ffee403c3d11ec1c9e9	4895b80527e845690163d66576e82d291997b0cdd2450172bc65872d73a43fd4	raw	
nist-epub-0006	epub	0	full	85f14d4da85495ecb93582c57b0eb68996fce126d2922f8c280452cc6365bdf2	9fbba4900869628512a77e4a3e646494229d8e93e5f7735cdbcf620c18922eb0	shape	
nist-epub-0006	epub	0	full	faceb90db5bf8f0cddca057cd00ca239c443afc710398a3d0637a840082d4a43	50a3a37eeda1e9949e7ce20ac7176c3cc202aa2bb096cbb7dee4c61ba7e8d6ef	projected	
nist-epub-0006	epub	0	full	85f14d4da85495ecb93582c57b0eb68996fce126d2922f8c280452cc6365bdf2	9fbba4900869628512a77e4a3e646494229d8e93e5f7735cdbcf620c18922eb0	shape	
nist-epub-0006	epub	0	full	2f76d82979e8e414c86eea8381f60666276d07eb853194f74bbd11019105a6d1	14ed94e06b3841c5da54c989d32c6892ef15c265f047a1143bedc85c530ff449	raw	
nist-epub-0006	epub	0	full	6c009d610d20cfd7f60fec78b9c384647fa540290763b1ddc918983cef08275f	1f55842744745675fc1502031774d43cbc2e6c0dc0f5c90c04df01713b4364fb	raw	
nist-epub-0006	epub	0	full	368f2807f9b6a43f490dd1814ce754774b9569d996041ffee403c3d11ec1c9e9	4895b80527e845690163d66576e82d291997b0cdd2450172bc65872d73a43fd4	raw	
nist-epub-0006	epub	0	full	c8303e131dda0ed5def32aa107d7667f43d95285686c550d9526ddaf171a3b5e	d2b38a16f478333b415f9530e693a5ce1cb6db4b57fba8b349ccbfefcd00f186	raw	
nist-epub-0006	epub	0	full	2f76d82979e8e414c86eea8381f60666276d07eb853194f74bbd11019105a6d1	14ed94e06b3841c5da54c989d32c6892ef15c265f047a1143bedc85c530ff449	raw	
nist-epub-0006	epub	0	full	6c009d610d20cfd7f60fec78b9c384647fa540290763b1ddc918983cef08275f	1f55842744745675fc1502031774d43cbc2e6c0dc0f5c90c04df01713b4364fb	raw	
nist-epub-0006	epub	0	full	cdbd55014f96f7e42826de431980adbaa205ad843262fbd50200a54e0660afac	4232f211f0c05cfcc549b7f8b7cce1921bcc9441bfd0d88a5a40b6db1de505d6	shape	
nist-epub-0006	epub	0	full	368f2807f9b6a43f490dd1814ce754774b9569d996041ffee403c3d11ec1c9e9	4895b80527e845690163d66576e82d291997b0cdd2450172bc65872d73a43fd4	raw	
nist-epub-0006	epub	0	full	368f2807f9b6a43f490dd1814ce754774b9569d996041ffee403c3d11ec1c9e9	4895b80527e845690163d66576e82d291997b0cdd2450172bc65872d73a43fd4	raw	
nist-epub-0006	epub	0	full	c8303e131dda0ed5def32aa107d7667f43d95285686c550d9526ddaf171a3b5e	d2b38a16f478333b415f9530e693a5ce1cb6db4b57fba8b349ccbfefcd00f186	raw	
nist-epub-0006	epub	0	full	85f14d4da85495ecb93582c57b0eb68996fce126d2922f8c280452cc6365bdf2	9fbba4900869628512a77e4a3e646494229d8e93e5f7735cdbcf620c18922eb0	shape	
nist-epub-0006	epub	0	full	368f2807f9b6a43f490dd1814ce754774b9569d996041ffee403c3d11ec1c9e9	4895b80527e845690163d66576e82d291997b0cdd2450172bc65872d73a43fd4	raw	
nist-epub-0006	epub	0	full	faceb90db5bf8f0cddca057cd00ca239c443afc710398a3d0637a840082d4a43	50a3a37eeda1e9949e7ce20ac7176c3cc202aa2bb096cbb7dee4c61ba7e8d6ef	projected	
nist-epub-0006	epub	0	full	368f2807f9b6a43f490dd1814ce754774b9569d996041ffee403c3d11ec1c9e9	4895b80527e845690163d66576e82d291997b0cdd2450172bc65872d73a43fd4	raw	
nist-epub-0006	epub	0	full	2f76d82979e8e414c86eea8381f60666276d07eb853194f74bbd11019105a6d1	14ed94e06b3841c5da54c989d32c6892ef15c265f047a1143bedc85c530ff449	raw	
nist-epub-0006	epub	0	full	368f2807f9b6a43f490dd1814ce754774b9569d996041ffee403c3d11ec1c9e9	4895b80527e845690163d66576e82d291997b0cdd2450172bc65872d73a43fd4	raw	
nist-epub-0006	epub	0	full	cdbd55014f96f7e42826de431980adbaa205ad843262fbd50200a54e0660afac	4232f211f0c05cfcc549b7f8b7cce1921bcc9441bfd0d88a5a40b6db1de505d6	shape	
nist-epub-0006	epub	1	full	cdbd55014f96f7e42826de431980adbaa205ad843262fbd50200a54e0660afac	7e2b6c01401f458238b52932b9c328a53ac49a1fa76190b1e1705d3a2c088d3d	shape	
nist-epub-0006	epub	1	full	d6d33dcc1a65b0d456c2aaac0a841e22db522bd5d4d6ab172d2e7292a47a6947	b04210fde7956b5cfee27a6a821a2f0a6b01ccc17b66f3cd858876f6c4fc61b4	shape	
nist-epub-0006	epub	1	full	c8303e131dda0ed5def32aa107d7667f43d95285686c550d9526ddaf171a3b5e	ded67c4e229519192bbd2dd47ca615b66de3fe8b84f0388a49cb3dbf79e21c05	raw	
nist-epub-0006	epub	1	full	368f2807f9b6a43f490dd1814ce754774b9569d996041ffee403c3d11ec1c9e9	501b082694ca49c7ced97c7e6605b9fd4a92f5edddfc8b25092d06fb9ab95194	raw	
nist-epub-0006	epub	1	full	85f14d4da85495ecb93582c57b0eb68996fce126d2922f8c280452cc6365bdf2	74f9b10a1a0242e9316416e6b283de239e756e83e4b60502cb95b9bd2efff949	shape	
nist-epub-0006	epub	1	full	faceb90db5bf8f0cddca057cd00ca239c443afc710398a3d0637a840082d4a43	5024db96372d9f6a31f3323fa1a30ae4809ff50b7e817b2a9ffe0eaaab179fa3	projected	
nist-epub-0006	epub	1	full	85f14d4da85495ecb93582c57b0eb68996fce126d2922f8c280452cc6365bdf2	74f9b10a1a0242e9316416e6b283de239e756e83e4b60502cb95b9bd2efff949	shape	
nist-epub-0006	epub	1	full	2f76d82979e8e414c86eea8381f60666276d07eb853194f74bbd11019105a6d1	d5a6b424dddcbf277386f3beed6e13a8bc19c1c8b92054bbbe67126226f2496e	raw	
nist-epub-0006	epub	1	full	6c009d610d20cfd7f60fec78b9c384647fa540290763b1ddc918983cef08275f	e483fdf1aaf9037acb30b76611bf37e6b89361a623f3e27cd3eb2e80e87c31ef	raw	
nist-epub-0006	epub	1	full	368f2807f9b6a43f490dd1814ce754774b9569d996041ffee403c3d11ec1c9e9	501b082694ca49c7ced97c7e6605b9fd4a92f5edddfc8b25092d06fb9ab95194	raw	
nist-epub-0006	epub	1	full	c8303e131dda0ed5def32aa107d7667f43d95285686c550d9526ddaf171a3b5e	ded67c4e229519192bbd2dd47ca615b66de3fe8b84f0388a49cb3dbf79e21c05	raw	
nist-epub-0006	epub	1	full	2f76d82979e8e414c86eea8381f60666276d07eb853194f74bbd11019105a6d1	d5a6b424dddcbf277386f3beed6e13a8bc19c1c8b92054bbbe67126226f2496e	raw	
nist-epub-0006	epub	1	full	6c009d610d20cfd7f60fec78b9c384647fa540290763b1ddc918983cef08275f	e483fdf1aaf9037acb30b76611bf37e6b89361a623f3e27cd3eb2e80e87c31ef	raw	
nist-epub-0006	epub	1	full	cdbd55014f96f7e42826de431980adbaa205ad843262fbd50200a54e0660afac	7e2b6c01401f458238b52932b9c328a53ac49a1fa76190b1e1705d3a2c088d3d	shape	
nist-epub-0006	epub	1	full	368f2807f9b6a43f490dd1814ce754774b9569d996041ffee403c3d11ec1c9e9	501b082694ca49c7ced97c7e6605b9fd4a92f5edddfc8b25092d06fb9ab95194	raw	
nist-epub-0006	epub	1	full	368f2807f9b6a43f490dd1814ce754774b9569d996041ffee403c3d11ec1c9e9	501b082694ca49c7ced97c7e6605b9fd4a92f5edddfc8b25092d06fb9ab95194	raw	
nist-epub-0006	epub	1	full	c8303e131dda0ed5def32aa107d7667f43d95285686c550d9526ddaf171a3b5e	ded67c4e229519192bbd2dd47ca615b66de3fe8b84f0388a49cb3dbf79e21c05	raw	
nist-epub-0006	epub	1	full	85f14d4da85495ecb93582c57b0eb68996fce126d2922f8c280452cc6365bdf2	74f9b10a1a0242e9316416e6b283de239e756e83e4b60502cb95b9bd2efff949	shape	
nist-epub-0006	epub	1	full	368f2807f9b6a43f490dd1814ce754774b9569d996041ffee403c3d11ec1c9e9	501b082694ca49c7ced97c7e6605b9fd4a92f5edddfc8b25092d06fb9ab95194	raw	
nist-epub-0006	epub	1	full	faceb90db5bf8f0cddca057cd00ca239c443afc710398a3d0637a840082d4a43	5024db96372d9f6a31f3323fa1a30ae4809ff50b7e817b2a9ffe0eaaab179fa3	projected	
nist-epub-0006	epub	1	full	368f2807f9b6a43f490dd1814ce754774b9569d996041ffee403c3d11ec1c9e9	501b082694ca49c7ced97c7e6605b9fd4a92f5edddfc8b25092d06fb9ab95194	raw	
nist-epub-0006	epub	1	full	2f76d82979e8e414c86eea8381f60666276d07eb853194f74bbd11019105a6d1	d5a6b424dddcbf277386f3beed6e13a8bc19c1c8b92054bbbe67126226f2496e	raw	
nist-epub-0006	epub	1	full	368f2807f9b6a43f490dd1814ce754774b9569d996041ffee403c3d11ec1c9e9	501b082694ca49c7ced97c7e6605b9fd4a92f5edddfc8b25092d06fb9ab95194	raw	
nist-epub-0006	epub	1	full	cdbd55014f96f7e42826de431980adbaa205ad843262fbd50200a54e0660afac	7e2b6c01401f458238b52932b9c328a53ac49a1fa76190b1e1705d3a2c088d3d	shape	
nist-epub-0006	epub	2	full	cdbd55014f96f7e42826de431980adbaa205ad843262fbd50200a54e0660afac	7e2b6c01401f458238b52932b9c328a53ac49a1fa76190b1e1705d3a2c088d3d	shape	
nist-epub-0006	epub	2	full	d6d33dcc1a65b0d456c2aaac0a841e22db522bd5d4d6ab172d2e7292a47a6947	b04210fde7956b5cfee27a6a821a2f0a6b01ccc17b66f3cd858876f6c4fc61b4	shape	
nist-epub-0006	epub	2	full	c8303e131dda0ed5def32aa107d7667f43d95285686c550d9526ddaf171a3b5e	04771e3d2a8bf4405feea0a54b00775ef96027c5e0e20fdbeb1fd6e62fab6b7f	raw	
nist-epub-0006	epub	2	full	368f2807f9b6a43f490dd1814ce754774b9569d996041ffee403c3d11ec1c9e9	5ec55cb668623b01100dff0bfc21cf1f935d6c833b40ac98dcc1f783db428ec7	raw	
nist-epub-0006	epub	2	full	85f14d4da85495ecb93582c57b0eb68996fce126d2922f8c280452cc6365bdf2	74f9b10a1a0242e9316416e6b283de239e756e83e4b60502cb95b9bd2efff949	shape	
nist-epub-0006	epub	2	full	faceb90db5bf8f0cddca057cd00ca239c443afc710398a3d0637a840082d4a43	5024db96372d9f6a31f3323fa1a30ae4809ff50b7e817b2a9ffe0eaaab179fa3	projected	
nist-epub-0006	epub	2	full	85f14d4da85495ecb93582c57b0eb68996fce126d2922f8c280452cc6365bdf2	74f9b10a1a0242e9316416e6b283de239e756e83e4b60502cb95b9bd2efff949	shape	
nist-epub-0006	epub	2	full	2f76d82979e8e414c86eea8381f60666276d07eb853194f74bbd11019105a6d1	337d15acb398625b26597932be5af23508d1bcf03a207d8e8610a75ab08ac815	raw	
nist-epub-0006	epub	2	full	6c009d610d20cfd7f60fec78b9c384647fa540290763b1ddc918983cef08275f	674e2ecc14bd7d7ea76a76ab0cd098e19f6d76b449f230a18108838d2d5f9048	raw	
nist-epub-0006	epub	2	full	368f2807f9b6a43f490dd1814ce754774b9569d996041ffee403c3d11ec1c9e9	5ec55cb668623b01100dff0bfc21cf1f935d6c833b40ac98dcc1f783db428ec7	raw	
nist-epub-0006	epub	2	full	c8303e131dda0ed5def32aa107d7667f43d95285686c550d9526ddaf171a3b5e	04771e3d2a8bf4405feea0a54b00775ef96027c5e0e20fdbeb1fd6e62fab6b7f	raw	
nist-epub-0006	epub	2	full	2f76d82979e8e414c86eea8381f60666276d07eb853194f74bbd11019105a6d1	337d15acb398625b26597932be5af23508d1bcf03a207d8e8610a75ab08ac815	raw	
nist-epub-0006	epub	2	full	6c009d610d20cfd7f60fec78b9c384647fa540290763b1ddc918983cef08275f	674e2ecc14bd7d7ea76a76ab0cd098e19f6d76b449f230a18108838d2d5f9048	raw	
nist-epub-0006	epub	2	full	cdbd55014f96f7e42826de431980adbaa205ad843262fbd50200a54e0660afac	7e2b6c01401f458238b52932b9c328a53ac49a1fa76190b1e1705d3a2c088d3d	shape	
nist-epub-0006	epub	2	full	368f2807f9b6a43f490dd1814ce754774b9569d996041ffee403c3d11ec1c9e9	5ec55cb668623b01100dff0bfc21cf1f935d6c833b40ac98dcc1f783db428ec7	raw	
nist-epub-0006	epub	2	full	368f2807f9b6a43f490dd1814ce754774b9569d996041ffee403c3d11ec1c9e9	5ec55cb668623b01100dff0bfc21cf1f935d6c833b40ac98dcc1f783db428ec7	raw	
nist-epub-0006	epub	2	full	c8303e131dda0ed5def32aa107d7667f43d95285686c550d9526ddaf171a3b5e	04771e3d2a8bf4405feea0a54b00775ef96027c5e0e20fdbeb1fd6e62fab6b7f	raw	
nist-epub-0006	epub	2	full	85f14d4da85495ecb93582c57b0eb68996fce126d2922f8c280452cc6365bdf2	74f9b10a1a0242e9316416e6b283de239e756e83e4b60502cb95b9bd2efff949	shape	
nist-epub-0006	epub	2	full	368f2807f9b6a43f490dd1814ce754774b9569d996041ffee403c3d11ec1c9e9	5ec55cb668623b01100dff0bfc21cf1f935d6c833b40ac98dcc1f783db428ec7	raw	
nist-epub-0006	epub	2	full	faceb90db5bf8f0cddca057cd00ca239c443afc710398a3d0637a840082d4a43	5024db96372d9f6a31f3323fa1a30ae4809ff50b7e817b2a9ffe0eaaab179fa3	projected	
nist-epub-0006	epub	2	full	368f2807f9b6a43f490dd1814ce754774b9569d996041ffee403c3d11ec1c9e9	5ec55cb668623b01100dff0bfc21cf1f935d6c833b40ac98dcc1f783db428ec7	raw	
nist-epub-0006	epub	2	full	2f76d82979e8e414c86eea8381f60666276d07eb853194f74bbd11019105a6d1	337d15acb398625b26597932be5af23508d1bcf03a207d8e8610a75ab08ac815	raw	
nist-epub-0006	epub	2	full	368f2807f9b6a43f490dd1814ce754774b9569d996041ffee403c3d11ec1c9e9	5ec55cb668623b01100dff0bfc21cf1f935d6c833b40ac98dcc1f783db428ec7	raw	
nist-epub-0006	epub	2	full	cdbd55014f96f7e42826de431980adbaa205ad843262fbd50200a54e0660afac	7e2b6c01401f458238b52932b9c328a53ac49a1fa76190b1e1705d3a2c088d3d	shape	
nist-epub-0006	epub	3	full	cdbd55014f96f7e42826de431980adbaa205ad843262fbd50200a54e0660afac	7e2b6c01401f458238b52932b9c328a53ac49a1fa76190b1e1705d3a2c088d3d	shape	
nist-epub-0006	epub	3	full	d6d33dcc1a65b0d456c2aaac0a841e22db522bd5d4d6ab172d2e7292a47a6947	b04210fde7956b5cfee27a6a821a2f0a6b01ccc17b66f3cd858876f6c4fc61b4	shape	
nist-epub-0006	epub	3	full	c8303e131dda0ed5def32aa107d7667f43d95285686c550d9526ddaf171a3b5e	04771e3d2a8bf4405feea0a54b00775ef96027c5e0e20fdbeb1fd6e62fab6b7f	raw	
nist-epub-0006	epub	3	full	368f2807f9b6a43f490dd1814ce754774b9569d996041ffee403c3d11ec1c9e9	5ec55cb668623b01100dff0bfc21cf1f935d6c833b40ac98dcc1f783db428ec7	raw	
nist-epub-0006	epub	3	full	85f14d4da85495ecb93582c57b0eb68996fce126d2922f8c280452cc6365bdf2	74f9b10a1a0242e9316416e6b283de239e756e83e4b60502cb95b9bd2efff949	shape	
nist-epub-0006	epub	3	full	faceb90db5bf8f0cddca057cd00ca239c443afc710398a3d0637a840082d4a43	5024db96372d9f6a31f3323fa1a30ae4809ff50b7e817b2a9ffe0eaaab179fa3	projected	
nist-epub-0006	epub	3	full	85f14d4da85495ecb93582c57b0eb68996fce126d2922f8c280452cc6365bdf2	74f9b10a1a0242e9316416e6b283de239e756e83e4b60502cb95b9bd2efff949	shape	
nist-epub-0006	epub	3	full	2f76d82979e8e414c86eea8381f60666276d07eb853194f74bbd11019105a6d1	337d15acb398625b26597932be5af23508d1bcf03a207d8e8610a75ab08ac815	raw	
nist-epub-0006	epub	3	full	6c009d610d20cfd7f60fec78b9c384647fa540290763b1ddc918983cef08275f	674e2ecc14bd7d7ea76a76ab0cd098e19f6d76b449f230a18108838d2d5f9048	raw	
nist-epub-0006	epub	3	full	368f2807f9b6a43f490dd1814ce754774b9569d996041ffee403c3d11ec1c9e9	5ec55cb668623b01100dff0bfc21cf1f935d6c833b40ac98dcc1f783db428ec7	raw	
nist-epub-0006	epub	3	full	c8303e131dda0ed5def32aa107d7667f43d95285686c550d9526ddaf171a3b5e	04771e3d2a8bf4405feea0a54b00775ef96027c5e0e20fdbeb1fd6e62fab6b7f	raw	
nist-epub-0006	epub	3	full	2f76d82979e8e414c86eea8381f60666276d07eb853194f74bbd11019105a6d1	337d15acb398625b26597932be5af23508d1bcf03a207d8e8610a75ab08ac815	raw	
nist-epub-0006	epub	3	full	6c009d610d20cfd7f60fec78b9c384647fa540290763b1ddc918983cef08275f	674e2ecc14bd7d7ea76a76ab0cd098e19f6d76b449f230a18108838d2d5f9048	raw	
nist-epub-0006	epub	3	full	cdbd55014f96f7e42826de431980adbaa205ad843262fbd50200a54e0660afac	7e2b6c01401f458238b52932b9c328a53ac49a1fa76190b1e1705d3a2c088d3d	shape	
nist-epub-0006	epub	3	full	368f2807f9b6a43f490dd1814ce754774b9569d996041ffee403c3d11ec1c9e9	5ec55cb668623b01100dff0bfc21cf1f935d6c833b40ac98dcc1f783db428ec7	raw	
nist-epub-0006	epub	3	full	368f2807f9b6a43f490dd1814ce754774b9569d996041ffee403c3d11ec1c9e9	5ec55cb668623b01100dff0bfc21cf1f935d6c833b40ac98dcc1f783db428ec7	raw	
nist-epub-0006	epub	3	full	c8303e131dda0ed5def32aa107d7667f43d95285686c550d9526ddaf171a3b5e	04771e3d2a8bf4405feea0a54b00775ef96027c5e0e20fdbeb1fd6e62fab6b7f	raw	
nist-epub-0006	epub	3	full	85f14d4da85495ecb93582c57b0eb68996fce126d2922f8c280452cc6365bdf2	74f9b10a1a0242e9316416e6b283de239e756e83e4b60502cb95b9bd2efff949	shape	
nist-epub-0006	epub	3	full	368f2807f9b6a43f490dd1814ce754774b9569d996041ffee403c3d11ec1c9e9	5ec55cb668623b01100dff0bfc21cf1f935d6c833b40ac98dcc1f783db428ec7	raw	
nist-epub-0006	epub	3	full	faceb90db5bf8f0cddca057cd00ca239c443afc710398a3d0637a840082d4a43	5024db96372d9f6a31f3323fa1a30ae4809ff50b7e817b2a9ffe0eaaab179fa3	projected	
nist-epub-0006	epub	3	full	368f2807f9b6a43f490dd1814ce754774b9569d996041ffee403c3d11ec1c9e9	5ec55cb668623b01100dff0bfc21cf1f935d6c833b40ac98dcc1f783db428ec7	raw	
nist-epub-0006	epub	3	full	2f76d82979e8e414c86eea8381f60666276d07eb853194f74bbd11019105a6d1	337d15acb398625b26597932be5af23508d1bcf03a207d8e8610a75ab08ac815	raw	
nist-epub-0006	epub	3	full	368f2807f9b6a43f490dd1814ce754774b9569d996041ffee403c3d11ec1c9e9	5ec55cb668623b01100dff0bfc21cf1f935d6c833b40ac98dcc1f783db428ec7	raw	
nist-epub-0006	epub	3	full	cdbd55014f96f7e42826de431980adbaa205ad843262fbd50200a54e0660afac	7e2b6c01401f458238b52932b9c328a53ac49a1fa76190b1e1705d3a2c088d3d	shape	
nist-epub-0006	epub	4	full	cdbd55014f96f7e42826de431980adbaa205ad843262fbd50200a54e0660afac	079c17cf56c2477106303376523b45a649fb926b6b626d34411ef3ccf1778e87	shape	
nist-epub-0006	epub	4	full	d6d33dcc1a65b0d456c2aaac0a841e22db522bd5d4d6ab172d2e7292a47a6947	80966db6ab2908dbcd61dacd2e801f2551547f990858e8747c0674446cbc42ff	capability	
nist-epub-0006	epub	4	full	c8303e131dda0ed5def32aa107d7667f43d95285686c550d9526ddaf171a3b5e	142afd99f3e2355c9ea82d8dd3372dcc9026d689702f91fcc61c85da27f5dd0c	raw	
nist-epub-0006	epub	4	full	368f2807f9b6a43f490dd1814ce754774b9569d996041ffee403c3d11ec1c9e9	69439afc5e9578adca6e040baa8b4be219ef90dae3ca93c1b4ef64af62b47eca	raw	
nist-epub-0006	epub	4	full	85f14d4da85495ecb93582c57b0eb68996fce126d2922f8c280452cc6365bdf2	fd97188a1e6b284275f26ac84ba3f950b133c639622144e3bedc97feb420bb24	shape	
nist-epub-0006	epub	4	full	faceb90db5bf8f0cddca057cd00ca239c443afc710398a3d0637a840082d4a43	86eadd4a9d09bad790423b453c4ece06d72fe5ccd456724ac4bb27643b2a7a07	projected	
nist-epub-0006	epub	4	full	85f14d4da85495ecb93582c57b0eb68996fce126d2922f8c280452cc6365bdf2	fd97188a1e6b284275f26ac84ba3f950b133c639622144e3bedc97feb420bb24	shape	
nist-epub-0006	epub	4	full	2f76d82979e8e414c86eea8381f60666276d07eb853194f74bbd11019105a6d1	5b668f1f9f6808f6470536ec9c90a02c9fdf600d767c139916961023fe7e85f0	raw	
nist-epub-0006	epub	4	full	6c009d610d20cfd7f60fec78b9c384647fa540290763b1ddc918983cef08275f	b399ce014ae4c9d1e82e9b7943da026f99d545e1e78756b7da8cfeab9fc9e6bf	raw	
nist-epub-0006	epub	4	full	368f2807f9b6a43f490dd1814ce754774b9569d996041ffee403c3d11ec1c9e9	69439afc5e9578adca6e040baa8b4be219ef90dae3ca93c1b4ef64af62b47eca	raw	
nist-epub-0006	epub	4	full	c8303e131dda0ed5def32aa107d7667f43d95285686c550d9526ddaf171a3b5e	142afd99f3e2355c9ea82d8dd3372dcc9026d689702f91fcc61c85da27f5dd0c	raw	
nist-epub-0006	epub	4	full	2f76d82979e8e414c86eea8381f60666276d07eb853194f74bbd11019105a6d1	5b668f1f9f6808f6470536ec9c90a02c9fdf600d767c139916961023fe7e85f0	raw	
nist-epub-0006	epub	4	full	6c009d610d20cfd7f60fec78b9c384647fa540290763b1ddc918983cef08275f	b399ce014ae4c9d1e82e9b7943da026f99d545e1e78756b7da8cfeab9fc9e6bf	raw	
nist-epub-0006	epub	4	full	cdbd55014f96f7e42826de431980adbaa205ad843262fbd50200a54e0660afac	079c17cf56c2477106303376523b45a649fb926b6b626d34411ef3ccf1778e87	shape	
nist-epub-0006	epub	4	full	368f2807f9b6a43f490dd1814ce754774b9569d996041ffee403c3d11ec1c9e9	69439afc5e9578adca6e040baa8b4be219ef90dae3ca93c1b4ef64af62b47eca	raw	
nist-epub-0006	epub	4	full	368f2807f9b6a43f490dd1814ce754774b9569d996041ffee403c3d11ec1c9e9	69439afc5e9578adca6e040baa8b4be219ef90dae3ca93c1b4ef64af62b47eca	raw	
nist-epub-0006	epub	4	full	c8303e131dda0ed5def32aa107d7667f43d95285686c550d9526ddaf171a3b5e	142afd99f3e2355c9ea82d8dd3372dcc9026d689702f91fcc61c85da27f5dd0c	raw	
nist-epub-0006	epub	4	full	85f14d4da85495ecb93582c57b0eb68996fce126d2922f8c280452cc6365bdf2	fd97188a1e6b284275f26ac84ba3f950b133c639622144e3bedc97feb420bb24	shape	
nist-epub-0006	epub	4	full	368f2807f9b6a43f490dd1814ce754774b9569d996041ffee403c3d11ec1c9e9	69439afc5e9578adca6e040baa8b4be219ef90dae3ca93c1b4ef64af62b47eca	raw	
nist-epub-0006	epub	4	full	faceb90db5bf8f0cddca057cd00ca239c443afc710398a3d0637a840082d4a43	86eadd4a9d09bad790423b453c4ece06d72fe5ccd456724ac4bb27643b2a7a07	projected	
nist-epub-0006	epub	4	full	368f2807f9b6a43f490dd1814ce754774b9569d996041ffee403c3d11ec1c9e9	69439afc5e9578adca6e040baa8b4be219ef90dae3ca93c1b4ef64af62b47eca	raw	
nist-epub-0006	epub	4	full	2f76d82979e8e414c86eea8381f60666276d07eb853194f74bbd11019105a6d1	5b668f1f9f6808f6470536ec9c90a02c9fdf600d767c139916961023fe7e85f0	raw	
nist-epub-0006	epub	4	full	368f2807f9b6a43f490dd1814ce754774b9569d996041ffee403c3d11ec1c9e9	69439afc5e9578adca6e040baa8b4be219ef90dae3ca93c1b4ef64af62b47eca	raw	
nist-epub-0006	epub	4	full	cdbd55014f96f7e42826de431980adbaa205ad843262fbd50200a54e0660afac	079c17cf56c2477106303376523b45a649fb926b6b626d34411ef3ccf1778e87	shape	
nist-epub-0006	epub	5	full	cdbd55014f96f7e42826de431980adbaa205ad843262fbd50200a54e0660afac	079c17cf56c2477106303376523b45a649fb926b6b626d34411ef3ccf1778e87	shape	
nist-epub-0006	epub	5	full	d6d33dcc1a65b0d456c2aaac0a841e22db522bd5d4d6ab172d2e7292a47a6947	80966db6ab2908dbcd61dacd2e801f2551547f990858e8747c0674446cbc42ff	capability	
nist-epub-0006	epub	5	full	c8303e131dda0ed5def32aa107d7667f43d95285686c550d9526ddaf171a3b5e	142afd99f3e2355c9ea82d8dd3372dcc9026d689702f91fcc61c85da27f5dd0c	raw	
nist-epub-0006	epub	5	full	368f2807f9b6a43f490dd1814ce754774b9569d996041ffee403c3d11ec1c9e9	69439afc5e9578adca6e040baa8b4be219ef90dae3ca93c1b4ef64af62b47eca	raw	
nist-epub-0006	epub	5	full	85f14d4da85495ecb93582c57b0eb68996fce126d2922f8c280452cc6365bdf2	fd97188a1e6b284275f26ac84ba3f950b133c639622144e3bedc97feb420bb24	shape	
nist-epub-0006	epub	5	full	faceb90db5bf8f0cddca057cd00ca239c443afc710398a3d0637a840082d4a43	86eadd4a9d09bad790423b453c4ece06d72fe5ccd456724ac4bb27643b2a7a07	projected	
nist-epub-0006	epub	5	full	85f14d4da85495ecb93582c57b0eb68996fce126d2922f8c280452cc6365bdf2	fd97188a1e6b284275f26ac84ba3f950b133c639622144e3bedc97feb420bb24	shape	
nist-epub-0006	epub	5	full	2f76d82979e8e414c86eea8381f60666276d07eb853194f74bbd11019105a6d1	5b668f1f9f6808f6470536ec9c90a02c9fdf600d767c139916961023fe7e85f0	raw	
nist-epub-0006	epub	5	full	6c009d610d20cfd7f60fec78b9c384647fa540290763b1ddc918983cef08275f	b399ce014ae4c9d1e82e9b7943da026f99d545e1e78756b7da8cfeab9fc9e6bf	raw	
nist-epub-0006	epub	5	full	368f2807f9b6a43f490dd1814ce754774b9569d996041ffee403c3d11ec1c9e9	69439afc5e9578adca6e040baa8b4be219ef90dae3ca93c1b4ef64af62b47eca	raw	
nist-epub-0006	epub	5	full	c8303e131dda0ed5def32aa107d7667f43d95285686c550d9526ddaf171a3b5e	142afd99f3e2355c9ea82d8dd3372dcc9026d689702f91fcc61c85da27f5dd0c	raw	
nist-epub-0006	epub	5	full	2f76d82979e8e414c86eea8381f60666276d07eb853194f74bbd11019105a6d1	5b668f1f9f6808f6470536ec9c90a02c9fdf600d767c139916961023fe7e85f0	raw	
nist-epub-0006	epub	5	full	6c009d610d20cfd7f60fec78b9c384647fa540290763b1ddc918983cef08275f	b399ce014ae4c9d1e82e9b7943da026f99d545e1e78756b7da8cfeab9fc9e6bf	raw	
nist-epub-0006	epub	5	full	cdbd55014f96f7e42826de431980adbaa205ad843262fbd50200a54e0660afac	079c17cf56c2477106303376523b45a649fb926b6b626d34411ef3ccf1778e87	shape	
nist-epub-0006	epub	5	full	368f2807f9b6a43f490dd1814ce754774b9569d996041ffee403c3d11ec1c9e9	69439afc5e9578adca6e040baa8b4be219ef90dae3ca93c1b4ef64af62b47eca	raw	
nist-epub-0006	epub	5	full	368f2807f9b6a43f490dd1814ce754774b9569d996041ffee403c3d11ec1c9e9	69439afc5e9578adca6e040baa8b4be219ef90dae3ca93c1b4ef64af62b47eca	raw	
nist-epub-0006	epub	5	full	c8303e131dda0ed5def32aa107d7667f43d95285686c550d9526ddaf171a3b5e	142afd99f3e2355c9ea82d8dd3372dcc9026d689702f91fcc61c85da27f5dd0c	raw	
nist-epub-0006	epub	5	full	85f14d4da85495ecb93582c57b0eb68996fce126d2922f8c280452cc6365bdf2	fd97188a1e6b284275f26ac84ba3f950b133c639622144e3bedc97feb420bb24	shape	
nist-epub-0006	epub	5	full	368f2807f9b6a43f490dd1814ce754774b9569d996041ffee403c3d11ec1c9e9	69439afc5e9578adca6e040baa8b4be219ef90dae3ca93c1b4ef64af62b47eca	raw	
nist-epub-0006	epub	5	full	faceb90db5bf8f0cddca057cd00ca239c443afc710398a3d0637a840082d4a43	86eadd4a9d09bad790423b453c4ece06d72fe5ccd456724ac4bb27643b2a7a07	projected	
nist-epub-0006	epub	5	full	368f2807f9b6a43f490dd1814ce754774b9569d996041ffee403c3d11ec1c9e9	69439afc5e9578adca6e040baa8b4be219ef90dae3ca93c1b4ef64af62b47eca	raw	
nist-epub-0006	epub	5	full	2f76d82979e8e414c86eea8381f60666276d07eb853194f74bbd11019105a6d1	5b668f1f9f6808f6470536ec9c90a02c9fdf600d767c139916961023fe7e85f0	raw	
nist-epub-0006	epub	5	full	368f2807f9b6a43f490dd1814ce754774b9569d996041ffee403c3d11ec1c9e9	69439afc5e9578adca6e040baa8b4be219ef90dae3ca93c1b4ef64af62b47eca	raw	
nist-epub-0006	epub	5	full	cdbd55014f96f7e42826de431980adbaa205ad843262fbd50200a54e0660afac	079c17cf56c2477106303376523b45a649fb926b6b626d34411ef3ccf1778e87	shape	
nist-epub-0008	epub	0	full	5514431e60974776b52b1bef5d1af74e84a9d7f5eb8e7c1913bd2a819c766003	b6b355aad9259441f697fe0eec18ddd645d1415857c27927fd13eabe8e99a27c	raw	
nist-epub-0008	epub	0	full	c6b124e52055107956e2eb94fd4d9858146410d4286d92cfe3173640cde5b47d	62836ba1d3e64cf91f4095dc8933a3062cd68ef70265c8dc5b746ed12b2ca3ab	raw	
nist-epub-0008	epub	0	full	5514431e60974776b52b1bef5d1af74e84a9d7f5eb8e7c1913bd2a819c766003	b6b355aad9259441f697fe0eec18ddd645d1415857c27927fd13eabe8e99a27c	raw	
nist-epub-0008	epub	0	full	c6b124e52055107956e2eb94fd4d9858146410d4286d92cfe3173640cde5b47d	62836ba1d3e64cf91f4095dc8933a3062cd68ef70265c8dc5b746ed12b2ca3ab	raw	
nist-epub-0008	epub	0	full	48df23a00b4a8a2fa5f44b8b2feb5273d6acb42b34380857acdb06159b573811	9b247063a5f5e9334ebe5ea4de44d3aa6dccaffa06e1f7b7a29216ca28b8f139	raw	
nist-epub-0008	epub	0	full	e99bd3734c27faf1b45afaa8ceb850e3b6f505a149f4411872abacf22c8ced0c	5bfd2efcbe1b5d17e0d2508d8bf655b4ea3d2d9ee100e73446ed8b5fba4211f3	raw	
nist-epub-0008	epub	0	full	32fd3c89403b21df618806ae6a80c73fa0fa3f64b8a64812da0df7a1fc4bcb9c	c93258db24781463e03ebf55caa7030e5780fced1e425d4ab4fed3792f7f318b	shape	
nist-epub-0008	epub	0	full	32fd3c89403b21df618806ae6a80c73fa0fa3f64b8a64812da0df7a1fc4bcb9c	c93258db24781463e03ebf55caa7030e5780fced1e425d4ab4fed3792f7f318b	shape	
nist-epub-0008	epub	0	full	5514431e60974776b52b1bef5d1af74e84a9d7f5eb8e7c1913bd2a819c766003	b6b355aad9259441f697fe0eec18ddd645d1415857c27927fd13eabe8e99a27c	raw	
nist-epub-0008	epub	0	full	7bc8d54b4e258556876ae8c709f318af3d3bfae724331b5a04d395dfbd704d8f	c1688253a894a4234bfce8645364cbfcd540052ba1165fae705912d9c04ef4b7	shape	
nist-epub-0008	epub	0	full	5514431e60974776b52b1bef5d1af74e84a9d7f5eb8e7c1913bd2a819c766003	b6b355aad9259441f697fe0eec18ddd645d1415857c27927fd13eabe8e99a27c	raw	
nist-epub-0008	epub	0	full	5514431e60974776b52b1bef5d1af74e84a9d7f5eb8e7c1913bd2a819c766003	b6b355aad9259441f697fe0eec18ddd645d1415857c27927fd13eabe8e99a27c	raw	
nist-epub-0008	epub	0	full	48df23a00b4a8a2fa5f44b8b2feb5273d6acb42b34380857acdb06159b573811	9b247063a5f5e9334ebe5ea4de44d3aa6dccaffa06e1f7b7a29216ca28b8f139	raw	
nist-epub-0008	epub	0	full	c6b124e52055107956e2eb94fd4d9858146410d4286d92cfe3173640cde5b47d	62836ba1d3e64cf91f4095dc8933a3062cd68ef70265c8dc5b746ed12b2ca3ab	raw	
nist-epub-0008	epub	0	full	5514431e60974776b52b1bef5d1af74e84a9d7f5eb8e7c1913bd2a819c766003	b6b355aad9259441f697fe0eec18ddd645d1415857c27927fd13eabe8e99a27c	raw	
nist-epub-0008	epub	0	full	d6d33dcc1a65b0d456c2aaac0a841e22db522bd5d4d6ab172d2e7292a47a6947	c457f0731d148c446685bd2a116e1462ec57ccafe550be2a36827daa62075c1c	shape	
nist-epub-0008	epub	0	full	e99bd3734c27faf1b45afaa8ceb850e3b6f505a149f4411872abacf22c8ced0c	5bfd2efcbe1b5d17e0d2508d8bf655b4ea3d2d9ee100e73446ed8b5fba4211f3	raw	
nist-epub-0008	epub	0	full	e99bd3734c27faf1b45afaa8ceb850e3b6f505a149f4411872abacf22c8ced0c	5bfd2efcbe1b5d17e0d2508d8bf655b4ea3d2d9ee100e73446ed8b5fba4211f3	raw	
nist-epub-0008	epub	0	full	7a17f7ffd0fb6d89405472ffef5fa3ee1fd6c47f3b26d1314e8a188904f11950	4991ba0f15da43c96e145d2b6c8739c6a064b78cb4bc7e0a1c4ca87492f00970	raw	
nist-epub-0008	epub	0	full	d6d33dcc1a65b0d456c2aaac0a841e22db522bd5d4d6ab172d2e7292a47a6947	c457f0731d148c446685bd2a116e1462ec57ccafe550be2a36827daa62075c1c	shape	
nist-epub-0008	epub	0	full	32fd3c89403b21df618806ae6a80c73fa0fa3f64b8a64812da0df7a1fc4bcb9c	c93258db24781463e03ebf55caa7030e5780fced1e425d4ab4fed3792f7f318b	shape	
nist-epub-0008	epub	0	full	7a17f7ffd0fb6d89405472ffef5fa3ee1fd6c47f3b26d1314e8a188904f11950	4991ba0f15da43c96e145d2b6c8739c6a064b78cb4bc7e0a1c4ca87492f00970	raw	
nist-epub-0008	epub	0	full	e99bd3734c27faf1b45afaa8ceb850e3b6f505a149f4411872abacf22c8ced0c	5bfd2efcbe1b5d17e0d2508d8bf655b4ea3d2d9ee100e73446ed8b5fba4211f3	raw	
nist-epub-0008	epub	0	full	7a17f7ffd0fb6d89405472ffef5fa3ee1fd6c47f3b26d1314e8a188904f11950	4991ba0f15da43c96e145d2b6c8739c6a064b78cb4bc7e0a1c4ca87492f00970	raw	
nist-epub-0008	epub	1	full	5514431e60974776b52b1bef5d1af74e84a9d7f5eb8e7c1913bd2a819c766003	4aeb0f3720abc15a9340680a77960f113b4bbecfc9356908f8af4e787af94fa8	raw	
nist-epub-0008	epub	1	full	c6b124e52055107956e2eb94fd4d9858146410d4286d92cfe3173640cde5b47d	572dd94ee9ebaa25933eddd8db584e78e2bbc90814b54e9537bbd8e71a44b154	raw	
nist-epub-0008	epub	1	full	5514431e60974776b52b1bef5d1af74e84a9d7f5eb8e7c1913bd2a819c766003	4aeb0f3720abc15a9340680a77960f113b4bbecfc9356908f8af4e787af94fa8	raw	
nist-epub-0008	epub	1	full	c6b124e52055107956e2eb94fd4d9858146410d4286d92cfe3173640cde5b47d	572dd94ee9ebaa25933eddd8db584e78e2bbc90814b54e9537bbd8e71a44b154	raw	
nist-epub-0008	epub	1	full	48df23a00b4a8a2fa5f44b8b2feb5273d6acb42b34380857acdb06159b573811	08efe12a7917b7aa67dc43a27977709532e9c63dcec84767bfcf0248d1e02122	raw	
nist-epub-0008	epub	1	full	e99bd3734c27faf1b45afaa8ceb850e3b6f505a149f4411872abacf22c8ced0c	1bcc50a18f90159c2d110ba6bff6c3460c0b1c3b4b4d7e102a2c7851bcc6e58e	raw	
nist-epub-0008	epub	1	full	32fd3c89403b21df618806ae6a80c73fa0fa3f64b8a64812da0df7a1fc4bcb9c	b4fcdb3b823eb304bf618fd75ca973f7aed730e031bba5f918a02f1187550d99	shape	
nist-epub-0008	epub	1	full	32fd3c89403b21df618806ae6a80c73fa0fa3f64b8a64812da0df7a1fc4bcb9c	b4fcdb3b823eb304bf618fd75ca973f7aed730e031bba5f918a02f1187550d99	shape	
nist-epub-0008	epub	1	full	5514431e60974776b52b1bef5d1af74e84a9d7f5eb8e7c1913bd2a819c766003	4aeb0f3720abc15a9340680a77960f113b4bbecfc9356908f8af4e787af94fa8	raw	
nist-epub-0008	epub	1	full	7bc8d54b4e258556876ae8c709f318af3d3bfae724331b5a04d395dfbd704d8f	fd72680e9e36b061818ac337172e63ae9de9b3d8c70e1630e8aa968a4c469d7a	shape	
nist-epub-0008	epub	1	full	5514431e60974776b52b1bef5d1af74e84a9d7f5eb8e7c1913bd2a819c766003	4aeb0f3720abc15a9340680a77960f113b4bbecfc9356908f8af4e787af94fa8	raw	
nist-epub-0008	epub	1	full	5514431e60974776b52b1bef5d1af74e84a9d7f5eb8e7c1913bd2a819c766003	4aeb0f3720abc15a9340680a77960f113b4bbecfc9356908f8af4e787af94fa8	raw	
nist-epub-0008	epub	1	full	48df23a00b4a8a2fa5f44b8b2feb5273d6acb42b34380857acdb06159b573811	08efe12a7917b7aa67dc43a27977709532e9c63dcec84767bfcf0248d1e02122	raw	
nist-epub-0008	epub	1	full	c6b124e52055107956e2eb94fd4d9858146410d4286d92cfe3173640cde5b47d	572dd94ee9ebaa25933eddd8db584e78e2bbc90814b54e9537bbd8e71a44b154	raw	
nist-epub-0008	epub	1	full	5514431e60974776b52b1bef5d1af74e84a9d7f5eb8e7c1913bd2a819c766003	4aeb0f3720abc15a9340680a77960f113b4bbecfc9356908f8af4e787af94fa8	raw	
nist-epub-0008	epub	1	full	d6d33dcc1a65b0d456c2aaac0a841e22db522bd5d4d6ab172d2e7292a47a6947	c457f0731d148c446685bd2a116e1462ec57ccafe550be2a36827daa62075c1c	shape	
nist-epub-0008	epub	1	full	e99bd3734c27faf1b45afaa8ceb850e3b6f505a149f4411872abacf22c8ced0c	1bcc50a18f90159c2d110ba6bff6c3460c0b1c3b4b4d7e102a2c7851bcc6e58e	raw	
nist-epub-0008	epub	1	full	e99bd3734c27faf1b45afaa8ceb850e3b6f505a149f4411872abacf22c8ced0c	1bcc50a18f90159c2d110ba6bff6c3460c0b1c3b4b4d7e102a2c7851bcc6e58e	raw	
nist-epub-0008	epub	1	full	7a17f7ffd0fb6d89405472ffef5fa3ee1fd6c47f3b26d1314e8a188904f11950	ee322508f083d797df03c3e205c6e222fb52e42e868a696a24846c5a37e29d9c	raw	
nist-epub-0008	epub	1	full	d6d33dcc1a65b0d456c2aaac0a841e22db522bd5d4d6ab172d2e7292a47a6947	c457f0731d148c446685bd2a116e1462ec57ccafe550be2a36827daa62075c1c	shape	
nist-epub-0008	epub	1	full	32fd3c89403b21df618806ae6a80c73fa0fa3f64b8a64812da0df7a1fc4bcb9c	b4fcdb3b823eb304bf618fd75ca973f7aed730e031bba5f918a02f1187550d99	shape	
nist-epub-0008	epub	1	full	7a17f7ffd0fb6d89405472ffef5fa3ee1fd6c47f3b26d1314e8a188904f11950	ee322508f083d797df03c3e205c6e222fb52e42e868a696a24846c5a37e29d9c	raw	
nist-epub-0008	epub	1	full	e99bd3734c27faf1b45afaa8ceb850e3b6f505a149f4411872abacf22c8ced0c	1bcc50a18f90159c2d110ba6bff6c3460c0b1c3b4b4d7e102a2c7851bcc6e58e	raw	
nist-epub-0008	epub	1	full	7a17f7ffd0fb6d89405472ffef5fa3ee1fd6c47f3b26d1314e8a188904f11950	ee322508f083d797df03c3e205c6e222fb52e42e868a696a24846c5a37e29d9c	raw	
nist-epub-0008	epub	2	full	5514431e60974776b52b1bef5d1af74e84a9d7f5eb8e7c1913bd2a819c766003	edd915c89bee8dfc498a74d0fa38b14ddb8a57736b9e5ddd20d6959d2a707d50	raw	
nist-epub-0008	epub	2	full	c6b124e52055107956e2eb94fd4d9858146410d4286d92cfe3173640cde5b47d	a073892b9c6a0beeb63f8d29e61d0fac1d98aefdab06623480553c79af1f09ec	raw	
nist-epub-0008	epub	2	full	5514431e60974776b52b1bef5d1af74e84a9d7f5eb8e7c1913bd2a819c766003	edd915c89bee8dfc498a74d0fa38b14ddb8a57736b9e5ddd20d6959d2a707d50	raw	
nist-epub-0008	epub	2	full	c6b124e52055107956e2eb94fd4d9858146410d4286d92cfe3173640cde5b47d	a073892b9c6a0beeb63f8d29e61d0fac1d98aefdab06623480553c79af1f09ec	raw	
nist-epub-0008	epub	2	full	48df23a00b4a8a2fa5f44b8b2feb5273d6acb42b34380857acdb06159b573811	8dce013f8e9966ef6a680f8484a52c27a5d16dee58ce9ae1d431ae8f02ed940f	raw	
nist-epub-0008	epub	2	full	e99bd3734c27faf1b45afaa8ceb850e3b6f505a149f4411872abacf22c8ced0c	1bcc50a18f90159c2d110ba6bff6c3460c0b1c3b4b4d7e102a2c7851bcc6e58e	raw	
nist-epub-0008	epub	2	full	32fd3c89403b21df618806ae6a80c73fa0fa3f64b8a64812da0df7a1fc4bcb9c	b4fcdb3b823eb304bf618fd75ca973f7aed730e031bba5f918a02f1187550d99	shape	
nist-epub-0008	epub	2	full	32fd3c89403b21df618806ae6a80c73fa0fa3f64b8a64812da0df7a1fc4bcb9c	b4fcdb3b823eb304bf618fd75ca973f7aed730e031bba5f918a02f1187550d99	shape	
nist-epub-0008	epub	2	full	5514431e60974776b52b1bef5d1af74e84a9d7f5eb8e7c1913bd2a819c766003	edd915c89bee8dfc498a74d0fa38b14ddb8a57736b9e5ddd20d6959d2a707d50	raw	
nist-epub-0008	epub	2	full	7bc8d54b4e258556876ae8c709f318af3d3bfae724331b5a04d395dfbd704d8f	fd72680e9e36b061818ac337172e63ae9de9b3d8c70e1630e8aa968a4c469d7a	shape	
nist-epub-0008	epub	2	full	5514431e60974776b52b1bef5d1af74e84a9d7f5eb8e7c1913bd2a819c766003	edd915c89bee8dfc498a74d0fa38b14ddb8a57736b9e5ddd20d6959d2a707d50	raw	
nist-epub-0008	epub	2	full	5514431e60974776b52b1bef5d1af74e84a9d7f5eb8e7c1913bd2a819c766003	edd915c89bee8dfc498a74d0fa38b14ddb8a57736b9e5ddd20d6959d2a707d50	raw	
nist-epub-0008	epub	2	full	48df23a00b4a8a2fa5f44b8b2feb5273d6acb42b34380857acdb06159b573811	8dce013f8e9966ef6a680f8484a52c27a5d16dee58ce9ae1d431ae8f02ed940f	raw	
nist-epub-0008	epub	2	full	c6b124e52055107956e2eb94fd4d9858146410d4286d92cfe3173640cde5b47d	a073892b9c6a0beeb63f8d29e61d0fac1d98aefdab06623480553c79af1f09ec	raw	
nist-epub-0008	epub	2	full	5514431e60974776b52b1bef5d1af74e84a9d7f5eb8e7c1913bd2a819c766003	edd915c89bee8dfc498a74d0fa38b14ddb8a57736b9e5ddd20d6959d2a707d50	raw	
nist-epub-0008	epub	2	full	d6d33dcc1a65b0d456c2aaac0a841e22db522bd5d4d6ab172d2e7292a47a6947	c457f0731d148c446685bd2a116e1462ec57ccafe550be2a36827daa62075c1c	shape	
nist-epub-0008	epub	2	full	e99bd3734c27faf1b45afaa8ceb850e3b6f505a149f4411872abacf22c8ced0c	1bcc50a18f90159c2d110ba6bff6c3460c0b1c3b4b4d7e102a2c7851bcc6e58e	raw	
nist-epub-0008	epub	2	full	e99bd3734c27faf1b45afaa8ceb850e3b6f505a149f4411872abacf22c8ced0c	1bcc50a18f90159c2d110ba6bff6c3460c0b1c3b4b4d7e102a2c7851bcc6e58e	raw	
nist-epub-0008	epub	2	full	7a17f7ffd0fb6d89405472ffef5fa3ee1fd6c47f3b26d1314e8a188904f11950	a8469114425ac3850babc9db4cd73c5341bcc645b6215343526efa7585368618	raw	
nist-epub-0008	epub	2	full	d6d33dcc1a65b0d456c2aaac0a841e22db522bd5d4d6ab172d2e7292a47a6947	c457f0731d148c446685bd2a116e1462ec57ccafe550be2a36827daa62075c1c	shape	
nist-epub-0008	epub	2	full	32fd3c89403b21df618806ae6a80c73fa0fa3f64b8a64812da0df7a1fc4bcb9c	b4fcdb3b823eb304bf618fd75ca973f7aed730e031bba5f918a02f1187550d99	shape	
nist-epub-0008	epub	2	full	7a17f7ffd0fb6d89405472ffef5fa3ee1fd6c47f3b26d1314e8a188904f11950	a8469114425ac3850babc9db4cd73c5341bcc645b6215343526efa7585368618	raw	
nist-epub-0008	epub	2	full	e99bd3734c27faf1b45afaa8ceb850e3b6f505a149f4411872abacf22c8ced0c	1bcc50a18f90159c2d110ba6bff6c3460c0b1c3b4b4d7e102a2c7851bcc6e58e	raw	
nist-epub-0008	epub	2	full	7a17f7ffd0fb6d89405472ffef5fa3ee1fd6c47f3b26d1314e8a188904f11950	a8469114425ac3850babc9db4cd73c5341bcc645b6215343526efa7585368618	raw	
nist-epub-0008	epub	3	full	5514431e60974776b52b1bef5d1af74e84a9d7f5eb8e7c1913bd2a819c766003	edd915c89bee8dfc498a74d0fa38b14ddb8a57736b9e5ddd20d6959d2a707d50	raw	
nist-epub-0008	epub	3	full	c6b124e52055107956e2eb94fd4d9858146410d4286d92cfe3173640cde5b47d	a073892b9c6a0beeb63f8d29e61d0fac1d98aefdab06623480553c79af1f09ec	raw	
nist-epub-0008	epub	3	full	5514431e60974776b52b1bef5d1af74e84a9d7f5eb8e7c1913bd2a819c766003	edd915c89bee8dfc498a74d0fa38b14ddb8a57736b9e5ddd20d6959d2a707d50	raw	
nist-epub-0008	epub	3	full	c6b124e52055107956e2eb94fd4d9858146410d4286d92cfe3173640cde5b47d	a073892b9c6a0beeb63f8d29e61d0fac1d98aefdab06623480553c79af1f09ec	raw	
nist-epub-0008	epub	3	full	48df23a00b4a8a2fa5f44b8b2feb5273d6acb42b34380857acdb06159b573811	8dce013f8e9966ef6a680f8484a52c27a5d16dee58ce9ae1d431ae8f02ed940f	raw	
nist-epub-0008	epub	3	full	e99bd3734c27faf1b45afaa8ceb850e3b6f505a149f4411872abacf22c8ced0c	1bcc50a18f90159c2d110ba6bff6c3460c0b1c3b4b4d7e102a2c7851bcc6e58e	raw	
nist-epub-0008	epub	3	full	32fd3c89403b21df618806ae6a80c73fa0fa3f64b8a64812da0df7a1fc4bcb9c	b4fcdb3b823eb304bf618fd75ca973f7aed730e031bba5f918a02f1187550d99	shape	
nist-epub-0008	epub	3	full	32fd3c89403b21df618806ae6a80c73fa0fa3f64b8a64812da0df7a1fc4bcb9c	b4fcdb3b823eb304bf618fd75ca973f7aed730e031bba5f918a02f1187550d99	shape	
nist-epub-0008	epub	3	full	5514431e60974776b52b1bef5d1af74e84a9d7f5eb8e7c1913bd2a819c766003	edd915c89bee8dfc498a74d0fa38b14ddb8a57736b9e5ddd20d6959d2a707d50	raw	
nist-epub-0008	epub	3	full	7bc8d54b4e258556876ae8c709f318af3d3bfae724331b5a04d395dfbd704d8f	fd72680e9e36b061818ac337172e63ae9de9b3d8c70e1630e8aa968a4c469d7a	shape	
nist-epub-0008	epub	3	full	5514431e60974776b52b1bef5d1af74e84a9d7f5eb8e7c1913bd2a819c766003	edd915c89bee8dfc498a74d0fa38b14ddb8a57736b9e5ddd20d6959d2a707d50	raw	
nist-epub-0008	epub	3	full	5514431e60974776b52b1bef5d1af74e84a9d7f5eb8e7c1913bd2a819c766003	edd915c89bee8dfc498a74d0fa38b14ddb8a57736b9e5ddd20d6959d2a707d50	raw	
nist-epub-0008	epub	3	full	48df23a00b4a8a2fa5f44b8b2feb5273d6acb42b34380857acdb06159b573811	8dce013f8e9966ef6a680f8484a52c27a5d16dee58ce9ae1d431ae8f02ed940f	raw	
nist-epub-0008	epub	3	full	c6b124e52055107956e2eb94fd4d9858146410d4286d92cfe3173640cde5b47d	a073892b9c6a0beeb63f8d29e61d0fac1d98aefdab06623480553c79af1f09ec	raw	
nist-epub-0008	epub	3	full	5514431e60974776b52b1bef5d1af74e84a9d7f5eb8e7c1913bd2a819c766003	edd915c89bee8dfc498a74d0fa38b14ddb8a57736b9e5ddd20d6959d2a707d50	raw	
nist-epub-0008	epub	3	full	d6d33dcc1a65b0d456c2aaac0a841e22db522bd5d4d6ab172d2e7292a47a6947	c457f0731d148c446685bd2a116e1462ec57ccafe550be2a36827daa62075c1c	shape	
nist-epub-0008	epub	3	full	e99bd3734c27faf1b45afaa8ceb850e3b6f505a149f4411872abacf22c8ced0c	1bcc50a18f90159c2d110ba6bff6c3460c0b1c3b4b4d7e102a2c7851bcc6e58e	raw	
nist-epub-0008	epub	3	full	e99bd3734c27faf1b45afaa8ceb850e3b6f505a149f4411872abacf22c8ced0c	1bcc50a18f90159c2d110ba6bff6c3460c0b1c3b4b4d7e102a2c7851bcc6e58e	raw	
nist-epub-0008	epub	3	full	7a17f7ffd0fb6d89405472ffef5fa3ee1fd6c47f3b26d1314e8a188904f11950	a8469114425ac3850babc9db4cd73c5341bcc645b6215343526efa7585368618	raw	
nist-epub-0008	epub	3	full	d6d33dcc1a65b0d456c2aaac0a841e22db522bd5d4d6ab172d2e7292a47a6947	c457f0731d148c446685bd2a116e1462ec57ccafe550be2a36827daa62075c1c	shape	
nist-epub-0008	epub	3	full	32fd3c89403b21df618806ae6a80c73fa0fa3f64b8a64812da0df7a1fc4bcb9c	b4fcdb3b823eb304bf618fd75ca973f7aed730e031bba5f918a02f1187550d99	shape	
nist-epub-0008	epub	3	full	7a17f7ffd0fb6d89405472ffef5fa3ee1fd6c47f3b26d1314e8a188904f11950	a8469114425ac3850babc9db4cd73c5341bcc645b6215343526efa7585368618	raw	
nist-epub-0008	epub	3	full	e99bd3734c27faf1b45afaa8ceb850e3b6f505a149f4411872abacf22c8ced0c	1bcc50a18f90159c2d110ba6bff6c3460c0b1c3b4b4d7e102a2c7851bcc6e58e	raw	
nist-epub-0008	epub	3	full	7a17f7ffd0fb6d89405472ffef5fa3ee1fd6c47f3b26d1314e8a188904f11950	a8469114425ac3850babc9db4cd73c5341bcc645b6215343526efa7585368618	raw	
nist-epub-0008	epub	4	full	5514431e60974776b52b1bef5d1af74e84a9d7f5eb8e7c1913bd2a819c766003	222367b02f01cef7263d93c163140dfa827c84af8073afeab820a1e759663cc9	raw	
nist-epub-0008	epub	4	full	c6b124e52055107956e2eb94fd4d9858146410d4286d92cfe3173640cde5b47d	351c89054fb8902a9c4ec65c8cecce2e1ad7bec5efcfec41d491f1347de29be9	raw	
nist-epub-0008	epub	4	full	5514431e60974776b52b1bef5d1af74e84a9d7f5eb8e7c1913bd2a819c766003	222367b02f01cef7263d93c163140dfa827c84af8073afeab820a1e759663cc9	raw	
nist-epub-0008	epub	4	full	c6b124e52055107956e2eb94fd4d9858146410d4286d92cfe3173640cde5b47d	351c89054fb8902a9c4ec65c8cecce2e1ad7bec5efcfec41d491f1347de29be9	raw	
nist-epub-0008	epub	4	full	48df23a00b4a8a2fa5f44b8b2feb5273d6acb42b34380857acdb06159b573811	2d385f2dd8e6b3713c1f4ce7fdbf8545405671bc5557f4ca587c5e40062be99e	raw	
nist-epub-0008	epub	4	full	e99bd3734c27faf1b45afaa8ceb850e3b6f505a149f4411872abacf22c8ced0c	b6489e38c715e6333ae4133aa5ce56f60a80579d1951ea82b8fe1e5a90cfb75c	raw	
nist-epub-0008	epub	4	full	32fd3c89403b21df618806ae6a80c73fa0fa3f64b8a64812da0df7a1fc4bcb9c	c7e37f3aa3403f7b2e4b5e617137b661844e926164cef10ee89c581377b6bbe2	shape	
nist-epub-0008	epub	4	full	32fd3c89403b21df618806ae6a80c73fa0fa3f64b8a64812da0df7a1fc4bcb9c	c7e37f3aa3403f7b2e4b5e617137b661844e926164cef10ee89c581377b6bbe2	shape	
nist-epub-0008	epub	4	full	5514431e60974776b52b1bef5d1af74e84a9d7f5eb8e7c1913bd2a819c766003	222367b02f01cef7263d93c163140dfa827c84af8073afeab820a1e759663cc9	raw	
nist-epub-0008	epub	4	full	7bc8d54b4e258556876ae8c709f318af3d3bfae724331b5a04d395dfbd704d8f	ba18ee4220f797e8c2831b249fd56a3584976d87ab85ac6b92a950c670bddad1	shape	
nist-epub-0008	epub	4	full	5514431e60974776b52b1bef5d1af74e84a9d7f5eb8e7c1913bd2a819c766003	222367b02f01cef7263d93c163140dfa827c84af8073afeab820a1e759663cc9	raw	
nist-epub-0008	epub	4	full	5514431e60974776b52b1bef5d1af74e84a9d7f5eb8e7c1913bd2a819c766003	222367b02f01cef7263d93c163140dfa827c84af8073afeab820a1e759663cc9	raw	
nist-epub-0008	epub	4	full	48df23a00b4a8a2fa5f44b8b2feb5273d6acb42b34380857acdb06159b573811	2d385f2dd8e6b3713c1f4ce7fdbf8545405671bc5557f4ca587c5e40062be99e	raw	
nist-epub-0008	epub	4	full	c6b124e52055107956e2eb94fd4d9858146410d4286d92cfe3173640cde5b47d	351c89054fb8902a9c4ec65c8cecce2e1ad7bec5efcfec41d491f1347de29be9	raw	
nist-epub-0008	epub	4	full	5514431e60974776b52b1bef5d1af74e84a9d7f5eb8e7c1913bd2a819c766003	222367b02f01cef7263d93c163140dfa827c84af8073afeab820a1e759663cc9	raw	
nist-epub-0008	epub	4	full	d6d33dcc1a65b0d456c2aaac0a841e22db522bd5d4d6ab172d2e7292a47a6947	f03a5d9fc648a8562dd0c28bd845fd679b4714fbdaedab596b0d7b53b0037f24	capability	
nist-epub-0008	epub	4	full	e99bd3734c27faf1b45afaa8ceb850e3b6f505a149f4411872abacf22c8ced0c	b6489e38c715e6333ae4133aa5ce56f60a80579d1951ea82b8fe1e5a90cfb75c	raw	
nist-epub-0008	epub	4	full	e99bd3734c27faf1b45afaa8ceb850e3b6f505a149f4411872abacf22c8ced0c	b6489e38c715e6333ae4133aa5ce56f60a80579d1951ea82b8fe1e5a90cfb75c	raw	
nist-epub-0008	epub	4	full	7a17f7ffd0fb6d89405472ffef5fa3ee1fd6c47f3b26d1314e8a188904f11950	e3a49115c06132ab98a8532d631f1daede43d7750b8301ef4eb8c57b9a3dc873	raw	
nist-epub-0008	epub	4	full	d6d33dcc1a65b0d456c2aaac0a841e22db522bd5d4d6ab172d2e7292a47a6947	f03a5d9fc648a8562dd0c28bd845fd679b4714fbdaedab596b0d7b53b0037f24	capability	
nist-epub-0008	epub	4	full	32fd3c89403b21df618806ae6a80c73fa0fa3f64b8a64812da0df7a1fc4bcb9c	c7e37f3aa3403f7b2e4b5e617137b661844e926164cef10ee89c581377b6bbe2	shape	
nist-epub-0008	epub	4	full	7a17f7ffd0fb6d89405472ffef5fa3ee1fd6c47f3b26d1314e8a188904f11950	e3a49115c06132ab98a8532d631f1daede43d7750b8301ef4eb8c57b9a3dc873	raw	
nist-epub-0008	epub	4	full	e99bd3734c27faf1b45afaa8ceb850e3b6f505a149f4411872abacf22c8ced0c	b6489e38c715e6333ae4133aa5ce56f60a80579d1951ea82b8fe1e5a90cfb75c	raw	
nist-epub-0008	epub	4	full	7a17f7ffd0fb6d89405472ffef5fa3ee1fd6c47f3b26d1314e8a188904f11950	e3a49115c06132ab98a8532d631f1daede43d7750b8301ef4eb8c57b9a3dc873	raw	
nist-epub-0008	epub	5	full	5514431e60974776b52b1bef5d1af74e84a9d7f5eb8e7c1913bd2a819c766003	222367b02f01cef7263d93c163140dfa827c84af8073afeab820a1e759663cc9	raw	
nist-epub-0008	epub	5	full	c6b124e52055107956e2eb94fd4d9858146410d4286d92cfe3173640cde5b47d	351c89054fb8902a9c4ec65c8cecce2e1ad7bec5efcfec41d491f1347de29be9	raw	
nist-epub-0008	epub	5	full	5514431e60974776b52b1bef5d1af74e84a9d7f5eb8e7c1913bd2a819c766003	222367b02f01cef7263d93c163140dfa827c84af8073afeab820a1e759663cc9	raw	
nist-epub-0008	epub	5	full	c6b124e52055107956e2eb94fd4d9858146410d4286d92cfe3173640cde5b47d	351c89054fb8902a9c4ec65c8cecce2e1ad7bec5efcfec41d491f1347de29be9	raw	
nist-epub-0008	epub	5	full	48df23a00b4a8a2fa5f44b8b2feb5273d6acb42b34380857acdb06159b573811	2d385f2dd8e6b3713c1f4ce7fdbf8545405671bc5557f4ca587c5e40062be99e	raw	
nist-epub-0008	epub	5	full	e99bd3734c27faf1b45afaa8ceb850e3b6f505a149f4411872abacf22c8ced0c	b6489e38c715e6333ae4133aa5ce56f60a80579d1951ea82b8fe1e5a90cfb75c	raw	
nist-epub-0008	epub	5	full	32fd3c89403b21df618806ae6a80c73fa0fa3f64b8a64812da0df7a1fc4bcb9c	c7e37f3aa3403f7b2e4b5e617137b661844e926164cef10ee89c581377b6bbe2	shape	
nist-epub-0008	epub	5	full	32fd3c89403b21df618806ae6a80c73fa0fa3f64b8a64812da0df7a1fc4bcb9c	c7e37f3aa3403f7b2e4b5e617137b661844e926164cef10ee89c581377b6bbe2	shape	
nist-epub-0008	epub	5	full	5514431e60974776b52b1bef5d1af74e84a9d7f5eb8e7c1913bd2a819c766003	222367b02f01cef7263d93c163140dfa827c84af8073afeab820a1e759663cc9	raw	
nist-epub-0008	epub	5	full	7bc8d54b4e258556876ae8c709f318af3d3bfae724331b5a04d395dfbd704d8f	ba18ee4220f797e8c2831b249fd56a3584976d87ab85ac6b92a950c670bddad1	shape	
nist-epub-0008	epub	5	full	5514431e60974776b52b1bef5d1af74e84a9d7f5eb8e7c1913bd2a819c766003	222367b02f01cef7263d93c163140dfa827c84af8073afeab820a1e759663cc9	raw	
nist-epub-0008	epub	5	full	5514431e60974776b52b1bef5d1af74e84a9d7f5eb8e7c1913bd2a819c766003	222367b02f01cef7263d93c163140dfa827c84af8073afeab820a1e759663cc9	raw	
nist-epub-0008	epub	5	full	48df23a00b4a8a2fa5f44b8b2feb5273d6acb42b34380857acdb06159b573811	2d385f2dd8e6b3713c1f4ce7fdbf8545405671bc5557f4ca587c5e40062be99e	raw	
nist-epub-0008	epub	5	full	c6b124e52055107956e2eb94fd4d9858146410d4286d92cfe3173640cde5b47d	351c89054fb8902a9c4ec65c8cecce2e1ad7bec5efcfec41d491f1347de29be9	raw	
nist-epub-0008	epub	5	full	5514431e60974776b52b1bef5d1af74e84a9d7f5eb8e7c1913bd2a819c766003	222367b02f01cef7263d93c163140dfa827c84af8073afeab820a1e759663cc9	raw	
nist-epub-0008	epub	5	full	d6d33dcc1a65b0d456c2aaac0a841e22db522bd5d4d6ab172d2e7292a47a6947	f03a5d9fc648a8562dd0c28bd845fd679b4714fbdaedab596b0d7b53b0037f24	capability	
nist-epub-0008	epub	5	full	e99bd3734c27faf1b45afaa8ceb850e3b6f505a149f4411872abacf22c8ced0c	b6489e38c715e6333ae4133aa5ce56f60a80579d1951ea82b8fe1e5a90cfb75c	raw	
nist-epub-0008	epub	5	full	e99bd3734c27faf1b45afaa8ceb850e3b6f505a149f4411872abacf22c8ced0c	b6489e38c715e6333ae4133aa5ce56f60a80579d1951ea82b8fe1e5a90cfb75c	raw	
nist-epub-0008	epub	5	full	7a17f7ffd0fb6d89405472ffef5fa3ee1fd6c47f3b26d1314e8a188904f11950	e3a49115c06132ab98a8532d631f1daede43d7750b8301ef4eb8c57b9a3dc873	raw	
nist-epub-0008	epub	5	full	d6d33dcc1a65b0d456c2aaac0a841e22db522bd5d4d6ab172d2e7292a47a6947	f03a5d9fc648a8562dd0c28bd845fd679b4714fbdaedab596b0d7b53b0037f24	capability	
nist-epub-0008	epub	5	full	32fd3c89403b21df618806ae6a80c73fa0fa3f64b8a64812da0df7a1fc4bcb9c	c7e37f3aa3403f7b2e4b5e617137b661844e926164cef10ee89c581377b6bbe2	shape	
nist-epub-0008	epub	5	full	7a17f7ffd0fb6d89405472ffef5fa3ee1fd6c47f3b26d1314e8a188904f11950	e3a49115c06132ab98a8532d631f1daede43d7750b8301ef4eb8c57b9a3dc873	raw	
nist-epub-0008	epub	5	full	e99bd3734c27faf1b45afaa8ceb850e3b6f505a149f4411872abacf22c8ced0c	b6489e38c715e6333ae4133aa5ce56f60a80579d1951ea82b8fe1e5a90cfb75c	raw	
nist-epub-0008	epub	5	full	7a17f7ffd0fb6d89405472ffef5fa3ee1fd6c47f3b26d1314e8a188904f11950	e3a49115c06132ab98a8532d631f1daede43d7750b8301ef4eb8c57b9a3dc873	raw	
nist-epub-0009	epub	0	full	d6d33dcc1a65b0d456c2aaac0a841e22db522bd5d4d6ab172d2e7292a47a6947	6e07f584ff340387334ce6b277a418e6e5c62abf44261ab8bded809abf1eae4f	shape	
nist-epub-0009	epub	0	full	872086da64a7c8b4549528679c0351cff4166a4ad7e0f96d067b150494e95efb	20c8001f54443762f16728e83139ffe947a15a7abd22947acc4c445720841f09	shape	
nist-epub-0009	epub	0	full	7e31cbf677923b8f3d0c90cb442c2baf6fc7aa17f86724991f636ac1e82640f8	e6d513eba2cacaa717cd22bb0b9ced29bc6d6ec81558939048d6862e2e55f212	raw	
nist-epub-0009	epub	0	full	1616fda493863677f1f9dee7056b0cb8e7080ff404d8dce2ae8f06eae5fccb05	d505f375ac4f9331ec55fa7130daaa25c52a981704d118276c2c2f3113101509	raw	
nist-epub-0009	epub	0	full	7a82c3634ad6049bbedc4708be6d60aa246d420c9ce84573feb8451845ad33a1	9ddfcbbbffbf7472830edc4733852fc8710f6f4b1285498e475178d9a1618f88	raw	
nist-epub-0009	epub	0	full	d6d33dcc1a65b0d456c2aaac0a841e22db522bd5d4d6ab172d2e7292a47a6947	6e07f584ff340387334ce6b277a418e6e5c62abf44261ab8bded809abf1eae4f	shape	
nist-epub-0009	epub	0	full	70714d63ab71a017eec4ada2d17776871211c18c8ba853cfbfe8c54f07bc6fbb	82d464de29ba7daa8b94284fd5a690baf7b64d342661080b95c7f3a25a2980a9	projected	
nist-epub-0009	epub	0	full	7e31cbf677923b8f3d0c90cb442c2baf6fc7aa17f86724991f636ac1e82640f8	e6d513eba2cacaa717cd22bb0b9ced29bc6d6ec81558939048d6862e2e55f212	raw	
nist-epub-0009	epub	0	full	7a82c3634ad6049bbedc4708be6d60aa246d420c9ce84573feb8451845ad33a1	9ddfcbbbffbf7472830edc4733852fc8710f6f4b1285498e475178d9a1618f88	raw	
nist-epub-0009	epub	0	full	872086da64a7c8b4549528679c0351cff4166a4ad7e0f96d067b150494e95efb	20c8001f54443762f16728e83139ffe947a15a7abd22947acc4c445720841f09	shape	
nist-epub-0009	epub	0	full	7e31cbf677923b8f3d0c90cb442c2baf6fc7aa17f86724991f636ac1e82640f8	e6d513eba2cacaa717cd22bb0b9ced29bc6d6ec81558939048d6862e2e55f212	raw	
nist-epub-0009	epub	0	full	0c09942971e37d871d73959b48ee1d4669477094a42766ed7f9ad88da013576e	f350da92e41e91e9738c81bfc2583b399c05405298d42bf9e157c62e2f9abb51	raw	
nist-epub-0009	epub	0	full	872086da64a7c8b4549528679c0351cff4166a4ad7e0f96d067b150494e95efb	20c8001f54443762f16728e83139ffe947a15a7abd22947acc4c445720841f09	shape	
nist-epub-0009	epub	0	full	d6d33dcc1a65b0d456c2aaac0a841e22db522bd5d4d6ab172d2e7292a47a6947	6e07f584ff340387334ce6b277a418e6e5c62abf44261ab8bded809abf1eae4f	shape	
nist-epub-0009	epub	0	full	7a82c3634ad6049bbedc4708be6d60aa246d420c9ce84573feb8451845ad33a1	9ddfcbbbffbf7472830edc4733852fc8710f6f4b1285498e475178d9a1618f88	raw	
nist-epub-0009	epub	0	full	1616fda493863677f1f9dee7056b0cb8e7080ff404d8dce2ae8f06eae5fccb05	d505f375ac4f9331ec55fa7130daaa25c52a981704d118276c2c2f3113101509	raw	
nist-epub-0009	epub	0	full	7e31cbf677923b8f3d0c90cb442c2baf6fc7aa17f86724991f636ac1e82640f8	e6d513eba2cacaa717cd22bb0b9ced29bc6d6ec81558939048d6862e2e55f212	raw	
nist-epub-0009	epub	0	full	1616fda493863677f1f9dee7056b0cb8e7080ff404d8dce2ae8f06eae5fccb05	d505f375ac4f9331ec55fa7130daaa25c52a981704d118276c2c2f3113101509	raw	
nist-epub-0009	epub	0	full	872086da64a7c8b4549528679c0351cff4166a4ad7e0f96d067b150494e95efb	20c8001f54443762f16728e83139ffe947a15a7abd22947acc4c445720841f09	shape	
nist-epub-0009	epub	0	full	bb4889b0c5d96da520fcdfa88756e7c0ed9c1b291bddc8c5e5bf61d346268680	e5a98897fb7549a2815865f4c09349d7e4ce84271880c39d98459a9aeb9e689d	shape	
nist-epub-0009	epub	0	full	7a82c3634ad6049bbedc4708be6d60aa246d420c9ce84573feb8451845ad33a1	9ddfcbbbffbf7472830edc4733852fc8710f6f4b1285498e475178d9a1618f88	raw	
nist-epub-0009	epub	0	full	d6d33dcc1a65b0d456c2aaac0a841e22db522bd5d4d6ab172d2e7292a47a6947	6e07f584ff340387334ce6b277a418e6e5c62abf44261ab8bded809abf1eae4f	shape	
nist-epub-0009	epub	0	full	d6d33dcc1a65b0d456c2aaac0a841e22db522bd5d4d6ab172d2e7292a47a6947	6e07f584ff340387334ce6b277a418e6e5c62abf44261ab8bded809abf1eae4f	shape	
nist-epub-0009	epub	0	full	872086da64a7c8b4549528679c0351cff4166a4ad7e0f96d067b150494e95efb	20c8001f54443762f16728e83139ffe947a15a7abd22947acc4c445720841f09	shape	
nist-epub-0009	epub	1	full	d6d33dcc1a65b0d456c2aaac0a841e22db522bd5d4d6ab172d2e7292a47a6947	6e07f584ff340387334ce6b277a418e6e5c62abf44261ab8bded809abf1eae4f	shape	
nist-epub-0009	epub	1	full	872086da64a7c8b4549528679c0351cff4166a4ad7e0f96d067b150494e95efb	1509a2fb6eb83e2a03a9522dab01938f49c57dc01add98280be64920bc665e7c	shape	
nist-epub-0009	epub	1	full	7e31cbf677923b8f3d0c90cb442c2baf6fc7aa17f86724991f636ac1e82640f8	9c68bddddb9bfbfea192697a88cc303477544fcf4bf98b7a02499fc710f94d81	raw	
nist-epub-0009	epub	1	full	1616fda493863677f1f9dee7056b0cb8e7080ff404d8dce2ae8f06eae5fccb05	ef3ed73b3d5e2c2d8f09dde2efa08e7d0315b438c70e6150099371d637b3dc2a	raw	
nist-epub-0009	epub	1	full	7a82c3634ad6049bbedc4708be6d60aa246d420c9ce84573feb8451845ad33a1	8f9b3340d728bb267ba18e3bd73b13c615b8689df26aee71a1dea31a893b67a6	raw	
nist-epub-0009	epub	1	full	d6d33dcc1a65b0d456c2aaac0a841e22db522bd5d4d6ab172d2e7292a47a6947	6e07f584ff340387334ce6b277a418e6e5c62abf44261ab8bded809abf1eae4f	shape	
nist-epub-0009	epub	1	full	70714d63ab71a017eec4ada2d17776871211c18c8ba853cfbfe8c54f07bc6fbb	9f8ea9ab5e12aa4caff863a1ac1d1da36ec56702da07388c1647842d29641e83	projected	
nist-epub-0009	epub	1	full	7e31cbf677923b8f3d0c90cb442c2baf6fc7aa17f86724991f636ac1e82640f8	9c68bddddb9bfbfea192697a88cc303477544fcf4bf98b7a02499fc710f94d81	raw	
nist-epub-0009	epub	1	full	7a82c3634ad6049bbedc4708be6d60aa246d420c9ce84573feb8451845ad33a1	8f9b3340d728bb267ba18e3bd73b13c615b8689df26aee71a1dea31a893b67a6	raw	
nist-epub-0009	epub	1	full	872086da64a7c8b4549528679c0351cff4166a4ad7e0f96d067b150494e95efb	1509a2fb6eb83e2a03a9522dab01938f49c57dc01add98280be64920bc665e7c	shape	
nist-epub-0009	epub	1	full	7e31cbf677923b8f3d0c90cb442c2baf6fc7aa17f86724991f636ac1e82640f8	9c68bddddb9bfbfea192697a88cc303477544fcf4bf98b7a02499fc710f94d81	raw	
nist-epub-0009	epub	1	full	0c09942971e37d871d73959b48ee1d4669477094a42766ed7f9ad88da013576e	6f412c0e088a6e5167773a801ed7d212bd7200f1bb5462e7ea40677b8857516c	raw	
nist-epub-0009	epub	1	full	872086da64a7c8b4549528679c0351cff4166a4ad7e0f96d067b150494e95efb	1509a2fb6eb83e2a03a9522dab01938f49c57dc01add98280be64920bc665e7c	shape	
nist-epub-0009	epub	1	full	d6d33dcc1a65b0d456c2aaac0a841e22db522bd5d4d6ab172d2e7292a47a6947	6e07f584ff340387334ce6b277a418e6e5c62abf44261ab8bded809abf1eae4f	shape	
nist-epub-0009	epub	1	full	7a82c3634ad6049bbedc4708be6d60aa246d420c9ce84573feb8451845ad33a1	8f9b3340d728bb267ba18e3bd73b13c615b8689df26aee71a1dea31a893b67a6	raw	
nist-epub-0009	epub	1	full	1616fda493863677f1f9dee7056b0cb8e7080ff404d8dce2ae8f06eae5fccb05	ef3ed73b3d5e2c2d8f09dde2efa08e7d0315b438c70e6150099371d637b3dc2a	raw	
nist-epub-0009	epub	1	full	7e31cbf677923b8f3d0c90cb442c2baf6fc7aa17f86724991f636ac1e82640f8	9c68bddddb9bfbfea192697a88cc303477544fcf4bf98b7a02499fc710f94d81	raw	
nist-epub-0009	epub	1	full	1616fda493863677f1f9dee7056b0cb8e7080ff404d8dce2ae8f06eae5fccb05	ef3ed73b3d5e2c2d8f09dde2efa08e7d0315b438c70e6150099371d637b3dc2a	raw	
nist-epub-0009	epub	1	full	872086da64a7c8b4549528679c0351cff4166a4ad7e0f96d067b150494e95efb	1509a2fb6eb83e2a03a9522dab01938f49c57dc01add98280be64920bc665e7c	shape	
nist-epub-0009	epub	1	full	bb4889b0c5d96da520fcdfa88756e7c0ed9c1b291bddc8c5e5bf61d346268680	5d1528646f158d11a5dbbf3ca651a787382e8c32e88ade091fba3a0cb6655402	shape	
nist-epub-0009	epub	1	full	7a82c3634ad6049bbedc4708be6d60aa246d420c9ce84573feb8451845ad33a1	8f9b3340d728bb267ba18e3bd73b13c615b8689df26aee71a1dea31a893b67a6	raw	
nist-epub-0009	epub	1	full	d6d33dcc1a65b0d456c2aaac0a841e22db522bd5d4d6ab172d2e7292a47a6947	6e07f584ff340387334ce6b277a418e6e5c62abf44261ab8bded809abf1eae4f	shape	
nist-epub-0009	epub	1	full	d6d33dcc1a65b0d456c2aaac0a841e22db522bd5d4d6ab172d2e7292a47a6947	6e07f584ff340387334ce6b277a418e6e5c62abf44261ab8bded809abf1eae4f	shape	
nist-epub-0009	epub	1	full	872086da64a7c8b4549528679c0351cff4166a4ad7e0f96d067b150494e95efb	1509a2fb6eb83e2a03a9522dab01938f49c57dc01add98280be64920bc665e7c	shape	
nist-epub-0009	epub	2	full	d6d33dcc1a65b0d456c2aaac0a841e22db522bd5d4d6ab172d2e7292a47a6947	6e07f584ff340387334ce6b277a418e6e5c62abf44261ab8bded809abf1eae4f	shape	
nist-epub-0009	epub	2	full	872086da64a7c8b4549528679c0351cff4166a4ad7e0f96d067b150494e95efb	1509a2fb6eb83e2a03a9522dab01938f49c57dc01add98280be64920bc665e7c	shape	
nist-epub-0009	epub	2	full	7e31cbf677923b8f3d0c90cb442c2baf6fc7aa17f86724991f636ac1e82640f8	dc0c1b5153814ef4ea80dcc554b8e129193e96ab2ed46fba95b6cb95e18179e7	raw	
nist-epub-0009	epub	2	full	1616fda493863677f1f9dee7056b0cb8e7080ff404d8dce2ae8f06eae5fccb05	522d64902049ca7c81ab3e349bd5165534b9767b5f0f48d991f42ec40fd6815b	raw	
nist-epub-0009	epub	2	full	7a82c3634ad6049bbedc4708be6d60aa246d420c9ce84573feb8451845ad33a1	ab5aa235d4d7e7388958f94ff67ca19ba6c2849322d1ba94513ee68431ce4c09	raw	
nist-epub-0009	epub	2	full	d6d33dcc1a65b0d456c2aaac0a841e22db522bd5d4d6ab172d2e7292a47a6947	6e07f584ff340387334ce6b277a418e6e5c62abf44261ab8bded809abf1eae4f	shape	
nist-epub-0009	epub	2	full	70714d63ab71a017eec4ada2d17776871211c18c8ba853cfbfe8c54f07bc6fbb	9f8ea9ab5e12aa4caff863a1ac1d1da36ec56702da07388c1647842d29641e83	projected	
nist-epub-0009	epub	2	full	7e31cbf677923b8f3d0c90cb442c2baf6fc7aa17f86724991f636ac1e82640f8	dc0c1b5153814ef4ea80dcc554b8e129193e96ab2ed46fba95b6cb95e18179e7	raw	
nist-epub-0009	epub	2	full	7a82c3634ad6049bbedc4708be6d60aa246d420c9ce84573feb8451845ad33a1	ab5aa235d4d7e7388958f94ff67ca19ba6c2849322d1ba94513ee68431ce4c09	raw	
nist-epub-0009	epub	2	full	872086da64a7c8b4549528679c0351cff4166a4ad7e0f96d067b150494e95efb	1509a2fb6eb83e2a03a9522dab01938f49c57dc01add98280be64920bc665e7c	shape	
nist-epub-0009	epub	2	full	7e31cbf677923b8f3d0c90cb442c2baf6fc7aa17f86724991f636ac1e82640f8	dc0c1b5153814ef4ea80dcc554b8e129193e96ab2ed46fba95b6cb95e18179e7	raw	
nist-epub-0009	epub	2	full	0c09942971e37d871d73959b48ee1d4669477094a42766ed7f9ad88da013576e	a9c074f6d5256a4655719b0fb0844871d2128a72d07b8fdb5ee5b7faf6aec3cb	raw	
nist-epub-0009	epub	2	full	872086da64a7c8b4549528679c0351cff4166a4ad7e0f96d067b150494e95efb	1509a2fb6eb83e2a03a9522dab01938f49c57dc01add98280be64920bc665e7c	shape	
nist-epub-0009	epub	2	full	d6d33dcc1a65b0d456c2aaac0a841e22db522bd5d4d6ab172d2e7292a47a6947	6e07f584ff340387334ce6b277a418e6e5c62abf44261ab8bded809abf1eae4f	shape	
nist-epub-0009	epub	2	full	7a82c3634ad6049bbedc4708be6d60aa246d420c9ce84573feb8451845ad33a1	ab5aa235d4d7e7388958f94ff67ca19ba6c2849322d1ba94513ee68431ce4c09	raw	
nist-epub-0009	epub	2	full	1616fda493863677f1f9dee7056b0cb8e7080ff404d8dce2ae8f06eae5fccb05	522d64902049ca7c81ab3e349bd5165534b9767b5f0f48d991f42ec40fd6815b	raw	
nist-epub-0009	epub	2	full	7e31cbf677923b8f3d0c90cb442c2baf6fc7aa17f86724991f636ac1e82640f8	dc0c1b5153814ef4ea80dcc554b8e129193e96ab2ed46fba95b6cb95e18179e7	raw	
nist-epub-0009	epub	2	full	1616fda493863677f1f9dee7056b0cb8e7080ff404d8dce2ae8f06eae5fccb05	522d64902049ca7c81ab3e349bd5165534b9767b5f0f48d991f42ec40fd6815b	raw	
nist-epub-0009	epub	2	full	872086da64a7c8b4549528679c0351cff4166a4ad7e0f96d067b150494e95efb	1509a2fb6eb83e2a03a9522dab01938f49c57dc01add98280be64920bc665e7c	shape	
nist-epub-0009	epub	2	full	bb4889b0c5d96da520fcdfa88756e7c0ed9c1b291bddc8c5e5bf61d346268680	5d1528646f158d11a5dbbf3ca651a787382e8c32e88ade091fba3a0cb6655402	shape	
nist-epub-0009	epub	2	full	7a82c3634ad6049bbedc4708be6d60aa246d420c9ce84573feb8451845ad33a1	ab5aa235d4d7e7388958f94ff67ca19ba6c2849322d1ba94513ee68431ce4c09	raw	
nist-epub-0009	epub	2	full	d6d33dcc1a65b0d456c2aaac0a841e22db522bd5d4d6ab172d2e7292a47a6947	6e07f584ff340387334ce6b277a418e6e5c62abf44261ab8bded809abf1eae4f	shape	
nist-epub-0009	epub	2	full	d6d33dcc1a65b0d456c2aaac0a841e22db522bd5d4d6ab172d2e7292a47a6947	6e07f584ff340387334ce6b277a418e6e5c62abf44261ab8bded809abf1eae4f	shape	
nist-epub-0009	epub	2	full	872086da64a7c8b4549528679c0351cff4166a4ad7e0f96d067b150494e95efb	1509a2fb6eb83e2a03a9522dab01938f49c57dc01add98280be64920bc665e7c	shape	
nist-epub-0009	epub	3	full	d6d33dcc1a65b0d456c2aaac0a841e22db522bd5d4d6ab172d2e7292a47a6947	6e07f584ff340387334ce6b277a418e6e5c62abf44261ab8bded809abf1eae4f	shape	
nist-epub-0009	epub	3	full	872086da64a7c8b4549528679c0351cff4166a4ad7e0f96d067b150494e95efb	1509a2fb6eb83e2a03a9522dab01938f49c57dc01add98280be64920bc665e7c	shape	
nist-epub-0009	epub	3	full	7e31cbf677923b8f3d0c90cb442c2baf6fc7aa17f86724991f636ac1e82640f8	dc0c1b5153814ef4ea80dcc554b8e129193e96ab2ed46fba95b6cb95e18179e7	raw	
nist-epub-0009	epub	3	full	1616fda493863677f1f9dee7056b0cb8e7080ff404d8dce2ae8f06eae5fccb05	522d64902049ca7c81ab3e349bd5165534b9767b5f0f48d991f42ec40fd6815b	raw	
nist-epub-0009	epub	3	full	7a82c3634ad6049bbedc4708be6d60aa246d420c9ce84573feb8451845ad33a1	ab5aa235d4d7e7388958f94ff67ca19ba6c2849322d1ba94513ee68431ce4c09	raw	
nist-epub-0009	epub	3	full	d6d33dcc1a65b0d456c2aaac0a841e22db522bd5d4d6ab172d2e7292a47a6947	6e07f584ff340387334ce6b277a418e6e5c62abf44261ab8bded809abf1eae4f	shape	
nist-epub-0009	epub	3	full	70714d63ab71a017eec4ada2d17776871211c18c8ba853cfbfe8c54f07bc6fbb	9f8ea9ab5e12aa4caff863a1ac1d1da36ec56702da07388c1647842d29641e83	projected	
nist-epub-0009	epub	3	full	7e31cbf677923b8f3d0c90cb442c2baf6fc7aa17f86724991f636ac1e82640f8	dc0c1b5153814ef4ea80dcc554b8e129193e96ab2ed46fba95b6cb95e18179e7	raw	
nist-epub-0009	epub	3	full	7a82c3634ad6049bbedc4708be6d60aa246d420c9ce84573feb8451845ad33a1	ab5aa235d4d7e7388958f94ff67ca19ba6c2849322d1ba94513ee68431ce4c09	raw	
nist-epub-0009	epub	3	full	872086da64a7c8b4549528679c0351cff4166a4ad7e0f96d067b150494e95efb	1509a2fb6eb83e2a03a9522dab01938f49c57dc01add98280be64920bc665e7c	shape	
nist-epub-0009	epub	3	full	7e31cbf677923b8f3d0c90cb442c2baf6fc7aa17f86724991f636ac1e82640f8	dc0c1b5153814ef4ea80dcc554b8e129193e96ab2ed46fba95b6cb95e18179e7	raw	
nist-epub-0009	epub	3	full	0c09942971e37d871d73959b48ee1d4669477094a42766ed7f9ad88da013576e	a9c074f6d5256a4655719b0fb0844871d2128a72d07b8fdb5ee5b7faf6aec3cb	raw	
nist-epub-0009	epub	3	full	872086da64a7c8b4549528679c0351cff4166a4ad7e0f96d067b150494e95efb	1509a2fb6eb83e2a03a9522dab01938f49c57dc01add98280be64920bc665e7c	shape	
nist-epub-0009	epub	3	full	d6d33dcc1a65b0d456c2aaac0a841e22db522bd5d4d6ab172d2e7292a47a6947	6e07f584ff340387334ce6b277a418e6e5c62abf44261ab8bded809abf1eae4f	shape	
nist-epub-0009	epub	3	full	7a82c3634ad6049bbedc4708be6d60aa246d420c9ce84573feb8451845ad33a1	ab5aa235d4d7e7388958f94ff67ca19ba6c2849322d1ba94513ee68431ce4c09	raw	
nist-epub-0009	epub	3	full	1616fda493863677f1f9dee7056b0cb8e7080ff404d8dce2ae8f06eae5fccb05	522d64902049ca7c81ab3e349bd5165534b9767b5f0f48d991f42ec40fd6815b	raw	
nist-epub-0009	epub	3	full	7e31cbf677923b8f3d0c90cb442c2baf6fc7aa17f86724991f636ac1e82640f8	dc0c1b5153814ef4ea80dcc554b8e129193e96ab2ed46fba95b6cb95e18179e7	raw	
nist-epub-0009	epub	3	full	1616fda493863677f1f9dee7056b0cb8e7080ff404d8dce2ae8f06eae5fccb05	522d64902049ca7c81ab3e349bd5165534b9767b5f0f48d991f42ec40fd6815b	raw	
nist-epub-0009	epub	3	full	872086da64a7c8b4549528679c0351cff4166a4ad7e0f96d067b150494e95efb	1509a2fb6eb83e2a03a9522dab01938f49c57dc01add98280be64920bc665e7c	shape	
nist-epub-0009	epub	3	full	bb4889b0c5d96da520fcdfa88756e7c0ed9c1b291bddc8c5e5bf61d346268680	5d1528646f158d11a5dbbf3ca651a787382e8c32e88ade091fba3a0cb6655402	shape	
nist-epub-0009	epub	3	full	7a82c3634ad6049bbedc4708be6d60aa246d420c9ce84573feb8451845ad33a1	ab5aa235d4d7e7388958f94ff67ca19ba6c2849322d1ba94513ee68431ce4c09	raw	
nist-epub-0009	epub	3	full	d6d33dcc1a65b0d456c2aaac0a841e22db522bd5d4d6ab172d2e7292a47a6947	6e07f584ff340387334ce6b277a418e6e5c62abf44261ab8bded809abf1eae4f	shape	
nist-epub-0009	epub	3	full	d6d33dcc1a65b0d456c2aaac0a841e22db522bd5d4d6ab172d2e7292a47a6947	6e07f584ff340387334ce6b277a418e6e5c62abf44261ab8bded809abf1eae4f	shape	
nist-epub-0009	epub	3	full	872086da64a7c8b4549528679c0351cff4166a4ad7e0f96d067b150494e95efb	1509a2fb6eb83e2a03a9522dab01938f49c57dc01add98280be64920bc665e7c	shape	
nist-epub-0009	epub	4	full	d6d33dcc1a65b0d456c2aaac0a841e22db522bd5d4d6ab172d2e7292a47a6947	ac2b34093aa774e543565796fe4beaa0112530e97cafa9427bdde98fa998b439	capability	
nist-epub-0009	epub	4	full	872086da64a7c8b4549528679c0351cff4166a4ad7e0f96d067b150494e95efb	6e7796d1a9ff613bcc85d8c5ccab71b9cac173d8ed7e46b328d6271d3231df75	shape	
nist-epub-0009	epub	4	full	7e31cbf677923b8f3d0c90cb442c2baf6fc7aa17f86724991f636ac1e82640f8	cd32fd76d8451d2f1add043b5971c481777c622060727b3de4fe87f6c0bc7178	raw	
nist-epub-0009	epub	4	full	1616fda493863677f1f9dee7056b0cb8e7080ff404d8dce2ae8f06eae5fccb05	396cf2f40d60d405cee1c2f17538ea2e3c3a367cee5625c0ec45c4003b484400	raw	
nist-epub-0009	epub	4	full	7a82c3634ad6049bbedc4708be6d60aa246d420c9ce84573feb8451845ad33a1	72145aa3d26e15aa5ec5a22005e12b9c12a439772cd89535ff342ee4ca184f59	raw	
nist-epub-0009	epub	4	full	d6d33dcc1a65b0d456c2aaac0a841e22db522bd5d4d6ab172d2e7292a47a6947	ac2b34093aa774e543565796fe4beaa0112530e97cafa9427bdde98fa998b439	capability	
nist-epub-0009	epub	4	full	70714d63ab71a017eec4ada2d17776871211c18c8ba853cfbfe8c54f07bc6fbb	6335aba822e029c576abb4e10a6cbe207e46c4a1bd83193adbabbb72eeb0796d	projected	
nist-epub-0009	epub	4	full	7e31cbf677923b8f3d0c90cb442c2baf6fc7aa17f86724991f636ac1e82640f8	cd32fd76d8451d2f1add043b5971c481777c622060727b3de4fe87f6c0bc7178	raw	
nist-epub-0009	epub	4	full	7a82c3634ad6049bbedc4708be6d60aa246d420c9ce84573feb8451845ad33a1	72145aa3d26e15aa5ec5a22005e12b9c12a439772cd89535ff342ee4ca184f59	raw	
nist-epub-0009	epub	4	full	872086da64a7c8b4549528679c0351cff4166a4ad7e0f96d067b150494e95efb	6e7796d1a9ff613bcc85d8c5ccab71b9cac173d8ed7e46b328d6271d3231df75	shape	
nist-epub-0009	epub	4	full	7e31cbf677923b8f3d0c90cb442c2baf6fc7aa17f86724991f636ac1e82640f8	cd32fd76d8451d2f1add043b5971c481777c622060727b3de4fe87f6c0bc7178	raw	
nist-epub-0009	epub	4	full	0c09942971e37d871d73959b48ee1d4669477094a42766ed7f9ad88da013576e	c8102725734bb9850cee231890b8ee63aa59d0760c2e001d159e7c49a2513581	raw	
nist-epub-0009	epub	4	full	872086da64a7c8b4549528679c0351cff4166a4ad7e0f96d067b150494e95efb	6e7796d1a9ff613bcc85d8c5ccab71b9cac173d8ed7e46b328d6271d3231df75	shape	
nist-epub-0009	epub	4	full	d6d33dcc1a65b0d456c2aaac0a841e22db522bd5d4d6ab172d2e7292a47a6947	ac2b34093aa774e543565796fe4beaa0112530e97cafa9427bdde98fa998b439	capability	
nist-epub-0009	epub	4	full	7a82c3634ad6049bbedc4708be6d60aa246d420c9ce84573feb8451845ad33a1	72145aa3d26e15aa5ec5a22005e12b9c12a439772cd89535ff342ee4ca184f59	raw	
nist-epub-0009	epub	4	full	1616fda493863677f1f9dee7056b0cb8e7080ff404d8dce2ae8f06eae5fccb05	396cf2f40d60d405cee1c2f17538ea2e3c3a367cee5625c0ec45c4003b484400	raw	
nist-epub-0009	epub	4	full	7e31cbf677923b8f3d0c90cb442c2baf6fc7aa17f86724991f636ac1e82640f8	cd32fd76d8451d2f1add043b5971c481777c622060727b3de4fe87f6c0bc7178	raw	
nist-epub-0009	epub	4	full	1616fda493863677f1f9dee7056b0cb8e7080ff404d8dce2ae8f06eae5fccb05	396cf2f40d60d405cee1c2f17538ea2e3c3a367cee5625c0ec45c4003b484400	raw	
nist-epub-0009	epub	4	full	872086da64a7c8b4549528679c0351cff4166a4ad7e0f96d067b150494e95efb	6e7796d1a9ff613bcc85d8c5ccab71b9cac173d8ed7e46b328d6271d3231df75	shape	
nist-epub-0009	epub	4	full	bb4889b0c5d96da520fcdfa88756e7c0ed9c1b291bddc8c5e5bf61d346268680	f6d034532ab52bca9f7d993470b44e8abb0ec2725183e431905ee98f9ca3276b	shape	
nist-epub-0009	epub	4	full	7a82c3634ad6049bbedc4708be6d60aa246d420c9ce84573feb8451845ad33a1	72145aa3d26e15aa5ec5a22005e12b9c12a439772cd89535ff342ee4ca184f59	raw	
nist-epub-0009	epub	4	full	d6d33dcc1a65b0d456c2aaac0a841e22db522bd5d4d6ab172d2e7292a47a6947	ac2b34093aa774e543565796fe4beaa0112530e97cafa9427bdde98fa998b439	capability	
nist-epub-0009	epub	4	full	d6d33dcc1a65b0d456c2aaac0a841e22db522bd5d4d6ab172d2e7292a47a6947	ac2b34093aa774e543565796fe4beaa0112530e97cafa9427bdde98fa998b439	capability	
nist-epub-0009	epub	4	full	872086da64a7c8b4549528679c0351cff4166a4ad7e0f96d067b150494e95efb	6e7796d1a9ff613bcc85d8c5ccab71b9cac173d8ed7e46b328d6271d3231df75	shape	
nist-epub-0009	epub	5	full	d6d33dcc1a65b0d456c2aaac0a841e22db522bd5d4d6ab172d2e7292a47a6947	ac2b34093aa774e543565796fe4beaa0112530e97cafa9427bdde98fa998b439	capability	
nist-epub-0009	epub	5	full	872086da64a7c8b4549528679c0351cff4166a4ad7e0f96d067b150494e95efb	6e7796d1a9ff613bcc85d8c5ccab71b9cac173d8ed7e46b328d6271d3231df75	shape	
nist-epub-0009	epub	5	full	7e31cbf677923b8f3d0c90cb442c2baf6fc7aa17f86724991f636ac1e82640f8	cd32fd76d8451d2f1add043b5971c481777c622060727b3de4fe87f6c0bc7178	raw	
nist-epub-0009	epub	5	full	1616fda493863677f1f9dee7056b0cb8e7080ff404d8dce2ae8f06eae5fccb05	396cf2f40d60d405cee1c2f17538ea2e3c3a367cee5625c0ec45c4003b484400	raw	
nist-epub-0009	epub	5	full	7a82c3634ad6049bbedc4708be6d60aa246d420c9ce84573feb8451845ad33a1	72145aa3d26e15aa5ec5a22005e12b9c12a439772cd89535ff342ee4ca184f59	raw	
nist-epub-0009	epub	5	full	d6d33dcc1a65b0d456c2aaac0a841e22db522bd5d4d6ab172d2e7292a47a6947	ac2b34093aa774e543565796fe4beaa0112530e97cafa9427bdde98fa998b439	capability	
nist-epub-0009	epub	5	full	70714d63ab71a017eec4ada2d17776871211c18c8ba853cfbfe8c54f07bc6fbb	6335aba822e029c576abb4e10a6cbe207e46c4a1bd83193adbabbb72eeb0796d	projected	
nist-epub-0009	epub	5	full	7e31cbf677923b8f3d0c90cb442c2baf6fc7aa17f86724991f636ac1e82640f8	cd32fd76d8451d2f1add043b5971c481777c622060727b3de4fe87f6c0bc7178	raw	
nist-epub-0009	epub	5	full	7a82c3634ad6049bbedc4708be6d60aa246d420c9ce84573feb8451845ad33a1	72145aa3d26e15aa5ec5a22005e12b9c12a439772cd89535ff342ee4ca184f59	raw	
nist-epub-0009	epub	5	full	872086da64a7c8b4549528679c0351cff4166a4ad7e0f96d067b150494e95efb	6e7796d1a9ff613bcc85d8c5ccab71b9cac173d8ed7e46b328d6271d3231df75	shape	
nist-epub-0009	epub	5	full	7e31cbf677923b8f3d0c90cb442c2baf6fc7aa17f86724991f636ac1e82640f8	cd32fd76d8451d2f1add043b5971c481777c622060727b3de4fe87f6c0bc7178	raw	
nist-epub-0009	epub	5	full	0c09942971e37d871d73959b48ee1d4669477094a42766ed7f9ad88da013576e	c8102725734bb9850cee231890b8ee63aa59d0760c2e001d159e7c49a2513581	raw	
nist-epub-0009	epub	5	full	872086da64a7c8b4549528679c0351cff4166a4ad7e0f96d067b150494e95efb	6e7796d1a9ff613bcc85d8c5ccab71b9cac173d8ed7e46b328d6271d3231df75	shape	
nist-epub-0009	epub	5	full	d6d33dcc1a65b0d456c2aaac0a841e22db522bd5d4d6ab172d2e7292a47a6947	ac2b34093aa774e543565796fe4beaa0112530e97cafa9427bdde98fa998b439	capability	
nist-epub-0009	epub	5	full	7a82c3634ad6049bbedc4708be6d60aa246d420c9ce84573feb8451845ad33a1	72145aa3d26e15aa5ec5a22005e12b9c12a439772cd89535ff342ee4ca184f59	raw	
nist-epub-0009	epub	5	full	1616fda493863677f1f9dee7056b0cb8e7080ff404d8dce2ae8f06eae5fccb05	396cf2f40d60d405cee1c2f17538ea2e3c3a367cee5625c0ec45c4003b484400	raw	
nist-epub-0009	epub	5	full	7e31cbf677923b8f3d0c90cb442c2baf6fc7aa17f86724991f636ac1e82640f8	cd32fd76d8451d2f1add043b5971c481777c622060727b3de4fe87f6c0bc7178	raw	
nist-epub-0009	epub	5	full	1616fda493863677f1f9dee7056b0cb8e7080ff404d8dce2ae8f06eae5fccb05	396cf2f40d60d405cee1c2f17538ea2e3c3a367cee5625c0ec45c4003b484400	raw	
nist-epub-0009	epub	5	full	872086da64a7c8b4549528679c0351cff4166a4ad7e0f96d067b150494e95efb	6e7796d1a9ff613bcc85d8c5ccab71b9cac173d8ed7e46b328d6271d3231df75	shape	
nist-epub-0009	epub	5	full	bb4889b0c5d96da520fcdfa88756e7c0ed9c1b291bddc8c5e5bf61d346268680	f6d034532ab52bca9f7d993470b44e8abb0ec2725183e431905ee98f9ca3276b	shape	
nist-epub-0009	epub	5	full	7a82c3634ad6049bbedc4708be6d60aa246d420c9ce84573feb8451845ad33a1	72145aa3d26e15aa5ec5a22005e12b9c12a439772cd89535ff342ee4ca184f59	raw	
nist-epub-0009	epub	5	full	d6d33dcc1a65b0d456c2aaac0a841e22db522bd5d4d6ab172d2e7292a47a6947	ac2b34093aa774e543565796fe4beaa0112530e97cafa9427bdde98fa998b439	capability	
nist-epub-0009	epub	5	full	d6d33dcc1a65b0d456c2aaac0a841e22db522bd5d4d6ab172d2e7292a47a6947	ac2b34093aa774e543565796fe4beaa0112530e97cafa9427bdde98fa998b439	capability	
nist-epub-0009	epub	5	full	872086da64a7c8b4549528679c0351cff4166a4ad7e0f96d067b150494e95efb	6e7796d1a9ff613bcc85d8c5ccab71b9cac173d8ed7e46b328d6271d3231df75	shape	
