id	fmt	lane	depth	rep	rc	us	rss_kb	n_req
nist-pdf-0002	pdf	vole	0	1	0	1812	4652	24
nist-pdf-0002	pdf	vole	1	1	0	1812	4652	24
nist-pdf-0002	pdf	vole	2	1	0	1812	4652	24
nist-pdf-0002	pdf	vole	3	1	0	1812	4652	24
nist-pdf-0002	pdf	vole	4	1	0	1812	4652	24
nist-pdf-0002	pdf	vole	5	1	0	1812	4652	24
nist-pdf-0002	pdf	full	0	1	0	2635	3716	24
nist-pdf-0002	pdf	full	1	1	0	2436	3700	24
nist-pdf-0002	pdf	full	2	1	0	2355	3780	24
nist-pdf-0002	pdf	full	3	1	0	2342	3784	24
nist-pdf-0002	pdf	full	4	1	0	2642	3764	24
nist-pdf-0002	pdf	full	5	1	0	2642	3740	24
nist-pdf-0002	pdf	adaptive	0	1	0	2210	3684	24
nist-pdf-0002	pdf	adaptive	1	1	0	2292	3796	24
nist-pdf-0002	pdf	adaptive	2	1	0	2409	3704	24
nist-pdf-0002	pdf	adaptive	3	1	0	2433	3700	24
nist-pdf-0002	pdf	adaptive	4	1	0	2691	3780	24
nist-pdf-0002	pdf	adaptive	5	1	0	2678	3740	24
nist-pdf-0002	pdf	hist	0	1	0	2478	3720	24
nist-pdf-0002	pdf	hist	1	1	0	3420	3708	24
nist-pdf-0002	pdf	hist	2	1	0	2571	3760	24
nist-pdf-0002	pdf	hist	3	1	0	2593	3772	24
nist-pdf-0002	pdf	hist	4	1	0	2766	3752	24
nist-pdf-0002	pdf	hist	5	1	0	2684	3816	24
nist-pdf-0002	pdf	full	0	2	0	2285	3716	24
nist-pdf-0002	pdf	full	1	2	0	2373	3700	24
nist-pdf-0002	pdf	full	2	2	0	2821	3780	24
nist-pdf-0002	pdf	full	3	2	0	2294	3784	24
nist-pdf-0002	pdf	full	4	2	0	2680	3764	24
nist-pdf-0002	pdf	full	5	2	0	2597	3740	24
nist-pdf-0002	pdf	adaptive	0	2	0	2373	3684	24
nist-pdf-0002	pdf	adaptive	1	2	0	2336	3796	24
nist-pdf-0002	pdf	adaptive	2	2	0	2297	3704	24
nist-pdf-0002	pdf	adaptive	3	2	0	2275	3700	24
nist-pdf-0002	pdf	adaptive	4	2	0	2650	3780	24
nist-pdf-0002	pdf	adaptive	5	2	0	2544	3740	24
nist-pdf-0002	pdf	hist	0	2	0	2189	3720	24
nist-pdf-0002	pdf	hist	1	2	0	2447	3708	24
nist-pdf-0002	pdf	hist	2	2	0	2317	3760	24
nist-pdf-0002	pdf	hist	3	2	0	2541	3772	24
nist-pdf-0002	pdf	hist	4	2	0	2825	3752	24
nist-pdf-0002	pdf	hist	5	2	0	2642	3816	24
nist-pdf-0002	pdf	vole	0	2	0	1864	4652	24
nist-pdf-0002	pdf	vole	1	2	0	1864	4652	24
nist-pdf-0002	pdf	vole	2	2	0	1864	4652	24
nist-pdf-0002	pdf	vole	3	2	0	1864	4652	24
nist-pdf-0002	pdf	vole	4	2	0	1864	4652	24
nist-pdf-0002	pdf	vole	5	2	0	1864	4652	24
nist-pdf-0002	pdf	vole	0	3	0	1827	4652	24
nist-pdf-0002	pdf	vole	1	3	0	1827	4652	24
nist-pdf-0002	pdf	vole	2	3	0	1827	4652	24
nist-pdf-0002	pdf	vole	3	3	0	1827	4652	24
nist-pdf-0002	pdf	vole	4	3	0	1827	4652	24
nist-pdf-0002	pdf	vole	5	3	0	1827	4652	24
nist-pdf-0002	pdf	full	0	3	0	2417	3716	24
nist-pdf-0002	pdf	full	1	3	0	2315	3700	24
nist-pdf-0002	pdf	full	2	3	0	2519	3780	24
nist-pdf-0002	pdf	full	3	3	0	2410	3784	24
nist-pdf-0002	pdf	full	4	3	0	2692	3764	24
nist-pdf-0002	pdf	full	5	3	0	2736	3740	24
nist-pdf-0002	pdf	adaptive	0	3	0	2453	3684	24
nist-pdf-0002	pdf	adaptive	1	3	0	2548	3796	24
nist-pdf-0002	pdf	adaptive	2	3	0	3391	3704	24
nist-pdf-0002	pdf	adaptive	3	3	0	2672	3700	24
nist-pdf-0002	pdf	adaptive	4	3	0	2919	3780	24
nist-pdf-0002	pdf	adaptive	5	3	0	2835	3740	24
nist-pdf-0002	pdf	hist	0	3	0	2419	3720	24
nist-pdf-0002	pdf	hist	1	3	0	2436	3708	24
nist-pdf-0002	pdf	hist	2	3	0	2649	3760	24
nist-pdf-0002	pdf	hist	3	3	0	2536	3772	24
nist-pdf-0002	pdf	hist	4	3	0	2737	3752	24
nist-pdf-0002	pdf	hist	5	3	0	2701	3816	24
nist-pdf-0002	pdf	full	0	4	0	2233	3716	24
nist-pdf-0002	pdf	full	1	4	0	2323	3700	24
nist-pdf-0002	pdf	full	2	4	0	2506	3780	24
nist-pdf-0002	pdf	full	3	4	0	2561	3784	24
nist-pdf-0002	pdf	full	4	4	0	2626	3764	24
nist-pdf-0002	pdf	full	5	4	0	2643	3740	24
nist-pdf-0002	pdf	adaptive	0	4	0	2315	3684	24
nist-pdf-0002	pdf	adaptive	1	4	0	2335	3796	24
nist-pdf-0002	pdf	adaptive	2	4	0	2598	3704	24
nist-pdf-0002	pdf	adaptive	3	4	0	2492	3700	24
nist-pdf-0002	pdf	adaptive	4	4	0	2660	3780	24
nist-pdf-0002	pdf	adaptive	5	4	0	2599	3740	24
nist-pdf-0002	pdf	hist	0	4	0	2286	3720	24
nist-pdf-0002	pdf	hist	1	4	0	2294	3708	24
nist-pdf-0002	pdf	hist	2	4	0	2348	3760	24
nist-pdf-0002	pdf	hist	3	4	0	2482	3772	24
nist-pdf-0002	pdf	hist	4	4	0	2662	3752	24
nist-pdf-0002	pdf	hist	5	4	0	2630	3816	24
nist-pdf-0002	pdf	vole	0	4	0	1788	4652	24
nist-pdf-0002	pdf	vole	1	4	0	1788	4652	24
nist-pdf-0002	pdf	vole	2	4	0	1788	4652	24
nist-pdf-0002	pdf	vole	3	4	0	1788	4652	24
nist-pdf-0002	pdf	vole	4	4	0	1788	4652	24
nist-pdf-0002	pdf	vole	5	4	0	1788	4652	24
nist-pdf-0002	pdf	vole	0	5	0	1783	4652	24
nist-pdf-0002	pdf	vole	1	5	0	1783	4652	24
nist-pdf-0002	pdf	vole	2	5	0	1783	4652	24
nist-pdf-0002	pdf	vole	3	5	0	1783	4652	24
nist-pdf-0002	pdf	vole	4	5	0	1783	4652	24
nist-pdf-0002	pdf	vole	5	5	0	1783	4652	24
nist-pdf-0002	pdf	full	0	5	0	2566	3716	24
nist-pdf-0002	pdf	full	1	5	0	2454	3700	24
nist-pdf-0002	pdf	full	2	5	0	2501	3780	24
nist-pdf-0002	pdf	full	3	5	0	2581	3784	24
nist-pdf-0002	pdf	full	4	5	0	3619	3764	24
nist-pdf-0002	pdf	full	5	5	0	2998	3740	24
nist-pdf-0002	pdf	adaptive	0	5	0	2356	3684	24
nist-pdf-0002	pdf	adaptive	1	5	0	2371	3796	24
nist-pdf-0002	pdf	adaptive	2	5	0	2757	3704	24
nist-pdf-0002	pdf	adaptive	3	5	0	2611	3700	24
nist-pdf-0002	pdf	adaptive	4	5	0	2738	3780	24
nist-pdf-0002	pdf	adaptive	5	5	0	2696	3740	24
nist-pdf-0002	pdf	hist	0	5	0	2329	3720	24
nist-pdf-0002	pdf	hist	1	5	0	2386	3708	24
nist-pdf-0002	pdf	hist	2	5	0	2382	3760	24
nist-pdf-0002	pdf	hist	3	5	0	2485	3772	24
nist-pdf-0002	pdf	hist	4	5	0	2679	3752	24
nist-pdf-0002	pdf	hist	5	5	0	2659	3816	24
nist-pdf-0002	pdf	full	0	6	0	2279	3716	24
nist-pdf-0002	pdf	full	1	6	0	2412	3700	24
nist-pdf-0002	pdf	full	2	6	0	2505	3780	24
nist-pdf-0002	pdf	full	3	6	0	2341	3784	24
nist-pdf-0002	pdf	full	4	6	0	2602	3764	24
nist-pdf-0002	pdf	full	5	6	0	2568	3740	24
nist-pdf-0002	pdf	adaptive	0	6	0	2166	3684	24
nist-pdf-0002	pdf	adaptive	1	6	0	2189	3796	24
nist-pdf-0002	pdf	adaptive	2	6	0	2268	3704	24
nist-pdf-0002	pdf	adaptive	3	6	0	2295	3700	24
nist-pdf-0002	pdf	adaptive	4	6	0	2553	3780	24
nist-pdf-0002	pdf	adaptive	5	6	0	2568	3740	24
nist-pdf-0002	pdf	hist	0	6	0	2178	3720	24
nist-pdf-0002	pdf	hist	1	6	0	2207	3708	24
nist-pdf-0002	pdf	hist	2	6	0	2248	3760	24
nist-pdf-0002	pdf	hist	3	6	0	2290	3772	24
nist-pdf-0002	pdf	hist	4	6	0	2817	3752	24
nist-pdf-0002	pdf	hist	5	6	0	2743	3816	24
nist-pdf-0002	pdf	vole	0	6	0	1840	4652	24
nist-pdf-0002	pdf	vole	1	6	0	1840	4652	24
nist-pdf-0002	pdf	vole	2	6	0	1840	4652	24
nist-pdf-0002	pdf	vole	3	6	0	1840	4652	24
nist-pdf-0002	pdf	vole	4	6	0	1840	4652	24
nist-pdf-0002	pdf	vole	5	6	0	1840	4652	24
nist-pdf-0002	pdf	vole	0	7	0	1843	4652	24
nist-pdf-0002	pdf	vole	1	7	0	1843	4652	24
nist-pdf-0002	pdf	vole	2	7	0	1843	4652	24
nist-pdf-0002	pdf	vole	3	7	0	1843	4652	24
nist-pdf-0002	pdf	vole	4	7	0	1843	4652	24
nist-pdf-0002	pdf	vole	5	7	0	1843	4652	24
nist-pdf-0002	pdf	full	0	7	0	2499	3716	24
nist-pdf-0002	pdf	full	1	7	0	2286	3700	24
nist-pdf-0002	pdf	full	2	7	0	2372	3780	24
nist-pdf-0002	pdf	full	3	7	0	2396	3784	24
nist-pdf-0002	pdf	full	4	7	0	2544	3764	24
nist-pdf-0002	pdf	full	5	7	0	2594	3740	24
nist-pdf-0002	pdf	adaptive	0	7	0	2184	3684	24
nist-pdf-0002	pdf	adaptive	1	7	0	2256	3796	24
nist-pdf-0002	pdf	adaptive	2	7	0	2405	3704	24
nist-pdf-0002	pdf	adaptive	3	7	0	2244	3700	24
nist-pdf-0002	pdf	adaptive	4	7	0	2542	3780	24
nist-pdf-0002	pdf	adaptive	5	7	0	2756	3740	24
nist-pdf-0002	pdf	hist	0	7	0	2560	3720	24
nist-pdf-0002	pdf	hist	1	7	0	2643	3708	24
nist-pdf-0002	pdf	hist	2	7	0	2481	3760	24
nist-pdf-0002	pdf	hist	3	7	0	2475	3772	24
nist-pdf-0002	pdf	hist	4	7	0	2623	3752	24
nist-pdf-0002	pdf	hist	5	7	0	2697	3816	24
nist-pdf-0002	pdf	full	0	8	0	2190	3716	24
nist-pdf-0002	pdf	full	1	8	0	2306	3700	24
nist-pdf-0002	pdf	full	2	8	0	2361	3780	24
nist-pdf-0002	pdf	full	3	8	0	2324	3784	24
nist-pdf-0002	pdf	full	4	8	0	2594	3764	24
nist-pdf-0002	pdf	full	5	8	0	2701	3740	24
nist-pdf-0002	pdf	adaptive	0	8	0	2237	3684	24
nist-pdf-0002	pdf	adaptive	1	8	0	2352	3796	24
nist-pdf-0002	pdf	adaptive	2	8	0	2416	3704	24
nist-pdf-0002	pdf	adaptive	3	8	0	2391	3700	24
nist-pdf-0002	pdf	adaptive	4	8	0	2558	3780	24
nist-pdf-0002	pdf	adaptive	5	8	0	2635	3740	24
nist-pdf-0002	pdf	hist	0	8	0	2229	3720	24
nist-pdf-0002	pdf	hist	1	8	0	2284	3708	24
nist-pdf-0002	pdf	hist	2	8	0	2399	3760	24
nist-pdf-0002	pdf	hist	3	8	0	2303	3772	24
nist-pdf-0002	pdf	hist	4	8	0	2505	3752	24
nist-pdf-0002	pdf	hist	5	8	0	2573	3816	24
nist-pdf-0002	pdf	vole	0	8	0	1752	4652	24
nist-pdf-0002	pdf	vole	1	8	0	1752	4652	24
nist-pdf-0002	pdf	vole	2	8	0	1752	4652	24
nist-pdf-0002	pdf	vole	3	8	0	1752	4652	24
nist-pdf-0002	pdf	vole	4	8	0	1752	4652	24
nist-pdf-0002	pdf	vole	5	8	0	1752	4652	24
nist-pdf-0002	pdf	vole	0	9	0	1881	4652	24
nist-pdf-0002	pdf	vole	1	9	0	1881	4652	24
nist-pdf-0002	pdf	vole	2	9	0	1881	4652	24
nist-pdf-0002	pdf	vole	3	9	0	1881	4652	24
nist-pdf-0002	pdf	vole	4	9	0	1881	4652	24
nist-pdf-0002	pdf	vole	5	9	0	1881	4652	24
nist-pdf-0002	pdf	full	0	9	0	2418	3716	24
nist-pdf-0002	pdf	full	1	9	0	2353	3700	24
nist-pdf-0002	pdf	full	2	9	0	2399	3780	24
nist-pdf-0002	pdf	full	3	9	0	2268	3784	24
nist-pdf-0002	pdf	full	4	9	0	2641	3764	24
nist-pdf-0002	pdf	full	5	9	0	2550	3740	24
nist-pdf-0002	pdf	adaptive	0	9	0	2135	3684	24
nist-pdf-0002	pdf	adaptive	1	9	0	2472	3796	24
nist-pdf-0002	pdf	adaptive	2	9	0	2929	3704	24
nist-pdf-0002	pdf	adaptive	3	9	0	2561	3700	24
nist-pdf-0002	pdf	adaptive	4	9	0	2605	3780	24
nist-pdf-0002	pdf	adaptive	5	9	0	2601	3740	24
nist-pdf-0002	pdf	hist	0	9	0	2386	3720	24
nist-pdf-0002	pdf	hist	1	9	0	2373	3708	24
nist-pdf-0002	pdf	hist	2	9	0	2355	3760	24
nist-pdf-0002	pdf	hist	3	9	0	2282	3772	24
nist-pdf-0002	pdf	hist	4	9	0	2694	3752	24
nist-pdf-0002	pdf	hist	5	9	0	2641	3816	24
nist-pdf-0002	pdf	full	0	10	0	2194	3716	24
nist-pdf-0002	pdf	full	1	10	0	2242	3700	24
nist-pdf-0002	pdf	full	2	10	0	2610	3780	24
nist-pdf-0002	pdf	full	3	10	0	2380	3784	24
nist-pdf-0002	pdf	full	4	10	0	2608	3764	24
nist-pdf-0002	pdf	full	5	10	0	2561	3740	24
nist-pdf-0002	pdf	adaptive	0	10	0	2123	3684	24
nist-pdf-0002	pdf	adaptive	1	10	0	2238	3796	24
nist-pdf-0002	pdf	adaptive	2	10	0	2253	3704	24
nist-pdf-0002	pdf	adaptive	3	10	0	2433	3700	24
nist-pdf-0002	pdf	adaptive	4	10	0	2573	3780	24
nist-pdf-0002	pdf	adaptive	5	10	0	2643	3740	24
nist-pdf-0002	pdf	hist	0	10	0	2213	3720	24
nist-pdf-0002	pdf	hist	1	10	0	2186	3708	24
nist-pdf-0002	pdf	hist	2	10	0	2322	3760	24
nist-pdf-0002	pdf	hist	3	10	0	2459	3772	24
nist-pdf-0002	pdf	hist	4	10	0	2717	3752	24
nist-pdf-0002	pdf	hist	5	10	0	2743	3816	24
nist-pdf-0002	pdf	vole	0	10	0	1901	4652	24
nist-pdf-0002	pdf	vole	1	10	0	1901	4652	24
nist-pdf-0002	pdf	vole	2	10	0	1901	4652	24
nist-pdf-0002	pdf	vole	3	10	0	1901	4652	24
nist-pdf-0002	pdf	vole	4	10	0	1901	4652	24
nist-pdf-0002	pdf	vole	5	10	0	1901	4652	24
nist-pdf-0002	pdf	vole	0	11	0	1838	4652	24
nist-pdf-0002	pdf	vole	1	11	0	1838	4652	24
nist-pdf-0002	pdf	vole	2	11	0	1838	4652	24
nist-pdf-0002	pdf	vole	3	11	0	1838	4652	24
nist-pdf-0002	pdf	vole	4	11	0	1838	4652	24
nist-pdf-0002	pdf	vole	5	11	0	1838	4652	24
nist-pdf-0002	pdf	full	0	11	0	2472	3716	24
nist-pdf-0002	pdf	full	1	11	0	2313	3700	24
nist-pdf-0002	pdf	full	2	11	0	2475	3780	24
nist-pdf-0002	pdf	full	3	11	0	2688	3784	24
nist-pdf-0002	pdf	full	4	11	0	2712	3764	24
nist-pdf-0002	pdf	full	5	11	0	2781	3740	24
nist-pdf-0002	pdf	adaptive	0	11	0	2215	3684	24
nist-pdf-0002	pdf	adaptive	1	11	0	2210	3796	24
nist-pdf-0002	pdf	adaptive	2	11	0	2208	3704	24
nist-pdf-0002	pdf	adaptive	3	11	0	2306	3700	24
nist-pdf-0002	pdf	adaptive	4	11	0	2610	3780	24
nist-pdf-0002	pdf	adaptive	5	11	0	2438	3740	24
nist-pdf-0002	pdf	hist	0	11	0	2213	3720	24
nist-pdf-0002	pdf	hist	1	11	0	2394	3708	24
nist-pdf-0002	pdf	hist	2	11	0	2351	3760	24
nist-pdf-0002	pdf	hist	3	11	0	2250	3772	24
nist-pdf-0002	pdf	hist	4	11	0	2666	3752	24
nist-pdf-0002	pdf	hist	5	11	0	2726	3816	24
nist-pdf-0002	pdf	full	0	12	0	2350	3716	24
nist-pdf-0002	pdf	full	1	12	0	2396	3700	24
nist-pdf-0002	pdf	full	2	12	0	2483	3780	24
nist-pdf-0002	pdf	full	3	12	0	2400	3784	24
nist-pdf-0002	pdf	full	4	12	0	3759	3764	24
nist-pdf-0002	pdf	full	5	12	0	2903	3740	24
nist-pdf-0002	pdf	adaptive	0	12	0	2513	3684	24
nist-pdf-0002	pdf	adaptive	1	12	0	2499	3796	24
nist-pdf-0002	pdf	adaptive	2	12	0	2445	3704	24
nist-pdf-0002	pdf	adaptive	3	12	0	2450	3700	24
nist-pdf-0002	pdf	adaptive	4	12	0	2716	3780	24
nist-pdf-0002	pdf	adaptive	5	12	0	2753	3740	24
nist-pdf-0002	pdf	hist	0	12	0	2448	3720	24
nist-pdf-0002	pdf	hist	1	12	0	2457	3708	24
nist-pdf-0002	pdf	hist	2	12	0	2459	3760	24
nist-pdf-0002	pdf	hist	3	12	0	2381	3772	24
nist-pdf-0002	pdf	hist	4	12	0	2778	3752	24
nist-pdf-0002	pdf	hist	5	12	0	2786	3816	24
nist-pdf-0002	pdf	vole	0	12	0	1893	4652	24
nist-pdf-0002	pdf	vole	1	12	0	1893	4652	24
nist-pdf-0002	pdf	vole	2	12	0	1893	4652	24
nist-pdf-0002	pdf	vole	3	12	0	1893	4652	24
nist-pdf-0002	pdf	vole	4	12	0	1893	4652	24
nist-pdf-0002	pdf	vole	5	12	0	1893	4652	24
nist-pdf-0002	pdf	vole	0	13	0	1933	4652	24
nist-pdf-0002	pdf	vole	1	13	0	1933	4652	24
nist-pdf-0002	pdf	vole	2	13	0	1933	4652	24
nist-pdf-0002	pdf	vole	3	13	0	1933	4652	24
nist-pdf-0002	pdf	vole	4	13	0	1933	4652	24
nist-pdf-0002	pdf	vole	5	13	0	1933	4652	24
nist-pdf-0002	pdf	full	0	13	0	2771	3716	24
nist-pdf-0002	pdf	full	1	13	0	2397	3700	24
nist-pdf-0002	pdf	full	2	13	0	2482	3780	24
nist-pdf-0002	pdf	full	3	13	0	2398	3784	24
nist-pdf-0002	pdf	full	4	13	0	2656	3764	24
nist-pdf-0002	pdf	full	5	13	0	2656	3740	24
nist-pdf-0002	pdf	adaptive	0	13	0	2290	3684	24
nist-pdf-0002	pdf	adaptive	1	13	0	2342	3796	24
nist-pdf-0002	pdf	adaptive	2	13	0	2445	3704	24
nist-pdf-0002	pdf	adaptive	3	13	0	2412	3700	24
nist-pdf-0002	pdf	adaptive	4	13	0	2685	3780	24
nist-pdf-0002	pdf	adaptive	5	13	0	2662	3740	24
nist-pdf-0002	pdf	hist	0	13	0	2220	3720	24
nist-pdf-0002	pdf	hist	1	13	0	2339	3708	24
nist-pdf-0002	pdf	hist	2	13	0	2314	3760	24
nist-pdf-0002	pdf	hist	3	13	0	2527	3772	24
nist-pdf-0002	pdf	hist	4	13	0	2547	3752	24
nist-pdf-0002	pdf	hist	5	13	0	2686	3816	24
nist-pdf-0002	pdf	full	0	14	0	2284	3716	24
nist-pdf-0002	pdf	full	1	14	0	2242	3700	24
nist-pdf-0002	pdf	full	2	14	0	2443	3780	24
nist-pdf-0002	pdf	full	3	14	0	2409	3784	24
nist-pdf-0002	pdf	full	4	14	0	2543	3764	24
nist-pdf-0002	pdf	full	5	14	0	2483	3740	24
nist-pdf-0002	pdf	adaptive	0	14	0	2398	3684	24
nist-pdf-0002	pdf	adaptive	1	14	0	3459	3796	24
nist-pdf-0002	pdf	adaptive	2	14	0	2972	3704	24
nist-pdf-0002	pdf	adaptive	3	14	0	2505	3700	24
nist-pdf-0002	pdf	adaptive	4	14	0	2684	3780	24
nist-pdf-0002	pdf	adaptive	5	14	0	2727	3740	24
nist-pdf-0002	pdf	hist	0	14	0	2550	3720	24
nist-pdf-0002	pdf	hist	1	14	0	2591	3708	24
nist-pdf-0002	pdf	hist	2	14	0	2482	3760	24
nist-pdf-0002	pdf	hist	3	14	0	2770	3772	24
nist-pdf-0002	pdf	hist	4	14	0	2710	3752	24
nist-pdf-0002	pdf	hist	5	14	0	2694	3816	24
nist-pdf-0002	pdf	vole	0	14	0	1907	4652	24
nist-pdf-0002	pdf	vole	1	14	0	1907	4652	24
nist-pdf-0002	pdf	vole	2	14	0	1907	4652	24
nist-pdf-0002	pdf	vole	3	14	0	1907	4652	24
nist-pdf-0002	pdf	vole	4	14	0	1907	4652	24
nist-pdf-0002	pdf	vole	5	14	0	1907	4652	24
nist-pdf-0002	pdf	vole	0	15	0	1777	4652	24
nist-pdf-0002	pdf	vole	1	15	0	1777	4652	24
nist-pdf-0002	pdf	vole	2	15	0	1777	4652	24
nist-pdf-0002	pdf	vole	3	15	0	1777	4652	24
nist-pdf-0002	pdf	vole	4	15	0	1777	4652	24
nist-pdf-0002	pdf	vole	5	15	0	1777	4652	24
nist-pdf-0002	pdf	full	0	15	0	2404	3716	24
nist-pdf-0002	pdf	full	1	15	0	2345	3700	24
nist-pdf-0002	pdf	full	2	15	0	2273	3780	24
nist-pdf-0002	pdf	full	3	15	0	2214	3784	24
nist-pdf-0002	pdf	full	4	15	0	2595	3764	24
nist-pdf-0002	pdf	full	5	15	0	2609	3740	24
nist-pdf-0002	pdf	adaptive	0	15	0	2182	3684	24
nist-pdf-0002	pdf	adaptive	1	15	0	2266	3796	24
nist-pdf-0002	pdf	adaptive	2	15	0	2245	3704	24
nist-pdf-0002	pdf	adaptive	3	15	0	2324	3700	24
nist-pdf-0002	pdf	adaptive	4	15	0	2512	3780	24
nist-pdf-0002	pdf	adaptive	5	15	0	2461	3740	24
nist-pdf-0002	pdf	hist	0	15	0	2179	3720	24
nist-pdf-0002	pdf	hist	1	15	0	2239	3708	24
nist-pdf-0002	pdf	hist	2	15	0	2253	3760	24
nist-pdf-0002	pdf	hist	3	15	0	2312	3772	24
nist-pdf-0002	pdf	hist	4	15	0	2560	3752	24
nist-pdf-0002	pdf	hist	5	15	0	2684	3816	24
nist-pdf-0002	pdf	full	0	16	0	2245	3716	24
nist-pdf-0002	pdf	full	1	16	0	2513	3700	24
nist-pdf-0002	pdf	full	2	16	0	2413	3780	24
nist-pdf-0002	pdf	full	3	16	0	2280	3784	24
nist-pdf-0002	pdf	full	4	16	0	2633	3764	24
nist-pdf-0002	pdf	full	5	16	0	2607	3740	24
nist-pdf-0002	pdf	adaptive	0	16	0	2206	3684	24
nist-pdf-0002	pdf	adaptive	1	16	0	2259	3796	24
nist-pdf-0002	pdf	adaptive	2	16	0	2498	3704	24
nist-pdf-0002	pdf	adaptive	3	16	0	3137	3700	24
nist-pdf-0002	pdf	adaptive	4	16	0	2884	3780	24
nist-pdf-0002	pdf	adaptive	5	16	0	2879	3740	24
nist-pdf-0002	pdf	hist	0	16	0	2447	3720	24
nist-pdf-0002	pdf	hist	1	16	0	2577	3708	24
nist-pdf-0002	pdf	hist	2	16	0	2445	3760	24
nist-pdf-0002	pdf	hist	3	16	0	2360	3772	24
nist-pdf-0002	pdf	hist	4	16	0	2781	3752	24
nist-pdf-0002	pdf	hist	5	16	0	2656	3816	24
nist-pdf-0002	pdf	vole	0	16	0	1814	4652	24
nist-pdf-0002	pdf	vole	1	16	0	1814	4652	24
nist-pdf-0002	pdf	vole	2	16	0	1814	4652	24
nist-pdf-0002	pdf	vole	3	16	0	1814	4652	24
nist-pdf-0002	pdf	vole	4	16	0	1814	4652	24
nist-pdf-0002	pdf	vole	5	16	0	1814	4652	24
nist-pdf-0002	pdf	vole	0	17	0	1790	4652	24
nist-pdf-0002	pdf	vole	1	17	0	1790	4652	24
nist-pdf-0002	pdf	vole	2	17	0	1790	4652	24
nist-pdf-0002	pdf	vole	3	17	0	1790	4652	24
nist-pdf-0002	pdf	vole	4	17	0	1790	4652	24
nist-pdf-0002	pdf	vole	5	17	0	1790	4652	24
nist-pdf-0002	pdf	full	0	17	0	2520	3716	24
nist-pdf-0002	pdf	full	1	17	0	2398	3700	24
nist-pdf-0002	pdf	full	2	17	0	2465	3780	24
nist-pdf-0002	pdf	full	3	17	0	2385	3784	24
nist-pdf-0002	pdf	full	4	17	0	2629	3764	24
nist-pdf-0002	pdf	full	5	17	0	2655	3740	24
nist-pdf-0002	pdf	adaptive	0	17	0	2198	3684	24
nist-pdf-0002	pdf	adaptive	1	17	0	2327	3796	24
nist-pdf-0002	pdf	adaptive	2	17	0	2467	3704	24
nist-pdf-0002	pdf	adaptive	3	17	0	2556	3700	24
nist-pdf-0002	pdf	adaptive	4	17	0	2638	3780	24
nist-pdf-0002	pdf	adaptive	5	17	0	2637	3740	24
nist-pdf-0002	pdf	hist	0	17	0	2184	3720	24
nist-pdf-0002	pdf	hist	1	17	0	2344	3708	24
nist-pdf-0002	pdf	hist	2	17	0	2521	3760	24
nist-pdf-0002	pdf	hist	3	17	0	2460	3772	24
nist-pdf-0002	pdf	hist	4	17	0	2644	3752	24
nist-pdf-0002	pdf	hist	5	17	0	2655	3816	24
nist-pdf-0002	pdf	full	0	18	0	2345	3716	24
nist-pdf-0002	pdf	full	1	18	0	2297	3700	24
nist-pdf-0002	pdf	full	2	18	0	2414	3780	24
nist-pdf-0002	pdf	full	3	18	0	2554	3784	24
nist-pdf-0002	pdf	full	4	18	0	2700	3764	24
nist-pdf-0002	pdf	full	5	18	0	2584	3740	24
nist-pdf-0002	pdf	adaptive	0	18	0	2120	3684	24
nist-pdf-0002	pdf	adaptive	1	18	0	2234	3796	24
nist-pdf-0002	pdf	adaptive	2	18	0	2286	3704	24
nist-pdf-0002	pdf	adaptive	3	18	0	2373	3700	24
nist-pdf-0002	pdf	adaptive	4	18	0	2671	3780	24
nist-pdf-0002	pdf	adaptive	5	18	0	2681	3740	24
nist-pdf-0002	pdf	hist	0	18	0	2305	3720	24
nist-pdf-0002	pdf	hist	1	18	0	2461	3708	24
nist-pdf-0002	pdf	hist	2	18	0	2370	3760	24
nist-pdf-0002	pdf	hist	3	18	0	2469	3772	24
nist-pdf-0002	pdf	hist	4	18	0	2647	3752	24
nist-pdf-0002	pdf	hist	5	18	0	2695	3816	24
nist-pdf-0002	pdf	vole	0	18	0	1793	4652	24
nist-pdf-0002	pdf	vole	1	18	0	1793	4652	24
nist-pdf-0002	pdf	vole	2	18	0	1793	4652	24
nist-pdf-0002	pdf	vole	3	18	0	1793	4652	24
nist-pdf-0002	pdf	vole	4	18	0	1793	4652	24
nist-pdf-0002	pdf	vole	5	18	0	1793	4652	24
nist-pdf-0002	pdf	vole	0	19	0	1785	4652	24
nist-pdf-0002	pdf	vole	1	19	0	1785	4652	24
nist-pdf-0002	pdf	vole	2	19	0	1785	4652	24
nist-pdf-0002	pdf	vole	3	19	0	1785	4652	24
nist-pdf-0002	pdf	vole	4	19	0	1785	4652	24
nist-pdf-0002	pdf	vole	5	19	0	1785	4652	24
nist-pdf-0002	pdf	full	0	19	0	2560	3716	24
nist-pdf-0002	pdf	full	1	19	0	2405	3700	24
nist-pdf-0002	pdf	full	2	19	0	2478	3780	24
nist-pdf-0002	pdf	full	3	19	0	2418	3784	24
nist-pdf-0002	pdf	full	4	19	0	2574	3764	24
nist-pdf-0002	pdf	full	5	19	0	2553	3740	24
nist-pdf-0002	pdf	adaptive	0	19	0	2560	3684	24
nist-pdf-0002	pdf	adaptive	1	19	0	3104	3796	24
nist-pdf-0002	pdf	adaptive	2	19	0	2736	3704	24
nist-pdf-0002	pdf	adaptive	3	19	0	2504	3700	24
nist-pdf-0002	pdf	adaptive	4	19	0	2843	3780	24
nist-pdf-0002	pdf	adaptive	5	19	0	2797	3740	24
nist-pdf-0002	pdf	hist	0	19	0	2478	3720	24
nist-pdf-0002	pdf	hist	1	19	0	2436	3708	24
nist-pdf-0002	pdf	hist	2	19	0	2594	3760	24
nist-pdf-0002	pdf	hist	3	19	0	2504	3772	24
nist-pdf-0002	pdf	hist	4	19	0	2684	3752	24
nist-pdf-0002	pdf	hist	5	19	0	2740	3816	24
nist-pdf-0002	pdf	full	0	20	0	2230	3716	24
nist-pdf-0002	pdf	full	1	20	0	2192	3700	24
nist-pdf-0002	pdf	full	2	20	0	2514	3780	24
nist-pdf-0002	pdf	full	3	20	0	2592	3784	24
nist-pdf-0002	pdf	full	4	20	0	2677	3764	24
nist-pdf-0002	pdf	full	5	20	0	2679	3740	24
nist-pdf-0002	pdf	adaptive	0	20	0	2395	3684	24
nist-pdf-0002	pdf	adaptive	1	20	0	2266	3796	24
nist-pdf-0002	pdf	adaptive	2	20	0	2272	3704	24
nist-pdf-0002	pdf	adaptive	3	20	0	2245	3700	24
nist-pdf-0002	pdf	adaptive	4	20	0	2709	3780	24
nist-pdf-0002	pdf	adaptive	5	20	0	2632	3740	24
nist-pdf-0002	pdf	hist	0	20	0	2334	3720	24
nist-pdf-0002	pdf	hist	1	20	0	2381	3708	24
nist-pdf-0002	pdf	hist	2	20	0	2334	3760	24
nist-pdf-0002	pdf	hist	3	20	0	2490	3772	24
nist-pdf-0002	pdf	hist	4	20	0	2724	3752	24
nist-pdf-0002	pdf	hist	5	20	0	2608	3816	24
nist-pdf-0002	pdf	vole	0	20	0	1865	4652	24
nist-pdf-0002	pdf	vole	1	20	0	1865	4652	24
nist-pdf-0002	pdf	vole	2	20	0	1865	4652	24
nist-pdf-0002	pdf	vole	3	20	0	1865	4652	24
nist-pdf-0002	pdf	vole	4	20	0	1865	4652	24
nist-pdf-0002	pdf	vole	5	20	0	1865	4652	24
nist-pdf-0002	pdf	vole	0	21	0	1815	4652	24
nist-pdf-0002	pdf	vole	1	21	0	1815	4652	24
nist-pdf-0002	pdf	vole	2	21	0	1815	4652	24
nist-pdf-0002	pdf	vole	3	21	0	1815	4652	24
nist-pdf-0002	pdf	vole	4	21	0	1815	4652	24
nist-pdf-0002	pdf	vole	5	21	0	1815	4652	24
nist-pdf-0002	pdf	full	0	21	0	2521	3716	24
nist-pdf-0002	pdf	full	1	21	0	2286	3700	24
nist-pdf-0002	pdf	full	2	21	0	2543	3780	24
nist-pdf-0002	pdf	full	3	21	0	2361	3784	24
nist-pdf-0002	pdf	full	4	21	0	2784	3764	24
nist-pdf-0002	pdf	full	5	21	0	2711	3740	24
nist-pdf-0002	pdf	adaptive	0	21	0	2354	3684	24
nist-pdf-0002	pdf	adaptive	1	21	0	2400	3796	24
nist-pdf-0002	pdf	adaptive	2	21	0	2384	3704	24
nist-pdf-0002	pdf	adaptive	3	21	0	2678	3700	24
nist-pdf-0002	pdf	adaptive	4	21	0	3914	3780	24
nist-pdf-0002	pdf	adaptive	5	21	0	2938	3740	24
nist-pdf-0002	pdf	hist	0	21	0	2519	3720	24
nist-pdf-0002	pdf	hist	1	21	0	2464	3708	24
nist-pdf-0002	pdf	hist	2	21	0	2386	3760	24
nist-pdf-0002	pdf	hist	3	21	0	2499	3772	24
nist-pdf-0002	pdf	hist	4	21	0	2710	3752	24
nist-pdf-0002	pdf	hist	5	21	0	2658	3816	24
nist-pdf-0002	pdf	full	0	22	0	2138	3716	24
nist-pdf-0002	pdf	full	1	22	0	2333	3700	24
nist-pdf-0002	pdf	full	2	22	0	2560	3780	24
nist-pdf-0002	pdf	full	3	22	0	2285	3784	24
nist-pdf-0002	pdf	full	4	22	0	2641	3764	24
nist-pdf-0002	pdf	full	5	22	0	2707	3740	24
nist-pdf-0002	pdf	adaptive	0	22	0	2223	3684	24
nist-pdf-0002	pdf	adaptive	1	22	0	2209	3796	24
nist-pdf-0002	pdf	adaptive	2	22	0	2332	3704	24
nist-pdf-0002	pdf	adaptive	3	22	0	2383	3700	24
nist-pdf-0002	pdf	adaptive	4	22	0	2672	3780	24
nist-pdf-0002	pdf	adaptive	5	22	0	2575	3740	24
nist-pdf-0002	pdf	hist	0	22	0	2335	3720	24
nist-pdf-0002	pdf	hist	1	22	0	2243	3708	24
nist-pdf-0002	pdf	hist	2	22	0	2279	3760	24
nist-pdf-0002	pdf	hist	3	22	0	2335	3772	24
nist-pdf-0002	pdf	hist	4	22	0	2566	3752	24
nist-pdf-0002	pdf	hist	5	22	0	2779	3816	24
nist-pdf-0002	pdf	vole	0	22	0	1802	4652	24
nist-pdf-0002	pdf	vole	1	22	0	1802	4652	24
nist-pdf-0002	pdf	vole	2	22	0	1802	4652	24
nist-pdf-0002	pdf	vole	3	22	0	1802	4652	24
nist-pdf-0002	pdf	vole	4	22	0	1802	4652	24
nist-pdf-0002	pdf	vole	5	22	0	1802	4652	24
nist-pdf-0002	pdf	vole	0	23	0	1909	4652	24
nist-pdf-0002	pdf	vole	1	23	0	1909	4652	24
nist-pdf-0002	pdf	vole	2	23	0	1909	4652	24
nist-pdf-0002	pdf	vole	3	23	0	1909	4652	24
nist-pdf-0002	pdf	vole	4	23	0	1909	4652	24
nist-pdf-0002	pdf	vole	5	23	0	1909	4652	24
nist-pdf-0002	pdf	full	0	23	0	2679	3716	24
nist-pdf-0002	pdf	full	1	23	0	2463	3700	24
nist-pdf-0002	pdf	full	2	23	0	2436	3780	24
nist-pdf-0002	pdf	full	3	23	0	2546	3784	24
nist-pdf-0002	pdf	full	4	23	0	2724	3764	24
nist-pdf-0002	pdf	full	5	23	0	2760	3740	24
nist-pdf-0002	pdf	adaptive	0	23	0	2351	3684	24
nist-pdf-0002	pdf	adaptive	1	23	0	2348	3796	24
nist-pdf-0002	pdf	adaptive	2	23	0	2419	3704	24
nist-pdf-0002	pdf	adaptive	3	23	0	2382	3700	24
nist-pdf-0002	pdf	adaptive	4	23	0	2766	3780	24
nist-pdf-0002	pdf	adaptive	5	23	0	2768	3740	24
nist-pdf-0002	pdf	hist	0	23	0	2450	3720	24
nist-pdf-0002	pdf	hist	1	23	0	2885	3708	24
nist-pdf-0002	pdf	hist	2	23	0	3254	3760	24
nist-pdf-0002	pdf	hist	3	23	0	2759	3772	24
nist-pdf-0002	pdf	hist	4	23	0	3075	3752	24
nist-pdf-0002	pdf	hist	5	23	0	2775	3816	24
nist-pdf-0002	pdf	full	0	24	0	2358	3716	24
nist-pdf-0002	pdf	full	1	24	0	2421	3700	24
nist-pdf-0002	pdf	full	2	24	0	2484	3780	24
nist-pdf-0002	pdf	full	3	24	0	2493	3784	24
nist-pdf-0002	pdf	full	4	24	0	2828	3764	24
nist-pdf-0002	pdf	full	5	24	0	2646	3740	24
nist-pdf-0002	pdf	adaptive	0	24	0	2170	3684	24
nist-pdf-0002	pdf	adaptive	1	24	0	2393	3796	24
nist-pdf-0002	pdf	adaptive	2	24	0	2282	3704	24
nist-pdf-0002	pdf	adaptive	3	24	0	2429	3700	24
nist-pdf-0002	pdf	adaptive	4	24	0	2638	3780	24
nist-pdf-0002	pdf	adaptive	5	24	0	2726	3740	24
nist-pdf-0002	pdf	hist	0	24	0	2183	3720	24
nist-pdf-0002	pdf	hist	1	24	0	2436	3708	24
nist-pdf-0002	pdf	hist	2	24	0	2424	3760	24
nist-pdf-0002	pdf	hist	3	24	0	2442	3772	24
nist-pdf-0002	pdf	hist	4	24	0	2792	3752	24
nist-pdf-0002	pdf	hist	5	24	0	2579	3816	24
nist-pdf-0002	pdf	vole	0	24	0	1845	4652	24
nist-pdf-0002	pdf	vole	1	24	0	1845	4652	24
nist-pdf-0002	pdf	vole	2	24	0	1845	4652	24
nist-pdf-0002	pdf	vole	3	24	0	1845	4652	24
nist-pdf-0002	pdf	vole	4	24	0	1845	4652	24
nist-pdf-0002	pdf	vole	5	24	0	1845	4652	24
nist-pdf-0002	pdf	vole	0	25	0	2940	4652	24
nist-pdf-0002	pdf	vole	1	25	0	2940	4652	24
nist-pdf-0002	pdf	vole	2	25	0	2940	4652	24
nist-pdf-0002	pdf	vole	3	25	0	2940	4652	24
nist-pdf-0002	pdf	vole	4	25	0	2940	4652	24
nist-pdf-0002	pdf	vole	5	25	0	2940	4652	24
nist-pdf-0002	pdf	full	0	25	0	2551	3716	24
nist-pdf-0002	pdf	full	1	25	0	2482	3700	24
nist-pdf-0002	pdf	full	2	25	0	2440	3780	24
nist-pdf-0002	pdf	full	3	25	0	2294	3784	24
nist-pdf-0002	pdf	full	4	25	0	2623	3764	24
nist-pdf-0002	pdf	full	5	25	0	2538	3740	24
nist-pdf-0002	pdf	adaptive	0	25	0	2284	3684	24
nist-pdf-0002	pdf	adaptive	1	25	0	2248	3796	24
nist-pdf-0002	pdf	adaptive	2	25	0	2282	3704	24
nist-pdf-0002	pdf	adaptive	3	25	0	2346	3700	24
nist-pdf-0002	pdf	adaptive	4	25	0	2614	3780	24
nist-pdf-0002	pdf	adaptive	5	25	0	2694	3740	24
nist-pdf-0002	pdf	hist	0	25	0	2289	3720	24
nist-pdf-0002	pdf	hist	1	25	0	2369	3708	24
nist-pdf-0002	pdf	hist	2	25	0	2527	3760	24
nist-pdf-0002	pdf	hist	3	25	0	2432	3772	24
nist-pdf-0002	pdf	hist	4	25	0	2643	3752	24
nist-pdf-0002	pdf	hist	5	25	0	2606	3816	24
nist-pdf-0004	pdf	vole	0	1	0	3492	7872	24
nist-pdf-0004	pdf	vole	1	1	0	3492	7872	24
nist-pdf-0004	pdf	vole	2	1	0	3492	7872	24
nist-pdf-0004	pdf	vole	3	1	0	3492	7872	24
nist-pdf-0004	pdf	vole	4	1	0	3492	7872	24
nist-pdf-0004	pdf	vole	5	1	0	3492	7872	24
nist-pdf-0004	pdf	full	0	1	0	4018	6232	24
nist-pdf-0004	pdf	full	1	1	0	3810	6100	24
nist-pdf-0004	pdf	full	2	1	0	4258	6148	24
nist-pdf-0004	pdf	full	3	1	0	4268	6160	24
nist-pdf-0004	pdf	full	4	1	0	4298	6252	24
nist-pdf-0004	pdf	full	5	1	0	4582	6236	24
nist-pdf-0004	pdf	adaptive	0	1	0	4141	6112	24
nist-pdf-0004	pdf	adaptive	1	1	0	4267	6172	24
nist-pdf-0004	pdf	adaptive	2	1	0	4210	6164	24
nist-pdf-0004	pdf	adaptive	3	1	0	4303	6220	24
nist-pdf-0004	pdf	adaptive	4	1	0	5651	6132	24
nist-pdf-0004	pdf	adaptive	5	1	0	4768	6312	24
nist-pdf-0004	pdf	hist	0	1	0	4268	6200	24
nist-pdf-0004	pdf	hist	1	1	0	4079	6088	24
nist-pdf-0004	pdf	hist	2	1	0	4250	6180	24
nist-pdf-0004	pdf	hist	3	1	0	4413	6188	24
nist-pdf-0004	pdf	hist	4	1	0	4593	6296	24
nist-pdf-0004	pdf	hist	5	1	0	4845	6300	24
nist-pdf-0004	pdf	full	0	2	0	4324	6232	24
nist-pdf-0004	pdf	full	1	2	0	4228	6100	24
nist-pdf-0004	pdf	full	2	2	0	4139	6148	24
nist-pdf-0004	pdf	full	3	2	0	4249	6160	24
nist-pdf-0004	pdf	full	4	2	0	4335	6252	24
nist-pdf-0004	pdf	full	5	2	0	4298	6236	24
nist-pdf-0004	pdf	adaptive	0	2	0	3744	6112	24
nist-pdf-0004	pdf	adaptive	1	2	0	4445	6172	24
nist-pdf-0004	pdf	adaptive	2	2	0	4068	6164	24
nist-pdf-0004	pdf	adaptive	3	2	0	4086	6220	24
nist-pdf-0004	pdf	adaptive	4	2	0	4302	6132	24
nist-pdf-0004	pdf	adaptive	5	2	0	4214	6312	24
nist-pdf-0004	pdf	hist	0	2	0	3803	6200	24
nist-pdf-0004	pdf	hist	1	2	0	3717	6088	24
nist-pdf-0004	pdf	hist	2	2	0	3799	6180	24
nist-pdf-0004	pdf	hist	3	2	0	3957	6188	24
nist-pdf-0004	pdf	hist	4	2	0	4298	6296	24
nist-pdf-0004	pdf	hist	5	2	0	4296	6300	24
nist-pdf-0004	pdf	vole	0	2	0	3342	7872	24
nist-pdf-0004	pdf	vole	1	2	0	3342	7872	24
nist-pdf-0004	pdf	vole	2	2	0	3342	7872	24
nist-pdf-0004	pdf	vole	3	2	0	3342	7872	24
nist-pdf-0004	pdf	vole	4	2	0	3342	7872	24
nist-pdf-0004	pdf	vole	5	2	0	3342	7872	24
nist-pdf-0004	pdf	vole	0	3	0	3441	7872	24
nist-pdf-0004	pdf	vole	1	3	0	3441	7872	24
nist-pdf-0004	pdf	vole	2	3	0	3441	7872	24
nist-pdf-0004	pdf	vole	3	3	0	3441	7872	24
nist-pdf-0004	pdf	vole	4	3	0	3441	7872	24
nist-pdf-0004	pdf	vole	5	3	0	3441	7872	24
nist-pdf-0004	pdf	full	0	3	0	4516	6232	24
nist-pdf-0004	pdf	full	1	3	0	4388	6100	24
nist-pdf-0004	pdf	full	2	3	0	4387	6148	24
nist-pdf-0004	pdf	full	3	3	0	4294	6160	24
nist-pdf-0004	pdf	full	4	3	0	4421	6252	24
nist-pdf-0004	pdf	full	5	3	0	4449	6236	24
nist-pdf-0004	pdf	adaptive	0	3	0	4092	6112	24
nist-pdf-0004	pdf	adaptive	1	3	0	4239	6172	24
nist-pdf-0004	pdf	adaptive	2	3	0	4047	6164	24
nist-pdf-0004	pdf	adaptive	3	3	0	4084	6220	24
nist-pdf-0004	pdf	adaptive	4	3	0	5663	6132	24
nist-pdf-0004	pdf	adaptive	5	3	0	4912	6312	24
nist-pdf-0004	pdf	hist	0	3	0	4105	6200	24
nist-pdf-0004	pdf	hist	1	3	0	4237	6088	24
nist-pdf-0004	pdf	hist	2	3	0	4036	6180	24
nist-pdf-0004	pdf	hist	3	3	0	3977	6188	24
nist-pdf-0004	pdf	hist	4	3	0	4243	6296	24
nist-pdf-0004	pdf	hist	5	3	0	4317	6300	24
nist-pdf-0004	pdf	full	0	4	0	4122	6232	24
nist-pdf-0004	pdf	full	1	4	0	3880	6100	24
nist-pdf-0004	pdf	full	2	4	0	4068	6148	24
nist-pdf-0004	pdf	full	3	4	0	4101	6160	24
nist-pdf-0004	pdf	full	4	4	0	4333	6252	24
nist-pdf-0004	pdf	full	5	4	0	4244	6236	24
nist-pdf-0004	pdf	adaptive	0	4	0	4173	6112	24
nist-pdf-0004	pdf	adaptive	1	4	0	4119	6172	24
nist-pdf-0004	pdf	adaptive	2	4	0	4109	6164	24
nist-pdf-0004	pdf	adaptive	3	4	0	4499	6220	24
nist-pdf-0004	pdf	adaptive	4	4	0	5297	6132	24
nist-pdf-0004	pdf	adaptive	5	4	0	4970	6312	24
nist-pdf-0004	pdf	hist	0	4	0	3861	6200	24
nist-pdf-0004	pdf	hist	1	4	0	3794	6088	24
nist-pdf-0004	pdf	hist	2	4	0	4107	6180	24
nist-pdf-0004	pdf	hist	3	4	0	4341	6188	24
nist-pdf-0004	pdf	hist	4	4	0	4308	6296	24
nist-pdf-0004	pdf	hist	5	4	0	4204	6300	24
nist-pdf-0004	pdf	vole	0	4	0	3364	7872	24
nist-pdf-0004	pdf	vole	1	4	0	3364	7872	24
nist-pdf-0004	pdf	vole	2	4	0	3364	7872	24
nist-pdf-0004	pdf	vole	3	4	0	3364	7872	24
nist-pdf-0004	pdf	vole	4	4	0	3364	7872	24
nist-pdf-0004	pdf	vole	5	4	0	3364	7872	24
nist-pdf-0004	pdf	vole	0	5	0	3433	7872	24
nist-pdf-0004	pdf	vole	1	5	0	3433	7872	24
nist-pdf-0004	pdf	vole	2	5	0	3433	7872	24
nist-pdf-0004	pdf	vole	3	5	0	3433	7872	24
nist-pdf-0004	pdf	vole	4	5	0	3433	7872	24
nist-pdf-0004	pdf	vole	5	5	0	3433	7872	24
nist-pdf-0004	pdf	full	0	5	0	4382	6232	24
nist-pdf-0004	pdf	full	1	5	0	4135	6100	24
nist-pdf-0004	pdf	full	2	5	0	4239	6148	24
nist-pdf-0004	pdf	full	3	5	0	4197	6160	24
nist-pdf-0004	pdf	full	4	5	0	4605	6252	24
nist-pdf-0004	pdf	full	5	5	0	4479	6236	24
nist-pdf-0004	pdf	adaptive	0	5	0	5389	6112	24
nist-pdf-0004	pdf	adaptive	1	5	0	4499	6172	24
nist-pdf-0004	pdf	adaptive	2	5	0	4096	6164	24
nist-pdf-0004	pdf	adaptive	3	5	0	4172	6220	24
nist-pdf-0004	pdf	adaptive	4	5	0	4597	6132	24
nist-pdf-0004	pdf	adaptive	5	5	0	4547	6312	24
nist-pdf-0004	pdf	hist	0	5	0	3846	6200	24
nist-pdf-0004	pdf	hist	1	5	0	3854	6088	24
nist-pdf-0004	pdf	hist	2	5	0	3856	6180	24
nist-pdf-0004	pdf	hist	3	5	0	3900	6188	24
nist-pdf-0004	pdf	hist	4	5	0	4301	6296	24
nist-pdf-0004	pdf	hist	5	5	0	4162	6300	24
nist-pdf-0004	pdf	full	0	6	0	4887	6232	24
nist-pdf-0004	pdf	full	1	6	0	4276	6100	24
nist-pdf-0004	pdf	full	2	6	0	4205	6148	24
nist-pdf-0004	pdf	full	3	6	0	3870	6160	24
nist-pdf-0004	pdf	full	4	6	0	4657	6252	24
nist-pdf-0004	pdf	full	5	6	0	4884	6236	24
nist-pdf-0004	pdf	adaptive	0	6	0	4192	6112	24
nist-pdf-0004	pdf	adaptive	1	6	0	4275	6172	24
nist-pdf-0004	pdf	adaptive	2	6	0	4117	6164	24
nist-pdf-0004	pdf	adaptive	3	6	0	3951	6220	24
nist-pdf-0004	pdf	adaptive	4	6	0	4248	6132	24
nist-pdf-0004	pdf	adaptive	5	6	0	4284	6312	24
nist-pdf-0004	pdf	hist	0	6	0	4060	6200	24
nist-pdf-0004	pdf	hist	1	6	0	3960	6088	24
nist-pdf-0004	pdf	hist	2	6	0	4092	6180	24
nist-pdf-0004	pdf	hist	3	6	0	4736	6188	24
nist-pdf-0004	pdf	hist	4	6	0	4434	6296	24
nist-pdf-0004	pdf	hist	5	6	0	4230	6300	24
nist-pdf-0004	pdf	vole	0	6	0	3361	7872	24
nist-pdf-0004	pdf	vole	1	6	0	3361	7872	24
nist-pdf-0004	pdf	vole	2	6	0	3361	7872	24
nist-pdf-0004	pdf	vole	3	6	0	3361	7872	24
nist-pdf-0004	pdf	vole	4	6	0	3361	7872	24
nist-pdf-0004	pdf	vole	5	6	0	3361	7872	24
nist-pdf-0004	pdf	vole	0	7	0	3300	7872	24
nist-pdf-0004	pdf	vole	1	7	0	3300	7872	24
nist-pdf-0004	pdf	vole	2	7	0	3300	7872	24
nist-pdf-0004	pdf	vole	3	7	0	3300	7872	24
nist-pdf-0004	pdf	vole	4	7	0	3300	7872	24
nist-pdf-0004	pdf	vole	5	7	0	3300	7872	24
nist-pdf-0004	pdf	full	0	7	0	4124	6232	24
nist-pdf-0004	pdf	full	1	7	0	4422	6100	24
nist-pdf-0004	pdf	full	2	7	0	4221	6148	24
nist-pdf-0004	pdf	full	3	7	0	3952	6160	24
nist-pdf-0004	pdf	full	4	7	0	4625	6252	24
nist-pdf-0004	pdf	full	5	7	0	4448	6236	24
nist-pdf-0004	pdf	adaptive	0	7	0	3962	6112	24
nist-pdf-0004	pdf	adaptive	1	7	0	4125	6172	24
nist-pdf-0004	pdf	adaptive	2	7	0	4203	6164	24
nist-pdf-0004	pdf	adaptive	3	7	0	6106	6220	24
nist-pdf-0004	pdf	adaptive	4	7	0	4949	6132	24
nist-pdf-0004	pdf	adaptive	5	7	0	4520	6312	24
nist-pdf-0004	pdf	hist	0	7	0	4393	6200	24
nist-pdf-0004	pdf	hist	1	7	0	4469	6088	24
nist-pdf-0004	pdf	hist	2	7	0	4032	6180	24
nist-pdf-0004	pdf	hist	3	7	0	3997	6188	24
nist-pdf-0004	pdf	hist	4	7	0	4243	6296	24
nist-pdf-0004	pdf	hist	5	7	0	4308	6300	24
nist-pdf-0004	pdf	full	0	8	0	3841	6232	24
nist-pdf-0004	pdf	full	1	8	0	3843	6100	24
nist-pdf-0004	pdf	full	2	8	0	4181	6148	24
nist-pdf-0004	pdf	full	3	8	0	4247	6160	24
nist-pdf-0004	pdf	full	4	8	0	4756	6252	24
nist-pdf-0004	pdf	full	5	8	0	4517	6236	24
nist-pdf-0004	pdf	adaptive	0	8	0	4015	6112	24
nist-pdf-0004	pdf	adaptive	1	8	0	4186	6172	24
nist-pdf-0004	pdf	adaptive	2	8	0	4529	6164	24
nist-pdf-0004	pdf	adaptive	3	8	0	4662	6220	24
nist-pdf-0004	pdf	adaptive	4	8	0	4455	6132	24
nist-pdf-0004	pdf	adaptive	5	8	0	4368	6312	24
nist-pdf-0004	pdf	hist	0	8	0	4645	6200	24
nist-pdf-0004	pdf	hist	1	8	0	4598	6088	24
nist-pdf-0004	pdf	hist	2	8	0	5006	6180	24
nist-pdf-0004	pdf	hist	3	8	0	4381	6188	24
nist-pdf-0004	pdf	hist	4	8	0	4294	6296	24
nist-pdf-0004	pdf	hist	5	8	0	4671	6300	24
nist-pdf-0004	pdf	vole	0	8	0	3449	7872	24
nist-pdf-0004	pdf	vole	1	8	0	3449	7872	24
nist-pdf-0004	pdf	vole	2	8	0	3449	7872	24
nist-pdf-0004	pdf	vole	3	8	0	3449	7872	24
nist-pdf-0004	pdf	vole	4	8	0	3449	7872	24
nist-pdf-0004	pdf	vole	5	8	0	3449	7872	24
nist-pdf-0004	pdf	vole	0	9	0	3561	7872	24
nist-pdf-0004	pdf	vole	1	9	0	3561	7872	24
nist-pdf-0004	pdf	vole	2	9	0	3561	7872	24
nist-pdf-0004	pdf	vole	3	9	0	3561	7872	24
nist-pdf-0004	pdf	vole	4	9	0	3561	7872	24
nist-pdf-0004	pdf	vole	5	9	0	3561	7872	24
nist-pdf-0004	pdf	full	0	9	0	4342	6232	24
nist-pdf-0004	pdf	full	1	9	0	4048	6100	24
nist-pdf-0004	pdf	full	2	9	0	4263	6148	24
nist-pdf-0004	pdf	full	3	9	0	4188	6160	24
nist-pdf-0004	pdf	full	4	9	0	4487	6252	24
nist-pdf-0004	pdf	full	5	9	0	4280	6236	24
nist-pdf-0004	pdf	adaptive	0	9	0	3833	6112	24
nist-pdf-0004	pdf	adaptive	1	9	0	4297	6172	24
nist-pdf-0004	pdf	adaptive	2	9	0	4085	6164	24
nist-pdf-0004	pdf	adaptive	3	9	0	4065	6220	24
nist-pdf-0004	pdf	adaptive	4	9	0	4120	6132	24
nist-pdf-0004	pdf	adaptive	5	9	0	4575	6312	24
nist-pdf-0004	pdf	hist	0	9	0	5054	6200	24
nist-pdf-0004	pdf	hist	1	9	0	4719	6088	24
nist-pdf-0004	pdf	hist	2	9	0	4716	6180	24
nist-pdf-0004	pdf	hist	3	9	0	4361	6188	24
nist-pdf-0004	pdf	hist	4	9	0	4446	6296	24
nist-pdf-0004	pdf	hist	5	9	0	4904	6300	24
nist-pdf-0004	pdf	full	0	10	0	4100	6232	24
nist-pdf-0004	pdf	full	1	10	0	4180	6100	24
nist-pdf-0004	pdf	full	2	10	0	3941	6148	24
nist-pdf-0004	pdf	full	3	10	0	4253	6160	24
nist-pdf-0004	pdf	full	4	10	0	4417	6252	24
nist-pdf-0004	pdf	full	5	10	0	6409	6236	24
nist-pdf-0004	pdf	adaptive	0	10	0	4675	6112	24
nist-pdf-0004	pdf	adaptive	1	10	0	4078	6172	24
nist-pdf-0004	pdf	adaptive	2	10	0	4311	6164	24
nist-pdf-0004	pdf	adaptive	3	10	0	4639	6220	24
nist-pdf-0004	pdf	adaptive	4	10	0	4501	6132	24
nist-pdf-0004	pdf	adaptive	5	10	0	4381	6312	24
nist-pdf-0004	pdf	hist	0	10	0	4365	6200	24
nist-pdf-0004	pdf	hist	1	10	0	4285	6088	24
nist-pdf-0004	pdf	hist	2	10	0	4611	6180	24
nist-pdf-0004	pdf	hist	3	10	0	4266	6188	24
nist-pdf-0004	pdf	hist	4	10	0	4844	6296	24
nist-pdf-0004	pdf	hist	5	10	0	4266	6300	24
nist-pdf-0004	pdf	vole	0	10	0	3398	7872	24
nist-pdf-0004	pdf	vole	1	10	0	3398	7872	24
nist-pdf-0004	pdf	vole	2	10	0	3398	7872	24
nist-pdf-0004	pdf	vole	3	10	0	3398	7872	24
nist-pdf-0004	pdf	vole	4	10	0	3398	7872	24
nist-pdf-0004	pdf	vole	5	10	0	3398	7872	24
nist-pdf-0004	pdf	vole	0	11	0	3336	7872	24
nist-pdf-0004	pdf	vole	1	11	0	3336	7872	24
nist-pdf-0004	pdf	vole	2	11	0	3336	7872	24
nist-pdf-0004	pdf	vole	3	11	0	3336	7872	24
nist-pdf-0004	pdf	vole	4	11	0	3336	7872	24
nist-pdf-0004	pdf	vole	5	11	0	3336	7872	24
nist-pdf-0004	pdf	full	0	11	0	4225	6232	24
nist-pdf-0004	pdf	full	1	11	0	3831	6100	24
nist-pdf-0004	pdf	full	2	11	0	4087	6148	24
nist-pdf-0004	pdf	full	3	11	0	4156	6160	24
nist-pdf-0004	pdf	full	4	11	0	4312	6252	24
nist-pdf-0004	pdf	full	5	11	0	4458	6236	24
nist-pdf-0004	pdf	adaptive	0	11	0	4195	6112	24
nist-pdf-0004	pdf	adaptive	1	11	0	3791	6172	24
nist-pdf-0004	pdf	adaptive	2	11	0	3896	6164	24
nist-pdf-0004	pdf	adaptive	3	11	0	3833	6220	24
nist-pdf-0004	pdf	adaptive	4	11	0	4327	6132	24
nist-pdf-0004	pdf	adaptive	5	11	0	4143	6312	24
nist-pdf-0004	pdf	hist	0	11	0	3841	6200	24
nist-pdf-0004	pdf	hist	1	11	0	4584	6088	24
nist-pdf-0004	pdf	hist	2	11	0	4100	6180	24
nist-pdf-0004	pdf	hist	3	11	0	4216	6188	24
nist-pdf-0004	pdf	hist	4	11	0	4820	6296	24
nist-pdf-0004	pdf	hist	5	11	0	4738	6300	24
nist-pdf-0004	pdf	full	0	12	0	4255	6232	24
nist-pdf-0004	pdf	full	1	12	0	4157	6100	24
nist-pdf-0004	pdf	full	2	12	0	3975	6148	24
nist-pdf-0004	pdf	full	3	12	0	4085	6160	24
nist-pdf-0004	pdf	full	4	12	0	4427	6252	24
nist-pdf-0004	pdf	full	5	12	0	4157	6236	24
nist-pdf-0004	pdf	adaptive	0	12	0	3793	6112	24
nist-pdf-0004	pdf	adaptive	1	12	0	4233	6172	24
nist-pdf-0004	pdf	adaptive	2	12	0	4491	6164	24
nist-pdf-0004	pdf	adaptive	3	12	0	3973	6220	24
nist-pdf-0004	pdf	adaptive	4	12	0	4332	6132	24
nist-pdf-0004	pdf	adaptive	5	12	0	4125	6312	24
nist-pdf-0004	pdf	hist	0	12	0	3754	6200	24
nist-pdf-0004	pdf	hist	1	12	0	4054	6088	24
nist-pdf-0004	pdf	hist	2	12	0	3904	6180	24
nist-pdf-0004	pdf	hist	3	12	0	3859	6188	24
nist-pdf-0004	pdf	hist	4	12	0	4447	6296	24
nist-pdf-0004	pdf	hist	5	12	0	4413	6300	24
nist-pdf-0004	pdf	vole	0	12	0	3483	7872	24
nist-pdf-0004	pdf	vole	1	12	0	3483	7872	24
nist-pdf-0004	pdf	vole	2	12	0	3483	7872	24
nist-pdf-0004	pdf	vole	3	12	0	3483	7872	24
nist-pdf-0004	pdf	vole	4	12	0	3483	7872	24
nist-pdf-0004	pdf	vole	5	12	0	3483	7872	24
nist-pdf-0004	pdf	vole	0	13	0	3710	7872	24
nist-pdf-0004	pdf	vole	1	13	0	3710	7872	24
nist-pdf-0004	pdf	vole	2	13	0	3710	7872	24
nist-pdf-0004	pdf	vole	3	13	0	3710	7872	24
nist-pdf-0004	pdf	vole	4	13	0	3710	7872	24
nist-pdf-0004	pdf	vole	5	13	0	3710	7872	24
nist-pdf-0004	pdf	full	0	13	0	4689	6232	24
nist-pdf-0004	pdf	full	1	13	0	4150	6100	24
nist-pdf-0004	pdf	full	2	13	0	4500	6148	24
nist-pdf-0004	pdf	full	3	13	0	4296	6160	24
nist-pdf-0004	pdf	full	4	13	0	4558	6252	24
nist-pdf-0004	pdf	full	5	13	0	4483	6236	24
nist-pdf-0004	pdf	adaptive	0	13	0	4030	6112	24
nist-pdf-0004	pdf	adaptive	1	13	0	3909	6172	24
nist-pdf-0004	pdf	adaptive	2	13	0	4028	6164	24
nist-pdf-0004	pdf	adaptive	3	13	0	3797	6220	24
nist-pdf-0004	pdf	adaptive	4	13	0	4354	6132	24
nist-pdf-0004	pdf	adaptive	5	13	0	4217	6312	24
nist-pdf-0004	pdf	hist	0	13	0	4019	6200	24
nist-pdf-0004	pdf	hist	1	13	0	3963	6088	24
nist-pdf-0004	pdf	hist	2	13	0	4736	6180	24
nist-pdf-0004	pdf	hist	3	13	0	4322	6188	24
nist-pdf-0004	pdf	hist	4	13	0	4734	6296	24
nist-pdf-0004	pdf	hist	5	13	0	4696	6300	24
nist-pdf-0004	pdf	full	0	14	0	4044	6232	24
nist-pdf-0004	pdf	full	1	14	0	4117	6100	24
nist-pdf-0004	pdf	full	2	14	0	4389	6148	24
nist-pdf-0004	pdf	full	3	14	0	3960	6160	24
nist-pdf-0004	pdf	full	4	14	0	4424	6252	24
nist-pdf-0004	pdf	full	5	14	0	4709	6236	24
nist-pdf-0004	pdf	adaptive	0	14	0	4322	6112	24
nist-pdf-0004	pdf	adaptive	1	14	0	4158	6172	24
nist-pdf-0004	pdf	adaptive	2	14	0	4000	6164	24
nist-pdf-0004	pdf	adaptive	3	14	0	3858	6220	24
nist-pdf-0004	pdf	adaptive	4	14	0	4259	6132	24
nist-pdf-0004	pdf	adaptive	5	14	0	4175	6312	24
nist-pdf-0004	pdf	hist	0	14	0	3907	6200	24
nist-pdf-0004	pdf	hist	1	14	0	3830	6088	24
nist-pdf-0004	pdf	hist	2	14	0	3887	6180	24
nist-pdf-0004	pdf	hist	3	14	0	4034	6188	24
nist-pdf-0004	pdf	hist	4	14	0	5977	6296	24
nist-pdf-0004	pdf	hist	5	14	0	4837	6300	24
nist-pdf-0004	pdf	vole	0	14	0	3659	7872	24
nist-pdf-0004	pdf	vole	1	14	0	3659	7872	24
nist-pdf-0004	pdf	vole	2	14	0	3659	7872	24
nist-pdf-0004	pdf	vole	3	14	0	3659	7872	24
nist-pdf-0004	pdf	vole	4	14	0	3659	7872	24
nist-pdf-0004	pdf	vole	5	14	0	3659	7872	24
nist-pdf-0004	pdf	vole	0	15	0	3696	7872	24
nist-pdf-0004	pdf	vole	1	15	0	3696	7872	24
nist-pdf-0004	pdf	vole	2	15	0	3696	7872	24
nist-pdf-0004	pdf	vole	3	15	0	3696	7872	24
nist-pdf-0004	pdf	vole	4	15	0	3696	7872	24
nist-pdf-0004	pdf	vole	5	15	0	3696	7872	24
nist-pdf-0004	pdf	full	0	15	0	4242	6232	24
nist-pdf-0004	pdf	full	1	15	0	4090	6100	24
nist-pdf-0004	pdf	full	2	15	0	4289	6148	24
nist-pdf-0004	pdf	full	3	15	0	4430	6160	24
nist-pdf-0004	pdf	full	4	15	0	4505	6252	24
nist-pdf-0004	pdf	full	5	15	0	4457	6236	24
nist-pdf-0004	pdf	adaptive	0	15	0	3859	6112	24
nist-pdf-0004	pdf	adaptive	1	15	0	4377	6172	24
nist-pdf-0004	pdf	adaptive	2	15	0	4598	6164	24
nist-pdf-0004	pdf	adaptive	3	15	0	3994	6220	24
nist-pdf-0004	pdf	adaptive	4	15	0	4272	6132	24
nist-pdf-0004	pdf	adaptive	5	15	0	4148	6312	24
nist-pdf-0004	pdf	hist	0	15	0	3903	6200	24
nist-pdf-0004	pdf	hist	1	15	0	3779	6088	24
nist-pdf-0004	pdf	hist	2	15	0	3936	6180	24
nist-pdf-0004	pdf	hist	3	15	0	4488	6188	24
nist-pdf-0004	pdf	hist	4	15	0	4507	6296	24
nist-pdf-0004	pdf	hist	5	15	0	4319	6300	24
nist-pdf-0004	pdf	full	0	16	0	3835	6232	24
nist-pdf-0004	pdf	full	1	16	0	3754	6100	24
nist-pdf-0004	pdf	full	2	16	0	4251	6148	24
nist-pdf-0004	pdf	full	3	16	0	4110	6160	24
nist-pdf-0004	pdf	full	4	16	0	4794	6252	24
nist-pdf-0004	pdf	full	5	16	0	6097	6236	24
nist-pdf-0004	pdf	adaptive	0	16	0	4743	6112	24
nist-pdf-0004	pdf	adaptive	1	16	0	4566	6172	24
nist-pdf-0004	pdf	adaptive	2	16	0	4169	6164	24
nist-pdf-0004	pdf	adaptive	3	16	0	4572	6220	24
nist-pdf-0004	pdf	adaptive	4	16	0	4775	6132	24
nist-pdf-0004	pdf	adaptive	5	16	0	4220	6312	24
nist-pdf-0004	pdf	hist	0	16	0	3917	6200	24
nist-pdf-0004	pdf	hist	1	16	0	4079	6088	24
nist-pdf-0004	pdf	hist	2	16	0	4589	6180	24
nist-pdf-0004	pdf	hist	3	16	0	4167	6188	24
nist-pdf-0004	pdf	hist	4	16	0	4782	6296	24
nist-pdf-0004	pdf	hist	5	16	0	4756	6300	24
nist-pdf-0004	pdf	vole	0	16	0	3476	7872	24
nist-pdf-0004	pdf	vole	1	16	0	3476	7872	24
nist-pdf-0004	pdf	vole	2	16	0	3476	7872	24
nist-pdf-0004	pdf	vole	3	16	0	3476	7872	24
nist-pdf-0004	pdf	vole	4	16	0	3476	7872	24
nist-pdf-0004	pdf	vole	5	16	0	3476	7872	24
nist-pdf-0004	pdf	vole	0	17	0	3420	7872	24
nist-pdf-0004	pdf	vole	1	17	0	3420	7872	24
nist-pdf-0004	pdf	vole	2	17	0	3420	7872	24
nist-pdf-0004	pdf	vole	3	17	0	3420	7872	24
nist-pdf-0004	pdf	vole	4	17	0	3420	7872	24
nist-pdf-0004	pdf	vole	5	17	0	3420	7872	24
nist-pdf-0004	pdf	full	0	17	0	4169	6232	24
nist-pdf-0004	pdf	full	1	17	0	4869	6100	24
nist-pdf-0004	pdf	full	2	17	0	4395	6148	24
nist-pdf-0004	pdf	full	3	17	0	4183	6160	24
nist-pdf-0004	pdf	full	4	17	0	4838	6252	24
nist-pdf-0004	pdf	full	5	17	0	4713	6236	24
nist-pdf-0004	pdf	adaptive	0	17	0	3977	6112	24
nist-pdf-0004	pdf	adaptive	1	17	0	4165	6172	24
nist-pdf-0004	pdf	adaptive	2	17	0	4018	6164	24
nist-pdf-0004	pdf	adaptive	3	17	0	4343	6220	24
nist-pdf-0004	pdf	adaptive	4	17	0	4698	6132	24
nist-pdf-0004	pdf	adaptive	5	17	0	4425	6312	24
nist-pdf-0004	pdf	hist	0	17	0	3895	6200	24
nist-pdf-0004	pdf	hist	1	17	0	4075	6088	24
nist-pdf-0004	pdf	hist	2	17	0	4022	6180	24
nist-pdf-0004	pdf	hist	3	17	0	3936	6188	24
nist-pdf-0004	pdf	hist	4	17	0	4169	6296	24
nist-pdf-0004	pdf	hist	5	17	0	4174	6300	24
nist-pdf-0004	pdf	full	0	18	0	3989	6232	24
nist-pdf-0004	pdf	full	1	18	0	4113	6100	24
nist-pdf-0004	pdf	full	2	18	0	4380	6148	24
nist-pdf-0004	pdf	full	3	18	0	4729	6160	24
nist-pdf-0004	pdf	full	4	18	0	5050	6252	24
nist-pdf-0004	pdf	full	5	18	0	4778	6236	24
nist-pdf-0004	pdf	adaptive	0	18	0	3940	6112	24
nist-pdf-0004	pdf	adaptive	1	18	0	3899	6172	24
nist-pdf-0004	pdf	adaptive	2	18	0	4386	6164	24
nist-pdf-0004	pdf	adaptive	3	18	0	4516	6220	24
nist-pdf-0004	pdf	adaptive	4	18	0	4709	6132	24
nist-pdf-0004	pdf	adaptive	5	18	0	4905	6312	24
nist-pdf-0004	pdf	hist	0	18	0	4240	6200	24
nist-pdf-0004	pdf	hist	1	18	0	3966	6088	24
nist-pdf-0004	pdf	hist	2	18	0	3972	6180	24
nist-pdf-0004	pdf	hist	3	18	0	4242	6188	24
nist-pdf-0004	pdf	hist	4	18	0	4845	6296	24
nist-pdf-0004	pdf	hist	5	18	0	4891	6300	24
nist-pdf-0004	pdf	vole	0	18	0	3486	7872	24
nist-pdf-0004	pdf	vole	1	18	0	3486	7872	24
nist-pdf-0004	pdf	vole	2	18	0	3486	7872	24
nist-pdf-0004	pdf	vole	3	18	0	3486	7872	24
nist-pdf-0004	pdf	vole	4	18	0	3486	7872	24
nist-pdf-0004	pdf	vole	5	18	0	3486	7872	24
nist-pdf-0004	pdf	vole	0	19	0	3626	7872	24
nist-pdf-0004	pdf	vole	1	19	0	3626	7872	24
nist-pdf-0004	pdf	vole	2	19	0	3626	7872	24
nist-pdf-0004	pdf	vole	3	19	0	3626	7872	24
nist-pdf-0004	pdf	vole	4	19	0	3626	7872	24
nist-pdf-0004	pdf	vole	5	19	0	3626	7872	24
nist-pdf-0004	pdf	full	0	19	0	4616	6232	24
nist-pdf-0004	pdf	full	1	19	0	4134	6100	24
nist-pdf-0004	pdf	full	2	19	0	3991	6148	24
nist-pdf-0004	pdf	full	3	19	0	3891	6160	24
nist-pdf-0004	pdf	full	4	19	0	4475	6252	24
nist-pdf-0004	pdf	full	5	19	0	4325	6236	24
nist-pdf-0004	pdf	adaptive	0	19	0	3926	6112	24
nist-pdf-0004	pdf	adaptive	1	19	0	4110	6172	24
nist-pdf-0004	pdf	adaptive	2	19	0	5109	6164	24
nist-pdf-0004	pdf	adaptive	3	19	0	4570	6220	24
nist-pdf-0004	pdf	adaptive	4	19	0	4987	6132	24
nist-pdf-0004	pdf	adaptive	5	19	0	4491	6312	24
nist-pdf-0004	pdf	hist	0	19	0	4018	6200	24
nist-pdf-0004	pdf	hist	1	19	0	4359	6088	24
nist-pdf-0004	pdf	hist	2	19	0	4316	6180	24
nist-pdf-0004	pdf	hist	3	19	0	4492	6188	24
nist-pdf-0004	pdf	hist	4	19	0	4566	6296	24
nist-pdf-0004	pdf	hist	5	19	0	4994	6300	24
nist-pdf-0004	pdf	full	0	20	0	4234	6232	24
nist-pdf-0004	pdf	full	1	20	0	4220	6100	24
nist-pdf-0004	pdf	full	2	20	0	4029	6148	24
nist-pdf-0004	pdf	full	3	20	0	3866	6160	24
nist-pdf-0004	pdf	full	4	20	0	4168	6252	24
nist-pdf-0004	pdf	full	5	20	0	4162	6236	24
nist-pdf-0004	pdf	adaptive	0	20	0	3755	6112	24
nist-pdf-0004	pdf	adaptive	1	20	0	4187	6172	24
nist-pdf-0004	pdf	adaptive	2	20	0	4172	6164	24
nist-pdf-0004	pdf	adaptive	3	20	0	4214	6220	24
nist-pdf-0004	pdf	adaptive	4	20	0	4385	6132	24
nist-pdf-0004	pdf	adaptive	5	20	0	5404	6312	24
nist-pdf-0004	pdf	hist	0	20	0	4345	6200	24
nist-pdf-0004	pdf	hist	1	20	0	4494	6088	24
nist-pdf-0004	pdf	hist	2	20	0	4945	6180	24
nist-pdf-0004	pdf	hist	3	20	0	4171	6188	24
nist-pdf-0004	pdf	hist	4	20	0	4294	6296	24
nist-pdf-0004	pdf	hist	5	20	0	4256	6300	24
nist-pdf-0004	pdf	vole	0	20	0	3673	7872	24
nist-pdf-0004	pdf	vole	1	20	0	3673	7872	24
nist-pdf-0004	pdf	vole	2	20	0	3673	7872	24
nist-pdf-0004	pdf	vole	3	20	0	3673	7872	24
nist-pdf-0004	pdf	vole	4	20	0	3673	7872	24
nist-pdf-0004	pdf	vole	5	20	0	3673	7872	24
nist-pdf-0004	pdf	vole	0	21	0	3627	7872	24
nist-pdf-0004	pdf	vole	1	21	0	3627	7872	24
nist-pdf-0004	pdf	vole	2	21	0	3627	7872	24
nist-pdf-0004	pdf	vole	3	21	0	3627	7872	24
nist-pdf-0004	pdf	vole	4	21	0	3627	7872	24
nist-pdf-0004	pdf	vole	5	21	0	3627	7872	24
nist-pdf-0004	pdf	full	0	21	0	4450	6232	24
nist-pdf-0004	pdf	full	1	21	0	4071	6100	24
nist-pdf-0004	pdf	full	2	21	0	4549	6148	24
nist-pdf-0004	pdf	full	3	21	0	3986	6160	24
nist-pdf-0004	pdf	full	4	21	0	4382	6252	24
nist-pdf-0004	pdf	full	5	21	0	4574	6236	24
nist-pdf-0004	pdf	adaptive	0	21	0	4607	6112	24
nist-pdf-0004	pdf	adaptive	1	21	0	4106	6172	24
nist-pdf-0004	pdf	adaptive	2	21	0	4590	6164	24
nist-pdf-0004	pdf	adaptive	3	21	0	4137	6220	24
nist-pdf-0004	pdf	adaptive	4	21	0	4671	6132	24
nist-pdf-0004	pdf	adaptive	5	21	0	4507	6312	24
nist-pdf-0004	pdf	hist	0	21	0	4089	6200	24
nist-pdf-0004	pdf	hist	1	21	0	4336	6088	24
nist-pdf-0004	pdf	hist	2	21	0	4047	6180	24
nist-pdf-0004	pdf	hist	3	21	0	3929	6188	24
nist-pdf-0004	pdf	hist	4	21	0	4928	6296	24
nist-pdf-0004	pdf	hist	5	21	0	4764	6300	24
nist-pdf-0004	pdf	full	0	22	0	4316	6232	24
nist-pdf-0004	pdf	full	1	22	0	4390	6100	24
nist-pdf-0004	pdf	full	2	22	0	3981	6148	24
nist-pdf-0004	pdf	full	3	22	0	4061	6160	24
nist-pdf-0004	pdf	full	4	22	0	4168	6252	24
nist-pdf-0004	pdf	full	5	22	0	4148	6236	24
nist-pdf-0004	pdf	adaptive	0	22	0	3691	6112	24
nist-pdf-0004	pdf	adaptive	1	22	0	3701	6172	24
nist-pdf-0004	pdf	adaptive	2	22	0	3761	6164	24
nist-pdf-0004	pdf	adaptive	3	22	0	3812	6220	24
nist-pdf-0004	pdf	adaptive	4	22	0	4530	6132	24
nist-pdf-0004	pdf	adaptive	5	22	0	4401	6312	24
nist-pdf-0004	pdf	hist	0	22	0	3847	6200	24
nist-pdf-0004	pdf	hist	1	22	0	5016	6088	24
nist-pdf-0004	pdf	hist	2	22	0	4395	6180	24
nist-pdf-0004	pdf	hist	3	22	0	4388	6188	24
nist-pdf-0004	pdf	hist	4	22	0	5183	6296	24
nist-pdf-0004	pdf	hist	5	22	0	4877	6300	24
nist-pdf-0004	pdf	vole	0	22	0	3565	7872	24
nist-pdf-0004	pdf	vole	1	22	0	3565	7872	24
nist-pdf-0004	pdf	vole	2	22	0	3565	7872	24
nist-pdf-0004	pdf	vole	3	22	0	3565	7872	24
nist-pdf-0004	pdf	vole	4	22	0	3565	7872	24
nist-pdf-0004	pdf	vole	5	22	0	3565	7872	24
nist-pdf-0004	pdf	vole	0	23	0	3506	7872	24
nist-pdf-0004	pdf	vole	1	23	0	3506	7872	24
nist-pdf-0004	pdf	vole	2	23	0	3506	7872	24
nist-pdf-0004	pdf	vole	3	23	0	3506	7872	24
nist-pdf-0004	pdf	vole	4	23	0	3506	7872	24
nist-pdf-0004	pdf	vole	5	23	0	3506	7872	24
nist-pdf-0004	pdf	full	0	23	0	4361	6232	24
nist-pdf-0004	pdf	full	1	23	0	3900	6100	24
nist-pdf-0004	pdf	full	2	23	0	4304	6148	24
nist-pdf-0004	pdf	full	3	23	0	4178	6160	24
nist-pdf-0004	pdf	full	4	23	0	4279	6252	24
nist-pdf-0004	pdf	full	5	23	0	4210	6236	24
nist-pdf-0004	pdf	adaptive	0	23	0	4271	6112	24
nist-pdf-0004	pdf	adaptive	1	23	0	3848	6172	24
nist-pdf-0004	pdf	adaptive	2	23	0	3911	6164	24
nist-pdf-0004	pdf	adaptive	3	23	0	3885	6220	24
nist-pdf-0004	pdf	adaptive	4	23	0	4071	6132	24
nist-pdf-0004	pdf	adaptive	5	23	0	4081	6312	24
nist-pdf-0004	pdf	hist	0	23	0	3813	6200	24
nist-pdf-0004	pdf	hist	1	23	0	3873	6088	24
nist-pdf-0004	pdf	hist	2	23	0	4399	6180	24
nist-pdf-0004	pdf	hist	3	23	0	5581	6188	24
nist-pdf-0004	pdf	hist	4	23	0	5076	6296	24
nist-pdf-0004	pdf	hist	5	23	0	4837	6300	24
nist-pdf-0004	pdf	full	0	24	0	3950	6232	24
nist-pdf-0004	pdf	full	1	24	0	3908	6100	24
nist-pdf-0004	pdf	full	2	24	0	4158	6148	24
nist-pdf-0004	pdf	full	3	24	0	4051	6160	24
nist-pdf-0004	pdf	full	4	24	0	4632	6252	24
nist-pdf-0004	pdf	full	5	24	0	4796	6236	24
nist-pdf-0004	pdf	adaptive	0	24	0	4084	6112	24
nist-pdf-0004	pdf	adaptive	1	24	0	4224	6172	24
nist-pdf-0004	pdf	adaptive	2	24	0	4252	6164	24
nist-pdf-0004	pdf	adaptive	3	24	0	4500	6220	24
nist-pdf-0004	pdf	adaptive	4	24	0	4397	6132	24
nist-pdf-0004	pdf	adaptive	5	24	0	4477	6312	24
nist-pdf-0004	pdf	hist	0	24	0	3836	6200	24
nist-pdf-0004	pdf	hist	1	24	0	3802	6088	24
nist-pdf-0004	pdf	hist	2	24	0	3845	6180	24
nist-pdf-0004	pdf	hist	3	24	0	4202	6188	24
nist-pdf-0004	pdf	hist	4	24	0	4930	6296	24
nist-pdf-0004	pdf	hist	5	24	0	4904	6300	24
nist-pdf-0004	pdf	vole	0	24	0	3519	7872	24
nist-pdf-0004	pdf	vole	1	24	0	3519	7872	24
nist-pdf-0004	pdf	vole	2	24	0	3519	7872	24
nist-pdf-0004	pdf	vole	3	24	0	3519	7872	24
nist-pdf-0004	pdf	vole	4	24	0	3519	7872	24
nist-pdf-0004	pdf	vole	5	24	0	3519	7872	24
nist-pdf-0004	pdf	vole	0	25	0	3450	7872	24
nist-pdf-0004	pdf	vole	1	25	0	3450	7872	24
nist-pdf-0004	pdf	vole	2	25	0	3450	7872	24
nist-pdf-0004	pdf	vole	3	25	0	3450	7872	24
nist-pdf-0004	pdf	vole	4	25	0	3450	7872	24
nist-pdf-0004	pdf	vole	5	25	0	3450	7872	24
nist-pdf-0004	pdf	full	0	25	0	4738	6232	24
nist-pdf-0004	pdf	full	1	25	0	4212	6100	24
nist-pdf-0004	pdf	full	2	25	0	4215	6148	24
nist-pdf-0004	pdf	full	3	25	0	3908	6160	24
nist-pdf-0004	pdf	full	4	25	0	4945	6252	24
nist-pdf-0004	pdf	full	5	25	0	4262	6236	24
nist-pdf-0004	pdf	adaptive	0	25	0	3791	6112	24
nist-pdf-0004	pdf	adaptive	1	25	0	3825	6172	24
nist-pdf-0004	pdf	adaptive	2	25	0	3925	6164	24
nist-pdf-0004	pdf	adaptive	3	25	0	3811	6220	24
nist-pdf-0004	pdf	adaptive	4	25	0	3932	6132	24
nist-pdf-0004	pdf	adaptive	5	25	0	3964	6312	24
nist-pdf-0004	pdf	hist	0	25	0	3765	6200	24
nist-pdf-0004	pdf	hist	1	25	0	4231	6088	24
nist-pdf-0004	pdf	hist	2	25	0	4922	6180	24
nist-pdf-0004	pdf	hist	3	25	0	4868	6188	24
nist-pdf-0004	pdf	hist	4	25	0	4660	6296	24
nist-pdf-0004	pdf	hist	5	25	0	4660	6300	24
nist-pdf-0016	pdf	vole	0	1	0	1925	4664	24
nist-pdf-0016	pdf	vole	1	1	0	1925	4664	24
nist-pdf-0016	pdf	vole	2	1	0	1925	4664	24
nist-pdf-0016	pdf	vole	3	1	0	1925	4664	24
nist-pdf-0016	pdf	vole	4	1	0	1925	4664	24
nist-pdf-0016	pdf	vole	5	1	0	1925	4664	24
nist-pdf-0016	pdf	full	0	1	0	2359	3820	24
nist-pdf-0016	pdf	full	1	1	0	2357	3864	24
nist-pdf-0016	pdf	full	2	1	0	2341	3840	24
nist-pdf-0016	pdf	full	3	1	0	2410	3848	24
nist-pdf-0016	pdf	full	4	1	0	2541	3816	24
nist-pdf-0016	pdf	full	5	1	0	2687	3744	24
nist-pdf-0016	pdf	adaptive	0	1	0	2368	3892	24
nist-pdf-0016	pdf	adaptive	1	1	0	2299	3900	24
nist-pdf-0016	pdf	adaptive	2	1	0	2453	3880	24
nist-pdf-0016	pdf	adaptive	3	1	0	2322	3808	24
nist-pdf-0016	pdf	adaptive	4	1	0	2580	3900	24
nist-pdf-0016	pdf	adaptive	5	1	0	2576	3852	24
nist-pdf-0016	pdf	hist	0	1	0	2475	3816	24
nist-pdf-0016	pdf	hist	1	1	0	2354	3884	24
nist-pdf-0016	pdf	hist	2	1	0	2354	3812	24
nist-pdf-0016	pdf	hist	3	1	0	2464	3724	24
nist-pdf-0016	pdf	hist	4	1	0	2818	3856	24
nist-pdf-0016	pdf	hist	5	1	0	2756	3936	24
nist-pdf-0016	pdf	full	0	2	0	2237	3820	24
nist-pdf-0016	pdf	full	1	2	0	2237	3864	24
nist-pdf-0016	pdf	full	2	2	0	2306	3840	24
nist-pdf-0016	pdf	full	3	2	0	2300	3848	24
nist-pdf-0016	pdf	full	4	2	0	2547	3816	24
nist-pdf-0016	pdf	full	5	2	0	2826	3744	24
nist-pdf-0016	pdf	adaptive	0	2	0	2881	3892	24
nist-pdf-0016	pdf	adaptive	1	2	0	2830	3900	24
nist-pdf-0016	pdf	adaptive	2	2	0	2572	3880	24
nist-pdf-0016	pdf	adaptive	3	2	0	2572	3808	24
nist-pdf-0016	pdf	adaptive	4	2	0	2739	3900	24
nist-pdf-0016	pdf	adaptive	5	2	0	2686	3852	24
nist-pdf-0016	pdf	hist	0	2	0	2517	3816	24
nist-pdf-0016	pdf	hist	1	2	0	2258	3884	24
nist-pdf-0016	pdf	hist	2	2	0	2680	3812	24
nist-pdf-0016	pdf	hist	3	2	0	2404	3724	24
nist-pdf-0016	pdf	hist	4	2	0	2851	3856	24
nist-pdf-0016	pdf	hist	5	2	0	2699	3936	24
nist-pdf-0016	pdf	vole	0	2	0	1839	4664	24
nist-pdf-0016	pdf	vole	1	2	0	1839	4664	24
nist-pdf-0016	pdf	vole	2	2	0	1839	4664	24
nist-pdf-0016	pdf	vole	3	2	0	1839	4664	24
nist-pdf-0016	pdf	vole	4	2	0	1839	4664	24
nist-pdf-0016	pdf	vole	5	2	0	1839	4664	24
nist-pdf-0016	pdf	vole	0	3	0	1932	4664	24
nist-pdf-0016	pdf	vole	1	3	0	1932	4664	24
nist-pdf-0016	pdf	vole	2	3	0	1932	4664	24
nist-pdf-0016	pdf	vole	3	3	0	1932	4664	24
nist-pdf-0016	pdf	vole	4	3	0	1932	4664	24
nist-pdf-0016	pdf	vole	5	3	0	1932	4664	24
nist-pdf-0016	pdf	full	0	3	0	2596	3820	24
nist-pdf-0016	pdf	full	1	3	0	2405	3864	24
nist-pdf-0016	pdf	full	2	3	0	2430	3840	24
nist-pdf-0016	pdf	full	3	3	0	2403	3848	24
nist-pdf-0016	pdf	full	4	3	0	2656	3816	24
nist-pdf-0016	pdf	full	5	3	0	2660	3744	24
nist-pdf-0016	pdf	adaptive	0	3	0	2185	3892	24
nist-pdf-0016	pdf	adaptive	1	3	0	2214	3900	24
nist-pdf-0016	pdf	adaptive	2	3	0	2443	3880	24
nist-pdf-0016	pdf	adaptive	3	3	0	2352	3808	24
nist-pdf-0016	pdf	adaptive	4	3	0	2642	3900	24
nist-pdf-0016	pdf	adaptive	5	3	0	2650	3852	24
nist-pdf-0016	pdf	hist	0	3	0	2258	3816	24
nist-pdf-0016	pdf	hist	1	3	0	2338	3884	24
nist-pdf-0016	pdf	hist	2	3	0	2363	3812	24
nist-pdf-0016	pdf	hist	3	3	0	2675	3724	24
nist-pdf-0016	pdf	hist	4	3	0	2709	3856	24
nist-pdf-0016	pdf	hist	5	3	0	2745	3936	24
nist-pdf-0016	pdf	full	0	4	0	2392	3820	24
nist-pdf-0016	pdf	full	1	4	0	2312	3864	24
nist-pdf-0016	pdf	full	2	4	0	2475	3840	24
nist-pdf-0016	pdf	full	3	4	0	2382	3848	24
nist-pdf-0016	pdf	full	4	4	0	2708	3816	24
nist-pdf-0016	pdf	full	5	4	0	2635	3744	24
nist-pdf-0016	pdf	adaptive	0	4	0	2349	3892	24
nist-pdf-0016	pdf	adaptive	1	4	0	2237	3900	24
nist-pdf-0016	pdf	adaptive	2	4	0	2379	3880	24
nist-pdf-0016	pdf	adaptive	3	4	0	2449	3808	24
nist-pdf-0016	pdf	adaptive	4	4	0	2764	3900	24
nist-pdf-0016	pdf	adaptive	5	4	0	2709	3852	24
nist-pdf-0016	pdf	hist	0	4	0	2253	3816	24
nist-pdf-0016	pdf	hist	1	4	0	3566	3884	24
nist-pdf-0016	pdf	hist	2	4	0	2807	3812	24
nist-pdf-0016	pdf	hist	3	4	0	2583	3724	24
nist-pdf-0016	pdf	hist	4	4	0	2854	3856	24
nist-pdf-0016	pdf	hist	5	4	0	3019	3936	24
nist-pdf-0016	pdf	vole	0	4	0	1967	4664	24
nist-pdf-0016	pdf	vole	1	4	0	1967	4664	24
nist-pdf-0016	pdf	vole	2	4	0	1967	4664	24
nist-pdf-0016	pdf	vole	3	4	0	1967	4664	24
nist-pdf-0016	pdf	vole	4	4	0	1967	4664	24
nist-pdf-0016	pdf	vole	5	4	0	1967	4664	24
nist-pdf-0016	pdf	vole	0	5	0	1958	4664	24
nist-pdf-0016	pdf	vole	1	5	0	1958	4664	24
nist-pdf-0016	pdf	vole	2	5	0	1958	4664	24
nist-pdf-0016	pdf	vole	3	5	0	1958	4664	24
nist-pdf-0016	pdf	vole	4	5	0	1958	4664	24
nist-pdf-0016	pdf	vole	5	5	0	1958	4664	24
nist-pdf-0016	pdf	full	0	5	0	2543	3820	24
nist-pdf-0016	pdf	full	1	5	0	2339	3864	24
nist-pdf-0016	pdf	full	2	5	0	2339	3840	24
nist-pdf-0016	pdf	full	3	5	0	2392	3848	24
nist-pdf-0016	pdf	full	4	5	0	2637	3816	24
nist-pdf-0016	pdf	full	5	5	0	2692	3744	24
nist-pdf-0016	pdf	adaptive	0	5	0	2252	3892	24
nist-pdf-0016	pdf	adaptive	1	5	0	2302	3900	24
nist-pdf-0016	pdf	adaptive	2	5	0	2489	3880	24
nist-pdf-0016	pdf	adaptive	3	5	0	2517	3808	24
nist-pdf-0016	pdf	adaptive	4	5	0	2733	3900	24
nist-pdf-0016	pdf	adaptive	5	5	0	2632	3852	24
nist-pdf-0016	pdf	hist	0	5	0	2453	3816	24
nist-pdf-0016	pdf	hist	1	5	0	2267	3884	24
nist-pdf-0016	pdf	hist	2	5	0	2292	3812	24
nist-pdf-0016	pdf	hist	3	5	0	2302	3724	24
nist-pdf-0016	pdf	hist	4	5	0	2664	3856	24
nist-pdf-0016	pdf	hist	5	5	0	2571	3936	24
nist-pdf-0016	pdf	full	0	6	0	2320	3820	24
nist-pdf-0016	pdf	full	1	6	0	2262	3864	24
nist-pdf-0016	pdf	full	2	6	0	2603	3840	24
nist-pdf-0016	pdf	full	3	6	0	2469	3848	24
nist-pdf-0016	pdf	full	4	6	0	2900	3816	24
nist-pdf-0016	pdf	full	5	6	0	2844	3744	24
nist-pdf-0016	pdf	adaptive	0	6	0	2160	3892	24
nist-pdf-0016	pdf	adaptive	1	6	0	2320	3900	24
nist-pdf-0016	pdf	adaptive	2	6	0	2330	3880	24
nist-pdf-0016	pdf	adaptive	3	6	0	2479	3808	24
nist-pdf-0016	pdf	adaptive	4	6	0	2773	3900	24
nist-pdf-0016	pdf	adaptive	5	6	0	2601	3852	24
nist-pdf-0016	pdf	hist	0	6	0	2209	3816	24
nist-pdf-0016	pdf	hist	1	6	0	2150	3884	24
nist-pdf-0016	pdf	hist	2	6	0	2291	3812	24
nist-pdf-0016	pdf	hist	3	6	0	2381	3724	24
nist-pdf-0016	pdf	hist	4	6	0	2722	3856	24
nist-pdf-0016	pdf	hist	5	6	0	2778	3936	24
nist-pdf-0016	pdf	vole	0	6	0	1902	4664	24
nist-pdf-0016	pdf	vole	1	6	0	1902	4664	24
nist-pdf-0016	pdf	vole	2	6	0	1902	4664	24
nist-pdf-0016	pdf	vole	3	6	0	1902	4664	24
nist-pdf-0016	pdf	vole	4	6	0	1902	4664	24
nist-pdf-0016	pdf	vole	5	6	0	1902	4664	24
nist-pdf-0016	pdf	vole	0	7	0	2119	4664	24
nist-pdf-0016	pdf	vole	1	7	0	2119	4664	24
nist-pdf-0016	pdf	vole	2	7	0	2119	4664	24
nist-pdf-0016	pdf	vole	3	7	0	2119	4664	24
nist-pdf-0016	pdf	vole	4	7	0	2119	4664	24
nist-pdf-0016	pdf	vole	5	7	0	2119	4664	24
nist-pdf-0016	pdf	full	0	7	0	2966	3820	24
nist-pdf-0016	pdf	full	1	7	0	2678	3864	24
nist-pdf-0016	pdf	full	2	7	0	2556	3840	24
nist-pdf-0016	pdf	full	3	7	0	2590	3848	24
nist-pdf-0016	pdf	full	4	7	0	2892	3816	24
nist-pdf-0016	pdf	full	5	7	0	2777	3744	24
nist-pdf-0016	pdf	adaptive	0	7	0	2269	3892	24
nist-pdf-0016	pdf	adaptive	1	7	0	2352	3900	24
nist-pdf-0016	pdf	adaptive	2	7	0	2413	3880	24
nist-pdf-0016	pdf	adaptive	3	7	0	2509	3808	24
nist-pdf-0016	pdf	adaptive	4	7	0	2855	3900	24
nist-pdf-0016	pdf	adaptive	5	7	0	2752	3852	24
nist-pdf-0016	pdf	hist	0	7	0	2268	3816	24
nist-pdf-0016	pdf	hist	1	7	0	2446	3884	24
nist-pdf-0016	pdf	hist	2	7	0	2574	3812	24
nist-pdf-0016	pdf	hist	3	7	0	2410	3724	24
nist-pdf-0016	pdf	hist	4	7	0	2753	3856	24
nist-pdf-0016	pdf	hist	5	7	0	2676	3936	24
nist-pdf-0016	pdf	full	0	8	0	2121	3820	24
nist-pdf-0016	pdf	full	1	8	0	2328	3864	24
nist-pdf-0016	pdf	full	2	8	0	2254	3840	24
nist-pdf-0016	pdf	full	3	8	0	2383	3848	24
nist-pdf-0016	pdf	full	4	8	0	2992	3816	24
nist-pdf-0016	pdf	full	5	8	0	2579	3744	24
nist-pdf-0016	pdf	adaptive	0	8	0	2095	3892	24
nist-pdf-0016	pdf	adaptive	1	8	0	2205	3900	24
nist-pdf-0016	pdf	adaptive	2	8	0	2433	3880	24
nist-pdf-0016	pdf	adaptive	3	8	0	2288	3808	24
nist-pdf-0016	pdf	adaptive	4	8	0	2654	3900	24
nist-pdf-0016	pdf	adaptive	5	8	0	2566	3852	24
nist-pdf-0016	pdf	hist	0	8	0	2102	3816	24
nist-pdf-0016	pdf	hist	1	8	0	2278	3884	24
nist-pdf-0016	pdf	hist	2	8	0	2444	3812	24
nist-pdf-0016	pdf	hist	3	8	0	2295	3724	24
nist-pdf-0016	pdf	hist	4	8	0	2714	3856	24
nist-pdf-0016	pdf	hist	5	8	0	2642	3936	24
nist-pdf-0016	pdf	vole	0	8	0	1859	4664	24
nist-pdf-0016	pdf	vole	1	8	0	1859	4664	24
nist-pdf-0016	pdf	vole	2	8	0	1859	4664	24
nist-pdf-0016	pdf	vole	3	8	0	1859	4664	24
nist-pdf-0016	pdf	vole	4	8	0	1859	4664	24
nist-pdf-0016	pdf	vole	5	8	0	1859	4664	24
nist-pdf-0016	pdf	vole	0	9	0	2185	4664	24
nist-pdf-0016	pdf	vole	1	9	0	2185	4664	24
nist-pdf-0016	pdf	vole	2	9	0	2185	4664	24
nist-pdf-0016	pdf	vole	3	9	0	2185	4664	24
nist-pdf-0016	pdf	vole	4	9	0	2185	4664	24
nist-pdf-0016	pdf	vole	5	9	0	2185	4664	24
nist-pdf-0016	pdf	full	0	9	0	2947	3820	24
nist-pdf-0016	pdf	full	1	9	0	2448	3864	24
nist-pdf-0016	pdf	full	2	9	0	2665	3840	24
nist-pdf-0016	pdf	full	3	9	0	2390	3848	24
nist-pdf-0016	pdf	full	4	9	0	2679	3816	24
nist-pdf-0016	pdf	full	5	9	0	2664	3744	24
nist-pdf-0016	pdf	adaptive	0	9	0	2401	3892	24
nist-pdf-0016	pdf	adaptive	1	9	0	2340	3900	24
nist-pdf-0016	pdf	adaptive	2	9	0	2401	3880	24
nist-pdf-0016	pdf	adaptive	3	9	0	2318	3808	24
nist-pdf-0016	pdf	adaptive	4	9	0	2608	3900	24
nist-pdf-0016	pdf	adaptive	5	9	0	2703	3852	24
nist-pdf-0016	pdf	hist	0	9	0	2243	3816	24
nist-pdf-0016	pdf	hist	1	9	0	2470	3884	24
nist-pdf-0016	pdf	hist	2	9	0	2557	3812	24
nist-pdf-0016	pdf	hist	3	9	0	2479	3724	24
nist-pdf-0016	pdf	hist	4	9	0	2669	3856	24
nist-pdf-0016	pdf	hist	5	9	0	2904	3936	24
nist-pdf-0016	pdf	full	0	10	0	3169	3820	24
nist-pdf-0016	pdf	full	1	10	0	2364	3864	24
nist-pdf-0016	pdf	full	2	10	0	2322	3840	24
nist-pdf-0016	pdf	full	3	10	0	2332	3848	24
nist-pdf-0016	pdf	full	4	10	0	2693	3816	24
nist-pdf-0016	pdf	full	5	10	0	2547	3744	24
nist-pdf-0016	pdf	adaptive	0	10	0	2159	3892	24
nist-pdf-0016	pdf	adaptive	1	10	0	2154	3900	24
nist-pdf-0016	pdf	adaptive	2	10	0	2447	3880	24
nist-pdf-0016	pdf	adaptive	3	10	0	2399	3808	24
nist-pdf-0016	pdf	adaptive	4	10	0	2732	3900	24
nist-pdf-0016	pdf	adaptive	5	10	0	2599	3852	24
nist-pdf-0016	pdf	hist	0	10	0	2348	3816	24
nist-pdf-0016	pdf	hist	1	10	0	2391	3884	24
nist-pdf-0016	pdf	hist	2	10	0	2421	3812	24
nist-pdf-0016	pdf	hist	3	10	0	2463	3724	24
nist-pdf-0016	pdf	hist	4	10	0	2644	3856	24
nist-pdf-0016	pdf	hist	5	10	0	2593	3936	24
nist-pdf-0016	pdf	vole	0	10	0	1780	4664	24
nist-pdf-0016	pdf	vole	1	10	0	1780	4664	24
nist-pdf-0016	pdf	vole	2	10	0	1780	4664	24
nist-pdf-0016	pdf	vole	3	10	0	1780	4664	24
nist-pdf-0016	pdf	vole	4	10	0	1780	4664	24
nist-pdf-0016	pdf	vole	5	10	0	1780	4664	24
nist-pdf-0016	pdf	vole	0	11	0	1926	4664	24
nist-pdf-0016	pdf	vole	1	11	0	1926	4664	24
nist-pdf-0016	pdf	vole	2	11	0	1926	4664	24
nist-pdf-0016	pdf	vole	3	11	0	1926	4664	24
nist-pdf-0016	pdf	vole	4	11	0	1926	4664	24
nist-pdf-0016	pdf	vole	5	11	0	1926	4664	24
nist-pdf-0016	pdf	full	0	11	0	2593	3820	24
nist-pdf-0016	pdf	full	1	11	0	2477	3864	24
nist-pdf-0016	pdf	full	2	11	0	2373	3840	24
nist-pdf-0016	pdf	full	3	11	0	2404	3848	24
nist-pdf-0016	pdf	full	4	11	0	2642	3816	24
nist-pdf-0016	pdf	full	5	11	0	2539	3744	24
nist-pdf-0016	pdf	adaptive	0	11	0	2410	3892	24
nist-pdf-0016	pdf	adaptive	1	11	0	2962	3900	24
nist-pdf-0016	pdf	adaptive	2	11	0	3111	3880	24
nist-pdf-0016	pdf	adaptive	3	11	0	2605	3808	24
nist-pdf-0016	pdf	adaptive	4	11	0	2862	3900	24
nist-pdf-0016	pdf	adaptive	5	11	0	2689	3852	24
nist-pdf-0016	pdf	hist	0	11	0	2306	3816	24
nist-pdf-0016	pdf	hist	1	11	0	2414	3884	24
nist-pdf-0016	pdf	hist	2	11	0	2453	3812	24
nist-pdf-0016	pdf	hist	3	11	0	2391	3724	24
nist-pdf-0016	pdf	hist	4	11	0	2583	3856	24
nist-pdf-0016	pdf	hist	5	11	0	2793	3936	24
nist-pdf-0016	pdf	full	0	12	0	2232	3820	24
nist-pdf-0016	pdf	full	1	12	0	2669	3864	24
nist-pdf-0016	pdf	full	2	12	0	2523	3840	24
nist-pdf-0016	pdf	full	3	12	0	2341	3848	24
nist-pdf-0016	pdf	full	4	12	0	2612	3816	24
nist-pdf-0016	pdf	full	5	12	0	2777	3744	24
nist-pdf-0016	pdf	adaptive	0	12	0	2525	3892	24
nist-pdf-0016	pdf	adaptive	1	12	0	2436	3900	24
nist-pdf-0016	pdf	adaptive	2	12	0	2547	3880	24
nist-pdf-0016	pdf	adaptive	3	12	0	2411	3808	24
nist-pdf-0016	pdf	adaptive	4	12	0	2671	3900	24
nist-pdf-0016	pdf	adaptive	5	12	0	2686	3852	24
nist-pdf-0016	pdf	hist	0	12	0	2234	3816	24
nist-pdf-0016	pdf	hist	1	12	0	2294	3884	24
nist-pdf-0016	pdf	hist	2	12	0	2423	3812	24
nist-pdf-0016	pdf	hist	3	12	0	2469	3724	24
nist-pdf-0016	pdf	hist	4	12	0	2782	3856	24
nist-pdf-0016	pdf	hist	5	12	0	2768	3936	24
nist-pdf-0016	pdf	vole	0	12	0	1899	4664	24
nist-pdf-0016	pdf	vole	1	12	0	1899	4664	24
nist-pdf-0016	pdf	vole	2	12	0	1899	4664	24
nist-pdf-0016	pdf	vole	3	12	0	1899	4664	24
nist-pdf-0016	pdf	vole	4	12	0	1899	4664	24
nist-pdf-0016	pdf	vole	5	12	0	1899	4664	24
nist-pdf-0016	pdf	vole	0	13	0	1956	4664	24
nist-pdf-0016	pdf	vole	1	13	0	1956	4664	24
nist-pdf-0016	pdf	vole	2	13	0	1956	4664	24
nist-pdf-0016	pdf	vole	3	13	0	1956	4664	24
nist-pdf-0016	pdf	vole	4	13	0	1956	4664	24
nist-pdf-0016	pdf	vole	5	13	0	1956	4664	24
nist-pdf-0016	pdf	full	0	13	0	2535	3820	24
nist-pdf-0016	pdf	full	1	13	0	2439	3864	24
nist-pdf-0016	pdf	full	2	13	0	2356	3840	24
nist-pdf-0016	pdf	full	3	13	0	2583	3848	24
nist-pdf-0016	pdf	full	4	13	0	2860	3816	24
nist-pdf-0016	pdf	full	5	13	0	2762	3744	24
nist-pdf-0016	pdf	adaptive	0	13	0	2345	3892	24
nist-pdf-0016	pdf	adaptive	1	13	0	2294	3900	24
nist-pdf-0016	pdf	adaptive	2	13	0	2497	3880	24
nist-pdf-0016	pdf	adaptive	3	13	0	2307	3808	24
nist-pdf-0016	pdf	adaptive	4	13	0	2627	3900	24
nist-pdf-0016	pdf	adaptive	5	13	0	2543	3852	24
nist-pdf-0016	pdf	hist	0	13	0	2154	3816	24
nist-pdf-0016	pdf	hist	1	13	0	2242	3884	24
nist-pdf-0016	pdf	hist	2	13	0	2405	3812	24
nist-pdf-0016	pdf	hist	3	13	0	2292	3724	24
nist-pdf-0016	pdf	hist	4	13	0	2890	3856	24
nist-pdf-0016	pdf	hist	5	13	0	2916	3936	24
nist-pdf-0016	pdf	full	0	14	0	2427	3820	24
nist-pdf-0016	pdf	full	1	14	0	2439	3864	24
nist-pdf-0016	pdf	full	2	14	0	2512	3840	24
nist-pdf-0016	pdf	full	3	14	0	3358	3848	24
nist-pdf-0016	pdf	full	4	14	0	3178	3816	24
nist-pdf-0016	pdf	full	5	14	0	2894	3744	24
nist-pdf-0016	pdf	adaptive	0	14	0	2470	3892	24
nist-pdf-0016	pdf	adaptive	1	14	0	2417	3900	24
nist-pdf-0016	pdf	adaptive	2	14	0	2567	3880	24
nist-pdf-0016	pdf	adaptive	3	14	0	2425	3808	24
nist-pdf-0016	pdf	adaptive	4	14	0	2610	3900	24
nist-pdf-0016	pdf	adaptive	5	14	0	2619	3852	24
nist-pdf-0016	pdf	hist	0	14	0	2357	3816	24
nist-pdf-0016	pdf	hist	1	14	0	2516	3884	24
nist-pdf-0016	pdf	hist	2	14	0	2846	3812	24
nist-pdf-0016	pdf	hist	3	14	0	3400	3724	24
nist-pdf-0016	pdf	hist	4	14	0	2879	3856	24
nist-pdf-0016	pdf	hist	5	14	0	2848	3936	24
nist-pdf-0016	pdf	vole	0	14	0	1969	4664	24
nist-pdf-0016	pdf	vole	1	14	0	1969	4664	24
nist-pdf-0016	pdf	vole	2	14	0	1969	4664	24
nist-pdf-0016	pdf	vole	3	14	0	1969	4664	24
nist-pdf-0016	pdf	vole	4	14	0	1969	4664	24
nist-pdf-0016	pdf	vole	5	14	0	1969	4664	24
nist-pdf-0016	pdf	vole	0	15	0	1882	4664	24
nist-pdf-0016	pdf	vole	1	15	0	1882	4664	24
nist-pdf-0016	pdf	vole	2	15	0	1882	4664	24
nist-pdf-0016	pdf	vole	3	15	0	1882	4664	24
nist-pdf-0016	pdf	vole	4	15	0	1882	4664	24
nist-pdf-0016	pdf	vole	5	15	0	1882	4664	24
nist-pdf-0016	pdf	full	0	15	0	2545	3820	24
nist-pdf-0016	pdf	full	1	15	0	2361	3864	24
nist-pdf-0016	pdf	full	2	15	0	2379	3840	24
nist-pdf-0016	pdf	full	3	15	0	2475	3848	24
nist-pdf-0016	pdf	full	4	15	0	2626	3816	24
nist-pdf-0016	pdf	full	5	15	0	2660	3744	24
nist-pdf-0016	pdf	adaptive	0	15	0	2340	3892	24
nist-pdf-0016	pdf	adaptive	1	15	0	2261	3900	24
nist-pdf-0016	pdf	adaptive	2	15	0	2377	3880	24
nist-pdf-0016	pdf	adaptive	3	15	0	2419	3808	24
nist-pdf-0016	pdf	adaptive	4	15	0	2528	3900	24
nist-pdf-0016	pdf	adaptive	5	15	0	2668	3852	24
nist-pdf-0016	pdf	hist	0	15	0	2204	3816	24
nist-pdf-0016	pdf	hist	1	15	0	2363	3884	24
nist-pdf-0016	pdf	hist	2	15	0	2358	3812	24
nist-pdf-0016	pdf	hist	3	15	0	2449	3724	24
nist-pdf-0016	pdf	hist	4	15	0	2605	3856	24
nist-pdf-0016	pdf	hist	5	15	0	2833	3936	24
nist-pdf-0016	pdf	full	0	16	0	2329	3820	24
nist-pdf-0016	pdf	full	1	16	0	2355	3864	24
nist-pdf-0016	pdf	full	2	16	0	2323	3840	24
nist-pdf-0016	pdf	full	3	16	0	2491	3848	24
nist-pdf-0016	pdf	full	4	16	0	3591	3816	24
nist-pdf-0016	pdf	full	5	16	0	3158	3744	24
nist-pdf-0016	pdf	adaptive	0	16	0	2658	3892	24
nist-pdf-0016	pdf	adaptive	1	16	0	2590	3900	24
nist-pdf-0016	pdf	adaptive	2	16	0	2459	3880	24
nist-pdf-0016	pdf	adaptive	3	16	0	2480	3808	24
nist-pdf-0016	pdf	adaptive	4	16	0	2842	3900	24
nist-pdf-0016	pdf	adaptive	5	16	0	2878	3852	24
nist-pdf-0016	pdf	hist	0	16	0	2342	3816	24
nist-pdf-0016	pdf	hist	1	16	0	2414	3884	24
nist-pdf-0016	pdf	hist	2	16	0	2434	3812	24
nist-pdf-0016	pdf	hist	3	16	0	2441	3724	24
nist-pdf-0016	pdf	hist	4	16	0	2666	3856	24
nist-pdf-0016	pdf	hist	5	16	0	2807	3936	24
nist-pdf-0016	pdf	vole	0	16	0	1919	4664	24
nist-pdf-0016	pdf	vole	1	16	0	1919	4664	24
nist-pdf-0016	pdf	vole	2	16	0	1919	4664	24
nist-pdf-0016	pdf	vole	3	16	0	1919	4664	24
nist-pdf-0016	pdf	vole	4	16	0	1919	4664	24
nist-pdf-0016	pdf	vole	5	16	0	1919	4664	24
nist-pdf-0016	pdf	vole	0	17	0	1950	4664	24
nist-pdf-0016	pdf	vole	1	17	0	1950	4664	24
nist-pdf-0016	pdf	vole	2	17	0	1950	4664	24
nist-pdf-0016	pdf	vole	3	17	0	1950	4664	24
nist-pdf-0016	pdf	vole	4	17	0	1950	4664	24
nist-pdf-0016	pdf	vole	5	17	0	1950	4664	24
nist-pdf-0016	pdf	full	0	17	0	2555	3820	24
nist-pdf-0016	pdf	full	1	17	0	2335	3864	24
nist-pdf-0016	pdf	full	2	17	0	2389	3840	24
nist-pdf-0016	pdf	full	3	17	0	2544	3848	24
nist-pdf-0016	pdf	full	4	17	0	2723	3816	24
nist-pdf-0016	pdf	full	5	17	0	2791	3744	24
nist-pdf-0016	pdf	adaptive	0	17	0	2276	3892	24
nist-pdf-0016	pdf	adaptive	1	17	0	2292	3900	24
nist-pdf-0016	pdf	adaptive	2	17	0	2329	3880	24
nist-pdf-0016	pdf	adaptive	3	17	0	2423	3808	24
nist-pdf-0016	pdf	adaptive	4	17	0	2779	3900	24
nist-pdf-0016	pdf	adaptive	5	17	0	2606	3852	24
nist-pdf-0016	pdf	hist	0	17	0	2223	3816	24
nist-pdf-0016	pdf	hist	1	17	0	2251	3884	24
nist-pdf-0016	pdf	hist	2	17	0	2482	3812	24
nist-pdf-0016	pdf	hist	3	17	0	2397	3724	24
nist-pdf-0016	pdf	hist	4	17	0	2727	3856	24
nist-pdf-0016	pdf	hist	5	17	0	2798	3936	24
nist-pdf-0016	pdf	full	0	18	0	2340	3820	24
nist-pdf-0016	pdf	full	1	18	0	2219	3864	24
nist-pdf-0016	pdf	full	2	18	0	2358	3840	24
nist-pdf-0016	pdf	full	3	18	0	2417	3848	24
nist-pdf-0016	pdf	full	4	18	0	2710	3816	24
nist-pdf-0016	pdf	full	5	18	0	2722	3744	24
nist-pdf-0016	pdf	adaptive	0	18	0	2256	3892	24
nist-pdf-0016	pdf	adaptive	1	18	0	2240	3900	24
nist-pdf-0016	pdf	adaptive	2	18	0	2436	3880	24
nist-pdf-0016	pdf	adaptive	3	18	0	2321	3808	24
nist-pdf-0016	pdf	adaptive	4	18	0	2738	3900	24
nist-pdf-0016	pdf	adaptive	5	18	0	2573	3852	24
nist-pdf-0016	pdf	hist	0	18	0	2220	3816	24
nist-pdf-0016	pdf	hist	1	18	0	2360	3884	24
nist-pdf-0016	pdf	hist	2	18	0	2345	3812	24
nist-pdf-0016	pdf	hist	3	18	0	2509	3724	24
nist-pdf-0016	pdf	hist	4	18	0	2785	3856	24
nist-pdf-0016	pdf	hist	5	18	0	2586	3936	24
nist-pdf-0016	pdf	vole	0	18	0	1842	4664	24
nist-pdf-0016	pdf	vole	1	18	0	1842	4664	24
nist-pdf-0016	pdf	vole	2	18	0	1842	4664	24
nist-pdf-0016	pdf	vole	3	18	0	1842	4664	24
nist-pdf-0016	pdf	vole	4	18	0	1842	4664	24
nist-pdf-0016	pdf	vole	5	18	0	1842	4664	24
nist-pdf-0016	pdf	vole	0	19	0	2008	4664	24
nist-pdf-0016	pdf	vole	1	19	0	2008	4664	24
nist-pdf-0016	pdf	vole	2	19	0	2008	4664	24
nist-pdf-0016	pdf	vole	3	19	0	2008	4664	24
nist-pdf-0016	pdf	vole	4	19	0	2008	4664	24
nist-pdf-0016	pdf	vole	5	19	0	2008	4664	24
nist-pdf-0016	pdf	full	0	19	0	2509	3820	24
nist-pdf-0016	pdf	full	1	19	0	2363	3864	24
nist-pdf-0016	pdf	full	2	19	0	2319	3840	24
nist-pdf-0016	pdf	full	3	19	0	2315	3848	24
nist-pdf-0016	pdf	full	4	19	0	2563	3816	24
nist-pdf-0016	pdf	full	5	19	0	2597	3744	24
nist-pdf-0016	pdf	adaptive	0	19	0	2182	3892	24
nist-pdf-0016	pdf	adaptive	1	19	0	2332	3900	24
nist-pdf-0016	pdf	adaptive	2	19	0	2390	3880	24
nist-pdf-0016	pdf	adaptive	3	19	0	2627	3808	24
nist-pdf-0016	pdf	adaptive	4	19	0	3003	3900	24
nist-pdf-0016	pdf	adaptive	5	19	0	2866	3852	24
nist-pdf-0016	pdf	hist	0	19	0	2384	3816	24
nist-pdf-0016	pdf	hist	1	19	0	2344	3884	24
nist-pdf-0016	pdf	hist	2	19	0	2351	3812	24
nist-pdf-0016	pdf	hist	3	19	0	2447	3724	24
nist-pdf-0016	pdf	hist	4	19	0	2641	3856	24
nist-pdf-0016	pdf	hist	5	19	0	2592	3936	24
nist-pdf-0016	pdf	full	0	20	0	2210	3820	24
nist-pdf-0016	pdf	full	1	20	0	2145	3864	24
nist-pdf-0016	pdf	full	2	20	0	2348	3840	24
nist-pdf-0016	pdf	full	3	20	0	2420	3848	24
nist-pdf-0016	pdf	full	4	20	0	2670	3816	24
nist-pdf-0016	pdf	full	5	20	0	2592	3744	24
nist-pdf-0016	pdf	adaptive	0	20	0	2201	3892	24
nist-pdf-0016	pdf	adaptive	1	20	0	2197	3900	24
nist-pdf-0016	pdf	adaptive	2	20	0	2266	3880	24
nist-pdf-0016	pdf	adaptive	3	20	0	2392	3808	24
nist-pdf-0016	pdf	adaptive	4	20	0	2626	3900	24
nist-pdf-0016	pdf	adaptive	5	20	0	2541	3852	24
nist-pdf-0016	pdf	hist	0	20	0	2136	3816	24
nist-pdf-0016	pdf	hist	1	20	0	2190	3884	24
nist-pdf-0016	pdf	hist	2	20	0	2375	3812	24
nist-pdf-0016	pdf	hist	3	20	0	2239	3724	24
nist-pdf-0016	pdf	hist	4	20	0	2600	3856	24
nist-pdf-0016	pdf	hist	5	20	0	2751	3936	24
nist-pdf-0016	pdf	vole	0	20	0	1901	4664	24
nist-pdf-0016	pdf	vole	1	20	0	1901	4664	24
nist-pdf-0016	pdf	vole	2	20	0	1901	4664	24
nist-pdf-0016	pdf	vole	3	20	0	1901	4664	24
nist-pdf-0016	pdf	vole	4	20	0	1901	4664	24
nist-pdf-0016	pdf	vole	5	20	0	1901	4664	24
nist-pdf-0016	pdf	vole	0	21	0	1937	4664	24
nist-pdf-0016	pdf	vole	1	21	0	1937	4664	24
nist-pdf-0016	pdf	vole	2	21	0	1937	4664	24
nist-pdf-0016	pdf	vole	3	21	0	1937	4664	24
nist-pdf-0016	pdf	vole	4	21	0	1937	4664	24
nist-pdf-0016	pdf	vole	5	21	0	1937	4664	24
nist-pdf-0016	pdf	full	0	21	0	2557	3820	24
nist-pdf-0016	pdf	full	1	21	0	2327	3864	24
nist-pdf-0016	pdf	full	2	21	0	2283	3840	24
nist-pdf-0016	pdf	full	3	21	0	2446	3848	24
nist-pdf-0016	pdf	full	4	21	0	2646	3816	24
nist-pdf-0016	pdf	full	5	21	0	2534	3744	24
nist-pdf-0016	pdf	adaptive	0	21	0	2278	3892	24
nist-pdf-0016	pdf	adaptive	1	21	0	2273	3900	24
nist-pdf-0016	pdf	adaptive	2	21	0	2309	3880	24
nist-pdf-0016	pdf	adaptive	3	21	0	2432	3808	24
nist-pdf-0016	pdf	adaptive	4	21	0	3587	3900	24
nist-pdf-0016	pdf	adaptive	5	21	0	3233	3852	24
nist-pdf-0016	pdf	hist	0	21	0	2514	3816	24
nist-pdf-0016	pdf	hist	1	21	0	2545	3884	24
nist-pdf-0016	pdf	hist	2	21	0	2578	3812	24
nist-pdf-0016	pdf	hist	3	21	0	2618	3724	24
nist-pdf-0016	pdf	hist	4	21	0	2720	3856	24
nist-pdf-0016	pdf	hist	5	21	0	2796	3936	24
nist-pdf-0016	pdf	full	0	22	0	2235	3820	24
nist-pdf-0016	pdf	full	1	22	0	2233	3864	24
nist-pdf-0016	pdf	full	2	22	0	2280	3840	24
nist-pdf-0016	pdf	full	3	22	0	2306	3848	24
nist-pdf-0016	pdf	full	4	22	0	2691	3816	24
nist-pdf-0016	pdf	full	5	22	0	2721	3744	24
nist-pdf-0016	pdf	adaptive	0	22	0	2165	3892	24
nist-pdf-0016	pdf	adaptive	1	22	0	2124	3900	24
nist-pdf-0016	pdf	adaptive	2	22	0	2354	3880	24
nist-pdf-0016	pdf	adaptive	3	22	0	2315	3808	24
nist-pdf-0016	pdf	adaptive	4	22	0	2659	3900	24
nist-pdf-0016	pdf	adaptive	5	22	0	2690	3852	24
nist-pdf-0016	pdf	hist	0	22	0	2243	3816	24
nist-pdf-0016	pdf	hist	1	22	0	2391	3884	24
nist-pdf-0016	pdf	hist	2	22	0	2490	3812	24
nist-pdf-0016	pdf	hist	3	22	0	2519	3724	24
nist-pdf-0016	pdf	hist	4	22	0	2755	3856	24
nist-pdf-0016	pdf	hist	5	22	0	2742	3936	24
nist-pdf-0016	pdf	vole	0	22	0	1856	4664	24
nist-pdf-0016	pdf	vole	1	22	0	1856	4664	24
nist-pdf-0016	pdf	vole	2	22	0	1856	4664	24
nist-pdf-0016	pdf	vole	3	22	0	1856	4664	24
nist-pdf-0016	pdf	vole	4	22	0	1856	4664	24
nist-pdf-0016	pdf	vole	5	22	0	1856	4664	24
nist-pdf-0016	pdf	vole	0	23	0	1943	4664	24
nist-pdf-0016	pdf	vole	1	23	0	1943	4664	24
nist-pdf-0016	pdf	vole	2	23	0	1943	4664	24
nist-pdf-0016	pdf	vole	3	23	0	1943	4664	24
nist-pdf-0016	pdf	vole	4	23	0	1943	4664	24
nist-pdf-0016	pdf	vole	5	23	0	1943	4664	24
nist-pdf-0016	pdf	full	0	23	0	2758	3820	24
nist-pdf-0016	pdf	full	1	23	0	2443	3864	24
nist-pdf-0016	pdf	full	2	23	0	2434	3840	24
nist-pdf-0016	pdf	full	3	23	0	2433	3848	24
nist-pdf-0016	pdf	full	4	23	0	2737	3816	24
nist-pdf-0016	pdf	full	5	23	0	2588	3744	24
nist-pdf-0016	pdf	adaptive	0	23	0	2320	3892	24
nist-pdf-0016	pdf	adaptive	1	23	0	2374	3900	24
nist-pdf-0016	pdf	adaptive	2	23	0	2400	3880	24
nist-pdf-0016	pdf	adaptive	3	23	0	2428	3808	24
nist-pdf-0016	pdf	adaptive	4	23	0	2609	3900	24
nist-pdf-0016	pdf	adaptive	5	23	0	2781	3852	24
nist-pdf-0016	pdf	hist	0	23	0	2406	3816	24
nist-pdf-0016	pdf	hist	1	23	0	2403	3884	24
nist-pdf-0016	pdf	hist	2	23	0	2401	3812	24
nist-pdf-0016	pdf	hist	3	23	0	2412	3724	24
nist-pdf-0016	pdf	hist	4	23	0	2773	3856	24
nist-pdf-0016	pdf	hist	5	23	0	2935	3936	24
nist-pdf-0016	pdf	full	0	24	0	4010	3820	24
nist-pdf-0016	pdf	full	1	24	0	3136	3864	24
nist-pdf-0016	pdf	full	2	24	0	2531	3840	24
nist-pdf-0016	pdf	full	3	24	0	2465	3848	24
nist-pdf-0016	pdf	full	4	24	0	2790	3816	24
nist-pdf-0016	pdf	full	5	24	0	2667	3744	24
nist-pdf-0016	pdf	adaptive	0	24	0	2335	3892	24
nist-pdf-0016	pdf	adaptive	1	24	0	2424	3900	24
nist-pdf-0016	pdf	adaptive	2	24	0	2532	3880	24
nist-pdf-0016	pdf	adaptive	3	24	0	2435	3808	24
nist-pdf-0016	pdf	adaptive	4	24	0	2674	3900	24
nist-pdf-0016	pdf	adaptive	5	24	0	2660	3852	24
nist-pdf-0016	pdf	hist	0	24	0	2268	3816	24
nist-pdf-0016	pdf	hist	1	24	0	2207	3884	24
nist-pdf-0016	pdf	hist	2	24	0	2414	3812	24
nist-pdf-0016	pdf	hist	3	24	0	2456	3724	24
nist-pdf-0016	pdf	hist	4	24	0	2760	3856	24
nist-pdf-0016	pdf	hist	5	24	0	2718	3936	24
nist-pdf-0016	pdf	vole	0	24	0	1887	4664	24
nist-pdf-0016	pdf	vole	1	24	0	1887	4664	24
nist-pdf-0016	pdf	vole	2	24	0	1887	4664	24
nist-pdf-0016	pdf	vole	3	24	0	1887	4664	24
nist-pdf-0016	pdf	vole	4	24	0	1887	4664	24
nist-pdf-0016	pdf	vole	5	24	0	1887	4664	24
nist-pdf-0016	pdf	vole	0	25	0	1808	4664	24
nist-pdf-0016	pdf	vole	1	25	0	1808	4664	24
nist-pdf-0016	pdf	vole	2	25	0	1808	4664	24
nist-pdf-0016	pdf	vole	3	25	0	1808	4664	24
nist-pdf-0016	pdf	vole	4	25	0	1808	4664	24
nist-pdf-0016	pdf	vole	5	25	0	1808	4664	24
nist-pdf-0016	pdf	full	0	25	0	2366	3820	24
nist-pdf-0016	pdf	full	1	25	0	2355	3864	24
nist-pdf-0016	pdf	full	2	25	0	2496	3840	24
nist-pdf-0016	pdf	full	3	25	0	2293	3848	24
nist-pdf-0016	pdf	full	4	25	0	2580	3816	24
nist-pdf-0016	pdf	full	5	25	0	2786	3744	24
nist-pdf-0016	pdf	adaptive	0	25	0	2232	3892	24
nist-pdf-0016	pdf	adaptive	1	25	0	2163	3900	24
nist-pdf-0016	pdf	adaptive	2	25	0	2259	3880	24
nist-pdf-0016	pdf	adaptive	3	25	0	2316	3808	24
nist-pdf-0016	pdf	adaptive	4	25	0	2575	3900	24
nist-pdf-0016	pdf	adaptive	5	25	0	2615	3852	24
nist-pdf-0016	pdf	hist	0	25	0	2216	3816	24
nist-pdf-0016	pdf	hist	1	25	0	2216	3884	24
nist-pdf-0016	pdf	hist	2	25	0	2267	3812	24
nist-pdf-0016	pdf	hist	3	25	0	2297	3724	24
nist-pdf-0016	pdf	hist	4	25	0	2584	3856	24
nist-pdf-0016	pdf	hist	5	25	0	2819	3936	24
nist-pdf-0017	pdf	vole	0	1	0	4689	9272	24
nist-pdf-0017	pdf	vole	1	1	0	4689	9272	24
nist-pdf-0017	pdf	vole	2	1	0	4689	9272	24
nist-pdf-0017	pdf	vole	3	1	0	4689	9272	24
nist-pdf-0017	pdf	vole	4	1	0	4689	9272	24
nist-pdf-0017	pdf	vole	5	1	0	4689	9272	24
nist-pdf-0017	pdf	full	0	1	0	7545	7216	24
nist-pdf-0017	pdf	full	1	1	0	5718	7192	24
nist-pdf-0017	pdf	full	2	1	0	5648	7264	24
nist-pdf-0017	pdf	full	3	1	0	5164	7316	24
nist-pdf-0017	pdf	full	4	1	0	5700	7300	24
nist-pdf-0017	pdf	full	5	1	0	5504	7296	24
nist-pdf-0017	pdf	adaptive	0	1	0	5106	7284	24
nist-pdf-0017	pdf	adaptive	1	1	0	4568	7304	24
nist-pdf-0017	pdf	adaptive	2	1	0	4506	7276	24
nist-pdf-0017	pdf	adaptive	3	1	0	4590	7268	24
nist-pdf-0017	pdf	adaptive	4	1	0	5453	7340	24
nist-pdf-0017	pdf	adaptive	5	1	0	5353	7168	24
nist-pdf-0017	pdf	hist	0	1	0	5142	7236	24
nist-pdf-0017	pdf	hist	1	1	0	4966	7240	24
nist-pdf-0017	pdf	hist	2	1	0	5274	7244	24
nist-pdf-0017	pdf	hist	3	1	0	5256	7296	24
nist-pdf-0017	pdf	hist	4	1	0	5309	7324	24
nist-pdf-0017	pdf	hist	5	1	0	5566	7116	24
nist-pdf-0017	pdf	full	0	2	0	5162	7216	24
nist-pdf-0017	pdf	full	1	2	0	4961	7192	24
nist-pdf-0017	pdf	full	2	2	0	4683	7264	24
nist-pdf-0017	pdf	full	3	2	0	4649	7316	24
nist-pdf-0017	pdf	full	4	2	0	5340	7300	24
nist-pdf-0017	pdf	full	5	2	0	4863	7296	24
nist-pdf-0017	pdf	adaptive	0	2	0	4623	7284	24
nist-pdf-0017	pdf	adaptive	1	2	0	4958	7304	24
nist-pdf-0017	pdf	adaptive	2	2	0	5031	7276	24
nist-pdf-0017	pdf	adaptive	3	2	0	5416	7268	24
nist-pdf-0017	pdf	adaptive	4	2	0	5280	7340	24
nist-pdf-0017	pdf	adaptive	5	2	0	5263	7168	24
nist-pdf-0017	pdf	hist	0	2	0	4711	7236	24
nist-pdf-0017	pdf	hist	1	2	0	4632	7240	24
nist-pdf-0017	pdf	hist	2	2	0	4668	7244	24
nist-pdf-0017	pdf	hist	3	2	0	4600	7296	24
nist-pdf-0017	pdf	hist	4	2	0	5055	7324	24
nist-pdf-0017	pdf	hist	5	2	0	6834	7116	24
nist-pdf-0017	pdf	vole	0	2	0	4995	9272	24
nist-pdf-0017	pdf	vole	1	2	0	4995	9272	24
nist-pdf-0017	pdf	vole	2	2	0	4995	9272	24
nist-pdf-0017	pdf	vole	3	2	0	4995	9272	24
nist-pdf-0017	pdf	vole	4	2	0	4995	9272	24
nist-pdf-0017	pdf	vole	5	2	0	4995	9272	24
nist-pdf-0017	pdf	vole	0	3	0	4784	9272	24
nist-pdf-0017	pdf	vole	1	3	0	4784	9272	24
nist-pdf-0017	pdf	vole	2	3	0	4784	9272	24
nist-pdf-0017	pdf	vole	3	3	0	4784	9272	24
nist-pdf-0017	pdf	vole	4	3	0	4784	9272	24
nist-pdf-0017	pdf	vole	5	3	0	4784	9272	24
nist-pdf-0017	pdf	full	0	3	0	5403	7216	24
nist-pdf-0017	pdf	full	1	3	0	4936	7192	24
nist-pdf-0017	pdf	full	2	3	0	5316	7264	24
nist-pdf-0017	pdf	full	3	3	0	4807	7316	24
nist-pdf-0017	pdf	full	4	3	0	5095	7300	24
nist-pdf-0017	pdf	full	5	3	0	5038	7296	24
nist-pdf-0017	pdf	adaptive	0	3	0	4481	7284	24
nist-pdf-0017	pdf	adaptive	1	3	0	4975	7304	24
nist-pdf-0017	pdf	adaptive	2	3	0	4596	7276	24
nist-pdf-0017	pdf	adaptive	3	3	0	5002	7268	24
nist-pdf-0017	pdf	adaptive	4	3	0	5259	7340	24
nist-pdf-0017	pdf	adaptive	5	3	0	4890	7168	24
nist-pdf-0017	pdf	hist	0	3	0	4490	7236	24
nist-pdf-0017	pdf	hist	1	3	0	4790	7240	24
nist-pdf-0017	pdf	hist	2	3	0	5408	7244	24
nist-pdf-0017	pdf	hist	3	3	0	4749	7296	24
nist-pdf-0017	pdf	hist	4	3	0	5543	7324	24
nist-pdf-0017	pdf	hist	5	3	0	5261	7116	24
nist-pdf-0017	pdf	full	0	4	0	5028	7216	24
nist-pdf-0017	pdf	full	1	4	0	4970	7192	24
nist-pdf-0017	pdf	full	2	4	0	6529	7264	24
nist-pdf-0017	pdf	full	3	4	0	4896	7316	24
nist-pdf-0017	pdf	full	4	4	0	5021	7300	24
nist-pdf-0017	pdf	full	5	4	0	5340	7296	24
nist-pdf-0017	pdf	adaptive	0	4	0	4530	7284	24
nist-pdf-0017	pdf	adaptive	1	4	0	4521	7304	24
nist-pdf-0017	pdf	adaptive	2	4	0	4676	7276	24
nist-pdf-0017	pdf	adaptive	3	4	0	5166	7268	24
nist-pdf-0017	pdf	adaptive	4	4	0	5750	7340	24
nist-pdf-0017	pdf	adaptive	5	4	0	5413	7168	24
nist-pdf-0017	pdf	hist	0	4	0	4685	7236	24
nist-pdf-0017	pdf	hist	1	4	0	4939	7240	24
nist-pdf-0017	pdf	hist	2	4	0	5079	7244	24
nist-pdf-0017	pdf	hist	3	4	0	5194	7296	24
nist-pdf-0017	pdf	hist	4	4	0	5481	7324	24
nist-pdf-0017	pdf	hist	5	4	0	4953	7116	24
nist-pdf-0017	pdf	vole	0	4	0	4590	9272	24
nist-pdf-0017	pdf	vole	1	4	0	4590	9272	24
nist-pdf-0017	pdf	vole	2	4	0	4590	9272	24
nist-pdf-0017	pdf	vole	3	4	0	4590	9272	24
nist-pdf-0017	pdf	vole	4	4	0	4590	9272	24
nist-pdf-0017	pdf	vole	5	4	0	4590	9272	24
nist-pdf-0017	pdf	vole	0	5	0	4828	9272	24
nist-pdf-0017	pdf	vole	1	5	0	4828	9272	24
nist-pdf-0017	pdf	vole	2	5	0	4828	9272	24
nist-pdf-0017	pdf	vole	3	5	0	4828	9272	24
nist-pdf-0017	pdf	vole	4	5	0	4828	9272	24
nist-pdf-0017	pdf	vole	5	5	0	4828	9272	24
nist-pdf-0017	pdf	full	0	5	0	5260	7216	24
nist-pdf-0017	pdf	full	1	5	0	4611	7192	24
nist-pdf-0017	pdf	full	2	5	0	4520	7264	24
nist-pdf-0017	pdf	full	3	5	0	5107	7316	24
nist-pdf-0017	pdf	full	4	5	0	4855	7300	24
nist-pdf-0017	pdf	full	5	5	0	4935	7296	24
nist-pdf-0017	pdf	adaptive	0	5	0	6663	7284	24
nist-pdf-0017	pdf	adaptive	1	5	0	6029	7304	24
nist-pdf-0017	pdf	adaptive	2	5	0	5001	7276	24
nist-pdf-0017	pdf	adaptive	3	5	0	4949	7268	24
nist-pdf-0017	pdf	adaptive	4	5	0	5369	7340	24
nist-pdf-0017	pdf	adaptive	5	5	0	5520	7168	24
nist-pdf-0017	pdf	hist	0	5	0	5173	7236	24
nist-pdf-0017	pdf	hist	1	5	0	4642	7240	24
nist-pdf-0017	pdf	hist	2	5	0	4605	7244	24
nist-pdf-0017	pdf	hist	3	5	0	5206	7296	24
nist-pdf-0017	pdf	hist	4	5	0	4979	7324	24
nist-pdf-0017	pdf	hist	5	5	0	4877	7116	24
nist-pdf-0017	pdf	full	0	6	0	5391	7216	24
nist-pdf-0017	pdf	full	1	6	0	5225	7192	24
nist-pdf-0017	pdf	full	2	6	0	5052	7264	24
nist-pdf-0017	pdf	full	3	6	0	5045	7316	24
nist-pdf-0017	pdf	full	4	6	0	5377	7300	24
nist-pdf-0017	pdf	full	5	6	0	4938	7296	24
nist-pdf-0017	pdf	adaptive	0	6	0	4935	7284	24
nist-pdf-0017	pdf	adaptive	1	6	0	5058	7304	24
nist-pdf-0017	pdf	adaptive	2	6	0	5541	7276	24
nist-pdf-0017	pdf	adaptive	3	6	0	6595	7268	24
nist-pdf-0017	pdf	adaptive	4	6	0	5816	7340	24
nist-pdf-0017	pdf	adaptive	5	6	0	6092	7168	24
nist-pdf-0017	pdf	hist	0	6	0	5201	7236	24
nist-pdf-0017	pdf	hist	1	6	0	4716	7240	24
nist-pdf-0017	pdf	hist	2	6	0	4734	7244	24
nist-pdf-0017	pdf	hist	3	6	0	5201	7296	24
nist-pdf-0017	pdf	hist	4	6	0	4934	7324	24
nist-pdf-0017	pdf	hist	5	6	0	4846	7116	24
nist-pdf-0017	pdf	vole	0	6	0	4739	9272	24
nist-pdf-0017	pdf	vole	1	6	0	4739	9272	24
nist-pdf-0017	pdf	vole	2	6	0	4739	9272	24
nist-pdf-0017	pdf	vole	3	6	0	4739	9272	24
nist-pdf-0017	pdf	vole	4	6	0	4739	9272	24
nist-pdf-0017	pdf	vole	5	6	0	4739	9272	24
nist-pdf-0017	pdf	vole	0	7	0	4685	9272	24
nist-pdf-0017	pdf	vole	1	7	0	4685	9272	24
nist-pdf-0017	pdf	vole	2	7	0	4685	9272	24
nist-pdf-0017	pdf	vole	3	7	0	4685	9272	24
nist-pdf-0017	pdf	vole	4	7	0	4685	9272	24
nist-pdf-0017	pdf	vole	5	7	0	4685	9272	24
nist-pdf-0017	pdf	full	0	7	0	5509	7216	24
nist-pdf-0017	pdf	full	1	7	0	4816	7192	24
nist-pdf-0017	pdf	full	2	7	0	4945	7264	24
nist-pdf-0017	pdf	full	3	7	0	5075	7316	24
nist-pdf-0017	pdf	full	4	7	0	5040	7300	24
nist-pdf-0017	pdf	full	5	7	0	5469	7296	24
nist-pdf-0017	pdf	adaptive	0	7	0	5185	7284	24
nist-pdf-0017	pdf	adaptive	1	7	0	6061	7304	24
nist-pdf-0017	pdf	adaptive	2	7	0	5342	7276	24
nist-pdf-0017	pdf	adaptive	3	7	0	4945	7268	24
nist-pdf-0017	pdf	adaptive	4	7	0	5398	7340	24
nist-pdf-0017	pdf	adaptive	5	7	0	4997	7168	24
nist-pdf-0017	pdf	hist	0	7	0	4501	7236	24
nist-pdf-0017	pdf	hist	1	7	0	4916	7240	24
nist-pdf-0017	pdf	hist	2	7	0	5189	7244	24
nist-pdf-0017	pdf	hist	3	7	0	4892	7296	24
nist-pdf-0017	pdf	hist	4	7	0	5083	7324	24
nist-pdf-0017	pdf	hist	5	7	0	4791	7116	24
nist-pdf-0017	pdf	full	0	8	0	4559	7216	24
nist-pdf-0017	pdf	full	1	8	0	4887	7192	24
nist-pdf-0017	pdf	full	2	8	0	4580	7264	24
nist-pdf-0017	pdf	full	3	8	0	4808	7316	24
nist-pdf-0017	pdf	full	4	8	0	5100	7300	24
nist-pdf-0017	pdf	full	5	8	0	5342	7296	24
nist-pdf-0017	pdf	adaptive	0	8	0	5522	7284	24
nist-pdf-0017	pdf	adaptive	1	8	0	5067	7304	24
nist-pdf-0017	pdf	adaptive	2	8	0	4997	7276	24
nist-pdf-0017	pdf	adaptive	3	8	0	5259	7268	24
nist-pdf-0017	pdf	adaptive	4	8	0	5051	7340	24
nist-pdf-0017	pdf	adaptive	5	8	0	5268	7168	24
nist-pdf-0017	pdf	hist	0	8	0	4594	7236	24
nist-pdf-0017	pdf	hist	1	8	0	4616	7240	24
nist-pdf-0017	pdf	hist	2	8	0	5193	7244	24
nist-pdf-0017	pdf	hist	3	8	0	6117	7296	24
nist-pdf-0017	pdf	hist	4	8	0	6364	7324	24
nist-pdf-0017	pdf	hist	5	8	0	5565	7116	24
nist-pdf-0017	pdf	vole	0	8	0	4923	9272	24
nist-pdf-0017	pdf	vole	1	8	0	4923	9272	24
nist-pdf-0017	pdf	vole	2	8	0	4923	9272	24
nist-pdf-0017	pdf	vole	3	8	0	4923	9272	24
nist-pdf-0017	pdf	vole	4	8	0	4923	9272	24
nist-pdf-0017	pdf	vole	5	8	0	4923	9272	24
nist-pdf-0017	pdf	vole	0	9	0	4874	9272	24
nist-pdf-0017	pdf	vole	1	9	0	4874	9272	24
nist-pdf-0017	pdf	vole	2	9	0	4874	9272	24
nist-pdf-0017	pdf	vole	3	9	0	4874	9272	24
nist-pdf-0017	pdf	vole	4	9	0	4874	9272	24
nist-pdf-0017	pdf	vole	5	9	0	4874	9272	24
nist-pdf-0017	pdf	full	0	9	0	5492	7216	24
nist-pdf-0017	pdf	full	1	9	0	4938	7192	24
nist-pdf-0017	pdf	full	2	9	0	4692	7264	24
nist-pdf-0017	pdf	full	3	9	0	4582	7316	24
nist-pdf-0017	pdf	full	4	9	0	5663	7300	24
nist-pdf-0017	pdf	full	5	9	0	5092	7296	24
nist-pdf-0017	pdf	adaptive	0	9	0	5143	7284	24
nist-pdf-0017	pdf	adaptive	1	9	0	4694	7304	24
nist-pdf-0017	pdf	adaptive	2	9	0	5309	7276	24
nist-pdf-0017	pdf	adaptive	3	9	0	5097	7268	24
nist-pdf-0017	pdf	adaptive	4	9	0	4871	7340	24
nist-pdf-0017	pdf	adaptive	5	9	0	4903	7168	24
nist-pdf-0017	pdf	hist	0	9	0	4626	7236	24
nist-pdf-0017	pdf	hist	1	9	0	4932	7240	24
nist-pdf-0017	pdf	hist	2	9	0	5350	7244	24
nist-pdf-0017	pdf	hist	3	9	0	5082	7296	24
nist-pdf-0017	pdf	hist	4	9	0	5644	7324	24
nist-pdf-0017	pdf	hist	5	9	0	5352	7116	24
nist-pdf-0017	pdf	full	0	10	0	5168	7216	24
nist-pdf-0017	pdf	full	1	10	0	4612	7192	24
nist-pdf-0017	pdf	full	2	10	0	4630	7264	24
nist-pdf-0017	pdf	full	3	10	0	4601	7316	24
nist-pdf-0017	pdf	full	4	10	0	5120	7300	24
nist-pdf-0017	pdf	full	5	10	0	5937	7296	24
nist-pdf-0017	pdf	adaptive	0	10	0	5756	7284	24
nist-pdf-0017	pdf	adaptive	1	10	0	5225	7304	24
nist-pdf-0017	pdf	adaptive	2	10	0	4856	7276	24
nist-pdf-0017	pdf	adaptive	3	10	0	5087	7268	24
nist-pdf-0017	pdf	adaptive	4	10	0	5280	7340	24
nist-pdf-0017	pdf	adaptive	5	10	0	5191	7168	24
nist-pdf-0017	pdf	hist	0	10	0	4952	7236	24
nist-pdf-0017	pdf	hist	1	10	0	4980	7240	24
nist-pdf-0017	pdf	hist	2	10	0	5028	7244	24
nist-pdf-0017	pdf	hist	3	10	0	5107	7296	24
nist-pdf-0017	pdf	hist	4	10	0	5299	7324	24
nist-pdf-0017	pdf	hist	5	10	0	5116	7116	24
nist-pdf-0017	pdf	vole	0	10	0	4627	9272	24
nist-pdf-0017	pdf	vole	1	10	0	4627	9272	24
nist-pdf-0017	pdf	vole	2	10	0	4627	9272	24
nist-pdf-0017	pdf	vole	3	10	0	4627	9272	24
nist-pdf-0017	pdf	vole	4	10	0	4627	9272	24
nist-pdf-0017	pdf	vole	5	10	0	4627	9272	24
nist-pdf-0017	pdf	vole	0	11	0	4772	9272	24
nist-pdf-0017	pdf	vole	1	11	0	4772	9272	24
nist-pdf-0017	pdf	vole	2	11	0	4772	9272	24
nist-pdf-0017	pdf	vole	3	11	0	4772	9272	24
nist-pdf-0017	pdf	vole	4	11	0	4772	9272	24
nist-pdf-0017	pdf	vole	5	11	0	4772	9272	24
nist-pdf-0017	pdf	full	0	11	0	5233	7216	24
nist-pdf-0017	pdf	full	1	11	0	5118	7192	24
nist-pdf-0017	pdf	full	2	11	0	5046	7264	24
nist-pdf-0017	pdf	full	3	11	0	5411	7316	24
nist-pdf-0017	pdf	full	4	11	0	5478	7300	24
nist-pdf-0017	pdf	full	5	11	0	4917	7296	24
nist-pdf-0017	pdf	adaptive	0	11	0	5169	7284	24
nist-pdf-0017	pdf	adaptive	1	11	0	4908	7304	24
nist-pdf-0017	pdf	adaptive	2	11	0	4759	7276	24
nist-pdf-0017	pdf	adaptive	3	11	0	4591	7268	24
nist-pdf-0017	pdf	adaptive	4	11	0	5551	7340	24
nist-pdf-0017	pdf	adaptive	5	11	0	5431	7168	24
nist-pdf-0017	pdf	hist	0	11	0	5520	7236	24
nist-pdf-0017	pdf	hist	1	11	0	4940	7240	24
nist-pdf-0017	pdf	hist	2	11	0	5812	7244	24
nist-pdf-0017	pdf	hist	3	11	0	6171	7296	24
nist-pdf-0017	pdf	hist	4	11	0	6939	7324	24
nist-pdf-0017	pdf	hist	5	11	0	6023	7116	24
nist-pdf-0017	pdf	full	0	12	0	4699	7216	24
nist-pdf-0017	pdf	full	1	12	0	4990	7192	24
nist-pdf-0017	pdf	full	2	12	0	4818	7264	24
nist-pdf-0017	pdf	full	3	12	0	4925	7316	24
nist-pdf-0017	pdf	full	4	12	0	4912	7300	24
nist-pdf-0017	pdf	full	5	12	0	4875	7296	24
nist-pdf-0017	pdf	adaptive	0	12	0	5210	7284	24
nist-pdf-0017	pdf	adaptive	1	12	0	4685	7304	24
nist-pdf-0017	pdf	adaptive	2	12	0	4817	7276	24
nist-pdf-0017	pdf	adaptive	3	12	0	5204	7268	24
nist-pdf-0017	pdf	adaptive	4	12	0	5733	7340	24
nist-pdf-0017	pdf	adaptive	5	12	0	5345	7168	24
nist-pdf-0017	pdf	hist	0	12	0	4684	7236	24
nist-pdf-0017	pdf	hist	1	12	0	4738	7240	24
nist-pdf-0017	pdf	hist	2	12	0	4627	7244	24
nist-pdf-0017	pdf	hist	3	12	0	4523	7296	24
nist-pdf-0017	pdf	hist	4	12	0	4802	7324	24
nist-pdf-0017	pdf	hist	5	12	0	5316	7116	24
nist-pdf-0017	pdf	vole	0	12	0	4764	9272	24
nist-pdf-0017	pdf	vole	1	12	0	4764	9272	24
nist-pdf-0017	pdf	vole	2	12	0	4764	9272	24
nist-pdf-0017	pdf	vole	3	12	0	4764	9272	24
nist-pdf-0017	pdf	vole	4	12	0	4764	9272	24
nist-pdf-0017	pdf	vole	5	12	0	4764	9272	24
nist-pdf-0017	pdf	vole	0	13	0	4604	9272	24
nist-pdf-0017	pdf	vole	1	13	0	4604	9272	24
nist-pdf-0017	pdf	vole	2	13	0	4604	9272	24
nist-pdf-0017	pdf	vole	3	13	0	4604	9272	24
nist-pdf-0017	pdf	vole	4	13	0	4604	9272	24
nist-pdf-0017	pdf	vole	5	13	0	4604	9272	24
nist-pdf-0017	pdf	full	0	13	0	5502	7216	24
nist-pdf-0017	pdf	full	1	13	0	6454	7192	24
nist-pdf-0017	pdf	full	2	13	0	5560	7264	24
nist-pdf-0017	pdf	full	3	13	0	5907	7316	24
nist-pdf-0017	pdf	full	4	13	0	5897	7300	24
nist-pdf-0017	pdf	full	5	13	0	5457	7296	24
nist-pdf-0017	pdf	adaptive	0	13	0	5350	7284	24
nist-pdf-0017	pdf	adaptive	1	13	0	5030	7304	24
nist-pdf-0017	pdf	adaptive	2	13	0	4794	7276	24
nist-pdf-0017	pdf	adaptive	3	13	0	4569	7268	24
nist-pdf-0017	pdf	adaptive	4	13	0	5682	7340	24
nist-pdf-0017	pdf	adaptive	5	13	0	5665	7168	24
nist-pdf-0017	pdf	hist	0	13	0	5127	7236	24
nist-pdf-0017	pdf	hist	1	13	0	4582	7240	24
nist-pdf-0017	pdf	hist	2	13	0	4559	7244	24
nist-pdf-0017	pdf	hist	3	13	0	5339	7296	24
nist-pdf-0017	pdf	hist	4	13	0	5953	7324	24
nist-pdf-0017	pdf	hist	5	13	0	6182	7116	24
nist-pdf-0017	pdf	full	0	14	0	4826	7216	24
nist-pdf-0017	pdf	full	1	14	0	4960	7192	24
nist-pdf-0017	pdf	full	2	14	0	5197	7264	24
nist-pdf-0017	pdf	full	3	14	0	4799	7316	24
nist-pdf-0017	pdf	full	4	14	0	4870	7300	24
nist-pdf-0017	pdf	full	5	14	0	4920	7296	24
nist-pdf-0017	pdf	adaptive	0	14	0	5089	7284	24
nist-pdf-0017	pdf	adaptive	1	14	0	4956	7304	24
nist-pdf-0017	pdf	adaptive	2	14	0	5399	7276	24
nist-pdf-0017	pdf	adaptive	3	14	0	4878	7268	24
nist-pdf-0017	pdf	adaptive	4	14	0	5039	7340	24
nist-pdf-0017	pdf	adaptive	5	14	0	4866	7168	24
nist-pdf-0017	pdf	hist	0	14	0	4853	7236	24
nist-pdf-0017	pdf	hist	1	14	0	4552	7240	24
nist-pdf-0017	pdf	hist	2	14	0	4602	7244	24
nist-pdf-0017	pdf	hist	3	14	0	4801	7296	24
nist-pdf-0017	pdf	hist	4	14	0	5015	7324	24
nist-pdf-0017	pdf	hist	5	14	0	5742	7116	24
nist-pdf-0017	pdf	vole	0	14	0	5312	9272	24
nist-pdf-0017	pdf	vole	1	14	0	5312	9272	24
nist-pdf-0017	pdf	vole	2	14	0	5312	9272	24
nist-pdf-0017	pdf	vole	3	14	0	5312	9272	24
nist-pdf-0017	pdf	vole	4	14	0	5312	9272	24
nist-pdf-0017	pdf	vole	5	14	0	5312	9272	24
nist-pdf-0017	pdf	vole	0	15	0	5039	9272	24
nist-pdf-0017	pdf	vole	1	15	0	5039	9272	24
nist-pdf-0017	pdf	vole	2	15	0	5039	9272	24
nist-pdf-0017	pdf	vole	3	15	0	5039	9272	24
nist-pdf-0017	pdf	vole	4	15	0	5039	9272	24
nist-pdf-0017	pdf	vole	5	15	0	5039	9272	24
nist-pdf-0017	pdf	full	0	15	0	5080	7216	24
nist-pdf-0017	pdf	full	1	15	0	4867	7192	24
nist-pdf-0017	pdf	full	2	15	0	4694	7264	24
nist-pdf-0017	pdf	full	3	15	0	4615	7316	24
nist-pdf-0017	pdf	full	4	15	0	5204	7300	24
nist-pdf-0017	pdf	full	5	15	0	5276	7296	24
nist-pdf-0017	pdf	adaptive	0	15	0	4912	7284	24
nist-pdf-0017	pdf	adaptive	1	15	0	5021	7304	24
nist-pdf-0017	pdf	adaptive	2	15	0	5181	7276	24
nist-pdf-0017	pdf	adaptive	3	15	0	5254	7268	24
nist-pdf-0017	pdf	adaptive	4	15	0	5129	7340	24
nist-pdf-0017	pdf	adaptive	5	15	0	5092	7168	24
nist-pdf-0017	pdf	hist	0	15	0	4521	7236	24
nist-pdf-0017	pdf	hist	1	15	0	5066	7240	24
nist-pdf-0017	pdf	hist	2	15	0	4788	7244	24
nist-pdf-0017	pdf	hist	3	15	0	4860	7296	24
nist-pdf-0017	pdf	hist	4	15	0	5329	7324	24
nist-pdf-0017	pdf	hist	5	15	0	4961	7116	24
nist-pdf-0017	pdf	full	0	16	0	4905	7216	24
nist-pdf-0017	pdf	full	1	16	0	7008	7192	24
nist-pdf-0017	pdf	full	2	16	0	6013	7264	24
nist-pdf-0017	pdf	full	3	16	0	5196	7316	24
nist-pdf-0017	pdf	full	4	16	0	5739	7300	24
nist-pdf-0017	pdf	full	5	16	0	5339	7296	24
nist-pdf-0017	pdf	adaptive	0	16	0	4661	7284	24
nist-pdf-0017	pdf	adaptive	1	16	0	4983	7304	24
nist-pdf-0017	pdf	adaptive	2	16	0	5221	7276	24
nist-pdf-0017	pdf	adaptive	3	16	0	5033	7268	24
nist-pdf-0017	pdf	adaptive	4	16	0	4972	7340	24
nist-pdf-0017	pdf	adaptive	5	16	0	4951	7168	24
nist-pdf-0017	pdf	hist	0	16	0	4688	7236	24
nist-pdf-0017	pdf	hist	1	16	0	4811	7240	24
nist-pdf-0017	pdf	hist	2	16	0	4996	7244	24
nist-pdf-0017	pdf	hist	3	16	0	4625	7296	24
nist-pdf-0017	pdf	hist	4	16	0	5042	7324	24
nist-pdf-0017	pdf	hist	5	16	0	6071	7116	24
nist-pdf-0017	pdf	vole	0	16	0	4711	9272	24
nist-pdf-0017	pdf	vole	1	16	0	4711	9272	24
nist-pdf-0017	pdf	vole	2	16	0	4711	9272	24
nist-pdf-0017	pdf	vole	3	16	0	4711	9272	24
nist-pdf-0017	pdf	vole	4	16	0	4711	9272	24
nist-pdf-0017	pdf	vole	5	16	0	4711	9272	24
nist-pdf-0017	pdf	vole	0	17	0	4895	9272	24
nist-pdf-0017	pdf	vole	1	17	0	4895	9272	24
nist-pdf-0017	pdf	vole	2	17	0	4895	9272	24
nist-pdf-0017	pdf	vole	3	17	0	4895	9272	24
nist-pdf-0017	pdf	vole	4	17	0	4895	9272	24
nist-pdf-0017	pdf	vole	5	17	0	4895	9272	24
nist-pdf-0017	pdf	full	0	17	0	5067	7216	24
nist-pdf-0017	pdf	full	1	17	0	4994	7192	24
nist-pdf-0017	pdf	full	2	17	0	4664	7264	24
nist-pdf-0017	pdf	full	3	17	0	4974	7316	24
nist-pdf-0017	pdf	full	4	17	0	5612	7300	24
nist-pdf-0017	pdf	full	5	17	0	5668	7296	24
nist-pdf-0017	pdf	adaptive	0	17	0	4859	7284	24
nist-pdf-0017	pdf	adaptive	1	17	0	6461	7304	24
nist-pdf-0017	pdf	adaptive	2	17	0	5908	7276	24
nist-pdf-0017	pdf	adaptive	3	17	0	5475	7268	24
nist-pdf-0017	pdf	adaptive	4	17	0	5325	7340	24
nist-pdf-0017	pdf	adaptive	5	17	0	5319	7168	24
nist-pdf-0017	pdf	hist	0	17	0	4901	7236	24
nist-pdf-0017	pdf	hist	1	17	0	4555	7240	24
nist-pdf-0017	pdf	hist	2	17	0	5070	7244	24
nist-pdf-0017	pdf	hist	3	17	0	4759	7296	24
nist-pdf-0017	pdf	hist	4	17	0	4861	7324	24
nist-pdf-0017	pdf	hist	5	17	0	5092	7116	24
nist-pdf-0017	pdf	full	0	18	0	5129	7216	24
nist-pdf-0017	pdf	full	1	18	0	4633	7192	24
nist-pdf-0017	pdf	full	2	18	0	4529	7264	24
nist-pdf-0017	pdf	full	3	18	0	4469	7316	24
nist-pdf-0017	pdf	full	4	18	0	4855	7300	24
nist-pdf-0017	pdf	full	5	18	0	4712	7296	24
nist-pdf-0017	pdf	adaptive	0	18	0	4481	7284	24
nist-pdf-0017	pdf	adaptive	1	18	0	4451	7304	24
nist-pdf-0017	pdf	adaptive	2	18	0	4688	7276	24
nist-pdf-0017	pdf	adaptive	3	18	0	6402	7268	24
nist-pdf-0017	pdf	adaptive	4	18	0	5545	7340	24
nist-pdf-0017	pdf	adaptive	5	18	0	5704	7168	24
nist-pdf-0017	pdf	hist	0	18	0	4763	7236	24
nist-pdf-0017	pdf	hist	1	18	0	4623	7240	24
nist-pdf-0017	pdf	hist	2	18	0	5124	7244	24
nist-pdf-0017	pdf	hist	3	18	0	4744	7296	24
nist-pdf-0017	pdf	hist	4	18	0	5869	7324	24
nist-pdf-0017	pdf	hist	5	18	0	5627	7116	24
nist-pdf-0017	pdf	vole	0	18	0	4833	9272	24
nist-pdf-0017	pdf	vole	1	18	0	4833	9272	24
nist-pdf-0017	pdf	vole	2	18	0	4833	9272	24
nist-pdf-0017	pdf	vole	3	18	0	4833	9272	24
nist-pdf-0017	pdf	vole	4	18	0	4833	9272	24
nist-pdf-0017	pdf	vole	5	18	0	4833	9272	24
nist-pdf-0017	pdf	vole	0	19	0	4847	9272	24
nist-pdf-0017	pdf	vole	1	19	0	4847	9272	24
nist-pdf-0017	pdf	vole	2	19	0	4847	9272	24
nist-pdf-0017	pdf	vole	3	19	0	4847	9272	24
nist-pdf-0017	pdf	vole	4	19	0	4847	9272	24
nist-pdf-0017	pdf	vole	5	19	0	4847	9272	24
nist-pdf-0017	pdf	full	0	19	0	5099	7216	24
nist-pdf-0017	pdf	full	1	19	0	5071	7192	24
nist-pdf-0017	pdf	full	2	19	0	4990	7264	24
nist-pdf-0017	pdf	full	3	19	0	4746	7316	24
nist-pdf-0017	pdf	full	4	19	0	5438	7300	24
nist-pdf-0017	pdf	full	5	19	0	4966	7296	24
nist-pdf-0017	pdf	adaptive	0	19	0	5057	7284	24
nist-pdf-0017	pdf	adaptive	1	19	0	4700	7304	24
nist-pdf-0017	pdf	adaptive	2	19	0	5190	7276	24
nist-pdf-0017	pdf	adaptive	3	19	0	4877	7268	24
nist-pdf-0017	pdf	adaptive	4	19	0	5224	7340	24
nist-pdf-0017	pdf	adaptive	5	19	0	6968	7168	24
nist-pdf-0017	pdf	hist	0	19	0	5003	7236	24
nist-pdf-0017	pdf	hist	1	19	0	4775	7240	24
nist-pdf-0017	pdf	hist	2	19	0	5030	7244	24
nist-pdf-0017	pdf	hist	3	19	0	4721	7296	24
nist-pdf-0017	pdf	hist	4	19	0	5216	7324	24
nist-pdf-0017	pdf	hist	5	19	0	5477	7116	24
nist-pdf-0017	pdf	full	0	20	0	4771	7216	24
nist-pdf-0017	pdf	full	1	20	0	4566	7192	24
nist-pdf-0017	pdf	full	2	20	0	4575	7264	24
nist-pdf-0017	pdf	full	3	20	0	4782	7316	24
nist-pdf-0017	pdf	full	4	20	0	5635	7300	24
nist-pdf-0017	pdf	full	5	20	0	5156	7296	24
nist-pdf-0017	pdf	adaptive	0	20	0	5028	7284	24
nist-pdf-0017	pdf	adaptive	1	20	0	4915	7304	24
nist-pdf-0017	pdf	adaptive	2	20	0	4853	7276	24
nist-pdf-0017	pdf	adaptive	3	20	0	5259	7268	24
nist-pdf-0017	pdf	adaptive	4	20	0	5222	7340	24
nist-pdf-0017	pdf	adaptive	5	20	0	5264	7168	24
nist-pdf-0017	pdf	hist	0	20	0	4954	7236	24
nist-pdf-0017	pdf	hist	1	20	0	5042	7240	24
nist-pdf-0017	pdf	hist	2	20	0	4970	7244	24
nist-pdf-0017	pdf	hist	3	20	0	4697	7296	24
nist-pdf-0017	pdf	hist	4	20	0	4888	7324	24
nist-pdf-0017	pdf	hist	5	20	0	5324	7116	24
nist-pdf-0017	pdf	vole	0	20	0	4625	9272	24
nist-pdf-0017	pdf	vole	1	20	0	4625	9272	24
nist-pdf-0017	pdf	vole	2	20	0	4625	9272	24
nist-pdf-0017	pdf	vole	3	20	0	4625	9272	24
nist-pdf-0017	pdf	vole	4	20	0	4625	9272	24
nist-pdf-0017	pdf	vole	5	20	0	4625	9272	24
nist-pdf-0017	pdf	vole	0	21	0	4762	9272	24
nist-pdf-0017	pdf	vole	1	21	0	4762	9272	24
nist-pdf-0017	pdf	vole	2	21	0	4762	9272	24
nist-pdf-0017	pdf	vole	3	21	0	4762	9272	24
nist-pdf-0017	pdf	vole	4	21	0	4762	9272	24
nist-pdf-0017	pdf	vole	5	21	0	4762	9272	24
nist-pdf-0017	pdf	full	0	21	0	5133	7216	24
nist-pdf-0017	pdf	full	1	21	0	4858	7192	24
nist-pdf-0017	pdf	full	2	21	0	4541	7264	24
nist-pdf-0017	pdf	full	3	21	0	5541	7316	24
nist-pdf-0017	pdf	full	4	21	0	5753	7300	24
nist-pdf-0017	pdf	full	5	21	0	6277	7296	24
nist-pdf-0017	pdf	adaptive	0	21	0	5367	7284	24
nist-pdf-0017	pdf	adaptive	1	21	0	5542	7304	24
nist-pdf-0017	pdf	adaptive	2	21	0	4941	7276	24
nist-pdf-0017	pdf	adaptive	3	21	0	4639	7268	24
nist-pdf-0017	pdf	adaptive	4	21	0	4876	7340	24
nist-pdf-0017	pdf	adaptive	5	21	0	4763	7168	24
nist-pdf-0017	pdf	hist	0	21	0	4458	7236	24
nist-pdf-0017	pdf	hist	1	21	0	5075	7240	24
nist-pdf-0017	pdf	hist	2	21	0	5180	7244	24
nist-pdf-0017	pdf	hist	3	21	0	4773	7296	24
nist-pdf-0017	pdf	hist	4	21	0	5418	7324	24
nist-pdf-0017	pdf	hist	5	21	0	4900	7116	24
nist-pdf-0017	pdf	full	0	22	0	4489	7216	24
nist-pdf-0017	pdf	full	1	22	0	4392	7192	24
nist-pdf-0017	pdf	full	2	22	0	4370	7264	24
nist-pdf-0017	pdf	full	3	22	0	4935	7316	24
nist-pdf-0017	pdf	full	4	22	0	5427	7300	24
nist-pdf-0017	pdf	full	5	22	0	5187	7296	24
nist-pdf-0017	pdf	adaptive	0	22	0	5070	7284	24
nist-pdf-0017	pdf	adaptive	1	22	0	4485	7304	24
nist-pdf-0017	pdf	adaptive	2	22	0	4939	7276	24
nist-pdf-0017	pdf	adaptive	3	22	0	4601	7268	24
nist-pdf-0017	pdf	adaptive	4	22	0	5459	7340	24
nist-pdf-0017	pdf	adaptive	5	22	0	5511	7168	24
nist-pdf-0017	pdf	hist	0	22	0	4648	7236	24
nist-pdf-0017	pdf	hist	1	22	0	4797	7240	24
nist-pdf-0017	pdf	hist	2	22	0	5528	7244	24
nist-pdf-0017	pdf	hist	3	22	0	4790	7296	24
nist-pdf-0017	pdf	hist	4	22	0	4988	7324	24
nist-pdf-0017	pdf	hist	5	22	0	4856	7116	24
nist-pdf-0017	pdf	vole	0	22	0	4721	9272	24
nist-pdf-0017	pdf	vole	1	22	0	4721	9272	24
nist-pdf-0017	pdf	vole	2	22	0	4721	9272	24
nist-pdf-0017	pdf	vole	3	22	0	4721	9272	24
nist-pdf-0017	pdf	vole	4	22	0	4721	9272	24
nist-pdf-0017	pdf	vole	5	22	0	4721	9272	24
nist-pdf-0017	pdf	vole	0	23	0	4860	9272	24
nist-pdf-0017	pdf	vole	1	23	0	4860	9272	24
nist-pdf-0017	pdf	vole	2	23	0	4860	9272	24
nist-pdf-0017	pdf	vole	3	23	0	4860	9272	24
nist-pdf-0017	pdf	vole	4	23	0	4860	9272	24
nist-pdf-0017	pdf	vole	5	23	0	4860	9272	24
nist-pdf-0017	pdf	full	0	23	0	6044	7216	24
nist-pdf-0017	pdf	full	1	23	0	5403	7192	24
nist-pdf-0017	pdf	full	2	23	0	4937	7264	24
nist-pdf-0017	pdf	full	3	23	0	4724	7316	24
nist-pdf-0017	pdf	full	4	23	0	5742	7300	24
nist-pdf-0017	pdf	full	5	23	0	5440	7296	24
nist-pdf-0017	pdf	adaptive	0	23	0	4656	7284	24
nist-pdf-0017	pdf	adaptive	1	23	0	4506	7304	24
nist-pdf-0017	pdf	adaptive	2	23	0	4545	7276	24
nist-pdf-0017	pdf	adaptive	3	23	0	4534	7268	24
nist-pdf-0017	pdf	adaptive	4	23	0	5784	7340	24
nist-pdf-0017	pdf	adaptive	5	23	0	5169	7168	24
nist-pdf-0017	pdf	hist	0	23	0	4564	7236	24
nist-pdf-0017	pdf	hist	1	23	0	4935	7240	24
nist-pdf-0017	pdf	hist	2	23	0	4597	7244	24
nist-pdf-0017	pdf	hist	3	23	0	4536	7296	24
nist-pdf-0017	pdf	hist	4	23	0	5057	7324	24
nist-pdf-0017	pdf	hist	5	23	0	4959	7116	24
nist-pdf-0017	pdf	full	0	24	0	4689	7216	24
nist-pdf-0017	pdf	full	1	24	0	6251	7192	24
nist-pdf-0017	pdf	full	2	24	0	5681	7264	24
nist-pdf-0017	pdf	full	3	24	0	5778	7316	24
nist-pdf-0017	pdf	full	4	24	0	5813	7300	24
nist-pdf-0017	pdf	full	5	24	0	5295	7296	24
nist-pdf-0017	pdf	adaptive	0	24	0	5678	7284	24
nist-pdf-0017	pdf	adaptive	1	24	0	5208	7304	24
nist-pdf-0017	pdf	adaptive	2	24	0	5003	7276	24
nist-pdf-0017	pdf	adaptive	3	24	0	4909	7268	24
nist-pdf-0017	pdf	adaptive	4	24	0	5592	7340	24
nist-pdf-0017	pdf	adaptive	5	24	0	5010	7168	24
nist-pdf-0017	pdf	hist	0	24	0	5251	7236	24
nist-pdf-0017	pdf	hist	1	24	0	5310	7240	24
nist-pdf-0017	pdf	hist	2	24	0	4954	7244	24
nist-pdf-0017	pdf	hist	3	24	0	5226	7296	24
nist-pdf-0017	pdf	hist	4	24	0	5236	7324	24
nist-pdf-0017	pdf	hist	5	24	0	5170	7116	24
nist-pdf-0017	pdf	vole	0	24	0	4824	9272	24
nist-pdf-0017	pdf	vole	1	24	0	4824	9272	24
nist-pdf-0017	pdf	vole	2	24	0	4824	9272	24
nist-pdf-0017	pdf	vole	3	24	0	4824	9272	24
nist-pdf-0017	pdf	vole	4	24	0	4824	9272	24
nist-pdf-0017	pdf	vole	5	24	0	4824	9272	24
nist-pdf-0017	pdf	vole	0	25	0	4626	9272	24
nist-pdf-0017	pdf	vole	1	25	0	4626	9272	24
nist-pdf-0017	pdf	vole	2	25	0	4626	9272	24
nist-pdf-0017	pdf	vole	3	25	0	4626	9272	24
nist-pdf-0017	pdf	vole	4	25	0	4626	9272	24
nist-pdf-0017	pdf	vole	5	25	0	4626	9272	24
nist-pdf-0017	pdf	full	0	25	0	5100	7216	24
nist-pdf-0017	pdf	full	1	25	0	5626	7192	24
nist-pdf-0017	pdf	full	2	25	0	5523	7264	24
nist-pdf-0017	pdf	full	3	25	0	5268	7316	24
nist-pdf-0017	pdf	full	4	25	0	5213	7300	24
nist-pdf-0017	pdf	full	5	25	0	4878	7296	24
nist-pdf-0017	pdf	adaptive	0	25	0	4843	7284	24
nist-pdf-0017	pdf	adaptive	1	25	0	5294	7304	24
nist-pdf-0017	pdf	adaptive	2	25	0	5083	7276	24
nist-pdf-0017	pdf	adaptive	3	25	0	4873	7268	24
nist-pdf-0017	pdf	adaptive	4	25	0	5450	7340	24
nist-pdf-0017	pdf	adaptive	5	25	0	4919	7168	24
nist-pdf-0017	pdf	hist	0	25	0	4464	7236	24
nist-pdf-0017	pdf	hist	1	25	0	4809	7240	24
nist-pdf-0017	pdf	hist	2	25	0	4660	7244	24
nist-pdf-0017	pdf	hist	3	25	0	5013	7296	24
nist-pdf-0017	pdf	hist	4	25	0	5134	7324	24
nist-pdf-0017	pdf	hist	5	25	0	4901	7116	24
nist-docx-0005	docx	vole	0	1	0	2050	4632	24
nist-docx-0005	docx	vole	1	1	0	2050	4632	24
nist-docx-0005	docx	vole	2	1	0	2050	4632	24
nist-docx-0005	docx	vole	3	1	0	2050	4632	24
nist-docx-0005	docx	vole	4	1	0	2050	4632	24
nist-docx-0005	docx	vole	5	1	0	2050	4632	24
nist-docx-0005	docx	full	0	1	0	2341	3308	24
nist-docx-0005	docx	full	1	1	0	2333	3420	24
nist-docx-0005	docx	full	2	1	0	3891	3492	24
nist-docx-0005	docx	full	3	1	0	2727	3408	24
nist-docx-0005	docx	full	4	1	0	2967	3600	24
nist-docx-0005	docx	full	5	1	0	2941	3360	24
nist-docx-0005	docx	adaptive	0	1	0	2241	3276	24
nist-docx-0005	docx	adaptive	1	1	0	2250	3424	24
nist-docx-0005	docx	adaptive	2	1	0	2607	3464	24
nist-docx-0005	docx	adaptive	3	1	0	2626	3492	24
nist-docx-0005	docx	adaptive	4	1	0	2776	3636	24
nist-docx-0005	docx	adaptive	5	1	0	2587	3612	24
nist-docx-0005	docx	hist	0	1	0	2075	3244	24
nist-docx-0005	docx	hist	1	1	0	2242	3136	24
nist-docx-0005	docx	hist	2	1	0	2403	3288	24
nist-docx-0005	docx	hist	3	1	0	2467	3340	24
nist-docx-0005	docx	hist	4	1	0	3181	3152	24
nist-docx-0005	docx	hist	5	1	0	2578	3372	24
nist-docx-0005	docx	full	0	2	0	2347	3308	24
nist-docx-0005	docx	full	1	2	0	2282	3420	24
nist-docx-0005	docx	full	2	2	0	2499	3492	24
nist-docx-0005	docx	full	3	2	0	2623	3408	24
nist-docx-0005	docx	full	4	2	0	2659	3600	24
nist-docx-0005	docx	full	5	2	0	2652	3360	24
nist-docx-0005	docx	adaptive	0	2	0	2200	3276	24
nist-docx-0005	docx	adaptive	1	2	0	2288	3424	24
nist-docx-0005	docx	adaptive	2	2	0	2412	3464	24
nist-docx-0005	docx	adaptive	3	2	0	2511	3492	24
nist-docx-0005	docx	adaptive	4	2	0	2615	3636	24
nist-docx-0005	docx	adaptive	5	2	0	2643	3612	24
nist-docx-0005	docx	hist	0	2	0	2131	3244	24
nist-docx-0005	docx	hist	1	2	0	2207	3136	24
nist-docx-0005	docx	hist	2	2	0	2374	3288	24
nist-docx-0005	docx	hist	3	2	0	2337	3340	24
nist-docx-0005	docx	hist	4	2	0	2574	3152	24
nist-docx-0005	docx	hist	5	2	0	2491	3372	24
nist-docx-0005	docx	vole	0	2	0	1905	4632	24
nist-docx-0005	docx	vole	1	2	0	1905	4632	24
nist-docx-0005	docx	vole	2	2	0	1905	4632	24
nist-docx-0005	docx	vole	3	2	0	1905	4632	24
nist-docx-0005	docx	vole	4	2	0	1905	4632	24
nist-docx-0005	docx	vole	5	2	0	1905	4632	24
nist-docx-0005	docx	vole	0	3	0	2273	4632	24
nist-docx-0005	docx	vole	1	3	0	2273	4632	24
nist-docx-0005	docx	vole	2	3	0	2273	4632	24
nist-docx-0005	docx	vole	3	3	0	2273	4632	24
nist-docx-0005	docx	vole	4	3	0	2273	4632	24
nist-docx-0005	docx	vole	5	3	0	2273	4632	24
nist-docx-0005	docx	full	0	3	0	2654	3308	24
nist-docx-0005	docx	full	1	3	0	2344	3420	24
nist-docx-0005	docx	full	2	3	0	2628	3492	24
nist-docx-0005	docx	full	3	3	0	2430	3408	24
nist-docx-0005	docx	full	4	3	0	2610	3600	24
nist-docx-0005	docx	full	5	3	0	2729	3360	24
nist-docx-0005	docx	adaptive	0	3	0	2121	3276	24
nist-docx-0005	docx	adaptive	1	3	0	2239	3424	24
nist-docx-0005	docx	adaptive	2	3	0	2589	3464	24
nist-docx-0005	docx	adaptive	3	3	0	2591	3492	24
nist-docx-0005	docx	adaptive	4	3	0	2703	3636	24
nist-docx-0005	docx	adaptive	5	3	0	2869	3612	24
nist-docx-0005	docx	hist	0	3	0	2132	3244	24
nist-docx-0005	docx	hist	1	3	0	2256	3136	24
nist-docx-0005	docx	hist	2	3	0	2382	3288	24
nist-docx-0005	docx	hist	3	3	0	2351	3340	24
nist-docx-0005	docx	hist	4	3	0	2548	3152	24
nist-docx-0005	docx	hist	5	3	0	2512	3372	24
nist-docx-0005	docx	full	0	4	0	2189	3308	24
nist-docx-0005	docx	full	1	4	0	2258	3420	24
nist-docx-0005	docx	full	2	4	0	2548	3492	24
nist-docx-0005	docx	full	3	4	0	2634	3408	24
nist-docx-0005	docx	full	4	4	0	2594	3600	24
nist-docx-0005	docx	full	5	4	0	2657	3360	24
nist-docx-0005	docx	adaptive	0	4	0	2230	3276	24
nist-docx-0005	docx	adaptive	1	4	0	2252	3424	24
nist-docx-0005	docx	adaptive	2	4	0	2567	3464	24
nist-docx-0005	docx	adaptive	3	4	0	3057	3492	24
nist-docx-0005	docx	adaptive	4	4	0	2790	3636	24
nist-docx-0005	docx	adaptive	5	4	0	2711	3612	24
nist-docx-0005	docx	hist	0	4	0	2094	3244	24
nist-docx-0005	docx	hist	1	4	0	2280	3136	24
nist-docx-0005	docx	hist	2	4	0	2318	3288	24
nist-docx-0005	docx	hist	3	4	0	2423	3340	24
nist-docx-0005	docx	hist	4	4	0	2509	3152	24
nist-docx-0005	docx	hist	5	4	0	2432	3372	24
nist-docx-0005	docx	vole	0	4	0	1991	4632	24
nist-docx-0005	docx	vole	1	4	0	1991	4632	24
nist-docx-0005	docx	vole	2	4	0	1991	4632	24
nist-docx-0005	docx	vole	3	4	0	1991	4632	24
nist-docx-0005	docx	vole	4	4	0	1991	4632	24
nist-docx-0005	docx	vole	5	4	0	1991	4632	24
nist-docx-0005	docx	vole	0	5	0	1976	4632	24
nist-docx-0005	docx	vole	1	5	0	1976	4632	24
nist-docx-0005	docx	vole	2	5	0	1976	4632	24
nist-docx-0005	docx	vole	3	5	0	1976	4632	24
nist-docx-0005	docx	vole	4	5	0	1976	4632	24
nist-docx-0005	docx	vole	5	5	0	1976	4632	24
nist-docx-0005	docx	full	0	5	0	2321	3308	24
nist-docx-0005	docx	full	1	5	0	2180	3420	24
nist-docx-0005	docx	full	2	5	0	2453	3492	24
nist-docx-0005	docx	full	3	5	0	2542	3408	24
nist-docx-0005	docx	full	4	5	0	2728	3600	24
nist-docx-0005	docx	full	5	5	0	2646	3360	24
nist-docx-0005	docx	adaptive	0	5	0	2144	3276	24
nist-docx-0005	docx	adaptive	1	5	0	2250	3424	24
nist-docx-0005	docx	adaptive	2	5	0	2613	3464	24
nist-docx-0005	docx	adaptive	3	5	0	3420	3492	24
nist-docx-0005	docx	adaptive	4	5	0	2931	3636	24
nist-docx-0005	docx	adaptive	5	5	0	2768	3612	24
nist-docx-0005	docx	hist	0	5	0	2204	3244	24
nist-docx-0005	docx	hist	1	5	0	2357	3136	24
nist-docx-0005	docx	hist	2	5	0	2432	3288	24
nist-docx-0005	docx	hist	3	5	0	2405	3340	24
nist-docx-0005	docx	hist	4	5	0	2567	3152	24
nist-docx-0005	docx	hist	5	5	0	2544	3372	24
nist-docx-0005	docx	full	0	6	0	2195	3308	24
nist-docx-0005	docx	full	1	6	0	2353	3420	24
nist-docx-0005	docx	full	2	6	0	2524	3492	24
nist-docx-0005	docx	full	3	6	0	2478	3408	24
nist-docx-0005	docx	full	4	6	0	2784	3600	24
nist-docx-0005	docx	full	5	6	0	2711	3360	24
nist-docx-0005	docx	adaptive	0	6	0	2160	3276	24
nist-docx-0005	docx	adaptive	1	6	0	2328	3424	24
nist-docx-0005	docx	adaptive	2	6	0	2461	3464	24
nist-docx-0005	docx	adaptive	3	6	0	2448	3492	24
nist-docx-0005	docx	adaptive	4	6	0	2652	3636	24
nist-docx-0005	docx	adaptive	5	6	0	2649	3612	24
nist-docx-0005	docx	hist	0	6	0	2106	3244	24
nist-docx-0005	docx	hist	1	6	0	2328	3136	24
nist-docx-0005	docx	hist	2	6	0	2418	3288	24
nist-docx-0005	docx	hist	3	6	0	2611	3340	24
nist-docx-0005	docx	hist	4	6	0	2667	3152	24
nist-docx-0005	docx	hist	5	6	0	2607	3372	24
nist-docx-0005	docx	vole	0	6	0	1936	4632	24
nist-docx-0005	docx	vole	1	6	0	1936	4632	24
nist-docx-0005	docx	vole	2	6	0	1936	4632	24
nist-docx-0005	docx	vole	3	6	0	1936	4632	24
nist-docx-0005	docx	vole	4	6	0	1936	4632	24
nist-docx-0005	docx	vole	5	6	0	1936	4632	24
nist-docx-0005	docx	vole	0	7	0	1965	4632	24
nist-docx-0005	docx	vole	1	7	0	1965	4632	24
nist-docx-0005	docx	vole	2	7	0	1965	4632	24
nist-docx-0005	docx	vole	3	7	0	1965	4632	24
nist-docx-0005	docx	vole	4	7	0	1965	4632	24
nist-docx-0005	docx	vole	5	7	0	1965	4632	24
nist-docx-0005	docx	full	0	7	0	2524	3308	24
nist-docx-0005	docx	full	1	7	0	2402	3420	24
nist-docx-0005	docx	full	2	7	0	2447	3492	24
nist-docx-0005	docx	full	3	7	0	2502	3408	24
nist-docx-0005	docx	full	4	7	0	2655	3600	24
nist-docx-0005	docx	full	5	7	0	2811	3360	24
nist-docx-0005	docx	adaptive	0	7	0	2189	3276	24
nist-docx-0005	docx	adaptive	1	7	0	2335	3424	24
nist-docx-0005	docx	adaptive	2	7	0	2478	3464	24
nist-docx-0005	docx	adaptive	3	7	0	2541	3492	24
nist-docx-0005	docx	adaptive	4	7	0	2763	3636	24
nist-docx-0005	docx	adaptive	5	7	0	2717	3612	24
nist-docx-0005	docx	hist	0	7	0	2241	3244	24
nist-docx-0005	docx	hist	1	7	0	2298	3136	24
nist-docx-0005	docx	hist	2	7	0	2440	3288	24
nist-docx-0005	docx	hist	3	7	0	2541	3340	24
nist-docx-0005	docx	hist	4	7	0	2802	3152	24
nist-docx-0005	docx	hist	5	7	0	2580	3372	24
nist-docx-0005	docx	full	0	8	0	2091	3308	24
nist-docx-0005	docx	full	1	8	0	2210	3420	24
nist-docx-0005	docx	full	2	8	0	2451	3492	24
nist-docx-0005	docx	full	3	8	0	2469	3408	24
nist-docx-0005	docx	full	4	8	0	2683	3600	24
nist-docx-0005	docx	full	5	8	0	2626	3360	24
nist-docx-0005	docx	adaptive	0	8	0	2085	3276	24
nist-docx-0005	docx	adaptive	1	8	0	2225	3424	24
nist-docx-0005	docx	adaptive	2	8	0	2583	3464	24
nist-docx-0005	docx	adaptive	3	8	0	3140	3492	24
nist-docx-0005	docx	adaptive	4	8	0	3321	3636	24
nist-docx-0005	docx	adaptive	5	8	0	2949	3612	24
nist-docx-0005	docx	hist	0	8	0	2187	3244	24
nist-docx-0005	docx	hist	1	8	0	2406	3136	24
nist-docx-0005	docx	hist	2	8	0	2575	3288	24
nist-docx-0005	docx	hist	3	8	0	2459	3340	24
nist-docx-0005	docx	hist	4	8	0	2920	3152	24
nist-docx-0005	docx	hist	5	8	0	2616	3372	24
nist-docx-0005	docx	vole	0	8	0	1971	4632	24
nist-docx-0005	docx	vole	1	8	0	1971	4632	24
nist-docx-0005	docx	vole	2	8	0	1971	4632	24
nist-docx-0005	docx	vole	3	8	0	1971	4632	24
nist-docx-0005	docx	vole	4	8	0	1971	4632	24
nist-docx-0005	docx	vole	5	8	0	1971	4632	24
nist-docx-0005	docx	vole	0	9	0	1964	4632	24
nist-docx-0005	docx	vole	1	9	0	1964	4632	24
nist-docx-0005	docx	vole	2	9	0	1964	4632	24
nist-docx-0005	docx	vole	3	9	0	1964	4632	24
nist-docx-0005	docx	vole	4	9	0	1964	4632	24
nist-docx-0005	docx	vole	5	9	0	1964	4632	24
nist-docx-0005	docx	full	0	9	0	2500	3308	24
nist-docx-0005	docx	full	1	9	0	2371	3420	24
nist-docx-0005	docx	full	2	9	0	2516	3492	24
nist-docx-0005	docx	full	3	9	0	2574	3408	24
nist-docx-0005	docx	full	4	9	0	2762	3600	24
nist-docx-0005	docx	full	5	9	0	2771	3360	24
nist-docx-0005	docx	adaptive	0	9	0	2209	3276	24
nist-docx-0005	docx	adaptive	1	9	0	2229	3424	24
nist-docx-0005	docx	adaptive	2	9	0	2465	3464	24
nist-docx-0005	docx	adaptive	3	9	0	2418	3492	24
nist-docx-0005	docx	adaptive	4	9	0	2592	3636	24
nist-docx-0005	docx	adaptive	5	9	0	2808	3612	24
nist-docx-0005	docx	hist	0	9	0	2058	3244	24
nist-docx-0005	docx	hist	1	9	0	2209	3136	24
nist-docx-0005	docx	hist	2	9	0	2302	3288	24
nist-docx-0005	docx	hist	3	9	0	2364	3340	24
nist-docx-0005	docx	hist	4	9	0	2579	3152	24
nist-docx-0005	docx	hist	5	9	0	2563	3372	24
nist-docx-0005	docx	full	0	10	0	2170	3308	24
nist-docx-0005	docx	full	1	10	0	2188	3420	24
nist-docx-0005	docx	full	2	10	0	2417	3492	24
nist-docx-0005	docx	full	3	10	0	2513	3408	24
nist-docx-0005	docx	full	4	10	0	2683	3600	24
nist-docx-0005	docx	full	5	10	0	2616	3360	24
nist-docx-0005	docx	adaptive	0	10	0	2118	3276	24
nist-docx-0005	docx	adaptive	1	10	0	2207	3424	24
nist-docx-0005	docx	adaptive	2	10	0	2443	3464	24
nist-docx-0005	docx	adaptive	3	10	0	2464	3492	24
nist-docx-0005	docx	adaptive	4	10	0	2653	3636	24
nist-docx-0005	docx	adaptive	5	10	0	2695	3612	24
nist-docx-0005	docx	hist	0	10	0	2028	3244	24
nist-docx-0005	docx	hist	1	10	0	2208	3136	24
nist-docx-0005	docx	hist	2	10	0	2351	3288	24
nist-docx-0005	docx	hist	3	10	0	2432	3340	24
nist-docx-0005	docx	hist	4	10	0	2552	3152	24
nist-docx-0005	docx	hist	5	10	0	2485	3372	24
nist-docx-0005	docx	vole	0	10	0	1944	4632	24
nist-docx-0005	docx	vole	1	10	0	1944	4632	24
nist-docx-0005	docx	vole	2	10	0	1944	4632	24
nist-docx-0005	docx	vole	3	10	0	1944	4632	24
nist-docx-0005	docx	vole	4	10	0	1944	4632	24
nist-docx-0005	docx	vole	5	10	0	1944	4632	24
nist-docx-0005	docx	vole	0	11	0	2266	4632	24
nist-docx-0005	docx	vole	1	11	0	2266	4632	24
nist-docx-0005	docx	vole	2	11	0	2266	4632	24
nist-docx-0005	docx	vole	3	11	0	2266	4632	24
nist-docx-0005	docx	vole	4	11	0	2266	4632	24
nist-docx-0005	docx	vole	5	11	0	2266	4632	24
nist-docx-0005	docx	full	0	11	0	2686	3308	24
nist-docx-0005	docx	full	1	11	0	2348	3420	24
nist-docx-0005	docx	full	2	11	0	2536	3492	24
nist-docx-0005	docx	full	3	11	0	2430	3408	24
nist-docx-0005	docx	full	4	11	0	2665	3600	24
nist-docx-0005	docx	full	5	11	0	2764	3360	24
nist-docx-0005	docx	adaptive	0	11	0	2255	3276	24
nist-docx-0005	docx	adaptive	1	11	0	2264	3424	24
nist-docx-0005	docx	adaptive	2	11	0	2534	3464	24
nist-docx-0005	docx	adaptive	3	11	0	2561	3492	24
nist-docx-0005	docx	adaptive	4	11	0	2840	3636	24
nist-docx-0005	docx	adaptive	5	11	0	2617	3612	24
nist-docx-0005	docx	hist	0	11	0	2166	3244	24
nist-docx-0005	docx	hist	1	11	0	2192	3136	24
nist-docx-0005	docx	hist	2	11	0	2307	3288	24
nist-docx-0005	docx	hist	3	11	0	2449	3340	24
nist-docx-0005	docx	hist	4	11	0	2541	3152	24
nist-docx-0005	docx	hist	5	11	0	2489	3372	24
nist-docx-0005	docx	full	0	12	0	2125	3308	24
nist-docx-0005	docx	full	1	12	0	2195	3420	24
nist-docx-0005	docx	full	2	12	0	2417	3492	24
nist-docx-0005	docx	full	3	12	0	2389	3408	24
nist-docx-0005	docx	full	4	12	0	2685	3600	24
nist-docx-0005	docx	full	5	12	0	2641	3360	24
nist-docx-0005	docx	adaptive	0	12	0	2238	3276	24
nist-docx-0005	docx	adaptive	1	12	0	2315	3424	24
nist-docx-0005	docx	adaptive	2	12	0	2411	3464	24
nist-docx-0005	docx	adaptive	3	12	0	2403	3492	24
nist-docx-0005	docx	adaptive	4	12	0	2678	3636	24
nist-docx-0005	docx	adaptive	5	12	0	2618	3612	24
nist-docx-0005	docx	hist	0	12	0	2118	3244	24
nist-docx-0005	docx	hist	1	12	0	2175	3136	24
nist-docx-0005	docx	hist	2	12	0	2360	3288	24
nist-docx-0005	docx	hist	3	12	0	2284	3340	24
nist-docx-0005	docx	hist	4	12	0	2548	3152	24
nist-docx-0005	docx	hist	5	12	0	2524	3372	24
nist-docx-0005	docx	vole	0	12	0	2041	4632	24
nist-docx-0005	docx	vole	1	12	0	2041	4632	24
nist-docx-0005	docx	vole	2	12	0	2041	4632	24
nist-docx-0005	docx	vole	3	12	0	2041	4632	24
nist-docx-0005	docx	vole	4	12	0	2041	4632	24
nist-docx-0005	docx	vole	5	12	0	2041	4632	24
nist-docx-0005	docx	vole	0	13	0	2095	4632	24
nist-docx-0005	docx	vole	1	13	0	2095	4632	24
nist-docx-0005	docx	vole	2	13	0	2095	4632	24
nist-docx-0005	docx	vole	3	13	0	2095	4632	24
nist-docx-0005	docx	vole	4	13	0	2095	4632	24
nist-docx-0005	docx	vole	5	13	0	2095	4632	24
nist-docx-0005	docx	full	0	13	0	2814	3308	24
nist-docx-0005	docx	full	1	13	0	2582	3420	24
nist-docx-0005	docx	full	2	13	0	2599	3492	24
nist-docx-0005	docx	full	3	13	0	2645	3408	24
nist-docx-0005	docx	full	4	13	0	2803	3600	24
nist-docx-0005	docx	full	5	13	0	2740	3360	24
nist-docx-0005	docx	adaptive	0	13	0	2217	3276	24
nist-docx-0005	docx	adaptive	1	13	0	2325	3424	24
nist-docx-0005	docx	adaptive	2	13	0	2476	3464	24
nist-docx-0005	docx	adaptive	3	13	0	2465	3492	24
nist-docx-0005	docx	adaptive	4	13	0	2737	3636	24
nist-docx-0005	docx	adaptive	5	13	0	2630	3612	24
nist-docx-0005	docx	hist	0	13	0	2144	3244	24
nist-docx-0005	docx	hist	1	13	0	2256	3136	24
nist-docx-0005	docx	hist	2	13	0	2468	3288	24
nist-docx-0005	docx	hist	3	13	0	2396	3340	24
nist-docx-0005	docx	hist	4	13	0	2553	3152	24
nist-docx-0005	docx	hist	5	13	0	2519	3372	24
nist-docx-0005	docx	full	0	14	0	2074	3308	24
nist-docx-0005	docx	full	1	14	0	2166	3420	24
nist-docx-0005	docx	full	2	14	0	2403	3492	24
nist-docx-0005	docx	full	3	14	0	2403	3408	24
nist-docx-0005	docx	full	4	14	0	2647	3600	24
nist-docx-0005	docx	full	5	14	0	2666	3360	24
nist-docx-0005	docx	adaptive	0	14	0	2123	3276	24
nist-docx-0005	docx	adaptive	1	14	0	2188	3424	24
nist-docx-0005	docx	adaptive	2	14	0	2487	3464	24
nist-docx-0005	docx	adaptive	3	14	0	2437	3492	24
nist-docx-0005	docx	adaptive	4	14	0	2646	3636	24
nist-docx-0005	docx	adaptive	5	14	0	3177	3612	24
nist-docx-0005	docx	hist	0	14	0	2149	3244	24
nist-docx-0005	docx	hist	1	14	0	2135	3136	24
nist-docx-0005	docx	hist	2	14	0	2468	3288	24
nist-docx-0005	docx	hist	3	14	0	2426	3340	24
nist-docx-0005	docx	hist	4	14	0	2562	3152	24
nist-docx-0005	docx	hist	5	14	0	2530	3372	24
nist-docx-0005	docx	vole	0	14	0	1909	4632	24
nist-docx-0005	docx	vole	1	14	0	1909	4632	24
nist-docx-0005	docx	vole	2	14	0	1909	4632	24
nist-docx-0005	docx	vole	3	14	0	1909	4632	24
nist-docx-0005	docx	vole	4	14	0	1909	4632	24
nist-docx-0005	docx	vole	5	14	0	1909	4632	24
nist-docx-0005	docx	vole	0	15	0	2164	4632	24
nist-docx-0005	docx	vole	1	15	0	2164	4632	24
nist-docx-0005	docx	vole	2	15	0	2164	4632	24
nist-docx-0005	docx	vole	3	15	0	2164	4632	24
nist-docx-0005	docx	vole	4	15	0	2164	4632	24
nist-docx-0005	docx	vole	5	15	0	2164	4632	24
nist-docx-0005	docx	full	0	15	0	2524	3308	24
nist-docx-0005	docx	full	1	15	0	2323	3420	24
nist-docx-0005	docx	full	2	15	0	2496	3492	24
nist-docx-0005	docx	full	3	15	0	2542	3408	24
nist-docx-0005	docx	full	4	15	0	2677	3600	24
nist-docx-0005	docx	full	5	15	0	2633	3360	24
nist-docx-0005	docx	adaptive	0	15	0	2246	3276	24
nist-docx-0005	docx	adaptive	1	15	0	2322	3424	24
nist-docx-0005	docx	adaptive	2	15	0	2483	3464	24
nist-docx-0005	docx	adaptive	3	15	0	2564	3492	24
nist-docx-0005	docx	adaptive	4	15	0	2690	3636	24
nist-docx-0005	docx	adaptive	5	15	0	2648	3612	24
nist-docx-0005	docx	hist	0	15	0	2124	3244	24
nist-docx-0005	docx	hist	1	15	0	2309	3136	24
nist-docx-0005	docx	hist	2	15	0	3724	3288	24
nist-docx-0005	docx	hist	3	15	0	2844	3340	24
nist-docx-0005	docx	hist	4	15	0	2716	3152	24
nist-docx-0005	docx	hist	5	15	0	2709	3372	24
nist-docx-0005	docx	full	0	16	0	2232	3308	24
nist-docx-0005	docx	full	1	16	0	2274	3420	24
nist-docx-0005	docx	full	2	16	0	2457	3492	24
nist-docx-0005	docx	full	3	16	0	2432	3408	24
nist-docx-0005	docx	full	4	16	0	2738	3600	24
nist-docx-0005	docx	full	5	16	0	2666	3360	24
nist-docx-0005	docx	adaptive	0	16	0	2124	3276	24
nist-docx-0005	docx	adaptive	1	16	0	2463	3424	24
nist-docx-0005	docx	adaptive	2	16	0	2538	3464	24
nist-docx-0005	docx	adaptive	3	16	0	2554	3492	24
nist-docx-0005	docx	adaptive	4	16	0	2739	3636	24
nist-docx-0005	docx	adaptive	5	16	0	2712	3612	24
nist-docx-0005	docx	hist	0	16	0	2314	3244	24
nist-docx-0005	docx	hist	1	16	0	2329	3136	24
nist-docx-0005	docx	hist	2	16	0	2434	3288	24
nist-docx-0005	docx	hist	3	16	0	2411	3340	24
nist-docx-0005	docx	hist	4	16	0	2543	3152	24
nist-docx-0005	docx	hist	5	16	0	2586	3372	24
nist-docx-0005	docx	vole	0	16	0	2003	4632	24
nist-docx-0005	docx	vole	1	16	0	2003	4632	24
nist-docx-0005	docx	vole	2	16	0	2003	4632	24
nist-docx-0005	docx	vole	3	16	0	2003	4632	24
nist-docx-0005	docx	vole	4	16	0	2003	4632	24
nist-docx-0005	docx	vole	5	16	0	2003	4632	24
nist-docx-0005	docx	vole	0	17	0	1935	4632	24
nist-docx-0005	docx	vole	1	17	0	1935	4632	24
nist-docx-0005	docx	vole	2	17	0	1935	4632	24
nist-docx-0005	docx	vole	3	17	0	1935	4632	24
nist-docx-0005	docx	vole	4	17	0	1935	4632	24
nist-docx-0005	docx	vole	5	17	0	1935	4632	24
nist-docx-0005	docx	full	0	17	0	2315	3308	24
nist-docx-0005	docx	full	1	17	0	2249	3420	24
nist-docx-0005	docx	full	2	17	0	2477	3492	24
nist-docx-0005	docx	full	3	17	0	2436	3408	24
nist-docx-0005	docx	full	4	17	0	2722	3600	24
nist-docx-0005	docx	full	5	17	0	2679	3360	24
nist-docx-0005	docx	adaptive	0	17	0	2149	3276	24
nist-docx-0005	docx	adaptive	1	17	0	2272	3424	24
nist-docx-0005	docx	adaptive	2	17	0	2422	3464	24
nist-docx-0005	docx	adaptive	3	17	0	2419	3492	24
nist-docx-0005	docx	adaptive	4	17	0	3141	3636	24
nist-docx-0005	docx	adaptive	5	17	0	3274	3612	24
nist-docx-0005	docx	hist	0	17	0	2260	3244	24
nist-docx-0005	docx	hist	1	17	0	2286	3136	24
nist-docx-0005	docx	hist	2	17	0	2446	3288	24
nist-docx-0005	docx	hist	3	17	0	2596	3340	24
nist-docx-0005	docx	hist	4	17	0	2698	3152	24
nist-docx-0005	docx	hist	5	17	0	2585	3372	24
nist-docx-0005	docx	full	0	18	0	2197	3308	24
nist-docx-0005	docx	full	1	18	0	2245	3420	24
nist-docx-0005	docx	full	2	18	0	2508	3492	24
nist-docx-0005	docx	full	3	18	0	2429	3408	24
nist-docx-0005	docx	full	4	18	0	2612	3600	24
nist-docx-0005	docx	full	5	18	0	2712	3360	24
nist-docx-0005	docx	adaptive	0	18	0	2084	3276	24
nist-docx-0005	docx	adaptive	1	18	0	2428	3424	24
nist-docx-0005	docx	adaptive	2	18	0	2486	3464	24
nist-docx-0005	docx	adaptive	3	18	0	2677	3492	24
nist-docx-0005	docx	adaptive	4	18	0	2756	3636	24
nist-docx-0005	docx	adaptive	5	18	0	2625	3612	24
nist-docx-0005	docx	hist	0	18	0	2150	3244	24
nist-docx-0005	docx	hist	1	18	0	2160	3136	24
nist-docx-0005	docx	hist	2	18	0	2274	3288	24
nist-docx-0005	docx	hist	3	18	0	2341	3340	24
nist-docx-0005	docx	hist	4	18	0	2548	3152	24
nist-docx-0005	docx	hist	5	18	0	2564	3372	24
nist-docx-0005	docx	vole	0	18	0	2011	4632	24
nist-docx-0005	docx	vole	1	18	0	2011	4632	24
nist-docx-0005	docx	vole	2	18	0	2011	4632	24
nist-docx-0005	docx	vole	3	18	0	2011	4632	24
nist-docx-0005	docx	vole	4	18	0	2011	4632	24
nist-docx-0005	docx	vole	5	18	0	2011	4632	24
nist-docx-0005	docx	vole	0	19	0	2039	4632	24
nist-docx-0005	docx	vole	1	19	0	2039	4632	24
nist-docx-0005	docx	vole	2	19	0	2039	4632	24
nist-docx-0005	docx	vole	3	19	0	2039	4632	24
nist-docx-0005	docx	vole	4	19	0	2039	4632	24
nist-docx-0005	docx	vole	5	19	0	2039	4632	24
nist-docx-0005	docx	full	0	19	0	2410	3308	24
nist-docx-0005	docx	full	1	19	0	2305	3420	24
nist-docx-0005	docx	full	2	19	0	2515	3492	24
nist-docx-0005	docx	full	3	19	0	2435	3408	24
nist-docx-0005	docx	full	4	19	0	2607	3600	24
nist-docx-0005	docx	full	5	19	0	2722	3360	24
nist-docx-0005	docx	adaptive	0	19	0	2132	3276	24
nist-docx-0005	docx	adaptive	1	19	0	2297	3424	24
nist-docx-0005	docx	adaptive	2	19	0	3389	3464	24
nist-docx-0005	docx	adaptive	3	19	0	2649	3492	24
nist-docx-0005	docx	adaptive	4	19	0	2907	3636	24
nist-docx-0005	docx	adaptive	5	19	0	2763	3612	24
nist-docx-0005	docx	hist	0	19	0	2316	3244	24
nist-docx-0005	docx	hist	1	19	0	2340	3136	24
nist-docx-0005	docx	hist	2	19	0	2363	3288	24
nist-docx-0005	docx	hist	3	19	0	2466	3340	24
nist-docx-0005	docx	hist	4	19	0	2576	3152	24
nist-docx-0005	docx	hist	5	19	0	2613	3372	24
nist-docx-0005	docx	full	0	20	0	2219	3308	24
nist-docx-0005	docx	full	1	20	0	2281	3420	24
nist-docx-0005	docx	full	2	20	0	2536	3492	24
nist-docx-0005	docx	full	3	20	0	2618	3408	24
nist-docx-0005	docx	full	4	20	0	2716	3600	24
nist-docx-0005	docx	full	5	20	0	2721	3360	24
nist-docx-0005	docx	adaptive	0	20	0	2182	3276	24
nist-docx-0005	docx	adaptive	1	20	0	2234	3424	24
nist-docx-0005	docx	adaptive	2	20	0	2523	3464	24
nist-docx-0005	docx	adaptive	3	20	0	2467	3492	24
nist-docx-0005	docx	adaptive	4	20	0	2712	3636	24
nist-docx-0005	docx	adaptive	5	20	0	2628	3612	24
nist-docx-0005	docx	hist	0	20	0	2045	3244	24
nist-docx-0005	docx	hist	1	20	0	2134	3136	24
nist-docx-0005	docx	hist	2	20	0	2327	3288	24
nist-docx-0005	docx	hist	3	20	0	2311	3340	24
nist-docx-0005	docx	hist	4	20	0	2519	3152	24
nist-docx-0005	docx	hist	5	20	0	2527	3372	24
nist-docx-0005	docx	vole	0	20	0	1935	4632	24
nist-docx-0005	docx	vole	1	20	0	1935	4632	24
nist-docx-0005	docx	vole	2	20	0	1935	4632	24
nist-docx-0005	docx	vole	3	20	0	1935	4632	24
nist-docx-0005	docx	vole	4	20	0	1935	4632	24
nist-docx-0005	docx	vole	5	20	0	1935	4632	24
nist-docx-0005	docx	vole	0	21	0	2074	4632	24
nist-docx-0005	docx	vole	1	21	0	2074	4632	24
nist-docx-0005	docx	vole	2	21	0	2074	4632	24
nist-docx-0005	docx	vole	3	21	0	2074	4632	24
nist-docx-0005	docx	vole	4	21	0	2074	4632	24
nist-docx-0005	docx	vole	5	21	0	2074	4632	24
nist-docx-0005	docx	full	0	21	0	2421	3308	24
nist-docx-0005	docx	full	1	21	0	2409	3420	24
nist-docx-0005	docx	full	2	21	0	2538	3492	24
nist-docx-0005	docx	full	3	21	0	2556	3408	24
nist-docx-0005	docx	full	4	21	0	2768	3600	24
nist-docx-0005	docx	full	5	21	0	3559	3360	24
nist-docx-0005	docx	adaptive	0	21	0	2532	3276	24
nist-docx-0005	docx	adaptive	1	21	0	2490	3424	24
nist-docx-0005	docx	adaptive	2	21	0	2610	3464	24
nist-docx-0005	docx	adaptive	3	21	0	2493	3492	24
nist-docx-0005	docx	adaptive	4	21	0	2959	3636	24
nist-docx-0005	docx	adaptive	5	21	0	2758	3612	24
nist-docx-0005	docx	hist	0	21	0	2193	3244	24
nist-docx-0005	docx	hist	1	21	0	2327	3136	24
nist-docx-0005	docx	hist	2	21	0	2500	3288	24
nist-docx-0005	docx	hist	3	21	0	2426	3340	24
nist-docx-0005	docx	hist	4	21	0	2688	3152	24
nist-docx-0005	docx	hist	5	21	0	2574	3372	24
nist-docx-0005	docx	full	0	22	0	2109	3308	24
nist-docx-0005	docx	full	1	22	0	2256	3420	24
nist-docx-0005	docx	full	2	22	0	2428	3492	24
nist-docx-0005	docx	full	3	22	0	2484	3408	24
nist-docx-0005	docx	full	4	22	0	2660	3600	24
nist-docx-0005	docx	full	5	22	0	2613	3360	24
nist-docx-0005	docx	adaptive	0	22	0	2138	3276	24
nist-docx-0005	docx	adaptive	1	22	0	2185	3424	24
nist-docx-0005	docx	adaptive	2	22	0	2386	3464	24
nist-docx-0005	docx	adaptive	3	22	0	2589	3492	24
nist-docx-0005	docx	adaptive	4	22	0	2784	3636	24
nist-docx-0005	docx	adaptive	5	22	0	3855	3612	24
nist-docx-0005	docx	hist	0	22	0	2148	3244	24
nist-docx-0005	docx	hist	1	22	0	2856	3136	24
nist-docx-0005	docx	hist	2	22	0	2426	3288	24
nist-docx-0005	docx	hist	3	22	0	2351	3340	24
nist-docx-0005	docx	hist	4	22	0	2682	3152	24
nist-docx-0005	docx	hist	5	22	0	2552	3372	24
nist-docx-0005	docx	vole	0	22	0	1978	4632	24
nist-docx-0005	docx	vole	1	22	0	1978	4632	24
nist-docx-0005	docx	vole	2	22	0	1978	4632	24
nist-docx-0005	docx	vole	3	22	0	1978	4632	24
nist-docx-0005	docx	vole	4	22	0	1978	4632	24
nist-docx-0005	docx	vole	5	22	0	1978	4632	24
nist-docx-0005	docx	vole	0	23	0	2346	4632	24
nist-docx-0005	docx	vole	1	23	0	2346	4632	24
nist-docx-0005	docx	vole	2	23	0	2346	4632	24
nist-docx-0005	docx	vole	3	23	0	2346	4632	24
nist-docx-0005	docx	vole	4	23	0	2346	4632	24
nist-docx-0005	docx	vole	5	23	0	2346	4632	24
nist-docx-0005	docx	full	0	23	0	2789	3308	24
nist-docx-0005	docx	full	1	23	0	2435	3420	24
nist-docx-0005	docx	full	2	23	0	2568	3492	24
nist-docx-0005	docx	full	3	23	0	2533	3408	24
nist-docx-0005	docx	full	4	23	0	3013	3600	24
nist-docx-0005	docx	full	5	23	0	2901	3360	24
nist-docx-0005	docx	adaptive	0	23	0	2260	3276	24
nist-docx-0005	docx	adaptive	1	23	0	2211	3424	24
nist-docx-0005	docx	adaptive	2	23	0	2468	3464	24
nist-docx-0005	docx	adaptive	3	23	0	2464	3492	24
nist-docx-0005	docx	adaptive	4	23	0	2614	3636	24
nist-docx-0005	docx	adaptive	5	23	0	2591	3612	24
nist-docx-0005	docx	hist	0	23	0	2157	3244	24
nist-docx-0005	docx	hist	1	23	0	2165	3136	24
nist-docx-0005	docx	hist	2	23	0	2335	3288	24
nist-docx-0005	docx	hist	3	23	0	2622	3340	24
nist-docx-0005	docx	hist	4	23	0	2612	3152	24
nist-docx-0005	docx	hist	5	23	0	2619	3372	24
nist-docx-0005	docx	full	0	24	0	2130	3308	24
nist-docx-0005	docx	full	1	24	0	2380	3420	24
nist-docx-0005	docx	full	2	24	0	2469	3492	24
nist-docx-0005	docx	full	3	24	0	2527	3408	24
nist-docx-0005	docx	full	4	24	0	2669	3600	24
nist-docx-0005	docx	full	5	24	0	2642	3360	24
nist-docx-0005	docx	adaptive	0	24	0	2176	3276	24
nist-docx-0005	docx	adaptive	1	24	0	2229	3424	24
nist-docx-0005	docx	adaptive	2	24	0	2481	3464	24
nist-docx-0005	docx	adaptive	3	24	0	2437	3492	24
nist-docx-0005	docx	adaptive	4	24	0	2571	3636	24
nist-docx-0005	docx	adaptive	5	24	0	2667	3612	24
nist-docx-0005	docx	hist	0	24	0	2135	3244	24
nist-docx-0005	docx	hist	1	24	0	2226	3136	24
nist-docx-0005	docx	hist	2	24	0	2356	3288	24
nist-docx-0005	docx	hist	3	24	0	2454	3340	24
nist-docx-0005	docx	hist	4	24	0	2694	3152	24
nist-docx-0005	docx	hist	5	24	0	2632	3372	24
nist-docx-0005	docx	vole	0	24	0	1955	4632	24
nist-docx-0005	docx	vole	1	24	0	1955	4632	24
nist-docx-0005	docx	vole	2	24	0	1955	4632	24
nist-docx-0005	docx	vole	3	24	0	1955	4632	24
nist-docx-0005	docx	vole	4	24	0	1955	4632	24
nist-docx-0005	docx	vole	5	24	0	1955	4632	24
nist-docx-0005	docx	vole	0	25	0	1971	4632	24
nist-docx-0005	docx	vole	1	25	0	1971	4632	24
nist-docx-0005	docx	vole	2	25	0	1971	4632	24
nist-docx-0005	docx	vole	3	25	0	1971	4632	24
nist-docx-0005	docx	vole	4	25	0	1971	4632	24
nist-docx-0005	docx	vole	5	25	0	1971	4632	24
nist-docx-0005	docx	full	0	25	0	3057	3308	24
nist-docx-0005	docx	full	1	25	0	2523	3420	24
nist-docx-0005	docx	full	2	25	0	2658	3492	24
nist-docx-0005	docx	full	3	25	0	2446	3408	24
nist-docx-0005	docx	full	4	25	0	2724	3600	24
nist-docx-0005	docx	full	5	25	0	2930	3360	24
nist-docx-0005	docx	adaptive	0	25	0	2190	3276	24
nist-docx-0005	docx	adaptive	1	25	0	2226	3424	24
nist-docx-0005	docx	adaptive	2	25	0	2609	3464	24
nist-docx-0005	docx	adaptive	3	25	0	2452	3492	24
nist-docx-0005	docx	adaptive	4	25	0	2812	3636	24
nist-docx-0005	docx	adaptive	5	25	0	2633	3612	24
nist-docx-0005	docx	hist	0	25	0	2213	3244	24
nist-docx-0005	docx	hist	1	25	0	2194	3136	24
nist-docx-0005	docx	hist	2	25	0	2309	3288	24
nist-docx-0005	docx	hist	3	25	0	2395	3340	24
nist-docx-0005	docx	hist	4	25	0	2519	3152	24
nist-docx-0005	docx	hist	5	25	0	2587	3372	24
nist-docx-0008	docx	vole	0	1	0	1556	4192	24
nist-docx-0008	docx	vole	1	1	0	1556	4192	24
nist-docx-0008	docx	vole	2	1	0	1556	4192	24
nist-docx-0008	docx	vole	3	1	0	1556	4192	24
nist-docx-0008	docx	vole	4	1	0	1556	4192	24
nist-docx-0008	docx	vole	5	1	0	1556	4192	24
nist-docx-0008	docx	full	0	1	0	2277	3040	24
nist-docx-0008	docx	full	1	1	0	2119	3100	24
nist-docx-0008	docx	full	2	1	0	2414	3400	24
nist-docx-0008	docx	full	3	1	0	2442	3416	24
nist-docx-0008	docx	full	4	1	0	2732	3428	24
nist-docx-0008	docx	full	5	1	0	2583	3412	24
nist-docx-0008	docx	adaptive	0	1	0	1963	3084	24
nist-docx-0008	docx	adaptive	1	1	0	2069	3024	24
nist-docx-0008	docx	adaptive	2	1	0	2380	3376	24
nist-docx-0008	docx	adaptive	3	1	0	2575	3412	24
nist-docx-0008	docx	adaptive	4	1	0	2683	3284	24
nist-docx-0008	docx	adaptive	5	1	0	2550	3472	24
nist-docx-0008	docx	hist	0	1	0	1835	2888	24
nist-docx-0008	docx	hist	1	1	0	2016	2920	24
nist-docx-0008	docx	hist	2	1	0	2124	2856	24
nist-docx-0008	docx	hist	3	1	0	2140	3016	24
nist-docx-0008	docx	hist	4	1	0	2451	3060	24
nist-docx-0008	docx	hist	5	1	0	2362	3148	24
nist-docx-0008	docx	full	0	2	0	2038	3040	24
nist-docx-0008	docx	full	1	2	0	2184	3100	24
nist-docx-0008	docx	full	2	2	0	2310	3400	24
nist-docx-0008	docx	full	3	2	0	2372	3416	24
nist-docx-0008	docx	full	4	2	0	2943	3428	24
nist-docx-0008	docx	full	5	2	0	2581	3412	24
nist-docx-0008	docx	adaptive	0	2	0	1940	3084	24
nist-docx-0008	docx	adaptive	1	2	0	2238	3024	24
nist-docx-0008	docx	adaptive	2	2	0	2378	3376	24
nist-docx-0008	docx	adaptive	3	2	0	2497	3412	24
nist-docx-0008	docx	adaptive	4	2	0	2579	3284	24
nist-docx-0008	docx	adaptive	5	2	0	2649	3472	24
nist-docx-0008	docx	hist	0	2	0	1968	2888	24
nist-docx-0008	docx	hist	1	2	0	2052	2920	24
nist-docx-0008	docx	hist	2	2	0	2196	2856	24
nist-docx-0008	docx	hist	3	2	0	2188	3016	24
nist-docx-0008	docx	hist	4	2	0	2391	3060	24
nist-docx-0008	docx	hist	5	2	0	2516	3148	24
nist-docx-0008	docx	vole	0	2	0	1577	4192	24
nist-docx-0008	docx	vole	1	2	0	1577	4192	24
nist-docx-0008	docx	vole	2	2	0	1577	4192	24
nist-docx-0008	docx	vole	3	2	0	1577	4192	24
nist-docx-0008	docx	vole	4	2	0	1577	4192	24
nist-docx-0008	docx	vole	5	2	0	1577	4192	24
nist-docx-0008	docx	vole	0	3	0	1524	4192	24
nist-docx-0008	docx	vole	1	3	0	1524	4192	24
nist-docx-0008	docx	vole	2	3	0	1524	4192	24
nist-docx-0008	docx	vole	3	3	0	1524	4192	24
nist-docx-0008	docx	vole	4	3	0	1524	4192	24
nist-docx-0008	docx	vole	5	3	0	1524	4192	24
nist-docx-0008	docx	full	0	3	0	2350	3040	24
nist-docx-0008	docx	full	1	3	0	2260	3100	24
nist-docx-0008	docx	full	2	3	0	2386	3400	24
nist-docx-0008	docx	full	3	3	0	2417	3416	24
nist-docx-0008	docx	full	4	3	0	2690	3428	24
nist-docx-0008	docx	full	5	3	0	2551	3412	24
nist-docx-0008	docx	adaptive	0	3	0	2124	3084	24
nist-docx-0008	docx	adaptive	1	3	0	2113	3024	24
nist-docx-0008	docx	adaptive	2	3	0	2428	3376	24
nist-docx-0008	docx	adaptive	3	3	0	2399	3412	24
nist-docx-0008	docx	adaptive	4	3	0	2570	3284	24
nist-docx-0008	docx	adaptive	5	3	0	2571	3472	24
nist-docx-0008	docx	hist	0	3	0	1910	2888	24
nist-docx-0008	docx	hist	1	3	0	2042	2920	24
nist-docx-0008	docx	hist	2	3	0	2297	2856	24
nist-docx-0008	docx	hist	3	3	0	2395	3016	24
nist-docx-0008	docx	hist	4	3	0	2604	3060	24
nist-docx-0008	docx	hist	5	3	0	2593	3148	24
nist-docx-0008	docx	full	0	4	0	2589	3040	24
nist-docx-0008	docx	full	1	4	0	2414	3100	24
nist-docx-0008	docx	full	2	4	0	2564	3400	24
nist-docx-0008	docx	full	3	4	0	2487	3416	24
nist-docx-0008	docx	full	4	4	0	2792	3428	24
nist-docx-0008	docx	full	5	4	0	2703	3412	24
nist-docx-0008	docx	adaptive	0	4	0	2082	3084	24
nist-docx-0008	docx	adaptive	1	4	0	2180	3024	24
nist-docx-0008	docx	adaptive	2	4	0	2456	3376	24
nist-docx-0008	docx	adaptive	3	4	0	2420	3412	24
nist-docx-0008	docx	adaptive	4	4	0	2701	3284	24
nist-docx-0008	docx	adaptive	5	4	0	2668	3472	24
nist-docx-0008	docx	hist	0	4	0	2142	2888	24
nist-docx-0008	docx	hist	1	4	0	2028	2920	24
nist-docx-0008	docx	hist	2	4	0	2363	2856	24
nist-docx-0008	docx	hist	3	4	0	2146	3016	24
nist-docx-0008	docx	hist	4	4	0	2364	3060	24
nist-docx-0008	docx	hist	5	4	0	2435	3148	24
nist-docx-0008	docx	vole	0	4	0	1551	4192	24
nist-docx-0008	docx	vole	1	4	0	1551	4192	24
nist-docx-0008	docx	vole	2	4	0	1551	4192	24
nist-docx-0008	docx	vole	3	4	0	1551	4192	24
nist-docx-0008	docx	vole	4	4	0	1551	4192	24
nist-docx-0008	docx	vole	5	4	0	1551	4192	24
nist-docx-0008	docx	vole	0	5	0	1586	4192	24
nist-docx-0008	docx	vole	1	5	0	1586	4192	24
nist-docx-0008	docx	vole	2	5	0	1586	4192	24
nist-docx-0008	docx	vole	3	5	0	1586	4192	24
nist-docx-0008	docx	vole	4	5	0	1586	4192	24
nist-docx-0008	docx	vole	5	5	0	1586	4192	24
nist-docx-0008	docx	full	0	5	0	2111	3040	24
nist-docx-0008	docx	full	1	5	0	2096	3100	24
nist-docx-0008	docx	full	2	5	0	2444	3400	24
nist-docx-0008	docx	full	3	5	0	2431	3416	24
nist-docx-0008	docx	full	4	5	0	2583	3428	24
nist-docx-0008	docx	full	5	5	0	2602	3412	24
nist-docx-0008	docx	adaptive	0	5	0	1984	3084	24
nist-docx-0008	docx	adaptive	1	5	0	2098	3024	24
nist-docx-0008	docx	adaptive	2	5	0	2302	3376	24
nist-docx-0008	docx	adaptive	3	5	0	2432	3412	24
nist-docx-0008	docx	adaptive	4	5	0	2721	3284	24
nist-docx-0008	docx	adaptive	5	5	0	2795	3472	24
nist-docx-0008	docx	hist	0	5	0	2501	2888	24
nist-docx-0008	docx	hist	1	5	0	2842	2920	24
nist-docx-0008	docx	hist	2	5	0	2497	2856	24
nist-docx-0008	docx	hist	3	5	0	2275	3016	24
nist-docx-0008	docx	hist	4	5	0	2453	3060	24
nist-docx-0008	docx	hist	5	5	0	2485	3148	24
nist-docx-0008	docx	full	0	6	0	2103	3040	24
nist-docx-0008	docx	full	1	6	0	2112	3100	24
nist-docx-0008	docx	full	2	6	0	2431	3400	24
nist-docx-0008	docx	full	3	6	0	2611	3416	24
nist-docx-0008	docx	full	4	6	0	2738	3428	24
nist-docx-0008	docx	full	5	6	0	2752	3412	24
nist-docx-0008	docx	adaptive	0	6	0	2048	3084	24
nist-docx-0008	docx	adaptive	1	6	0	2204	3024	24
nist-docx-0008	docx	adaptive	2	6	0	2449	3376	24
nist-docx-0008	docx	adaptive	3	6	0	2484	3412	24
nist-docx-0008	docx	adaptive	4	6	0	2579	3284	24
nist-docx-0008	docx	adaptive	5	6	0	2762	3472	24
nist-docx-0008	docx	hist	0	6	0	1940	2888	24
nist-docx-0008	docx	hist	1	6	0	2022	2920	24
nist-docx-0008	docx	hist	2	6	0	2163	2856	24
nist-docx-0008	docx	hist	3	6	0	2156	3016	24
nist-docx-0008	docx	hist	4	6	0	2554	3060	24
nist-docx-0008	docx	hist	5	6	0	2478	3148	24
nist-docx-0008	docx	vole	0	6	0	1572	4192	24
nist-docx-0008	docx	vole	1	6	0	1572	4192	24
nist-docx-0008	docx	vole	2	6	0	1572	4192	24
nist-docx-0008	docx	vole	3	6	0	1572	4192	24
nist-docx-0008	docx	vole	4	6	0	1572	4192	24
nist-docx-0008	docx	vole	5	6	0	1572	4192	24
nist-docx-0008	docx	vole	0	7	0	1614	4192	24
nist-docx-0008	docx	vole	1	7	0	1614	4192	24
nist-docx-0008	docx	vole	2	7	0	1614	4192	24
nist-docx-0008	docx	vole	3	7	0	1614	4192	24
nist-docx-0008	docx	vole	4	7	0	1614	4192	24
nist-docx-0008	docx	vole	5	7	0	1614	4192	24
nist-docx-0008	docx	full	0	7	0	2211	3040	24
nist-docx-0008	docx	full	1	7	0	2145	3100	24
nist-docx-0008	docx	full	2	7	0	2512	3400	24
nist-docx-0008	docx	full	3	7	0	2394	3416	24
nist-docx-0008	docx	full	4	7	0	2620	3428	24
nist-docx-0008	docx	full	5	7	0	2520	3412	24
nist-docx-0008	docx	adaptive	0	7	0	2141	3084	24
nist-docx-0008	docx	adaptive	1	7	0	2055	3024	24
nist-docx-0008	docx	adaptive	2	7	0	2471	3376	24
nist-docx-0008	docx	adaptive	3	7	0	2438	3412	24
nist-docx-0008	docx	adaptive	4	7	0	2563	3284	24
nist-docx-0008	docx	adaptive	5	7	0	2531	3472	24
nist-docx-0008	docx	hist	0	7	0	2007	2888	24
nist-docx-0008	docx	hist	1	7	0	2005	2920	24
nist-docx-0008	docx	hist	2	7	0	2149	2856	24
nist-docx-0008	docx	hist	3	7	0	2177	3016	24
nist-docx-0008	docx	hist	4	7	0	2539	3060	24
nist-docx-0008	docx	hist	5	7	0	2465	3148	24
nist-docx-0008	docx	full	0	8	0	3132	3040	24
nist-docx-0008	docx	full	1	8	0	2508	3100	24
nist-docx-0008	docx	full	2	8	0	2570	3400	24
nist-docx-0008	docx	full	3	8	0	2464	3416	24
nist-docx-0008	docx	full	4	8	0	2902	3428	24
nist-docx-0008	docx	full	5	8	0	2838	3412	24
nist-docx-0008	docx	adaptive	0	8	0	2070	3084	24
nist-docx-0008	docx	adaptive	1	8	0	2125	3024	24
nist-docx-0008	docx	adaptive	2	8	0	2465	3376	24
nist-docx-0008	docx	adaptive	3	8	0	2455	3412	24
nist-docx-0008	docx	adaptive	4	8	0	2593	3284	24
nist-docx-0008	docx	adaptive	5	8	0	2586	3472	24
nist-docx-0008	docx	hist	0	8	0	1967	2888	24
nist-docx-0008	docx	hist	1	8	0	1970	2920	24
nist-docx-0008	docx	hist	2	8	0	2149	2856	24
nist-docx-0008	docx	hist	3	8	0	2200	3016	24
nist-docx-0008	docx	hist	4	8	0	2383	3060	24
nist-docx-0008	docx	hist	5	8	0	2511	3148	24
nist-docx-0008	docx	vole	0	8	0	1580	4192	24
nist-docx-0008	docx	vole	1	8	0	1580	4192	24
nist-docx-0008	docx	vole	2	8	0	1580	4192	24
nist-docx-0008	docx	vole	3	8	0	1580	4192	24
nist-docx-0008	docx	vole	4	8	0	1580	4192	24
nist-docx-0008	docx	vole	5	8	0	1580	4192	24
nist-docx-0008	docx	vole	0	9	0	1558	4192	24
nist-docx-0008	docx	vole	1	9	0	1558	4192	24
nist-docx-0008	docx	vole	2	9	0	1558	4192	24
nist-docx-0008	docx	vole	3	9	0	1558	4192	24
nist-docx-0008	docx	vole	4	9	0	1558	4192	24
nist-docx-0008	docx	vole	5	9	0	1558	4192	24
nist-docx-0008	docx	full	0	9	0	2143	3040	24
nist-docx-0008	docx	full	1	9	0	2132	3100	24
nist-docx-0008	docx	full	2	9	0	2407	3400	24
nist-docx-0008	docx	full	3	9	0	2368	3416	24
nist-docx-0008	docx	full	4	9	0	2601	3428	24
nist-docx-0008	docx	full	5	9	0	2568	3412	24
nist-docx-0008	docx	adaptive	0	9	0	2001	3084	24
nist-docx-0008	docx	adaptive	1	9	0	2125	3024	24
nist-docx-0008	docx	adaptive	2	9	0	2489	3376	24
nist-docx-0008	docx	adaptive	3	9	0	2450	3412	24
nist-docx-0008	docx	adaptive	4	9	0	2780	3284	24
nist-docx-0008	docx	adaptive	5	9	0	2658	3472	24
nist-docx-0008	docx	hist	0	9	0	1956	2888	24
nist-docx-0008	docx	hist	1	9	0	1970	2920	24
nist-docx-0008	docx	hist	2	9	0	2163	2856	24
nist-docx-0008	docx	hist	3	9	0	2120	3016	24
nist-docx-0008	docx	hist	4	9	0	2524	3060	24
nist-docx-0008	docx	hist	5	9	0	2492	3148	24
nist-docx-0008	docx	full	0	10	0	2210	3040	24
nist-docx-0008	docx	full	1	10	0	2154	3100	24
nist-docx-0008	docx	full	2	10	0	2465	3400	24
nist-docx-0008	docx	full	3	10	0	2539	3416	24
nist-docx-0008	docx	full	4	10	0	2659	3428	24
nist-docx-0008	docx	full	5	10	0	2721	3412	24
nist-docx-0008	docx	adaptive	0	10	0	2058	3084	24
nist-docx-0008	docx	adaptive	1	10	0	2075	3024	24
nist-docx-0008	docx	adaptive	2	10	0	2359	3376	24
nist-docx-0008	docx	adaptive	3	10	0	2348	3412	24
nist-docx-0008	docx	adaptive	4	10	0	2511	3284	24
nist-docx-0008	docx	adaptive	5	10	0	2542	3472	24
nist-docx-0008	docx	hist	0	10	0	1869	2888	24
nist-docx-0008	docx	hist	1	10	0	1969	2920	24
nist-docx-0008	docx	hist	2	10	0	2113	2856	24
nist-docx-0008	docx	hist	3	10	0	2233	3016	24
nist-docx-0008	docx	hist	4	10	0	2359	3060	24
nist-docx-0008	docx	hist	5	10	0	2500	3148	24
nist-docx-0008	docx	vole	0	10	0	1513	4192	24
nist-docx-0008	docx	vole	1	10	0	1513	4192	24
nist-docx-0008	docx	vole	2	10	0	1513	4192	24
nist-docx-0008	docx	vole	3	10	0	1513	4192	24
nist-docx-0008	docx	vole	4	10	0	1513	4192	24
nist-docx-0008	docx	vole	5	10	0	1513	4192	24
nist-docx-0008	docx	vole	0	11	0	1913	4192	24
nist-docx-0008	docx	vole	1	11	0	1913	4192	24
nist-docx-0008	docx	vole	2	11	0	1913	4192	24
nist-docx-0008	docx	vole	3	11	0	1913	4192	24
nist-docx-0008	docx	vole	4	11	0	1913	4192	24
nist-docx-0008	docx	vole	5	11	0	1913	4192	24
nist-docx-0008	docx	full	0	11	0	2500	3040	24
nist-docx-0008	docx	full	1	11	0	2627	3100	24
nist-docx-0008	docx	full	2	11	0	2574	3400	24
nist-docx-0008	docx	full	3	11	0	2642	3416	24
nist-docx-0008	docx	full	4	11	0	2691	3428	24
nist-docx-0008	docx	full	5	11	0	2657	3412	24
nist-docx-0008	docx	adaptive	0	11	0	2020	3084	24
nist-docx-0008	docx	adaptive	1	11	0	2158	3024	24
nist-docx-0008	docx	adaptive	2	11	0	2379	3376	24
nist-docx-0008	docx	adaptive	3	11	0	2357	3412	24
nist-docx-0008	docx	adaptive	4	11	0	2545	3284	24
nist-docx-0008	docx	adaptive	5	11	0	2632	3472	24
nist-docx-0008	docx	hist	0	11	0	2011	2888	24
nist-docx-0008	docx	hist	1	11	0	2009	2920	24
nist-docx-0008	docx	hist	2	11	0	2160	2856	24
nist-docx-0008	docx	hist	3	11	0	2248	3016	24
nist-docx-0008	docx	hist	4	11	0	2506	3060	24
nist-docx-0008	docx	hist	5	11	0	2407	3148	24
nist-docx-0008	docx	full	0	12	0	2079	3040	24
nist-docx-0008	docx	full	1	12	0	2125	3100	24
nist-docx-0008	docx	full	2	12	0	2364	3400	24
nist-docx-0008	docx	full	3	12	0	2324	3416	24
nist-docx-0008	docx	full	4	12	0	2542	3428	24
nist-docx-0008	docx	full	5	12	0	2529	3412	24
nist-docx-0008	docx	adaptive	0	12	0	2146	3084	24
nist-docx-0008	docx	adaptive	1	12	0	2080	3024	24
nist-docx-0008	docx	adaptive	2	12	0	2403	3376	24
nist-docx-0008	docx	adaptive	3	12	0	2397	3412	24
nist-docx-0008	docx	adaptive	4	12	0	2545	3284	24
nist-docx-0008	docx	adaptive	5	12	0	2497	3472	24
nist-docx-0008	docx	hist	0	12	0	1968	2888	24
nist-docx-0008	docx	hist	1	12	0	2087	2920	24
nist-docx-0008	docx	hist	2	12	0	2161	2856	24
nist-docx-0008	docx	hist	3	12	0	2123	3016	24
nist-docx-0008	docx	hist	4	12	0	2357	3060	24
nist-docx-0008	docx	hist	5	12	0	2331	3148	24
nist-docx-0008	docx	vole	0	12	0	1512	4192	24
nist-docx-0008	docx	vole	1	12	0	1512	4192	24
nist-docx-0008	docx	vole	2	12	0	1512	4192	24
nist-docx-0008	docx	vole	3	12	0	1512	4192	24
nist-docx-0008	docx	vole	4	12	0	1512	4192	24
nist-docx-0008	docx	vole	5	12	0	1512	4192	24
nist-docx-0008	docx	vole	0	13	0	1565	4192	24
nist-docx-0008	docx	vole	1	13	0	1565	4192	24
nist-docx-0008	docx	vole	2	13	0	1565	4192	24
nist-docx-0008	docx	vole	3	13	0	1565	4192	24
nist-docx-0008	docx	vole	4	13	0	1565	4192	24
nist-docx-0008	docx	vole	5	13	0	1565	4192	24
nist-docx-0008	docx	full	0	13	0	2733	3040	24
nist-docx-0008	docx	full	1	13	0	2285	3100	24
nist-docx-0008	docx	full	2	13	0	2766	3400	24
nist-docx-0008	docx	full	3	13	0	2480	3416	24
nist-docx-0008	docx	full	4	13	0	2584	3428	24
nist-docx-0008	docx	full	5	13	0	2790	3412	24
nist-docx-0008	docx	adaptive	0	13	0	2273	3084	24
nist-docx-0008	docx	adaptive	1	13	0	2146	3024	24
nist-docx-0008	docx	adaptive	2	13	0	2397	3376	24
nist-docx-0008	docx	adaptive	3	13	0	2327	3412	24
nist-docx-0008	docx	adaptive	4	13	0	2680	3284	24
nist-docx-0008	docx	adaptive	5	13	0	2728	3472	24
nist-docx-0008	docx	hist	0	13	0	2025	2888	24
nist-docx-0008	docx	hist	1	13	0	2088	2920	24
nist-docx-0008	docx	hist	2	13	0	2187	2856	24
nist-docx-0008	docx	hist	3	13	0	2153	3016	24
nist-docx-0008	docx	hist	4	13	0	2426	3060	24
nist-docx-0008	docx	hist	5	13	0	2435	3148	24
nist-docx-0008	docx	full	0	14	0	1999	3040	24
nist-docx-0008	docx	full	1	14	0	2074	3100	24
nist-docx-0008	docx	full	2	14	0	2426	3400	24
nist-docx-0008	docx	full	3	14	0	2381	3416	24
nist-docx-0008	docx	full	4	14	0	2634	3428	24
nist-docx-0008	docx	full	5	14	0	2637	3412	24
nist-docx-0008	docx	adaptive	0	14	0	2152	3084	24
nist-docx-0008	docx	adaptive	1	14	0	2026	3024	24
nist-docx-0008	docx	adaptive	2	14	0	2344	3376	24
nist-docx-0008	docx	adaptive	3	14	0	2429	3412	24
nist-docx-0008	docx	adaptive	4	14	0	2646	3284	24
nist-docx-0008	docx	adaptive	5	14	0	2548	3472	24
nist-docx-0008	docx	hist	0	14	0	1954	2888	24
nist-docx-0008	docx	hist	1	14	0	1963	2920	24
nist-docx-0008	docx	hist	2	14	0	2186	2856	24
nist-docx-0008	docx	hist	3	14	0	2253	3016	24
nist-docx-0008	docx	hist	4	14	0	2505	3060	24
nist-docx-0008	docx	hist	5	14	0	2515	3148	24
nist-docx-0008	docx	vole	0	14	0	1603	4192	24
nist-docx-0008	docx	vole	1	14	0	1603	4192	24
nist-docx-0008	docx	vole	2	14	0	1603	4192	24
nist-docx-0008	docx	vole	3	14	0	1603	4192	24
nist-docx-0008	docx	vole	4	14	0	1603	4192	24
nist-docx-0008	docx	vole	5	14	0	1603	4192	24
nist-docx-0008	docx	vole	0	15	0	1502	4192	24
nist-docx-0008	docx	vole	1	15	0	1502	4192	24
nist-docx-0008	docx	vole	2	15	0	1502	4192	24
nist-docx-0008	docx	vole	3	15	0	1502	4192	24
nist-docx-0008	docx	vole	4	15	0	1502	4192	24
nist-docx-0008	docx	vole	5	15	0	1502	4192	24
nist-docx-0008	docx	full	0	15	0	2155	3040	24
nist-docx-0008	docx	full	1	15	0	2029	3100	24
nist-docx-0008	docx	full	2	15	0	2374	3400	24
nist-docx-0008	docx	full	3	15	0	2465	3416	24
nist-docx-0008	docx	full	4	15	0	2732	3428	24
nist-docx-0008	docx	full	5	15	0	2765	3412	24
nist-docx-0008	docx	adaptive	0	15	0	2059	3084	24
nist-docx-0008	docx	adaptive	1	15	0	2076	3024	24
nist-docx-0008	docx	adaptive	2	15	0	2325	3376	24
nist-docx-0008	docx	adaptive	3	15	0	2611	3412	24
nist-docx-0008	docx	adaptive	4	15	0	2784	3284	24
nist-docx-0008	docx	adaptive	5	15	0	2609	3472	24
nist-docx-0008	docx	hist	0	15	0	2001	2888	24
nist-docx-0008	docx	hist	1	15	0	1962	2920	24
nist-docx-0008	docx	hist	2	15	0	2125	2856	24
nist-docx-0008	docx	hist	3	15	0	2166	3016	24
nist-docx-0008	docx	hist	4	15	0	2308	3060	24
nist-docx-0008	docx	hist	5	15	0	2431	3148	24
nist-docx-0008	docx	full	0	16	0	2002	3040	24
nist-docx-0008	docx	full	1	16	0	2004	3100	24
nist-docx-0008	docx	full	2	16	0	2371	3400	24
nist-docx-0008	docx	full	3	16	0	2540	3416	24
nist-docx-0008	docx	full	4	16	0	2612	3428	24
nist-docx-0008	docx	full	5	16	0	2500	3412	24
nist-docx-0008	docx	adaptive	0	16	0	2105	3084	24
nist-docx-0008	docx	adaptive	1	16	0	2115	3024	24
nist-docx-0008	docx	adaptive	2	16	0	2321	3376	24
nist-docx-0008	docx	adaptive	3	16	0	2525	3412	24
nist-docx-0008	docx	adaptive	4	16	0	2721	3284	24
nist-docx-0008	docx	adaptive	5	16	0	3530	3472	24
nist-docx-0008	docx	hist	0	16	0	2084	2888	24
nist-docx-0008	docx	hist	1	16	0	2121	2920	24
nist-docx-0008	docx	hist	2	16	0	2240	2856	24
nist-docx-0008	docx	hist	3	16	0	2259	3016	24
nist-docx-0008	docx	hist	4	16	0	2461	3060	24
nist-docx-0008	docx	hist	5	16	0	2389	3148	24
nist-docx-0008	docx	vole	0	16	0	1499	4192	24
nist-docx-0008	docx	vole	1	16	0	1499	4192	24
nist-docx-0008	docx	vole	2	16	0	1499	4192	24
nist-docx-0008	docx	vole	3	16	0	1499	4192	24
nist-docx-0008	docx	vole	4	16	0	1499	4192	24
nist-docx-0008	docx	vole	5	16	0	1499	4192	24
nist-docx-0008	docx	vole	0	17	0	1473	4192	24
nist-docx-0008	docx	vole	1	17	0	1473	4192	24
nist-docx-0008	docx	vole	2	17	0	1473	4192	24
nist-docx-0008	docx	vole	3	17	0	1473	4192	24
nist-docx-0008	docx	vole	4	17	0	1473	4192	24
nist-docx-0008	docx	vole	5	17	0	1473	4192	24
nist-docx-0008	docx	full	0	17	0	2047	3040	24
nist-docx-0008	docx	full	1	17	0	2071	3100	24
nist-docx-0008	docx	full	2	17	0	2356	3400	24
nist-docx-0008	docx	full	3	17	0	3027	3416	24
nist-docx-0008	docx	full	4	17	0	2670	3428	24
nist-docx-0008	docx	full	5	17	0	2620	3412	24
nist-docx-0008	docx	adaptive	0	17	0	2191	3084	24
nist-docx-0008	docx	adaptive	1	17	0	2160	3024	24
nist-docx-0008	docx	adaptive	2	17	0	2526	3376	24
nist-docx-0008	docx	adaptive	3	17	0	2349	3412	24
nist-docx-0008	docx	adaptive	4	17	0	2655	3284	24
nist-docx-0008	docx	adaptive	5	17	0	2559	3472	24
nist-docx-0008	docx	hist	0	17	0	1927	2888	24
nist-docx-0008	docx	hist	1	17	0	1960	2920	24
nist-docx-0008	docx	hist	2	17	0	2168	2856	24
nist-docx-0008	docx	hist	3	17	0	2154	3016	24
nist-docx-0008	docx	hist	4	17	0	2379	3060	24
nist-docx-0008	docx	hist	5	17	0	2369	3148	24
nist-docx-0008	docx	full	0	18	0	2022	3040	24
nist-docx-0008	docx	full	1	18	0	2022	3100	24
nist-docx-0008	docx	full	2	18	0	2475	3400	24
nist-docx-0008	docx	full	3	18	0	2357	3416	24
nist-docx-0008	docx	full	4	18	0	2694	3428	24
nist-docx-0008	docx	full	5	18	0	2648	3412	24
nist-docx-0008	docx	adaptive	0	18	0	2058	3084	24
nist-docx-0008	docx	adaptive	1	18	0	2264	3024	24
nist-docx-0008	docx	adaptive	2	18	0	2468	3376	24
nist-docx-0008	docx	adaptive	3	18	0	2478	3412	24
nist-docx-0008	docx	adaptive	4	18	0	2688	3284	24
nist-docx-0008	docx	adaptive	5	18	0	2605	3472	24
nist-docx-0008	docx	hist	0	18	0	1884	2888	24
nist-docx-0008	docx	hist	1	18	0	2034	2920	24
nist-docx-0008	docx	hist	2	18	0	2168	2856	24
nist-docx-0008	docx	hist	3	18	0	2360	3016	24
nist-docx-0008	docx	hist	4	18	0	2391	3060	24
nist-docx-0008	docx	hist	5	18	0	2430	3148	24
nist-docx-0008	docx	vole	0	18	0	1519	4192	24
nist-docx-0008	docx	vole	1	18	0	1519	4192	24
nist-docx-0008	docx	vole	2	18	0	1519	4192	24
nist-docx-0008	docx	vole	3	18	0	1519	4192	24
nist-docx-0008	docx	vole	4	18	0	1519	4192	24
nist-docx-0008	docx	vole	5	18	0	1519	4192	24
nist-docx-0008	docx	vole	0	19	0	1620	4192	24
nist-docx-0008	docx	vole	1	19	0	1620	4192	24
nist-docx-0008	docx	vole	2	19	0	1620	4192	24
nist-docx-0008	docx	vole	3	19	0	1620	4192	24
nist-docx-0008	docx	vole	4	19	0	1620	4192	24
nist-docx-0008	docx	vole	5	19	0	1620	4192	24
nist-docx-0008	docx	full	0	19	0	2344	3040	24
nist-docx-0008	docx	full	1	19	0	2143	3100	24
nist-docx-0008	docx	full	2	19	0	2430	3400	24
nist-docx-0008	docx	full	3	19	0	2517	3416	24
nist-docx-0008	docx	full	4	19	0	2645	3428	24
nist-docx-0008	docx	full	5	19	0	2635	3412	24
nist-docx-0008	docx	adaptive	0	19	0	1988	3084	24
nist-docx-0008	docx	adaptive	1	19	0	2092	3024	24
nist-docx-0008	docx	adaptive	2	19	0	2371	3376	24
nist-docx-0008	docx	adaptive	3	19	0	2312	3412	24
nist-docx-0008	docx	adaptive	4	19	0	2620	3284	24
nist-docx-0008	docx	adaptive	5	19	0	2616	3472	24
nist-docx-0008	docx	hist	0	19	0	1981	2888	24
nist-docx-0008	docx	hist	1	19	0	1991	2920	24
nist-docx-0008	docx	hist	2	19	0	2172	2856	24
nist-docx-0008	docx	hist	3	19	0	2194	3016	24
nist-docx-0008	docx	hist	4	19	0	2480	3060	24
nist-docx-0008	docx	hist	5	19	0	2418	3148	24
nist-docx-0008	docx	full	0	20	0	2141	3040	24
nist-docx-0008	docx	full	1	20	0	2238	3100	24
nist-docx-0008	docx	full	2	20	0	2725	3400	24
nist-docx-0008	docx	full	3	20	0	3626	3416	24
nist-docx-0008	docx	full	4	20	0	3000	3428	24
nist-docx-0008	docx	full	5	20	0	2820	3412	24
nist-docx-0008	docx	adaptive	0	20	0	2025	3084	24
nist-docx-0008	docx	adaptive	1	20	0	2131	3024	24
nist-docx-0008	docx	adaptive	2	20	0	2499	3376	24
nist-docx-0008	docx	adaptive	3	20	0	2426	3412	24
nist-docx-0008	docx	adaptive	4	20	0	2726	3284	24
nist-docx-0008	docx	adaptive	5	20	0	2611	3472	24
nist-docx-0008	docx	hist	0	20	0	2091	2888	24
nist-docx-0008	docx	hist	1	20	0	2085	2920	24
nist-docx-0008	docx	hist	2	20	0	2147	2856	24
nist-docx-0008	docx	hist	3	20	0	2229	3016	24
nist-docx-0008	docx	hist	4	20	0	2432	3060	24
nist-docx-0008	docx	hist	5	20	0	2367	3148	24
nist-docx-0008	docx	vole	0	20	0	1547	4192	24
nist-docx-0008	docx	vole	1	20	0	1547	4192	24
nist-docx-0008	docx	vole	2	20	0	1547	4192	24
nist-docx-0008	docx	vole	3	20	0	1547	4192	24
nist-docx-0008	docx	vole	4	20	0	1547	4192	24
nist-docx-0008	docx	vole	5	20	0	1547	4192	24
nist-docx-0008	docx	vole	0	21	0	1746	4192	24
nist-docx-0008	docx	vole	1	21	0	1746	4192	24
nist-docx-0008	docx	vole	2	21	0	1746	4192	24
nist-docx-0008	docx	vole	3	21	0	1746	4192	24
nist-docx-0008	docx	vole	4	21	0	1746	4192	24
nist-docx-0008	docx	vole	5	21	0	1746	4192	24
nist-docx-0008	docx	full	0	21	0	2279	3040	24
nist-docx-0008	docx	full	1	21	0	2306	3100	24
nist-docx-0008	docx	full	2	21	0	2418	3400	24
nist-docx-0008	docx	full	3	21	0	2442	3416	24
nist-docx-0008	docx	full	4	21	0	2683	3428	24
nist-docx-0008	docx	full	5	21	0	2778	3412	24
nist-docx-0008	docx	adaptive	0	21	0	2277	3084	24
nist-docx-0008	docx	adaptive	1	21	0	2311	3024	24
nist-docx-0008	docx	adaptive	2	21	0	2603	3376	24
nist-docx-0008	docx	adaptive	3	21	0	2438	3412	24
nist-docx-0008	docx	adaptive	4	21	0	2641	3284	24
nist-docx-0008	docx	adaptive	5	21	0	2544	3472	24
nist-docx-0008	docx	hist	0	21	0	1923	2888	24
nist-docx-0008	docx	hist	1	21	0	2133	2920	24
nist-docx-0008	docx	hist	2	21	0	2191	2856	24
nist-docx-0008	docx	hist	3	21	0	2259	3016	24
nist-docx-0008	docx	hist	4	21	0	2426	3060	24
nist-docx-0008	docx	hist	5	21	0	2446	3148	24
nist-docx-0008	docx	full	0	22	0	2147	3040	24
nist-docx-0008	docx	full	1	22	0	2136	3100	24
nist-docx-0008	docx	full	2	22	0	2367	3400	24
nist-docx-0008	docx	full	3	22	0	2399	3416	24
nist-docx-0008	docx	full	4	22	0	2647	3428	24
nist-docx-0008	docx	full	5	22	0	2764	3412	24
nist-docx-0008	docx	adaptive	0	22	0	2068	3084	24
nist-docx-0008	docx	adaptive	1	22	0	2021	3024	24
nist-docx-0008	docx	adaptive	2	22	0	2351	3376	24
nist-docx-0008	docx	adaptive	3	22	0	2341	3412	24
nist-docx-0008	docx	adaptive	4	22	0	2616	3284	24
nist-docx-0008	docx	adaptive	5	22	0	2727	3472	24
nist-docx-0008	docx	hist	0	22	0	1907	2888	24
nist-docx-0008	docx	hist	1	22	0	1935	2920	24
nist-docx-0008	docx	hist	2	22	0	2064	2856	24
nist-docx-0008	docx	hist	3	22	0	2173	3016	24
nist-docx-0008	docx	hist	4	22	0	2418	3060	24
nist-docx-0008	docx	hist	5	22	0	2354	3148	24
nist-docx-0008	docx	vole	0	22	0	1555	4192	24
nist-docx-0008	docx	vole	1	22	0	1555	4192	24
nist-docx-0008	docx	vole	2	22	0	1555	4192	24
nist-docx-0008	docx	vole	3	22	0	1555	4192	24
nist-docx-0008	docx	vole	4	22	0	1555	4192	24
nist-docx-0008	docx	vole	5	22	0	1555	4192	24
nist-docx-0008	docx	vole	0	23	0	1573	4192	24
nist-docx-0008	docx	vole	1	23	0	1573	4192	24
nist-docx-0008	docx	vole	2	23	0	1573	4192	24
nist-docx-0008	docx	vole	3	23	0	1573	4192	24
nist-docx-0008	docx	vole	4	23	0	1573	4192	24
nist-docx-0008	docx	vole	5	23	0	1573	4192	24
nist-docx-0008	docx	full	0	23	0	2261	3040	24
nist-docx-0008	docx	full	1	23	0	2139	3100	24
nist-docx-0008	docx	full	2	23	0	2333	3400	24
nist-docx-0008	docx	full	3	23	0	2520	3416	24
nist-docx-0008	docx	full	4	23	0	2594	3428	24
nist-docx-0008	docx	full	5	23	0	2572	3412	24
nist-docx-0008	docx	adaptive	0	23	0	2076	3084	24
nist-docx-0008	docx	adaptive	1	23	0	2070	3024	24
nist-docx-0008	docx	adaptive	2	23	0	2525	3376	24
nist-docx-0008	docx	adaptive	3	23	0	2531	3412	24
nist-docx-0008	docx	adaptive	4	23	0	3544	3284	24
nist-docx-0008	docx	adaptive	5	23	0	2969	3472	24
nist-docx-0008	docx	hist	0	23	0	2133	2888	24
nist-docx-0008	docx	hist	1	23	0	2197	2920	24
nist-docx-0008	docx	hist	2	23	0	2323	2856	24
nist-docx-0008	docx	hist	3	23	0	2337	3016	24
nist-docx-0008	docx	hist	4	23	0	2376	3060	24
nist-docx-0008	docx	hist	5	23	0	2514	3148	24
nist-docx-0008	docx	full	0	24	0	2146	3040	24
nist-docx-0008	docx	full	1	24	0	2102	3100	24
nist-docx-0008	docx	full	2	24	0	2326	3400	24
nist-docx-0008	docx	full	3	24	0	2341	3416	24
nist-docx-0008	docx	full	4	24	0	2632	3428	24
nist-docx-0008	docx	full	5	24	0	2849	3412	24
nist-docx-0008	docx	adaptive	0	24	0	2055	3084	24
nist-docx-0008	docx	adaptive	1	24	0	2068	3024	24
nist-docx-0008	docx	adaptive	2	24	0	2501	3376	24
nist-docx-0008	docx	adaptive	3	24	0	2335	3412	24
nist-docx-0008	docx	adaptive	4	24	0	2591	3284	24
nist-docx-0008	docx	adaptive	5	24	0	2609	3472	24
nist-docx-0008	docx	hist	0	24	0	1960	2888	24
nist-docx-0008	docx	hist	1	24	0	1961	2920	24
nist-docx-0008	docx	hist	2	24	0	2141	2856	24
nist-docx-0008	docx	hist	3	24	0	2131	3016	24
nist-docx-0008	docx	hist	4	24	0	2352	3060	24
nist-docx-0008	docx	hist	5	24	0	2426	3148	24
nist-docx-0008	docx	vole	0	24	0	1527	4192	24
nist-docx-0008	docx	vole	1	24	0	1527	4192	24
nist-docx-0008	docx	vole	2	24	0	1527	4192	24
nist-docx-0008	docx	vole	3	24	0	1527	4192	24
nist-docx-0008	docx	vole	4	24	0	1527	4192	24
nist-docx-0008	docx	vole	5	24	0	1527	4192	24
nist-docx-0008	docx	vole	0	25	0	1569	4192	24
nist-docx-0008	docx	vole	1	25	0	1569	4192	24
nist-docx-0008	docx	vole	2	25	0	1569	4192	24
nist-docx-0008	docx	vole	3	25	0	1569	4192	24
nist-docx-0008	docx	vole	4	25	0	1569	4192	24
nist-docx-0008	docx	vole	5	25	0	1569	4192	24
nist-docx-0008	docx	full	0	25	0	2321	3040	24
nist-docx-0008	docx	full	1	25	0	2179	3100	24
nist-docx-0008	docx	full	2	25	0	2549	3400	24
nist-docx-0008	docx	full	3	25	0	2524	3416	24
nist-docx-0008	docx	full	4	25	0	3613	3428	24
nist-docx-0008	docx	full	5	25	0	2939	3412	24
nist-docx-0008	docx	adaptive	0	25	0	2097	3084	24
nist-docx-0008	docx	adaptive	1	25	0	2154	3024	24
nist-docx-0008	docx	adaptive	2	25	0	2350	3376	24
nist-docx-0008	docx	adaptive	3	25	0	2564	3412	24
nist-docx-0008	docx	adaptive	4	25	0	2579	3284	24
nist-docx-0008	docx	adaptive	5	25	0	2678	3472	24
nist-docx-0008	docx	hist	0	25	0	1953	2888	24
nist-docx-0008	docx	hist	1	25	0	2028	2920	24
nist-docx-0008	docx	hist	2	25	0	2210	2856	24
nist-docx-0008	docx	hist	3	25	0	2138	3016	24
nist-docx-0008	docx	hist	4	25	0	2349	3060	24
nist-docx-0008	docx	hist	5	25	0	2372	3148	24
nist-docx-0009	docx	vole	0	1	0	3684	7532	24
nist-docx-0009	docx	vole	1	1	0	3684	7532	24
nist-docx-0009	docx	vole	2	1	0	3684	7532	24
nist-docx-0009	docx	vole	3	1	0	3684	7532	24
nist-docx-0009	docx	vole	4	1	0	3684	7532	24
nist-docx-0009	docx	vole	5	1	0	3684	7532	24
nist-docx-0009	docx	full	0	1	0	3280	3732	24
nist-docx-0009	docx	full	1	1	0	2677	3656	24
nist-docx-0009	docx	full	2	1	0	2749	3820	24
nist-docx-0009	docx	full	3	1	0	2642	3676	24
nist-docx-0009	docx	full	4	1	0	2898	3704	24
nist-docx-0009	docx	full	5	1	0	2812	3792	24
nist-docx-0009	docx	adaptive	0	1	0	2411	3604	24
nist-docx-0009	docx	adaptive	1	1	0	2461	3800	24
nist-docx-0009	docx	adaptive	2	1	0	2559	3712	24
nist-docx-0009	docx	adaptive	3	1	0	2714	3680	24
nist-docx-0009	docx	adaptive	4	1	0	2784	3744	24
nist-docx-0009	docx	adaptive	5	1	0	2746	3692	24
nist-docx-0009	docx	hist	0	1	0	2277	3476	24
nist-docx-0009	docx	hist	1	1	0	2359	3436	24
nist-docx-0009	docx	hist	2	1	0	2832	3516	24
nist-docx-0009	docx	hist	3	1	0	2561	3496	24
nist-docx-0009	docx	hist	4	1	0	2642	3500	24
nist-docx-0009	docx	hist	5	1	0	2790	3432	24
nist-docx-0009	docx	full	0	2	0	2415	3732	24
nist-docx-0009	docx	full	1	2	0	2461	3656	24
nist-docx-0009	docx	full	2	2	0	2669	3820	24
nist-docx-0009	docx	full	3	2	0	2801	3676	24
nist-docx-0009	docx	full	4	2	0	2806	3704	24
nist-docx-0009	docx	full	5	2	0	2854	3792	24
nist-docx-0009	docx	adaptive	0	2	0	2515	3604	24
nist-docx-0009	docx	adaptive	1	2	0	2489	3800	24
nist-docx-0009	docx	adaptive	2	2	0	2817	3712	24
nist-docx-0009	docx	adaptive	3	2	0	2829	3680	24
nist-docx-0009	docx	adaptive	4	2	0	2832	3744	24
nist-docx-0009	docx	adaptive	5	2	0	2829	3692	24
nist-docx-0009	docx	hist	0	2	0	2567	3476	24
nist-docx-0009	docx	hist	1	2	0	2486	3436	24
nist-docx-0009	docx	hist	2	2	0	2538	3516	24
nist-docx-0009	docx	hist	3	2	0	2711	3496	24
nist-docx-0009	docx	hist	4	2	0	2843	3500	24
nist-docx-0009	docx	hist	5	2	0	2762	3432	24
nist-docx-0009	docx	vole	0	2	0	3099	7532	24
nist-docx-0009	docx	vole	1	2	0	3099	7532	24
nist-docx-0009	docx	vole	2	2	0	3099	7532	24
nist-docx-0009	docx	vole	3	2	0	3099	7532	24
nist-docx-0009	docx	vole	4	2	0	3099	7532	24
nist-docx-0009	docx	vole	5	2	0	3099	7532	24
nist-docx-0009	docx	vole	0	3	0	2953	7532	24
nist-docx-0009	docx	vole	1	3	0	2953	7532	24
nist-docx-0009	docx	vole	2	3	0	2953	7532	24
nist-docx-0009	docx	vole	3	3	0	2953	7532	24
nist-docx-0009	docx	vole	4	3	0	2953	7532	24
nist-docx-0009	docx	vole	5	3	0	2953	7532	24
nist-docx-0009	docx	full	0	3	0	2434	3732	24
nist-docx-0009	docx	full	1	3	0	2499	3656	24
nist-docx-0009	docx	full	2	3	0	2780	3820	24
nist-docx-0009	docx	full	3	3	0	2644	3676	24
nist-docx-0009	docx	full	4	3	0	2833	3704	24
nist-docx-0009	docx	full	5	3	0	2816	3792	24
nist-docx-0009	docx	adaptive	0	3	0	2426	3604	24
nist-docx-0009	docx	adaptive	1	3	0	2434	3800	24
nist-docx-0009	docx	adaptive	2	3	0	3196	3712	24
nist-docx-0009	docx	adaptive	3	3	0	2695	3680	24
nist-docx-0009	docx	adaptive	4	3	0	3110	3744	24
nist-docx-0009	docx	adaptive	5	3	0	2945	3692	24
nist-docx-0009	docx	hist	0	3	0	2407	3476	24
nist-docx-0009	docx	hist	1	3	0	2532	3436	24
nist-docx-0009	docx	hist	2	3	0	2794	3516	24
nist-docx-0009	docx	hist	3	3	0	2525	3496	24
nist-docx-0009	docx	hist	4	3	0	2741	3500	24
nist-docx-0009	docx	hist	5	3	0	2824	3432	24
nist-docx-0009	docx	full	0	4	0	2359	3732	24
nist-docx-0009	docx	full	1	4	0	2371	3656	24
nist-docx-0009	docx	full	2	4	0	2660	3820	24
nist-docx-0009	docx	full	3	4	0	2803	3676	24
nist-docx-0009	docx	full	4	4	0	2847	3704	24
nist-docx-0009	docx	full	5	4	0	3023	3792	24
nist-docx-0009	docx	adaptive	0	4	0	2406	3604	24
nist-docx-0009	docx	adaptive	1	4	0	2451	3800	24
nist-docx-0009	docx	adaptive	2	4	0	3095	3712	24
nist-docx-0009	docx	adaptive	3	4	0	2537	3680	24
nist-docx-0009	docx	adaptive	4	4	0	2866	3744	24
nist-docx-0009	docx	adaptive	5	4	0	2794	3692	24
nist-docx-0009	docx	hist	0	4	0	2370	3476	24
nist-docx-0009	docx	hist	1	4	0	2482	3436	24
nist-docx-0009	docx	hist	2	4	0	2491	3516	24
nist-docx-0009	docx	hist	3	4	0	2625	3496	24
nist-docx-0009	docx	hist	4	4	0	2852	3500	24
nist-docx-0009	docx	hist	5	4	0	2737	3432	24
nist-docx-0009	docx	vole	0	4	0	3130	7532	24
nist-docx-0009	docx	vole	1	4	0	3130	7532	24
nist-docx-0009	docx	vole	2	4	0	3130	7532	24
nist-docx-0009	docx	vole	3	4	0	3130	7532	24
nist-docx-0009	docx	vole	4	4	0	3130	7532	24
nist-docx-0009	docx	vole	5	4	0	3130	7532	24
nist-docx-0009	docx	vole	0	5	0	3002	7532	24
nist-docx-0009	docx	vole	1	5	0	3002	7532	24
nist-docx-0009	docx	vole	2	5	0	3002	7532	24
nist-docx-0009	docx	vole	3	5	0	3002	7532	24
nist-docx-0009	docx	vole	4	5	0	3002	7532	24
nist-docx-0009	docx	vole	5	5	0	3002	7532	24
nist-docx-0009	docx	full	0	5	0	3332	3732	24
nist-docx-0009	docx	full	1	5	0	2753	3656	24
nist-docx-0009	docx	full	2	5	0	2792	3820	24
nist-docx-0009	docx	full	3	5	0	2832	3676	24
nist-docx-0009	docx	full	4	5	0	3197	3704	24
nist-docx-0009	docx	full	5	5	0	3005	3792	24
nist-docx-0009	docx	adaptive	0	5	0	2533	3604	24
nist-docx-0009	docx	adaptive	1	5	0	2558	3800	24
nist-docx-0009	docx	adaptive	2	5	0	2735	3712	24
nist-docx-0009	docx	adaptive	3	5	0	2760	3680	24
nist-docx-0009	docx	adaptive	4	5	0	2903	3744	24
nist-docx-0009	docx	adaptive	5	5	0	2929	3692	24
nist-docx-0009	docx	hist	0	5	0	2363	3476	24
nist-docx-0009	docx	hist	1	5	0	2521	3436	24
nist-docx-0009	docx	hist	2	5	0	2609	3516	24
nist-docx-0009	docx	hist	3	5	0	2639	3496	24
nist-docx-0009	docx	hist	4	5	0	2747	3500	24
nist-docx-0009	docx	hist	5	5	0	2725	3432	24
nist-docx-0009	docx	full	0	6	0	2391	3732	24
nist-docx-0009	docx	full	1	6	0	2483	3656	24
nist-docx-0009	docx	full	2	6	0	2571	3820	24
nist-docx-0009	docx	full	3	6	0	2588	3676	24
nist-docx-0009	docx	full	4	6	0	2746	3704	24
nist-docx-0009	docx	full	5	6	0	2808	3792	24
nist-docx-0009	docx	adaptive	0	6	0	2312	3604	24
nist-docx-0009	docx	adaptive	1	6	0	2349	3800	24
nist-docx-0009	docx	adaptive	2	6	0	2508	3712	24
nist-docx-0009	docx	adaptive	3	6	0	2502	3680	24
nist-docx-0009	docx	adaptive	4	6	0	3006	3744	24
nist-docx-0009	docx	adaptive	5	6	0	2939	3692	24
nist-docx-0009	docx	hist	0	6	0	2335	3476	24
nist-docx-0009	docx	hist	1	6	0	2413	3436	24
nist-docx-0009	docx	hist	2	6	0	2426	3516	24
nist-docx-0009	docx	hist	3	6	0	2701	3496	24
nist-docx-0009	docx	hist	4	6	0	3724	3500	24
nist-docx-0009	docx	hist	5	6	0	2929	3432	24
nist-docx-0009	docx	vole	0	6	0	3114	7532	24
nist-docx-0009	docx	vole	1	6	0	3114	7532	24
nist-docx-0009	docx	vole	2	6	0	3114	7532	24
nist-docx-0009	docx	vole	3	6	0	3114	7532	24
nist-docx-0009	docx	vole	4	6	0	3114	7532	24
nist-docx-0009	docx	vole	5	6	0	3114	7532	24
nist-docx-0009	docx	vole	0	7	0	3035	7532	24
nist-docx-0009	docx	vole	1	7	0	3035	7532	24
nist-docx-0009	docx	vole	2	7	0	3035	7532	24
nist-docx-0009	docx	vole	3	7	0	3035	7532	24
nist-docx-0009	docx	vole	4	7	0	3035	7532	24
nist-docx-0009	docx	vole	5	7	0	3035	7532	24
nist-docx-0009	docx	full	0	7	0	2500	3732	24
nist-docx-0009	docx	full	1	7	0	2660	3656	24
nist-docx-0009	docx	full	2	7	0	2934	3820	24
nist-docx-0009	docx	full	3	7	0	2657	3676	24
nist-docx-0009	docx	full	4	7	0	2762	3704	24
nist-docx-0009	docx	full	5	7	0	2977	3792	24
nist-docx-0009	docx	adaptive	0	7	0	2320	3604	24
nist-docx-0009	docx	adaptive	1	7	0	2571	3800	24
nist-docx-0009	docx	adaptive	2	7	0	2511	3712	24
nist-docx-0009	docx	adaptive	3	7	0	2604	3680	24
nist-docx-0009	docx	adaptive	4	7	0	2849	3744	24
nist-docx-0009	docx	adaptive	5	7	0	2816	3692	24
nist-docx-0009	docx	hist	0	7	0	2288	3476	24
nist-docx-0009	docx	hist	1	7	0	2380	3436	24
nist-docx-0009	docx	hist	2	7	0	2615	3516	24
nist-docx-0009	docx	hist	3	7	0	2624	3496	24
nist-docx-0009	docx	hist	4	7	0	2832	3500	24
nist-docx-0009	docx	hist	5	7	0	3856	3432	24
nist-docx-0009	docx	full	0	8	0	2557	3732	24
nist-docx-0009	docx	full	1	8	0	2494	3656	24
nist-docx-0009	docx	full	2	8	0	2677	3820	24
nist-docx-0009	docx	full	3	8	0	2844	3676	24
nist-docx-0009	docx	full	4	8	0	3063	3704	24
nist-docx-0009	docx	full	5	8	0	2776	3792	24
nist-docx-0009	docx	adaptive	0	8	0	2384	3604	24
nist-docx-0009	docx	adaptive	1	8	0	2602	3800	24
nist-docx-0009	docx	adaptive	2	8	0	2736	3712	24
nist-docx-0009	docx	adaptive	3	8	0	2574	3680	24
nist-docx-0009	docx	adaptive	4	8	0	3132	3744	24
nist-docx-0009	docx	adaptive	5	8	0	2849	3692	24
nist-docx-0009	docx	hist	0	8	0	2383	3476	24
nist-docx-0009	docx	hist	1	8	0	2579	3436	24
nist-docx-0009	docx	hist	2	8	0	2561	3516	24
nist-docx-0009	docx	hist	3	8	0	2535	3496	24
nist-docx-0009	docx	hist	4	8	0	2947	3500	24
nist-docx-0009	docx	hist	5	8	0	2754	3432	24
nist-docx-0009	docx	vole	0	8	0	3038	7532	24
nist-docx-0009	docx	vole	1	8	0	3038	7532	24
nist-docx-0009	docx	vole	2	8	0	3038	7532	24
nist-docx-0009	docx	vole	3	8	0	3038	7532	24
nist-docx-0009	docx	vole	4	8	0	3038	7532	24
nist-docx-0009	docx	vole	5	8	0	3038	7532	24
nist-docx-0009	docx	vole	0	9	0	3010	7532	24
nist-docx-0009	docx	vole	1	9	0	3010	7532	24
nist-docx-0009	docx	vole	2	9	0	3010	7532	24
nist-docx-0009	docx	vole	3	9	0	3010	7532	24
nist-docx-0009	docx	vole	4	9	0	3010	7532	24
nist-docx-0009	docx	vole	5	9	0	3010	7532	24
nist-docx-0009	docx	full	0	9	0	2422	3732	24
nist-docx-0009	docx	full	1	9	0	2411	3656	24
nist-docx-0009	docx	full	2	9	0	2662	3820	24
nist-docx-0009	docx	full	3	9	0	2666	3676	24
nist-docx-0009	docx	full	4	9	0	2684	3704	24
nist-docx-0009	docx	full	5	9	0	2974	3792	24
nist-docx-0009	docx	adaptive	0	9	0	2505	3604	24
nist-docx-0009	docx	adaptive	1	9	0	2401	3800	24
nist-docx-0009	docx	adaptive	2	9	0	2653	3712	24
nist-docx-0009	docx	adaptive	3	9	0	2525	3680	24
nist-docx-0009	docx	adaptive	4	9	0	2881	3744	24
nist-docx-0009	docx	adaptive	5	9	0	3133	3692	24
nist-docx-0009	docx	hist	0	9	0	2443	3476	24
nist-docx-0009	docx	hist	1	9	0	2658	3436	24
nist-docx-0009	docx	hist	2	9	0	2640	3516	24
nist-docx-0009	docx	hist	3	9	0	2596	3496	24
nist-docx-0009	docx	hist	4	9	0	2868	3500	24
nist-docx-0009	docx	hist	5	9	0	2753	3432	24
nist-docx-0009	docx	full	0	10	0	2483	3732	24
nist-docx-0009	docx	full	1	10	0	2415	3656	24
nist-docx-0009	docx	full	2	10	0	2533	3820	24
nist-docx-0009	docx	full	3	10	0	2624	3676	24
nist-docx-0009	docx	full	4	10	0	2769	3704	24
nist-docx-0009	docx	full	5	10	0	2734	3792	24
nist-docx-0009	docx	adaptive	0	10	0	2296	3604	24
nist-docx-0009	docx	adaptive	1	10	0	2346	3800	24
nist-docx-0009	docx	adaptive	2	10	0	2504	3712	24
nist-docx-0009	docx	adaptive	3	10	0	2634	3680	24
nist-docx-0009	docx	adaptive	4	10	0	2705	3744	24
nist-docx-0009	docx	adaptive	5	10	0	2689	3692	24
nist-docx-0009	docx	hist	0	10	0	2293	3476	24
nist-docx-0009	docx	hist	1	10	0	2334	3436	24
nist-docx-0009	docx	hist	2	10	0	2611	3516	24
nist-docx-0009	docx	hist	3	10	0	2523	3496	24
nist-docx-0009	docx	hist	4	10	0	2759	3500	24
nist-docx-0009	docx	hist	5	10	0	2682	3432	24
nist-docx-0009	docx	vole	0	10	0	2914	7532	24
nist-docx-0009	docx	vole	1	10	0	2914	7532	24
nist-docx-0009	docx	vole	2	10	0	2914	7532	24
nist-docx-0009	docx	vole	3	10	0	2914	7532	24
nist-docx-0009	docx	vole	4	10	0	2914	7532	24
nist-docx-0009	docx	vole	5	10	0	2914	7532	24
nist-docx-0009	docx	vole	0	11	0	2929	7532	24
nist-docx-0009	docx	vole	1	11	0	2929	7532	24
nist-docx-0009	docx	vole	2	11	0	2929	7532	24
nist-docx-0009	docx	vole	3	11	0	2929	7532	24
nist-docx-0009	docx	vole	4	11	0	2929	7532	24
nist-docx-0009	docx	vole	5	11	0	2929	7532	24
nist-docx-0009	docx	full	0	11	0	2529	3732	24
nist-docx-0009	docx	full	1	11	0	2517	3656	24
nist-docx-0009	docx	full	2	11	0	2831	3820	24
nist-docx-0009	docx	full	3	11	0	2671	3676	24
nist-docx-0009	docx	full	4	11	0	3163	3704	24
nist-docx-0009	docx	full	5	11	0	3143	3792	24
nist-docx-0009	docx	adaptive	0	11	0	2555	3604	24
nist-docx-0009	docx	adaptive	1	11	0	2562	3800	24
nist-docx-0009	docx	adaptive	2	11	0	2703	3712	24
nist-docx-0009	docx	adaptive	3	11	0	2627	3680	24
nist-docx-0009	docx	adaptive	4	11	0	2791	3744	24
nist-docx-0009	docx	adaptive	5	11	0	3033	3692	24
nist-docx-0009	docx	hist	0	11	0	2411	3476	24
nist-docx-0009	docx	hist	1	11	0	2415	3436	24
nist-docx-0009	docx	hist	2	11	0	2473	3516	24
nist-docx-0009	docx	hist	3	11	0	2561	3496	24
nist-docx-0009	docx	hist	4	11	0	2665	3500	24
nist-docx-0009	docx	hist	5	11	0	2613	3432	24
nist-docx-0009	docx	full	0	12	0	2432	3732	24
nist-docx-0009	docx	full	1	12	0	2373	3656	24
nist-docx-0009	docx	full	2	12	0	2701	3820	24
nist-docx-0009	docx	full	3	12	0	2499	3676	24
nist-docx-0009	docx	full	4	12	0	2870	3704	24
nist-docx-0009	docx	full	5	12	0	2717	3792	24
nist-docx-0009	docx	adaptive	0	12	0	2472	3604	24
nist-docx-0009	docx	adaptive	1	12	0	2394	3800	24
nist-docx-0009	docx	adaptive	2	12	0	2609	3712	24
nist-docx-0009	docx	adaptive	3	12	0	2641	3680	24
nist-docx-0009	docx	adaptive	4	12	0	2905	3744	24
nist-docx-0009	docx	adaptive	5	12	0	2748	3692	24
nist-docx-0009	docx	hist	0	12	0	2303	3476	24
nist-docx-0009	docx	hist	1	12	0	2382	3436	24
nist-docx-0009	docx	hist	2	12	0	2540	3516	24
nist-docx-0009	docx	hist	3	12	0	2475	3496	24
nist-docx-0009	docx	hist	4	12	0	2598	3500	24
nist-docx-0009	docx	hist	5	12	0	2567	3432	24
nist-docx-0009	docx	vole	0	12	0	2920	7532	24
nist-docx-0009	docx	vole	1	12	0	2920	7532	24
nist-docx-0009	docx	vole	2	12	0	2920	7532	24
nist-docx-0009	docx	vole	3	12	0	2920	7532	24
nist-docx-0009	docx	vole	4	12	0	2920	7532	24
nist-docx-0009	docx	vole	5	12	0	2920	7532	24
nist-docx-0009	docx	vole	0	13	0	3183	7532	24
nist-docx-0009	docx	vole	1	13	0	3183	7532	24
nist-docx-0009	docx	vole	2	13	0	3183	7532	24
nist-docx-0009	docx	vole	3	13	0	3183	7532	24
nist-docx-0009	docx	vole	4	13	0	3183	7532	24
nist-docx-0009	docx	vole	5	13	0	3183	7532	24
nist-docx-0009	docx	full	0	13	0	2732	3732	24
nist-docx-0009	docx	full	1	13	0	2663	3656	24
nist-docx-0009	docx	full	2	13	0	2788	3820	24
nist-docx-0009	docx	full	3	13	0	2755	3676	24
nist-docx-0009	docx	full	4	13	0	2727	3704	24
nist-docx-0009	docx	full	5	13	0	2857	3792	24
nist-docx-0009	docx	adaptive	0	13	0	2329	3604	24
nist-docx-0009	docx	adaptive	1	13	0	2481	3800	24
nist-docx-0009	docx	adaptive	2	13	0	2557	3712	24
nist-docx-0009	docx	adaptive	3	13	0	2643	3680	24
nist-docx-0009	docx	adaptive	4	13	0	2765	3744	24
nist-docx-0009	docx	adaptive	5	13	0	2739	3692	24
nist-docx-0009	docx	hist	0	13	0	2447	3476	24
nist-docx-0009	docx	hist	1	13	0	2307	3436	24
nist-docx-0009	docx	hist	2	13	0	2601	3516	24
nist-docx-0009	docx	hist	3	13	0	2664	3496	24
nist-docx-0009	docx	hist	4	13	0	2792	3500	24
nist-docx-0009	docx	hist	5	13	0	2764	3432	24
nist-docx-0009	docx	full	0	14	0	2447	3732	24
nist-docx-0009	docx	full	1	14	0	2419	3656	24
nist-docx-0009	docx	full	2	14	0	2541	3820	24
nist-docx-0009	docx	full	3	14	0	2540	3676	24
nist-docx-0009	docx	full	4	14	0	2669	3704	24
nist-docx-0009	docx	full	5	14	0	2727	3792	24
nist-docx-0009	docx	adaptive	0	14	0	2275	3604	24
nist-docx-0009	docx	adaptive	1	14	0	2300	3800	24
nist-docx-0009	docx	adaptive	2	14	0	2427	3712	24
nist-docx-0009	docx	adaptive	3	14	0	2517	3680	24
nist-docx-0009	docx	adaptive	4	14	0	2906	3744	24
nist-docx-0009	docx	adaptive	5	14	0	2868	3692	24
nist-docx-0009	docx	hist	0	14	0	2411	3476	24
nist-docx-0009	docx	hist	1	14	0	2736	3436	24
nist-docx-0009	docx	hist	2	14	0	2621	3516	24
nist-docx-0009	docx	hist	3	14	0	2684	3496	24
nist-docx-0009	docx	hist	4	14	0	2895	3500	24
nist-docx-0009	docx	hist	5	14	0	3078	3432	24
nist-docx-0009	docx	vole	0	14	0	3019	7532	24
nist-docx-0009	docx	vole	1	14	0	3019	7532	24
nist-docx-0009	docx	vole	2	14	0	3019	7532	24
nist-docx-0009	docx	vole	3	14	0	3019	7532	24
nist-docx-0009	docx	vole	4	14	0	3019	7532	24
nist-docx-0009	docx	vole	5	14	0	3019	7532	24
nist-docx-0009	docx	vole	0	15	0	2960	7532	24
nist-docx-0009	docx	vole	1	15	0	2960	7532	24
nist-docx-0009	docx	vole	2	15	0	2960	7532	24
nist-docx-0009	docx	vole	3	15	0	2960	7532	24
nist-docx-0009	docx	vole	4	15	0	2960	7532	24
nist-docx-0009	docx	vole	5	15	0	2960	7532	24
nist-docx-0009	docx	full	0	15	0	2583	3732	24
nist-docx-0009	docx	full	1	15	0	2431	3656	24
nist-docx-0009	docx	full	2	15	0	2621	3820	24
nist-docx-0009	docx	full	3	15	0	2531	3676	24
nist-docx-0009	docx	full	4	15	0	2861	3704	24
nist-docx-0009	docx	full	5	15	0	2858	3792	24
nist-docx-0009	docx	adaptive	0	15	0	2474	3604	24
nist-docx-0009	docx	adaptive	1	15	0	2341	3800	24
nist-docx-0009	docx	adaptive	2	15	0	2576	3712	24
nist-docx-0009	docx	adaptive	3	15	0	2596	3680	24
nist-docx-0009	docx	adaptive	4	15	0	2768	3744	24
nist-docx-0009	docx	adaptive	5	15	0	2701	3692	24
nist-docx-0009	docx	hist	0	15	0	2275	3476	24
nist-docx-0009	docx	hist	1	15	0	2307	3436	24
nist-docx-0009	docx	hist	2	15	0	2583	3516	24
nist-docx-0009	docx	hist	3	15	0	2498	3496	24
nist-docx-0009	docx	hist	4	15	0	2668	3500	24
nist-docx-0009	docx	hist	5	15	0	2786	3432	24
nist-docx-0009	docx	full	0	16	0	2362	3732	24
nist-docx-0009	docx	full	1	16	0	2443	3656	24
nist-docx-0009	docx	full	2	16	0	2646	3820	24
nist-docx-0009	docx	full	3	16	0	2569	3676	24
nist-docx-0009	docx	full	4	16	0	3300	3704	24
nist-docx-0009	docx	full	5	16	0	2940	3792	24
nist-docx-0009	docx	adaptive	0	16	0	2475	3604	24
nist-docx-0009	docx	adaptive	1	16	0	2570	3800	24
nist-docx-0009	docx	adaptive	2	16	0	2804	3712	24
nist-docx-0009	docx	adaptive	3	16	0	2567	3680	24
nist-docx-0009	docx	adaptive	4	16	0	2786	3744	24
nist-docx-0009	docx	adaptive	5	16	0	2923	3692	24
nist-docx-0009	docx	hist	0	16	0	2489	3476	24
nist-docx-0009	docx	hist	1	16	0	2539	3436	24
nist-docx-0009	docx	hist	2	16	0	2689	3516	24
nist-docx-0009	docx	hist	3	16	0	2651	3496	24
nist-docx-0009	docx	hist	4	16	0	2654	3500	24
nist-docx-0009	docx	hist	5	16	0	2801	3432	24
nist-docx-0009	docx	vole	0	16	0	2932	7532	24
nist-docx-0009	docx	vole	1	16	0	2932	7532	24
nist-docx-0009	docx	vole	2	16	0	2932	7532	24
nist-docx-0009	docx	vole	3	16	0	2932	7532	24
nist-docx-0009	docx	vole	4	16	0	2932	7532	24
nist-docx-0009	docx	vole	5	16	0	2932	7532	24
nist-docx-0009	docx	vole	0	17	0	2878	7532	24
nist-docx-0009	docx	vole	1	17	0	2878	7532	24
nist-docx-0009	docx	vole	2	17	0	2878	7532	24
nist-docx-0009	docx	vole	3	17	0	2878	7532	24
nist-docx-0009	docx	vole	4	17	0	2878	7532	24
nist-docx-0009	docx	vole	5	17	0	2878	7532	24
nist-docx-0009	docx	full	0	17	0	2426	3732	24
nist-docx-0009	docx	full	1	17	0	2520	3656	24
nist-docx-0009	docx	full	2	17	0	2656	3820	24
nist-docx-0009	docx	full	3	17	0	2526	3676	24
nist-docx-0009	docx	full	4	17	0	2756	3704	24
nist-docx-0009	docx	full	5	17	0	2663	3792	24
nist-docx-0009	docx	adaptive	0	17	0	2261	3604	24
nist-docx-0009	docx	adaptive	1	17	0	2305	3800	24
nist-docx-0009	docx	adaptive	2	17	0	2491	3712	24
nist-docx-0009	docx	adaptive	3	17	0	2547	3680	24
nist-docx-0009	docx	adaptive	4	17	0	2761	3744	24
nist-docx-0009	docx	adaptive	5	17	0	2732	3692	24
nist-docx-0009	docx	hist	0	17	0	2602	3476	24
nist-docx-0009	docx	hist	1	17	0	2671	3436	24
nist-docx-0009	docx	hist	2	17	0	2634	3516	24
nist-docx-0009	docx	hist	3	17	0	2638	3496	24
nist-docx-0009	docx	hist	4	17	0	2918	3500	24
nist-docx-0009	docx	hist	5	17	0	2745	3432	24
nist-docx-0009	docx	full	0	18	0	2354	3732	24
nist-docx-0009	docx	full	1	18	0	2506	3656	24
nist-docx-0009	docx	full	2	18	0	2598	3820	24
nist-docx-0009	docx	full	3	18	0	2811	3676	24
nist-docx-0009	docx	full	4	18	0	2728	3704	24
nist-docx-0009	docx	full	5	18	0	2715	3792	24
nist-docx-0009	docx	adaptive	0	18	0	2259	3604	24
nist-docx-0009	docx	adaptive	1	18	0	2381	3800	24
nist-docx-0009	docx	adaptive	2	18	0	2481	3712	24
nist-docx-0009	docx	adaptive	3	18	0	2586	3680	24
nist-docx-0009	docx	adaptive	4	18	0	2798	3744	24
nist-docx-0009	docx	adaptive	5	18	0	2709	3692	24
nist-docx-0009	docx	hist	0	18	0	2337	3476	24
nist-docx-0009	docx	hist	1	18	0	2432	3436	24
nist-docx-0009	docx	hist	2	18	0	2464	3516	24
nist-docx-0009	docx	hist	3	18	0	2711	3496	24
nist-docx-0009	docx	hist	4	18	0	2609	3500	24
nist-docx-0009	docx	hist	5	18	0	2729	3432	24
nist-docx-0009	docx	vole	0	18	0	3030	7532	24
nist-docx-0009	docx	vole	1	18	0	3030	7532	24
nist-docx-0009	docx	vole	2	18	0	3030	7532	24
nist-docx-0009	docx	vole	3	18	0	3030	7532	24
nist-docx-0009	docx	vole	4	18	0	3030	7532	24
nist-docx-0009	docx	vole	5	18	0	3030	7532	24
nist-docx-0009	docx	vole	0	19	0	2875	7532	24
nist-docx-0009	docx	vole	1	19	0	2875	7532	24
nist-docx-0009	docx	vole	2	19	0	2875	7532	24
nist-docx-0009	docx	vole	3	19	0	2875	7532	24
nist-docx-0009	docx	vole	4	19	0	2875	7532	24
nist-docx-0009	docx	vole	5	19	0	2875	7532	24
nist-docx-0009	docx	full	0	19	0	2345	3732	24
nist-docx-0009	docx	full	1	19	0	2434	3656	24
nist-docx-0009	docx	full	2	19	0	2529	3820	24
nist-docx-0009	docx	full	3	19	0	2603	3676	24
nist-docx-0009	docx	full	4	19	0	2863	3704	24
nist-docx-0009	docx	full	5	19	0	2843	3792	24
nist-docx-0009	docx	adaptive	0	19	0	2469	3604	24
nist-docx-0009	docx	adaptive	1	19	0	2491	3800	24
nist-docx-0009	docx	adaptive	2	19	0	2810	3712	24
nist-docx-0009	docx	adaptive	3	19	0	3116	3680	24
nist-docx-0009	docx	adaptive	4	19	0	2962	3744	24
nist-docx-0009	docx	adaptive	5	19	0	2808	3692	24
nist-docx-0009	docx	hist	0	19	0	2335	3476	24
nist-docx-0009	docx	hist	1	19	0	2587	3436	24
nist-docx-0009	docx	hist	2	19	0	2559	3516	24
nist-docx-0009	docx	hist	3	19	0	2711	3496	24
nist-docx-0009	docx	hist	4	19	0	2671	3500	24
nist-docx-0009	docx	hist	5	19	0	2838	3432	24
nist-docx-0009	docx	full	0	20	0	2396	3732	24
nist-docx-0009	docx	full	1	20	0	2401	3656	24
nist-docx-0009	docx	full	2	20	0	2617	3820	24
nist-docx-0009	docx	full	3	20	0	2567	3676	24
nist-docx-0009	docx	full	4	20	0	2831	3704	24
nist-docx-0009	docx	full	5	20	0	2855	3792	24
nist-docx-0009	docx	adaptive	0	20	0	2398	3604	24
nist-docx-0009	docx	adaptive	1	20	0	2524	3800	24
nist-docx-0009	docx	adaptive	2	20	0	2570	3712	24
nist-docx-0009	docx	adaptive	3	20	0	2558	3680	24
nist-docx-0009	docx	adaptive	4	20	0	2834	3744	24
nist-docx-0009	docx	adaptive	5	20	0	2752	3692	24
nist-docx-0009	docx	hist	0	20	0	2297	3476	24
nist-docx-0009	docx	hist	1	20	0	2399	3436	24
nist-docx-0009	docx	hist	2	20	0	2478	3516	24
nist-docx-0009	docx	hist	3	20	0	2626	3496	24
nist-docx-0009	docx	hist	4	20	0	2695	3500	24
nist-docx-0009	docx	hist	5	20	0	2836	3432	24
nist-docx-0009	docx	vole	0	20	0	3082	7532	24
nist-docx-0009	docx	vole	1	20	0	3082	7532	24
nist-docx-0009	docx	vole	2	20	0	3082	7532	24
nist-docx-0009	docx	vole	3	20	0	3082	7532	24
nist-docx-0009	docx	vole	4	20	0	3082	7532	24
nist-docx-0009	docx	vole	5	20	0	3082	7532	24
nist-docx-0009	docx	vole	0	21	0	2914	7532	24
nist-docx-0009	docx	vole	1	21	0	2914	7532	24
nist-docx-0009	docx	vole	2	21	0	2914	7532	24
nist-docx-0009	docx	vole	3	21	0	2914	7532	24
nist-docx-0009	docx	vole	4	21	0	2914	7532	24
nist-docx-0009	docx	vole	5	21	0	2914	7532	24
nist-docx-0009	docx	full	0	21	0	4380	3732	24
nist-docx-0009	docx	full	1	21	0	2739	3656	24
nist-docx-0009	docx	full	2	21	0	2745	3820	24
nist-docx-0009	docx	full	3	21	0	2629	3676	24
nist-docx-0009	docx	full	4	21	0	2899	3704	24
nist-docx-0009	docx	full	5	21	0	2903	3792	24
nist-docx-0009	docx	adaptive	0	21	0	2494	3604	24
nist-docx-0009	docx	adaptive	1	21	0	2454	3800	24
nist-docx-0009	docx	adaptive	2	21	0	2824	3712	24
nist-docx-0009	docx	adaptive	3	21	0	2609	3680	24
nist-docx-0009	docx	adaptive	4	21	0	2710	3744	24
nist-docx-0009	docx	adaptive	5	21	0	2696	3692	24
nist-docx-0009	docx	hist	0	21	0	2450	3476	24
nist-docx-0009	docx	hist	1	21	0	2367	3436	24
nist-docx-0009	docx	hist	2	21	0	2488	3516	24
nist-docx-0009	docx	hist	3	21	0	2457	3496	24
nist-docx-0009	docx	hist	4	21	0	2722	3500	24
nist-docx-0009	docx	hist	5	21	0	2770	3432	24
nist-docx-0009	docx	full	0	22	0	2438	3732	24
nist-docx-0009	docx	full	1	22	0	2446	3656	24
nist-docx-0009	docx	full	2	22	0	2658	3820	24
nist-docx-0009	docx	full	3	22	0	2580	3676	24
nist-docx-0009	docx	full	4	22	0	2865	3704	24
nist-docx-0009	docx	full	5	22	0	2745	3792	24
nist-docx-0009	docx	adaptive	0	22	0	2303	3604	24
nist-docx-0009	docx	adaptive	1	22	0	2393	3800	24
nist-docx-0009	docx	adaptive	2	22	0	2530	3712	24
nist-docx-0009	docx	adaptive	3	22	0	2516	3680	24
nist-docx-0009	docx	adaptive	4	22	0	3044	3744	24
nist-docx-0009	docx	adaptive	5	22	0	2938	3692	24
nist-docx-0009	docx	hist	0	22	0	2264	3476	24
nist-docx-0009	docx	hist	1	22	0	2390	3436	24
nist-docx-0009	docx	hist	2	22	0	2457	3516	24
nist-docx-0009	docx	hist	3	22	0	2483	3496	24
nist-docx-0009	docx	hist	4	22	0	2661	3500	24
nist-docx-0009	docx	hist	5	22	0	2703	3432	24
nist-docx-0009	docx	vole	0	22	0	3400	7532	24
nist-docx-0009	docx	vole	1	22	0	3400	7532	24
nist-docx-0009	docx	vole	2	22	0	3400	7532	24
nist-docx-0009	docx	vole	3	22	0	3400	7532	24
nist-docx-0009	docx	vole	4	22	0	3400	7532	24
nist-docx-0009	docx	vole	5	22	0	3400	7532	24
nist-docx-0009	docx	vole	0	23	0	2978	7532	24
nist-docx-0009	docx	vole	1	23	0	2978	7532	24
nist-docx-0009	docx	vole	2	23	0	2978	7532	24
nist-docx-0009	docx	vole	3	23	0	2978	7532	24
nist-docx-0009	docx	vole	4	23	0	2978	7532	24
nist-docx-0009	docx	vole	5	23	0	2978	7532	24
nist-docx-0009	docx	full	0	23	0	2645	3732	24
nist-docx-0009	docx	full	1	23	0	2415	3656	24
nist-docx-0009	docx	full	2	23	0	2537	3820	24
nist-docx-0009	docx	full	3	23	0	2527	3676	24
nist-docx-0009	docx	full	4	23	0	2730	3704	24
nist-docx-0009	docx	full	5	23	0	2718	3792	24
nist-docx-0009	docx	adaptive	0	23	0	2462	3604	24
nist-docx-0009	docx	adaptive	1	23	0	2446	3800	24
nist-docx-0009	docx	adaptive	2	23	0	2799	3712	24
nist-docx-0009	docx	adaptive	3	23	0	2668	3680	24
nist-docx-0009	docx	adaptive	4	23	0	2977	3744	24
nist-docx-0009	docx	adaptive	5	23	0	2809	3692	24
nist-docx-0009	docx	hist	0	23	0	2419	3476	24
nist-docx-0009	docx	hist	1	23	0	2396	3436	24
nist-docx-0009	docx	hist	2	23	0	2511	3516	24
nist-docx-0009	docx	hist	3	23	0	2664	3496	24
nist-docx-0009	docx	hist	4	23	0	2629	3500	24
nist-docx-0009	docx	hist	5	23	0	2662	3432	24
nist-docx-0009	docx	full	0	24	0	2298	3732	24
nist-docx-0009	docx	full	1	24	0	2394	3656	24
nist-docx-0009	docx	full	2	24	0	2570	3820	24
nist-docx-0009	docx	full	3	24	0	2550	3676	24
nist-docx-0009	docx	full	4	24	0	2708	3704	24
nist-docx-0009	docx	full	5	24	0	2785	3792	24
nist-docx-0009	docx	adaptive	0	24	0	2260	3604	24
nist-docx-0009	docx	adaptive	1	24	0	2290	3800	24
nist-docx-0009	docx	adaptive	2	24	0	2531	3712	24
nist-docx-0009	docx	adaptive	3	24	0	2723	3680	24
nist-docx-0009	docx	adaptive	4	24	0	2835	3744	24
nist-docx-0009	docx	adaptive	5	24	0	2836	3692	24
nist-docx-0009	docx	hist	0	24	0	2372	3476	24
nist-docx-0009	docx	hist	1	24	0	2571	3436	24
nist-docx-0009	docx	hist	2	24	0	3411	3516	24
nist-docx-0009	docx	hist	3	24	0	2885	3496	24
nist-docx-0009	docx	hist	4	24	0	2927	3500	24
nist-docx-0009	docx	hist	5	24	0	2896	3432	24
nist-docx-0009	docx	vole	0	24	0	3083	7532	24
nist-docx-0009	docx	vole	1	24	0	3083	7532	24
nist-docx-0009	docx	vole	2	24	0	3083	7532	24
nist-docx-0009	docx	vole	3	24	0	3083	7532	24
nist-docx-0009	docx	vole	4	24	0	3083	7532	24
nist-docx-0009	docx	vole	5	24	0	3083	7532	24
nist-docx-0009	docx	vole	0	25	0	3244	7532	24
nist-docx-0009	docx	vole	1	25	0	3244	7532	24
nist-docx-0009	docx	vole	2	25	0	3244	7532	24
nist-docx-0009	docx	vole	3	25	0	3244	7532	24
nist-docx-0009	docx	vole	4	25	0	3244	7532	24
nist-docx-0009	docx	vole	5	25	0	3244	7532	24
nist-docx-0009	docx	full	0	25	0	2916	3732	24
nist-docx-0009	docx	full	1	25	0	2671	3656	24
nist-docx-0009	docx	full	2	25	0	2826	3820	24
nist-docx-0009	docx	full	3	25	0	2754	3676	24
nist-docx-0009	docx	full	4	25	0	2900	3704	24
nist-docx-0009	docx	full	5	25	0	2815	3792	24
nist-docx-0009	docx	adaptive	0	25	0	2452	3604	24
nist-docx-0009	docx	adaptive	1	25	0	2488	3800	24
nist-docx-0009	docx	adaptive	2	25	0	2723	3712	24
nist-docx-0009	docx	adaptive	3	25	0	2668	3680	24
nist-docx-0009	docx	adaptive	4	25	0	2848	3744	24
nist-docx-0009	docx	adaptive	5	25	0	2887	3692	24
nist-docx-0009	docx	hist	0	25	0	2337	3476	24
nist-docx-0009	docx	hist	1	25	0	2441	3436	24
nist-docx-0009	docx	hist	2	25	0	2595	3516	24
nist-docx-0009	docx	hist	3	25	0	2665	3496	24
nist-docx-0009	docx	hist	4	25	0	2736	3500	24
nist-docx-0009	docx	hist	5	25	0	2743	3432	24
nist-docx-0014	docx	vole	0	1	0	4566	11272	24
nist-docx-0014	docx	vole	1	1	0	4566	11272	24
nist-docx-0014	docx	vole	2	1	0	4566	11272	24
nist-docx-0014	docx	vole	3	1	0	4566	11272	24
nist-docx-0014	docx	vole	4	1	0	4566	11272	24
nist-docx-0014	docx	vole	5	1	0	4566	11272	24
nist-docx-0014	docx	full	0	1	0	3406	6048	24
nist-docx-0014	docx	full	1	1	0	3181	6108	24
nist-docx-0014	docx	full	2	1	0	3813	6084	24
nist-docx-0014	docx	full	3	1	0	3477	6132	24
nist-docx-0014	docx	full	4	1	0	3647	6116	24
nist-docx-0014	docx	full	5	1	0	3636	6120	24
nist-docx-0014	docx	adaptive	0	1	0	2974	5924	24
nist-docx-0014	docx	adaptive	1	1	0	4409	6068	24
nist-docx-0014	docx	adaptive	2	1	0	4098	6064	24
nist-docx-0014	docx	adaptive	3	1	0	3753	6008	24
nist-docx-0014	docx	adaptive	4	1	0	3973	6172	24
nist-docx-0014	docx	adaptive	5	1	0	3987	6148	24
nist-docx-0014	docx	hist	0	1	0	2986	5832	24
nist-docx-0014	docx	hist	1	1	0	3033	5832	24
nist-docx-0014	docx	hist	2	1	0	3212	6000	24
nist-docx-0014	docx	hist	3	1	0	3065	5956	24
nist-docx-0014	docx	hist	4	1	0	3358	5964	24
nist-docx-0014	docx	hist	5	1	0	3330	6068	24
nist-docx-0014	docx	full	0	2	0	3192	6048	24
nist-docx-0014	docx	full	1	2	0	3167	6108	24
nist-docx-0014	docx	full	2	2	0	3487	6084	24
nist-docx-0014	docx	full	3	2	0	3641	6132	24
nist-docx-0014	docx	full	4	2	0	3773	6116	24
nist-docx-0014	docx	full	5	2	0	3777	6120	24
nist-docx-0014	docx	adaptive	0	2	0	3318	5924	24
nist-docx-0014	docx	adaptive	1	2	0	3155	6068	24
nist-docx-0014	docx	adaptive	2	2	0	3633	6064	24
nist-docx-0014	docx	adaptive	3	2	0	3379	6008	24
nist-docx-0014	docx	adaptive	4	2	0	3756	6172	24
nist-docx-0014	docx	adaptive	5	2	0	3817	6148	24
nist-docx-0014	docx	hist	0	2	0	3052	5832	24
nist-docx-0014	docx	hist	1	2	0	2906	5832	24
nist-docx-0014	docx	hist	2	2	0	2957	6000	24
nist-docx-0014	docx	hist	3	2	0	3218	5956	24
nist-docx-0014	docx	hist	4	2	0	3197	5964	24
nist-docx-0014	docx	hist	5	2	0	3105	6068	24
nist-docx-0014	docx	vole	0	2	0	4711	11272	24
nist-docx-0014	docx	vole	1	2	0	4711	11272	24
nist-docx-0014	docx	vole	2	2	0	4711	11272	24
nist-docx-0014	docx	vole	3	2	0	4711	11272	24
nist-docx-0014	docx	vole	4	2	0	4711	11272	24
nist-docx-0014	docx	vole	5	2	0	4711	11272	24
nist-docx-0014	docx	vole	0	3	0	4797	11272	24
nist-docx-0014	docx	vole	1	3	0	4797	11272	24
nist-docx-0014	docx	vole	2	3	0	4797	11272	24
nist-docx-0014	docx	vole	3	3	0	4797	11272	24
nist-docx-0014	docx	vole	4	3	0	4797	11272	24
nist-docx-0014	docx	vole	5	3	0	4797	11272	24
nist-docx-0014	docx	full	0	3	0	3410	6048	24
nist-docx-0014	docx	full	1	3	0	3239	6108	24
nist-docx-0014	docx	full	2	3	0	3628	6084	24
nist-docx-0014	docx	full	3	3	0	3702	6132	24
nist-docx-0014	docx	full	4	3	0	4651	6116	24
nist-docx-0014	docx	full	5	3	0	4225	6120	24
nist-docx-0014	docx	adaptive	0	3	0	3540	5924	24
nist-docx-0014	docx	adaptive	1	3	0	3892	6068	24
nist-docx-0014	docx	adaptive	2	3	0	4013	6064	24
nist-docx-0014	docx	adaptive	3	3	0	3595	6008	24
nist-docx-0014	docx	adaptive	4	3	0	3780	6172	24
nist-docx-0014	docx	adaptive	5	3	0	3741	6148	24
nist-docx-0014	docx	hist	0	3	0	2876	5832	24
nist-docx-0014	docx	hist	1	3	0	2945	5832	24
nist-docx-0014	docx	hist	2	3	0	3131	6000	24
nist-docx-0014	docx	hist	3	3	0	3049	5956	24
nist-docx-0014	docx	hist	4	3	0	3229	5964	24
nist-docx-0014	docx	hist	5	3	0	3244	6068	24
nist-docx-0014	docx	full	0	4	0	3077	6048	24
nist-docx-0014	docx	full	1	4	0	3171	6108	24
nist-docx-0014	docx	full	2	4	0	3945	6084	24
nist-docx-0014	docx	full	3	4	0	3529	6132	24
nist-docx-0014	docx	full	4	4	0	3876	6116	24
nist-docx-0014	docx	full	5	4	0	3582	6120	24
nist-docx-0014	docx	adaptive	0	4	0	3123	5924	24
nist-docx-0014	docx	adaptive	1	4	0	3199	6068	24
nist-docx-0014	docx	adaptive	2	4	0	3351	6064	24
nist-docx-0014	docx	adaptive	3	4	0	3409	6008	24
nist-docx-0014	docx	adaptive	4	4	0	3679	6172	24
nist-docx-0014	docx	adaptive	5	4	0	3820	6148	24
nist-docx-0014	docx	hist	0	4	0	3008	5832	24
nist-docx-0014	docx	hist	1	4	0	2886	5832	24
nist-docx-0014	docx	hist	2	4	0	3153	6000	24
nist-docx-0014	docx	hist	3	4	0	3238	5956	24
nist-docx-0014	docx	hist	4	4	0	3560	5964	24
nist-docx-0014	docx	hist	5	4	0	3427	6068	24
nist-docx-0014	docx	vole	0	4	0	4804	11272	24
nist-docx-0014	docx	vole	1	4	0	4804	11272	24
nist-docx-0014	docx	vole	2	4	0	4804	11272	24
nist-docx-0014	docx	vole	3	4	0	4804	11272	24
nist-docx-0014	docx	vole	4	4	0	4804	11272	24
nist-docx-0014	docx	vole	5	4	0	4804	11272	24
nist-docx-0014	docx	vole	0	5	0	4428	11272	24
nist-docx-0014	docx	vole	1	5	0	4428	11272	24
nist-docx-0014	docx	vole	2	5	0	4428	11272	24
nist-docx-0014	docx	vole	3	5	0	4428	11272	24
nist-docx-0014	docx	vole	4	5	0	4428	11272	24
nist-docx-0014	docx	vole	5	5	0	4428	11272	24
nist-docx-0014	docx	full	0	5	0	3382	6048	24
nist-docx-0014	docx	full	1	5	0	4313	6108	24
nist-docx-0014	docx	full	2	5	0	4136	6084	24
nist-docx-0014	docx	full	3	5	0	3776	6132	24
nist-docx-0014	docx	full	4	5	0	3885	6116	24
nist-docx-0014	docx	full	5	5	0	3725	6120	24
nist-docx-0014	docx	adaptive	0	5	0	3305	5924	24
nist-docx-0014	docx	adaptive	1	5	0	3112	6068	24
nist-docx-0014	docx	adaptive	2	5	0	3364	6064	24
nist-docx-0014	docx	adaptive	3	5	0	3354	6008	24
nist-docx-0014	docx	adaptive	4	5	0	3544	6172	24
nist-docx-0014	docx	adaptive	5	5	0	3536	6148	24
nist-docx-0014	docx	hist	0	5	0	2821	5832	24
nist-docx-0014	docx	hist	1	5	0	3112	5832	24
nist-docx-0014	docx	hist	2	5	0	3089	6000	24
nist-docx-0014	docx	hist	3	5	0	2952	5956	24
nist-docx-0014	docx	hist	4	5	0	3370	5964	24
nist-docx-0014	docx	hist	5	5	0	3344	6068	24
nist-docx-0014	docx	full	0	6	0	3102	6048	24
nist-docx-0014	docx	full	1	6	0	3273	6108	24
nist-docx-0014	docx	full	2	6	0	3548	6084	24
nist-docx-0014	docx	full	3	6	0	3686	6132	24
nist-docx-0014	docx	full	4	6	0	3957	6116	24
nist-docx-0014	docx	full	5	6	0	3711	6120	24
nist-docx-0014	docx	adaptive	0	6	0	3213	5924	24
nist-docx-0014	docx	adaptive	1	6	0	3185	6068	24
nist-docx-0014	docx	adaptive	2	6	0	3659	6064	24
nist-docx-0014	docx	adaptive	3	6	0	3421	6008	24
nist-docx-0014	docx	adaptive	4	6	0	3805	6172	24
nist-docx-0014	docx	adaptive	5	6	0	3713	6148	24
nist-docx-0014	docx	hist	0	6	0	2951	5832	24
nist-docx-0014	docx	hist	1	6	0	2903	5832	24
nist-docx-0014	docx	hist	2	6	0	3179	6000	24
nist-docx-0014	docx	hist	3	6	0	3115	5956	24
nist-docx-0014	docx	hist	4	6	0	3175	5964	24
nist-docx-0014	docx	hist	5	6	0	3287	6068	24
nist-docx-0014	docx	vole	0	6	0	4628	11272	24
nist-docx-0014	docx	vole	1	6	0	4628	11272	24
nist-docx-0014	docx	vole	2	6	0	4628	11272	24
nist-docx-0014	docx	vole	3	6	0	4628	11272	24
nist-docx-0014	docx	vole	4	6	0	4628	11272	24
nist-docx-0014	docx	vole	5	6	0	4628	11272	24
nist-docx-0014	docx	vole	0	7	0	4748	11272	24
nist-docx-0014	docx	vole	1	7	0	4748	11272	24
nist-docx-0014	docx	vole	2	7	0	4748	11272	24
nist-docx-0014	docx	vole	3	7	0	4748	11272	24
nist-docx-0014	docx	vole	4	7	0	4748	11272	24
nist-docx-0014	docx	vole	5	7	0	4748	11272	24
nist-docx-0014	docx	full	0	7	0	3552	6048	24
nist-docx-0014	docx	full	1	7	0	3558	6108	24
nist-docx-0014	docx	full	2	7	0	3525	6084	24
nist-docx-0014	docx	full	3	7	0	4540	6132	24
nist-docx-0014	docx	full	4	7	0	4128	6116	24
nist-docx-0014	docx	full	5	7	0	3976	6120	24
nist-docx-0014	docx	adaptive	0	7	0	3539	5924	24
nist-docx-0014	docx	adaptive	1	7	0	3405	6068	24
nist-docx-0014	docx	adaptive	2	7	0	3450	6064	24
nist-docx-0014	docx	adaptive	3	7	0	3469	6008	24
nist-docx-0014	docx	adaptive	4	7	0	3610	6172	24
nist-docx-0014	docx	adaptive	5	7	0	3694	6148	24
nist-docx-0014	docx	hist	0	7	0	3067	5832	24
nist-docx-0014	docx	hist	1	7	0	2956	5832	24
nist-docx-0014	docx	hist	2	7	0	3047	6000	24
nist-docx-0014	docx	hist	3	7	0	3193	5956	24
nist-docx-0014	docx	hist	4	7	0	3510	5964	24
nist-docx-0014	docx	hist	5	7	0	3478	6068	24
nist-docx-0014	docx	full	0	8	0	3293	6048	24
nist-docx-0014	docx	full	1	8	0	3182	6108	24
nist-docx-0014	docx	full	2	8	0	3349	6084	24
nist-docx-0014	docx	full	3	8	0	3575	6132	24
nist-docx-0014	docx	full	4	8	0	3733	6116	24
nist-docx-0014	docx	full	5	8	0	3672	6120	24
nist-docx-0014	docx	adaptive	0	8	0	3115	5924	24
nist-docx-0014	docx	adaptive	1	8	0	3020	6068	24
nist-docx-0014	docx	adaptive	2	8	0	3196	6064	24
nist-docx-0014	docx	adaptive	3	8	0	3139	6008	24
nist-docx-0014	docx	adaptive	4	8	0	3372	6172	24
nist-docx-0014	docx	adaptive	5	8	0	3693	6148	24
nist-docx-0014	docx	hist	0	8	0	2730	5832	24
nist-docx-0014	docx	hist	1	8	0	2935	5832	24
nist-docx-0014	docx	hist	2	8	0	3170	6000	24
nist-docx-0014	docx	hist	3	8	0	3053	5956	24
nist-docx-0014	docx	hist	4	8	0	3381	5964	24
nist-docx-0014	docx	hist	5	8	0	3249	6068	24
nist-docx-0014	docx	vole	0	8	0	4794	11272	24
nist-docx-0014	docx	vole	1	8	0	4794	11272	24
nist-docx-0014	docx	vole	2	8	0	4794	11272	24
nist-docx-0014	docx	vole	3	8	0	4794	11272	24
nist-docx-0014	docx	vole	4	8	0	4794	11272	24
nist-docx-0014	docx	vole	5	8	0	4794	11272	24
nist-docx-0014	docx	vole	0	9	0	4928	11272	24
nist-docx-0014	docx	vole	1	9	0	4928	11272	24
nist-docx-0014	docx	vole	2	9	0	4928	11272	24
nist-docx-0014	docx	vole	3	9	0	4928	11272	24
nist-docx-0014	docx	vole	4	9	0	4928	11272	24
nist-docx-0014	docx	vole	5	9	0	4928	11272	24
nist-docx-0014	docx	full	0	9	0	3939	6048	24
nist-docx-0014	docx	full	1	9	0	3314	6108	24
nist-docx-0014	docx	full	2	9	0	3532	6084	24
nist-docx-0014	docx	full	3	9	0	3738	6132	24
nist-docx-0014	docx	full	4	9	0	3849	6116	24
nist-docx-0014	docx	full	5	9	0	3720	6120	24
nist-docx-0014	docx	adaptive	0	9	0	3182	5924	24
nist-docx-0014	docx	adaptive	1	9	0	3150	6068	24
nist-docx-0014	docx	adaptive	2	9	0	3454	6064	24
nist-docx-0014	docx	adaptive	3	9	0	3415	6008	24
nist-docx-0014	docx	adaptive	4	9	0	3873	6172	24
nist-docx-0014	docx	adaptive	5	9	0	3599	6148	24
nist-docx-0014	docx	hist	0	9	0	2897	5832	24
nist-docx-0014	docx	hist	1	9	0	3074	5832	24
nist-docx-0014	docx	hist	2	9	0	3141	6000	24
nist-docx-0014	docx	hist	3	9	0	2954	5956	24
nist-docx-0014	docx	hist	4	9	0	3543	5964	24
nist-docx-0014	docx	hist	5	9	0	3382	6068	24
nist-docx-0014	docx	full	0	10	0	3253	6048	24
nist-docx-0014	docx	full	1	10	0	3248	6108	24
nist-docx-0014	docx	full	2	10	0	3700	6084	24
nist-docx-0014	docx	full	3	10	0	3737	6132	24
nist-docx-0014	docx	full	4	10	0	3771	6116	24
nist-docx-0014	docx	full	5	10	0	3562	6120	24
nist-docx-0014	docx	adaptive	0	10	0	3154	5924	24
nist-docx-0014	docx	adaptive	1	10	0	3144	6068	24
nist-docx-0014	docx	adaptive	2	10	0	3438	6064	24
nist-docx-0014	docx	adaptive	3	10	0	3564	6008	24
nist-docx-0014	docx	adaptive	4	10	0	3588	6172	24
nist-docx-0014	docx	adaptive	5	10	0	3841	6148	24
nist-docx-0014	docx	hist	0	10	0	2861	5832	24
nist-docx-0014	docx	hist	1	10	0	3019	5832	24
nist-docx-0014	docx	hist	2	10	0	3174	6000	24
nist-docx-0014	docx	hist	3	10	0	2987	5956	24
nist-docx-0014	docx	hist	4	10	0	3230	5964	24
nist-docx-0014	docx	hist	5	10	0	3282	6068	24
nist-docx-0014	docx	vole	0	10	0	4603	11272	24
nist-docx-0014	docx	vole	1	10	0	4603	11272	24
nist-docx-0014	docx	vole	2	10	0	4603	11272	24
nist-docx-0014	docx	vole	3	10	0	4603	11272	24
nist-docx-0014	docx	vole	4	10	0	4603	11272	24
nist-docx-0014	docx	vole	5	10	0	4603	11272	24
nist-docx-0014	docx	vole	0	11	0	4573	11272	24
nist-docx-0014	docx	vole	1	11	0	4573	11272	24
nist-docx-0014	docx	vole	2	11	0	4573	11272	24
nist-docx-0014	docx	vole	3	11	0	4573	11272	24
nist-docx-0014	docx	vole	4	11	0	4573	11272	24
nist-docx-0014	docx	vole	5	11	0	4573	11272	24
nist-docx-0014	docx	full	0	11	0	3469	6048	24
nist-docx-0014	docx	full	1	11	0	3130	6108	24
nist-docx-0014	docx	full	2	11	0	3587	6084	24
nist-docx-0014	docx	full	3	11	0	3506	6132	24
nist-docx-0014	docx	full	4	11	0	3507	6116	24
nist-docx-0014	docx	full	5	11	0	3796	6120	24
nist-docx-0014	docx	adaptive	0	11	0	3112	5924	24
nist-docx-0014	docx	adaptive	1	11	0	3487	6068	24
nist-docx-0014	docx	adaptive	2	11	0	4563	6064	24
nist-docx-0014	docx	adaptive	3	11	0	3936	6008	24
nist-docx-0014	docx	adaptive	4	11	0	4004	6172	24
nist-docx-0014	docx	adaptive	5	11	0	3814	6148	24
nist-docx-0014	docx	hist	0	11	0	3093	5832	24
nist-docx-0014	docx	hist	1	11	0	2884	5832	24
nist-docx-0014	docx	hist	2	11	0	3360	6000	24
nist-docx-0014	docx	hist	3	11	0	3024	5956	24
nist-docx-0014	docx	hist	4	11	0	3416	5964	24
nist-docx-0014	docx	hist	5	11	0	3230	6068	24
nist-docx-0014	docx	full	0	12	0	3183	6048	24
nist-docx-0014	docx	full	1	12	0	3201	6108	24
nist-docx-0014	docx	full	2	12	0	3422	6084	24
nist-docx-0014	docx	full	3	12	0	3383	6132	24
nist-docx-0014	docx	full	4	12	0	3659	6116	24
nist-docx-0014	docx	full	5	12	0	3502	6120	24
nist-docx-0014	docx	adaptive	0	12	0	2904	5924	24
nist-docx-0014	docx	adaptive	1	12	0	3127	6068	24
nist-docx-0014	docx	adaptive	2	12	0	3461	6064	24
nist-docx-0014	docx	adaptive	3	12	0	3269	6008	24
nist-docx-0014	docx	adaptive	4	12	0	3755	6172	24
nist-docx-0014	docx	adaptive	5	12	0	3761	6148	24
nist-docx-0014	docx	hist	0	12	0	2774	5832	24
nist-docx-0014	docx	hist	1	12	0	3093	5832	24
nist-docx-0014	docx	hist	2	12	0	3309	6000	24
nist-docx-0014	docx	hist	3	12	0	3215	5956	24
nist-docx-0014	docx	hist	4	12	0	3427	5964	24
nist-docx-0014	docx	hist	5	12	0	3384	6068	24
nist-docx-0014	docx	vole	0	12	0	4607	11272	24
nist-docx-0014	docx	vole	1	12	0	4607	11272	24
nist-docx-0014	docx	vole	2	12	0	4607	11272	24
nist-docx-0014	docx	vole	3	12	0	4607	11272	24
nist-docx-0014	docx	vole	4	12	0	4607	11272	24
nist-docx-0014	docx	vole	5	12	0	4607	11272	24
nist-docx-0014	docx	vole	0	13	0	4621	11272	24
nist-docx-0014	docx	vole	1	13	0	4621	11272	24
nist-docx-0014	docx	vole	2	13	0	4621	11272	24
nist-docx-0014	docx	vole	3	13	0	4621	11272	24
nist-docx-0014	docx	vole	4	13	0	4621	11272	24
nist-docx-0014	docx	vole	5	13	0	4621	11272	24
nist-docx-0014	docx	full	0	13	0	3668	6048	24
nist-docx-0014	docx	full	1	13	0	3282	6108	24
nist-docx-0014	docx	full	2	13	0	3486	6084	24
nist-docx-0014	docx	full	3	13	0	3815	6132	24
nist-docx-0014	docx	full	4	13	0	3908	6116	24
nist-docx-0014	docx	full	5	13	0	3666	6120	24
nist-docx-0014	docx	adaptive	0	13	0	3109	5924	24
nist-docx-0014	docx	adaptive	1	13	0	3126	6068	24
nist-docx-0014	docx	adaptive	2	13	0	3474	6064	24
nist-docx-0014	docx	adaptive	3	13	0	3520	6008	24
nist-docx-0014	docx	adaptive	4	13	0	3671	6172	24
nist-docx-0014	docx	adaptive	5	13	0	3896	6148	24
nist-docx-0014	docx	hist	0	13	0	2831	5832	24
nist-docx-0014	docx	hist	1	13	0	3090	5832	24
nist-docx-0014	docx	hist	2	13	0	3093	6000	24
nist-docx-0014	docx	hist	3	13	0	3863	5956	24
nist-docx-0014	docx	hist	4	13	0	4425	5964	24
nist-docx-0014	docx	hist	5	13	0	3721	6068	24
nist-docx-0014	docx	full	0	14	0	3224	6048	24
nist-docx-0014	docx	full	1	14	0	3684	6108	24
nist-docx-0014	docx	full	2	14	0	3499	6084	24
nist-docx-0014	docx	full	3	14	0	3583	6132	24
nist-docx-0014	docx	full	4	14	0	4244	6116	24
nist-docx-0014	docx	full	5	14	0	3924	6120	24
nist-docx-0014	docx	adaptive	0	14	0	3128	5924	24
nist-docx-0014	docx	adaptive	1	14	0	3405	6068	24
nist-docx-0014	docx	adaptive	2	14	0	3512	6064	24
nist-docx-0014	docx	adaptive	3	14	0	3678	6008	24
nist-docx-0014	docx	adaptive	4	14	0	3495	6172	24
nist-docx-0014	docx	adaptive	5	14	0	3482	6148	24
nist-docx-0014	docx	hist	0	14	0	2988	5832	24
nist-docx-0014	docx	hist	1	14	0	2973	5832	24
nist-docx-0014	docx	hist	2	14	0	3019	6000	24
nist-docx-0014	docx	hist	3	14	0	2913	5956	24
nist-docx-0014	docx	hist	4	14	0	3189	5964	24
nist-docx-0014	docx	hist	5	14	0	3433	6068	24
nist-docx-0014	docx	vole	0	14	0	4565	11272	24
nist-docx-0014	docx	vole	1	14	0	4565	11272	24
nist-docx-0014	docx	vole	2	14	0	4565	11272	24
nist-docx-0014	docx	vole	3	14	0	4565	11272	24
nist-docx-0014	docx	vole	4	14	0	4565	11272	24
nist-docx-0014	docx	vole	5	14	0	4565	11272	24
nist-docx-0014	docx	vole	0	15	0	4711	11272	24
nist-docx-0014	docx	vole	1	15	0	4711	11272	24
nist-docx-0014	docx	vole	2	15	0	4711	11272	24
nist-docx-0014	docx	vole	3	15	0	4711	11272	24
nist-docx-0014	docx	vole	4	15	0	4711	11272	24
nist-docx-0014	docx	vole	5	15	0	4711	11272	24
nist-docx-0014	docx	full	0	15	0	3304	6048	24
nist-docx-0014	docx	full	1	15	0	3127	6108	24
nist-docx-0014	docx	full	2	15	0	3662	6084	24
nist-docx-0014	docx	full	3	15	0	3385	6132	24
nist-docx-0014	docx	full	4	15	0	3586	6116	24
nist-docx-0014	docx	full	5	15	0	3520	6120	24
nist-docx-0014	docx	adaptive	0	15	0	3124	5924	24
nist-docx-0014	docx	adaptive	1	15	0	3146	6068	24
nist-docx-0014	docx	adaptive	2	15	0	3407	6064	24
nist-docx-0014	docx	adaptive	3	15	0	3369	6008	24
nist-docx-0014	docx	adaptive	4	15	0	3613	6172	24
nist-docx-0014	docx	adaptive	5	15	0	3484	6148	24
nist-docx-0014	docx	hist	0	15	0	3042	5832	24
nist-docx-0014	docx	hist	1	15	0	3140	5832	24
nist-docx-0014	docx	hist	2	15	0	3061	6000	24
nist-docx-0014	docx	hist	3	15	0	3146	5956	24
nist-docx-0014	docx	hist	4	15	0	3918	5964	24
nist-docx-0014	docx	hist	5	15	0	4196	6068	24
nist-docx-0014	docx	full	0	16	0	3414	6048	24
nist-docx-0014	docx	full	1	16	0	3370	6108	24
nist-docx-0014	docx	full	2	16	0	3417	6084	24
nist-docx-0014	docx	full	3	16	0	3448	6132	24
nist-docx-0014	docx	full	4	16	0	3673	6116	24
nist-docx-0014	docx	full	5	16	0	3669	6120	24
nist-docx-0014	docx	adaptive	0	16	0	3020	5924	24
nist-docx-0014	docx	adaptive	1	16	0	3109	6068	24
nist-docx-0014	docx	adaptive	2	16	0	3297	6064	24
nist-docx-0014	docx	adaptive	3	16	0	3272	6008	24
nist-docx-0014	docx	adaptive	4	16	0	3639	6172	24
nist-docx-0014	docx	adaptive	5	16	0	3801	6148	24
nist-docx-0014	docx	hist	0	16	0	3016	5832	24
nist-docx-0014	docx	hist	1	16	0	3169	5832	24
nist-docx-0014	docx	hist	2	16	0	3122	6000	24
nist-docx-0014	docx	hist	3	16	0	3134	5956	24
nist-docx-0014	docx	hist	4	16	0	3249	5964	24
nist-docx-0014	docx	hist	5	16	0	3282	6068	24
nist-docx-0014	docx	vole	0	16	0	4691	11272	24
nist-docx-0014	docx	vole	1	16	0	4691	11272	24
nist-docx-0014	docx	vole	2	16	0	4691	11272	24
nist-docx-0014	docx	vole	3	16	0	4691	11272	24
nist-docx-0014	docx	vole	4	16	0	4691	11272	24
nist-docx-0014	docx	vole	5	16	0	4691	11272	24
nist-docx-0014	docx	vole	0	17	0	4657	11272	24
nist-docx-0014	docx	vole	1	17	0	4657	11272	24
nist-docx-0014	docx	vole	2	17	0	4657	11272	24
nist-docx-0014	docx	vole	3	17	0	4657	11272	24
nist-docx-0014	docx	vole	4	17	0	4657	11272	24
nist-docx-0014	docx	vole	5	17	0	4657	11272	24
nist-docx-0014	docx	full	0	17	0	3509	6048	24
nist-docx-0014	docx	full	1	17	0	3103	6108	24
nist-docx-0014	docx	full	2	17	0	3352	6084	24
nist-docx-0014	docx	full	3	17	0	3293	6132	24
nist-docx-0014	docx	full	4	17	0	3486	6116	24
nist-docx-0014	docx	full	5	17	0	3482	6120	24
nist-docx-0014	docx	adaptive	0	17	0	3330	5924	24
nist-docx-0014	docx	adaptive	1	17	0	3288	6068	24
nist-docx-0014	docx	adaptive	2	17	0	3610	6064	24
nist-docx-0014	docx	adaptive	3	17	0	3864	6008	24
nist-docx-0014	docx	adaptive	4	17	0	3969	6172	24
nist-docx-0014	docx	adaptive	5	17	0	4038	6148	24
nist-docx-0014	docx	hist	0	17	0	2956	5832	24
nist-docx-0014	docx	hist	1	17	0	3152	5832	24
nist-docx-0014	docx	hist	2	17	0	3306	6000	24
nist-docx-0014	docx	hist	3	17	0	3194	5956	24
nist-docx-0014	docx	hist	4	17	0	4223	5964	24
nist-docx-0014	docx	hist	5	17	0	4002	6068	24
nist-docx-0014	docx	full	0	18	0	3528	6048	24
nist-docx-0014	docx	full	1	18	0	3487	6108	24
nist-docx-0014	docx	full	2	18	0	3669	6084	24
nist-docx-0014	docx	full	3	18	0	3542	6132	24
nist-docx-0014	docx	full	4	18	0	3702	6116	24
nist-docx-0014	docx	full	5	18	0	3969	6120	24
nist-docx-0014	docx	adaptive	0	18	0	3218	5924	24
nist-docx-0014	docx	adaptive	1	18	0	3070	6068	24
nist-docx-0014	docx	adaptive	2	18	0	3643	6064	24
nist-docx-0014	docx	adaptive	3	18	0	4315	6008	24
nist-docx-0014	docx	adaptive	4	18	0	3751	6172	24
nist-docx-0014	docx	adaptive	5	18	0	3732	6148	24
nist-docx-0014	docx	hist	0	18	0	2955	5832	24
nist-docx-0014	docx	hist	1	18	0	3024	5832	24
nist-docx-0014	docx	hist	2	18	0	3269	6000	24
nist-docx-0014	docx	hist	3	18	0	3082	5956	24
nist-docx-0014	docx	hist	4	18	0	3234	5964	24
nist-docx-0014	docx	hist	5	18	0	3448	6068	24
nist-docx-0014	docx	vole	0	18	0	4669	11272	24
nist-docx-0014	docx	vole	1	18	0	4669	11272	24
nist-docx-0014	docx	vole	2	18	0	4669	11272	24
nist-docx-0014	docx	vole	3	18	0	4669	11272	24
nist-docx-0014	docx	vole	4	18	0	4669	11272	24
nist-docx-0014	docx	vole	5	18	0	4669	11272	24
nist-docx-0014	docx	vole	0	19	0	4773	11272	24
nist-docx-0014	docx	vole	1	19	0	4773	11272	24
nist-docx-0014	docx	vole	2	19	0	4773	11272	24
nist-docx-0014	docx	vole	3	19	0	4773	11272	24
nist-docx-0014	docx	vole	4	19	0	4773	11272	24
nist-docx-0014	docx	vole	5	19	0	4773	11272	24
nist-docx-0014	docx	full	0	19	0	3654	6048	24
nist-docx-0014	docx	full	1	19	0	3354	6108	24
nist-docx-0014	docx	full	2	19	0	3446	6084	24
nist-docx-0014	docx	full	3	19	0	3365	6132	24
nist-docx-0014	docx	full	4	19	0	3556	6116	24
nist-docx-0014	docx	full	5	19	0	3514	6120	24
nist-docx-0014	docx	adaptive	0	19	0	3010	5924	24
nist-docx-0014	docx	adaptive	1	19	0	3163	6068	24
nist-docx-0014	docx	adaptive	2	19	0	3788	6064	24
nist-docx-0014	docx	adaptive	3	19	0	4552	6008	24
nist-docx-0014	docx	adaptive	4	19	0	4142	6172	24
nist-docx-0014	docx	adaptive	5	19	0	3709	6148	24
nist-docx-0014	docx	hist	0	19	0	2813	5832	24
nist-docx-0014	docx	hist	1	19	0	2822	5832	24
nist-docx-0014	docx	hist	2	19	0	3222	6000	24
nist-docx-0014	docx	hist	3	19	0	3255	5956	24
nist-docx-0014	docx	hist	4	19	0	3295	5964	24
nist-docx-0014	docx	hist	5	19	0	3372	6068	24
nist-docx-0014	docx	full	0	20	0	3026	6048	24
nist-docx-0014	docx	full	1	20	0	3157	6108	24
nist-docx-0014	docx	full	2	20	0	3599	6084	24
nist-docx-0014	docx	full	3	20	0	3509	6132	24
nist-docx-0014	docx	full	4	20	0	3790	6116	24
nist-docx-0014	docx	full	5	20	0	4012	6120	24
nist-docx-0014	docx	adaptive	0	20	0	3283	5924	24
nist-docx-0014	docx	adaptive	1	20	0	3398	6068	24
nist-docx-0014	docx	adaptive	2	20	0	3583	6064	24
nist-docx-0014	docx	adaptive	3	20	0	3400	6008	24
nist-docx-0014	docx	adaptive	4	20	0	3739	6172	24
nist-docx-0014	docx	adaptive	5	20	0	3602	6148	24
nist-docx-0014	docx	hist	0	20	0	2849	5832	24
nist-docx-0014	docx	hist	1	20	0	2976	5832	24
nist-docx-0014	docx	hist	2	20	0	3069	6000	24
nist-docx-0014	docx	hist	3	20	0	3163	5956	24
nist-docx-0014	docx	hist	4	20	0	3363	5964	24
nist-docx-0014	docx	hist	5	20	0	3207	6068	24
nist-docx-0014	docx	vole	0	20	0	4471	11272	24
nist-docx-0014	docx	vole	1	20	0	4471	11272	24
nist-docx-0014	docx	vole	2	20	0	4471	11272	24
nist-docx-0014	docx	vole	3	20	0	4471	11272	24
nist-docx-0014	docx	vole	4	20	0	4471	11272	24
nist-docx-0014	docx	vole	5	20	0	4471	11272	24
nist-docx-0014	docx	vole	0	21	0	4413	11272	24
nist-docx-0014	docx	vole	1	21	0	4413	11272	24
nist-docx-0014	docx	vole	2	21	0	4413	11272	24
nist-docx-0014	docx	vole	3	21	0	4413	11272	24
nist-docx-0014	docx	vole	4	21	0	4413	11272	24
nist-docx-0014	docx	vole	5	21	0	4413	11272	24
nist-docx-0014	docx	full	0	21	0	3475	6048	24
nist-docx-0014	docx	full	1	21	0	3390	6108	24
nist-docx-0014	docx	full	2	21	0	3438	6084	24
nist-docx-0014	docx	full	3	21	0	4775	6132	24
nist-docx-0014	docx	full	4	21	0	3986	6116	24
nist-docx-0014	docx	full	5	21	0	4058	6120	24
nist-docx-0014	docx	adaptive	0	21	0	3372	5924	24
nist-docx-0014	docx	adaptive	1	21	0	3487	6068	24
nist-docx-0014	docx	adaptive	2	21	0	3777	6064	24
nist-docx-0014	docx	adaptive	3	21	0	3431	6008	24
nist-docx-0014	docx	adaptive	4	21	0	3601	6172	24
nist-docx-0014	docx	adaptive	5	21	0	3936	6148	24
nist-docx-0014	docx	hist	0	21	0	3129	5832	24
nist-docx-0014	docx	hist	1	21	0	3164	5832	24
nist-docx-0014	docx	hist	2	21	0	3304	6000	24
nist-docx-0014	docx	hist	3	21	0	3093	5956	24
nist-docx-0014	docx	hist	4	21	0	3338	5964	24
nist-docx-0014	docx	hist	5	21	0	3759	6068	24
nist-docx-0014	docx	full	0	22	0	3234	6048	24
nist-docx-0014	docx	full	1	22	0	3346	6108	24
nist-docx-0014	docx	full	2	22	0	3677	6084	24
nist-docx-0014	docx	full	3	22	0	3625	6132	24
nist-docx-0014	docx	full	4	22	0	3810	6116	24
nist-docx-0014	docx	full	5	22	0	3637	6120	24
nist-docx-0014	docx	adaptive	0	22	0	3161	5924	24
nist-docx-0014	docx	adaptive	1	22	0	3037	6068	24
nist-docx-0014	docx	adaptive	2	22	0	3478	6064	24
nist-docx-0014	docx	adaptive	3	22	0	3392	6008	24
nist-docx-0014	docx	adaptive	4	22	0	3597	6172	24
nist-docx-0014	docx	adaptive	5	22	0	3617	6148	24
nist-docx-0014	docx	hist	0	22	0	2804	5832	24
nist-docx-0014	docx	hist	1	22	0	3070	5832	24
nist-docx-0014	docx	hist	2	22	0	3131	6000	24
nist-docx-0014	docx	hist	3	22	0	3324	5956	24
nist-docx-0014	docx	hist	4	22	0	3309	5964	24
nist-docx-0014	docx	hist	5	22	0	3286	6068	24
nist-docx-0014	docx	vole	0	22	0	4729	11272	24
nist-docx-0014	docx	vole	1	22	0	4729	11272	24
nist-docx-0014	docx	vole	2	22	0	4729	11272	24
nist-docx-0014	docx	vole	3	22	0	4729	11272	24
nist-docx-0014	docx	vole	4	22	0	4729	11272	24
nist-docx-0014	docx	vole	5	22	0	4729	11272	24
nist-docx-0014	docx	vole	0	23	0	4707	11272	24
nist-docx-0014	docx	vole	1	23	0	4707	11272	24
nist-docx-0014	docx	vole	2	23	0	4707	11272	24
nist-docx-0014	docx	vole	3	23	0	4707	11272	24
nist-docx-0014	docx	vole	4	23	0	4707	11272	24
nist-docx-0014	docx	vole	5	23	0	4707	11272	24
nist-docx-0014	docx	full	0	23	0	4493	6048	24
nist-docx-0014	docx	full	1	23	0	4004	6108	24
nist-docx-0014	docx	full	2	23	0	3698	6084	24
nist-docx-0014	docx	full	3	23	0	3549	6132	24
nist-docx-0014	docx	full	4	23	0	3666	6116	24
nist-docx-0014	docx	full	5	23	0	3559	6120	24
nist-docx-0014	docx	adaptive	0	23	0	3166	5924	24
nist-docx-0014	docx	adaptive	1	23	0	3159	6068	24
nist-docx-0014	docx	adaptive	2	23	0	3745	6064	24
nist-docx-0014	docx	adaptive	3	23	0	3538	6008	24
nist-docx-0014	docx	adaptive	4	23	0	4019	6172	24
nist-docx-0014	docx	adaptive	5	23	0	3811	6148	24
nist-docx-0014	docx	hist	0	23	0	2820	5832	24
nist-docx-0014	docx	hist	1	23	0	3017	5832	24
nist-docx-0014	docx	hist	2	23	0	3026	6000	24
nist-docx-0014	docx	hist	3	23	0	3060	5956	24
nist-docx-0014	docx	hist	4	23	0	3390	5964	24
nist-docx-0014	docx	hist	5	23	0	3384	6068	24
nist-docx-0014	docx	full	0	24	0	3054	6048	24
nist-docx-0014	docx	full	1	24	0	3442	6108	24
nist-docx-0014	docx	full	2	24	0	3705	6084	24
nist-docx-0014	docx	full	3	24	0	3629	6132	24
nist-docx-0014	docx	full	4	24	0	3803	6116	24
nist-docx-0014	docx	full	5	24	0	3888	6120	24
nist-docx-0014	docx	adaptive	0	24	0	3075	5924	24
nist-docx-0014	docx	adaptive	1	24	0	3280	6068	24
nist-docx-0014	docx	adaptive	2	24	0	3689	6064	24
nist-docx-0014	docx	adaptive	3	24	0	3426	6008	24
nist-docx-0014	docx	adaptive	4	24	0	3539	6172	24
nist-docx-0014	docx	adaptive	5	24	0	3522	6148	24
nist-docx-0014	docx	hist	0	24	0	2862	5832	24
nist-docx-0014	docx	hist	1	24	0	2849	5832	24
nist-docx-0014	docx	hist	2	24	0	2894	6000	24
nist-docx-0014	docx	hist	3	24	0	3009	5956	24
nist-docx-0014	docx	hist	4	24	0	3507	5964	24
nist-docx-0014	docx	hist	5	24	0	3496	6068	24
nist-docx-0014	docx	vole	0	24	0	4700	11272	24
nist-docx-0014	docx	vole	1	24	0	4700	11272	24
nist-docx-0014	docx	vole	2	24	0	4700	11272	24
nist-docx-0014	docx	vole	3	24	0	4700	11272	24
nist-docx-0014	docx	vole	4	24	0	4700	11272	24
nist-docx-0014	docx	vole	5	24	0	4700	11272	24
nist-docx-0014	docx	vole	0	25	0	4679	11272	24
nist-docx-0014	docx	vole	1	25	0	4679	11272	24
nist-docx-0014	docx	vole	2	25	0	4679	11272	24
nist-docx-0014	docx	vole	3	25	0	4679	11272	24
nist-docx-0014	docx	vole	4	25	0	4679	11272	24
nist-docx-0014	docx	vole	5	25	0	4679	11272	24
nist-docx-0014	docx	full	0	25	0	3670	6048	24
nist-docx-0014	docx	full	1	25	0	3146	6108	24
nist-docx-0014	docx	full	2	25	0	3430	6084	24
nist-docx-0014	docx	full	3	25	0	3460	6132	24
nist-docx-0014	docx	full	4	25	0	4773	6116	24
nist-docx-0014	docx	full	5	25	0	4188	6120	24
nist-docx-0014	docx	adaptive	0	25	0	3561	5924	24
nist-docx-0014	docx	adaptive	1	25	0	3462	6068	24
nist-docx-0014	docx	adaptive	2	25	0	3520	6064	24
nist-docx-0014	docx	adaptive	3	25	0	3443	6008	24
nist-docx-0014	docx	adaptive	4	25	0	3539	6172	24
nist-docx-0014	docx	adaptive	5	25	0	3615	6148	24
nist-docx-0014	docx	hist	0	25	0	2821	5832	24
nist-docx-0014	docx	hist	1	25	0	3118	5832	24
nist-docx-0014	docx	hist	2	25	0	3161	6000	24
nist-docx-0014	docx	hist	3	25	0	3046	5956	24
nist-docx-0014	docx	hist	4	25	0	3431	5964	24
nist-docx-0014	docx	hist	5	25	0	4406	6068	24
nist-epub-0003	epub	vole	0	1	0	5530	4992	24
nist-epub-0003	epub	vole	1	1	0	5530	4992	24
nist-epub-0003	epub	vole	2	1	0	5530	4992	24
nist-epub-0003	epub	vole	3	1	0	5530	4992	24
nist-epub-0003	epub	vole	4	1	0	5530	4992	24
nist-epub-0003	epub	vole	5	1	0	5530	4992	24
nist-epub-0003	epub	full	0	1	0	2872	4152	24
nist-epub-0003	epub	full	1	1	0	2889	4112	24
nist-epub-0003	epub	full	2	1	0	3096	4244	24
nist-epub-0003	epub	full	3	1	0	3102	4244	24
nist-epub-0003	epub	full	4	1	0	3372	4264	24
nist-epub-0003	epub	full	5	1	0	3338	4248	24
nist-epub-0003	epub	adaptive	0	1	0	2599	3808	24
nist-epub-0003	epub	adaptive	1	1	0	2626	4164	24
nist-epub-0003	epub	adaptive	2	1	0	3166	4200	24
nist-epub-0003	epub	adaptive	3	1	0	3075	4192	24
nist-epub-0003	epub	adaptive	4	1	0	3352	4312	24
nist-epub-0003	epub	adaptive	5	1	0	3230	4360	24
nist-epub-0003	epub	hist	0	1	0	2382	3996	24
nist-epub-0003	epub	hist	1	1	0	2494	4064	24
nist-epub-0003	epub	hist	2	1	0	2622	4120	24
nist-epub-0003	epub	hist	3	1	0	2604	4044	24
nist-epub-0003	epub	hist	4	1	0	2901	4156	24
nist-epub-0003	epub	hist	5	1	0	3344	4064	24
nist-epub-0003	epub	full	0	2	0	2554	4152	24
nist-epub-0003	epub	full	1	2	0	2740	4112	24
nist-epub-0003	epub	full	2	2	0	3029	4244	24
nist-epub-0003	epub	full	3	2	0	3119	4244	24
nist-epub-0003	epub	full	4	2	0	3238	4264	24
nist-epub-0003	epub	full	5	2	0	3169	4248	24
nist-epub-0003	epub	adaptive	0	2	0	2479	3808	24
nist-epub-0003	epub	adaptive	1	2	0	2623	4164	24
nist-epub-0003	epub	adaptive	2	2	0	2984	4200	24
nist-epub-0003	epub	adaptive	3	2	0	3968	4192	24
nist-epub-0003	epub	adaptive	4	2	0	3315	4312	24
nist-epub-0003	epub	adaptive	5	2	0	3267	4360	24
nist-epub-0003	epub	hist	0	2	0	2351	3996	24
nist-epub-0003	epub	hist	1	2	0	2472	4064	24
nist-epub-0003	epub	hist	2	2	0	2802	4120	24
nist-epub-0003	epub	hist	3	2	0	2851	4044	24
nist-epub-0003	epub	hist	4	2	0	3031	4156	24
nist-epub-0003	epub	hist	5	2	0	3072	4064	24
nist-epub-0003	epub	vole	0	2	0	5327	4992	24
nist-epub-0003	epub	vole	1	2	0	5327	4992	24
nist-epub-0003	epub	vole	2	2	0	5327	4992	24
nist-epub-0003	epub	vole	3	2	0	5327	4992	24
nist-epub-0003	epub	vole	4	2	0	5327	4992	24
nist-epub-0003	epub	vole	5	2	0	5327	4992	24
nist-epub-0003	epub	vole	0	3	0	5244	4992	24
nist-epub-0003	epub	vole	1	3	0	5244	4992	24
nist-epub-0003	epub	vole	2	3	0	5244	4992	24
nist-epub-0003	epub	vole	3	3	0	5244	4992	24
nist-epub-0003	epub	vole	4	3	0	5244	4992	24
nist-epub-0003	epub	vole	5	3	0	5244	4992	24
nist-epub-0003	epub	full	0	3	0	2820	4152	24
nist-epub-0003	epub	full	1	3	0	2667	4112	24
nist-epub-0003	epub	full	2	3	0	3105	4244	24
nist-epub-0003	epub	full	3	3	0	3043	4244	24
nist-epub-0003	epub	full	4	3	0	3185	4264	24
nist-epub-0003	epub	full	5	3	0	3373	4248	24
nist-epub-0003	epub	adaptive	0	3	0	2583	3808	24
nist-epub-0003	epub	adaptive	1	3	0	2617	4164	24
nist-epub-0003	epub	adaptive	2	3	0	3156	4200	24
nist-epub-0003	epub	adaptive	3	3	0	3015	4192	24
nist-epub-0003	epub	adaptive	4	3	0	3284	4312	24
nist-epub-0003	epub	adaptive	5	3	0	3214	4360	24
nist-epub-0003	epub	hist	0	3	0	2332	3996	24
nist-epub-0003	epub	hist	1	3	0	2550	4064	24
nist-epub-0003	epub	hist	2	3	0	2799	4120	24
nist-epub-0003	epub	hist	3	3	0	2893	4044	24
nist-epub-0003	epub	hist	4	3	0	2974	4156	24
nist-epub-0003	epub	hist	5	3	0	3193	4064	24
nist-epub-0003	epub	full	0	4	0	2533	4152	24
nist-epub-0003	epub	full	1	4	0	2630	4112	24
nist-epub-0003	epub	full	2	4	0	4273	4244	24
nist-epub-0003	epub	full	3	4	0	3434	4244	24
nist-epub-0003	epub	full	4	4	0	3510	4264	24
nist-epub-0003	epub	full	5	4	0	3517	4248	24
nist-epub-0003	epub	adaptive	0	4	0	2495	3808	24
nist-epub-0003	epub	adaptive	1	4	0	2651	4164	24
nist-epub-0003	epub	adaptive	2	4	0	3105	4200	24
nist-epub-0003	epub	adaptive	3	4	0	3068	4192	24
nist-epub-0003	epub	adaptive	4	4	0	3165	4312	24
nist-epub-0003	epub	adaptive	5	4	0	3194	4360	24
nist-epub-0003	epub	hist	0	4	0	2388	3996	24
nist-epub-0003	epub	hist	1	4	0	2415	4064	24
nist-epub-0003	epub	hist	2	4	0	2799	4120	24
nist-epub-0003	epub	hist	3	4	0	2787	4044	24
nist-epub-0003	epub	hist	4	4	0	3208	4156	24
nist-epub-0003	epub	hist	5	4	0	3160	4064	24
nist-epub-0003	epub	vole	0	4	0	5435	4992	24
nist-epub-0003	epub	vole	1	4	0	5435	4992	24
nist-epub-0003	epub	vole	2	4	0	5435	4992	24
nist-epub-0003	epub	vole	3	4	0	5435	4992	24
nist-epub-0003	epub	vole	4	4	0	5435	4992	24
nist-epub-0003	epub	vole	5	4	0	5435	4992	24
nist-epub-0003	epub	vole	0	5	0	5189	4992	24
nist-epub-0003	epub	vole	1	5	0	5189	4992	24
nist-epub-0003	epub	vole	2	5	0	5189	4992	24
nist-epub-0003	epub	vole	3	5	0	5189	4992	24
nist-epub-0003	epub	vole	4	5	0	5189	4992	24
nist-epub-0003	epub	vole	5	5	0	5189	4992	24
nist-epub-0003	epub	full	0	5	0	2869	4152	24
nist-epub-0003	epub	full	1	5	0	2613	4112	24
nist-epub-0003	epub	full	2	5	0	3196	4244	24
nist-epub-0003	epub	full	3	5	0	3200	4244	24
nist-epub-0003	epub	full	4	5	0	3415	4264	24
nist-epub-0003	epub	full	5	5	0	3262	4248	24
nist-epub-0003	epub	adaptive	0	5	0	2519	3808	24
nist-epub-0003	epub	adaptive	1	5	0	2645	4164	24
nist-epub-0003	epub	adaptive	2	5	0	3064	4200	24
nist-epub-0003	epub	adaptive	3	5	0	3291	4192	24
nist-epub-0003	epub	adaptive	4	5	0	3263	4312	24
nist-epub-0003	epub	adaptive	5	5	0	3369	4360	24
nist-epub-0003	epub	hist	0	5	0	2318	3996	24
nist-epub-0003	epub	hist	1	5	0	2442	4064	24
nist-epub-0003	epub	hist	2	5	0	2755	4120	24
nist-epub-0003	epub	hist	3	5	0	2682	4044	24
nist-epub-0003	epub	hist	4	5	0	2913	4156	24
nist-epub-0003	epub	hist	5	5	0	2876	4064	24
nist-epub-0003	epub	full	0	6	0	2440	4152	24
nist-epub-0003	epub	full	1	6	0	2508	4112	24
nist-epub-0003	epub	full	2	6	0	3004	4244	24
nist-epub-0003	epub	full	3	6	0	3153	4244	24
nist-epub-0003	epub	full	4	6	0	3281	4264	24
nist-epub-0003	epub	full	5	6	0	3770	4248	24
nist-epub-0003	epub	adaptive	0	6	0	3068	3808	24
nist-epub-0003	epub	adaptive	1	6	0	2747	4164	24
nist-epub-0003	epub	adaptive	2	6	0	3262	4200	24
nist-epub-0003	epub	adaptive	3	6	0	3141	4192	24
nist-epub-0003	epub	adaptive	4	6	0	3355	4312	24
nist-epub-0003	epub	adaptive	5	6	0	3436	4360	24
nist-epub-0003	epub	hist	0	6	0	2526	3996	24
nist-epub-0003	epub	hist	1	6	0	2628	4064	24
nist-epub-0003	epub	hist	2	6	0	2849	4120	24
nist-epub-0003	epub	hist	3	6	0	2790	4044	24
nist-epub-0003	epub	hist	4	6	0	3222	4156	24
nist-epub-0003	epub	hist	5	6	0	3051	4064	24
nist-epub-0003	epub	vole	0	6	0	5287	4992	24
nist-epub-0003	epub	vole	1	6	0	5287	4992	24
nist-epub-0003	epub	vole	2	6	0	5287	4992	24
nist-epub-0003	epub	vole	3	6	0	5287	4992	24
nist-epub-0003	epub	vole	4	6	0	5287	4992	24
nist-epub-0003	epub	vole	5	6	0	5287	4992	24
nist-epub-0003	epub	vole	0	7	0	5399	4992	24
nist-epub-0003	epub	vole	1	7	0	5399	4992	24
nist-epub-0003	epub	vole	2	7	0	5399	4992	24
nist-epub-0003	epub	vole	3	7	0	5399	4992	24
nist-epub-0003	epub	vole	4	7	0	5399	4992	24
nist-epub-0003	epub	vole	5	7	0	5399	4992	24
nist-epub-0003	epub	full	0	7	0	2728	4152	24
nist-epub-0003	epub	full	1	7	0	2603	4112	24
nist-epub-0003	epub	full	2	7	0	2944	4244	24
nist-epub-0003	epub	full	3	7	0	3059	4244	24
nist-epub-0003	epub	full	4	7	0	3166	4264	24
nist-epub-0003	epub	full	5	7	0	3190	4248	24
nist-epub-0003	epub	adaptive	0	7	0	3167	3808	24
nist-epub-0003	epub	adaptive	1	7	0	2662	4164	24
nist-epub-0003	epub	adaptive	2	7	0	3074	4200	24
nist-epub-0003	epub	adaptive	3	7	0	3147	4192	24
nist-epub-0003	epub	adaptive	4	7	0	3222	4312	24
nist-epub-0003	epub	adaptive	5	7	0	3181	4360	24
nist-epub-0003	epub	hist	0	7	0	2349	3996	24
nist-epub-0003	epub	hist	1	7	0	2469	4064	24
nist-epub-0003	epub	hist	2	7	0	2809	4120	24
nist-epub-0003	epub	hist	3	7	0	2887	4044	24
nist-epub-0003	epub	hist	4	7	0	3123	4156	24
nist-epub-0003	epub	hist	5	7	0	3175	4064	24
nist-epub-0003	epub	full	0	8	0	2657	4152	24
nist-epub-0003	epub	full	1	8	0	2723	4112	24
nist-epub-0003	epub	full	2	8	0	3314	4244	24
nist-epub-0003	epub	full	3	8	0	3867	4244	24
nist-epub-0003	epub	full	4	8	0	3637	4264	24
nist-epub-0003	epub	full	5	8	0	3262	4248	24
nist-epub-0003	epub	adaptive	0	8	0	2845	3808	24
nist-epub-0003	epub	adaptive	1	8	0	2848	4164	24
nist-epub-0003	epub	adaptive	2	8	0	3068	4200	24
nist-epub-0003	epub	adaptive	3	8	0	3176	4192	24
nist-epub-0003	epub	adaptive	4	8	0	3395	4312	24
nist-epub-0003	epub	adaptive	5	8	0	3266	4360	24
nist-epub-0003	epub	hist	0	8	0	2576	3996	24
nist-epub-0003	epub	hist	1	8	0	2502	4064	24
nist-epub-0003	epub	hist	2	8	0	2737	4120	24
nist-epub-0003	epub	hist	3	8	0	2737	4044	24
nist-epub-0003	epub	hist	4	8	0	2895	4156	24
nist-epub-0003	epub	hist	5	8	0	2867	4064	24
nist-epub-0003	epub	vole	0	8	0	5322	4992	24
nist-epub-0003	epub	vole	1	8	0	5322	4992	24
nist-epub-0003	epub	vole	2	8	0	5322	4992	24
nist-epub-0003	epub	vole	3	8	0	5322	4992	24
nist-epub-0003	epub	vole	4	8	0	5322	4992	24
nist-epub-0003	epub	vole	5	8	0	5322	4992	24
nist-epub-0003	epub	vole	0	9	0	5233	4992	24
nist-epub-0003	epub	vole	1	9	0	5233	4992	24
nist-epub-0003	epub	vole	2	9	0	5233	4992	24
nist-epub-0003	epub	vole	3	9	0	5233	4992	24
nist-epub-0003	epub	vole	4	9	0	5233	4992	24
nist-epub-0003	epub	vole	5	9	0	5233	4992	24
nist-epub-0003	epub	full	0	9	0	2752	4152	24
nist-epub-0003	epub	full	1	9	0	2698	4112	24
nist-epub-0003	epub	full	2	9	0	3218	4244	24
nist-epub-0003	epub	full	3	9	0	3107	4244	24
nist-epub-0003	epub	full	4	9	0	3379	4264	24
nist-epub-0003	epub	full	5	9	0	3254	4248	24
nist-epub-0003	epub	adaptive	0	9	0	2501	3808	24
nist-epub-0003	epub	adaptive	1	9	0	2595	4164	24
nist-epub-0003	epub	adaptive	2	9	0	3001	4200	24
nist-epub-0003	epub	adaptive	3	9	0	2990	4192	24
nist-epub-0003	epub	adaptive	4	9	0	3261	4312	24
nist-epub-0003	epub	adaptive	5	9	0	3267	4360	24
nist-epub-0003	epub	hist	0	9	0	2366	3996	24
nist-epub-0003	epub	hist	1	9	0	2467	4064	24
nist-epub-0003	epub	hist	2	9	0	2688	4120	24
nist-epub-0003	epub	hist	3	9	0	3919	4044	24
nist-epub-0003	epub	hist	4	9	0	3214	4156	24
nist-epub-0003	epub	hist	5	9	0	3198	4064	24
nist-epub-0003	epub	full	0	10	0	2471	4152	24
nist-epub-0003	epub	full	1	10	0	2602	4112	24
nist-epub-0003	epub	full	2	10	0	2920	4244	24
nist-epub-0003	epub	full	3	10	0	2920	4244	24
nist-epub-0003	epub	full	4	10	0	3209	4264	24
nist-epub-0003	epub	full	5	10	0	3241	4248	24
nist-epub-0003	epub	adaptive	0	10	0	2465	3808	24
nist-epub-0003	epub	adaptive	1	10	0	2638	4164	24
nist-epub-0003	epub	adaptive	2	10	0	3000	4200	24
nist-epub-0003	epub	adaptive	3	10	0	3006	4192	24
nist-epub-0003	epub	adaptive	4	10	0	3380	4312	24
nist-epub-0003	epub	adaptive	5	10	0	3387	4360	24
nist-epub-0003	epub	hist	0	10	0	2423	3996	24
nist-epub-0003	epub	hist	1	10	0	2565	4064	24
nist-epub-0003	epub	hist	2	10	0	2753	4120	24
nist-epub-0003	epub	hist	3	10	0	2852	4044	24
nist-epub-0003	epub	hist	4	10	0	2992	4156	24
nist-epub-0003	epub	hist	5	10	0	3231	4064	24
nist-epub-0003	epub	vole	0	10	0	5439	4992	24
nist-epub-0003	epub	vole	1	10	0	5439	4992	24
nist-epub-0003	epub	vole	2	10	0	5439	4992	24
nist-epub-0003	epub	vole	3	10	0	5439	4992	24
nist-epub-0003	epub	vole	4	10	0	5439	4992	24
nist-epub-0003	epub	vole	5	10	0	5439	4992	24
nist-epub-0003	epub	vole	0	11	0	5738	4992	24
nist-epub-0003	epub	vole	1	11	0	5738	4992	24
nist-epub-0003	epub	vole	2	11	0	5738	4992	24
nist-epub-0003	epub	vole	3	11	0	5738	4992	24
nist-epub-0003	epub	vole	4	11	0	5738	4992	24
nist-epub-0003	epub	vole	5	11	0	5738	4992	24
nist-epub-0003	epub	full	0	11	0	3421	4152	24
nist-epub-0003	epub	full	1	11	0	2801	4112	24
nist-epub-0003	epub	full	2	11	0	2992	4244	24
nist-epub-0003	epub	full	3	11	0	3000	4244	24
nist-epub-0003	epub	full	4	11	0	3415	4264	24
nist-epub-0003	epub	full	5	11	0	3260	4248	24
nist-epub-0003	epub	adaptive	0	11	0	2610	3808	24
nist-epub-0003	epub	adaptive	1	11	0	2570	4164	24
nist-epub-0003	epub	adaptive	2	11	0	3040	4200	24
nist-epub-0003	epub	adaptive	3	11	0	3065	4192	24
nist-epub-0003	epub	adaptive	4	11	0	3177	4312	24
nist-epub-0003	epub	adaptive	5	11	0	3749	4360	24
nist-epub-0003	epub	hist	0	11	0	2463	3996	24
nist-epub-0003	epub	hist	1	11	0	2550	4064	24
nist-epub-0003	epub	hist	2	11	0	2846	4120	24
nist-epub-0003	epub	hist	3	11	0	2909	4044	24
nist-epub-0003	epub	hist	4	11	0	3048	4156	24
nist-epub-0003	epub	hist	5	11	0	2956	4064	24
nist-epub-0003	epub	full	0	12	0	2608	4152	24
nist-epub-0003	epub	full	1	12	0	2491	4112	24
nist-epub-0003	epub	full	2	12	0	2974	4244	24
nist-epub-0003	epub	full	3	12	0	3402	4244	24
nist-epub-0003	epub	full	4	12	0	4018	4264	24
nist-epub-0003	epub	full	5	12	0	3670	4248	24
nist-epub-0003	epub	adaptive	0	12	0	2831	3808	24
nist-epub-0003	epub	adaptive	1	12	0	2658	4164	24
nist-epub-0003	epub	adaptive	2	12	0	3265	4200	24
nist-epub-0003	epub	adaptive	3	12	0	3143	4192	24
nist-epub-0003	epub	adaptive	4	12	0	3747	4312	24
nist-epub-0003	epub	adaptive	5	12	0	3257	4360	24
nist-epub-0003	epub	hist	0	12	0	2363	3996	24
nist-epub-0003	epub	hist	1	12	0	2382	4064	24
nist-epub-0003	epub	hist	2	12	0	2770	4120	24
nist-epub-0003	epub	hist	3	12	0	2808	4044	24
nist-epub-0003	epub	hist	4	12	0	3062	4156	24
nist-epub-0003	epub	hist	5	12	0	2923	4064	24
nist-epub-0003	epub	vole	0	12	0	5395	4992	24
nist-epub-0003	epub	vole	1	12	0	5395	4992	24
nist-epub-0003	epub	vole	2	12	0	5395	4992	24
nist-epub-0003	epub	vole	3	12	0	5395	4992	24
nist-epub-0003	epub	vole	4	12	0	5395	4992	24
nist-epub-0003	epub	vole	5	12	0	5395	4992	24
nist-epub-0003	epub	vole	0	13	0	5691	4992	24
nist-epub-0003	epub	vole	1	13	0	5691	4992	24
nist-epub-0003	epub	vole	2	13	0	5691	4992	24
nist-epub-0003	epub	vole	3	13	0	5691	4992	24
nist-epub-0003	epub	vole	4	13	0	5691	4992	24
nist-epub-0003	epub	vole	5	13	0	5691	4992	24
nist-epub-0003	epub	full	0	13	0	3206	4152	24
nist-epub-0003	epub	full	1	13	0	3115	4112	24
nist-epub-0003	epub	full	2	13	0	3289	4244	24
nist-epub-0003	epub	full	3	13	0	3074	4244	24
nist-epub-0003	epub	full	4	13	0	3352	4264	24
nist-epub-0003	epub	full	5	13	0	3321	4248	24
nist-epub-0003	epub	adaptive	0	13	0	2647	3808	24
nist-epub-0003	epub	adaptive	1	13	0	2631	4164	24
nist-epub-0003	epub	adaptive	2	13	0	3061	4200	24
nist-epub-0003	epub	adaptive	3	13	0	3158	4192	24
nist-epub-0003	epub	adaptive	4	13	0	3189	4312	24
nist-epub-0003	epub	adaptive	5	13	0	3253	4360	24
nist-epub-0003	epub	hist	0	13	0	2558	3996	24
nist-epub-0003	epub	hist	1	13	0	2454	4064	24
nist-epub-0003	epub	hist	2	13	0	2692	4120	24
nist-epub-0003	epub	hist	3	13	0	2816	4044	24
nist-epub-0003	epub	hist	4	13	0	3055	4156	24
nist-epub-0003	epub	hist	5	13	0	2975	4064	24
nist-epub-0003	epub	full	0	14	0	2441	4152	24
nist-epub-0003	epub	full	1	14	0	2526	4112	24
nist-epub-0003	epub	full	2	14	0	3019	4244	24
nist-epub-0003	epub	full	3	14	0	3056	4244	24
nist-epub-0003	epub	full	4	14	0	3293	4264	24
nist-epub-0003	epub	full	5	14	0	3418	4248	24
nist-epub-0003	epub	adaptive	0	14	0	2633	3808	24
nist-epub-0003	epub	adaptive	1	14	0	2686	4164	24
nist-epub-0003	epub	adaptive	2	14	0	3069	4200	24
nist-epub-0003	epub	adaptive	3	14	0	3018	4192	24
nist-epub-0003	epub	adaptive	4	14	0	3351	4312	24
nist-epub-0003	epub	adaptive	5	14	0	3281	4360	24
nist-epub-0003	epub	hist	0	14	0	2317	3996	24
nist-epub-0003	epub	hist	1	14	0	2567	4064	24
nist-epub-0003	epub	hist	2	14	0	2647	4120	24
nist-epub-0003	epub	hist	3	14	0	2776	4044	24
nist-epub-0003	epub	hist	4	14	0	3137	4156	24
nist-epub-0003	epub	hist	5	14	0	2948	4064	24
nist-epub-0003	epub	vole	0	14	0	5325	4992	24
nist-epub-0003	epub	vole	1	14	0	5325	4992	24
nist-epub-0003	epub	vole	2	14	0	5325	4992	24
nist-epub-0003	epub	vole	3	14	0	5325	4992	24
nist-epub-0003	epub	vole	4	14	0	5325	4992	24
nist-epub-0003	epub	vole	5	14	0	5325	4992	24
nist-epub-0003	epub	vole	0	15	0	5319	4992	24
nist-epub-0003	epub	vole	1	15	0	5319	4992	24
nist-epub-0003	epub	vole	2	15	0	5319	4992	24
nist-epub-0003	epub	vole	3	15	0	5319	4992	24
nist-epub-0003	epub	vole	4	15	0	5319	4992	24
nist-epub-0003	epub	vole	5	15	0	5319	4992	24
nist-epub-0003	epub	full	0	15	0	2842	4152	24
nist-epub-0003	epub	full	1	15	0	2641	4112	24
nist-epub-0003	epub	full	2	15	0	3265	4244	24
nist-epub-0003	epub	full	3	15	0	3138	4244	24
nist-epub-0003	epub	full	4	15	0	3233	4264	24
nist-epub-0003	epub	full	5	15	0	3282	4248	24
nist-epub-0003	epub	adaptive	0	15	0	2490	3808	24
nist-epub-0003	epub	adaptive	1	15	0	2570	4164	24
nist-epub-0003	epub	adaptive	2	15	0	3014	4200	24
nist-epub-0003	epub	adaptive	3	15	0	3062	4192	24
nist-epub-0003	epub	adaptive	4	15	0	3277	4312	24
nist-epub-0003	epub	adaptive	5	15	0	3128	4360	24
nist-epub-0003	epub	hist	0	15	0	2275	3996	24
nist-epub-0003	epub	hist	1	15	0	2287	4064	24
nist-epub-0003	epub	hist	2	15	0	2816	4120	24
nist-epub-0003	epub	hist	3	15	0	2889	4044	24
nist-epub-0003	epub	hist	4	15	0	2938	4156	24
nist-epub-0003	epub	hist	5	15	0	3033	4064	24
nist-epub-0003	epub	full	0	16	0	2533	4152	24
nist-epub-0003	epub	full	1	16	0	2549	4112	24
nist-epub-0003	epub	full	2	16	0	3042	4244	24
nist-epub-0003	epub	full	3	16	0	3110	4244	24
nist-epub-0003	epub	full	4	16	0	3116	4264	24
nist-epub-0003	epub	full	5	16	0	3365	4248	24
nist-epub-0003	epub	adaptive	0	16	0	2568	3808	24
nist-epub-0003	epub	adaptive	1	16	0	3026	4164	24
nist-epub-0003	epub	adaptive	2	16	0	3313	4200	24
nist-epub-0003	epub	adaptive	3	16	0	3155	4192	24
nist-epub-0003	epub	adaptive	4	16	0	3512	4312	24
nist-epub-0003	epub	adaptive	5	16	0	3476	4360	24
nist-epub-0003	epub	hist	0	16	0	2475	3996	24
nist-epub-0003	epub	hist	1	16	0	2540	4064	24
nist-epub-0003	epub	hist	2	16	0	3051	4120	24
nist-epub-0003	epub	hist	3	16	0	2802	4044	24
nist-epub-0003	epub	hist	4	16	0	3058	4156	24
nist-epub-0003	epub	hist	5	16	0	2936	4064	24
nist-epub-0003	epub	vole	0	16	0	5212	4992	24
nist-epub-0003	epub	vole	1	16	0	5212	4992	24
nist-epub-0003	epub	vole	2	16	0	5212	4992	24
nist-epub-0003	epub	vole	3	16	0	5212	4992	24
nist-epub-0003	epub	vole	4	16	0	5212	4992	24
nist-epub-0003	epub	vole	5	16	0	5212	4992	24
nist-epub-0003	epub	vole	0	17	0	5317	4992	24
nist-epub-0003	epub	vole	1	17	0	5317	4992	24
nist-epub-0003	epub	vole	2	17	0	5317	4992	24
nist-epub-0003	epub	vole	3	17	0	5317	4992	24
nist-epub-0003	epub	vole	4	17	0	5317	4992	24
nist-epub-0003	epub	vole	5	17	0	5317	4992	24
nist-epub-0003	epub	full	0	17	0	2834	4152	24
nist-epub-0003	epub	full	1	17	0	2577	4112	24
nist-epub-0003	epub	full	2	17	0	2991	4244	24
nist-epub-0003	epub	full	3	17	0	3139	4244	24
nist-epub-0003	epub	full	4	17	0	3282	4264	24
nist-epub-0003	epub	full	5	17	0	3334	4248	24
nist-epub-0003	epub	adaptive	0	17	0	2505	3808	24
nist-epub-0003	epub	adaptive	1	17	0	2628	4164	24
nist-epub-0003	epub	adaptive	2	17	0	3072	4200	24
nist-epub-0003	epub	adaptive	3	17	0	3102	4192	24
nist-epub-0003	epub	adaptive	4	17	0	3243	4312	24
nist-epub-0003	epub	adaptive	5	17	0	3278	4360	24
nist-epub-0003	epub	hist	0	17	0	2369	3996	24
nist-epub-0003	epub	hist	1	17	0	2579	4064	24
nist-epub-0003	epub	hist	2	17	0	2778	4120	24
nist-epub-0003	epub	hist	3	17	0	2928	4044	24
nist-epub-0003	epub	hist	4	17	0	2990	4156	24
nist-epub-0003	epub	hist	5	17	0	2994	4064	24
nist-epub-0003	epub	full	0	18	0	2697	4152	24
nist-epub-0003	epub	full	1	18	0	2562	4112	24
nist-epub-0003	epub	full	2	18	0	3140	4244	24
nist-epub-0003	epub	full	3	18	0	3192	4244	24
nist-epub-0003	epub	full	4	18	0	3606	4264	24
nist-epub-0003	epub	full	5	18	0	4096	4248	24
nist-epub-0003	epub	adaptive	0	18	0	2783	3808	24
nist-epub-0003	epub	adaptive	1	18	0	2929	4164	24
nist-epub-0003	epub	adaptive	2	18	0	3126	4200	24
nist-epub-0003	epub	adaptive	3	18	0	3052	4192	24
nist-epub-0003	epub	adaptive	4	18	0	3305	4312	24
nist-epub-0003	epub	adaptive	5	18	0	3319	4360	24
nist-epub-0003	epub	hist	0	18	0	2451	3996	24
nist-epub-0003	epub	hist	1	18	0	2406	4064	24
nist-epub-0003	epub	hist	2	18	0	2645	4120	24
nist-epub-0003	epub	hist	3	18	0	2877	4044	24
nist-epub-0003	epub	hist	4	18	0	2925	4156	24
nist-epub-0003	epub	hist	5	18	0	2901	4064	24
nist-epub-0003	epub	vole	0	18	0	5281	4992	24
nist-epub-0003	epub	vole	1	18	0	5281	4992	24
nist-epub-0003	epub	vole	2	18	0	5281	4992	24
nist-epub-0003	epub	vole	3	18	0	5281	4992	24
nist-epub-0003	epub	vole	4	18	0	5281	4992	24
nist-epub-0003	epub	vole	5	18	0	5281	4992	24
nist-epub-0003	epub	vole	0	19	0	5278	4992	24
nist-epub-0003	epub	vole	1	19	0	5278	4992	24
nist-epub-0003	epub	vole	2	19	0	5278	4992	24
nist-epub-0003	epub	vole	3	19	0	5278	4992	24
nist-epub-0003	epub	vole	4	19	0	5278	4992	24
nist-epub-0003	epub	vole	5	19	0	5278	4992	24
nist-epub-0003	epub	full	0	19	0	2790	4152	24
nist-epub-0003	epub	full	1	19	0	2853	4112	24
nist-epub-0003	epub	full	2	19	0	3091	4244	24
nist-epub-0003	epub	full	3	19	0	3106	4244	24
nist-epub-0003	epub	full	4	19	0	3218	4264	24
nist-epub-0003	epub	full	5	19	0	3172	4248	24
nist-epub-0003	epub	adaptive	0	19	0	2549	3808	24
nist-epub-0003	epub	adaptive	1	19	0	2680	4164	24
nist-epub-0003	epub	adaptive	2	19	0	3110	4200	24
nist-epub-0003	epub	adaptive	3	19	0	2988	4192	24
nist-epub-0003	epub	adaptive	4	19	0	3157	4312	24
nist-epub-0003	epub	adaptive	5	19	0	3240	4360	24
nist-epub-0003	epub	hist	0	19	0	2350	3996	24
nist-epub-0003	epub	hist	1	19	0	2353	4064	24
nist-epub-0003	epub	hist	2	19	0	2661	4120	24
nist-epub-0003	epub	hist	3	19	0	2831	4044	24
nist-epub-0003	epub	hist	4	19	0	3001	4156	24
nist-epub-0003	epub	hist	5	19	0	3132	4064	24
nist-epub-0003	epub	full	0	20	0	2493	4152	24
nist-epub-0003	epub	full	1	20	0	2648	4112	24
nist-epub-0003	epub	full	2	20	0	3049	4244	24
nist-epub-0003	epub	full	3	20	0	2935	4244	24
nist-epub-0003	epub	full	4	20	0	3266	4264	24
nist-epub-0003	epub	full	5	20	0	3341	4248	24
nist-epub-0003	epub	adaptive	0	20	0	2453	3808	24
nist-epub-0003	epub	adaptive	1	20	0	2465	4164	24
nist-epub-0003	epub	adaptive	2	20	0	3256	4200	24
nist-epub-0003	epub	adaptive	3	20	0	3195	4192	24
nist-epub-0003	epub	adaptive	4	20	0	3267	4312	24
nist-epub-0003	epub	adaptive	5	20	0	3421	4360	24
nist-epub-0003	epub	hist	0	20	0	2410	3996	24
nist-epub-0003	epub	hist	1	20	0	2567	4064	24
nist-epub-0003	epub	hist	2	20	0	2757	4120	24
nist-epub-0003	epub	hist	3	20	0	2866	4044	24
nist-epub-0003	epub	hist	4	20	0	3509	4156	24
nist-epub-0003	epub	hist	5	20	0	3400	4064	24
nist-epub-0003	epub	vole	0	20	0	5450	4992	24
nist-epub-0003	epub	vole	1	20	0	5450	4992	24
nist-epub-0003	epub	vole	2	20	0	5450	4992	24
nist-epub-0003	epub	vole	3	20	0	5450	4992	24
nist-epub-0003	epub	vole	4	20	0	5450	4992	24
nist-epub-0003	epub	vole	5	20	0	5450	4992	24
nist-epub-0003	epub	vole	0	21	0	5473	4992	24
nist-epub-0003	epub	vole	1	21	0	5473	4992	24
nist-epub-0003	epub	vole	2	21	0	5473	4992	24
nist-epub-0003	epub	vole	3	21	0	5473	4992	24
nist-epub-0003	epub	vole	4	21	0	5473	4992	24
nist-epub-0003	epub	vole	5	21	0	5473	4992	24
nist-epub-0003	epub	full	0	21	0	2622	4152	24
nist-epub-0003	epub	full	1	21	0	2602	4112	24
nist-epub-0003	epub	full	2	21	0	3033	4244	24
nist-epub-0003	epub	full	3	21	0	3140	4244	24
nist-epub-0003	epub	full	4	21	0	3359	4264	24
nist-epub-0003	epub	full	5	21	0	3223	4248	24
nist-epub-0003	epub	adaptive	0	21	0	2590	3808	24
nist-epub-0003	epub	adaptive	1	21	0	2672	4164	24
nist-epub-0003	epub	adaptive	2	21	0	2944	4200	24
nist-epub-0003	epub	adaptive	3	21	0	3050	4192	24
nist-epub-0003	epub	adaptive	4	21	0	3176	4312	24
nist-epub-0003	epub	adaptive	5	21	0	3224	4360	24
nist-epub-0003	epub	hist	0	21	0	2317	3996	24
nist-epub-0003	epub	hist	1	21	0	2331	4064	24
nist-epub-0003	epub	hist	2	21	0	2837	4120	24
nist-epub-0003	epub	hist	3	21	0	2692	4044	24
nist-epub-0003	epub	hist	4	21	0	2953	4156	24
nist-epub-0003	epub	hist	5	21	0	2919	4064	24
nist-epub-0003	epub	full	0	22	0	2546	4152	24
nist-epub-0003	epub	full	1	22	0	2495	4112	24
nist-epub-0003	epub	full	2	22	0	2906	4244	24
nist-epub-0003	epub	full	3	22	0	2954	4244	24
nist-epub-0003	epub	full	4	22	0	3057	4264	24
nist-epub-0003	epub	full	5	22	0	3284	4248	24
nist-epub-0003	epub	adaptive	0	22	0	2474	3808	24
nist-epub-0003	epub	adaptive	1	22	0	2544	4164	24
nist-epub-0003	epub	adaptive	2	22	0	3240	4200	24
nist-epub-0003	epub	adaptive	3	22	0	3201	4192	24
nist-epub-0003	epub	adaptive	4	22	0	3392	4312	24
nist-epub-0003	epub	adaptive	5	22	0	3707	4360	24
nist-epub-0003	epub	hist	0	22	0	2902	3996	24
nist-epub-0003	epub	hist	1	22	0	2566	4064	24
nist-epub-0003	epub	hist	2	22	0	2994	4120	24
nist-epub-0003	epub	hist	3	22	0	2810	4044	24
nist-epub-0003	epub	hist	4	22	0	3047	4156	24
nist-epub-0003	epub	hist	5	22	0	2963	4064	24
nist-epub-0003	epub	vole	0	22	0	5342	4992	24
nist-epub-0003	epub	vole	1	22	0	5342	4992	24
nist-epub-0003	epub	vole	2	22	0	5342	4992	24
nist-epub-0003	epub	vole	3	22	0	5342	4992	24
nist-epub-0003	epub	vole	4	22	0	5342	4992	24
nist-epub-0003	epub	vole	5	22	0	5342	4992	24
nist-epub-0003	epub	vole	0	23	0	5395	4992	24
nist-epub-0003	epub	vole	1	23	0	5395	4992	24
nist-epub-0003	epub	vole	2	23	0	5395	4992	24
nist-epub-0003	epub	vole	3	23	0	5395	4992	24
nist-epub-0003	epub	vole	4	23	0	5395	4992	24
nist-epub-0003	epub	vole	5	23	0	5395	4992	24
nist-epub-0003	epub	full	0	23	0	2795	4152	24
nist-epub-0003	epub	full	1	23	0	2647	4112	24
nist-epub-0003	epub	full	2	23	0	3132	4244	24
nist-epub-0003	epub	full	3	23	0	3076	4244	24
nist-epub-0003	epub	full	4	23	0	3287	4264	24
nist-epub-0003	epub	full	5	23	0	3228	4248	24
nist-epub-0003	epub	adaptive	0	23	0	2530	3808	24
nist-epub-0003	epub	adaptive	1	23	0	2533	4164	24
nist-epub-0003	epub	adaptive	2	23	0	3232	4200	24
nist-epub-0003	epub	adaptive	3	23	0	3322	4192	24
nist-epub-0003	epub	adaptive	4	23	0	3320	4312	24
nist-epub-0003	epub	adaptive	5	23	0	3307	4360	24
nist-epub-0003	epub	hist	0	23	0	2450	3996	24
nist-epub-0003	epub	hist	1	23	0	2475	4064	24
nist-epub-0003	epub	hist	2	23	0	2749	4120	24
nist-epub-0003	epub	hist	3	23	0	2714	4044	24
nist-epub-0003	epub	hist	4	23	0	2931	4156	24
nist-epub-0003	epub	hist	5	23	0	2953	4064	24
nist-epub-0003	epub	full	0	24	0	2526	4152	24
nist-epub-0003	epub	full	1	24	0	2614	4112	24
nist-epub-0003	epub	full	2	24	0	3414	4244	24
nist-epub-0003	epub	full	3	24	0	3175	4244	24
nist-epub-0003	epub	full	4	24	0	3188	4264	24
nist-epub-0003	epub	full	5	24	0	3178	4248	24
nist-epub-0003	epub	adaptive	0	24	0	2408	3808	24
nist-epub-0003	epub	adaptive	1	24	0	2520	4164	24
nist-epub-0003	epub	adaptive	2	24	0	3175	4200	24
nist-epub-0003	epub	adaptive	3	24	0	2982	4192	24
nist-epub-0003	epub	adaptive	4	24	0	3286	4312	24
nist-epub-0003	epub	adaptive	5	24	0	3216	4360	24
nist-epub-0003	epub	hist	0	24	0	2362	3996	24
nist-epub-0003	epub	hist	1	24	0	2437	4064	24
nist-epub-0003	epub	hist	2	24	0	2724	4120	24
nist-epub-0003	epub	hist	3	24	0	2847	4044	24
nist-epub-0003	epub	hist	4	24	0	3149	4156	24
nist-epub-0003	epub	hist	5	24	0	3122	4064	24
nist-epub-0003	epub	vole	0	24	0	5329	4992	24
nist-epub-0003	epub	vole	1	24	0	5329	4992	24
nist-epub-0003	epub	vole	2	24	0	5329	4992	24
nist-epub-0003	epub	vole	3	24	0	5329	4992	24
nist-epub-0003	epub	vole	4	24	0	5329	4992	24
nist-epub-0003	epub	vole	5	24	0	5329	4992	24
nist-epub-0003	epub	vole	0	25	0	5228	4992	24
nist-epub-0003	epub	vole	1	25	0	5228	4992	24
nist-epub-0003	epub	vole	2	25	0	5228	4992	24
nist-epub-0003	epub	vole	3	25	0	5228	4992	24
nist-epub-0003	epub	vole	4	25	0	5228	4992	24
nist-epub-0003	epub	vole	5	25	0	5228	4992	24
nist-epub-0003	epub	full	0	25	0	3776	4152	24
nist-epub-0003	epub	full	1	25	0	3009	4112	24
nist-epub-0003	epub	full	2	25	0	3409	4244	24
nist-epub-0003	epub	full	3	25	0	3156	4244	24
nist-epub-0003	epub	full	4	25	0	3365	4264	24
nist-epub-0003	epub	full	5	25	0	3293	4248	24
nist-epub-0003	epub	adaptive	0	25	0	2573	3808	24
nist-epub-0003	epub	adaptive	1	25	0	2759	4164	24
nist-epub-0003	epub	adaptive	2	25	0	3004	4200	24
nist-epub-0003	epub	adaptive	3	25	0	2979	4192	24
nist-epub-0003	epub	adaptive	4	25	0	3221	4312	24
nist-epub-0003	epub	adaptive	5	25	0	3402	4360	24
nist-epub-0003	epub	hist	0	25	0	2563	3996	24
nist-epub-0003	epub	hist	1	25	0	2615	4064	24
nist-epub-0003	epub	hist	2	25	0	2828	4120	24
nist-epub-0003	epub	hist	3	25	0	2791	4044	24
nist-epub-0003	epub	hist	4	25	0	3080	4156	24
nist-epub-0003	epub	hist	5	25	0	2931	4064	24
nist-epub-0006	epub	vole	0	1	0	4889	4364	24
nist-epub-0006	epub	vole	1	1	0	4889	4364	24
nist-epub-0006	epub	vole	2	1	0	4889	4364	24
nist-epub-0006	epub	vole	3	1	0	4889	4364	24
nist-epub-0006	epub	vole	4	1	0	4889	4364	24
nist-epub-0006	epub	vole	5	1	0	4889	4364	24
nist-epub-0006	epub	full	0	1	0	2506	3404	24
nist-epub-0006	epub	full	1	1	0	2390	3492	24
nist-epub-0006	epub	full	2	1	0	2744	3608	24
nist-epub-0006	epub	full	3	1	0	2608	3608	24
nist-epub-0006	epub	full	4	1	0	2825	3596	24
nist-epub-0006	epub	full	5	1	0	2816	3740	24
nist-epub-0006	epub	adaptive	0	1	0	2218	3296	24
nist-epub-0006	epub	adaptive	1	1	0	2336	3512	24
nist-epub-0006	epub	adaptive	2	1	0	2592	3640	24
nist-epub-0006	epub	adaptive	3	1	0	2630	3640	24
nist-epub-0006	epub	adaptive	4	1	0	2876	3532	24
nist-epub-0006	epub	adaptive	5	1	0	2859	3496	24
nist-epub-0006	epub	hist	0	1	0	2126	3296	24
nist-epub-0006	epub	hist	1	1	0	2310	3376	24
nist-epub-0006	epub	hist	2	1	0	2470	3452	24
nist-epub-0006	epub	hist	3	1	0	2460	3452	24
nist-epub-0006	epub	hist	4	1	0	2596	3164	24
nist-epub-0006	epub	hist	5	1	0	2666	3360	24
nist-epub-0006	epub	full	0	2	0	2183	3404	24
nist-epub-0006	epub	full	1	2	0	2229	3492	24
nist-epub-0006	epub	full	2	2	0	2665	3608	24
nist-epub-0006	epub	full	3	2	0	2717	3608	24
nist-epub-0006	epub	full	4	2	0	2917	3596	24
nist-epub-0006	epub	full	5	2	0	2868	3740	24
nist-epub-0006	epub	adaptive	0	2	0	2377	3296	24
nist-epub-0006	epub	adaptive	1	2	0	2329	3512	24
nist-epub-0006	epub	adaptive	2	2	0	2637	3640	24
nist-epub-0006	epub	adaptive	3	2	0	2721	3640	24
nist-epub-0006	epub	adaptive	4	2	0	2839	3532	24
nist-epub-0006	epub	adaptive	5	2	0	2839	3496	24
nist-epub-0006	epub	hist	0	2	0	2111	3296	24
nist-epub-0006	epub	hist	1	2	0	2364	3376	24
nist-epub-0006	epub	hist	2	2	0	2490	3452	24
nist-epub-0006	epub	hist	3	2	0	2447	3452	24
nist-epub-0006	epub	hist	4	2	0	2686	3164	24
nist-epub-0006	epub	hist	5	2	0	2770	3360	24
nist-epub-0006	epub	vole	0	2	0	4771	4364	24
nist-epub-0006	epub	vole	1	2	0	4771	4364	24
nist-epub-0006	epub	vole	2	2	0	4771	4364	24
nist-epub-0006	epub	vole	3	2	0	4771	4364	24
nist-epub-0006	epub	vole	4	2	0	4771	4364	24
nist-epub-0006	epub	vole	5	2	0	4771	4364	24
nist-epub-0006	epub	vole	0	3	0	4758	4364	24
nist-epub-0006	epub	vole	1	3	0	4758	4364	24
nist-epub-0006	epub	vole	2	3	0	4758	4364	24
nist-epub-0006	epub	vole	3	3	0	4758	4364	24
nist-epub-0006	epub	vole	4	3	0	4758	4364	24
nist-epub-0006	epub	vole	5	3	0	4758	4364	24
nist-epub-0006	epub	full	0	3	0	2479	3404	24
nist-epub-0006	epub	full	1	3	0	2412	3492	24
nist-epub-0006	epub	full	2	3	0	2755	3608	24
nist-epub-0006	epub	full	3	3	0	2674	3608	24
nist-epub-0006	epub	full	4	3	0	2863	3596	24
nist-epub-0006	epub	full	5	3	0	3043	3740	24
nist-epub-0006	epub	adaptive	0	3	0	2281	3296	24
nist-epub-0006	epub	adaptive	1	3	0	2368	3512	24
nist-epub-0006	epub	adaptive	2	3	0	2690	3640	24
nist-epub-0006	epub	adaptive	3	3	0	2641	3640	24
nist-epub-0006	epub	adaptive	4	3	0	2842	3532	24
nist-epub-0006	epub	adaptive	5	3	0	2798	3496	24
nist-epub-0006	epub	hist	0	3	0	2170	3296	24
nist-epub-0006	epub	hist	1	3	0	2177	3376	24
nist-epub-0006	epub	hist	2	3	0	2447	3452	24
nist-epub-0006	epub	hist	3	3	0	2419	3452	24
nist-epub-0006	epub	hist	4	3	0	2571	3164	24
nist-epub-0006	epub	hist	5	3	0	2598	3360	24
nist-epub-0006	epub	full	0	4	0	2236	3404	24
nist-epub-0006	epub	full	1	4	0	2505	3492	24
nist-epub-0006	epub	full	2	4	0	3709	3608	24
nist-epub-0006	epub	full	3	4	0	3025	3608	24
nist-epub-0006	epub	full	4	4	0	3259	3596	24
nist-epub-0006	epub	full	5	4	0	2927	3740	24
nist-epub-0006	epub	adaptive	0	4	0	2358	3296	24
nist-epub-0006	epub	adaptive	1	4	0	2452	3512	24
nist-epub-0006	epub	adaptive	2	4	0	2681	3640	24
nist-epub-0006	epub	adaptive	3	4	0	3035	3640	24
nist-epub-0006	epub	adaptive	4	4	0	2932	3532	24
nist-epub-0006	epub	adaptive	5	4	0	2815	3496	24
nist-epub-0006	epub	hist	0	4	0	2126	3296	24
nist-epub-0006	epub	hist	1	4	0	2173	3376	24
nist-epub-0006	epub	hist	2	4	0	2481	3452	24
nist-epub-0006	epub	hist	3	4	0	2385	3452	24
nist-epub-0006	epub	hist	4	4	0	2634	3164	24
nist-epub-0006	epub	hist	5	4	0	2599	3360	24
nist-epub-0006	epub	vole	0	4	0	4648	4364	24
nist-epub-0006	epub	vole	1	4	0	4648	4364	24
nist-epub-0006	epub	vole	2	4	0	4648	4364	24
nist-epub-0006	epub	vole	3	4	0	4648	4364	24
nist-epub-0006	epub	vole	4	4	0	4648	4364	24
nist-epub-0006	epub	vole	5	4	0	4648	4364	24
nist-epub-0006	epub	vole	0	5	0	4746	4364	24
nist-epub-0006	epub	vole	1	5	0	4746	4364	24
nist-epub-0006	epub	vole	2	5	0	4746	4364	24
nist-epub-0006	epub	vole	3	5	0	4746	4364	24
nist-epub-0006	epub	vole	4	5	0	4746	4364	24
nist-epub-0006	epub	vole	5	5	0	4746	4364	24
nist-epub-0006	epub	full	0	5	0	2565	3404	24
nist-epub-0006	epub	full	1	5	0	2490	3492	24
nist-epub-0006	epub	full	2	5	0	2671	3608	24
nist-epub-0006	epub	full	3	5	0	2642	3608	24
nist-epub-0006	epub	full	4	5	0	2885	3596	24
nist-epub-0006	epub	full	5	5	0	2820	3740	24
nist-epub-0006	epub	adaptive	0	5	0	2204	3296	24
nist-epub-0006	epub	adaptive	1	5	0	2461	3512	24
nist-epub-0006	epub	adaptive	2	5	0	2656	3640	24
nist-epub-0006	epub	adaptive	3	5	0	2599	3640	24
nist-epub-0006	epub	adaptive	4	5	0	2859	3532	24
nist-epub-0006	epub	adaptive	5	5	0	3007	3496	24
nist-epub-0006	epub	hist	0	5	0	2320	3296	24
nist-epub-0006	epub	hist	1	5	0	2363	3376	24
nist-epub-0006	epub	hist	2	5	0	2692	3452	24
nist-epub-0006	epub	hist	3	5	0	2513	3452	24
nist-epub-0006	epub	hist	4	5	0	2906	3164	24
nist-epub-0006	epub	hist	5	5	0	3234	3360	24
nist-epub-0006	epub	full	0	6	0	3296	3404	24
nist-epub-0006	epub	full	1	6	0	2564	3492	24
nist-epub-0006	epub	full	2	6	0	2868	3608	24
nist-epub-0006	epub	full	3	6	0	2754	3608	24
nist-epub-0006	epub	full	4	6	0	2911	3596	24
nist-epub-0006	epub	full	5	6	0	3247	3740	24
nist-epub-0006	epub	adaptive	0	6	0	2257	3296	24
nist-epub-0006	epub	adaptive	1	6	0	2306	3512	24
nist-epub-0006	epub	adaptive	2	6	0	2577	3640	24
nist-epub-0006	epub	adaptive	3	6	0	2779	3640	24
nist-epub-0006	epub	adaptive	4	6	0	2979	3532	24
nist-epub-0006	epub	adaptive	5	6	0	3051	3496	24
nist-epub-0006	epub	hist	0	6	0	2188	3296	24
nist-epub-0006	epub	hist	1	6	0	2224	3376	24
nist-epub-0006	epub	hist	2	6	0	2473	3452	24
nist-epub-0006	epub	hist	3	6	0	2583	3452	24
nist-epub-0006	epub	hist	4	6	0	2842	3164	24
nist-epub-0006	epub	hist	5	6	0	2796	3360	24
nist-epub-0006	epub	vole	0	6	0	4714	4364	24
nist-epub-0006	epub	vole	1	6	0	4714	4364	24
nist-epub-0006	epub	vole	2	6	0	4714	4364	24
nist-epub-0006	epub	vole	3	6	0	4714	4364	24
nist-epub-0006	epub	vole	4	6	0	4714	4364	24
nist-epub-0006	epub	vole	5	6	0	4714	4364	24
nist-epub-0006	epub	vole	0	7	0	4842	4364	24
nist-epub-0006	epub	vole	1	7	0	4842	4364	24
nist-epub-0006	epub	vole	2	7	0	4842	4364	24
nist-epub-0006	epub	vole	3	7	0	4842	4364	24
nist-epub-0006	epub	vole	4	7	0	4842	4364	24
nist-epub-0006	epub	vole	5	7	0	4842	4364	24
nist-epub-0006	epub	full	0	7	0	2677	3404	24
nist-epub-0006	epub	full	1	7	0	2379	3492	24
nist-epub-0006	epub	full	2	7	0	2616	3608	24
nist-epub-0006	epub	full	3	7	0	2783	3608	24
nist-epub-0006	epub	full	4	7	0	2820	3596	24
nist-epub-0006	epub	full	5	7	0	2937	3740	24
nist-epub-0006	epub	adaptive	0	7	0	2356	3296	24
nist-epub-0006	epub	adaptive	1	7	0	2381	3512	24
nist-epub-0006	epub	adaptive	2	7	0	2783	3640	24
nist-epub-0006	epub	adaptive	3	7	0	2769	3640	24
nist-epub-0006	epub	adaptive	4	7	0	3655	3532	24
nist-epub-0006	epub	adaptive	5	7	0	3082	3496	24
nist-epub-0006	epub	hist	0	7	0	2285	3296	24
nist-epub-0006	epub	hist	1	7	0	2469	3376	24
nist-epub-0006	epub	hist	2	7	0	2666	3452	24
nist-epub-0006	epub	hist	3	7	0	2559	3452	24
nist-epub-0006	epub	hist	4	7	0	2708	3164	24
nist-epub-0006	epub	hist	5	7	0	2773	3360	24
nist-epub-0006	epub	full	0	8	0	2181	3404	24
nist-epub-0006	epub	full	1	8	0	2304	3492	24
nist-epub-0006	epub	full	2	8	0	2574	3608	24
nist-epub-0006	epub	full	3	8	0	2670	3608	24
nist-epub-0006	epub	full	4	8	0	2815	3596	24
nist-epub-0006	epub	full	5	8	0	2764	3740	24
nist-epub-0006	epub	adaptive	0	8	0	2143	3296	24
nist-epub-0006	epub	adaptive	1	8	0	2222	3512	24
nist-epub-0006	epub	adaptive	2	8	0	2663	3640	24
nist-epub-0006	epub	adaptive	3	8	0	2716	3640	24
nist-epub-0006	epub	adaptive	4	8	0	2829	3532	24
nist-epub-0006	epub	adaptive	5	8	0	2914	3496	24
nist-epub-0006	epub	hist	0	8	0	2166	3296	24
nist-epub-0006	epub	hist	1	8	0	2274	3376	24
nist-epub-0006	epub	hist	2	8	0	2435	3452	24
nist-epub-0006	epub	hist	3	8	0	2540	3452	24
nist-epub-0006	epub	hist	4	8	0	2759	3164	24
nist-epub-0006	epub	hist	5	8	0	2883	3360	24
nist-epub-0006	epub	vole	0	8	0	4857	4364	24
nist-epub-0006	epub	vole	1	8	0	4857	4364	24
nist-epub-0006	epub	vole	2	8	0	4857	4364	24
nist-epub-0006	epub	vole	3	8	0	4857	4364	24
nist-epub-0006	epub	vole	4	8	0	4857	4364	24
nist-epub-0006	epub	vole	5	8	0	4857	4364	24
nist-epub-0006	epub	vole	0	9	0	4733	4364	24
nist-epub-0006	epub	vole	1	9	0	4733	4364	24
nist-epub-0006	epub	vole	2	9	0	4733	4364	24
nist-epub-0006	epub	vole	3	9	0	4733	4364	24
nist-epub-0006	epub	vole	4	9	0	4733	4364	24
nist-epub-0006	epub	vole	5	9	0	4733	4364	24
nist-epub-0006	epub	full	0	9	0	2634	3404	24
nist-epub-0006	epub	full	1	9	0	2359	3492	24
nist-epub-0006	epub	full	2	9	0	2690	3608	24
nist-epub-0006	epub	full	3	9	0	2679	3608	24
nist-epub-0006	epub	full	4	9	0	2801	3596	24
nist-epub-0006	epub	full	5	9	0	2809	3740	24
nist-epub-0006	epub	adaptive	0	9	0	2404	3296	24
nist-epub-0006	epub	adaptive	1	9	0	2488	3512	24
nist-epub-0006	epub	adaptive	2	9	0	2754	3640	24
nist-epub-0006	epub	adaptive	3	9	0	2801	3640	24
nist-epub-0006	epub	adaptive	4	9	0	2778	3532	24
nist-epub-0006	epub	adaptive	5	9	0	2995	3496	24
nist-epub-0006	epub	hist	0	9	0	2156	3296	24
nist-epub-0006	epub	hist	1	9	0	2198	3376	24
nist-epub-0006	epub	hist	2	9	0	2434	3452	24
nist-epub-0006	epub	hist	3	9	0	2413	3452	24
nist-epub-0006	epub	hist	4	9	0	2695	3164	24
nist-epub-0006	epub	hist	5	9	0	2672	3360	24
nist-epub-0006	epub	full	0	10	0	2246	3404	24
nist-epub-0006	epub	full	1	10	0	2290	3492	24
nist-epub-0006	epub	full	2	10	0	2701	3608	24
nist-epub-0006	epub	full	3	10	0	2705	3608	24
nist-epub-0006	epub	full	4	10	0	3343	3596	24
nist-epub-0006	epub	full	5	10	0	3568	3740	24
nist-epub-0006	epub	adaptive	0	10	0	2781	3296	24
nist-epub-0006	epub	adaptive	1	10	0	2598	3512	24
nist-epub-0006	epub	adaptive	2	10	0	2829	3640	24
nist-epub-0006	epub	adaptive	3	10	0	3042	3640	24
nist-epub-0006	epub	adaptive	4	10	0	2951	3532	24
nist-epub-0006	epub	adaptive	5	10	0	3025	3496	24
nist-epub-0006	epub	hist	0	10	0	2277	3296	24
nist-epub-0006	epub	hist	1	10	0	2423	3376	24
nist-epub-0006	epub	hist	2	10	0	2500	3452	24
nist-epub-0006	epub	hist	3	10	0	2433	3452	24
nist-epub-0006	epub	hist	4	10	0	2799	3164	24
nist-epub-0006	epub	hist	5	10	0	2637	3360	24
nist-epub-0006	epub	vole	0	10	0	4737	4364	24
nist-epub-0006	epub	vole	1	10	0	4737	4364	24
nist-epub-0006	epub	vole	2	10	0	4737	4364	24
nist-epub-0006	epub	vole	3	10	0	4737	4364	24
nist-epub-0006	epub	vole	4	10	0	4737	4364	24
nist-epub-0006	epub	vole	5	10	0	4737	4364	24
nist-epub-0006	epub	vole	0	11	0	4879	4364	24
nist-epub-0006	epub	vole	1	11	0	4879	4364	24
nist-epub-0006	epub	vole	2	11	0	4879	4364	24
nist-epub-0006	epub	vole	3	11	0	4879	4364	24
nist-epub-0006	epub	vole	4	11	0	4879	4364	24
nist-epub-0006	epub	vole	5	11	0	4879	4364	24
nist-epub-0006	epub	full	0	11	0	2461	3404	24
nist-epub-0006	epub	full	1	11	0	2363	3492	24
nist-epub-0006	epub	full	2	11	0	2585	3608	24
nist-epub-0006	epub	full	3	11	0	2681	3608	24
nist-epub-0006	epub	full	4	11	0	2871	3596	24
nist-epub-0006	epub	full	5	11	0	2857	3740	24
nist-epub-0006	epub	adaptive	0	11	0	2183	3296	24
nist-epub-0006	epub	adaptive	1	11	0	2264	3512	24
nist-epub-0006	epub	adaptive	2	11	0	2598	3640	24
nist-epub-0006	epub	adaptive	3	11	0	2767	3640	24
nist-epub-0006	epub	adaptive	4	11	0	2814	3532	24
nist-epub-0006	epub	adaptive	5	11	0	3015	3496	24
nist-epub-0006	epub	hist	0	11	0	2288	3296	24
nist-epub-0006	epub	hist	1	11	0	2265	3376	24
nist-epub-0006	epub	hist	2	11	0	2399	3452	24
nist-epub-0006	epub	hist	3	11	0	2485	3452	24
nist-epub-0006	epub	hist	4	11	0	2639	3164	24
nist-epub-0006	epub	hist	5	11	0	2843	3360	24
nist-epub-0006	epub	full	0	12	0	2374	3404	24
nist-epub-0006	epub	full	1	12	0	2379	3492	24
nist-epub-0006	epub	full	2	12	0	2601	3608	24
nist-epub-0006	epub	full	3	12	0	2638	3608	24
nist-epub-0006	epub	full	4	12	0	2873	3596	24
nist-epub-0006	epub	full	5	12	0	4173	3740	24
nist-epub-0006	epub	adaptive	0	12	0	2574	3296	24
nist-epub-0006	epub	adaptive	1	12	0	2600	3512	24
nist-epub-0006	epub	adaptive	2	12	0	2796	3640	24
nist-epub-0006	epub	adaptive	3	12	0	2720	3640	24
nist-epub-0006	epub	adaptive	4	12	0	2905	3532	24
nist-epub-0006	epub	adaptive	5	12	0	2762	3496	24
nist-epub-0006	epub	hist	0	12	0	2138	3296	24
nist-epub-0006	epub	hist	1	12	0	2248	3376	24
nist-epub-0006	epub	hist	2	12	0	2507	3452	24
nist-epub-0006	epub	hist	3	12	0	2454	3452	24
nist-epub-0006	epub	hist	4	12	0	2684	3164	24
nist-epub-0006	epub	hist	5	12	0	2622	3360	24
nist-epub-0006	epub	vole	0	12	0	4698	4364	24
nist-epub-0006	epub	vole	1	12	0	4698	4364	24
nist-epub-0006	epub	vole	2	12	0	4698	4364	24
nist-epub-0006	epub	vole	3	12	0	4698	4364	24
nist-epub-0006	epub	vole	4	12	0	4698	4364	24
nist-epub-0006	epub	vole	5	12	0	4698	4364	24
nist-epub-0006	epub	vole	0	13	0	4788	4364	24
nist-epub-0006	epub	vole	1	13	0	4788	4364	24
nist-epub-0006	epub	vole	2	13	0	4788	4364	24
nist-epub-0006	epub	vole	3	13	0	4788	4364	24
nist-epub-0006	epub	vole	4	13	0	4788	4364	24
nist-epub-0006	epub	vole	5	13	0	4788	4364	24
nist-epub-0006	epub	full	0	13	0	2564	3404	24
nist-epub-0006	epub	full	1	13	0	2362	3492	24
nist-epub-0006	epub	full	2	13	0	2810	3608	24
nist-epub-0006	epub	full	3	13	0	2915	3608	24
nist-epub-0006	epub	full	4	13	0	2855	3596	24
nist-epub-0006	epub	full	5	13	0	2842	3740	24
nist-epub-0006	epub	adaptive	0	13	0	2324	3296	24
nist-epub-0006	epub	adaptive	1	13	0	2426	3512	24
nist-epub-0006	epub	adaptive	2	13	0	2707	3640	24
nist-epub-0006	epub	adaptive	3	13	0	2856	3640	24
nist-epub-0006	epub	adaptive	4	13	0	2863	3532	24
nist-epub-0006	epub	adaptive	5	13	0	2919	3496	24
nist-epub-0006	epub	hist	0	13	0	2149	3296	24
nist-epub-0006	epub	hist	1	13	0	2225	3376	24
nist-epub-0006	epub	hist	2	13	0	2503	3452	24
nist-epub-0006	epub	hist	3	13	0	2469	3452	24
nist-epub-0006	epub	hist	4	13	0	2636	3164	24
nist-epub-0006	epub	hist	5	13	0	2576	3360	24
nist-epub-0006	epub	full	0	14	0	2133	3404	24
nist-epub-0006	epub	full	1	14	0	2221	3492	24
nist-epub-0006	epub	full	2	14	0	2744	3608	24
nist-epub-0006	epub	full	3	14	0	2894	3608	24
nist-epub-0006	epub	full	4	14	0	2876	3596	24
nist-epub-0006	epub	full	5	14	0	2826	3740	24
nist-epub-0006	epub	adaptive	0	14	0	2195	3296	24
nist-epub-0006	epub	adaptive	1	14	0	2295	3512	24
nist-epub-0006	epub	adaptive	2	14	0	2646	3640	24
nist-epub-0006	epub	adaptive	3	14	0	2704	3640	24
nist-epub-0006	epub	adaptive	4	14	0	2805	3532	24
nist-epub-0006	epub	adaptive	5	14	0	2805	3496	24
nist-epub-0006	epub	hist	0	14	0	2122	3296	24
nist-epub-0006	epub	hist	1	14	0	2256	3376	24
nist-epub-0006	epub	hist	2	14	0	2447	3452	24
nist-epub-0006	epub	hist	3	14	0	2537	3452	24
nist-epub-0006	epub	hist	4	14	0	2604	3164	24
nist-epub-0006	epub	hist	5	14	0	2637	3360	24
nist-epub-0006	epub	vole	0	14	0	4807	4364	24
nist-epub-0006	epub	vole	1	14	0	4807	4364	24
nist-epub-0006	epub	vole	2	14	0	4807	4364	24
nist-epub-0006	epub	vole	3	14	0	4807	4364	24
nist-epub-0006	epub	vole	4	14	0	4807	4364	24
nist-epub-0006	epub	vole	5	14	0	4807	4364	24
nist-epub-0006	epub	vole	0	15	0	5131	4364	24
nist-epub-0006	epub	vole	1	15	0	5131	4364	24
nist-epub-0006	epub	vole	2	15	0	5131	4364	24
nist-epub-0006	epub	vole	3	15	0	5131	4364	24
nist-epub-0006	epub	vole	4	15	0	5131	4364	24
nist-epub-0006	epub	vole	5	15	0	5131	4364	24
nist-epub-0006	epub	full	0	15	0	2953	3404	24
nist-epub-0006	epub	full	1	15	0	2558	3492	24
nist-epub-0006	epub	full	2	15	0	2867	3608	24
nist-epub-0006	epub	full	3	15	0	2740	3608	24
nist-epub-0006	epub	full	4	15	0	2855	3596	24
nist-epub-0006	epub	full	5	15	0	2925	3740	24
nist-epub-0006	epub	adaptive	0	15	0	2237	3296	24
nist-epub-0006	epub	adaptive	1	15	0	2275	3512	24
nist-epub-0006	epub	adaptive	2	15	0	2710	3640	24
nist-epub-0006	epub	adaptive	3	15	0	2624	3640	24
nist-epub-0006	epub	adaptive	4	15	0	2926	3532	24
nist-epub-0006	epub	adaptive	5	15	0	2948	3496	24
nist-epub-0006	epub	hist	0	15	0	2138	3296	24
nist-epub-0006	epub	hist	1	15	0	2342	3376	24
nist-epub-0006	epub	hist	2	15	0	2472	3452	24
nist-epub-0006	epub	hist	3	15	0	2523	3452	24
nist-epub-0006	epub	hist	4	15	0	2623	3164	24
nist-epub-0006	epub	hist	5	15	0	2717	3360	24
nist-epub-0006	epub	full	0	16	0	2310	3404	24
nist-epub-0006	epub	full	1	16	0	2377	3492	24
nist-epub-0006	epub	full	2	16	0	2796	3608	24
nist-epub-0006	epub	full	3	16	0	2673	3608	24
nist-epub-0006	epub	full	4	16	0	2981	3596	24
nist-epub-0006	epub	full	5	16	0	2797	3740	24
nist-epub-0006	epub	adaptive	0	16	0	2205	3296	24
nist-epub-0006	epub	adaptive	1	16	0	2551	3512	24
nist-epub-0006	epub	adaptive	2	16	0	2640	3640	24
nist-epub-0006	epub	adaptive	3	16	0	2674	3640	24
nist-epub-0006	epub	adaptive	4	16	0	2822	3532	24
nist-epub-0006	epub	adaptive	5	16	0	2878	3496	24
nist-epub-0006	epub	hist	0	16	0	2254	3296	24
nist-epub-0006	epub	hist	1	16	0	2480	3376	24
nist-epub-0006	epub	hist	2	16	0	3021	3452	24
nist-epub-0006	epub	hist	3	16	0	3127	3452	24
nist-epub-0006	epub	hist	4	16	0	2904	3164	24
nist-epub-0006	epub	hist	5	16	0	2806	3360	24
nist-epub-0006	epub	vole	0	16	0	4890	4364	24
nist-epub-0006	epub	vole	1	16	0	4890	4364	24
nist-epub-0006	epub	vole	2	16	0	4890	4364	24
nist-epub-0006	epub	vole	3	16	0	4890	4364	24
nist-epub-0006	epub	vole	4	16	0	4890	4364	24
nist-epub-0006	epub	vole	5	16	0	4890	4364	24
nist-epub-0006	epub	vole	0	17	0	4829	4364	24
nist-epub-0006	epub	vole	1	17	0	4829	4364	24
nist-epub-0006	epub	vole	2	17	0	4829	4364	24
nist-epub-0006	epub	vole	3	17	0	4829	4364	24
nist-epub-0006	epub	vole	4	17	0	4829	4364	24
nist-epub-0006	epub	vole	5	17	0	4829	4364	24
nist-epub-0006	epub	full	0	17	0	2591	3404	24
nist-epub-0006	epub	full	1	17	0	2432	3492	24
nist-epub-0006	epub	full	2	17	0	2569	3608	24
nist-epub-0006	epub	full	3	17	0	2652	3608	24
nist-epub-0006	epub	full	4	17	0	2740	3596	24
nist-epub-0006	epub	full	5	17	0	2769	3740	24
nist-epub-0006	epub	adaptive	0	17	0	2140	3296	24
nist-epub-0006	epub	adaptive	1	17	0	2308	3512	24
nist-epub-0006	epub	adaptive	2	17	0	2736	3640	24
nist-epub-0006	epub	adaptive	3	17	0	2792	3640	24
nist-epub-0006	epub	adaptive	4	17	0	2906	3532	24
nist-epub-0006	epub	adaptive	5	17	0	2828	3496	24
nist-epub-0006	epub	hist	0	17	0	2147	3296	24
nist-epub-0006	epub	hist	1	17	0	2206	3376	24
nist-epub-0006	epub	hist	2	17	0	2399	3452	24
nist-epub-0006	epub	hist	3	17	0	2556	3452	24
nist-epub-0006	epub	hist	4	17	0	2750	3164	24
nist-epub-0006	epub	hist	5	17	0	2850	3360	24
nist-epub-0006	epub	full	0	18	0	2311	3404	24
nist-epub-0006	epub	full	1	18	0	2334	3492	24
nist-epub-0006	epub	full	2	18	0	2659	3608	24
nist-epub-0006	epub	full	3	18	0	2639	3608	24
nist-epub-0006	epub	full	4	18	0	3187	3596	24
nist-epub-0006	epub	full	5	18	0	2752	3740	24
nist-epub-0006	epub	adaptive	0	18	0	2188	3296	24
nist-epub-0006	epub	adaptive	1	18	0	2316	3512	24
nist-epub-0006	epub	adaptive	2	18	0	2766	3640	24
nist-epub-0006	epub	adaptive	3	18	0	3361	3640	24
nist-epub-0006	epub	adaptive	4	18	0	3010	3532	24
nist-epub-0006	epub	adaptive	5	18	0	3062	3496	24
nist-epub-0006	epub	hist	0	18	0	2295	3296	24
nist-epub-0006	epub	hist	1	18	0	2237	3376	24
nist-epub-0006	epub	hist	2	18	0	2464	3452	24
nist-epub-0006	epub	hist	3	18	0	2433	3452	24
nist-epub-0006	epub	hist	4	18	0	2584	3164	24
nist-epub-0006	epub	hist	5	18	0	2658	3360	24
nist-epub-0006	epub	vole	0	18	0	4699	4364	24
nist-epub-0006	epub	vole	1	18	0	4699	4364	24
nist-epub-0006	epub	vole	2	18	0	4699	4364	24
nist-epub-0006	epub	vole	3	18	0	4699	4364	24
nist-epub-0006	epub	vole	4	18	0	4699	4364	24
nist-epub-0006	epub	vole	5	18	0	4699	4364	24
nist-epub-0006	epub	vole	0	19	0	4609	4364	24
nist-epub-0006	epub	vole	1	19	0	4609	4364	24
nist-epub-0006	epub	vole	2	19	0	4609	4364	24
nist-epub-0006	epub	vole	3	19	0	4609	4364	24
nist-epub-0006	epub	vole	4	19	0	4609	4364	24
nist-epub-0006	epub	vole	5	19	0	4609	4364	24
nist-epub-0006	epub	full	0	19	0	3581	3404	24
nist-epub-0006	epub	full	1	19	0	2806	3492	24
nist-epub-0006	epub	full	2	19	0	2946	3608	24
nist-epub-0006	epub	full	3	19	0	2835	3608	24
nist-epub-0006	epub	full	4	19	0	3092	3596	24
nist-epub-0006	epub	full	5	19	0	2937	3740	24
nist-epub-0006	epub	adaptive	0	19	0	2273	3296	24
nist-epub-0006	epub	adaptive	1	19	0	2637	3512	24
nist-epub-0006	epub	adaptive	2	19	0	2810	3640	24
nist-epub-0006	epub	adaptive	3	19	0	2668	3640	24
nist-epub-0006	epub	adaptive	4	19	0	2939	3532	24
nist-epub-0006	epub	adaptive	5	19	0	2993	3496	24
nist-epub-0006	epub	hist	0	19	0	2187	3296	24
nist-epub-0006	epub	hist	1	19	0	2235	3376	24
nist-epub-0006	epub	hist	2	19	0	2404	3452	24
nist-epub-0006	epub	hist	3	19	0	2497	3452	24
nist-epub-0006	epub	hist	4	19	0	2710	3164	24
nist-epub-0006	epub	hist	5	19	0	2585	3360	24
nist-epub-0006	epub	full	0	20	0	2171	3404	24
nist-epub-0006	epub	full	1	20	0	2241	3492	24
nist-epub-0006	epub	full	2	20	0	2676	3608	24
nist-epub-0006	epub	full	3	20	0	2647	3608	24
nist-epub-0006	epub	full	4	20	0	2746	3596	24
nist-epub-0006	epub	full	5	20	0	2951	3740	24
nist-epub-0006	epub	adaptive	0	20	0	2273	3296	24
nist-epub-0006	epub	adaptive	1	20	0	2344	3512	24
nist-epub-0006	epub	adaptive	2	20	0	2661	3640	24
nist-epub-0006	epub	adaptive	3	20	0	2804	3640	24
nist-epub-0006	epub	adaptive	4	20	0	2847	3532	24
nist-epub-0006	epub	adaptive	5	20	0	2779	3496	24
nist-epub-0006	epub	hist	0	20	0	2171	3296	24
nist-epub-0006	epub	hist	1	20	0	2162	3376	24
nist-epub-0006	epub	hist	2	20	0	2510	3452	24
nist-epub-0006	epub	hist	3	20	0	2485	3452	24
nist-epub-0006	epub	hist	4	20	0	2690	3164	24
nist-epub-0006	epub	hist	5	20	0	2610	3360	24
nist-epub-0006	epub	vole	0	20	0	4705	4364	24
nist-epub-0006	epub	vole	1	20	0	4705	4364	24
nist-epub-0006	epub	vole	2	20	0	4705	4364	24
nist-epub-0006	epub	vole	3	20	0	4705	4364	24
nist-epub-0006	epub	vole	4	20	0	4705	4364	24
nist-epub-0006	epub	vole	5	20	0	4705	4364	24
nist-epub-0006	epub	vole	0	21	0	5059	4364	24
nist-epub-0006	epub	vole	1	21	0	5059	4364	24
nist-epub-0006	epub	vole	2	21	0	5059	4364	24
nist-epub-0006	epub	vole	3	21	0	5059	4364	24
nist-epub-0006	epub	vole	4	21	0	5059	4364	24
nist-epub-0006	epub	vole	5	21	0	5059	4364	24
nist-epub-0006	epub	full	0	21	0	2961	3404	24
nist-epub-0006	epub	full	1	21	0	2814	3492	24
nist-epub-0006	epub	full	2	21	0	2895	3608	24
nist-epub-0006	epub	full	3	21	0	2775	3608	24
nist-epub-0006	epub	full	4	21	0	2884	3596	24
nist-epub-0006	epub	full	5	21	0	3003	3740	24
nist-epub-0006	epub	adaptive	0	21	0	2285	3296	24
nist-epub-0006	epub	adaptive	1	21	0	2421	3512	24
nist-epub-0006	epub	adaptive	2	21	0	2798	3640	24
nist-epub-0006	epub	adaptive	3	21	0	2827	3640	24
nist-epub-0006	epub	adaptive	4	21	0	3125	3532	24
nist-epub-0006	epub	adaptive	5	21	0	2931	3496	24
nist-epub-0006	epub	hist	0	21	0	2210	3296	24
nist-epub-0006	epub	hist	1	21	0	2188	3376	24
nist-epub-0006	epub	hist	2	21	0	2499	3452	24
nist-epub-0006	epub	hist	3	21	0	2601	3452	24
nist-epub-0006	epub	hist	4	21	0	2647	3164	24
nist-epub-0006	epub	hist	5	21	0	2648	3360	24
nist-epub-0006	epub	full	0	22	0	2232	3404	24
nist-epub-0006	epub	full	1	22	0	2271	3492	24
nist-epub-0006	epub	full	2	22	0	2605	3608	24
nist-epub-0006	epub	full	3	22	0	2595	3608	24
nist-epub-0006	epub	full	4	22	0	2984	3596	24
nist-epub-0006	epub	full	5	22	0	2946	3740	24
nist-epub-0006	epub	adaptive	0	22	0	2305	3296	24
nist-epub-0006	epub	adaptive	1	22	0	2549	3512	24
nist-epub-0006	epub	adaptive	2	22	0	2655	3640	24
nist-epub-0006	epub	adaptive	3	22	0	2693	3640	24
nist-epub-0006	epub	adaptive	4	22	0	2869	3532	24
nist-epub-0006	epub	adaptive	5	22	0	2767	3496	24
nist-epub-0006	epub	hist	0	22	0	2060	3296	24
nist-epub-0006	epub	hist	1	22	0	2306	3376	24
nist-epub-0006	epub	hist	2	22	0	2426	3452	24
nist-epub-0006	epub	hist	3	22	0	2386	3452	24
nist-epub-0006	epub	hist	4	22	0	2553	3164	24
nist-epub-0006	epub	hist	5	22	0	2617	3360	24
nist-epub-0006	epub	vole	0	22	0	4689	4364	24
nist-epub-0006	epub	vole	1	22	0	4689	4364	24
nist-epub-0006	epub	vole	2	22	0	4689	4364	24
nist-epub-0006	epub	vole	3	22	0	4689	4364	24
nist-epub-0006	epub	vole	4	22	0	4689	4364	24
nist-epub-0006	epub	vole	5	22	0	4689	4364	24
nist-epub-0006	epub	vole	0	23	0	5001	4364	24
nist-epub-0006	epub	vole	1	23	0	5001	4364	24
nist-epub-0006	epub	vole	2	23	0	5001	4364	24
nist-epub-0006	epub	vole	3	23	0	5001	4364	24
nist-epub-0006	epub	vole	4	23	0	5001	4364	24
nist-epub-0006	epub	vole	5	23	0	5001	4364	24
nist-epub-0006	epub	full	0	23	0	2843	3404	24
nist-epub-0006	epub	full	1	23	0	2621	3492	24
nist-epub-0006	epub	full	2	23	0	2998	3608	24
nist-epub-0006	epub	full	3	23	0	2859	3608	24
nist-epub-0006	epub	full	4	23	0	3129	3596	24
nist-epub-0006	epub	full	5	23	0	2901	3740	24
nist-epub-0006	epub	adaptive	0	23	0	2286	3296	24
nist-epub-0006	epub	adaptive	1	23	0	2398	3512	24
nist-epub-0006	epub	adaptive	2	23	0	2622	3640	24
nist-epub-0006	epub	adaptive	3	23	0	2638	3640	24
nist-epub-0006	epub	adaptive	4	23	0	3053	3532	24
nist-epub-0006	epub	adaptive	5	23	0	3082	3496	24
nist-epub-0006	epub	hist	0	23	0	2188	3296	24
nist-epub-0006	epub	hist	1	23	0	2229	3376	24
nist-epub-0006	epub	hist	2	23	0	2593	3452	24
nist-epub-0006	epub	hist	3	23	0	2462	3452	24
nist-epub-0006	epub	hist	4	23	0	2745	3164	24
nist-epub-0006	epub	hist	5	23	0	2850	3360	24
nist-epub-0006	epub	full	0	24	0	2290	3404	24
nist-epub-0006	epub	full	1	24	0	2293	3492	24
nist-epub-0006	epub	full	2	24	0	2574	3608	24
nist-epub-0006	epub	full	3	24	0	2586	3608	24
nist-epub-0006	epub	full	4	24	0	2971	3596	24
nist-epub-0006	epub	full	5	24	0	2929	3740	24
nist-epub-0006	epub	adaptive	0	24	0	2329	3296	24
nist-epub-0006	epub	adaptive	1	24	0	2397	3512	24
nist-epub-0006	epub	adaptive	2	24	0	2731	3640	24
nist-epub-0006	epub	adaptive	3	24	0	2733	3640	24
nist-epub-0006	epub	adaptive	4	24	0	2817	3532	24
nist-epub-0006	epub	adaptive	5	24	0	2790	3496	24
nist-epub-0006	epub	hist	0	24	0	2170	3296	24
nist-epub-0006	epub	hist	1	24	0	2180	3376	24
nist-epub-0006	epub	hist	2	24	0	2641	3452	24
nist-epub-0006	epub	hist	3	24	0	2558	3452	24
nist-epub-0006	epub	hist	4	24	0	2670	3164	24
nist-epub-0006	epub	hist	5	24	0	2698	3360	24
nist-epub-0006	epub	vole	0	24	0	4663	4364	24
nist-epub-0006	epub	vole	1	24	0	4663	4364	24
nist-epub-0006	epub	vole	2	24	0	4663	4364	24
nist-epub-0006	epub	vole	3	24	0	4663	4364	24
nist-epub-0006	epub	vole	4	24	0	4663	4364	24
nist-epub-0006	epub	vole	5	24	0	4663	4364	24
nist-epub-0006	epub	vole	0	25	0	4699	4364	24
nist-epub-0006	epub	vole	1	25	0	4699	4364	24
nist-epub-0006	epub	vole	2	25	0	4699	4364	24
nist-epub-0006	epub	vole	3	25	0	4699	4364	24
nist-epub-0006	epub	vole	4	25	0	4699	4364	24
nist-epub-0006	epub	vole	5	25	0	4699	4364	24
nist-epub-0006	epub	full	0	25	0	2548	3404	24
nist-epub-0006	epub	full	1	25	0	2392	3492	24
nist-epub-0006	epub	full	2	25	0	2649	3608	24
nist-epub-0006	epub	full	3	25	0	2591	3608	24
nist-epub-0006	epub	full	4	25	0	2953	3596	24
nist-epub-0006	epub	full	5	25	0	2893	3740	24
nist-epub-0006	epub	adaptive	0	25	0	2199	3296	24
nist-epub-0006	epub	adaptive	1	25	0	2315	3512	24
nist-epub-0006	epub	adaptive	2	25	0	2630	3640	24
nist-epub-0006	epub	adaptive	3	25	0	2630	3640	24
nist-epub-0006	epub	adaptive	4	25	0	2974	3532	24
nist-epub-0006	epub	adaptive	5	25	0	2898	3496	24
nist-epub-0006	epub	hist	0	25	0	2244	3296	24
nist-epub-0006	epub	hist	1	25	0	2279	3376	24
nist-epub-0006	epub	hist	2	25	0	2650	3452	24
nist-epub-0006	epub	hist	3	25	0	2534	3452	24
nist-epub-0006	epub	hist	4	25	0	2868	3164	24
nist-epub-0006	epub	hist	5	25	0	2798	3360	24
nist-epub-0008	epub	vole	0	1	0	3162	4036	24
nist-epub-0008	epub	vole	1	1	0	3162	4036	24
nist-epub-0008	epub	vole	2	1	0	3162	4036	24
nist-epub-0008	epub	vole	3	1	0	3162	4036	24
nist-epub-0008	epub	vole	4	1	0	3162	4036	24
nist-epub-0008	epub	vole	5	1	0	3162	4036	24
nist-epub-0008	epub	full	0	1	0	2129	3028	24
nist-epub-0008	epub	full	1	1	0	2085	3128	24
nist-epub-0008	epub	full	2	1	0	2307	3384	24
nist-epub-0008	epub	full	3	1	0	2501	3348	24
nist-epub-0008	epub	full	4	1	0	2676	3460	24
nist-epub-0008	epub	full	5	1	0	2463	3396	24
nist-epub-0008	epub	adaptive	0	1	0	1971	3044	24
nist-epub-0008	epub	adaptive	1	1	0	1972	3056	24
nist-epub-0008	epub	adaptive	2	1	0	2246	3340	24
nist-epub-0008	epub	adaptive	3	1	0	2336	3348	24
nist-epub-0008	epub	adaptive	4	1	0	2514	3328	24
nist-epub-0008	epub	adaptive	5	1	0	2395	3376	24
nist-epub-0008	epub	hist	0	1	0	1900	2804	24
nist-epub-0008	epub	hist	1	1	0	2033	2964	24
nist-epub-0008	epub	hist	2	1	0	2192	2964	24
nist-epub-0008	epub	hist	3	1	0	2197	3092	24
nist-epub-0008	epub	hist	4	1	0	2508	2952	24
nist-epub-0008	epub	hist	5	1	0	2688	3092	24
nist-epub-0008	epub	full	0	2	0	1929	3028	24
nist-epub-0008	epub	full	1	2	0	2024	3128	24
nist-epub-0008	epub	full	2	2	0	2368	3384	24
nist-epub-0008	epub	full	3	2	0	2442	3348	24
nist-epub-0008	epub	full	4	2	0	2568	3460	24
nist-epub-0008	epub	full	5	2	0	2493	3396	24
nist-epub-0008	epub	adaptive	0	2	0	1957	3044	24
nist-epub-0008	epub	adaptive	1	2	0	1997	3056	24
nist-epub-0008	epub	adaptive	2	2	0	2350	3340	24
nist-epub-0008	epub	adaptive	3	2	0	2397	3348	24
nist-epub-0008	epub	adaptive	4	2	0	2492	3328	24
nist-epub-0008	epub	adaptive	5	2	0	2454	3376	24
nist-epub-0008	epub	hist	0	2	0	1954	2804	24
nist-epub-0008	epub	hist	1	2	0	1954	2964	24
nist-epub-0008	epub	hist	2	2	0	2166	2964	24
nist-epub-0008	epub	hist	3	2	0	2117	3092	24
nist-epub-0008	epub	hist	4	2	0	2378	2952	24
nist-epub-0008	epub	hist	5	2	0	2336	3092	24
nist-epub-0008	epub	vole	0	2	0	3140	4036	24
nist-epub-0008	epub	vole	1	2	0	3140	4036	24
nist-epub-0008	epub	vole	2	2	0	3140	4036	24
nist-epub-0008	epub	vole	3	2	0	3140	4036	24
nist-epub-0008	epub	vole	4	2	0	3140	4036	24
nist-epub-0008	epub	vole	5	2	0	3140	4036	24
nist-epub-0008	epub	vole	0	3	0	3169	4036	24
nist-epub-0008	epub	vole	1	3	0	3169	4036	24
nist-epub-0008	epub	vole	2	3	0	3169	4036	24
nist-epub-0008	epub	vole	3	3	0	3169	4036	24
nist-epub-0008	epub	vole	4	3	0	3169	4036	24
nist-epub-0008	epub	vole	5	3	0	3169	4036	24
nist-epub-0008	epub	full	0	3	0	2044	3028	24
nist-epub-0008	epub	full	1	3	0	2045	3128	24
nist-epub-0008	epub	full	2	3	0	2220	3384	24
nist-epub-0008	epub	full	3	3	0	2335	3348	24
nist-epub-0008	epub	full	4	3	0	2439	3460	24
nist-epub-0008	epub	full	5	3	0	2598	3396	24
nist-epub-0008	epub	adaptive	0	3	0	1920	3044	24
nist-epub-0008	epub	adaptive	1	3	0	2087	3056	24
nist-epub-0008	epub	adaptive	2	3	0	2276	3340	24
nist-epub-0008	epub	adaptive	3	3	0	2318	3348	24
nist-epub-0008	epub	adaptive	4	3	0	2862	3328	24
nist-epub-0008	epub	adaptive	5	3	0	2844	3376	24
nist-epub-0008	epub	hist	0	3	0	2102	2804	24
nist-epub-0008	epub	hist	1	3	0	2107	2964	24
nist-epub-0008	epub	hist	2	3	0	2335	2964	24
nist-epub-0008	epub	hist	3	3	0	2223	3092	24
nist-epub-0008	epub	hist	4	3	0	2474	2952	24
nist-epub-0008	epub	hist	5	3	0	2561	3092	24
nist-epub-0008	epub	full	0	4	0	1949	3028	24
nist-epub-0008	epub	full	1	4	0	2133	3128	24
nist-epub-0008	epub	full	2	4	0	2330	3384	24
nist-epub-0008	epub	full	3	4	0	2403	3348	24
nist-epub-0008	epub	full	4	4	0	2447	3460	24
nist-epub-0008	epub	full	5	4	0	2501	3396	24
nist-epub-0008	epub	adaptive	0	4	0	1922	3044	24
nist-epub-0008	epub	adaptive	1	4	0	1992	3056	24
nist-epub-0008	epub	adaptive	2	4	0	2369	3340	24
nist-epub-0008	epub	adaptive	3	4	0	2243	3348	24
nist-epub-0008	epub	adaptive	4	4	0	2456	3328	24
nist-epub-0008	epub	adaptive	5	4	0	2421	3376	24
nist-epub-0008	epub	hist	0	4	0	1864	2804	24
nist-epub-0008	epub	hist	1	4	0	2040	2964	24
nist-epub-0008	epub	hist	2	4	0	2148	2964	24
nist-epub-0008	epub	hist	3	4	0	2113	3092	24
nist-epub-0008	epub	hist	4	4	0	2305	2952	24
nist-epub-0008	epub	hist	5	4	0	2328	3092	24
nist-epub-0008	epub	vole	0	4	0	3182	4036	24
nist-epub-0008	epub	vole	1	4	0	3182	4036	24
nist-epub-0008	epub	vole	2	4	0	3182	4036	24
nist-epub-0008	epub	vole	3	4	0	3182	4036	24
nist-epub-0008	epub	vole	4	4	0	3182	4036	24
nist-epub-0008	epub	vole	5	4	0	3182	4036	24
nist-epub-0008	epub	vole	0	5	0	3065	4036	24
nist-epub-0008	epub	vole	1	5	0	3065	4036	24
nist-epub-0008	epub	vole	2	5	0	3065	4036	24
nist-epub-0008	epub	vole	3	5	0	3065	4036	24
nist-epub-0008	epub	vole	4	5	0	3065	4036	24
nist-epub-0008	epub	vole	5	5	0	3065	4036	24
nist-epub-0008	epub	full	0	5	0	1987	3028	24
nist-epub-0008	epub	full	1	5	0	1942	3128	24
nist-epub-0008	epub	full	2	5	0	2339	3384	24
nist-epub-0008	epub	full	3	5	0	2276	3348	24
nist-epub-0008	epub	full	4	5	0	2563	3460	24
nist-epub-0008	epub	full	5	5	0	2737	3396	24
nist-epub-0008	epub	adaptive	0	5	0	2187	3044	24
nist-epub-0008	epub	adaptive	1	5	0	2141	3056	24
nist-epub-0008	epub	adaptive	2	5	0	2697	3340	24
nist-epub-0008	epub	adaptive	3	5	0	2606	3348	24
nist-epub-0008	epub	adaptive	4	5	0	2545	3328	24
nist-epub-0008	epub	adaptive	5	5	0	2753	3376	24
nist-epub-0008	epub	hist	0	5	0	1993	2804	24
nist-epub-0008	epub	hist	1	5	0	1952	2964	24
nist-epub-0008	epub	hist	2	5	0	2187	2964	24
nist-epub-0008	epub	hist	3	5	0	2168	3092	24
nist-epub-0008	epub	hist	4	5	0	2447	2952	24
nist-epub-0008	epub	hist	5	5	0	2344	3092	24
nist-epub-0008	epub	full	0	6	0	2063	3028	24
nist-epub-0008	epub	full	1	6	0	1982	3128	24
nist-epub-0008	epub	full	2	6	0	2328	3384	24
nist-epub-0008	epub	full	3	6	0	2512	3348	24
nist-epub-0008	epub	full	4	6	0	2618	3460	24
nist-epub-0008	epub	full	5	6	0	2541	3396	24
nist-epub-0008	epub	adaptive	0	6	0	1906	3044	24
nist-epub-0008	epub	adaptive	1	6	0	2069	3056	24
nist-epub-0008	epub	adaptive	2	6	0	2268	3340	24
nist-epub-0008	epub	adaptive	3	6	0	2336	3348	24
nist-epub-0008	epub	adaptive	4	6	0	2564	3328	24
nist-epub-0008	epub	adaptive	5	6	0	2471	3376	24
nist-epub-0008	epub	hist	0	6	0	1885	2804	24
nist-epub-0008	epub	hist	1	6	0	1944	2964	24
nist-epub-0008	epub	hist	2	6	0	2189	2964	24
nist-epub-0008	epub	hist	3	6	0	2111	3092	24
nist-epub-0008	epub	hist	4	6	0	2323	2952	24
nist-epub-0008	epub	hist	5	6	0	2416	3092	24
nist-epub-0008	epub	vole	0	6	0	3182	4036	24
nist-epub-0008	epub	vole	1	6	0	3182	4036	24
nist-epub-0008	epub	vole	2	6	0	3182	4036	24
nist-epub-0008	epub	vole	3	6	0	3182	4036	24
nist-epub-0008	epub	vole	4	6	0	3182	4036	24
nist-epub-0008	epub	vole	5	6	0	3182	4036	24
nist-epub-0008	epub	vole	0	7	0	3154	4036	24
nist-epub-0008	epub	vole	1	7	0	3154	4036	24
nist-epub-0008	epub	vole	2	7	0	3154	4036	24
nist-epub-0008	epub	vole	3	7	0	3154	4036	24
nist-epub-0008	epub	vole	4	7	0	3154	4036	24
nist-epub-0008	epub	vole	5	7	0	3154	4036	24
nist-epub-0008	epub	full	0	7	0	1998	3028	24
nist-epub-0008	epub	full	1	7	0	2159	3128	24
nist-epub-0008	epub	full	2	7	0	2364	3384	24
nist-epub-0008	epub	full	3	7	0	2497	3348	24
nist-epub-0008	epub	full	4	7	0	2926	3460	24
nist-epub-0008	epub	full	5	7	0	2655	3396	24
nist-epub-0008	epub	adaptive	0	7	0	2083	3044	24
nist-epub-0008	epub	adaptive	1	7	0	2083	3056	24
nist-epub-0008	epub	adaptive	2	7	0	2318	3340	24
nist-epub-0008	epub	adaptive	3	7	0	2383	3348	24
nist-epub-0008	epub	adaptive	4	7	0	2707	3328	24
nist-epub-0008	epub	adaptive	5	7	0	2523	3376	24
nist-epub-0008	epub	hist	0	7	0	1927	2804	24
nist-epub-0008	epub	hist	1	7	0	1945	2964	24
nist-epub-0008	epub	hist	2	7	0	2160	2964	24
nist-epub-0008	epub	hist	3	7	0	2212	3092	24
nist-epub-0008	epub	hist	4	7	0	2426	2952	24
nist-epub-0008	epub	hist	5	7	0	2403	3092	24
nist-epub-0008	epub	full	0	8	0	1991	3028	24
nist-epub-0008	epub	full	1	8	0	2019	3128	24
nist-epub-0008	epub	full	2	8	0	2328	3384	24
nist-epub-0008	epub	full	3	8	0	2283	3348	24
nist-epub-0008	epub	full	4	8	0	2502	3460	24
nist-epub-0008	epub	full	5	8	0	2654	3396	24
nist-epub-0008	epub	adaptive	0	8	0	1879	3044	24
nist-epub-0008	epub	adaptive	1	8	0	2021	3056	24
nist-epub-0008	epub	adaptive	2	8	0	2351	3340	24
nist-epub-0008	epub	adaptive	3	8	0	2307	3348	24
nist-epub-0008	epub	adaptive	4	8	0	2422	3328	24
nist-epub-0008	epub	adaptive	5	8	0	2504	3376	24
nist-epub-0008	epub	hist	0	8	0	1907	2804	24
nist-epub-0008	epub	hist	1	8	0	2005	2964	24
nist-epub-0008	epub	hist	2	8	0	2164	2964	24
nist-epub-0008	epub	hist	3	8	0	2181	3092	24
nist-epub-0008	epub	hist	4	8	0	2287	2952	24
nist-epub-0008	epub	hist	5	8	0	2372	3092	24
nist-epub-0008	epub	vole	0	8	0	3179	4036	24
nist-epub-0008	epub	vole	1	8	0	3179	4036	24
nist-epub-0008	epub	vole	2	8	0	3179	4036	24
nist-epub-0008	epub	vole	3	8	0	3179	4036	24
nist-epub-0008	epub	vole	4	8	0	3179	4036	24
nist-epub-0008	epub	vole	5	8	0	3179	4036	24
nist-epub-0008	epub	vole	0	9	0	3378	4036	24
nist-epub-0008	epub	vole	1	9	0	3378	4036	24
nist-epub-0008	epub	vole	2	9	0	3378	4036	24
nist-epub-0008	epub	vole	3	9	0	3378	4036	24
nist-epub-0008	epub	vole	4	9	0	3378	4036	24
nist-epub-0008	epub	vole	5	9	0	3378	4036	24
nist-epub-0008	epub	full	0	9	0	2313	3028	24
nist-epub-0008	epub	full	1	9	0	2168	3128	24
nist-epub-0008	epub	full	2	9	0	2354	3384	24
nist-epub-0008	epub	full	3	9	0	2300	3348	24
nist-epub-0008	epub	full	4	9	0	2752	3460	24
nist-epub-0008	epub	full	5	9	0	2495	3396	24
nist-epub-0008	epub	adaptive	0	9	0	1910	3044	24
nist-epub-0008	epub	adaptive	1	9	0	2026	3056	24
nist-epub-0008	epub	adaptive	2	9	0	2282	3340	24
nist-epub-0008	epub	adaptive	3	9	0	2244	3348	24
nist-epub-0008	epub	adaptive	4	9	0	2458	3328	24
nist-epub-0008	epub	adaptive	5	9	0	2616	3376	24
nist-epub-0008	epub	hist	0	9	0	1846	2804	24
nist-epub-0008	epub	hist	1	9	0	1951	2964	24
nist-epub-0008	epub	hist	2	9	0	2168	2964	24
nist-epub-0008	epub	hist	3	9	0	2234	3092	24
nist-epub-0008	epub	hist	4	9	0	2296	2952	24
nist-epub-0008	epub	hist	5	9	0	2458	3092	24
nist-epub-0008	epub	full	0	10	0	1995	3028	24
nist-epub-0008	epub	full	1	10	0	2108	3128	24
nist-epub-0008	epub	full	2	10	0	2276	3384	24
nist-epub-0008	epub	full	3	10	0	2240	3348	24
nist-epub-0008	epub	full	4	10	0	2441	3460	24
nist-epub-0008	epub	full	5	10	0	2391	3396	24
nist-epub-0008	epub	adaptive	0	10	0	1925	3044	24
nist-epub-0008	epub	adaptive	1	10	0	1977	3056	24
nist-epub-0008	epub	adaptive	2	10	0	2324	3340	24
nist-epub-0008	epub	adaptive	3	10	0	2349	3348	24
nist-epub-0008	epub	adaptive	4	10	0	2440	3328	24
nist-epub-0008	epub	adaptive	5	10	0	2503	3376	24
nist-epub-0008	epub	hist	0	10	0	1862	2804	24
nist-epub-0008	epub	hist	1	10	0	1985	2964	24
nist-epub-0008	epub	hist	2	10	0	2190	2964	24
nist-epub-0008	epub	hist	3	10	0	2216	3092	24
nist-epub-0008	epub	hist	4	10	0	2287	2952	24
nist-epub-0008	epub	hist	5	10	0	2447	3092	24
nist-epub-0008	epub	vole	0	10	0	3348	4036	24
nist-epub-0008	epub	vole	1	10	0	3348	4036	24
nist-epub-0008	epub	vole	2	10	0	3348	4036	24
nist-epub-0008	epub	vole	3	10	0	3348	4036	24
nist-epub-0008	epub	vole	4	10	0	3348	4036	24
nist-epub-0008	epub	vole	5	10	0	3348	4036	24
nist-epub-0008	epub	vole	0	11	0	3232	4036	24
nist-epub-0008	epub	vole	1	11	0	3232	4036	24
nist-epub-0008	epub	vole	2	11	0	3232	4036	24
nist-epub-0008	epub	vole	3	11	0	3232	4036	24
nist-epub-0008	epub	vole	4	11	0	3232	4036	24
nist-epub-0008	epub	vole	5	11	0	3232	4036	24
nist-epub-0008	epub	full	0	11	0	2400	3028	24
nist-epub-0008	epub	full	1	11	0	2130	3128	24
nist-epub-0008	epub	full	2	11	0	2299	3384	24
nist-epub-0008	epub	full	3	11	0	2259	3348	24
nist-epub-0008	epub	full	4	11	0	2445	3460	24
nist-epub-0008	epub	full	5	11	0	2520	3396	24
nist-epub-0008	epub	adaptive	0	11	0	2054	3044	24
nist-epub-0008	epub	adaptive	1	11	0	2141	3056	24
nist-epub-0008	epub	adaptive	2	11	0	2209	3340	24
nist-epub-0008	epub	adaptive	3	11	0	2384	3348	24
nist-epub-0008	epub	adaptive	4	11	0	2461	3328	24
nist-epub-0008	epub	adaptive	5	11	0	2463	3376	24
nist-epub-0008	epub	hist	0	11	0	1811	2804	24
nist-epub-0008	epub	hist	1	11	0	2034	2964	24
nist-epub-0008	epub	hist	2	11	0	2249	2964	24
nist-epub-0008	epub	hist	3	11	0	2119	3092	24
nist-epub-0008	epub	hist	4	11	0	2335	2952	24
nist-epub-0008	epub	hist	5	11	0	2322	3092	24
nist-epub-0008	epub	full	0	12	0	2235	3028	24
nist-epub-0008	epub	full	1	12	0	2228	3128	24
nist-epub-0008	epub	full	2	12	0	2435	3384	24
nist-epub-0008	epub	full	3	12	0	2326	3348	24
nist-epub-0008	epub	full	4	12	0	2504	3460	24
nist-epub-0008	epub	full	5	12	0	2537	3396	24
nist-epub-0008	epub	adaptive	0	12	0	1920	3044	24
nist-epub-0008	epub	adaptive	1	12	0	2071	3056	24
nist-epub-0008	epub	adaptive	2	12	0	2282	3340	24
nist-epub-0008	epub	adaptive	3	12	0	2254	3348	24
nist-epub-0008	epub	adaptive	4	12	0	2613	3328	24
nist-epub-0008	epub	adaptive	5	12	0	2550	3376	24
nist-epub-0008	epub	hist	0	12	0	1904	2804	24
nist-epub-0008	epub	hist	1	12	0	2092	2964	24
nist-epub-0008	epub	hist	2	12	0	2554	2964	24
nist-epub-0008	epub	hist	3	12	0	2417	3092	24
nist-epub-0008	epub	hist	4	12	0	2450	2952	24
nist-epub-0008	epub	hist	5	12	0	2573	3092	24
nist-epub-0008	epub	vole	0	12	0	3314	4036	24
nist-epub-0008	epub	vole	1	12	0	3314	4036	24
nist-epub-0008	epub	vole	2	12	0	3314	4036	24
nist-epub-0008	epub	vole	3	12	0	3314	4036	24
nist-epub-0008	epub	vole	4	12	0	3314	4036	24
nist-epub-0008	epub	vole	5	12	0	3314	4036	24
nist-epub-0008	epub	vole	0	13	0	3149	4036	24
nist-epub-0008	epub	vole	1	13	0	3149	4036	24
nist-epub-0008	epub	vole	2	13	0	3149	4036	24
nist-epub-0008	epub	vole	3	13	0	3149	4036	24
nist-epub-0008	epub	vole	4	13	0	3149	4036	24
nist-epub-0008	epub	vole	5	13	0	3149	4036	24
nist-epub-0008	epub	full	0	13	0	2008	3028	24
nist-epub-0008	epub	full	1	13	0	2327	3128	24
nist-epub-0008	epub	full	2	13	0	2319	3384	24
nist-epub-0008	epub	full	3	13	0	2283	3348	24
nist-epub-0008	epub	full	4	13	0	2495	3460	24
nist-epub-0008	epub	full	5	13	0	2619	3396	24
nist-epub-0008	epub	adaptive	0	13	0	2021	3044	24
nist-epub-0008	epub	adaptive	1	13	0	2072	3056	24
nist-epub-0008	epub	adaptive	2	13	0	2326	3340	24
nist-epub-0008	epub	adaptive	3	13	0	2317	3348	24
nist-epub-0008	epub	adaptive	4	13	0	2546	3328	24
nist-epub-0008	epub	adaptive	5	13	0	2623	3376	24
nist-epub-0008	epub	hist	0	13	0	1983	2804	24
nist-epub-0008	epub	hist	1	13	0	1970	2964	24
nist-epub-0008	epub	hist	2	13	0	2172	2964	24
nist-epub-0008	epub	hist	3	13	0	2198	3092	24
nist-epub-0008	epub	hist	4	13	0	2483	2952	24
nist-epub-0008	epub	hist	5	13	0	2373	3092	24
nist-epub-0008	epub	full	0	14	0	1962	3028	24
nist-epub-0008	epub	full	1	14	0	1965	3128	24
nist-epub-0008	epub	full	2	14	0	2315	3384	24
nist-epub-0008	epub	full	3	14	0	2303	3348	24
nist-epub-0008	epub	full	4	14	0	2485	3460	24
nist-epub-0008	epub	full	5	14	0	2397	3396	24
nist-epub-0008	epub	adaptive	0	14	0	1936	3044	24
nist-epub-0008	epub	adaptive	1	14	0	2064	3056	24
nist-epub-0008	epub	adaptive	2	14	0	2359	3340	24
nist-epub-0008	epub	adaptive	3	14	0	2376	3348	24
nist-epub-0008	epub	adaptive	4	14	0	2678	3328	24
nist-epub-0008	epub	adaptive	5	14	0	2579	3376	24
nist-epub-0008	epub	hist	0	14	0	2141	2804	24
nist-epub-0008	epub	hist	1	14	0	2181	2964	24
nist-epub-0008	epub	hist	2	14	0	2169	2964	24
nist-epub-0008	epub	hist	3	14	0	2181	3092	24
nist-epub-0008	epub	hist	4	14	0	2365	2952	24
nist-epub-0008	epub	hist	5	14	0	2442	3092	24
nist-epub-0008	epub	vole	0	14	0	3220	4036	24
nist-epub-0008	epub	vole	1	14	0	3220	4036	24
nist-epub-0008	epub	vole	2	14	0	3220	4036	24
nist-epub-0008	epub	vole	3	14	0	3220	4036	24
nist-epub-0008	epub	vole	4	14	0	3220	4036	24
nist-epub-0008	epub	vole	5	14	0	3220	4036	24
nist-epub-0008	epub	vole	0	15	0	3277	4036	24
nist-epub-0008	epub	vole	1	15	0	3277	4036	24
nist-epub-0008	epub	vole	2	15	0	3277	4036	24
nist-epub-0008	epub	vole	3	15	0	3277	4036	24
nist-epub-0008	epub	vole	4	15	0	3277	4036	24
nist-epub-0008	epub	vole	5	15	0	3277	4036	24
nist-epub-0008	epub	full	0	15	0	2502	3028	24
nist-epub-0008	epub	full	1	15	0	2207	3128	24
nist-epub-0008	epub	full	2	15	0	2490	3384	24
nist-epub-0008	epub	full	3	15	0	2596	3348	24
nist-epub-0008	epub	full	4	15	0	2694	3460	24
nist-epub-0008	epub	full	5	15	0	2781	3396	24
nist-epub-0008	epub	adaptive	0	15	0	2020	3044	24
nist-epub-0008	epub	adaptive	1	15	0	2186	3056	24
nist-epub-0008	epub	adaptive	2	15	0	2574	3340	24
nist-epub-0008	epub	adaptive	3	15	0	2356	3348	24
nist-epub-0008	epub	adaptive	4	15	0	2480	3328	24
nist-epub-0008	epub	adaptive	5	15	0	2540	3376	24
nist-epub-0008	epub	hist	0	15	0	1920	2804	24
nist-epub-0008	epub	hist	1	15	0	1961	2964	24
nist-epub-0008	epub	hist	2	15	0	2150	2964	24
nist-epub-0008	epub	hist	3	15	0	2168	3092	24
nist-epub-0008	epub	hist	4	15	0	2346	2952	24
nist-epub-0008	epub	hist	5	15	0	2359	3092	24
nist-epub-0008	epub	full	0	16	0	1911	3028	24
nist-epub-0008	epub	full	1	16	0	2027	3128	24
nist-epub-0008	epub	full	2	16	0	2291	3384	24
nist-epub-0008	epub	full	3	16	0	2478	3348	24
nist-epub-0008	epub	full	4	16	0	2756	3460	24
nist-epub-0008	epub	full	5	16	0	2572	3396	24
nist-epub-0008	epub	adaptive	0	16	0	2013	3044	24
nist-epub-0008	epub	adaptive	1	16	0	2063	3056	24
nist-epub-0008	epub	adaptive	2	16	0	2381	3340	24
nist-epub-0008	epub	adaptive	3	16	0	2401	3348	24
nist-epub-0008	epub	adaptive	4	16	0	4150	3328	24
nist-epub-0008	epub	adaptive	5	16	0	3091	3376	24
nist-epub-0008	epub	hist	0	16	0	2123	2804	24
nist-epub-0008	epub	hist	1	16	0	2099	2964	24
nist-epub-0008	epub	hist	2	16	0	2302	2964	24
nist-epub-0008	epub	hist	3	16	0	2408	3092	24
nist-epub-0008	epub	hist	4	16	0	2530	2952	24
nist-epub-0008	epub	hist	5	16	0	2473	3092	24
nist-epub-0008	epub	vole	0	16	0	3289	4036	24
nist-epub-0008	epub	vole	1	16	0	3289	4036	24
nist-epub-0008	epub	vole	2	16	0	3289	4036	24
nist-epub-0008	epub	vole	3	16	0	3289	4036	24
nist-epub-0008	epub	vole	4	16	0	3289	4036	24
nist-epub-0008	epub	vole	5	16	0	3289	4036	24
nist-epub-0008	epub	vole	0	17	0	3427	4036	24
nist-epub-0008	epub	vole	1	17	0	3427	4036	24
nist-epub-0008	epub	vole	2	17	0	3427	4036	24
nist-epub-0008	epub	vole	3	17	0	3427	4036	24
nist-epub-0008	epub	vole	4	17	0	3427	4036	24
nist-epub-0008	epub	vole	5	17	0	3427	4036	24
nist-epub-0008	epub	full	0	17	0	2364	3028	24
nist-epub-0008	epub	full	1	17	0	2173	3128	24
nist-epub-0008	epub	full	2	17	0	2411	3384	24
nist-epub-0008	epub	full	3	17	0	2470	3348	24
nist-epub-0008	epub	full	4	17	0	2590	3460	24
nist-epub-0008	epub	full	5	17	0	2502	3396	24
nist-epub-0008	epub	adaptive	0	17	0	1924	3044	24
nist-epub-0008	epub	adaptive	1	17	0	2079	3056	24
nist-epub-0008	epub	adaptive	2	17	0	2259	3340	24
nist-epub-0008	epub	adaptive	3	17	0	2476	3348	24
nist-epub-0008	epub	adaptive	4	17	0	2549	3328	24
nist-epub-0008	epub	adaptive	5	17	0	2445	3376	24
nist-epub-0008	epub	hist	0	17	0	1864	2804	24
nist-epub-0008	epub	hist	1	17	0	2001	2964	24
nist-epub-0008	epub	hist	2	17	0	2248	2964	24
nist-epub-0008	epub	hist	3	17	0	2304	3092	24
nist-epub-0008	epub	hist	4	17	0	2440	2952	24
nist-epub-0008	epub	hist	5	17	0	2339	3092	24
nist-epub-0008	epub	full	0	18	0	2130	3028	24
nist-epub-0008	epub	full	1	18	0	2636	3128	24
nist-epub-0008	epub	full	2	18	0	2524	3384	24
nist-epub-0008	epub	full	3	18	0	2603	3348	24
nist-epub-0008	epub	full	4	18	0	3268	3460	24
nist-epub-0008	epub	full	5	18	0	2569	3396	24
nist-epub-0008	epub	adaptive	0	18	0	2075	3044	24
nist-epub-0008	epub	adaptive	1	18	0	2234	3056	24
nist-epub-0008	epub	adaptive	2	18	0	2378	3340	24
nist-epub-0008	epub	adaptive	3	18	0	2458	3348	24
nist-epub-0008	epub	adaptive	4	18	0	2582	3328	24
nist-epub-0008	epub	adaptive	5	18	0	2624	3376	24
nist-epub-0008	epub	hist	0	18	0	2037	2804	24
nist-epub-0008	epub	hist	1	18	0	2152	2964	24
nist-epub-0008	epub	hist	2	18	0	2310	2964	24
nist-epub-0008	epub	hist	3	18	0	2168	3092	24
nist-epub-0008	epub	hist	4	18	0	2484	2952	24
nist-epub-0008	epub	hist	5	18	0	2731	3092	24
nist-epub-0008	epub	vole	0	18	0	3341	4036	24
nist-epub-0008	epub	vole	1	18	0	3341	4036	24
nist-epub-0008	epub	vole	2	18	0	3341	4036	24
nist-epub-0008	epub	vole	3	18	0	3341	4036	24
nist-epub-0008	epub	vole	4	18	0	3341	4036	24
nist-epub-0008	epub	vole	5	18	0	3341	4036	24
nist-epub-0008	epub	vole	0	19	0	3456	4036	24
nist-epub-0008	epub	vole	1	19	0	3456	4036	24
nist-epub-0008	epub	vole	2	19	0	3456	4036	24
nist-epub-0008	epub	vole	3	19	0	3456	4036	24
nist-epub-0008	epub	vole	4	19	0	3456	4036	24
nist-epub-0008	epub	vole	5	19	0	3456	4036	24
nist-epub-0008	epub	full	0	19	0	2332	3028	24
nist-epub-0008	epub	full	1	19	0	2211	3128	24
nist-epub-0008	epub	full	2	19	0	2438	3384	24
nist-epub-0008	epub	full	3	19	0	2320	3348	24
nist-epub-0008	epub	full	4	19	0	2478	3460	24
nist-epub-0008	epub	full	5	19	0	2540	3396	24
nist-epub-0008	epub	adaptive	0	19	0	1912	3044	24
nist-epub-0008	epub	adaptive	1	19	0	2068	3056	24
nist-epub-0008	epub	adaptive	2	19	0	2391	3340	24
nist-epub-0008	epub	adaptive	3	19	0	2373	3348	24
nist-epub-0008	epub	adaptive	4	19	0	2567	3328	24
nist-epub-0008	epub	adaptive	5	19	0	2528	3376	24
nist-epub-0008	epub	hist	0	19	0	2044	2804	24
nist-epub-0008	epub	hist	1	19	0	2027	2964	24
nist-epub-0008	epub	hist	2	19	0	2208	2964	24
nist-epub-0008	epub	hist	3	19	0	2297	3092	24
nist-epub-0008	epub	hist	4	19	0	2425	2952	24
nist-epub-0008	epub	hist	5	19	0	2525	3092	24
nist-epub-0008	epub	full	0	20	0	2066	3028	24
nist-epub-0008	epub	full	1	20	0	2013	3128	24
nist-epub-0008	epub	full	2	20	0	2297	3384	24
nist-epub-0008	epub	full	3	20	0	2326	3348	24
nist-epub-0008	epub	full	4	20	0	2493	3460	24
nist-epub-0008	epub	full	5	20	0	2500	3396	24
nist-epub-0008	epub	adaptive	0	20	0	1991	3044	24
nist-epub-0008	epub	adaptive	1	20	0	2017	3056	24
nist-epub-0008	epub	adaptive	2	20	0	2369	3340	24
nist-epub-0008	epub	adaptive	3	20	0	2291	3348	24
nist-epub-0008	epub	adaptive	4	20	0	2653	3328	24
nist-epub-0008	epub	adaptive	5	20	0	2528	3376	24
nist-epub-0008	epub	hist	0	20	0	1884	2804	24
nist-epub-0008	epub	hist	1	20	0	1978	2964	24
nist-epub-0008	epub	hist	2	20	0	2307	2964	24
nist-epub-0008	epub	hist	3	20	0	2171	3092	24
nist-epub-0008	epub	hist	4	20	0	2441	2952	24
nist-epub-0008	epub	hist	5	20	0	2952	3092	24
nist-epub-0008	epub	vole	0	20	0	3252	4036	24
nist-epub-0008	epub	vole	1	20	0	3252	4036	24
nist-epub-0008	epub	vole	2	20	0	3252	4036	24
nist-epub-0008	epub	vole	3	20	0	3252	4036	24
nist-epub-0008	epub	vole	4	20	0	3252	4036	24
nist-epub-0008	epub	vole	5	20	0	3252	4036	24
nist-epub-0008	epub	vole	0	21	0	3376	4036	24
nist-epub-0008	epub	vole	1	21	0	3376	4036	24
nist-epub-0008	epub	vole	2	21	0	3376	4036	24
nist-epub-0008	epub	vole	3	21	0	3376	4036	24
nist-epub-0008	epub	vole	4	21	0	3376	4036	24
nist-epub-0008	epub	vole	5	21	0	3376	4036	24
nist-epub-0008	epub	full	0	21	0	2061	3028	24
nist-epub-0008	epub	full	1	21	0	2151	3128	24
nist-epub-0008	epub	full	2	21	0	2366	3384	24
nist-epub-0008	epub	full	3	21	0	2419	3348	24
nist-epub-0008	epub	full	4	21	0	2442	3460	24
nist-epub-0008	epub	full	5	21	0	2509	3396	24
nist-epub-0008	epub	adaptive	0	21	0	2015	3044	24
nist-epub-0008	epub	adaptive	1	21	0	2127	3056	24
nist-epub-0008	epub	adaptive	2	21	0	2470	3340	24
nist-epub-0008	epub	adaptive	3	21	0	2256	3348	24
nist-epub-0008	epub	adaptive	4	21	0	2561	3328	24
nist-epub-0008	epub	adaptive	5	21	0	2500	3376	24
nist-epub-0008	epub	hist	0	21	0	1998	2804	24
nist-epub-0008	epub	hist	1	21	0	2678	2964	24
nist-epub-0008	epub	hist	2	21	0	2536	2964	24
nist-epub-0008	epub	hist	3	21	0	2519	3092	24
nist-epub-0008	epub	hist	4	21	0	2505	2952	24
nist-epub-0008	epub	hist	5	21	0	2549	3092	24
nist-epub-0008	epub	full	0	22	0	2085	3028	24
nist-epub-0008	epub	full	1	22	0	2204	3128	24
nist-epub-0008	epub	full	2	22	0	2393	3384	24
nist-epub-0008	epub	full	3	22	0	2338	3348	24
nist-epub-0008	epub	full	4	22	0	2621	3460	24
nist-epub-0008	epub	full	5	22	0	2543	3396	24
nist-epub-0008	epub	adaptive	0	22	0	2057	3044	24
nist-epub-0008	epub	adaptive	1	22	0	2203	3056	24
nist-epub-0008	epub	adaptive	2	22	0	2349	3340	24
nist-epub-0008	epub	adaptive	3	22	0	2299	3348	24
nist-epub-0008	epub	adaptive	4	22	0	2753	3328	24
nist-epub-0008	epub	adaptive	5	22	0	2609	3376	24
nist-epub-0008	epub	hist	0	22	0	2003	2804	24
nist-epub-0008	epub	hist	1	22	0	2219	2964	24
nist-epub-0008	epub	hist	2	22	0	2298	2964	24
nist-epub-0008	epub	hist	3	22	0	2387	3092	24
nist-epub-0008	epub	hist	4	22	0	2477	2952	24
nist-epub-0008	epub	hist	5	22	0	2509	3092	24
nist-epub-0008	epub	vole	0	22	0	3241	4036	24
nist-epub-0008	epub	vole	1	22	0	3241	4036	24
nist-epub-0008	epub	vole	2	22	0	3241	4036	24
nist-epub-0008	epub	vole	3	22	0	3241	4036	24
nist-epub-0008	epub	vole	4	22	0	3241	4036	24
nist-epub-0008	epub	vole	5	22	0	3241	4036	24
nist-epub-0008	epub	vole	0	23	0	3184	4036	24
nist-epub-0008	epub	vole	1	23	0	3184	4036	24
nist-epub-0008	epub	vole	2	23	0	3184	4036	24
nist-epub-0008	epub	vole	3	23	0	3184	4036	24
nist-epub-0008	epub	vole	4	23	0	3184	4036	24
nist-epub-0008	epub	vole	5	23	0	3184	4036	24
nist-epub-0008	epub	full	0	23	0	2196	3028	24
nist-epub-0008	epub	full	1	23	0	2202	3128	24
nist-epub-0008	epub	full	2	23	0	2374	3384	24
nist-epub-0008	epub	full	3	23	0	2479	3348	24
nist-epub-0008	epub	full	4	23	0	2545	3460	24
nist-epub-0008	epub	full	5	23	0	3697	3396	24
nist-epub-0008	epub	adaptive	0	23	0	1943	3044	24
nist-epub-0008	epub	adaptive	1	23	0	2184	3056	24
nist-epub-0008	epub	adaptive	2	23	0	2336	3340	24
nist-epub-0008	epub	adaptive	3	23	0	2354	3348	24
nist-epub-0008	epub	adaptive	4	23	0	2539	3328	24
nist-epub-0008	epub	adaptive	5	23	0	2551	3376	24
nist-epub-0008	epub	hist	0	23	0	1957	2804	24
nist-epub-0008	epub	hist	1	23	0	1988	2964	24
nist-epub-0008	epub	hist	2	23	0	2280	2964	24
nist-epub-0008	epub	hist	3	23	0	2214	3092	24
nist-epub-0008	epub	hist	4	23	0	2476	2952	24
nist-epub-0008	epub	hist	5	23	0	2443	3092	24
nist-epub-0008	epub	full	0	24	0	1953	3028	24
nist-epub-0008	epub	full	1	24	0	1988	3128	24
nist-epub-0008	epub	full	2	24	0	2445	3384	24
nist-epub-0008	epub	full	3	24	0	2464	3348	24
nist-epub-0008	epub	full	4	24	0	2572	3460	24
nist-epub-0008	epub	full	5	24	0	2536	3396	24
nist-epub-0008	epub	adaptive	0	24	0	1958	3044	24
nist-epub-0008	epub	adaptive	1	24	0	2038	3056	24
nist-epub-0008	epub	adaptive	2	24	0	2287	3340	24
nist-epub-0008	epub	adaptive	3	24	0	2373	3348	24
nist-epub-0008	epub	adaptive	4	24	0	2612	3328	24
nist-epub-0008	epub	adaptive	5	24	0	2537	3376	24
nist-epub-0008	epub	hist	0	24	0	1928	2804	24
nist-epub-0008	epub	hist	1	24	0	2032	2964	24
nist-epub-0008	epub	hist	2	24	0	2136	2964	24
nist-epub-0008	epub	hist	3	24	0	2198	3092	24
nist-epub-0008	epub	hist	4	24	0	2422	2952	24
nist-epub-0008	epub	hist	5	24	0	2607	3092	24
nist-epub-0008	epub	vole	0	24	0	3288	4036	24
nist-epub-0008	epub	vole	1	24	0	3288	4036	24
nist-epub-0008	epub	vole	2	24	0	3288	4036	24
nist-epub-0008	epub	vole	3	24	0	3288	4036	24
nist-epub-0008	epub	vole	4	24	0	3288	4036	24
nist-epub-0008	epub	vole	5	24	0	3288	4036	24
nist-epub-0008	epub	vole	0	25	0	3574	4036	24
nist-epub-0008	epub	vole	1	25	0	3574	4036	24
nist-epub-0008	epub	vole	2	25	0	3574	4036	24
nist-epub-0008	epub	vole	3	25	0	3574	4036	24
nist-epub-0008	epub	vole	4	25	0	3574	4036	24
nist-epub-0008	epub	vole	5	25	0	3574	4036	24
nist-epub-0008	epub	full	0	25	0	2438	3028	24
nist-epub-0008	epub	full	1	25	0	2191	3128	24
nist-epub-0008	epub	full	2	25	0	2348	3384	24
nist-epub-0008	epub	full	3	25	0	2311	3348	24
nist-epub-0008	epub	full	4	25	0	2529	3460	24
nist-epub-0008	epub	full	5	25	0	2509	3396	24
nist-epub-0008	epub	adaptive	0	25	0	2019	3044	24
nist-epub-0008	epub	adaptive	1	25	0	2057	3056	24
nist-epub-0008	epub	adaptive	2	25	0	2346	3340	24
nist-epub-0008	epub	adaptive	3	25	0	2303	3348	24
nist-epub-0008	epub	adaptive	4	25	0	2695	3328	24
nist-epub-0008	epub	adaptive	5	25	0	2575	3376	24
nist-epub-0008	epub	hist	0	25	0	1968	2804	24
nist-epub-0008	epub	hist	1	25	0	2135	2964	24
nist-epub-0008	epub	hist	2	25	0	2268	2964	24
nist-epub-0008	epub	hist	3	25	0	2250	3092	24
nist-epub-0008	epub	hist	4	25	0	2594	2952	24
nist-epub-0008	epub	hist	5	25	0	2485	3092	24
nist-epub-0009	epub	vole	0	1	0	7061	9256	24
nist-epub-0009	epub	vole	1	1	0	7061	9256	24
nist-epub-0009	epub	vole	2	1	0	7061	9256	24
nist-epub-0009	epub	vole	3	1	0	7061	9256	24
nist-epub-0009	epub	vole	4	1	0	7061	9256	24
nist-epub-0009	epub	vole	5	1	0	7061	9256	24
nist-epub-0009	epub	full	0	1	0	4823	7388	24
nist-epub-0009	epub	full	1	1	0	4410	7304	24
nist-epub-0009	epub	full	2	1	0	4556	7352	24
nist-epub-0009	epub	full	3	1	0	5021	7368	24
nist-epub-0009	epub	full	4	1	0	4935	7452	24
nist-epub-0009	epub	full	5	1	0	4982	7572	24
nist-epub-0009	epub	adaptive	0	1	0	4299	7300	24
nist-epub-0009	epub	adaptive	1	1	0	4187	7356	24
nist-epub-0009	epub	adaptive	2	1	0	4628	7476	24
nist-epub-0009	epub	adaptive	3	1	0	4770	7572	24
nist-epub-0009	epub	adaptive	4	1	0	4490	7512	24
nist-epub-0009	epub	adaptive	5	1	0	4674	7560	24
nist-epub-0009	epub	hist	0	1	0	4775	7040	24
nist-epub-0009	epub	hist	1	1	0	4070	6872	24
nist-epub-0009	epub	hist	2	1	0	4039	7012	24
nist-epub-0009	epub	hist	3	1	0	3980	6868	24
nist-epub-0009	epub	hist	4	1	0	4576	7024	24
nist-epub-0009	epub	hist	5	1	0	5083	6960	24
nist-epub-0009	epub	full	0	2	0	4491	7388	24
nist-epub-0009	epub	full	1	2	0	4200	7304	24
nist-epub-0009	epub	full	2	2	0	4381	7352	24
nist-epub-0009	epub	full	3	2	0	4920	7368	24
nist-epub-0009	epub	full	4	2	0	4799	7452	24
nist-epub-0009	epub	full	5	2	0	4486	7572	24
nist-epub-0009	epub	adaptive	0	2	0	4296	7300	24
nist-epub-0009	epub	adaptive	1	2	0	4425	7356	24
nist-epub-0009	epub	adaptive	2	2	0	4605	7476	24
nist-epub-0009	epub	adaptive	3	2	0	4340	7572	24
nist-epub-0009	epub	adaptive	4	2	0	4942	7512	24
nist-epub-0009	epub	adaptive	5	2	0	4498	7560	24
nist-epub-0009	epub	hist	0	2	0	3926	7040	24
nist-epub-0009	epub	hist	1	2	0	4037	6872	24
nist-epub-0009	epub	hist	2	2	0	4062	7012	24
nist-epub-0009	epub	hist	3	2	0	4272	6868	24
nist-epub-0009	epub	hist	4	2	0	4156	7024	24
nist-epub-0009	epub	hist	5	2	0	4100	6960	24
nist-epub-0009	epub	vole	0	2	0	6863	9256	24
nist-epub-0009	epub	vole	1	2	0	6863	9256	24
nist-epub-0009	epub	vole	2	2	0	6863	9256	24
nist-epub-0009	epub	vole	3	2	0	6863	9256	24
nist-epub-0009	epub	vole	4	2	0	6863	9256	24
nist-epub-0009	epub	vole	5	2	0	6863	9256	24
nist-epub-0009	epub	vole	0	3	0	7036	9256	24
nist-epub-0009	epub	vole	1	3	0	7036	9256	24
nist-epub-0009	epub	vole	2	3	0	7036	9256	24
nist-epub-0009	epub	vole	3	3	0	7036	9256	24
nist-epub-0009	epub	vole	4	3	0	7036	9256	24
nist-epub-0009	epub	vole	5	3	0	7036	9256	24
nist-epub-0009	epub	full	0	3	0	4394	7388	24
nist-epub-0009	epub	full	1	3	0	4570	7304	24
nist-epub-0009	epub	full	2	3	0	4728	7352	24
nist-epub-0009	epub	full	3	3	0	4658	7368	24
nist-epub-0009	epub	full	4	3	0	5330	7452	24
nist-epub-0009	epub	full	5	3	0	6010	7572	24
nist-epub-0009	epub	adaptive	0	3	0	4360	7300	24
nist-epub-0009	epub	adaptive	1	3	0	4291	7356	24
nist-epub-0009	epub	adaptive	2	3	0	5143	7476	24
nist-epub-0009	epub	adaptive	3	3	0	4364	7572	24
nist-epub-0009	epub	adaptive	4	3	0	4549	7512	24
nist-epub-0009	epub	adaptive	5	3	0	4933	7560	24
nist-epub-0009	epub	hist	0	3	0	3811	7040	24
nist-epub-0009	epub	hist	1	3	0	3897	6872	24
nist-epub-0009	epub	hist	2	3	0	4316	7012	24
nist-epub-0009	epub	hist	3	3	0	4255	6868	24
nist-epub-0009	epub	hist	4	3	0	4346	7024	24
nist-epub-0009	epub	hist	5	3	0	4287	6960	24
nist-epub-0009	epub	full	0	4	0	3799	7388	24
nist-epub-0009	epub	full	1	4	0	4151	7304	24
nist-epub-0009	epub	full	2	4	0	4205	7352	24
nist-epub-0009	epub	full	3	4	0	4439	7368	24
nist-epub-0009	epub	full	4	4	0	4319	7452	24
nist-epub-0009	epub	full	5	4	0	4480	7572	24
nist-epub-0009	epub	adaptive	0	4	0	4101	7300	24
nist-epub-0009	epub	adaptive	1	4	0	4528	7356	24
nist-epub-0009	epub	adaptive	2	4	0	4127	7476	24
nist-epub-0009	epub	adaptive	3	4	0	4407	7572	24
nist-epub-0009	epub	adaptive	4	4	0	4297	7512	24
nist-epub-0009	epub	adaptive	5	4	0	4395	7560	24
nist-epub-0009	epub	hist	0	4	0	3800	7040	24
nist-epub-0009	epub	hist	1	4	0	3778	6872	24
nist-epub-0009	epub	hist	2	4	0	3997	7012	24
nist-epub-0009	epub	hist	3	4	0	3871	6868	24
nist-epub-0009	epub	hist	4	4	0	4125	7024	24
nist-epub-0009	epub	hist	5	4	0	4071	6960	24
nist-epub-0009	epub	vole	0	4	0	6794	9256	24
nist-epub-0009	epub	vole	1	4	0	6794	9256	24
nist-epub-0009	epub	vole	2	4	0	6794	9256	24
nist-epub-0009	epub	vole	3	4	0	6794	9256	24
nist-epub-0009	epub	vole	4	4	0	6794	9256	24
nist-epub-0009	epub	vole	5	4	0	6794	9256	24
nist-epub-0009	epub	vole	0	5	0	7700	9256	24
nist-epub-0009	epub	vole	1	5	0	7700	9256	24
nist-epub-0009	epub	vole	2	5	0	7700	9256	24
nist-epub-0009	epub	vole	3	5	0	7700	9256	24
nist-epub-0009	epub	vole	4	5	0	7700	9256	24
nist-epub-0009	epub	vole	5	5	0	7700	9256	24
nist-epub-0009	epub	full	0	5	0	4712	7388	24
nist-epub-0009	epub	full	1	5	0	4124	7304	24
nist-epub-0009	epub	full	2	5	0	4322	7352	24
nist-epub-0009	epub	full	3	5	0	4450	7368	24
nist-epub-0009	epub	full	4	5	0	4718	7452	24
nist-epub-0009	epub	full	5	5	0	4728	7572	24
nist-epub-0009	epub	adaptive	0	5	0	4152	7300	24
nist-epub-0009	epub	adaptive	1	5	0	4527	7356	24
nist-epub-0009	epub	adaptive	2	5	0	4435	7476	24
nist-epub-0009	epub	adaptive	3	5	0	4196	7572	24
nist-epub-0009	epub	adaptive	4	5	0	4504	7512	24
nist-epub-0009	epub	adaptive	5	5	0	4563	7560	24
nist-epub-0009	epub	hist	0	5	0	3877	7040	24
nist-epub-0009	epub	hist	1	5	0	3779	6872	24
nist-epub-0009	epub	hist	2	5	0	4127	7012	24
nist-epub-0009	epub	hist	3	5	0	3980	6868	24
nist-epub-0009	epub	hist	4	5	0	4260	7024	24
nist-epub-0009	epub	hist	5	5	0	4143	6960	24
nist-epub-0009	epub	full	0	6	0	4784	7388	24
nist-epub-0009	epub	full	1	6	0	4680	7304	24
nist-epub-0009	epub	full	2	6	0	4519	7352	24
nist-epub-0009	epub	full	3	6	0	4526	7368	24
nist-epub-0009	epub	full	4	6	0	4517	7452	24
nist-epub-0009	epub	full	5	6	0	5063	7572	24
nist-epub-0009	epub	adaptive	0	6	0	4515	7300	24
nist-epub-0009	epub	adaptive	1	6	0	4108	7356	24
nist-epub-0009	epub	adaptive	2	6	0	4239	7476	24
nist-epub-0009	epub	adaptive	3	6	0	4207	7572	24
nist-epub-0009	epub	adaptive	4	6	0	4443	7512	24
nist-epub-0009	epub	adaptive	5	6	0	4306	7560	24
nist-epub-0009	epub	hist	0	6	0	3830	7040	24
nist-epub-0009	epub	hist	1	6	0	3808	6872	24
nist-epub-0009	epub	hist	2	6	0	3854	7012	24
nist-epub-0009	epub	hist	3	6	0	3932	6868	24
nist-epub-0009	epub	hist	4	6	0	4188	7024	24
nist-epub-0009	epub	hist	5	6	0	4184	6960	24
nist-epub-0009	epub	vole	0	6	0	7242	9256	24
nist-epub-0009	epub	vole	1	6	0	7242	9256	24
nist-epub-0009	epub	vole	2	6	0	7242	9256	24
nist-epub-0009	epub	vole	3	6	0	7242	9256	24
nist-epub-0009	epub	vole	4	6	0	7242	9256	24
nist-epub-0009	epub	vole	5	6	0	7242	9256	24
nist-epub-0009	epub	vole	0	7	0	6909	9256	24
nist-epub-0009	epub	vole	1	7	0	6909	9256	24
nist-epub-0009	epub	vole	2	7	0	6909	9256	24
nist-epub-0009	epub	vole	3	7	0	6909	9256	24
nist-epub-0009	epub	vole	4	7	0	6909	9256	24
nist-epub-0009	epub	vole	5	7	0	6909	9256	24
nist-epub-0009	epub	full	0	7	0	4799	7388	24
nist-epub-0009	epub	full	1	7	0	6434	7304	24
nist-epub-0009	epub	full	2	7	0	4738	7352	24
nist-epub-0009	epub	full	3	7	0	5251	7368	24
nist-epub-0009	epub	full	4	7	0	5215	7452	24
nist-epub-0009	epub	full	5	7	0	4998	7572	24
nist-epub-0009	epub	adaptive	0	7	0	4441	7300	24
nist-epub-0009	epub	adaptive	1	7	0	4271	7356	24
nist-epub-0009	epub	adaptive	2	7	0	4654	7476	24
nist-epub-0009	epub	adaptive	3	7	0	4396	7572	24
nist-epub-0009	epub	adaptive	4	7	0	4654	7512	24
nist-epub-0009	epub	adaptive	5	7	0	4685	7560	24
nist-epub-0009	epub	hist	0	7	0	3951	7040	24
nist-epub-0009	epub	hist	1	7	0	4262	6872	24
nist-epub-0009	epub	hist	2	7	0	4283	7012	24
nist-epub-0009	epub	hist	3	7	0	4098	6868	24
nist-epub-0009	epub	hist	4	7	0	4112	7024	24
nist-epub-0009	epub	hist	5	7	0	4375	6960	24
nist-epub-0009	epub	full	0	8	0	3858	7388	24
nist-epub-0009	epub	full	1	8	0	3770	7304	24
nist-epub-0009	epub	full	2	8	0	4484	7352	24
nist-epub-0009	epub	full	3	8	0	4426	7368	24
nist-epub-0009	epub	full	4	8	0	4445	7452	24
nist-epub-0009	epub	full	5	8	0	4721	7572	24
nist-epub-0009	epub	adaptive	0	8	0	4005	7300	24
nist-epub-0009	epub	adaptive	1	8	0	4109	7356	24
nist-epub-0009	epub	adaptive	2	8	0	4020	7476	24
nist-epub-0009	epub	adaptive	3	8	0	4091	7572	24
nist-epub-0009	epub	adaptive	4	8	0	4337	7512	24
nist-epub-0009	epub	adaptive	5	8	0	4165	7560	24
nist-epub-0009	epub	hist	0	8	0	3730	7040	24
nist-epub-0009	epub	hist	1	8	0	3635	6872	24
nist-epub-0009	epub	hist	2	8	0	3792	7012	24
nist-epub-0009	epub	hist	3	8	0	3875	6868	24
nist-epub-0009	epub	hist	4	8	0	4195	7024	24
nist-epub-0009	epub	hist	5	8	0	4478	6960	24
nist-epub-0009	epub	vole	0	8	0	7012	9256	24
nist-epub-0009	epub	vole	1	8	0	7012	9256	24
nist-epub-0009	epub	vole	2	8	0	7012	9256	24
nist-epub-0009	epub	vole	3	8	0	7012	9256	24
nist-epub-0009	epub	vole	4	8	0	7012	9256	24
nist-epub-0009	epub	vole	5	8	0	7012	9256	24
nist-epub-0009	epub	vole	0	9	0	6722	9256	24
nist-epub-0009	epub	vole	1	9	0	6722	9256	24
nist-epub-0009	epub	vole	2	9	0	6722	9256	24
nist-epub-0009	epub	vole	3	9	0	6722	9256	24
nist-epub-0009	epub	vole	4	9	0	6722	9256	24
nist-epub-0009	epub	vole	5	9	0	6722	9256	24
nist-epub-0009	epub	full	0	9	0	4700	7388	24
nist-epub-0009	epub	full	1	9	0	5396	7304	24
nist-epub-0009	epub	full	2	9	0	5284	7352	24
nist-epub-0009	epub	full	3	9	0	4975	7368	24
nist-epub-0009	epub	full	4	9	0	4596	7452	24
nist-epub-0009	epub	full	5	9	0	4856	7572	24
nist-epub-0009	epub	adaptive	0	9	0	3999	7300	24
nist-epub-0009	epub	adaptive	1	9	0	4735	7356	24
nist-epub-0009	epub	adaptive	2	9	0	4574	7476	24
nist-epub-0009	epub	adaptive	3	9	0	4778	7572	24
nist-epub-0009	epub	adaptive	4	9	0	4364	7512	24
nist-epub-0009	epub	adaptive	5	9	0	4289	7560	24
nist-epub-0009	epub	hist	0	9	0	3704	7040	24
nist-epub-0009	epub	hist	1	9	0	4037	6872	24
nist-epub-0009	epub	hist	2	9	0	3915	7012	24
nist-epub-0009	epub	hist	3	9	0	4347	6868	24
nist-epub-0009	epub	hist	4	9	0	4591	7024	24
nist-epub-0009	epub	hist	5	9	0	4744	6960	24
nist-epub-0009	epub	full	0	10	0	4420	7388	24
nist-epub-0009	epub	full	1	10	0	4178	7304	24
nist-epub-0009	epub	full	2	10	0	4461	7352	24
nist-epub-0009	epub	full	3	10	0	4108	7368	24
nist-epub-0009	epub	full	4	10	0	4868	7452	24
nist-epub-0009	epub	full	5	10	0	4487	7572	24
nist-epub-0009	epub	adaptive	0	10	0	3887	7300	24
nist-epub-0009	epub	adaptive	1	10	0	4413	7356	24
nist-epub-0009	epub	adaptive	2	10	0	4403	7476	24
nist-epub-0009	epub	adaptive	3	10	0	4312	7572	24
nist-epub-0009	epub	adaptive	4	10	0	4396	7512	24
nist-epub-0009	epub	adaptive	5	10	0	5597	7560	24
nist-epub-0009	epub	hist	0	10	0	5355	7040	24
nist-epub-0009	epub	hist	1	10	0	4464	6872	24
nist-epub-0009	epub	hist	2	10	0	4302	7012	24
nist-epub-0009	epub	hist	3	10	0	4303	6868	24
nist-epub-0009	epub	hist	4	10	0	4556	7024	24
nist-epub-0009	epub	hist	5	10	0	4625	6960	24
nist-epub-0009	epub	vole	0	10	0	6972	9256	24
nist-epub-0009	epub	vole	1	10	0	6972	9256	24
nist-epub-0009	epub	vole	2	10	0	6972	9256	24
nist-epub-0009	epub	vole	3	10	0	6972	9256	24
nist-epub-0009	epub	vole	4	10	0	6972	9256	24
nist-epub-0009	epub	vole	5	10	0	6972	9256	24
nist-epub-0009	epub	vole	0	11	0	6905	9256	24
nist-epub-0009	epub	vole	1	11	0	6905	9256	24
nist-epub-0009	epub	vole	2	11	0	6905	9256	24
nist-epub-0009	epub	vole	3	11	0	6905	9256	24
nist-epub-0009	epub	vole	4	11	0	6905	9256	24
nist-epub-0009	epub	vole	5	11	0	6905	9256	24
nist-epub-0009	epub	full	0	11	0	5404	7388	24
nist-epub-0009	epub	full	1	11	0	4708	7304	24
nist-epub-0009	epub	full	2	11	0	4911	7352	24
nist-epub-0009	epub	full	3	11	0	4961	7368	24
nist-epub-0009	epub	full	4	11	0	4798	7452	24
nist-epub-0009	epub	full	5	11	0	5119	7572	24
nist-epub-0009	epub	adaptive	0	11	0	4083	7300	24
nist-epub-0009	epub	adaptive	1	11	0	3915	7356	24
nist-epub-0009	epub	adaptive	2	11	0	4403	7476	24
nist-epub-0009	epub	adaptive	3	11	0	4455	7572	24
nist-epub-0009	epub	adaptive	4	11	0	5047	7512	24
nist-epub-0009	epub	adaptive	5	11	0	4565	7560	24
nist-epub-0009	epub	hist	0	11	0	4205	7040	24
nist-epub-0009	epub	hist	1	11	0	3951	6872	24
nist-epub-0009	epub	hist	2	11	0	4003	7012	24
nist-epub-0009	epub	hist	3	11	0	3924	6868	24
nist-epub-0009	epub	hist	4	11	0	4085	7024	24
nist-epub-0009	epub	hist	5	11	0	4945	6960	24
nist-epub-0009	epub	full	0	12	0	4362	7388	24
nist-epub-0009	epub	full	1	12	0	4334	7304	24
nist-epub-0009	epub	full	2	12	0	4537	7352	24
nist-epub-0009	epub	full	3	12	0	4358	7368	24
nist-epub-0009	epub	full	4	12	0	4728	7452	24
nist-epub-0009	epub	full	5	12	0	4452	7572	24
nist-epub-0009	epub	adaptive	0	12	0	4200	7300	24
nist-epub-0009	epub	adaptive	1	12	0	4036	7356	24
nist-epub-0009	epub	adaptive	2	12	0	5002	7476	24
nist-epub-0009	epub	adaptive	3	12	0	5256	7572	24
nist-epub-0009	epub	adaptive	4	12	0	4963	7512	24
nist-epub-0009	epub	adaptive	5	12	0	4782	7560	24
nist-epub-0009	epub	hist	0	12	0	4211	7040	24
nist-epub-0009	epub	hist	1	12	0	3887	6872	24
nist-epub-0009	epub	hist	2	12	0	3962	7012	24
nist-epub-0009	epub	hist	3	12	0	3943	6868	24
nist-epub-0009	epub	hist	4	12	0	4618	7024	24
nist-epub-0009	epub	hist	5	12	0	4622	6960	24
nist-epub-0009	epub	vole	0	12	0	7203	9256	24
nist-epub-0009	epub	vole	1	12	0	7203	9256	24
nist-epub-0009	epub	vole	2	12	0	7203	9256	24
nist-epub-0009	epub	vole	3	12	0	7203	9256	24
nist-epub-0009	epub	vole	4	12	0	7203	9256	24
nist-epub-0009	epub	vole	5	12	0	7203	9256	24
nist-epub-0009	epub	vole	0	13	0	7042	9256	24
nist-epub-0009	epub	vole	1	13	0	7042	9256	24
nist-epub-0009	epub	vole	2	13	0	7042	9256	24
nist-epub-0009	epub	vole	3	13	0	7042	9256	24
nist-epub-0009	epub	vole	4	13	0	7042	9256	24
nist-epub-0009	epub	vole	5	13	0	7042	9256	24
nist-epub-0009	epub	full	0	13	0	4363	7388	24
nist-epub-0009	epub	full	1	13	0	4203	7304	24
nist-epub-0009	epub	full	2	13	0	4380	7352	24
nist-epub-0009	epub	full	3	13	0	4160	7368	24
nist-epub-0009	epub	full	4	13	0	4624	7452	24
nist-epub-0009	epub	full	5	13	0	5115	7572	24
nist-epub-0009	epub	adaptive	0	13	0	4033	7300	24
nist-epub-0009	epub	adaptive	1	13	0	3958	7356	24
nist-epub-0009	epub	adaptive	2	13	0	4148	7476	24
nist-epub-0009	epub	adaptive	3	13	0	4900	7572	24
nist-epub-0009	epub	adaptive	4	13	0	4598	7512	24
nist-epub-0009	epub	adaptive	5	13	0	4511	7560	24
nist-epub-0009	epub	hist	0	13	0	4149	7040	24
nist-epub-0009	epub	hist	1	13	0	4300	6872	24
nist-epub-0009	epub	hist	2	13	0	4465	7012	24
nist-epub-0009	epub	hist	3	13	0	4167	6868	24
nist-epub-0009	epub	hist	4	13	0	4948	7024	24
nist-epub-0009	epub	hist	5	13	0	4729	6960	24
nist-epub-0009	epub	full	0	14	0	4462	7388	24
nist-epub-0009	epub	full	1	14	0	4022	7304	24
nist-epub-0009	epub	full	2	14	0	4155	7352	24
nist-epub-0009	epub	full	3	14	0	4115	7368	24
nist-epub-0009	epub	full	4	14	0	4445	7452	24
nist-epub-0009	epub	full	5	14	0	4564	7572	24
nist-epub-0009	epub	adaptive	0	14	0	4288	7300	24
nist-epub-0009	epub	adaptive	1	14	0	4246	7356	24
nist-epub-0009	epub	adaptive	2	14	0	4571	7476	24
nist-epub-0009	epub	adaptive	3	14	0	4200	7572	24
nist-epub-0009	epub	adaptive	4	14	0	4831	7512	24
nist-epub-0009	epub	adaptive	5	14	0	4465	7560	24
nist-epub-0009	epub	hist	0	14	0	4247	7040	24
nist-epub-0009	epub	hist	1	14	0	4232	6872	24
nist-epub-0009	epub	hist	2	14	0	4720	7012	24
nist-epub-0009	epub	hist	3	14	0	5305	6868	24
nist-epub-0009	epub	hist	4	14	0	5253	7024	24
nist-epub-0009	epub	hist	5	14	0	5158	6960	24
nist-epub-0009	epub	vole	0	14	0	7285	9256	24
nist-epub-0009	epub	vole	1	14	0	7285	9256	24
nist-epub-0009	epub	vole	2	14	0	7285	9256	24
nist-epub-0009	epub	vole	3	14	0	7285	9256	24
nist-epub-0009	epub	vole	4	14	0	7285	9256	24
nist-epub-0009	epub	vole	5	14	0	7285	9256	24
nist-epub-0009	epub	vole	0	15	0	6677	9256	24
nist-epub-0009	epub	vole	1	15	0	6677	9256	24
nist-epub-0009	epub	vole	2	15	0	6677	9256	24
nist-epub-0009	epub	vole	3	15	0	6677	9256	24
nist-epub-0009	epub	vole	4	15	0	6677	9256	24
nist-epub-0009	epub	vole	5	15	0	6677	9256	24
nist-epub-0009	epub	full	0	15	0	4938	7388	24
nist-epub-0009	epub	full	1	15	0	4299	7304	24
nist-epub-0009	epub	full	2	15	0	4218	7352	24
nist-epub-0009	epub	full	3	15	0	4733	7368	24
nist-epub-0009	epub	full	4	15	0	4416	7452	24
nist-epub-0009	epub	full	5	15	0	4969	7572	24
nist-epub-0009	epub	adaptive	0	15	0	4632	7300	24
nist-epub-0009	epub	adaptive	1	15	0	4186	7356	24
nist-epub-0009	epub	adaptive	2	15	0	4677	7476	24
nist-epub-0009	epub	adaptive	3	15	0	4596	7572	24
nist-epub-0009	epub	adaptive	4	15	0	4670	7512	24
nist-epub-0009	epub	adaptive	5	15	0	4752	7560	24
nist-epub-0009	epub	hist	0	15	0	3935	7040	24
nist-epub-0009	epub	hist	1	15	0	3867	6872	24
nist-epub-0009	epub	hist	2	15	0	4454	7012	24
nist-epub-0009	epub	hist	3	15	0	4462	6868	24
nist-epub-0009	epub	hist	4	15	0	4607	7024	24
nist-epub-0009	epub	hist	5	15	0	4308	6960	24
nist-epub-0009	epub	full	0	16	0	4543	7388	24
nist-epub-0009	epub	full	1	16	0	4337	7304	24
nist-epub-0009	epub	full	2	16	0	4978	7352	24
nist-epub-0009	epub	full	3	16	0	4563	7368	24
nist-epub-0009	epub	full	4	16	0	4660	7452	24
nist-epub-0009	epub	full	5	16	0	4608	7572	24
nist-epub-0009	epub	adaptive	0	16	0	3918	7300	24
nist-epub-0009	epub	adaptive	1	16	0	3799	7356	24
nist-epub-0009	epub	adaptive	2	16	0	4657	7476	24
nist-epub-0009	epub	adaptive	3	16	0	4510	7572	24
nist-epub-0009	epub	adaptive	4	16	0	4900	7512	24
nist-epub-0009	epub	adaptive	5	16	0	4666	7560	24
nist-epub-0009	epub	hist	0	16	0	4146	7040	24
nist-epub-0009	epub	hist	1	16	0	3921	6872	24
nist-epub-0009	epub	hist	2	16	0	4712	7012	24
nist-epub-0009	epub	hist	3	16	0	4614	6868	24
nist-epub-0009	epub	hist	4	16	0	4641	7024	24
nist-epub-0009	epub	hist	5	16	0	4762	6960	24
nist-epub-0009	epub	vole	0	16	0	6747	9256	24
nist-epub-0009	epub	vole	1	16	0	6747	9256	24
nist-epub-0009	epub	vole	2	16	0	6747	9256	24
nist-epub-0009	epub	vole	3	16	0	6747	9256	24
nist-epub-0009	epub	vole	4	16	0	6747	9256	24
nist-epub-0009	epub	vole	5	16	0	6747	9256	24
nist-epub-0009	epub	vole	0	17	0	6788	9256	24
nist-epub-0009	epub	vole	1	17	0	6788	9256	24
nist-epub-0009	epub	vole	2	17	0	6788	9256	24
nist-epub-0009	epub	vole	3	17	0	6788	9256	24
nist-epub-0009	epub	vole	4	17	0	6788	9256	24
nist-epub-0009	epub	vole	5	17	0	6788	9256	24
nist-epub-0009	epub	full	0	17	0	4835	7388	24
nist-epub-0009	epub	full	1	17	0	4808	7304	24
nist-epub-0009	epub	full	2	17	0	4911	7352	24
nist-epub-0009	epub	full	3	17	0	4845	7368	24
nist-epub-0009	epub	full	4	17	0	4522	7452	24
nist-epub-0009	epub	full	5	17	0	5300	7572	24
nist-epub-0009	epub	adaptive	0	17	0	4455	7300	24
nist-epub-0009	epub	adaptive	1	17	0	4418	7356	24
nist-epub-0009	epub	adaptive	2	17	0	4519	7476	24
nist-epub-0009	epub	adaptive	3	17	0	4652	7572	24
nist-epub-0009	epub	adaptive	4	17	0	4583	7512	24
nist-epub-0009	epub	adaptive	5	17	0	4475	7560	24
nist-epub-0009	epub	hist	0	17	0	4165	7040	24
nist-epub-0009	epub	hist	1	17	0	4408	6872	24
nist-epub-0009	epub	hist	2	17	0	4371	7012	24
nist-epub-0009	epub	hist	3	17	0	4618	6868	24
nist-epub-0009	epub	hist	4	17	0	4716	7024	24
nist-epub-0009	epub	hist	5	17	0	4507	6960	24
nist-epub-0009	epub	full	0	18	0	4312	7388	24
nist-epub-0009	epub	full	1	18	0	4506	7304	24
nist-epub-0009	epub	full	2	18	0	4845	7352	24
nist-epub-0009	epub	full	3	18	0	4624	7368	24
nist-epub-0009	epub	full	4	18	0	5271	7452	24
nist-epub-0009	epub	full	5	18	0	4647	7572	24
nist-epub-0009	epub	adaptive	0	18	0	4098	7300	24
nist-epub-0009	epub	adaptive	1	18	0	4002	7356	24
nist-epub-0009	epub	adaptive	2	18	0	5187	7476	24
nist-epub-0009	epub	adaptive	3	18	0	5128	7572	24
nist-epub-0009	epub	adaptive	4	18	0	4867	7512	24
nist-epub-0009	epub	adaptive	5	18	0	4635	7560	24
nist-epub-0009	epub	hist	0	18	0	4754	7040	24
nist-epub-0009	epub	hist	1	18	0	4547	6872	24
nist-epub-0009	epub	hist	2	18	0	4515	7012	24
nist-epub-0009	epub	hist	3	18	0	4224	6868	24
nist-epub-0009	epub	hist	4	18	0	4326	7024	24
nist-epub-0009	epub	hist	5	18	0	4117	6960	24
nist-epub-0009	epub	vole	0	18	0	6726	9256	24
nist-epub-0009	epub	vole	1	18	0	6726	9256	24
nist-epub-0009	epub	vole	2	18	0	6726	9256	24
nist-epub-0009	epub	vole	3	18	0	6726	9256	24
nist-epub-0009	epub	vole	4	18	0	6726	9256	24
nist-epub-0009	epub	vole	5	18	0	6726	9256	24
nist-epub-0009	epub	vole	0	19	0	7446	9256	24
nist-epub-0009	epub	vole	1	19	0	7446	9256	24
nist-epub-0009	epub	vole	2	19	0	7446	9256	24
nist-epub-0009	epub	vole	3	19	0	7446	9256	24
nist-epub-0009	epub	vole	4	19	0	7446	9256	24
nist-epub-0009	epub	vole	5	19	0	7446	9256	24
nist-epub-0009	epub	full	0	19	0	5332	7388	24
nist-epub-0009	epub	full	1	19	0	4084	7304	24
nist-epub-0009	epub	full	2	19	0	4563	7352	24
nist-epub-0009	epub	full	3	19	0	4542	7368	24
nist-epub-0009	epub	full	4	19	0	5295	7452	24
nist-epub-0009	epub	full	5	19	0	5187	7572	24
nist-epub-0009	epub	adaptive	0	19	0	4271	7300	24
nist-epub-0009	epub	adaptive	1	19	0	4695	7356	24
nist-epub-0009	epub	adaptive	2	19	0	4721	7476	24
nist-epub-0009	epub	adaptive	3	19	0	4300	7572	24
nist-epub-0009	epub	adaptive	4	19	0	4355	7512	24
nist-epub-0009	epub	adaptive	5	19	0	4292	7560	24
nist-epub-0009	epub	hist	0	19	0	4169	7040	24
nist-epub-0009	epub	hist	1	19	0	4295	6872	24
nist-epub-0009	epub	hist	2	19	0	4272	7012	24
nist-epub-0009	epub	hist	3	19	0	3987	6868	24
nist-epub-0009	epub	hist	4	19	0	4192	7024	24
nist-epub-0009	epub	hist	5	19	0	4616	6960	24
nist-epub-0009	epub	full	0	20	0	4224	7388	24
nist-epub-0009	epub	full	1	20	0	4929	7304	24
nist-epub-0009	epub	full	2	20	0	4403	7352	24
nist-epub-0009	epub	full	3	20	0	4360	7368	24
nist-epub-0009	epub	full	4	20	0	4792	7452	24
nist-epub-0009	epub	full	5	20	0	4830	7572	24
nist-epub-0009	epub	adaptive	0	20	0	4765	7300	24
nist-epub-0009	epub	adaptive	1	20	0	4160	7356	24
nist-epub-0009	epub	adaptive	2	20	0	5875	7476	24
nist-epub-0009	epub	adaptive	3	20	0	5421	7572	24
nist-epub-0009	epub	adaptive	4	20	0	4870	7512	24
nist-epub-0009	epub	adaptive	5	20	0	4844	7560	24
nist-epub-0009	epub	hist	0	20	0	4171	7040	24
nist-epub-0009	epub	hist	1	20	0	4299	6872	24
nist-epub-0009	epub	hist	2	20	0	4678	7012	24
nist-epub-0009	epub	hist	3	20	0	4270	6868	24
nist-epub-0009	epub	hist	4	20	0	4487	7024	24
nist-epub-0009	epub	hist	5	20	0	4814	6960	24
nist-epub-0009	epub	vole	0	20	0	6996	9256	24
nist-epub-0009	epub	vole	1	20	0	6996	9256	24
nist-epub-0009	epub	vole	2	20	0	6996	9256	24
nist-epub-0009	epub	vole	3	20	0	6996	9256	24
nist-epub-0009	epub	vole	4	20	0	6996	9256	24
nist-epub-0009	epub	vole	5	20	0	6996	9256	24
nist-epub-0009	epub	vole	0	21	0	6689	9256	24
nist-epub-0009	epub	vole	1	21	0	6689	9256	24
nist-epub-0009	epub	vole	2	21	0	6689	9256	24
nist-epub-0009	epub	vole	3	21	0	6689	9256	24
nist-epub-0009	epub	vole	4	21	0	6689	9256	24
nist-epub-0009	epub	vole	5	21	0	6689	9256	24
nist-epub-0009	epub	full	0	21	0	4662	7388	24
nist-epub-0009	epub	full	1	21	0	4379	7304	24
nist-epub-0009	epub	full	2	21	0	4961	7352	24
nist-epub-0009	epub	full	3	21	0	4954	7368	24
nist-epub-0009	epub	full	4	21	0	5094	7452	24
nist-epub-0009	epub	full	5	21	0	4711	7572	24
nist-epub-0009	epub	adaptive	0	21	0	4374	7300	24
nist-epub-0009	epub	adaptive	1	21	0	4041	7356	24
nist-epub-0009	epub	adaptive	2	21	0	4781	7476	24
nist-epub-0009	epub	adaptive	3	21	0	4401	7572	24
nist-epub-0009	epub	adaptive	4	21	0	4642	7512	24
nist-epub-0009	epub	adaptive	5	21	0	4785	7560	24
nist-epub-0009	epub	hist	0	21	0	3853	7040	24
nist-epub-0009	epub	hist	1	21	0	4435	6872	24
nist-epub-0009	epub	hist	2	21	0	4238	7012	24
nist-epub-0009	epub	hist	3	21	0	4198	6868	24
nist-epub-0009	epub	hist	4	21	0	4116	7024	24
nist-epub-0009	epub	hist	5	21	0	4601	6960	24
nist-epub-0009	epub	full	0	22	0	4359	7388	24
nist-epub-0009	epub	full	1	22	0	3952	7304	24
nist-epub-0009	epub	full	2	22	0	4091	7352	24
nist-epub-0009	epub	full	3	22	0	4403	7368	24
nist-epub-0009	epub	full	4	22	0	5018	7452	24
nist-epub-0009	epub	full	5	22	0	6423	7572	24
nist-epub-0009	epub	adaptive	0	22	0	5112	7300	24
nist-epub-0009	epub	adaptive	1	22	0	5414	7356	24
nist-epub-0009	epub	adaptive	2	22	0	4727	7476	24
nist-epub-0009	epub	adaptive	3	22	0	4805	7572	24
nist-epub-0009	epub	adaptive	4	22	0	5211	7512	24
nist-epub-0009	epub	adaptive	5	22	0	4497	7560	24
nist-epub-0009	epub	hist	0	22	0	4193	7040	24
nist-epub-0009	epub	hist	1	22	0	4142	6872	24
nist-epub-0009	epub	hist	2	22	0	4617	7012	24
nist-epub-0009	epub	hist	3	22	0	4283	6868	24
nist-epub-0009	epub	hist	4	22	0	4960	7024	24
nist-epub-0009	epub	hist	5	22	0	4524	6960	24
nist-epub-0009	epub	vole	0	22	0	6686	9256	24
nist-epub-0009	epub	vole	1	22	0	6686	9256	24
nist-epub-0009	epub	vole	2	22	0	6686	9256	24
nist-epub-0009	epub	vole	3	22	0	6686	9256	24
nist-epub-0009	epub	vole	4	22	0	6686	9256	24
nist-epub-0009	epub	vole	5	22	0	6686	9256	24
nist-epub-0009	epub	vole	0	23	0	6778	9256	24
nist-epub-0009	epub	vole	1	23	0	6778	9256	24
nist-epub-0009	epub	vole	2	23	0	6778	9256	24
nist-epub-0009	epub	vole	3	23	0	6778	9256	24
nist-epub-0009	epub	vole	4	23	0	6778	9256	24
nist-epub-0009	epub	vole	5	23	0	6778	9256	24
nist-epub-0009	epub	full	0	23	0	4723	7388	24
nist-epub-0009	epub	full	1	23	0	4094	7304	24
nist-epub-0009	epub	full	2	23	0	4762	7352	24
nist-epub-0009	epub	full	3	23	0	4284	7368	24
nist-epub-0009	epub	full	4	23	0	4438	7452	24
nist-epub-0009	epub	full	5	23	0	4546	7572	24
nist-epub-0009	epub	adaptive	0	23	0	4164	7300	24
nist-epub-0009	epub	adaptive	1	23	0	4750	7356	24
nist-epub-0009	epub	adaptive	2	23	0	4484	7476	24
nist-epub-0009	epub	adaptive	3	23	0	4688	7572	24
nist-epub-0009	epub	adaptive	4	23	0	4747	7512	24
nist-epub-0009	epub	adaptive	5	23	0	4458	7560	24
nist-epub-0009	epub	hist	0	23	0	3817	7040	24
nist-epub-0009	epub	hist	1	23	0	4162	6872	24
nist-epub-0009	epub	hist	2	23	0	4189	7012	24
nist-epub-0009	epub	hist	3	23	0	4033	6868	24
nist-epub-0009	epub	hist	4	23	0	4686	7024	24
nist-epub-0009	epub	hist	5	23	0	4598	6960	24
nist-epub-0009	epub	full	0	24	0	4033	7388	24
nist-epub-0009	epub	full	1	24	0	4267	7304	24
nist-epub-0009	epub	full	2	24	0	6673	7352	24
nist-epub-0009	epub	full	3	24	0	5535	7368	24
nist-epub-0009	epub	full	4	24	0	5079	7452	24
nist-epub-0009	epub	full	5	24	0	4849	7572	24
nist-epub-0009	epub	adaptive	0	24	0	4137	7300	24
nist-epub-0009	epub	adaptive	1	24	0	5183	7356	24
nist-epub-0009	epub	adaptive	2	24	0	5227	7476	24
nist-epub-0009	epub	adaptive	3	24	0	4578	7572	24
nist-epub-0009	epub	adaptive	4	24	0	4786	7512	24
nist-epub-0009	epub	adaptive	5	24	0	4683	7560	24
nist-epub-0009	epub	hist	0	24	0	3914	7040	24
nist-epub-0009	epub	hist	1	24	0	3874	6872	24
nist-epub-0009	epub	hist	2	24	0	4100	7012	24
nist-epub-0009	epub	hist	3	24	0	4044	6868	24
nist-epub-0009	epub	hist	4	24	0	4789	7024	24
nist-epub-0009	epub	hist	5	24	0	4442	6960	24
nist-epub-0009	epub	vole	0	24	0	6888	9256	24
nist-epub-0009	epub	vole	1	24	0	6888	9256	24
nist-epub-0009	epub	vole	2	24	0	6888	9256	24
nist-epub-0009	epub	vole	3	24	0	6888	9256	24
nist-epub-0009	epub	vole	4	24	0	6888	9256	24
nist-epub-0009	epub	vole	5	24	0	6888	9256	24
nist-epub-0009	epub	vole	0	25	0	6759	9256	24
nist-epub-0009	epub	vole	1	25	0	6759	9256	24
nist-epub-0009	epub	vole	2	25	0	6759	9256	24
nist-epub-0009	epub	vole	3	25	0	6759	9256	24
nist-epub-0009	epub	vole	4	25	0	6759	9256	24
nist-epub-0009	epub	vole	5	25	0	6759	9256	24
nist-epub-0009	epub	full	0	25	0	4684	7388	24
nist-epub-0009	epub	full	1	25	0	4344	7304	24
nist-epub-0009	epub	full	2	25	0	4456	7352	24
nist-epub-0009	epub	full	3	25	0	6081	7368	24
nist-epub-0009	epub	full	4	25	0	5478	7452	24
nist-epub-0009	epub	full	5	25	0	5458	7572	24
nist-epub-0009	epub	adaptive	0	25	0	4310	7300	24
nist-epub-0009	epub	adaptive	1	25	0	3989	7356	24
nist-epub-0009	epub	adaptive	2	25	0	4312	7476	24
nist-epub-0009	epub	adaptive	3	25	0	4496	7572	24
nist-epub-0009	epub	adaptive	4	25	0	4376	7512	24
nist-epub-0009	epub	adaptive	5	25	0	4606	7560	24
nist-epub-0009	epub	hist	0	25	0	4718	7040	24
nist-epub-0009	epub	hist	1	25	0	4540	6872	24
nist-epub-0009	epub	hist	2	25	0	4603	7012	24
nist-epub-0009	epub	hist	3	25	0	4754	6868	24
nist-epub-0009	epub	hist	4	25	0	4922	7024	24
nist-epub-0009	epub	hist	5	25	0	4522	6960	24
