id,depth,rep,vole_us,sqlite_us,ratio
nist-docx-0005,0,1,1353,1354,0.99926
nist-docx-0005,0,2,1538,1366,1.12592
nist-docx-0005,0,3,1370,1532,0.89426
nist-docx-0005,0,4,1394,1418,0.98307
nist-docx-0005,0,5,1418,1532,0.92559
nist-docx-0005,0,6,1442,1429,1.00910
nist-docx-0005,0,7,1354,1349,1.00371
nist-docx-0005,0,8,1831,1517,1.20699
nist-docx-0005,0,9,1582,1373,1.15222
nist-docx-0005,0,10,1337,1438,0.92976
nist-docx-0005,0,11,1374,1935,0.71008
nist-docx-0005,0,12,1513,1422,1.06399
nist-docx-0005,0,13,1338,3786,0.35341
nist-docx-0005,0,14,1548,1359,1.13907
nist-docx-0005,0,15,1408,1436,0.98050
nist-docx-0005,0,16,1447,1353,1.06948
nist-docx-0005,0,17,1302,1717,0.75830
nist-docx-0005,0,18,1393,1338,1.04111
nist-docx-0005,0,19,1291,1385,0.93213
nist-docx-0005,0,20,1453,1407,1.03269
nist-docx-0005,0,21,1346,1564,0.86061
nist-docx-0005,0,22,1435,1405,1.02135
nist-docx-0005,0,23,1325,1682,0.78775
nist-docx-0005,0,24,1364,1363,1.00073
nist-docx-0005,0,25,1267,1348,0.93991
nist-docx-0005,0,26,1498,1464,1.02322
nist-docx-0005,0,27,1279,1407,0.90903
nist-docx-0005,0,28,1416,1383,1.02386
nist-docx-0005,0,29,1254,1674,0.74910
nist-docx-0005,0,30,1563,1601,0.97626
nist-docx-0005,0,31,1365,1458,0.93621
nist-docx-0005,0,32,1560,1466,1.06412
nist-docx-0005,0,33,1296,1490,0.86980
nist-docx-0005,0,34,1671,1366,1.22328
nist-docx-0005,0,35,1574,1628,0.96683
nist-docx-0005,0,36,1585,1476,1.07385
nist-docx-0005,0,37,1410,2888,0.48823
nist-docx-0005,0,38,1526,1611,0.94724
nist-docx-0005,0,39,1437,1446,0.99378
nist-docx-0005,0,40,1576,1517,1.03889
nist-docx-0005,0,41,1390,1631,0.85224
nist-docx-0005,0,42,1343,1429,0.93982
nist-docx-0005,0,43,1353,1584,0.85417
nist-docx-0005,0,44,1527,1461,1.04517
nist-docx-0005,0,45,1279,1383,0.92480
nist-docx-0005,0,46,1558,1342,1.16095
nist-docx-0005,0,47,1325,1494,0.88688
nist-docx-0005,0,48,1374,1357,1.01253
nist-docx-0005,0,49,1283,1500,0.85533
nist-docx-0005,0,50,1548,1432,1.08101
nist-docx-0005,0,51,1328,1431,0.92802
nist-docx-0005,0,52,1548,1447,1.06980
nist-docx-0005,0,53,1456,1571,0.92680
nist-docx-0005,0,54,1297,1389,0.93377
nist-docx-0005,0,55,1400,1526,0.91743
nist-docx-0005,0,56,1470,1401,1.04925
nist-docx-0005,0,57,1306,1450,0.90069
nist-docx-0005,0,58,1510,1420,1.06338
nist-docx-0005,0,59,1359,1509,0.90060
nist-docx-0005,0,60,1347,1447,0.93089
nist-docx-0005,0,61,1290,1425,0.90526
nist-docx-0005,0,62,1424,1367,1.04170
nist-docx-0005,0,63,1300,1523,0.85358
nist-docx-0005,0,64,1575,1421,1.10837
nist-docx-0005,0,65,1385,1450,0.95517
nist-docx-0005,0,66,1349,1380,0.97754
nist-docx-0005,0,67,1328,1953,0.67998
nist-docx-0005,0,68,1412,1409,1.00213
nist-docx-0005,0,69,1292,1375,0.93964
nist-docx-0005,0,70,1553,1438,1.07997
nist-docx-0005,0,71,1262,1388,0.90922
nist-docx-0005,0,72,1367,1412,0.96813
nist-docx-0005,0,73,1442,1614,0.89343
nist-docx-0005,0,74,1492,1486,1.00404
nist-docx-0005,0,75,1357,1465,0.92628
nist-docx-0005,0,76,1556,1412,1.10198
nist-docx-0005,0,77,1359,1535,0.88534
nist-docx-0005,0,78,1371,1436,0.95474
nist-docx-0005,0,79,1286,1689,0.76140
nist-docx-0005,0,80,1464,1449,1.01035
nist-docx-0005,0,81,1305,1412,0.92422
nist-docx-0005,0,82,1524,1422,1.07173
nist-docx-0005,0,83,1477,1648,0.89624
nist-docx-0005,0,84,1569,1490,1.05302
nist-docx-0005,0,85,1671,1853,0.90178
nist-docx-0005,0,86,1640,1474,1.11262
nist-docx-0005,0,87,1348,1666,0.80912
nist-docx-0005,0,88,1462,1457,1.00343
nist-docx-0005,0,89,1360,1452,0.93664
nist-docx-0005,0,90,1494,1367,1.09290
nist-docx-0005,0,91,1381,1534,0.90026
nist-docx-0005,0,92,1341,1398,0.95923
nist-docx-0005,0,93,1324,1576,0.84010
nist-docx-0005,0,94,1672,1477,1.13202
nist-docx-0005,0,95,1354,1413,0.95824
nist-docx-0005,0,96,1611,1438,1.12031
nist-docx-0005,0,97,1338,1542,0.86770
nist-docx-0005,0,98,1391,1406,0.98933
nist-docx-0005,0,99,1313,1464,0.89686
nist-docx-0005,0,100,1554,1550,1.00258
nist-docx-0008,0,1,1203,1866,0.64469
nist-docx-0008,0,2,1279,1314,0.97336
nist-docx-0008,0,3,1063,1307,0.81331
nist-docx-0008,0,4,1077,1368,0.78728
nist-docx-0008,0,5,1097,1350,0.81259
nist-docx-0008,0,6,1172,1344,0.87202
nist-docx-0008,0,7,1078,1348,0.79970
nist-docx-0008,0,8,1172,1343,0.87267
nist-docx-0008,0,9,1185,1410,0.84043
nist-docx-0008,0,10,1093,1354,0.80724
nist-docx-0008,0,11,1017,1333,0.76294
nist-docx-0008,0,12,1317,1574,0.83672
nist-docx-0008,0,13,1074,1298,0.82743
nist-docx-0008,0,14,1165,1258,0.92607
nist-docx-0008,0,15,1120,1602,0.69913
nist-docx-0008,0,16,1203,1347,0.89310
nist-docx-0008,0,17,1103,1309,0.84263
nist-docx-0008,0,18,1249,1423,0.87772
nist-docx-0008,0,19,1100,1352,0.81361
nist-docx-0008,0,20,1078,1290,0.83566
nist-docx-0008,0,21,1122,1385,0.81011
nist-docx-0008,0,22,1303,1363,0.95598
nist-docx-0008,0,23,1112,1382,0.80463
nist-docx-0008,0,24,1339,1283,1.04365
nist-docx-0008,0,25,1081,1401,0.77159
nist-docx-0008,0,26,1154,1328,0.86898
nist-docx-0008,0,27,1090,1271,0.85759
nist-docx-0008,0,28,1330,1525,0.87213
nist-docx-0008,0,29,1148,1460,0.78630
nist-docx-0008,0,30,1220,1347,0.90572
nist-docx-0008,0,31,1222,1610,0.75901
nist-docx-0008,0,32,1164,1297,0.89746
nist-docx-0008,0,33,1226,1293,0.94818
nist-docx-0008,0,34,1359,1446,0.93983
nist-docx-0008,0,35,1101,1405,0.78363
nist-docx-0008,0,36,1123,1387,0.80966
nist-docx-0008,0,37,1123,1540,0.72922
nist-docx-0008,0,38,1208,1409,0.85735
nist-docx-0008,0,39,1030,3755,0.27430
nist-docx-0008,0,40,1247,1287,0.96892
nist-docx-0008,0,41,1129,1329,0.84951
nist-docx-0008,0,42,1181,1398,0.84478
nist-docx-0008,0,43,1034,1388,0.74496
nist-docx-0008,0,44,1210,1495,0.80936
nist-docx-0008,0,45,1069,1330,0.80376
nist-docx-0008,0,46,1180,1365,0.86447
nist-docx-0008,0,47,1182,1621,0.72918
nist-docx-0008,0,48,1187,1338,0.88714
nist-docx-0008,0,49,1032,1374,0.75109
nist-docx-0008,0,50,1375,1334,1.03073
nist-docx-0008,0,51,1096,1333,0.82221
nist-docx-0008,0,52,1107,1302,0.85023
nist-docx-0008,0,53,1090,1802,0.60488
nist-docx-0008,0,54,1190,1288,0.92391
nist-docx-0008,0,55,1060,1319,0.80364
nist-docx-0008,0,56,1241,1303,0.95242
nist-docx-0008,0,57,1115,1357,0.82167
nist-docx-0008,0,58,1057,1358,0.77835
nist-docx-0008,0,59,1018,1407,0.72353
nist-docx-0008,0,60,1372,1392,0.98563
nist-docx-0008,0,61,1136,1409,0.80625
nist-docx-0008,0,62,1147,1361,0.84276
nist-docx-0008,0,63,1204,1407,0.85572
nist-docx-0008,0,64,1087,1327,0.81914
nist-docx-0008,0,65,1071,1309,0.81818
nist-docx-0008,0,66,1216,1277,0.95223
nist-docx-0008,0,67,1065,1332,0.79955
nist-docx-0008,0,68,1258,1405,0.89537
nist-docx-0008,0,69,1322,1621,0.81555
nist-docx-0008,0,70,1161,1319,0.88021
nist-docx-0008,0,71,1056,1374,0.76856
nist-docx-0008,0,72,1264,1353,0.93422
nist-docx-0008,0,73,1027,1358,0.75626
nist-docx-0008,0,74,1174,1352,0.86834
nist-docx-0008,0,75,1135,1392,0.81537
nist-docx-0008,0,76,1243,1359,0.91464
nist-docx-0008,0,77,1177,1365,0.86227
nist-docx-0008,0,78,1312,1377,0.95280
nist-docx-0008,0,79,1079,1358,0.79455
nist-docx-0008,0,80,1123,1511,0.74322
nist-docx-0008,0,81,1110,1626,0.68266
nist-docx-0008,0,82,1337,1475,0.90644
nist-docx-0008,0,83,1449,2476,0.58522
nist-docx-0008,0,84,1241,1396,0.88897
nist-docx-0008,0,85,1032,1380,0.74783
nist-docx-0008,0,86,1142,1368,0.83480
nist-docx-0008,0,87,1016,1350,0.75259
nist-docx-0008,0,88,1255,1383,0.90745
nist-docx-0008,0,89,1076,1401,0.76802
nist-docx-0008,0,90,1310,1391,0.94177
nist-docx-0008,0,91,1116,1426,0.78261
nist-docx-0008,0,92,1205,1426,0.84502
nist-docx-0008,0,93,1097,1283,0.85503
nist-docx-0008,0,94,1465,1407,1.04122
nist-docx-0008,0,95,1059,1310,0.80840
nist-docx-0008,0,96,1389,1401,0.99143
nist-docx-0008,0,97,1068,1547,0.69037
nist-docx-0008,0,98,1142,1284,0.88941
nist-docx-0008,0,99,1052,1293,0.81361
nist-docx-0008,0,100,1306,1359,0.96100
nist-docx-0009,0,1,1796,1580,1.13671
nist-docx-0009,0,2,1951,1460,1.33630
nist-docx-0009,0,3,1812,2256,0.80319
nist-docx-0009,0,4,4137,1506,2.74701
nist-docx-0009,0,5,1735,1518,1.14295
nist-docx-0009,0,6,1962,1472,1.33288
nist-docx-0009,0,7,1764,1532,1.15144
nist-docx-0009,0,8,1957,1612,1.21402
nist-docx-0009,0,9,1889,1670,1.13114
nist-docx-0009,0,10,1734,1475,1.17559
nist-docx-0009,0,11,1808,1886,0.95864
nist-docx-0009,0,12,1967,1501,1.31046
nist-docx-0009,0,13,1856,1496,1.24064
nist-docx-0009,0,14,1986,1561,1.27226
nist-docx-0009,0,15,1772,1578,1.12294
nist-docx-0009,0,16,2059,1692,1.21690
nist-docx-0009,0,17,1751,1575,1.11175
nist-docx-0009,0,18,1760,1483,1.18678
nist-docx-0009,0,19,1843,1829,1.00765
nist-docx-0009,0,20,1842,1582,1.16435
nist-docx-0009,0,21,1807,1476,1.22425
nist-docx-0009,0,22,1972,1836,1.07407
nist-docx-0009,0,23,1708,1516,1.12665
nist-docx-0009,0,24,1897,1509,1.25712
nist-docx-0009,0,25,1907,1755,1.08661
nist-docx-0009,0,26,1826,1461,1.24983
nist-docx-0009,0,27,1785,1622,1.10049
nist-docx-0009,0,28,1870,1478,1.26522
nist-docx-0009,0,29,1765,1473,1.19823
nist-docx-0009,0,30,1959,1567,1.25016
nist-docx-0009,0,31,1787,1528,1.16950
nist-docx-0009,0,32,1884,1383,1.36226
nist-docx-0009,0,33,1850,1726,1.07184
nist-docx-0009,0,34,1865,1582,1.17889
nist-docx-0009,0,35,1762,1706,1.03283
nist-docx-0009,0,36,2035,1625,1.25231
nist-docx-0009,0,37,1849,1637,1.12951
nist-docx-0009,0,38,1970,1556,1.26607
nist-docx-0009,0,39,1762,1513,1.16457
nist-docx-0009,0,40,1909,1443,1.32294
nist-docx-0009,0,41,1883,1732,1.08718
nist-docx-0009,0,42,1838,1633,1.12554
nist-docx-0009,0,43,1838,1597,1.15091
nist-docx-0009,0,44,2096,1526,1.37353
nist-docx-0009,0,45,1752,1596,1.09774
nist-docx-0009,0,46,1946,1570,1.23949
nist-docx-0009,0,47,1707,1569,1.08795
nist-docx-0009,0,48,1785,1497,1.19238
nist-docx-0009,0,49,1920,1742,1.10218
nist-docx-0009,0,50,1901,1560,1.21859
nist-docx-0009,0,51,1938,1602,1.20974
nist-docx-0009,0,52,2002,1588,1.26071
nist-docx-0009,0,53,1847,1475,1.25220
nist-docx-0009,0,54,2054,1436,1.43036
nist-docx-0009,0,55,1766,1532,1.15274
nist-docx-0009,0,56,1861,1441,1.29146
nist-docx-0009,0,57,1794,1868,0.96039
nist-docx-0009,0,58,1835,1520,1.20724
nist-docx-0009,0,59,1877,1643,1.14242
nist-docx-0009,0,60,2089,2354,0.88743
nist-docx-0009,0,61,1786,1596,1.11905
nist-docx-0009,0,62,2134,1476,1.44580
nist-docx-0009,0,63,1828,1628,1.12285
nist-docx-0009,0,64,1917,1542,1.24319
nist-docx-0009,0,65,1793,2030,0.88325
nist-docx-0009,0,66,1850,1487,1.24412
nist-docx-0009,0,67,1783,1436,1.24164
nist-docx-0009,0,68,2055,1861,1.10425
nist-docx-0009,0,69,1764,1456,1.21154
nist-docx-0009,0,70,1900,1513,1.25578
nist-docx-0009,0,71,1873,1873,1.00000
nist-docx-0009,0,72,1878,1420,1.32254
nist-docx-0009,0,73,1712,1652,1.03632
nist-docx-0009,0,74,1849,1446,1.27870
nist-docx-0009,0,75,1780,1530,1.16340
nist-docx-0009,0,76,2022,1547,1.30705
nist-docx-0009,0,77,1842,1628,1.13145
nist-docx-0009,0,78,1934,1491,1.29712
nist-docx-0009,0,79,1788,1602,1.11610
nist-docx-0009,0,80,1808,1616,1.11881
nist-docx-0009,0,81,1835,1492,1.22989
nist-docx-0009,0,82,1915,1551,1.23469
nist-docx-0009,0,83,1868,1578,1.18378
nist-docx-0009,0,84,2229,1488,1.49798
nist-docx-0009,0,85,2218,1826,1.21468
nist-docx-0009,0,86,2018,1517,1.33026
nist-docx-0009,0,87,1906,1804,1.05654
nist-docx-0009,0,88,2049,1645,1.24559
nist-docx-0009,0,89,1815,1939,0.93605
nist-docx-0009,0,90,2069,1816,1.13932
nist-docx-0009,0,91,1898,1583,1.19899
nist-docx-0009,0,92,2147,1560,1.37628
nist-docx-0009,0,93,1930,1583,1.21920
nist-docx-0009,0,94,1982,1624,1.22044
nist-docx-0009,0,95,1854,1891,0.98043
nist-docx-0009,0,96,2028,1518,1.33597
nist-docx-0009,0,97,1801,1691,1.06505
nist-docx-0009,0,98,1881,1550,1.21355
nist-docx-0009,0,99,1779,1692,1.05142
nist-docx-0009,0,100,1912,1528,1.25131
nist-docx-0014,0,1,3595,2314,1.55359
nist-docx-0014,0,2,3735,2107,1.77266
nist-docx-0014,0,3,3587,2296,1.56228
nist-docx-0014,0,4,3921,2056,1.90710
nist-docx-0014,0,5,3664,2149,1.70498
nist-docx-0014,0,6,3643,2186,1.66651
nist-docx-0014,0,7,3674,2225,1.65124
nist-docx-0014,0,8,3756,4483,0.83783
nist-docx-0014,0,9,3664,2418,1.51530
nist-docx-0014,0,10,3720,2117,1.75720
nist-docx-0014,0,11,3683,2332,1.57933
nist-docx-0014,0,12,3928,4510,0.87095
nist-docx-0014,0,13,3740,2935,1.27428
nist-docx-0014,0,14,3879,2196,1.76639
nist-docx-0014,0,15,3799,2334,1.62768
nist-docx-0014,0,16,3913,2078,1.88306
nist-docx-0014,0,17,3708,2318,1.59965
nist-docx-0014,0,18,3733,2119,1.76168
nist-docx-0014,0,19,3568,2344,1.52218
nist-docx-0014,0,20,3828,2189,1.74874
nist-docx-0014,0,21,3818,2476,1.54200
nist-docx-0014,0,22,3928,2027,1.93784
nist-docx-0014,0,23,3864,2582,1.49651
nist-docx-0014,0,24,4205,1946,2.16084
nist-docx-0014,0,25,3955,2432,1.62623
nist-docx-0014,0,26,3717,2170,1.71290
nist-docx-0014,0,27,3743,2770,1.35126
nist-docx-0014,0,28,3907,2094,1.86581
nist-docx-0014,0,29,3837,2272,1.68882
nist-docx-0014,0,30,4013,2062,1.94617
nist-docx-0014,0,31,3816,2451,1.55692
nist-docx-0014,0,32,3893,1940,2.00670
nist-docx-0014,0,33,3655,2234,1.63608
nist-docx-0014,0,34,3733,2010,1.85721
nist-docx-0014,0,35,3749,2551,1.46962
nist-docx-0014,0,36,3815,2025,1.88395
nist-docx-0014,0,37,3699,2548,1.45173
nist-docx-0014,0,38,3811,2015,1.89132
nist-docx-0014,0,39,3970,2435,1.63039
nist-docx-0014,0,40,4440,2004,2.21557
nist-docx-0014,0,41,3969,2579,1.53897
nist-docx-0014,0,42,4012,2042,1.96474
nist-docx-0014,0,43,3975,2376,1.67298
nist-docx-0014,0,44,4053,2156,1.87987
nist-docx-0014,0,45,3862,2487,1.55287
nist-docx-0014,0,46,4135,2793,1.48049
nist-docx-0014,0,47,3671,2336,1.57149
nist-docx-0014,0,48,4048,2168,1.86716
nist-docx-0014,0,49,3867,2361,1.63787
nist-docx-0014,0,50,4214,2310,1.82424
nist-docx-0014,0,51,3773,2406,1.56816
nist-docx-0014,0,52,4019,2468,1.62844
nist-docx-0014,0,53,3791,2535,1.49546
nist-docx-0014,0,54,3953,2278,1.73529
nist-docx-0014,0,55,3870,2555,1.51468
nist-docx-0014,0,56,3885,2716,1.43041
nist-docx-0014,0,57,3605,2540,1.41929
nist-docx-0014,0,58,3790,1955,1.93862
nist-docx-0014,0,59,3738,2521,1.48274
nist-docx-0014,0,60,3961,2059,1.92375
nist-docx-0014,0,61,3661,2558,1.43120
nist-docx-0014,0,62,3862,2053,1.88115
nist-docx-0014,0,63,4143,2714,1.52653
nist-docx-0014,0,64,4056,2157,1.88039
nist-docx-0014,0,65,3685,2363,1.55946
nist-docx-0014,0,66,4054,2087,1.94250
nist-docx-0014,0,67,3852,2522,1.52736
nist-docx-0014,0,68,4163,2133,1.95171
nist-docx-0014,0,69,3738,2268,1.64815
nist-docx-0014,0,70,3876,2240,1.73036
nist-docx-0014,0,71,3843,2751,1.39695
nist-docx-0014,0,72,3847,2483,1.54934
nist-docx-0014,0,73,3627,2333,1.55465
nist-docx-0014,0,74,4077,2075,1.96482
nist-docx-0014,0,75,3750,2244,1.67112
nist-docx-0014,0,76,4121,2087,1.97460
nist-docx-0014,0,77,3615,2199,1.64393
nist-docx-0014,0,78,3770,2368,1.59206
nist-docx-0014,0,79,3646,2197,1.65954
nist-docx-0014,0,80,3752,2238,1.67650
nist-docx-0014,0,81,3738,2104,1.77662
nist-docx-0014,0,82,3809,2304,1.65321
nist-docx-0014,0,83,3603,2353,1.53124
nist-docx-0014,0,84,3855,2142,1.79972
nist-docx-0014,0,85,3566,2373,1.50274
nist-docx-0014,0,86,3836,2170,1.76774
nist-docx-0014,0,87,3580,2329,1.53714
nist-docx-0014,0,88,3739,2158,1.73262
nist-docx-0014,0,89,3717,2459,1.51159
nist-docx-0014,0,90,3802,1997,1.90386
nist-docx-0014,0,91,3578,2474,1.44624
nist-docx-0014,0,92,3796,2163,1.75497
nist-docx-0014,0,93,3784,2318,1.63244
nist-docx-0014,0,94,3894,2053,1.89674
nist-docx-0014,0,95,3780,2517,1.50179
nist-docx-0014,0,96,3682,2057,1.78999
nist-docx-0014,0,97,3795,2600,1.45962
nist-docx-0014,0,98,3814,2026,1.88253
nist-docx-0014,0,99,3638,2461,1.47826
nist-docx-0014,0,100,3914,1940,2.01753
nist-epub-0003,0,1,3106,1716,1.81002
nist-epub-0003,0,2,2926,1735,1.68646
nist-epub-0003,0,3,2886,1696,1.70165
nist-epub-0003,0,4,3237,1677,1.93023
nist-epub-0003,0,5,2920,1702,1.71563
nist-epub-0003,0,6,3418,1667,2.05039
nist-epub-0003,0,7,3038,1828,1.66193
nist-epub-0003,0,8,3234,1581,2.04554
nist-epub-0003,0,9,3262,2074,1.57281
nist-epub-0003,0,10,3141,1613,1.94730
nist-epub-0003,0,11,3001,2048,1.46533
nist-epub-0003,0,12,2977,1610,1.84907
nist-epub-0003,0,13,2913,1973,1.47643
nist-epub-0003,0,14,3140,1670,1.88024
nist-epub-0003,0,15,2903,1999,1.45223
nist-epub-0003,0,16,3272,1723,1.89901
nist-epub-0003,0,17,2948,1721,1.71296
nist-epub-0003,0,18,3173,1635,1.94067
nist-epub-0003,0,19,3495,1990,1.75628
nist-epub-0003,0,20,3400,1845,1.84282
nist-epub-0003,0,21,2986,1696,1.76061
nist-epub-0003,0,22,3250,1999,1.62581
nist-epub-0003,0,23,3081,1782,1.72896
nist-epub-0003,0,24,3132,1723,1.81776
nist-epub-0003,0,25,2906,1655,1.75589
nist-epub-0003,0,26,3265,1682,1.94114
nist-epub-0003,0,27,2930,1627,1.80086
nist-epub-0003,0,28,3428,1689,2.02960
nist-epub-0003,0,29,3000,1846,1.62514
nist-epub-0003,0,30,3105,1644,1.88869
nist-epub-0003,0,31,3030,1948,1.55544
nist-epub-0003,0,32,3083,1774,1.73788
nist-epub-0003,0,33,3182,1966,1.61851
nist-epub-0003,0,34,3219,1740,1.85000
nist-epub-0003,0,35,3098,2015,1.53747
nist-epub-0003,0,36,4289,1684,2.54691
nist-epub-0003,0,37,3098,2089,1.48301
nist-epub-0003,0,38,3308,2287,1.44644
nist-epub-0003,0,39,2944,2031,1.44953
nist-epub-0003,0,40,3028,1647,1.83849
nist-epub-0003,0,41,3044,1718,1.77183
nist-epub-0003,0,42,3185,1644,1.93735
nist-epub-0003,0,43,2940,1666,1.76471
nist-epub-0003,0,44,3192,1730,1.84509
nist-epub-0003,0,45,2959,1723,1.71735
nist-epub-0003,0,46,3163,1729,1.82938
nist-epub-0003,0,47,2941,1676,1.75477
nist-epub-0003,0,48,3079,1795,1.71532
nist-epub-0003,0,49,2987,1590,1.87862
nist-epub-0003,0,50,3389,1629,2.08042
nist-epub-0003,0,51,2972,1946,1.52724
nist-epub-0003,0,52,3228,1782,1.81145
nist-epub-0003,0,53,3083,2096,1.47090
nist-epub-0003,0,54,3294,1964,1.67719
nist-epub-0003,0,55,3186,1987,1.60342
nist-epub-0003,0,56,3069,1716,1.78846
nist-epub-0003,0,57,2967,1945,1.52545
nist-epub-0003,0,58,3043,1688,1.80273
nist-epub-0003,0,59,2970,1847,1.60801
nist-epub-0003,0,60,3018,1643,1.83688
nist-epub-0003,0,61,2962,2191,1.35189
nist-epub-0003,0,62,3550,1724,2.05916
nist-epub-0003,0,63,2891,1700,1.70059
nist-epub-0003,0,64,3221,1702,1.89248
nist-epub-0003,0,65,2896,1745,1.65960
nist-epub-0003,0,66,3079,1636,1.88203
nist-epub-0003,0,67,2885,1707,1.69010
nist-epub-0003,0,68,3131,1714,1.82672
nist-epub-0003,0,69,2956,1699,1.73985
nist-epub-0003,0,70,4045,2135,1.89461
nist-epub-0003,0,71,3022,1782,1.69585
nist-epub-0003,0,72,3167,1681,1.88400
nist-epub-0003,0,73,3053,1891,1.61449
nist-epub-0003,0,74,3255,1635,1.99083
nist-epub-0003,0,75,2959,2126,1.39182
nist-epub-0003,0,76,3024,1590,1.90189
nist-epub-0003,0,77,3272,1983,1.65003
nist-epub-0003,0,78,3031,1650,1.83697
nist-epub-0003,0,79,3018,2024,1.49111
nist-epub-0003,0,80,3040,1644,1.84915
nist-epub-0003,0,81,3468,2047,1.69419
nist-epub-0003,0,82,3175,1742,1.82262
nist-epub-0003,0,83,2972,2264,1.31272
nist-epub-0003,0,84,3112,1631,1.90803
nist-epub-0003,0,85,2955,1810,1.63260
nist-epub-0003,0,86,3092,1698,1.82097
nist-epub-0003,0,87,2918,1639,1.78035
nist-epub-0003,0,88,3258,1751,1.86065
nist-epub-0003,0,89,2923,1661,1.75978
nist-epub-0003,0,90,3159,1659,1.90416
nist-epub-0003,0,91,2994,1725,1.73565
nist-epub-0003,0,92,3221,1633,1.97244
nist-epub-0003,0,93,2967,1736,1.70910
nist-epub-0003,0,94,3304,1653,1.99879
nist-epub-0003,0,95,2976,1821,1.63427
nist-epub-0003,0,96,3124,1699,1.83873
nist-epub-0003,0,97,2953,1907,1.54851
nist-epub-0003,0,98,2993,1705,1.75543
nist-epub-0003,0,99,3020,1953,1.54634
nist-epub-0003,0,100,2982,1577,1.89093
nist-epub-0006,0,1,2505,1460,1.71575
nist-epub-0006,0,2,2525,1429,1.76697
nist-epub-0006,0,3,2359,1537,1.53481
nist-epub-0006,0,4,2787,1405,1.98363
nist-epub-0006,0,5,2454,1672,1.46770
nist-epub-0006,0,6,2539,1514,1.67701
nist-epub-0006,0,7,2529,1798,1.40656
nist-epub-0006,0,8,2364,1387,1.70440
nist-epub-0006,0,9,2414,1522,1.58607
nist-epub-0006,0,10,2593,1490,1.74027
nist-epub-0006,0,11,2407,1528,1.57526
nist-epub-0006,0,12,2926,1540,1.90000
nist-epub-0006,0,13,2416,1487,1.62475
nist-epub-0006,0,14,2828,1442,1.96117
nist-epub-0006,0,15,2488,1591,1.56380
nist-epub-0006,0,16,2663,1409,1.88999
nist-epub-0006,0,17,2330,1721,1.35386
nist-epub-0006,0,18,2587,1464,1.76708
nist-epub-0006,0,19,2377,1768,1.34446
nist-epub-0006,0,20,2535,1574,1.61055
nist-epub-0006,0,21,2370,1433,1.65387
nist-epub-0006,0,22,2584,1438,1.79694
nist-epub-0006,0,23,2441,1646,1.48299
nist-epub-0006,0,24,2711,1422,1.90647
nist-epub-0006,0,25,2579,1604,1.60786
nist-epub-0006,0,26,2546,1527,1.66732
nist-epub-0006,0,27,2467,1884,1.30945
nist-epub-0006,0,28,2496,1418,1.76023
nist-epub-0006,0,29,2431,1692,1.43676
nist-epub-0006,0,30,2573,1490,1.72685
nist-epub-0006,0,31,2371,1427,1.66153
nist-epub-0006,0,32,2708,1459,1.85607
nist-epub-0006,0,33,2435,1554,1.56692
nist-epub-0006,0,34,2790,1432,1.94832
nist-epub-0006,0,35,2431,1652,1.47155
nist-epub-0006,0,36,2349,1430,1.64266
nist-epub-0006,0,37,2459,1750,1.40514
nist-epub-0006,0,38,2470,1408,1.75426
nist-epub-0006,0,39,2291,1514,1.51321
nist-epub-0006,0,40,2629,1544,1.70272
nist-epub-0006,0,41,2440,1431,1.70510
nist-epub-0006,0,42,2581,1444,1.78740
nist-epub-0006,0,43,2386,1439,1.65810
nist-epub-0006,0,44,2618,1386,1.88889
nist-epub-0006,0,45,2510,1635,1.53517
nist-epub-0006,0,46,2384,1431,1.66597
nist-epub-0006,0,47,2382,1849,1.28826
nist-epub-0006,0,48,2503,1569,1.59528
nist-epub-0006,0,49,2354,1563,1.50608
nist-epub-0006,0,50,2769,1545,1.79223
nist-epub-0006,0,51,2322,1436,1.61699
nist-epub-0006,0,52,2526,1508,1.67507
nist-epub-0006,0,53,2388,1424,1.67697
nist-epub-0006,0,54,2476,1501,1.64957
nist-epub-0006,0,55,2462,1856,1.32651
nist-epub-0006,0,56,2349,1413,1.66242
nist-epub-0006,0,57,2422,1662,1.45728
nist-epub-0006,0,58,2476,1509,1.64082
nist-epub-0006,0,59,2428,1541,1.57560
nist-epub-0006,0,60,2536,1551,1.63507
nist-epub-0006,0,61,2430,1385,1.75451
nist-epub-0006,0,62,2581,1494,1.72758
nist-epub-0006,0,63,2435,1492,1.63204
nist-epub-0006,0,64,2546,1443,1.76438
nist-epub-0006,0,65,2390,1715,1.39359
nist-epub-0006,0,66,2404,1362,1.76505
nist-epub-0006,0,67,2414,1688,1.43009
nist-epub-0006,0,68,2414,1411,1.71084
nist-epub-0006,0,69,2402,1680,1.42976
nist-epub-0006,0,70,2616,1441,1.81541
nist-epub-0006,0,71,2362,1408,1.67756
nist-epub-0006,0,72,2533,1483,1.70802
nist-epub-0006,0,73,2390,1461,1.63587
nist-epub-0006,0,74,2481,1444,1.71814
nist-epub-0006,0,75,2411,1668,1.44544
nist-epub-0006,0,76,2418,1411,1.71368
nist-epub-0006,0,77,2395,1536,1.55924
nist-epub-0006,0,78,2558,1455,1.75808
nist-epub-0006,0,79,2359,1380,1.70942
nist-epub-0006,0,80,2545,1542,1.65045
nist-epub-0006,0,81,2503,1416,1.76766
nist-epub-0006,0,82,2583,1546,1.67076
nist-epub-0006,0,83,2398,1480,1.62027
nist-epub-0006,0,84,2666,1423,1.87351
nist-epub-0006,0,85,2673,1709,1.56407
nist-epub-0006,0,86,2533,1422,1.78129
nist-epub-0006,0,87,2462,1662,1.48135
nist-epub-0006,0,88,2467,1516,1.62731
nist-epub-0006,0,89,2454,1601,1.53279
nist-epub-0006,0,90,2585,1502,1.72104
nist-epub-0006,0,91,2348,1450,1.61931
nist-epub-0006,0,92,2548,1455,1.75120
nist-epub-0006,0,93,2355,1461,1.61191
nist-epub-0006,0,94,2421,1384,1.74928
nist-epub-0006,0,95,2443,1686,1.44899
nist-epub-0006,0,96,2546,1380,1.84493
nist-epub-0006,0,97,2373,1974,1.20213
nist-epub-0006,0,98,2554,1495,1.70836
nist-epub-0006,0,99,2322,1369,1.69613
nist-epub-0006,0,100,2606,1498,1.73965
nist-epub-0008,0,1,1690,1414,1.19519
nist-epub-0008,0,2,1506,1328,1.13404
nist-epub-0008,0,3,1526,1318,1.15781
nist-epub-0008,0,4,1743,1595,1.09279
nist-epub-0008,0,5,1501,1547,0.97027
nist-epub-0008,0,6,1619,1296,1.24923
nist-epub-0008,0,7,1590,1386,1.14719
nist-epub-0008,0,8,1711,1386,1.23449
nist-epub-0008,0,9,1594,1317,1.21033
nist-epub-0008,0,10,1664,1317,1.26348
nist-epub-0008,0,11,1607,1603,1.00250
nist-epub-0008,0,12,1611,1386,1.16234
nist-epub-0008,0,13,1624,1343,1.20923
nist-epub-0008,0,14,1811,1459,1.24126
nist-epub-0008,0,15,1542,1397,1.10379
nist-epub-0008,0,16,1740,1349,1.28984
nist-epub-0008,0,17,1682,1706,0.98593
nist-epub-0008,0,18,1602,1363,1.17535
nist-epub-0008,0,19,1568,1320,1.18788
nist-epub-0008,0,20,1694,1382,1.22576
nist-epub-0008,0,21,1583,1327,1.19292
nist-epub-0008,0,22,1700,1288,1.31988
nist-epub-0008,0,23,1548,1490,1.03893
nist-epub-0008,0,24,1632,1306,1.24962
nist-epub-0008,0,25,1555,1391,1.11790
nist-epub-0008,0,26,1742,1341,1.29903
nist-epub-0008,0,27,1493,1332,1.12087
nist-epub-0008,0,28,1850,1320,1.40152
nist-epub-0008,0,29,1564,1408,1.11080
nist-epub-0008,0,30,1583,1351,1.17172
nist-epub-0008,0,31,1557,1400,1.11214
nist-epub-0008,0,32,1697,1398,1.21388
nist-epub-0008,0,33,1456,1330,1.09474
nist-epub-0008,0,34,1885,1324,1.42372
nist-epub-0008,0,35,1567,1757,0.89186
nist-epub-0008,0,36,1566,1319,1.18726
nist-epub-0008,0,37,1536,1404,1.09402
nist-epub-0008,0,38,1690,1335,1.26592
nist-epub-0008,0,39,1606,1312,1.22409
nist-epub-0008,0,40,1737,1340,1.29627
nist-epub-0008,0,41,1544,1380,1.11884
nist-epub-0008,0,42,1522,1358,1.12077
nist-epub-0008,0,43,1545,1553,0.99485
nist-epub-0008,0,44,1716,1427,1.20252
nist-epub-0008,0,45,1597,1361,1.17340
nist-epub-0008,0,46,1742,1469,1.18584
nist-epub-0008,0,47,1581,1359,1.16336
nist-epub-0008,0,48,1491,1339,1.11352
nist-epub-0008,0,49,1574,1855,0.84852
nist-epub-0008,0,50,1783,1612,1.10608
nist-epub-0008,0,51,1627,1414,1.15064
nist-epub-0008,0,52,1739,1373,1.26657
nist-epub-0008,0,53,1546,1393,1.10983
nist-epub-0008,0,54,1642,1453,1.13008
nist-epub-0008,0,55,1879,1598,1.17584
nist-epub-0008,0,56,1623,1318,1.23141
nist-epub-0008,0,57,1526,1453,1.05024
nist-epub-0008,0,58,1665,1402,1.18759
nist-epub-0008,0,59,1690,1387,1.21846
nist-epub-0008,0,60,1659,1331,1.24643
nist-epub-0008,0,61,1590,1563,1.01727
nist-epub-0008,0,62,1589,1435,1.10732
nist-epub-0008,0,63,1522,1423,1.06957
nist-epub-0008,0,64,1674,1395,1.20000
nist-epub-0008,0,65,1594,1313,1.21401
nist-epub-0008,0,66,1714,1356,1.26401
nist-epub-0008,0,67,1520,1341,1.13348
nist-epub-0008,0,68,2022,1279,1.58092
nist-epub-0008,0,69,2202,1439,1.53023
nist-epub-0008,0,70,1629,1320,1.23409
nist-epub-0008,0,71,1492,1308,1.14067
nist-epub-0008,0,72,1768,1390,1.27194
nist-epub-0008,0,73,1545,1406,1.09886
nist-epub-0008,0,74,1483,1341,1.10589
nist-epub-0008,0,75,1560,1589,0.98175
nist-epub-0008,0,76,1881,1333,1.41110
nist-epub-0008,0,77,1538,1331,1.15552
nist-epub-0008,0,78,1619,1368,1.18348
nist-epub-0008,0,79,1584,1392,1.13793
nist-epub-0008,0,80,1521,1351,1.12583
nist-epub-0008,0,81,1512,1606,0.94147
nist-epub-0008,0,82,1632,1320,1.23636
nist-epub-0008,0,83,1534,1298,1.18182
nist-epub-0008,0,84,1674,1424,1.17556
nist-epub-0008,0,85,1519,1447,1.04976
nist-epub-0008,0,86,1586,1360,1.16618
nist-epub-0008,0,87,1569,1535,1.02215
nist-epub-0008,0,88,1629,1276,1.27665
nist-epub-0008,0,89,1576,1300,1.21231
nist-epub-0008,0,90,1645,1346,1.22214
nist-epub-0008,0,91,1536,1433,1.07188
nist-epub-0008,0,92,1608,1333,1.20630
nist-epub-0008,0,93,1566,1465,1.06894
nist-epub-0008,0,94,1537,1335,1.15131
nist-epub-0008,0,95,1525,1311,1.16323
nist-epub-0008,0,96,1818,1509,1.20477
nist-epub-0008,0,97,1576,1357,1.16139
nist-epub-0008,0,98,1617,1289,1.25446
nist-epub-0008,0,99,1546,1527,1.01244
nist-epub-0008,0,100,1719,1354,1.26957
nist-epub-0009,0,1,5658,2510,2.25418
nist-epub-0009,0,2,5711,2454,2.32722
nist-epub-0009,0,3,5799,2661,2.17926
nist-epub-0009,0,4,5796,2433,2.38224
nist-epub-0009,0,5,5824,2643,2.20356
nist-epub-0009,0,6,5884,2299,2.55937
nist-epub-0009,0,7,5845,2475,2.36162
nist-epub-0009,0,8,5961,2453,2.43009
nist-epub-0009,0,9,5904,2690,2.19480
nist-epub-0009,0,10,5868,2266,2.58959
nist-epub-0009,0,11,5997,2737,2.19109
nist-epub-0009,0,12,5927,2360,2.51144
nist-epub-0009,0,13,5676,2631,2.15735
nist-epub-0009,0,14,6412,2382,2.69186
nist-epub-0009,0,15,5848,2970,1.96902
nist-epub-0009,0,16,6007,2458,2.44386
nist-epub-0009,0,17,5940,2859,2.07765
nist-epub-0009,0,18,6077,2275,2.67121
nist-epub-0009,0,19,5636,2714,2.07664
nist-epub-0009,0,20,6221,2597,2.39546
nist-epub-0009,0,21,5726,2961,1.93381
nist-epub-0009,0,22,5827,2609,2.23342
nist-epub-0009,0,23,5981,2917,2.05039
nist-epub-0009,0,24,6049,2526,2.39470
nist-epub-0009,0,25,5854,2719,2.15300
nist-epub-0009,0,26,5992,2656,2.25602
nist-epub-0009,0,27,5799,2915,1.98937
nist-epub-0009,0,28,6037,2334,2.58655
nist-epub-0009,0,29,8428,2875,2.93148
nist-epub-0009,0,30,6054,2495,2.42645
nist-epub-0009,0,31,5708,2885,1.97851
nist-epub-0009,0,32,6187,2436,2.53982
nist-epub-0009,0,33,5708,2784,2.05029
nist-epub-0009,0,34,5851,2550,2.29451
nist-epub-0009,0,35,5704,2837,2.01057
nist-epub-0009,0,36,6328,2452,2.58075
nist-epub-0009,0,37,6020,2672,2.25299
nist-epub-0009,0,38,5986,2649,2.25972
nist-epub-0009,0,39,5620,3122,1.80013
nist-epub-0009,0,40,5908,2397,2.46475
nist-epub-0009,0,41,5881,2785,2.11167
nist-epub-0009,0,42,6030,2464,2.44724
nist-epub-0009,0,43,5770,2538,2.27344
nist-epub-0009,0,44,5900,2491,2.36853
nist-epub-0009,0,45,5738,2877,1.99444
nist-epub-0009,0,46,6054,2612,2.31776
nist-epub-0009,0,47,5965,2823,2.11300
nist-epub-0009,0,48,6084,2441,2.49242
nist-epub-0009,0,49,5655,2405,2.35135
nist-epub-0009,0,50,6114,2565,2.38363
nist-epub-0009,0,51,5649,2855,1.97863
nist-epub-0009,0,52,5877,2483,2.36689
nist-epub-0009,0,53,6024,2934,2.05317
nist-epub-0009,0,54,6006,2561,2.34518
nist-epub-0009,0,55,5880,2899,2.02829
nist-epub-0009,0,56,5931,2359,2.51420
nist-epub-0009,0,57,6112,2985,2.04757
nist-epub-0009,0,58,6105,2389,2.55546
nist-epub-0009,0,59,5910,2915,2.02744
nist-epub-0009,0,60,5969,2591,2.30374
nist-epub-0009,0,61,5611,2941,1.90785
nist-epub-0009,0,62,5907,2703,2.18535
nist-epub-0009,0,63,5944,2731,2.17649
nist-epub-0009,0,64,6863,2505,2.73972
nist-epub-0009,0,65,5605,2991,1.87396
nist-epub-0009,0,66,6124,2551,2.40063
nist-epub-0009,0,67,5646,2719,2.07650
nist-epub-0009,0,68,5766,2635,2.18824
nist-epub-0009,0,69,5701,2885,1.97608
nist-epub-0009,0,70,6106,2511,2.43170
nist-epub-0009,0,71,5932,2710,2.18893
nist-epub-0009,0,72,5836,2420,2.41157
nist-epub-0009,0,73,5931,2505,2.36766
nist-epub-0009,0,74,5943,2315,2.56717
nist-epub-0009,0,75,5706,3027,1.88503
nist-epub-0009,0,76,5914,2461,2.40309
nist-epub-0009,0,77,5759,2819,2.04292
nist-epub-0009,0,78,6188,2349,2.63431
nist-epub-0009,0,79,5884,3136,1.87628
nist-epub-0009,0,80,6239,2767,2.25479
nist-epub-0009,0,81,5746,2821,2.03687
nist-epub-0009,0,82,5971,2610,2.28774
nist-epub-0009,0,83,6022,2781,2.16541
nist-epub-0009,0,84,6140,2444,2.51227
nist-epub-0009,0,85,5586,2562,2.18033
nist-epub-0009,0,86,5920,2646,2.23734
nist-epub-0009,0,87,5905,2786,2.11953
nist-epub-0009,0,88,5996,2301,2.60582
nist-epub-0009,0,89,5687,2690,2.11413
nist-epub-0009,0,90,6039,2227,2.71172
nist-epub-0009,0,91,5779,2724,2.12151
nist-epub-0009,0,92,5989,2453,2.44150
nist-epub-0009,0,93,5769,2910,1.98247
nist-epub-0009,0,94,5878,2325,2.52817
nist-epub-0009,0,95,5912,2752,2.14826
nist-epub-0009,0,96,6198,2494,2.48516
nist-epub-0009,0,97,5646,2909,1.94087
nist-epub-0009,0,98,5956,2449,2.43201
nist-epub-0009,0,99,5890,2818,2.09013
nist-epub-0009,0,100,5730,2494,2.29751
nist-pdf-0002,0,1,1350,1337,1.00972
nist-pdf-0002,0,2,1394,1299,1.07313
nist-pdf-0002,0,3,1339,1321,1.01363
nist-pdf-0002,0,4,1489,1274,1.16876
nist-pdf-0002,0,5,1351,1557,0.86769
nist-pdf-0002,0,6,1384,1299,1.06543
nist-pdf-0002,0,7,1350,1318,1.02428
nist-pdf-0002,0,8,1437,1381,1.04055
nist-pdf-0002,0,9,1412,1530,0.92288
nist-pdf-0002,0,10,1380,1353,1.01996
nist-pdf-0002,0,11,1324,1378,0.96081
nist-pdf-0002,0,12,2063,1331,1.54996
nist-pdf-0002,0,13,1449,1673,0.86611
nist-pdf-0002,0,14,1463,1310,1.11679
nist-pdf-0002,0,15,1413,1293,1.09281
nist-pdf-0002,0,16,1579,1368,1.15424
nist-pdf-0002,0,17,1295,1400,0.92500
nist-pdf-0002,0,18,1309,1297,1.00925
nist-pdf-0002,0,19,1332,1310,1.01679
nist-pdf-0002,0,20,1518,1305,1.16322
nist-pdf-0002,0,21,1529,1415,1.08057
nist-pdf-0002,0,22,1367,1307,1.04591
nist-pdf-0002,0,23,1361,1619,0.84064
nist-pdf-0002,0,24,1529,1382,1.10637
nist-pdf-0002,0,25,1566,1311,1.19451
nist-pdf-0002,0,26,1373,1340,1.02463
nist-pdf-0002,0,27,1341,1359,0.98675
nist-pdf-0002,0,28,1483,1444,1.02701
nist-pdf-0002,0,29,1486,1373,1.08230
nist-pdf-0002,0,30,1391,1354,1.02733
nist-pdf-0002,0,31,1370,1386,0.98846
nist-pdf-0002,0,32,1531,1396,1.09670
nist-pdf-0002,0,33,1331,1430,0.93077
nist-pdf-0002,0,34,1415,1364,1.03739
nist-pdf-0002,0,35,1393,1447,0.96268
nist-pdf-0002,0,36,1465,1379,1.06236
nist-pdf-0002,0,37,1511,1337,1.13014
nist-pdf-0002,0,38,1332,1345,0.99033
nist-pdf-0002,0,39,1343,1475,0.91051
nist-pdf-0002,0,40,1513,1322,1.14448
nist-pdf-0002,0,41,1388,1306,1.06279
nist-pdf-0002,0,42,1368,1381,0.99059
nist-pdf-0002,0,43,1404,1636,0.85819
nist-pdf-0002,0,44,1412,1435,0.98397
nist-pdf-0002,0,45,1373,1353,1.01478
nist-pdf-0002,0,46,1396,1334,1.04648
nist-pdf-0002,0,47,1370,1601,0.85572
nist-pdf-0002,0,48,1433,1452,0.98691
nist-pdf-0002,0,49,1337,1342,0.99627
nist-pdf-0002,0,50,1462,1328,1.10090
nist-pdf-0002,0,51,1617,1636,0.98839
nist-pdf-0002,0,52,1724,1350,1.27704
nist-pdf-0002,0,53,1371,1519,0.90257
nist-pdf-0002,0,54,1545,1401,1.10278
nist-pdf-0002,0,55,1451,1712,0.84755
nist-pdf-0002,0,56,1485,1308,1.13532
nist-pdf-0002,0,57,1337,1300,1.02846
nist-pdf-0002,0,58,1737,1367,1.27067
nist-pdf-0002,0,59,1335,1450,0.92069
nist-pdf-0002,0,60,1352,1288,1.04969
nist-pdf-0002,0,61,1361,1339,1.01643
nist-pdf-0002,0,62,1580,1433,1.10258
nist-pdf-0002,0,63,1380,1365,1.01099
nist-pdf-0002,0,64,1394,1262,1.10460
nist-pdf-0002,0,65,1378,1339,1.02913
nist-pdf-0002,0,66,1554,1542,1.00778
nist-pdf-0002,0,67,1400,1349,1.03781
nist-pdf-0002,0,68,1345,1289,1.04344
nist-pdf-0002,0,69,1370,1351,1.01406
nist-pdf-0002,0,70,1464,1328,1.10241
nist-pdf-0002,0,71,1399,1367,1.02341
nist-pdf-0002,0,72,1331,1267,1.05051
nist-pdf-0002,0,73,1319,1403,0.94013
nist-pdf-0002,0,74,1586,1503,1.05522
nist-pdf-0002,0,75,1496,1330,1.12481
nist-pdf-0002,0,76,1452,1382,1.05065
nist-pdf-0002,0,77,1333,1446,0.92185
nist-pdf-0002,0,78,1627,1510,1.07748
nist-pdf-0002,0,79,1409,1455,0.96838
nist-pdf-0002,0,80,1521,1329,1.14447
nist-pdf-0002,0,81,1529,1710,0.89415
nist-pdf-0002,0,82,1573,1493,1.05358
nist-pdf-0002,0,83,1400,1493,0.93771
nist-pdf-0002,0,84,1531,1404,1.09046
nist-pdf-0002,0,85,1418,1652,0.85835
nist-pdf-0002,0,86,1477,1362,1.08443
nist-pdf-0002,0,87,1336,1359,0.98308
nist-pdf-0002,0,88,1464,1255,1.16653
nist-pdf-0002,0,89,1832,1646,1.11300
nist-pdf-0002,0,90,1510,1526,0.98952
nist-pdf-0002,0,91,1370,1389,0.98632
nist-pdf-0002,0,92,1778,1340,1.32687
nist-pdf-0002,0,93,1390,1548,0.89793
nist-pdf-0002,0,94,1339,1328,1.00828
nist-pdf-0002,0,95,1332,1276,1.04389
nist-pdf-0002,0,96,1630,1397,1.16679
nist-pdf-0002,0,97,1411,1367,1.03219
nist-pdf-0002,0,98,1379,1435,0.96098
nist-pdf-0002,0,99,1340,1386,0.96681
nist-pdf-0002,0,100,1466,1296,1.13117
nist-pdf-0004,0,1,3110,2053,1.51486
nist-pdf-0004,0,2,3093,1897,1.63047
nist-pdf-0004,0,3,3072,2236,1.37388
nist-pdf-0004,0,4,4537,1790,2.53464
nist-pdf-0004,0,5,3114,2739,1.13691
nist-pdf-0004,0,6,3190,1809,1.76341
nist-pdf-0004,0,7,3048,1825,1.67014
nist-pdf-0004,0,8,3308,2135,1.54941
nist-pdf-0004,0,9,2916,1970,1.48020
nist-pdf-0004,0,10,3503,1853,1.89045
nist-pdf-0004,0,11,3041,2051,1.48269
nist-pdf-0004,0,12,2995,1825,1.64110
nist-pdf-0004,0,13,3108,2252,1.38011
nist-pdf-0004,0,14,3269,2015,1.62233
nist-pdf-0004,0,15,2943,2878,1.02259
nist-pdf-0004,0,16,3171,2257,1.40496
nist-pdf-0004,0,17,3148,2032,1.54921
nist-pdf-0004,0,18,3188,1950,1.63487
nist-pdf-0004,0,19,2931,1925,1.52260
nist-pdf-0004,0,20,3608,1855,1.94501
nist-pdf-0004,0,21,3044,2013,1.51217
nist-pdf-0004,0,22,2950,1766,1.67044
nist-pdf-0004,0,23,2992,2436,1.22824
nist-pdf-0004,0,24,3103,1785,1.73838
nist-pdf-0004,0,25,2928,2299,1.27360
nist-pdf-0004,0,26,4018,1908,2.10587
nist-pdf-0004,0,27,2997,1805,1.66039
nist-pdf-0004,0,28,3213,2039,1.57577
nist-pdf-0004,0,29,2930,1894,1.54699
nist-pdf-0004,0,30,3260,2037,1.60039
nist-pdf-0004,0,31,3198,2076,1.54046
nist-pdf-0004,0,32,2950,1880,1.56915
nist-pdf-0004,0,33,3713,2146,1.73020
nist-pdf-0004,0,34,3075,1807,1.70172
nist-pdf-0004,0,35,3103,2102,1.47621
nist-pdf-0004,0,36,3225,1963,1.64289
nist-pdf-0004,0,37,3050,1994,1.52959
nist-pdf-0004,0,38,3195,1825,1.75068
nist-pdf-0004,0,39,2987,2215,1.34853
nist-pdf-0004,0,40,3864,1909,2.02410
nist-pdf-0004,0,41,3071,2452,1.25245
nist-pdf-0004,0,42,3240,1916,1.69102
nist-pdf-0004,0,43,3203,2192,1.46122
nist-pdf-0004,0,44,3025,1830,1.65301
nist-pdf-0004,0,45,2951,2465,1.19716
nist-pdf-0004,0,46,3170,1754,1.80730
nist-pdf-0004,0,47,3032,2061,1.47113
nist-pdf-0004,0,48,3136,1875,1.67253
nist-pdf-0004,0,49,3014,1743,1.72920
nist-pdf-0004,0,50,3432,1809,1.89718
nist-pdf-0004,0,51,3016,2175,1.38667
nist-pdf-0004,0,52,3129,1884,1.66083
nist-pdf-0004,0,53,3062,2225,1.37618
nist-pdf-0004,0,54,2972,1893,1.56999
nist-pdf-0004,0,55,2981,3047,0.97834
nist-pdf-0004,0,56,3108,1910,1.62723
nist-pdf-0004,0,57,2961,2050,1.44439
nist-pdf-0004,0,58,3221,2131,1.51150
nist-pdf-0004,0,59,2979,1813,1.64313
nist-pdf-0004,0,60,3436,1846,1.86132
nist-pdf-0004,0,61,3014,2017,1.49430
nist-pdf-0004,0,62,3024,1796,1.68374
nist-pdf-0004,0,63,3126,2167,1.44255
nist-pdf-0004,0,64,3150,1769,1.78067
nist-pdf-0004,0,65,3049,2452,1.24347
nist-pdf-0004,0,66,3336,2358,1.41476
nist-pdf-0004,0,67,3026,2009,1.50622
nist-pdf-0004,0,68,3203,1835,1.74550
nist-pdf-0004,0,69,3145,1973,1.59402
nist-pdf-0004,0,70,3236,1707,1.89572
nist-pdf-0004,0,71,3109,1866,1.66613
nist-pdf-0004,0,72,3104,1835,1.69155
nist-pdf-0004,0,73,3192,2304,1.38542
nist-pdf-0004,0,74,3272,1883,1.73765
nist-pdf-0004,0,75,3557,2718,1.30868
nist-pdf-0004,0,76,3211,1977,1.62418
nist-pdf-0004,0,77,3067,1861,1.64804
nist-pdf-0004,0,78,3290,2008,1.63845
nist-pdf-0004,0,79,3046,1880,1.62021
nist-pdf-0004,0,80,3362,1958,1.71706
nist-pdf-0004,0,81,3139,4719,0.66518
nist-pdf-0004,0,82,3185,1863,1.70961
nist-pdf-0004,0,83,3458,2204,1.56897
nist-pdf-0004,0,84,3174,1749,1.81475
nist-pdf-0004,0,85,3065,1944,1.57665
nist-pdf-0004,0,86,3140,1945,1.61440
nist-pdf-0004,0,87,2932,1914,1.53187
nist-pdf-0004,0,88,3353,2128,1.57566
nist-pdf-0004,0,89,2999,2003,1.49725
nist-pdf-0004,0,90,3301,1851,1.78336
nist-pdf-0004,0,91,2936,2093,1.40277
nist-pdf-0004,0,92,3123,1706,1.83060
nist-pdf-0004,0,93,2966,2299,1.29013
nist-pdf-0004,0,94,3036,1826,1.66265
nist-pdf-0004,0,95,3124,3003,1.04029
nist-pdf-0004,0,96,3081,1974,1.56079
nist-pdf-0004,0,97,2971,1872,1.58707
nist-pdf-0004,0,98,3272,2147,1.52399
nist-pdf-0004,0,99,2971,1791,1.65885
nist-pdf-0004,0,100,3399,1806,1.88206
nist-pdf-0016,0,1,1444,1336,1.08084
nist-pdf-0016,0,2,1550,1477,1.04942
nist-pdf-0016,0,3,1492,1319,1.13116
nist-pdf-0016,0,4,1392,1352,1.02959
nist-pdf-0016,0,5,1392,1369,1.01680
nist-pdf-0016,0,6,1599,1534,1.04237
nist-pdf-0016,0,7,1503,1453,1.03441
nist-pdf-0016,0,8,1563,1370,1.14088
nist-pdf-0016,0,9,1461,1465,0.99727
nist-pdf-0016,0,10,1635,1473,1.10998
nist-pdf-0016,0,11,1472,1410,1.04397
nist-pdf-0016,0,12,1482,1672,0.88636
nist-pdf-0016,0,13,1436,1505,0.95415
nist-pdf-0016,0,14,1709,1488,1.14852
nist-pdf-0016,0,15,1501,1360,1.10368
nist-pdf-0016,0,16,1483,1285,1.15409
nist-pdf-0016,0,17,1464,1485,0.98586
nist-pdf-0016,0,18,1607,1358,1.18336
nist-pdf-0016,0,19,1652,1397,1.18253
nist-pdf-0016,0,20,1482,1318,1.12443
nist-pdf-0016,0,21,1494,1595,0.93668
nist-pdf-0016,0,22,1546,1561,0.99039
nist-pdf-0016,0,23,1442,1587,0.90863
nist-pdf-0016,0,24,1660,1565,1.06070
nist-pdf-0016,0,25,1858,1780,1.04382
nist-pdf-0016,0,26,1750,1578,1.10900
nist-pdf-0016,0,27,1491,1639,0.90970
nist-pdf-0016,0,28,1698,1535,1.10619
nist-pdf-0016,0,29,1506,1565,0.96230
nist-pdf-0016,0,30,1665,1418,1.17419
nist-pdf-0016,0,31,1591,1525,1.04328
nist-pdf-0016,0,32,1626,1415,1.14912
nist-pdf-0016,0,33,1486,1564,0.95013
nist-pdf-0016,0,34,1535,1473,1.04209
nist-pdf-0016,0,35,1426,1868,0.76338
nist-pdf-0016,0,36,1566,1475,1.06169
nist-pdf-0016,0,37,1455,1481,0.98244
nist-pdf-0016,0,38,1597,1448,1.10290
nist-pdf-0016,0,39,1482,1654,0.89601
nist-pdf-0016,0,40,1493,1402,1.06491
nist-pdf-0016,0,41,1449,1358,1.06701
nist-pdf-0016,0,42,1645,1356,1.21313
nist-pdf-0016,0,43,1487,1391,1.06902
nist-pdf-0016,0,44,1442,1317,1.09491
nist-pdf-0016,0,45,1431,1454,0.98418
nist-pdf-0016,0,46,1554,1425,1.09053
nist-pdf-0016,0,47,1505,1856,0.81088
nist-pdf-0016,0,48,1629,1483,1.09845
nist-pdf-0016,0,49,1502,1438,1.04451
nist-pdf-0016,0,50,1611,1529,1.05363
nist-pdf-0016,0,51,1410,1434,0.98326
nist-pdf-0016,0,52,1426,1439,0.99097
nist-pdf-0016,0,53,1473,2247,0.65554
nist-pdf-0016,0,54,1563,1416,1.10381
nist-pdf-0016,0,55,1493,1324,1.12764
nist-pdf-0016,0,56,1533,1344,1.14062
nist-pdf-0016,0,57,1448,1641,0.88239
nist-pdf-0016,0,58,1602,1524,1.05118
nist-pdf-0016,0,59,1462,1393,1.04953
nist-pdf-0016,0,60,1614,1345,1.20000
nist-pdf-0016,0,61,1570,1668,0.94125
nist-pdf-0016,0,62,1469,1386,1.05988
nist-pdf-0016,0,63,1400,1338,1.04634
nist-pdf-0016,0,64,1610,1335,1.20599
nist-pdf-0016,0,65,1521,1443,1.05405
nist-pdf-0016,0,66,1510,1410,1.07092
nist-pdf-0016,0,67,1537,1324,1.16088
nist-pdf-0016,0,68,1654,1503,1.10047
nist-pdf-0016,0,69,1432,1388,1.03170
nist-pdf-0016,0,70,1546,1407,1.09879
nist-pdf-0016,0,71,1454,1483,0.98045
nist-pdf-0016,0,72,1766,1512,1.16799
nist-pdf-0016,0,73,1462,1432,1.02095
nist-pdf-0016,0,74,1398,1390,1.00576
nist-pdf-0016,0,75,1362,1615,0.84334
nist-pdf-0016,0,76,1534,1405,1.09181
nist-pdf-0016,0,77,1429,1343,1.06404
nist-pdf-0016,0,78,1505,1363,1.10418
nist-pdf-0016,0,79,1476,1522,0.96978
nist-pdf-0016,0,80,1509,1351,1.11695
nist-pdf-0016,0,81,1419,1376,1.03125
nist-pdf-0016,0,82,1482,1345,1.10186
nist-pdf-0016,0,83,1580,1538,1.02731
nist-pdf-0016,0,84,1457,1380,1.05580
nist-pdf-0016,0,85,1447,1440,1.00486
nist-pdf-0016,0,86,1718,1370,1.25401
nist-pdf-0016,0,87,1528,1635,0.93456
nist-pdf-0016,0,88,1455,1358,1.07143
nist-pdf-0016,0,89,1394,1317,1.05847
nist-pdf-0016,0,90,1604,1398,1.14735
nist-pdf-0016,0,91,1498,1454,1.03026
nist-pdf-0016,0,92,1489,1438,1.03547
nist-pdf-0016,0,93,1462,1371,1.06637
nist-pdf-0016,0,94,1624,1395,1.16416
nist-pdf-0016,0,95,1486,1443,1.02980
nist-pdf-0016,0,96,1431,1372,1.04300
nist-pdf-0016,0,97,1554,1528,1.01702
nist-pdf-0016,0,98,1722,1521,1.13215
nist-pdf-0016,0,99,1496,1498,0.99866
nist-pdf-0016,0,100,1594,1414,1.12730
nist-pdf-0017,0,1,3681,1961,1.87710
nist-pdf-0017,0,2,3822,1844,2.07267
nist-pdf-0017,0,3,3912,2562,1.52693
nist-pdf-0017,0,4,3828,2027,1.88851
nist-pdf-0017,0,5,3866,2570,1.50428
nist-pdf-0017,0,6,3758,2144,1.75280
nist-pdf-0017,0,7,3829,2414,1.58616
nist-pdf-0017,0,8,4082,2030,2.01084
nist-pdf-0017,0,9,3796,2746,1.38237
nist-pdf-0017,0,10,4060,2369,1.71380
nist-pdf-0017,0,11,3748,2322,1.61413
nist-pdf-0017,0,12,4062,2020,2.01089
nist-pdf-0017,0,13,3730,2331,1.60017
nist-pdf-0017,0,14,3976,2229,1.78376
nist-pdf-0017,0,15,3808,2268,1.67901
nist-pdf-0017,0,16,3864,2090,1.84880
nist-pdf-0017,0,17,3845,2492,1.54294
nist-pdf-0017,0,18,4038,2243,1.80027
nist-pdf-0017,0,19,3871,2222,1.74212
nist-pdf-0017,0,20,4076,2017,2.02082
nist-pdf-0017,0,21,3788,2154,1.75859
nist-pdf-0017,0,22,4484,2092,2.14340
nist-pdf-0017,0,23,3726,2204,1.69056
nist-pdf-0017,0,24,3947,1992,1.98143
nist-pdf-0017,0,25,3788,2351,1.61123
nist-pdf-0017,0,26,4005,2133,1.87764
nist-pdf-0017,0,27,3982,2737,1.45488
nist-pdf-0017,0,28,3844,2396,1.60434
nist-pdf-0017,0,29,3883,2561,1.51620
nist-pdf-0017,0,30,3866,2129,1.81588
nist-pdf-0017,0,31,3832,2658,1.44169
nist-pdf-0017,0,32,4027,2018,1.99554
nist-pdf-0017,0,33,4134,2537,1.62948
nist-pdf-0017,0,34,4003,2076,1.92823
nist-pdf-0017,0,35,4081,2797,1.45906
nist-pdf-0017,0,36,3912,2262,1.72944
nist-pdf-0017,0,37,3895,2647,1.47148
nist-pdf-0017,0,38,4037,2309,1.74838
nist-pdf-0017,0,39,3715,2323,1.59923
nist-pdf-0017,0,40,4250,2248,1.89057
nist-pdf-0017,0,41,3712,2297,1.61602
nist-pdf-0017,0,42,4118,2185,1.88467
nist-pdf-0017,0,43,3946,2142,1.84220
nist-pdf-0017,0,44,4097,2134,1.91987
nist-pdf-0017,0,45,3805,2340,1.62607
nist-pdf-0017,0,46,3979,2101,1.89386
nist-pdf-0017,0,47,3784,2226,1.69991
nist-pdf-0017,0,48,5506,2627,2.09593
nist-pdf-0017,0,49,3829,2314,1.65471
nist-pdf-0017,0,50,4131,2129,1.94035
nist-pdf-0017,0,51,3887,2207,1.76121
nist-pdf-0017,0,52,4353,3651,1.19228
nist-pdf-0017,0,53,4196,2488,1.68650
nist-pdf-0017,0,54,4273,1985,2.15264
nist-pdf-0017,0,55,4030,2368,1.70186
nist-pdf-0017,0,56,4136,2023,2.04449
nist-pdf-0017,0,57,4068,2353,1.72886
nist-pdf-0017,0,58,4200,2074,2.02507
nist-pdf-0017,0,59,4194,2516,1.66693
nist-pdf-0017,0,60,3913,2179,1.79578
nist-pdf-0017,0,61,4053,2535,1.59882
nist-pdf-0017,0,62,4256,2060,2.06602
nist-pdf-0017,0,63,3968,2632,1.50760
nist-pdf-0017,0,64,4681,2278,2.05487
nist-pdf-0017,0,65,3956,2545,1.55442
nist-pdf-0017,0,66,4050,2219,1.82515
nist-pdf-0017,0,67,4020,2629,1.52910
nist-pdf-0017,0,68,4060,2134,1.90253
nist-pdf-0017,0,69,3876,2659,1.45769
nist-pdf-0017,0,70,4538,2015,2.25211
nist-pdf-0017,0,71,3745,2323,1.61214
nist-pdf-0017,0,72,4173,2044,2.04159
nist-pdf-0017,0,73,3878,2371,1.63560
nist-pdf-0017,0,74,3964,2315,1.71231
nist-pdf-0017,0,75,4310,2552,1.68887
nist-pdf-0017,0,76,4176,2344,1.78157
nist-pdf-0017,0,77,3999,2191,1.82519
nist-pdf-0017,0,78,4278,2097,2.04006
nist-pdf-0017,0,79,3738,2057,1.81721
nist-pdf-0017,0,80,4271,3145,1.35803
nist-pdf-0017,0,81,3714,2398,1.54879
nist-pdf-0017,0,82,4112,2105,1.95344
nist-pdf-0017,0,83,3844,2512,1.53025
nist-pdf-0017,0,84,4044,2137,1.89237
nist-pdf-0017,0,85,3772,2166,1.74146
nist-pdf-0017,0,86,4090,2065,1.98063
nist-pdf-0017,0,87,4001,2521,1.58707
nist-pdf-0017,0,88,4153,2110,1.96825
nist-pdf-0017,0,89,3947,2327,1.69618
nist-pdf-0017,0,90,4264,2096,2.03435
nist-pdf-0017,0,91,3923,2373,1.65318
nist-pdf-0017,0,92,4029,2076,1.94075
nist-pdf-0017,0,93,4135,2418,1.71009
nist-pdf-0017,0,94,3939,2157,1.82615
nist-pdf-0017,0,95,3910,2475,1.57980
nist-pdf-0017,0,96,3815,1899,2.00895
nist-pdf-0017,0,97,3963,2667,1.48594
nist-pdf-0017,0,98,4008,2212,1.81193
nist-pdf-0017,0,99,3975,2534,1.56867
nist-pdf-0017,0,100,4189,1931,2.16934
nist-docx-0005,1,1,1428,1401,1.01927
nist-docx-0005,1,2,1341,1591,0.84287
nist-docx-0005,1,3,1354,1412,0.95892
nist-docx-0005,1,4,1335,1539,0.86745
nist-docx-0005,1,5,1348,1590,0.84780
nist-docx-0005,1,6,1340,1463,0.91593
nist-docx-0005,1,7,1364,1474,0.92537
nist-docx-0005,1,8,1369,1493,0.91695
nist-docx-0005,1,9,1314,1478,0.88904
nist-docx-0005,1,10,1269,1470,0.86327
nist-docx-0005,1,11,1370,1527,0.89718
nist-docx-0005,1,12,1344,1454,0.92435
nist-docx-0005,1,13,1355,1432,0.94623
nist-docx-0005,1,14,1416,1898,0.74605
nist-docx-0005,1,15,1337,1397,0.95705
nist-docx-0005,1,16,1395,1478,0.94384
nist-docx-0005,1,17,1337,1488,0.89852
nist-docx-0005,1,18,1364,1437,0.94920
nist-docx-0005,1,19,1299,1481,0.87711
nist-docx-0005,1,20,1316,1796,0.73274
nist-docx-0005,1,21,1291,1477,0.87407
nist-docx-0005,1,22,1361,1388,0.98055
nist-docx-0005,1,23,1506,1467,1.02658
nist-docx-0005,1,24,1318,1388,0.94957
nist-docx-0005,1,25,1294,1376,0.94041
nist-docx-0005,1,26,1321,1798,0.73471
nist-docx-0005,1,27,1311,1511,0.86764
nist-docx-0005,1,28,1375,1434,0.95886
nist-docx-0005,1,29,1253,1564,0.80115
nist-docx-0005,1,30,1353,1641,0.82450
nist-docx-0005,1,31,1345,1457,0.92313
nist-docx-0005,1,32,1382,1502,0.92011
nist-docx-0005,1,33,1303,1529,0.85219
nist-docx-0005,1,34,1723,1431,1.20405
nist-docx-0005,1,35,1668,1532,1.08877
nist-docx-0005,1,36,1469,1465,1.00273
nist-docx-0005,1,37,1417,1628,0.87039
nist-docx-0005,1,38,1328,1530,0.86797
nist-docx-0005,1,39,1339,1407,0.95167
nist-docx-0005,1,40,1381,1419,0.97322
nist-docx-0005,1,41,1398,1502,0.93076
nist-docx-0005,1,42,1372,1367,1.00366
nist-docx-0005,1,43,1316,2085,0.63118
nist-docx-0005,1,44,1426,1479,0.96416
nist-docx-0005,1,45,1346,1478,0.91069
nist-docx-0005,1,46,1499,1407,1.06539
nist-docx-0005,1,47,1466,1595,0.91912
nist-docx-0005,1,48,1320,1433,0.92114
nist-docx-0005,1,49,1236,1697,0.72834
nist-docx-0005,1,50,1429,1459,0.97944
nist-docx-0005,1,51,1345,1497,0.89846
nist-docx-0005,1,52,1355,1533,0.88389
nist-docx-0005,1,53,1370,1498,0.91455
nist-docx-0005,1,54,1300,2257,0.57599
nist-docx-0005,1,55,2484,1558,1.59435
nist-docx-0005,1,56,1464,1597,0.91672
nist-docx-0005,1,57,1317,1480,0.88986
nist-docx-0005,1,58,1438,1431,1.00489
nist-docx-0005,1,59,1347,1436,0.93802
nist-docx-0005,1,60,1276,1445,0.88304
nist-docx-0005,1,61,1337,1434,0.93236
nist-docx-0005,1,62,1331,1523,0.87393
nist-docx-0005,1,63,1267,1397,0.90694
nist-docx-0005,1,64,1420,1431,0.99231
nist-docx-0005,1,65,1338,3835,0.34889
nist-docx-0005,1,66,1305,1493,0.87408
nist-docx-0005,1,67,1415,1760,0.80398
nist-docx-0005,1,68,1338,1534,0.87223
nist-docx-0005,1,69,1285,1385,0.92780
nist-docx-0005,1,70,1338,1383,0.96746
nist-docx-0005,1,71,1320,1454,0.90784
nist-docx-0005,1,72,1307,1475,0.88610
nist-docx-0005,1,73,1353,1612,0.83933
nist-docx-0005,1,74,1291,1459,0.88485
nist-docx-0005,1,75,1340,1471,0.91094
nist-docx-0005,1,76,1413,1454,0.97180
nist-docx-0005,1,77,1350,1749,0.77187
nist-docx-0005,1,78,1416,1420,0.99718
nist-docx-0005,1,79,1554,1485,1.04646
nist-docx-0005,1,80,1387,1443,0.96119
nist-docx-0005,1,81,1320,1461,0.90349
nist-docx-0005,1,82,1539,1476,1.04268
nist-docx-0005,1,83,1502,1598,0.93992
nist-docx-0005,1,84,1473,1519,0.96972
nist-docx-0005,1,85,2113,1580,1.33734
nist-docx-0005,1,86,1510,3845,0.39272
nist-docx-0005,1,87,1294,1504,0.86037
nist-docx-0005,1,88,1320,1475,0.89492
nist-docx-0005,1,89,1295,1450,0.89310
nist-docx-0005,1,90,1424,1428,0.99720
nist-docx-0005,1,91,1596,1499,1.06471
nist-docx-0005,1,92,1332,1453,0.91672
nist-docx-0005,1,93,1310,1623,0.80715
nist-docx-0005,1,94,1383,1453,0.95182
nist-docx-0005,1,95,1313,1393,0.94257
nist-docx-0005,1,96,1424,1363,1.04475
nist-docx-0005,1,97,1322,1522,0.86859
nist-docx-0005,1,98,1290,1456,0.88599
nist-docx-0005,1,99,1306,1497,0.87241
nist-docx-0005,1,100,1508,1498,1.00668
nist-docx-0008,1,1,1100,1404,0.78348
nist-docx-0008,1,2,1099,1409,0.77999
nist-docx-0008,1,3,1031,1307,0.78883
nist-docx-0008,1,4,1143,1331,0.85875
nist-docx-0008,1,5,1067,1454,0.73384
nist-docx-0008,1,6,1070,1353,0.79084
nist-docx-0008,1,7,1053,1366,0.77086
nist-docx-0008,1,8,1153,1296,0.88966
nist-docx-0008,1,9,1228,1314,0.93455
nist-docx-0008,1,10,1067,1322,0.80711
nist-docx-0008,1,11,1082,1304,0.82975
nist-docx-0008,1,12,1186,1460,0.81233
nist-docx-0008,1,13,1052,1293,0.81361
nist-docx-0008,1,14,1099,1336,0.82260
nist-docx-0008,1,15,1009,1520,0.66382
nist-docx-0008,1,16,1140,1368,0.83333
nist-docx-0008,1,17,1064,1304,0.81595
nist-docx-0008,1,18,1226,1419,0.86399
nist-docx-0008,1,19,1115,1382,0.80680
nist-docx-0008,1,20,1053,1328,0.79292
nist-docx-0008,1,21,1032,1340,0.77015
nist-docx-0008,1,22,1111,1410,0.78794
nist-docx-0008,1,23,1116,1377,0.81046
nist-docx-0008,1,24,3572,1299,2.74981
nist-docx-0008,1,25,1153,1305,0.88352
nist-docx-0008,1,26,1017,1382,0.73589
nist-docx-0008,1,27,1130,1388,0.81412
nist-docx-0008,1,28,1307,1387,0.94232
nist-docx-0008,1,29,1119,1471,0.76071
nist-docx-0008,1,30,1062,1310,0.81069
nist-docx-0008,1,31,1131,1485,0.76162
nist-docx-0008,1,32,1120,1328,0.84337
nist-docx-0008,1,33,1086,1329,0.81716
nist-docx-0008,1,34,1092,1445,0.75571
nist-docx-0008,1,35,1107,1433,0.77251
nist-docx-0008,1,36,1110,1349,0.82283
nist-docx-0008,1,37,1055,1393,0.75736
nist-docx-0008,1,38,1131,1377,0.82135
nist-docx-0008,1,39,1114,1394,0.79914
nist-docx-0008,1,40,1145,1656,0.69143
nist-docx-0008,1,41,1126,1329,0.84725
nist-docx-0008,1,42,1133,1389,0.81569
nist-docx-0008,1,43,1018,1437,0.70842
nist-docx-0008,1,44,1090,1376,0.79215
nist-docx-0008,1,45,1124,1412,0.79603
nist-docx-0008,1,46,1102,1303,0.84574
nist-docx-0008,1,47,1201,1377,0.87219
nist-docx-0008,1,48,1056,1303,0.81044
nist-docx-0008,1,49,1022,1361,0.75092
nist-docx-0008,1,50,1133,1551,0.73050
nist-docx-0008,1,51,1058,1378,0.76778
nist-docx-0008,1,52,1166,1317,0.88535
nist-docx-0008,1,53,1079,1470,0.73401
nist-docx-0008,1,54,1083,1337,0.81002
nist-docx-0008,1,55,1076,1303,0.82579
nist-docx-0008,1,56,1136,1320,0.86061
nist-docx-0008,1,57,1103,1429,0.77187
nist-docx-0008,1,58,1012,1392,0.72701
nist-docx-0008,1,59,1138,1356,0.83923
nist-docx-0008,1,60,1267,1375,0.92145
nist-docx-0008,1,61,1113,1363,0.81658
nist-docx-0008,1,62,1130,1331,0.84899
nist-docx-0008,1,63,1158,1393,0.83130
nist-docx-0008,1,64,1106,1387,0.79740
nist-docx-0008,1,65,1037,1328,0.78087
nist-docx-0008,1,66,1087,1552,0.70039
nist-docx-0008,1,67,1077,1333,0.80795
nist-docx-0008,1,68,1158,1353,0.85588
nist-docx-0008,1,69,1147,1763,0.65060
nist-docx-0008,1,70,1068,1353,0.78936
nist-docx-0008,1,71,1051,1347,0.78025
nist-docx-0008,1,72,1230,1469,0.83730
nist-docx-0008,1,73,1052,1406,0.74822
nist-docx-0008,1,74,1132,1384,0.81792
nist-docx-0008,1,75,1159,1402,0.82668
nist-docx-0008,1,76,1149,1448,0.79351
nist-docx-0008,1,77,1147,1385,0.82816
nist-docx-0008,1,78,1276,1307,0.97628
nist-docx-0008,1,79,1121,1388,0.80764
nist-docx-0008,1,80,1080,1321,0.81756
nist-docx-0008,1,81,1062,1671,0.63555
nist-docx-0008,1,82,1694,1477,1.14692
nist-docx-0008,1,83,1287,1489,0.86434
nist-docx-0008,1,84,1072,1449,0.73982
nist-docx-0008,1,85,1145,1344,0.85193
nist-docx-0008,1,86,1106,1386,0.79798
nist-docx-0008,1,87,1063,1378,0.77141
nist-docx-0008,1,88,1126,1395,0.80717
nist-docx-0008,1,89,1035,1356,0.76327
nist-docx-0008,1,90,1161,1360,0.85368
nist-docx-0008,1,91,1181,1376,0.85828
nist-docx-0008,1,92,1154,1472,0.78397
nist-docx-0008,1,93,1110,1424,0.77949
nist-docx-0008,1,94,1123,1461,0.76865
nist-docx-0008,1,95,1088,1293,0.84145
nist-docx-0008,1,96,1128,1319,0.85519
nist-docx-0008,1,97,1027,1430,0.71818
nist-docx-0008,1,98,1053,1353,0.77827
nist-docx-0008,1,99,1080,1291,0.83656
nist-docx-0008,1,100,1134,1419,0.79915
nist-docx-0009,1,1,1906,1467,1.29925
nist-docx-0009,1,2,1810,1551,1.16699
nist-docx-0009,1,3,1753,1564,1.12084
nist-docx-0009,1,4,1795,1503,1.19428
nist-docx-0009,1,5,1844,1725,1.06899
nist-docx-0009,1,6,1807,1531,1.18027
nist-docx-0009,1,7,1718,1514,1.13474
nist-docx-0009,1,8,1958,1648,1.18811
nist-docx-0009,1,9,1887,1511,1.24884
nist-docx-0009,1,10,1754,1569,1.11791
nist-docx-0009,1,11,1888,1705,1.10733
nist-docx-0009,1,12,1886,1521,1.23997
nist-docx-0009,1,13,1778,1626,1.09348
nist-docx-0009,1,14,1792,1542,1.16213
nist-docx-0009,1,15,1700,1510,1.12583
nist-docx-0009,1,16,1876,1486,1.26245
nist-docx-0009,1,17,3607,1558,2.31515
nist-docx-0009,1,18,1737,1462,1.18810
nist-docx-0009,1,19,2001,1597,1.25297
nist-docx-0009,1,20,1802,1491,1.20858
nist-docx-0009,1,21,1845,1504,1.22673
nist-docx-0009,1,22,1814,1536,1.18099
nist-docx-0009,1,23,1830,1508,1.21353
nist-docx-0009,1,24,2229,1561,1.42793
nist-docx-0009,1,25,1909,1595,1.19687
nist-docx-0009,1,26,1769,1543,1.14647
nist-docx-0009,1,27,1827,1903,0.96006
nist-docx-0009,1,28,1869,1509,1.23857
nist-docx-0009,1,29,1704,3737,0.45598
nist-docx-0009,1,30,1836,1534,1.19687
nist-docx-0009,1,31,1745,1453,1.20096
nist-docx-0009,1,32,1933,1499,1.28953
nist-docx-0009,1,33,1885,1554,1.21300
nist-docx-0009,1,34,1822,1487,1.22529
nist-docx-0009,1,35,1800,1564,1.15090
nist-docx-0009,1,36,1848,1618,1.14215
nist-docx-0009,1,37,1861,1771,1.05082
nist-docx-0009,1,38,1870,1551,1.20567
nist-docx-0009,1,39,1809,1465,1.23481
nist-docx-0009,1,40,1781,1505,1.18339
nist-docx-0009,1,41,1940,1649,1.17647
nist-docx-0009,1,42,1751,1565,1.11885
nist-docx-0009,1,43,1928,1633,1.18065
nist-docx-0009,1,44,1858,1616,1.14975
nist-docx-0009,1,45,1757,1533,1.14612
nist-docx-0009,1,46,1853,1518,1.22069
nist-docx-0009,1,47,1836,1466,1.25239
nist-docx-0009,1,48,1847,1487,1.24210
nist-docx-0009,1,49,1901,1684,1.12886
nist-docx-0009,1,50,1886,1534,1.22947
nist-docx-0009,1,51,1808,1558,1.16046
nist-docx-0009,1,52,1801,1501,1.19987
nist-docx-0009,1,53,1703,1512,1.12632
nist-docx-0009,1,54,1901,1550,1.22645
nist-docx-0009,1,55,1799,1495,1.20334
nist-docx-0009,1,56,1830,1534,1.19296
nist-docx-0009,1,57,1862,1598,1.16521
nist-docx-0009,1,58,1815,1494,1.21486
nist-docx-0009,1,59,1830,1519,1.20474
nist-docx-0009,1,60,1808,1526,1.18480
nist-docx-0009,1,61,1785,1578,1.13118
nist-docx-0009,1,62,2007,1726,1.16280
nist-docx-0009,1,63,1830,1526,1.19921
nist-docx-0009,1,64,1830,1609,1.13735
nist-docx-0009,1,65,1779,1794,0.99164
nist-docx-0009,1,66,1752,1625,1.07815
nist-docx-0009,1,67,1833,1493,1.22773
nist-docx-0009,1,68,1802,1548,1.16408
nist-docx-0009,1,69,1698,1562,1.08707
nist-docx-0009,1,70,2023,1852,1.09233
nist-docx-0009,1,71,2257,1588,1.42128
nist-docx-0009,1,72,1823,1550,1.17613
nist-docx-0009,1,73,1757,1695,1.03658
nist-docx-0009,1,74,1746,1493,1.16946
nist-docx-0009,1,75,1817,1438,1.26356
nist-docx-0009,1,76,1930,1517,1.27225
nist-docx-0009,1,77,1805,1567,1.15188
nist-docx-0009,1,78,1770,1476,1.19919
nist-docx-0009,1,79,1759,1536,1.14518
nist-docx-0009,1,80,1779,1592,1.11746
nist-docx-0009,1,81,1738,1505,1.15482
nist-docx-0009,1,82,1766,1539,1.14750
nist-docx-0009,1,83,1805,1545,1.16828
nist-docx-0009,1,84,2010,1519,1.32324
nist-docx-0009,1,85,1835,1622,1.13132
nist-docx-0009,1,86,1993,1627,1.22495
nist-docx-0009,1,87,2851,1701,1.67607
nist-docx-0009,1,88,1903,1522,1.25033
nist-docx-0009,1,89,1826,1733,1.05366
nist-docx-0009,1,90,1876,1783,1.05216
nist-docx-0009,1,91,1842,1583,1.16361
nist-docx-0009,1,92,1842,1605,1.14766
nist-docx-0009,1,93,1821,1552,1.17332
nist-docx-0009,1,94,1838,1543,1.19119
nist-docx-0009,1,95,1821,1789,1.01789
nist-docx-0009,1,96,1865,1578,1.18188
nist-docx-0009,1,97,1898,1728,1.09838
nist-docx-0009,1,98,1822,1490,1.22282
nist-docx-0009,1,99,1715,1539,1.11436
nist-docx-0009,1,100,1872,1864,1.00429
nist-docx-0014,1,1,3603,2217,1.62517
nist-docx-0014,1,2,3691,2191,1.68462
nist-docx-0014,1,3,3633,2202,1.64986
nist-docx-0014,1,4,3667,2202,1.66530
nist-docx-0014,1,5,3594,2242,1.60303
nist-docx-0014,1,6,3699,2167,1.70697
nist-docx-0014,1,7,3596,2240,1.60536
nist-docx-0014,1,8,3684,2348,1.56899
nist-docx-0014,1,9,3743,2181,1.71619
nist-docx-0014,1,10,3699,2110,1.75308
nist-docx-0014,1,11,3682,2930,1.25666
nist-docx-0014,1,12,3949,2126,1.85748
nist-docx-0014,1,13,3704,2215,1.67223
nist-docx-0014,1,14,3739,2144,1.74394
nist-docx-0014,1,15,3672,2146,1.71109
nist-docx-0014,1,16,3714,2102,1.76689
nist-docx-0014,1,17,3812,2084,1.82917
nist-docx-0014,1,18,3650,2070,1.76329
nist-docx-0014,1,19,3583,2289,1.56531
nist-docx-0014,1,20,3556,2196,1.61931
nist-docx-0014,1,21,3736,2143,1.74335
nist-docx-0014,1,22,3704,2193,1.68901
nist-docx-0014,1,23,3761,2284,1.64667
nist-docx-0014,1,24,3730,2112,1.76610
nist-docx-0014,1,25,3713,2230,1.66502
nist-docx-0014,1,26,3604,2405,1.49854
nist-docx-0014,1,27,4191,2298,1.82376
nist-docx-0014,1,28,3621,2105,1.72019
nist-docx-0014,1,29,3870,2194,1.76390
nist-docx-0014,1,30,3874,2054,1.88608
nist-docx-0014,1,31,3884,2070,1.87633
nist-docx-0014,1,32,3894,2105,1.84988
nist-docx-0014,1,33,3820,2003,1.90714
nist-docx-0014,1,34,3709,2162,1.71554
nist-docx-0014,1,35,3698,2192,1.68704
nist-docx-0014,1,36,3739,2172,1.72145
nist-docx-0014,1,37,3736,2146,1.74091
nist-docx-0014,1,38,3757,2168,1.73293
nist-docx-0014,1,39,4253,2199,1.93406
nist-docx-0014,1,40,4057,2041,1.98775
nist-docx-0014,1,41,3816,2096,1.82061
nist-docx-0014,1,42,4324,2195,1.96993
nist-docx-0014,1,43,4250,2393,1.77601
nist-docx-0014,1,44,3916,2188,1.78976
nist-docx-0014,1,45,3801,2292,1.65838
nist-docx-0014,1,46,4171,2274,1.83421
nist-docx-0014,1,47,3842,2186,1.75755
nist-docx-0014,1,48,3721,2072,1.79585
nist-docx-0014,1,49,4018,2248,1.78737
nist-docx-0014,1,50,3758,2375,1.58232
nist-docx-0014,1,51,3575,2125,1.68235
nist-docx-0014,1,52,3828,2602,1.47118
nist-docx-0014,1,53,3670,2805,1.30838
nist-docx-0014,1,54,3770,2372,1.58938
nist-docx-0014,1,55,3709,2914,1.27282
nist-docx-0014,1,56,3692,2251,1.64016
nist-docx-0014,1,57,3559,2321,1.53339
nist-docx-0014,1,58,3761,4479,0.83970
nist-docx-0014,1,59,3724,2274,1.63764
nist-docx-0014,1,60,3795,2181,1.74003
nist-docx-0014,1,61,3789,2186,1.73330
nist-docx-0014,1,62,3859,2231,1.72972
nist-docx-0014,1,63,4137,2546,1.62490
nist-docx-0014,1,64,3750,2302,1.62902
nist-docx-0014,1,65,3668,2125,1.72612
nist-docx-0014,1,66,3840,2254,1.70364
nist-docx-0014,1,67,3859,2205,1.75011
nist-docx-0014,1,68,3930,2150,1.82791
nist-docx-0014,1,69,3911,2248,1.73977
nist-docx-0014,1,70,3700,2096,1.76527
nist-docx-0014,1,71,3731,2548,1.46429
nist-docx-0014,1,72,3654,2370,1.54177
nist-docx-0014,1,73,3777,2164,1.74538
nist-docx-0014,1,74,3860,2030,1.90148
nist-docx-0014,1,75,3733,2225,1.67775
nist-docx-0014,1,76,3802,2506,1.51716
nist-docx-0014,1,77,3602,2035,1.77002
nist-docx-0014,1,78,3566,2416,1.47599
nist-docx-0014,1,79,3582,2174,1.64765
nist-docx-0014,1,80,3563,2386,1.49329
nist-docx-0014,1,81,3664,2181,1.67996
nist-docx-0014,1,82,3708,2172,1.70718
nist-docx-0014,1,83,3703,2096,1.76670
nist-docx-0014,1,84,3815,4584,0.83224
nist-docx-0014,1,85,3569,2318,1.53969
nist-docx-0014,1,86,3613,2303,1.56882
nist-docx-0014,1,87,3605,2291,1.57355
nist-docx-0014,1,88,3771,2201,1.71331
nist-docx-0014,1,89,3581,2244,1.59581
nist-docx-0014,1,90,3734,2191,1.70424
nist-docx-0014,1,91,3651,2257,1.61763
nist-docx-0014,1,92,3630,2115,1.71631
nist-docx-0014,1,93,3883,2219,1.74989
nist-docx-0014,1,94,3672,2078,1.76708
nist-docx-0014,1,95,3639,2317,1.57057
nist-docx-0014,1,96,3585,2046,1.75220
nist-docx-0014,1,97,3614,2512,1.43869
nist-docx-0014,1,98,3677,2110,1.74265
nist-docx-0014,1,99,4063,2179,1.86462
nist-docx-0014,1,100,3754,1988,1.88833
nist-epub-0003,1,1,2932,1691,1.73389
nist-epub-0003,1,2,2924,1674,1.74671
nist-epub-0003,1,3,2937,1600,1.83563
nist-epub-0003,1,4,3020,1812,1.66667
nist-epub-0003,1,5,3096,1721,1.79895
nist-epub-0003,1,6,3051,1722,1.77178
nist-epub-0003,1,7,2976,1761,1.68995
nist-epub-0003,1,8,3047,1638,1.86020
nist-epub-0003,1,9,3103,1808,1.71626
nist-epub-0003,1,10,2976,1743,1.70740
nist-epub-0003,1,11,2987,1749,1.70783
nist-epub-0003,1,12,2897,1669,1.73577
nist-epub-0003,1,13,2968,1863,1.59313
nist-epub-0003,1,14,3012,1650,1.82545
nist-epub-0003,1,15,2913,1753,1.66172
nist-epub-0003,1,16,3047,1742,1.74914
nist-epub-0003,1,17,2955,1890,1.56349
nist-epub-0003,1,18,3053,1841,1.65834
nist-epub-0003,1,19,3240,1787,1.81309
nist-epub-0003,1,20,2974,1811,1.64219
nist-epub-0003,1,21,3290,1736,1.89516
nist-epub-0003,1,22,3172,1847,1.71738
nist-epub-0003,1,23,3107,1677,1.85271
nist-epub-0003,1,24,2990,1775,1.68451
nist-epub-0003,1,25,2980,1711,1.74167
nist-epub-0003,1,26,3023,1879,1.60883
nist-epub-0003,1,27,2902,1617,1.79468
nist-epub-0003,1,28,2981,1734,1.71915
nist-epub-0003,1,29,3059,1742,1.75603
nist-epub-0003,1,30,3167,1645,1.92523
nist-epub-0003,1,31,3225,1716,1.87937
nist-epub-0003,1,32,3064,1724,1.77726
nist-epub-0003,1,33,3146,1852,1.69870
nist-epub-0003,1,34,3051,1727,1.76665
nist-epub-0003,1,35,3040,1960,1.55102
nist-epub-0003,1,36,3408,1731,1.96880
nist-epub-0003,1,37,3056,1852,1.65011
nist-epub-0003,1,38,2971,1679,1.76951
nist-epub-0003,1,39,2904,1816,1.59912
nist-epub-0003,1,40,3049,1771,1.72163
nist-epub-0003,1,41,2967,1634,1.81579
nist-epub-0003,1,42,3116,1672,1.86364
nist-epub-0003,1,43,3073,1795,1.71198
nist-epub-0003,1,44,3009,1838,1.63711
nist-epub-0003,1,45,2962,1718,1.72410
nist-epub-0003,1,46,3361,1900,1.76895
nist-epub-0003,1,47,2974,1647,1.80571
nist-epub-0003,1,48,2997,1737,1.72539
nist-epub-0003,1,49,2929,1733,1.69013
nist-epub-0003,1,50,3446,1735,1.98617
nist-epub-0003,1,51,3302,1787,1.84779
nist-epub-0003,1,52,3104,1719,1.80570
nist-epub-0003,1,53,3180,1701,1.86949
nist-epub-0003,1,54,2993,1904,1.57195
nist-epub-0003,1,55,2994,1760,1.70114
nist-epub-0003,1,56,2972,1755,1.69345
nist-epub-0003,1,57,2940,1802,1.63152
nist-epub-0003,1,58,2986,1744,1.71216
nist-epub-0003,1,59,3188,1819,1.75261
nist-epub-0003,1,60,3046,1695,1.79705
nist-epub-0003,1,61,2903,1735,1.67320
nist-epub-0003,1,62,2974,1794,1.65775
nist-epub-0003,1,63,2947,1753,1.68112
nist-epub-0003,1,64,2956,1696,1.74292
nist-epub-0003,1,65,3054,1743,1.75215
nist-epub-0003,1,66,2963,1856,1.59644
nist-epub-0003,1,67,3009,1621,1.85626
nist-epub-0003,1,68,3142,1771,1.77414
nist-epub-0003,1,69,2981,1735,1.71816
nist-epub-0003,1,70,3197,1849,1.72904
nist-epub-0003,1,71,3134,1739,1.80219
nist-epub-0003,1,72,3316,1724,1.92343
nist-epub-0003,1,73,3544,1717,2.06407
nist-epub-0003,1,74,3226,1703,1.89430
nist-epub-0003,1,75,2990,1768,1.69118
nist-epub-0003,1,76,3035,1651,1.83828
nist-epub-0003,1,77,3212,1726,1.86095
nist-epub-0003,1,78,3033,1717,1.76645
nist-epub-0003,1,79,3036,1842,1.64821
nist-epub-0003,1,80,3013,1698,1.77444
nist-epub-0003,1,81,2966,1908,1.55451
nist-epub-0003,1,82,2920,1608,1.81592
nist-epub-0003,1,83,2926,2062,1.41901
nist-epub-0003,1,84,3009,1659,1.81374
nist-epub-0003,1,85,2999,1694,1.77037
nist-epub-0003,1,86,2976,1824,1.63158
nist-epub-0003,1,87,2925,1803,1.62230
nist-epub-0003,1,88,3452,1660,2.07952
nist-epub-0003,1,89,2881,1679,1.71590
nist-epub-0003,1,90,3067,1672,1.83433
nist-epub-0003,1,91,2999,1860,1.61237
nist-epub-0003,1,92,2978,1730,1.72139
nist-epub-0003,1,93,2886,1646,1.75334
nist-epub-0003,1,94,3000,1731,1.73310
nist-epub-0003,1,95,3091,1691,1.82791
nist-epub-0003,1,96,3108,1688,1.84123
nist-epub-0003,1,97,2988,1699,1.75868
nist-epub-0003,1,98,2929,1820,1.60934
nist-epub-0003,1,99,3488,1776,1.96396
nist-epub-0003,1,100,2907,1674,1.73656
nist-epub-0006,1,1,2442,1448,1.68646
nist-epub-0006,1,2,2445,1455,1.68041
nist-epub-0006,1,3,2383,1500,1.58867
nist-epub-0006,1,4,2814,1456,1.93269
nist-epub-0006,1,5,2462,1489,1.65346
nist-epub-0006,1,6,2386,1562,1.52753
nist-epub-0006,1,7,2513,1676,1.49940
nist-epub-0006,1,8,2305,1478,1.55954
nist-epub-0006,1,9,2332,1624,1.43596
nist-epub-0006,1,10,2440,1721,1.41778
nist-epub-0006,1,11,2449,1545,1.58511
nist-epub-0006,1,12,2502,1916,1.30585
nist-epub-0006,1,13,2409,1492,1.61461
nist-epub-0006,1,14,2426,1496,1.62166
nist-epub-0006,1,15,2480,1614,1.53656
nist-epub-0006,1,16,2433,1494,1.62851
nist-epub-0006,1,17,2650,1776,1.49212
nist-epub-0006,1,18,2370,1456,1.62775
nist-epub-0006,1,19,2365,1617,1.46259
nist-epub-0006,1,20,2467,1529,1.61347
nist-epub-0006,1,21,2370,1439,1.64698
nist-epub-0006,1,22,2433,1606,1.51494
nist-epub-0006,1,23,2429,1451,1.67402
nist-epub-0006,1,24,2471,1497,1.65063
nist-epub-0006,1,25,2370,1679,1.41155
nist-epub-0006,1,26,2455,1609,1.52579
nist-epub-0006,1,27,2550,1538,1.65800
nist-epub-0006,1,28,2441,1474,1.65604
nist-epub-0006,1,29,2378,1488,1.59812
nist-epub-0006,1,30,2438,1662,1.46691
nist-epub-0006,1,31,2369,1573,1.50604
nist-epub-0006,1,32,2507,1537,1.63110
nist-epub-0006,1,33,2388,1453,1.64350
nist-epub-0006,1,34,2457,1403,1.75125
nist-epub-0006,1,35,2477,1523,1.62640
nist-epub-0006,1,36,2388,1467,1.62781
nist-epub-0006,1,37,2393,1596,1.49937
nist-epub-0006,1,38,2395,1452,1.64945
nist-epub-0006,1,39,2296,1738,1.32106
nist-epub-0006,1,40,2369,1546,1.53234
nist-epub-0006,1,41,2389,1446,1.65214
nist-epub-0006,1,42,2432,1625,1.49662
nist-epub-0006,1,43,2432,1659,1.46594
nist-epub-0006,1,44,2403,1518,1.58300
nist-epub-0006,1,45,2382,1534,1.55280
nist-epub-0006,1,46,2484,1515,1.63960
nist-epub-0006,1,47,2372,1530,1.55033
nist-epub-0006,1,48,2403,1489,1.61383
nist-epub-0006,1,49,2342,1574,1.48793
nist-epub-0006,1,50,2395,1514,1.58190
nist-epub-0006,1,51,2367,1490,1.58859
nist-epub-0006,1,52,2523,1476,1.70935
nist-epub-0006,1,53,2358,1415,1.66643
nist-epub-0006,1,54,2398,1443,1.66182
nist-epub-0006,1,55,2461,1503,1.63739
nist-epub-0006,1,56,2388,1457,1.63898
nist-epub-0006,1,57,2456,1541,1.59377
nist-epub-0006,1,58,2326,1485,1.56633
nist-epub-0006,1,59,2358,1500,1.57200
nist-epub-0006,1,60,2457,1519,1.61751
nist-epub-0006,1,61,2319,1555,1.49132
nist-epub-0006,1,62,2491,1497,1.66399
nist-epub-0006,1,63,2363,1461,1.61739
nist-epub-0006,1,64,2482,1509,1.64480
nist-epub-0006,1,65,2421,1551,1.56093
nist-epub-0006,1,66,2418,1451,1.66644
nist-epub-0006,1,67,2388,1485,1.60808
nist-epub-0006,1,68,2454,1584,1.54924
nist-epub-0006,1,69,2400,1512,1.58730
nist-epub-0006,1,70,2589,1506,1.71912
nist-epub-0006,1,71,2374,1425,1.66596
nist-epub-0006,1,72,2481,1528,1.62369
nist-epub-0006,1,73,2370,1494,1.58635
nist-epub-0006,1,74,2470,1432,1.72486
nist-epub-0006,1,75,2368,1524,1.55381
nist-epub-0006,1,76,2385,1468,1.62466
nist-epub-0006,1,77,2453,1609,1.52455
nist-epub-0006,1,78,2447,1515,1.61518
nist-epub-0006,1,79,2403,1478,1.62585
nist-epub-0006,1,80,2509,1516,1.65501
nist-epub-0006,1,81,2448,1424,1.71910
nist-epub-0006,1,82,2403,1477,1.62695
nist-epub-0006,1,83,2472,1466,1.68622
nist-epub-0006,1,84,2599,1473,1.76443
nist-epub-0006,1,85,2670,1636,1.63203
nist-epub-0006,1,86,2351,1583,1.48515
nist-epub-0006,1,87,2392,1573,1.52066
nist-epub-0006,1,88,2409,1501,1.60493
nist-epub-0006,1,89,2496,1468,1.70027
nist-epub-0006,1,90,2460,1526,1.61206
nist-epub-0006,1,91,2401,1438,1.66968
nist-epub-0006,1,92,2457,1487,1.65232
nist-epub-0006,1,93,2406,1456,1.65247
nist-epub-0006,1,94,2535,1467,1.72802
nist-epub-0006,1,95,2440,1560,1.56410
nist-epub-0006,1,96,2461,1429,1.72218
nist-epub-0006,1,97,2441,1625,1.50215
nist-epub-0006,1,98,2382,1498,1.59012
nist-epub-0006,1,99,2353,1496,1.57286
nist-epub-0006,1,100,2454,1481,1.65699
nist-epub-0008,1,1,1573,1328,1.18449
nist-epub-0008,1,2,1541,1351,1.14064
nist-epub-0008,1,3,1573,1388,1.13329
nist-epub-0008,1,4,1642,1449,1.13320
nist-epub-0008,1,5,1603,1426,1.12412
nist-epub-0008,1,6,1539,1341,1.14765
nist-epub-0008,1,7,1685,1320,1.27652
nist-epub-0008,1,8,1558,1394,1.11765
nist-epub-0008,1,9,1517,1328,1.14232
nist-epub-0008,1,10,1736,1355,1.28118
nist-epub-0008,1,11,1565,1417,1.10445
nist-epub-0008,1,12,1574,1360,1.15735
nist-epub-0008,1,13,1490,1324,1.12538
nist-epub-0008,1,14,1611,1380,1.16739
nist-epub-0008,1,15,1564,1355,1.15424
nist-epub-0008,1,16,1624,1420,1.14366
nist-epub-0008,1,17,1627,1402,1.16049
nist-epub-0008,1,18,1504,1290,1.16589
nist-epub-0008,1,19,1565,1362,1.14905
nist-epub-0008,1,20,1587,1450,1.09448
nist-epub-0008,1,21,1574,1349,1.16679
nist-epub-0008,1,22,1586,1324,1.19789
nist-epub-0008,1,23,1548,1444,1.07202
nist-epub-0008,1,24,1556,1408,1.10511
nist-epub-0008,1,25,1527,1494,1.02209
nist-epub-0008,1,26,1583,1364,1.16056
nist-epub-0008,1,27,1564,1394,1.12195
nist-epub-0008,1,28,1619,1345,1.20372
nist-epub-0008,1,29,1532,1390,1.10216
nist-epub-0008,1,30,1532,1341,1.14243
nist-epub-0008,1,31,1541,1565,0.98466
nist-epub-0008,1,32,1643,1414,1.16195
nist-epub-0008,1,33,1548,1347,1.14922
nist-epub-0008,1,34,1858,1404,1.32336
nist-epub-0008,1,35,1578,1536,1.02734
nist-epub-0008,1,36,1543,1327,1.16277
nist-epub-0008,1,37,1532,1488,1.02957
nist-epub-0008,1,38,1525,1377,1.10748
nist-epub-0008,1,39,1534,1431,1.07198
nist-epub-0008,1,40,2033,1345,1.51152
nist-epub-0008,1,41,1621,1398,1.15951
nist-epub-0008,1,42,1695,1335,1.26966
nist-epub-0008,1,43,1652,1500,1.10133
nist-epub-0008,1,44,1548,1389,1.11447
nist-epub-0008,1,45,1573,1388,1.13329
nist-epub-0008,1,46,1655,1492,1.10925
nist-epub-0008,1,47,1533,1369,1.11980
nist-epub-0008,1,48,1577,1426,1.10589
nist-epub-0008,1,49,1675,1459,1.14805
nist-epub-0008,1,50,1631,1464,1.11407
nist-epub-0008,1,51,1593,1384,1.15101
nist-epub-0008,1,52,1656,1424,1.16292
nist-epub-0008,1,53,1528,1393,1.09691
nist-epub-0008,1,54,1500,1321,1.13550
nist-epub-0008,1,55,1689,1476,1.14431
nist-epub-0008,1,56,1555,1367,1.13753
nist-epub-0008,1,57,1539,1391,1.10640
nist-epub-0008,1,58,1993,1354,1.47194
nist-epub-0008,1,59,1558,1357,1.14812
nist-epub-0008,1,60,1585,1340,1.18284
nist-epub-0008,1,61,1677,1393,1.20388
nist-epub-0008,1,62,1585,1375,1.15273
nist-epub-0008,1,63,1503,1430,1.05105
nist-epub-0008,1,64,1534,1380,1.11159
nist-epub-0008,1,65,1722,1273,1.35271
nist-epub-0008,1,66,1574,1334,1.17991
nist-epub-0008,1,67,1608,1360,1.18235
nist-epub-0008,1,68,1682,1618,1.03956
nist-epub-0008,1,69,1571,1433,1.09630
nist-epub-0008,1,70,1534,1302,1.17819
nist-epub-0008,1,71,1530,1333,1.14779
nist-epub-0008,1,72,1673,1328,1.25979
nist-epub-0008,1,73,1577,1377,1.14524
nist-epub-0008,1,74,1497,1314,1.13927
nist-epub-0008,1,75,1550,1579,0.98163
nist-epub-0008,1,76,1533,1862,0.82331
nist-epub-0008,1,77,1581,1425,1.10947
nist-epub-0008,1,78,1572,1317,1.19362
nist-epub-0008,1,79,1663,1584,1.04987
nist-epub-0008,1,80,1533,1339,1.14488
nist-epub-0008,1,81,1628,1659,0.98131
nist-epub-0008,1,82,1577,1386,1.13781
nist-epub-0008,1,83,1510,1310,1.15267
nist-epub-0008,1,84,1646,1417,1.16161
nist-epub-0008,1,85,1584,1356,1.16814
nist-epub-0008,1,86,1516,1339,1.13219
nist-epub-0008,1,87,1614,1427,1.13104
nist-epub-0008,1,88,1564,1337,1.16978
nist-epub-0008,1,89,1560,1397,1.11668
nist-epub-0008,1,90,1546,1463,1.05673
nist-epub-0008,1,91,1589,1372,1.15816
nist-epub-0008,1,92,1630,1318,1.23672
nist-epub-0008,1,93,1600,1443,1.10880
nist-epub-0008,1,94,1554,1426,1.08976
nist-epub-0008,1,95,1579,1471,1.07342
nist-epub-0008,1,96,1679,1496,1.12233
nist-epub-0008,1,97,1555,1349,1.15271
nist-epub-0008,1,98,1554,1349,1.15196
nist-epub-0008,1,99,2053,1397,1.46958
nist-epub-0008,1,100,1548,1343,1.15264
nist-epub-0009,1,1,5794,2366,2.44886
nist-epub-0009,1,2,5609,2289,2.45042
nist-epub-0009,1,3,5698,2511,2.26922
nist-epub-0009,1,4,5802,2528,2.29509
nist-epub-0009,1,5,5607,2518,2.22677
nist-epub-0009,1,6,6014,2473,2.43186
nist-epub-0009,1,7,5705,2773,2.05734
nist-epub-0009,1,8,5763,2507,2.29876
nist-epub-0009,1,9,5822,3020,1.92781
nist-epub-0009,1,10,5847,2254,2.59406
nist-epub-0009,1,11,5708,2650,2.15396
nist-epub-0009,1,12,5902,2294,2.57280
nist-epub-0009,1,13,5768,2342,2.46285
nist-epub-0009,1,14,6238,2386,2.61442
nist-epub-0009,1,15,5917,2601,2.27489
nist-epub-0009,1,16,5750,2626,2.18964
nist-epub-0009,1,17,5719,2530,2.26047
nist-epub-0009,1,18,5909,2889,2.04534
nist-epub-0009,1,19,5928,2423,2.44655
nist-epub-0009,1,20,5949,2483,2.39589
nist-epub-0009,1,21,5954,2429,2.45121
nist-epub-0009,1,22,5717,2768,2.06539
nist-epub-0009,1,23,6050,2799,2.16149
nist-epub-0009,1,24,5733,2511,2.28315
nist-epub-0009,1,25,5818,2498,2.32906
nist-epub-0009,1,26,5936,2489,2.38489
nist-epub-0009,1,27,5707,2719,2.09893
nist-epub-0009,1,28,5781,2358,2.45165
nist-epub-0009,1,29,5913,2708,2.18353
nist-epub-0009,1,30,5907,3983,1.48305
nist-epub-0009,1,31,5670,2561,2.21398
nist-epub-0009,1,32,5912,2417,2.44601
nist-epub-0009,1,33,5710,2777,2.05618
nist-epub-0009,1,34,5899,2695,2.18887
nist-epub-0009,1,35,5662,2698,2.09859
nist-epub-0009,1,36,5843,3120,1.87276
nist-epub-0009,1,37,5796,2773,2.09016
nist-epub-0009,1,38,5785,2701,2.14180
nist-epub-0009,1,39,5862,2690,2.17918
nist-epub-0009,1,40,5912,2805,2.10766
nist-epub-0009,1,41,6236,2406,2.59185
nist-epub-0009,1,42,6061,2475,2.44889
nist-epub-0009,1,43,5636,2614,2.15608
nist-epub-0009,1,44,5947,2409,2.46866
nist-epub-0009,1,45,5765,2633,2.18952
nist-epub-0009,1,46,5852,2331,2.51051
nist-epub-0009,1,47,5782,2632,2.19681
nist-epub-0009,1,48,5994,2300,2.60609
nist-epub-0009,1,49,5580,2899,1.92480
nist-epub-0009,1,50,5814,2500,2.32560
nist-epub-0009,1,51,5787,2744,2.10897
nist-epub-0009,1,52,5640,2412,2.33831
nist-epub-0009,1,53,5888,2769,2.12640
nist-epub-0009,1,54,6013,2734,2.19934
nist-epub-0009,1,55,5616,2904,1.93388
nist-epub-0009,1,56,5628,2794,2.01432
nist-epub-0009,1,57,6419,2765,2.32152
nist-epub-0009,1,58,5800,2452,2.36542
nist-epub-0009,1,59,5654,2667,2.11999
nist-epub-0009,1,60,5885,2428,2.42381
nist-epub-0009,1,61,5880,2544,2.31132
nist-epub-0009,1,62,5926,2838,2.08809
nist-epub-0009,1,63,5969,2639,2.26184
nist-epub-0009,1,64,5801,2459,2.35909
nist-epub-0009,1,65,6191,2554,2.42404
nist-epub-0009,1,66,5669,2507,2.26127
nist-epub-0009,1,67,5885,2608,2.25652
nist-epub-0009,1,68,5749,2415,2.38054
nist-epub-0009,1,69,5599,2649,2.11363
nist-epub-0009,1,70,5911,2629,2.24838
nist-epub-0009,1,71,5972,2593,2.30312
nist-epub-0009,1,72,5866,2472,2.37298
nist-epub-0009,1,73,5781,2664,2.17005
nist-epub-0009,1,74,5715,2318,2.46549
nist-epub-0009,1,75,5774,2530,2.28221
nist-epub-0009,1,76,5765,2591,2.22501
nist-epub-0009,1,77,5797,2503,2.31602
nist-epub-0009,1,78,5831,2414,2.41549
nist-epub-0009,1,79,5821,2964,1.96390
nist-epub-0009,1,80,5856,2336,2.50685
nist-epub-0009,1,81,5944,2462,2.41430
nist-epub-0009,1,82,5937,2492,2.38242
nist-epub-0009,1,83,6137,2481,2.47360
nist-epub-0009,1,84,5948,2503,2.37635
nist-epub-0009,1,85,5877,2776,2.11707
nist-epub-0009,1,86,5936,2543,2.33425
nist-epub-0009,1,87,6006,2433,2.46856
nist-epub-0009,1,88,5933,2465,2.40690
nist-epub-0009,1,89,5740,2660,2.15789
nist-epub-0009,1,90,5762,2383,2.41796
nist-epub-0009,1,91,5877,2631,2.23375
nist-epub-0009,1,92,5926,2435,2.43368
nist-epub-0009,1,93,5899,2546,2.31697
nist-epub-0009,1,94,5625,2286,2.46063
nist-epub-0009,1,95,8460,2622,3.22654
nist-epub-0009,1,96,6224,2569,2.42273
nist-epub-0009,1,97,5723,2672,2.14184
nist-epub-0009,1,98,5766,2607,2.21174
nist-epub-0009,1,99,5817,2614,2.22533
nist-epub-0009,1,100,5619,2370,2.37089
nist-pdf-0002,1,1,1360,1442,0.94313
nist-pdf-0002,1,2,1332,1434,0.92887
nist-pdf-0002,1,3,1481,1385,1.06931
nist-pdf-0002,1,4,1464,1312,1.11585
nist-pdf-0002,1,5,1466,1312,1.11738
nist-pdf-0002,1,6,1370,1332,1.02853
nist-pdf-0002,1,7,1348,1313,1.02666
nist-pdf-0002,1,8,1382,1316,1.05015
nist-pdf-0002,1,9,1439,1371,1.04960
nist-pdf-0002,1,10,1326,1367,0.97001
nist-pdf-0002,1,11,1427,1358,1.05081
nist-pdf-0002,1,12,1605,1336,1.20135
nist-pdf-0002,1,13,1358,1518,0.89460
nist-pdf-0002,1,14,1361,1395,0.97563
nist-pdf-0002,1,15,1367,1392,0.98204
nist-pdf-0002,1,16,1425,1313,1.08530
nist-pdf-0002,1,17,1390,1402,0.99144
nist-pdf-0002,1,18,1361,1315,1.03498
nist-pdf-0002,1,19,1336,1402,0.95292
nist-pdf-0002,1,20,1394,1372,1.01603
nist-pdf-0002,1,21,1382,1350,1.02370
nist-pdf-0002,1,22,1316,1303,1.00998
nist-pdf-0002,1,23,1337,1431,0.93431
nist-pdf-0002,1,24,1386,1345,1.03048
nist-pdf-0002,1,25,1463,1307,1.11936
nist-pdf-0002,1,26,1485,1348,1.10163
nist-pdf-0002,1,27,1326,1344,0.98661
nist-pdf-0002,1,28,2024,1339,1.51158
nist-pdf-0002,1,29,1331,1367,0.97366
nist-pdf-0002,1,30,1367,1306,1.04671
nist-pdf-0002,1,31,1311,1384,0.94725
nist-pdf-0002,1,32,1357,1414,0.95969
nist-pdf-0002,1,33,1355,1342,1.00969
nist-pdf-0002,1,34,1344,1292,1.04025
nist-pdf-0002,1,35,1399,1374,1.01820
nist-pdf-0002,1,36,1655,1372,1.20627
nist-pdf-0002,1,37,1328,1336,0.99401
nist-pdf-0002,1,38,1400,1299,1.07775
nist-pdf-0002,1,39,1379,2013,0.68505
nist-pdf-0002,1,40,1367,1336,1.02320
nist-pdf-0002,1,41,1334,1360,0.98088
nist-pdf-0002,1,42,1374,1360,1.01029
nist-pdf-0002,1,43,1322,1459,0.90610
nist-pdf-0002,1,44,1447,1415,1.02261
nist-pdf-0002,1,45,1391,1365,1.01905
nist-pdf-0002,1,46,1473,1322,1.11422
nist-pdf-0002,1,47,1364,1435,0.95052
nist-pdf-0002,1,48,1433,1387,1.03317
nist-pdf-0002,1,49,1334,1379,0.96737
nist-pdf-0002,1,50,1388,1327,1.04597
nist-pdf-0002,1,51,1538,1479,1.03989
nist-pdf-0002,1,52,1555,1412,1.10127
nist-pdf-0002,1,53,1355,1368,0.99050
nist-pdf-0002,1,54,1414,1388,1.01873
nist-pdf-0002,1,55,1504,1465,1.02662
nist-pdf-0002,1,56,1349,1373,0.98252
nist-pdf-0002,1,57,1355,1346,1.00669
nist-pdf-0002,1,58,1460,1464,0.99727
nist-pdf-0002,1,59,1454,1422,1.02250
nist-pdf-0002,1,60,1377,1312,1.04954
nist-pdf-0002,1,61,1344,1295,1.03784
nist-pdf-0002,1,62,1425,1416,1.00636
nist-pdf-0002,1,63,1306,1307,0.99923
nist-pdf-0002,1,64,1345,1298,1.03621
nist-pdf-0002,1,65,1306,1338,0.97608
nist-pdf-0002,1,66,1375,1629,0.84408
nist-pdf-0002,1,67,1338,1336,1.00150
nist-pdf-0002,1,68,1344,1322,1.01664
nist-pdf-0002,1,69,1375,1335,1.02996
nist-pdf-0002,1,70,1498,1734,0.86390
nist-pdf-0002,1,71,1382,1393,0.99210
nist-pdf-0002,1,72,1376,1374,1.00146
nist-pdf-0002,1,73,1347,1355,0.99410
nist-pdf-0002,1,74,1434,1427,1.00491
nist-pdf-0002,1,75,1328,1306,1.01685
nist-pdf-0002,1,76,1325,1325,1.00000
nist-pdf-0002,1,77,1291,1393,0.92678
nist-pdf-0002,1,78,1496,1652,0.90557
nist-pdf-0002,1,79,1443,1339,1.07767
nist-pdf-0002,1,80,1475,1558,0.94673
nist-pdf-0002,1,81,1829,1434,1.27545
nist-pdf-0002,1,82,1494,1885,0.79257
nist-pdf-0002,1,83,1433,1447,0.99032
nist-pdf-0002,1,84,1464,1531,0.95624
nist-pdf-0002,1,85,1744,1358,1.28424
nist-pdf-0002,1,86,1445,1387,1.04182
nist-pdf-0002,1,87,1443,1301,1.10915
nist-pdf-0002,1,88,1381,1376,1.00363
nist-pdf-0002,1,89,1441,1455,0.99038
nist-pdf-0002,1,90,1461,1491,0.97988
nist-pdf-0002,1,91,1389,1325,1.04830
nist-pdf-0002,1,92,1691,1333,1.26857
nist-pdf-0002,1,93,1375,1434,0.95886
nist-pdf-0002,1,94,1370,1332,1.02853
nist-pdf-0002,1,95,1339,1357,0.98674
nist-pdf-0002,1,96,1535,1382,1.11071
nist-pdf-0002,1,97,1367,1438,0.95063
nist-pdf-0002,1,98,1305,1416,0.92161
nist-pdf-0002,1,99,1392,1308,1.06422
nist-pdf-0002,1,100,1349,1335,1.01049
nist-pdf-0004,1,1,3488,1956,1.78323
nist-pdf-0004,1,2,3263,1917,1.70214
nist-pdf-0004,1,3,3612,2240,1.61250
nist-pdf-0004,1,4,3412,1768,1.92986
nist-pdf-0004,1,5,3189,2192,1.45484
nist-pdf-0004,1,6,3033,1951,1.55459
nist-pdf-0004,1,7,3023,1844,1.63937
nist-pdf-0004,1,8,3287,1966,1.67192
nist-pdf-0004,1,9,2919,1754,1.66420
nist-pdf-0004,1,10,3074,1935,1.58863
nist-pdf-0004,1,11,3095,1811,1.70900
nist-pdf-0004,1,12,2952,1916,1.54071
nist-pdf-0004,1,13,3141,2128,1.47603
nist-pdf-0004,1,14,3116,1969,1.58253
nist-pdf-0004,1,15,2995,2095,1.42959
nist-pdf-0004,1,16,3056,2069,1.47704
nist-pdf-0004,1,17,2964,1976,1.50000
nist-pdf-0004,1,18,3234,2409,1.34247
nist-pdf-0004,1,19,2921,1996,1.46343
nist-pdf-0004,1,20,3172,1881,1.68634
nist-pdf-0004,1,21,3076,1747,1.76073
nist-pdf-0004,1,22,3073,1715,1.79184
nist-pdf-0004,1,23,3259,2148,1.51723
nist-pdf-0004,1,24,2954,1921,1.53774
nist-pdf-0004,1,25,2997,2154,1.39136
nist-pdf-0004,1,26,3165,1920,1.64844
nist-pdf-0004,1,27,3007,1994,1.50802
nist-pdf-0004,1,28,3416,2580,1.32403
nist-pdf-0004,1,29,2894,1976,1.46457
nist-pdf-0004,1,30,3284,1832,1.79258
nist-pdf-0004,1,31,2995,1803,1.66112
nist-pdf-0004,1,32,2999,1768,1.69627
nist-pdf-0004,1,33,3291,2202,1.49455
nist-pdf-0004,1,34,2954,1890,1.56296
nist-pdf-0004,1,35,3013,2318,1.29983
nist-pdf-0004,1,36,3096,1829,1.69273
nist-pdf-0004,1,37,2973,1914,1.55329
nist-pdf-0004,1,38,2997,2558,1.17162
nist-pdf-0004,1,39,3052,1914,1.59457
nist-pdf-0004,1,40,3369,2019,1.66865
nist-pdf-0004,1,41,3040,2390,1.27197
nist-pdf-0004,1,42,3063,1862,1.64501
nist-pdf-0004,1,43,3058,2233,1.36946
nist-pdf-0004,1,44,3129,1780,1.75787
nist-pdf-0004,1,45,2911,2166,1.34395
nist-pdf-0004,1,46,3050,1693,1.80154
nist-pdf-0004,1,47,2980,1921,1.55128
nist-pdf-0004,1,48,3044,1828,1.66521
nist-pdf-0004,1,49,2913,1931,1.50854
nist-pdf-0004,1,50,3273,1812,1.80629
nist-pdf-0004,1,51,2984,1865,1.60000
nist-pdf-0004,1,52,3077,1789,1.71996
nist-pdf-0004,1,53,3190,1981,1.61030
nist-pdf-0004,1,54,2977,1999,1.48924
nist-pdf-0004,1,55,3050,2280,1.33772
nist-pdf-0004,1,56,3130,2014,1.55412
nist-pdf-0004,1,57,2992,2145,1.39487
nist-pdf-0004,1,58,3148,2003,1.57164
nist-pdf-0004,1,59,3094,1930,1.60311
nist-pdf-0004,1,60,3115,1985,1.56927
nist-pdf-0004,1,61,2989,2046,1.46090
nist-pdf-0004,1,62,3082,1891,1.62983
nist-pdf-0004,1,63,3041,1975,1.53975
nist-pdf-0004,1,64,3109,1815,1.71295
nist-pdf-0004,1,65,2981,2139,1.39364
nist-pdf-0004,1,66,3139,1954,1.60645
nist-pdf-0004,1,67,3003,2054,1.46203
nist-pdf-0004,1,68,3101,1761,1.76093
nist-pdf-0004,1,69,3046,1958,1.55567
nist-pdf-0004,1,70,3142,2517,1.24831
nist-pdf-0004,1,71,2952,2847,1.03688
nist-pdf-0004,1,72,3115,1982,1.57164
nist-pdf-0004,1,73,3063,1942,1.57724
nist-pdf-0004,1,74,3020,1810,1.66851
nist-pdf-0004,1,75,3097,2114,1.46500
nist-pdf-0004,1,76,3125,1960,1.59439
nist-pdf-0004,1,77,3115,1828,1.70405
nist-pdf-0004,1,78,3106,2832,1.09675
nist-pdf-0004,1,79,2943,1922,1.53122
nist-pdf-0004,1,80,3475,2104,1.65162
nist-pdf-0004,1,81,3098,1965,1.57659
nist-pdf-0004,1,82,3191,1911,1.66981
nist-pdf-0004,1,83,3114,2065,1.50799
nist-pdf-0004,1,84,3129,1738,1.80035
nist-pdf-0004,1,85,2971,2113,1.40606
nist-pdf-0004,1,86,3102,2112,1.46875
nist-pdf-0004,1,87,2978,2033,1.46483
nist-pdf-0004,1,88,3210,1969,1.63027
nist-pdf-0004,1,89,2912,1871,1.55639
nist-pdf-0004,1,90,3111,2098,1.48284
nist-pdf-0004,1,91,2930,1892,1.54863
nist-pdf-0004,1,92,3065,1733,1.76861
nist-pdf-0004,1,93,3374,2035,1.65799
nist-pdf-0004,1,94,2924,1971,1.48351
nist-pdf-0004,1,95,3109,2149,1.44672
nist-pdf-0004,1,96,3014,1926,1.56490
nist-pdf-0004,1,97,3024,2002,1.51049
nist-pdf-0004,1,98,3067,1929,1.58994
nist-pdf-0004,1,99,3029,1878,1.61289
nist-pdf-0004,1,100,3327,1871,1.77819
nist-pdf-0016,1,1,1440,1383,1.04121
nist-pdf-0016,1,2,1399,1698,0.82391
nist-pdf-0016,1,3,1450,1314,1.10350
nist-pdf-0016,1,4,1499,1374,1.09098
nist-pdf-0016,1,5,1414,1390,1.01727
nist-pdf-0016,1,6,1475,1432,1.03003
nist-pdf-0016,1,7,1497,1430,1.04685
nist-pdf-0016,1,8,1538,1410,1.09078
nist-pdf-0016,1,9,1472,1428,1.03081
nist-pdf-0016,1,10,1483,1664,0.89123
nist-pdf-0016,1,11,1415,1475,0.95932
nist-pdf-0016,1,12,1430,1427,1.00210
nist-pdf-0016,1,13,1517,1512,1.00331
nist-pdf-0016,1,14,1483,1593,0.93095
nist-pdf-0016,1,15,1473,1322,1.11422
nist-pdf-0016,1,16,1430,1335,1.07116
nist-pdf-0016,1,17,1447,1718,0.84226
nist-pdf-0016,1,18,1468,1368,1.07310
nist-pdf-0016,1,19,1522,1336,1.13922
nist-pdf-0016,1,20,1551,1429,1.08537
nist-pdf-0016,1,21,1527,1416,1.07839
nist-pdf-0016,1,22,1435,1449,0.99034
nist-pdf-0016,1,23,1474,1391,1.05967
nist-pdf-0016,1,24,1480,1581,0.93612
nist-pdf-0016,1,25,1698,1760,0.96477
nist-pdf-0016,1,26,1866,1402,1.33096
nist-pdf-0016,1,27,1554,1537,1.01106
nist-pdf-0016,1,28,1661,2173,0.76438
nist-pdf-0016,1,29,1549,1855,0.83504
nist-pdf-0016,1,30,1521,1426,1.06662
nist-pdf-0016,1,31,1527,1405,1.08683
nist-pdf-0016,1,32,1587,1394,1.13845
nist-pdf-0016,1,33,1476,1456,1.01374
nist-pdf-0016,1,34,1446,1468,0.98501
nist-pdf-0016,1,35,1387,1484,0.93464
nist-pdf-0016,1,36,1804,1447,1.24672
nist-pdf-0016,1,37,1451,1404,1.03348
nist-pdf-0016,1,38,1442,1398,1.03147
nist-pdf-0016,1,39,1463,1456,1.00481
nist-pdf-0016,1,40,1413,1501,0.94137
nist-pdf-0016,1,41,1412,1340,1.05373
nist-pdf-0016,1,42,1565,1429,1.09517
nist-pdf-0016,1,43,1463,1377,1.06245
nist-pdf-0016,1,44,1435,1354,1.05982
nist-pdf-0016,1,45,1454,1395,1.04229
nist-pdf-0016,1,46,1531,1413,1.08351
nist-pdf-0016,1,47,1626,1455,1.11753
nist-pdf-0016,1,48,1494,1459,1.02399
nist-pdf-0016,1,49,1450,1555,0.93248
nist-pdf-0016,1,50,1505,1449,1.03865
nist-pdf-0016,1,51,1458,1504,0.96941
nist-pdf-0016,1,52,1472,1365,1.07839
nist-pdf-0016,1,53,1422,1623,0.87616
nist-pdf-0016,1,54,1513,1370,1.10438
nist-pdf-0016,1,55,1438,1388,1.03602
nist-pdf-0016,1,56,1514,1397,1.08375
nist-pdf-0016,1,57,1617,1518,1.06522
nist-pdf-0016,1,58,1612,1384,1.16474
nist-pdf-0016,1,59,1571,1383,1.13594
nist-pdf-0016,1,60,1625,1385,1.17329
nist-pdf-0016,1,61,1533,1456,1.05288
nist-pdf-0016,1,62,1441,1434,1.00488
nist-pdf-0016,1,63,1409,1324,1.06420
nist-pdf-0016,1,64,1505,1546,0.97348
nist-pdf-0016,1,65,1655,1479,1.11900
nist-pdf-0016,1,66,1471,1380,1.06594
nist-pdf-0016,1,67,1467,1322,1.10968
nist-pdf-0016,1,68,1541,1511,1.01985
nist-pdf-0016,1,69,1494,1395,1.07097
nist-pdf-0016,1,70,1482,1384,1.07081
nist-pdf-0016,1,71,1458,1430,1.01958
nist-pdf-0016,1,72,1506,1440,1.04583
nist-pdf-0016,1,73,1466,1403,1.04490
nist-pdf-0016,1,74,1438,1357,1.05969
nist-pdf-0016,1,75,1476,1524,0.96850
nist-pdf-0016,1,76,1500,1438,1.04312
nist-pdf-0016,1,77,1427,1314,1.08600
nist-pdf-0016,1,78,1442,1295,1.11351
nist-pdf-0016,1,79,1434,1453,0.98692
nist-pdf-0016,1,80,1448,1355,1.06863
nist-pdf-0016,1,81,1474,1481,0.99527
nist-pdf-0016,1,82,1453,1393,1.04307
nist-pdf-0016,1,83,1538,1497,1.02739
nist-pdf-0016,1,84,1439,1393,1.03302
nist-pdf-0016,1,85,1429,1348,1.06009
nist-pdf-0016,1,86,1674,1491,1.12274
nist-pdf-0016,1,87,1482,1497,0.98998
nist-pdf-0016,1,88,1435,1380,1.03986
nist-pdf-0016,1,89,1449,1351,1.07254
nist-pdf-0016,1,90,1486,1378,1.07837
nist-pdf-0016,1,91,1458,1390,1.04892
nist-pdf-0016,1,92,1413,1496,0.94452
nist-pdf-0016,1,93,1420,1470,0.96599
nist-pdf-0016,1,94,1506,1350,1.11556
nist-pdf-0016,1,95,1549,1491,1.03890
nist-pdf-0016,1,96,1482,1386,1.06926
nist-pdf-0016,1,97,1453,1672,0.86902
nist-pdf-0016,1,98,1500,1381,1.08617
nist-pdf-0016,1,99,1536,1366,1.12445
nist-pdf-0016,1,100,1512,1374,1.10044
nist-pdf-0017,1,1,3678,2208,1.66576
nist-pdf-0017,1,2,3974,2038,1.94995
nist-pdf-0017,1,3,4006,2117,1.89230
nist-pdf-0017,1,4,3924,2256,1.73936
nist-pdf-0017,1,5,3840,2520,1.52381
nist-pdf-0017,1,6,3694,2303,1.60399
nist-pdf-0017,1,7,4019,2292,1.75349
nist-pdf-0017,1,8,3801,2196,1.73087
nist-pdf-0017,1,9,3811,2284,1.66856
nist-pdf-0017,1,10,3873,2066,1.87464
nist-pdf-0017,1,11,3748,3289,1.13956
nist-pdf-0017,1,12,4006,1968,2.03557
nist-pdf-0017,1,13,3874,2319,1.67055
nist-pdf-0017,1,14,3997,2064,1.93653
nist-pdf-0017,1,15,3892,2523,1.54261
nist-pdf-0017,1,16,3916,2019,1.93957
nist-pdf-0017,1,17,3858,2151,1.79358
nist-pdf-0017,1,18,3926,2496,1.57292
nist-pdf-0017,1,19,3740,2058,1.81730
nist-pdf-0017,1,20,4051,2268,1.78616
nist-pdf-0017,1,21,3774,2281,1.65454
nist-pdf-0017,1,22,4157,2225,1.86831
nist-pdf-0017,1,23,3932,2010,1.95622
nist-pdf-0017,1,24,3911,1923,2.03380
nist-pdf-0017,1,25,4142,2118,1.95562
nist-pdf-0017,1,26,3995,2100,1.90238
nist-pdf-0017,1,27,4030,2295,1.75599
nist-pdf-0017,1,28,3779,2237,1.68932
nist-pdf-0017,1,29,3881,2277,1.70444
nist-pdf-0017,1,30,3893,2235,1.74183
nist-pdf-0017,1,31,3827,2770,1.38159
nist-pdf-0017,1,32,3922,1938,2.02374
nist-pdf-0017,1,33,3822,2277,1.67852
nist-pdf-0017,1,34,3902,1971,1.97971
nist-pdf-0017,1,35,3837,2178,1.76171
nist-pdf-0017,1,36,3678,2028,1.81361
nist-pdf-0017,1,37,4003,2155,1.85754
nist-pdf-0017,1,38,3918,1951,2.00820
nist-pdf-0017,1,39,3843,2457,1.56410
nist-pdf-0017,1,40,3793,2386,1.58969
nist-pdf-0017,1,41,3842,2412,1.59287
nist-pdf-0017,1,42,3918,2058,1.90379
nist-pdf-0017,1,43,3729,1957,1.90547
nist-pdf-0017,1,44,3729,2610,1.42874
nist-pdf-0017,1,45,3814,2291,1.66478
nist-pdf-0017,1,46,4025,2562,1.57104
nist-pdf-0017,1,47,3732,1991,1.87443
nist-pdf-0017,1,48,4033,2570,1.56926
nist-pdf-0017,1,49,3872,2050,1.88878
nist-pdf-0017,1,50,3882,2118,1.83286
nist-pdf-0017,1,51,3840,2186,1.75663
nist-pdf-0017,1,52,4104,2329,1.76213
nist-pdf-0017,1,53,3979,2201,1.80781
nist-pdf-0017,1,54,3927,2366,1.65976
nist-pdf-0017,1,55,4049,2372,1.70700
nist-pdf-0017,1,56,4072,2171,1.87563
nist-pdf-0017,1,57,4027,2140,1.88178
nist-pdf-0017,1,58,4165,2181,1.90967
nist-pdf-0017,1,59,4061,2150,1.88884
nist-pdf-0017,1,60,3779,2002,1.88761
nist-pdf-0017,1,61,3937,2185,1.80183
nist-pdf-0017,1,62,4020,1970,2.04061
nist-pdf-0017,1,63,4191,2186,1.91720
nist-pdf-0017,1,64,4033,2131,1.89254
nist-pdf-0017,1,65,4000,2127,1.88058
nist-pdf-0017,1,66,3949,2298,1.71845
nist-pdf-0017,1,67,3928,2557,1.53618
nist-pdf-0017,1,68,3965,2454,1.61573
nist-pdf-0017,1,69,4012,2358,1.70144
nist-pdf-0017,1,70,3887,2212,1.75723
nist-pdf-0017,1,71,3809,2602,1.46387
nist-pdf-0017,1,72,3943,2285,1.72560
nist-pdf-0017,1,73,3909,2153,1.81561
nist-pdf-0017,1,74,3736,2305,1.62082
nist-pdf-0017,1,75,3710,2164,1.71442
nist-pdf-0017,1,76,3971,2081,1.90822
nist-pdf-0017,1,77,3907,2167,1.80295
nist-pdf-0017,1,78,4560,2385,1.91195
nist-pdf-0017,1,79,3615,2018,1.79138
nist-pdf-0017,1,80,4284,2563,1.67148
nist-pdf-0017,1,81,3679,2020,1.82129
nist-pdf-0017,1,82,3879,2458,1.57811
nist-pdf-0017,1,83,3949,2304,1.71398
nist-pdf-0017,1,84,3861,2128,1.81438
nist-pdf-0017,1,85,3880,2266,1.71227
nist-pdf-0017,1,86,4151,1945,2.13419
nist-pdf-0017,1,87,3823,2202,1.73615
nist-pdf-0017,1,88,4460,2021,2.20683
nist-pdf-0017,1,89,4032,2115,1.90638
nist-pdf-0017,1,90,3947,2189,1.80311
nist-pdf-0017,1,91,3816,2204,1.73140
nist-pdf-0017,1,92,3869,2004,1.93064
nist-pdf-0017,1,93,4026,2011,2.00199
nist-pdf-0017,1,94,3793,1969,1.92636
nist-pdf-0017,1,95,3935,2337,1.68378
nist-pdf-0017,1,96,3850,2056,1.87257
nist-pdf-0017,1,97,3958,2306,1.71639
nist-pdf-0017,1,98,4029,2131,1.89066
nist-pdf-0017,1,99,3980,2319,1.71626
nist-pdf-0017,1,100,4036,2148,1.87896
nist-docx-0005,2,1,1311,1525,0.85967
nist-docx-0005,2,2,1341,1749,0.76672
nist-docx-0005,2,3,1278,1500,0.85200
nist-docx-0005,2,4,1387,1482,0.93590
nist-docx-0005,2,5,1383,1623,0.85213
nist-docx-0005,2,6,1343,1475,0.91051
nist-docx-0005,2,7,1344,1497,0.89780
nist-docx-0005,2,8,1341,1548,0.86628
nist-docx-0005,2,9,1414,1530,0.92418
nist-docx-0005,2,10,1286,1462,0.87962
nist-docx-0005,2,11,1475,1554,0.94916
nist-docx-0005,2,12,1378,1528,0.90183
nist-docx-0005,2,13,1295,1502,0.86218
nist-docx-0005,2,14,1384,1716,0.80653
nist-docx-0005,2,15,1263,1609,0.78496
nist-docx-0005,2,16,1476,1539,0.95906
nist-docx-0005,2,17,1381,1609,0.85830
nist-docx-0005,2,18,1342,1490,0.90067
nist-docx-0005,2,19,1317,1540,0.85519
nist-docx-0005,2,20,1373,1653,0.83061
nist-docx-0005,2,21,1295,1492,0.86796
nist-docx-0005,2,22,1300,1524,0.85302
nist-docx-0005,2,23,1570,1610,0.97516
nist-docx-0005,2,24,1296,1528,0.84817
nist-docx-0005,2,25,1294,1492,0.86729
nist-docx-0005,2,26,1333,1615,0.82539
nist-docx-0005,2,27,1317,1489,0.88449
nist-docx-0005,2,28,1321,1477,0.89438
nist-docx-0005,2,29,1387,1567,0.88513
nist-docx-0005,2,30,1612,2016,0.79960
nist-docx-0005,2,31,1320,1625,0.81231
nist-docx-0005,2,32,1345,1553,0.86607
nist-docx-0005,2,33,1219,1500,0.81267
nist-docx-0005,2,34,1647,1456,1.13118
nist-docx-0005,2,35,1363,1720,0.79244
nist-docx-0005,2,36,1507,1550,0.97226
nist-docx-0005,2,37,1462,1819,0.80374
nist-docx-0005,2,38,1399,1524,0.91798
nist-docx-0005,2,39,1344,1487,0.90383
nist-docx-0005,2,40,1315,1542,0.85279
nist-docx-0005,2,41,1399,1647,0.84942
nist-docx-0005,2,42,1353,1572,0.86069
nist-docx-0005,2,43,1350,1652,0.81719
nist-docx-0005,2,44,1314,1675,0.78448
nist-docx-0005,2,45,1265,1487,0.85071
nist-docx-0005,2,46,1356,1529,0.88685
nist-docx-0005,2,47,1381,1559,0.88582
nist-docx-0005,2,48,1324,1505,0.87973
nist-docx-0005,2,49,1293,1626,0.79520
nist-docx-0005,2,50,1513,1496,1.01136
nist-docx-0005,2,51,1325,1503,0.88157
nist-docx-0005,2,52,1370,1488,0.92070
nist-docx-0005,2,53,1371,1488,0.92137
nist-docx-0005,2,54,1356,1562,0.86812
nist-docx-0005,2,55,1408,1564,0.90026
nist-docx-0005,2,56,1299,1521,0.85404
nist-docx-0005,2,57,1252,1599,0.78299
nist-docx-0005,2,58,1372,1533,0.89498
nist-docx-0005,2,59,1401,1487,0.94217
nist-docx-0005,2,60,1274,1546,0.82406
nist-docx-0005,2,61,1294,1507,0.85866
nist-docx-0005,2,62,1280,1516,0.84433
nist-docx-0005,2,63,1282,1537,0.83409
nist-docx-0005,2,64,1391,3138,0.44328
nist-docx-0005,2,65,1412,1529,0.92348
nist-docx-0005,2,66,1299,1585,0.81956
nist-docx-0005,2,67,1367,1598,0.85544
nist-docx-0005,2,68,1373,1493,0.91962
nist-docx-0005,2,69,1384,1648,0.83981
nist-docx-0005,2,70,1404,1751,0.80183
nist-docx-0005,2,71,1288,1644,0.78345
nist-docx-0005,2,72,1249,1596,0.78258
nist-docx-0005,2,73,1388,1560,0.88974
nist-docx-0005,2,74,1303,1503,0.86693
nist-docx-0005,2,75,1335,1665,0.80180
nist-docx-0005,2,76,1442,1520,0.94868
nist-docx-0005,2,77,1368,1543,0.88658
nist-docx-0005,2,78,1518,1540,0.98571
nist-docx-0005,2,79,1339,1595,0.83950
nist-docx-0005,2,80,1359,1540,0.88247
nist-docx-0005,2,81,1307,1527,0.85593
nist-docx-0005,2,82,1591,1631,0.97548
nist-docx-0005,2,83,1516,1636,0.92665
nist-docx-0005,2,84,1598,1615,0.98947
nist-docx-0005,2,85,1466,1647,0.89010
nist-docx-0005,2,86,1433,1544,0.92811
nist-docx-0005,2,87,1294,1750,0.73943
nist-docx-0005,2,88,1321,1505,0.87774
nist-docx-0005,2,89,1263,1469,0.85977
nist-docx-0005,2,90,1503,2053,0.73210
nist-docx-0005,2,91,1347,1541,0.87411
nist-docx-0005,2,92,1453,1520,0.95592
nist-docx-0005,2,93,1358,1600,0.84875
nist-docx-0005,2,94,1359,1589,0.85525
nist-docx-0005,2,95,1329,1575,0.84381
nist-docx-0005,2,96,1416,1518,0.93281
nist-docx-0005,2,97,1317,1565,0.84153
nist-docx-0005,2,98,1347,1482,0.90891
nist-docx-0005,2,99,1347,1609,0.83717
nist-docx-0005,2,100,1448,1610,0.89938
nist-docx-0008,2,1,1099,1443,0.76161
nist-docx-0008,2,2,1040,1461,0.71184
nist-docx-0008,2,3,1027,1592,0.64510
nist-docx-0008,2,4,1086,1540,0.70519
nist-docx-0008,2,5,1095,1884,0.58121
nist-docx-0008,2,6,1075,1453,0.73985
nist-docx-0008,2,7,1121,1483,0.75590
nist-docx-0008,2,8,1190,1637,0.72694
nist-docx-0008,2,9,1080,1522,0.70959
nist-docx-0008,2,10,1068,1473,0.72505
nist-docx-0008,2,11,1122,1429,0.78516
nist-docx-0008,2,12,1222,1464,0.83470
nist-docx-0008,2,13,1045,1462,0.71477
nist-docx-0008,2,14,1084,1386,0.78211
nist-docx-0008,2,15,1121,1472,0.76155
nist-docx-0008,2,16,1089,1382,0.78799
nist-docx-0008,2,17,1097,1392,0.78807
nist-docx-0008,2,18,1044,1960,0.53265
nist-docx-0008,2,19,1046,1460,0.71644
nist-docx-0008,2,20,1036,1362,0.76065
nist-docx-0008,2,21,1024,1501,0.68221
nist-docx-0008,2,22,1090,1425,0.76491
nist-docx-0008,2,23,1078,1450,0.74345
nist-docx-0008,2,24,1209,1372,0.88120
nist-docx-0008,2,25,1088,1449,0.75086
nist-docx-0008,2,26,1007,1485,0.67811
nist-docx-0008,2,27,1081,1421,0.76073
nist-docx-0008,2,28,1084,1480,0.73243
nist-docx-0008,2,29,1104,1393,0.79253
nist-docx-0008,2,30,1049,1446,0.72545
nist-docx-0008,2,31,1115,1450,0.76897
nist-docx-0008,2,32,1043,1418,0.73554
nist-docx-0008,2,33,1079,2139,0.50444
nist-docx-0008,2,34,1100,1431,0.76869
nist-docx-0008,2,35,1050,1548,0.67829
nist-docx-0008,2,36,1251,1466,0.85334
nist-docx-0008,2,37,1076,1645,0.65410
nist-docx-0008,2,38,1145,1640,0.69817
nist-docx-0008,2,39,1091,1374,0.79403
nist-docx-0008,2,40,1142,1445,0.79031
nist-docx-0008,2,41,1132,1376,0.82267
nist-docx-0008,2,42,1108,1470,0.75374
nist-docx-0008,2,43,1056,1440,0.73333
nist-docx-0008,2,44,1184,1449,0.81712
nist-docx-0008,2,45,1091,1492,0.73123
nist-docx-0008,2,46,1243,1457,0.85312
nist-docx-0008,2,47,1179,1601,0.73641
nist-docx-0008,2,48,1097,1621,0.67674
nist-docx-0008,2,49,1120,1503,0.74518
nist-docx-0008,2,50,1460,1492,0.97855
nist-docx-0008,2,51,1008,1392,0.72414
nist-docx-0008,2,52,1074,1390,0.77266
nist-docx-0008,2,53,1067,1463,0.72932
nist-docx-0008,2,54,1084,1523,0.71175
nist-docx-0008,2,55,1059,1375,0.77018
nist-docx-0008,2,56,1078,1589,0.67841
nist-docx-0008,2,57,1110,1421,0.78114
nist-docx-0008,2,58,1049,1383,0.75850
nist-docx-0008,2,59,1086,1414,0.76803
nist-docx-0008,2,60,1128,1469,0.76787
nist-docx-0008,2,61,1101,1383,0.79610
nist-docx-0008,2,62,1146,1416,0.80932
nist-docx-0008,2,63,1114,1395,0.79857
nist-docx-0008,2,64,1070,1471,0.72740
nist-docx-0008,2,65,1016,1424,0.71348
nist-docx-0008,2,66,1112,1406,0.79090
nist-docx-0008,2,67,1060,1460,0.72603
nist-docx-0008,2,68,1080,1363,0.79237
nist-docx-0008,2,69,1126,1453,0.77495
nist-docx-0008,2,70,1063,1388,0.76585
nist-docx-0008,2,71,1071,1398,0.76609
nist-docx-0008,2,72,1165,1423,0.81869
nist-docx-0008,2,73,1205,1523,0.79120
nist-docx-0008,2,74,1114,1390,0.80144
nist-docx-0008,2,75,1121,1487,0.75387
nist-docx-0008,2,76,1085,1437,0.75505
nist-docx-0008,2,77,1138,1435,0.79303
nist-docx-0008,2,78,1124,1405,0.80000
nist-docx-0008,2,79,1108,1567,0.70708
nist-docx-0008,2,80,1099,1395,0.78781
nist-docx-0008,2,81,1134,1748,0.64874
nist-docx-0008,2,82,1308,1500,0.87200
nist-docx-0008,2,83,1332,1537,0.86662
nist-docx-0008,2,84,1123,1394,0.80560
nist-docx-0008,2,85,1125,1411,0.79731
nist-docx-0008,2,86,1128,1425,0.79158
nist-docx-0008,2,87,1063,1484,0.71631
nist-docx-0008,2,88,1073,1439,0.74566
nist-docx-0008,2,89,1069,1400,0.76357
nist-docx-0008,2,90,1306,1512,0.86376
nist-docx-0008,2,91,1097,1434,0.76499
nist-docx-0008,2,92,1103,1446,0.76279
nist-docx-0008,2,93,1144,1433,0.79833
nist-docx-0008,2,94,1131,1568,0.72130
nist-docx-0008,2,95,1069,1420,0.75282
nist-docx-0008,2,96,1071,1475,0.72610
nist-docx-0008,2,97,1190,1606,0.74097
nist-docx-0008,2,98,1101,1486,0.74092
nist-docx-0008,2,99,1161,1430,0.81189
nist-docx-0008,2,100,1076,1888,0.56992
nist-docx-0009,2,1,1863,1561,1.19347
nist-docx-0009,2,2,1799,1519,1.18433
nist-docx-0009,2,3,1844,1556,1.18509
nist-docx-0009,2,4,1759,1517,1.15953
nist-docx-0009,2,5,1688,1799,0.93830
nist-docx-0009,2,6,1892,1696,1.11557
nist-docx-0009,2,7,1708,1610,1.06087
nist-docx-0009,2,8,1828,1573,1.16211
nist-docx-0009,2,9,2005,1584,1.26578
nist-docx-0009,2,10,1814,1608,1.12811
nist-docx-0009,2,11,1886,1673,1.12732
nist-docx-0009,2,12,1805,1563,1.15483
nist-docx-0009,2,13,1730,1685,1.02671
nist-docx-0009,2,14,1893,1566,1.20881
nist-docx-0009,2,15,1767,1611,1.09683
nist-docx-0009,2,16,1881,1592,1.18153
nist-docx-0009,2,17,1782,1594,1.11794
nist-docx-0009,2,18,1742,1660,1.04940
nist-docx-0009,2,19,1801,1740,1.03506
nist-docx-0009,2,20,1843,1700,1.08412
nist-docx-0009,2,21,1833,1636,1.12042
nist-docx-0009,2,22,2221,1738,1.27791
nist-docx-0009,2,23,1837,1588,1.15680
nist-docx-0009,2,24,2073,1585,1.30789
nist-docx-0009,2,25,1782,1568,1.13648
nist-docx-0009,2,26,1822,1680,1.08452
nist-docx-0009,2,27,1854,1636,1.13325
nist-docx-0009,2,28,1791,1678,1.06734
nist-docx-0009,2,29,1755,1710,1.02632
nist-docx-0009,2,30,1744,1554,1.12227
nist-docx-0009,2,31,1798,1545,1.16375
nist-docx-0009,2,32,1847,1520,1.21513
nist-docx-0009,2,33,1887,1637,1.15272
nist-docx-0009,2,34,1780,1514,1.17569
nist-docx-0009,2,35,1858,1760,1.05568
nist-docx-0009,2,36,1893,1545,1.22524
nist-docx-0009,2,37,1922,1645,1.16839
nist-docx-0009,2,38,1961,1997,0.98197
nist-docx-0009,2,39,2212,1636,1.35208
nist-docx-0009,2,40,1840,1652,1.11380
nist-docx-0009,2,41,1936,1578,1.22687
nist-docx-0009,2,42,1706,1567,1.08870
nist-docx-0009,2,43,1744,1571,1.11012
nist-docx-0009,2,44,1918,1761,1.08915
nist-docx-0009,2,45,1803,1684,1.07067
nist-docx-0009,2,46,1845,1684,1.09561
nist-docx-0009,2,47,1781,1569,1.13512
nist-docx-0009,2,48,3015,1596,1.88910
nist-docx-0009,2,49,2300,1786,1.28779
nist-docx-0009,2,50,1834,1591,1.15273
nist-docx-0009,2,51,1747,1560,1.11987
nist-docx-0009,2,52,1792,1678,1.06794
nist-docx-0009,2,53,1756,1657,1.05975
nist-docx-0009,2,54,1858,1585,1.17224
nist-docx-0009,2,55,1915,1583,1.20973
nist-docx-0009,2,56,1797,1601,1.12242
nist-docx-0009,2,57,1886,1571,1.20051
nist-docx-0009,2,58,1827,1488,1.22782
nist-docx-0009,2,59,1806,1648,1.09587
nist-docx-0009,2,60,1664,1684,0.98812
nist-docx-0009,2,61,1845,1560,1.18269
nist-docx-0009,2,62,1888,1625,1.16185
nist-docx-0009,2,63,1806,1634,1.10526
nist-docx-0009,2,64,1780,1609,1.10628
nist-docx-0009,2,65,1846,1651,1.11811
nist-docx-0009,2,66,1852,1555,1.19100
nist-docx-0009,2,67,1759,1834,0.95911
nist-docx-0009,2,68,1878,1643,1.14303
nist-docx-0009,2,69,1840,1583,1.16235
nist-docx-0009,2,70,2007,1745,1.15014
nist-docx-0009,2,71,1845,1628,1.13329
nist-docx-0009,2,72,1820,1555,1.17042
nist-docx-0009,2,73,1867,1640,1.13841
nist-docx-0009,2,74,1840,1585,1.16088
nist-docx-0009,2,75,1744,1574,1.10801
nist-docx-0009,2,76,1997,1717,1.16308
nist-docx-0009,2,77,4323,1618,2.67182
nist-docx-0009,2,78,1762,1621,1.08698
nist-docx-0009,2,79,1896,1609,1.17837
nist-docx-0009,2,80,1742,1578,1.10393
nist-docx-0009,2,81,1795,1809,0.99226
nist-docx-0009,2,82,1824,1683,1.08378
nist-docx-0009,2,83,1773,1514,1.17107
nist-docx-0009,2,84,1924,1831,1.05079
nist-docx-0009,2,85,1866,1707,1.09315
nist-docx-0009,2,86,1911,1626,1.17528
nist-docx-0009,2,87,1967,1702,1.15570
nist-docx-0009,2,88,1857,1747,1.06297
nist-docx-0009,2,89,1899,1740,1.09138
nist-docx-0009,2,90,1786,1619,1.10315
nist-docx-0009,2,91,1781,1625,1.09600
nist-docx-0009,2,92,2008,1757,1.14286
nist-docx-0009,2,93,1941,1656,1.17210
nist-docx-0009,2,94,1783,1627,1.09588
nist-docx-0009,2,95,1818,1586,1.14628
nist-docx-0009,2,96,1903,1628,1.16892
nist-docx-0009,2,97,1846,1694,1.08973
nist-docx-0009,2,98,1847,1613,1.14507
nist-docx-0009,2,99,1696,1641,1.03352
nist-docx-0009,2,100,1807,1665,1.08529
nist-docx-0014,2,1,3795,2515,1.50895
nist-docx-0014,2,2,3640,2262,1.60920
nist-docx-0014,2,3,3519,2220,1.58514
nist-docx-0014,2,4,3775,2258,1.67183
nist-docx-0014,2,5,3591,2240,1.60312
nist-docx-0014,2,6,3601,2322,1.55082
nist-docx-0014,2,7,3659,2328,1.57174
nist-docx-0014,2,8,3712,2320,1.60000
nist-docx-0014,2,9,3635,2370,1.53376
nist-docx-0014,2,10,3757,2181,1.72260
nist-docx-0014,2,11,3597,2314,1.55445
nist-docx-0014,2,12,3847,2123,1.81206
nist-docx-0014,2,13,3714,2401,1.54686
nist-docx-0014,2,14,3617,2150,1.68233
nist-docx-0014,2,15,3750,2281,1.64402
nist-docx-0014,2,16,3552,2130,1.66761
nist-docx-0014,2,17,3792,2438,1.55537
nist-docx-0014,2,18,3569,2229,1.60117
nist-docx-0014,2,19,3573,2263,1.57888
nist-docx-0014,2,20,3532,2216,1.59386
nist-docx-0014,2,21,3792,2522,1.50357
nist-docx-0014,2,22,3591,2092,1.71654
nist-docx-0014,2,23,3578,2280,1.56930
nist-docx-0014,2,24,3780,2629,1.43781
nist-docx-0014,2,25,4140,2194,1.88696
nist-docx-0014,2,26,3676,2355,1.56093
nist-docx-0014,2,27,3804,2426,1.56801
nist-docx-0014,2,28,3831,2296,1.66855
nist-docx-0014,2,29,3813,2404,1.58611
nist-docx-0014,2,30,4050,2191,1.84847
nist-docx-0014,2,31,3969,2211,1.79512
nist-docx-0014,2,32,3997,2059,1.94123
nist-docx-0014,2,33,3706,2061,1.79816
nist-docx-0014,2,34,3961,2074,1.90984
nist-docx-0014,2,35,3712,2296,1.61672
nist-docx-0014,2,36,3766,2233,1.68652
nist-docx-0014,2,37,3786,2134,1.77413
nist-docx-0014,2,38,4242,2212,1.91772
nist-docx-0014,2,39,3822,2117,1.80538
nist-docx-0014,2,40,3831,2345,1.63369
nist-docx-0014,2,41,3768,2438,1.54553
nist-docx-0014,2,42,3926,2068,1.89845
nist-docx-0014,2,43,3813,2481,1.53688
nist-docx-0014,2,44,3858,2231,1.72927
nist-docx-0014,2,45,3750,2370,1.58228
nist-docx-0014,2,46,3737,2270,1.64626
nist-docx-0014,2,47,3621,2232,1.62231
nist-docx-0014,2,48,3836,2589,1.48165
nist-docx-0014,2,49,3879,2212,1.75362
nist-docx-0014,2,50,4040,2390,1.69038
nist-docx-0014,2,51,3694,2290,1.61310
nist-docx-0014,2,52,3856,2242,1.71989
nist-docx-0014,2,53,3848,2426,1.58615
nist-docx-0014,2,54,3784,2341,1.61640
nist-docx-0014,2,55,3582,2375,1.50821
nist-docx-0014,2,56,4112,2118,1.94145
nist-docx-0014,2,57,4042,2407,1.67927
nist-docx-0014,2,58,3756,2378,1.57948
nist-docx-0014,2,59,3890,2638,1.47460
nist-docx-0014,2,60,3669,2180,1.68303
nist-docx-0014,2,61,3970,2302,1.72459
nist-docx-0014,2,62,4033,2172,1.85681
nist-docx-0014,2,63,4290,2526,1.69834
nist-docx-0014,2,64,3824,2408,1.58804
nist-docx-0014,2,65,3832,2137,1.79317
nist-docx-0014,2,66,4525,2099,2.15579
nist-docx-0014,2,67,3876,2130,1.81972
nist-docx-0014,2,68,3802,2288,1.66171
nist-docx-0014,2,69,3718,2306,1.61232
nist-docx-0014,2,70,3853,2295,1.67887
nist-docx-0014,2,71,3628,2351,1.54317
nist-docx-0014,2,72,3856,2398,1.60801
nist-docx-0014,2,73,3675,2198,1.67197
nist-docx-0014,2,74,3774,2363,1.59712
nist-docx-0014,2,75,4277,2100,2.03667
nist-docx-0014,2,76,3696,2282,1.61963
nist-docx-0014,2,77,3673,2050,1.79171
nist-docx-0014,2,78,3787,2251,1.68236
nist-docx-0014,2,79,3560,2398,1.48457
nist-docx-0014,2,80,3688,2454,1.50285
nist-docx-0014,2,81,3627,2346,1.54604
nist-docx-0014,2,82,3641,2346,1.55200
nist-docx-0014,2,83,3664,2207,1.66017
nist-docx-0014,2,84,3774,2248,1.67883
nist-docx-0014,2,85,3619,2372,1.52572
nist-docx-0014,2,86,3635,2151,1.68991
nist-docx-0014,2,87,3634,2519,1.44264
nist-docx-0014,2,88,3698,2361,1.56629
nist-docx-0014,2,89,3706,2295,1.61481
nist-docx-0014,2,90,3822,2469,1.54800
nist-docx-0014,2,91,3612,2228,1.62118
nist-docx-0014,2,92,3651,2240,1.62991
nist-docx-0014,2,93,3753,2315,1.62117
nist-docx-0014,2,94,4268,2258,1.89017
nist-docx-0014,2,95,3835,2194,1.74795
nist-docx-0014,2,96,3616,2168,1.66790
nist-docx-0014,2,97,4252,2187,1.94422
nist-docx-0014,2,98,3600,2356,1.52801
nist-docx-0014,2,99,3887,2242,1.73372
nist-docx-0014,2,100,3748,2102,1.78306
nist-epub-0003,2,1,3016,1858,1.62325
nist-epub-0003,2,2,3033,1790,1.69441
nist-epub-0003,2,3,2916,1768,1.64932
nist-epub-0003,2,4,2926,1863,1.57059
nist-epub-0003,2,5,2997,1809,1.65672
nist-epub-0003,2,6,3041,1859,1.63583
nist-epub-0003,2,7,3072,2899,1.05968
nist-epub-0003,2,8,3094,1842,1.67970
nist-epub-0003,2,9,2996,1828,1.63895
nist-epub-0003,2,10,3021,1936,1.56043
nist-epub-0003,2,11,2968,1876,1.58209
nist-epub-0003,2,12,2912,1752,1.66210
nist-epub-0003,2,13,3092,1981,1.56083
nist-epub-0003,2,14,2985,1734,1.72145
nist-epub-0003,2,15,2990,2025,1.47654
nist-epub-0003,2,16,3011,1825,1.64986
nist-epub-0003,2,17,2889,1888,1.53019
nist-epub-0003,2,18,2991,1939,1.54255
nist-epub-0003,2,19,3113,2063,1.50897
nist-epub-0003,2,20,3037,2024,1.50049
nist-epub-0003,2,21,3016,1879,1.60511
nist-epub-0003,2,22,2972,1916,1.55115
nist-epub-0003,2,23,3074,1868,1.64561
nist-epub-0003,2,24,2940,1916,1.53445
nist-epub-0003,2,25,2954,1800,1.64111
nist-epub-0003,2,26,3245,1852,1.75216
nist-epub-0003,2,27,2910,1737,1.67530
nist-epub-0003,2,28,3060,1820,1.68132
nist-epub-0003,2,29,3107,1749,1.77644
nist-epub-0003,2,30,3024,1757,1.72112
nist-epub-0003,2,31,3112,1859,1.67402
nist-epub-0003,2,32,3028,1878,1.61235
nist-epub-0003,2,33,3359,1810,1.85580
nist-epub-0003,2,34,3028,1997,1.51627
nist-epub-0003,2,35,3024,1943,1.55636
nist-epub-0003,2,36,3834,1807,2.12175
nist-epub-0003,2,37,3042,1913,1.59017
nist-epub-0003,2,38,3041,1761,1.72686
nist-epub-0003,2,39,2999,2071,1.44809
nist-epub-0003,2,40,2837,1739,1.63140
nist-epub-0003,2,41,2977,2000,1.48850
nist-epub-0003,2,42,3127,2055,1.52165
nist-epub-0003,2,43,3026,1997,1.51527
nist-epub-0003,2,44,3129,2019,1.54978
nist-epub-0003,2,45,3043,1754,1.73489
nist-epub-0003,2,46,3052,1818,1.67877
nist-epub-0003,2,47,2946,1774,1.66065
nist-epub-0003,2,48,2988,1888,1.58263
nist-epub-0003,2,49,2994,1797,1.66611
nist-epub-0003,2,50,3095,1745,1.77364
nist-epub-0003,2,51,3020,1839,1.64220
nist-epub-0003,2,52,3098,1840,1.68370
nist-epub-0003,2,53,3048,1857,1.64136
nist-epub-0003,2,54,3003,1919,1.56488
nist-epub-0003,2,55,3011,1826,1.64896
nist-epub-0003,2,56,2899,1783,1.62591
nist-epub-0003,2,57,3041,1864,1.63144
nist-epub-0003,2,58,2952,1751,1.68589
nist-epub-0003,2,59,3049,1797,1.69672
nist-epub-0003,2,60,2930,1908,1.53564
nist-epub-0003,2,61,2867,2179,1.31574
nist-epub-0003,2,62,2947,1847,1.59556
nist-epub-0003,2,63,2967,1785,1.66218
nist-epub-0003,2,64,3006,1856,1.61961
nist-epub-0003,2,65,2982,1830,1.62951
nist-epub-0003,2,66,3002,2144,1.40019
nist-epub-0003,2,67,2836,1752,1.61872
nist-epub-0003,2,68,3163,2108,1.50047
nist-epub-0003,2,69,3049,1836,1.66068
nist-epub-0003,2,70,3089,1914,1.61390
nist-epub-0003,2,71,3212,1998,1.60761
nist-epub-0003,2,72,3142,1771,1.77414
nist-epub-0003,2,73,3101,1914,1.62017
nist-epub-0003,2,74,3100,1856,1.67026
nist-epub-0003,2,75,3078,1940,1.58660
nist-epub-0003,2,76,3028,1745,1.73524
nist-epub-0003,2,77,2992,1787,1.67431
nist-epub-0003,2,78,2982,1815,1.64298
nist-epub-0003,2,79,3099,1969,1.57390
nist-epub-0003,2,80,3025,1799,1.68149
nist-epub-0003,2,81,2930,1913,1.53163
nist-epub-0003,2,82,2899,1753,1.65374
nist-epub-0003,2,83,2927,1934,1.51344
nist-epub-0003,2,84,3013,1848,1.63041
nist-epub-0003,2,85,2976,1971,1.50989
nist-epub-0003,2,86,2969,1803,1.64670
nist-epub-0003,2,87,2923,1889,1.54738
nist-epub-0003,2,88,2966,1726,1.71842
nist-epub-0003,2,89,3132,1770,1.76949
nist-epub-0003,2,90,2978,1866,1.59593
nist-epub-0003,2,91,2935,1790,1.63966
nist-epub-0003,2,92,3007,1838,1.63602
nist-epub-0003,2,93,3043,1867,1.62989
nist-epub-0003,2,94,3234,1759,1.83854
nist-epub-0003,2,95,3542,1731,2.04622
nist-epub-0003,2,96,3141,1797,1.74791
nist-epub-0003,2,97,3101,1801,1.72182
nist-epub-0003,2,98,2976,1792,1.66071
nist-epub-0003,2,99,3071,1956,1.57004
nist-epub-0003,2,100,3251,1757,1.85031
nist-epub-0006,2,1,2455,1532,1.60248
nist-epub-0006,2,2,2460,1537,1.60052
nist-epub-0006,2,3,2446,1502,1.62850
nist-epub-0006,2,4,2471,1581,1.56293
nist-epub-0006,2,5,2565,1580,1.62342
nist-epub-0006,2,6,2468,1600,1.54250
nist-epub-0006,2,7,2468,1672,1.47608
nist-epub-0006,2,8,2328,1576,1.47716
nist-epub-0006,2,9,2420,1914,1.26437
nist-epub-0006,2,10,2444,1561,1.56566
nist-epub-0006,2,11,2552,1573,1.62238
nist-epub-0006,2,12,2416,1633,1.47949
nist-epub-0006,2,13,2353,1522,1.54599
nist-epub-0006,2,14,2542,1535,1.65603
nist-epub-0006,2,15,2511,1600,1.56937
nist-epub-0006,2,16,2463,1494,1.64859
nist-epub-0006,2,17,2534,1688,1.50118
nist-epub-0006,2,18,2330,1515,1.53795
nist-epub-0006,2,19,2440,1669,1.46195
nist-epub-0006,2,20,2458,1542,1.59403
nist-epub-0006,2,21,2419,1547,1.56367
nist-epub-0006,2,22,2435,1555,1.56592
nist-epub-0006,2,23,2438,1527,1.59659
nist-epub-0006,2,24,2526,1628,1.55160
nist-epub-0006,2,25,2385,1575,1.51429
nist-epub-0006,2,26,2468,1603,1.53961
nist-epub-0006,2,27,2720,1649,1.64948
nist-epub-0006,2,28,2449,1525,1.60590
nist-epub-0006,2,29,2367,1678,1.41061
nist-epub-0006,2,30,2444,1567,1.55967
nist-epub-0006,2,31,2433,1532,1.58812
nist-epub-0006,2,32,2462,1664,1.47957
nist-epub-0006,2,33,2380,1634,1.45655
nist-epub-0006,2,34,2486,1618,1.53646
nist-epub-0006,2,35,2482,1532,1.62010
nist-epub-0006,2,36,2359,1578,1.49493
nist-epub-0006,2,37,2627,1562,1.68182
nist-epub-0006,2,38,2391,1504,1.58976
nist-epub-0006,2,39,2336,1570,1.48790
nist-epub-0006,2,40,2295,1479,1.55172
nist-epub-0006,2,41,2375,1625,1.46154
nist-epub-0006,2,42,2343,1595,1.46897
nist-epub-0006,2,43,2332,1554,1.50064
nist-epub-0006,2,44,2504,1571,1.59389
nist-epub-0006,2,45,2544,1619,1.57134
nist-epub-0006,2,46,2427,1489,1.62995
nist-epub-0006,2,47,2381,1509,1.57787
nist-epub-0006,2,48,2350,1482,1.58570
nist-epub-0006,2,49,2552,1496,1.70588
nist-epub-0006,2,50,2363,1599,1.47780
nist-epub-0006,2,51,2381,1512,1.57474
nist-epub-0006,2,52,2413,1861,1.29661
nist-epub-0006,2,53,2429,1537,1.58035
nist-epub-0006,2,54,2579,1568,1.64477
nist-epub-0006,2,55,2525,1506,1.67663
nist-epub-0006,2,56,2359,1572,1.50064
nist-epub-0006,2,57,2318,1542,1.50324
nist-epub-0006,2,58,2355,1546,1.52329
nist-epub-0006,2,59,2353,1795,1.31086
nist-epub-0006,2,60,2460,1601,1.53654
nist-epub-0006,2,61,2346,1639,1.43136
nist-epub-0006,2,62,2504,1637,1.52963
nist-epub-0006,2,63,2385,1564,1.52494
nist-epub-0006,2,64,2421,1579,1.53325
nist-epub-0006,2,65,2486,1566,1.58748
nist-epub-0006,2,66,2394,1568,1.52679
nist-epub-0006,2,67,2394,1528,1.56675
nist-epub-0006,2,68,2364,1606,1.47198
nist-epub-0006,2,69,2337,1788,1.30705
nist-epub-0006,2,70,2441,1557,1.56776
nist-epub-0006,2,71,2447,1580,1.54873
nist-epub-0006,2,72,2372,1614,1.46964
nist-epub-0006,2,73,2344,1506,1.55644
nist-epub-0006,2,74,2312,1522,1.51905
nist-epub-0006,2,75,2487,1614,1.54089
nist-epub-0006,2,76,2338,1479,1.58080
nist-epub-0006,2,77,2379,1600,1.48687
nist-epub-0006,2,78,2379,1518,1.56719
nist-epub-0006,2,79,2367,1555,1.52219
nist-epub-0006,2,80,2425,1698,1.42815
nist-epub-0006,2,81,2456,1521,1.61473
nist-epub-0006,2,82,2573,1564,1.64514
nist-epub-0006,2,83,2488,1708,1.45667
nist-epub-0006,2,84,2530,1552,1.63015
nist-epub-0006,2,85,2420,1564,1.54731
nist-epub-0006,2,86,2361,1515,1.55842
nist-epub-0006,2,87,2444,1582,1.54488
nist-epub-0006,2,88,2383,1532,1.55548
nist-epub-0006,2,89,2397,1619,1.48054
nist-epub-0006,2,90,2381,1640,1.45183
nist-epub-0006,2,91,4832,1488,3.24731
nist-epub-0006,2,92,2454,2115,1.16028
nist-epub-0006,2,93,2307,1614,1.42937
nist-epub-0006,2,94,2389,1535,1.55635
nist-epub-0006,2,95,2654,1536,1.72786
nist-epub-0006,2,96,2378,1552,1.53222
nist-epub-0006,2,97,2477,1581,1.56673
nist-epub-0006,2,98,2378,1558,1.52632
nist-epub-0006,2,99,2343,1554,1.50772
nist-epub-0006,2,100,2411,1560,1.54551
nist-epub-0008,2,1,1631,1480,1.10203
nist-epub-0008,2,2,1613,1362,1.18429
nist-epub-0008,2,3,1610,1514,1.06341
nist-epub-0008,2,4,1625,1438,1.13004
nist-epub-0008,2,5,1608,1469,1.09462
nist-epub-0008,2,6,1756,1418,1.23836
nist-epub-0008,2,7,1529,1399,1.09292
nist-epub-0008,2,8,1556,1659,0.93791
nist-epub-0008,2,9,1555,1434,1.08438
nist-epub-0008,2,10,1609,1433,1.12282
nist-epub-0008,2,11,1604,1566,1.02427
nist-epub-0008,2,12,1727,1425,1.21193
nist-epub-0008,2,13,1505,1383,1.08821
nist-epub-0008,2,14,1610,1464,1.09973
nist-epub-0008,2,15,1531,1437,1.06541
nist-epub-0008,2,16,1696,1498,1.13218
nist-epub-0008,2,17,1629,1501,1.08528
nist-epub-0008,2,18,1571,1373,1.14421
nist-epub-0008,2,19,1509,1409,1.07097
nist-epub-0008,2,20,1587,1422,1.11603
nist-epub-0008,2,21,1488,1436,1.03621
nist-epub-0008,2,22,1830,1475,1.24068
nist-epub-0008,2,23,1510,1525,0.99016
nist-epub-0008,2,24,1563,1483,1.05394
nist-epub-0008,2,25,1542,1472,1.04755
nist-epub-0008,2,26,1549,1443,1.07346
nist-epub-0008,2,27,1567,1396,1.12249
nist-epub-0008,2,28,1572,1381,1.13831
nist-epub-0008,2,29,1537,1417,1.08469
nist-epub-0008,2,30,1611,1421,1.13371
nist-epub-0008,2,31,1555,1401,1.10992
nist-epub-0008,2,32,1567,1423,1.10119
nist-epub-0008,2,33,1516,1399,1.08363
nist-epub-0008,2,34,1703,1849,0.92104
nist-epub-0008,2,35,1549,1524,1.01640
nist-epub-0008,2,36,1514,1457,1.03912
nist-epub-0008,2,37,1503,1425,1.05474
nist-epub-0008,2,38,1557,1576,0.98794
nist-epub-0008,2,39,1517,1471,1.03127
nist-epub-0008,2,40,1625,1499,1.08406
nist-epub-0008,2,41,1644,1573,1.04514
nist-epub-0008,2,42,1606,1477,1.08734
nist-epub-0008,2,43,1777,1621,1.09624
nist-epub-0008,2,44,1506,1460,1.03151
nist-epub-0008,2,45,1597,1430,1.11678
nist-epub-0008,2,46,1628,1445,1.12664
nist-epub-0008,2,47,1525,1558,0.97882
nist-epub-0008,2,48,1573,1468,1.07153
nist-epub-0008,2,49,1586,1493,1.06229
nist-epub-0008,2,50,1645,1466,1.12210
nist-epub-0008,2,51,1610,1422,1.13221
nist-epub-0008,2,52,1593,1471,1.08294
nist-epub-0008,2,53,1522,1470,1.03537
nist-epub-0008,2,54,1656,1424,1.16292
nist-epub-0008,2,55,1638,1484,1.10377
nist-epub-0008,2,56,1538,1414,1.08769
nist-epub-0008,2,57,1547,1532,1.00979
nist-epub-0008,2,58,1573,1477,1.06500
nist-epub-0008,2,59,1513,1417,1.06775
nist-epub-0008,2,60,1678,1508,1.11273
nist-epub-0008,2,61,1573,1525,1.03148
nist-epub-0008,2,62,1527,1587,0.96219
nist-epub-0008,2,63,1570,1603,0.97941
nist-epub-0008,2,64,1568,1584,0.98990
nist-epub-0008,2,65,1525,1384,1.10188
nist-epub-0008,2,66,1556,1578,0.98606
nist-epub-0008,2,67,1629,1457,1.11805
nist-epub-0008,2,68,1546,1490,1.03758
nist-epub-0008,2,69,1603,1468,1.09196
nist-epub-0008,2,70,1628,1440,1.13056
nist-epub-0008,2,71,1517,1370,1.10730
nist-epub-0008,2,72,1606,1398,1.14878
nist-epub-0008,2,73,1570,1466,1.07094
nist-epub-0008,2,74,1503,1412,1.06445
nist-epub-0008,2,75,1495,1430,1.04545
nist-epub-0008,2,76,1528,1427,1.07078
nist-epub-0008,2,77,1537,1367,1.12436
nist-epub-0008,2,78,1592,1400,1.13714
nist-epub-0008,2,79,1522,1479,1.02907
nist-epub-0008,2,80,1527,1510,1.01126
nist-epub-0008,2,81,1619,1491,1.08585
nist-epub-0008,2,82,1532,1540,0.99481
nist-epub-0008,2,83,1536,1463,1.04990
nist-epub-0008,2,84,1617,1567,1.03191
nist-epub-0008,2,85,1564,1389,1.12599
nist-epub-0008,2,86,1549,1430,1.08322
nist-epub-0008,2,87,1614,1448,1.11464
nist-epub-0008,2,88,1584,1533,1.03327
nist-epub-0008,2,89,1527,1413,1.08068
nist-epub-0008,2,90,1520,1467,1.03613
nist-epub-0008,2,91,1537,1396,1.10100
nist-epub-0008,2,92,1544,1382,1.11722
nist-epub-0008,2,93,1586,1418,1.11848
nist-epub-0008,2,94,1658,1380,1.20145
nist-epub-0008,2,95,1488,1449,1.02692
nist-epub-0008,2,96,1664,1445,1.15156
nist-epub-0008,2,97,1574,1439,1.09382
nist-epub-0008,2,98,1496,1373,1.08958
nist-epub-0008,2,99,1607,1560,1.03013
nist-epub-0008,2,100,1550,1423,1.08925
nist-epub-0009,2,1,5695,2404,2.36897
nist-epub-0009,2,2,5762,2449,2.35280
nist-epub-0009,2,3,5863,2428,2.41474
nist-epub-0009,2,4,5805,2581,2.24913
nist-epub-0009,2,5,5810,2481,2.34180
nist-epub-0009,2,6,5763,2379,2.42245
nist-epub-0009,2,7,5682,2894,1.96337
nist-epub-0009,2,8,5652,2699,2.09411
nist-epub-0009,2,9,6035,2696,2.23850
nist-epub-0009,2,10,5833,2531,2.30462
nist-epub-0009,2,11,5904,2643,2.23383
nist-epub-0009,2,12,6037,2650,2.27811
nist-epub-0009,2,13,5736,2848,2.01404
nist-epub-0009,2,14,6089,2617,2.32671
nist-epub-0009,2,15,5835,2532,2.30450
nist-epub-0009,2,16,5736,2715,2.11271
nist-epub-0009,2,17,6059,2567,2.36034
nist-epub-0009,2,18,5654,2664,2.12237
nist-epub-0009,2,19,5638,2831,1.99152
nist-epub-0009,2,20,5830,2576,2.26320
nist-epub-0009,2,21,5788,2481,2.33293
nist-epub-0009,2,22,5770,2448,2.35703
nist-epub-0009,2,23,5810,2668,2.17766
nist-epub-0009,2,24,5678,2524,2.24960
nist-epub-0009,2,25,5609,2664,2.10548
nist-epub-0009,2,26,5798,2644,2.19289
nist-epub-0009,2,27,5910,2478,2.38499
nist-epub-0009,2,28,5780,2595,2.22736
nist-epub-0009,2,29,5859,2546,2.30126
nist-epub-0009,2,30,5996,3018,1.98675
nist-epub-0009,2,31,5582,2522,2.21332
nist-epub-0009,2,32,5875,2416,2.43171
nist-epub-0009,2,33,5971,2636,2.26517
nist-epub-0009,2,34,5921,2609,2.26945
nist-epub-0009,2,35,6276,2432,2.58059
nist-epub-0009,2,36,6051,2622,2.30778
nist-epub-0009,2,37,5761,3338,1.72588
nist-epub-0009,2,38,5656,2733,2.06952
nist-epub-0009,2,39,5707,2561,2.22843
nist-epub-0009,2,40,5888,3077,1.91355
nist-epub-0009,2,41,5677,2562,2.21585
nist-epub-0009,2,42,5874,2498,2.35148
nist-epub-0009,2,43,5980,2946,2.02987
nist-epub-0009,2,44,5942,2339,2.54040
nist-epub-0009,2,45,6003,2535,2.36805
nist-epub-0009,2,46,5850,2374,2.46420
nist-epub-0009,2,47,6005,2529,2.37446
nist-epub-0009,2,48,5765,2675,2.15514
nist-epub-0009,2,49,5821,2961,1.96589
nist-epub-0009,2,50,5670,2682,2.11409
nist-epub-0009,2,51,5842,2656,2.19955
nist-epub-0009,2,52,5869,2746,2.13729
nist-epub-0009,2,53,6393,2717,2.35296
nist-epub-0009,2,54,5861,2693,2.17638
nist-epub-0009,2,55,5644,2670,2.11386
nist-epub-0009,2,56,5822,2462,2.36474
nist-epub-0009,2,57,6217,2572,2.41719
nist-epub-0009,2,58,6092,2390,2.54895
nist-epub-0009,2,59,5630,2403,2.34290
nist-epub-0009,2,60,5971,2762,2.16184
nist-epub-0009,2,61,5701,2454,2.32315
nist-epub-0009,2,62,5835,2547,2.29093
nist-epub-0009,2,63,6017,2767,2.17456
nist-epub-0009,2,64,5916,2661,2.22322
nist-epub-0009,2,65,5929,2381,2.49013
nist-epub-0009,2,66,5628,2402,2.34305
nist-epub-0009,2,67,5868,2710,2.16531
nist-epub-0009,2,68,5956,2745,2.16976
nist-epub-0009,2,69,5721,2728,2.09714
nist-epub-0009,2,70,5798,2586,2.24207
nist-epub-0009,2,71,6007,2588,2.32110
nist-epub-0009,2,72,5968,2414,2.47225
nist-epub-0009,2,73,5846,2690,2.17323
nist-epub-0009,2,74,5756,2500,2.30240
nist-epub-0009,2,75,5880,2662,2.20887
nist-epub-0009,2,76,5910,2793,2.11600
nist-epub-0009,2,77,5929,2558,2.31783
nist-epub-0009,2,78,5845,2727,2.14338
nist-epub-0009,2,79,5633,2717,2.07324
nist-epub-0009,2,80,5677,2796,2.03040
nist-epub-0009,2,81,6040,2934,2.05862
nist-epub-0009,2,82,5885,2929,2.00922
nist-epub-0009,2,83,5793,2800,2.06893
nist-epub-0009,2,84,5748,2854,2.01402
nist-epub-0009,2,85,5702,2858,1.99510
nist-epub-0009,2,86,5935,2552,2.32563
nist-epub-0009,2,87,6172,2837,2.17554
nist-epub-0009,2,88,5832,2507,2.32629
nist-epub-0009,2,89,5926,2619,2.26270
nist-epub-0009,2,90,5653,2572,2.19790
nist-epub-0009,2,91,5624,2493,2.25592
nist-epub-0009,2,92,5861,2831,2.07029
nist-epub-0009,2,93,5950,2463,2.41575
nist-epub-0009,2,94,5903,2635,2.24023
nist-epub-0009,2,95,5910,2630,2.24715
nist-epub-0009,2,96,5782,2525,2.28990
nist-epub-0009,2,97,5892,2874,2.05010
nist-epub-0009,2,98,5964,2593,2.30004
nist-epub-0009,2,99,6000,2881,2.08261
nist-epub-0009,2,100,6039,2580,2.34070
nist-pdf-0002,2,1,1329,1384,0.96026
nist-pdf-0002,2,2,1382,1411,0.97945
nist-pdf-0002,2,3,1379,1323,1.04233
nist-pdf-0002,2,4,1351,1398,0.96638
nist-pdf-0002,2,5,1353,1427,0.94814
nist-pdf-0002,2,6,1294,1405,0.92100
nist-pdf-0002,2,7,1344,1353,0.99335
nist-pdf-0002,2,8,1347,1397,0.96421
nist-pdf-0002,2,9,1678,1404,1.19516
nist-pdf-0002,2,10,1445,1423,1.01546
nist-pdf-0002,2,11,1413,1404,1.00641
nist-pdf-0002,2,12,1377,1414,0.97383
nist-pdf-0002,2,13,1358,1396,0.97278
nist-pdf-0002,2,14,1375,1315,1.04563
nist-pdf-0002,2,15,1410,1322,1.06657
nist-pdf-0002,2,16,1408,1413,0.99646
nist-pdf-0002,2,17,1405,1372,1.02405
nist-pdf-0002,2,18,1369,1434,0.95467
nist-pdf-0002,2,19,1362,1374,0.99127
nist-pdf-0002,2,20,1327,1740,0.76264
nist-pdf-0002,2,21,1373,1384,0.99205
nist-pdf-0002,2,22,1306,1306,1.00000
nist-pdf-0002,2,23,1297,1400,0.92643
nist-pdf-0002,2,24,1485,1699,0.87404
nist-pdf-0002,2,25,1369,1393,0.98277
nist-pdf-0002,2,26,1351,1371,0.98541
nist-pdf-0002,2,27,1311,1326,0.98869
nist-pdf-0002,2,28,1380,1429,0.96571
nist-pdf-0002,2,29,1333,1364,0.97727
nist-pdf-0002,2,30,1344,1315,1.02205
nist-pdf-0002,2,31,1343,1415,0.94912
nist-pdf-0002,2,32,1369,1440,0.95069
nist-pdf-0002,2,33,1405,1355,1.03690
nist-pdf-0002,2,34,1395,1487,0.93813
nist-pdf-0002,2,35,1340,1802,0.74362
nist-pdf-0002,2,36,1393,1494,0.93240
nist-pdf-0002,2,37,1442,1474,0.97829
nist-pdf-0002,2,38,1374,1389,0.98920
nist-pdf-0002,2,39,1352,1443,0.93694
nist-pdf-0002,2,40,1332,1439,0.92564
nist-pdf-0002,2,41,1368,1412,0.96884
nist-pdf-0002,2,42,1455,1364,1.06672
nist-pdf-0002,2,43,1409,1401,1.00571
nist-pdf-0002,2,44,1307,1426,0.91655
nist-pdf-0002,2,45,1379,1352,1.01997
nist-pdf-0002,2,46,1393,1352,1.03033
nist-pdf-0002,2,47,1505,1513,0.99471
nist-pdf-0002,2,48,1365,1312,1.04040
nist-pdf-0002,2,49,1736,1370,1.26715
nist-pdf-0002,2,50,1383,1358,1.01841
nist-pdf-0002,2,51,1389,1448,0.95925
nist-pdf-0002,2,52,1551,1417,1.09457
nist-pdf-0002,2,53,1419,1419,1.00000
nist-pdf-0002,2,54,1396,1401,0.99643
nist-pdf-0002,2,55,1439,1411,1.01984
nist-pdf-0002,2,56,1472,1374,1.07132
nist-pdf-0002,2,57,1392,1374,1.01310
nist-pdf-0002,2,58,1363,1449,0.94065
nist-pdf-0002,2,59,1355,1442,0.93967
nist-pdf-0002,2,60,1347,1314,1.02511
nist-pdf-0002,2,61,1413,1343,1.05212
nist-pdf-0002,2,62,1377,1413,0.97452
nist-pdf-0002,2,63,1437,1343,1.06999
nist-pdf-0002,2,64,1349,1347,1.00148
nist-pdf-0002,2,65,1354,1448,0.93508
nist-pdf-0002,2,66,1380,1502,0.91877
nist-pdf-0002,2,67,1351,1437,0.94015
nist-pdf-0002,2,68,1388,1354,1.02511
nist-pdf-0002,2,69,1374,1473,0.93279
nist-pdf-0002,2,70,1370,1452,0.94353
nist-pdf-0002,2,71,1300,1373,0.94683
nist-pdf-0002,2,72,1329,1427,0.93132
nist-pdf-0002,2,73,1309,1316,0.99468
nist-pdf-0002,2,74,1395,1453,0.96008
nist-pdf-0002,2,75,1424,1389,1.02520
nist-pdf-0002,2,76,1360,1360,1.00000
nist-pdf-0002,2,77,1377,1431,0.96226
nist-pdf-0002,2,78,1450,1542,0.94034
nist-pdf-0002,2,79,1410,1432,0.98464
nist-pdf-0002,2,80,1433,1486,0.96433
nist-pdf-0002,2,81,1506,1663,0.90559
nist-pdf-0002,2,82,1386,1531,0.90529
nist-pdf-0002,2,83,1440,1399,1.02931
nist-pdf-0002,2,84,1392,1457,0.95539
nist-pdf-0002,2,85,1497,1345,1.11301
nist-pdf-0002,2,86,1354,1412,0.95892
nist-pdf-0002,2,87,1351,1356,0.99631
nist-pdf-0002,2,88,1367,1373,0.99563
nist-pdf-0002,2,89,1450,1464,0.99044
nist-pdf-0002,2,90,1411,1368,1.03143
nist-pdf-0002,2,91,1307,1476,0.88550
nist-pdf-0002,2,92,1469,1515,0.96964
nist-pdf-0002,2,93,1394,1443,0.96604
nist-pdf-0002,2,94,1331,1455,0.91478
nist-pdf-0002,2,95,1318,1336,0.98653
nist-pdf-0002,2,96,1442,1532,0.94125
nist-pdf-0002,2,97,1376,1391,0.98922
nist-pdf-0002,2,98,1370,1390,0.98561
nist-pdf-0002,2,99,1357,1374,0.98763
nist-pdf-0002,2,100,1388,1638,0.84737
nist-pdf-0004,2,1,3028,1936,1.56405
nist-pdf-0004,2,2,3078,1870,1.64599
nist-pdf-0004,2,3,2980,1975,1.50886
nist-pdf-0004,2,4,3679,1852,1.98650
nist-pdf-0004,2,5,3162,2078,1.52166
nist-pdf-0004,2,6,2904,1808,1.60619
nist-pdf-0004,2,7,2942,1799,1.63535
nist-pdf-0004,2,8,2973,1791,1.65997
nist-pdf-0004,2,9,2871,1918,1.49687
nist-pdf-0004,2,10,3557,1815,1.95978
nist-pdf-0004,2,11,3068,1969,1.55815
nist-pdf-0004,2,12,3032,1775,1.70817
nist-pdf-0004,2,13,3286,2053,1.60058
nist-pdf-0004,2,14,2988,1977,1.51138
nist-pdf-0004,2,15,3213,2199,1.46112
nist-pdf-0004,2,16,3021,1875,1.61120
nist-pdf-0004,2,17,2959,1894,1.56230
nist-pdf-0004,2,18,3224,2041,1.57962
nist-pdf-0004,2,19,3011,1908,1.57809
nist-pdf-0004,2,20,3410,1970,1.73096
nist-pdf-0004,2,21,3440,1855,1.85445
nist-pdf-0004,2,22,3027,1854,1.63269
nist-pdf-0004,2,23,3173,2081,1.52475
nist-pdf-0004,2,24,3011,1798,1.67464
nist-pdf-0004,2,25,2947,2291,1.28634
nist-pdf-0004,2,26,3076,2053,1.49830
nist-pdf-0004,2,27,2917,1877,1.55408
nist-pdf-0004,2,28,3070,2051,1.49683
nist-pdf-0004,2,29,2883,1899,1.51817
nist-pdf-0004,2,30,3019,2149,1.40484
nist-pdf-0004,2,31,3114,2001,1.55622
nist-pdf-0004,2,32,3036,1855,1.63666
nist-pdf-0004,2,33,3131,2084,1.50240
nist-pdf-0004,2,34,3018,2003,1.50674
nist-pdf-0004,2,35,3145,2032,1.54774
nist-pdf-0004,2,36,3014,1970,1.52995
nist-pdf-0004,2,37,3062,1993,1.53638
nist-pdf-0004,2,38,3034,2107,1.43996
nist-pdf-0004,2,39,3222,1946,1.65570
nist-pdf-0004,2,40,3125,2031,1.53865
nist-pdf-0004,2,41,2983,1971,1.51344
nist-pdf-0004,2,42,2963,2106,1.40693
nist-pdf-0004,2,43,3097,1980,1.56414
nist-pdf-0004,2,44,2913,1858,1.56781
nist-pdf-0004,2,45,3259,1983,1.64347
nist-pdf-0004,2,46,2953,1787,1.65249
nist-pdf-0004,2,47,3117,1931,1.61419
nist-pdf-0004,2,48,3014,1978,1.52376
nist-pdf-0004,2,49,2933,1852,1.58369
nist-pdf-0004,2,50,3117,2126,1.46613
nist-pdf-0004,2,51,3123,1885,1.65676
nist-pdf-0004,2,52,3108,1941,1.60124
nist-pdf-0004,2,53,3197,2100,1.52238
nist-pdf-0004,2,54,2958,1921,1.53982
nist-pdf-0004,2,55,3033,2056,1.47519
nist-pdf-0004,2,56,3138,1895,1.65594
nist-pdf-0004,2,57,2977,1878,1.58520
nist-pdf-0004,2,58,3084,1896,1.62658
nist-pdf-0004,2,59,3061,1784,1.71581
nist-pdf-0004,2,60,3129,1908,1.63994
nist-pdf-0004,2,61,2926,2027,1.44351
nist-pdf-0004,2,62,3276,1904,1.72059
nist-pdf-0004,2,63,3125,1969,1.58710
nist-pdf-0004,2,64,2946,1933,1.52406
nist-pdf-0004,2,65,3065,2182,1.40467
nist-pdf-0004,2,66,3067,1945,1.57686
nist-pdf-0004,2,67,3007,2109,1.42579
nist-pdf-0004,2,68,3118,2016,1.54663
nist-pdf-0004,2,69,2966,1876,1.58102
nist-pdf-0004,2,70,3118,1839,1.69549
nist-pdf-0004,2,71,2967,2008,1.47759
nist-pdf-0004,2,72,2957,1771,1.66968
nist-pdf-0004,2,73,3065,1910,1.60471
nist-pdf-0004,2,74,3075,1892,1.62526
nist-pdf-0004,2,75,3091,1953,1.58269
nist-pdf-0004,2,76,3092,2068,1.49516
nist-pdf-0004,2,77,2911,1909,1.52488
nist-pdf-0004,2,78,3039,1964,1.54735
nist-pdf-0004,2,79,2984,1879,1.58808
nist-pdf-0004,2,80,3243,1870,1.73422
nist-pdf-0004,2,81,3159,2024,1.56077
nist-pdf-0004,2,82,3049,1806,1.68826
nist-pdf-0004,2,83,3019,1958,1.54188
nist-pdf-0004,2,84,2977,1899,1.56767
nist-pdf-0004,2,85,3219,1878,1.71406
nist-pdf-0004,2,86,3011,1899,1.58557
nist-pdf-0004,2,87,2988,1909,1.56522
nist-pdf-0004,2,88,3086,2041,1.51200
nist-pdf-0004,2,89,2991,1872,1.59776
nist-pdf-0004,2,90,3172,1973,1.60770
nist-pdf-0004,2,91,2917,2068,1.41054
nist-pdf-0004,2,92,3374,1898,1.77766
nist-pdf-0004,2,93,3037,2062,1.47284
nist-pdf-0004,2,94,2902,1811,1.60243
nist-pdf-0004,2,95,3120,1948,1.60164
nist-pdf-0004,2,96,3010,1931,1.55878
nist-pdf-0004,2,97,3009,1937,1.55343
nist-pdf-0004,2,98,2996,1967,1.52313
nist-pdf-0004,2,99,2986,1917,1.55764
nist-pdf-0004,2,100,3012,1877,1.60469
nist-pdf-0016,2,1,1437,1390,1.03381
nist-pdf-0016,2,2,1422,1504,0.94548
nist-pdf-0016,2,3,1454,1403,1.03635
nist-pdf-0016,2,4,1591,1350,1.17852
nist-pdf-0016,2,5,1420,1352,1.05030
nist-pdf-0016,2,6,1487,1476,1.00745
nist-pdf-0016,2,7,1504,1425,1.05544
nist-pdf-0016,2,8,1496,1340,1.11642
nist-pdf-0016,2,9,1500,1507,0.99536
nist-pdf-0016,2,10,1472,1500,0.98133
nist-pdf-0016,2,11,1454,1369,1.06209
nist-pdf-0016,2,12,1447,1499,0.96531
nist-pdf-0016,2,13,1419,1474,0.96269
nist-pdf-0016,2,14,1485,1392,1.06681
nist-pdf-0016,2,15,1463,1369,1.06866
nist-pdf-0016,2,16,1385,1495,0.92642
nist-pdf-0016,2,17,1518,1516,1.00132
nist-pdf-0016,2,18,1432,1438,0.99583
nist-pdf-0016,2,19,1486,1412,1.05241
nist-pdf-0016,2,20,1508,1489,1.01276
nist-pdf-0016,2,21,1467,1840,0.79728
nist-pdf-0016,2,22,1445,1469,0.98366
nist-pdf-0016,2,23,1454,1392,1.04454
nist-pdf-0016,2,24,1489,1618,0.92027
nist-pdf-0016,2,25,1610,1525,1.05574
nist-pdf-0016,2,26,1503,1601,0.93879
nist-pdf-0016,2,27,1502,1649,0.91086
nist-pdf-0016,2,28,1521,1627,0.93485
nist-pdf-0016,2,29,1660,1468,1.13079
nist-pdf-0016,2,30,1461,1401,1.04283
nist-pdf-0016,2,31,1515,1486,1.01952
nist-pdf-0016,2,32,1484,1521,0.97567
nist-pdf-0016,2,33,1476,1464,1.00820
nist-pdf-0016,2,34,1408,1441,0.97710
nist-pdf-0016,2,35,1459,1544,0.94495
nist-pdf-0016,2,36,1528,1434,1.06555
nist-pdf-0016,2,37,1513,1515,0.99868
nist-pdf-0016,2,38,1513,1462,1.03488
nist-pdf-0016,2,39,1465,1496,0.97928
nist-pdf-0016,2,40,1503,1427,1.05326
nist-pdf-0016,2,41,1455,1439,1.01112
nist-pdf-0016,2,42,1542,1434,1.07531
nist-pdf-0016,2,43,1520,1446,1.05118
nist-pdf-0016,2,44,1451,1436,1.01045
nist-pdf-0016,2,45,1395,1452,0.96074
nist-pdf-0016,2,46,1570,1617,0.97093
nist-pdf-0016,2,47,1461,1687,0.86603
nist-pdf-0016,2,48,1439,1472,0.97758
nist-pdf-0016,2,49,1428,1478,0.96617
nist-pdf-0016,2,50,1507,1410,1.06879
nist-pdf-0016,2,51,1477,1797,0.82193
nist-pdf-0016,2,52,1509,1395,1.08172
nist-pdf-0016,2,53,1565,1497,1.04542
nist-pdf-0016,2,54,1421,1441,0.98612
nist-pdf-0016,2,55,1434,1427,1.00491
nist-pdf-0016,2,56,1450,1396,1.03868
nist-pdf-0016,2,57,1814,1485,1.22155
nist-pdf-0016,2,58,1527,1422,1.07384
nist-pdf-0016,2,59,1445,1435,1.00697
nist-pdf-0016,2,60,1528,1488,1.02688
nist-pdf-0016,2,61,1526,1447,1.05460
nist-pdf-0016,2,62,1409,1400,1.00643
nist-pdf-0016,2,63,1389,1396,0.99499
nist-pdf-0016,2,64,1576,1435,1.09826
nist-pdf-0016,2,65,1568,1511,1.03772
nist-pdf-0016,2,66,1441,1448,0.99517
nist-pdf-0016,2,67,1422,1396,1.01862
nist-pdf-0016,2,68,1561,1531,1.01960
nist-pdf-0016,2,69,1419,1430,0.99231
nist-pdf-0016,2,70,1496,1421,1.05278
nist-pdf-0016,2,71,1429,1418,1.00776
nist-pdf-0016,2,72,1466,1423,1.03022
nist-pdf-0016,2,73,1517,1539,0.98571
nist-pdf-0016,2,74,1501,1408,1.06605
nist-pdf-0016,2,75,1507,1559,0.96665
nist-pdf-0016,2,76,1496,1402,1.06705
nist-pdf-0016,2,77,1530,1392,1.09914
nist-pdf-0016,2,78,1414,1301,1.08686
nist-pdf-0016,2,79,1599,1374,1.16376
nist-pdf-0016,2,80,1431,1353,1.05765
nist-pdf-0016,2,81,1435,1449,0.99034
nist-pdf-0016,2,82,1483,1361,1.08964
nist-pdf-0016,2,83,1445,1536,0.94076
nist-pdf-0016,2,84,1412,1407,1.00355
nist-pdf-0016,2,85,1495,1345,1.11152
nist-pdf-0016,2,86,1644,1434,1.14644
nist-pdf-0016,2,87,1466,1411,1.03898
nist-pdf-0016,2,88,1432,1353,1.05839
nist-pdf-0016,2,89,1440,1415,1.01767
nist-pdf-0016,2,90,1451,1586,0.91488
nist-pdf-0016,2,91,1436,1451,0.98966
nist-pdf-0016,2,92,1453,1517,0.95781
nist-pdf-0016,2,93,1435,1505,0.95349
nist-pdf-0016,2,94,1417,1434,0.98815
nist-pdf-0016,2,95,1514,1542,0.98184
nist-pdf-0016,2,96,1452,1403,1.03493
nist-pdf-0016,2,97,1473,1465,1.00546
nist-pdf-0016,2,98,1453,1389,1.04608
nist-pdf-0016,2,99,1463,1418,1.03173
nist-pdf-0016,2,100,1491,1365,1.09231
nist-pdf-0017,2,1,3735,2030,1.83990
nist-pdf-0017,2,2,4106,1930,2.12746
nist-pdf-0017,2,3,3889,2046,1.90078
nist-pdf-0017,2,4,3713,2018,1.83994
nist-pdf-0017,2,5,4212,2594,1.62375
nist-pdf-0017,2,6,3861,2308,1.67288
nist-pdf-0017,2,7,3893,2375,1.63916
nist-pdf-0017,2,8,3742,2010,1.86169
nist-pdf-0017,2,9,3967,2280,1.73991
nist-pdf-0017,2,10,3789,2304,1.64453
nist-pdf-0017,2,11,3957,2289,1.72870
nist-pdf-0017,2,12,3891,2276,1.70958
nist-pdf-0017,2,13,3701,2162,1.71184
nist-pdf-0017,2,14,3840,2224,1.72662
nist-pdf-0017,2,15,3958,2355,1.68068
nist-pdf-0017,2,16,4065,2424,1.67698
nist-pdf-0017,2,17,3837,2089,1.83676
nist-pdf-0017,2,18,3784,2260,1.67434
nist-pdf-0017,2,19,3684,1977,1.86343
nist-pdf-0017,2,20,3909,2082,1.87752
nist-pdf-0017,2,21,3727,2147,1.73591
nist-pdf-0017,2,22,3940,2260,1.74336
nist-pdf-0017,2,23,3712,2010,1.84677
nist-pdf-0017,2,24,3886,1911,2.03349
nist-pdf-0017,2,25,3812,2231,1.70865
nist-pdf-0017,2,26,4038,2193,1.84131
nist-pdf-0017,2,27,3840,2272,1.69014
nist-pdf-0017,2,28,3900,2471,1.57831
nist-pdf-0017,2,29,3776,2231,1.69251
nist-pdf-0017,2,30,3870,2094,1.84814
nist-pdf-0017,2,31,4144,2300,1.80174
nist-pdf-0017,2,32,3912,1995,1.96090
nist-pdf-0017,2,33,3886,2184,1.77930
nist-pdf-0017,2,34,3743,1958,1.91164
nist-pdf-0017,2,35,3880,2254,1.72138
nist-pdf-0017,2,36,3827,2237,1.71077
nist-pdf-0017,2,37,3788,2507,1.51097
nist-pdf-0017,2,38,3774,2367,1.59442
nist-pdf-0017,2,39,3679,5009,0.73448
nist-pdf-0017,2,40,3686,2421,1.52251
nist-pdf-0017,2,41,3761,2377,1.58225
nist-pdf-0017,2,42,3976,2042,1.94711
nist-pdf-0017,2,43,3894,2119,1.83766
nist-pdf-0017,2,44,3941,2401,1.64140
nist-pdf-0017,2,45,3819,2252,1.69583
nist-pdf-0017,2,46,4026,2287,1.76038
nist-pdf-0017,2,47,3871,4361,0.88764
nist-pdf-0017,2,48,3865,2244,1.72237
nist-pdf-0017,2,49,3690,2032,1.81594
nist-pdf-0017,2,50,3762,2189,1.71859
nist-pdf-0017,2,51,3806,2620,1.45267
nist-pdf-0017,2,52,4094,2327,1.75935
nist-pdf-0017,2,53,3929,2579,1.52346
nist-pdf-0017,2,54,4229,2299,1.83950
nist-pdf-0017,2,55,4079,2313,1.76351
nist-pdf-0017,2,56,4081,2037,2.00344
nist-pdf-0017,2,57,4042,2273,1.77827
nist-pdf-0017,2,58,3980,2329,1.70889
nist-pdf-0017,2,59,4315,2073,2.08152
nist-pdf-0017,2,60,3885,2082,1.86599
nist-pdf-0017,2,61,4072,2325,1.75140
nist-pdf-0017,2,62,3889,2075,1.87422
nist-pdf-0017,2,63,3935,2340,1.68162
nist-pdf-0017,2,64,4051,2115,1.91537
nist-pdf-0017,2,65,3902,2248,1.73577
nist-pdf-0017,2,66,3993,2475,1.61333
nist-pdf-0017,2,67,3957,2374,1.66681
nist-pdf-0017,2,68,3911,2420,1.61612
nist-pdf-0017,2,69,3966,2200,1.80273
nist-pdf-0017,2,70,3768,2317,1.62624
nist-pdf-0017,2,71,3843,2187,1.75720
nist-pdf-0017,2,72,4178,2133,1.95874
nist-pdf-0017,2,73,3799,2492,1.52448
nist-pdf-0017,2,74,3737,2006,1.86291
nist-pdf-0017,2,75,3922,2400,1.63417
nist-pdf-0017,2,76,3865,2292,1.68630
nist-pdf-0017,2,77,3886,2158,1.80074
nist-pdf-0017,2,78,3823,2446,1.56296
nist-pdf-0017,2,79,3829,2049,1.86872
nist-pdf-0017,2,80,3951,3308,1.19438
nist-pdf-0017,2,81,3787,2224,1.70279
nist-pdf-0017,2,82,3932,2263,1.73752
nist-pdf-0017,2,83,3806,2180,1.74587
nist-pdf-0017,2,84,3862,2415,1.59917
nist-pdf-0017,2,85,3722,2076,1.79287
nist-pdf-0017,2,86,3990,2305,1.73102
nist-pdf-0017,2,87,4215,2029,2.07738
nist-pdf-0017,2,88,4255,1945,2.18766
nist-pdf-0017,2,89,3927,2083,1.88526
nist-pdf-0017,2,90,3894,2072,1.87934
nist-pdf-0017,2,91,3710,2174,1.70653
nist-pdf-0017,2,92,3889,1909,2.03719
nist-pdf-0017,2,93,3977,2130,1.86714
nist-pdf-0017,2,94,3981,2328,1.71005
nist-pdf-0017,2,95,4048,2314,1.74935
nist-pdf-0017,2,96,4076,2222,1.83438
nist-pdf-0017,2,97,4029,2312,1.74265
nist-pdf-0017,2,98,3942,2044,1.92857
nist-pdf-0017,2,99,3980,2172,1.83241
nist-pdf-0017,2,100,3948,2274,1.73615
nist-docx-0005,3,1,1346,1483,0.90762
nist-docx-0005,3,2,1283,1624,0.79002
nist-docx-0005,3,3,1367,1562,0.87516
nist-docx-0005,3,4,1391,1488,0.93481
nist-docx-0005,3,5,1333,1686,0.79063
nist-docx-0005,3,6,1381,1511,0.91396
nist-docx-0005,3,7,1288,1581,0.81467
nist-docx-0005,3,8,1349,1713,0.78751
nist-docx-0005,3,9,1374,1577,0.87127
nist-docx-0005,3,10,1348,1597,0.84408
nist-docx-0005,3,11,1352,1561,0.86611
nist-docx-0005,3,12,1431,1560,0.91731
nist-docx-0005,3,13,1279,1708,0.74883
nist-docx-0005,3,14,1395,1602,0.87079
nist-docx-0005,3,15,1375,1576,0.87246
nist-docx-0005,3,16,1336,1499,0.89126
nist-docx-0005,3,17,1385,1645,0.84195
nist-docx-0005,3,18,1354,1595,0.84890
nist-docx-0005,3,19,1386,1546,0.89651
nist-docx-0005,3,20,1372,1529,0.89732
nist-docx-0005,3,21,1354,1573,0.86078
nist-docx-0005,3,22,1332,1458,0.91358
nist-docx-0005,3,23,1369,1591,0.86047
nist-docx-0005,3,24,1274,1537,0.82889
nist-docx-0005,3,25,1370,1610,0.85093
nist-docx-0005,3,26,1341,1512,0.88690
nist-docx-0005,3,27,1344,1589,0.84581
nist-docx-0005,3,28,1315,1473,0.89274
nist-docx-0005,3,29,1303,1691,0.77055
nist-docx-0005,3,30,1301,1526,0.85256
nist-docx-0005,3,31,1296,1549,0.83667
nist-docx-0005,3,32,1348,1544,0.87306
nist-docx-0005,3,33,1256,1538,0.81664
nist-docx-0005,3,34,1470,1682,0.87396
nist-docx-0005,3,35,1355,1666,0.81333
nist-docx-0005,3,36,1430,1694,0.84416
nist-docx-0005,3,37,1607,1661,0.96749
nist-docx-0005,3,38,1339,1615,0.82910
nist-docx-0005,3,39,1327,1523,0.87131
nist-docx-0005,3,40,1356,1576,0.86041
nist-docx-0005,3,41,1273,1619,0.78629
nist-docx-0005,3,42,1318,1455,0.90584
nist-docx-0005,3,43,1341,1758,0.76280
nist-docx-0005,3,44,1316,1520,0.86579
nist-docx-0005,3,45,1251,1524,0.82087
nist-docx-0005,3,46,1428,1474,0.96879
nist-docx-0005,3,47,1405,1677,0.83781
nist-docx-0005,3,48,1375,1506,0.91301
nist-docx-0005,3,49,1359,1744,0.77924
nist-docx-0005,3,50,1373,1577,0.87064
nist-docx-0005,3,51,1272,1583,0.80354
nist-docx-0005,3,52,1302,1652,0.78814
nist-docx-0005,3,53,1315,1579,0.83281
nist-docx-0005,3,54,1377,1617,0.85158
nist-docx-0005,3,55,2078,1848,1.12446
nist-docx-0005,3,56,1330,1522,0.87385
nist-docx-0005,3,57,1334,1469,0.90810
nist-docx-0005,3,58,1420,1500,0.94667
nist-docx-0005,3,59,1355,1499,0.90394
nist-docx-0005,3,60,1249,1506,0.82935
nist-docx-0005,3,61,1328,1576,0.84264
nist-docx-0005,3,62,1265,1466,0.86289
nist-docx-0005,3,63,1526,1449,1.05314
nist-docx-0005,3,64,1443,1638,0.88095
nist-docx-0005,3,65,1368,1512,0.90476
nist-docx-0005,3,66,1338,1567,0.85386
nist-docx-0005,3,67,1289,1559,0.82681
nist-docx-0005,3,68,1254,1542,0.81323
nist-docx-0005,3,69,1349,1577,0.85542
nist-docx-0005,3,70,1414,1501,0.94204
nist-docx-0005,3,71,1422,1546,0.91979
nist-docx-0005,3,72,1343,1563,0.85925
nist-docx-0005,3,73,1419,1560,0.90962
nist-docx-0005,3,74,1345,1572,0.85560
nist-docx-0005,3,75,1316,1525,0.86295
nist-docx-0005,3,76,1369,1751,0.78184
nist-docx-0005,3,77,1327,1567,0.84684
nist-docx-0005,3,78,1321,1649,0.80109
nist-docx-0005,3,79,1392,1550,0.89806
nist-docx-0005,3,80,1348,1582,0.85209
nist-docx-0005,3,81,1287,1567,0.82131
nist-docx-0005,3,82,1637,1547,1.05818
nist-docx-0005,3,83,1489,1539,0.96751
nist-docx-0005,3,84,1540,1764,0.87302
nist-docx-0005,3,85,1471,1559,0.94355
nist-docx-0005,3,86,1375,1684,0.81651
nist-docx-0005,3,87,1442,1926,0.74870
nist-docx-0005,3,88,1311,1512,0.86706
nist-docx-0005,3,89,1266,1562,0.81050
nist-docx-0005,3,90,1404,1572,0.89313
nist-docx-0005,3,91,1425,1484,0.96024
nist-docx-0005,3,92,1405,2039,0.68906
nist-docx-0005,3,93,1317,1647,0.79964
nist-docx-0005,3,94,1298,1664,0.78005
nist-docx-0005,3,95,1326,1573,0.84298
nist-docx-0005,3,96,1414,1578,0.89607
nist-docx-0005,3,97,1302,1475,0.88271
nist-docx-0005,3,98,1270,1501,0.84610
nist-docx-0005,3,99,1330,1547,0.85973
nist-docx-0005,3,100,3735,1537,2.43006
nist-docx-0008,3,1,1225,1384,0.88512
nist-docx-0008,3,2,1021,1382,0.73878
nist-docx-0008,3,3,998,1382,0.72214
nist-docx-0008,3,4,1114,1419,0.78506
nist-docx-0008,3,5,1057,1527,0.69221
nist-docx-0008,3,6,1038,1446,0.71784
nist-docx-0008,3,7,1078,1491,0.72300
nist-docx-0008,3,8,1081,1417,0.76288
nist-docx-0008,3,9,1149,1426,0.80575
nist-docx-0008,3,10,1090,1404,0.77635
nist-docx-0008,3,11,1150,1418,0.81100
nist-docx-0008,3,12,1138,1385,0.82166
nist-docx-0008,3,13,1127,1439,0.78318
nist-docx-0008,3,14,1056,1356,0.77876
nist-docx-0008,3,15,1096,1394,0.78623
nist-docx-0008,3,16,1059,1410,0.75106
nist-docx-0008,3,17,1025,1399,0.73267
nist-docx-0008,3,18,1083,1699,0.63743
nist-docx-0008,3,19,1026,1537,0.66753
nist-docx-0008,3,20,1024,1378,0.74311
nist-docx-0008,3,21,985,1457,0.67605
nist-docx-0008,3,22,1094,1431,0.76450
nist-docx-0008,3,23,1052,1405,0.74875
nist-docx-0008,3,24,1365,1407,0.97015
nist-docx-0008,3,25,1168,1426,0.81907
nist-docx-0008,3,26,1261,1351,0.93338
nist-docx-0008,3,27,1077,1422,0.75738
nist-docx-0008,3,28,1046,1507,0.69409
nist-docx-0008,3,29,1075,1441,0.74601
nist-docx-0008,3,30,1079,1396,0.77292
nist-docx-0008,3,31,1119,1456,0.76854
nist-docx-0008,3,32,1075,1428,0.75280
nist-docx-0008,3,33,1062,1540,0.68961
nist-docx-0008,3,34,1078,1471,0.73283
nist-docx-0008,3,35,1013,1442,0.70250
nist-docx-0008,3,36,1132,1394,0.81205
nist-docx-0008,3,37,1053,1472,0.71535
nist-docx-0008,3,38,1020,1469,0.69435
nist-docx-0008,3,39,1058,1357,0.77966
nist-docx-0008,3,40,1324,1463,0.90499
nist-docx-0008,3,41,1109,1441,0.76960
nist-docx-0008,3,42,1152,1555,0.74084
nist-docx-0008,3,43,1147,1641,0.69896
nist-docx-0008,3,44,1092,1608,0.67910
nist-docx-0008,3,45,1089,1410,0.77234
nist-docx-0008,3,46,1128,1415,0.79717
nist-docx-0008,3,47,1118,1488,0.75134
nist-docx-0008,3,48,1100,1446,0.76072
nist-docx-0008,3,49,1116,1452,0.76860
nist-docx-0008,3,50,1102,1411,0.78101
nist-docx-0008,3,51,1133,1477,0.76710
nist-docx-0008,3,52,1113,1416,0.78602
nist-docx-0008,3,53,1191,1485,0.80202
nist-docx-0008,3,54,1089,1401,0.77730
nist-docx-0008,3,55,1061,1365,0.77729
nist-docx-0008,3,56,1061,1528,0.69437
nist-docx-0008,3,57,1062,1451,0.73191
nist-docx-0008,3,58,1034,1382,0.74819
nist-docx-0008,3,59,1095,1448,0.75622
nist-docx-0008,3,60,1083,1383,0.78308
nist-docx-0008,3,61,1094,1371,0.79796
nist-docx-0008,3,62,2715,1502,1.80759
nist-docx-0008,3,63,1053,1386,0.75974
nist-docx-0008,3,64,1066,1406,0.75818
nist-docx-0008,3,65,1060,1362,0.77827
nist-docx-0008,3,66,1062,1486,0.71467
nist-docx-0008,3,67,1138,1451,0.78429
nist-docx-0008,3,68,1074,1482,0.72470
nist-docx-0008,3,69,1121,1467,0.76414
nist-docx-0008,3,70,1037,1379,0.75199
nist-docx-0008,3,71,1054,1493,0.70596
nist-docx-0008,3,72,1201,1468,0.81812
nist-docx-0008,3,73,1138,1420,0.80141
nist-docx-0008,3,74,1140,1491,0.76459
nist-docx-0008,3,75,1128,1603,0.70368
nist-docx-0008,3,76,1122,1483,0.75657
nist-docx-0008,3,77,1209,1388,0.87104
nist-docx-0008,3,78,2236,1402,1.59486
nist-docx-0008,3,79,1100,1568,0.70153
nist-docx-0008,3,80,1068,1449,0.73706
nist-docx-0008,3,81,1441,1551,0.92908
nist-docx-0008,3,82,1197,1476,0.81098
nist-docx-0008,3,83,1199,1524,0.78675
nist-docx-0008,3,84,1054,1464,0.71995
nist-docx-0008,3,85,1112,1384,0.80347
nist-docx-0008,3,86,1046,1430,0.73147
nist-docx-0008,3,87,1121,1536,0.72982
nist-docx-0008,3,88,1094,1373,0.79680
nist-docx-0008,3,89,1029,1489,0.69107
nist-docx-0008,3,90,1333,1388,0.96037
nist-docx-0008,3,91,1104,1408,0.78409
nist-docx-0008,3,92,1148,1402,0.81883
nist-docx-0008,3,93,1113,1450,0.76759
nist-docx-0008,3,94,1040,1492,0.69705
nist-docx-0008,3,95,1045,1486,0.70323
nist-docx-0008,3,96,1090,1378,0.79100
nist-docx-0008,3,97,1154,1562,0.73880
nist-docx-0008,3,98,1064,1501,0.70886
nist-docx-0008,3,99,1064,1346,0.79049
nist-docx-0008,3,100,1047,1653,0.63339
nist-docx-0009,3,1,1778,1593,1.11613
nist-docx-0009,3,2,1891,1541,1.22713
nist-docx-0009,3,3,1887,1519,1.24226
nist-docx-0009,3,4,1772,1490,1.18926
nist-docx-0009,3,5,1742,1597,1.09080
nist-docx-0009,3,6,1723,1563,1.10237
nist-docx-0009,3,7,1744,1635,1.06667
nist-docx-0009,3,8,1742,1600,1.08875
nist-docx-0009,3,9,1865,1635,1.14067
nist-docx-0009,3,10,1819,1558,1.16752
nist-docx-0009,3,11,1849,1687,1.09603
nist-docx-0009,3,12,1878,1571,1.19542
nist-docx-0009,3,13,1821,1677,1.08587
nist-docx-0009,3,14,1894,1543,1.22748
nist-docx-0009,3,15,1920,1575,1.21905
nist-docx-0009,3,16,1772,1568,1.13010
nist-docx-0009,3,17,1871,1612,1.16067
nist-docx-0009,3,18,1776,1525,1.16459
nist-docx-0009,3,19,1828,1638,1.11600
nist-docx-0009,3,20,1747,1619,1.07906
nist-docx-0009,3,21,1888,1678,1.12515
nist-docx-0009,3,22,1810,1627,1.11248
nist-docx-0009,3,23,1819,1576,1.15419
nist-docx-0009,3,24,1818,1638,1.10989
nist-docx-0009,3,25,1867,1667,1.11998
nist-docx-0009,3,26,1857,1537,1.20820
nist-docx-0009,3,27,1832,1634,1.12118
nist-docx-0009,3,28,1898,4019,0.47226
nist-docx-0009,3,29,1708,1666,1.02521
nist-docx-0009,3,30,1781,1547,1.15126
nist-docx-0009,3,31,1721,1557,1.10533
nist-docx-0009,3,32,1751,1543,1.13480
nist-docx-0009,3,33,1756,1632,1.07598
nist-docx-0009,3,34,1782,1592,1.11935
nist-docx-0009,3,35,1840,1743,1.05565
nist-docx-0009,3,36,1917,1602,1.19663
nist-docx-0009,3,37,1829,1722,1.06214
nist-docx-0009,3,38,1935,1613,1.19963
nist-docx-0009,3,39,1835,1641,1.11822
nist-docx-0009,3,40,1770,1573,1.12524
nist-docx-0009,3,41,1869,1611,1.16015
nist-docx-0009,3,42,1782,1561,1.14158
nist-docx-0009,3,43,1796,1897,0.94676
nist-docx-0009,3,44,1735,1660,1.04518
nist-docx-0009,3,45,1791,1569,1.14149
nist-docx-0009,3,46,1839,1660,1.10783
nist-docx-0009,3,47,1809,1524,1.18701
nist-docx-0009,3,48,1808,1596,1.13283
nist-docx-0009,3,49,2052,1651,1.24288
nist-docx-0009,3,50,1815,1514,1.19881
nist-docx-0009,3,51,1740,1593,1.09228
nist-docx-0009,3,52,1807,1572,1.14949
nist-docx-0009,3,53,1783,1639,1.08786
nist-docx-0009,3,54,1903,3995,0.47635
nist-docx-0009,3,55,1863,1553,1.19961
nist-docx-0009,3,56,1818,1578,1.15209
nist-docx-0009,3,57,1836,1630,1.12638
nist-docx-0009,3,58,1866,1543,1.20933
nist-docx-0009,3,59,1763,1593,1.10672
nist-docx-0009,3,60,1797,1736,1.03514
nist-docx-0009,3,61,2020,1631,1.23850
nist-docx-0009,3,62,1943,1611,1.20608
nist-docx-0009,3,63,1805,1555,1.16077
nist-docx-0009,3,64,1784,1544,1.15544
nist-docx-0009,3,65,1792,1731,1.03524
nist-docx-0009,3,66,1906,1592,1.19724
nist-docx-0009,3,67,1746,1734,1.00692
nist-docx-0009,3,68,1766,1600,1.10375
nist-docx-0009,3,69,1805,1808,0.99834
nist-docx-0009,3,70,1878,1587,1.18336
nist-docx-0009,3,71,1836,1654,1.11004
nist-docx-0009,3,72,1892,1740,1.08736
nist-docx-0009,3,73,1973,1720,1.14709
nist-docx-0009,3,74,1929,1538,1.25423
nist-docx-0009,3,75,1759,1610,1.09255
nist-docx-0009,3,76,1803,1610,1.11988
nist-docx-0009,3,77,1881,1801,1.04442
nist-docx-0009,3,78,1843,1612,1.14330
nist-docx-0009,3,79,1868,1547,1.20750
nist-docx-0009,3,80,1721,1577,1.09131
nist-docx-0009,3,81,1855,1917,0.96766
nist-docx-0009,3,82,1768,1696,1.04245
nist-docx-0009,3,83,1777,1501,1.18388
nist-docx-0009,3,84,1960,1657,1.18286
nist-docx-0009,3,85,1922,1654,1.16203
nist-docx-0009,3,86,1917,1790,1.07095
nist-docx-0009,3,87,2069,1616,1.28032
nist-docx-0009,3,88,1931,1697,1.13789
nist-docx-0009,3,89,1872,2425,0.77196
nist-docx-0009,3,90,1730,1713,1.00992
nist-docx-0009,3,91,1751,1564,1.11957
nist-docx-0009,3,92,1791,1629,1.09945
nist-docx-0009,3,93,1825,1582,1.15360
nist-docx-0009,3,94,1937,1582,1.22440
nist-docx-0009,3,95,1752,1587,1.10397
nist-docx-0009,3,96,1757,1617,1.08658
nist-docx-0009,3,97,1924,1731,1.11150
nist-docx-0009,3,98,1891,1605,1.17819
nist-docx-0009,3,99,1785,1698,1.05124
nist-docx-0009,3,100,1888,1773,1.06486
nist-docx-0014,3,1,3657,2221,1.64656
nist-docx-0014,3,2,3654,2517,1.45173
nist-docx-0014,3,3,3713,2314,1.60458
nist-docx-0014,3,4,3881,2247,1.72719
nist-docx-0014,3,5,3624,2593,1.39761
nist-docx-0014,3,6,3823,2151,1.77731
nist-docx-0014,3,7,3570,2370,1.50633
nist-docx-0014,3,8,3568,2112,1.68939
nist-docx-0014,3,9,3546,2415,1.46832
nist-docx-0014,3,10,3818,2043,1.86882
nist-docx-0014,3,11,3542,2248,1.57562
nist-docx-0014,3,12,3977,2174,1.82935
nist-docx-0014,3,13,3723,2168,1.71725
nist-docx-0014,3,14,3671,2176,1.68704
nist-docx-0014,3,15,3657,2182,1.67599
nist-docx-0014,3,16,3550,2118,1.67611
nist-docx-0014,3,17,3825,2486,1.53862
nist-docx-0014,3,18,3717,2314,1.60631
nist-docx-0014,3,19,3760,2300,1.63478
nist-docx-0014,3,20,3614,2161,1.67237
nist-docx-0014,3,21,3803,2319,1.63993
nist-docx-0014,3,22,3593,2236,1.60689
nist-docx-0014,3,23,3883,2358,1.64673
nist-docx-0014,3,24,3689,2111,1.74751
nist-docx-0014,3,25,3964,2160,1.83519
nist-docx-0014,3,26,3833,2229,1.71961
nist-docx-0014,3,27,3638,2255,1.61330
nist-docx-0014,3,28,3758,2175,1.72782
nist-docx-0014,3,29,3865,2390,1.61715
nist-docx-0014,3,30,3688,2285,1.61400
nist-docx-0014,3,31,3975,2149,1.84970
nist-docx-0014,3,32,4111,2195,1.87289
nist-docx-0014,3,33,3581,2048,1.74854
nist-docx-0014,3,34,4061,2153,1.88621
nist-docx-0014,3,35,3654,2090,1.74833
nist-docx-0014,3,36,4204,2080,2.02115
nist-docx-0014,3,37,3665,2136,1.71582
nist-docx-0014,3,38,3984,2146,1.85648
nist-docx-0014,3,39,3787,2248,1.68461
nist-docx-0014,3,40,3861,2231,1.73061
nist-docx-0014,3,41,3756,2341,1.60444
nist-docx-0014,3,42,3813,2298,1.65927
nist-docx-0014,3,43,3701,2245,1.64855
nist-docx-0014,3,44,3762,2215,1.69842
nist-docx-0014,3,45,3893,2599,1.49788
nist-docx-0014,3,46,3753,2589,1.44959
nist-docx-0014,3,47,3748,2160,1.73519
nist-docx-0014,3,48,3990,2336,1.70805
nist-docx-0014,3,49,3797,2505,1.51577
nist-docx-0014,3,50,3845,2336,1.64598
nist-docx-0014,3,51,3825,2421,1.57993
nist-docx-0014,3,52,6151,2442,2.51884
nist-docx-0014,3,53,3794,2491,1.52308
nist-docx-0014,3,54,3680,2214,1.66215
nist-docx-0014,3,55,3848,2383,1.61477
nist-docx-0014,3,56,3817,2100,1.81762
nist-docx-0014,3,57,3915,2296,1.70514
nist-docx-0014,3,58,3628,2173,1.66958
nist-docx-0014,3,59,4214,2474,1.70331
nist-docx-0014,3,60,3784,2067,1.83067
nist-docx-0014,3,61,3838,2318,1.65574
nist-docx-0014,3,62,4189,2396,1.74833
nist-docx-0014,3,63,3939,2247,1.75300
nist-docx-0014,3,64,4082,2136,1.91105
nist-docx-0014,3,65,3893,2161,1.80148
nist-docx-0014,3,66,3897,2288,1.70323
nist-docx-0014,3,67,3975,2306,1.72376
nist-docx-0014,3,68,3807,2194,1.73519
nist-docx-0014,3,69,3815,2168,1.75969
nist-docx-0014,3,70,3871,2253,1.71815
nist-docx-0014,3,71,3696,2266,1.63107
nist-docx-0014,3,72,3718,2203,1.68770
nist-docx-0014,3,73,3735,2231,1.67414
nist-docx-0014,3,74,3902,2229,1.75056
nist-docx-0014,3,75,3865,2285,1.69147
nist-docx-0014,3,76,3712,2328,1.59450
nist-docx-0014,3,77,3697,2100,1.76048
nist-docx-0014,3,78,3694,2499,1.47819
nist-docx-0014,3,79,3811,2150,1.77256
nist-docx-0014,3,80,3696,2386,1.54904
nist-docx-0014,3,81,3576,2472,1.44660
nist-docx-0014,3,82,3681,2305,1.59696
nist-docx-0014,3,83,3612,2187,1.65158
nist-docx-0014,3,84,3616,2281,1.58527
nist-docx-0014,3,85,3539,2747,1.28831
nist-docx-0014,3,86,3652,2594,1.40786
nist-docx-0014,3,87,3634,2353,1.54441
nist-docx-0014,3,88,3674,2169,1.69387
nist-docx-0014,3,89,3839,2306,1.66479
nist-docx-0014,3,90,3680,2140,1.71963
nist-docx-0014,3,91,3545,2247,1.57766
nist-docx-0014,3,92,3589,2244,1.59938
nist-docx-0014,3,93,4051,2235,1.81253
nist-docx-0014,3,94,3649,2158,1.69092
nist-docx-0014,3,95,4314,2322,1.85788
nist-docx-0014,3,96,3614,2098,1.72259
nist-docx-0014,3,97,4042,2316,1.74525
nist-docx-0014,3,98,3707,2229,1.66308
nist-docx-0014,3,99,3851,2102,1.83206
nist-docx-0014,3,100,3610,2194,1.64540
nist-epub-0003,3,1,3107,1724,1.80220
nist-epub-0003,3,2,3083,1872,1.64690
nist-epub-0003,3,3,2948,1796,1.64143
nist-epub-0003,3,4,3118,1921,1.62311
nist-epub-0003,3,5,3051,1751,1.74243
nist-epub-0003,3,6,3010,1839,1.63676
nist-epub-0003,3,7,3001,1850,1.62216
nist-epub-0003,3,8,3121,1716,1.81876
nist-epub-0003,3,9,2902,1983,1.46344
nist-epub-0003,3,10,3107,1845,1.68401
nist-epub-0003,3,11,2949,1822,1.61855
nist-epub-0003,3,12,2999,1705,1.75894
nist-epub-0003,3,13,3128,1843,1.69723
nist-epub-0003,3,14,2935,1719,1.70739
nist-epub-0003,3,15,2959,1828,1.61871
nist-epub-0003,3,16,2867,1711,1.67563
nist-epub-0003,3,17,2909,1945,1.49563
nist-epub-0003,3,18,3039,1733,1.75361
nist-epub-0003,3,19,3058,1931,1.58364
nist-epub-0003,3,20,3018,1825,1.65370
nist-epub-0003,3,21,3027,1810,1.67238
nist-epub-0003,3,22,2933,1966,1.49186
nist-epub-0003,3,23,2989,1846,1.61918
nist-epub-0003,3,24,3002,1838,1.63330
nist-epub-0003,3,25,2939,1729,1.69983
nist-epub-0003,3,26,3465,1974,1.75532
nist-epub-0003,3,27,2892,1936,1.49380
nist-epub-0003,3,28,3102,1794,1.72910
nist-epub-0003,3,29,3004,1775,1.69239
nist-epub-0003,3,30,2957,1981,1.49268
nist-epub-0003,3,31,3102,1781,1.74172
nist-epub-0003,3,32,3080,1828,1.68490
nist-epub-0003,3,33,3281,1788,1.83501
nist-epub-0003,3,34,2932,1880,1.55957
nist-epub-0003,3,35,3209,1820,1.76319
nist-epub-0003,3,36,3310,2021,1.63780
nist-epub-0003,3,37,2961,1940,1.52629
nist-epub-0003,3,38,3001,1843,1.62832
nist-epub-0003,3,39,3156,1915,1.64804
nist-epub-0003,3,40,3063,1784,1.71693
nist-epub-0003,3,41,2910,1827,1.59278
nist-epub-0003,3,42,2992,1847,1.61992
nist-epub-0003,3,43,2985,1883,1.58524
nist-epub-0003,3,44,3003,1762,1.70431
nist-epub-0003,3,45,2945,1798,1.63793
nist-epub-0003,3,46,3019,1837,1.64344
nist-epub-0003,3,47,2923,1729,1.69057
nist-epub-0003,3,48,3031,1937,1.56479
nist-epub-0003,3,49,2907,1984,1.46522
nist-epub-0003,3,50,3035,1828,1.66028
nist-epub-0003,3,51,2976,1793,1.65979
nist-epub-0003,3,52,3117,1788,1.74329
nist-epub-0003,3,53,3011,1888,1.59481
nist-epub-0003,3,54,3144,1790,1.75642
nist-epub-0003,3,55,3049,1892,1.61152
nist-epub-0003,3,56,2937,1769,1.66026
nist-epub-0003,3,57,3013,2058,1.46404
nist-epub-0003,3,58,2935,1898,1.54636
nist-epub-0003,3,59,3038,2247,1.35202
nist-epub-0003,3,60,2937,1844,1.59273
nist-epub-0003,3,61,2942,1977,1.48811
nist-epub-0003,3,62,2965,1796,1.65089
nist-epub-0003,3,63,2984,1827,1.63328
nist-epub-0003,3,64,2905,2065,1.40678
nist-epub-0003,3,65,2955,2058,1.43586
nist-epub-0003,3,66,2963,1874,1.58111
nist-epub-0003,3,67,3016,1744,1.72936
nist-epub-0003,3,68,2935,1954,1.50205
nist-epub-0003,3,69,3049,1800,1.69389
nist-epub-0003,3,70,3096,1887,1.64070
nist-epub-0003,3,71,3005,1777,1.69105
nist-epub-0003,3,72,2999,1837,1.63255
nist-epub-0003,3,73,2926,1823,1.60505
nist-epub-0003,3,74,2991,1786,1.67469
nist-epub-0003,3,75,3076,1740,1.76782
nist-epub-0003,3,76,3022,1699,1.77869
nist-epub-0003,3,77,2938,1801,1.63132
nist-epub-0003,3,78,2976,1820,1.63516
nist-epub-0003,3,79,3566,1965,1.81476
nist-epub-0003,3,80,3021,1924,1.57017
nist-epub-0003,3,81,3071,1870,1.64225
nist-epub-0003,3,82,3029,1717,1.76412
nist-epub-0003,3,83,2956,1913,1.54522
nist-epub-0003,3,84,2963,1813,1.63431
nist-epub-0003,3,85,2945,2108,1.39706
nist-epub-0003,3,86,2920,1879,1.55402
nist-epub-0003,3,87,3029,1772,1.70937
nist-epub-0003,3,88,2921,1801,1.62188
nist-epub-0003,3,89,2919,1774,1.64543
nist-epub-0003,3,90,3097,1830,1.69235
nist-epub-0003,3,91,2890,1782,1.62177
nist-epub-0003,3,92,3066,1830,1.67541
nist-epub-0003,3,93,2960,1804,1.64080
nist-epub-0003,3,94,2946,1856,1.58728
nist-epub-0003,3,95,3009,1763,1.70675
nist-epub-0003,3,96,3134,1910,1.64084
nist-epub-0003,3,97,2963,1751,1.69218
nist-epub-0003,3,98,2894,1839,1.57368
nist-epub-0003,3,99,3254,1823,1.78497
nist-epub-0003,3,100,2888,1712,1.68692
nist-epub-0006,3,1,2431,1548,1.57041
nist-epub-0006,3,2,2326,1546,1.50453
nist-epub-0006,3,3,2328,1491,1.56137
nist-epub-0006,3,4,2393,1565,1.52907
nist-epub-0006,3,5,2757,1572,1.75382
nist-epub-0006,3,6,2399,1547,1.55074
nist-epub-0006,3,7,2592,1534,1.68970
nist-epub-0006,3,8,2379,1542,1.54280
nist-epub-0006,3,9,2381,1615,1.47430
nist-epub-0006,3,10,2408,1594,1.51066
nist-epub-0006,3,11,2425,1582,1.53287
nist-epub-0006,3,12,2423,1634,1.48286
nist-epub-0006,3,13,2501,1531,1.63357
nist-epub-0006,3,14,2430,1604,1.51496
nist-epub-0006,3,15,2408,1520,1.58421
nist-epub-0006,3,16,2418,1515,1.59604
nist-epub-0006,3,17,2593,1559,1.66325
nist-epub-0006,3,18,2323,1598,1.45369
nist-epub-0006,3,19,2422,1644,1.47324
nist-epub-0006,3,20,2405,1551,1.55061
nist-epub-0006,3,21,2551,1547,1.64900
nist-epub-0006,3,22,2423,1667,1.45351
nist-epub-0006,3,23,2404,1585,1.51672
nist-epub-0006,3,24,2575,1597,1.61240
nist-epub-0006,3,25,2383,1611,1.47921
nist-epub-0006,3,26,2383,1558,1.52953
nist-epub-0006,3,27,2501,1665,1.50210
nist-epub-0006,3,28,2398,1459,1.64359
nist-epub-0006,3,29,2412,1547,1.55915
nist-epub-0006,3,30,2442,1519,1.60764
nist-epub-0006,3,31,2398,1570,1.52739
nist-epub-0006,3,32,2411,1686,1.43001
nist-epub-0006,3,33,2368,1643,1.44127
nist-epub-0006,3,34,2417,1613,1.49845
nist-epub-0006,3,35,2428,1510,1.60795
nist-epub-0006,3,36,2448,1549,1.58037
nist-epub-0006,3,37,2427,1620,1.49815
nist-epub-0006,3,38,2337,1590,1.46981
nist-epub-0006,3,39,2333,1536,1.51888
nist-epub-0006,3,40,2379,1588,1.49811
nist-epub-0006,3,41,2358,1593,1.48023
nist-epub-0006,3,42,2543,1575,1.61460
nist-epub-0006,3,43,2311,1530,1.51046
nist-epub-0006,3,44,2440,1753,1.39190
nist-epub-0006,3,45,2427,1511,1.60622
nist-epub-0006,3,46,2390,1537,1.55498
nist-epub-0006,3,47,2393,1610,1.48634
nist-epub-0006,3,48,2495,1580,1.57911
nist-epub-0006,3,49,2397,1631,1.46965
nist-epub-0006,3,50,2451,1475,1.66169
nist-epub-0006,3,51,2425,1474,1.64518
nist-epub-0006,3,52,2496,1684,1.48219
nist-epub-0006,3,53,2453,1507,1.62774
nist-epub-0006,3,54,2750,1680,1.63690
nist-epub-0006,3,55,2400,1513,1.58625
nist-epub-0006,3,56,2339,1584,1.47664
nist-epub-0006,3,57,2497,1617,1.54422
nist-epub-0006,3,58,2378,1672,1.42225
nist-epub-0006,3,59,2367,1548,1.52907
nist-epub-0006,3,60,2441,1537,1.58816
nist-epub-0006,3,61,2429,1528,1.58966
nist-epub-0006,3,62,2547,1495,1.70368
nist-epub-0006,3,63,2380,1517,1.56889
nist-epub-0006,3,64,2537,1520,1.66908
nist-epub-0006,3,65,2422,1580,1.53291
nist-epub-0006,3,66,2372,1553,1.52737
nist-epub-0006,3,67,2490,1532,1.62533
nist-epub-0006,3,68,2422,1554,1.55856
nist-epub-0006,3,69,2372,1590,1.49182
nist-epub-0006,3,70,2408,1589,1.51542
nist-epub-0006,3,71,2423,1513,1.60145
nist-epub-0006,3,72,2344,1554,1.50837
nist-epub-0006,3,73,2348,1528,1.53665
nist-epub-0006,3,74,2361,1524,1.54921
nist-epub-0006,3,75,2351,1552,1.51482
nist-epub-0006,3,76,2373,1541,1.53991
nist-epub-0006,3,77,2350,1556,1.51028
nist-epub-0006,3,78,2418,1521,1.58974
nist-epub-0006,3,79,2320,1536,1.51042
nist-epub-0006,3,80,2481,1589,1.56136
nist-epub-0006,3,81,2385,1493,1.59745
nist-epub-0006,3,82,3201,1555,2.05852
nist-epub-0006,3,83,2484,1568,1.58418
nist-epub-0006,3,84,2613,1594,1.63927
nist-epub-0006,3,85,2451,1631,1.50276
nist-epub-0006,3,86,2342,1582,1.48040
nist-epub-0006,3,87,2403,1647,1.45902
nist-epub-0006,3,88,2376,1585,1.49905
nist-epub-0006,3,89,2507,1571,1.59580
nist-epub-0006,3,90,2314,1520,1.52237
nist-epub-0006,3,91,2409,1553,1.55119
nist-epub-0006,3,92,2468,1618,1.52534
nist-epub-0006,3,93,2382,1514,1.57332
nist-epub-0006,3,94,2348,1499,1.56638
nist-epub-0006,3,95,2472,1579,1.56555
nist-epub-0006,3,96,2466,1571,1.56970
nist-epub-0006,3,97,2402,1621,1.48180
nist-epub-0006,3,98,2429,1510,1.60861
nist-epub-0006,3,99,2355,1580,1.49051
nist-epub-0006,3,100,2358,1583,1.48958
nist-epub-0008,3,1,1601,1366,1.17204
nist-epub-0008,3,2,1641,1412,1.16218
nist-epub-0008,3,3,1530,1523,1.00460
nist-epub-0008,3,4,1648,1466,1.12415
nist-epub-0008,3,5,1558,1510,1.03179
nist-epub-0008,3,6,1639,1505,1.08904
nist-epub-0008,3,7,1517,1622,0.93527
nist-epub-0008,3,8,1572,1582,0.99368
nist-epub-0008,3,9,1559,1484,1.05054
nist-epub-0008,3,10,1647,1488,1.10685
nist-epub-0008,3,11,1693,1523,1.11162
nist-epub-0008,3,12,1552,1376,1.12791
nist-epub-0008,3,13,1527,1410,1.08298
nist-epub-0008,3,14,1672,1400,1.19429
nist-epub-0008,3,15,1587,1446,1.09751
nist-epub-0008,3,16,1548,1425,1.08632
nist-epub-0008,3,17,1683,1474,1.14179
nist-epub-0008,3,18,1527,1413,1.08068
nist-epub-0008,3,19,1546,1555,0.99421
nist-epub-0008,3,20,1535,1604,0.95698
nist-epub-0008,3,21,1540,1431,1.07617
nist-epub-0008,3,22,1772,1681,1.05413
nist-epub-0008,3,23,1582,1470,1.07619
nist-epub-0008,3,24,1538,1506,1.02125
nist-epub-0008,3,25,1583,1669,0.94847
nist-epub-0008,3,26,1572,1427,1.10161
nist-epub-0008,3,27,1478,1363,1.08437
nist-epub-0008,3,28,1582,1554,1.01802
nist-epub-0008,3,29,1592,1422,1.11955
nist-epub-0008,3,30,1533,1434,1.06904
nist-epub-0008,3,31,1587,1902,0.83438
nist-epub-0008,3,32,1628,1494,1.08969
nist-epub-0008,3,33,1459,1487,0.98117
nist-epub-0008,3,34,1628,1451,1.12198
nist-epub-0008,3,35,1520,1403,1.08339
nist-epub-0008,3,36,1489,1573,0.94660
nist-epub-0008,3,37,1513,1751,0.86408
nist-epub-0008,3,38,1493,1511,0.98809
nist-epub-0008,3,39,1539,1408,1.09304
nist-epub-0008,3,40,1572,1461,1.07598
nist-epub-0008,3,41,1618,1528,1.05890
nist-epub-0008,3,42,1552,1446,1.07331
nist-epub-0008,3,43,1735,1550,1.11935
nist-epub-0008,3,44,1543,1420,1.08662
nist-epub-0008,3,45,1571,1461,1.07529
nist-epub-0008,3,46,1570,1663,0.94408
nist-epub-0008,3,47,1566,1420,1.10282
nist-epub-0008,3,48,1599,1469,1.08850
nist-epub-0008,3,49,1534,1571,0.97645
nist-epub-0008,3,50,1573,1435,1.09617
nist-epub-0008,3,51,1666,1500,1.11067
nist-epub-0008,3,52,1716,1521,1.12821
nist-epub-0008,3,53,1509,1411,1.06945
nist-epub-0008,3,54,1621,1455,1.11409
nist-epub-0008,3,55,1554,1559,0.99679
nist-epub-0008,3,56,1542,1398,1.10300
nist-epub-0008,3,57,1520,1450,1.04828
nist-epub-0008,3,58,1506,1415,1.06431
nist-epub-0008,3,59,1524,1446,1.05394
nist-epub-0008,3,60,1640,1585,1.03470
nist-epub-0008,3,61,1497,1417,1.05646
nist-epub-0008,3,62,1676,1380,1.21449
nist-epub-0008,3,63,1518,1505,1.00864
nist-epub-0008,3,64,1600,1374,1.16448
nist-epub-0008,3,65,1506,1398,1.07725
nist-epub-0008,3,66,1594,1527,1.04388
nist-epub-0008,3,67,1607,1400,1.14786
nist-epub-0008,3,68,1515,2021,0.74963
nist-epub-0008,3,69,1529,1500,1.01933
nist-epub-0008,3,70,1568,1552,1.01031
nist-epub-0008,3,71,1602,1405,1.14021
nist-epub-0008,3,72,1501,1413,1.06228
nist-epub-0008,3,73,1531,1448,1.05732
nist-epub-0008,3,74,1510,1368,1.10380
nist-epub-0008,3,75,1540,1463,1.05263
nist-epub-0008,3,76,1564,1454,1.07565
nist-epub-0008,3,77,1538,1424,1.08006
nist-epub-0008,3,78,1543,1432,1.07751
nist-epub-0008,3,79,1596,1393,1.14573
nist-epub-0008,3,80,1512,1441,1.04927
nist-epub-0008,3,81,1634,1482,1.10256
nist-epub-0008,3,82,1521,1484,1.02493
nist-epub-0008,3,83,1482,1373,1.07939
nist-epub-0008,3,84,1548,1497,1.03407
nist-epub-0008,3,85,1511,1454,1.03920
nist-epub-0008,3,86,1624,1423,1.14125
nist-epub-0008,3,87,1592,1456,1.09341
nist-epub-0008,3,88,1542,1505,1.02458
nist-epub-0008,3,89,1515,1418,1.06841
nist-epub-0008,3,90,1580,1426,1.10799
nist-epub-0008,3,91,1571,1390,1.13022
nist-epub-0008,3,92,1558,1408,1.10653
nist-epub-0008,3,93,1750,1498,1.16822
nist-epub-0008,3,94,1540,1426,1.07994
nist-epub-0008,3,95,1528,1538,0.99350
nist-epub-0008,3,96,1567,1423,1.10119
nist-epub-0008,3,97,1850,1445,1.28028
nist-epub-0008,3,98,1601,1438,1.11335
nist-epub-0008,3,99,1633,1474,1.10787
nist-epub-0008,3,100,1576,1468,1.07357
nist-epub-0009,3,1,6159,2673,2.30415
nist-epub-0009,3,2,5801,2443,2.37454
nist-epub-0009,3,3,6053,2582,2.34431
nist-epub-0009,3,4,5751,2603,2.20937
nist-epub-0009,3,5,5711,2404,2.37562
nist-epub-0009,3,6,5949,2422,2.45623
nist-epub-0009,3,7,5569,2992,1.86130
nist-epub-0009,3,8,5583,2452,2.27692
nist-epub-0009,3,9,5689,2887,1.97056
nist-epub-0009,3,10,5686,2599,2.18776
nist-epub-0009,3,11,5894,2670,2.20749
nist-epub-0009,3,12,5648,2725,2.07266
nist-epub-0009,3,13,5876,2678,2.19417
nist-epub-0009,3,14,6118,2817,2.17181
nist-epub-0009,3,15,5920,2698,2.19422
nist-epub-0009,3,16,5911,2601,2.27259
nist-epub-0009,3,17,5852,2557,2.28862
nist-epub-0009,3,18,5967,2657,2.24577
nist-epub-0009,3,19,5620,2799,2.00786
nist-epub-0009,3,20,6018,2445,2.46135
nist-epub-0009,3,21,6069,2630,2.30760
nist-epub-0009,3,22,5717,2473,2.31177
nist-epub-0009,3,23,5782,2656,2.17696
nist-epub-0009,3,24,5676,2585,2.19574
nist-epub-0009,3,25,5914,2742,2.15682
nist-epub-0009,3,26,5828,2759,2.11236
nist-epub-0009,3,27,6042,2840,2.12746
nist-epub-0009,3,28,5857,2401,2.43940
nist-epub-0009,3,29,6029,2656,2.26995
nist-epub-0009,3,30,6056,2917,2.07611
nist-epub-0009,3,31,5644,2999,1.88196
nist-epub-0009,3,32,5924,2438,2.42986
nist-epub-0009,3,33,5743,2687,2.13733
nist-epub-0009,3,34,6118,2370,2.58143
nist-epub-0009,3,35,5863,2890,2.02872
nist-epub-0009,3,36,5880,2491,2.36050
nist-epub-0009,3,37,5639,2822,1.99823
nist-epub-0009,3,38,5593,2422,2.30925
nist-epub-0009,3,39,6069,2579,2.35324
nist-epub-0009,3,40,5829,2615,2.22906
nist-epub-0009,3,41,5589,2382,2.34635
nist-epub-0009,3,42,5875,2486,2.36323
nist-epub-0009,3,43,5965,2533,2.35492
nist-epub-0009,3,44,5871,2640,2.22386
nist-epub-0009,3,45,5951,2628,2.26446
nist-epub-0009,3,46,5966,2344,2.54522
nist-epub-0009,3,47,5923,2716,2.18078
nist-epub-0009,3,48,5719,2663,2.14758
nist-epub-0009,3,49,5613,2788,2.01327
nist-epub-0009,3,50,5668,2678,2.11650
nist-epub-0009,3,51,5744,2610,2.20077
nist-epub-0009,3,52,5762,2449,2.35280
nist-epub-0009,3,53,5829,4919,1.18500
nist-epub-0009,3,54,5933,3066,1.93509
nist-epub-0009,3,55,5753,2697,2.13311
nist-epub-0009,3,56,5833,2683,2.17406
nist-epub-0009,3,57,6576,2883,2.28096
nist-epub-0009,3,58,6152,2471,2.48968
nist-epub-0009,3,59,5599,2391,2.34170
nist-epub-0009,3,60,6216,3539,1.75643
nist-epub-0009,3,61,5639,2949,1.91217
nist-epub-0009,3,62,5873,2584,2.27283
nist-epub-0009,3,63,6329,2594,2.43986
nist-epub-0009,3,64,5727,2490,2.30000
nist-epub-0009,3,65,5851,2734,2.14009
nist-epub-0009,3,66,5805,2435,2.38398
nist-epub-0009,3,67,5847,2800,2.08821
nist-epub-0009,3,68,5652,2679,2.10974
nist-epub-0009,3,69,5689,2864,1.98638
nist-epub-0009,3,70,6125,2521,2.42959
nist-epub-0009,3,71,5836,2709,2.15430
nist-epub-0009,3,72,5705,3067,1.86012
nist-epub-0009,3,73,5743,2747,2.09064
nist-epub-0009,3,74,5640,2611,2.16009
nist-epub-0009,3,75,7628,2548,2.99372
nist-epub-0009,3,76,5786,2499,2.31533
nist-epub-0009,3,77,5723,2782,2.05715
nist-epub-0009,3,78,5639,2418,2.33209
nist-epub-0009,3,79,5926,2865,2.06841
nist-epub-0009,3,80,5981,2620,2.28282
nist-epub-0009,3,81,6403,2759,2.32077
nist-epub-0009,3,82,5759,3128,1.84111
nist-epub-0009,3,83,5999,2477,2.42188
nist-epub-0009,3,84,5841,2649,2.20498
nist-epub-0009,3,85,5920,2577,2.29724
nist-epub-0009,3,86,5611,2725,2.05908
nist-epub-0009,3,87,6293,2772,2.27020
nist-epub-0009,3,88,6289,2600,2.41885
nist-epub-0009,3,89,5668,2453,2.31064
nist-epub-0009,3,90,5754,2641,2.17872
nist-epub-0009,3,91,5707,2912,1.95982
nist-epub-0009,3,92,5853,2639,2.21789
nist-epub-0009,3,93,5946,2513,2.36610
nist-epub-0009,3,94,5679,2403,2.36330
nist-epub-0009,3,95,5790,2451,2.36230
nist-epub-0009,3,96,5940,2731,2.17503
nist-epub-0009,3,97,5779,2813,2.05439
nist-epub-0009,3,98,5737,2579,2.22451
nist-epub-0009,3,99,6045,2726,2.21753
nist-epub-0009,3,100,5965,2588,2.30487
nist-pdf-0002,3,1,1281,1300,0.98538
nist-pdf-0002,3,2,1327,1435,0.92474
nist-pdf-0002,3,3,1367,1302,1.04992
nist-pdf-0002,3,4,1319,1485,0.88822
nist-pdf-0002,3,5,1341,1477,0.90792
nist-pdf-0002,3,6,1361,1365,0.99707
nist-pdf-0002,3,7,1339,1391,0.96262
nist-pdf-0002,3,8,1376,1436,0.95822
nist-pdf-0002,3,9,1433,1432,1.00070
nist-pdf-0002,3,10,1357,1299,1.04465
nist-pdf-0002,3,11,1331,1464,0.90915
nist-pdf-0002,3,12,1450,1476,0.98238
nist-pdf-0002,3,13,1482,1334,1.11094
nist-pdf-0002,3,14,1343,1293,1.03867
nist-pdf-0002,3,15,1318,1378,0.95646
nist-pdf-0002,3,16,1428,1463,0.97608
nist-pdf-0002,3,17,1409,1406,1.00213
nist-pdf-0002,3,18,1321,1309,1.00917
nist-pdf-0002,3,19,1273,1462,0.87073
nist-pdf-0002,3,20,1354,1394,0.97131
nist-pdf-0002,3,21,1452,1347,1.07795
nist-pdf-0002,3,22,1329,1354,0.98154
nist-pdf-0002,3,23,1429,1484,0.96294
nist-pdf-0002,3,24,1407,1452,0.96901
nist-pdf-0002,3,25,1330,1351,0.98446
nist-pdf-0002,3,26,1440,1316,1.09422
nist-pdf-0002,3,27,1361,1381,0.98552
nist-pdf-0002,3,28,1349,1365,0.98828
nist-pdf-0002,3,29,1321,1398,0.94492
nist-pdf-0002,3,30,1367,1304,1.04831
nist-pdf-0002,3,31,1268,1484,0.85445
nist-pdf-0002,3,32,1391,1476,0.94241
nist-pdf-0002,3,33,1365,1417,0.96330
nist-pdf-0002,3,34,1352,1463,0.92413
nist-pdf-0002,3,35,1437,1493,0.96249
nist-pdf-0002,3,36,1392,1337,1.04114
nist-pdf-0002,3,37,1371,1347,1.01782
nist-pdf-0002,3,38,1409,1357,1.03832
nist-pdf-0002,3,39,1310,1470,0.89116
nist-pdf-0002,3,40,1377,1465,0.93993
nist-pdf-0002,3,41,1365,1315,1.03802
nist-pdf-0002,3,42,1418,1327,1.06858
nist-pdf-0002,3,43,1367,1375,0.99418
nist-pdf-0002,3,44,1355,1525,0.88852
nist-pdf-0002,3,45,1319,1370,0.96277
nist-pdf-0002,3,46,1397,1338,1.04410
nist-pdf-0002,3,47,1960,1362,1.43906
nist-pdf-0002,3,48,1382,1465,0.94334
nist-pdf-0002,3,49,1399,1376,1.01672
nist-pdf-0002,3,50,1318,1333,0.98875
nist-pdf-0002,3,51,1459,1410,1.03475
nist-pdf-0002,3,52,1419,1331,1.06612
nist-pdf-0002,3,53,1445,1389,1.04032
nist-pdf-0002,3,54,1378,1473,0.93551
nist-pdf-0002,3,55,1478,1460,1.01233
nist-pdf-0002,3,56,1391,1457,0.95470
nist-pdf-0002,3,57,1369,1300,1.05308
nist-pdf-0002,3,58,1427,1386,1.02958
nist-pdf-0002,3,59,1333,1451,0.91868
nist-pdf-0002,3,60,1447,1358,1.06554
nist-pdf-0002,3,61,1337,1413,0.94621
nist-pdf-0002,3,62,1313,1518,0.86495
nist-pdf-0002,3,63,1520,1384,1.09827
nist-pdf-0002,3,64,1368,1433,0.95464
nist-pdf-0002,3,65,1320,1375,0.96000
nist-pdf-0002,3,66,1316,1460,0.90137
nist-pdf-0002,3,67,1348,1421,0.94863
nist-pdf-0002,3,68,1354,1365,0.99194
nist-pdf-0002,3,69,1336,1406,0.95021
nist-pdf-0002,3,70,1418,1381,1.02679
nist-pdf-0002,3,71,1332,1326,1.00452
nist-pdf-0002,3,72,1321,1427,0.92572
nist-pdf-0002,3,73,1339,1890,0.70847
nist-pdf-0002,3,74,1329,1389,0.95680
nist-pdf-0002,3,75,1364,1341,1.01715
nist-pdf-0002,3,76,1365,1300,1.05000
nist-pdf-0002,3,77,1336,1512,0.88360
nist-pdf-0002,3,78,1410,1456,0.96841
nist-pdf-0002,3,79,1352,1470,0.91973
nist-pdf-0002,3,80,1483,1448,1.02417
nist-pdf-0002,3,81,1568,1519,1.03226
nist-pdf-0002,3,82,1496,1465,1.02116
nist-pdf-0002,3,83,1380,1513,0.91210
nist-pdf-0002,3,84,1448,1544,0.93782
nist-pdf-0002,3,85,1581,1380,1.14565
nist-pdf-0002,3,86,1449,1337,1.08377
nist-pdf-0002,3,87,1411,1369,1.03068
nist-pdf-0002,3,88,1377,1349,1.02076
nist-pdf-0002,3,89,1465,1472,0.99524
nist-pdf-0002,3,90,1365,1402,0.97361
nist-pdf-0002,3,91,1324,1344,0.98512
nist-pdf-0002,3,92,1402,1401,1.00071
nist-pdf-0002,3,93,1407,1408,0.99929
nist-pdf-0002,3,94,1359,1384,0.98194
nist-pdf-0002,3,95,1365,1290,1.05814
nist-pdf-0002,3,96,1399,1609,0.86948
nist-pdf-0002,3,97,1418,1348,1.05193
nist-pdf-0002,3,98,1355,1372,0.98761
nist-pdf-0002,3,99,1367,1444,0.94668
nist-pdf-0002,3,100,1411,1522,0.92707
nist-pdf-0004,3,1,3182,2047,1.55447
nist-pdf-0004,3,2,3069,1914,1.60345
nist-pdf-0004,3,3,3004,1963,1.53031
nist-pdf-0004,3,4,3219,1846,1.74377
nist-pdf-0004,3,5,3233,2192,1.47491
nist-pdf-0004,3,6,3027,1739,1.74066
nist-pdf-0004,3,7,2982,2086,1.42953
nist-pdf-0004,3,8,3385,1803,1.87743
nist-pdf-0004,3,9,2897,1824,1.58827
nist-pdf-0004,3,10,3106,1883,1.64950
nist-pdf-0004,3,11,3238,1854,1.74649
nist-pdf-0004,3,12,3136,1853,1.69239
nist-pdf-0004,3,13,3108,2078,1.49567
nist-pdf-0004,3,14,2966,1843,1.60933
nist-pdf-0004,3,15,3055,1920,1.59115
nist-pdf-0004,3,16,3148,1926,1.63448
nist-pdf-0004,3,17,3051,2027,1.50518
nist-pdf-0004,3,18,3033,2075,1.46169
nist-pdf-0004,3,19,2916,2024,1.44071
nist-pdf-0004,3,20,3065,2093,1.46441
nist-pdf-0004,3,21,3032,2052,1.47758
nist-pdf-0004,3,22,3097,1788,1.73210
nist-pdf-0004,3,23,3109,1807,1.72053
nist-pdf-0004,3,24,3067,1849,1.65873
nist-pdf-0004,3,25,3038,2032,1.49508
nist-pdf-0004,3,26,3029,1758,1.72298
nist-pdf-0004,3,27,2965,2002,1.48102
nist-pdf-0004,3,28,3004,2019,1.48787
nist-pdf-0004,3,29,2953,1975,1.49519
nist-pdf-0004,3,30,3093,1820,1.69945
nist-pdf-0004,3,31,2990,1792,1.66853
nist-pdf-0004,3,32,3076,1758,1.74972
nist-pdf-0004,3,33,3095,2136,1.44897
nist-pdf-0004,3,34,2943,1982,1.48486
nist-pdf-0004,3,35,3137,2146,1.46179
nist-pdf-0004,3,36,3002,2097,1.43157
nist-pdf-0004,3,37,3008,1931,1.55774
nist-pdf-0004,3,38,2965,2029,1.46131
nist-pdf-0004,3,39,3290,1821,1.80670
nist-pdf-0004,3,40,3310,2083,1.58905
nist-pdf-0004,3,41,3035,2193,1.38395
nist-pdf-0004,3,42,3129,1933,1.61873
nist-pdf-0004,3,43,3188,2063,1.54532
nist-pdf-0004,3,44,2902,1915,1.51540
nist-pdf-0004,3,45,3220,1973,1.63203
nist-pdf-0004,3,46,3370,1899,1.77462
nist-pdf-0004,3,47,3050,2044,1.49217
nist-pdf-0004,3,48,2984,2075,1.43807
nist-pdf-0004,3,49,2917,2066,1.41191
nist-pdf-0004,3,50,3096,2141,1.44605
nist-pdf-0004,3,51,2970,2034,1.46018
nist-pdf-0004,3,52,3061,1950,1.56974
nist-pdf-0004,3,53,3125,2132,1.46576
nist-pdf-0004,3,54,2884,2159,1.33580
nist-pdf-0004,3,55,3105,2050,1.51463
nist-pdf-0004,3,56,3009,1801,1.67074
nist-pdf-0004,3,57,3126,1914,1.63323
nist-pdf-0004,3,58,3128,1847,1.69356
nist-pdf-0004,3,59,3094,1966,1.57375
nist-pdf-0004,3,60,3078,1903,1.61745
nist-pdf-0004,3,61,3055,2095,1.45823
nist-pdf-0004,3,62,3091,1983,1.55875
nist-pdf-0004,3,63,3115,1915,1.62663
nist-pdf-0004,3,64,2975,1968,1.51169
nist-pdf-0004,3,65,2993,2003,1.49426
nist-pdf-0004,3,66,3005,1988,1.51157
nist-pdf-0004,3,67,2972,2292,1.29668
nist-pdf-0004,3,68,3011,2058,1.46307
nist-pdf-0004,3,69,3112,1828,1.70241
nist-pdf-0004,3,70,3089,2190,1.41050
nist-pdf-0004,3,71,3051,1943,1.57025
nist-pdf-0004,3,72,3123,1764,1.77041
nist-pdf-0004,3,73,2982,2021,1.47551
nist-pdf-0004,3,74,3012,2044,1.47358
nist-pdf-0004,3,75,3055,2154,1.41829
nist-pdf-0004,3,76,2999,1952,1.53637
nist-pdf-0004,3,77,2951,1908,1.54665
nist-pdf-0004,3,78,3002,1773,1.69318
nist-pdf-0004,3,79,2975,1854,1.60464
nist-pdf-0004,3,80,3153,1918,1.64390
nist-pdf-0004,3,81,3034,2145,1.41445
nist-pdf-0004,3,82,2952,1868,1.58030
nist-pdf-0004,3,83,3111,1996,1.55862
nist-pdf-0004,3,84,2983,1993,1.49674
nist-pdf-0004,3,85,3174,2105,1.50784
nist-pdf-0004,3,86,3068,1996,1.53707
nist-pdf-0004,3,87,3014,1936,1.55682
nist-pdf-0004,3,88,3072,1946,1.57862
nist-pdf-0004,3,89,2941,1888,1.55773
nist-pdf-0004,3,90,3043,1958,1.55414
nist-pdf-0004,3,91,3071,2028,1.51430
nist-pdf-0004,3,92,2968,1818,1.63256
nist-pdf-0004,3,93,3022,2077,1.45498
nist-pdf-0004,3,94,3019,1908,1.58229
nist-pdf-0004,3,95,3033,2131,1.42328
nist-pdf-0004,3,96,2979,1960,1.51990
nist-pdf-0004,3,97,2951,1973,1.49569
nist-pdf-0004,3,98,3207,2095,1.53079
nist-pdf-0004,3,99,2984,1783,1.67358
nist-pdf-0004,3,100,2961,1800,1.64500
nist-pdf-0016,3,1,1481,1437,1.03062
nist-pdf-0016,3,2,1460,1485,0.98316
nist-pdf-0016,3,3,1371,1531,0.89549
nist-pdf-0016,3,4,1421,1372,1.03571
nist-pdf-0016,3,5,1427,1403,1.01711
nist-pdf-0016,3,6,1496,1562,0.95775
nist-pdf-0016,3,7,1441,1448,0.99517
nist-pdf-0016,3,8,1420,1581,0.89817
nist-pdf-0016,3,9,1435,1480,0.96959
nist-pdf-0016,3,10,1468,1403,1.04633
nist-pdf-0016,3,11,1491,1473,1.01222
nist-pdf-0016,3,12,1401,1397,1.00286
nist-pdf-0016,3,13,1501,1460,1.02808
nist-pdf-0016,3,14,1513,1479,1.02299
nist-pdf-0016,3,15,1421,1391,1.02157
nist-pdf-0016,3,16,1437,1395,1.03011
nist-pdf-0016,3,17,1471,1492,0.98592
nist-pdf-0016,3,18,1539,1437,1.07098
nist-pdf-0016,3,19,1555,1374,1.13173
nist-pdf-0016,3,20,1486,1377,1.07916
nist-pdf-0016,3,21,1453,1461,0.99452
nist-pdf-0016,3,22,1436,1483,0.96831
nist-pdf-0016,3,23,1429,1410,1.01348
nist-pdf-0016,3,24,1561,1628,0.95885
nist-pdf-0016,3,25,1553,1441,1.07772
nist-pdf-0016,3,26,1674,1429,1.17145
nist-pdf-0016,3,27,1532,1925,0.79584
nist-pdf-0016,3,28,1524,1538,0.99090
nist-pdf-0016,3,29,1500,1515,0.99010
nist-pdf-0016,3,30,1463,1397,1.04724
nist-pdf-0016,3,31,1502,1832,0.81987
nist-pdf-0016,3,32,1505,1418,1.06135
nist-pdf-0016,3,33,1523,1398,1.08941
nist-pdf-0016,3,34,1495,1374,1.08806
nist-pdf-0016,3,35,1483,1523,0.97374
nist-pdf-0016,3,36,1482,1438,1.03060
nist-pdf-0016,3,37,1503,1635,0.91927
nist-pdf-0016,3,38,2324,1514,1.53501
nist-pdf-0016,3,39,1486,1524,0.97507
nist-pdf-0016,3,40,1440,1455,0.98969
nist-pdf-0016,3,41,1440,1401,1.02784
nist-pdf-0016,3,42,1466,1518,0.96574
nist-pdf-0016,3,43,1471,1526,0.96396
nist-pdf-0016,3,44,1432,1351,1.05996
nist-pdf-0016,3,45,1465,1423,1.02952
nist-pdf-0016,3,46,1482,1526,0.97117
nist-pdf-0016,3,47,1503,1717,0.87536
nist-pdf-0016,3,48,1428,1457,0.98010
nist-pdf-0016,3,49,1457,1803,0.80810
nist-pdf-0016,3,50,1482,1368,1.08333
nist-pdf-0016,3,51,1422,1486,0.95693
nist-pdf-0016,3,52,1525,1526,0.99934
nist-pdf-0016,3,53,1446,1465,0.98703
nist-pdf-0016,3,54,1456,1456,1.00000
nist-pdf-0016,3,55,1412,1405,1.00498
nist-pdf-0016,3,56,1485,1372,1.08236
nist-pdf-0016,3,57,1573,1463,1.07519
nist-pdf-0016,3,58,1507,1396,1.07951
nist-pdf-0016,3,59,1501,1412,1.06303
nist-pdf-0016,3,60,1494,1480,1.00946
nist-pdf-0016,3,61,1537,1473,1.04345
nist-pdf-0016,3,62,1417,1358,1.04345
nist-pdf-0016,3,63,1426,1469,0.97073
nist-pdf-0016,3,64,1576,1499,1.05137
nist-pdf-0016,3,65,1518,1447,1.04907
nist-pdf-0016,3,66,1409,1508,0.93435
nist-pdf-0016,3,67,1427,1436,0.99373
nist-pdf-0016,3,68,1512,1487,1.01681
nist-pdf-0016,3,69,1410,1446,0.97510
nist-pdf-0016,3,70,1495,1375,1.08727
nist-pdf-0016,3,71,1435,1484,0.96698
nist-pdf-0016,3,72,1436,1427,1.00631
nist-pdf-0016,3,73,1389,1414,0.98232
nist-pdf-0016,3,74,1471,1416,1.03884
nist-pdf-0016,3,75,1416,1553,0.91178
nist-pdf-0016,3,76,1449,1431,1.01258
nist-pdf-0016,3,77,1502,1460,1.02877
nist-pdf-0016,3,78,1427,1358,1.05081
nist-pdf-0016,3,79,1772,1384,1.28035
nist-pdf-0016,3,80,1472,1398,1.05293
nist-pdf-0016,3,81,1402,1472,0.95245
nist-pdf-0016,3,82,1575,1355,1.16236
nist-pdf-0016,3,83,1463,1474,0.99254
nist-pdf-0016,3,84,1439,1485,0.96902
nist-pdf-0016,3,85,1435,1422,1.00914
nist-pdf-0016,3,86,1533,1438,1.06606
nist-pdf-0016,3,87,1532,1487,1.03026
nist-pdf-0016,3,88,1415,1388,1.01945
nist-pdf-0016,3,89,1403,1395,1.00573
nist-pdf-0016,3,90,1530,1647,0.92896
nist-pdf-0016,3,91,1494,1865,0.80107
nist-pdf-0016,3,92,1484,1502,0.98802
nist-pdf-0016,3,93,1506,1541,0.97729
nist-pdf-0016,3,94,1665,1614,1.03160
nist-pdf-0016,3,95,1569,1524,1.02953
nist-pdf-0016,3,96,1558,1417,1.09951
nist-pdf-0016,3,97,1497,1501,0.99734
nist-pdf-0016,3,98,1458,1460,0.99863
nist-pdf-0016,3,99,1450,1496,0.96925
nist-pdf-0016,3,100,1435,1400,1.02500
nist-pdf-0017,3,1,3698,2576,1.43556
nist-pdf-0017,3,2,3872,2026,1.91115
nist-pdf-0017,3,3,3876,2081,1.86257
nist-pdf-0017,3,4,3798,1915,1.98329
nist-pdf-0017,3,5,3962,2192,1.80748
nist-pdf-0017,3,6,3685,2198,1.67652
nist-pdf-0017,3,7,3813,2121,1.79774
nist-pdf-0017,3,8,3742,2044,1.83072
nist-pdf-0017,3,9,3842,2213,1.73610
nist-pdf-0017,3,10,3794,2220,1.70901
nist-pdf-0017,3,11,3806,2099,1.81324
nist-pdf-0017,3,12,3819,2407,1.58662
nist-pdf-0017,3,13,3792,2548,1.48823
nist-pdf-0017,3,14,3884,2517,1.54311
nist-pdf-0017,3,15,3726,2348,1.58688
nist-pdf-0017,3,16,3943,2233,1.76579
nist-pdf-0017,3,17,3740,2166,1.72669
nist-pdf-0017,3,18,4032,2117,1.90458
nist-pdf-0017,3,19,3957,2038,1.94161
nist-pdf-0017,3,20,4013,2223,1.80522
nist-pdf-0017,3,21,3810,2012,1.89364
nist-pdf-0017,3,22,3871,2110,1.83460
nist-pdf-0017,3,23,3742,2318,1.61432
nist-pdf-0017,3,24,4202,1976,2.12652
nist-pdf-0017,3,25,4130,2017,2.04760
nist-pdf-0017,3,26,4184,2436,1.71757
nist-pdf-0017,3,27,3951,2054,1.92356
nist-pdf-0017,3,28,3879,2310,1.67922
nist-pdf-0017,3,29,3910,2363,1.65468
nist-pdf-0017,3,30,3745,2270,1.64978
nist-pdf-0017,3,31,4117,2155,1.91044
nist-pdf-0017,3,32,3777,2170,1.74055
nist-pdf-0017,3,33,3947,2207,1.78840
nist-pdf-0017,3,34,3707,2110,1.75687
nist-pdf-0017,3,35,3921,2217,1.76861
nist-pdf-0017,3,36,3744,2081,1.79914
nist-pdf-0017,3,37,3788,2192,1.72810
nist-pdf-0017,3,38,3867,2133,1.81294
nist-pdf-0017,3,39,3958,2329,1.69944
nist-pdf-0017,3,40,3761,2592,1.45100
nist-pdf-0017,3,41,3793,2089,1.81570
nist-pdf-0017,3,42,3943,2278,1.73090
nist-pdf-0017,3,43,3885,2286,1.69948
nist-pdf-0017,3,44,4052,2258,1.79451
nist-pdf-0017,3,45,3937,2237,1.75995
nist-pdf-0017,3,46,3780,2650,1.42642
nist-pdf-0017,3,47,3711,2512,1.47731
nist-pdf-0017,3,48,3991,2556,1.56142
nist-pdf-0017,3,49,3659,2428,1.50700
nist-pdf-0017,3,50,3701,2080,1.77933
nist-pdf-0017,3,51,3697,2144,1.72435
nist-pdf-0017,3,52,3881,2325,1.66925
nist-pdf-0017,3,53,4059,2462,1.64866
nist-pdf-0017,3,54,4132,2181,1.89454
nist-pdf-0017,3,55,4053,2346,1.72762
nist-pdf-0017,3,56,4078,2064,1.97578
nist-pdf-0017,3,57,3996,2692,1.48440
nist-pdf-0017,3,58,4065,2355,1.72611
nist-pdf-0017,3,59,4087,2013,2.03030
nist-pdf-0017,3,60,4027,1926,2.09086
nist-pdf-0017,3,61,4011,2380,1.68529
nist-pdf-0017,3,62,4031,2082,1.93612
nist-pdf-0017,3,63,4016,2085,1.92614
nist-pdf-0017,3,64,3753,3078,1.21930
nist-pdf-0017,3,65,4044,2216,1.82491
nist-pdf-0017,3,66,3913,2491,1.57086
nist-pdf-0017,3,67,3946,2255,1.74989
nist-pdf-0017,3,68,3825,2184,1.75137
nist-pdf-0017,3,69,4034,2294,1.75850
nist-pdf-0017,3,70,3933,2022,1.94510
nist-pdf-0017,3,71,3949,2364,1.67047
nist-pdf-0017,3,72,3961,2254,1.75732
nist-pdf-0017,3,73,3841,2391,1.60644
nist-pdf-0017,3,74,3719,2244,1.65731
nist-pdf-0017,3,75,3983,2099,1.89757
nist-pdf-0017,3,76,4297,2281,1.88382
nist-pdf-0017,3,77,3905,1983,1.96924
nist-pdf-0017,3,78,3862,2499,1.54542
nist-pdf-0017,3,79,3790,1966,1.92777
nist-pdf-0017,3,80,3819,2835,1.34709
nist-pdf-0017,3,81,3720,2244,1.65775
nist-pdf-0017,3,82,3883,3813,1.01836
nist-pdf-0017,3,83,3905,2229,1.75191
nist-pdf-0017,3,84,4229,2311,1.82994
nist-pdf-0017,3,85,3785,2135,1.77283
nist-pdf-0017,3,86,3971,2022,1.96390
nist-pdf-0017,3,87,3831,2191,1.74852
nist-pdf-0017,3,88,3930,2015,1.95037
nist-pdf-0017,3,89,3928,2347,1.67363
nist-pdf-0017,3,90,3875,2197,1.76377
nist-pdf-0017,3,91,3825,2036,1.87868
nist-pdf-0017,3,92,3861,2315,1.66782
nist-pdf-0017,3,93,3741,2159,1.73275
nist-pdf-0017,3,94,3841,2130,1.80329
nist-pdf-0017,3,95,3910,2338,1.67237
nist-pdf-0017,3,96,4035,1942,2.07775
nist-pdf-0017,3,97,3745,2228,1.68088
nist-pdf-0017,3,98,3725,2200,1.69318
nist-pdf-0017,3,99,4130,2132,1.93715
nist-pdf-0017,3,100,3861,2036,1.89637
nist-docx-0005,4,1,1327,1530,0.86732
nist-docx-0005,4,2,1317,1564,0.84207
nist-docx-0005,4,3,1339,1581,0.84693
nist-docx-0005,4,4,1534,1572,0.97583
nist-docx-0005,4,5,1320,1568,0.84184
nist-docx-0005,4,6,1386,1565,0.88562
nist-docx-0005,4,7,1320,1579,0.83597
nist-docx-0005,4,8,1387,1669,0.83104
nist-docx-0005,4,9,1328,1566,0.84802
nist-docx-0005,4,10,1451,1541,0.94160
nist-docx-0005,4,11,1481,1666,0.88896
nist-docx-0005,4,12,1285,1518,0.84651
nist-docx-0005,4,13,1256,1674,0.75030
nist-docx-0005,4,14,1351,1730,0.78092
nist-docx-0005,4,15,1298,1565,0.82939
nist-docx-0005,4,16,1317,1664,0.79147
nist-docx-0005,4,17,1746,1985,0.87960
nist-docx-0005,4,18,1292,1628,0.79361
nist-docx-0005,4,19,1283,1589,0.80743
nist-docx-0005,4,20,1315,1559,0.84349
nist-docx-0005,4,21,1472,1594,0.92346
nist-docx-0005,4,22,1379,1554,0.88739
nist-docx-0005,4,23,1427,1621,0.88032
nist-docx-0005,4,24,1252,1571,0.79694
nist-docx-0005,4,25,1283,1507,0.85136
nist-docx-0005,4,26,1343,1653,0.81246
nist-docx-0005,4,27,1300,1681,0.77335
nist-docx-0005,4,28,1330,1656,0.80314
nist-docx-0005,4,29,1318,1856,0.71013
nist-docx-0005,4,30,1304,1557,0.83751
nist-docx-0005,4,31,1296,1788,0.72483
nist-docx-0005,4,32,1349,1599,0.84365
nist-docx-0005,4,33,1359,1554,0.87452
nist-docx-0005,4,34,1409,1783,0.79024
nist-docx-0005,4,35,1352,1590,0.85031
nist-docx-0005,4,36,1346,1681,0.80071
nist-docx-0005,4,37,1503,1660,0.90542
nist-docx-0005,4,38,1386,1612,0.85980
nist-docx-0005,4,39,1423,1728,0.82350
nist-docx-0005,4,40,1440,1923,0.74883
nist-docx-0005,4,41,1364,1724,0.79118
nist-docx-0005,4,42,1360,1529,0.88947
nist-docx-0005,4,43,1403,1696,0.82724
nist-docx-0005,4,44,1348,1601,0.84197
nist-docx-0005,4,45,1262,1700,0.74235
nist-docx-0005,4,46,1349,1600,0.84313
nist-docx-0005,4,47,1404,1685,0.83323
nist-docx-0005,4,48,1428,1637,0.87233
nist-docx-0005,4,49,1259,1672,0.75299
nist-docx-0005,4,50,1349,1755,0.76866
nist-docx-0005,4,51,1350,1619,0.83385
nist-docx-0005,4,52,1347,1743,0.77281
nist-docx-0005,4,53,1296,1614,0.80297
nist-docx-0005,4,54,1294,1553,0.83323
nist-docx-0005,4,55,1501,1583,0.94820
nist-docx-0005,4,56,1418,1522,0.93167
nist-docx-0005,4,57,1348,1507,0.89449
nist-docx-0005,4,58,1336,1672,0.79904
nist-docx-0005,4,59,1406,1629,0.86311
nist-docx-0005,4,60,1396,1581,0.88299
nist-docx-0005,4,61,1277,1580,0.80823
nist-docx-0005,4,62,1265,1576,0.80266
nist-docx-0005,4,63,1313,1546,0.84929
nist-docx-0005,4,64,1335,1654,0.80713
nist-docx-0005,4,65,1303,1660,0.78494
nist-docx-0005,4,66,1341,1547,0.86684
nist-docx-0005,4,67,1402,1633,0.85854
nist-docx-0005,4,68,1349,1673,0.80634
nist-docx-0005,4,69,1386,1603,0.86463
nist-docx-0005,4,70,1360,1804,0.75388
nist-docx-0005,4,71,1360,1595,0.85266
nist-docx-0005,4,72,3037,1579,1.92337
nist-docx-0005,4,73,1460,1588,0.91940
nist-docx-0005,4,74,1314,1590,0.82642
nist-docx-0005,4,75,1321,1564,0.84463
nist-docx-0005,4,76,1335,1596,0.83647
nist-docx-0005,4,77,1373,2585,0.53114
nist-docx-0005,4,78,1337,1589,0.84141
nist-docx-0005,4,79,1351,1586,0.85183
nist-docx-0005,4,80,1379,1586,0.86948
nist-docx-0005,4,81,1338,1718,0.77881
nist-docx-0005,4,82,1407,1671,0.84201
nist-docx-0005,4,83,1395,1589,0.87791
nist-docx-0005,4,84,1597,1853,0.86185
nist-docx-0005,4,85,1489,1613,0.92312
nist-docx-0005,4,86,1381,1660,0.83193
nist-docx-0005,4,87,1393,1757,0.79283
nist-docx-0005,4,88,1379,1639,0.84137
nist-docx-0005,4,89,1246,1684,0.73990
nist-docx-0005,4,90,1343,1661,0.80855
nist-docx-0005,4,91,1361,1579,0.86194
nist-docx-0005,4,92,1362,1623,0.83919
nist-docx-0005,4,93,1343,1676,0.80131
nist-docx-0005,4,94,1423,1596,0.89160
nist-docx-0005,4,95,1328,1625,0.81723
nist-docx-0005,4,96,1424,1615,0.88173
nist-docx-0005,4,97,1358,1581,0.85895
nist-docx-0005,4,98,1235,1561,0.79116
nist-docx-0005,4,99,1389,1628,0.85319
nist-docx-0005,4,100,1318,1633,0.80710
nist-docx-0008,4,1,1072,1621,0.66132
nist-docx-0008,4,2,1091,1437,0.75922
nist-docx-0008,4,3,1045,1440,0.72569
nist-docx-0008,4,4,1107,1471,0.75255
nist-docx-0008,4,5,1081,1592,0.67902
nist-docx-0008,4,6,1099,1476,0.74458
nist-docx-0008,4,7,1069,1528,0.69961
nist-docx-0008,4,8,1139,1567,0.72687
nist-docx-0008,4,9,1051,1476,0.71206
nist-docx-0008,4,10,1028,1578,0.65146
nist-docx-0008,4,11,1060,1669,0.63511
nist-docx-0008,4,12,1097,1523,0.72029
nist-docx-0008,4,13,1058,1572,0.67303
nist-docx-0008,4,14,1071,1493,0.71735
nist-docx-0008,4,15,1083,1503,0.72056
nist-docx-0008,4,16,1072,1456,0.73626
nist-docx-0008,4,17,1119,1445,0.77439
nist-docx-0008,4,18,1080,1487,0.72629
nist-docx-0008,4,19,1086,1531,0.70934
nist-docx-0008,4,20,1076,1419,0.75828
nist-docx-0008,4,21,1027,1540,0.66688
nist-docx-0008,4,22,1080,1474,0.73270
nist-docx-0008,4,23,1190,1525,0.78033
nist-docx-0008,4,24,1377,1524,0.90354
nist-docx-0008,4,25,1071,1581,0.67742
nist-docx-0008,4,26,1142,1444,0.79086
nist-docx-0008,4,27,1096,1583,0.69236
nist-docx-0008,4,28,1200,1511,0.79418
nist-docx-0008,4,29,1164,1551,0.75048
nist-docx-0008,4,30,1140,1469,0.77604
nist-docx-0008,4,31,1070,1537,0.69616
nist-docx-0008,4,32,1140,1461,0.78029
nist-docx-0008,4,33,1028,1585,0.64858
nist-docx-0008,4,34,1078,1511,0.71343
nist-docx-0008,4,35,1063,1579,0.67321
nist-docx-0008,4,36,1077,1488,0.72379
nist-docx-0008,4,37,1197,1542,0.77626
nist-docx-0008,4,38,1120,1494,0.74967
nist-docx-0008,4,39,1027,1582,0.64918
nist-docx-0008,4,40,1269,1678,0.75626
nist-docx-0008,4,41,1094,1530,0.71503
nist-docx-0008,4,42,1116,1505,0.74153
nist-docx-0008,4,43,1126,1630,0.69080
nist-docx-0008,4,44,1108,1529,0.72466
nist-docx-0008,4,45,1064,1614,0.65923
nist-docx-0008,4,46,1070,1566,0.68327
nist-docx-0008,4,47,1131,1597,0.70820
nist-docx-0008,4,48,1051,1557,0.67502
nist-docx-0008,4,49,1087,1618,0.67182
nist-docx-0008,4,50,1048,1523,0.68812
nist-docx-0008,4,51,1072,1487,0.72091
nist-docx-0008,4,52,1074,1533,0.70059
nist-docx-0008,4,53,1109,1484,0.74730
nist-docx-0008,4,54,997,1427,0.69867
nist-docx-0008,4,55,1067,1453,0.73434
nist-docx-0008,4,56,1116,1560,0.71538
nist-docx-0008,4,57,1080,1639,0.65894
nist-docx-0008,4,58,1048,1465,0.71536
nist-docx-0008,4,59,1078,1730,0.62312
nist-docx-0008,4,60,1145,1496,0.76537
nist-docx-0008,4,61,1089,1445,0.75363
nist-docx-0008,4,62,1228,1583,0.77574
nist-docx-0008,4,63,1110,1479,0.75051
nist-docx-0008,4,64,1019,1490,0.68389
nist-docx-0008,4,65,1060,1474,0.71913
nist-docx-0008,4,66,1078,1536,0.70182
nist-docx-0008,4,67,1097,1477,0.74272
nist-docx-0008,4,68,1128,1679,0.67183
nist-docx-0008,4,69,1078,1504,0.71676
nist-docx-0008,4,70,1070,1483,0.72151
nist-docx-0008,4,71,1063,1508,0.70491
nist-docx-0008,4,72,1141,1738,0.65650
nist-docx-0008,4,73,1117,1501,0.74417
nist-docx-0008,4,74,1100,1464,0.75137
nist-docx-0008,4,75,1060,1571,0.67473
nist-docx-0008,4,76,1119,1545,0.72427
nist-docx-0008,4,77,1223,1501,0.81479
nist-docx-0008,4,78,1269,1522,0.83377
nist-docx-0008,4,79,1099,1523,0.72160
nist-docx-0008,4,80,1138,1633,0.69688
nist-docx-0008,4,81,1436,1559,0.92110
nist-docx-0008,4,82,1088,1604,0.67830
nist-docx-0008,4,83,1484,1614,0.91945
nist-docx-0008,4,84,1048,1793,0.58450
nist-docx-0008,4,85,1108,1569,0.70618
nist-docx-0008,4,86,1084,1465,0.73993
nist-docx-0008,4,87,1066,1481,0.71978
nist-docx-0008,4,88,1091,1551,0.70342
nist-docx-0008,4,89,1139,1586,0.71816
nist-docx-0008,4,90,1208,1571,0.76894
nist-docx-0008,4,91,1045,1553,0.67289
nist-docx-0008,4,92,1115,1459,0.76422
nist-docx-0008,4,93,1054,1511,0.69755
nist-docx-0008,4,94,1194,1536,0.77734
nist-docx-0008,4,95,1076,1504,0.71543
nist-docx-0008,4,96,1028,1559,0.65940
nist-docx-0008,4,97,1087,1564,0.69501
nist-docx-0008,4,98,1071,1454,0.73659
nist-docx-0008,4,99,1135,1568,0.72385
nist-docx-0008,4,100,1109,1514,0.73250
nist-docx-0009,4,1,1760,1631,1.07909
nist-docx-0009,4,2,1801,1629,1.10559
nist-docx-0009,4,3,1796,1627,1.10387
nist-docx-0009,4,4,1781,1628,1.09398
nist-docx-0009,4,5,1762,1780,0.98989
nist-docx-0009,4,6,1792,1695,1.05723
nist-docx-0009,4,7,1778,1895,0.93826
nist-docx-0009,4,8,1908,1798,1.06118
nist-docx-0009,4,9,1806,1649,1.09521
nist-docx-0009,4,10,1874,1628,1.15111
nist-docx-0009,4,11,1968,1696,1.16038
nist-docx-0009,4,12,1884,1777,1.06021
nist-docx-0009,4,13,1872,1699,1.10182
nist-docx-0009,4,14,1739,1659,1.04822
nist-docx-0009,4,15,1834,1635,1.12171
nist-docx-0009,4,16,1878,1733,1.08367
nist-docx-0009,4,17,1867,1626,1.14822
nist-docx-0009,4,18,1880,1660,1.13253
nist-docx-0009,4,19,1825,1666,1.09544
nist-docx-0009,4,20,1789,1648,1.08556
nist-docx-0009,4,21,1788,1813,0.98621
nist-docx-0009,4,22,1878,1660,1.13133
nist-docx-0009,4,23,1800,1709,1.05325
nist-docx-0009,4,24,1850,1829,1.01148
nist-docx-0009,4,25,1898,1678,1.13111
nist-docx-0009,4,26,1731,1627,1.06392
nist-docx-0009,4,27,1794,1667,1.07618
nist-docx-0009,4,28,1813,1645,1.10213
nist-docx-0009,4,29,1765,1607,1.09832
nist-docx-0009,4,30,1845,1605,1.14953
nist-docx-0009,4,31,1719,1719,1.00000
nist-docx-0009,4,32,1905,1664,1.14483
nist-docx-0009,4,33,1782,1659,1.07414
nist-docx-0009,4,34,1759,1733,1.01500
nist-docx-0009,4,35,1783,1679,1.06194
nist-docx-0009,4,36,1894,1711,1.10695
nist-docx-0009,4,37,1931,1710,1.12924
nist-docx-0009,4,38,1855,1699,1.09182
nist-docx-0009,4,39,1775,1681,1.05592
nist-docx-0009,4,40,1801,1651,1.09085
nist-docx-0009,4,41,1919,1700,1.12882
nist-docx-0009,4,42,1885,1637,1.15150
nist-docx-0009,4,43,1766,1823,0.96873
nist-docx-0009,4,44,1856,1648,1.12621
nist-docx-0009,4,45,1778,1684,1.05582
nist-docx-0009,4,46,1844,1747,1.05552
nist-docx-0009,4,47,1746,1787,0.97706
nist-docx-0009,4,48,1881,1621,1.16039
nist-docx-0009,4,49,1878,1814,1.03528
nist-docx-0009,4,50,1825,1731,1.05430
nist-docx-0009,4,51,1747,2382,0.73342
nist-docx-0009,4,52,1834,1749,1.04860
nist-docx-0009,4,53,1784,1605,1.11153
nist-docx-0009,4,54,1839,1899,0.96840
nist-docx-0009,4,55,1846,1693,1.09037
nist-docx-0009,4,56,1786,1691,1.05618
nist-docx-0009,4,57,1947,1682,1.15755
nist-docx-0009,4,58,1817,1628,1.11609
nist-docx-0009,4,59,1977,1753,1.12778
nist-docx-0009,4,60,1743,1774,0.98253
nist-docx-0009,4,61,1814,1589,1.14160
nist-docx-0009,4,62,1847,1775,1.04056
nist-docx-0009,4,63,1838,1730,1.06243
nist-docx-0009,4,64,1923,1630,1.17975
nist-docx-0009,4,65,1806,1660,1.08795
nist-docx-0009,4,66,1808,1688,1.07109
nist-docx-0009,4,67,1782,1959,0.90965
nist-docx-0009,4,68,1869,1659,1.12658
nist-docx-0009,4,69,1727,1743,0.99082
nist-docx-0009,4,70,1970,1690,1.16568
nist-docx-0009,4,71,1837,1634,1.12424
nist-docx-0009,4,72,1780,1606,1.10834
nist-docx-0009,4,73,1967,1797,1.09460
nist-docx-0009,4,74,1837,1662,1.10529
nist-docx-0009,4,75,1721,1749,0.98399
nist-docx-0009,4,76,1796,1689,1.06335
nist-docx-0009,4,77,1774,1661,1.06803
nist-docx-0009,4,78,1908,1755,1.08718
nist-docx-0009,4,79,1908,1651,1.15566
nist-docx-0009,4,80,1771,1753,1.01027
nist-docx-0009,4,81,1760,1701,1.03469
nist-docx-0009,4,82,1836,1679,1.09351
nist-docx-0009,4,83,1836,1615,1.13684
nist-docx-0009,4,84,1918,1882,1.01913
nist-docx-0009,4,85,1833,1690,1.08462
nist-docx-0009,4,86,1960,1871,1.04757
nist-docx-0009,4,87,2000,1834,1.09051
nist-docx-0009,4,88,1832,1901,0.96370
nist-docx-0009,4,89,1886,1703,1.10746
nist-docx-0009,4,90,1846,1720,1.07326
nist-docx-0009,4,91,1891,1779,1.06296
nist-docx-0009,4,92,1798,1695,1.06077
nist-docx-0009,4,93,1781,1699,1.04826
nist-docx-0009,4,94,2075,1687,1.22999
nist-docx-0009,4,95,1843,1881,0.97980
nist-docx-0009,4,96,1800,2219,0.81118
nist-docx-0009,4,97,2267,1641,1.38147
nist-docx-0009,4,98,1878,1787,1.05092
nist-docx-0009,4,99,1797,1727,1.04053
nist-docx-0009,4,100,1728,1722,1.00348
nist-docx-0014,4,1,3749,2491,1.50502
nist-docx-0014,4,2,3714,2328,1.59536
nist-docx-0014,4,3,3531,2143,1.64769
nist-docx-0014,4,4,3615,2305,1.56833
nist-docx-0014,4,5,3616,2919,1.23878
nist-docx-0014,4,6,3752,2317,1.61934
nist-docx-0014,4,7,3706,2374,1.56108
nist-docx-0014,4,8,3665,2247,1.63106
nist-docx-0014,4,9,3671,2352,1.56080
nist-docx-0014,4,10,3620,2101,1.72299
nist-docx-0014,4,11,3880,2351,1.65036
nist-docx-0014,4,12,3738,2457,1.52137
nist-docx-0014,4,13,3759,2503,1.50180
nist-docx-0014,4,14,3575,2126,1.68156
nist-docx-0014,4,15,3936,2226,1.76819
nist-docx-0014,4,16,3517,2095,1.67876
nist-docx-0014,4,17,3687,2285,1.61357
nist-docx-0014,4,18,3499,2330,1.50172
nist-docx-0014,4,19,3656,2352,1.55442
nist-docx-0014,4,20,3710,2150,1.72558
nist-docx-0014,4,21,4320,2307,1.87256
nist-docx-0014,4,22,3631,2109,1.72167
nist-docx-0014,4,23,3870,2487,1.55609
nist-docx-0014,4,24,3963,2171,1.82543
nist-docx-0014,4,25,3885,2290,1.69651
nist-docx-0014,4,26,3769,2446,1.54088
nist-docx-0014,4,27,3604,2396,1.50417
nist-docx-0014,4,28,3774,2172,1.73757
nist-docx-0014,4,29,3688,2359,1.56337
nist-docx-0014,4,30,4245,2183,1.94457
nist-docx-0014,4,31,3718,2412,1.54146
nist-docx-0014,4,32,3799,2242,1.69447
nist-docx-0014,4,33,3759,2234,1.68263
nist-docx-0014,4,34,3983,2176,1.83042
nist-docx-0014,4,35,3805,2202,1.72797
nist-docx-0014,4,36,4259,2401,1.77384
nist-docx-0014,4,37,3743,2228,1.67998
nist-docx-0014,4,38,3794,2404,1.57820
nist-docx-0014,4,39,3629,2400,1.51208
nist-docx-0014,4,40,3987,2297,1.73574
nist-docx-0014,4,41,3633,2563,1.41748
nist-docx-0014,4,42,3738,2449,1.52634
nist-docx-0014,4,43,3720,2212,1.68174
nist-docx-0014,4,44,3835,2234,1.71665
nist-docx-0014,4,45,3884,2713,1.43163
nist-docx-0014,4,46,3900,2479,1.57322
nist-docx-0014,4,47,3733,2353,1.58649
nist-docx-0014,4,48,3691,2463,1.49858
nist-docx-0014,4,49,3711,2295,1.61699
nist-docx-0014,4,50,3729,2484,1.50121
nist-docx-0014,4,51,3693,2529,1.46026
nist-docx-0014,4,52,3902,2432,1.60444
nist-docx-0014,4,53,3825,2501,1.52939
nist-docx-0014,4,54,3604,2282,1.57932
nist-docx-0014,4,55,3844,2465,1.55943
nist-docx-0014,4,56,3762,2161,1.74086
nist-docx-0014,4,57,3791,2281,1.66199
nist-docx-0014,4,58,3727,2242,1.66236
nist-docx-0014,4,59,4330,2233,1.93910
nist-docx-0014,4,60,3603,2139,1.68443
nist-docx-0014,4,61,3895,2231,1.74585
nist-docx-0014,4,62,4847,2290,2.11659
nist-docx-0014,4,63,3978,2412,1.64925
nist-docx-0014,4,64,3931,2385,1.64822
nist-docx-0014,4,65,3672,2165,1.69607
nist-docx-0014,4,66,3748,3000,1.24933
nist-docx-0014,4,67,3772,2267,1.66387
nist-docx-0014,4,68,3680,2381,1.54557
nist-docx-0014,4,69,3701,2203,1.67998
nist-docx-0014,4,70,3889,2417,1.60902
nist-docx-0014,4,71,3721,2383,1.56148
nist-docx-0014,4,72,3699,2494,1.48316
nist-docx-0014,4,73,3672,2214,1.65854
nist-docx-0014,4,74,3689,2339,1.57717
nist-docx-0014,4,75,3978,2289,1.73788
nist-docx-0014,4,76,3754,2260,1.66106
nist-docx-0014,4,77,3561,2537,1.40363
nist-docx-0014,4,78,3596,2246,1.60107
nist-docx-0014,4,79,3594,2549,1.40996
nist-docx-0014,4,80,3581,2297,1.55899
nist-docx-0014,4,81,3611,2488,1.45137
nist-docx-0014,4,82,3723,2615,1.42371
nist-docx-0014,4,83,3639,2193,1.65937
nist-docx-0014,4,84,3630,2272,1.59771
nist-docx-0014,4,85,3608,2436,1.48112
nist-docx-0014,4,86,3832,2162,1.77243
nist-docx-0014,4,87,3750,2299,1.63114
nist-docx-0014,4,88,3701,2171,1.70474
nist-docx-0014,4,89,3748,2190,1.71142
nist-docx-0014,4,90,3625,2153,1.68370
nist-docx-0014,4,91,3843,2542,1.51180
nist-docx-0014,4,92,3636,2365,1.53742
nist-docx-0014,4,93,3813,2322,1.64212
nist-docx-0014,4,94,3723,2440,1.52582
nist-docx-0014,4,95,3775,2424,1.55734
nist-docx-0014,4,96,3652,2231,1.63693
nist-docx-0014,4,97,3830,2303,1.66305
nist-docx-0014,4,98,3700,2266,1.63283
nist-docx-0014,4,99,3794,2296,1.65244
nist-docx-0014,4,100,3583,2202,1.62716
nist-epub-0003,4,1,2972,1856,1.60129
nist-epub-0003,4,2,3063,1818,1.68482
nist-epub-0003,4,3,3021,1931,1.56447
nist-epub-0003,4,4,2940,1916,1.53445
nist-epub-0003,4,5,3091,1966,1.57223
nist-epub-0003,4,6,3026,2100,1.44095
nist-epub-0003,4,7,3000,1938,1.54799
nist-epub-0003,4,8,3083,1893,1.62863
nist-epub-0003,4,9,2946,1970,1.49543
nist-epub-0003,4,10,3056,1768,1.72851
nist-epub-0003,4,11,2926,1925,1.52000
nist-epub-0003,4,12,2925,1772,1.65068
nist-epub-0003,4,13,3237,1888,1.71451
nist-epub-0003,4,14,2911,1782,1.63356
nist-epub-0003,4,15,3190,2049,1.55686
nist-epub-0003,4,16,2934,1840,1.59457
nist-epub-0003,4,17,2912,1937,1.50336
nist-epub-0003,4,18,3104,1843,1.68421
nist-epub-0003,4,19,3005,1890,1.58995
nist-epub-0003,4,20,3071,1892,1.62315
nist-epub-0003,4,21,2933,2059,1.42448
nist-epub-0003,4,22,3207,1945,1.64884
nist-epub-0003,4,23,2948,2173,1.35665
nist-epub-0003,4,24,2897,2025,1.43062
nist-epub-0003,4,25,3182,1948,1.63347
nist-epub-0003,4,26,3005,1977,1.51998
nist-epub-0003,4,27,2930,1787,1.63962
nist-epub-0003,4,28,3000,2056,1.45914
nist-epub-0003,4,29,3009,1854,1.62298
nist-epub-0003,4,30,3366,1857,1.81260
nist-epub-0003,4,31,3095,1870,1.65508
nist-epub-0003,4,32,2995,1835,1.63215
nist-epub-0003,4,33,3131,2061,1.51917
nist-epub-0003,4,34,3181,1909,1.66632
nist-epub-0003,4,35,3606,2059,1.75134
nist-epub-0003,4,36,3072,2078,1.47834
nist-epub-0003,4,37,3055,2217,1.37799
nist-epub-0003,4,38,2943,1835,1.60381
nist-epub-0003,4,39,3049,2498,1.22058
nist-epub-0003,4,40,2953,1882,1.56908
nist-epub-0003,4,41,2917,1914,1.52403
nist-epub-0003,4,42,3050,2022,1.50841
nist-epub-0003,4,43,2928,1893,1.54675
nist-epub-0003,4,44,2947,1891,1.55843
nist-epub-0003,4,45,2935,1911,1.53585
nist-epub-0003,4,46,3009,1946,1.54625
nist-epub-0003,4,47,2889,1928,1.49844
nist-epub-0003,4,48,3014,1909,1.57884
nist-epub-0003,4,49,2929,1875,1.56213
nist-epub-0003,4,50,3091,1978,1.56269
nist-epub-0003,4,51,2992,1883,1.58895
nist-epub-0003,4,52,3107,1977,1.57157
nist-epub-0003,4,53,3045,2159,1.41038
nist-epub-0003,4,54,3005,1837,1.63582
nist-epub-0003,4,55,3024,1873,1.61452
nist-epub-0003,4,56,2966,1804,1.64412
nist-epub-0003,4,57,3024,1900,1.59158
nist-epub-0003,4,58,2925,1903,1.53705
nist-epub-0003,4,59,2976,1888,1.57627
nist-epub-0003,4,60,2939,1859,1.58096
nist-epub-0003,4,61,3041,1926,1.57892
nist-epub-0003,4,62,2922,1875,1.55840
nist-epub-0003,4,63,2934,1937,1.51471
nist-epub-0003,4,64,2998,1930,1.55337
nist-epub-0003,4,65,3068,1957,1.56771
nist-epub-0003,4,66,2976,2289,1.30013
nist-epub-0003,4,67,3022,1871,1.61518
nist-epub-0003,4,68,2950,1938,1.52219
nist-epub-0003,4,69,2970,1830,1.62295
nist-epub-0003,4,70,3083,1845,1.67100
nist-epub-0003,4,71,3658,1856,1.97091
nist-epub-0003,4,72,3144,1892,1.66173
nist-epub-0003,4,73,3010,1832,1.64301
nist-epub-0003,4,74,3343,1913,1.74752
nist-epub-0003,4,75,3403,1863,1.82662
nist-epub-0003,4,76,3258,1849,1.76203
nist-epub-0003,4,77,2945,1874,1.57150
nist-epub-0003,4,78,3178,1831,1.73566
nist-epub-0003,4,79,3247,1885,1.72255
nist-epub-0003,4,80,2934,1895,1.54828
nist-epub-0003,4,81,3203,2473,1.29519
nist-epub-0003,4,82,3005,1876,1.60181
nist-epub-0003,4,83,2963,1901,1.55865
nist-epub-0003,4,84,2950,1849,1.59546
nist-epub-0003,4,85,3010,1954,1.54043
nist-epub-0003,4,86,2919,1909,1.52907
nist-epub-0003,4,87,3044,1818,1.67437
nist-epub-0003,4,88,2965,1853,1.60011
nist-epub-0003,4,89,2997,2261,1.32552
nist-epub-0003,4,90,2951,2063,1.43044
nist-epub-0003,4,91,3000,1831,1.63845
nist-epub-0003,4,92,3120,2024,1.54150
nist-epub-0003,4,93,2953,1894,1.55913
nist-epub-0003,4,94,3033,1903,1.59380
nist-epub-0003,4,95,2970,1779,1.66948
nist-epub-0003,4,96,5687,1951,2.91492
nist-epub-0003,4,97,2939,1879,1.56413
nist-epub-0003,4,98,2869,1819,1.57724
nist-epub-0003,4,99,3041,1891,1.60814
nist-epub-0003,4,100,2911,1819,1.60033
nist-epub-0006,4,1,2431,1691,1.43761
nist-epub-0006,4,2,2392,1538,1.55527
nist-epub-0006,4,3,2494,1599,1.55972
nist-epub-0006,4,4,2442,1643,1.48631
nist-epub-0006,4,5,2395,1655,1.44713
nist-epub-0006,4,6,2448,1574,1.55527
nist-epub-0006,4,7,4867,1612,3.01923
nist-epub-0006,4,8,2319,1554,1.49228
nist-epub-0006,4,9,2388,1598,1.49437
nist-epub-0006,4,10,2393,1659,1.44244
nist-epub-0006,4,11,2419,1659,1.45811
nist-epub-0006,4,12,2425,1854,1.30798
nist-epub-0006,4,13,2381,1558,1.52824
nist-epub-0006,4,14,2425,1600,1.51562
nist-epub-0006,4,15,2465,1567,1.57307
nist-epub-0006,4,16,2441,1583,1.54201
nist-epub-0006,4,17,2520,1631,1.54506
nist-epub-0006,4,18,2375,1639,1.44905
nist-epub-0006,4,19,2422,1615,1.49969
nist-epub-0006,4,20,2397,1621,1.47872
nist-epub-0006,4,21,2383,1612,1.47829
nist-epub-0006,4,22,2462,1727,1.42559
nist-epub-0006,4,23,2358,1647,1.43169
nist-epub-0006,4,24,2431,1615,1.50526
nist-epub-0006,4,25,2372,1635,1.45076
nist-epub-0006,4,26,2411,1623,1.48552
nist-epub-0006,4,27,2403,1632,1.47243
nist-epub-0006,4,28,2367,1601,1.47845
nist-epub-0006,4,29,2474,1769,1.39853
nist-epub-0006,4,30,2385,1608,1.48321
nist-epub-0006,4,31,2448,1630,1.50184
nist-epub-0006,4,32,2395,1596,1.50063
nist-epub-0006,4,33,2372,1688,1.40521
nist-epub-0006,4,34,2342,1702,1.37603
nist-epub-0006,4,35,2451,1644,1.49088
nist-epub-0006,4,36,2552,1644,1.55231
nist-epub-0006,4,37,2417,1624,1.48830
nist-epub-0006,4,38,2326,1585,1.46751
nist-epub-0006,4,39,2346,1652,1.42010
nist-epub-0006,4,40,2446,1590,1.53836
nist-epub-0006,4,41,2399,1565,1.53291
nist-epub-0006,4,42,2429,1677,1.44842
nist-epub-0006,4,43,2373,1625,1.46031
nist-epub-0006,4,44,2402,1746,1.37572
nist-epub-0006,4,45,2421,1655,1.46284
nist-epub-0006,4,46,2371,1543,1.53662
nist-epub-0006,4,47,2535,1688,1.50178
nist-epub-0006,4,48,2513,1678,1.49762
nist-epub-0006,4,49,2491,1679,1.48362
nist-epub-0006,4,50,2383,1601,1.48844
nist-epub-0006,4,51,2437,1585,1.53754
nist-epub-0006,4,52,2362,1628,1.45086
nist-epub-0006,4,53,2377,1568,1.51594
nist-epub-0006,4,54,2504,1609,1.55625
nist-epub-0006,4,55,2441,1570,1.55478
nist-epub-0006,4,56,2421,1761,1.37479
nist-epub-0006,4,57,2431,1601,1.51843
nist-epub-0006,4,58,2394,1565,1.52971
nist-epub-0006,4,59,2321,1772,1.30982
nist-epub-0006,4,60,2397,1597,1.50094
nist-epub-0006,4,61,2342,1591,1.47203
nist-epub-0006,4,62,2472,1631,1.51563
nist-epub-0006,4,63,2367,1657,1.42849
nist-epub-0006,4,64,2781,1578,1.76236
nist-epub-0006,4,65,2501,1766,1.41619
nist-epub-0006,4,66,2472,1702,1.45241
nist-epub-0006,4,67,2394,1615,1.48235
nist-epub-0006,4,68,2338,1603,1.45852
nist-epub-0006,4,69,2397,1727,1.38796
nist-epub-0006,4,70,2370,1576,1.50381
nist-epub-0006,4,71,2357,1555,1.51576
nist-epub-0006,4,72,2405,1573,1.52893
nist-epub-0006,4,73,2627,1560,1.68397
nist-epub-0006,4,74,2551,1624,1.57081
nist-epub-0006,4,75,2455,1707,1.43820
nist-epub-0006,4,76,2304,1621,1.42134
nist-epub-0006,4,77,2339,1672,1.39892
nist-epub-0006,4,78,2404,1538,1.56307
nist-epub-0006,4,79,2334,1614,1.44610
nist-epub-0006,4,80,2456,1691,1.45240
nist-epub-0006,4,81,2360,1644,1.43552
nist-epub-0006,4,82,2429,1644,1.47749
nist-epub-0006,4,83,2408,1637,1.47098
nist-epub-0006,4,84,2479,1699,1.45909
nist-epub-0006,4,85,2387,1631,1.46352
nist-epub-0006,4,86,2315,1634,1.41677
nist-epub-0006,4,87,2359,1658,1.42280
nist-epub-0006,4,88,2355,1600,1.47188
nist-epub-0006,4,89,2368,1908,1.24109
nist-epub-0006,4,90,2339,1604,1.45823
nist-epub-0006,4,91,2383,1641,1.45216
nist-epub-0006,4,92,2466,1663,1.48286
nist-epub-0006,4,93,2425,1718,1.41153
nist-epub-0006,4,94,2750,1585,1.73502
nist-epub-0006,4,95,2467,1612,1.53040
nist-epub-0006,4,96,2348,1581,1.48514
nist-epub-0006,4,97,2548,1677,1.51938
nist-epub-0006,4,98,2426,1632,1.48652
nist-epub-0006,4,99,2424,1609,1.50653
nist-epub-0006,4,100,2371,1599,1.48280
nist-epub-0008,4,1,1545,1460,1.05822
nist-epub-0008,4,2,1559,1444,1.07964
nist-epub-0008,4,3,1590,2219,0.71654
nist-epub-0008,4,4,1584,1554,1.01931
nist-epub-0008,4,5,1628,1504,1.08245
nist-epub-0008,4,6,1565,1505,1.03987
nist-epub-0008,4,7,1531,1599,0.95747
nist-epub-0008,4,8,1615,1520,1.06250
nist-epub-0008,4,9,1513,1505,1.00532
nist-epub-0008,4,10,1615,1510,1.06954
nist-epub-0008,4,11,1642,1521,1.07955
nist-epub-0008,4,12,1517,1512,1.00331
nist-epub-0008,4,13,1528,1578,0.96831
nist-epub-0008,4,14,1584,1521,1.04142
nist-epub-0008,4,15,1586,1567,1.01213
nist-epub-0008,4,16,1577,2284,0.69046
nist-epub-0008,4,17,1832,1520,1.20526
nist-epub-0008,4,18,1507,1697,0.88804
nist-epub-0008,4,19,1560,1527,1.02161
nist-epub-0008,4,20,1545,1571,0.98345
nist-epub-0008,4,21,1526,1484,1.02830
nist-epub-0008,4,22,1674,1589,1.05349
nist-epub-0008,4,23,1645,1535,1.07166
nist-epub-0008,4,24,1522,1516,1.00396
nist-epub-0008,4,25,1559,1594,0.97804
nist-epub-0008,4,26,1660,1606,1.03362
nist-epub-0008,4,27,1593,1565,1.01789
nist-epub-0008,4,28,1555,1527,1.01834
nist-epub-0008,4,29,1528,1462,1.04514
nist-epub-0008,4,30,1524,1491,1.02213
nist-epub-0008,4,31,1538,1533,1.00326
nist-epub-0008,4,32,1526,1503,1.01530
nist-epub-0008,4,33,1544,1445,1.06851
nist-epub-0008,4,34,1614,1527,1.05697
nist-epub-0008,4,35,1614,1497,1.07816
nist-epub-0008,4,36,1510,1487,1.01547
nist-epub-0008,4,37,1488,1485,1.00202
nist-epub-0008,4,38,1545,1561,0.98975
nist-epub-0008,4,39,1556,1557,0.99936
nist-epub-0008,4,40,1672,1673,0.99940
nist-epub-0008,4,41,1568,1507,1.04048
nist-epub-0008,4,42,1580,1513,1.04428
nist-epub-0008,4,43,1630,1635,0.99694
nist-epub-0008,4,44,1546,1641,0.94211
nist-epub-0008,4,45,1662,1524,1.09055
nist-epub-0008,4,46,1673,1570,1.06561
nist-epub-0008,4,47,1521,1571,0.96817
nist-epub-0008,4,48,1563,1481,1.05537
nist-epub-0008,4,49,1546,1514,1.02114
nist-epub-0008,4,50,1580,1514,1.04359
nist-epub-0008,4,51,1750,1522,1.14980
nist-epub-0008,4,52,1789,1519,1.17775
nist-epub-0008,4,53,1565,1557,1.00514
nist-epub-0008,4,54,1561,1569,0.99490
nist-epub-0008,4,55,1604,1524,1.05249
nist-epub-0008,4,56,1586,3807,0.41660
nist-epub-0008,4,57,1540,1791,0.85985
nist-epub-0008,4,58,1524,1511,1.00860
nist-epub-0008,4,59,1493,1517,0.98418
nist-epub-0008,4,60,1608,1548,1.03876
nist-epub-0008,4,61,1592,1750,0.90971
nist-epub-0008,4,62,1550,1531,1.01241
nist-epub-0008,4,63,1510,1560,0.96795
nist-epub-0008,4,64,1544,1479,1.04395
nist-epub-0008,4,65,1548,1517,1.02044
nist-epub-0008,4,66,1550,1623,0.95502
nist-epub-0008,4,67,1568,1499,1.04603
nist-epub-0008,4,68,1600,1598,1.00125
nist-epub-0008,4,69,1567,1518,1.03228
nist-epub-0008,4,70,1525,1505,1.01329
nist-epub-0008,4,71,1517,1488,1.01949
nist-epub-0008,4,72,1519,1718,0.88417
nist-epub-0008,4,73,1674,1507,1.11082
nist-epub-0008,4,74,1496,1545,0.96828
nist-epub-0008,4,75,1665,1487,1.11970
nist-epub-0008,4,76,1540,1500,1.02667
nist-epub-0008,4,77,1526,1512,1.00926
nist-epub-0008,4,78,1669,1620,1.03025
nist-epub-0008,4,79,1576,1643,0.95922
nist-epub-0008,4,80,1494,1438,1.03894
nist-epub-0008,4,81,1560,1551,1.00580
nist-epub-0008,4,82,1609,1508,1.06698
nist-epub-0008,4,83,1523,1483,1.02697
nist-epub-0008,4,84,1729,1526,1.13303
nist-epub-0008,4,85,1513,1609,0.94034
nist-epub-0008,4,86,1724,1484,1.16173
nist-epub-0008,4,87,1519,1493,1.01741
nist-epub-0008,4,88,1531,1473,1.03938
nist-epub-0008,4,89,1502,1481,1.01418
nist-epub-0008,4,90,1613,1491,1.08182
nist-epub-0008,4,91,1570,1500,1.04667
nist-epub-0008,4,92,1563,1500,1.04200
nist-epub-0008,4,93,1591,1562,1.01857
nist-epub-0008,4,94,1547,1433,1.07955
nist-epub-0008,4,95,1559,1588,0.98174
nist-epub-0008,4,96,1566,1528,1.02487
nist-epub-0008,4,97,1534,1439,1.06602
nist-epub-0008,4,98,1565,1531,1.02221
nist-epub-0008,4,99,1607,1534,1.04759
nist-epub-0008,4,100,1522,1467,1.03749
nist-epub-0009,4,1,5770,2692,2.14339
nist-epub-0009,4,2,5674,2457,2.30932
nist-epub-0009,4,3,5726,2590,2.21081
nist-epub-0009,4,4,5667,2522,2.24703
nist-epub-0009,4,5,5646,2562,2.20375
nist-epub-0009,4,6,5678,3204,1.77216
nist-epub-0009,4,7,5649,2908,1.94257
nist-epub-0009,4,8,5800,2476,2.34249
nist-epub-0009,4,9,6126,2668,2.29610
nist-epub-0009,4,10,5993,2525,2.37347
nist-epub-0009,4,11,5815,2533,2.29570
nist-epub-0009,4,12,8686,2712,3.20280
nist-epub-0009,4,13,5714,2696,2.11944
nist-epub-0009,4,14,5766,2745,2.10055
nist-epub-0009,4,15,5932,2714,2.18570
nist-epub-0009,4,16,5750,2596,2.21495
nist-epub-0009,4,17,5874,2472,2.37621
nist-epub-0009,4,18,5686,2760,2.06014
nist-epub-0009,4,19,5947,2550,2.33216
nist-epub-0009,4,20,5968,2741,2.17731
nist-epub-0009,4,21,6153,2714,2.26713
nist-epub-0009,4,22,5830,2718,2.14496
nist-epub-0009,4,23,5749,2648,2.17107
nist-epub-0009,4,24,5854,2732,2.14275
nist-epub-0009,4,25,5713,2662,2.14613
nist-epub-0009,4,26,5688,2605,2.18349
nist-epub-0009,4,27,6772,2634,2.57099
nist-epub-0009,4,28,6050,2657,2.27700
nist-epub-0009,4,29,5741,2816,2.03871
nist-epub-0009,4,30,5694,2741,2.07734
nist-epub-0009,4,31,5609,2685,2.08901
nist-epub-0009,4,32,5695,2896,1.96651
nist-epub-0009,4,33,6231,2737,2.27658
nist-epub-0009,4,34,6007,2661,2.25742
nist-epub-0009,4,35,5833,2711,2.15160
nist-epub-0009,4,36,5706,2745,2.07869
nist-epub-0009,4,37,5624,2677,2.10086
nist-epub-0009,4,38,5716,2559,2.23369
nist-epub-0009,4,39,5804,2645,2.19433
nist-epub-0009,4,40,6230,2543,2.44986
nist-epub-0009,4,41,5694,2603,2.18748
nist-epub-0009,4,42,5710,2996,1.90587
nist-epub-0009,4,43,5793,2917,1.98594
nist-epub-0009,4,44,5906,2607,2.26544
nist-epub-0009,4,45,6138,2582,2.37723
nist-epub-0009,4,46,6632,2375,2.79242
nist-epub-0009,4,47,5873,2513,2.33705
nist-epub-0009,4,48,5598,3026,1.84997
nist-epub-0009,4,49,5784,2973,1.94551
nist-epub-0009,4,50,5747,2826,2.03362
nist-epub-0009,4,51,5791,2645,2.18941
nist-epub-0009,4,52,6255,2576,2.42818
nist-epub-0009,4,53,5908,2621,2.25410
nist-epub-0009,4,54,5907,3698,1.59735
nist-epub-0009,4,55,5994,2748,2.18122
nist-epub-0009,4,56,5650,2435,2.32033
nist-epub-0009,4,57,5845,2726,2.14417
nist-epub-0009,4,58,5858,2457,2.38421
nist-epub-0009,4,59,5834,2596,2.24730
nist-epub-0009,4,60,5874,2724,2.15639
nist-epub-0009,4,61,5766,2563,2.24971
nist-epub-0009,4,62,5803,2708,2.14291
nist-epub-0009,4,63,5962,2579,2.31175
nist-epub-0009,4,64,5620,2562,2.19360
nist-epub-0009,4,65,5734,2433,2.35676
nist-epub-0009,4,66,5899,2586,2.28113
nist-epub-0009,4,67,5966,2731,2.18455
nist-epub-0009,4,68,5601,2610,2.14598
nist-epub-0009,4,69,6159,2617,2.35346
nist-epub-0009,4,70,6359,2575,2.46951
nist-epub-0009,4,71,8394,2642,3.17714
nist-epub-0009,4,72,5773,2660,2.17030
nist-epub-0009,4,73,5943,2616,2.27179
nist-epub-0009,4,74,5629,2740,2.05438
nist-epub-0009,4,75,6063,2593,2.33822
nist-epub-0009,4,76,5932,2553,2.32354
nist-epub-0009,4,77,5670,2655,2.13559
nist-epub-0009,4,78,5934,3136,1.89222
nist-epub-0009,4,79,6050,2835,2.13404
nist-epub-0009,4,80,5674,2759,2.05654
nist-epub-0009,4,81,6286,2623,2.39649
nist-epub-0009,4,82,6139,2960,2.07399
nist-epub-0009,4,83,5702,2811,2.02846
nist-epub-0009,4,84,5837,2669,2.18696
nist-epub-0009,4,85,5815,2887,2.01420
nist-epub-0009,4,86,5752,2972,1.93540
nist-epub-0009,4,87,6897,2718,2.53753
nist-epub-0009,4,88,6195,2674,2.31675
nist-epub-0009,4,89,5788,2415,2.39669
nist-epub-0009,4,90,5620,2587,2.17240
nist-epub-0009,4,91,5588,3408,1.63967
nist-epub-0009,4,92,5931,2768,2.14270
nist-epub-0009,4,93,5959,2713,2.19646
nist-epub-0009,4,94,5853,2379,2.46028
nist-epub-0009,4,95,5917,2956,2.00169
nist-epub-0009,4,96,5688,2855,1.99229
nist-epub-0009,4,97,6074,2784,2.18175
nist-epub-0009,4,98,5847,2502,2.33693
nist-epub-0009,4,99,8528,2701,3.15735
nist-epub-0009,4,100,5952,2604,2.28571
nist-pdf-0002,4,1,1353,1349,1.00297
nist-pdf-0002,4,2,1297,1438,0.90195
nist-pdf-0002,4,3,1316,1347,0.97699
nist-pdf-0002,4,4,1433,1462,0.98016
nist-pdf-0002,4,5,1331,1547,0.86037
nist-pdf-0002,4,6,1306,1339,0.97535
nist-pdf-0002,4,7,1359,1410,0.96383
nist-pdf-0002,4,8,2078,1447,1.43607
nist-pdf-0002,4,9,1544,1441,1.07148
nist-pdf-0002,4,10,1321,1520,0.86908
nist-pdf-0002,4,11,1308,1397,0.93629
nist-pdf-0002,4,12,1556,1569,0.99171
nist-pdf-0002,4,13,1440,1588,0.90680
nist-pdf-0002,4,14,1422,1392,1.02155
nist-pdf-0002,4,15,1329,1414,0.93989
nist-pdf-0002,4,16,1316,2022,0.65084
nist-pdf-0002,4,17,1422,1503,0.94611
nist-pdf-0002,4,18,1311,1444,0.90789
nist-pdf-0002,4,19,1352,1575,0.85841
nist-pdf-0002,4,20,1345,1511,0.89014
nist-pdf-0002,4,21,1398,1438,0.97218
nist-pdf-0002,4,22,1355,1428,0.94888
nist-pdf-0002,4,23,1399,1462,0.95691
nist-pdf-0002,4,24,1373,1460,0.94041
nist-pdf-0002,4,25,1410,1384,1.01879
nist-pdf-0002,4,26,1352,1464,0.92350
nist-pdf-0002,4,27,1344,1436,0.93593
nist-pdf-0002,4,28,1302,1430,0.91049
nist-pdf-0002,4,29,1332,1415,0.94134
nist-pdf-0002,4,30,1392,1396,0.99713
nist-pdf-0002,4,31,1382,3175,0.43528
nist-pdf-0002,4,32,1333,1483,0.89885
nist-pdf-0002,4,33,1367,1420,0.96268
nist-pdf-0002,4,34,1361,1447,0.94057
nist-pdf-0002,4,35,1369,1509,0.90722
nist-pdf-0002,4,36,1340,1426,0.93969
nist-pdf-0002,4,37,1425,1385,1.02888
nist-pdf-0002,4,38,1400,1456,0.96154
nist-pdf-0002,4,39,1293,1504,0.85971
nist-pdf-0002,4,40,1361,1432,0.95042
nist-pdf-0002,4,41,1406,1368,1.02778
nist-pdf-0002,4,42,1417,1438,0.98540
nist-pdf-0002,4,43,1371,1460,0.93904
nist-pdf-0002,4,44,1365,1526,0.89450
nist-pdf-0002,4,45,1366,1427,0.95725
nist-pdf-0002,4,46,1373,1446,0.94952
nist-pdf-0002,4,47,1624,1508,1.07692
nist-pdf-0002,4,48,1374,1459,0.94174
nist-pdf-0002,4,49,1322,1399,0.94496
nist-pdf-0002,4,50,1330,1451,0.91661
nist-pdf-0002,4,51,1383,1563,0.88484
nist-pdf-0002,4,52,1363,1458,0.93484
nist-pdf-0002,4,53,1447,1383,1.04628
nist-pdf-0002,4,54,1707,1580,1.08038
nist-pdf-0002,4,55,1387,1592,0.87123
nist-pdf-0002,4,56,1331,1354,0.98301
nist-pdf-0002,4,57,1373,1417,0.96895
nist-pdf-0002,4,58,1399,1430,0.97832
nist-pdf-0002,4,59,1378,1449,0.95100
nist-pdf-0002,4,60,1395,1418,0.98378
nist-pdf-0002,4,61,1389,1437,0.96660
nist-pdf-0002,4,62,1361,1554,0.87580
nist-pdf-0002,4,63,1389,1436,0.96727
nist-pdf-0002,4,64,1363,1455,0.93677
nist-pdf-0002,4,65,1310,1451,0.90283
nist-pdf-0002,4,66,1425,1487,0.95831
nist-pdf-0002,4,67,1350,1461,0.92402
nist-pdf-0002,4,68,1439,1455,0.98900
nist-pdf-0002,4,69,1528,1438,1.06259
nist-pdf-0002,4,70,1400,1376,1.01744
nist-pdf-0002,4,71,1355,1360,0.99632
nist-pdf-0002,4,72,1320,1446,0.91286
nist-pdf-0002,4,73,1313,1385,0.94801
nist-pdf-0002,4,74,1359,1465,0.92765
nist-pdf-0002,4,75,1412,1424,0.99157
nist-pdf-0002,4,76,1370,1387,0.98774
nist-pdf-0002,4,77,1394,1685,0.82730
nist-pdf-0002,4,78,1434,1559,0.91982
nist-pdf-0002,4,79,1348,1570,0.85860
nist-pdf-0002,4,80,1539,1479,1.04057
nist-pdf-0002,4,81,1453,1498,0.96996
nist-pdf-0002,4,82,1383,1547,0.89399
nist-pdf-0002,4,83,1346,1625,0.82831
nist-pdf-0002,4,84,1433,1537,0.93234
nist-pdf-0002,4,85,1407,1549,0.90833
nist-pdf-0002,4,86,1399,1644,0.85097
nist-pdf-0002,4,87,1326,1397,0.94918
nist-pdf-0002,4,88,1313,1482,0.88596
nist-pdf-0002,4,89,1436,1606,0.89415
nist-pdf-0002,4,90,1508,1392,1.08333
nist-pdf-0002,4,91,1386,1472,0.94158
nist-pdf-0002,4,92,1484,1630,0.91043
nist-pdf-0002,4,93,1386,1470,0.94286
nist-pdf-0002,4,94,1365,1443,0.94595
nist-pdf-0002,4,95,1350,1414,0.95474
nist-pdf-0002,4,96,1417,1746,0.81157
nist-pdf-0002,4,97,1479,1558,0.94929
nist-pdf-0002,4,98,1392,1444,0.96399
nist-pdf-0002,4,99,1431,1427,1.00280
nist-pdf-0002,4,100,1380,1402,0.98431
nist-pdf-0004,4,1,3100,1949,1.59056
nist-pdf-0004,4,2,3285,2026,1.62142
nist-pdf-0004,4,3,3169,1948,1.62680
nist-pdf-0004,4,4,3136,2012,1.55865
nist-pdf-0004,4,5,3108,1976,1.57287
nist-pdf-0004,4,6,2932,1878,1.56124
nist-pdf-0004,4,7,2967,2101,1.41218
nist-pdf-0004,4,8,2910,1829,1.59103
nist-pdf-0004,4,9,2863,1942,1.47425
nist-pdf-0004,4,10,3065,2165,1.41570
nist-pdf-0004,4,11,2965,2096,1.41460
nist-pdf-0004,4,12,2978,1883,1.58152
nist-pdf-0004,4,13,2948,2025,1.45580
nist-pdf-0004,4,14,2936,1994,1.47242
nist-pdf-0004,4,15,3128,1897,1.64892
nist-pdf-0004,4,16,2944,1979,1.48762
nist-pdf-0004,4,17,3104,1964,1.58045
nist-pdf-0004,4,18,2945,2063,1.42753
nist-pdf-0004,4,19,2890,2048,1.41113
nist-pdf-0004,4,20,3039,2109,1.44097
nist-pdf-0004,4,21,2951,1954,1.51024
nist-pdf-0004,4,22,3158,1793,1.76129
nist-pdf-0004,4,23,3096,1971,1.57078
nist-pdf-0004,4,24,2970,1902,1.56151
nist-pdf-0004,4,25,3082,2119,1.45446
nist-pdf-0004,4,26,3059,1972,1.55122
nist-pdf-0004,4,27,2903,2081,1.39500
nist-pdf-0004,4,28,2997,2273,1.31852
nist-pdf-0004,4,29,3112,1996,1.55912
nist-pdf-0004,4,30,3115,2090,1.49043
nist-pdf-0004,4,31,3027,2097,1.44349
nist-pdf-0004,4,32,3122,1914,1.63114
nist-pdf-0004,4,33,3100,2012,1.54076
nist-pdf-0004,4,34,3055,2061,1.48229
nist-pdf-0004,4,35,3080,2110,1.45972
nist-pdf-0004,4,36,3039,2008,1.51345
nist-pdf-0004,4,37,2941,1966,1.49593
nist-pdf-0004,4,38,3072,2110,1.45592
nist-pdf-0004,4,39,3107,2048,1.51709
nist-pdf-0004,4,40,3299,2231,1.47871
nist-pdf-0004,4,41,3368,2209,1.52467
nist-pdf-0004,4,42,3288,2246,1.46394
nist-pdf-0004,4,43,3195,2161,1.47848
nist-pdf-0004,4,44,2989,1983,1.50731
nist-pdf-0004,4,45,3117,1876,1.66151
nist-pdf-0004,4,46,3174,2004,1.58383
nist-pdf-0004,4,47,3093,2037,1.51841
nist-pdf-0004,4,48,2969,2036,1.45825
nist-pdf-0004,4,49,3035,1897,1.59989
nist-pdf-0004,4,50,3072,2081,1.47621
nist-pdf-0004,4,51,3011,2093,1.43860
nist-pdf-0004,4,52,3198,1810,1.76685
nist-pdf-0004,4,53,3023,2077,1.45546
nist-pdf-0004,4,54,3060,1794,1.70569
nist-pdf-0004,4,55,3028,2059,1.47062
nist-pdf-0004,4,56,3103,2030,1.52857
nist-pdf-0004,4,57,3142,1833,1.71413
nist-pdf-0004,4,58,3047,2113,1.44203
nist-pdf-0004,4,59,3014,1926,1.56490
nist-pdf-0004,4,60,3101,1950,1.59026
nist-pdf-0004,4,61,3073,2065,1.48814
nist-pdf-0004,4,62,3110,1861,1.67114
nist-pdf-0004,4,63,3105,2078,1.49423
nist-pdf-0004,4,64,2899,2025,1.43160
nist-pdf-0004,4,65,3098,1942,1.59526
nist-pdf-0004,4,66,3056,2034,1.50246
nist-pdf-0004,4,67,3018,2094,1.44126
nist-pdf-0004,4,68,2993,2126,1.40781
nist-pdf-0004,4,69,3009,1805,1.66704
nist-pdf-0004,4,70,3073,2120,1.44953
nist-pdf-0004,4,71,2949,1924,1.53274
nist-pdf-0004,4,72,3162,1911,1.65463
nist-pdf-0004,4,73,2945,1975,1.49114
nist-pdf-0004,4,74,2990,2033,1.47073
nist-pdf-0004,4,75,2971,1991,1.49221
nist-pdf-0004,4,76,2976,1947,1.52851
nist-pdf-0004,4,77,2967,2031,1.46086
nist-pdf-0004,4,78,2988,1961,1.52371
nist-pdf-0004,4,79,3269,2169,1.50715
nist-pdf-0004,4,80,3057,1984,1.54083
nist-pdf-0004,4,81,3043,2225,1.36764
nist-pdf-0004,4,82,3089,1847,1.67244
nist-pdf-0004,4,83,3015,1967,1.53279
nist-pdf-0004,4,84,3044,1892,1.60888
nist-pdf-0004,4,85,3006,2259,1.33068
nist-pdf-0004,4,86,2999,1904,1.57511
nist-pdf-0004,4,87,2956,2026,1.45903
nist-pdf-0004,4,88,3041,2084,1.45921
nist-pdf-0004,4,89,3016,1959,1.53956
nist-pdf-0004,4,90,3189,2101,1.51785
nist-pdf-0004,4,91,3028,1947,1.55521
nist-pdf-0004,4,92,3125,1842,1.69653
nist-pdf-0004,4,93,2991,2265,1.32053
nist-pdf-0004,4,94,3016,1992,1.51406
nist-pdf-0004,4,95,3070,1962,1.56473
nist-pdf-0004,4,96,2942,2017,1.45860
nist-pdf-0004,4,97,2984,2018,1.47869
nist-pdf-0004,4,98,3004,2118,1.41832
nist-pdf-0004,4,99,2968,1903,1.55964
nist-pdf-0004,4,100,3043,2172,1.40101
nist-pdf-0016,4,1,1413,1441,0.98057
nist-pdf-0016,4,2,1413,1600,0.88313
nist-pdf-0016,4,3,1435,1466,0.97885
nist-pdf-0016,4,4,1377,1427,0.96496
nist-pdf-0016,4,5,1382,1439,0.96039
nist-pdf-0016,4,6,1568,1428,1.09804
nist-pdf-0016,4,7,1436,1595,0.90031
nist-pdf-0016,4,8,1463,1661,0.88079
nist-pdf-0016,4,9,1422,1484,0.95822
nist-pdf-0016,4,10,1482,1485,0.99798
nist-pdf-0016,4,11,1470,1587,0.92628
nist-pdf-0016,4,12,1491,1482,1.00607
nist-pdf-0016,4,13,1509,1521,0.99211
nist-pdf-0016,4,14,1440,1471,0.97893
nist-pdf-0016,4,15,1455,1460,0.99658
nist-pdf-0016,4,16,1450,1449,1.00069
nist-pdf-0016,4,17,1552,1507,1.02986
nist-pdf-0016,4,18,1480,1525,0.97049
nist-pdf-0016,4,19,1471,1428,1.03011
nist-pdf-0016,4,20,1482,1436,1.03203
nist-pdf-0016,4,21,1680,1459,1.15147
nist-pdf-0016,4,22,1429,1496,0.95521
nist-pdf-0016,4,23,1496,1456,1.02747
nist-pdf-0016,4,24,1693,1567,1.08041
nist-pdf-0016,4,25,1510,1605,0.94081
nist-pdf-0016,4,26,1550,1565,0.99042
nist-pdf-0016,4,27,1522,1557,0.97752
nist-pdf-0016,4,28,1470,1533,0.95890
nist-pdf-0016,4,29,1465,1505,0.97342
nist-pdf-0016,4,30,1401,1516,0.92414
nist-pdf-0016,4,31,1481,1572,0.94211
nist-pdf-0016,4,32,1471,1486,0.98991
nist-pdf-0016,4,33,1465,1425,1.02807
nist-pdf-0016,4,34,1488,1539,0.96686
nist-pdf-0016,4,35,1436,1503,0.95542
nist-pdf-0016,4,36,1507,1517,0.99341
nist-pdf-0016,4,37,1493,1417,1.05363
nist-pdf-0016,4,38,1587,1469,1.08033
nist-pdf-0016,4,39,1521,1502,1.01265
nist-pdf-0016,4,40,1482,1437,1.03132
nist-pdf-0016,4,41,1441,1595,0.90345
nist-pdf-0016,4,42,1413,1573,0.89828
nist-pdf-0016,4,43,1464,1613,0.90763
nist-pdf-0016,4,44,1490,1484,1.00404
nist-pdf-0016,4,45,1454,1467,0.99114
nist-pdf-0016,4,46,1521,1661,0.91571
nist-pdf-0016,4,47,1524,1724,0.88399
nist-pdf-0016,4,48,1431,1516,0.94393
nist-pdf-0016,4,49,1473,1584,0.92992
nist-pdf-0016,4,50,1442,1478,0.97564
nist-pdf-0016,4,51,1461,1544,0.94624
nist-pdf-0016,4,52,1427,1416,1.00777
nist-pdf-0016,4,53,1518,1536,0.98828
nist-pdf-0016,4,54,1475,1466,1.00614
nist-pdf-0016,4,55,1401,1447,0.96821
nist-pdf-0016,4,56,1485,1429,1.03919
nist-pdf-0016,4,57,1490,1677,0.88849
nist-pdf-0016,4,58,1480,1477,1.00203
nist-pdf-0016,4,59,1422,1387,1.02523
nist-pdf-0016,4,60,1453,1522,0.95466
nist-pdf-0016,4,61,1476,1499,0.98466
nist-pdf-0016,4,62,1400,1434,0.97629
nist-pdf-0016,4,63,1478,1467,1.00750
nist-pdf-0016,4,64,1443,1634,0.88311
nist-pdf-0016,4,65,1440,1454,0.99037
nist-pdf-0016,4,66,1508,1455,1.03643
nist-pdf-0016,4,67,1438,1445,0.99516
nist-pdf-0016,4,68,1502,1533,0.97978
nist-pdf-0016,4,69,1437,1455,0.98763
nist-pdf-0016,4,70,1387,1540,0.90065
nist-pdf-0016,4,71,1473,1891,0.77895
nist-pdf-0016,4,72,1470,1552,0.94716
nist-pdf-0016,4,73,1419,1468,0.96662
nist-pdf-0016,4,74,1450,1400,1.03571
nist-pdf-0016,4,75,1427,1454,0.98143
nist-pdf-0016,4,76,1421,1445,0.98339
nist-pdf-0016,4,77,1472,1387,1.06128
nist-pdf-0016,4,78,1618,1430,1.13147
nist-pdf-0016,4,79,1535,1609,0.95401
nist-pdf-0016,4,80,1383,1472,0.93954
nist-pdf-0016,4,81,1433,1441,0.99445
nist-pdf-0016,4,82,1601,1424,1.12430
nist-pdf-0016,4,83,1435,1620,0.88580
nist-pdf-0016,4,84,1436,1416,1.01412
nist-pdf-0016,4,85,1410,1424,0.99017
nist-pdf-0016,4,86,1496,1475,1.01424
nist-pdf-0016,4,87,1437,1388,1.03530
nist-pdf-0016,4,88,1423,1520,0.93618
nist-pdf-0016,4,89,1410,1501,0.93937
nist-pdf-0016,4,90,1524,1474,1.03392
nist-pdf-0016,4,91,1533,1485,1.03232
nist-pdf-0016,4,92,1443,1429,1.00980
nist-pdf-0016,4,93,1458,1631,0.89393
nist-pdf-0016,4,94,1503,1561,0.96284
nist-pdf-0016,4,95,1554,1436,1.08217
nist-pdf-0016,4,96,1514,1484,1.02022
nist-pdf-0016,4,97,1454,1479,0.98310
nist-pdf-0016,4,98,1503,1452,1.03512
nist-pdf-0016,4,99,1540,1555,0.99035
nist-pdf-0016,4,100,1575,1464,1.07582
nist-pdf-0017,4,1,3654,1968,1.85671
nist-pdf-0017,4,2,3915,1990,1.96734
nist-pdf-0017,4,3,4062,2014,2.01688
nist-pdf-0017,4,4,3744,2172,1.72376
nist-pdf-0017,4,5,3989,2173,1.83571
nist-pdf-0017,4,6,3785,2145,1.76457
nist-pdf-0017,4,7,3986,2325,1.71441
nist-pdf-0017,4,8,3822,2132,1.79268
nist-pdf-0017,4,9,3749,2364,1.58587
nist-pdf-0017,4,10,3664,2201,1.66470
nist-pdf-0017,4,11,3855,2203,1.74989
nist-pdf-0017,4,12,3786,2208,1.71467
nist-pdf-0017,4,13,3856,2372,1.62563
nist-pdf-0017,4,14,3764,2347,1.60375
nist-pdf-0017,4,15,3871,2390,1.61967
nist-pdf-0017,4,16,4030,2353,1.71271
nist-pdf-0017,4,17,3779,2256,1.67509
nist-pdf-0017,4,18,3848,2041,1.88535
nist-pdf-0017,4,19,3848,1984,1.93952
nist-pdf-0017,4,20,3813,2575,1.48078
nist-pdf-0017,4,21,3761,2165,1.73718
nist-pdf-0017,4,22,3804,2182,1.74335
nist-pdf-0017,4,23,3903,2182,1.78873
nist-pdf-0017,4,24,3864,2253,1.71505
nist-pdf-0017,4,25,3838,2158,1.77850
nist-pdf-0017,4,26,4138,2033,2.03542
nist-pdf-0017,4,27,3912,2142,1.82633
nist-pdf-0017,4,28,3720,2114,1.75970
nist-pdf-0017,4,29,3969,2321,1.71004
nist-pdf-0017,4,30,3779,2232,1.69310
nist-pdf-0017,4,31,4018,2216,1.81318
nist-pdf-0017,4,32,3951,2447,1.61463
nist-pdf-0017,4,33,3833,2075,1.84723
nist-pdf-0017,4,34,3658,2506,1.45970
nist-pdf-0017,4,35,3970,2150,1.84651
nist-pdf-0017,4,36,3823,2248,1.70062
nist-pdf-0017,4,37,4821,2336,2.06378
nist-pdf-0017,4,38,3871,2225,1.73978
nist-pdf-0017,4,39,3736,2329,1.60412
nist-pdf-0017,4,40,3893,2134,1.82427
nist-pdf-0017,4,41,3770,2117,1.78082
nist-pdf-0017,4,42,3861,3211,1.20243
nist-pdf-0017,4,43,3802,2393,1.58880
nist-pdf-0017,4,44,3739,2107,1.77456
nist-pdf-0017,4,45,3901,2384,1.63633
nist-pdf-0017,4,46,4005,2165,1.84988
nist-pdf-0017,4,47,3916,2483,1.57712
nist-pdf-0017,4,48,3741,2466,1.51703
nist-pdf-0017,4,49,4367,2078,2.10154
nist-pdf-0017,4,50,3718,2539,1.46436
nist-pdf-0017,4,51,3786,2307,1.64109
nist-pdf-0017,4,52,3965,2709,1.46364
nist-pdf-0017,4,53,3993,2129,1.87553
nist-pdf-0017,4,54,3947,2532,1.55885
nist-pdf-0017,4,55,4130,2109,1.95827
nist-pdf-0017,4,56,3846,2366,1.62553
nist-pdf-0017,4,57,3947,2549,1.54845
nist-pdf-0017,4,58,3820,2280,1.67544
nist-pdf-0017,4,59,4127,2574,1.60334
nist-pdf-0017,4,60,5686,1993,2.85299
nist-pdf-0017,4,61,3969,2336,1.69906
nist-pdf-0017,4,62,3959,2183,1.81356
nist-pdf-0017,4,63,3841,2113,1.81779
nist-pdf-0017,4,64,3896,2650,1.47019
nist-pdf-0017,4,65,3933,2040,1.92794
nist-pdf-0017,4,66,3951,2310,1.71039
nist-pdf-0017,4,67,4278,2514,1.70167
nist-pdf-0017,4,68,3801,2359,1.61128
nist-pdf-0017,4,69,3802,2147,1.77084
nist-pdf-0017,4,70,3742,2049,1.82626
nist-pdf-0017,4,71,3899,2454,1.58883
nist-pdf-0017,4,72,3890,2303,1.68910
nist-pdf-0017,4,73,3886,2260,1.71947
nist-pdf-0017,4,74,3657,2042,1.79089
nist-pdf-0017,4,75,3959,2360,1.67754
nist-pdf-0017,4,76,3874,2477,1.56399
nist-pdf-0017,4,77,3765,2216,1.69901
nist-pdf-0017,4,78,3894,2216,1.75722
nist-pdf-0017,4,79,3887,2372,1.63870
nist-pdf-0017,4,80,3768,3445,1.09376
nist-pdf-0017,4,81,3741,2328,1.60696
nist-pdf-0017,4,82,3754,2286,1.64217
nist-pdf-0017,4,83,3962,2198,1.80255
nist-pdf-0017,4,84,3854,2362,1.63167
nist-pdf-0017,4,85,3916,2182,1.79468
nist-pdf-0017,4,86,3992,2096,1.90458
nist-pdf-0017,4,87,3764,2087,1.80355
nist-pdf-0017,4,88,3983,2112,1.88589
nist-pdf-0017,4,89,3917,2345,1.67036
nist-pdf-0017,4,90,3980,2339,1.70158
nist-pdf-0017,4,91,3781,2241,1.68719
nist-pdf-0017,4,92,3886,2083,1.86558
nist-pdf-0017,4,93,3888,2529,1.53737
nist-pdf-0017,4,94,3776,2002,1.88611
nist-pdf-0017,4,95,3813,2280,1.67237
nist-pdf-0017,4,96,3851,2370,1.62489
nist-pdf-0017,4,97,3858,2655,1.45311
nist-pdf-0017,4,98,4086,2330,1.75365
nist-pdf-0017,4,99,4216,2344,1.79863
nist-pdf-0017,4,100,3709,2224,1.66772
nist-docx-0005,5,1,1401,1535,0.91270
nist-docx-0005,5,2,1491,1642,0.90804
nist-docx-0005,5,3,1333,1665,0.80060
nist-docx-0005,5,4,1540,1640,0.93902
nist-docx-0005,5,5,1348,1611,0.83675
nist-docx-0005,5,6,1296,1563,0.82917
nist-docx-0005,5,7,1323,1646,0.80377
nist-docx-0005,5,8,1551,1674,0.92652
nist-docx-0005,5,9,1250,1622,0.77065
nist-docx-0005,5,10,1376,1572,0.87532
nist-docx-0005,5,11,1358,1569,0.86552
nist-docx-0005,5,12,1309,1629,0.80356
nist-docx-0005,5,13,1263,1749,0.72213
nist-docx-0005,5,14,1331,1603,0.83032
nist-docx-0005,5,15,1315,1586,0.82913
nist-docx-0005,5,16,1465,1504,0.97407
nist-docx-0005,5,17,1444,1636,0.88264
nist-docx-0005,5,18,1313,1616,0.81250
nist-docx-0005,5,19,1421,1698,0.83687
nist-docx-0005,5,20,1395,1651,0.84494
nist-docx-0005,5,21,1356,1573,0.86205
nist-docx-0005,5,22,1333,1590,0.83836
nist-docx-0005,5,23,1354,1565,0.86518
nist-docx-0005,5,24,1286,1579,0.81444
nist-docx-0005,5,25,1250,1668,0.74940
nist-docx-0005,5,26,1307,1636,0.79890
nist-docx-0005,5,27,1342,1625,0.82585
nist-docx-0005,5,28,1282,1676,0.76492
nist-docx-0005,5,29,1318,1879,0.70144
nist-docx-0005,5,30,1332,1633,0.81568
nist-docx-0005,5,31,1278,1589,0.80428
nist-docx-0005,5,32,1350,1595,0.84639
nist-docx-0005,5,33,1405,1575,0.89206
nist-docx-0005,5,34,1363,1698,0.80271
nist-docx-0005,5,35,1376,1693,0.81276
nist-docx-0005,5,36,1335,1740,0.76724
nist-docx-0005,5,37,1467,1708,0.85890
nist-docx-0005,5,38,1413,1562,0.90461
nist-docx-0005,5,39,1356,1566,0.86590
nist-docx-0005,5,40,1351,1687,0.80083
nist-docx-0005,5,41,1311,1567,0.83663
nist-docx-0005,5,42,1376,1671,0.82346
nist-docx-0005,5,43,1342,1623,0.82686
nist-docx-0005,5,44,1329,1572,0.84542
nist-docx-0005,5,45,1289,1581,0.81531
nist-docx-0005,5,46,1233,2138,0.57671
nist-docx-0005,5,47,1389,1598,0.86921
nist-docx-0005,5,48,1289,1587,0.81222
nist-docx-0005,5,49,1364,1660,0.82169
nist-docx-0005,5,50,1319,1640,0.80427
nist-docx-0005,5,51,1364,1579,0.86384
nist-docx-0005,5,52,1311,2212,0.59268
nist-docx-0005,5,53,1334,1663,0.80216
nist-docx-0005,5,54,1307,1583,0.82565
nist-docx-0005,5,55,1429,1730,0.82601
nist-docx-0005,5,56,1449,1749,0.82847
nist-docx-0005,5,57,1335,1618,0.82509
nist-docx-0005,5,58,1387,1639,0.84625
nist-docx-0005,5,59,1394,1572,0.88677
nist-docx-0005,5,60,1312,1492,0.87936
nist-docx-0005,5,61,1339,1745,0.76734
nist-docx-0005,5,62,1262,1577,0.80025
nist-docx-0005,5,63,1270,1559,0.81462
nist-docx-0005,5,64,1312,1753,0.74843
nist-docx-0005,5,65,1491,1669,0.89335
nist-docx-0005,5,66,1492,1567,0.95214
nist-docx-0005,5,67,1331,1694,0.78571
nist-docx-0005,5,68,1373,1580,0.86899
nist-docx-0005,5,69,1338,1614,0.82900
nist-docx-0005,5,70,1340,1623,0.82563
nist-docx-0005,5,71,1409,1563,0.90147
nist-docx-0005,5,72,1331,1569,0.84831
nist-docx-0005,5,73,1359,1811,0.75041
nist-docx-0005,5,74,1383,1588,0.87091
nist-docx-0005,5,75,1312,1606,0.81694
nist-docx-0005,5,76,1324,1648,0.80340
nist-docx-0005,5,77,1368,1564,0.87468
nist-docx-0005,5,78,1335,1685,0.79228
nist-docx-0005,5,79,1382,1672,0.82656
nist-docx-0005,5,80,1353,1617,0.83673
nist-docx-0005,5,81,1319,1625,0.81169
nist-docx-0005,5,82,1422,1756,0.80979
nist-docx-0005,5,83,1461,1715,0.85190
nist-docx-0005,5,84,1605,1705,0.94135
nist-docx-0005,5,85,1523,1720,0.88547
nist-docx-0005,5,86,1344,1763,0.76234
nist-docx-0005,5,87,1373,1675,0.81970
nist-docx-0005,5,88,1323,1758,0.75256
nist-docx-0005,5,89,1318,1560,0.84487
nist-docx-0005,5,90,1367,2021,0.67640
nist-docx-0005,5,91,1289,1663,0.77511
nist-docx-0005,5,92,1346,1572,0.85623
nist-docx-0005,5,93,1403,1677,0.83661
nist-docx-0005,5,94,2129,1726,1.23349
nist-docx-0005,5,95,1376,1537,0.89525
nist-docx-0005,5,96,1365,1805,0.75623
nist-docx-0005,5,97,1564,1626,0.96187
nist-docx-0005,5,98,1262,1655,0.76254
nist-docx-0005,5,99,1317,1595,0.82571
nist-docx-0005,5,100,1332,1568,0.84949
nist-docx-0008,5,1,1133,1464,0.77391
nist-docx-0008,5,2,1018,1554,0.65508
nist-docx-0008,5,3,1133,1460,0.77603
nist-docx-0008,5,4,1019,1489,0.68435
nist-docx-0008,5,5,1042,1536,0.67839
nist-docx-0008,5,6,1103,1462,0.75445
nist-docx-0008,5,7,1139,1497,0.76086
nist-docx-0008,5,8,1110,1622,0.68434
nist-docx-0008,5,9,1515,1570,0.96497
nist-docx-0008,5,10,1056,1519,0.69519
nist-docx-0008,5,11,1127,1555,0.72476
nist-docx-0008,5,12,1106,1679,0.65873
nist-docx-0008,5,13,1133,1519,0.74589
nist-docx-0008,5,14,1012,1486,0.68102
nist-docx-0008,5,15,1149,1489,0.77166
nist-docx-0008,5,16,1076,1495,0.71973
nist-docx-0008,5,17,1047,1454,0.72008
nist-docx-0008,5,18,1048,1460,0.71781
nist-docx-0008,5,19,1034,1455,0.71065
nist-docx-0008,5,20,1061,1527,0.69483
nist-docx-0008,5,21,1109,1549,0.71595
nist-docx-0008,5,22,1051,1543,0.68114
nist-docx-0008,5,23,1164,1435,0.81115
nist-docx-0008,5,24,1165,1491,0.78135
nist-docx-0008,5,25,1090,1507,0.72329
nist-docx-0008,5,26,1143,1495,0.76455
nist-docx-0008,5,27,1064,1477,0.72038
nist-docx-0008,5,28,1095,1518,0.72134
nist-docx-0008,5,29,1056,1495,0.70635
nist-docx-0008,5,30,1078,1540,0.70000
nist-docx-0008,5,31,1170,1519,0.77024
nist-docx-0008,5,32,1057,1496,0.70655
nist-docx-0008,5,33,1035,1580,0.65506
nist-docx-0008,5,34,1073,1502,0.71438
nist-docx-0008,5,35,1117,1527,0.73150
nist-docx-0008,5,36,1130,2554,0.44244
nist-docx-0008,5,37,1163,1540,0.75519
nist-docx-0008,5,38,1032,1439,0.71716
nist-docx-0008,5,39,1122,1464,0.76639
nist-docx-0008,5,40,1021,1592,0.64133
nist-docx-0008,5,41,1059,1609,0.65817
nist-docx-0008,5,42,1058,1545,0.68479
nist-docx-0008,5,43,1116,1513,0.73761
nist-docx-0008,5,44,1127,1452,0.77617
nist-docx-0008,5,45,1090,1466,0.74352
nist-docx-0008,5,46,1145,1514,0.75627
nist-docx-0008,5,47,1224,1447,0.84589
nist-docx-0008,5,48,1012,1536,0.65885
nist-docx-0008,5,49,1064,1564,0.68031
nist-docx-0008,5,50,1084,1569,0.69089
nist-docx-0008,5,51,1136,1452,0.78237
nist-docx-0008,5,52,1046,1470,0.71156
nist-docx-0008,5,53,1133,1486,0.76245
nist-docx-0008,5,54,1056,1547,0.68261
nist-docx-0008,5,55,1001,1456,0.68750
nist-docx-0008,5,56,1089,1511,0.72071
nist-docx-0008,5,57,1041,1498,0.69493
nist-docx-0008,5,58,1055,1526,0.69135
nist-docx-0008,5,59,1047,1557,0.67245
nist-docx-0008,5,60,1137,1656,0.68659
nist-docx-0008,5,61,1057,1446,0.73098
nist-docx-0008,5,62,1119,1611,0.69460
nist-docx-0008,5,63,1147,1447,0.79267
nist-docx-0008,5,64,1039,1440,0.72153
nist-docx-0008,5,65,1024,1484,0.69003
nist-docx-0008,5,66,1161,1762,0.65891
nist-docx-0008,5,67,1086,1421,0.76425
nist-docx-0008,5,68,1508,1531,0.98498
nist-docx-0008,5,69,1169,1519,0.76959
nist-docx-0008,5,70,1075,1428,0.75280
nist-docx-0008,5,71,1061,1559,0.68056
nist-docx-0008,5,72,1097,1581,0.69386
nist-docx-0008,5,73,1103,1482,0.74426
nist-docx-0008,5,74,1142,1519,0.75181
nist-docx-0008,5,75,1180,1552,0.76031
nist-docx-0008,5,76,1106,1486,0.74428
nist-docx-0008,5,77,1137,1557,0.73025
nist-docx-0008,5,78,1145,1510,0.75828
nist-docx-0008,5,79,1127,1531,0.73612
nist-docx-0008,5,80,1120,1447,0.77402
nist-docx-0008,5,81,1402,1597,0.87790
nist-docx-0008,5,82,1231,1751,0.70303
nist-docx-0008,5,83,1243,1495,0.83144
nist-docx-0008,5,84,1083,1548,0.69961
nist-docx-0008,5,85,1107,1452,0.76240
nist-docx-0008,5,86,1049,1492,0.70308
nist-docx-0008,5,87,1087,1439,0.75539
nist-docx-0008,5,88,1034,1461,0.70773
nist-docx-0008,5,89,1073,1615,0.66440
nist-docx-0008,5,90,1136,1552,0.73196
nist-docx-0008,5,91,1088,1600,0.68000
nist-docx-0008,5,92,1043,1479,0.70521
nist-docx-0008,5,93,1016,1577,0.64426
nist-docx-0008,5,94,1081,1539,0.70240
nist-docx-0008,5,95,1067,1426,0.74825
nist-docx-0008,5,96,1073,1507,0.71201
nist-docx-0008,5,97,1063,1491,0.71294
nist-docx-0008,5,98,1067,1473,0.72437
nist-docx-0008,5,99,1154,1469,0.78557
nist-docx-0008,5,100,1118,1564,0.71483
nist-docx-0009,5,1,1710,1635,1.04587
nist-docx-0009,5,2,1725,1834,0.94057
nist-docx-0009,5,3,1782,1635,1.08991
nist-docx-0009,5,4,1745,1684,1.03622
nist-docx-0009,5,5,1710,1811,0.94423
nist-docx-0009,5,6,1747,1776,0.98367
nist-docx-0009,5,7,1838,1635,1.12416
nist-docx-0009,5,8,1877,1966,0.95473
nist-docx-0009,5,9,1929,1781,1.08310
nist-docx-0009,5,10,1794,1605,1.11776
nist-docx-0009,5,11,2000,1670,1.19760
nist-docx-0009,5,12,1821,1624,1.12131
nist-docx-0009,5,13,1829,2219,0.82425
nist-docx-0009,5,14,1765,1746,1.01088
nist-docx-0009,5,15,1840,1742,1.05626
nist-docx-0009,5,16,1804,1940,0.92990
nist-docx-0009,5,17,1718,1660,1.03494
nist-docx-0009,5,18,1889,1640,1.15183
nist-docx-0009,5,19,1813,1836,0.98747
nist-docx-0009,5,20,1869,1685,1.10920
nist-docx-0009,5,21,1690,1751,0.96516
nist-docx-0009,5,22,1724,1673,1.03048
nist-docx-0009,5,23,1692,1700,0.99529
nist-docx-0009,5,24,1885,1674,1.12605
nist-docx-0009,5,25,1946,1664,1.16947
nist-docx-0009,5,26,1720,1638,1.05006
nist-docx-0009,5,27,1889,1612,1.17184
nist-docx-0009,5,28,1746,1723,1.01335
nist-docx-0009,5,29,1727,1665,1.03724
nist-docx-0009,5,30,1720,3495,0.49213
nist-docx-0009,5,31,1813,1590,1.14025
nist-docx-0009,5,32,1956,1667,1.17337
nist-docx-0009,5,33,1768,1669,1.05932
nist-docx-0009,5,34,1771,1665,1.06366
nist-docx-0009,5,35,4167,1735,2.40173
nist-docx-0009,5,36,2247,1721,1.30564
nist-docx-0009,5,37,1920,1707,1.12478
nist-docx-0009,5,38,1898,1662,1.14200
nist-docx-0009,5,39,1863,1712,1.08820
nist-docx-0009,5,40,1873,1704,1.09918
nist-docx-0009,5,41,1878,1664,1.12861
nist-docx-0009,5,42,1822,1616,1.12748
nist-docx-0009,5,43,1815,1788,1.01510
nist-docx-0009,5,44,1829,1709,1.07022
nist-docx-0009,5,45,1790,1660,1.07831
nist-docx-0009,5,46,1834,1706,1.07503
nist-docx-0009,5,47,1787,1650,1.08303
nist-docx-0009,5,48,1784,1605,1.11153
nist-docx-0009,5,49,1849,1688,1.09538
nist-docx-0009,5,50,1881,1682,1.11831
nist-docx-0009,5,51,1809,1695,1.06726
nist-docx-0009,5,52,1769,1628,1.08661
nist-docx-0009,5,53,1835,1623,1.13062
nist-docx-0009,5,54,1828,1691,1.08102
nist-docx-0009,5,55,1820,1713,1.06246
nist-docx-0009,5,56,1711,1740,0.98333
nist-docx-0009,5,57,2033,1831,1.11032
nist-docx-0009,5,58,1810,1612,1.12283
nist-docx-0009,5,59,1775,1666,1.06543
nist-docx-0009,5,60,1803,1717,1.05009
nist-docx-0009,5,61,1725,1695,1.01770
nist-docx-0009,5,62,1848,1752,1.05479
nist-docx-0009,5,63,1821,1708,1.06616
nist-docx-0009,5,64,1803,1711,1.05377
nist-docx-0009,5,65,1808,1892,0.95560
nist-docx-0009,5,66,1795,1587,1.13106
nist-docx-0009,5,67,1746,1733,1.00750
nist-docx-0009,5,68,1748,1686,1.03677
nist-docx-0009,5,69,1743,1708,1.02049
nist-docx-0009,5,70,1894,1645,1.15137
nist-docx-0009,5,71,1781,1759,1.01251
nist-docx-0009,5,72,1754,1658,1.05790
nist-docx-0009,5,73,1965,1937,1.01446
nist-docx-0009,5,74,1784,1621,1.10056
nist-docx-0009,5,75,1729,1586,1.09016
nist-docx-0009,5,76,1733,1692,1.02423
nist-docx-0009,5,77,1758,1743,1.00861
nist-docx-0009,5,78,1810,1711,1.05786
nist-docx-0009,5,79,1746,1738,1.00460
nist-docx-0009,5,80,1754,1590,1.10314
nist-docx-0009,5,81,1791,1759,1.01819
nist-docx-0009,5,82,1695,1696,0.99941
nist-docx-0009,5,83,1756,1610,1.09068
nist-docx-0009,5,84,1955,1850,1.05676
nist-docx-0009,5,85,1839,1752,1.04966
nist-docx-0009,5,86,1860,1797,1.03506
nist-docx-0009,5,87,1926,1757,1.09619
nist-docx-0009,5,88,1854,1861,0.99624
nist-docx-0009,5,89,1888,1614,1.16976
nist-docx-0009,5,90,1862,1731,1.07568
nist-docx-0009,5,91,1857,1681,1.10470
nist-docx-0009,5,92,1791,1769,1.01244
nist-docx-0009,5,93,1806,1715,1.05306
nist-docx-0009,5,94,1946,1774,1.09696
nist-docx-0009,5,95,1771,1670,1.06048
nist-docx-0009,5,96,1740,1672,1.04067
nist-docx-0009,5,97,1869,1962,0.95260
nist-docx-0009,5,98,1838,1595,1.15235
nist-docx-0009,5,99,1800,1953,0.92166
nist-docx-0009,5,100,1727,1742,0.99139
nist-docx-0014,5,1,3696,3206,1.15284
nist-docx-0014,5,2,3652,2245,1.62673
nist-docx-0014,5,3,3445,2572,1.33942
nist-docx-0014,5,4,3739,2255,1.65809
nist-docx-0014,5,5,3571,2471,1.44516
nist-docx-0014,5,6,3586,2242,1.59946
nist-docx-0014,5,7,3795,2228,1.70332
nist-docx-0014,5,8,3620,2130,1.69953
nist-docx-0014,5,9,3660,2313,1.58236
nist-docx-0014,5,10,3706,2141,1.73097
nist-docx-0014,5,11,3686,2324,1.58606
nist-docx-0014,5,12,3692,2177,1.69591
nist-docx-0014,5,13,3975,2404,1.65349
nist-docx-0014,5,14,3710,2218,1.67268
nist-docx-0014,5,15,3868,2606,1.48427
nist-docx-0014,5,16,3800,2127,1.78655
nist-docx-0014,5,17,3863,2213,1.74559
nist-docx-0014,5,18,3579,3323,1.07704
nist-docx-0014,5,19,4021,2192,1.83440
nist-docx-0014,5,20,3631,2273,1.59745
nist-docx-0014,5,21,3820,2302,1.65943
nist-docx-0014,5,22,3657,2114,1.72990
nist-docx-0014,5,23,3862,2218,1.74121
nist-docx-0014,5,24,3704,2287,1.61959
nist-docx-0014,5,25,3780,2174,1.73873
nist-docx-0014,5,26,3864,2122,1.82092
nist-docx-0014,5,27,3838,2221,1.72805
nist-docx-0014,5,28,3907,2239,1.74498
nist-docx-0014,5,29,3610,2333,1.54736
nist-docx-0014,5,30,4434,2387,1.85756
nist-docx-0014,5,31,3648,2251,1.62061
nist-docx-0014,5,32,3805,2302,1.65291
nist-docx-0014,5,33,3640,2336,1.55822
nist-docx-0014,5,34,3710,2148,1.72719
nist-docx-0014,5,35,3833,2122,1.80631
nist-docx-0014,5,36,3671,2321,1.58165
nist-docx-0014,5,37,3685,2207,1.66969
nist-docx-0014,5,38,4019,2305,1.74360
nist-docx-0014,5,39,3997,2330,1.71545
nist-docx-0014,5,40,3689,2404,1.53453
nist-docx-0014,5,41,3591,2234,1.60743
nist-docx-0014,5,42,3850,2424,1.58828
nist-docx-0014,5,43,3923,2177,1.80202
nist-docx-0014,5,44,3921,2674,1.46634
nist-docx-0014,5,45,3649,2477,1.47315
nist-docx-0014,5,46,3781,2518,1.50159
nist-docx-0014,5,47,3702,2286,1.61942
nist-docx-0014,5,48,4071,2488,1.63625
nist-docx-0014,5,49,3656,2486,1.47064
nist-docx-0014,5,50,3703,2180,1.69862
nist-docx-0014,5,51,3637,3386,1.07413
nist-docx-0014,5,52,3832,2423,1.58151
nist-docx-0014,5,53,3914,2393,1.63560
nist-docx-0014,5,54,3753,2257,1.66283
nist-docx-0014,5,55,3769,2493,1.51183
nist-docx-0014,5,56,3634,2382,1.52561
nist-docx-0014,5,57,6138,2262,2.71353
nist-docx-0014,5,58,3806,2193,1.73552
nist-docx-0014,5,59,3860,2289,1.68633
nist-docx-0014,5,60,3755,2487,1.50985
nist-docx-0014,5,61,3736,2220,1.68288
nist-docx-0014,5,62,4302,2354,1.82753
nist-docx-0014,5,63,3964,2421,1.63734
nist-docx-0014,5,64,3836,2413,1.58972
nist-docx-0014,5,65,3646,4550,0.80132
nist-docx-0014,5,66,3883,2329,1.66724
nist-docx-0014,5,67,3615,2274,1.58971
nist-docx-0014,5,68,3669,2247,1.63284
nist-docx-0014,5,69,3750,2257,1.66150
nist-docx-0014,5,70,3795,2497,1.51982
nist-docx-0014,5,71,3830,2358,1.62426
nist-docx-0014,5,72,3684,2388,1.54271
nist-docx-0014,5,73,3810,2591,1.47047
nist-docx-0014,5,74,3997,2188,1.82678
nist-docx-0014,5,75,3779,2241,1.68630
nist-docx-0014,5,76,3723,2265,1.64371
nist-docx-0014,5,77,3604,2392,1.50669
nist-docx-0014,5,78,3721,2489,1.49498
nist-docx-0014,5,79,3606,2740,1.31606
nist-docx-0014,5,80,3902,2272,1.71743
nist-docx-0014,5,81,3622,2406,1.50540
nist-docx-0014,5,82,3715,2436,1.52504
nist-docx-0014,5,83,3637,2326,1.56363
nist-docx-0014,5,84,3591,2217,1.61976
nist-docx-0014,5,85,3542,2409,1.47032
nist-docx-0014,5,86,3633,2400,1.51375
nist-docx-0014,5,87,3856,2301,1.67579
nist-docx-0014,5,88,5923,2238,2.64656
nist-docx-0014,5,89,4022,2321,1.73287
nist-docx-0014,5,90,3549,2285,1.55317
nist-docx-0014,5,91,3681,2416,1.52359
nist-docx-0014,5,92,3578,2149,1.66496
nist-docx-0014,5,93,3908,2486,1.57200
nist-docx-0014,5,94,3662,2167,1.68989
nist-docx-0014,5,95,3921,2288,1.71372
nist-docx-0014,5,96,3663,2415,1.51677
nist-docx-0014,5,97,3756,2335,1.60857
nist-docx-0014,5,98,3877,2364,1.64002
nist-docx-0014,5,99,3715,2375,1.56421
nist-docx-0014,5,100,3760,2156,1.74397
nist-epub-0003,5,1,3056,1834,1.66630
nist-epub-0003,5,2,2952,1949,1.51462
nist-epub-0003,5,3,2882,2380,1.21092
nist-epub-0003,5,4,2970,1982,1.49849
nist-epub-0003,5,5,3005,1875,1.60267
nist-epub-0003,5,6,3055,2312,1.32137
nist-epub-0003,5,7,2978,1914,1.55590
nist-epub-0003,5,8,3052,1929,1.58217
nist-epub-0003,5,9,3032,1885,1.60849
nist-epub-0003,5,10,3406,1853,1.83810
nist-epub-0003,5,11,2969,1934,1.53516
nist-epub-0003,5,12,2978,1903,1.56490
nist-epub-0003,5,13,2971,1802,1.64872
nist-epub-0003,5,14,2990,1910,1.56545
nist-epub-0003,5,15,3028,1959,1.54569
nist-epub-0003,5,16,2962,1877,1.57805
nist-epub-0003,5,17,2955,1971,1.49924
nist-epub-0003,5,18,3757,1847,2.03411
nist-epub-0003,5,19,3088,1902,1.62355
nist-epub-0003,5,20,2995,1834,1.63304
nist-epub-0003,5,21,2984,2008,1.48606
nist-epub-0003,5,22,3040,1901,1.59916
nist-epub-0003,5,23,3019,1932,1.56263
nist-epub-0003,5,24,3009,1904,1.58036
nist-epub-0003,5,25,3034,1893,1.60275
nist-epub-0003,5,26,2994,1870,1.60107
nist-epub-0003,5,27,2910,1832,1.58843
nist-epub-0003,5,28,2998,1876,1.59808
nist-epub-0003,5,29,2963,1888,1.56939
nist-epub-0003,5,30,3050,1946,1.56732
nist-epub-0003,5,31,3034,1970,1.54010
nist-epub-0003,5,32,2997,1919,1.56175
nist-epub-0003,5,33,3102,1941,1.59815
nist-epub-0003,5,34,3101,2045,1.51638
nist-epub-0003,5,35,3178,2554,1.24432
nist-epub-0003,5,36,3184,2045,1.55697
nist-epub-0003,5,37,3064,1932,1.58592
nist-epub-0003,5,38,2937,2048,1.43408
nist-epub-0003,5,39,3035,1821,1.66667
nist-epub-0003,5,40,3005,1790,1.67877
nist-epub-0003,5,41,2997,1859,1.61216
nist-epub-0003,5,42,2990,1932,1.54762
nist-epub-0003,5,43,2921,1976,1.47824
nist-epub-0003,5,44,3122,1938,1.61094
nist-epub-0003,5,45,2936,1924,1.52599
nist-epub-0003,5,46,2962,1947,1.52131
nist-epub-0003,5,47,3030,1852,1.63607
nist-epub-0003,5,48,2973,1888,1.57468
nist-epub-0003,5,49,2951,1839,1.60468
nist-epub-0003,5,50,3052,1956,1.56033
nist-epub-0003,5,51,3035,1839,1.65035
nist-epub-0003,5,52,2965,2062,1.43792
nist-epub-0003,5,53,5597,2052,2.72758
nist-epub-0003,5,54,3049,1929,1.58061
nist-epub-0003,5,55,2969,1868,1.58940
nist-epub-0003,5,56,3076,1831,1.67996
nist-epub-0003,5,57,3031,4296,0.70554
nist-epub-0003,5,58,3103,1835,1.69101
nist-epub-0003,5,59,3078,1825,1.68658
nist-epub-0003,5,60,2950,1873,1.57501
nist-epub-0003,5,61,2949,1856,1.58890
nist-epub-0003,5,62,3002,1907,1.57420
nist-epub-0003,5,63,2896,1930,1.50052
nist-epub-0003,5,64,2979,1941,1.53478
nist-epub-0003,5,65,2925,1935,1.51163
nist-epub-0003,5,66,3059,1887,1.62109
nist-epub-0003,5,67,2915,2515,1.15905
nist-epub-0003,5,68,2978,1862,1.59936
nist-epub-0003,5,69,2940,2118,1.38810
nist-epub-0003,5,70,2970,2453,1.21076
nist-epub-0003,5,71,3027,1858,1.62917
nist-epub-0003,5,72,2891,1948,1.48409
nist-epub-0003,5,73,2964,1910,1.55183
nist-epub-0003,5,74,3178,1815,1.75096
nist-epub-0003,5,75,3012,1896,1.58861
nist-epub-0003,5,76,3024,1897,1.59410
nist-epub-0003,5,77,5529,1865,2.96461
nist-epub-0003,5,78,3051,1969,1.54952
nist-epub-0003,5,79,3049,1940,1.57165
nist-epub-0003,5,80,2976,1914,1.55486
nist-epub-0003,5,81,2989,1950,1.53282
nist-epub-0003,5,82,3032,1899,1.59663
nist-epub-0003,5,83,2941,2073,1.41872
nist-epub-0003,5,84,2917,1900,1.53526
nist-epub-0003,5,85,3003,1973,1.52205
nist-epub-0003,5,86,2950,1912,1.54289
nist-epub-0003,5,87,2953,2156,1.36967
nist-epub-0003,5,88,2918,2002,1.45754
nist-epub-0003,5,89,2950,1859,1.58687
nist-epub-0003,5,90,3071,1934,1.58790
nist-epub-0003,5,91,3052,1855,1.64528
nist-epub-0003,5,92,3028,1895,1.59789
nist-epub-0003,5,93,2874,1980,1.45152
nist-epub-0003,5,94,2951,1947,1.51567
nist-epub-0003,5,95,3022,1926,1.56906
nist-epub-0003,5,96,3274,1897,1.72588
nist-epub-0003,5,97,3066,1848,1.65909
nist-epub-0003,5,98,2992,1810,1.65304
nist-epub-0003,5,99,3114,1792,1.73772
nist-epub-0003,5,100,2915,1859,1.56805
nist-epub-0006,5,1,2376,1586,1.49811
nist-epub-0006,5,2,2325,1545,1.50485
nist-epub-0006,5,3,2371,1669,1.42061
nist-epub-0006,5,4,2427,1637,1.48259
nist-epub-0006,5,5,2342,1617,1.44836
nist-epub-0006,5,6,2644,1676,1.57757
nist-epub-0006,5,7,2469,1626,1.51845
nist-epub-0006,5,8,2318,1571,1.47549
nist-epub-0006,5,9,2479,1612,1.53784
nist-epub-0006,5,10,2469,1635,1.51009
nist-epub-0006,5,11,2414,1807,1.33592
nist-epub-0006,5,12,2385,1732,1.37702
nist-epub-0006,5,13,2414,1569,1.53856
nist-epub-0006,5,14,2358,3101,0.76040
nist-epub-0006,5,15,2431,1662,1.46270
nist-epub-0006,5,16,2352,1663,1.41431
nist-epub-0006,5,17,2494,1675,1.48896
nist-epub-0006,5,18,2391,1662,1.43863
nist-epub-0006,5,19,2323,1616,1.43750
nist-epub-0006,5,20,2387,1594,1.49749
nist-epub-0006,5,21,2362,1689,1.39846
nist-epub-0006,5,22,2539,1570,1.61720
nist-epub-0006,5,23,2371,1578,1.50253
nist-epub-0006,5,24,2478,1616,1.53342
nist-epub-0006,5,25,2375,1748,1.35870
nist-epub-0006,5,26,2454,1667,1.47211
nist-epub-0006,5,27,2552,1578,1.61724
nist-epub-0006,5,28,2439,1713,1.42382
nist-epub-0006,5,29,2464,1684,1.46318
nist-epub-0006,5,30,2407,1605,1.49969
nist-epub-0006,5,31,2349,1668,1.40827
nist-epub-0006,5,32,2393,1654,1.44680
nist-epub-0006,5,33,2406,1619,1.48610
nist-epub-0006,5,34,2397,1623,1.47689
nist-epub-0006,5,35,2399,1692,1.41785
nist-epub-0006,5,36,2468,1609,1.53387
nist-epub-0006,5,37,2360,1611,1.46493
nist-epub-0006,5,38,2273,1616,1.40656
nist-epub-0006,5,39,2429,1598,1.52003
nist-epub-0006,5,40,2367,1845,1.28293
nist-epub-0006,5,41,2341,1648,1.42051
nist-epub-0006,5,42,2376,1560,1.52308
nist-epub-0006,5,43,2344,1594,1.47051
nist-epub-0006,5,44,2452,1650,1.48606
nist-epub-0006,5,45,2380,1698,1.40165
nist-epub-0006,5,46,2437,1566,1.55619
nist-epub-0006,5,47,2655,1676,1.58413
nist-epub-0006,5,48,2375,1837,1.29287
nist-epub-0006,5,49,2823,1687,1.67338
nist-epub-0006,5,50,2437,1591,1.53174
nist-epub-0006,5,51,2393,1609,1.48726
nist-epub-0006,5,52,2475,1648,1.50182
nist-epub-0006,5,53,2440,1568,1.55612
nist-epub-0006,5,54,2395,1597,1.49969
nist-epub-0006,5,55,2358,1662,1.41877
nist-epub-0006,5,56,2383,1583,1.50537
nist-epub-0006,5,57,2454,1614,1.52045
nist-epub-0006,5,58,2364,1599,1.47842
nist-epub-0006,5,59,2339,1682,1.39061
nist-epub-0006,5,60,2409,1593,1.51224
nist-epub-0006,5,61,2379,1613,1.47489
nist-epub-0006,5,62,2375,1565,1.51757
nist-epub-0006,5,63,2429,1604,1.51434
nist-epub-0006,5,64,2437,1574,1.54828
nist-epub-0006,5,65,2390,1647,1.45112
nist-epub-0006,5,66,2402,1585,1.51546
nist-epub-0006,5,67,2617,1778,1.47188
nist-epub-0006,5,68,2403,1609,1.49347
nist-epub-0006,5,69,2330,1596,1.45990
nist-epub-0006,5,70,2322,1655,1.40302
nist-epub-0006,5,71,2374,1631,1.45555
nist-epub-0006,5,72,2371,1734,1.36736
nist-epub-0006,5,73,2370,1579,1.50095
nist-epub-0006,5,74,2404,1659,1.44907
nist-epub-0006,5,75,2398,1611,1.48852
nist-epub-0006,5,76,2396,1568,1.52806
nist-epub-0006,5,77,2375,1715,1.38484
nist-epub-0006,5,78,2333,1630,1.43129
nist-epub-0006,5,79,2313,1722,1.34321
nist-epub-0006,5,80,2414,1594,1.51443
nist-epub-0006,5,81,2359,1613,1.46249
nist-epub-0006,5,82,2744,1746,1.57159
nist-epub-0006,5,83,2463,1692,1.45567
nist-epub-0006,5,84,2435,1745,1.39542
nist-epub-0006,5,85,2449,1921,1.27486
nist-epub-0006,5,86,2556,1724,1.48260
nist-epub-0006,5,87,2612,1908,1.36897
nist-epub-0006,5,88,2442,1582,1.54362
nist-epub-0006,5,89,2421,1692,1.43085
nist-epub-0006,5,90,2334,1746,1.33677
nist-epub-0006,5,91,2333,1647,1.41651
nist-epub-0006,5,92,2411,1595,1.51160
nist-epub-0006,5,93,2333,1602,1.45630
nist-epub-0006,5,94,2481,1579,1.57125
nist-epub-0006,5,95,4733,1575,3.00508
nist-epub-0006,5,96,2301,1607,1.43186
nist-epub-0006,5,97,2403,1660,1.44759
nist-epub-0006,5,98,2398,1675,1.43164
nist-epub-0006,5,99,2361,1659,1.42315
nist-epub-0006,5,100,2327,1592,1.46168
nist-epub-0008,5,1,1527,1448,1.05456
nist-epub-0008,5,2,1511,1456,1.03777
nist-epub-0008,5,3,1530,1765,0.86686
nist-epub-0008,5,4,1586,1590,0.99748
nist-epub-0008,5,5,2086,1495,1.39532
nist-epub-0008,5,6,1576,1524,1.03412
nist-epub-0008,5,7,1556,1526,1.01966
nist-epub-0008,5,8,1573,1489,1.05641
nist-epub-0008,5,9,1549,1499,1.03336
nist-epub-0008,5,10,1555,1611,0.96524
nist-epub-0008,5,11,1619,1606,1.00809
nist-epub-0008,5,12,1525,1444,1.05609
nist-epub-0008,5,13,1552,1624,0.95567
nist-epub-0008,5,14,1640,1498,1.09479
nist-epub-0008,5,15,1587,1485,1.06869
nist-epub-0008,5,16,1609,1560,1.03141
nist-epub-0008,5,17,1600,1531,1.04507
nist-epub-0008,5,18,1505,1527,0.98559
nist-epub-0008,5,19,1544,1631,0.94666
nist-epub-0008,5,20,1630,1552,1.05026
nist-epub-0008,5,21,1547,1465,1.05597
nist-epub-0008,5,22,1623,1673,0.97011
nist-epub-0008,5,23,1560,1602,0.97378
nist-epub-0008,5,24,1582,1487,1.06389
nist-epub-0008,5,25,1535,1559,0.98461
nist-epub-0008,5,26,1543,1563,0.98720
nist-epub-0008,5,27,1530,1521,1.00592
nist-epub-0008,5,28,1587,1509,1.05169
nist-epub-0008,5,29,1539,1704,0.90317
nist-epub-0008,5,30,1522,1497,1.01670
nist-epub-0008,5,31,1598,1556,1.02699
nist-epub-0008,5,32,1501,1524,0.98491
nist-epub-0008,5,33,1496,1539,0.97206
nist-epub-0008,5,34,1588,1641,0.96770
nist-epub-0008,5,35,1499,1537,0.97528
nist-epub-0008,5,36,1633,1532,1.06593
nist-epub-0008,5,37,1536,1568,0.97959
nist-epub-0008,5,38,1517,1486,1.02086
nist-epub-0008,5,39,1516,1566,0.96807
nist-epub-0008,5,40,1560,1586,0.98361
nist-epub-0008,5,41,1596,1522,1.04862
nist-epub-0008,5,42,1563,1517,1.03032
nist-epub-0008,5,43,1585,1625,0.97538
nist-epub-0008,5,44,1567,1486,1.05451
nist-epub-0008,5,45,1593,1511,1.05427
nist-epub-0008,5,46,1565,1538,1.01756
nist-epub-0008,5,47,1625,1516,1.07190
nist-epub-0008,5,48,1687,1524,1.10696
nist-epub-0008,5,49,1634,1585,1.03091
nist-epub-0008,5,50,1619,1557,1.03982
nist-epub-0008,5,51,1698,1578,1.07605
nist-epub-0008,5,52,1630,1456,1.11951
nist-epub-0008,5,53,1667,1492,1.11729
nist-epub-0008,5,54,1663,1501,1.10793
nist-epub-0008,5,55,1608,1524,1.05512
nist-epub-0008,5,56,1538,1660,0.92651
nist-epub-0008,5,57,1586,1609,0.98571
nist-epub-0008,5,58,1537,1532,1.00326
nist-epub-0008,5,59,1534,1496,1.02540
nist-epub-0008,5,60,1617,1612,1.00310
nist-epub-0008,5,61,1641,1468,1.11785
nist-epub-0008,5,62,1528,1555,0.98264
nist-epub-0008,5,63,1581,1634,0.96756
nist-epub-0008,5,64,1503,1481,1.01485
nist-epub-0008,5,65,1578,1474,1.07056
nist-epub-0008,5,66,1588,1693,0.93798
nist-epub-0008,5,67,1528,1616,0.94554
nist-epub-0008,5,68,1607,1575,1.02032
nist-epub-0008,5,69,1532,1561,0.98142
nist-epub-0008,5,70,1553,1539,1.00910
nist-epub-0008,5,71,1521,1493,1.01875
nist-epub-0008,5,72,1555,1558,0.99807
nist-epub-0008,5,73,1572,1529,1.02812
nist-epub-0008,5,74,1559,1473,1.05838
nist-epub-0008,5,75,1619,1587,1.02016
nist-epub-0008,5,76,1502,1542,0.97406
nist-epub-0008,5,77,1534,1483,1.03439
nist-epub-0008,5,78,1615,1504,1.07380
nist-epub-0008,5,79,1588,1537,1.03318
nist-epub-0008,5,80,1487,1445,1.02907
nist-epub-0008,5,81,1620,1565,1.03514
nist-epub-0008,5,82,1574,1510,1.04238
nist-epub-0008,5,83,1529,1538,0.99415
nist-epub-0008,5,84,1542,1552,0.99356
nist-epub-0008,5,85,1509,1607,0.93902
nist-epub-0008,5,86,1655,1469,1.12662
nist-epub-0008,5,87,1542,1487,1.03699
nist-epub-0008,5,88,1551,1464,1.05943
nist-epub-0008,5,89,1499,1584,0.94634
nist-epub-0008,5,90,1526,1509,1.01127
nist-epub-0008,5,91,1500,1464,1.02459
nist-epub-0008,5,92,1592,1591,1.00063
nist-epub-0008,5,93,1557,1537,1.01301
nist-epub-0008,5,94,1488,1443,1.03119
nist-epub-0008,5,95,1518,1668,0.91007
nist-epub-0008,5,96,1641,1485,1.10505
nist-epub-0008,5,97,1526,1460,1.04521
nist-epub-0008,5,98,1511,1501,1.00666
nist-epub-0008,5,99,1660,1503,1.10446
nist-epub-0008,5,100,1526,1482,1.02969
nist-epub-0009,5,1,5848,2430,2.40658
nist-epub-0009,5,2,6464,2447,2.64160
nist-epub-0009,5,3,5789,2439,2.37351
nist-epub-0009,5,4,5606,2601,2.15532
nist-epub-0009,5,5,5592,2460,2.27317
nist-epub-0009,5,6,5895,2672,2.20621
nist-epub-0009,5,7,5907,2805,2.10588
nist-epub-0009,5,8,5578,2653,2.10253
nist-epub-0009,5,9,5814,2455,2.36823
nist-epub-0009,5,10,6284,2536,2.47792
nist-epub-0009,5,11,5693,2439,2.33415
nist-epub-0009,5,12,5731,3242,1.76774
nist-epub-0009,5,13,5693,2993,1.90210
nist-epub-0009,5,14,5882,2656,2.21461
nist-epub-0009,5,15,6195,2557,2.42276
nist-epub-0009,5,16,6208,2538,2.44602
nist-epub-0009,5,17,5894,2511,2.34727
nist-epub-0009,5,18,5561,3255,1.70845
nist-epub-0009,5,19,5736,2772,2.06926
nist-epub-0009,5,20,5814,2817,2.06390
nist-epub-0009,5,21,6243,2541,2.45691
nist-epub-0009,5,22,6297,2491,2.52790
nist-epub-0009,5,23,6043,2671,2.26245
nist-epub-0009,5,24,5904,3081,1.91626
nist-epub-0009,5,25,5774,3112,1.85540
nist-epub-0009,5,26,5734,2874,1.99513
nist-epub-0009,5,27,6476,2523,2.56679
nist-epub-0009,5,28,6213,2532,2.45379
nist-epub-0009,5,29,5801,2701,2.14772
nist-epub-0009,5,30,5984,2695,2.22041
nist-epub-0009,5,31,5798,2615,2.21721
nist-epub-0009,5,32,5621,3310,1.69819
nist-epub-0009,5,33,5737,2717,2.11152
nist-epub-0009,5,34,5767,2535,2.27495
nist-epub-0009,5,35,5956,2735,2.17770
nist-epub-0009,5,36,5747,2709,2.12145
nist-epub-0009,5,37,5547,2787,1.99031
nist-epub-0009,5,38,5625,2438,2.30722
nist-epub-0009,5,39,6095,2640,2.30871
nist-epub-0009,5,40,6177,2745,2.25027
nist-epub-0009,5,41,5617,2469,2.27501
nist-epub-0009,5,42,5704,2748,2.07569
nist-epub-0009,5,43,5763,2953,1.95157
nist-epub-0009,5,44,5608,2667,2.10274
nist-epub-0009,5,45,5934,2479,2.39371
nist-epub-0009,5,46,6035,2623,2.30080
nist-epub-0009,5,47,5991,2417,2.47869
nist-epub-0009,5,48,5748,2926,1.96446
nist-epub-0009,5,49,5727,2687,2.13137
nist-epub-0009,5,50,5644,2708,2.08419
nist-epub-0009,5,51,6345,2597,2.44320
nist-epub-0009,5,52,6967,2763,2.52153
nist-epub-0009,5,53,5700,3033,1.87933
nist-epub-0009,5,54,5726,2839,2.01691
nist-epub-0009,5,55,5767,2527,2.28215
nist-epub-0009,5,56,5625,2752,2.04397
nist-epub-0009,5,57,5839,2487,2.34781
nist-epub-0009,5,58,6165,2716,2.26988
nist-epub-0009,5,59,5582,2662,2.09692
nist-epub-0009,5,60,5749,2800,2.05321
nist-epub-0009,5,61,5877,3036,1.93577
nist-epub-0009,5,62,5927,2579,2.29818
nist-epub-0009,5,63,5867,2710,2.16494
nist-epub-0009,5,64,5641,2778,2.03060
nist-epub-0009,5,65,5819,2716,2.14249
nist-epub-0009,5,66,5863,2760,2.12428
nist-epub-0009,5,67,5817,2751,2.11450
nist-epub-0009,5,68,5740,2476,2.31826
nist-epub-0009,5,69,5907,2545,2.32102
nist-epub-0009,5,70,5985,2645,2.26276
nist-epub-0009,5,71,5732,2685,2.13482
nist-epub-0009,5,72,5809,2825,2.05628
nist-epub-0009,5,73,5710,2527,2.25960
nist-epub-0009,5,74,5725,2456,2.33103
nist-epub-0009,5,75,5853,2683,2.18151
nist-epub-0009,5,76,5850,2622,2.23112
nist-epub-0009,5,77,5825,2678,2.17513
nist-epub-0009,5,78,5918,3244,1.82429
nist-epub-0009,5,79,6565,2603,2.52209
nist-epub-0009,5,80,5833,2883,2.02324
nist-epub-0009,5,81,5909,2816,2.09837
nist-epub-0009,5,82,5811,2771,2.09708
nist-epub-0009,5,83,5620,2592,2.16821
nist-epub-0009,5,84,5637,2975,1.89479
nist-epub-0009,5,85,5594,2701,2.07108
nist-epub-0009,5,86,5844,2650,2.20528
nist-epub-0009,5,87,6010,2682,2.24087
nist-epub-0009,5,88,5981,2459,2.43229
nist-epub-0009,5,89,5824,2450,2.37714
nist-epub-0009,5,90,6043,2830,2.13534
nist-epub-0009,5,91,5897,2898,2.03485
nist-epub-0009,5,92,5877,2602,2.25865
nist-epub-0009,5,93,5719,2483,2.30326
nist-epub-0009,5,94,6154,2723,2.26001
nist-epub-0009,5,95,6048,2737,2.20972
nist-epub-0009,5,96,5849,2866,2.04082
nist-epub-0009,5,97,5689,2968,1.91678
nist-epub-0009,5,98,5870,2543,2.30830
nist-epub-0009,5,99,6169,2571,2.39946
nist-epub-0009,5,100,6045,2583,2.34030
nist-pdf-0002,5,1,1368,1527,0.89587
nist-pdf-0002,5,2,1334,1355,0.98450
nist-pdf-0002,5,3,1425,1380,1.03261
nist-pdf-0002,5,4,1364,1475,0.92475
nist-pdf-0002,5,5,1337,1455,0.91890
nist-pdf-0002,5,6,1429,1464,0.97609
nist-pdf-0002,5,7,1398,1559,0.89673
nist-pdf-0002,5,8,1381,1539,0.89734
nist-pdf-0002,5,9,1376,1445,0.95225
nist-pdf-0002,5,10,1327,1468,0.90395
nist-pdf-0002,5,11,1359,1562,0.87004
nist-pdf-0002,5,12,1368,1489,0.91874
nist-pdf-0002,5,13,1380,1456,0.94780
nist-pdf-0002,5,14,1445,1379,1.04786
nist-pdf-0002,5,15,1292,1509,0.85620
nist-pdf-0002,5,16,1336,1538,0.86866
nist-pdf-0002,5,17,1564,1510,1.03576
nist-pdf-0002,5,18,1405,1404,1.00071
nist-pdf-0002,5,19,1347,1490,0.90403
nist-pdf-0002,5,20,1388,1410,0.98440
nist-pdf-0002,5,21,1357,1395,0.97276
nist-pdf-0002,5,22,1355,1394,0.97202
nist-pdf-0002,5,23,1387,1459,0.95065
nist-pdf-0002,5,24,1450,1416,1.02401
nist-pdf-0002,5,25,1346,1494,0.90094
nist-pdf-0002,5,26,1412,1451,0.97312
nist-pdf-0002,5,27,1300,1658,0.78408
nist-pdf-0002,5,28,1366,1505,0.90764
nist-pdf-0002,5,29,1359,1449,0.93789
nist-pdf-0002,5,30,1362,1440,0.94583
nist-pdf-0002,5,31,1337,1448,0.92334
nist-pdf-0002,5,32,1342,1889,0.71043
nist-pdf-0002,5,33,1349,1474,0.91520
nist-pdf-0002,5,34,1366,1447,0.94402
nist-pdf-0002,5,35,1370,1423,0.96275
nist-pdf-0002,5,36,1305,1474,0.88535
nist-pdf-0002,5,37,1382,1429,0.96711
nist-pdf-0002,5,38,1345,1378,0.97605
nist-pdf-0002,5,39,1373,1450,0.94690
nist-pdf-0002,5,40,1408,1442,0.97642
nist-pdf-0002,5,41,1430,1413,1.01203
nist-pdf-0002,5,42,1343,1430,0.93916
nist-pdf-0002,5,43,1593,1443,1.10395
nist-pdf-0002,5,44,1375,1437,0.95685
nist-pdf-0002,5,45,1338,1352,0.98964
nist-pdf-0002,5,46,1420,1412,1.00567
nist-pdf-0002,5,47,1492,1397,1.06800
nist-pdf-0002,5,48,1278,1449,0.88199
nist-pdf-0002,5,49,1307,1380,0.94710
nist-pdf-0002,5,50,1365,1399,0.97570
nist-pdf-0002,5,51,1311,1491,0.87928
nist-pdf-0002,5,52,1390,1454,0.95598
nist-pdf-0002,5,53,1368,1460,0.93699
nist-pdf-0002,5,54,1653,1545,1.06990
nist-pdf-0002,5,55,1363,1493,0.91293
nist-pdf-0002,5,56,1387,1415,0.98021
nist-pdf-0002,5,57,1381,1455,0.94914
nist-pdf-0002,5,58,1336,1890,0.70688
nist-pdf-0002,5,59,1357,1392,0.97486
nist-pdf-0002,5,60,1344,1383,0.97180
nist-pdf-0002,5,61,1309,1778,0.73622
nist-pdf-0002,5,62,1392,1473,0.94501
nist-pdf-0002,5,63,1361,1369,0.99416
nist-pdf-0002,5,64,1341,1442,0.92996
nist-pdf-0002,5,65,1329,1523,0.87262
nist-pdf-0002,5,66,1347,1585,0.84984
nist-pdf-0002,5,67,1358,1418,0.95769
nist-pdf-0002,5,68,1393,1417,0.98306
nist-pdf-0002,5,69,1318,1426,0.92426
nist-pdf-0002,5,70,1373,1413,0.97169
nist-pdf-0002,5,71,1328,1446,0.91840
nist-pdf-0002,5,72,1282,1370,0.93577
nist-pdf-0002,5,73,1289,1684,0.76544
nist-pdf-0002,5,74,1359,1491,0.91147
nist-pdf-0002,5,75,1357,1393,0.97416
nist-pdf-0002,5,76,1330,1607,0.82763
nist-pdf-0002,5,77,1432,1512,0.94709
nist-pdf-0002,5,78,1435,1571,0.91343
nist-pdf-0002,5,79,1380,1549,0.89090
nist-pdf-0002,5,80,1457,1522,0.95729
nist-pdf-0002,5,81,1458,1715,0.85015
nist-pdf-0002,5,82,1393,1527,0.91225
nist-pdf-0002,5,83,1432,1478,0.96888
nist-pdf-0002,5,84,1915,1558,1.22914
nist-pdf-0002,5,85,1354,1466,0.92360
nist-pdf-0002,5,86,1329,1457,0.91215
nist-pdf-0002,5,87,1389,1386,1.00216
nist-pdf-0002,5,88,1447,1501,0.96402
nist-pdf-0002,5,89,1367,1711,0.79895
nist-pdf-0002,5,90,1354,1459,0.92803
nist-pdf-0002,5,91,1422,1452,0.97934
nist-pdf-0002,5,92,1441,1459,0.98766
nist-pdf-0002,5,93,1405,1459,0.96299
nist-pdf-0002,5,94,1345,1493,0.90087
nist-pdf-0002,5,95,1284,1437,0.89353
nist-pdf-0002,5,96,1324,1592,0.83166
nist-pdf-0002,5,97,1461,1383,1.05640
nist-pdf-0002,5,98,1392,1481,0.93991
nist-pdf-0002,5,99,1403,1454,0.96492
nist-pdf-0002,5,100,1341,1516,0.88456
nist-pdf-0004,5,1,3004,1921,1.56377
nist-pdf-0004,5,2,3179,1970,1.61371
nist-pdf-0004,5,3,3140,1910,1.64398
nist-pdf-0004,5,4,3274,2538,1.28999
nist-pdf-0004,5,5,3151,1911,1.64887
nist-pdf-0004,5,6,3005,1795,1.67409
nist-pdf-0004,5,7,2978,2673,1.11410
nist-pdf-0004,5,8,3002,1997,1.50325
nist-pdf-0004,5,9,2948,1977,1.49115
nist-pdf-0004,5,10,2970,2046,1.45161
nist-pdf-0004,5,11,2959,1982,1.49294
nist-pdf-0004,5,12,3058,1954,1.56499
nist-pdf-0004,5,13,3225,2151,1.49930
nist-pdf-0004,5,14,2952,1905,1.54961
nist-pdf-0004,5,15,3217,2111,1.52392
nist-pdf-0004,5,16,3047,1902,1.60200
nist-pdf-0004,5,17,3061,1948,1.57136
nist-pdf-0004,5,18,2958,1851,1.59806
nist-pdf-0004,5,19,3186,1931,1.64992
nist-pdf-0004,5,20,3005,2236,1.34392
nist-pdf-0004,5,21,3018,1908,1.58176
nist-pdf-0004,5,22,3802,1952,1.94775
nist-pdf-0004,5,23,3160,1987,1.59034
nist-pdf-0004,5,24,2944,1869,1.57517
nist-pdf-0004,5,25,3102,1941,1.59815
nist-pdf-0004,5,26,3047,2007,1.51819
nist-pdf-0004,5,27,2968,1938,1.53148
nist-pdf-0004,5,28,2954,2027,1.45733
nist-pdf-0004,5,29,3023,2078,1.45476
nist-pdf-0004,5,30,3104,2020,1.53663
nist-pdf-0004,5,31,3065,1940,1.57990
nist-pdf-0004,5,32,3161,1949,1.62186
nist-pdf-0004,5,33,3073,2031,1.51305
nist-pdf-0004,5,34,2909,1928,1.50882
nist-pdf-0004,5,35,3212,1999,1.60680
nist-pdf-0004,5,36,2975,2073,1.43512
nist-pdf-0004,5,37,2973,2063,1.44111
nist-pdf-0004,5,38,2998,2462,1.21771
nist-pdf-0004,5,39,3139,1900,1.65211
nist-pdf-0004,5,40,3170,2184,1.45147
nist-pdf-0004,5,41,3194,2157,1.48076
nist-pdf-0004,5,42,3600,1934,1.86143
nist-pdf-0004,5,43,3150,2169,1.45228
nist-pdf-0004,5,44,2947,1974,1.49291
nist-pdf-0004,5,45,3135,1877,1.67022
nist-pdf-0004,5,46,3016,2049,1.47194
nist-pdf-0004,5,47,3007,2772,1.08478
nist-pdf-0004,5,48,2968,2040,1.45490
nist-pdf-0004,5,49,3005,1893,1.58743
nist-pdf-0004,5,50,2924,2530,1.15573
nist-pdf-0004,5,51,3107,1882,1.65090
nist-pdf-0004,5,52,3195,1910,1.67277
nist-pdf-0004,5,53,3156,2093,1.50788
nist-pdf-0004,5,54,2979,1931,1.54272
nist-pdf-0004,5,55,2964,1890,1.56825
nist-pdf-0004,5,56,2982,1879,1.58701
nist-pdf-0004,5,57,2974,2444,1.21686
nist-pdf-0004,5,58,3082,1874,1.64461
nist-pdf-0004,5,59,3022,1852,1.63175
nist-pdf-0004,5,60,3169,2356,1.34508
nist-pdf-0004,5,61,3178,1879,1.69133
nist-pdf-0004,5,62,3070,1994,1.53962
nist-pdf-0004,5,63,3150,1861,1.69264
nist-pdf-0004,5,64,2975,1873,1.58836
nist-pdf-0004,5,65,3143,1990,1.57940
nist-pdf-0004,5,66,3085,2085,1.47962
nist-pdf-0004,5,67,3055,2664,1.14677
nist-pdf-0004,5,68,2915,2093,1.39274
nist-pdf-0004,5,69,2947,1832,1.60862
nist-pdf-0004,5,70,2965,2015,1.47146
nist-pdf-0004,5,71,3150,2011,1.56638
nist-pdf-0004,5,72,2993,1798,1.66463
nist-pdf-0004,5,73,2916,1929,1.51166
nist-pdf-0004,5,74,2987,1973,1.51394
nist-pdf-0004,5,75,2996,2274,1.31750
nist-pdf-0004,5,76,3178,1914,1.66040
nist-pdf-0004,5,77,3036,1900,1.59789
nist-pdf-0004,5,78,3025,2023,1.49530
nist-pdf-0004,5,79,3030,2051,1.47733
nist-pdf-0004,5,80,3047,2171,1.40350
nist-pdf-0004,5,81,3123,1966,1.58850
nist-pdf-0004,5,82,3030,2047,1.48021
nist-pdf-0004,5,83,3107,2071,1.50024
nist-pdf-0004,5,84,2958,2056,1.43872
nist-pdf-0004,5,85,3143,2007,1.56602
nist-pdf-0004,5,86,2987,1960,1.52398
nist-pdf-0004,5,87,3103,2192,1.41560
nist-pdf-0004,5,88,3427,2070,1.65556
nist-pdf-0004,5,89,3020,1854,1.62891
nist-pdf-0004,5,90,3034,1892,1.60359
nist-pdf-0004,5,91,3137,1884,1.66507
nist-pdf-0004,5,92,3013,1993,1.51179
nist-pdf-0004,5,93,3041,2022,1.50396
nist-pdf-0004,5,94,2912,2008,1.45020
nist-pdf-0004,5,95,2940,2075,1.41687
nist-pdf-0004,5,96,2966,1992,1.48896
nist-pdf-0004,5,97,2942,2117,1.38970
nist-pdf-0004,5,98,3056,2068,1.47776
nist-pdf-0004,5,99,2958,1943,1.52239
nist-pdf-0004,5,100,3103,2138,1.45136
nist-pdf-0016,5,1,1391,1615,0.86130
nist-pdf-0016,5,2,1608,1495,1.07559
nist-pdf-0016,5,3,1842,1539,1.19688
nist-pdf-0016,5,4,1393,1429,0.97481
nist-pdf-0016,5,5,1424,1383,1.02965
nist-pdf-0016,5,6,1503,1460,1.02945
nist-pdf-0016,5,7,1395,1448,0.96340
nist-pdf-0016,5,8,1479,1538,0.96164
nist-pdf-0016,5,9,1469,1449,1.01380
nist-pdf-0016,5,10,1550,1434,1.08089
nist-pdf-0016,5,11,1480,1625,0.91077
nist-pdf-0016,5,12,1443,1435,1.00557
nist-pdf-0016,5,13,2069,1469,1.40844
nist-pdf-0016,5,14,1429,1538,0.92913
nist-pdf-0016,5,15,1411,1521,0.92768
nist-pdf-0016,5,16,1455,1512,0.96230
nist-pdf-0016,5,17,1375,1508,0.91180
nist-pdf-0016,5,18,1481,1489,0.99463
nist-pdf-0016,5,19,1437,1421,1.01126
nist-pdf-0016,5,20,1539,1426,1.07924
nist-pdf-0016,5,21,1742,1729,1.00752
nist-pdf-0016,5,22,1404,1578,0.88973
nist-pdf-0016,5,23,1546,1563,0.98912
nist-pdf-0016,5,24,1687,1554,1.08559
nist-pdf-0016,5,25,1563,1492,1.04759
nist-pdf-0016,5,26,1555,1541,1.00909
nist-pdf-0016,5,27,1613,1680,0.96012
nist-pdf-0016,5,28,1523,1450,1.05034
nist-pdf-0016,5,29,1509,1500,1.00600
nist-pdf-0016,5,30,1503,1496,1.00468
nist-pdf-0016,5,31,1480,1554,0.95238
nist-pdf-0016,5,32,1517,1664,0.91166
nist-pdf-0016,5,33,1450,1461,0.99247
nist-pdf-0016,5,34,1453,1471,0.98776
nist-pdf-0016,5,35,1456,1457,0.99931
nist-pdf-0016,5,36,1455,1761,0.82624
nist-pdf-0016,5,37,1526,1415,1.07845
nist-pdf-0016,5,38,1525,1603,0.95134
nist-pdf-0016,5,39,1528,1486,1.02826
nist-pdf-0016,5,40,1467,1470,0.99796
nist-pdf-0016,5,41,1462,1439,1.01598
nist-pdf-0016,5,42,1497,1767,0.84720
nist-pdf-0016,5,43,1700,1479,1.14943
nist-pdf-0016,5,44,1484,1432,1.03631
nist-pdf-0016,5,45,1480,1632,0.90686
nist-pdf-0016,5,46,1463,1562,0.93662
nist-pdf-0016,5,47,1902,1612,1.17990
nist-pdf-0016,5,48,1483,1429,1.03779
nist-pdf-0016,5,49,1520,1581,0.96142
nist-pdf-0016,5,50,1495,1539,0.97141
nist-pdf-0016,5,51,1493,1406,1.06188
nist-pdf-0016,5,52,1535,1393,1.10194
nist-pdf-0016,5,53,1454,1539,0.94477
nist-pdf-0016,5,54,1550,1429,1.08467
nist-pdf-0016,5,55,1458,1424,1.02388
nist-pdf-0016,5,56,1389,1470,0.94490
nist-pdf-0016,5,57,1465,1574,0.93075
nist-pdf-0016,5,58,1491,1492,0.99933
nist-pdf-0016,5,59,1429,1460,0.97877
nist-pdf-0016,5,60,1499,1462,1.02531
nist-pdf-0016,5,61,1519,1496,1.01537
nist-pdf-0016,5,62,1427,1553,0.91887
nist-pdf-0016,5,63,1420,1417,1.00212
nist-pdf-0016,5,64,1560,1447,1.07809
nist-pdf-0016,5,65,1449,1431,1.01258
nist-pdf-0016,5,66,1438,1501,0.95803
nist-pdf-0016,5,67,1496,1563,0.95713
nist-pdf-0016,5,68,1515,1558,0.97240
nist-pdf-0016,5,69,1442,1479,0.97498
nist-pdf-0016,5,70,1415,1542,0.91764
nist-pdf-0016,5,71,1507,1643,0.91722
nist-pdf-0016,5,72,1435,1658,0.86550
nist-pdf-0016,5,73,1405,1446,0.97165
nist-pdf-0016,5,74,1451,1443,1.00554
nist-pdf-0016,5,75,1507,1493,1.00938
nist-pdf-0016,5,76,1341,1442,0.92996
nist-pdf-0016,5,77,1453,1478,0.98309
nist-pdf-0016,5,78,1480,1506,0.98274
nist-pdf-0016,5,79,1574,1538,1.02341
nist-pdf-0016,5,80,1417,1453,0.97522
nist-pdf-0016,5,81,1390,1432,0.97067
nist-pdf-0016,5,82,1545,1560,0.99038
nist-pdf-0016,5,83,1516,1459,1.03907
nist-pdf-0016,5,84,1469,1460,1.00616
nist-pdf-0016,5,85,1421,1532,0.92755
nist-pdf-0016,5,86,1506,1697,0.88745
nist-pdf-0016,5,87,1389,1417,0.98024
nist-pdf-0016,5,88,1481,1425,1.03930
nist-pdf-0016,5,89,1437,1551,0.92650
nist-pdf-0016,5,90,1666,1479,1.12644
nist-pdf-0016,5,91,1481,1457,1.01647
nist-pdf-0016,5,92,1414,1454,0.97249
nist-pdf-0016,5,93,1490,1817,0.82003
nist-pdf-0016,5,94,1453,1476,0.98442
nist-pdf-0016,5,95,1477,1502,0.98336
nist-pdf-0016,5,96,1468,1441,1.01874
nist-pdf-0016,5,97,1556,1549,1.00452
nist-pdf-0016,5,98,1485,1487,0.99866
nist-pdf-0016,5,99,1450,1522,0.95269
nist-pdf-0016,5,100,1560,1504,1.03723
nist-pdf-0017,5,1,3762,1968,1.91159
nist-pdf-0017,5,2,4548,2125,2.14024
nist-pdf-0017,5,3,3946,2033,1.94097
nist-pdf-0017,5,4,3826,2250,1.70044
nist-pdf-0017,5,5,3838,2081,1.84431
nist-pdf-0017,5,6,3880,2018,1.92270
nist-pdf-0017,5,7,3988,2206,1.80780
nist-pdf-0017,5,8,3677,2149,1.71103
nist-pdf-0017,5,9,3878,2143,1.80961
nist-pdf-0017,5,10,3826,2159,1.77212
nist-pdf-0017,5,11,3984,2385,1.67044
nist-pdf-0017,5,12,3745,2326,1.61006
nist-pdf-0017,5,13,3873,2358,1.64249
nist-pdf-0017,5,14,3788,2127,1.78091
nist-pdf-0017,5,15,3712,2399,1.54731
nist-pdf-0017,5,16,3897,2058,1.89359
nist-pdf-0017,5,17,3715,2666,1.39347
nist-pdf-0017,5,18,3860,2281,1.69224
nist-pdf-0017,5,19,3784,2047,1.84856
nist-pdf-0017,5,20,3934,2383,1.65086
nist-pdf-0017,5,21,3650,2280,1.60088
nist-pdf-0017,5,22,3718,2222,1.67327
nist-pdf-0017,5,23,3879,2053,1.88943
nist-pdf-0017,5,24,3862,2338,1.65184
nist-pdf-0017,5,25,3869,2034,1.90216
nist-pdf-0017,5,26,4125,2018,2.04410
nist-pdf-0017,5,27,4105,2231,1.83998
nist-pdf-0017,5,28,3921,2188,1.79205
nist-pdf-0017,5,29,3895,2503,1.55613
nist-pdf-0017,5,30,3771,2012,1.87425
nist-pdf-0017,5,31,3866,2153,1.79563
nist-pdf-0017,5,32,3838,2232,1.71953
nist-pdf-0017,5,33,3826,2272,1.68398
nist-pdf-0017,5,34,3733,2122,1.75919
nist-pdf-0017,5,35,3835,2514,1.52546
nist-pdf-0017,5,36,4029,2286,1.76247
nist-pdf-0017,5,37,3927,2458,1.59764
nist-pdf-0017,5,38,3783,2323,1.62850
nist-pdf-0017,5,39,4877,2241,2.17626
nist-pdf-0017,5,40,3792,2084,1.81958
nist-pdf-0017,5,41,3976,2796,1.42203
nist-pdf-0017,5,42,3782,2229,1.69672
nist-pdf-0017,5,43,3758,2370,1.58565
nist-pdf-0017,5,44,3812,2064,1.84690
nist-pdf-0017,5,45,3755,4807,0.78115
nist-pdf-0017,5,46,3904,2388,1.63484
nist-pdf-0017,5,47,3896,2560,1.52188
nist-pdf-0017,5,48,3696,2530,1.46087
nist-pdf-0017,5,49,3739,2036,1.83644
nist-pdf-0017,5,50,3697,2350,1.57319
nist-pdf-0017,5,51,3676,2283,1.61016
nist-pdf-0017,5,52,3946,2251,1.75300
nist-pdf-0017,5,53,3907,2405,1.62453
nist-pdf-0017,5,54,3983,2863,1.39120
nist-pdf-0017,5,55,3932,2367,1.66117
nist-pdf-0017,5,56,4053,2339,1.73279
nist-pdf-0017,5,57,3828,2307,1.65930
nist-pdf-0017,5,58,4286,2617,1.63775
nist-pdf-0017,5,59,3853,2450,1.57265
nist-pdf-0017,5,60,3956,1997,1.98097
nist-pdf-0017,5,61,4039,2354,1.71580
nist-pdf-0017,5,62,3909,2364,1.65355
nist-pdf-0017,5,63,3814,2061,1.85056
nist-pdf-0017,5,64,3969,2957,1.34224
nist-pdf-0017,5,65,3775,2176,1.73483
nist-pdf-0017,5,66,3802,2262,1.68081
nist-pdf-0017,5,67,4095,2322,1.76357
nist-pdf-0017,5,68,3729,2610,1.42874
nist-pdf-0017,5,69,3985,2068,1.92698
nist-pdf-0017,5,70,3780,2195,1.72210
nist-pdf-0017,5,71,3776,2120,1.78113
nist-pdf-0017,5,72,3942,2088,1.88793
nist-pdf-0017,5,73,4179,2115,1.97589
nist-pdf-0017,5,74,3878,2334,1.66153
nist-pdf-0017,5,75,3849,2364,1.62817
nist-pdf-0017,5,76,3721,2266,1.64210
nist-pdf-0017,5,77,3875,2177,1.77997
nist-pdf-0017,5,78,3701,2218,1.66862
nist-pdf-0017,5,79,3831,2447,1.56559
nist-pdf-0017,5,80,3873,2467,1.56992
nist-pdf-0017,5,81,3714,2358,1.57506
nist-pdf-0017,5,82,6391,2301,2.77749
nist-pdf-0017,5,83,3822,2129,1.79521
nist-pdf-0017,5,84,3802,2281,1.66681
nist-pdf-0017,5,85,4206,2281,1.84393
nist-pdf-0017,5,86,3881,2363,1.64240
nist-pdf-0017,5,87,3698,2139,1.72885
nist-pdf-0017,5,88,3924,2262,1.73475
nist-pdf-0017,5,89,3848,2317,1.66077
nist-pdf-0017,5,90,3940,2111,1.86641
nist-pdf-0017,5,91,3840,2189,1.75423
nist-pdf-0017,5,92,3888,2044,1.90215
nist-pdf-0017,5,93,3770,2161,1.74456
nist-pdf-0017,5,94,3941,2239,1.76016
nist-pdf-0017,5,95,3936,2095,1.87876
nist-pdf-0017,5,96,3900,1981,1.96870
nist-pdf-0017,5,97,4159,2098,1.98236
nist-pdf-0017,5,98,3957,2204,1.79537
nist-pdf-0017,5,99,4201,2159,1.94581
nist-pdf-0017,5,100,6112,2319,2.63562
